epoch,method,stage,selected,rejected,human
1,deepsight,deepsight_ensemble_cluster,"[1, 10, 51, 26, 32, 3, 71, 38, 50, 6]",[],"{""cosine_cluster"": [-1, -1, -1, -1, -1, -1, -1, -1, -1, -1], ""neup_cluster"": [-1, -1, -1, -1, -1, -1, -1, -1, -1, -1], ""ddif_cluster"": [-1, -1, -1, -1, -1, -1, -1, -1, -1, -1], ""ensemble_cluster"": [-1, -1, -1, -1, -1, -1, -1, -1, -1, -1]}"
1,deepsight,deepsight_final_filter,"[1, 10, 51, 26, 32, 3, 71, 38, 50, 6]",[],"{""n_exceeds"": [1, 3, 3, 11, 25, 1, 1, 31, 21, 12], ""classification_boundary"": 3.5, ""identified_mals"": [1, 1, 1, 0, 0, 1, 1, 0, 0, 0], ""clusters"": [-1, -1, -1, -1, -1, -1, -1, -1, -1, -1], ""deleted_cluster_ids"": [-1]}"
2,deepsight,deepsight_ensemble_cluster,"[0, 61, 21, 96, 51, 20, 66, 99, 2, 31]",[],"{""cosine_cluster"": [-1, -1, -1, -1, -1, -1, -1, -1, -1, -1], ""neup_cluster"": [-1, -1, -1, -1, -1, -1, -1, -1, -1, -1], ""ddif_cluster"": [-1, -1, -1, -1, -1, -1, -1, -1, -1, -1], ""ensemble_cluster"": [-1, -1, -1, -1, -1, -1, -1, -1, -1, -1]}"
2,deepsight,deepsight_final_filter,"[0, 61, 21, 96, 51, 20, 66, 99, 2, 31]",[],"{""n_exceeds"": [1, 11, 18, 12, 5, 3, 21, 7, 1, 20], ""classification_boundary"": 4.5, ""identified_mals"": [1, 0, 0, 0, 0, 1, 0, 0, 1, 0], ""clusters"": [-1, -1, -1, -1, -1, -1, -1, -1, -1, -1], ""deleted_cluster_ids"": []}"
3,deepsight,deepsight_ensemble_cluster,"[1, 90, 52, 40, 78, 7, 66, 37, 86, 64]",[],"{""cosine_cluster"": [-1, -1, -1, -1, -1, -1, -1, -1, -1, -1], ""neup_cluster"": [-1, -1, -1, -1, -1, -1, -1, -1, -1, -1], ""ddif_cluster"": [-1, -1, -1, -1, -1, -1, -1, -1, -1, -1], ""ensemble_cluster"": [-1, -1, -1, -1, -1, -1, -1, -1, -1, -1]}"
3,deepsight,deepsight_final_filter,"[1, 90, 52, 40, 78, 7, 66, 37, 86, 64]",[],"{""n_exceeds"": [1, 12, 11, 9, 17, 9, 9, 21, 13, 17], ""classification_boundary"": 5.75, ""identified_mals"": [1, 0, 0, 0, 0, 0, 0, 0, 0, 0], ""clusters"": [-1, -1, -1, -1, -1, -1, -1, -1, -1, -1], ""deleted_cluster_ids"": []}"
4,deepsight,deepsight_ensemble_cluster,"[2, 74, 11, 81, 12, 56, 31, 33, 84, 91]",[],"{""cosine_cluster"": [-1, -1, -1, -1, -1, -1, -1, -1, -1, -1], ""neup_cluster"": [-1, -1, -1, -1, -1, -1, -1, -1, -1, -1], ""ddif_cluster"": [-1, -1, -1, -1, -1, -1, -1, -1, -1, -1], ""ensemble_cluster"": [-1, -1, -1, -1, -1, -1, -1, -1, -1, -1]}"
4,deepsight,deepsight_final_filter,"[2, 74, 11, 81, 12, 56, 31, 33, 84, 91]",[],"{""n_exceeds"": [1, 15, 10, 12, 5, 20, 11, 1, 5, 5], ""classification_boundary"": 3.75, ""identified_mals"": [1, 0, 0, 0, 0, 0, 0, 1, 0, 0], ""clusters"": [-1, -1, -1, -1, -1, -1, -1, -1, -1, -1], ""deleted_cluster_ids"": []}"
5,deepsight,deepsight_ensemble_cluster,"[1, 88, 5, 30, 13, 8, 92, 89, 50, 53]",[],"{""cosine_cluster"": [-1, -1, -1, -1, -1, -1, -1, -1, -1, -1], ""neup_cluster"": [-1, -1, -1, -1, -1, -1, -1, -1, -1, -1], ""ddif_cluster"": [-1, -1, -1, -1, -1, -1, -1, -1, -1, -1], ""ensemble_cluster"": [-1, -1, -1, -1, -1, -1, -1, -1, -1, -1]}"
5,deepsight,deepsight_final_filter,"[1, 88, 5, 30, 13, 8, 92, 89, 50, 53]",[],"{""n_exceeds"": [1, 6, 13, 16, 7, 14, 11, 11, 15, 25], ""classification_boundary"": 6.0, ""identified_mals"": [1, 1, 0, 0, 0, 0, 0, 0, 0, 0], ""clusters"": [-1, -1, -1, -1, -1, -1, -1, -1, -1, -1], ""deleted_cluster_ids"": []}"
6,deepsight,deepsight_ensemble_cluster,"[1, 99, 49, 56, 23, 97, 19, 68, 36, 47]",[],"{""cosine_cluster"": [-1, -1, -1, -1, -1, -1, -1, -1, -1, -1], ""neup_cluster"": [-1, -1, -1, -1, -1, -1, -1, -1, -1, -1], ""ddif_cluster"": [-1, -1, -1, -1, -1, -1, -1, -1, -1, -1], ""ensemble_cluster"": [-1, -1, -1, -1, -1, -1, -1, -1, -1, -1]}"
6,deepsight,deepsight_final_filter,"[1, 99, 49, 56, 23, 97, 19, 68, 36, 47]",[],"{""n_exceeds"": [1, 8, 16, 21, 9, 12, 15, 4, 21, 12], ""classification_boundary"": 6.0, ""identified_mals"": [1, 0, 0, 0, 0, 0, 0, 1, 0, 0], ""clusters"": [-1, -1, -1, -1, -1, -1, -1, -1, -1, -1], ""deleted_cluster_ids"": []}"
7,deepsight,deepsight_ensemble_cluster,"[2, 40, 10, 38, 97, 0, 69, 82, 43, 59]",[],"{""cosine_cluster"": [-1, -1, -1, -1, -1, -1, -1, -1, -1, -1], ""neup_cluster"": [-1, -1, -1, -1, -1, -1, -1, -1, -1, -1], ""ddif_cluster"": [-1, -1, -1, -1, -1, -1, -1, -1, -1, -1], ""ensemble_cluster"": [-1, -1, -1, -1, -1, -1, -1, -1, -1, -1]}"
7,deepsight,deepsight_final_filter,"[2, 40, 10, 38, 97, 0, 69, 82, 43, 59]",[],"{""n_exceeds"": [1, 3, 3, 7, 13, 1, 20, 13, 8, 2], ""classification_boundary"": 2.5, ""identified_mals"": [1, 0, 0, 0, 0, 1, 0, 0, 0, 1], ""clusters"": [-1, -1, -1, -1, -1, -1, -1, -1, -1, -1], ""deleted_cluster_ids"": []}"
8,deepsight,deepsight_ensemble_cluster,"[4, 49, 20, 21, 74, 46, 10, 98, 14, 82]",[],"{""cosine_cluster"": [-1, -1, -1, -1, -1, -1, -1, -1, -1, -1], ""neup_cluster"": [-1, -1, -1, -1, -1, -1, -1, -1, -1, -1], ""ddif_cluster"": [-1, -1, -1, -1, -1, -1, -1, -1, -1, -1], ""ensemble_cluster"": [-1, -1, -1, -1, -1, -1, -1, -1, -1, -1]}"
8,deepsight,deepsight_final_filter,"[4, 49, 20, 21, 74, 46, 10, 98, 14, 82]",[],"{""n_exceeds"": [1, 10, 3, 9, 8, 12, 4, 6, 6, 13], ""classification_boundary"": 3.5, ""identified_mals"": [1, 0, 1, 0, 0, 0, 0, 0, 0, 0], ""clusters"": [-1, -1, -1, -1, -1, -1, -1, -1, -1, -1], ""deleted_cluster_ids"": []}"
9,deepsight,deepsight_ensemble_cluster,"[0, 66, 40, 68, 55, 11, 5, 49, 94, 54]",[],"{""cosine_cluster"": [-1, -1, -1, -1, -1, -1, -1, -1, -1, -1], ""neup_cluster"": [-1, -1, -1, -1, -1, -1, -1, -1, -1, -1], ""ddif_cluster"": [-1, -1, -1, -1, -1, -1, -1, -1, -1, -1], ""ensemble_cluster"": [-1, -1, -1, -1, -1, -1, -1, -1, -1, -1]}"
9,deepsight,deepsight_final_filter,"[0, 66, 40, 68, 55, 11, 5, 49, 94, 54]",[],"{""n_exceeds"": [1, 9, 4, 6, 16, 10, 13, 18, 21, 8], ""classification_boundary"": 4.75, ""identified_mals"": [1, 0, 1, 0, 0, 0, 0, 0, 0, 0], ""clusters"": [-1, -1, -1, -1, -1, -1, -1, -1, -1, -1], ""deleted_cluster_ids"": []}"
10,deepsight,deepsight_ensemble_cluster,"[0, 95, 85, 8, 24, 50, 1, 38, 54, 76]",[],"{""cosine_cluster"": [-1, -1, -1, -1, -1, -1, -1, -1, -1, -1], ""neup_cluster"": [-1, -1, -1, -1, -1, -1, -1, -1, -1, -1], ""ddif_cluster"": [-1, -1, -1, -1, -1, -1, -1, -1, -1, -1], ""ensemble_cluster"": [-1, -1, -1, -1, -1, -1, -1, -1, -1, -1]}"
10,deepsight,deepsight_final_filter,"[0, 95, 85, 8, 24, 50, 1, 38, 54, 76]",[],"{""n_exceeds"": [1, 20, 15, 17, 17, 16, 1, 8, 9, 2], ""classification_boundary"": 6.0, ""identified_mals"": [1, 0, 0, 0, 0, 0, 1, 0, 0, 1], ""clusters"": [-1, -1, -1, -1, -1, -1, -1, -1, -1, -1], ""deleted_cluster_ids"": []}"
11,deepsight,deepsight_ensemble_cluster,"[0, 82, 14, 57, 34, 79, 85, 43, 26, 66]",[],"{""cosine_cluster"": [-1, -1, -1, -1, -1, -1, -1, -1, -1, -1], ""neup_cluster"": [-1, -1, -1, -1, -1, -1, -1, -1, -1, -1], ""ddif_cluster"": [-1, -1, -1, -1, -1, -1, -1, -1, -1, -1], ""ensemble_cluster"": [-1, -1, -1, -1, -1, -1, -1, -1, -1, -1]}"
11,deepsight,deepsight_final_filter,"[0, 82, 14, 57, 34, 79, 85, 43, 26, 66]",[],"{""n_exceeds"": [1, 12, 5, 7, 5, 6, 16, 10, 6, 15], ""classification_boundary"": 3.25, ""identified_mals"": [1, 0, 0, 0, 0, 0, 0, 0, 0, 0], ""clusters"": [-1, -1, -1, -1, -1, -1, -1, -1, -1, -1], ""deleted_cluster_ids"": []}"
12,deepsight,deepsight_ensemble_cluster,"[4, 14, 93, 49, 18, 40, 36, 10, 3, 54]",[],"{""cosine_cluster"": [-1, -1, -1, -1, -1, -1, -1, -1, -1, -1], ""neup_cluster"": [-1, -1, -1, -1, -1, -1, -1, -1, -1, -1], ""ddif_cluster"": [-1, -1, -1, -1, -1, -1, -1, -1, -1, -1], ""ensemble_cluster"": [-1, -1, -1, -1, -1, -1, -1, -1, -1, -1]}"
12,deepsight,deepsight_final_filter,"[4, 14, 93, 49, 18, 40, 36, 10, 3, 54]",[],"{""n_exceeds"": [2, 8, 10, 14, 18, 7, 28, 5, 2, 7], ""classification_boundary"": 3.75, ""identified_mals"": [1, 0, 0, 0, 0, 0, 0, 0, 1, 0], ""clusters"": [-1, -1, -1, -1, -1, -1, -1, -1, -1, -1], ""deleted_cluster_ids"": []}"
13,deepsight,deepsight_ensemble_cluster,"[3, 81, 63, 70, 37, 41, 61, 29, 19, 10]",[],"{""cosine_cluster"": [-1, -1, -1, -1, -1, -1, -1, -1, -1, -1], ""neup_cluster"": [-1, -1, -1, -1, -1, -1, -1, -1, -1, -1], ""ddif_cluster"": [-1, -1, -1, -1, -1, -1, -1, -1, -1, -1], ""ensemble_cluster"": [-1, -1, -1, -1, -1, -1, -1, -1, -1, -1]}"
13,deepsight,deepsight_final_filter,"[3, 81, 63, 70, 37, 41, 61, 29, 19, 10]",[],"{""n_exceeds"": [3, 11, 7, 10, 18, 6, 7, 14, 13, 5], ""classification_boundary"": 4.25, ""identified_mals"": [1, 0, 0, 0, 0, 0, 0, 0, 0, 0], ""clusters"": [-1, -1, -1, -1, -1, -1, -1, -1, -1, -1], ""deleted_cluster_ids"": []}"
14,deepsight,deepsight_ensemble_cluster,"[3, 45, 8, 23, 88, 36, 20, 28, 68, 74]",[],"{""cosine_cluster"": [-1, -1, -1, -1, -1, -1, -1, -1, -1, -1], ""neup_cluster"": [-1, -1, -1, -1, -1, -1, -1, -1, -1, -1], ""ddif_cluster"": [-1, -1, -1, -1, -1, -1, -1, -1, -1, -1], ""ensemble_cluster"": [-1, -1, -1, -1, -1, -1, -1, -1, -1, -1]}"
14,deepsight,deepsight_final_filter,"[3, 45, 8, 23, 88, 36, 20, 28, 68, 74]",[],"{""n_exceeds"": [2, 13, 13, 8, 9, 21, 3, 12, 1, 13], ""classification_boundary"": 5.25, ""identified_mals"": [1, 0, 0, 0, 0, 0, 1, 0, 1, 0], ""clusters"": [-1, -1, -1, -1, -1, -1, -1, -1, -1, -1], ""deleted_cluster_ids"": []}"
15,deepsight,deepsight_ensemble_cluster,"[1, 45, 35, 96, 33, 2, 59, 10, 9, 83]",[],"{""cosine_cluster"": [-1, -1, -1, -1, -1, -1, -1, -1, -1, -1], ""neup_cluster"": [-1, -1, -1, -1, -1, -1, -1, -1, -1, -1], ""ddif_cluster"": [-1, -1, -1, -1, -1, -1, -1, -1, -1, -1], ""ensemble_cluster"": [-1, -1, -1, -1, -1, -1, -1, -1, -1, -1]}"
15,deepsight,deepsight_final_filter,"[1, 45, 35, 96, 33, 2, 59, 10, 9, 83]",[],"{""n_exceeds"": [2, 11, 8, 11, 2, 4, 2, 4, 19, 10], ""classification_boundary"": 3.0, ""identified_mals"": [1, 0, 0, 0, 1, 0, 1, 0, 0, 0], ""clusters"": [-1, -1, -1, -1, -1, -1, -1, -1, -1, -1], ""deleted_cluster_ids"": []}"
16,deepsight,deepsight_ensemble_cluster,"[0, 88, 60, 97, 22, 79, 67, 48, 4, 32]",[],"{""cosine_cluster"": [-1, -1, -1, -1, -1, -1, -1, -1, -1, -1], ""neup_cluster"": [-1, -1, -1, -1, -1, -1, -1, -1, -1, -1], ""ddif_cluster"": [-1, -1, -1, -1, -1, -1, -1, -1, -1, -1], ""ensemble_cluster"": [-1, -1, -1, -1, -1, -1, -1, -1, -1, -1]}"
16,deepsight,deepsight_final_filter,"[0, 88, 60, 97, 22, 79, 67, 48, 4, 32]",[],"{""n_exceeds"": [1, 12, 6, 13, 20, 7, 10, 13, 5, 24], ""classification_boundary"": 5.5, ""identified_mals"": [1, 0, 0, 0, 0, 0, 0, 0, 1, 0], ""clusters"": [-1, -1, -1, -1, -1, -1, -1, -1, -1, -1], ""deleted_cluster_ids"": []}"
17,deepsight,deepsight_ensemble_cluster,"[0, 45, 82, 96, 4, 55, 56, 57, 13, 33]",[],"{""cosine_cluster"": [-1, -1, -1, -1, -1, -1, -1, -1, -1, -1], ""neup_cluster"": [-1, -1, -1, -1, -1, -1, -1, -1, -1, -1], ""ddif_cluster"": [-1, -1, -1, -1, -1, -1, -1, -1, -1, -1], ""ensemble_cluster"": [-1, -1, -1, -1, -1, -1, -1, -1, -1, -1]}"
17,deepsight,deepsight_final_filter,"[0, 45, 82, 96, 4, 55, 56, 57, 13, 33]",[],"{""n_exceeds"": [1, 9, 15, 9, 8, 16, 19, 8, 6, 2], ""classification_boundary"": 4.25, ""identified_mals"": [1, 0, 0, 0, 0, 0, 0, 0, 0, 1], ""clusters"": [-1, -1, -1, -1, -1, -1, -1, -1, -1, -1], ""deleted_cluster_ids"": []}"
18,deepsight,deepsight_ensemble_cluster,"[4, 44, 30, 29, 85, 26, 16, 64, 98, 11]",[],"{""cosine_cluster"": [-1, -1, -1, -1, -1, -1, -1, -1, -1, -1], ""neup_cluster"": [-1, -1, -1, -1, -1, -1, -1, -1, -1, -1], ""ddif_cluster"": [-1, -1, -1, -1, -1, -1, -1, -1, -1, -1], ""ensemble_cluster"": [-1, -1, -1, -1, -1, -1, -1, -1, -1, -1]}"
18,deepsight,deepsight_final_filter,"[4, 44, 30, 29, 85, 26, 16, 64, 98, 11]",[],"{""n_exceeds"": [5, 11, 13, 10, 10, 8, 11, 12, 6, 11], ""classification_boundary"": 5.25, ""identified_mals"": [1, 0, 0, 0, 0, 0, 0, 0, 0, 0], ""clusters"": [-1, -1, -1, -1, -1, -1, -1, -1, -1, -1], ""deleted_cluster_ids"": []}"
19,deepsight,deepsight_ensemble_cluster,"[2, 59, 74, 98, 41, 46, 33, 95, 9, 22]",[],"{""cosine_cluster"": [-1, -1, -1, -1, -1, -1, -1, -1, -1, -1], ""neup_cluster"": [-1, -1, -1, -1, -1, -1, -1, -1, -1, -1], ""ddif_cluster"": [-1, -1, -1, -1, -1, -1, -1, -1, -1, -1], ""ensemble_cluster"": [-1, -1, -1, -1, -1, -1, -1, -1, -1, -1]}"
19,deepsight,deepsight_final_filter,"[2, 59, 74, 98, 41, 46, 33, 95, 9, 22]",[],"{""n_exceeds"": [5, 2, 10, 6, 6, 16, 1, 17, 17, 16], ""classification_boundary"": 4.0, ""identified_mals"": [0, 1, 0, 0, 0, 0, 1, 0, 0, 0], ""clusters"": [-1, -1, -1, -1, -1, -1, -1, -1, -1, -1], ""deleted_cluster_ids"": []}"
20,deepsight,deepsight_ensemble_cluster,"[4, 71, 89, 22, 38, 97, 98, 75, 23, 21]",[],"{""cosine_cluster"": [-1, -1, -1, -1, -1, -1, -1, -1, -1, -1], ""neup_cluster"": [-1, -1, -1, -1, -1, -1, -1, -1, -1, -1], ""ddif_cluster"": [-1, -1, -1, -1, -1, -1, -1, -1, -1, -1], ""ensemble_cluster"": [-1, -1, -1, -1, -1, -1, -1, -1, -1, -1]}"
20,deepsight,deepsight_final_filter,"[4, 71, 89, 22, 38, 97, 98, 75, 23, 21]",[],"{""n_exceeds"": [3, 1, 21, 19, 11, 15, 6, 19, 9, 13], ""classification_boundary"": 6.0, ""identified_mals"": [1, 1, 0, 0, 0, 0, 1, 0, 0, 0], ""clusters"": [-1, -1, -1, -1, -1, -1, -1, -1, -1, -1], ""deleted_cluster_ids"": []}"
21,deepsight,deepsight_ensemble_cluster,"[0, 24, 65, 86, 71, 10, 46, 84, 7, 66]",[],"{""cosine_cluster"": [-1, -1, -1, -1, -1, -1, -1, -1, -1, -1], ""neup_cluster"": [-1, -1, -1, -1, -1, -1, -1, -1, -1, -1], ""ddif_cluster"": [-1, -1, -1, -1, -1, -1, -1, -1, -1, -1], ""ensemble_cluster"": [-1, -1, -1, -1, -1, -1, -1, -1, -1, -1]}"
21,deepsight,deepsight_final_filter,"[0, 24, 65, 86, 71, 10, 46, 84, 7, 66]",[],"{""n_exceeds"": [1, 26, 10, 9, 1, 5, 18, 9, 15, 19], ""classification_boundary"": 4.75, ""identified_mals"": [1, 0, 0, 0, 1, 0, 0, 0, 0, 0], ""clusters"": [-1, -1, -1, -1, -1, -1, -1, -1, -1, -1], ""deleted_cluster_ids"": []}"
22,deepsight,deepsight_ensemble_cluster,"[4, 88, 46, 18, 15, 57, 51, 71, 0, 16]",[],"{""cosine_cluster"": [-1, -1, -1, -1, -1, -1, -1, -1, -1, -1], ""neup_cluster"": [-1, -1, -1, -1, -1, -1, -1, -1, -1, -1], ""ddif_cluster"": [-1, -1, -1, -1, -1, -1, -1, -1, -1, -1], ""ensemble_cluster"": [-1, -1, -1, -1, -1, -1, -1, -1, -1, -1]}"
22,deepsight,deepsight_final_filter,"[4, 88, 46, 18, 15, 57, 51, 71, 0, 16]",[],"{""n_exceeds"": [2, 13, 21, 21, 23, 13, 3, 1, 1, 12], ""classification_boundary"": 6.25, ""identified_mals"": [1, 0, 0, 0, 0, 0, 1, 1, 1, 0], ""clusters"": [-1, -1, -1, -1, -1, -1, -1, -1, -1, -1], ""deleted_cluster_ids"": [-1]}"
23,deepsight,deepsight_ensemble_cluster,"[1, 54, 78, 56, 22, 43, 6, 42, 98, 8]",[],"{""cosine_cluster"": [-1, -1, -1, -1, -1, -1, -1, -1, -1, -1], ""neup_cluster"": [-1, -1, -1, -1, -1, -1, -1, -1, -1, -1], ""ddif_cluster"": [-1, -1, -1, -1, -1, -1, -1, -1, -1, -1], ""ensemble_cluster"": [-1, -1, -1, -1, -1, -1, -1, -1, -1, -1]}"
23,deepsight,deepsight_final_filter,"[1, 54, 78, 56, 22, 43, 6, 42, 98, 8]",[],"{""n_exceeds"": [8, 9, 27, 24, 14, 12, 7, 26, 5, 16], ""classification_boundary"": 6.5, ""identified_mals"": [0, 0, 0, 0, 0, 0, 0, 0, 1, 0], ""clusters"": [-1, -1, -1, -1, -1, -1, -1, -1, -1, -1], ""deleted_cluster_ids"": []}"
24,deepsight,deepsight_ensemble_cluster,"[3, 95, 30, 92, 18, 36, 96, 77, 9, 38]",[],"{""cosine_cluster"": [-1, -1, -1, -1, -1, -1, -1, -1, -1, -1], ""neup_cluster"": [-1, -1, -1, -1, -1, -1, -1, -1, -1, -1], ""ddif_cluster"": [-1, -1, -1, -1, -1, -1, -1, -1, -1, -1], ""ensemble_cluster"": [-1, -1, -1, -1, -1, -1, -1, -1, -1, -1]}"
24,deepsight,deepsight_final_filter,"[3, 95, 30, 92, 18, 36, 96, 77, 9, 38]",[],"{""n_exceeds"": [4, 20, 15, 13, 21, 18, 8, 11, 17, 9], ""classification_boundary"": 7.0, ""identified_mals"": [1, 0, 0, 0, 0, 0, 0, 0, 0, 0], ""clusters"": [-1, -1, -1, -1, -1, -1, -1, -1, -1, -1], ""deleted_cluster_ids"": []}"
25,deepsight,deepsight_ensemble_cluster,"[1, 7, 32, 89, 97, 22, 47, 6, 95, 63]",[],"{""cosine_cluster"": [-1, -1, -1, -1, -1, -1, -1, -1, -1, -1], ""neup_cluster"": [-1, -1, -1, -1, -1, -1, -1, -1, -1, -1], ""ddif_cluster"": [-1, -1, -1, -1, -1, -1, -1, -1, -1, -1], ""ensemble_cluster"": [-1, -1, -1, -1, -1, -1, -1, -1, -1, -1]}"
25,deepsight,deepsight_final_filter,"[1, 7, 32, 89, 97, 22, 47, 6, 95, 63]",[],"{""n_exceeds"": [8, 10, 27, 13, 11, 13, 11, 9, 19, 10], ""classification_boundary"": 5.5, ""identified_mals"": [0, 0, 0, 0, 0, 0, 0, 0, 0, 0], ""clusters"": [-1, -1, -1, -1, -1, -1, -1, -1, -1, -1], ""deleted_cluster_ids"": []}"
26,deepsight,deepsight_ensemble_cluster,"[2, 77, 51, 20, 31, 72, 30, 65, 37, 38]",[],"{""cosine_cluster"": [-1, -1, -1, -1, -1, -1, -1, -1, -1, -1], ""neup_cluster"": [-1, -1, -1, -1, -1, -1, -1, -1, -1, -1], ""ddif_cluster"": [-1, -1, -1, -1, -1, -1, -1, -1, -1, -1], ""ensemble_cluster"": [-1, -1, -1, -1, -1, -1, -1, -1, -1, -1]}"
26,deepsight,deepsight_final_filter,"[2, 77, 51, 20, 31, 72, 30, 65, 37, 38]",[],"{""n_exceeds"": [4, 15, 7, 2, 16, 7, 14, 15, 20, 14], ""classification_boundary"": 7.0, ""identified_mals"": [1, 0, 1, 1, 0, 1, 0, 0, 0, 0], ""clusters"": [-1, -1, -1, -1, -1, -1, -1, -1, -1, -1], ""deleted_cluster_ids"": [-1]}"
27,deepsight,deepsight_ensemble_cluster,"[0, 98, 87, 30, 62, 83, 51, 46, 33, 27]",[],"{""cosine_cluster"": [-1, -1, -1, -1, -1, -1, -1, -1, -1, -1], ""neup_cluster"": [-1, -1, -1, -1, -1, -1, -1, -1, -1, -1], ""ddif_cluster"": [-1, -1, -1, -1, -1, -1, -1, -1, -1, -1], ""ensemble_cluster"": [-1, -1, -1, -1, -1, -1, -1, -1, -1, -1]}"
27,deepsight,deepsight_final_filter,"[0, 98, 87, 30, 62, 83, 51, 46, 33, 27]",[],"{""n_exceeds"": [1, 10, 15, 16, 10, 11, 3, 18, 1, 10], ""classification_boundary"": 5.0, ""identified_mals"": [1, 0, 0, 0, 0, 0, 1, 0, 1, 0], ""clusters"": [-1, -1, -1, -1, -1, -1, -1, -1, -1, -1], ""deleted_cluster_ids"": []}"
28,deepsight,deepsight_ensemble_cluster,"[4, 75, 76, 35, 20, 94, 72, 97, 46, 95]",[],"{""cosine_cluster"": [-1, -1, -1, -1, -1, -1, -1, -1, -1, -1], ""neup_cluster"": [-1, -1, -1, -1, -1, -1, -1, -1, -1, -1], ""ddif_cluster"": [-1, -1, -1, -1, -1, -1, -1, -1, -1, -1], ""ensemble_cluster"": [-1, -1, -1, -1, -1, -1, -1, -1, -1, -1]}"
28,deepsight,deepsight_final_filter,"[4, 75, 76, 35, 20, 94, 72, 97, 46, 95]",[],"{""n_exceeds"": [5, 22, 3, 6, 3, 24, 8, 17, 16, 24], ""classification_boundary"": 6.0, ""identified_mals"": [1, 0, 1, 1, 1, 0, 0, 0, 0, 0], ""clusters"": [-1, -1, -1, -1, -1, -1, -1, -1, -1, -1], ""deleted_cluster_ids"": [-1]}"
29,deepsight,deepsight_ensemble_cluster,"[4, 2, 25, 29, 3, 67, 53, 82, 33, 13]",[],"{""cosine_cluster"": [-1, -1, -1, -1, -1, -1, -1, -1, -1, -1], ""neup_cluster"": [-1, -1, -1, -1, -1, -1, -1, -1, -1, -1], ""ddif_cluster"": [-1, -1, -1, -1, -1, -1, -1, -1, -1, -1], ""ensemble_cluster"": [-1, -1, -1, -1, -1, -1, -1, -1, -1, -1]}"
29,deepsight,deepsight_final_filter,"[4, 2, 25, 29, 3, 67, 53, 82, 33, 13]",[],"{""n_exceeds"": [5, 6, 13, 9, 4, 8, 27, 19, 1, 8], ""classification_boundary"": 4.0, ""identified_mals"": [0, 0, 0, 0, 1, 0, 0, 0, 1, 0], ""clusters"": [-1, -1, -1, -1, -1, -1, -1, -1, -1, -1], ""deleted_cluster_ids"": []}"
30,deepsight,deepsight_ensemble_cluster,"[2, 72, 53, 84, 32, 17, 76, 6, 66, 41]",[],"{""cosine_cluster"": [-1, -1, -1, -1, -1, -1, -1, -1, -1, -1], ""neup_cluster"": [-1, -1, -1, -1, -1, -1, -1, -1, -1, -1], ""ddif_cluster"": [-1, -1, -1, -1, -1, -1, -1, -1, -1, -1], ""ensemble_cluster"": [-1, -1, -1, -1, -1, -1, -1, -1, -1, -1]}"
30,deepsight,deepsight_final_filter,"[2, 72, 53, 84, 32, 17, 76, 6, 66, 41]",[],"{""n_exceeds"": [5, 7, 27, 8, 25, 12, 2, 14, 17, 6], ""classification_boundary"": 5.0, ""identified_mals"": [1, 0, 0, 0, 0, 0, 1, 0, 0, 0], ""clusters"": [-1, -1, -1, -1, -1, -1, -1, -1, -1, -1], ""deleted_cluster_ids"": []}"
31,deepsight,deepsight_ensemble_cluster,"[0, 43, 8, 97, 35, 86, 66, 64, 85, 14]",[],"{""cosine_cluster"": [-1, -1, -1, -1, -1, -1, -1, -1, -1, -1], ""neup_cluster"": [-1, -1, -1, -1, -1, -1, -1, -1, -1, -1], ""ddif_cluster"": [-1, -1, -1, -1, -1, -1, -1, -1, -1, -1], ""ensemble_cluster"": [-1, -1, -1, -1, -1, -1, -1, -1, -1, -1]}"
31,deepsight,deepsight_final_filter,"[0, 43, 8, 97, 35, 86, 66, 64, 85, 14]",[],"{""n_exceeds"": [1, 15, 14, 15, 9, 20, 18, 22, 24, 15], ""classification_boundary"": 7.5, ""identified_mals"": [1, 0, 0, 0, 0, 0, 0, 0, 0, 0], ""clusters"": [-1, -1, -1, -1, -1, -1, -1, -1, -1, -1], ""deleted_cluster_ids"": []}"
32,deepsight,deepsight_ensemble_cluster,"[2, 75, 4, 41, 16, 72, 17, 28, 60, 63]",[],"{""cosine_cluster"": [-1, -1, -1, -1, -1, -1, -1, -1, -1, -1], ""neup_cluster"": [-1, -1, -1, -1, -1, -1, -1, -1, -1, -1], ""ddif_cluster"": [-1, -1, -1, -1, -1, -1, -1, -1, -1, -1], ""ensemble_cluster"": [-1, -1, -1, -1, -1, -1, -1, -1, -1, -1]}"
32,deepsight,deepsight_final_filter,"[2, 75, 4, 41, 16, 72, 17, 28, 60, 63]",[],"{""n_exceeds"": [8, 14, 4, 6, 11, 6, 17, 8, 6, 17], ""classification_boundary"": 4.0, ""identified_mals"": [0, 0, 1, 0, 0, 0, 0, 0, 0, 0], ""clusters"": [-1, -1, -1, -1, -1, -1, -1, -1, -1, -1], ""deleted_cluster_ids"": []}"
33,deepsight,deepsight_ensemble_cluster,"[1, 14, 8, 79, 7, 62, 33, 37, 61, 74]",[],"{""cosine_cluster"": [-1, -1, -1, -1, -1, -1, -1, -1, -1, -1], ""neup_cluster"": [-1, -1, -1, -1, -1, -1, -1, -1, -1, -1], ""ddif_cluster"": [-1, -1, -1, -1, -1, -1, -1, -1, -1, -1], ""ensemble_cluster"": [-1, -1, -1, -1, -1, -1, -1, -1, -1, -1]}"
33,deepsight,deepsight_final_filter,"[1, 14, 8, 79, 7, 62, 33, 37, 61, 74]",[],"{""n_exceeds"": [3, 12, 13, 8, 15, 24, 1, 25, 8, 17], ""classification_boundary"": 6.25, ""identified_mals"": [1, 0, 0, 0, 0, 0, 1, 0, 0, 0], ""clusters"": [-1, -1, -1, -1, -1, -1, -1, -1, -1, -1], ""deleted_cluster_ids"": []}"
34,deepsight,deepsight_ensemble_cluster,"[1, 73, 14, 89, 10, 61, 16, 63, 33, 92]",[],"{""cosine_cluster"": [-1, -1, -1, -1, -1, -1, -1, -1, -1, -1], ""neup_cluster"": [-1, -1, -1, -1, -1, -1, -1, -1, -1, -1], ""ddif_cluster"": [-1, -1, -1, -1, -1, -1, -1, -1, -1, -1], ""ensemble_cluster"": [-1, -1, -1, -1, -1, -1, -1, -1, -1, -1]}"
34,deepsight,deepsight_final_filter,"[1, 73, 14, 89, 10, 61, 16, 63, 33, 92]",[],"{""n_exceeds"": [4, 6, 14, 17, 3, 11, 10, 11, 1, 14], ""classification_boundary"": 5.25, ""identified_mals"": [1, 0, 0, 0, 1, 0, 0, 0, 1, 0], ""clusters"": [-1, -1, -1, -1, -1, -1, -1, -1, -1, -1], ""deleted_cluster_ids"": []}"
35,deepsight,deepsight_ensemble_cluster,"[0, 4, 26, 91, 33, 46, 51, 68, 87, 65]",[],"{""cosine_cluster"": [-1, -1, -1, -1, -1, -1, -1, -1, -1, -1], ""neup_cluster"": [-1, -1, -1, -1, -1, -1, -1, -1, -1, -1], ""ddif_cluster"": [-1, -1, -1, -1, -1, -1, -1, -1, -1, -1], ""ensemble_cluster"": [-1, -1, -1, -1, -1, -1, -1, -1, -1, -1]}"
35,deepsight,deepsight_final_filter,"[0, 4, 26, 91, 33, 46, 51, 68, 87, 65]",[],"{""n_exceeds"": [2, 10, 4, 8, 1, 21, 4, 8, 17, 14], ""classification_boundary"": 4.0, ""identified_mals"": [1, 0, 1, 0, 1, 0, 1, 0, 0, 0], ""clusters"": [-1, -1, -1, -1, -1, -1, -1, -1, -1, -1], ""deleted_cluster_ids"": [-1]}"
36,deepsight,deepsight_ensemble_cluster,"[2, 68, 51, 43, 87, 63, 97, 27, 62, 38]",[],"{""cosine_cluster"": [-1, -1, -1, -1, -1, -1, -1, -1, -1, -1], ""neup_cluster"": [-1, -1, -1, -1, -1, -1, -1, -1, -1, -1], ""ddif_cluster"": [-1, -1, -1, -1, -1, -1, -1, -1, -1, -1], ""ensemble_cluster"": [-1, -1, -1, -1, -1, -1, -1, -1, -1, -1]}"
36,deepsight,deepsight_final_filter,"[2, 68, 51, 43, 87, 63, 97, 27, 62, 38]",[],"{""n_exceeds"": [8, 5, 3, 11, 15, 12, 14, 12, 17, 13], ""classification_boundary"": 6.0, ""identified_mals"": [0, 1, 1, 0, 0, 0, 0, 0, 0, 0], ""clusters"": [-1, -1, -1, -1, -1, -1, -1, -1, -1, -1], ""deleted_cluster_ids"": []}"
37,deepsight,deepsight_ensemble_cluster,"[2, 77, 49, 52, 0, 57, 18, 29, 51, 94]",[],"{""cosine_cluster"": [-1, -1, -1, -1, -1, -1, -1, -1, -1, -1], ""neup_cluster"": [-1, -1, -1, -1, -1, -1, -1, -1, -1, -1], ""ddif_cluster"": [-1, -1, -1, -1, -1, -1, -1, -1, -1, -1], ""ensemble_cluster"": [-1, -1, -1, -1, -1, -1, -1, -1, -1, -1]}"
37,deepsight,deepsight_final_filter,"[2, 77, 49, 52, 0, 57, 18, 29, 51, 94]",[],"{""n_exceeds"": [6, 15, 29, 9, 2, 14, 19, 6, 6, 21], ""classification_boundary"": 5.75, ""identified_mals"": [0, 0, 0, 0, 1, 0, 0, 0, 0, 0], ""clusters"": [-1, -1, -1, -1, -1, -1, -1, -1, -1, -1], ""deleted_cluster_ids"": []}"
38,deepsight,deepsight_ensemble_cluster,"[0, 99, 38, 61, 34, 14, 19, 1, 72, 70]",[],"{""cosine_cluster"": [-1, -1, -1, -1, -1, -1, -1, -1, -1, -1], ""neup_cluster"": [-1, -1, -1, -1, -1, -1, -1, -1, -1, -1], ""ddif_cluster"": [-1, -1, -1, -1, -1, -1, -1, -1, -1, -1], ""ensemble_cluster"": [-1, -1, -1, -1, -1, -1, -1, -1, -1, -1]}"
38,deepsight,deepsight_final_filter,"[0, 99, 38, 61, 34, 14, 19, 1, 72, 70]",[],"{""n_exceeds"": [2, 8, 9, 10, 10, 13, 22, 8, 6, 13], ""classification_boundary"": 4.75, ""identified_mals"": [1, 0, 0, 0, 0, 0, 0, 0, 0, 0], ""clusters"": [-1, -1, -1, -1, -1, -1, -1, -1, -1, -1], ""deleted_cluster_ids"": []}"
39,deepsight,deepsight_ensemble_cluster,"[0, 25, 56, 67, 77, 27, 65, 82, 20, 46]",[],"{""cosine_cluster"": [-1, -1, -1, -1, -1, -1, -1, -1, -1, -1], ""neup_cluster"": [-1, -1, -1, -1, -1, -1, -1, -1, -1, -1], ""ddif_cluster"": [-1, -1, -1, -1, -1, -1, -1, -1, -1, -1], ""ensemble_cluster"": [-1, -1, -1, -1, -1, -1, -1, -1, -1, -1]}"
39,deepsight,deepsight_final_filter,"[0, 25, 56, 67, 77, 27, 65, 82, 20, 46]",[],"{""n_exceeds"": [1, 19, 25, 10, 15, 10, 12, 17, 4, 17], ""classification_boundary"": 6.75, ""identified_mals"": [1, 0, 0, 0, 0, 0, 0, 0, 1, 0], ""clusters"": [-1, -1, -1, -1, -1, -1, -1, -1, -1, -1], ""deleted_cluster_ids"": []}"
40,deepsight,deepsight_ensemble_cluster,"[1, 69, 87, 75, 81, 37, 0, 40, 28, 32]",[],"{""cosine_cluster"": [-1, -1, -1, -1, -1, -1, -1, -1, -1, -1], ""neup_cluster"": [-1, -1, -1, -1, -1, -1, -1, -1, -1, -1], ""ddif_cluster"": [-1, -1, -1, -1, -1, -1, -1, -1, -1, -1], ""ensemble_cluster"": [-1, -1, -1, -1, -1, -1, -1, -1, -1, -1]}"
40,deepsight,deepsight_final_filter,"[1, 69, 87, 75, 81, 37, 0, 40, 28, 32]",[],"{""n_exceeds"": [8, 23, 16, 21, 26, 20, 1, 2, 13, 20], ""classification_boundary"": 9.0, ""identified_mals"": [1, 0, 0, 0, 0, 0, 1, 1, 0, 0], ""clusters"": [-1, -1, -1, -1, -1, -1, -1, -1, -1, -1], ""deleted_cluster_ids"": []}"
41,deepsight,deepsight_ensemble_cluster,"[2, 15, 52, 3, 18, 51, 78, 91, 43, 62]",[],"{""cosine_cluster"": [-1, -1, -1, -1, -1, -1, -1, -1, -1, -1], ""neup_cluster"": [-1, -1, -1, -1, -1, -1, -1, -1, -1, -1], ""ddif_cluster"": [-1, -1, -1, -1, -1, -1, -1, -1, -1, -1], ""ensemble_cluster"": [-1, -1, -1, -1, -1, -1, -1, -1, -1, -1]}"
41,deepsight,deepsight_final_filter,"[2, 15, 52, 3, 18, 51, 78, 91, 43, 62]",[],"{""n_exceeds"": [12, 21, 7, 22, 17, 8, 17, 6, 9, 14], ""classification_boundary"": 6.5, ""identified_mals"": [0, 0, 0, 0, 0, 0, 0, 1, 0, 0], ""clusters"": [-1, -1, -1, -1, -1, -1, -1, -1, -1, -1], ""deleted_cluster_ids"": []}"
42,deepsight,deepsight_ensemble_cluster,"[3, 48, 17, 89, 56, 54, 72, 38, 7, 28]",[],"{""cosine_cluster"": [-1, -1, -1, -1, -1, -1, -1, -1, -1, -1], ""neup_cluster"": [-1, -1, -1, -1, -1, -1, -1, -1, -1, -1], ""ddif_cluster"": [-1, -1, -1, -1, -1, -1, -1, -1, -1, -1], ""ensemble_cluster"": [-1, -1, -1, -1, -1, -1, -1, -1, -1, -1]}"
42,deepsight,deepsight_final_filter,"[3, 48, 17, 89, 56, 54, 72, 38, 7, 28]",[],"{""n_exceeds"": [28, 12, 10, 13, 18, 9, 5, 5, 13, 12], ""classification_boundary"": 6.0, ""identified_mals"": [0, 0, 0, 0, 0, 0, 1, 1, 0, 0], ""clusters"": [-1, -1, -1, -1, -1, -1, -1, -1, -1, -1], ""deleted_cluster_ids"": []}"
43,deepsight,deepsight_ensemble_cluster,"[0, 55, 26, 52, 61, 67, 9, 59, 41, 20]",[],"{""cosine_cluster"": [-1, -1, -1, -1, -1, -1, -1, -1, -1, -1], ""neup_cluster"": [-1, -1, -1, -1, -1, -1, -1, -1, -1, -1], ""ddif_cluster"": [-1, -1, -1, -1, -1, -1, -1, -1, -1, -1], ""ensemble_cluster"": [-1, -1, -1, -1, -1, -1, -1, -1, -1, -1]}"
43,deepsight,deepsight_final_filter,"[0, 55, 26, 52, 61, 67, 9, 59, 41, 20]",[],"{""n_exceeds"": [1, 21, 5, 9, 7, 8, 17, 2, 7, 4], ""classification_boundary"": 3.5, ""identified_mals"": [1, 0, 0, 0, 0, 0, 0, 1, 0, 0], ""clusters"": [-1, -1, -1, -1, -1, -1, -1, -1, -1, -1], ""deleted_cluster_ids"": []}"
44,deepsight,deepsight_ensemble_cluster,"[2, 83, 71, 9, 32, 44, 63, 50, 35, 21]",[],"{""cosine_cluster"": [-1, -1, -1, -1, -1, -1, -1, -1, -1, -1], ""neup_cluster"": [-1, -1, -1, -1, -1, -1, -1, -1, -1, -1], ""ddif_cluster"": [-1, -1, -1, -1, -1, -1, -1, -1, -1, -1], ""ensemble_cluster"": [-1, -1, -1, -1, -1, -1, -1, -1, -1, -1]}"
44,deepsight,deepsight_final_filter,"[2, 83, 71, 9, 32, 44, 63, 50, 35, 21]",[],"{""n_exceeds"": [10, 9, 1, 15, 24, 11, 10, 20, 3, 14], ""classification_boundary"": 5.25, ""identified_mals"": [0, 0, 1, 0, 0, 0, 0, 0, 1, 0], ""clusters"": [-1, -1, -1, -1, -1, -1, -1, -1, -1, -1], ""deleted_cluster_ids"": []}"
45,deepsight,deepsight_ensemble_cluster,"[4, 66, 30, 97, 79, 29, 1, 27, 80, 98]",[],"{""cosine_cluster"": [-1, -1, -1, -1, -1, -1, -1, -1, -1, -1], ""neup_cluster"": [-1, -1, -1, -1, -1, -1, -1, -1, -1, -1], ""ddif_cluster"": [-1, -1, -1, -1, -1, -1, -1, -1, -1, -1], ""ensemble_cluster"": [-1, -1, -1, -1, -1, -1, -1, -1, -1, -1]}"
45,deepsight,deepsight_final_filter,"[4, 66, 30, 97, 79, 29, 1, 27, 80, 98]",[],"{""n_exceeds"": [12, 14, 18, 19, 7, 16, 6, 7, 20, 9], ""classification_boundary"": 6.5, ""identified_mals"": [0, 0, 0, 0, 0, 0, 1, 0, 0, 0], ""clusters"": [-1, -1, -1, -1, -1, -1, -1, -1, -1, -1], ""deleted_cluster_ids"": []}"
46,deepsight,deepsight_ensemble_cluster,"[2, 31, 77, 47, 18, 95, 90, 51, 6, 67]",[],"{""cosine_cluster"": [-1, -1, -1, -1, -1, -1, -1, -1, -1, -1], ""neup_cluster"": [-1, -1, -1, -1, -1, -1, -1, -1, -1, -1], ""ddif_cluster"": [-1, -1, -1, -1, -1, -1, -1, -1, -1, -1], ""ensemble_cluster"": [-1, -1, -1, -1, -1, -1, -1, -1, -1, -1]}"
46,deepsight,deepsight_final_filter,"[2, 31, 77, 47, 18, 95, 90, 51, 6, 67]",[],"{""n_exceeds"": [10, 15, 12, 15, 23, 18, 20, 6, 12, 15], ""classification_boundary"": 7.5, ""identified_mals"": [0, 0, 0, 0, 0, 0, 0, 1, 0, 0], ""clusters"": [-1, -1, -1, -1, -1, -1, -1, -1, -1, -1], ""deleted_cluster_ids"": []}"
47,deepsight,deepsight_ensemble_cluster,"[4, 45, 25, 24, 77, 72, 60, 31, 38, 91]",[],"{""cosine_cluster"": [-1, -1, -1, -1, -1, -1, -1, -1, -1, -1], ""neup_cluster"": [-1, -1, -1, -1, -1, -1, -1, -1, -1, -1], ""ddif_cluster"": [-1, -1, -1, -1, -1, -1, -1, -1, -1, -1], ""ensemble_cluster"": [-1, -1, -1, -1, -1, -1, -1, -1, -1, -1]}"
47,deepsight,deepsight_final_filter,"[4, 45, 25, 24, 77, 72, 60, 31, 38, 91]",[],"{""n_exceeds"": [10, 12, 31, 27, 15, 5, 8, 17, 13, 8], ""classification_boundary"": 6.25, ""identified_mals"": [0, 0, 0, 0, 0, 1, 0, 0, 0, 0], ""clusters"": [-1, -1, -1, -1, -1, -1, -1, -1, -1, -1], ""deleted_cluster_ids"": []}"
48,deepsight,deepsight_ensemble_cluster,"[0, 12, 11, 33, 80, 78, 63, 93, 39, 59]",[],"{""cosine_cluster"": [-1, -1, -1, -1, -1, -1, -1, -1, -1, -1], ""neup_cluster"": [-1, -1, -1, -1, -1, -1, -1, -1, -1, -1], ""ddif_cluster"": [-1, -1, -1, -1, -1, -1, -1, -1, -1, -1], ""ensemble_cluster"": [-1, -1, -1, -1, -1, -1, -1, -1, -1, -1]}"
48,deepsight,deepsight_final_filter,"[0, 12, 11, 33, 80, 78, 63, 93, 39, 59]",[],"{""n_exceeds"": [2, 17, 22, 1, 28, 21, 19, 7, 22, 3], ""classification_boundary"": 9.0, ""identified_mals"": [1, 0, 0, 1, 0, 0, 0, 1, 0, 1], ""clusters"": [-1, -1, -1, -1, -1, -1, -1, -1, -1, -1], ""deleted_cluster_ids"": [-1]}"
49,deepsight,deepsight_ensemble_cluster,"[2, 35, 94, 63, 26, 87, 84, 58, 60, 5]",[],"{""cosine_cluster"": [-1, -1, -1, -1, -1, -1, -1, -1, -1, -1], ""neup_cluster"": [-1, -1, -1, -1, -1, -1, -1, -1, -1, -1], ""ddif_cluster"": [-1, -1, -1, -1, -1, -1, -1, -1, -1, -1], ""ensemble_cluster"": [-1, -1, -1, -1, -1, -1, -1, -1, -1, -1]}"
49,deepsight,deepsight_final_filter,"[2, 35, 94, 63, 26, 87, 84, 58, 60, 5]",[],"{""n_exceeds"": [8, 5, 26, 17, 5, 18, 8, 20, 6, 19], ""classification_boundary"": 6.25, ""identified_mals"": [0, 1, 0, 0, 1, 0, 0, 0, 1, 0], ""clusters"": [-1, -1, -1, -1, -1, -1, -1, -1, -1, -1], ""deleted_cluster_ids"": []}"
50,deepsight,deepsight_ensemble_cluster,"[2, 98, 76, 79, 6, 74, 54, 59, 69, 9]",[],"{""cosine_cluster"": [-1, -1, -1, -1, -1, -1, -1, -1, -1, -1], ""neup_cluster"": [-1, -1, -1, -1, -1, -1, -1, -1, -1, -1], ""ddif_cluster"": [-1, -1, -1, -1, -1, -1, -1, -1, -1, -1], ""ensemble_cluster"": [-1, -1, -1, -1, -1, -1, -1, -1, -1, -1]}"
50,deepsight,deepsight_final_filter,"[2, 98, 76, 79, 6, 74, 54, 59, 69, 9]",[],"{""n_exceeds"": [13, 17, 5, 7, 12, 9, 8, 3, 24, 15], ""classification_boundary"": 5.25, ""identified_mals"": [0, 0, 1, 0, 0, 0, 0, 1, 0, 0], ""clusters"": [-1, -1, -1, -1, -1, -1, -1, -1, -1, -1], ""deleted_cluster_ids"": []}"
51,deepsight,deepsight_ensemble_cluster,"[4, 40, 47, 50, 44, 74, 62, 58, 30, 79]",[],"{""cosine_cluster"": [-1, -1, -1, -1, -1, -1, -1, -1, -1, -1], ""neup_cluster"": [-1, -1, -1, -1, -1, -1, -1, -1, -1, -1], ""ddif_cluster"": [-1, -1, -1, -1, -1, -1, -1, -1, -1, -1], ""ensemble_cluster"": [-1, -1, -1, -1, -1, -1, -1, -1, -1, -1]}"
51,deepsight,deepsight_final_filter,"[4, 40, 47, 50, 44, 74, 62, 58, 30, 79]",[],"{""n_exceeds"": [10, 8, 12, 27, 7, 16, 14, 19, 11, 8], ""classification_boundary"": 5.75, ""identified_mals"": [0, 0, 0, 0, 0, 0, 0, 0, 0, 0], ""clusters"": [-1, -1, -1, -1, -1, -1, -1, -1, -1, -1], ""deleted_cluster_ids"": []}"
52,deepsight,deepsight_ensemble_cluster,"[3, 13, 5, 85, 26, 99, 88, 33, 2, 44]",[],"{""cosine_cluster"": [-1, -1, -1, -1, -1, -1, -1, -1, -1, -1], ""neup_cluster"": [-1, -1, -1, -1, -1, -1, -1, -1, -1, -1], ""ddif_cluster"": [-1, -1, -1, -1, -1, -1, -1, -1, -1, -1], ""ensemble_cluster"": [-1, -1, -1, -1, -1, -1, -1, -1, -1, -1]}"
52,deepsight,deepsight_final_filter,"[3, 13, 5, 85, 26, 99, 88, 33, 2, 44]",[],"{""n_exceeds"": [21, 7, 19, 8, 5, 8, 11, 1, 10, 10], ""classification_boundary"": 4.5, ""identified_mals"": [0, 0, 0, 0, 0, 0, 0, 1, 0, 0], ""clusters"": [-1, -1, -1, -1, -1, -1, -1, -1, -1, -1], ""deleted_cluster_ids"": []}"
53,deepsight,deepsight_ensemble_cluster,"[3, 27, 52, 70, 94, 75, 13, 7, 67, 96]",[],"{""cosine_cluster"": [-1, -1, -1, -1, -1, -1, -1, -1, -1, -1], ""neup_cluster"": [-1, -1, -1, -1, -1, -1, -1, -1, -1, -1], ""ddif_cluster"": [-1, -1, -1, -1, -1, -1, -1, -1, -1, -1], ""ensemble_cluster"": [-1, -1, -1, -1, -1, -1, -1, -1, -1, -1]}"
53,deepsight,deepsight_final_filter,"[3, 27, 52, 70, 94, 75, 13, 7, 67, 96]",[],"{""n_exceeds"": [17, 7, 15, 16, 24, 19, 9, 17, 6, 12], ""classification_boundary"": 7.75, ""identified_mals"": [0, 1, 0, 0, 0, 0, 0, 0, 1, 0], ""clusters"": [-1, -1, -1, -1, -1, -1, -1, -1, -1, -1], ""deleted_cluster_ids"": []}"
54,deepsight,deepsight_ensemble_cluster,"[0, 38, 15, 91, 87, 64, 41, 55, 80, 82]",[],"{""cosine_cluster"": [-1, -1, -1, -1, -1, -1, -1, -1, -1, -1], ""neup_cluster"": [-1, -1, -1, -1, -1, -1, -1, -1, -1, -1], ""ddif_cluster"": [-1, -1, -1, -1, -1, -1, -1, -1, -1, -1], ""ensemble_cluster"": [-1, -1, -1, -1, -1, -1, -1, -1, -1, -1]}"
54,deepsight,deepsight_final_filter,"[0, 38, 15, 91, 87, 64, 41, 55, 80, 82]",[],"{""n_exceeds"": [2, 19, 22, 7, 23, 25, 5, 23, 22, 15], ""classification_boundary"": 10.25, ""identified_mals"": [1, 0, 0, 1, 0, 0, 1, 0, 0, 0], ""clusters"": [-1, -1, -1, -1, -1, -1, -1, -1, -1, -1], ""deleted_cluster_ids"": []}"
55,deepsight,deepsight_ensemble_cluster,"[2, 28, 5, 61, 92, 21, 14, 88, 65, 85]",[],"{""cosine_cluster"": [-1, -1, -1, -1, -1, -1, -1, -1, -1, -1], ""neup_cluster"": [-1, -1, -1, -1, -1, -1, -1, -1, -1, -1], ""ddif_cluster"": [-1, -1, -1, -1, -1, -1, -1, -1, -1, -1], ""ensemble_cluster"": [-1, -1, -1, -1, -1, -1, -1, -1, -1, -1]}"
55,deepsight,deepsight_final_filter,"[2, 28, 5, 61, 92, 21, 14, 88, 65, 85]",[],"{""n_exceeds"": [9, 11, 19, 7, 13, 13, 15, 18, 13, 22], ""classification_boundary"": 6.5, ""identified_mals"": [0, 0, 0, 0, 0, 0, 0, 0, 0, 0], ""clusters"": [-1, -1, -1, -1, -1, -1, -1, -1, -1, -1], ""deleted_cluster_ids"": []}"
56,deepsight,deepsight_ensemble_cluster,"[4, 59, 85, 9, 87, 93, 55, 74, 76, 13]",[],"{""cosine_cluster"": [-1, -1, -1, -1, -1, -1, -1, -1, -1, -1], ""neup_cluster"": [-1, -1, -1, -1, -1, -1, -1, -1, -1, -1], ""ddif_cluster"": [-1, -1, -1, -1, -1, -1, -1, -1, -1, -1], ""ensemble_cluster"": [-1, -1, -1, -1, -1, -1, -1, -1, -1, -1]}"
56,deepsight,deepsight_final_filter,"[4, 59, 85, 9, 87, 93, 55, 74, 76, 13]",[],"{""n_exceeds"": [13, 3, 18, 16, 22, 23, 26, 8, 2, 7], ""classification_boundary"": 7.25, ""identified_mals"": [0, 1, 0, 0, 0, 0, 0, 0, 1, 1], ""clusters"": [-1, -1, -1, -1, -1, -1, -1, -1, -1, -1], ""deleted_cluster_ids"": []}"
57,deepsight,deepsight_ensemble_cluster,"[3, 41, 65, 60, 24, 30, 53, 32, 40, 98]",[],"{""cosine_cluster"": [-1, -1, -1, -1, -1, -1, -1, -1, -1, -1], ""neup_cluster"": [-1, -1, -1, -1, -1, -1, -1, -1, -1, -1], ""ddif_cluster"": [-1, -1, -1, -1, -1, -1, -1, -1, -1, -1], ""ensemble_cluster"": [-1, -1, -1, -1, -1, -1, -1, -1, -1, -1]}"
57,deepsight,deepsight_final_filter,"[3, 41, 65, 60, 24, 30, 53, 32, 40, 98]",[],"{""n_exceeds"": [20, 6, 14, 7, 32, 12, 25, 23, 8, 14], ""classification_boundary"": 7.0, ""identified_mals"": [0, 1, 0, 1, 0, 0, 0, 0, 0, 0], ""clusters"": [-1, -1, -1, -1, -1, -1, -1, -1, -1, -1], ""deleted_cluster_ids"": []}"
58,deepsight,deepsight_ensemble_cluster,"[0, 16, 5, 34, 69, 43, 57, 72, 92, 54]",[],"{""cosine_cluster"": [-1, -1, -1, -1, -1, -1, -1, -1, -1, -1], ""neup_cluster"": [-1, -1, -1, -1, -1, -1, -1, -1, -1, -1], ""ddif_cluster"": [-1, -1, -1, -1, -1, -1, -1, -1, -1, -1], ""ensemble_cluster"": [-1, -1, -1, -1, -1, -1, -1, -1, -1, -1]}"
58,deepsight,deepsight_final_filter,"[0, 16, 5, 34, 69, 43, 57, 72, 92, 54]",[],"{""n_exceeds"": [2, 8, 27, 12, 17, 12, 14, 8, 14, 10], ""classification_boundary"": 6.0, ""identified_mals"": [1, 0, 0, 0, 0, 0, 0, 0, 0, 0], ""clusters"": [-1, -1, -1, -1, -1, -1, -1, -1, -1, -1], ""deleted_cluster_ids"": []}"
59,deepsight,deepsight_ensemble_cluster,"[3, 15, 19, 50, 42, 62, 89, 21, 71, 9]",[],"{""cosine_cluster"": [-1, -1, -1, -1, -1, -1, -1, -1, -1, -1], ""neup_cluster"": [-1, -1, -1, -1, -1, -1, -1, -1, -1, -1], ""ddif_cluster"": [-1, -1, -1, -1, -1, -1, -1, -1, -1, -1], ""ensemble_cluster"": [-1, -1, -1, -1, -1, -1, -1, -1, -1, -1]}"
59,deepsight,deepsight_final_filter,"[3, 15, 19, 50, 42, 62, 89, 21, 71, 9]",[],"{""n_exceeds"": [18, 25, 29, 21, 33, 17, 17, 13, 1, 14], ""classification_boundary"": 8.75, ""identified_mals"": [0, 0, 0, 0, 0, 0, 0, 0, 1, 0], ""clusters"": [-1, -1, -1, -1, -1, -1, -1, -1, -1, -1], ""deleted_cluster_ids"": []}"
60,deepsight,deepsight_ensemble_cluster,"[4, 19, 99, 76, 16, 22, 63, 98, 72, 80]",[],"{""cosine_cluster"": [-1, -1, -1, -1, -1, -1, -1, -1, -1, -1], ""neup_cluster"": [-1, -1, -1, -1, -1, -1, -1, -1, -1, -1], ""ddif_cluster"": [-1, -1, -1, -1, -1, -1, -1, -1, -1, -1], ""ensemble_cluster"": [-1, -1, -1, -1, -1, -1, -1, -1, -1, -1]}"
60,deepsight,deepsight_final_filter,"[4, 19, 99, 76, 16, 22, 63, 98, 72, 80]",[],"{""n_exceeds"": [16, 31, 8, 3, 14, 25, 24, 13, 5, 25], ""classification_boundary"": 7.5, ""identified_mals"": [0, 0, 0, 1, 0, 0, 0, 0, 1, 0], ""clusters"": [-1, -1, -1, -1, -1, -1, -1, -1, -1, -1], ""deleted_cluster_ids"": []}"
61,deepsight,deepsight_ensemble_cluster,"[4, 66, 47, 84, 22, 34, 74, 87, 75, 9]",[],"{""cosine_cluster"": [-1, -1, -1, -1, -1, -1, -1, -1, -1, -1], ""neup_cluster"": [-1, -1, -1, -1, -1, -1, -1, -1, -1, -1], ""ddif_cluster"": [-1, -1, -1, -1, -1, -1, -1, -1, -1, -1], ""ensemble_cluster"": [-1, -1, -1, -1, -1, -1, -1, -1, -1, -1]}"
61,deepsight,deepsight_final_filter,"[4, 66, 47, 84, 22, 34, 74, 87, 75, 9]",[],"{""n_exceeds"": [8, 15, 10, 11, 19, 8, 16, 23, 19, 23], ""classification_boundary"": 7.75, ""identified_mals"": [0, 0, 0, 0, 0, 0, 0, 0, 0, 0], ""clusters"": [-1, -1, -1, -1, -1, -1, -1, -1, -1, -1], ""deleted_cluster_ids"": []}"
62,deepsight,deepsight_ensemble_cluster,"[4, 52, 3, 82, 68, 38, 13, 93, 90, 45]",[],"{""cosine_cluster"": [-1, -1, -1, -1, -1, -1, -1, -1, -1, -1], ""neup_cluster"": [-1, -1, -1, -1, -1, -1, -1, -1, -1, -1], ""ddif_cluster"": [-1, -1, -1, -1, -1, -1, -1, -1, -1, -1], ""ensemble_cluster"": [-1, -1, -1, -1, -1, -1, -1, -1, -1, -1]}"
62,deepsight,deepsight_final_filter,"[4, 52, 3, 82, 68, 38, 13, 93, 90, 45]",[],"{""n_exceeds"": [14, 15, 17, 11, 11, 22, 7, 16, 18, 10], ""classification_boundary"": 7.25, ""identified_mals"": [0, 0, 0, 0, 0, 0, 1, 0, 0, 0], ""clusters"": [-1, -1, -1, -1, -1, -1, -1, -1, -1, -1], ""deleted_cluster_ids"": []}"
63,deepsight,deepsight_ensemble_cluster,"[4, 43, 48, 25, 60, 92, 30, 8, 91, 36]",[],"{""cosine_cluster"": [-1, -1, -1, -1, -1, -1, -1, -1, -1, -1], ""neup_cluster"": [-1, -1, -1, -1, -1, -1, -1, -1, -1, -1], ""ddif_cluster"": [-1, -1, -1, -1, -1, -1, -1, -1, -1, -1], ""ensemble_cluster"": [-1, -1, -1, -1, -1, -1, -1, -1, -1, -1]}"
63,deepsight,deepsight_final_filter,"[4, 43, 48, 25, 60, 92, 30, 8, 91, 36]",[],"{""n_exceeds"": [15, 11, 14, 19, 5, 12, 14, 12, 7, 20], ""classification_boundary"": 6.5, ""identified_mals"": [0, 0, 0, 0, 1, 0, 0, 0, 0, 0], ""clusters"": [-1, -1, -1, -1, -1, -1, -1, -1, -1, -1], ""deleted_cluster_ids"": []}"
64,deepsight,deepsight_ensemble_cluster,"[1, 59, 54, 27, 16, 68, 42, 48, 73, 52]",[],"{""cosine_cluster"": [-1, -1, -1, -1, -1, -1, -1, -1, -1, -1], ""neup_cluster"": [-1, -1, -1, -1, -1, -1, -1, -1, -1, -1], ""ddif_cluster"": [-1, -1, -1, -1, -1, -1, -1, -1, -1, -1], ""ensemble_cluster"": [-1, -1, -1, -1, -1, -1, -1, -1, -1, -1]}"
64,deepsight,deepsight_final_filter,"[1, 59, 54, 27, 16, 68, 42, 48, 73, 52]",[],"{""n_exceeds"": [4, 2, 10, 11, 9, 9, 28, 14, 5, 13], ""classification_boundary"": 4.75, ""identified_mals"": [1, 1, 0, 0, 0, 0, 0, 0, 0, 0], ""clusters"": [-1, -1, -1, -1, -1, -1, -1, -1, -1, -1], ""deleted_cluster_ids"": []}"
65,deepsight,deepsight_ensemble_cluster,"[3, 2, 64, 16, 56, 97, 80, 33, 71, 91]",[],"{""cosine_cluster"": [-1, -1, -1, -1, -1, -1, -1, -1, -1, -1], ""neup_cluster"": [-1, -1, -1, -1, -1, -1, -1, -1, -1, -1], ""ddif_cluster"": [-1, -1, -1, -1, -1, -1, -1, -1, -1, -1], ""ensemble_cluster"": [-1, -1, -1, -1, -1, -1, -1, -1, -1, -1]}"
65,deepsight,deepsight_final_filter,"[3, 2, 64, 16, 56, 97, 80, 33, 71, 91]",[],"{""n_exceeds"": [20, 10, 28, 8, 17, 22, 20, 1, 1, 8], ""classification_boundary"": 6.75, ""identified_mals"": [0, 0, 0, 0, 0, 0, 0, 1, 1, 0], ""clusters"": [-1, -1, -1, -1, -1, -1, -1, -1, -1, -1], ""deleted_cluster_ids"": []}"
66,deepsight,deepsight_ensemble_cluster,"[0, 35, 96, 40, 1, 8, 94, 5, 57, 48]",[],"{""cosine_cluster"": [-1, -1, -1, -1, -1, -1, -1, -1, -1, -1], ""neup_cluster"": [-1, -1, -1, -1, -1, -1, -1, -1, -1, -1], ""ddif_cluster"": [-1, -1, -1, -1, -1, -1, -1, -1, -1, -1], ""ensemble_cluster"": [-1, -1, -1, -1, -1, -1, -1, -1, -1, -1]}"
66,deepsight,deepsight_final_filter,"[0, 35, 96, 40, 1, 8, 94, 5, 57, 48]",[],"{""n_exceeds"": [2, 11, 16, 3, 13, 14, 25, 22, 14, 15], ""classification_boundary"": 7.0, ""identified_mals"": [1, 0, 0, 1, 0, 0, 0, 0, 0, 0], ""clusters"": [-1, -1, -1, -1, -1, -1, -1, -1, -1, -1], ""deleted_cluster_ids"": []}"
67,deepsight,deepsight_ensemble_cluster,"[3, 6, 20, 31, 16, 7, 94, 55, 40, 57]",[],"{""cosine_cluster"": [-1, -1, -1, -1, -1, -1, -1, -1, -1, -1], ""neup_cluster"": [-1, -1, -1, -1, -1, -1, -1, -1, -1, -1], ""ddif_cluster"": [-1, -1, -1, -1, -1, -1, -1, -1, -1, -1], ""ensemble_cluster"": [-1, -1, -1, -1, -1, -1, -1, -1, -1, -1]}"
67,deepsight,deepsight_final_filter,"[3, 6, 20, 31, 16, 7, 94, 55, 40, 57]",[],"{""n_exceeds"": [25, 12, 1, 14, 11, 12, 29, 17, 8, 11], ""classification_boundary"": 6.0, ""identified_mals"": [0, 0, 1, 0, 0, 0, 0, 0, 0, 0], ""clusters"": [-1, -1, -1, -1, -1, -1, -1, -1, -1, -1], ""deleted_cluster_ids"": []}"
68,deepsight,deepsight_ensemble_cluster,"[4, 63, 21, 75, 53, 68, 95, 23, 94, 72]",[],"{""cosine_cluster"": [-1, -1, -1, -1, -1, -1, -1, -1, -1, -1], ""neup_cluster"": [-1, -1, -1, -1, -1, -1, -1, -1, -1, -1], ""ddif_cluster"": [-1, -1, -1, -1, -1, -1, -1, -1, -1, -1], ""ensemble_cluster"": [-1, -1, -1, -1, -1, -1, -1, -1, -1, -1]}"
68,deepsight,deepsight_final_filter,"[4, 63, 21, 75, 53, 68, 95, 23, 94, 72]",[],"{""n_exceeds"": [14, 19, 15, 17, 29, 7, 24, 8, 24, 6], ""classification_boundary"": 8.0, ""identified_mals"": [0, 0, 0, 0, 0, 1, 0, 1, 0, 1], ""clusters"": [-1, -1, -1, -1, -1, -1, -1, -1, -1, -1], ""deleted_cluster_ids"": []}"
69,deepsight,deepsight_ensemble_cluster,"[4, 85, 43, 96, 40, 20, 59, 27, 35, 34]",[],"{""cosine_cluster"": [-1, -1, -1, -1, -1, -1, -1, -1, -1, -1], ""neup_cluster"": [-1, -1, -1, -1, -1, -1, -1, -1, -1, -1], ""ddif_cluster"": [-1, -1, -1, -1, -1, -1, -1, -1, -1, -1], ""ensemble_cluster"": [-1, -1, -1, -1, -1, -1, -1, -1, -1, -1]}"
69,deepsight,deepsight_final_filter,"[4, 85, 43, 96, 40, 20, 59, 27, 35, 34]",[],"{""n_exceeds"": [26, 14, 13, 26, 2, 5, 2, 9, 5, 10], ""classification_boundary"": 4.75, ""identified_mals"": [0, 0, 0, 0, 1, 0, 1, 0, 0, 0], ""clusters"": [-1, -1, -1, -1, -1, -1, -1, -1, -1, -1], ""deleted_cluster_ids"": []}"
70,deepsight,deepsight_ensemble_cluster,"[4, 92, 63, 74, 95, 77, 20, 48, 15, 83]",[],"{""cosine_cluster"": [-1, -1, -1, -1, -1, -1, -1, -1, -1, -1], ""neup_cluster"": [-1, -1, -1, -1, -1, -1, -1, -1, -1, -1], ""ddif_cluster"": [-1, -1, -1, -1, -1, -1, -1, -1, -1, -1], ""ensemble_cluster"": [-1, -1, -1, -1, -1, -1, -1, -1, -1, -1]}"
70,deepsight,deepsight_final_filter,"[4, 92, 63, 74, 95, 77, 20, 48, 15, 83]",[],"{""n_exceeds"": [18, 14, 19, 17, 21, 5, 4, 15, 23, 14], ""classification_boundary"": 8.0, ""identified_mals"": [0, 0, 0, 0, 0, 1, 1, 0, 0, 0], ""clusters"": [-1, -1, -1, -1, -1, -1, -1, -1, -1, -1], ""deleted_cluster_ids"": []}"
71,deepsight,deepsight_ensemble_cluster,"[4, 62, 89, 25, 53, 81, 42, 36, 58, 94]",[],"{""cosine_cluster"": [-1, -1, -1, -1, -1, -1, -1, -1, -1, -1], ""neup_cluster"": [-1, -1, -1, -1, -1, -1, -1, -1, -1, -1], ""ddif_cluster"": [-1, -1, -1, -1, -1, -1, -1, -1, -1, -1], ""ensemble_cluster"": [-1, -1, -1, -1, -1, -1, -1, -1, -1, -1]}"
71,deepsight,deepsight_final_filter,"[4, 62, 89, 25, 53, 81, 42, 36, 58, 94]",[],"{""n_exceeds"": [16, 16, 15, 17, 23, 25, 19, 19, 22, 26], ""classification_boundary"": 9.5, ""identified_mals"": [0, 0, 0, 0, 0, 0, 0, 0, 0, 0], ""clusters"": [-1, -1, -1, -1, -1, -1, -1, -1, -1, -1], ""deleted_cluster_ids"": []}"
72,deepsight,deepsight_ensemble_cluster,"[2, 66, 60, 72, 90, 86, 94, 32, 62, 9]",[],"{""cosine_cluster"": [-1, -1, -1, -1, -1, -1, -1, -1, -1, -1], ""neup_cluster"": [-1, -1, -1, -1, -1, -1, -1, -1, -1, -1], ""ddif_cluster"": [-1, -1, -1, -1, -1, -1, -1, -1, -1, -1], ""ensemble_cluster"": [-1, -1, -1, -1, -1, -1, -1, -1, -1, -1]}"
72,deepsight,deepsight_final_filter,"[2, 66, 60, 72, 90, 86, 94, 32, 62, 9]",[],"{""n_exceeds"": [16, 10, 11, 7, 16, 12, 26, 24, 24, 24], ""classification_boundary"": 8.0, ""identified_mals"": [0, 0, 0, 1, 0, 0, 0, 0, 0, 0], ""clusters"": [-1, -1, -1, -1, -1, -1, -1, -1, -1, -1], ""deleted_cluster_ids"": []}"
73,deepsight,deepsight_ensemble_cluster,"[0, 90, 42, 25, 76, 96, 19, 46, 83, 92]",[],"{""cosine_cluster"": [-1, -1, -1, -1, -1, -1, -1, -1, -1, -1], ""neup_cluster"": [-1, -1, -1, -1, -1, -1, -1, -1, -1, -1], ""ddif_cluster"": [-1, -1, -1, -1, -1, -1, -1, -1, -1, -1], ""ensemble_cluster"": [-1, -1, -1, -1, -1, -1, -1, -1, -1, -1]}"
73,deepsight,deepsight_final_filter,"[0, 90, 42, 25, 76, 96, 19, 46, 83, 92]",[],"{""n_exceeds"": [2, 17, 28, 20, 3, 24, 40, 29, 8, 12], ""classification_boundary"": 9.25, ""identified_mals"": [1, 0, 0, 0, 1, 0, 0, 0, 1, 0], ""clusters"": [-1, -1, -1, -1, -1, -1, -1, -1, -1, -1], ""deleted_cluster_ids"": []}"
74,deepsight,deepsight_ensemble_cluster,"[4, 8, 56, 89, 64, 59, 16, 72, 42, 25]",[],"{""cosine_cluster"": [-1, -1, -1, -1, -1, -1, -1, -1, -1, -1], ""neup_cluster"": [-1, -1, -1, -1, -1, -1, -1, -1, -1, -1], ""ddif_cluster"": [-1, -1, -1, -1, -1, -1, -1, -1, -1, -1], ""ensemble_cluster"": [-1, -1, -1, -1, -1, -1, -1, -1, -1, -1]}"
74,deepsight,deepsight_final_filter,"[4, 8, 56, 89, 64, 59, 16, 72, 42, 25]",[],"{""n_exceeds"": [7, 16, 25, 26, 24, 3, 7, 8, 27, 17], ""classification_boundary"": 8.25, ""identified_mals"": [1, 0, 0, 0, 0, 1, 1, 1, 0, 0], ""clusters"": [-1, -1, -1, -1, -1, -1, -1, -1, -1, -1], ""deleted_cluster_ids"": [-1]}"
75,deepsight,deepsight_ensemble_cluster,"[3, 0, 99, 82, 14, 61, 38, 29, 90, 2]",[],"{""cosine_cluster"": [-1, -1, -1, -1, -1, -1, -1, -1, -1, -1], ""neup_cluster"": [-1, -1, -1, -1, -1, -1, -1, -1, -1, -1], ""ddif_cluster"": [-1, -1, -1, -1, -1, -1, -1, -1, -1, -1], ""ensemble_cluster"": [-1, -1, -1, -1, -1, -1, -1, -1, -1, -1]}"
75,deepsight,deepsight_final_filter,"[3, 0, 99, 82, 14, 61, 38, 29, 90, 2]",[],"{""n_exceeds"": [24, 2, 12, 15, 21, 6, 26, 12, 22, 15], ""classification_boundary"": 7.5, ""identified_mals"": [0, 1, 0, 0, 0, 1, 0, 0, 0, 0], ""clusters"": [-1, -1, -1, -1, -1, -1, -1, -1, -1, -1], ""deleted_cluster_ids"": []}"
76,deepsight,deepsight_ensemble_cluster,"[2, 8, 21, 45, 49, 6, 38, 16, 26, 13]",[],"{""cosine_cluster"": [-1, -1, -1, -1, -1, -1, -1, -1, -1, -1], ""neup_cluster"": [-1, -1, -1, -1, -1, -1, -1, -1, -1, -1], ""ddif_cluster"": [-1, -1, -1, -1, -1, -1, -1, -1, -1, -1], ""ensemble_cluster"": [-1, -1, -1, -1, -1, -1, -1, -1, -1, -1]}"
76,deepsight,deepsight_final_filter,"[2, 8, 21, 45, 49, 6, 38, 16, 26, 13]",[],"{""n_exceeds"": [13, 10, 10, 17, 24, 11, 16, 12, 5, 6], ""classification_boundary"": 5.75, ""identified_mals"": [0, 0, 0, 0, 0, 0, 0, 0, 1, 0], ""clusters"": [-1, -1, -1, -1, -1, -1, -1, -1, -1, -1], ""deleted_cluster_ids"": []}"
77,deepsight,deepsight_ensemble_cluster,"[3, 88, 51, 64, 60, 46, 19, 62, 0, 57]",[],"{""cosine_cluster"": [-1, -1, -1, -1, -1, -1, -1, -1, -1, -1], ""neup_cluster"": [-1, -1, -1, -1, -1, -1, -1, -1, -1, -1], ""ddif_cluster"": [-1, -1, -1, -1, -1, -1, -1, -1, -1, -1], ""ensemble_cluster"": [-1, -1, -1, -1, -1, -1, -1, -1, -1, -1]}"
77,deepsight,deepsight_final_filter,"[3, 88, 51, 64, 60, 46, 19, 62, 0, 57]",[],"{""n_exceeds"": [17, 15, 3, 21, 5, 28, 27, 33, 2, 13], ""classification_boundary"": 8.0, ""identified_mals"": [0, 0, 1, 0, 1, 0, 0, 0, 1, 0], ""clusters"": [-1, -1, -1, -1, -1, -1, -1, -1, -1, -1], ""deleted_cluster_ids"": []}"
78,deepsight,deepsight_ensemble_cluster,"[0, 20, 58, 74, 91, 95, 89, 60, 14, 57]",[],"{""cosine_cluster"": [-1, -1, -1, -1, -1, -1, -1, -1, -1, -1], ""neup_cluster"": [-1, -1, -1, -1, -1, -1, -1, -1, -1, -1], ""ddif_cluster"": [-1, -1, -1, -1, -1, -1, -1, -1, -1, -1], ""ensemble_cluster"": [-1, -1, -1, -1, -1, -1, -1, -1, -1, -1]}"
78,deepsight,deepsight_final_filter,"[0, 20, 58, 74, 91, 95, 89, 60, 14, 57]",[],"{""n_exceeds"": [3, 3, 9, 28, 8, 24, 19, 8, 22, 13], ""classification_boundary"": 5.5, ""identified_mals"": [1, 1, 0, 0, 0, 0, 0, 0, 0, 0], ""clusters"": [-1, -1, -1, -1, -1, -1, -1, -1, -1, -1], ""deleted_cluster_ids"": []}"
79,deepsight,deepsight_ensemble_cluster,"[3, 28, 95, 42, 1, 53, 98, 38, 23, 90]",[],"{""cosine_cluster"": [-1, -1, -1, -1, -1, -1, -1, -1, -1, -1], ""neup_cluster"": [-1, -1, -1, -1, -1, -1, -1, -1, -1, -1], ""ddif_cluster"": [-1, -1, -1, -1, -1, -1, -1, -1, -1, -1], ""ensemble_cluster"": [-1, -1, -1, -1, -1, -1, -1, -1, -1, -1]}"
79,deepsight,deepsight_final_filter,"[3, 28, 95, 42, 1, 53, 98, 38, 23, 90]",[],"{""n_exceeds"": [28, 13, 25, 22, 7, 31, 8, 16, 9, 18], ""classification_boundary"": 8.5, ""identified_mals"": [0, 0, 0, 0, 1, 0, 1, 0, 0, 0], ""clusters"": [-1, -1, -1, -1, -1, -1, -1, -1, -1, -1], ""deleted_cluster_ids"": []}"
80,deepsight,deepsight_ensemble_cluster,"[3, 21, 73, 93, 78, 4, 89, 38, 27, 66]",[],"{""cosine_cluster"": [-1, -1, -1, -1, -1, -1, -1, -1, -1, -1], ""neup_cluster"": [-1, -1, -1, -1, -1, -1, -1, -1, -1, -1], ""ddif_cluster"": [-1, -1, -1, -1, -1, -1, -1, -1, -1, -1], ""ensemble_cluster"": [-1, -1, -1, -1, -1, -1, -1, -1, -1, -1]}"
80,deepsight,deepsight_final_filter,"[3, 21, 73, 93, 78, 4, 89, 38, 27, 66]",[],"{""n_exceeds"": [27, 12, 7, 16, 22, 22, 15, 18, 8, 15], ""classification_boundary"": 7.75, ""identified_mals"": [0, 0, 1, 0, 0, 0, 0, 0, 0, 0], ""clusters"": [-1, -1, -1, -1, -1, -1, -1, -1, -1, -1], ""deleted_cluster_ids"": []}"
81,deepsight,deepsight_ensemble_cluster,"[4, 81, 13, 63, 93, 53, 60, 51, 18, 22]",[],"{""cosine_cluster"": [-1, -1, -1, -1, -1, -1, -1, -1, -1, -1], ""neup_cluster"": [-1, -1, -1, -1, -1, -1, -1, -1, -1, -1], ""ddif_cluster"": [-1, -1, -1, -1, -1, -1, -1, -1, -1, -1], ""ensemble_cluster"": [-1, -1, -1, -1, -1, -1, -1, -1, -1, -1]}"
81,deepsight,deepsight_final_filter,"[4, 81, 13, 63, 93, 53, 60, 51, 18, 22]",[],"{""n_exceeds"": [31, 20, 7, 23, 18, 23, 8, 4, 22, 18], ""classification_boundary"": 9.5, ""identified_mals"": [0, 0, 1, 0, 0, 0, 1, 1, 0, 0], ""clusters"": [-1, -1, -1, -1, -1, -1, -1, -1, -1, -1], ""deleted_cluster_ids"": []}"
82,deepsight,deepsight_ensemble_cluster,"[3, 5, 19, 95, 45, 40, 32, 10, 51, 82]",[],"{""cosine_cluster"": [-1, -1, -1, -1, -1, -1, -1, -1, -1, -1], ""neup_cluster"": [-1, -1, -1, -1, -1, -1, -1, -1, -1, -1], ""ddif_cluster"": [-1, -1, -1, -1, -1, -1, -1, -1, -1, -1], ""ensemble_cluster"": [-1, -1, -1, -1, -1, -1, -1, -1, -1, -1]}"
82,deepsight,deepsight_final_filter,"[3, 5, 19, 95, 45, 40, 32, 10, 51, 82]",[],"{""n_exceeds"": [25, 21, 34, 22, 16, 6, 29, 5, 5, 13], ""classification_boundary"": 9.25, ""identified_mals"": [0, 0, 0, 0, 0, 1, 0, 1, 1, 0], ""clusters"": [-1, -1, -1, -1, -1, -1, -1, -1, -1, -1], ""deleted_cluster_ids"": []}"
83,deepsight,deepsight_ensemble_cluster,"[1, 74, 9, 41, 66, 40, 54, 35, 62, 17]",[],"{""cosine_cluster"": [-1, -1, -1, -1, -1, -1, -1, -1, -1, -1], ""neup_cluster"": [-1, -1, -1, -1, -1, -1, -1, -1, -1, -1], ""ddif_cluster"": [-1, -1, -1, -1, -1, -1, -1, -1, -1, -1], ""ensemble_cluster"": [-1, -1, -1, -1, -1, -1, -1, -1, -1, -1]}"
83,deepsight,deepsight_final_filter,"[1, 74, 9, 41, 66, 40, 54, 35, 62, 17]",[],"{""n_exceeds"": [13, 15, 21, 7, 18, 4, 8, 7, 26, 12], ""classification_boundary"": 6.25, ""identified_mals"": [0, 0, 0, 0, 0, 1, 0, 0, 0, 0], ""clusters"": [-1, -1, -1, -1, -1, -1, -1, -1, -1, -1], ""deleted_cluster_ids"": []}"
84,deepsight,deepsight_ensemble_cluster,"[2, 54, 7, 37, 50, 60, 66, 21, 84, 6]",[],"{""cosine_cluster"": [-1, -1, -1, -1, -1, -1, -1, -1, -1, -1], ""neup_cluster"": [-1, -1, -1, -1, -1, -1, -1, -1, -1, -1], ""ddif_cluster"": [-1, -1, -1, -1, -1, -1, -1, -1, -1, -1], ""ensemble_cluster"": [-1, -1, -1, -1, -1, -1, -1, -1, -1, -1]}"
84,deepsight,deepsight_final_filter,"[2, 54, 7, 37, 50, 60, 66, 21, 84, 6]",[],"{""n_exceeds"": [13, 8, 17, 23, 19, 9, 13, 15, 17, 18], ""classification_boundary"": 8.0, ""identified_mals"": [0, 1, 0, 0, 0, 0, 0, 0, 0, 0], ""clusters"": [-1, -1, -1, -1, -1, -1, -1, -1, -1, -1], ""deleted_cluster_ids"": []}"
85,deepsight,deepsight_ensemble_cluster,"[1, 56, 80, 3, 51, 89, 14, 41, 91, 90]",[],"{""cosine_cluster"": [-1, -1, -1, -1, -1, -1, -1, -1, -1, -1], ""neup_cluster"": [-1, -1, -1, -1, -1, -1, -1, -1, -1, -1], ""ddif_cluster"": [-1, -1, -1, -1, -1, -1, -1, -1, -1, -1], ""ensemble_cluster"": [-1, -1, -1, -1, -1, -1, -1, -1, -1, -1]}"
85,deepsight,deepsight_final_filter,"[1, 56, 80, 3, 51, 89, 14, 41, 91, 90]",[],"{""n_exceeds"": [6, 20, 18, 17, 5, 25, 18, 5, 7, 15], ""classification_boundary"": 8.0, ""identified_mals"": [1, 0, 0, 0, 1, 0, 0, 1, 1, 0], ""clusters"": [-1, -1, -1, -1, -1, -1, -1, -1, -1, -1], ""deleted_cluster_ids"": [-1]}"
86,deepsight,deepsight_ensemble_cluster,"[2, 5, 85, 24, 51, 9, 31, 33, 4, 90]",[],"{""cosine_cluster"": [-1, -1, -1, -1, -1, -1, -1, -1, -1, -1], ""neup_cluster"": [-1, -1, -1, -1, -1, -1, -1, -1, -1, -1], ""ddif_cluster"": [-1, -1, -1, -1, -1, -1, -1, -1, -1, -1], ""ensemble_cluster"": [-1, -1, -1, -1, -1, -1, -1, -1, -1, -1]}"
86,deepsight,deepsight_final_filter,"[2, 5, 85, 24, 51, 9, 31, 33, 4, 90]",[],"{""n_exceeds"": [16, 25, 11, 29, 4, 24, 15, 1, 24, 25], ""classification_boundary"": 10.0, ""identified_mals"": [0, 0, 0, 0, 1, 0, 0, 1, 0, 0], ""clusters"": [-1, -1, -1, -1, -1, -1, -1, -1, -1, -1], ""deleted_cluster_ids"": []}"
87,deepsight,deepsight_ensemble_cluster,"[4, 61, 29, 12, 18, 20, 99, 87, 8, 92]",[],"{""cosine_cluster"": [-1, -1, -1, -1, -1, -1, -1, -1, -1, -1], ""neup_cluster"": [-1, -1, -1, -1, -1, -1, -1, -1, -1, -1], ""ddif_cluster"": [-1, -1, -1, -1, -1, -1, -1, -1, -1, -1], ""ensemble_cluster"": [-1, -1, -1, -1, -1, -1, -1, -1, -1, -1]}"
87,deepsight,deepsight_final_filter,"[4, 61, 29, 12, 18, 20, 99, 87, 8, 92]",[],"{""n_exceeds"": [18, 9, 8, 21, 22, 3, 12, 23, 15, 15], ""classification_boundary"": 7.5, ""identified_mals"": [0, 0, 0, 0, 0, 1, 0, 0, 0, 0], ""clusters"": [-1, -1, -1, -1, -1, -1, -1, -1, -1, -1], ""deleted_cluster_ids"": []}"
88,deepsight,deepsight_ensemble_cluster,"[3, 50, 57, 56, 52, 42, 37, 84, 0, 30]",[],"{""cosine_cluster"": [-1, -1, -1, -1, -1, -1, -1, -1, -1, -1], ""neup_cluster"": [-1, -1, -1, -1, -1, -1, -1, -1, -1, -1], ""ddif_cluster"": [-1, -1, -1, -1, -1, -1, -1, -1, -1, -1], ""ensemble_cluster"": [-1, -1, -1, -1, -1, -1, -1, -1, -1, -1]}"
88,deepsight,deepsight_final_filter,"[3, 50, 57, 56, 52, 42, 37, 84, 0, 30]",[],"{""n_exceeds"": [26, 25, 12, 19, 19, 21, 29, 11, 2, 15], ""classification_boundary"": 9.5, ""identified_mals"": [0, 0, 0, 0, 0, 0, 0, 0, 1, 0], ""clusters"": [-1, -1, -1, -1, -1, -1, -1, -1, -1, -1], ""deleted_cluster_ids"": []}"
89,deepsight,deepsight_ensemble_cluster,"[1, 36, 21, 81, 84, 15, 89, 53, 73, 29]",[],"{""cosine_cluster"": [-1, -1, -1, -1, -1, -1, -1, -1, -1, -1], ""neup_cluster"": [-1, -1, -1, -1, -1, -1, -1, -1, -1, -1], ""ddif_cluster"": [-1, -1, -1, -1, -1, -1, -1, -1, -1, -1], ""ensemble_cluster"": [-1, -1, -1, -1, -1, -1, -1, -1, -1, -1]}"
89,deepsight,deepsight_final_filter,"[1, 36, 21, 81, 84, 15, 89, 53, 73, 29]",[],"{""n_exceeds"": [14, 28, 13, 20, 9, 25, 19, 25, 7, 15], ""classification_boundary"": 8.5, ""identified_mals"": [0, 0, 0, 0, 0, 0, 0, 0, 1, 0], ""clusters"": [-1, -1, -1, -1, -1, -1, -1, -1, -1, -1], ""deleted_cluster_ids"": []}"
90,deepsight,deepsight_ensemble_cluster,"[2, 29, 90, 22, 65, 96, 56, 10, 60, 71]",[],"{""cosine_cluster"": [-1, -1, -1, -1, -1, -1, -1, -1, -1, -1], ""neup_cluster"": [-1, -1, -1, -1, -1, -1, -1, -1, -1, -1], ""ddif_cluster"": [-1, -1, -1, -1, -1, -1, -1, -1, -1, -1], ""ensemble_cluster"": [-1, -1, -1, -1, -1, -1, -1, -1, -1, -1]}"
90,deepsight,deepsight_final_filter,"[2, 29, 90, 22, 65, 96, 56, 10, 60, 71]",[],"{""n_exceeds"": [11, 22, 21, 14, 17, 13, 20, 4, 5, 1], ""classification_boundary"": 6.75, ""identified_mals"": [0, 0, 0, 0, 0, 0, 0, 1, 1, 1], ""clusters"": [-1, -1, -1, -1, -1, -1, -1, -1, -1, -1], ""deleted_cluster_ids"": []}"
91,deepsight,deepsight_ensemble_cluster,"[0, 47, 71, 9, 31, 67, 5, 43, 58, 29]",[],"{""cosine_cluster"": [-1, -1, -1, -1, -1, -1, -1, -1, -1, -1], ""neup_cluster"": [-1, -1, -1, -1, -1, -1, -1, -1, -1, -1], ""ddif_cluster"": [-1, -1, -1, -1, -1, -1, -1, -1, -1, -1], ""ensemble_cluster"": [-1, -1, -1, -1, -1, -1, -1, -1, -1, -1]}"
91,deepsight,deepsight_final_filter,"[0, 47, 71, 9, 31, 67, 5, 43, 58, 29]",[],"{""n_exceeds"": [2, 14, 1, 20, 15, 12, 17, 10, 28, 28], ""classification_boundary"": 7.25, ""identified_mals"": [1, 0, 1, 0, 0, 0, 0, 0, 0, 0], ""clusters"": [-1, -1, -1, -1, -1, -1, -1, -1, -1, -1], ""deleted_cluster_ids"": []}"
92,deepsight,deepsight_ensemble_cluster,"[1, 15, 29, 49, 57, 72, 97, 84, 50, 38]",[],"{""cosine_cluster"": [-1, -1, -1, -1, -1, -1, -1, -1, -1, -1], ""neup_cluster"": [-1, -1, -1, -1, -1, -1, -1, -1, -1, -1], ""ddif_cluster"": [-1, -1, -1, -1, -1, -1, -1, -1, -1, -1], ""ensemble_cluster"": [-1, -1, -1, -1, -1, -1, -1, -1, -1, -1]}"
92,deepsight,deepsight_final_filter,"[1, 15, 29, 49, 57, 72, 97, 84, 50, 38]",[],"{""n_exceeds"": [6, 22, 17, 28, 14, 7, 15, 15, 21, 19], ""classification_boundary"": 8.0, ""identified_mals"": [1, 0, 0, 0, 0, 1, 0, 0, 0, 0], ""clusters"": [-1, -1, -1, -1, -1, -1, -1, -1, -1, -1], ""deleted_cluster_ids"": []}"
93,deepsight,deepsight_ensemble_cluster,"[2, 43, 48, 18, 53, 15, 41, 16, 4, 57]",[],"{""cosine_cluster"": [-1, -1, -1, -1, -1, -1, -1, -1, -1, -1], ""neup_cluster"": [-1, -1, -1, -1, -1, -1, -1, -1, -1, -1], ""ddif_cluster"": [-1, -1, -1, -1, -1, -1, -1, -1, -1, -1], ""ensemble_cluster"": [-1, -1, -1, -1, -1, -1, -1, -1, -1, -1]}"
93,deepsight,deepsight_final_filter,"[2, 43, 48, 18, 53, 15, 41, 16, 4, 57]",[],"{""n_exceeds"": [14, 12, 16, 26, 25, 18, 4, 11, 24, 11], ""classification_boundary"": 7.5, ""identified_mals"": [0, 0, 0, 0, 0, 0, 1, 0, 0, 0], ""clusters"": [-1, -1, -1, -1, -1, -1, -1, -1, -1, -1], ""deleted_cluster_ids"": []}"
94,deepsight,deepsight_ensemble_cluster,"[0, 95, 45, 86, 47, 64, 2, 21, 80, 48]",[],"{""cosine_cluster"": [-1, -1, -1, -1, -1, -1, -1, -1, -1, -1], ""neup_cluster"": [-1, -1, -1, -1, -1, -1, -1, -1, -1, -1], ""ddif_cluster"": [-1, -1, -1, -1, -1, -1, -1, -1, -1, -1], ""ensemble_cluster"": [-1, -1, -1, -1, -1, -1, -1, -1, -1, -1]}"
94,deepsight,deepsight_final_filter,"[0, 95, 45, 86, 47, 64, 2, 21, 80, 48]",[],"{""n_exceeds"": [3, 23, 13, 15, 14, 25, 10, 14, 17, 9], ""classification_boundary"": 7.0, ""identified_mals"": [1, 0, 0, 0, 0, 0, 0, 0, 0, 0], ""clusters"": [-1, -1, -1, -1, -1, -1, -1, -1, -1, -1], ""deleted_cluster_ids"": []}"
95,deepsight,deepsight_ensemble_cluster,"[0, 72, 52, 69, 64, 35, 38, 12, 17, 99]",[],"{""cosine_cluster"": [-1, -1, -1, -1, -1, -1, -1, -1, -1, -1], ""neup_cluster"": [-1, -1, -1, -1, -1, -1, -1, -1, -1, -1], ""ddif_cluster"": [-1, -1, -1, -1, -1, -1, -1, -1, -1, -1], ""ensemble_cluster"": [-1, -1, -1, -1, -1, -1, -1, -1, -1, -1]}"
95,deepsight,deepsight_final_filter,"[0, 72, 52, 69, 64, 35, 38, 12, 17, 99]",[],"{""n_exceeds"": [2, 4, 12, 19, 19, 5, 11, 15, 20, 10], ""classification_boundary"": 5.75, ""identified_mals"": [1, 1, 0, 0, 0, 1, 0, 0, 0, 0], ""clusters"": [-1, -1, -1, -1, -1, -1, -1, -1, -1, -1], ""deleted_cluster_ids"": []}"
96,deepsight,deepsight_ensemble_cluster,"[1, 44, 87, 76, 75, 90, 70, 56, 84, 23]",[],"{""cosine_cluster"": [-1, -1, -1, -1, -1, -1, -1, -1, -1, -1], ""neup_cluster"": [-1, -1, -1, -1, -1, -1, -1, -1, -1, -1], ""ddif_cluster"": [-1, -1, -1, -1, -1, -1, -1, -1, -1, -1], ""ensemble_cluster"": [-1, -1, -1, -1, -1, -1, -1, -1, -1, -1]}"
96,deepsight,deepsight_final_filter,"[1, 44, 87, 76, 75, 90, 70, 56, 84, 23]",[],"{""n_exceeds"": [18, 11, 18, 2, 20, 19, 14, 22, 14, 10], ""classification_boundary"": 8.0, ""identified_mals"": [0, 0, 0, 1, 0, 0, 0, 0, 0, 0], ""clusters"": [-1, -1, -1, -1, -1, -1, -1, -1, -1, -1], ""deleted_cluster_ids"": []}"
97,deepsight,deepsight_ensemble_cluster,"[2, 72, 51, 77, 20, 52, 32, 41, 56, 4]",[],"{""cosine_cluster"": [-1, -1, -1, -1, -1, -1, -1, -1, -1, -1], ""neup_cluster"": [-1, -1, -1, -1, -1, -1, -1, -1, -1, -1], ""ddif_cluster"": [-1, -1, -1, -1, -1, -1, -1, -1, -1, -1], ""ensemble_cluster"": [-1, -1, -1, -1, -1, -1, -1, -1, -1, -1]}"
97,deepsight,deepsight_final_filter,"[2, 72, 51, 77, 20, 52, 32, 41, 56, 4]",[],"{""n_exceeds"": [12, 7, 7, 6, 3, 14, 18, 6, 19, 29], ""classification_boundary"": 4.75, ""identified_mals"": [0, 0, 0, 0, 1, 0, 0, 0, 0, 0], ""clusters"": [-1, -1, -1, -1, -1, -1, -1, -1, -1, -1], ""deleted_cluster_ids"": []}"
98,deepsight,deepsight_ensemble_cluster,"[0, 50, 83, 24, 43, 86, 45, 9, 47, 12]",[],"{""cosine_cluster"": [-1, -1, -1, -1, -1, -1, -1, -1, -1, -1], ""neup_cluster"": [-1, -1, -1, -1, -1, -1, -1, -1, -1, -1], ""ddif_cluster"": [-1, -1, -1, -1, -1, -1, -1, -1, -1, -1], ""ensemble_cluster"": [-1, -1, -1, -1, -1, -1, -1, -1, -1, -1]}"
98,deepsight,deepsight_final_filter,"[0, 50, 83, 24, 43, 86, 45, 9, 47, 12]",[],"{""n_exceeds"": [2, 23, 11, 22, 14, 11, 13, 18, 12, 18], ""classification_boundary"": 6.75, ""identified_mals"": [1, 0, 0, 0, 0, 0, 0, 0, 0, 0], ""clusters"": [-1, -1, -1, -1, -1, -1, -1, -1, -1, -1], ""deleted_cluster_ids"": []}"
99,deepsight,deepsight_ensemble_cluster,"[3, 98, 76, 97, 58, 89, 47, 10, 75, 26]",[],"{""cosine_cluster"": [-1, -1, -1, -1, -1, -1, -1, -1, -1, -1], ""neup_cluster"": [-1, -1, -1, -1, -1, -1, -1, -1, -1, -1], ""ddif_cluster"": [-1, -1, -1, -1, -1, -1, -1, -1, -1, -1], ""ensemble_cluster"": [-1, -1, -1, -1, -1, -1, -1, -1, -1, -1]}"
99,deepsight,deepsight_final_filter,"[3, 98, 76, 97, 58, 89, 47, 10, 75, 26]",[],"{""n_exceeds"": [21, 10, 2, 16, 16, 20, 14, 5, 17, 6], ""classification_boundary"": 7.5, ""identified_mals"": [0, 0, 1, 0, 0, 0, 0, 1, 0, 1], ""clusters"": [-1, -1, -1, -1, -1, -1, -1, -1, -1, -1], ""deleted_cluster_ids"": []}"
100,deepsight,deepsight_ensemble_cluster,"[3, 67, 33, 76, 43, 28, 9, 23, 59, 26]",[],"{""cosine_cluster"": [-1, -1, -1, -1, -1, -1, -1, -1, -1, -1], ""neup_cluster"": [-1, -1, -1, -1, -1, -1, -1, -1, -1, -1], ""ddif_cluster"": [-1, -1, -1, -1, -1, -1, -1, -1, -1, -1], ""ensemble_cluster"": [-1, -1, -1, -1, -1, -1, -1, -1, -1, -1]}"
100,deepsight,deepsight_final_filter,"[3, 67, 33, 76, 43, 28, 9, 23, 59, 26]",[],"{""n_exceeds"": [28, 12, 1, 1, 18, 9, 31, 8, 3, 7], ""classification_boundary"": 4.25, ""identified_mals"": [0, 0, 1, 1, 0, 0, 0, 0, 1, 0], ""clusters"": [-1, -1, -1, -1, -1, -1, -1, -1, -1, -1], ""deleted_cluster_ids"": []}"
101,deepsight,deepsight_ensemble_cluster,"[2, 98, 33, 43, 68, 83, 3, 86, 9, 80]",[],"{""cosine_cluster"": [-1, -1, -1, -1, -1, -1, -1, -1, -1, -1], ""neup_cluster"": [-1, -1, -1, -1, -1, -1, -1, -1, -1, -1], ""ddif_cluster"": [-1, -1, -1, -1, -1, -1, -1, -1, -1, -1], ""ensemble_cluster"": [-1, -1, -1, -1, -1, -1, -1, -1, -1, -1]}"
101,deepsight,deepsight_final_filter,"[2, 98, 33, 43, 68, 83, 3, 86, 9, 80]",[],"{""n_exceeds"": [10, 22, 1, 14, 5, 13, 34, 16, 36, 19], ""classification_boundary"": 7.5, ""identified_mals"": [0, 0, 1, 0, 1, 0, 0, 0, 0, 0], ""clusters"": [-1, -1, -1, -1, -1, -1, -1, -1, -1, -1], ""deleted_cluster_ids"": []}"
102,deepsight,deepsight_ensemble_cluster,"[3, 55, 89, 21, 15, 26, 35, 54, 98, 12]",[],"{""cosine_cluster"": [-1, -1, -1, -1, -1, -1, -1, -1, -1, -1], ""neup_cluster"": [-1, -1, -1, -1, -1, -1, -1, -1, -1, -1], ""ddif_cluster"": [-1, -1, -1, -1, -1, -1, -1, -1, -1, -1], ""ensemble_cluster"": [-1, -1, -1, -1, -1, -1, -1, -1, -1, -1]}"
102,deepsight,deepsight_final_filter,"[3, 55, 89, 21, 15, 26, 35, 54, 98, 12]",[],"{""n_exceeds"": [31, 14, 21, 10, 24, 11, 8, 12, 19, 25], ""classification_boundary"": 8.25, ""identified_mals"": [0, 0, 0, 0, 0, 0, 1, 0, 0, 0], ""clusters"": [-1, -1, -1, -1, -1, -1, -1, -1, -1, -1], ""deleted_cluster_ids"": []}"
103,deepsight,deepsight_ensemble_cluster,"[3, 36, 88, 49, 10, 41, 20, 90, 56, 99]",[],"{""cosine_cluster"": [-1, -1, -1, -1, -1, -1, -1, -1, -1, -1], ""neup_cluster"": [-1, -1, -1, -1, -1, -1, -1, -1, -1, -1], ""ddif_cluster"": [-1, -1, -1, -1, -1, -1, -1, -1, -1, -1], ""ensemble_cluster"": [-1, -1, -1, -1, -1, -1, -1, -1, -1, -1]}"
103,deepsight,deepsight_final_filter,"[3, 36, 88, 49, 10, 41, 20, 90, 56, 99]",[],"{""n_exceeds"": [33, 24, 14, 32, 4, 4, 3, 26, 20, 16], ""classification_boundary"": 9.0, ""identified_mals"": [0, 0, 0, 0, 1, 1, 1, 0, 0, 0], ""clusters"": [-1, -1, -1, -1, -1, -1, -1, -1, -1, -1], ""deleted_cluster_ids"": []}"
104,deepsight,deepsight_ensemble_cluster,"[2, 32, 20, 19, 17, 87, 34, 58, 6, 95]",[],"{""cosine_cluster"": [-1, -1, -1, -1, -1, -1, -1, -1, -1, -1], ""neup_cluster"": [-1, -1, -1, -1, -1, -1, -1, -1, -1, -1], ""ddif_cluster"": [-1, -1, -1, -1, -1, -1, -1, -1, -1, -1], ""ensemble_cluster"": [-1, -1, -1, -1, -1, -1, -1, -1, -1, -1]}"
104,deepsight,deepsight_final_filter,"[2, 32, 20, 19, 17, 87, 34, 58, 6, 95]",[],"{""n_exceeds"": [6, 28, 2, 39, 9, 23, 12, 14, 11, 25], ""classification_boundary"": 6.5, ""identified_mals"": [1, 0, 1, 0, 0, 0, 0, 0, 0, 0], ""clusters"": [-1, -1, -1, -1, -1, -1, -1, -1, -1, -1], ""deleted_cluster_ids"": []}"
105,deepsight,deepsight_ensemble_cluster,"[4, 13, 0, 14, 35, 68, 89, 22, 75, 93]",[],"{""cosine_cluster"": [-1, -1, -1, -1, -1, -1, -1, -1, -1, -1], ""neup_cluster"": [-1, -1, -1, -1, -1, -1, -1, -1, -1, -1], ""ddif_cluster"": [-1, -1, -1, -1, -1, -1, -1, -1, -1, -1], ""ensemble_cluster"": [-1, -1, -1, -1, -1, -1, -1, -1, -1, -1]}"
105,deepsight,deepsight_final_filter,"[4, 13, 0, 14, 35, 68, 89, 22, 75, 93]",[],"{""n_exceeds"": [10, 6, 8, 16, 5, 8, 24, 20, 18, 26], ""classification_boundary"": 6.5, ""identified_mals"": [0, 1, 0, 0, 1, 0, 0, 0, 0, 0], ""clusters"": [-1, -1, -1, -1, -1, -1, -1, -1, -1, -1], ""deleted_cluster_ids"": []}"
106,deepsight,deepsight_ensemble_cluster,"[3, 10, 79, 72, 69, 35, 6, 77, 85, 33]",[],"{""cosine_cluster"": [-1, -1, -1, -1, -1, -1, -1, -1, -1, -1], ""neup_cluster"": [-1, -1, -1, -1, -1, -1, -1, -1, -1, -1], ""ddif_cluster"": [-1, -1, -1, -1, -1, -1, -1, -1, -1, -1], ""ensemble_cluster"": [-1, -1, -1, -1, -1, -1, -1, -1, -1, -1]}"
106,deepsight,deepsight_final_filter,"[3, 10, 79, 72, 69, 35, 6, 77, 85, 33]",[],"{""n_exceeds"": [35, 4, 9, 6, 19, 5, 10, 6, 18, 1], ""classification_boundary"": 3.75, ""identified_mals"": [0, 0, 0, 0, 0, 0, 0, 0, 0, 1], ""clusters"": [-1, -1, -1, -1, -1, -1, -1, -1, -1, -1], ""deleted_cluster_ids"": []}"
107,deepsight,deepsight_ensemble_cluster,"[1, 58, 99, 39, 71, 86, 98, 83, 94, 16]",[],"{""cosine_cluster"": [-1, -1, -1, -1, -1, -1, -1, -1, -1, -1], ""neup_cluster"": [-1, -1, -1, -1, -1, -1, -1, -1, -1, -1], ""ddif_cluster"": [-1, -1, -1, -1, -1, -1, -1, -1, -1, -1], ""ensemble_cluster"": [-1, -1, -1, -1, -1, -1, -1, -1, -1, -1]}"
107,deepsight,deepsight_final_filter,"[1, 58, 99, 39, 71, 86, 98, 83, 94, 16]",[],"{""n_exceeds"": [24, 17, 19, 31, 1, 14, 16, 10, 27, 7], ""classification_boundary"": 8.25, ""identified_mals"": [0, 0, 0, 0, 1, 0, 0, 0, 0, 1], ""clusters"": [-1, -1, -1, -1, -1, -1, -1, -1, -1, -1], ""deleted_cluster_ids"": []}"
108,deepsight,deepsight_ensemble_cluster,"[1, 52, 66, 15, 63, 97, 77, 32, 2, 94]",[],"{""cosine_cluster"": [-1, -1, -1, -1, -1, -1, -1, -1, -1, -1], ""neup_cluster"": [-1, -1, -1, -1, -1, -1, -1, -1, -1, -1], ""ddif_cluster"": [-1, -1, -1, -1, -1, -1, -1, -1, -1, -1], ""ensemble_cluster"": [-1, -1, -1, -1, -1, -1, -1, -1, -1, -1]}"
108,deepsight,deepsight_final_filter,"[1, 52, 66, 15, 63, 97, 77, 32, 2, 94]",[],"{""n_exceeds"": [27, 11, 21, 25, 28, 26, 6, 21, 11, 25], ""classification_boundary"": 11.5, ""identified_mals"": [0, 1, 0, 0, 0, 0, 1, 0, 1, 0], ""clusters"": [-1, -1, -1, -1, -1, -1, -1, -1, -1, -1], ""deleted_cluster_ids"": []}"
109,deepsight,deepsight_ensemble_cluster,"[0, 67, 3, 42, 66, 70, 76, 78, 2, 43]",[],"{""cosine_cluster"": [-1, -1, -1, -1, -1, -1, -1, -1, -1, -1], ""neup_cluster"": [-1, -1, -1, -1, -1, -1, -1, -1, -1, -1], ""ddif_cluster"": [-1, -1, -1, -1, -1, -1, -1, -1, -1, -1], ""ensemble_cluster"": [-1, -1, -1, -1, -1, -1, -1, -1, -1, -1]}"
109,deepsight,deepsight_final_filter,"[0, 67, 3, 42, 66, 70, 76, 78, 2, 43]",[],"{""n_exceeds"": [6, 15, 38, 29, 12, 19, 3, 19, 13, 14], ""classification_boundary"": 7.25, ""identified_mals"": [1, 0, 0, 0, 0, 0, 1, 0, 0, 0], ""clusters"": [-1, -1, -1, -1, -1, -1, -1, -1, -1, -1], ""deleted_cluster_ids"": []}"
110,deepsight,deepsight_ensemble_cluster,"[4, 6, 70, 16, 35, 2, 25, 28, 37, 92]",[],"{""cosine_cluster"": [-1, -1, -1, -1, -1, -1, -1, -1, -1, -1], ""neup_cluster"": [-1, -1, -1, -1, -1, -1, -1, -1, -1, -1], ""ddif_cluster"": [-1, -1, -1, -1, -1, -1, -1, -1, -1, -1], ""ensemble_cluster"": [-1, -1, -1, -1, -1, -1, -1, -1, -1, -1]}"
110,deepsight,deepsight_final_filter,"[4, 6, 70, 16, 35, 2, 25, 28, 37, 92]",[],"{""n_exceeds"": [40, 14, 22, 8, 5, 13, 21, 12, 25, 13], ""classification_boundary"": 6.75, ""identified_mals"": [0, 0, 0, 0, 1, 0, 0, 0, 0, 0], ""clusters"": [-1, -1, -1, -1, -1, -1, -1, -1, -1, -1], ""deleted_cluster_ids"": []}"
111,deepsight,deepsight_ensemble_cluster,"[0, 44, 5, 71, 95, 15, 89, 93, 7, 49]",[],"{""cosine_cluster"": [-1, -1, -1, -1, -1, -1, -1, -1, -1, -1], ""neup_cluster"": [-1, -1, -1, -1, -1, -1, -1, -1, -1, -1], ""ddif_cluster"": [-1, -1, -1, -1, -1, -1, -1, -1, -1, -1], ""ensemble_cluster"": [-1, -1, -1, -1, -1, -1, -1, -1, -1, -1]}"
111,deepsight,deepsight_final_filter,"[0, 44, 5, 71, 95, 15, 89, 93, 7, 49]",[],"{""n_exceeds"": [7, 2, 18, 1, 21, 25, 28, 6, 12, 31], ""classification_boundary"": 7.5, ""identified_mals"": [1, 1, 0, 1, 0, 0, 0, 1, 0, 0], ""clusters"": [-1, -1, -1, -1, -1, -1, -1, -1, -1, -1], ""deleted_cluster_ids"": [-1]}"
112,deepsight,deepsight_ensemble_cluster,"[1, 44, 83, 67, 93, 85, 56, 76, 5, 82]",[],"{""cosine_cluster"": [-1, -1, -1, -1, -1, -1, -1, -1, -1, -1], ""neup_cluster"": [-1, -1, -1, -1, -1, -1, -1, -1, -1, -1], ""ddif_cluster"": [-1, -1, -1, -1, -1, -1, -1, -1, -1, -1], ""ensemble_cluster"": [-1, -1, -1, -1, -1, -1, -1, -1, -1, -1]}"
112,deepsight,deepsight_final_filter,"[1, 44, 83, 67, 93, 85, 56, 76, 5, 82]",[],"{""n_exceeds"": [24, 10, 7, 12, 20, 8, 24, 1, 23, 16], ""classification_boundary"": 7.0, ""identified_mals"": [0, 0, 1, 0, 0, 0, 0, 1, 0, 0], ""clusters"": [-1, -1, -1, -1, -1, -1, -1, -1, -1, -1], ""deleted_cluster_ids"": []}"
113,deepsight,deepsight_ensemble_cluster,"[1, 14, 31, 9, 13, 53, 90, 54, 73, 39]",[],"{""cosine_cluster"": [-1, -1, -1, -1, -1, -1, -1, -1, -1, -1], ""neup_cluster"": [-1, -1, -1, -1, -1, -1, -1, -1, -1, -1], ""ddif_cluster"": [-1, -1, -1, -1, -1, -1, -1, -1, -1, -1], ""ensemble_cluster"": [-1, -1, -1, -1, -1, -1, -1, -1, -1, -1]}"
113,deepsight,deepsight_final_filter,"[1, 14, 31, 9, 13, 53, 90, 54, 73, 39]",[],"{""n_exceeds"": [19, 16, 25, 30, 8, 32, 21, 10, 8, 26], ""classification_boundary"": 10.0, ""identified_mals"": [0, 0, 0, 0, 1, 0, 0, 1, 1, 0], ""clusters"": [-1, -1, -1, -1, -1, -1, -1, -1, -1, -1], ""deleted_cluster_ids"": []}"
114,deepsight,deepsight_ensemble_cluster,"[3, 2, 18, 82, 10, 21, 38, 56, 58, 55]",[],"{""cosine_cluster"": [-1, -1, -1, -1, -1, -1, -1, -1, -1, -1], ""neup_cluster"": [-1, -1, -1, -1, -1, -1, -1, -1, -1, -1], ""ddif_cluster"": [-1, -1, -1, -1, -1, -1, -1, -1, -1, -1], ""ensemble_cluster"": [-1, -1, -1, -1, -1, -1, -1, -1, -1, -1]}"
114,deepsight,deepsight_final_filter,"[3, 2, 18, 82, 10, 21, 38, 56, 58, 55]",[],"{""n_exceeds"": [40, 10, 20, 10, 7, 12, 22, 22, 15, 28], ""classification_boundary"": 8.75, ""identified_mals"": [0, 0, 0, 0, 1, 0, 0, 0, 0, 0], ""clusters"": [-1, -1, -1, -1, -1, -1, -1, -1, -1, -1], ""deleted_cluster_ids"": []}"
115,deepsight,deepsight_ensemble_cluster,"[2, 19, 65, 15, 20, 91, 88, 93, 94, 45]",[],"{""cosine_cluster"": [-1, -1, -1, -1, -1, -1, -1, -1, -1, -1], ""neup_cluster"": [-1, -1, -1, -1, -1, -1, -1, -1, -1, -1], ""ddif_cluster"": [-1, -1, -1, -1, -1, -1, -1, -1, -1, -1], ""ensemble_cluster"": [-1, -1, -1, -1, -1, -1, -1, -1, -1, -1]}"
115,deepsight,deepsight_final_filter,"[2, 19, 65, 15, 20, 91, 88, 93, 94, 45]",[],"{""n_exceeds"": [15, 43, 13, 23, 3, 9, 12, 32, 24, 14], ""classification_boundary"": 7.25, ""identified_mals"": [0, 0, 0, 0, 1, 0, 0, 0, 0, 0], ""clusters"": [-1, -1, -1, -1, -1, -1, -1, -1, -1, -1], ""deleted_cluster_ids"": []}"
116,deepsight,deepsight_ensemble_cluster,"[4, 68, 25, 51, 21, 7, 59, 35, 80, 66]",[],"{""cosine_cluster"": [-1, -1, -1, -1, -1, -1, -1, -1, -1, -1], ""neup_cluster"": [-1, -1, -1, -1, -1, -1, -1, -1, -1, -1], ""ddif_cluster"": [-1, -1, -1, -1, -1, -1, -1, -1, -1, -1], ""ensemble_cluster"": [-1, -1, -1, -1, -1, -1, -1, -1, -1, -1]}"
116,deepsight,deepsight_final_filter,"[4, 68, 25, 51, 21, 7, 59, 35, 80, 66]",[],"{""n_exceeds"": [33, 6, 25, 5, 13, 15, 3, 8, 23, 17], ""classification_boundary"": 7.0, ""identified_mals"": [0, 1, 0, 1, 0, 0, 1, 0, 0, 0], ""clusters"": [-1, -1, -1, -1, -1, -1, -1, -1, -1, -1], ""deleted_cluster_ids"": []}"
117,deepsight,deepsight_ensemble_cluster,"[4, 34, 75, 89, 93, 42, 77, 10, 23, 50]",[],"{""cosine_cluster"": [-1, -1, -1, -1, -1, -1, -1, -1, -1, -1], ""neup_cluster"": [-1, -1, -1, -1, -1, -1, -1, -1, -1, -1], ""ddif_cluster"": [-1, -1, -1, -1, -1, -1, -1, -1, -1, -1], ""ensemble_cluster"": [-1, -1, -1, -1, -1, -1, -1, -1, -1, -1]}"
117,deepsight,deepsight_final_filter,"[4, 34, 75, 89, 93, 42, 77, 10, 23, 50]",[],"{""n_exceeds"": [17, 14, 17, 23, 25, 30, 5, 4, 7, 21], ""classification_boundary"": 8.5, ""identified_mals"": [0, 0, 0, 0, 0, 0, 1, 1, 1, 0], ""clusters"": [-1, -1, -1, -1, -1, -1, -1, -1, -1, -1], ""deleted_cluster_ids"": []}"
118,deepsight,deepsight_ensemble_cluster,"[0, 75, 20, 1, 32, 29, 11, 93, 34, 96]",[],"{""cosine_cluster"": [-1, -1, -1, -1, -1, -1, -1, -1, -1, -1], ""neup_cluster"": [-1, -1, -1, -1, -1, -1, -1, -1, -1, -1], ""ddif_cluster"": [-1, -1, -1, -1, -1, -1, -1, -1, -1, -1], ""ensemble_cluster"": [-1, -1, -1, -1, -1, -1, -1, -1, -1, -1]}"
118,deepsight,deepsight_final_filter,"[0, 75, 20, 1, 32, 29, 11, 93, 34, 96]",[],"{""n_exceeds"": [12, 14, 4, 9, 21, 21, 27, 23, 14, 22], ""classification_boundary"": 8.75, ""identified_mals"": [0, 0, 1, 0, 0, 0, 0, 0, 0, 0], ""clusters"": [-1, -1, -1, -1, -1, -1, -1, -1, -1, -1], ""deleted_cluster_ids"": []}"
119,deepsight,deepsight_ensemble_cluster,"[3, 48, 54, 88, 46, 64, 92, 16, 98, 51]",[],"{""cosine_cluster"": [-1, -1, -1, -1, -1, -1, -1, -1, -1, -1], ""neup_cluster"": [-1, -1, -1, -1, -1, -1, -1, -1, -1, -1], ""ddif_cluster"": [-1, -1, -1, -1, -1, -1, -1, -1, -1, -1], ""ensemble_cluster"": [-1, -1, -1, -1, -1, -1, -1, -1, -1, -1]}"
119,deepsight,deepsight_final_filter,"[3, 48, 54, 88, 46, 64, 92, 16, 98, 51]",[],"{""n_exceeds"": [33, 16, 13, 12, 41, 28, 15, 8, 22, 4], ""classification_boundary"": 7.75, ""identified_mals"": [0, 0, 0, 0, 0, 0, 0, 0, 0, 1], ""clusters"": [-1, -1, -1, -1, -1, -1, -1, -1, -1, -1], ""deleted_cluster_ids"": []}"
120,deepsight,deepsight_ensemble_cluster,"[2, 63, 66, 81, 13, 28, 3, 37, 74, 80]",[],"{""cosine_cluster"": [-1, -1, -1, -1, -1, -1, -1, -1, -1, -1], ""neup_cluster"": [-1, -1, -1, -1, -1, -1, -1, -1, -1, -1], ""ddif_cluster"": [-1, -1, -1, -1, -1, -1, -1, -1, -1, -1], ""ensemble_cluster"": [-1, -1, -1, -1, -1, -1, -1, -1, -1, -1]}"
120,deepsight,deepsight_final_filter,"[2, 63, 66, 81, 13, 28, 3, 37, 74, 80]",[],"{""n_exceeds"": [11, 24, 17, 13, 6, 11, 36, 23, 17, 24], ""classification_boundary"": 8.5, ""identified_mals"": [0, 0, 0, 0, 1, 0, 0, 0, 0, 0], ""clusters"": [-1, -1, -1, -1, -1, -1, -1, -1, -1, -1], ""deleted_cluster_ids"": []}"
121,deepsight,deepsight_ensemble_cluster,"[2, 8, 39, 31, 65, 73, 87, 97, 51, 38]",[],"{""cosine_cluster"": [-1, -1, -1, -1, -1, -1, -1, -1, -1, -1], ""neup_cluster"": [-1, -1, -1, -1, -1, -1, -1, -1, -1, -1], ""ddif_cluster"": [-1, -1, -1, -1, -1, -1, -1, -1, -1, -1], ""ensemble_cluster"": [-1, -1, -1, -1, -1, -1, -1, -1, -1, -1]}"
121,deepsight,deepsight_final_filter,"[2, 8, 39, 31, 65, 73, 87, 97, 51, 38]",[],"{""n_exceeds"": [16, 4, 33, 19, 14, 7, 23, 19, 5, 25], ""classification_boundary"": 8.75, ""identified_mals"": [0, 1, 0, 0, 0, 1, 0, 0, 1, 0], ""clusters"": [-1, -1, -1, -1, -1, -1, -1, -1, -1, -1], ""deleted_cluster_ids"": []}"
122,deepsight,deepsight_ensemble_cluster,"[0, 51, 35, 46, 6, 68, 50, 19, 93, 91]",[],"{""cosine_cluster"": [-1, -1, -1, -1, -1, -1, -1, -1, -1, -1], ""neup_cluster"": [-1, -1, -1, -1, -1, -1, -1, -1, -1, -1], ""ddif_cluster"": [-1, -1, -1, -1, -1, -1, -1, -1, -1, -1], ""ensemble_cluster"": [-1, -1, -1, -1, -1, -1, -1, -1, -1, -1]}"
122,deepsight,deepsight_final_filter,"[0, 51, 35, 46, 6, 68, 50, 19, 93, 91]",[],"{""n_exceeds"": [7, 3, 5, 39, 16, 5, 22, 48, 11, 8], ""classification_boundary"": 4.75, ""identified_mals"": [0, 1, 0, 0, 0, 0, 0, 0, 0, 0], ""clusters"": [-1, -1, -1, -1, -1, -1, -1, -1, -1, -1], ""deleted_cluster_ids"": []}"
123,deepsight,deepsight_ensemble_cluster,"[4, 42, 25, 17, 99, 29, 2, 61, 19, 35]",[],"{""cosine_cluster"": [-1, -1, -1, -1, -1, -1, -1, -1, -1, -1], ""neup_cluster"": [-1, -1, -1, -1, -1, -1, -1, -1, -1, -1], ""ddif_cluster"": [-1, -1, -1, -1, -1, -1, -1, -1, -1, -1], ""ensemble_cluster"": [-1, -1, -1, -1, -1, -1, -1, -1, -1, -1]}"
123,deepsight,deepsight_final_filter,"[4, 42, 25, 17, 99, 29, 2, 61, 19, 35]",[],"{""n_exceeds"": [28, 23, 22, 20, 14, 8, 17, 10, 47, 1], ""classification_boundary"": 9.25, ""identified_mals"": [0, 0, 0, 0, 0, 1, 0, 0, 0, 1], ""clusters"": [-1, -1, -1, -1, -1, -1, -1, -1, -1, -1], ""deleted_cluster_ids"": []}"
124,deepsight,deepsight_ensemble_cluster,"[4, 63, 50, 33, 13, 24, 53, 28, 86, 73]",[],"{""cosine_cluster"": [-1, -1, -1, -1, -1, -1, -1, -1, -1, -1], ""neup_cluster"": [-1, -1, -1, -1, -1, -1, -1, -1, -1, -1], ""ddif_cluster"": [-1, -1, -1, -1, -1, -1, -1, -1, -1, -1], ""ensemble_cluster"": [-1, -1, -1, -1, -1, -1, -1, -1, -1, -1]}"
124,deepsight,deepsight_final_filter,"[4, 63, 50, 33, 13, 24, 53, 28, 86, 73]",[],"{""n_exceeds"": [35, 29, 16, 1, 6, 32, 29, 11, 11, 7], ""classification_boundary"": 6.75, ""identified_mals"": [0, 0, 0, 1, 1, 0, 0, 0, 0, 0], ""clusters"": [-1, -1, -1, -1, -1, -1, -1, -1, -1, -1], ""deleted_cluster_ids"": []}"
125,deepsight,deepsight_ensemble_cluster,"[2, 47, 63, 33, 42, 70, 51, 16, 65, 96]",[],"{""cosine_cluster"": [-1, -1, -1, -1, -1, -1, -1, -1, -1, -1], ""neup_cluster"": [-1, -1, -1, -1, -1, -1, -1, -1, -1, -1], ""ddif_cluster"": [-1, -1, -1, -1, -1, -1, -1, -1, -1, -1], ""ensemble_cluster"": [-1, -1, -1, -1, -1, -1, -1, -1, -1, -1]}"
125,deepsight,deepsight_final_filter,"[2, 47, 63, 33, 42, 70, 51, 16, 65, 96]",[],"{""n_exceeds"": [12, 10, 38, 1, 21, 18, 8, 7, 14, 29], ""classification_boundary"": 6.5, ""identified_mals"": [0, 0, 0, 1, 0, 0, 0, 0, 0, 0], ""clusters"": [-1, -1, -1, -1, -1, -1, -1, -1, -1, -1], ""deleted_cluster_ids"": []}"
126,deepsight,deepsight_ensemble_cluster,"[0, 89, 42, 65, 26, 74, 32, 40, 5, 67]",[],"{""cosine_cluster"": [-1, -1, -1, -1, -1, -1, -1, -1, -1, -1], ""neup_cluster"": [-1, -1, -1, -1, -1, -1, -1, -1, -1, -1], ""ddif_cluster"": [-1, -1, -1, -1, -1, -1, -1, -1, -1, -1], ""ensemble_cluster"": [-1, -1, -1, -1, -1, -1, -1, -1, -1, -1]}"
126,deepsight,deepsight_final_filter,"[0, 89, 42, 65, 26, 74, 32, 40, 5, 67]",[],"{""n_exceeds"": [10, 23, 26, 23, 3, 19, 18, 8, 28, 7], ""classification_boundary"": 9.25, ""identified_mals"": [0, 0, 0, 0, 1, 0, 0, 1, 0, 1], ""clusters"": [-1, -1, -1, -1, -1, -1, -1, -1, -1, -1], ""deleted_cluster_ids"": []}"
127,deepsight,deepsight_ensemble_cluster,"[1, 48, 35, 82, 36, 19, 87, 61, 66, 68]",[],"{""cosine_cluster"": [-1, -1, -1, -1, -1, -1, -1, -1, -1, -1], ""neup_cluster"": [-1, -1, -1, -1, -1, -1, -1, -1, -1, -1], ""ddif_cluster"": [-1, -1, -1, -1, -1, -1, -1, -1, -1, -1], ""ensemble_cluster"": [-1, -1, -1, -1, -1, -1, -1, -1, -1, -1]}"
127,deepsight,deepsight_final_filter,"[1, 48, 35, 82, 36, 19, 87, 61, 66, 68]",[],"{""n_exceeds"": [18, 15, 8, 15, 29, 45, 28, 7, 13, 4], ""classification_boundary"": 7.5, ""identified_mals"": [0, 0, 0, 0, 0, 0, 0, 1, 0, 1], ""clusters"": [-1, -1, -1, -1, -1, -1, -1, -1, -1, -1], ""deleted_cluster_ids"": []}"
128,deepsight,deepsight_ensemble_cluster,"[2, 73, 70, 66, 16, 76, 23, 1, 56, 79]",[],"{""cosine_cluster"": [-1, -1, -1, -1, -1, -1, -1, -1, -1, -1], ""neup_cluster"": [-1, -1, -1, -1, -1, -1, -1, -1, -1, -1], ""ddif_cluster"": [-1, -1, -1, -1, -1, -1, -1, -1, -1, -1], ""ensemble_cluster"": [-1, -1, -1, -1, -1, -1, -1, -1, -1, -1]}"
128,deepsight,deepsight_final_filter,"[2, 73, 70, 66, 16, 76, 23, 1, 56, 79]",[],"{""n_exceeds"": [12, 6, 27, 8, 9, 2, 8, 4, 24, 9], ""classification_boundary"": 4.25, ""identified_mals"": [0, 0, 0, 0, 0, 1, 0, 1, 0, 0], ""clusters"": [-1, -1, -1, -1, -1, -1, -1, -1, -1, -1], ""deleted_cluster_ids"": []}"
129,deepsight,deepsight_ensemble_cluster,"[3, 48, 49, 79, 26, 23, 86, 77, 54, 19]",[],"{""cosine_cluster"": [-1, -1, -1, -1, -1, -1, -1, -1, -1, -1], ""neup_cluster"": [-1, -1, -1, -1, -1, -1, -1, -1, -1, -1], ""ddif_cluster"": [-1, -1, -1, -1, -1, -1, -1, -1, -1, -1], ""ensemble_cluster"": [-1, -1, -1, -1, -1, -1, -1, -1, -1, -1]}"
129,deepsight,deepsight_final_filter,"[3, 48, 49, 79, 26, 23, 86, 77, 54, 19]",[],"{""n_exceeds"": [43, 15, 31, 9, 7, 7, 12, 12, 13, 47], ""classification_boundary"": 6.25, ""identified_mals"": [0, 0, 0, 0, 0, 0, 0, 0, 0, 0], ""clusters"": [-1, -1, -1, -1, -1, -1, -1, -1, -1, -1], ""deleted_cluster_ids"": []}"
130,deepsight,deepsight_ensemble_cluster,"[3, 56, 89, 21, 18, 31, 54, 69, 11, 23]",[],"{""cosine_cluster"": [-1, -1, -1, -1, -1, -1, -1, -1, -1, -1], ""neup_cluster"": [-1, -1, -1, -1, -1, -1, -1, -1, -1, -1], ""ddif_cluster"": [-1, -1, -1, -1, -1, -1, -1, -1, -1, -1], ""ensemble_cluster"": [-1, -1, -1, -1, -1, -1, -1, -1, -1, -1]}"
130,deepsight,deepsight_final_filter,"[3, 56, 89, 21, 18, 31, 54, 69, 11, 23]",[],"{""n_exceeds"": [36, 14, 27, 15, 23, 21, 8, 16, 31, 9], ""classification_boundary"": 9.25, ""identified_mals"": [0, 0, 0, 0, 0, 0, 1, 0, 0, 1], ""clusters"": [-1, -1, -1, -1, -1, -1, -1, -1, -1, -1], ""deleted_cluster_ids"": []}"
131,deepsight,deepsight_ensemble_cluster,"[3, 44, 30, 33, 16, 69, 27, 79, 95, 78]",[],"{""cosine_cluster"": [-1, -1, -1, -1, -1, -1, -1, -1, -1, -1], ""neup_cluster"": [-1, -1, -1, -1, -1, -1, -1, -1, -1, -1], ""ddif_cluster"": [-1, -1, -1, -1, -1, -1, -1, -1, -1, -1], ""ensemble_cluster"": [-1, -1, -1, -1, -1, -1, -1, -1, -1, -1]}"
131,deepsight,deepsight_final_filter,"[3, 44, 30, 33, 16, 69, 27, 79, 95, 78]",[],"{""n_exceeds"": [43, 10, 9, 1, 11, 21, 4, 11, 27, 20], ""classification_boundary"": 5.5, ""identified_mals"": [0, 0, 0, 1, 0, 0, 1, 0, 0, 0], ""clusters"": [-1, -1, -1, -1, -1, -1, -1, -1, -1, -1], ""deleted_cluster_ids"": []}"
132,deepsight,deepsight_ensemble_cluster,"[2, 44, 82, 61, 72, 96, 5, 21, 18, 66]",[],"{""cosine_cluster"": [-1, -1, -1, -1, -1, -1, -1, -1, -1, -1], ""neup_cluster"": [-1, -1, -1, -1, -1, -1, -1, -1, -1, -1], ""ddif_cluster"": [-1, -1, -1, -1, -1, -1, -1, -1, -1, -1], ""ensemble_cluster"": [-1, -1, -1, -1, -1, -1, -1, -1, -1, -1]}"
132,deepsight,deepsight_final_filter,"[2, 44, 82, 61, 72, 96, 5, 21, 18, 66]",[],"{""n_exceeds"": [11, 9, 10, 11, 6, 8, 19, 13, 25, 18], ""classification_boundary"": 5.5, ""identified_mals"": [0, 0, 0, 0, 0, 0, 0, 0, 0, 0], ""clusters"": [-1, -1, -1, -1, -1, -1, -1, -1, -1, -1], ""deleted_cluster_ids"": []}"
133,deepsight,deepsight_ensemble_cluster,"[0, 12, 59, 64, 11, 87, 4, 54, 17, 73]",[],"{""cosine_cluster"": [-1, -1, -1, -1, -1, -1, -1, -1, -1, -1], ""neup_cluster"": [-1, -1, -1, -1, -1, -1, -1, -1, -1, -1], ""ddif_cluster"": [-1, -1, -1, -1, -1, -1, -1, -1, -1, -1], ""ensemble_cluster"": [-1, -1, -1, -1, -1, -1, -1, -1, -1, -1]}"
133,deepsight,deepsight_final_filter,"[0, 12, 59, 64, 11, 87, 4, 54, 17, 73]",[],"{""n_exceeds"": [9, 29, 2, 26, 28, 30, 27, 9, 10, 8], ""classification_boundary"": 9.0, ""identified_mals"": [1, 0, 1, 0, 0, 0, 0, 1, 0, 1], ""clusters"": [-1, -1, -1, -1, -1, -1, -1, -1, -1, -1], ""deleted_cluster_ids"": [-1]}"
134,deepsight,deepsight_ensemble_cluster,"[2, 47, 3, 18, 96, 50, 85, 98, 74, 37]",[],"{""cosine_cluster"": [-1, -1, -1, -1, -1, -1, -1, -1, -1, -1], ""neup_cluster"": [-1, -1, -1, -1, -1, -1, -1, -1, -1, -1], ""ddif_cluster"": [-1, -1, -1, -1, -1, -1, -1, -1, -1, -1], ""ensemble_cluster"": [-1, -1, -1, -1, -1, -1, -1, -1, -1, -1]}"
134,deepsight,deepsight_final_filter,"[2, 47, 3, 18, 96, 50, 85, 98, 74, 37]",[],"{""n_exceeds"": [15, 21, 40, 24, 22, 17, 23, 15, 20, 25], ""classification_boundary"": 10.75, ""identified_mals"": [0, 0, 0, 0, 0, 0, 0, 0, 0, 0], ""clusters"": [-1, -1, -1, -1, -1, -1, -1, -1, -1, -1], ""deleted_cluster_ids"": []}"
135,deepsight,deepsight_ensemble_cluster,"[2, 59, 29, 47, 86, 28, 36, 13, 83, 37]",[],"{""cosine_cluster"": [-1, -1, -1, -1, -1, -1, -1, -1, -1, -1], ""neup_cluster"": [-1, -1, -1, -1, -1, -1, -1, -1, -1, -1], ""ddif_cluster"": [-1, -1, -1, -1, -1, -1, -1, -1, -1, -1], ""ensemble_cluster"": [-1, -1, -1, -1, -1, -1, -1, -1, -1, -1]}"
135,deepsight,deepsight_final_filter,"[2, 59, 29, 47, 86, 28, 36, 13, 83, 37]",[],"{""n_exceeds"": [13, 4, 12, 19, 11, 9, 23, 6, 7, 23], ""classification_boundary"": 5.75, ""identified_mals"": [0, 1, 0, 0, 0, 0, 0, 0, 0, 0], ""clusters"": [-1, -1, -1, -1, -1, -1, -1, -1, -1, -1], ""deleted_cluster_ids"": []}"
136,deepsight,deepsight_ensemble_cluster,"[1, 80, 10, 4, 96, 28, 24, 31, 95, 90]",[],"{""cosine_cluster"": [-1, -1, -1, -1, -1, -1, -1, -1, -1, -1], ""neup_cluster"": [-1, -1, -1, -1, -1, -1, -1, -1, -1, -1], ""ddif_cluster"": [-1, -1, -1, -1, -1, -1, -1, -1, -1, -1], ""ensemble_cluster"": [-1, -1, -1, -1, -1, -1, -1, -1, -1, -1]}"
136,deepsight,deepsight_final_filter,"[1, 80, 10, 4, 96, 28, 24, 31, 95, 90]",[],"{""n_exceeds"": [13, 17, 3, 26, 12, 12, 31, 19, 29, 23], ""classification_boundary"": 9.0, ""identified_mals"": [0, 0, 1, 0, 0, 0, 0, 0, 0, 0], ""clusters"": [-1, -1, -1, -1, -1, -1, -1, -1, -1, -1], ""deleted_cluster_ids"": []}"
137,deepsight,deepsight_ensemble_cluster,"[0, 68, 56, 85, 96, 55, 60, 74, 82, 7]",[],"{""cosine_cluster"": [-1, -1, -1, -1, -1, -1, -1, -1, -1, -1], ""neup_cluster"": [-1, -1, -1, -1, -1, -1, -1, -1, -1, -1], ""ddif_cluster"": [-1, -1, -1, -1, -1, -1, -1, -1, -1, -1], ""ensemble_cluster"": [-1, -1, -1, -1, -1, -1, -1, -1, -1, -1]}"
137,deepsight,deepsight_final_filter,"[0, 68, 56, 85, 96, 55, 60, 74, 82, 7]",[],"{""n_exceeds"": [8, 9, 15, 26, 20, 23, 6, 17, 18, 13], ""classification_boundary"": 8.0, ""identified_mals"": [1, 0, 0, 0, 0, 0, 1, 0, 0, 0], ""clusters"": [-1, -1, -1, -1, -1, -1, -1, -1, -1, -1], ""deleted_cluster_ids"": []}"
138,deepsight,deepsight_ensemble_cluster,"[3, 55, 82, 63, 96, 33, 61, 62, 83, 18]",[],"{""cosine_cluster"": [-1, -1, -1, -1, -1, -1, -1, -1, -1, -1], ""neup_cluster"": [-1, -1, -1, -1, -1, -1, -1, -1, -1, -1], ""ddif_cluster"": [-1, -1, -1, -1, -1, -1, -1, -1, -1, -1], ""ensemble_cluster"": [-1, -1, -1, -1, -1, -1, -1, -1, -1, -1]}"
138,deepsight,deepsight_final_filter,"[3, 55, 82, 63, 96, 33, 61, 62, 83, 18]",[],"{""n_exceeds"": [40, 26, 12, 29, 22, 1, 10, 22, 12, 26], ""classification_boundary"": 11.0, ""identified_mals"": [0, 0, 0, 0, 0, 1, 1, 0, 0, 0], ""clusters"": [-1, -1, -1, -1, -1, -1, -1, -1, -1, -1], ""deleted_cluster_ids"": []}"
139,deepsight,deepsight_ensemble_cluster,"[0, 92, 13, 11, 85, 8, 38, 1, 71, 30]",[],"{""cosine_cluster"": [-1, -1, -1, -1, -1, -1, -1, -1, -1, -1], ""neup_cluster"": [-1, -1, -1, -1, -1, -1, -1, -1, -1, -1], ""ddif_cluster"": [-1, -1, -1, -1, -1, -1, -1, -1, -1, -1], ""ensemble_cluster"": [-1, -1, -1, -1, -1, -1, -1, -1, -1, -1]}"
139,deepsight,deepsight_final_filter,"[0, 92, 13, 11, 85, 8, 38, 1, 71, 30]",[],"{""n_exceeds"": [12, 17, 6, 36, 4, 20, 27, 24, 1, 19], ""classification_boundary"": 9.0, ""identified_mals"": [0, 0, 1, 0, 1, 0, 0, 0, 1, 0], ""clusters"": [-1, -1, -1, -1, -1, -1, -1, -1, -1, -1], ""deleted_cluster_ids"": []}"
140,deepsight,deepsight_ensemble_cluster,"[4, 33, 32, 95, 60, 72, 23, 51, 2, 11]",[],"{""cosine_cluster"": [-1, -1, -1, -1, -1, -1, -1, -1, -1, -1], ""neup_cluster"": [-1, -1, -1, -1, -1, -1, -1, -1, -1, -1], ""ddif_cluster"": [-1, -1, -1, -1, -1, -1, -1, -1, -1, -1], ""ensemble_cluster"": [-1, -1, -1, -1, -1, -1, -1, -1, -1, -1]}"
140,deepsight,deepsight_final_filter,"[4, 33, 32, 95, 60, 72, 23, 51, 2, 11]",[],"{""n_exceeds"": [26, 1, 28, 25, 7, 8, 7, 3, 14, 32], ""classification_boundary"": 5.5, ""identified_mals"": [0, 1, 0, 0, 0, 0, 0, 1, 0, 0], ""clusters"": [-1, -1, -1, -1, -1, -1, -1, -1, -1, -1], ""deleted_cluster_ids"": []}"
141,deepsight,deepsight_ensemble_cluster,"[4, 58, 61, 92, 80, 97, 45, 83, 29, 25]",[],"{""cosine_cluster"": [-1, -1, -1, -1, -1, -1, -1, -1, -1, -1], ""neup_cluster"": [-1, -1, -1, -1, -1, -1, -1, -1, -1, -1], ""ddif_cluster"": [-1, -1, -1, -1, -1, -1, -1, -1, -1, -1], ""ensemble_cluster"": [-1, -1, -1, -1, -1, -1, -1, -1, -1, -1]}"
141,deepsight,deepsight_final_filter,"[4, 58, 61, 92, 80, 97, 45, 83, 29, 25]",[],"{""n_exceeds"": [28, 35, 12, 17, 24, 18, 10, 13, 12, 27], ""classification_boundary"": 8.75, ""identified_mals"": [0, 0, 0, 0, 0, 0, 0, 0, 0, 0], ""clusters"": [-1, -1, -1, -1, -1, -1, -1, -1, -1, -1], ""deleted_cluster_ids"": []}"
142,deepsight,deepsight_ensemble_cluster,"[2, 19, 18, 42, 28, 76, 29, 79, 17, 34]",[],"{""cosine_cluster"": [-1, -1, -1, -1, -1, -1, -1, -1, -1, -1], ""neup_cluster"": [-1, -1, -1, -1, -1, -1, -1, -1, -1, -1], ""ddif_cluster"": [-1, -1, -1, -1, -1, -1, -1, -1, -1, -1], ""ensemble_cluster"": [-1, -1, -1, -1, -1, -1, -1, -1, -1, -1]}"
142,deepsight,deepsight_final_filter,"[2, 19, 18, 42, 28, 76, 29, 79, 17, 34]",[],"{""n_exceeds"": [15, 44, 29, 20, 10, 1, 19, 7, 15, 17], ""classification_boundary"": 8.0, ""identified_mals"": [0, 0, 0, 0, 0, 1, 0, 1, 0, 0], ""clusters"": [-1, -1, -1, -1, -1, -1, -1, -1, -1, -1], ""deleted_cluster_ids"": []}"
143,deepsight,deepsight_ensemble_cluster,"[1, 47, 98, 64, 62, 58, 99, 24, 59, 33]",[],"{""cosine_cluster"": [-1, -1, -1, -1, -1, -1, -1, -1, -1, -1], ""neup_cluster"": [-1, -1, -1, -1, -1, -1, -1, -1, -1, -1], ""ddif_cluster"": [-1, -1, -1, -1, -1, -1, -1, -1, -1, -1], ""ensemble_cluster"": [-1, -1, -1, -1, -1, -1, -1, -1, -1, -1]}"
143,deepsight,deepsight_final_filter,"[1, 47, 98, 64, 62, 58, 99, 24, 59, 33]",[],"{""n_exceeds"": [16, 13, 18, 24, 16, 15, 10, 32, 3, 1], ""classification_boundary"": 7.75, ""identified_mals"": [0, 0, 0, 0, 0, 0, 0, 0, 1, 1], ""clusters"": [-1, -1, -1, -1, -1, -1, -1, -1, -1, -1], ""deleted_cluster_ids"": []}"
144,deepsight,deepsight_ensemble_cluster,"[2, 58, 87, 44, 7, 22, 14, 85, 67, 68]",[],"{""cosine_cluster"": [-1, -1, -1, -1, -1, -1, -1, -1, -1, -1], ""neup_cluster"": [-1, -1, -1, -1, -1, -1, -1, -1, -1, -1], ""ddif_cluster"": [-1, -1, -1, -1, -1, -1, -1, -1, -1, -1], ""ensemble_cluster"": [-1, -1, -1, -1, -1, -1, -1, -1, -1, -1]}"
144,deepsight,deepsight_final_filter,"[2, 58, 87, 44, 7, 22, 14, 85, 67, 68]",[],"{""n_exceeds"": [22, 19, 36, 11, 13, 26, 20, 17, 9, 6], ""classification_boundary"": 9.0, ""identified_mals"": [0, 0, 0, 0, 0, 0, 0, 0, 1, 1], ""clusters"": [-1, -1, -1, -1, -1, -1, -1, -1, -1, -1], ""deleted_cluster_ids"": []}"
145,deepsight,deepsight_ensemble_cluster,"[2, 24, 12, 13, 37, 68, 40, 56, 5, 30]",[],"{""cosine_cluster"": [-1, -1, -1, -1, -1, -1, -1, -1, -1, -1], ""neup_cluster"": [-1, -1, -1, -1, -1, -1, -1, -1, -1, -1], ""ddif_cluster"": [-1, -1, -1, -1, -1, -1, -1, -1, -1, -1], ""ensemble_cluster"": [-1, -1, -1, -1, -1, -1, -1, -1, -1, -1]}"
145,deepsight,deepsight_final_filter,"[2, 24, 12, 13, 37, 68, 40, 56, 5, 30]",[],"{""n_exceeds"": [16, 38, 21, 9, 22, 7, 3, 29, 21, 16], ""classification_boundary"": 9.25, ""identified_mals"": [0, 0, 0, 1, 0, 1, 1, 0, 0, 0], ""clusters"": [-1, -1, -1, -1, -1, -1, -1, -1, -1, -1], ""deleted_cluster_ids"": []}"
146,deepsight,deepsight_ensemble_cluster,"[3, 25, 68, 30, 75, 51, 92, 99, 69, 63]",[],"{""cosine_cluster"": [-1, -1, -1, -1, -1, -1, -1, -1, -1, -1], ""neup_cluster"": [-1, -1, -1, -1, -1, -1, -1, -1, -1, -1], ""ddif_cluster"": [-1, -1, -1, -1, -1, -1, -1, -1, -1, -1], ""ensemble_cluster"": [-1, -1, -1, -1, -1, -1, -1, -1, -1, -1]}"
146,deepsight,deepsight_final_filter,"[3, 25, 68, 30, 75, 51, 92, 99, 69, 63]",[],"{""n_exceeds"": [40, 23, 4, 15, 19, 5, 13, 16, 24, 30], ""classification_boundary"": 8.75, ""identified_mals"": [0, 0, 1, 0, 0, 1, 0, 0, 0, 0], ""clusters"": [-1, -1, -1, -1, -1, -1, -1, -1, -1, -1], ""deleted_cluster_ids"": []}"
147,deepsight,deepsight_ensemble_cluster,"[4, 65, 39, 23, 2, 98, 96, 86, 37, 60]",[],"{""cosine_cluster"": [-1, -1, -1, -1, -1, -1, -1, -1, -1, -1], ""neup_cluster"": [-1, -1, -1, -1, -1, -1, -1, -1, -1, -1], ""ddif_cluster"": [-1, -1, -1, -1, -1, -1, -1, -1, -1, -1], ""ensemble_cluster"": [-1, -1, -1, -1, -1, -1, -1, -1, -1, -1]}"
147,deepsight,deepsight_final_filter,"[4, 65, 39, 23, 2, 98, 96, 86, 37, 60]",[],"{""n_exceeds"": [10, 16, 29, 7, 11, 8, 37, 12, 24, 8], ""classification_boundary"": 5.75, ""identified_mals"": [0, 0, 0, 0, 0, 0, 0, 0, 0, 0], ""clusters"": [-1, -1, -1, -1, -1, -1, -1, -1, -1, -1], ""deleted_cluster_ids"": []}"
148,deepsight,deepsight_ensemble_cluster,"[2, 89, 81, 76, 99, 72, 32, 48, 85, 65]",[],"{""cosine_cluster"": [-1, -1, -1, -1, -1, -1, -1, -1, -1, -1], ""neup_cluster"": [-1, -1, -1, -1, -1, -1, -1, -1, -1, -1], ""ddif_cluster"": [-1, -1, -1, -1, -1, -1, -1, -1, -1, -1], ""ensemble_cluster"": [-1, -1, -1, -1, -1, -1, -1, -1, -1, -1]}"
148,deepsight,deepsight_final_filter,"[2, 89, 81, 76, 99, 72, 32, 48, 85, 65]",[],"{""n_exceeds"": [15, 26, 22, 3, 13, 7, 27, 10, 13, 16], ""classification_boundary"": 7.0, ""identified_mals"": [0, 0, 0, 1, 0, 1, 0, 0, 0, 0], ""clusters"": [-1, -1, -1, -1, -1, -1, -1, -1, -1, -1], ""deleted_cluster_ids"": []}"
149,deepsight,deepsight_ensemble_cluster,"[4, 40, 58, 97, 61, 8, 50, 74, 90, 93]",[],"{""cosine_cluster"": [-1, -1, -1, -1, -1, -1, -1, -1, -1, -1], ""neup_cluster"": [-1, -1, -1, -1, -1, -1, -1, -1, -1, -1], ""ddif_cluster"": [-1, -1, -1, -1, -1, -1, -1, -1, -1, -1], ""ensemble_cluster"": [-1, -1, -1, -1, -1, -1, -1, -1, -1, -1]}"
149,deepsight,deepsight_final_filter,"[4, 40, 58, 97, 61, 8, 50, 74, 90, 93]",[],"{""n_exceeds"": [17, 6, 21, 17, 8, 13, 18, 15, 22, 14], ""classification_boundary"": 8.0, ""identified_mals"": [0, 1, 0, 0, 1, 0, 0, 0, 0, 0], ""clusters"": [-1, -1, -1, -1, -1, -1, -1, -1, -1, -1], ""deleted_cluster_ids"": []}"
150,deepsight,deepsight_ensemble_cluster,"[1, 88, 76, 23, 68, 44, 31, 17, 83, 82]",[],"{""cosine_cluster"": [-1, -1, -1, -1, -1, -1, -1, -1, -1, -1], ""neup_cluster"": [-1, -1, -1, -1, -1, -1, -1, -1, -1, -1], ""ddif_cluster"": [-1, -1, -1, -1, -1, -1, -1, -1, -1, -1], ""ensemble_cluster"": [-1, -1, -1, -1, -1, -1, -1, -1, -1, -1]}"
150,deepsight,deepsight_final_filter,"[1, 88, 76, 23, 68, 44, 31, 17, 83, 82]",[],"{""n_exceeds"": [10, 11, 1, 8, 3, 10, 14, 15, 13, 13], ""classification_boundary"": 5.25, ""identified_mals"": [0, 0, 1, 0, 1, 0, 0, 0, 0, 0], ""clusters"": [-1, -1, -1, -1, -1, -1, -1, -1, -1, -1], ""deleted_cluster_ids"": []}"
151,deepsight,deepsight_ensemble_cluster,"[0, 20, 41, 40, 53, 11, 54, 92, 86, 91]",[],"{""cosine_cluster"": [-1, -1, -1, -1, -1, -1, -1, -1, -1, -1], ""neup_cluster"": [-1, -1, -1, -1, -1, -1, -1, -1, -1, -1], ""ddif_cluster"": [-1, -1, -1, -1, -1, -1, -1, -1, -1, -1], ""ensemble_cluster"": [-1, -1, -1, -1, -1, -1, -1, -1, -1, -1]}"
151,deepsight,deepsight_final_filter,"[0, 20, 41, 40, 53, 11, 54, 92, 86, 91]",[],"{""n_exceeds"": [7, 2, 5, 4, 22, 36, 9, 11, 4, 9], ""classification_boundary"": 4.0, ""identified_mals"": [0, 1, 0, 1, 0, 0, 0, 0, 1, 0], ""clusters"": [-1, -1, -1, -1, -1, -1, -1, -1, -1, -1], ""deleted_cluster_ids"": []}"
152,deepsight,deepsight_ensemble_cluster,"[3, 76, 38, 53, 96, 57, 83, 58, 68, 86]",[],"{""cosine_cluster"": [-1, -1, -1, -1, -1, -1, -1, -1, -1, -1], ""neup_cluster"": [-1, -1, -1, -1, -1, -1, -1, -1, -1, -1], ""ddif_cluster"": [-1, -1, -1, -1, -1, -1, -1, -1, -1, -1], ""ensemble_cluster"": [-1, -1, -1, -1, -1, -1, -1, -1, -1, -1]}"
152,deepsight,deepsight_final_filter,"[3, 76, 38, 53, 96, 57, 83, 58, 68, 86]",[],"{""n_exceeds"": [34, 2, 21, 35, 22, 16, 13, 15, 6, 11], ""classification_boundary"": 7.75, ""identified_mals"": [0, 1, 0, 0, 0, 0, 0, 0, 1, 0], ""clusters"": [-1, -1, -1, -1, -1, -1, -1, -1, -1, -1], ""deleted_cluster_ids"": []}"
153,deepsight,deepsight_ensemble_cluster,"[0, 67, 98, 73, 56, 28, 92, 54, 96, 11]",[],"{""cosine_cluster"": [-1, -1, -1, -1, -1, -1, -1, -1, -1, -1], ""neup_cluster"": [-1, -1, -1, -1, -1, -1, -1, -1, -1, -1], ""ddif_cluster"": [-1, -1, -1, -1, -1, -1, -1, -1, -1, -1], ""ensemble_cluster"": [-1, -1, -1, -1, -1, -1, -1, -1, -1, -1]}"
153,deepsight,deepsight_final_filter,"[0, 67, 98, 73, 56, 28, 92, 54, 96, 11]",[],"{""n_exceeds"": [8, 10, 28, 7, 15, 8, 16, 11, 28, 30], ""classification_boundary"": 6.5, ""identified_mals"": [0, 0, 0, 0, 0, 0, 0, 0, 0, 0], ""clusters"": [-1, -1, -1, -1, -1, -1, -1, -1, -1, -1], ""deleted_cluster_ids"": []}"
154,deepsight,deepsight_ensemble_cluster,"[1, 74, 42, 80, 92, 38, 82, 75, 18, 91]",[],"{""cosine_cluster"": [-1, -1, -1, -1, -1, -1, -1, -1, -1, -1], ""neup_cluster"": [-1, -1, -1, -1, -1, -1, -1, -1, -1, -1], ""ddif_cluster"": [-1, -1, -1, -1, -1, -1, -1, -1, -1, -1], ""ensemble_cluster"": [-1, -1, -1, -1, -1, -1, -1, -1, -1, -1]}"
154,deepsight,deepsight_final_filter,"[1, 74, 42, 80, 92, 38, 82, 75, 18, 91]",[],"{""n_exceeds"": [10, 8, 26, 20, 17, 25, 11, 21, 21, 9], ""classification_boundary"": 9.25, ""identified_mals"": [0, 1, 0, 0, 0, 0, 0, 0, 0, 1], ""clusters"": [-1, -1, -1, -1, -1, -1, -1, -1, -1, -1], ""deleted_cluster_ids"": []}"
155,deepsight,deepsight_ensemble_cluster,"[0, 15, 92, 72, 43, 96, 57, 23, 30, 81]",[],"{""cosine_cluster"": [-1, -1, -1, -1, -1, -1, -1, -1, -1, -1], ""neup_cluster"": [-1, -1, -1, -1, -1, -1, -1, -1, -1, -1], ""ddif_cluster"": [-1, -1, -1, -1, -1, -1, -1, -1, -1, -1], ""ensemble_cluster"": [-1, -1, -1, -1, -1, -1, -1, -1, -1, -1]}"
155,deepsight,deepsight_final_filter,"[0, 15, 92, 72, 43, 96, 57, 23, 30, 81]",[],"{""n_exceeds"": [8, 27, 16, 6, 12, 20, 15, 8, 14, 14], ""classification_boundary"": 7.0, ""identified_mals"": [0, 0, 0, 1, 0, 0, 0, 0, 0, 0], ""clusters"": [-1, -1, -1, -1, -1, -1, -1, -1, -1, -1], ""deleted_cluster_ids"": []}"
156,deepsight,deepsight_ensemble_cluster,"[2, 81, 7, 12, 80, 36, 59, 28, 64, 63]",[],"{""cosine_cluster"": [-1, -1, -1, -1, -1, -1, -1, -1, -1, -1], ""neup_cluster"": [-1, -1, -1, -1, -1, -1, -1, -1, -1, -1], ""ddif_cluster"": [-1, -1, -1, -1, -1, -1, -1, -1, -1, -1], ""ensemble_cluster"": [-1, -1, -1, -1, -1, -1, -1, -1, -1, -1]}"
156,deepsight,deepsight_final_filter,"[2, 81, 7, 12, 80, 36, 59, 28, 64, 63]",[],"{""n_exceeds"": [12, 15, 19, 26, 22, 24, 2, 12, 36, 25], ""classification_boundary"": 10.25, ""identified_mals"": [0, 0, 0, 0, 0, 0, 1, 0, 0, 0], ""clusters"": [-1, -1, -1, -1, -1, -1, -1, -1, -1, -1], ""deleted_cluster_ids"": []}"
157,deepsight,deepsight_ensemble_cluster,"[4, 55, 18, 52, 87, 26, 65, 75, 49, 46]",[],"{""cosine_cluster"": [-1, -1, -1, -1, -1, -1, -1, -1, -1, -1], ""neup_cluster"": [-1, -1, -1, -1, -1, -1, -1, -1, -1, -1], ""ddif_cluster"": [-1, -1, -1, -1, -1, -1, -1, -1, -1, -1], ""ensemble_cluster"": [-1, -1, -1, -1, -1, -1, -1, -1, -1, -1]}"
157,deepsight,deepsight_final_filter,"[4, 55, 18, 52, 87, 26, 65, 75, 49, 46]",[],"{""n_exceeds"": [28, 14, 33, 11, 31, 5, 18, 22, 34, 45], ""classification_boundary"": 12.5, ""identified_mals"": [0, 0, 0, 1, 0, 1, 0, 0, 0, 0], ""clusters"": [-1, -1, -1, -1, -1, -1, -1, -1, -1, -1], ""deleted_cluster_ids"": []}"
158,deepsight,deepsight_ensemble_cluster,"[2, 99, 73, 80, 64, 87, 60, 11, 91, 62]",[],"{""cosine_cluster"": [-1, -1, -1, -1, -1, -1, -1, -1, -1, -1], ""neup_cluster"": [-1, -1, -1, -1, -1, -1, -1, -1, -1, -1], ""ddif_cluster"": [-1, -1, -1, -1, -1, -1, -1, -1, -1, -1], ""ensemble_cluster"": [-1, -1, -1, -1, -1, -1, -1, -1, -1, -1]}"
158,deepsight,deepsight_final_filter,"[2, 99, 73, 80, 64, 87, 60, 11, 91, 62]",[],"{""n_exceeds"": [12, 11, 5, 16, 25, 28, 10, 33, 9, 21], ""classification_boundary"": 7.0, ""identified_mals"": [0, 0, 1, 0, 0, 0, 0, 0, 0, 0], ""clusters"": [-1, -1, -1, -1, -1, -1, -1, -1, -1, -1], ""deleted_cluster_ids"": []}"
159,deepsight,deepsight_ensemble_cluster,"[4, 81, 20, 18, 2, 6, 71, 92, 83, 16]",[],"{""cosine_cluster"": [-1, -1, -1, -1, -1, -1, -1, -1, -1, -1], ""neup_cluster"": [-1, -1, -1, -1, -1, -1, -1, -1, -1, -1], ""ddif_cluster"": [-1, -1, -1, -1, -1, -1, -1, -1, -1, -1], ""ensemble_cluster"": [-1, -1, -1, -1, -1, -1, -1, -1, -1, -1]}"
159,deepsight,deepsight_final_filter,"[4, 81, 20, 18, 2, 6, 71, 92, 83, 16]",[],"{""n_exceeds"": [40, 17, 3, 25, 12, 15, 1, 15, 12, 9], ""classification_boundary"": 6.75, ""identified_mals"": [0, 0, 1, 0, 0, 0, 1, 0, 0, 0], ""clusters"": [-1, -1, -1, -1, -1, -1, -1, -1, -1, -1], ""deleted_cluster_ids"": []}"
160,deepsight,deepsight_ensemble_cluster,"[0, 4, 13, 96, 33, 23, 65, 53, 86, 54]",[],"{""cosine_cluster"": [-1, -1, -1, -1, -1, -1, -1, -1, -1, -1], ""neup_cluster"": [-1, -1, -1, -1, -1, -1, -1, -1, -1, -1], ""ddif_cluster"": [-1, -1, -1, -1, -1, -1, -1, -1, -1, -1], ""ensemble_cluster"": [-1, -1, -1, -1, -1, -1, -1, -1, -1, -1]}"
160,deepsight,deepsight_final_filter,"[0, 4, 13, 96, 33, 23, 65, 53, 86, 54]",[],"{""n_exceeds"": [13, 20, 6, 10, 1, 9, 12, 33, 16, 11], ""classification_boundary"": 5.75, ""identified_mals"": [0, 0, 0, 0, 1, 0, 0, 0, 0, 0], ""clusters"": [-1, -1, -1, -1, -1, -1, -1, -1, -1, -1], ""deleted_cluster_ids"": []}"
161,deepsight,deepsight_ensemble_cluster,"[4, 8, 51, 24, 41, 11, 42, 63, 76, 44]",[],"{""cosine_cluster"": [-1, -1, -1, -1, -1, -1, -1, -1, -1, -1], ""neup_cluster"": [-1, -1, -1, -1, -1, -1, -1, -1, -1, -1], ""ddif_cluster"": [-1, -1, -1, -1, -1, -1, -1, -1, -1, -1], ""ensemble_cluster"": [-1, -1, -1, -1, -1, -1, -1, -1, -1, -1]}"
161,deepsight,deepsight_final_filter,"[4, 8, 51, 24, 41, 11, 42, 63, 76, 44]",[],"{""n_exceeds"": [45, 11, 4, 23, 3, 32, 25, 31, 1, 12], ""classification_boundary"": 8.75, ""identified_mals"": [0, 0, 1, 0, 1, 0, 0, 0, 1, 0], ""clusters"": [-1, -1, -1, -1, -1, -1, -1, -1, -1, -1], ""deleted_cluster_ids"": []}"
162,deepsight,deepsight_ensemble_cluster,"[0, 33, 75, 99, 97, 98, 6, 73, 90, 51]",[],"{""cosine_cluster"": [-1, -1, -1, -1, -1, -1, -1, -1, -1, -1], ""neup_cluster"": [-1, -1, -1, -1, -1, -1, -1, -1, -1, -1], ""ddif_cluster"": [-1, -1, -1, -1, -1, -1, -1, -1, -1, -1], ""ensemble_cluster"": [-1, -1, -1, -1, -1, -1, -1, -1, -1, -1]}"
162,deepsight,deepsight_final_filter,"[0, 33, 75, 99, 97, 98, 6, 73, 90, 51]",[],"{""n_exceeds"": [10, 1, 18, 13, 20, 21, 17, 7, 24, 4], ""classification_boundary"": 7.5, ""identified_mals"": [0, 1, 0, 0, 0, 0, 0, 1, 0, 1], ""clusters"": [-1, -1, -1, -1, -1, -1, -1, -1, -1, -1], ""deleted_cluster_ids"": []}"
163,deepsight,deepsight_ensemble_cluster,"[3, 13, 81, 90, 86, 1, 85, 66, 0, 92]",[],"{""cosine_cluster"": [-1, -1, -1, -1, -1, -1, -1, -1, -1, -1], ""neup_cluster"": [-1, -1, -1, -1, -1, -1, -1, -1, -1, -1], ""ddif_cluster"": [-1, -1, -1, -1, -1, -1, -1, -1, -1, -1], ""ensemble_cluster"": [-1, -1, -1, -1, -1, -1, -1, -1, -1, -1]}"
163,deepsight,deepsight_final_filter,"[3, 13, 81, 90, 86, 1, 85, 66, 0, 92]",[],"{""n_exceeds"": [36, 6, 37, 25, 8, 14, 22, 13, 9, 14], ""classification_boundary"": 7.0, ""identified_mals"": [0, 1, 0, 0, 0, 0, 0, 0, 0, 0], ""clusters"": [-1, -1, -1, -1, -1, -1, -1, -1, -1, -1], ""deleted_cluster_ids"": []}"
164,deepsight,deepsight_ensemble_cluster,"[2, 81, 46, 66, 89, 62, 24, 35, 21, 85]",[],"{""cosine_cluster"": [-1, -1, -1, -1, -1, -1, -1, -1, -1, -1], ""neup_cluster"": [-1, -1, -1, -1, -1, -1, -1, -1, -1, -1], ""ddif_cluster"": [-1, -1, -1, -1, -1, -1, -1, -1, -1, -1], ""ensemble_cluster"": [-1, -1, -1, -1, -1, -1, -1, -1, -1, -1]}"
164,deepsight,deepsight_final_filter,"[2, 81, 46, 66, 89, 62, 24, 35, 21, 85]",[],"{""n_exceeds"": [14, 13, 44, 8, 35, 19, 34, 4, 13, 24], ""classification_boundary"": 8.25, ""identified_mals"": [0, 0, 0, 1, 0, 0, 0, 1, 0, 0], ""clusters"": [-1, -1, -1, -1, -1, -1, -1, -1, -1, -1], ""deleted_cluster_ids"": []}"
165,deepsight,deepsight_ensemble_cluster,"[1, 62, 87, 83, 38, 93, 89, 76, 51, 55]",[],"{""cosine_cluster"": [-1, -1, -1, -1, -1, -1, -1, -1, -1, -1], ""neup_cluster"": [-1, -1, -1, -1, -1, -1, -1, -1, -1, -1], ""ddif_cluster"": [-1, -1, -1, -1, -1, -1, -1, -1, -1, -1], ""ensemble_cluster"": [-1, -1, -1, -1, -1, -1, -1, -1, -1, -1]}"
165,deepsight,deepsight_final_filter,"[1, 62, 87, 83, 38, 93, 89, 76, 51, 55]",[],"{""n_exceeds"": [12, 14, 31, 7, 23, 26, 31, 1, 5, 22], ""classification_boundary"": 9.0, ""identified_mals"": [0, 0, 0, 1, 0, 0, 0, 1, 1, 0], ""clusters"": [-1, -1, -1, -1, -1, -1, -1, -1, -1, -1], ""deleted_cluster_ids"": []}"
166,deepsight,deepsight_ensemble_cluster,"[2, 91, 85, 17, 80, 39, 67, 26, 6, 45]",[],"{""cosine_cluster"": [-1, -1, -1, -1, -1, -1, -1, -1, -1, -1], ""neup_cluster"": [-1, -1, -1, -1, -1, -1, -1, -1, -1, -1], ""ddif_cluster"": [-1, -1, -1, -1, -1, -1, -1, -1, -1, -1], ""ensemble_cluster"": [-1, -1, -1, -1, -1, -1, -1, -1, -1, -1]}"
166,deepsight,deepsight_final_filter,"[2, 91, 85, 17, 80, 39, 67, 26, 6, 45]",[],"{""n_exceeds"": [8, 10, 22, 9, 17, 32, 14, 6, 15, 10], ""classification_boundary"": 6.0, ""identified_mals"": [0, 0, 0, 0, 0, 0, 0, 1, 0, 0], ""clusters"": [-1, -1, -1, -1, -1, -1, -1, -1, -1, -1], ""deleted_cluster_ids"": []}"
167,deepsight,deepsight_ensemble_cluster,"[0, 59, 16, 76, 60, 20, 96, 43, 9, 24]",[],"{""cosine_cluster"": [-1, -1, -1, -1, -1, -1, -1, -1, -1, -1], ""neup_cluster"": [-1, -1, -1, -1, -1, -1, -1, -1, -1, -1], ""ddif_cluster"": [-1, -1, -1, -1, -1, -1, -1, -1, -1, -1], ""ensemble_cluster"": [-1, -1, -1, -1, -1, -1, -1, -1, -1, -1]}"
167,deepsight,deepsight_final_filter,"[0, 59, 16, 76, 60, 20, 96, 43, 9, 24]",[],"{""n_exceeds"": [9, 3, 8, 3, 7, 4, 29, 11, 17, 31], ""classification_boundary"": 4.25, ""identified_mals"": [0, 1, 0, 1, 0, 1, 0, 0, 0, 0], ""clusters"": [-1, -1, -1, -1, -1, -1, -1, -1, -1, -1], ""deleted_cluster_ids"": []}"
168,deepsight,deepsight_ensemble_cluster,"[1, 33, 27, 98, 31, 42, 30, 56, 60, 48]",[],"{""cosine_cluster"": [-1, -1, -1, -1, -1, -1, -1, -1, -1, -1], ""neup_cluster"": [-1, -1, -1, -1, -1, -1, -1, -1, -1, -1], ""ddif_cluster"": [-1, -1, -1, -1, -1, -1, -1, -1, -1, -1], ""ensemble_cluster"": [-1, -1, -1, -1, -1, -1, -1, -1, -1, -1]}"
168,deepsight,deepsight_final_filter,"[1, 33, 27, 98, 31, 42, 30, 56, 60, 48]",[],"{""n_exceeds"": [8, 1, 6, 18, 18, 25, 21, 20, 5, 14], ""classification_boundary"": 8.0, ""identified_mals"": [1, 1, 1, 0, 0, 0, 0, 0, 1, 0], ""clusters"": [-1, -1, -1, -1, -1, -1, -1, -1, -1, -1], ""deleted_cluster_ids"": [-1]}"
169,deepsight,deepsight_ensemble_cluster,"[3, 88, 62, 64, 57, 28, 33, 93, 17, 50]",[],"{""cosine_cluster"": [-1, -1, -1, -1, -1, -1, -1, -1, -1, -1], ""neup_cluster"": [-1, -1, -1, -1, -1, -1, -1, -1, -1, -1], ""ddif_cluster"": [-1, -1, -1, -1, -1, -1, -1, -1, -1, -1], ""ensemble_cluster"": [-1, -1, -1, -1, -1, -1, -1, -1, -1, -1]}"
169,deepsight,deepsight_final_filter,"[3, 88, 62, 64, 57, 28, 33, 93, 17, 50]",[],"{""n_exceeds"": [41, 12, 28, 23, 18, 11, 1, 21, 21, 19], ""classification_boundary"": 10.0, ""identified_mals"": [0, 0, 0, 0, 0, 0, 1, 0, 0, 0], ""clusters"": [-1, -1, -1, -1, -1, -1, -1, -1, -1, -1], ""deleted_cluster_ids"": []}"
170,deepsight,deepsight_ensemble_cluster,"[2, 69, 62, 42, 7, 27, 86, 9, 1, 39]",[],"{""cosine_cluster"": [-1, -1, -1, -1, -1, -1, -1, -1, -1, -1], ""neup_cluster"": [-1, -1, -1, -1, -1, -1, -1, -1, -1, -1], ""ddif_cluster"": [-1, -1, -1, -1, -1, -1, -1, -1, -1, -1], ""ensemble_cluster"": [-1, -1, -1, -1, -1, -1, -1, -1, -1, -1]}"
170,deepsight,deepsight_final_filter,"[2, 69, 62, 42, 7, 27, 86, 9, 1, 39]",[],"{""n_exceeds"": [13, 20, 15, 26, 14, 8, 14, 23, 25, 27], ""classification_boundary"": 8.75, ""identified_mals"": [0, 0, 0, 0, 0, 1, 0, 0, 0, 0], ""clusters"": [-1, -1, -1, -1, -1, -1, -1, -1, -1, -1], ""deleted_cluster_ids"": []}"
171,deepsight,deepsight_ensemble_cluster,"[4, 57, 77, 12, 33, 0, 61, 62, 10, 81]",[],"{""cosine_cluster"": [-1, -1, -1, -1, -1, -1, -1, -1, -1, -1], ""neup_cluster"": [-1, -1, -1, -1, -1, -1, -1, -1, -1, -1], ""ddif_cluster"": [-1, -1, -1, -1, -1, -1, -1, -1, -1, -1], ""ensemble_cluster"": [-1, -1, -1, -1, -1, -1, -1, -1, -1, -1]}"
171,deepsight,deepsight_final_filter,"[4, 57, 77, 12, 33, 0, 61, 62, 10, 81]",[],"{""n_exceeds"": [23, 9, 8, 40, 1, 7, 8, 25, 6, 29], ""classification_boundary"": 4.25, ""identified_mals"": [0, 0, 0, 0, 1, 0, 0, 0, 0, 0], ""clusters"": [-1, -1, -1, -1, -1, -1, -1, -1, -1, -1], ""deleted_cluster_ids"": []}"
172,deepsight,deepsight_ensemble_cluster,"[1, 66, 4, 53, 11, 85, 74, 77, 5, 62]",[],"{""cosine_cluster"": [-1, -1, -1, -1, -1, -1, -1, -1, -1, -1], ""neup_cluster"": [-1, -1, -1, -1, -1, -1, -1, -1, -1, -1], ""ddif_cluster"": [-1, -1, -1, -1, -1, -1, -1, -1, -1, -1], ""ensemble_cluster"": [-1, -1, -1, -1, -1, -1, -1, -1, -1, -1]}"
172,deepsight,deepsight_final_filter,"[1, 66, 4, 53, 11, 85, 74, 77, 5, 62]",[],"{""n_exceeds"": [12, 13, 35, 15, 29, 13, 15, 14, 25, 24], ""classification_boundary"": 7.5, ""identified_mals"": [0, 0, 0, 0, 0, 0, 0, 0, 0, 0], ""clusters"": [-1, -1, -1, -1, -1, -1, -1, -1, -1, -1], ""deleted_cluster_ids"": []}"
173,deepsight,deepsight_ensemble_cluster,"[2, 51, 91, 53, 78, 98, 64, 86, 35, 61]",[],"{""cosine_cluster"": [-1, -1, -1, -1, -1, -1, -1, -1, -1, -1], ""neup_cluster"": [-1, -1, -1, -1, -1, -1, -1, -1, -1, -1], ""ddif_cluster"": [-1, -1, -1, -1, -1, -1, -1, -1, -1, -1], ""ensemble_cluster"": [-1, -1, -1, -1, -1, -1, -1, -1, -1, -1]}"
173,deepsight,deepsight_final_filter,"[2, 51, 91, 53, 78, 98, 64, 86, 35, 61]",[],"{""n_exceeds"": [14, 10, 8, 20, 14, 11, 31, 13, 12, 11], ""classification_boundary"": 6.25, ""identified_mals"": [0, 0, 0, 0, 0, 0, 0, 0, 0, 0], ""clusters"": [-1, -1, -1, -1, -1, -1, -1, -1, -1, -1], ""deleted_cluster_ids"": []}"
174,deepsight,deepsight_ensemble_cluster,"[1, 96, 12, 59, 16, 97, 22, 38, 99, 30]",[],"{""cosine_cluster"": [-1, -1, -1, -1, -1, -1, -1, -1, -1, -1], ""neup_cluster"": [-1, -1, -1, -1, -1, -1, -1, -1, -1, -1], ""ddif_cluster"": [-1, -1, -1, -1, -1, -1, -1, -1, -1, -1], ""ensemble_cluster"": [-1, -1, -1, -1, -1, -1, -1, -1, -1, -1]}"
174,deepsight,deepsight_final_filter,"[1, 96, 12, 59, 16, 97, 22, 38, 99, 30]",[],"{""n_exceeds"": [23, 17, 31, 4, 13, 18, 20, 17, 12, 10], ""classification_boundary"": 8.5, ""identified_mals"": [0, 0, 0, 1, 0, 0, 0, 0, 0, 0], ""clusters"": [-1, -1, -1, -1, -1, -1, -1, -1, -1, -1], ""deleted_cluster_ids"": []}"
175,deepsight,deepsight_ensemble_cluster,"[2, 50, 55, 65, 85, 32, 95, 7, 28, 20]",[],"{""cosine_cluster"": [-1, -1, -1, -1, -1, -1, -1, -1, -1, -1], ""neup_cluster"": [-1, -1, -1, -1, -1, -1, -1, -1, -1, -1], ""ddif_cluster"": [-1, -1, -1, -1, -1, -1, -1, -1, -1, -1], ""ensemble_cluster"": [-1, -1, -1, -1, -1, -1, -1, -1, -1, -1]}"
175,deepsight,deepsight_final_filter,"[2, 50, 55, 65, 85, 32, 95, 7, 28, 20]",[],"{""n_exceeds"": [22, 19, 17, 16, 13, 29, 19, 10, 9, 3], ""classification_boundary"": 8.25, ""identified_mals"": [0, 0, 0, 0, 0, 0, 0, 0, 0, 1], ""clusters"": [-1, -1, -1, -1, -1, -1, -1, -1, -1, -1], ""deleted_cluster_ids"": []}"
176,deepsight,deepsight_ensemble_cluster,"[2, 97, 26, 50, 74, 48, 92, 19, 47, 42]",[],"{""cosine_cluster"": [-1, -1, -1, -1, -1, -1, -1, -1, -1, -1], ""neup_cluster"": [-1, -1, -1, -1, -1, -1, -1, -1, -1, -1], ""ddif_cluster"": [-1, -1, -1, -1, -1, -1, -1, -1, -1, -1], ""ensemble_cluster"": [-1, -1, -1, -1, -1, -1, -1, -1, -1, -1]}"
176,deepsight,deepsight_final_filter,"[2, 97, 26, 50, 74, 48, 92, 19, 47, 42]",[],"{""n_exceeds"": [9, 19, 12, 25, 11, 14, 16, 46, 19, 19], ""classification_boundary"": 8.75, ""identified_mals"": [0, 0, 0, 0, 0, 0, 0, 0, 0, 0], ""clusters"": [-1, -1, -1, -1, -1, -1, -1, -1, -1, -1], ""deleted_cluster_ids"": []}"
177,deepsight,deepsight_ensemble_cluster,"[4, 58, 94, 95, 49, 63, 27, 41, 1, 61]",[],"{""cosine_cluster"": [-1, -1, -1, -1, -1, -1, -1, -1, -1, -1], ""neup_cluster"": [-1, -1, -1, -1, -1, -1, -1, -1, -1, -1], ""ddif_cluster"": [-1, -1, -1, -1, -1, -1, -1, -1, -1, -1], ""ensemble_cluster"": [-1, -1, -1, -1, -1, -1, -1, -1, -1, -1]}"
177,deepsight,deepsight_final_filter,"[4, 58, 94, 95, 49, 63, 27, 41, 1, 61]",[],"{""n_exceeds"": [32, 20, 26, 20, 32, 27, 8, 4, 33, 10], ""classification_boundary"": 11.5, ""identified_mals"": [0, 0, 0, 0, 0, 0, 1, 1, 0, 1], ""clusters"": [-1, -1, -1, -1, -1, -1, -1, -1, -1, -1], ""deleted_cluster_ids"": []}"
178,deepsight,deepsight_ensemble_cluster,"[4, 98, 12, 96, 8, 85, 64, 23, 67, 89]",[],"{""cosine_cluster"": [-1, -1, -1, -1, -1, -1, -1, -1, -1, -1], ""neup_cluster"": [-1, -1, -1, -1, -1, -1, -1, -1, -1, -1], ""ddif_cluster"": [-1, -1, -1, -1, -1, -1, -1, -1, -1, -1], ""ensemble_cluster"": [-1, -1, -1, -1, -1, -1, -1, -1, -1, -1]}"
178,deepsight,deepsight_final_filter,"[4, 98, 12, 96, 8, 85, 64, 23, 67, 89]",[],"{""n_exceeds"": [33, 25, 37, 29, 18, 21, 27, 7, 6, 21], ""classification_boundary"": 11.5, ""identified_mals"": [0, 0, 0, 0, 0, 0, 0, 1, 1, 0], ""clusters"": [-1, -1, -1, -1, -1, -1, -1, -1, -1, -1], ""deleted_cluster_ids"": []}"
179,deepsight,deepsight_ensemble_cluster,"[1, 84, 77, 39, 60, 50, 35, 93, 54, 96]",[],"{""cosine_cluster"": [-1, -1, -1, -1, -1, -1, -1, -1, -1, -1], ""neup_cluster"": [-1, -1, -1, -1, -1, -1, -1, -1, -1, -1], ""ddif_cluster"": [-1, -1, -1, -1, -1, -1, -1, -1, -1, -1], ""ensemble_cluster"": [-1, -1, -1, -1, -1, -1, -1, -1, -1, -1]}"
179,deepsight,deepsight_final_filter,"[1, 84, 77, 39, 60, 50, 35, 93, 54, 96]",[],"{""n_exceeds"": [8, 11, 4, 25, 9, 26, 4, 25, 9, 28], ""classification_boundary"": 5.0, ""identified_mals"": [0, 0, 1, 0, 0, 0, 1, 0, 0, 0], ""clusters"": [-1, -1, -1, -1, -1, -1, -1, -1, -1, -1], ""deleted_cluster_ids"": []}"
180,deepsight,deepsight_ensemble_cluster,"[0, 24, 88, 49, 12, 34, 79, 90, 82, 78]",[],"{""cosine_cluster"": [-1, -1, -1, -1, -1, -1, -1, -1, -1, -1], ""neup_cluster"": [-1, -1, -1, -1, -1, -1, -1, -1, -1, -1], ""ddif_cluster"": [-1, -1, -1, -1, -1, -1, -1, -1, -1, -1], ""ensemble_cluster"": [-1, -1, -1, -1, -1, -1, -1, -1, -1, -1]}"
180,deepsight,deepsight_final_filter,"[0, 24, 88, 49, 12, 34, 79, 90, 82, 78]",[],"{""n_exceeds"": [10, 29, 4, 25, 42, 18, 8, 21, 12, 17], ""classification_boundary"": 8.75, ""identified_mals"": [0, 0, 1, 0, 0, 0, 1, 0, 0, 0], ""clusters"": [-1, -1, -1, -1, -1, -1, -1, -1, -1, -1], ""deleted_cluster_ids"": []}"
181,deepsight,deepsight_ensemble_cluster,"[1, 85, 52, 86, 31, 14, 99, 74, 51, 23]",[],"{""cosine_cluster"": [-1, -1, -1, -1, -1, -1, -1, -1, -1, -1], ""neup_cluster"": [-1, -1, -1, -1, -1, -1, -1, -1, -1, -1], ""ddif_cluster"": [-1, -1, -1, -1, -1, -1, -1, -1, -1, -1], ""ensemble_cluster"": [-1, -1, -1, -1, -1, -1, -1, -1, -1, -1]}"
181,deepsight,deepsight_final_filter,"[1, 85, 52, 86, 31, 14, 99, 74, 51, 23]",[],"{""n_exceeds"": [25, 13, 13, 13, 14, 22, 7, 15, 6, 7], ""classification_boundary"": 6.5, ""identified_mals"": [0, 0, 0, 0, 0, 0, 0, 0, 1, 0], ""clusters"": [-1, -1, -1, -1, -1, -1, -1, -1, -1, -1], ""deleted_cluster_ids"": []}"
182,deepsight,deepsight_ensemble_cluster,"[3, 43, 51, 90, 39, 33, 29, 75, 98, 5]",[],"{""cosine_cluster"": [-1, -1, -1, -1, -1, -1, -1, -1, -1, -1], ""neup_cluster"": [-1, -1, -1, -1, -1, -1, -1, -1, -1, -1], ""ddif_cluster"": [-1, -1, -1, -1, -1, -1, -1, -1, -1, -1], ""ensemble_cluster"": [-1, -1, -1, -1, -1, -1, -1, -1, -1, -1]}"
182,deepsight,deepsight_final_filter,"[3, 43, 51, 90, 39, 33, 29, 75, 98, 5]",[],"{""n_exceeds"": [45, 10, 6, 18, 22, 1, 16, 17, 16, 27], ""classification_boundary"": 8.25, ""identified_mals"": [0, 0, 1, 0, 0, 1, 0, 0, 0, 0], ""clusters"": [-1, -1, -1, -1, -1, -1, -1, -1, -1, -1], ""deleted_cluster_ids"": []}"
183,deepsight,deepsight_ensemble_cluster,"[4, 41, 9, 81, 78, 44, 51, 52, 28, 2]",[],"{""cosine_cluster"": [-1, -1, -1, -1, -1, -1, -1, -1, -1, -1], ""neup_cluster"": [-1, -1, -1, -1, -1, -1, -1, -1, -1, -1], ""ddif_cluster"": [-1, -1, -1, -1, -1, -1, -1, -1, -1, -1], ""ensemble_cluster"": [-1, -1, -1, -1, -1, -1, -1, -1, -1, -1]}"
183,deepsight,deepsight_final_filter,"[4, 41, 9, 81, 78, 44, 51, 52, 28, 2]",[],"{""n_exceeds"": [25, 5, 28, 21, 20, 10, 5, 7, 9, 6], ""classification_boundary"": 4.75, ""identified_mals"": [0, 0, 0, 0, 0, 0, 0, 0, 0, 0], ""clusters"": [-1, -1, -1, -1, -1, -1, -1, -1, -1, -1], ""deleted_cluster_ids"": []}"
184,deepsight,deepsight_ensemble_cluster,"[0, 84, 51, 26, 50, 19, 92, 16, 7, 46]",[],"{""cosine_cluster"": [-1, -1, -1, -1, -1, -1, -1, -1, -1, -1], ""neup_cluster"": [-1, -1, -1, -1, -1, -1, -1, -1, -1, -1], ""ddif_cluster"": [-1, -1, -1, -1, -1, -1, -1, -1, -1, -1], ""ensemble_cluster"": [-1, -1, -1, -1, -1, -1, -1, -1, -1, -1]}"
184,deepsight,deepsight_final_filter,"[0, 84, 51, 26, 50, 19, 92, 16, 7, 46]",[],"{""n_exceeds"": [8, 15, 4, 6, 15, 42, 16, 15, 13, 38], ""classification_boundary"": 7.5, ""identified_mals"": [0, 0, 1, 1, 0, 0, 0, 0, 0, 0], ""clusters"": [-1, -1, -1, -1, -1, -1, -1, -1, -1, -1], ""deleted_cluster_ids"": []}"
185,deepsight,deepsight_ensemble_cluster,"[0, 50, 34, 8, 58, 66, 60, 95, 92, 83]",[],"{""cosine_cluster"": [-1, -1, -1, -1, -1, -1, -1, -1, -1, -1], ""neup_cluster"": [-1, -1, -1, -1, -1, -1, -1, -1, -1, -1], ""ddif_cluster"": [-1, -1, -1, -1, -1, -1, -1, -1, -1, -1], ""ensemble_cluster"": [-1, -1, -1, -1, -1, -1, -1, -1, -1, -1]}"
185,deepsight,deepsight_final_filter,"[0, 50, 34, 8, 58, 66, 60, 95, 92, 83]",[],"{""n_exceeds"": [11, 15, 14, 12, 19, 9, 8, 21, 15, 8], ""classification_boundary"": 6.5, ""identified_mals"": [0, 0, 0, 0, 0, 0, 0, 0, 0, 0], ""clusters"": [-1, -1, -1, -1, -1, -1, -1, -1, -1, -1], ""deleted_cluster_ids"": []}"
186,deepsight,deepsight_ensemble_cluster,"[0, 39, 65, 14, 12, 27, 95, 84, 47, 98]",[],"{""cosine_cluster"": [-1, -1, -1, -1, -1, -1, -1, -1, -1, -1], ""neup_cluster"": [-1, -1, -1, -1, -1, -1, -1, -1, -1, -1], ""ddif_cluster"": [-1, -1, -1, -1, -1, -1, -1, -1, -1, -1], ""ensemble_cluster"": [-1, -1, -1, -1, -1, -1, -1, -1, -1, -1]}"
186,deepsight,deepsight_final_filter,"[0, 39, 65, 14, 12, 27, 95, 84, 47, 98]",[],"{""n_exceeds"": [12, 37, 14, 24, 25, 4, 21, 19, 17, 32], ""classification_boundary"": 10.0, ""identified_mals"": [0, 0, 0, 0, 0, 1, 0, 0, 0, 0], ""clusters"": [-1, -1, -1, -1, -1, -1, -1, -1, -1, -1], ""deleted_cluster_ids"": []}"
187,deepsight,deepsight_ensemble_cluster,"[1, 89, 94, 61, 96, 81, 86, 32, 78, 54]",[],"{""cosine_cluster"": [-1, -1, -1, -1, -1, -1, -1, -1, -1, -1], ""neup_cluster"": [-1, -1, -1, -1, -1, -1, -1, -1, -1, -1], ""ddif_cluster"": [-1, -1, -1, -1, -1, -1, -1, -1, -1, -1], ""ensemble_cluster"": [-1, -1, -1, -1, -1, -1, -1, -1, -1, -1]}"
187,deepsight,deepsight_final_filter,"[1, 89, 94, 61, 96, 81, 86, 32, 78, 54]",[],"{""n_exceeds"": [29, 21, 22, 7, 15, 17, 24, 23, 24, 9], ""classification_boundary"": 10.75, ""identified_mals"": [0, 0, 0, 1, 0, 0, 0, 0, 0, 1], ""clusters"": [-1, -1, -1, -1, -1, -1, -1, -1, -1, -1], ""deleted_cluster_ids"": []}"
188,deepsight,deepsight_ensemble_cluster,"[2, 21, 62, 81, 98, 77, 41, 75, 96, 70]",[],"{""cosine_cluster"": [-1, -1, -1, -1, -1, -1, -1, -1, -1, -1], ""neup_cluster"": [-1, -1, -1, -1, -1, -1, -1, -1, -1, -1], ""ddif_cluster"": [-1, -1, -1, -1, -1, -1, -1, -1, -1, -1], ""ensemble_cluster"": [-1, -1, -1, -1, -1, -1, -1, -1, -1, -1]}"
188,deepsight,deepsight_final_filter,"[2, 21, 62, 81, 98, 77, 41, 75, 96, 70]",[],"{""n_exceeds"": [14, 13, 16, 14, 27, 8, 5, 15, 13, 16], ""classification_boundary"": 7.0, ""identified_mals"": [0, 0, 0, 0, 0, 0, 1, 0, 0, 0], ""clusters"": [-1, -1, -1, -1, -1, -1, -1, -1, -1, -1], ""deleted_cluster_ids"": []}"
189,deepsight,deepsight_ensemble_cluster,"[3, 57, 59, 61, 90, 8, 43, 47, 39, 67]",[],"{""cosine_cluster"": [-1, -1, -1, -1, -1, -1, -1, -1, -1, -1], ""neup_cluster"": [-1, -1, -1, -1, -1, -1, -1, -1, -1, -1], ""ddif_cluster"": [-1, -1, -1, -1, -1, -1, -1, -1, -1, -1], ""ensemble_cluster"": [-1, -1, -1, -1, -1, -1, -1, -1, -1, -1]}"
189,deepsight,deepsight_final_filter,"[3, 57, 59, 61, 90, 8, 43, 47, 39, 67]",[],"{""n_exceeds"": [38, 10, 3, 8, 20, 13, 11, 7, 32, 13], ""classification_boundary"": 6.0, ""identified_mals"": [0, 0, 1, 0, 0, 0, 0, 0, 0, 0], ""clusters"": [-1, -1, -1, -1, -1, -1, -1, -1, -1, -1], ""deleted_cluster_ids"": []}"
190,deepsight,deepsight_ensemble_cluster,"[4, 75, 92, 99, 5, 61, 12, 24, 89, 76]",[],"{""cosine_cluster"": [-1, -1, -1, -1, -1, -1, -1, -1, -1, -1], ""neup_cluster"": [-1, -1, -1, -1, -1, -1, -1, -1, -1, -1], ""ddif_cluster"": [-1, -1, -1, -1, -1, -1, -1, -1, -1, -1], ""ensemble_cluster"": [-1, -1, -1, -1, -1, -1, -1, -1, -1, -1]}"
190,deepsight,deepsight_final_filter,"[4, 75, 92, 99, 5, 61, 12, 24, 89, 76]",[],"{""n_exceeds"": [9, 15, 10, 10, 27, 10, 37, 36, 29, 1], ""classification_boundary"": 6.25, ""identified_mals"": [0, 0, 0, 0, 0, 0, 0, 0, 0, 1], ""clusters"": [-1, -1, -1, -1, -1, -1, -1, -1, -1, -1], ""deleted_cluster_ids"": []}"
191,deepsight,deepsight_ensemble_cluster,"[4, 50, 78, 98, 77, 13, 42, 38, 91, 71]",[],"{""cosine_cluster"": [-1, -1, -1, -1, -1, -1, -1, -1, -1, -1], ""neup_cluster"": [-1, -1, -1, -1, -1, -1, -1, -1, -1, -1], ""ddif_cluster"": [-1, -1, -1, -1, -1, -1, -1, -1, -1, -1], ""ensemble_cluster"": [-1, -1, -1, -1, -1, -1, -1, -1, -1, -1]}"
191,deepsight,deepsight_final_filter,"[4, 50, 78, 98, 77, 13, 42, 38, 91, 71]",[],"{""n_exceeds"": [29, 23, 20, 19, 4, 6, 20, 22, 6, 1], ""classification_boundary"": 9.75, ""identified_mals"": [0, 0, 0, 0, 1, 1, 0, 0, 1, 1], ""clusters"": [-1, -1, -1, -1, -1, -1, -1, -1, -1, -1], ""deleted_cluster_ids"": [-1]}"
192,deepsight,deepsight_ensemble_cluster,"[1, 62, 2, 7, 85, 17, 74, 32, 28, 90]",[],"{""cosine_cluster"": [-1, -1, -1, -1, -1, -1, -1, -1, -1, -1], ""neup_cluster"": [-1, -1, -1, -1, -1, -1, -1, -1, -1, -1], ""ddif_cluster"": [-1, -1, -1, -1, -1, -1, -1, -1, -1, -1], ""ensemble_cluster"": [-1, -1, -1, -1, -1, -1, -1, -1, -1, -1]}"
192,deepsight,deepsight_final_filter,"[1, 62, 2, 7, 85, 17, 74, 32, 28, 90]",[],"{""n_exceeds"": [10, 28, 10, 15, 2, 18, 24, 30, 15, 20], ""classification_boundary"": 8.25, ""identified_mals"": [0, 0, 0, 0, 1, 0, 0, 0, 0, 0], ""clusters"": [-1, -1, -1, -1, -1, -1, -1, -1, -1, -1], ""deleted_cluster_ids"": []}"
193,deepsight,deepsight_ensemble_cluster,"[0, 28, 17, 51, 66, 74, 25, 61, 34, 54]",[],"{""cosine_cluster"": [-1, -1, -1, -1, -1, -1, -1, -1, -1, -1], ""neup_cluster"": [-1, -1, -1, -1, -1, -1, -1, -1, -1, -1], ""ddif_cluster"": [-1, -1, -1, -1, -1, -1, -1, -1, -1, -1], ""ensemble_cluster"": [-1, -1, -1, -1, -1, -1, -1, -1, -1, -1]}"
193,deepsight,deepsight_final_filter,"[0, 28, 17, 51, 66, 74, 25, 61, 34, 54]",[],"{""n_exceeds"": [7, 8, 16, 6, 10, 16, 26, 9, 16, 13], ""classification_boundary"": 5.75, ""identified_mals"": [0, 0, 0, 0, 0, 0, 0, 0, 0, 0], ""clusters"": [-1, -1, -1, -1, -1, -1, -1, -1, -1, -1], ""deleted_cluster_ids"": []}"
194,deepsight,deepsight_ensemble_cluster,"[0, 21, 9, 32, 56, 98, 70, 69, 37, 10]",[],"{""cosine_cluster"": [-1, -1, -1, -1, -1, -1, -1, -1, -1, -1], ""neup_cluster"": [-1, -1, -1, -1, -1, -1, -1, -1, -1, -1], ""ddif_cluster"": [-1, -1, -1, -1, -1, -1, -1, -1, -1, -1], ""ensemble_cluster"": [-1, -1, -1, -1, -1, -1, -1, -1, -1, -1]}"
194,deepsight,deepsight_final_filter,"[0, 21, 9, 32, 56, 98, 70, 69, 37, 10]",[],"{""n_exceeds"": [14, 19, 27, 25, 22, 23, 10, 21, 25, 3], ""classification_boundary"": 10.75, ""identified_mals"": [0, 0, 0, 0, 0, 0, 1, 0, 0, 1], ""clusters"": [-1, -1, -1, -1, -1, -1, -1, -1, -1, -1], ""deleted_cluster_ids"": []}"
195,deepsight,deepsight_ensemble_cluster,"[2, 64, 62, 11, 89, 18, 95, 78, 9, 68]",[],"{""cosine_cluster"": [-1, -1, -1, -1, -1, -1, -1, -1, -1, -1], ""neup_cluster"": [-1, -1, -1, -1, -1, -1, -1, -1, -1, -1], ""ddif_cluster"": [-1, -1, -1, -1, -1, -1, -1, -1, -1, -1], ""ensemble_cluster"": [-1, -1, -1, -1, -1, -1, -1, -1, -1, -1]}"
195,deepsight,deepsight_final_filter,"[2, 64, 62, 11, 89, 18, 95, 78, 9, 68]",[],"{""n_exceeds"": [4, 30, 34, 32, 29, 23, 29, 20, 21, 5], ""classification_boundary"": 13.0, ""identified_mals"": [1, 0, 0, 0, 0, 0, 0, 0, 0, 1], ""clusters"": [-1, -1, -1, -1, -1, -1, -1, -1, -1, -1], ""deleted_cluster_ids"": []}"
196,deepsight,deepsight_ensemble_cluster,"[2, 23, 90, 81, 83, 48, 9, 93, 76, 46]",[],"{""cosine_cluster"": [-1, -1, -1, -1, -1, -1, -1, -1, -1, -1], ""neup_cluster"": [-1, -1, -1, -1, -1, -1, -1, -1, -1, -1], ""ddif_cluster"": [-1, -1, -1, -1, -1, -1, -1, -1, -1, -1], ""ensemble_cluster"": [-1, -1, -1, -1, -1, -1, -1, -1, -1, -1]}"
196,deepsight,deepsight_final_filter,"[2, 23, 90, 81, 83, 48, 9, 93, 76, 46]",[],"{""n_exceeds"": [12, 7, 26, 24, 9, 17, 15, 13, 1, 36], ""classification_boundary"": 7.0, ""identified_mals"": [0, 1, 0, 0, 0, 0, 0, 0, 1, 0], ""clusters"": [-1, -1, -1, -1, -1, -1, -1, -1, -1, -1], ""deleted_cluster_ids"": []}"
197,deepsight,deepsight_ensemble_cluster,"[3, 97, 11, 61, 56, 86, 47, 44, 72, 77]",[],"{""cosine_cluster"": [-1, -1, -1, -1, -1, -1, -1, -1, -1, -1], ""neup_cluster"": [-1, -1, -1, -1, -1, -1, -1, -1, -1, -1], ""ddif_cluster"": [-1, -1, -1, -1, -1, -1, -1, -1, -1, -1], ""ensemble_cluster"": [-1, -1, -1, -1, -1, -1, -1, -1, -1, -1]}"
197,deepsight,deepsight_final_filter,"[3, 97, 11, 61, 56, 86, 47, 44, 72, 77]",[],"{""n_exceeds"": [33, 21, 38, 11, 19, 14, 17, 6, 6, 6], ""classification_boundary"": 7.75, ""identified_mals"": [0, 0, 0, 0, 0, 0, 0, 1, 1, 1], ""clusters"": [-1, -1, -1, -1, -1, -1, -1, -1, -1, -1], ""deleted_cluster_ids"": []}"
198,deepsight,deepsight_ensemble_cluster,"[1, 20, 29, 89, 48, 47, 17, 70, 42, 72]",[],"{""cosine_cluster"": [-1, -1, -1, -1, -1, -1, -1, -1, -1, -1], ""neup_cluster"": [-1, -1, -1, -1, -1, -1, -1, -1, -1, -1], ""ddif_cluster"": [-1, -1, -1, -1, -1, -1, -1, -1, -1, -1], ""ensemble_cluster"": [-1, -1, -1, -1, -1, -1, -1, -1, -1, -1]}"
198,deepsight,deepsight_final_filter,"[1, 20, 29, 89, 48, 47, 17, 70, 42, 72]",[],"{""n_exceeds"": [22, 4, 9, 29, 14, 13, 14, 11, 17, 6], ""classification_boundary"": 6.75, ""identified_mals"": [0, 1, 0, 0, 0, 0, 0, 0, 0, 1], ""clusters"": [-1, -1, -1, -1, -1, -1, -1, -1, -1, -1], ""deleted_cluster_ids"": []}"
199,deepsight,deepsight_ensemble_cluster,"[3, 86, 4, 56, 25, 0, 20, 99, 19, 71]",[],"{""cosine_cluster"": [-1, -1, -1, -1, -1, -1, -1, -1, -1, -1], ""neup_cluster"": [-1, -1, -1, -1, -1, -1, -1, -1, -1, -1], ""ddif_cluster"": [-1, -1, -1, -1, -1, -1, -1, -1, -1, -1], ""ensemble_cluster"": [-1, -1, -1, -1, -1, -1, -1, -1, -1, -1]}"
199,deepsight,deepsight_final_filter,"[3, 86, 4, 56, 25, 0, 20, 99, 19, 71]",[],"{""n_exceeds"": [39, 9, 43, 27, 32, 13, 3, 16, 38, 1], ""classification_boundary"": 10.75, ""identified_mals"": [0, 1, 0, 0, 0, 0, 1, 0, 0, 1], ""clusters"": [-1, -1, -1, -1, -1, -1, -1, -1, -1, -1], ""deleted_cluster_ids"": []}"
200,deepsight,deepsight_ensemble_cluster,"[1, 78, 29, 31, 46, 19, 70, 57, 68, 79]",[],"{""cosine_cluster"": [-1, -1, -1, -1, -1, -1, -1, -1, -1, -1], ""neup_cluster"": [-1, -1, -1, -1, -1, -1, -1, -1, -1, -1], ""ddif_cluster"": [-1, -1, -1, -1, -1, -1, -1, -1, -1, -1], ""ensemble_cluster"": [-1, -1, -1, -1, -1, -1, -1, -1, -1, -1]}"
200,deepsight,deepsight_final_filter,"[1, 78, 29, 31, 46, 19, 70, 57, 68, 79]",[],"{""n_exceeds"": [7, 21, 7, 24, 43, 44, 19, 13, 10, 8], ""classification_boundary"": 8.0, ""identified_mals"": [1, 0, 1, 0, 0, 0, 0, 0, 0, 1], ""clusters"": [-1, -1, -1, -1, -1, -1, -1, -1, -1, -1], ""deleted_cluster_ids"": []}"
201,deepsight,deepsight_ensemble_cluster,"[3, 14, 48, 93, 25, 45, 77, 84, 53, 39]",[],"{""cosine_cluster"": [-1, -1, -1, -1, -1, -1, -1, -1, -1, -1], ""neup_cluster"": [-1, -1, -1, -1, -1, -1, -1, -1, -1, -1], ""ddif_cluster"": [-1, -1, -1, -1, -1, -1, -1, -1, -1, -1], ""ensemble_cluster"": [-1, -1, -1, -1, -1, -1, -1, -1, -1, -1]}"
201,deepsight,deepsight_final_filter,"[3, 14, 48, 93, 25, 45, 77, 84, 53, 39]",[],"{""n_exceeds"": [40, 15, 14, 29, 19, 13, 6, 20, 23, 29], ""classification_boundary"": 9.75, ""identified_mals"": [0, 0, 0, 0, 0, 0, 1, 0, 0, 0], ""clusters"": [-1, -1, -1, -1, -1, -1, -1, -1, -1, -1], ""deleted_cluster_ids"": []}"
202,deepsight,deepsight_ensemble_cluster,"[3, 21, 53, 68, 86, 40, 95, 64, 35, 36]",[],"{""cosine_cluster"": [-1, -1, -1, -1, -1, -1, -1, -1, -1, -1], ""neup_cluster"": [-1, -1, -1, -1, -1, -1, -1, -1, -1, -1], ""ddif_cluster"": [-1, -1, -1, -1, -1, -1, -1, -1, -1, -1], ""ensemble_cluster"": [-1, -1, -1, -1, -1, -1, -1, -1, -1, -1]}"
202,deepsight,deepsight_final_filter,"[3, 21, 53, 68, 86, 40, 95, 64, 35, 36]",[],"{""n_exceeds"": [40, 15, 24, 5, 15, 1, 29, 31, 3, 26], ""classification_boundary"": 9.75, ""identified_mals"": [0, 0, 0, 1, 0, 1, 0, 0, 1, 0], ""clusters"": [-1, -1, -1, -1, -1, -1, -1, -1, -1, -1], ""deleted_cluster_ids"": []}"
203,deepsight,deepsight_ensemble_cluster,"[2, 42, 5, 59, 88, 20, 67, 32, 14, 98]",[],"{""cosine_cluster"": [-1, -1, -1, -1, -1, -1, -1, -1, -1, -1], ""neup_cluster"": [-1, -1, -1, -1, -1, -1, -1, -1, -1, -1], ""ddif_cluster"": [-1, -1, -1, -1, -1, -1, -1, -1, -1, -1], ""ensemble_cluster"": [-1, -1, -1, -1, -1, -1, -1, -1, -1, -1]}"
203,deepsight,deepsight_final_filter,"[2, 42, 5, 59, 88, 20, 67, 32, 14, 98]",[],"{""n_exceeds"": [13, 19, 22, 3, 9, 4, 15, 28, 15, 25], ""classification_boundary"": 7.5, ""identified_mals"": [0, 0, 0, 1, 0, 1, 0, 0, 0, 0], ""clusters"": [-1, -1, -1, -1, -1, -1, -1, -1, -1, -1], ""deleted_cluster_ids"": []}"
204,deepsight,deepsight_ensemble_cluster,"[0, 16, 71, 46, 93, 88, 7, 68, 70, 62]",[],"{""cosine_cluster"": [-1, -1, -1, -1, -1, -1, -1, -1, -1, -1], ""neup_cluster"": [-1, -1, -1, -1, -1, -1, -1, -1, -1, -1], ""ddif_cluster"": [-1, -1, -1, -1, -1, -1, -1, -1, -1, -1], ""ensemble_cluster"": [-1, -1, -1, -1, -1, -1, -1, -1, -1, -1]}"
204,deepsight,deepsight_final_filter,"[0, 16, 71, 46, 93, 88, 7, 68, 70, 62]",[],"{""n_exceeds"": [6, 8, 1, 33, 24, 20, 14, 5, 21, 26], ""classification_boundary"": 8.5, ""identified_mals"": [1, 1, 1, 0, 0, 0, 0, 1, 0, 0], ""clusters"": [-1, -1, -1, -1, -1, -1, -1, -1, -1, -1], ""deleted_cluster_ids"": [-1]}"
205,deepsight,deepsight_ensemble_cluster,"[2, 52, 95, 40, 45, 97, 4, 96, 87, 44]",[],"{""cosine_cluster"": [-1, -1, -1, -1, -1, -1, -1, -1, -1, -1], ""neup_cluster"": [-1, -1, -1, -1, -1, -1, -1, -1, -1, -1], ""ddif_cluster"": [-1, -1, -1, -1, -1, -1, -1, -1, -1, -1], ""ensemble_cluster"": [-1, -1, -1, -1, -1, -1, -1, -1, -1, -1]}"
205,deepsight,deepsight_final_filter,"[2, 52, 95, 40, 45, 97, 4, 96, 87, 44]",[],"{""n_exceeds"": [13, 11, 24, 3, 12, 15, 34, 17, 30, 6], ""classification_boundary"": 7.0, ""identified_mals"": [0, 0, 0, 1, 0, 0, 0, 0, 0, 1], ""clusters"": [-1, -1, -1, -1, -1, -1, -1, -1, -1, -1], ""deleted_cluster_ids"": []}"
206,deepsight,deepsight_ensemble_cluster,"[4, 15, 84, 1, 41, 68, 14, 0, 72, 83]",[],"{""cosine_cluster"": [-1, -1, -1, -1, -1, -1, -1, -1, -1, -1], ""neup_cluster"": [-1, -1, -1, -1, -1, -1, -1, -1, -1, -1], ""ddif_cluster"": [-1, -1, -1, -1, -1, -1, -1, -1, -1, -1], ""ensemble_cluster"": [-1, -1, -1, -1, -1, -1, -1, -1, -1, -1]}"
206,deepsight,deepsight_final_filter,"[4, 15, 84, 1, 41, 68, 14, 0, 72, 83]",[],"{""n_exceeds"": [28, 18, 22, 7, 5, 5, 13, 11, 8, 9], ""classification_boundary"": 5.0, ""identified_mals"": [0, 0, 0, 0, 1, 1, 0, 0, 0, 0], ""clusters"": [-1, -1, -1, -1, -1, -1, -1, -1, -1, -1], ""deleted_cluster_ids"": []}"
207,deepsight,deepsight_ensemble_cluster,"[4, 88, 54, 63, 77, 34, 33, 64, 56, 11]",[],"{""cosine_cluster"": [-1, -1, -1, -1, -1, -1, -1, -1, -1, -1], ""neup_cluster"": [-1, -1, -1, -1, -1, -1, -1, -1, -1, -1], ""ddif_cluster"": [-1, -1, -1, -1, -1, -1, -1, -1, -1, -1], ""ensemble_cluster"": [-1, -1, -1, -1, -1, -1, -1, -1, -1, -1]}"
207,deepsight,deepsight_final_filter,"[4, 88, 54, 63, 77, 34, 33, 64, 56, 11]",[],"{""n_exceeds"": [34, 11, 11, 31, 7, 16, 1, 27, 22, 37], ""classification_boundary"": 9.5, ""identified_mals"": [0, 0, 0, 0, 1, 0, 1, 0, 0, 0], ""clusters"": [-1, -1, -1, -1, -1, -1, -1, -1, -1, -1], ""deleted_cluster_ids"": []}"
208,deepsight,deepsight_ensemble_cluster,"[4, 28, 58, 69, 99, 94, 71, 55, 49, 25]",[],"{""cosine_cluster"": [-1, -1, -1, -1, -1, -1, -1, -1, -1, -1], ""neup_cluster"": [-1, -1, -1, -1, -1, -1, -1, -1, -1, -1], ""ddif_cluster"": [-1, -1, -1, -1, -1, -1, -1, -1, -1, -1], ""ensemble_cluster"": [-1, -1, -1, -1, -1, -1, -1, -1, -1, -1]}"
208,deepsight,deepsight_final_filter,"[4, 28, 58, 69, 99, 94, 71, 55, 49, 25]",[],"{""n_exceeds"": [36, 13, 14, 22, 12, 20, 1, 20, 31, 28], ""classification_boundary"": 10.0, ""identified_mals"": [0, 0, 0, 0, 0, 0, 1, 0, 0, 0], ""clusters"": [-1, -1, -1, -1, -1, -1, -1, -1, -1, -1], ""deleted_cluster_ids"": []}"
209,deepsight,deepsight_ensemble_cluster,"[3, 82, 38, 50, 98, 43, 32, 29, 30, 39]",[],"{""cosine_cluster"": [-1, -1, -1, -1, -1, -1, -1, -1, -1, -1], ""neup_cluster"": [-1, -1, -1, -1, -1, -1, -1, -1, -1, -1], ""ddif_cluster"": [-1, -1, -1, -1, -1, -1, -1, -1, -1, -1], ""ensemble_cluster"": [-1, -1, -1, -1, -1, -1, -1, -1, -1, -1]}"
209,deepsight,deepsight_final_filter,"[3, 82, 38, 50, 98, 43, 32, 29, 30, 39]",[],"{""n_exceeds"": [43, 13, 29, 22, 19, 14, 28, 15, 11, 30], ""classification_boundary"": 10.25, ""identified_mals"": [0, 0, 0, 0, 0, 0, 0, 0, 0, 0], ""clusters"": [-1, -1, -1, -1, -1, -1, -1, -1, -1, -1], ""deleted_cluster_ids"": []}"
210,deepsight,deepsight_ensemble_cluster,"[3, 57, 36, 96, 74, 53, 30, 26, 62, 19]",[],"{""cosine_cluster"": [-1, -1, -1, -1, -1, -1, -1, -1, -1, -1], ""neup_cluster"": [-1, -1, -1, -1, -1, -1, -1, -1, -1, -1], ""ddif_cluster"": [-1, -1, -1, -1, -1, -1, -1, -1, -1, -1], ""ensemble_cluster"": [-1, -1, -1, -1, -1, -1, -1, -1, -1, -1]}"
210,deepsight,deepsight_final_filter,"[3, 57, 36, 96, 74, 53, 30, 26, 62, 19]",[],"{""n_exceeds"": [32, 21, 20, 10, 19, 28, 19, 4, 19, 44], ""classification_boundary"": 9.75, ""identified_mals"": [0, 0, 0, 0, 0, 0, 0, 1, 0, 0], ""clusters"": [-1, -1, -1, -1, -1, -1, -1, -1, -1, -1], ""deleted_cluster_ids"": []}"
211,deepsight,deepsight_ensemble_cluster,"[1, 89, 56, 22, 65, 15, 79, 10, 45, 0]",[],"{""cosine_cluster"": [-1, -1, -1, -1, -1, -1, -1, -1, -1, -1], ""neup_cluster"": [-1, -1, -1, -1, -1, -1, -1, -1, -1, -1], ""ddif_cluster"": [-1, -1, -1, -1, -1, -1, -1, -1, -1, -1], ""ensemble_cluster"": [-1, -1, -1, -1, -1, -1, -1, -1, -1, -1]}"
211,deepsight,deepsight_final_filter,"[1, 89, 56, 22, 65, 15, 79, 10, 45, 0]",[],"{""n_exceeds"": [14, 28, 33, 26, 11, 24, 8, 4, 12, 9], ""classification_boundary"": 6.5, ""identified_mals"": [0, 0, 0, 0, 0, 0, 0, 1, 0, 0], ""clusters"": [-1, -1, -1, -1, -1, -1, -1, -1, -1, -1], ""deleted_cluster_ids"": []}"
212,deepsight,deepsight_ensemble_cluster,"[1, 28, 63, 38, 27, 71, 82, 64, 32, 37]",[],"{""cosine_cluster"": [-1, -1, -1, -1, -1, -1, -1, -1, -1, -1], ""neup_cluster"": [-1, -1, -1, -1, -1, -1, -1, -1, -1, -1], ""ddif_cluster"": [-1, -1, -1, -1, -1, -1, -1, -1, -1, -1], ""ensemble_cluster"": [-1, -1, -1, -1, -1, -1, -1, -1, -1, -1]}"
212,deepsight,deepsight_final_filter,"[1, 28, 63, 38, 27, 71, 82, 64, 32, 37]",[],"{""n_exceeds"": [15, 10, 34, 27, 6, 1, 13, 30, 28, 26], ""classification_boundary"": 10.25, ""identified_mals"": [0, 1, 0, 0, 1, 1, 0, 0, 0, 0], ""clusters"": [-1, -1, -1, -1, -1, -1, -1, -1, -1, -1], ""deleted_cluster_ids"": []}"
213,deepsight,deepsight_ensemble_cluster,"[2, 7, 42, 22, 15, 77, 38, 1, 41, 82]",[],"{""cosine_cluster"": [-1, -1, -1, -1, -1, -1, -1, -1, -1, -1], ""neup_cluster"": [-1, -1, -1, -1, -1, -1, -1, -1, -1, -1], ""ddif_cluster"": [-1, -1, -1, -1, -1, -1, -1, -1, -1, -1], ""ensemble_cluster"": [-1, -1, -1, -1, -1, -1, -1, -1, -1, -1]}"
213,deepsight,deepsight_final_filter,"[2, 7, 42, 22, 15, 77, 38, 1, 41, 82]",[],"{""n_exceeds"": [12, 16, 24, 26, 20, 6, 41, 15, 5, 13], ""classification_boundary"": 7.75, ""identified_mals"": [0, 0, 0, 0, 0, 1, 0, 0, 1, 0], ""clusters"": [-1, -1, -1, -1, -1, -1, -1, -1, -1, -1], ""deleted_cluster_ids"": []}"
214,deepsight,deepsight_ensemble_cluster,"[0, 33, 61, 17, 97, 54, 4, 80, 62, 83]",[],"{""cosine_cluster"": [-1, -1, -1, -1, -1, -1, -1, -1, -1, -1], ""neup_cluster"": [-1, -1, -1, -1, -1, -1, -1, -1, -1, -1], ""ddif_cluster"": [-1, -1, -1, -1, -1, -1, -1, -1, -1, -1], ""ensemble_cluster"": [-1, -1, -1, -1, -1, -1, -1, -1, -1, -1]}"
214,deepsight,deepsight_final_filter,"[0, 33, 61, 17, 97, 54, 4, 80, 62, 83]",[],"{""n_exceeds"": [8, 1, 8, 15, 15, 7, 39, 19, 18, 7], ""classification_boundary"": 5.75, ""identified_mals"": [0, 1, 0, 0, 0, 0, 0, 0, 0, 0], ""clusters"": [-1, -1, -1, -1, -1, -1, -1, -1, -1, -1], ""deleted_cluster_ids"": []}"
215,deepsight,deepsight_ensemble_cluster,"[4, 55, 21, 77, 10, 35, 46, 76, 63, 58]",[],"{""cosine_cluster"": [-1, -1, -1, -1, -1, -1, -1, -1, -1, -1], ""neup_cluster"": [-1, -1, -1, -1, -1, -1, -1, -1, -1, -1], ""ddif_cluster"": [-1, -1, -1, -1, -1, -1, -1, -1, -1, -1], ""ensemble_cluster"": [-1, -1, -1, -1, -1, -1, -1, -1, -1, -1]}"
215,deepsight,deepsight_final_filter,"[4, 55, 21, 77, 10, 35, 46, 76, 63, 58]",[],"{""n_exceeds"": [31, 16, 15, 10, 4, 7, 37, 1, 39, 16], ""classification_boundary"": 7.75, ""identified_mals"": [0, 0, 0, 0, 1, 1, 0, 1, 0, 0], ""clusters"": [-1, -1, -1, -1, -1, -1, -1, -1, -1, -1], ""deleted_cluster_ids"": []}"
216,deepsight,deepsight_ensemble_cluster,"[1, 53, 49, 3, 74, 69, 97, 95, 41, 75]",[],"{""cosine_cluster"": [-1, -1, -1, -1, -1, -1, -1, -1, -1, -1], ""neup_cluster"": [-1, -1, -1, -1, -1, -1, -1, -1, -1, -1], ""ddif_cluster"": [-1, -1, -1, -1, -1, -1, -1, -1, -1, -1], ""ensemble_cluster"": [-1, -1, -1, -1, -1, -1, -1, -1, -1, -1]}"
216,deepsight,deepsight_final_filter,"[1, 53, 49, 3, 74, 69, 97, 95, 41, 75]",[],"{""n_exceeds"": [6, 25, 27, 40, 16, 21, 15, 29, 3, 21], ""classification_boundary"": 10.5, ""identified_mals"": [1, 0, 0, 0, 0, 0, 0, 0, 1, 0], ""clusters"": [-1, -1, -1, -1, -1, -1, -1, -1, -1, -1], ""deleted_cluster_ids"": []}"
217,deepsight,deepsight_ensemble_cluster,"[0, 78, 72, 12, 57, 97, 39, 63, 93, 30]",[],"{""cosine_cluster"": [-1, -1, -1, -1, -1, -1, -1, -1, -1, -1], ""neup_cluster"": [-1, -1, -1, -1, -1, -1, -1, -1, -1, -1], ""ddif_cluster"": [-1, -1, -1, -1, -1, -1, -1, -1, -1, -1], ""ensemble_cluster"": [-1, -1, -1, -1, -1, -1, -1, -1, -1, -1]}"
217,deepsight,deepsight_final_filter,"[0, 78, 72, 12, 57, 97, 39, 63, 93, 30]",[],"{""n_exceeds"": [11, 19, 7, 23, 19, 21, 38, 28, 28, 18], ""classification_boundary"": 10.0, ""identified_mals"": [0, 0, 1, 0, 0, 0, 0, 0, 0, 0], ""clusters"": [-1, -1, -1, -1, -1, -1, -1, -1, -1, -1], ""deleted_cluster_ids"": []}"
218,deepsight,deepsight_ensemble_cluster,"[3, 56, 47, 27, 79, 57, 83, 68, 45, 58]",[],"{""cosine_cluster"": [-1, -1, -1, -1, -1, -1, -1, -1, -1, -1], ""neup_cluster"": [-1, -1, -1, -1, -1, -1, -1, -1, -1, -1], ""ddif_cluster"": [-1, -1, -1, -1, -1, -1, -1, -1, -1, -1], ""ensemble_cluster"": [-1, -1, -1, -1, -1, -1, -1, -1, -1, -1]}"
218,deepsight,deepsight_final_filter,"[3, 56, 47, 27, 79, 57, 83, 68, 45, 58]",[],"{""n_exceeds"": [46, 14, 21, 5, 9, 18, 14, 4, 10, 11], ""classification_boundary"": 6.25, ""identified_mals"": [0, 0, 0, 1, 0, 0, 0, 1, 0, 0], ""clusters"": [-1, -1, -1, -1, -1, -1, -1, -1, -1, -1], ""deleted_cluster_ids"": []}"
219,deepsight,deepsight_ensemble_cluster,"[2, 65, 96, 77, 88, 45, 84, 47, 58, 15]",[],"{""cosine_cluster"": [-1, -1, -1, -1, -1, -1, -1, -1, -1, -1], ""neup_cluster"": [-1, -1, -1, -1, -1, -1, -1, -1, -1, -1], ""ddif_cluster"": [-1, -1, -1, -1, -1, -1, -1, -1, -1, -1], ""ensemble_cluster"": [-1, -1, -1, -1, -1, -1, -1, -1, -1, -1]}"
219,deepsight,deepsight_final_filter,"[2, 65, 96, 77, 88, 45, 84, 47, 58, 15]",[],"{""n_exceeds"": [12, 12, 23, 6, 13, 16, 20, 15, 21, 19], ""classification_boundary"": 7.75, ""identified_mals"": [0, 0, 0, 1, 0, 0, 0, 0, 0, 0], ""clusters"": [-1, -1, -1, -1, -1, -1, -1, -1, -1, -1], ""deleted_cluster_ids"": []}"
220,deepsight,deepsight_ensemble_cluster,"[1, 15, 81, 79, 69, 33, 34, 93, 77, 50]",[],"{""cosine_cluster"": [-1, -1, -1, -1, -1, -1, -1, -1, -1, -1], ""neup_cluster"": [-1, -1, -1, -1, -1, -1, -1, -1, -1, -1], ""ddif_cluster"": [-1, -1, -1, -1, -1, -1, -1, -1, -1, -1], ""ensemble_cluster"": [-1, -1, -1, -1, -1, -1, -1, -1, -1, -1]}"
220,deepsight,deepsight_final_filter,"[1, 15, 81, 79, 69, 33, 34, 93, 77, 50]",[],"{""n_exceeds"": [20, 21, 23, 12, 22, 1, 11, 40, 11, 24], ""classification_boundary"": 10.25, ""identified_mals"": [0, 0, 0, 0, 0, 1, 0, 0, 0, 0], ""clusters"": [-1, -1, -1, -1, -1, -1, -1, -1, -1, -1], ""deleted_cluster_ids"": []}"
221,deepsight,deepsight_ensemble_cluster,"[0, 56, 32, 73, 41, 24, 44, 62, 33, 36]",[],"{""cosine_cluster"": [-1, -1, -1, -1, -1, -1, -1, -1, -1, -1], ""neup_cluster"": [-1, -1, -1, -1, -1, -1, -1, -1, -1, -1], ""ddif_cluster"": [-1, -1, -1, -1, -1, -1, -1, -1, -1, -1], ""ensemble_cluster"": [-1, -1, -1, -1, -1, -1, -1, -1, -1, -1]}"
221,deepsight,deepsight_final_filter,"[0, 56, 32, 73, 41, 24, 44, 62, 33, 36]",[],"{""n_exceeds"": [15, 25, 24, 4, 5, 31, 7, 33, 1, 22], ""classification_boundary"": 9.25, ""identified_mals"": [0, 0, 0, 1, 1, 0, 1, 0, 1, 0], ""clusters"": [-1, -1, -1, -1, -1, -1, -1, -1, -1, -1], ""deleted_cluster_ids"": [-1]}"
222,deepsight,deepsight_ensemble_cluster,"[1, 57, 82, 21, 11, 19, 29, 65, 36, 66]",[],"{""cosine_cluster"": [-1, -1, -1, -1, -1, -1, -1, -1, -1, -1], ""neup_cluster"": [-1, -1, -1, -1, -1, -1, -1, -1, -1, -1], ""ddif_cluster"": [-1, -1, -1, -1, -1, -1, -1, -1, -1, -1], ""ensemble_cluster"": [-1, -1, -1, -1, -1, -1, -1, -1, -1, -1]}"
222,deepsight,deepsight_final_filter,"[1, 57, 82, 21, 11, 19, 29, 65, 36, 66]",[],"{""n_exceeds"": [4, 17, 15, 12, 39, 44, 12, 17, 30, 15], ""classification_boundary"": 8.0, ""identified_mals"": [1, 0, 0, 0, 0, 0, 0, 0, 0, 0], ""clusters"": [-1, -1, -1, -1, -1, -1, -1, -1, -1, -1], ""deleted_cluster_ids"": []}"
223,deepsight,deepsight_ensemble_cluster,"[3, 57, 48, 50, 10, 80, 11, 71, 97, 73]",[],"{""cosine_cluster"": [-1, -1, -1, -1, -1, -1, -1, -1, -1, -1], ""neup_cluster"": [-1, -1, -1, -1, -1, -1, -1, -1, -1, -1], ""ddif_cluster"": [-1, -1, -1, -1, -1, -1, -1, -1, -1, -1], ""ensemble_cluster"": [-1, -1, -1, -1, -1, -1, -1, -1, -1, -1]}"
223,deepsight,deepsight_final_filter,"[3, 57, 48, 50, 10, 80, 11, 71, 97, 73]",[],"{""n_exceeds"": [41, 14, 13, 21, 5, 20, 34, 1, 20, 9], ""classification_boundary"": 8.5, ""identified_mals"": [0, 0, 0, 0, 1, 0, 0, 1, 0, 0], ""clusters"": [-1, -1, -1, -1, -1, -1, -1, -1, -1, -1], ""deleted_cluster_ids"": []}"
224,deepsight,deepsight_ensemble_cluster,"[4, 61, 43, 48, 64, 76, 86, 69, 29, 17]",[],"{""cosine_cluster"": [-1, -1, -1, -1, -1, -1, -1, -1, -1, -1], ""neup_cluster"": [-1, -1, -1, -1, -1, -1, -1, -1, -1, -1], ""ddif_cluster"": [-1, -1, -1, -1, -1, -1, -1, -1, -1, -1], ""ensemble_cluster"": [-1, -1, -1, -1, -1, -1, -1, -1, -1, -1]}"
224,deepsight,deepsight_final_filter,"[4, 61, 43, 48, 64, 76, 86, 69, 29, 17]",[],"{""n_exceeds"": [15, 8, 13, 20, 22, 1, 12, 24, 19, 15], ""classification_boundary"": 7.5, ""identified_mals"": [0, 0, 0, 0, 0, 1, 0, 0, 0, 0], ""clusters"": [-1, -1, -1, -1, -1, -1, -1, -1, -1, -1], ""deleted_cluster_ids"": []}"
225,deepsight,deepsight_ensemble_cluster,"[1, 77, 6, 82, 4, 8, 42, 76, 2, 41]",[],"{""cosine_cluster"": [-1, -1, -1, -1, -1, -1, -1, -1, -1, -1], ""neup_cluster"": [-1, -1, -1, -1, -1, -1, -1, -1, -1, -1], ""ddif_cluster"": [-1, -1, -1, -1, -1, -1, -1, -1, -1, -1], ""ensemble_cluster"": [-1, -1, -1, -1, -1, -1, -1, -1, -1, -1]}"
225,deepsight,deepsight_final_filter,"[1, 77, 6, 82, 4, 8, 42, 76, 2, 41]",[],"{""n_exceeds"": [14, 6, 11, 15, 26, 18, 33, 1, 10, 3], ""classification_boundary"": 6.25, ""identified_mals"": [0, 1, 0, 0, 0, 0, 0, 1, 0, 1], ""clusters"": [-1, -1, -1, -1, -1, -1, -1, -1, -1, -1], ""deleted_cluster_ids"": []}"
226,deepsight,deepsight_ensemble_cluster,"[2, 45, 95, 15, 57, 30, 49, 42, 71, 47]",[],"{""cosine_cluster"": [-1, -1, -1, -1, -1, -1, -1, -1, -1, -1], ""neup_cluster"": [-1, -1, -1, -1, -1, -1, -1, -1, -1, -1], ""ddif_cluster"": [-1, -1, -1, -1, -1, -1, -1, -1, -1, -1], ""ensemble_cluster"": [-1, -1, -1, -1, -1, -1, -1, -1, -1, -1]}"
226,deepsight,deepsight_final_filter,"[2, 45, 95, 15, 57, 30, 49, 42, 71, 47]",[],"{""n_exceeds"": [12, 13, 35, 20, 16, 20, 30, 28, 1, 6], ""classification_boundary"": 9.0, ""identified_mals"": [0, 0, 0, 0, 0, 0, 0, 0, 1, 1], ""clusters"": [-1, -1, -1, -1, -1, -1, -1, -1, -1, -1], ""deleted_cluster_ids"": []}"
227,deepsight,deepsight_ensemble_cluster,"[2, 5, 42, 94, 73, 9, 74, 29, 36, 39]",[],"{""cosine_cluster"": [-1, -1, -1, -1, -1, -1, -1, -1, -1, -1], ""neup_cluster"": [-1, -1, -1, -1, -1, -1, -1, -1, -1, -1], ""ddif_cluster"": [-1, -1, -1, -1, -1, -1, -1, -1, -1, -1], ""ensemble_cluster"": [-1, -1, -1, -1, -1, -1, -1, -1, -1, -1]}"
227,deepsight,deepsight_final_filter,"[2, 5, 42, 94, 73, 9, 74, 29, 36, 39]",[],"{""n_exceeds"": [11, 18, 23, 24, 8, 14, 17, 15, 17, 32], ""classification_boundary"": 8.5, ""identified_mals"": [0, 0, 0, 0, 1, 0, 0, 0, 0, 0], ""clusters"": [-1, -1, -1, -1, -1, -1, -1, -1, -1, -1], ""deleted_cluster_ids"": []}"
228,deepsight,deepsight_ensemble_cluster,"[1, 38, 53, 17, 85, 95, 61, 14, 18, 25]",[],"{""cosine_cluster"": [-1, -1, -1, -1, -1, -1, -1, -1, -1, -1], ""neup_cluster"": [-1, -1, -1, -1, -1, -1, -1, -1, -1, -1], ""ddif_cluster"": [-1, -1, -1, -1, -1, -1, -1, -1, -1, -1], ""ensemble_cluster"": [-1, -1, -1, -1, -1, -1, -1, -1, -1, -1]}"
228,deepsight,deepsight_final_filter,"[1, 38, 53, 17, 85, 95, 61, 14, 18, 25]",[],"{""n_exceeds"": [10, 36, 25, 20, 10, 35, 9, 17, 19, 20], ""classification_boundary"": 9.75, ""identified_mals"": [0, 0, 0, 0, 0, 0, 1, 0, 0, 0], ""clusters"": [-1, -1, -1, -1, -1, -1, -1, -1, -1, -1], ""deleted_cluster_ids"": []}"
229,deepsight,deepsight_ensemble_cluster,"[4, 30, 32, 8, 98, 53, 44, 31, 26, 48]",[],"{""cosine_cluster"": [-1, -1, -1, -1, -1, -1, -1, -1, -1, -1], ""neup_cluster"": [-1, -1, -1, -1, -1, -1, -1, -1, -1, -1], ""ddif_cluster"": [-1, -1, -1, -1, -1, -1, -1, -1, -1, -1], ""ensemble_cluster"": [-1, -1, -1, -1, -1, -1, -1, -1, -1, -1]}"
229,deepsight,deepsight_final_filter,"[4, 30, 32, 8, 98, 53, 44, 31, 26, 48]",[],"{""n_exceeds"": [43, 15, 20, 19, 28, 33, 15, 21, 4, 15], ""classification_boundary"": 9.75, ""identified_mals"": [0, 0, 0, 0, 0, 0, 0, 0, 1, 0], ""clusters"": [-1, -1, -1, -1, -1, -1, -1, -1, -1, -1], ""deleted_cluster_ids"": []}"
230,deepsight,deepsight_ensemble_cluster,"[1, 92, 48, 79, 61, 41, 75, 86, 70, 3]",[],"{""cosine_cluster"": [-1, -1, -1, -1, -1, -1, -1, -1, -1, -1], ""neup_cluster"": [-1, -1, -1, -1, -1, -1, -1, -1, -1, -1], ""ddif_cluster"": [-1, -1, -1, -1, -1, -1, -1, -1, -1, -1], ""ensemble_cluster"": [-1, -1, -1, -1, -1, -1, -1, -1, -1, -1]}"
230,deepsight,deepsight_final_filter,"[1, 92, 48, 79, 61, 41, 75, 86, 70, 3]",[],"{""n_exceeds"": [13, 13, 19, 10, 5, 4, 17, 20, 11, 36], ""classification_boundary"": 6.5, ""identified_mals"": [0, 0, 0, 0, 1, 1, 0, 0, 0, 0], ""clusters"": [-1, -1, -1, -1, -1, -1, -1, -1, -1, -1], ""deleted_cluster_ids"": []}"
231,deepsight,deepsight_ensemble_cluster,"[4, 51, 21, 65, 24, 94, 91, 16, 77, 52]",[],"{""cosine_cluster"": [-1, -1, -1, -1, -1, -1, -1, -1, -1, -1], ""neup_cluster"": [-1, -1, -1, -1, -1, -1, -1, -1, -1, -1], ""ddif_cluster"": [-1, -1, -1, -1, -1, -1, -1, -1, -1, -1], ""ensemble_cluster"": [-1, -1, -1, -1, -1, -1, -1, -1, -1, -1]}"
231,deepsight,deepsight_final_filter,"[4, 51, 21, 65, 24, 94, 91, 16, 77, 52]",[],"{""n_exceeds"": [21, 6, 11, 15, 27, 28, 7, 13, 2, 9], ""classification_boundary"": 6.0, ""identified_mals"": [0, 1, 0, 0, 0, 0, 0, 0, 1, 0], ""clusters"": [-1, -1, -1, -1, -1, -1, -1, -1, -1, -1], ""deleted_cluster_ids"": []}"
232,deepsight,deepsight_ensemble_cluster,"[0, 68, 63, 72, 98, 81, 42, 82, 61, 65]",[],"{""cosine_cluster"": [-1, -1, -1, -1, -1, -1, -1, -1, -1, -1], ""neup_cluster"": [-1, -1, -1, -1, -1, -1, -1, -1, -1, -1], ""ddif_cluster"": [-1, -1, -1, -1, -1, -1, -1, -1, -1, -1], ""ensemble_cluster"": [-1, -1, -1, -1, -1, -1, -1, -1, -1, -1]}"
232,deepsight,deepsight_final_filter,"[0, 68, 63, 72, 98, 81, 42, 82, 61, 65]",[],"{""n_exceeds"": [6, 3, 32, 5, 12, 22, 24, 12, 9, 18], ""classification_boundary"": 6.0, ""identified_mals"": [1, 1, 0, 1, 0, 0, 0, 0, 0, 0], ""clusters"": [-1, -1, -1, -1, -1, -1, -1, -1, -1, -1], ""deleted_cluster_ids"": []}"
233,deepsight,deepsight_ensemble_cluster,"[4, 19, 90, 61, 25, 60, 55, 32, 7, 76]",[],"{""cosine_cluster"": [-1, -1, -1, -1, -1, -1, -1, -1, -1, -1], ""neup_cluster"": [-1, -1, -1, -1, -1, -1, -1, -1, -1, -1], ""ddif_cluster"": [-1, -1, -1, -1, -1, -1, -1, -1, -1, -1], ""ensemble_cluster"": [-1, -1, -1, -1, -1, -1, -1, -1, -1, -1]}"
233,deepsight,deepsight_final_filter,"[4, 19, 90, 61, 25, 60, 55, 32, 7, 76]",[],"{""n_exceeds"": [46, 42, 25, 7, 31, 9, 19, 29, 14, 2], ""classification_boundary"": 11.0, ""identified_mals"": [0, 0, 0, 1, 0, 1, 0, 0, 0, 1], ""clusters"": [-1, -1, -1, -1, -1, -1, -1, -1, -1, -1], ""deleted_cluster_ids"": []}"
234,deepsight,deepsight_ensemble_cluster,"[3, 59, 29, 75, 83, 66, 93, 32, 56, 50]",[],"{""cosine_cluster"": [-1, -1, -1, -1, -1, -1, -1, -1, -1, -1], ""neup_cluster"": [-1, -1, -1, -1, -1, -1, -1, -1, -1, -1], ""ddif_cluster"": [-1, -1, -1, -1, -1, -1, -1, -1, -1, -1], ""ensemble_cluster"": [-1, -1, -1, -1, -1, -1, -1, -1, -1, -1]}"
234,deepsight,deepsight_final_filter,"[3, 59, 29, 75, 83, 66, 93, 32, 56, 50]",[],"{""n_exceeds"": [38, 3, 15, 18, 10, 17, 22, 24, 25, 24], ""classification_boundary"": 10.0, ""identified_mals"": [0, 1, 0, 0, 1, 0, 0, 0, 0, 0], ""clusters"": [-1, -1, -1, -1, -1, -1, -1, -1, -1, -1], ""deleted_cluster_ids"": []}"
235,deepsight,deepsight_ensemble_cluster,"[3, 4, 73, 64, 85, 65, 42, 43, 1, 97]",[],"{""cosine_cluster"": [-1, -1, -1, -1, -1, -1, -1, -1, -1, -1], ""neup_cluster"": [-1, -1, -1, -1, -1, -1, -1, -1, -1, -1], ""ddif_cluster"": [-1, -1, -1, -1, -1, -1, -1, -1, -1, -1], ""ensemble_cluster"": [-1, -1, -1, -1, -1, -1, -1, -1, -1, -1]}"
235,deepsight,deepsight_final_filter,"[3, 4, 73, 64, 85, 65, 42, 43, 1, 97]",[],"{""n_exceeds"": [43, 52, 7, 25, 18, 22, 29, 13, 17, 21], ""classification_boundary"": 10.75, ""identified_mals"": [0, 0, 1, 0, 0, 0, 0, 0, 0, 0], ""clusters"": [-1, -1, -1, -1, -1, -1, -1, -1, -1, -1], ""deleted_cluster_ids"": []}"
236,deepsight,deepsight_ensemble_cluster,"[0, 88, 83, 38, 36, 47, 85, 6, 57, 91]",[],"{""cosine_cluster"": [-1, -1, -1, -1, -1, -1, -1, -1, -1, -1], ""neup_cluster"": [-1, -1, -1, -1, -1, -1, -1, -1, -1, -1], ""ddif_cluster"": [-1, -1, -1, -1, -1, -1, -1, -1, -1, -1], ""ensemble_cluster"": [-1, -1, -1, -1, -1, -1, -1, -1, -1, -1]}"
236,deepsight,deepsight_final_filter,"[0, 88, 83, 38, 36, 47, 85, 6, 57, 91]",[],"{""n_exceeds"": [9, 6, 11, 32, 30, 21, 23, 13, 15, 6], ""classification_boundary"": 7.0, ""identified_mals"": [0, 1, 0, 0, 0, 0, 0, 0, 0, 1], ""clusters"": [-1, -1, -1, -1, -1, -1, -1, -1, -1, -1], ""deleted_cluster_ids"": []}"
237,deepsight,deepsight_ensemble_cluster,"[1, 77, 52, 21, 79, 94, 99, 95, 4, 88]",[],"{""cosine_cluster"": [-1, -1, -1, -1, -1, -1, -1, -1, -1, -1], ""neup_cluster"": [-1, -1, -1, -1, -1, -1, -1, -1, -1, -1], ""ddif_cluster"": [-1, -1, -1, -1, -1, -1, -1, -1, -1, -1], ""ensemble_cluster"": [-1, -1, -1, -1, -1, -1, -1, -1, -1, -1]}"
237,deepsight,deepsight_final_filter,"[1, 77, 52, 21, 79, 94, 99, 95, 4, 88]",[],"{""n_exceeds"": [15, 8, 12, 13, 8, 26, 7, 18, 36, 8], ""classification_boundary"": 6.25, ""identified_mals"": [0, 0, 0, 0, 0, 0, 0, 0, 0, 0], ""clusters"": [-1, -1, -1, -1, -1, -1, -1, -1, -1, -1], ""deleted_cluster_ids"": []}"
238,deepsight,deepsight_ensemble_cluster,"[0, 3, 57, 79, 30, 91, 24, 89, 19, 52]",[],"{""cosine_cluster"": [-1, -1, -1, -1, -1, -1, -1, -1, -1, -1], ""neup_cluster"": [-1, -1, -1, -1, -1, -1, -1, -1, -1, -1], ""ddif_cluster"": [-1, -1, -1, -1, -1, -1, -1, -1, -1, -1], ""ensemble_cluster"": [-1, -1, -1, -1, -1, -1, -1, -1, -1, -1]}"
238,deepsight,deepsight_final_filter,"[0, 3, 57, 79, 30, 91, 24, 89, 19, 52]",[],"{""n_exceeds"": [6, 42, 14, 8, 18, 8, 29, 18, 36, 17], ""classification_boundary"": 8.75, ""identified_mals"": [1, 0, 0, 1, 0, 1, 0, 0, 0, 0], ""clusters"": [-1, -1, -1, -1, -1, -1, -1, -1, -1, -1], ""deleted_cluster_ids"": []}"
239,deepsight,deepsight_ensemble_cluster,"[2, 19, 58, 67, 21, 45, 38, 50, 31, 3]",[],"{""cosine_cluster"": [-1, -1, -1, -1, -1, -1, -1, -1, -1, -1], ""neup_cluster"": [-1, -1, -1, -1, -1, -1, -1, -1, -1, -1], ""ddif_cluster"": [-1, -1, -1, -1, -1, -1, -1, -1, -1, -1], ""ensemble_cluster"": [-1, -1, -1, -1, -1, -1, -1, -1, -1, -1]}"
239,deepsight,deepsight_final_filter,"[2, 19, 58, 67, 21, 45, 38, 50, 31, 3]",[],"{""n_exceeds"": [11, 42, 20, 19, 14, 17, 42, 21, 17, 48], ""classification_boundary"": 9.75, ""identified_mals"": [0, 0, 0, 0, 0, 0, 0, 0, 0, 0], ""clusters"": [-1, -1, -1, -1, -1, -1, -1, -1, -1, -1], ""deleted_cluster_ids"": []}"
240,deepsight,deepsight_ensemble_cluster,"[2, 80, 39, 86, 11, 95, 45, 55, 64, 16]",[],"{""cosine_cluster"": [-1, -1, -1, -1, -1, -1, -1, -1, -1, -1], ""neup_cluster"": [-1, -1, -1, -1, -1, -1, -1, -1, -1, -1], ""ddif_cluster"": [-1, -1, -1, -1, -1, -1, -1, -1, -1, -1], ""ensemble_cluster"": [-1, -1, -1, -1, -1, -1, -1, -1, -1, -1]}"
240,deepsight,deepsight_final_filter,"[2, 80, 39, 86, 11, 95, 45, 55, 64, 16]",[],"{""n_exceeds"": [10, 21, 36, 18, 37, 21, 19, 21, 29, 15], ""classification_boundary"": 10.5, ""identified_mals"": [1, 0, 0, 0, 0, 0, 0, 0, 0, 0], ""clusters"": [-1, -1, -1, -1, -1, -1, -1, -1, -1, -1], ""deleted_cluster_ids"": []}"
241,deepsight,deepsight_ensemble_cluster,"[0, 59, 57, 41, 27, 75, 71, 99, 93, 22]",[],"{""cosine_cluster"": [-1, -1, -1, -1, -1, -1, -1, -1, -1, -1], ""neup_cluster"": [-1, -1, -1, -1, -1, -1, -1, -1, -1, -1], ""ddif_cluster"": [-1, -1, -1, -1, -1, -1, -1, -1, -1, -1], ""ensemble_cluster"": [-1, -1, -1, -1, -1, -1, -1, -1, -1, -1]}"
241,deepsight,deepsight_final_filter,"[0, 59, 57, 41, 27, 75, 71, 99, 93, 22]",[],"{""n_exceeds"": [10, 3, 19, 3, 9, 22, 1, 17, 18, 15], ""classification_boundary"": 6.25, ""identified_mals"": [0, 1, 0, 1, 0, 0, 1, 0, 0, 0], ""clusters"": [-1, -1, -1, -1, -1, -1, -1, -1, -1, -1], ""deleted_cluster_ids"": []}"
242,deepsight,deepsight_ensemble_cluster,"[2, 82, 41, 71, 12, 92, 76, 59, 86, 5]",[],"{""cosine_cluster"": [-1, -1, -1, -1, -1, -1, -1, -1, -1, -1], ""neup_cluster"": [-1, -1, -1, -1, -1, -1, -1, -1, -1, -1], ""ddif_cluster"": [-1, -1, -1, -1, -1, -1, -1, -1, -1, -1], ""ensemble_cluster"": [-1, -1, -1, -1, -1, -1, -1, -1, -1, -1]}"
242,deepsight,deepsight_final_filter,"[2, 82, 41, 71, 12, 92, 76, 59, 86, 5]",[],"{""n_exceeds"": [17, 15, 3, 1, 25, 16, 1, 2, 24, 19], ""classification_boundary"": 7.75, ""identified_mals"": [0, 0, 1, 1, 0, 0, 1, 1, 0, 0], ""clusters"": [-1, -1, -1, -1, -1, -1, -1, -1, -1, -1], ""deleted_cluster_ids"": [-1]}"
243,deepsight,deepsight_ensemble_cluster,"[4, 86, 65, 39, 0, 64, 43, 92, 41, 98]",[],"{""cosine_cluster"": [-1, -1, -1, -1, -1, -1, -1, -1, -1, -1], ""neup_cluster"": [-1, -1, -1, -1, -1, -1, -1, -1, -1, -1], ""ddif_cluster"": [-1, -1, -1, -1, -1, -1, -1, -1, -1, -1], ""ensemble_cluster"": [-1, -1, -1, -1, -1, -1, -1, -1, -1, -1]}"
243,deepsight,deepsight_final_filter,"[4, 86, 65, 39, 0, 64, 43, 92, 41, 98]",[],"{""n_exceeds"": [33, 18, 18, 24, 10, 31, 11, 18, 5, 35], ""classification_boundary"": 9.0, ""identified_mals"": [0, 0, 0, 0, 0, 0, 0, 0, 1, 0], ""clusters"": [-1, -1, -1, -1, -1, -1, -1, -1, -1, -1], ""deleted_cluster_ids"": []}"
244,deepsight,deepsight_ensemble_cluster,"[1, 89, 71, 0, 47, 26, 95, 51, 44, 80]",[],"{""cosine_cluster"": [-1, -1, -1, -1, -1, -1, -1, -1, -1, -1], ""neup_cluster"": [-1, -1, -1, -1, -1, -1, -1, -1, -1, -1], ""ddif_cluster"": [-1, -1, -1, -1, -1, -1, -1, -1, -1, -1], ""ensemble_cluster"": [-1, -1, -1, -1, -1, -1, -1, -1, -1, -1]}"
244,deepsight,deepsight_final_filter,"[1, 89, 71, 0, 47, 26, 95, 51, 44, 80]",[],"{""n_exceeds"": [3, 27, 1, 8, 13, 4, 36, 6, 6, 15], ""classification_boundary"": 3.5, ""identified_mals"": [1, 0, 1, 0, 0, 0, 0, 0, 0, 0], ""clusters"": [-1, -1, -1, -1, -1, -1, -1, -1, -1, -1], ""deleted_cluster_ids"": []}"
245,deepsight,deepsight_ensemble_cluster,"[3, 19, 56, 67, 28, 80, 48, 5, 99, 59]",[],"{""cosine_cluster"": [-1, -1, -1, -1, -1, -1, -1, -1, -1, -1], ""neup_cluster"": [-1, -1, -1, -1, -1, -1, -1, -1, -1, -1], ""ddif_cluster"": [-1, -1, -1, -1, -1, -1, -1, -1, -1, -1], ""ensemble_cluster"": [-1, -1, -1, -1, -1, -1, -1, -1, -1, -1]}"
245,deepsight,deepsight_final_filter,"[3, 19, 56, 67, 28, 80, 48, 5, 99, 59]",[],"{""n_exceeds"": [37, 48, 14, 9, 11, 16, 19, 24, 10, 2], ""classification_boundary"": 7.5, ""identified_mals"": [0, 0, 0, 0, 0, 0, 0, 0, 0, 1], ""clusters"": [-1, -1, -1, -1, -1, -1, -1, -1, -1, -1], ""deleted_cluster_ids"": []}"
246,deepsight,deepsight_ensemble_cluster,"[0, 45, 11, 25, 6, 53, 78, 54, 58, 24]",[],"{""cosine_cluster"": [-1, -1, -1, -1, -1, -1, -1, -1, -1, -1], ""neup_cluster"": [-1, -1, -1, -1, -1, -1, -1, -1, -1, -1], ""ddif_cluster"": [-1, -1, -1, -1, -1, -1, -1, -1, -1, -1], ""ensemble_cluster"": [-1, -1, -1, -1, -1, -1, -1, -1, -1, -1]}"
246,deepsight,deepsight_final_filter,"[0, 45, 11, 25, 6, 53, 78, 54, 58, 24]",[],"{""n_exceeds"": [6, 19, 29, 34, 13, 29, 17, 8, 24, 28], ""classification_boundary"": 10.75, ""identified_mals"": [1, 0, 0, 0, 0, 0, 0, 1, 0, 0], ""clusters"": [-1, -1, -1, -1, -1, -1, -1, -1, -1, -1], ""deleted_cluster_ids"": []}"
247,deepsight,deepsight_ensemble_cluster,"[0, 17, 69, 14, 41, 50, 71, 32, 58, 4]",[],"{""cosine_cluster"": [-1, -1, -1, -1, -1, -1, -1, -1, -1, -1], ""neup_cluster"": [-1, -1, -1, -1, -1, -1, -1, -1, -1, -1], ""ddif_cluster"": [-1, -1, -1, -1, -1, -1, -1, -1, -1, -1], ""ensemble_cluster"": [-1, -1, -1, -1, -1, -1, -1, -1, -1, -1]}"
247,deepsight,deepsight_final_filter,"[0, 17, 69, 14, 41, 50, 71, 32, 58, 4]",[],"{""n_exceeds"": [13, 13, 23, 18, 5, 26, 1, 21, 15, 37], ""classification_boundary"": 8.25, ""identified_mals"": [0, 0, 0, 0, 1, 0, 1, 0, 0, 0], ""clusters"": [-1, -1, -1, -1, -1, -1, -1, -1, -1, -1], ""deleted_cluster_ids"": []}"
248,deepsight,deepsight_ensemble_cluster,"[1, 62, 67, 43, 29, 58, 73, 72, 99, 20]",[],"{""cosine_cluster"": [-1, -1, -1, -1, -1, -1, -1, 0, 0, 0], ""neup_cluster"": [-1, -1, -1, -1, -1, -1, -1, -1, -1, -1], ""ddif_cluster"": [-1, -1, -1, -1, -1, -1, -1, -1, -1, -1], ""ensemble_cluster"": [-1, -1, -1, -1, -1, -1, -1, -1, -1, -1]}"
248,deepsight,deepsight_final_filter,"[1, 62, 67, 43, 29, 58, 73, 72, 99, 20]",[],"{""n_exceeds"": [16, 22, 9, 13, 22, 20, 5, 7, 11, 3], ""classification_boundary"": 6.0, ""identified_mals"": [0, 0, 0, 0, 0, 0, 1, 0, 0, 1], ""clusters"": [-1, -1, -1, -1, -1, -1, -1, -1, -1, -1], ""deleted_cluster_ids"": []}"
249,deepsight,deepsight_ensemble_cluster,"[0, 37, 93, 74, 22, 40, 11, 29, 61, 14]",[],"{""cosine_cluster"": [-1, -1, -1, -1, -1, -1, -1, -1, -1, -1], ""neup_cluster"": [-1, -1, -1, -1, -1, -1, -1, -1, -1, -1], ""ddif_cluster"": [-1, -1, -1, -1, -1, -1, -1, -1, -1, -1], ""ensemble_cluster"": [-1, -1, -1, -1, -1, -1, -1, -1, -1, -1]}"
249,deepsight,deepsight_final_filter,"[0, 37, 93, 74, 22, 40, 11, 29, 61, 14]",[],"{""n_exceeds"": [12, 24, 19, 19, 20, 1, 33, 24, 7, 19], ""classification_boundary"": 9.5, ""identified_mals"": [0, 0, 0, 0, 0, 1, 0, 0, 1, 0], ""clusters"": [-1, -1, -1, -1, -1, -1, -1, -1, -1, -1], ""deleted_cluster_ids"": []}"
250,deepsight,deepsight_ensemble_cluster,"[3, 31, 0, 55, 89, 25, 73, 5, 68, 48]",[],"{""cosine_cluster"": [-1, -1, -1, -1, -1, -1, -1, -1, -1, -1], ""neup_cluster"": [-1, -1, -1, -1, -1, -1, -1, -1, -1, -1], ""ddif_cluster"": [-1, -1, -1, -1, -1, -1, -1, -1, -1, -1], ""ensemble_cluster"": [-1, -1, -1, -1, -1, -1, -1, -1, -1, -1]}"
250,deepsight,deepsight_final_filter,"[3, 31, 0, 55, 89, 25, 73, 5, 68, 48]",[],"{""n_exceeds"": [41, 17, 12, 22, 19, 31, 9, 22, 5, 12], ""classification_boundary"": 9.0, ""identified_mals"": [0, 0, 0, 0, 0, 0, 1, 0, 1, 0], ""clusters"": [-1, -1, -1, -1, -1, -1, -1, -1, -1, -1], ""deleted_cluster_ids"": []}"
251,deepsight,deepsight_ensemble_cluster,"[4, 28, 5, 53, 72, 34, 88, 65, 27, 55]",[],"{""cosine_cluster"": [-1, -1, -1, -1, -1, -1, -1, -1, -1, -1], ""neup_cluster"": [-1, -1, -1, -1, -1, -1, -1, -1, -1, -1], ""ddif_cluster"": [-1, -1, -1, -1, -1, -1, -1, -1, -1, -1], ""ensemble_cluster"": [-1, -1, -1, -1, -1, -1, -1, -1, -1, -1]}"
251,deepsight,deepsight_final_filter,"[4, 28, 5, 53, 72, 34, 88, 65, 27, 55]",[],"{""n_exceeds"": [22, 8, 18, 29, 6, 9, 16, 13, 10, 28], ""classification_boundary"": 7.25, ""identified_mals"": [0, 0, 0, 0, 1, 0, 0, 0, 0, 0], ""clusters"": [-1, -1, -1, -1, -1, -1, -1, -1, -1, -1], ""deleted_cluster_ids"": []}"
252,deepsight,deepsight_ensemble_cluster,"[4, 16, 55, 57, 21, 26, 69, 51, 44, 86]",[],"{""cosine_cluster"": [-1, -1, -1, -1, -1, -1, -1, -1, -1, -1], ""neup_cluster"": [-1, -1, -1, -1, -1, -1, -1, -1, -1, -1], ""ddif_cluster"": [-1, -1, -1, -1, -1, -1, -1, -1, -1, -1], ""ensemble_cluster"": [-1, -1, -1, -1, -1, -1, -1, -1, -1, -1]}"
252,deepsight,deepsight_final_filter,"[4, 16, 55, 57, 21, 26, 69, 51, 44, 86]",[],"{""n_exceeds"": [41, 9, 18, 21, 8, 8, 19, 3, 10, 18], ""classification_boundary"": 7.0, ""identified_mals"": [0, 0, 0, 0, 0, 0, 0, 1, 0, 0], ""clusters"": [-1, -1, -1, -1, -1, -1, -1, -1, -1, -1], ""deleted_cluster_ids"": []}"
253,deepsight,deepsight_ensemble_cluster,"[3, 6, 52, 61, 62, 48, 45, 73, 46, 58]",[],"{""cosine_cluster"": [-1, -1, -1, -1, -1, -1, -1, -1, -1, -1], ""neup_cluster"": [-1, -1, -1, -1, -1, -1, -1, -1, -1, -1], ""ddif_cluster"": [-1, -1, -1, -1, -1, -1, -1, -1, -1, -1], ""ensemble_cluster"": [-1, -1, -1, -1, -1, -1, -1, -1, -1, -1]}"
253,deepsight,deepsight_final_filter,"[3, 6, 52, 61, 62, 48, 45, 73, 46, 58]",[],"{""n_exceeds"": [39, 12, 12, 14, 25, 13, 15, 7, 26, 18], ""classification_boundary"": 7.25, ""identified_mals"": [0, 0, 0, 0, 0, 0, 0, 1, 0, 0], ""clusters"": [-1, -1, -1, -1, -1, -1, -1, -1, -1, -1], ""deleted_cluster_ids"": []}"
254,deepsight,deepsight_ensemble_cluster,"[1, 95, 97, 42, 38, 13, 0, 41, 96, 82]",[],"{""cosine_cluster"": [-1, -1, -1, -1, -1, -1, -1, -1, -1, -1], ""neup_cluster"": [-1, -1, -1, -1, -1, -1, -1, -1, -1, -1], ""ddif_cluster"": [-1, -1, -1, -1, -1, -1, -1, -1, -1, -1], ""ensemble_cluster"": [-1, -1, -1, -1, -1, -1, -1, -1, -1, -1]}"
254,deepsight,deepsight_final_filter,"[1, 95, 97, 42, 38, 13, 0, 41, 96, 82]",[],"{""n_exceeds"": [9, 21, 26, 33, 22, 6, 10, 4, 25, 8], ""classification_boundary"": 7.75, ""identified_mals"": [0, 0, 0, 0, 0, 1, 0, 1, 0, 0], ""clusters"": [-1, -1, -1, -1, -1, -1, -1, -1, -1, -1], ""deleted_cluster_ids"": []}"
255,deepsight,deepsight_ensemble_cluster,"[3, 62, 85, 17, 46, 1, 38, 6, 23, 43]",[],"{""cosine_cluster"": [-1, -1, -1, -1, -1, -1, -1, -1, -1, -1], ""neup_cluster"": [-1, -1, -1, -1, -1, -1, -1, -1, -1, -1], ""ddif_cluster"": [-1, -1, -1, -1, -1, -1, -1, -1, -1, -1], ""ensemble_cluster"": [-1, -1, -1, -1, -1, -1, -1, -1, -1, -1]}"
255,deepsight,deepsight_final_filter,"[3, 62, 85, 17, 46, 1, 38, 6, 23, 43]",[],"{""n_exceeds"": [45, 8, 23, 18, 46, 5, 30, 19, 7, 11], ""classification_boundary"": 9.25, ""identified_mals"": [0, 1, 0, 0, 0, 1, 0, 0, 1, 0], ""clusters"": [-1, -1, -1, -1, -1, -1, -1, -1, -1, -1], ""deleted_cluster_ids"": []}"
256,deepsight,deepsight_ensemble_cluster,"[4, 84, 79, 95, 65, 71, 9, 3, 81, 70]",[],"{""cosine_cluster"": [-1, -1, -1, -1, -1, -1, -1, -1, -1, -1], ""neup_cluster"": [-1, -1, -1, -1, -1, -1, -1, -1, -1, -1], ""ddif_cluster"": [-1, -1, -1, -1, -1, -1, -1, -1, -1, -1], ""ensemble_cluster"": [-1, -1, -1, -1, -1, -1, -1, -1, -1, -1]}"
256,deepsight,deepsight_final_filter,"[4, 84, 79, 95, 65, 71, 9, 3, 81, 70]",[],"{""n_exceeds"": [22, 17, 7, 37, 15, 1, 19, 39, 24, 9], ""classification_boundary"": 9.0, ""identified_mals"": [0, 0, 1, 0, 0, 1, 0, 0, 0, 1], ""clusters"": [-1, -1, -1, -1, -1, -1, -1, -1, -1, -1], ""deleted_cluster_ids"": []}"
257,deepsight,deepsight_ensemble_cluster,"[2, 42, 68, 58, 20, 28, 44, 63, 65, 38]",[],"{""cosine_cluster"": [-1, -1, -1, -1, -1, -1, -1, -1, -1, -1], ""neup_cluster"": [-1, -1, -1, -1, -1, -1, -1, -1, -1, -1], ""ddif_cluster"": [-1, -1, -1, -1, -1, -1, -1, -1, -1, -1], ""ensemble_cluster"": [-1, -1, -1, -1, -1, -1, -1, -1, -1, -1]}"
257,deepsight,deepsight_final_filter,"[2, 42, 68, 58, 20, 28, 44, 63, 65, 38]",[],"{""n_exceeds"": [10, 32, 9, 19, 3, 11, 6, 40, 15, 36], ""classification_boundary"": 6.5, ""identified_mals"": [0, 0, 0, 0, 1, 0, 1, 0, 0, 0], ""clusters"": [-1, -1, -1, -1, -1, -1, -1, -1, -1, -1], ""deleted_cluster_ids"": []}"
258,deepsight,deepsight_ensemble_cluster,"[2, 61, 81, 20, 6, 68, 3, 37, 15, 11]",[],"{""cosine_cluster"": [-1, -1, -1, -1, -1, -1, -1, -1, -1, -1], ""neup_cluster"": [-1, -1, -1, -1, -1, -1, -1, -1, -1, -1], ""ddif_cluster"": [-1, -1, -1, -1, -1, -1, -1, -1, -1, -1], ""ensemble_cluster"": [-1, -1, -1, -1, -1, -1, -1, -1, -1, -1]}"
258,deepsight,deepsight_final_filter,"[2, 61, 81, 20, 6, 68, 3, 37, 15, 11]",[],"{""n_exceeds"": [11, 19, 17, 3, 7, 5, 51, 17, 21, 25], ""classification_boundary"": 8.5, ""identified_mals"": [0, 0, 0, 1, 1, 1, 0, 0, 0, 0], ""clusters"": [-1, -1, -1, -1, -1, -1, -1, -1, -1, -1], ""deleted_cluster_ids"": []}"
259,deepsight,deepsight_ensemble_cluster,"[2, 8, 60, 95, 98, 39, 75, 32, 15, 52]",[],"{""cosine_cluster"": [-1, -1, -1, -1, -1, -1, -1, -1, -1, -1], ""neup_cluster"": [-1, -1, -1, -1, -1, -1, -1, -1, -1, -1], ""ddif_cluster"": [-1, -1, -1, -1, -1, -1, -1, -1, -1, -1], ""ensemble_cluster"": [-1, -1, -1, -1, -1, -1, -1, -1, -1, -1]}"
259,deepsight,deepsight_final_filter,"[2, 8, 60, 95, 98, 39, 75, 32, 15, 52]",[],"{""n_exceeds"": [13, 17, 8, 27, 14, 34, 15, 35, 23, 13], ""classification_boundary"": 8.0, ""identified_mals"": [0, 0, 1, 0, 0, 0, 0, 0, 0, 0], ""clusters"": [-1, -1, -1, -1, -1, -1, -1, -1, -1, -1], ""deleted_cluster_ids"": []}"
260,deepsight,deepsight_ensemble_cluster,"[3, 1, 67, 86, 16, 55, 99, 88, 15, 12]",[],"{""cosine_cluster"": [-1, -1, -1, -1, -1, -1, -1, -1, -1, -1], ""neup_cluster"": [-1, -1, -1, -1, -1, -1, -1, -1, -1, -1], ""ddif_cluster"": [-1, -1, -1, -1, -1, -1, -1, -1, -1, -1], ""ensemble_cluster"": [-1, -1, -1, -1, -1, -1, -1, -1, -1, -1]}"
260,deepsight,deepsight_final_filter,"[3, 1, 67, 86, 16, 55, 99, 88, 15, 12]",[],"{""n_exceeds"": [45, 21, 7, 16, 8, 21, 11, 11, 30, 42], ""classification_boundary"": 9.25, ""identified_mals"": [0, 0, 1, 0, 1, 0, 0, 0, 0, 0], ""clusters"": [-1, -1, -1, -1, -1, -1, -1, -1, -1, -1], ""deleted_cluster_ids"": []}"
261,deepsight,deepsight_ensemble_cluster,"[2, 82, 47, 81, 49, 56, 12, 30, 83, 37]",[],"{""cosine_cluster"": [-1, -1, -1, -1, -1, -1, -1, -1, -1, -1], ""neup_cluster"": [-1, -1, -1, -1, -1, -1, -1, -1, -1, -1], ""ddif_cluster"": [-1, -1, -1, -1, -1, -1, -1, -1, -1, -1], ""ensemble_cluster"": [-1, -1, -1, -1, -1, -1, -1, -1, -1, -1]}"
261,deepsight,deepsight_final_filter,"[2, 82, 47, 81, 49, 56, 12, 30, 83, 37]",[],"{""n_exceeds"": [14, 12, 18, 22, 27, 37, 34, 19, 19, 25], ""classification_boundary"": 10.25, ""identified_mals"": [0, 0, 0, 0, 0, 0, 0, 0, 0, 0], ""clusters"": [-1, -1, -1, -1, -1, -1, -1, -1, -1, -1], ""deleted_cluster_ids"": []}"
262,deepsight,deepsight_ensemble_cluster,"[0, 91, 36, 57, 85, 84, 46, 6, 40, 43]",[],"{""cosine_cluster"": [-1, -1, -1, -1, -1, -1, -1, -1, -1, -1], ""neup_cluster"": [-1, -1, -1, -1, -1, -1, -1, -1, -1, -1], ""ddif_cluster"": [-1, -1, -1, -1, -1, -1, -1, -1, -1, -1], ""ensemble_cluster"": [-1, -1, -1, -1, -1, -1, -1, -1, -1, -1]}"
262,deepsight,deepsight_final_filter,"[0, 91, 36, 57, 85, 84, 46, 6, 40, 43]",[],"{""n_exceeds"": [7, 10, 26, 13, 12, 14, 37, 9, 1, 15], ""classification_boundary"": 6.25, ""identified_mals"": [0, 0, 0, 0, 0, 0, 0, 0, 1, 0], ""clusters"": [-1, -1, -1, -1, -1, -1, -1, -1, -1, -1], ""deleted_cluster_ids"": []}"
263,deepsight,deepsight_ensemble_cluster,"[4, 39, 5, 83, 71, 76, 18, 17, 81, 62]",[],"{""cosine_cluster"": [-1, -1, -1, -1, -1, -1, -1, -1, -1, -1], ""neup_cluster"": [-1, -1, -1, -1, -1, -1, -1, -1, -1, -1], ""ddif_cluster"": [-1, -1, -1, -1, -1, -1, -1, -1, -1, -1], ""ensemble_cluster"": [-1, -1, -1, -1, -1, -1, -1, -1, -1, -1]}"
263,deepsight,deepsight_final_filter,"[4, 39, 5, 83, 71, 76, 18, 17, 81, 62]",[],"{""n_exceeds"": [22, 19, 19, 17, 1, 4, 19, 12, 20, 21], ""classification_boundary"": 9.5, ""identified_mals"": [0, 0, 0, 0, 1, 1, 0, 0, 0, 0], ""clusters"": [-1, -1, -1, -1, -1, -1, -1, -1, -1, -1], ""deleted_cluster_ids"": []}"
264,deepsight,deepsight_ensemble_cluster,"[0, 52, 74, 80, 88, 5, 84, 50, 40, 78]",[],"{""cosine_cluster"": [-1, -1, -1, -1, -1, -1, -1, -1, -1, -1], ""neup_cluster"": [-1, -1, -1, -1, -1, -1, -1, -1, -1, -1], ""ddif_cluster"": [-1, -1, -1, -1, -1, -1, -1, -1, -1, -1], ""ensemble_cluster"": [-1, -1, -1, -1, -1, -1, -1, -1, -1, -1]}"
264,deepsight,deepsight_final_filter,"[0, 52, 74, 80, 88, 5, 84, 50, 40, 78]",[],"{""n_exceeds"": [12, 16, 18, 14, 5, 26, 16, 27, 1, 20], ""classification_boundary"": 8.0, ""identified_mals"": [0, 0, 0, 0, 1, 0, 0, 0, 1, 0], ""clusters"": [-1, -1, -1, -1, -1, -1, -1, -1, -1, -1], ""deleted_cluster_ids"": []}"
265,deepsight,deepsight_ensemble_cluster,"[2, 80, 31, 43, 56, 84, 45, 95, 90, 65]",[],"{""cosine_cluster"": [-1, -1, -1, -1, -1, -1, -1, -1, -1, -1], ""neup_cluster"": [-1, -1, -1, -1, -1, -1, -1, -1, -1, -1], ""ddif_cluster"": [-1, -1, -1, -1, -1, -1, -1, -1, -1, -1], ""ensemble_cluster"": [-1, -1, -1, -1, -1, -1, -1, -1, -1, -1]}"
265,deepsight,deepsight_final_filter,"[2, 80, 31, 43, 56, 84, 45, 95, 90, 65]",[],"{""n_exceeds"": [12, 22, 17, 11, 31, 26, 18, 30, 26, 7], ""classification_boundary"": 10.0, ""identified_mals"": [0, 0, 0, 0, 0, 0, 0, 0, 0, 1], ""clusters"": [-1, -1, -1, -1, -1, -1, -1, -1, -1, -1], ""deleted_cluster_ids"": []}"
266,deepsight,deepsight_ensemble_cluster,"[0, 87, 29, 84, 51, 28, 72, 52, 38, 63]",[],"{""cosine_cluster"": [-1, -1, -1, -1, -1, -1, -1, -1, -1, -1], ""neup_cluster"": [-1, -1, -1, -1, -1, -1, -1, -1, -1, -1], ""ddif_cluster"": [-1, -1, -1, -1, -1, -1, -1, -1, -1, -1], ""ensemble_cluster"": [-1, -1, -1, -1, -1, -1, -1, -1, -1, -1]}"
266,deepsight,deepsight_final_filter,"[0, 87, 29, 84, 51, 28, 72, 52, 38, 63]",[],"{""n_exceeds"": [12, 25, 8, 14, 8, 9, 9, 14, 27, 31], ""classification_boundary"": 6.5, ""identified_mals"": [0, 0, 0, 0, 0, 0, 0, 0, 0, 0], ""clusters"": [-1, -1, -1, -1, -1, -1, -1, -1, -1, -1], ""deleted_cluster_ids"": []}"
267,deepsight,deepsight_ensemble_cluster,"[1, 22, 39, 47, 42, 99, 66, 96, 13, 63]",[],"{""cosine_cluster"": [-1, -1, -1, -1, -1, -1, -1, -1, -1, -1], ""neup_cluster"": [-1, -1, -1, -1, -1, -1, -1, -1, -1, -1], ""ddif_cluster"": [-1, -1, -1, -1, -1, -1, -1, -1, -1, -1], ""ensemble_cluster"": [-1, -1, -1, -1, -1, -1, -1, -1, -1, -1]}"
267,deepsight,deepsight_final_filter,"[1, 22, 39, 47, 42, 99, 66, 96, 13, 63]",[],"{""n_exceeds"": [11, 18, 35, 17, 27, 6, 13, 12, 4, 37], ""classification_boundary"": 7.5, ""identified_mals"": [0, 0, 0, 0, 0, 1, 0, 0, 1, 0], ""clusters"": [-1, -1, -1, -1, -1, -1, -1, -1, -1, -1], ""deleted_cluster_ids"": []}"
268,deepsight,deepsight_ensemble_cluster,"[0, 68, 94, 29, 31, 45, 9, 98, 99, 38]",[],"{""cosine_cluster"": [-1, -1, -1, -1, -1, -1, -1, -1, -1, -1], ""neup_cluster"": [-1, -1, -1, -1, -1, -1, -1, -1, -1, -1], ""ddif_cluster"": [-1, -1, -1, -1, -1, -1, -1, -1, -1, -1], ""ensemble_cluster"": [-1, -1, -1, -1, -1, -1, -1, -1, -1, -1]}"
268,deepsight,deepsight_final_filter,"[0, 68, 94, 29, 31, 45, 9, 98, 99, 38]",[],"{""n_exceeds"": [11, 2, 24, 9, 21, 12, 18, 10, 9, 39], ""classification_boundary"": 5.75, ""identified_mals"": [0, 1, 0, 0, 0, 0, 0, 0, 0, 0], ""clusters"": [-1, -1, -1, -1, -1, -1, -1, -1, -1, -1], ""deleted_cluster_ids"": []}"
269,deepsight,deepsight_ensemble_cluster,"[1, 34, 35, 83, 82, 79, 81, 91, 53, 52]",[],"{""cosine_cluster"": [-1, -1, -1, -1, -1, -1, -1, -1, -1, -1], ""neup_cluster"": [-1, -1, -1, -1, -1, -1, -1, -1, -1, -1], ""ddif_cluster"": [-1, -1, -1, -1, -1, -1, -1, -1, -1, -1], ""ensemble_cluster"": [-1, -1, -1, -1, -1, -1, -1, -1, -1, -1]}"
269,deepsight,deepsight_final_filter,"[1, 34, 35, 83, 82, 79, 81, 91, 53, 52]",[],"{""n_exceeds"": [13, 8, 2, 12, 20, 11, 26, 8, 26, 13], ""classification_boundary"": 6.25, ""identified_mals"": [0, 0, 1, 0, 0, 0, 0, 0, 0, 0], ""clusters"": [-1, -1, -1, -1, -1, -1, -1, -1, -1, -1], ""deleted_cluster_ids"": []}"
270,deepsight,deepsight_ensemble_cluster,"[1, 86, 78, 5, 99, 6, 94, 34, 46, 28]",[],"{""cosine_cluster"": [-1, -1, -1, -1, -1, -1, -1, -1, -1, -1], ""neup_cluster"": [-1, -1, -1, -1, -1, -1, -1, -1, -1, -1], ""ddif_cluster"": [-1, -1, -1, -1, -1, -1, -1, -1, -1, -1], ""ensemble_cluster"": [-1, -1, -1, -1, -1, -1, -1, -1, -1, -1]}"
270,deepsight,deepsight_final_filter,"[1, 86, 78, 5, 99, 6, 94, 34, 46, 28]",[],"{""n_exceeds"": [18, 7, 23, 22, 11, 11, 31, 13, 41, 13], ""classification_boundary"": 7.75, ""identified_mals"": [0, 1, 0, 0, 0, 0, 0, 0, 0, 0], ""clusters"": [-1, -1, -1, -1, -1, -1, -1, -1, -1, -1], ""deleted_cluster_ids"": []}"
271,deepsight,deepsight_ensemble_cluster,"[4, 91, 71, 2, 35, 90, 93, 98, 70, 95]",[],"{""cosine_cluster"": [-1, -1, -1, -1, -1, -1, -1, -1, -1, -1], ""neup_cluster"": [-1, -1, -1, -1, -1, -1, -1, -1, -1, -1], ""ddif_cluster"": [-1, -1, -1, -1, -1, -1, -1, -1, -1, -1], ""ensemble_cluster"": [-1, -1, -1, -1, -1, -1, -1, -1, -1, -1]}"
271,deepsight,deepsight_final_filter,"[4, 91, 71, 2, 35, 90, 93, 98, 70, 95]",[],"{""n_exceeds"": [34, 9, 1, 15, 8, 19, 24, 19, 19, 27], ""classification_boundary"": 9.5, ""identified_mals"": [0, 1, 1, 0, 1, 0, 0, 0, 0, 0], ""clusters"": [-1, -1, -1, -1, -1, -1, -1, -1, -1, -1], ""deleted_cluster_ids"": []}"
272,deepsight,deepsight_ensemble_cluster,"[3, 64, 81, 22, 41, 14, 39, 1, 88, 74]",[],"{""cosine_cluster"": [-1, -1, -1, -1, -1, -1, -1, -1, -1, -1], ""neup_cluster"": [-1, -1, -1, -1, -1, -1, -1, -1, -1, -1], ""ddif_cluster"": [-1, -1, -1, -1, -1, -1, -1, -1, -1, -1], ""ensemble_cluster"": [-1, -1, -1, -1, -1, -1, -1, -1, -1, -1]}"
272,deepsight,deepsight_final_filter,"[3, 64, 81, 22, 41, 14, 39, 1, 88, 74]",[],"{""n_exceeds"": [32, 27, 28, 26, 3, 14, 31, 17, 18, 8], ""classification_boundary"": 11.0, ""identified_mals"": [0, 0, 0, 0, 1, 0, 0, 0, 0, 1], ""clusters"": [-1, -1, -1, -1, -1, -1, -1, -1, -1, -1], ""deleted_cluster_ids"": []}"
273,deepsight,deepsight_ensemble_cluster,"[3, 15, 95, 57, 7, 73, 75, 65, 58, 27]",[],"{""cosine_cluster"": [-1, -1, -1, -1, -1, -1, -1, -1, -1, -1], ""neup_cluster"": [-1, -1, -1, -1, -1, -1, -1, -1, -1, -1], ""ddif_cluster"": [-1, -1, -1, -1, -1, -1, -1, -1, -1, -1], ""ensemble_cluster"": [-1, -1, -1, -1, -1, -1, -1, -1, -1, -1]}"
273,deepsight,deepsight_final_filter,"[3, 15, 95, 57, 7, 73, 75, 65, 58, 27]",[],"{""n_exceeds"": [50, 20, 29, 16, 14, 5, 16, 22, 25, 10], ""classification_boundary"": 9.0, ""identified_mals"": [0, 0, 0, 0, 0, 1, 0, 0, 0, 0], ""clusters"": [-1, -1, -1, -1, -1, -1, -1, -1, -1, -1], ""deleted_cluster_ids"": []}"
274,deepsight,deepsight_ensemble_cluster,"[0, 64, 2, 76, 65, 15, 51, 53, 69, 72]",[],"{""cosine_cluster"": [-1, -1, -1, -1, -1, -1, -1, -1, -1, -1], ""neup_cluster"": [-1, -1, -1, -1, -1, -1, -1, -1, -1, -1], ""ddif_cluster"": [-1, -1, -1, -1, -1, -1, -1, -1, -1, -1], ""ensemble_cluster"": [-1, -1, -1, -1, -1, -1, -1, -1, -1, -1]}"
274,deepsight,deepsight_final_filter,"[0, 64, 2, 76, 65, 15, 51, 53, 69, 72]",[],"{""n_exceeds"": [8, 34, 15, 1, 27, 21, 4, 28, 22, 7], ""classification_boundary"": 9.0, ""identified_mals"": [1, 0, 0, 1, 0, 0, 1, 0, 0, 1], ""clusters"": [-1, -1, -1, -1, -1, -1, -1, -1, -1, -1], ""deleted_cluster_ids"": [-1]}"
275,deepsight,deepsight_ensemble_cluster,"[0, 29, 3, 30, 81, 70, 38, 49, 78, 14]",[],"{""cosine_cluster"": [-1, -1, -1, -1, -1, -1, -1, -1, -1, -1], ""neup_cluster"": [-1, -1, -1, -1, -1, -1, -1, -1, -1, -1], ""ddif_cluster"": [-1, -1, -1, -1, -1, -1, -1, -1, -1, -1], ""ensemble_cluster"": [-1, -1, -1, -1, -1, -1, -1, -1, -1, -1]}"
275,deepsight,deepsight_final_filter,"[0, 29, 3, 30, 81, 70, 38, 49, 78, 14]",[],"{""n_exceeds"": [7, 19, 48, 14, 16, 17, 33, 30, 24, 17], ""classification_boundary"": 9.0, ""identified_mals"": [1, 0, 0, 0, 0, 0, 0, 0, 0, 0], ""clusters"": [-1, -1, -1, -1, -1, -1, -1, -1, -1, -1], ""deleted_cluster_ids"": []}"
276,deepsight,deepsight_ensemble_cluster,"[1, 71, 13, 47, 7, 49, 33, 42, 34, 53]",[],"{""cosine_cluster"": [-1, -1, -1, -1, -1, -1, -1, -1, -1, -1], ""neup_cluster"": [-1, -1, -1, -1, -1, -1, -1, -1, -1, -1], ""ddif_cluster"": [-1, -1, -1, -1, -1, -1, -1, -1, -1, -1], ""ensemble_cluster"": [-1, -1, -1, -1, -1, -1, -1, -1, -1, -1]}"
276,deepsight,deepsight_final_filter,"[1, 71, 13, 47, 7, 49, 33, 42, 34, 53]",[],"{""n_exceeds"": [33, 1, 5, 24, 13, 31, 1, 25, 9, 19], ""classification_boundary"": 8.0, ""identified_mals"": [0, 1, 1, 0, 0, 0, 1, 0, 0, 0], ""clusters"": [-1, -1, -1, -1, -1, -1, -1, -1, -1, -1], ""deleted_cluster_ids"": []}"
277,deepsight,deepsight_ensemble_cluster,"[3, 20, 48, 57, 30, 15, 45, 29, 54, 14]",[],"{""cosine_cluster"": [-1, -1, -1, -1, -1, -1, -1, -1, -1, -1], ""neup_cluster"": [-1, -1, -1, -1, -1, -1, -1, -1, -1, -1], ""ddif_cluster"": [-1, -1, -1, -1, -1, -1, -1, -1, -1, -1], ""ensemble_cluster"": [-1, -1, -1, -1, -1, -1, -1, -1, -1, -1]}"
277,deepsight,deepsight_final_filter,"[3, 20, 48, 57, 30, 15, 45, 29, 54, 14]",[],"{""n_exceeds"": [52, 3, 16, 10, 15, 25, 11, 21, 14, 14], ""classification_boundary"": 7.25, ""identified_mals"": [0, 1, 0, 0, 0, 0, 0, 0, 0, 0], ""clusters"": [-1, -1, -1, -1, -1, -1, -1, -1, -1, -1], ""deleted_cluster_ids"": []}"
278,deepsight,deepsight_ensemble_cluster,"[1, 57, 52, 76, 65, 58, 51, 23, 99, 21]",[],"{""cosine_cluster"": [-1, -1, -1, -1, -1, -1, -1, -1, -1, -1], ""neup_cluster"": [-1, -1, -1, -1, -1, -1, -1, -1, -1, -1], ""ddif_cluster"": [-1, -1, -1, -1, -1, -1, -1, -1, -1, -1], ""ensemble_cluster"": [-1, -1, -1, -1, -1, -1, -1, -1, -1, -1]}"
278,deepsight,deepsight_final_filter,"[1, 57, 52, 76, 65, 58, 51, 23, 99, 21]",[],"{""n_exceeds"": [25, 13, 14, 3, 14, 21, 6, 5, 10, 15], ""classification_boundary"": 6.75, ""identified_mals"": [0, 0, 0, 1, 0, 0, 1, 1, 0, 0], ""clusters"": [-1, -1, -1, -1, -1, -1, -1, -1, -1, -1], ""deleted_cluster_ids"": []}"
279,deepsight,deepsight_ensemble_cluster,"[4, 46, 64, 96, 82, 75, 40, 63, 36, 47]",[],"{""cosine_cluster"": [-1, -1, -1, -1, -1, -1, -1, -1, -1, -1], ""neup_cluster"": [-1, -1, -1, -1, -1, -1, -1, -1, -1, -1], ""ddif_cluster"": [-1, -1, -1, -1, -1, -1, -1, -1, -1, -1], ""ensemble_cluster"": [-1, -1, -1, -1, -1, -1, -1, -1, -1, -1]}"
279,deepsight,deepsight_final_filter,"[4, 46, 64, 96, 82, 75, 40, 63, 36, 47]",[],"{""n_exceeds"": [48, 39, 32, 10, 11, 20, 2, 34, 17, 18], ""classification_boundary"": 9.5, ""identified_mals"": [0, 0, 0, 0, 0, 0, 1, 0, 0, 0], ""clusters"": [-1, -1, -1, -1, -1, -1, -1, -1, -1, -1], ""deleted_cluster_ids"": []}"
280,deepsight,deepsight_ensemble_cluster,"[0, 72, 8, 81, 73, 83, 65, 79, 58, 16]",[],"{""cosine_cluster"": [-1, -1, -1, -1, -1, -1, -1, -1, -1, -1], ""neup_cluster"": [-1, -1, -1, -1, -1, -1, -1, -1, -1, -1], ""ddif_cluster"": [-1, -1, -1, -1, -1, -1, -1, -1, -1, -1], ""ensemble_cluster"": [-1, -1, -1, -1, -1, -1, -1, -1, -1, -1]}"
280,deepsight,deepsight_final_filter,"[0, 72, 8, 81, 73, 83, 65, 79, 58, 16]",[],"{""n_exceeds"": [18, 8, 14, 32, 9, 14, 23, 8, 17, 9], ""classification_boundary"": 7.0, ""identified_mals"": [0, 0, 0, 0, 0, 0, 0, 0, 0, 0], ""clusters"": [-1, -1, -1, -1, -1, -1, -1, -1, -1, -1], ""deleted_cluster_ids"": []}"
281,deepsight,deepsight_ensemble_cluster,"[3, 30, 84, 29, 12, 98, 44, 64, 13, 55]",[],"{""cosine_cluster"": [-1, -1, -1, -1, -1, -1, -1, -1, -1, -1], ""neup_cluster"": [-1, -1, -1, -1, -1, -1, -1, -1, -1, -1], ""ddif_cluster"": [-1, -1, -1, -1, -1, -1, -1, -1, -1, -1], ""ensemble_cluster"": [-1, -1, -1, -1, -1, -1, -1, -1, -1, -1]}"
281,deepsight,deepsight_final_filter,"[3, 30, 84, 29, 12, 98, 44, 64, 13, 55]",[],"{""n_exceeds"": [44, 17, 28, 13, 32, 13, 6, 27, 6, 22], ""classification_boundary"": 9.75, ""identified_mals"": [0, 0, 0, 0, 0, 0, 1, 0, 1, 0], ""clusters"": [-1, -1, -1, -1, -1, -1, -1, -1, -1, -1], ""deleted_cluster_ids"": []}"
282,deepsight,deepsight_ensemble_cluster,"[0, 36, 23, 49, 11, 34, 99, 33, 58, 12]",[],"{""cosine_cluster"": [-1, -1, -1, -1, -1, -1, -1, -1, -1, -1], ""neup_cluster"": [-1, -1, -1, -1, -1, -1, -1, -1, -1, -1], ""ddif_cluster"": [-1, -1, -1, -1, -1, -1, -1, -1, -1, -1], ""ensemble_cluster"": [-1, -1, -1, -1, -1, -1, -1, -1, -1, -1]}"
282,deepsight,deepsight_final_filter,"[0, 36, 23, 49, 11, 34, 99, 33, 58, 12]",[],"{""n_exceeds"": [9, 30, 8, 28, 33, 7, 18, 1, 23, 20], ""classification_boundary"": 9.5, ""identified_mals"": [1, 0, 1, 0, 0, 1, 0, 1, 0, 0], ""clusters"": [-1, -1, -1, -1, -1, -1, -1, -1, -1, -1], ""deleted_cluster_ids"": [-1]}"
283,deepsight,deepsight_ensemble_cluster,"[3, 43, 5, 34, 99, 14, 48, 24, 56, 37]",[],"{""cosine_cluster"": [-1, -1, -1, -1, -1, -1, -1, -1, -1, -1], ""neup_cluster"": [-1, -1, -1, -1, -1, -1, -1, -1, -1, -1], ""ddif_cluster"": [-1, -1, -1, -1, -1, -1, -1, -1, -1, -1], ""ensemble_cluster"": [-1, -1, -1, -1, -1, -1, -1, -1, -1, -1]}"
283,deepsight,deepsight_final_filter,"[3, 43, 5, 34, 99, 14, 48, 24, 56, 37]",[],"{""n_exceeds"": [44, 10, 24, 12, 12, 18, 16, 34, 17, 28], ""classification_boundary"": 8.75, ""identified_mals"": [0, 0, 0, 0, 0, 0, 0, 0, 0, 0], ""clusters"": [-1, -1, -1, -1, -1, -1, -1, -1, -1, -1], ""deleted_cluster_ids"": []}"
284,deepsight,deepsight_ensemble_cluster,"[2, 88, 85, 65, 95, 82, 19, 77, 54, 37]",[],"{""cosine_cluster"": [-1, -1, -1, -1, -1, -1, -1, -1, -1, -1], ""neup_cluster"": [-1, -1, -1, -1, -1, -1, -1, -1, -1, -1], ""ddif_cluster"": [-1, -1, -1, -1, -1, -1, -1, -1, -1, -1], ""ensemble_cluster"": [-1, -1, -1, -1, -1, -1, -1, -1, -1, -1]}"
284,deepsight,deepsight_final_filter,"[2, 88, 85, 65, 95, 82, 19, 77, 54, 37]",[],"{""n_exceeds"": [16, 5, 14, 21, 28, 14, 43, 8, 9, 20], ""classification_boundary"": 7.5, ""identified_mals"": [0, 1, 0, 0, 0, 0, 0, 0, 0, 0], ""clusters"": [-1, -1, -1, -1, -1, -1, -1, -1, -1, -1], ""deleted_cluster_ids"": []}"
285,deepsight,deepsight_ensemble_cluster,"[2, 33, 12, 85, 87, 74, 15, 29, 94, 60]",[],"{""cosine_cluster"": [-1, -1, -1, -1, -1, -1, -1, -1, -1, -1], ""neup_cluster"": [-1, -1, -1, -1, -1, -1, -1, -1, -1, -1], ""ddif_cluster"": [-1, -1, -1, -1, -1, -1, -1, -1, -1, -1], ""ensemble_cluster"": [-1, -1, -1, -1, -1, -1, -1, -1, -1, -1]}"
285,deepsight,deepsight_final_filter,"[2, 33, 12, 85, 87, 74, 15, 29, 94, 60]",[],"{""n_exceeds"": [12, 1, 31, 17, 29, 7, 17, 12, 25, 5], ""classification_boundary"": 7.25, ""identified_mals"": [0, 1, 0, 0, 0, 1, 0, 0, 0, 1], ""clusters"": [-1, -1, -1, -1, -1, -1, -1, -1, -1, -1], ""deleted_cluster_ids"": []}"
286,deepsight,deepsight_ensemble_cluster,"[4, 6, 33, 77, 65, 63, 55, 18, 2, 78]",[],"{""cosine_cluster"": [-1, -1, -1, -1, -1, -1, -1, -1, -1, -1], ""neup_cluster"": [-1, -1, -1, -1, -1, -1, -1, -1, -1, -1], ""ddif_cluster"": [-1, -1, -1, -1, -1, -1, -1, -1, -1, -1], ""ensemble_cluster"": [-1, -1, -1, -1, -1, -1, -1, -1, -1, -1]}"
286,deepsight,deepsight_final_filter,"[4, 6, 33, 77, 65, 63, 55, 18, 2, 78]",[],"{""n_exceeds"": [26, 9, 1, 8, 22, 25, 25, 22, 19, 22], ""classification_boundary"": 11.0, ""identified_mals"": [0, 1, 1, 1, 0, 0, 0, 0, 0, 0], ""clusters"": [-1, -1, -1, -1, -1, -1, -1, -1, -1, -1], ""deleted_cluster_ids"": []}"
287,deepsight,deepsight_ensemble_cluster,"[1, 71, 25, 57, 32, 77, 51, 42, 95, 22]",[],"{""cosine_cluster"": [-1, -1, -1, -1, -1, -1, -1, -1, -1, -1], ""neup_cluster"": [-1, -1, -1, -1, -1, -1, -1, -1, -1, -1], ""ddif_cluster"": [-1, -1, -1, -1, -1, -1, -1, -1, -1, -1], ""ensemble_cluster"": [-1, -1, -1, -1, -1, -1, -1, -1, -1, -1]}"
287,deepsight,deepsight_final_filter,"[1, 71, 25, 57, 32, 77, 51, 42, 95, 22]",[],"{""n_exceeds"": [15, 1, 16, 18, 34, 16, 5, 27, 30, 19], ""classification_boundary"": 8.5, ""identified_mals"": [0, 1, 0, 0, 0, 0, 1, 0, 0, 0], ""clusters"": [-1, -1, -1, -1, -1, -1, -1, -1, -1, -1], ""deleted_cluster_ids"": []}"
288,deepsight,deepsight_ensemble_cluster,"[2, 23, 61, 86, 54, 0, 91, 63, 37, 85]",[],"{""cosine_cluster"": [-1, -1, -1, -1, -1, -1, -1, -1, -1, -1], ""neup_cluster"": [-1, -1, -1, -1, -1, -1, -1, -1, -1, -1], ""ddif_cluster"": [-1, -1, -1, -1, -1, -1, -1, -1, -1, -1], ""ensemble_cluster"": [-1, -1, -1, -1, -1, -1, -1, -1, -1, -1]}"
288,deepsight,deepsight_final_filter,"[2, 23, 61, 86, 54, 0, 91, 63, 37, 85]",[],"{""n_exceeds"": [11, 8, 9, 25, 11, 13, 8, 35, 24, 22], ""classification_boundary"": 6.0, ""identified_mals"": [0, 0, 0, 0, 0, 0, 0, 0, 0, 0], ""clusters"": [-1, -1, -1, -1, -1, -1, -1, -1, -1, -1], ""deleted_cluster_ids"": []}"
289,deepsight,deepsight_ensemble_cluster,"[0, 40, 56, 34, 98, 35, 1, 22, 89, 16]",[],"{""cosine_cluster"": [-1, -1, -1, -1, -1, -1, -1, -1, -1, -1], ""neup_cluster"": [-1, -1, -1, -1, -1, -1, -1, -1, -1, -1], ""ddif_cluster"": [-1, -1, -1, -1, -1, -1, -1, -1, -1, -1], ""ensemble_cluster"": [-1, -1, -1, -1, -1, -1, -1, -1, -1, -1]}"
289,deepsight,deepsight_final_filter,"[0, 40, 56, 34, 98, 35, 1, 22, 89, 16]",[],"{""n_exceeds"": [19, 8, 27, 15, 9, 9, 40, 35, 28, 14], ""classification_boundary"": 8.5, ""identified_mals"": [0, 1, 0, 0, 0, 0, 0, 0, 0, 0], ""clusters"": [-1, -1, -1, -1, -1, -1, -1, -1, -1, -1], ""deleted_cluster_ids"": []}"
290,deepsight,deepsight_ensemble_cluster,"[1, 46, 25, 37, 20, 42, 44, 50, 12, 72]",[],"{""cosine_cluster"": [-1, -1, -1, -1, -1, -1, -1, -1, -1, -1], ""neup_cluster"": [-1, -1, -1, -1, -1, -1, -1, -1, -1, -1], ""ddif_cluster"": [-1, -1, -1, -1, -1, -1, -1, -1, -1, -1], ""ensemble_cluster"": [-1, -1, -1, -1, -1, -1, -1, -1, -1, -1]}"
290,deepsight,deepsight_final_filter,"[1, 46, 25, 37, 20, 42, 44, 50, 12, 72]",[],"{""n_exceeds"": [4, 33, 22, 28, 3, 40, 10, 16, 24, 6], ""classification_boundary"": 9.5, ""identified_mals"": [1, 0, 0, 0, 1, 0, 0, 0, 0, 1], ""clusters"": [-1, -1, -1, -1, -1, -1, -1, -1, -1, -1], ""deleted_cluster_ids"": []}"
291,deepsight,deepsight_ensemble_cluster,"[1, 19, 56, 93, 20, 12, 27, 69, 33, 16]",[],"{""cosine_cluster"": [-1, -1, -1, -1, -1, -1, -1, -1, -1, -1], ""neup_cluster"": [-1, -1, -1, -1, -1, -1, -1, -1, -1, -1], ""ddif_cluster"": [-1, -1, -1, -1, -1, -1, -1, -1, -1, -1], ""ensemble_cluster"": [-1, -1, -1, -1, -1, -1, -1, -1, -1, -1]}"
291,deepsight,deepsight_final_filter,"[1, 19, 56, 93, 20, 12, 27, 69, 33, 16]",[],"{""n_exceeds"": [12, 35, 30, 25, 4, 36, 8, 24, 1, 9], ""classification_boundary"": 9.0, ""identified_mals"": [0, 0, 0, 0, 1, 0, 1, 0, 1, 1], ""clusters"": [-1, -1, -1, -1, -1, -1, -1, -1, -1, -1], ""deleted_cluster_ids"": [-1]}"
292,deepsight,deepsight_ensemble_cluster,"[2, 45, 10, 1, 74, 86, 46, 35, 17, 81]",[],"{""cosine_cluster"": [-1, -1, -1, -1, -1, -1, -1, -1, -1, -1], ""neup_cluster"": [-1, -1, -1, -1, -1, -1, -1, -1, -1, -1], ""ddif_cluster"": [-1, -1, -1, -1, -1, -1, -1, -1, -1, -1], ""ensemble_cluster"": [-1, -1, -1, -1, -1, -1, -1, -1, -1, -1]}"
292,deepsight,deepsight_final_filter,"[2, 45, 10, 1, 74, 86, 46, 35, 17, 81]",[],"{""n_exceeds"": [10, 17, 4, 9, 16, 7, 40, 7, 19, 25], ""classification_boundary"": 6.5, ""identified_mals"": [0, 0, 1, 0, 0, 0, 0, 0, 0, 0], ""clusters"": [-1, -1, -1, -1, -1, -1, -1, -1, -1, -1], ""deleted_cluster_ids"": []}"
293,deepsight,deepsight_ensemble_cluster,"[2, 99, 19, 62, 44, 0, 48, 52, 70, 65]",[],"{""cosine_cluster"": [-1, -1, -1, -1, -1, -1, -1, -1, -1, -1], ""neup_cluster"": [-1, -1, -1, -1, -1, -1, -1, -1, -1, -1], ""ddif_cluster"": [-1, -1, -1, -1, -1, -1, -1, -1, -1, -1], ""ensemble_cluster"": [-1, -1, -1, -1, -1, -1, -1, -1, -1, -1]}"
293,deepsight,deepsight_final_filter,"[2, 99, 19, 62, 44, 0, 48, 52, 70, 65]",[],"{""n_exceeds"": [13, 17, 43, 36, 6, 14, 18, 17, 14, 14], ""classification_boundary"": 7.75, ""identified_mals"": [0, 0, 0, 0, 1, 0, 0, 0, 0, 0], ""clusters"": [-1, -1, -1, -1, -1, -1, -1, -1, -1, -1], ""deleted_cluster_ids"": []}"
294,deepsight,deepsight_ensemble_cluster,"[0, 66, 36, 83, 68, 23, 90, 2, 57, 21]",[],"{""cosine_cluster"": [-1, -1, -1, -1, -1, -1, -1, -1, -1, -1], ""neup_cluster"": [-1, -1, -1, -1, -1, -1, -1, -1, -1, -1], ""ddif_cluster"": [-1, -1, -1, -1, -1, -1, -1, -1, -1, -1], ""ensemble_cluster"": [-1, -1, -1, -1, -1, -1, -1, -1, -1, -1]}"
294,deepsight,deepsight_final_filter,"[0, 66, 36, 83, 68, 23, 90, 2, 57, 21]",[],"{""n_exceeds"": [20, 14, 30, 10, 7, 8, 22, 14, 20, 15], ""classification_boundary"": 7.25, ""identified_mals"": [0, 0, 0, 0, 1, 0, 0, 0, 0, 0], ""clusters"": [-1, -1, -1, -1, -1, -1, -1, -1, -1, -1], ""deleted_cluster_ids"": []}"
295,deepsight,deepsight_ensemble_cluster,"[3, 10, 20, 51, 25, 27, 40, 5, 89, 85]",[],"{""cosine_cluster"": [-1, -1, -1, -1, -1, -1, -1, -1, -1, -1], ""neup_cluster"": [-1, -1, -1, -1, -1, -1, -1, -1, -1, -1], ""ddif_cluster"": [-1, -1, -1, -1, -1, -1, -1, -1, -1, -1], ""ensemble_cluster"": [-1, -1, -1, -1, -1, -1, -1, -1, -1, -1]}"
295,deepsight,deepsight_final_filter,"[3, 10, 20, 51, 25, 27, 40, 5, 89, 85]",[],"{""n_exceeds"": [37, 3, 4, 5, 28, 14, 1, 17, 26, 18], ""classification_boundary"": 7.75, ""identified_mals"": [0, 1, 1, 1, 0, 0, 1, 0, 0, 0], ""clusters"": [-1, -1, -1, -1, -1, -1, -1, -1, -1, -1], ""deleted_cluster_ids"": [-1]}"
296,deepsight,deepsight_ensemble_cluster,"[1, 85, 80, 28, 63, 68, 14, 94, 32, 20]",[],"{""cosine_cluster"": [-1, -1, -1, -1, -1, -1, -1, -1, -1, -1], ""neup_cluster"": [-1, -1, -1, -1, -1, -1, -1, -1, -1, -1], ""ddif_cluster"": [-1, -1, -1, -1, -1, -1, -1, -1, -1, -1], ""ensemble_cluster"": [-1, -1, -1, -1, -1, -1, -1, -1, -1, -1]}"
296,deepsight,deepsight_final_filter,"[1, 85, 80, 28, 63, 68, 14, 94, 32, 20]",[],"{""n_exceeds"": [9, 22, 18, 13, 38, 4, 19, 23, 18, 4], ""classification_boundary"": 9.0, ""identified_mals"": [1, 0, 0, 0, 0, 1, 0, 0, 0, 1], ""clusters"": [-1, -1, -1, -1, -1, -1, -1, -1, -1, -1], ""deleted_cluster_ids"": []}"
297,deepsight,deepsight_ensemble_cluster,"[3, 61, 21, 58, 32, 20, 53, 17, 93, 55]",[],"{""cosine_cluster"": [-1, -1, -1, -1, -1, -1, -1, -1, -1, -1], ""neup_cluster"": [-1, -1, -1, -1, -1, -1, -1, -1, -1, -1], ""ddif_cluster"": [-1, -1, -1, -1, -1, -1, -1, -1, -1, -1], ""ensemble_cluster"": [-1, -1, -1, -1, -1, -1, -1, -1, -1, -1]}"
297,deepsight,deepsight_final_filter,"[3, 61, 21, 58, 32, 20, 53, 17, 93, 55]",[],"{""n_exceeds"": [35, 9, 10, 21, 23, 3, 33, 15, 20, 15], ""classification_boundary"": 8.75, ""identified_mals"": [0, 0, 0, 0, 0, 1, 0, 0, 0, 0], ""clusters"": [-1, -1, -1, -1, -1, -1, -1, -1, -1, -1], ""deleted_cluster_ids"": []}"
298,deepsight,deepsight_ensemble_cluster,"[3, 38, 56, 79, 43, 65, 66, 16, 75, 82]",[],"{""cosine_cluster"": [-1, -1, -1, -1, -1, -1, -1, -1, -1, -1], ""neup_cluster"": [-1, -1, -1, -1, -1, -1, -1, -1, -1, -1], ""ddif_cluster"": [-1, -1, -1, -1, -1, -1, -1, -1, -1, -1], ""ensemble_cluster"": [-1, -1, -1, -1, -1, -1, -1, -1, -1, -1]}"
298,deepsight,deepsight_final_filter,"[3, 38, 56, 79, 43, 65, 66, 16, 75, 82]",[],"{""n_exceeds"": [40, 22, 13, 9, 11, 13, 15, 10, 16, 13], ""classification_boundary"": 6.5, ""identified_mals"": [0, 0, 0, 0, 0, 0, 0, 0, 0, 0], ""clusters"": [-1, -1, -1, -1, -1, -1, -1, -1, -1, -1], ""deleted_cluster_ids"": []}"
299,deepsight,deepsight_ensemble_cluster,"[2, 98, 50, 69, 58, 82, 91, 59, 97, 38]",[],"{""cosine_cluster"": [-1, -1, -1, -1, -1, -1, -1, -1, -1, -1], ""neup_cluster"": [-1, -1, -1, -1, -1, -1, -1, -1, -1, -1], ""ddif_cluster"": [-1, -1, -1, -1, -1, -1, -1, -1, -1, -1], ""ensemble_cluster"": [-1, -1, -1, -1, -1, -1, -1, -1, -1, -1]}"
299,deepsight,deepsight_final_filter,"[2, 98, 50, 69, 58, 82, 91, 59, 97, 38]",[],"{""n_exceeds"": [21, 14, 22, 18, 9, 18, 9, 3, 20, 36], ""classification_boundary"": 9.0, ""identified_mals"": [0, 0, 0, 0, 1, 0, 1, 1, 0, 0], ""clusters"": [-1, -1, -1, -1, -1, -1, -1, -1, -1, -1], ""deleted_cluster_ids"": []}"
300,deepsight,deepsight_ensemble_cluster,"[4, 88, 20, 74, 38, 35, 78, 79, 25, 10]",[],"{""cosine_cluster"": [-1, -1, -1, -1, -1, -1, -1, -1, -1, -1], ""neup_cluster"": [-1, -1, -1, -1, -1, -1, -1, -1, -1, -1], ""ddif_cluster"": [-1, -1, -1, -1, -1, -1, -1, -1, -1, -1], ""ensemble_cluster"": [-1, -1, -1, -1, -1, -1, -1, -1, -1, -1]}"
300,deepsight,deepsight_final_filter,"[4, 88, 20, 74, 38, 35, 78, 79, 25, 10]",[],"{""n_exceeds"": [36, 11, 5, 18, 32, 2, 20, 9, 31, 3], ""classification_boundary"": 7.25, ""identified_mals"": [0, 0, 1, 0, 0, 1, 0, 0, 0, 1], ""clusters"": [-1, -1, -1, -1, -1, -1, -1, -1, -1, -1], ""deleted_cluster_ids"": []}"
301,deepsight,deepsight_ensemble_cluster,"[1, 54, 63, 45, 82, 64, 21, 94, 97, 52]",[],"{""cosine_cluster"": [-1, -1, -1, -1, -1, -1, -1, -1, -1, -1], ""neup_cluster"": [-1, -1, -1, -1, -1, -1, -1, -1, -1, -1], ""ddif_cluster"": [-1, -1, -1, -1, -1, -1, -1, -1, -1, -1], ""ensemble_cluster"": [-1, -1, -1, -1, -1, -1, -1, -1, -1, -1]}"
301,deepsight,deepsight_final_filter,"[1, 54, 63, 45, 82, 64, 21, 94, 97, 52]",[],"{""n_exceeds"": [8, 6, 32, 12, 18, 32, 15, 22, 26, 19], ""classification_boundary"": 9.25, ""identified_mals"": [1, 1, 0, 0, 0, 0, 0, 0, 0, 0], ""clusters"": [-1, -1, -1, -1, -1, -1, -1, -1, -1, -1], ""deleted_cluster_ids"": []}"
302,deepsight,deepsight_ensemble_cluster,"[3, 65, 34, 91, 78, 0, 88, 43, 30, 52]",[],"{""cosine_cluster"": [-1, -1, -1, -1, -1, -1, -1, -1, -1, -1], ""neup_cluster"": [-1, -1, -1, -1, -1, -1, -1, -1, -1, -1], ""ddif_cluster"": [-1, -1, -1, -1, -1, -1, -1, -1, -1, -1], ""ensemble_cluster"": [-1, -1, -1, -1, -1, -1, -1, -1, -1, -1]}"
302,deepsight,deepsight_final_filter,"[3, 65, 34, 91, 78, 0, 88, 43, 30, 52]",[],"{""n_exceeds"": [49, 16, 14, 10, 24, 9, 11, 13, 18, 13], ""classification_boundary"": 6.75, ""identified_mals"": [0, 0, 0, 0, 0, 0, 0, 0, 0, 0], ""clusters"": [-1, -1, -1, -1, -1, -1, -1, -1, -1, -1], ""deleted_cluster_ids"": []}"
303,deepsight,deepsight_ensemble_cluster,"[3, 57, 83, 65, 27, 98, 24, 5, 25, 10]",[],"{""cosine_cluster"": [-1, -1, -1, -1, -1, -1, -1, -1, -1, -1], ""neup_cluster"": [-1, -1, -1, -1, -1, -1, -1, -1, -1, -1], ""ddif_cluster"": [-1, -1, -1, -1, -1, -1, -1, -1, -1, -1], ""ensemble_cluster"": [-1, -1, -1, -1, -1, -1, -1, -1, -1, -1]}"
303,deepsight,deepsight_final_filter,"[3, 57, 83, 65, 27, 98, 24, 5, 25, 10]",[],"{""n_exceeds"": [48, 15, 12, 21, 8, 27, 32, 20, 24, 3], ""classification_boundary"": 10.25, ""identified_mals"": [0, 0, 0, 0, 1, 0, 0, 0, 0, 1], ""clusters"": [-1, -1, -1, -1, -1, -1, -1, -1, -1, -1], ""deleted_cluster_ids"": []}"
304,deepsight,deepsight_ensemble_cluster,"[3, 16, 92, 27, 14, 62, 58, 77, 1, 44]",[],"{""cosine_cluster"": [-1, -1, -1, -1, -1, -1, -1, -1, -1, -1], ""neup_cluster"": [-1, -1, -1, -1, -1, -1, -1, -1, -1, -1], ""ddif_cluster"": [-1, -1, -1, -1, -1, -1, -1, -1, -1, -1], ""ensemble_cluster"": [-1, -1, -1, -1, -1, -1, -1, -1, -1, -1]}"
304,deepsight,deepsight_final_filter,"[3, 16, 92, 27, 14, 62, 58, 77, 1, 44]",[],"{""n_exceeds"": [43, 10, 11, 5, 18, 30, 25, 11, 14, 6], ""classification_boundary"": 6.25, ""identified_mals"": [0, 0, 0, 1, 0, 0, 0, 0, 0, 1], ""clusters"": [-1, -1, -1, -1, -1, -1, -1, -1, -1, -1], ""deleted_cluster_ids"": []}"
305,deepsight,deepsight_ensemble_cluster,"[1, 39, 6, 27, 71, 88, 69, 29, 25, 26]",[],"{""cosine_cluster"": [-1, -1, -1, -1, -1, -1, -1, -1, -1, -1], ""neup_cluster"": [-1, -1, -1, -1, -1, -1, -1, -1, -1, -1], ""ddif_cluster"": [-1, -1, -1, -1, -1, -1, -1, -1, -1, -1], ""ensemble_cluster"": [-1, -1, -1, -1, -1, -1, -1, -1, -1, -1]}"
305,deepsight,deepsight_final_filter,"[1, 39, 6, 27, 71, 88, 69, 29, 25, 26]",[],"{""n_exceeds"": [13, 25, 15, 13, 1, 20, 20, 17, 15, 3], ""classification_boundary"": 7.5, ""identified_mals"": [0, 0, 0, 0, 1, 0, 0, 0, 0, 1], ""clusters"": [-1, -1, -1, -1, -1, -1, -1, -1, -1, -1], ""deleted_cluster_ids"": []}"
306,deepsight,deepsight_ensemble_cluster,"[0, 84, 41, 86, 94, 13, 66, 3, 14, 51]",[],"{""cosine_cluster"": [-1, -1, -1, -1, -1, -1, -1, -1, -1, -1], ""neup_cluster"": [-1, -1, -1, -1, -1, -1, -1, -1, -1, -1], ""ddif_cluster"": [-1, -1, -1, -1, -1, -1, -1, -1, -1, -1], ""ensemble_cluster"": [-1, -1, -1, -1, -1, -1, -1, -1, -1, -1]}"
306,deepsight,deepsight_final_filter,"[0, 84, 41, 86, 94, 13, 66, 3, 14, 51]",[],"{""n_exceeds"": [11, 26, 4, 16, 24, 5, 25, 45, 18, 5], ""classification_boundary"": 8.5, ""identified_mals"": [0, 0, 1, 0, 0, 1, 0, 0, 0, 1], ""clusters"": [-1, -1, -1, -1, -1, -1, -1, -1, -1, -1], ""deleted_cluster_ids"": []}"
307,deepsight,deepsight_ensemble_cluster,"[3, 36, 70, 1, 21, 32, 55, 18, 69, 8]",[],"{""cosine_cluster"": [-1, -1, -1, -1, -1, -1, -1, -1, -1, -1], ""neup_cluster"": [-1, -1, -1, -1, -1, -1, -1, -1, -1, -1], ""ddif_cluster"": [-1, -1, -1, -1, -1, -1, -1, -1, -1, -1], ""ensemble_cluster"": [-1, -1, -1, -1, -1, -1, -1, -1, -1, -1]}"
307,deepsight,deepsight_final_filter,"[3, 36, 70, 1, 21, 32, 55, 18, 69, 8]",[],"{""n_exceeds"": [45, 19, 16, 7, 10, 21, 24, 20, 20, 16], ""classification_boundary"": 9.75, ""identified_mals"": [0, 0, 0, 1, 0, 0, 0, 0, 0, 0], ""clusters"": [-1, -1, -1, -1, -1, -1, -1, -1, -1, -1], ""deleted_cluster_ids"": []}"
308,deepsight,deepsight_ensemble_cluster,"[0, 77, 29, 65, 68, 89, 95, 79, 83, 47]",[],"{""cosine_cluster"": [-1, -1, -1, -1, -1, -1, -1, -1, -1, -1], ""neup_cluster"": [-1, -1, -1, -1, -1, -1, -1, -1, -1, -1], ""ddif_cluster"": [-1, -1, -1, -1, -1, -1, -1, -1, -1, -1], ""ensemble_cluster"": [-1, -1, -1, -1, -1, -1, -1, -1, -1, -1]}"
308,deepsight,deepsight_final_filter,"[0, 77, 29, 65, 68, 89, 95, 79, 83, 47]",[],"{""n_exceeds"": [9, 5, 21, 17, 4, 20, 40, 6, 13, 15], ""classification_boundary"": 7.0, ""identified_mals"": [0, 1, 0, 0, 1, 0, 0, 1, 0, 0], ""clusters"": [-1, -1, -1, -1, -1, -1, -1, -1, -1, -1], ""deleted_cluster_ids"": []}"
309,deepsight,deepsight_ensemble_cluster,"[1, 10, 15, 46, 36, 86, 31, 73, 62, 70]",[],"{""cosine_cluster"": [-1, -1, -1, -1, -1, -1, -1, -1, -1, -1], ""neup_cluster"": [-1, -1, -1, -1, -1, -1, -1, -1, -1, -1], ""ddif_cluster"": [-1, -1, -1, -1, -1, -1, -1, -1, -1, -1], ""ensemble_cluster"": [-1, -1, -1, -1, -1, -1, -1, -1, -1, -1]}"
309,deepsight,deepsight_final_filter,"[1, 10, 15, 46, 36, 86, 31, 73, 62, 70]",[],"{""n_exceeds"": [28, 4, 26, 39, 23, 26, 17, 10, 17, 17], ""classification_boundary"": 10.0, ""identified_mals"": [0, 1, 0, 0, 0, 0, 0, 1, 0, 0], ""clusters"": [-1, -1, -1, -1, -1, -1, -1, -1, -1, -1], ""deleted_cluster_ids"": []}"
310,deepsight,deepsight_ensemble_cluster,"[0, 47, 63, 32, 34, 12, 41, 75, 11, 3]",[],"{""cosine_cluster"": [-1, -1, -1, -1, -1, -1, -1, -1, -1, -1], ""neup_cluster"": [-1, -1, -1, -1, -1, -1, -1, -1, -1, -1], ""ddif_cluster"": [-1, -1, -1, -1, -1, -1, -1, -1, -1, -1], ""ensemble_cluster"": [-1, -1, -1, -1, -1, -1, -1, -1, -1, -1]}"
310,deepsight,deepsight_final_filter,"[0, 47, 63, 32, 34, 12, 41, 75, 11, 3]",[],"{""n_exceeds"": [11, 12, 26, 25, 8, 27, 4, 22, 30, 42], ""classification_boundary"": 11.75, ""identified_mals"": [1, 0, 0, 0, 1, 0, 1, 0, 0, 0], ""clusters"": [-1, -1, -1, -1, -1, -1, -1, -1, -1, -1], ""deleted_cluster_ids"": []}"
311,deepsight,deepsight_ensemble_cluster,"[3, 55, 1, 65, 54, 24, 31, 92, 49, 46]",[],"{""cosine_cluster"": [-1, -1, -1, -1, -1, -1, -1, -1, -1, -1], ""neup_cluster"": [-1, -1, -1, -1, -1, -1, -1, -1, -1, -1], ""ddif_cluster"": [-1, -1, -1, -1, -1, -1, -1, -1, -1, -1], ""ensemble_cluster"": [-1, -1, -1, -1, -1, -1, -1, -1, -1, -1]}"
311,deepsight,deepsight_final_filter,"[3, 55, 1, 65, 54, 24, 31, 92, 49, 46]",[],"{""n_exceeds"": [42, 20, 25, 21, 10, 17, 17, 16, 35, 33], ""classification_boundary"": 10.25, ""identified_mals"": [0, 0, 0, 0, 1, 0, 0, 0, 0, 0], ""clusters"": [-1, -1, -1, -1, -1, -1, -1, -1, -1, -1], ""deleted_cluster_ids"": []}"
312,deepsight,deepsight_ensemble_cluster,"[0, 38, 51, 5, 19, 53, 84, 23, 40, 64]",[],"{""cosine_cluster"": [-1, -1, -1, -1, -1, -1, -1, -1, -1, -1], ""neup_cluster"": [-1, -1, -1, -1, -1, -1, -1, -1, -1, -1], ""ddif_cluster"": [-1, -1, -1, -1, -1, -1, -1, -1, -1, -1], ""ensemble_cluster"": [-1, -1, -1, -1, -1, -1, -1, -1, -1, -1]}"
312,deepsight,deepsight_final_filter,"[0, 38, 51, 5, 19, 53, 84, 23, 40, 64]",[],"{""n_exceeds"": [13, 36, 5, 23, 40, 30, 22, 7, 4, 27], ""classification_boundary"": 11.25, ""identified_mals"": [0, 0, 1, 0, 0, 0, 0, 1, 1, 0], ""clusters"": [-1, -1, -1, -1, -1, -1, -1, -1, -1, -1], ""deleted_cluster_ids"": []}"
313,deepsight,deepsight_ensemble_cluster,"[4, 82, 78, 17, 19, 44, 14, 71, 90, 55]",[],"{""cosine_cluster"": [-1, -1, -1, -1, -1, -1, -1, -1, -1, -1], ""neup_cluster"": [-1, -1, -1, -1, -1, -1, -1, -1, -1, -1], ""ddif_cluster"": [-1, -1, -1, -1, -1, -1, -1, -1, -1, -1], ""ensemble_cluster"": [-1, -1, -1, -1, -1, -1, -1, -1, -1, -1]}"
313,deepsight,deepsight_final_filter,"[4, 82, 78, 17, 19, 44, 14, 71, 90, 55]",[],"{""n_exceeds"": [31, 15, 20, 13, 47, 13, 18, 1, 18, 23], ""classification_boundary"": 9.0, ""identified_mals"": [0, 0, 0, 0, 0, 0, 0, 1, 0, 0], ""clusters"": [-1, -1, -1, -1, -1, -1, -1, -1, -1, -1], ""deleted_cluster_ids"": []}"
314,deepsight,deepsight_ensemble_cluster,"[0, 32, 44, 6, 54, 17, 9, 8, 68, 38]",[],"{""cosine_cluster"": [-1, -1, -1, -1, -1, -1, -1, -1, -1, -1], ""neup_cluster"": [-1, -1, -1, -1, -1, -1, -1, -1, -1, -1], ""ddif_cluster"": [-1, -1, -1, -1, -1, -1, -1, -1, -1, -1], ""ensemble_cluster"": [-1, -1, -1, -1, -1, -1, -1, -1, -1, -1]}"
314,deepsight,deepsight_final_filter,"[0, 32, 44, 6, 54, 17, 9, 8, 68, 38]",[],"{""n_exceeds"": [15, 31, 8, 13, 6, 19, 20, 18, 1, 35], ""classification_boundary"": 8.25, ""identified_mals"": [0, 0, 1, 0, 1, 0, 0, 0, 1, 0], ""clusters"": [-1, -1, -1, -1, -1, -1, -1, -1, -1, -1], ""deleted_cluster_ids"": []}"
315,deepsight,deepsight_ensemble_cluster,"[0, 10, 42, 62, 79, 75, 64, 84, 3, 51]",[],"{""cosine_cluster"": [-1, -1, -1, -1, -1, -1, -1, -1, -1, -1], ""neup_cluster"": [-1, -1, -1, -1, -1, -1, -1, -1, -1, -1], ""ddif_cluster"": [-1, -1, -1, -1, -1, -1, -1, -1, -1, -1], ""ensemble_cluster"": [-1, -1, -1, -1, -1, -1, -1, -1, -1, -1]}"
315,deepsight,deepsight_final_filter,"[0, 10, 42, 62, 79, 75, 64, 84, 3, 51]",[],"{""n_exceeds"": [10, 8, 28, 12, 13, 17, 31, 23, 48, 6], ""classification_boundary"": 7.5, ""identified_mals"": [0, 0, 0, 0, 0, 0, 0, 0, 0, 1], ""clusters"": [-1, -1, -1, -1, -1, -1, -1, -1, -1, -1], ""deleted_cluster_ids"": []}"
316,deepsight,deepsight_ensemble_cluster,"[1, 91, 79, 68, 9, 5, 73, 62, 83, 46]",[],"{""cosine_cluster"": [-1, -1, -1, -1, -1, -1, -1, -1, -1, -1], ""neup_cluster"": [-1, -1, -1, -1, -1, -1, -1, -1, -1, -1], ""ddif_cluster"": [-1, -1, -1, -1, -1, -1, -1, -1, -1, -1], ""ensemble_cluster"": [-1, -1, -1, -1, -1, -1, -1, -1, -1, -1]}"
316,deepsight,deepsight_final_filter,"[1, 91, 79, 68, 9, 5, 73, 62, 83, 46]",[],"{""n_exceeds"": [15, 6, 9, 6, 21, 15, 10, 17, 7, 39], ""classification_boundary"": 6.25, ""identified_mals"": [0, 1, 0, 1, 0, 0, 0, 0, 0, 0], ""clusters"": [-1, -1, -1, -1, -1, -1, -1, -1, -1, -1], ""deleted_cluster_ids"": []}"
317,deepsight,deepsight_ensemble_cluster,"[1, 55, 68, 51, 54, 48, 7, 69, 28, 71]",[],"{""cosine_cluster"": [-1, -1, -1, -1, -1, -1, -1, -1, -1, -1], ""neup_cluster"": [-1, -1, -1, -1, -1, -1, -1, -1, -1, -1], ""ddif_cluster"": [-1, -1, -1, -1, -1, -1, -1, -1, -1, -1], ""ensemble_cluster"": [-1, -1, -1, -1, -1, -1, -1, -1, -1, -1]}"
317,deepsight,deepsight_final_filter,"[1, 55, 68, 51, 54, 48, 7, 69, 28, 71]",[],"{""n_exceeds"": [1, 23, 6, 6, 7, 18, 15, 23, 11, 1], ""classification_boundary"": 4.5, ""identified_mals"": [1, 0, 0, 0, 0, 0, 0, 0, 0, 1], ""clusters"": [-1, -1, -1, -1, -1, -1, -1, -1, -1, -1], ""deleted_cluster_ids"": []}"
318,deepsight,deepsight_ensemble_cluster,"[0, 98, 51, 72, 87, 21, 15, 38, 6, 57]",[],"{""cosine_cluster"": [-1, -1, -1, -1, -1, -1, -1, -1, -1, -1], ""neup_cluster"": [-1, -1, -1, -1, -1, -1, -1, -1, -1, -1], ""ddif_cluster"": [-1, -1, -1, -1, -1, -1, -1, -1, -1, -1], ""ensemble_cluster"": [-1, -1, -1, -1, -1, -1, -1, -1, -1, -1]}"
318,deepsight,deepsight_final_filter,"[0, 98, 51, 72, 87, 21, 15, 38, 6, 57]",[],"{""n_exceeds"": [22, 26, 9, 9, 29, 13, 18, 33, 13, 17], ""classification_boundary"": 8.75, ""identified_mals"": [0, 0, 0, 0, 0, 0, 0, 0, 0, 0], ""clusters"": [-1, -1, -1, -1, -1, -1, -1, -1, -1, -1], ""deleted_cluster_ids"": []}"
319,deepsight,deepsight_ensemble_cluster,"[1, 61, 26, 7, 68, 88, 59, 11, 36, 97]",[],"{""cosine_cluster"": [-1, -1, -1, -1, -1, -1, -1, -1, -1, -1], ""neup_cluster"": [-1, -1, -1, -1, -1, -1, -1, -1, -1, -1], ""ddif_cluster"": [-1, -1, -1, -1, -1, -1, -1, -1, -1, -1], ""ensemble_cluster"": [-1, -1, -1, -1, -1, -1, -1, -1, -1, -1]}"
319,deepsight,deepsight_final_filter,"[1, 61, 26, 7, 68, 88, 59, 11, 36, 97]",[],"{""n_exceeds"": [19, 8, 4, 15, 6, 11, 1, 34, 28, 22], ""classification_boundary"": 6.5, ""identified_mals"": [0, 0, 1, 0, 1, 0, 1, 0, 0, 0], ""clusters"": [-1, -1, -1, -1, -1, -1, -1, -1, -1, -1], ""deleted_cluster_ids"": []}"
320,deepsight,deepsight_ensemble_cluster,"[1, 75, 3, 25, 80, 2, 78, 20, 4, 7]",[],"{""cosine_cluster"": [-1, -1, -1, -1, -1, -1, -1, -1, -1, -1], ""neup_cluster"": [-1, -1, -1, -1, -1, -1, -1, -1, -1, -1], ""ddif_cluster"": [-1, -1, -1, -1, -1, -1, -1, -1, -1, -1], ""ensemble_cluster"": [-1, -1, -1, -1, -1, -1, -1, -1, -1, -1]}"
320,deepsight,deepsight_final_filter,"[1, 75, 3, 25, 80, 2, 78, 20, 4, 7]",[],"{""n_exceeds"": [18, 28, 39, 25, 21, 10, 18, 3, 18, 19], ""classification_boundary"": 9.25, ""identified_mals"": [0, 0, 0, 0, 0, 0, 0, 1, 0, 0], ""clusters"": [-1, -1, -1, -1, -1, -1, -1, -1, -1, -1], ""deleted_cluster_ids"": []}"
321,deepsight,deepsight_ensemble_cluster,"[2, 95, 86, 51, 23, 6, 62, 0, 81, 84]",[],"{""cosine_cluster"": [-1, -1, -1, -1, -1, -1, -1, -1, -1, -1], ""neup_cluster"": [-1, -1, -1, -1, -1, -1, -1, -1, -1, -1], ""ddif_cluster"": [-1, -1, -1, -1, -1, -1, -1, -1, -1, -1], ""ensemble_cluster"": [-1, -1, -1, -1, -1, -1, -1, -1, -1, -1]}"
321,deepsight,deepsight_final_filter,"[2, 95, 86, 51, 23, 6, 62, 0, 81, 84]",[],"{""n_exceeds"": [17, 24, 9, 6, 7, 7, 10, 19, 18, 20], ""classification_boundary"": 6.75, ""identified_mals"": [0, 0, 0, 1, 0, 0, 0, 0, 0, 0], ""clusters"": [-1, -1, -1, -1, -1, -1, -1, -1, -1, -1], ""deleted_cluster_ids"": []}"
322,deepsight,deepsight_ensemble_cluster,"[2, 64, 37, 66, 42, 84, 58, 80, 67, 92]",[],"{""cosine_cluster"": [-1, -1, -1, -1, -1, -1, -1, -1, -1, -1], ""neup_cluster"": [-1, -1, -1, -1, -1, -1, -1, -1, -1, -1], ""ddif_cluster"": [-1, -1, -1, -1, -1, -1, -1, -1, -1, -1], ""ensemble_cluster"": [-1, -1, -1, -1, -1, -1, -1, -1, -1, -1]}"
322,deepsight,deepsight_final_filter,"[2, 64, 37, 66, 42, 84, 58, 80, 67, 92]",[],"{""n_exceeds"": [16, 31, 21, 23, 43, 21, 18, 25, 16, 13], ""classification_boundary"": 10.5, ""identified_mals"": [0, 0, 0, 0, 0, 0, 0, 0, 0, 0], ""clusters"": [-1, -1, -1, -1, -1, -1, -1, -1, -1, -1], ""deleted_cluster_ids"": []}"
323,deepsight,deepsight_ensemble_cluster,"[4, 68, 79, 22, 9, 30, 60, 69, 16, 43]",[],"{""cosine_cluster"": [-1, -1, -1, -1, -1, -1, -1, -1, -1, -1], ""neup_cluster"": [-1, -1, -1, -1, -1, -1, -1, -1, -1, -1], ""ddif_cluster"": [-1, -1, -1, -1, -1, -1, -1, -1, -1, -1], ""ensemble_cluster"": [-1, -1, -1, -1, -1, -1, -1, -1, -1, -1]}"
323,deepsight,deepsight_final_filter,"[4, 68, 79, 22, 9, 30, 60, 69, 16, 43]",[],"{""n_exceeds"": [20, 3, 7, 25, 14, 13, 7, 22, 10, 10], ""classification_boundary"": 5.75, ""identified_mals"": [0, 1, 0, 0, 0, 0, 0, 0, 0, 0], ""clusters"": [-1, -1, -1, -1, -1, -1, -1, -1, -1, -1], ""deleted_cluster_ids"": []}"
324,deepsight,deepsight_ensemble_cluster,"[1, 20, 77, 27, 23, 18, 74, 59, 86, 87]",[],"{""cosine_cluster"": [-1, -1, -1, -1, -1, -1, -1, -1, -1, -1], ""neup_cluster"": [-1, -1, -1, -1, -1, -1, -1, -1, -1, -1], ""ddif_cluster"": [-1, -1, -1, -1, -1, -1, -1, -1, -1, -1], ""ensemble_cluster"": [-1, -1, -1, -1, -1, -1, -1, -1, -1, -1]}"
324,deepsight,deepsight_final_filter,"[1, 20, 77, 27, 23, 18, 74, 59, 86, 87]",[],"{""n_exceeds"": [13, 2, 6, 9, 9, 18, 16, 3, 10, 32], ""classification_boundary"": 4.75, ""identified_mals"": [0, 1, 0, 0, 0, 0, 0, 1, 0, 0], ""clusters"": [-1, -1, -1, -1, -1, -1, -1, -1, -1, -1], ""deleted_cluster_ids"": []}"
325,deepsight,deepsight_ensemble_cluster,"[1, 99, 42, 33, 5, 15, 38, 76, 86, 87]",[],"{""cosine_cluster"": [-1, -1, -1, -1, -1, -1, -1, -1, -1, -1], ""neup_cluster"": [-1, -1, -1, -1, -1, -1, -1, -1, -1, -1], ""ddif_cluster"": [-1, -1, -1, -1, -1, -1, -1, -1, -1, -1], ""ensemble_cluster"": [-1, -1, -1, -1, -1, -1, -1, -1, -1, -1]}"
325,deepsight,deepsight_final_filter,"[1, 99, 42, 33, 5, 15, 38, 76, 86, 87]",[],"{""n_exceeds"": [25, 16, 25, 1, 28, 32, 25, 1, 12, 36], ""classification_boundary"": 12.5, ""identified_mals"": [0, 0, 0, 1, 0, 0, 0, 1, 1, 0], ""clusters"": [-1, -1, -1, -1, -1, -1, -1, -1, -1, -1], ""deleted_cluster_ids"": []}"
326,deepsight,deepsight_ensemble_cluster,"[1, 71, 88, 38, 63, 99, 48, 31, 83, 11]",[],"{""cosine_cluster"": [-1, -1, -1, -1, -1, -1, -1, -1, -1, -1], ""neup_cluster"": [-1, -1, -1, -1, -1, -1, -1, -1, -1, -1], ""ddif_cluster"": [-1, -1, -1, -1, -1, -1, -1, -1, -1, -1], ""ensemble_cluster"": [-1, -1, -1, -1, -1, -1, -1, -1, -1, -1]}"
326,deepsight,deepsight_final_filter,"[1, 71, 88, 38, 63, 99, 48, 31, 83, 11]",[],"{""n_exceeds"": [17, 1, 18, 28, 29, 16, 12, 15, 11, 29], ""classification_boundary"": 8.25, ""identified_mals"": [0, 1, 0, 0, 0, 0, 0, 0, 0, 0], ""clusters"": [-1, -1, -1, -1, -1, -1, -1, -1, -1, -1], ""deleted_cluster_ids"": []}"
327,deepsight,deepsight_ensemble_cluster,"[4, 69, 52, 40, 47, 77, 35, 59, 70, 7]",[],"{""cosine_cluster"": [-1, -1, -1, -1, -1, -1, -1, -1, -1, -1], ""neup_cluster"": [-1, -1, -1, -1, -1, -1, -1, -1, -1, -1], ""ddif_cluster"": [-1, -1, -1, -1, -1, -1, -1, -1, -1, -1], ""ensemble_cluster"": [-1, -1, -1, -1, -1, -1, -1, -1, -1, -1]}"
327,deepsight,deepsight_final_filter,"[4, 69, 52, 40, 47, 77, 35, 59, 70, 7]",[],"{""n_exceeds"": [31, 20, 9, 2, 19, 10, 7, 4, 15, 14], ""classification_boundary"": 6.0, ""identified_mals"": [0, 0, 0, 1, 0, 0, 0, 1, 0, 0], ""clusters"": [-1, -1, -1, -1, -1, -1, -1, -1, -1, -1], ""deleted_cluster_ids"": []}"
328,deepsight,deepsight_ensemble_cluster,"[0, 61, 81, 74, 23, 95, 35, 97, 55, 28]",[],"{""cosine_cluster"": [-1, -1, -1, -1, -1, -1, -1, -1, -1, -1], ""neup_cluster"": [-1, -1, -1, -1, -1, -1, -1, -1, -1, -1], ""ddif_cluster"": [-1, -1, -1, -1, -1, -1, -1, -1, -1, -1], ""ensemble_cluster"": [-1, -1, -1, -1, -1, -1, -1, -1, -1, -1]}"
328,deepsight,deepsight_final_filter,"[0, 61, 81, 74, 23, 95, 35, 97, 55, 28]",[],"{""n_exceeds"": [10, 9, 37, 15, 7, 33, 8, 22, 20, 9], ""classification_boundary"": 6.25, ""identified_mals"": [0, 0, 0, 0, 0, 0, 0, 0, 0, 0], ""clusters"": [-1, -1, -1, -1, -1, -1, -1, -1, -1, -1], ""deleted_cluster_ids"": []}"
329,deepsight,deepsight_ensemble_cluster,"[3, 53, 77, 67, 31, 62, 45, 47, 82, 84]",[],"{""cosine_cluster"": [-1, -1, -1, -1, -1, -1, -1, -1, -1, -1], ""neup_cluster"": [-1, -1, -1, -1, -1, -1, -1, -1, -1, -1], ""ddif_cluster"": [-1, -1, -1, -1, -1, -1, -1, -1, -1, -1], ""ensemble_cluster"": [-1, -1, -1, -1, -1, -1, -1, -1, -1, -1]}"
329,deepsight,deepsight_final_filter,"[3, 53, 77, 67, 31, 62, 45, 47, 82, 84]",[],"{""n_exceeds"": [44, 26, 15, 10, 16, 1, 14, 19, 19, 25], ""classification_boundary"": 8.75, ""identified_mals"": [0, 0, 0, 0, 0, 1, 0, 0, 0, 0], ""clusters"": [-1, -1, -1, -1, -1, -1, -1, -1, -1, -1], ""deleted_cluster_ids"": []}"
330,deepsight,deepsight_ensemble_cluster,"[2, 83, 3, 36, 44, 70, 32, 64, 47, 5]",[],"{""cosine_cluster"": [-1, -1, -1, -1, -1, -1, -1, -1, -1, -1], ""neup_cluster"": [-1, -1, -1, -1, -1, -1, -1, -1, -1, -1], ""ddif_cluster"": [-1, -1, -1, -1, -1, -1, -1, -1, -1, -1], ""ensemble_cluster"": [-1, -1, -1, -1, -1, -1, -1, -1, -1, -1]}"
330,deepsight,deepsight_final_filter,"[2, 83, 3, 36, 44, 70, 32, 64, 47, 5]",[],"{""n_exceeds"": [12, 16, 52, 24, 5, 16, 29, 34, 21, 23], ""classification_boundary"": 11.0, ""identified_mals"": [0, 0, 0, 0, 1, 0, 0, 0, 0, 0], ""clusters"": [-1, -1, -1, -1, -1, -1, -1, -1, -1, -1], ""deleted_cluster_ids"": []}"
331,deepsight,deepsight_ensemble_cluster,"[0, 95, 64, 96, 60, 5, 79, 75, 7, 94]",[],"{""cosine_cluster"": [-1, -1, -1, -1, -1, -1, -1, -1, -1, -1], ""neup_cluster"": [-1, -1, -1, -1, -1, -1, -1, -1, -1, -1], ""ddif_cluster"": [-1, -1, -1, -1, -1, -1, -1, -1, -1, -1], ""ensemble_cluster"": [-1, -1, -1, -1, -1, -1, -1, -1, -1, -1]}"
331,deepsight,deepsight_final_filter,"[0, 95, 64, 96, 60, 5, 79, 75, 7, 94]",[],"{""n_exceeds"": [7, 28, 30, 6, 9, 24, 12, 21, 16, 23], ""classification_boundary"": 9.25, ""identified_mals"": [1, 0, 0, 1, 1, 0, 0, 0, 0, 0], ""clusters"": [-1, -1, -1, -1, -1, -1, -1, -1, -1, -1], ""deleted_cluster_ids"": []}"
332,deepsight,deepsight_ensemble_cluster,"[1, 15, 57, 19, 13, 81, 10, 30, 99, 47]",[],"{""cosine_cluster"": [-1, -1, -1, -1, -1, -1, -1, -1, -1, -1], ""neup_cluster"": [-1, -1, -1, -1, -1, -1, -1, -1, -1, -1], ""ddif_cluster"": [-1, -1, -1, -1, -1, -1, -1, -1, -1, -1], ""ensemble_cluster"": [-1, -1, -1, -1, -1, -1, -1, -1, -1, -1]}"
332,deepsight,deepsight_final_filter,"[1, 15, 57, 19, 13, 81, 10, 30, 99, 47]",[],"{""n_exceeds"": [13, 22, 12, 44, 5, 18, 4, 17, 18, 18], ""classification_boundary"": 8.75, ""identified_mals"": [0, 0, 0, 0, 1, 0, 1, 0, 0, 0], ""clusters"": [-1, -1, -1, -1, -1, -1, -1, -1, -1, -1], ""deleted_cluster_ids"": []}"
333,deepsight,deepsight_ensemble_cluster,"[4, 91, 65, 0, 37, 25, 27, 31, 15, 97]",[],"{""cosine_cluster"": [-1, -1, -1, -1, -1, -1, -1, -1, -1, -1], ""neup_cluster"": [-1, -1, -1, -1, -1, -1, -1, -1, -1, -1], ""ddif_cluster"": [-1, -1, -1, -1, -1, -1, -1, -1, -1, -1], ""ensemble_cluster"": [-1, -1, -1, -1, -1, -1, -1, -1, -1, -1]}"
333,deepsight,deepsight_final_filter,"[4, 91, 65, 0, 37, 25, 27, 31, 15, 97]",[],"{""n_exceeds"": [32, 10, 15, 15, 29, 27, 10, 18, 28, 21], ""classification_boundary"": 9.75, ""identified_mals"": [0, 0, 0, 0, 0, 0, 0, 0, 0, 0], ""clusters"": [-1, -1, -1, -1, -1, -1, -1, -1, -1, -1], ""deleted_cluster_ids"": []}"
334,deepsight,deepsight_ensemble_cluster,"[2, 87, 54, 75, 34, 3, 15, 7, 11, 40]",[],"{""cosine_cluster"": [-1, -1, -1, -1, -1, -1, -1, -1, -1, -1], ""neup_cluster"": [-1, -1, -1, -1, -1, -1, -1, -1, -1, -1], ""ddif_cluster"": [-1, -1, -1, -1, -1, -1, -1, -1, -1, -1], ""ensemble_cluster"": [-1, -1, -1, -1, -1, -1, -1, -1, -1, -1]}"
334,deepsight,deepsight_final_filter,"[2, 87, 54, 75, 34, 3, 15, 7, 11, 40]",[],"{""n_exceeds"": [13, 28, 8, 19, 16, 40, 31, 18, 39, 1], ""classification_boundary"": 9.25, ""identified_mals"": [0, 0, 1, 0, 0, 0, 0, 0, 0, 1], ""clusters"": [-1, -1, -1, -1, -1, -1, -1, -1, -1, -1], ""deleted_cluster_ids"": []}"
335,deepsight,deepsight_ensemble_cluster,"[3, 4, 12, 80, 87, 26, 27, 42, 24, 0]",[],"{""cosine_cluster"": [-1, -1, -1, -1, -1, -1, -1, -1, -1, -1], ""neup_cluster"": [-1, -1, -1, -1, -1, -1, -1, -1, -1, -1], ""ddif_cluster"": [-1, -1, -1, -1, -1, -1, -1, -1, -1, -1], ""ensemble_cluster"": [-1, -1, -1, -1, -1, -1, -1, -1, -1, -1]}"
335,deepsight,deepsight_final_filter,"[3, 4, 12, 80, 87, 26, 27, 42, 24, 0]",[],"{""n_exceeds"": [46, 21, 33, 21, 32, 4, 8, 24, 24, 10], ""classification_boundary"": 11.25, ""identified_mals"": [0, 0, 0, 0, 0, 1, 1, 0, 0, 1], ""clusters"": [-1, -1, -1, -1, -1, -1, -1, -1, -1, -1], ""deleted_cluster_ids"": []}"
336,deepsight,deepsight_ensemble_cluster,"[3, 22, 23, 50, 7, 88, 73, 27, 10, 96]",[],"{""cosine_cluster"": [-1, -1, -1, -1, -1, -1, -1, -1, -1, -1], ""neup_cluster"": [-1, -1, -1, -1, -1, -1, -1, -1, -1, -1], ""ddif_cluster"": [-1, -1, -1, -1, -1, -1, -1, -1, -1, -1], ""ensemble_cluster"": [-1, -1, -1, -1, -1, -1, -1, -1, -1, -1]}"
336,deepsight,deepsight_final_filter,"[3, 22, 23, 50, 7, 88, 73, 27, 10, 96]",[],"{""n_exceeds"": [51, 28, 9, 21, 15, 14, 10, 15, 7, 11], ""classification_boundary"": 7.25, ""identified_mals"": [0, 0, 0, 0, 0, 0, 0, 0, 1, 0], ""clusters"": [-1, -1, -1, -1, -1, -1, -1, -1, -1, -1], ""deleted_cluster_ids"": []}"
337,deepsight,deepsight_ensemble_cluster,"[2, 17, 98, 50, 52, 30, 15, 49, 13, 38]",[],"{""cosine_cluster"": [-1, -1, -1, -1, -1, -1, -1, -1, -1, -1], ""neup_cluster"": [-1, -1, -1, -1, -1, -1, -1, -1, -1, -1], ""ddif_cluster"": [-1, -1, -1, -1, -1, -1, -1, -1, -1, -1], ""ensemble_cluster"": [-1, -1, -1, -1, -1, -1, -1, -1, -1, -1]}"
337,deepsight,deepsight_final_filter,"[2, 17, 98, 50, 52, 30, 15, 49, 13, 38]",[],"{""n_exceeds"": [14, 17, 21, 23, 12, 14, 25, 30, 5, 26], ""classification_boundary"": 9.5, ""identified_mals"": [0, 0, 0, 0, 0, 0, 0, 0, 1, 0], ""clusters"": [-1, -1, -1, -1, -1, -1, -1, -1, -1, -1], ""deleted_cluster_ids"": []}"
338,deepsight,deepsight_ensemble_cluster,"[0, 71, 20, 25, 14, 1, 9, 61, 11, 89]",[],"{""cosine_cluster"": [-1, -1, -1, -1, -1, -1, -1, -1, -1, -1], ""neup_cluster"": [-1, -1, -1, -1, -1, -1, -1, -1, -1, -1], ""ddif_cluster"": [-1, -1, -1, -1, -1, -1, -1, -1, -1, -1], ""ensemble_cluster"": [-1, -1, -1, -1, -1, -1, -1, -1, -1, -1]}"
338,deepsight,deepsight_final_filter,"[0, 71, 20, 25, 14, 1, 9, 61, 11, 89]",[],"{""n_exceeds"": [12, 1, 4, 26, 16, 5, 18, 14, 32, 19], ""classification_boundary"": 7.5, ""identified_mals"": [0, 1, 1, 0, 0, 1, 0, 0, 0, 0], ""clusters"": [-1, -1, -1, -1, -1, -1, -1, -1, -1, -1], ""deleted_cluster_ids"": []}"
339,deepsight,deepsight_ensemble_cluster,"[3, 16, 78, 75, 38, 41, 60, 95, 33, 6]",[],"{""cosine_cluster"": [-1, -1, -1, -1, -1, -1, -1, -1, -1, -1], ""neup_cluster"": [-1, -1, -1, -1, -1, -1, -1, -1, -1, -1], ""ddif_cluster"": [-1, -1, -1, -1, -1, -1, -1, -1, -1, -1], ""ensemble_cluster"": [-1, -1, -1, -1, -1, -1, -1, -1, -1, -1]}"
339,deepsight,deepsight_final_filter,"[3, 16, 78, 75, 38, 41, 60, 95, 33, 6]",[],"{""n_exceeds"": [48, 10, 19, 18, 26, 3, 5, 37, 1, 11], ""classification_boundary"": 7.25, ""identified_mals"": [0, 0, 0, 0, 0, 1, 1, 0, 1, 0], ""clusters"": [-1, -1, -1, -1, -1, -1, -1, -1, -1, -1], ""deleted_cluster_ids"": []}"
340,deepsight,deepsight_ensemble_cluster,"[2, 98, 15, 78, 86, 82, 74, 47, 4, 71]",[],"{""cosine_cluster"": [-1, -1, -1, -1, -1, -1, -1, -1, -1, -1], ""neup_cluster"": [-1, -1, -1, -1, -1, -1, -1, -1, -1, -1], ""ddif_cluster"": [-1, -1, -1, -1, -1, -1, -1, -1, -1, -1], ""ensemble_cluster"": [-1, -1, -1, -1, -1, -1, -1, -1, -1, -1]}"
340,deepsight,deepsight_final_filter,"[2, 98, 15, 78, 86, 82, 74, 47, 4, 71]",[],"{""n_exceeds"": [11, 20, 24, 22, 7, 14, 17, 19, 18, 1], ""classification_boundary"": 8.75, ""identified_mals"": [0, 0, 0, 0, 1, 0, 0, 0, 0, 1], ""clusters"": [-1, -1, -1, -1, -1, -1, -1, -1, -1, -1], ""deleted_cluster_ids"": []}"
341,deepsight,deepsight_ensemble_cluster,"[0, 77, 91, 2, 1, 97, 43, 53, 99, 57]",[],"{""cosine_cluster"": [-1, -1, -1, -1, -1, -1, -1, -1, -1, -1], ""neup_cluster"": [-1, -1, -1, -1, -1, -1, -1, -1, -1, -1], ""ddif_cluster"": [-1, -1, -1, -1, -1, -1, -1, -1, -1, -1], ""ensemble_cluster"": [-1, -1, -1, -1, -1, -1, -1, -1, -1, -1]}"
341,deepsight,deepsight_final_filter,"[0, 77, 91, 2, 1, 97, 43, 53, 99, 57]",[],"{""n_exceeds"": [14, 7, 10, 21, 11, 21, 12, 21, 13, 14], ""classification_boundary"": 6.75, ""identified_mals"": [0, 0, 0, 0, 0, 0, 0, 0, 0, 0], ""clusters"": [-1, -1, -1, -1, -1, -1, -1, -1, -1, -1], ""deleted_cluster_ids"": []}"
342,deepsight,deepsight_ensemble_cluster,"[1, 82, 46, 21, 54, 29, 47, 77, 48, 12]",[],"{""cosine_cluster"": [-1, -1, -1, -1, -1, -1, -1, -1, -1, -1], ""neup_cluster"": [-1, -1, -1, -1, -1, -1, -1, -1, -1, -1], ""ddif_cluster"": [-1, -1, -1, -1, -1, -1, -1, -1, -1, -1], ""ensemble_cluster"": [-1, -1, -1, -1, -1, -1, -1, -1, -1, -1]}"
342,deepsight,deepsight_final_filter,"[1, 82, 46, 21, 54, 29, 47, 77, 48, 12]",[],"{""n_exceeds"": [8, 20, 37, 10, 9, 13, 13, 10, 17, 35], ""classification_boundary"": 6.5, ""identified_mals"": [0, 0, 0, 0, 0, 0, 0, 0, 0, 0], ""clusters"": [-1, -1, -1, -1, -1, -1, -1, -1, -1, -1], ""deleted_cluster_ids"": []}"
343,deepsight,deepsight_ensemble_cluster,"[3, 56, 31, 47, 24, 34, 15, 84, 4, 20]",[],"{""cosine_cluster"": [-1, -1, -1, -1, -1, -1, -1, -1, -1, -1], ""neup_cluster"": [-1, -1, -1, -1, -1, -1, -1, -1, -1, -1], ""ddif_cluster"": [-1, -1, -1, -1, -1, -1, -1, -1, -1, -1], ""ensemble_cluster"": [-1, -1, -1, -1, -1, -1, -1, -1, -1, -1]}"
343,deepsight,deepsight_final_filter,"[3, 56, 31, 47, 24, 34, 15, 84, 4, 20]",[],"{""n_exceeds"": [42, 19, 19, 23, 29, 14, 25, 20, 43, 3], ""classification_boundary"": 10.75, ""identified_mals"": [0, 0, 0, 0, 0, 0, 0, 0, 0, 1], ""clusters"": [-1, -1, -1, -1, -1, -1, -1, -1, -1, -1], ""deleted_cluster_ids"": []}"
344,deepsight,deepsight_ensemble_cluster,"[1, 68, 97, 49, 62, 13, 7, 51, 54, 42]",[],"{""cosine_cluster"": [-1, -1, -1, -1, -1, -1, -1, -1, -1, -1], ""neup_cluster"": [-1, -1, -1, -1, -1, -1, -1, -1, -1, -1], ""ddif_cluster"": [-1, -1, -1, -1, -1, -1, -1, -1, -1, -1], ""ensemble_cluster"": [-1, -1, -1, -1, -1, -1, -1, -1, -1, -1]}"
344,deepsight,deepsight_final_filter,"[1, 68, 97, 49, 62, 13, 7, 51, 54, 42]",[],"{""n_exceeds"": [10, 7, 14, 36, 17, 6, 20, 5, 7, 31], ""classification_boundary"": 6.0, ""identified_mals"": [0, 0, 0, 0, 0, 1, 0, 1, 0, 0], ""clusters"": [-1, -1, -1, -1, -1, -1, -1, -1, -1, -1], ""deleted_cluster_ids"": []}"
345,deepsight,deepsight_ensemble_cluster,"[3, 2, 22, 38, 75, 25, 47, 58, 57, 37]",[],"{""cosine_cluster"": [-1, -1, -1, -1, -1, -1, -1, -1, -1, -1], ""neup_cluster"": [-1, -1, -1, -1, -1, -1, -1, -1, -1, -1], ""ddif_cluster"": [-1, -1, -1, -1, -1, -1, -1, -1, -1, -1], ""ensemble_cluster"": [-1, -1, -1, -1, -1, -1, -1, -1, -1, -1]}"
345,deepsight,deepsight_final_filter,"[3, 2, 22, 38, 75, 25, 47, 58, 57, 37]",[],"{""n_exceeds"": [47, 14, 21, 43, 21, 30, 14, 11, 16, 22], ""classification_boundary"": 10.5, ""identified_mals"": [0, 0, 0, 0, 0, 0, 0, 0, 0, 0], ""clusters"": [-1, -1, -1, -1, -1, -1, -1, -1, -1, -1], ""deleted_cluster_ids"": []}"
346,deepsight,deepsight_ensemble_cluster,"[0, 86, 39, 75, 6, 48, 61, 11, 64, 44]",[],"{""cosine_cluster"": [-1, -1, -1, -1, -1, -1, -1, -1, -1, -1], ""neup_cluster"": [-1, -1, -1, -1, -1, -1, -1, -1, -1, -1], ""ddif_cluster"": [-1, -1, -1, -1, -1, -1, -1, -1, -1, -1], ""ensemble_cluster"": [-1, -1, -1, -1, -1, -1, -1, -1, -1, -1]}"
346,deepsight,deepsight_final_filter,"[0, 86, 39, 75, 6, 48, 61, 11, 64, 44]",[],"{""n_exceeds"": [11, 15, 33, 20, 13, 14, 10, 35, 25, 3], ""classification_boundary"": 7.25, ""identified_mals"": [0, 0, 0, 0, 0, 0, 0, 0, 0, 1], ""clusters"": [-1, -1, -1, -1, -1, -1, -1, -1, -1, -1], ""deleted_cluster_ids"": []}"
347,deepsight,deepsight_ensemble_cluster,"[1, 20, 17, 92, 64, 88, 80, 89, 87, 99]",[],"{""cosine_cluster"": [-1, -1, -1, -1, -1, -1, -1, -1, -1, -1], ""neup_cluster"": [-1, -1, -1, -1, -1, -1, -1, -1, -1, -1], ""ddif_cluster"": [-1, -1, -1, -1, -1, -1, -1, -1, -1, -1], ""ensemble_cluster"": [-1, -1, -1, -1, -1, -1, -1, -1, -1, -1]}"
347,deepsight,deepsight_final_filter,"[1, 20, 17, 92, 64, 88, 80, 89, 87, 99]",[],"{""n_exceeds"": [19, 3, 15, 13, 26, 18, 20, 23, 28, 14], ""classification_boundary"": 9.25, ""identified_mals"": [0, 1, 0, 0, 0, 0, 0, 0, 0, 0], ""clusters"": [-1, -1, -1, -1, -1, -1, -1, -1, -1, -1], ""deleted_cluster_ids"": []}"
348,deepsight,deepsight_ensemble_cluster,"[2, 21, 51, 16, 41, 68, 60, 67, 80, 91]",[],"{""cosine_cluster"": [-1, -1, -1, -1, -1, -1, -1, -1, -1, -1], ""neup_cluster"": [-1, -1, -1, -1, -1, -1, -1, -1, -1, -1], ""ddif_cluster"": [-1, -1, -1, -1, -1, -1, -1, -1, -1, -1], ""ensemble_cluster"": [-1, -1, -1, -1, -1, -1, -1, -1, -1, -1]}"
348,deepsight,deepsight_final_filter,"[2, 21, 51, 16, 41, 68, 60, 67, 80, 91]",[],"{""n_exceeds"": [16, 13, 3, 6, 4, 6, 9, 9, 18, 10], ""classification_boundary"": 4.5, ""identified_mals"": [0, 0, 1, 0, 1, 0, 0, 0, 0, 0], ""clusters"": [-1, -1, -1, -1, -1, -1, -1, -1, -1, -1], ""deleted_cluster_ids"": []}"
349,deepsight,deepsight_ensemble_cluster,"[4, 77, 92, 15, 52, 94, 71, 32, 13, 62]",[],"{""cosine_cluster"": [-1, -1, -1, -1, -1, -1, -1, -1, -1, -1], ""neup_cluster"": [-1, -1, -1, -1, -1, -1, -1, -1, -1, -1], ""ddif_cluster"": [-1, -1, -1, -1, -1, -1, -1, -1, -1, -1], ""ensemble_cluster"": [-1, -1, -1, -1, -1, -1, -1, -1, -1, -1]}"
349,deepsight,deepsight_final_filter,"[4, 77, 92, 15, 52, 94, 71, 32, 13, 62]",[],"{""n_exceeds"": [21, 8, 14, 23, 10, 26, 1, 24, 4, 5], ""classification_boundary"": 6.0, ""identified_mals"": [0, 0, 0, 0, 0, 0, 1, 0, 1, 1], ""clusters"": [-1, -1, -1, -1, -1, -1, -1, -1, -1, -1], ""deleted_cluster_ids"": []}"
350,deepsight,deepsight_ensemble_cluster,"[0, 41, 15, 12, 9, 34, 21, 93, 38, 90]",[],"{""cosine_cluster"": [-1, -1, -1, -1, -1, -1, -1, -1, -1, -1], ""neup_cluster"": [-1, -1, -1, -1, -1, -1, -1, -1, -1, -1], ""ddif_cluster"": [-1, -1, -1, -1, -1, -1, -1, -1, -1, -1], ""ensemble_cluster"": [-1, -1, -1, -1, -1, -1, -1, -1, -1, -1]}"
350,deepsight,deepsight_final_filter,"[0, 41, 15, 12, 9, 34, 21, 93, 38, 90]",[],"{""n_exceeds"": [12, 5, 31, 35, 20, 13, 13, 11, 34, 23], ""classification_boundary"": 8.25, ""identified_mals"": [0, 1, 0, 0, 0, 0, 0, 0, 0, 0], ""clusters"": [-1, -1, -1, -1, -1, -1, -1, -1, -1, -1], ""deleted_cluster_ids"": []}"
351,deepsight,deepsight_ensemble_cluster,"[4, 40, 47, 54, 57, 28, 10, 87, 27, 95]",[],"{""cosine_cluster"": [-1, -1, -1, -1, -1, -1, -1, -1, -1, -1], ""neup_cluster"": [-1, -1, -1, -1, -1, -1, -1, -1, -1, -1], ""ddif_cluster"": [-1, -1, -1, -1, -1, -1, -1, -1, -1, -1], ""ensemble_cluster"": [-1, -1, -1, -1, -1, -1, -1, -1, -1, -1]}"
351,deepsight,deepsight_final_filter,"[4, 40, 47, 54, 57, 28, 10, 87, 27, 95]",[],"{""n_exceeds"": [41, 5, 25, 10, 16, 9, 3, 26, 12, 31], ""classification_boundary"": 7.0, ""identified_mals"": [0, 1, 0, 0, 0, 0, 1, 0, 0, 0], ""clusters"": [-1, -1, -1, -1, -1, -1, -1, -1, -1, -1], ""deleted_cluster_ids"": []}"
352,deepsight,deepsight_ensemble_cluster,"[3, 92, 34, 12, 74, 0, 88, 53, 52, 77]",[],"{""cosine_cluster"": [-1, -1, -1, -1, -1, -1, -1, -1, -1, -1], ""neup_cluster"": [-1, -1, -1, -1, -1, -1, -1, -1, -1, -1], ""ddif_cluster"": [-1, -1, -1, -1, -1, -1, -1, -1, -1, -1], ""ensemble_cluster"": [-1, -1, -1, -1, -1, -1, -1, -1, -1, -1]}"
352,deepsight,deepsight_final_filter,"[3, 92, 34, 12, 74, 0, 88, 53, 52, 77]",[],"{""n_exceeds"": [44, 17, 20, 30, 18, 17, 18, 23, 10, 14], ""classification_boundary"": 9.0, ""identified_mals"": [0, 0, 0, 0, 0, 0, 0, 0, 0, 0], ""clusters"": [-1, -1, -1, -1, -1, -1, -1, -1, -1, -1], ""deleted_cluster_ids"": []}"
353,deepsight,deepsight_ensemble_cluster,"[2, 40, 41, 84, 7, 70, 46, 61, 95, 0]",[],"{""cosine_cluster"": [-1, -1, -1, -1, -1, -1, -1, -1, -1, -1], ""neup_cluster"": [-1, -1, -1, -1, -1, -1, -1, -1, -1, -1], ""ddif_cluster"": [-1, -1, -1, -1, -1, -1, -1, -1, -1, -1], ""ensemble_cluster"": [-1, -1, -1, -1, -1, -1, -1, -1, -1, -1]}"
353,deepsight,deepsight_final_filter,"[2, 40, 41, 84, 7, 70, 46, 61, 95, 0]",[],"{""n_exceeds"": [12, 2, 5, 28, 16, 11, 36, 10, 35, 12], ""classification_boundary"": 6.0, ""identified_mals"": [0, 1, 1, 0, 0, 0, 0, 0, 0, 0], ""clusters"": [-1, -1, -1, -1, -1, -1, -1, -1, -1, -1], ""deleted_cluster_ids"": []}"
354,deepsight,deepsight_ensemble_cluster,"[1, 33, 0, 16, 84, 12, 64, 52, 60, 4]",[],"{""cosine_cluster"": [-1, -1, -1, -1, -1, -1, -1, -1, -1, -1], ""neup_cluster"": [-1, -1, -1, -1, -1, -1, -1, -1, -1, -1], ""ddif_cluster"": [-1, -1, -1, -1, -1, -1, -1, -1, -1, -1], ""ensemble_cluster"": [-1, -1, -1, -1, -1, -1, -1, -1, -1, -1]}"
354,deepsight,deepsight_final_filter,"[1, 33, 0, 16, 84, 12, 64, 52, 60, 4]",[],"{""n_exceeds"": [10, 1, 11, 19, 28, 35, 26, 11, 12, 17], ""classification_boundary"": 7.25, ""identified_mals"": [0, 1, 0, 0, 0, 0, 0, 0, 0, 0], ""clusters"": [-1, -1, -1, -1, -1, -1, -1, -1, -1, -1], ""deleted_cluster_ids"": []}"
355,deepsight,deepsight_ensemble_cluster,"[3, 14, 27, 84, 5, 15, 87, 17, 58, 28]",[],"{""cosine_cluster"": [-1, -1, -1, -1, -1, -1, -1, -1, -1, -1], ""neup_cluster"": [-1, -1, -1, -1, -1, -1, -1, -1, -1, -1], ""ddif_cluster"": [-1, -1, -1, -1, -1, -1, -1, -1, -1, -1], ""ensemble_cluster"": [-1, -1, -1, -1, -1, -1, -1, -1, -1, -1]}"
355,deepsight,deepsight_final_filter,"[3, 14, 27, 84, 5, 15, 87, 17, 58, 28]",[],"{""n_exceeds"": [49, 22, 12, 25, 23, 30, 29, 12, 20, 11], ""classification_boundary"": 11.25, ""identified_mals"": [0, 0, 0, 0, 0, 0, 0, 0, 0, 1], ""clusters"": [-1, -1, -1, -1, -1, -1, -1, -1, -1, -1], ""deleted_cluster_ids"": []}"
356,deepsight,deepsight_ensemble_cluster,"[4, 29, 12, 86, 67, 81, 84, 59, 21, 3]",[],"{""cosine_cluster"": [-1, -1, -1, -1, -1, -1, -1, -1, -1, -1], ""neup_cluster"": [-1, -1, -1, -1, -1, -1, -1, -1, -1, -1], ""ddif_cluster"": [-1, -1, -1, -1, -1, -1, -1, -1, -1, -1], ""ensemble_cluster"": [-1, -1, -1, -1, -1, -1, -1, -1, -1, -1]}"
356,deepsight,deepsight_final_filter,"[4, 29, 12, 86, 67, 81, 84, 59, 21, 3]",[],"{""n_exceeds"": [19, 18, 32, 16, 11, 34, 20, 3, 13, 50], ""classification_boundary"": 9.25, ""identified_mals"": [0, 0, 0, 0, 0, 0, 0, 1, 0, 0], ""clusters"": [-1, -1, -1, -1, -1, -1, -1, -1, -1, -1], ""deleted_cluster_ids"": []}"
357,deepsight,deepsight_ensemble_cluster,"[1, 41, 61, 76, 49, 46, 55, 34, 2, 4]",[],"{""cosine_cluster"": [-1, -1, -1, -1, -1, -1, -1, -1, -1, -1], ""neup_cluster"": [-1, -1, -1, -1, -1, -1, -1, -1, -1, -1], ""ddif_cluster"": [-1, -1, -1, -1, -1, -1, -1, -1, -1, -1], ""ensemble_cluster"": [-1, -1, -1, -1, -1, -1, -1, -1, -1, -1]}"
357,deepsight,deepsight_final_filter,"[1, 41, 61, 76, 49, 46, 55, 34, 2, 4]",[],"{""n_exceeds"": [3, 6, 7, 3, 28, 35, 19, 14, 10, 22], ""classification_boundary"": 6.0, ""identified_mals"": [1, 1, 0, 1, 0, 0, 0, 0, 0, 0], ""clusters"": [-1, -1, -1, -1, -1, -1, -1, -1, -1, -1], ""deleted_cluster_ids"": []}"
358,deepsight,deepsight_ensemble_cluster,"[0, 73, 9, 86, 84, 95, 41, 38, 17, 52]",[],"{""cosine_cluster"": [-1, -1, -1, -1, -1, -1, -1, -1, -1, -1], ""neup_cluster"": [-1, -1, -1, -1, -1, -1, -1, -1, -1, -1], ""ddif_cluster"": [-1, -1, -1, -1, -1, -1, -1, -1, -1, -1], ""ensemble_cluster"": [-1, -1, -1, -1, -1, -1, -1, -1, -1, -1]}"
358,deepsight,deepsight_final_filter,"[0, 73, 9, 86, 84, 95, 41, 38, 17, 52]",[],"{""n_exceeds"": [17, 8, 23, 21, 32, 28, 3, 36, 25, 17], ""classification_boundary"": 11.0, ""identified_mals"": [0, 1, 0, 0, 0, 0, 1, 0, 0, 0], ""clusters"": [-1, -1, -1, -1, -1, -1, -1, -1, -1, -1], ""deleted_cluster_ids"": []}"
359,deepsight,deepsight_ensemble_cluster,"[0, 91, 57, 71, 20, 38, 10, 16, 54, 36]",[],"{""cosine_cluster"": [-1, -1, -1, -1, -1, -1, -1, -1, -1, -1], ""neup_cluster"": [-1, -1, -1, -1, -1, -1, -1, -1, -1, -1], ""ddif_cluster"": [-1, -1, -1, -1, -1, -1, -1, -1, -1, -1], ""ensemble_cluster"": [-1, -1, -1, -1, -1, -1, -1, -1, -1, -1]}"
359,deepsight,deepsight_final_filter,"[0, 91, 57, 71, 20, 38, 10, 16, 54, 36]",[],"{""n_exceeds"": [14, 9, 15, 1, 3, 29, 6, 12, 9, 20], ""classification_boundary"": 5.25, ""identified_mals"": [0, 0, 0, 1, 1, 0, 0, 0, 0, 0], ""clusters"": [-1, -1, -1, -1, -1, -1, -1, -1, -1, -1], ""deleted_cluster_ids"": []}"
360,deepsight,deepsight_ensemble_cluster,"[1, 35, 98, 89, 23, 39, 85, 91, 9, 16]",[],"{""cosine_cluster"": [-1, -1, -1, -1, -1, -1, -1, -1, -1, -1], ""neup_cluster"": [-1, -1, -1, -1, -1, -1, -1, -1, -1, -1], ""ddif_cluster"": [-1, -1, -1, -1, -1, -1, -1, -1, -1, -1], ""ensemble_cluster"": [-1, -1, -1, -1, -1, -1, -1, -1, -1, -1]}"
360,deepsight,deepsight_final_filter,"[1, 35, 98, 89, 23, 39, 85, 91, 9, 16]",[],"{""n_exceeds"": [3, 3, 14, 29, 8, 30, 10, 8, 26, 18], ""classification_boundary"": 6.0, ""identified_mals"": [1, 1, 0, 0, 0, 0, 0, 0, 0, 0], ""clusters"": [-1, -1, -1, -1, -1, -1, -1, -1, -1, -1], ""deleted_cluster_ids"": []}"
361,deepsight,deepsight_ensemble_cluster,"[2, 61, 41, 38, 85, 51, 56, 19, 36, 97]",[],"{""cosine_cluster"": [-1, -1, -1, -1, -1, -1, -1, -1, -1, -1], ""neup_cluster"": [-1, -1, -1, -1, -1, -1, -1, -1, -1, -1], ""ddif_cluster"": [-1, -1, -1, -1, -1, -1, -1, -1, -1, -1], ""ensemble_cluster"": [-1, -1, -1, -1, -1, -1, -1, -1, -1, -1]}"
361,deepsight,deepsight_final_filter,"[2, 61, 41, 38, 85, 51, 56, 19, 36, 97]",[],"{""n_exceeds"": [12, 12, 5, 37, 22, 5, 27, 38, 33, 23], ""classification_boundary"": 11.25, ""identified_mals"": [0, 0, 1, 0, 0, 1, 0, 0, 0, 0], ""clusters"": [-1, -1, -1, -1, -1, -1, -1, -1, -1, -1], ""deleted_cluster_ids"": []}"
362,deepsight,deepsight_ensemble_cluster,"[4, 19, 17, 30, 8, 83, 55, 38, 96, 10]",[],"{""cosine_cluster"": [-1, -1, -1, -1, -1, -1, -1, -1, -1, -1], ""neup_cluster"": [-1, -1, -1, -1, -1, -1, -1, -1, -1, -1], ""ddif_cluster"": [-1, -1, -1, -1, -1, -1, -1, -1, -1, -1], ""ensemble_cluster"": [-1, -1, -1, -1, -1, -1, -1, -1, -1, -1]}"
362,deepsight,deepsight_final_filter,"[4, 19, 17, 30, 8, 83, 55, 38, 96, 10]",[],"{""n_exceeds"": [39, 42, 19, 21, 13, 14, 25, 32, 9, 6], ""classification_boundary"": 10.0, ""identified_mals"": [0, 0, 0, 0, 0, 0, 0, 0, 1, 1], ""clusters"": [-1, -1, -1, -1, -1, -1, -1, -1, -1, -1], ""deleted_cluster_ids"": []}"
363,deepsight,deepsight_ensemble_cluster,"[0, 55, 66, 34, 52, 8, 29, 67, 77, 45]",[],"{""cosine_cluster"": [-1, -1, -1, -1, -1, -1, -1, -1, -1, -1], ""neup_cluster"": [-1, -1, -1, -1, -1, -1, -1, -1, -1, -1], ""ddif_cluster"": [-1, -1, -1, -1, -1, -1, -1, -1, -1, -1], ""ensemble_cluster"": [-1, -1, -1, -1, -1, -1, -1, -1, -1, -1]}"
363,deepsight,deepsight_final_filter,"[0, 55, 66, 34, 52, 8, 29, 67, 77, 45]",[],"{""n_exceeds"": [14, 27, 5, 21, 16, 14, 12, 15, 17, 10], ""classification_boundary"": 7.25, ""identified_mals"": [0, 0, 1, 0, 0, 0, 0, 0, 0, 0], ""clusters"": [-1, -1, -1, -1, -1, -1, -1, -1, -1, -1], ""deleted_cluster_ids"": []}"
364,deepsight,deepsight_ensemble_cluster,"[0, 81, 90, 44, 79, 20, 31, 36, 89, 55]",[],"{""cosine_cluster"": [-1, -1, -1, -1, -1, -1, -1, -1, -1, -1], ""neup_cluster"": [-1, -1, -1, -1, -1, -1, -1, -1, -1, -1], ""ddif_cluster"": [-1, -1, -1, -1, -1, -1, -1, -1, -1, -1], ""ensemble_cluster"": [-1, -1, -1, -1, -1, -1, -1, -1, -1, -1]}"
364,deepsight,deepsight_final_filter,"[0, 81, 90, 44, 79, 20, 31, 36, 89, 55]",[],"{""n_exceeds"": [13, 22, 23, 2, 9, 3, 16, 28, 29, 31], ""classification_boundary"": 9.5, ""identified_mals"": [0, 0, 0, 1, 1, 1, 0, 0, 0, 0], ""clusters"": [-1, -1, -1, -1, -1, -1, -1, -1, -1, -1], ""deleted_cluster_ids"": []}"
365,deepsight,deepsight_ensemble_cluster,"[3, 41, 19, 9, 97, 64, 37, 55, 33, 42]",[],"{""cosine_cluster"": [-1, -1, -1, -1, -1, -1, -1, -1, -1, -1], ""neup_cluster"": [-1, -1, -1, -1, -1, -1, -1, -1, -1, -1], ""ddif_cluster"": [-1, -1, -1, -1, -1, -1, -1, -1, -1, -1], ""ensemble_cluster"": [-1, -1, -1, -1, -1, -1, -1, -1, -1, -1]}"
365,deepsight,deepsight_final_filter,"[3, 41, 19, 9, 97, 64, 37, 55, 33, 42]",[],"{""n_exceeds"": [35, 4, 40, 18, 13, 31, 29, 36, 1, 30], ""classification_boundary"": 14.75, ""identified_mals"": [0, 1, 0, 0, 1, 0, 0, 0, 1, 0], ""clusters"": [-1, -1, -1, -1, -1, -1, -1, -1, -1, -1], ""deleted_cluster_ids"": []}"
366,deepsight,deepsight_ensemble_cluster,"[1, 98, 30, 13, 56, 97, 35, 75, 41, 2]",[],"{""cosine_cluster"": [-1, -1, -1, -1, -1, -1, -1, -1, -1, -1], ""neup_cluster"": [-1, -1, -1, -1, -1, -1, -1, -1, -1, -1], ""ddif_cluster"": [-1, -1, -1, -1, -1, -1, -1, -1, -1, -1], ""ensemble_cluster"": [-1, -1, -1, -1, -1, -1, -1, -1, -1, -1]}"
366,deepsight,deepsight_final_filter,"[1, 98, 30, 13, 56, 97, 35, 75, 41, 2]",[],"{""n_exceeds"": [23, 11, 18, 6, 23, 13, 5, 18, 5, 8], ""classification_boundary"": 6.0, ""identified_mals"": [0, 0, 0, 1, 0, 0, 1, 0, 1, 0], ""clusters"": [-1, -1, -1, -1, -1, -1, -1, -1, -1, -1], ""deleted_cluster_ids"": []}"
367,deepsight,deepsight_ensemble_cluster,"[3, 5, 42, 83, 37, 14, 13, 89, 28, 61]",[],"{""cosine_cluster"": [-1, -1, -1, -1, -1, -1, -1, -1, -1, -1], ""neup_cluster"": [-1, -1, -1, -1, -1, -1, -1, -1, -1, -1], ""ddif_cluster"": [-1, -1, -1, -1, -1, -1, -1, -1, -1, -1], ""ensemble_cluster"": [-1, -1, -1, -1, -1, -1, -1, -1, -1, -1]}"
367,deepsight,deepsight_final_filter,"[3, 5, 42, 83, 37, 14, 13, 89, 28, 61]",[],"{""n_exceeds"": [42, 19, 22, 13, 23, 20, 5, 28, 11, 11], ""classification_boundary"": 9.75, ""identified_mals"": [0, 0, 0, 0, 0, 0, 1, 0, 0, 0], ""clusters"": [-1, -1, -1, -1, -1, -1, -1, -1, -1, -1], ""deleted_cluster_ids"": []}"
368,deepsight,deepsight_ensemble_cluster,"[0, 29, 83, 87, 38, 55, 96, 31, 81, 14]",[],"{""cosine_cluster"": [-1, -1, -1, -1, -1, -1, -1, -1, -1, -1], ""neup_cluster"": [-1, -1, -1, -1, -1, -1, -1, -1, -1, -1], ""ddif_cluster"": [-1, -1, -1, -1, -1, -1, -1, -1, -1, -1], ""ensemble_cluster"": [-1, -1, -1, -1, -1, -1, -1, -1, -1, -1]}"
368,deepsight,deepsight_final_filter,"[0, 29, 83, 87, 38, 55, 96, 31, 81, 14]",[],"{""n_exceeds"": [20, 23, 17, 30, 41, 20, 15, 15, 21, 24], ""classification_boundary"": 10.25, ""identified_mals"": [0, 0, 0, 0, 0, 0, 0, 0, 0, 0], ""clusters"": [-1, -1, -1, -1, -1, -1, -1, -1, -1, -1], ""deleted_cluster_ids"": []}"
369,deepsight,deepsight_ensemble_cluster,"[0, 64, 70, 77, 88, 6, 82, 62, 69, 55]",[],"{""cosine_cluster"": [-1, -1, -1, -1, -1, -1, -1, -1, -1, -1], ""neup_cluster"": [-1, -1, -1, -1, -1, -1, -1, -1, -1, -1], ""ddif_cluster"": [-1, -1, -1, -1, -1, -1, -1, -1, -1, -1], ""ensemble_cluster"": [-1, -1, -1, -1, -1, -1, -1, -1, -1, -1]}"
369,deepsight,deepsight_final_filter,"[0, 64, 70, 77, 88, 6, 82, 62, 69, 55]",[],"{""n_exceeds"": [15, 27, 23, 14, 13, 10, 13, 24, 21, 24], ""classification_boundary"": 9.0, ""identified_mals"": [0, 0, 0, 0, 0, 0, 0, 0, 0, 0], ""clusters"": [-1, -1, -1, -1, -1, -1, -1, -1, -1, -1], ""deleted_cluster_ids"": []}"
370,deepsight,deepsight_ensemble_cluster,"[4, 88, 96, 42, 58, 49, 7, 15, 72, 99]",[],"{""cosine_cluster"": [-1, -1, -1, -1, -1, -1, -1, -1, -1, -1], ""neup_cluster"": [-1, -1, -1, -1, -1, -1, -1, -1, -1, -1], ""ddif_cluster"": [-1, -1, -1, -1, -1, -1, -1, -1, -1, -1], ""ensemble_cluster"": [-1, -1, -1, -1, -1, -1, -1, -1, -1, -1]}"
370,deepsight,deepsight_final_filter,"[4, 88, 96, 42, 58, 49, 7, 15, 72, 99]",[],"{""n_exceeds"": [27, 18, 10, 34, 20, 32, 15, 19, 5, 14], ""classification_boundary"": 9.25, ""identified_mals"": [0, 0, 0, 0, 0, 0, 0, 0, 1, 0], ""clusters"": [-1, -1, -1, -1, -1, -1, -1, -1, -1, -1], ""deleted_cluster_ids"": []}"
371,deepsight,deepsight_ensemble_cluster,"[4, 30, 1, 36, 14, 90, 87, 42, 82, 37]",[],"{""cosine_cluster"": [-1, -1, -1, -1, -1, -1, -1, -1, -1, -1], ""neup_cluster"": [-1, -1, -1, -1, -1, -1, -1, -1, -1, -1], ""ddif_cluster"": [-1, -1, -1, -1, -1, -1, -1, -1, -1, -1], ""ensemble_cluster"": [-1, -1, -1, -1, -1, -1, -1, -1, -1, -1]}"
371,deepsight,deepsight_final_filter,"[4, 30, 1, 36, 14, 90, 87, 42, 82, 37]",[],"{""n_exceeds"": [45, 23, 21, 27, 16, 18, 34, 30, 22, 27], ""classification_boundary"": 12.5, ""identified_mals"": [0, 0, 0, 0, 0, 0, 0, 0, 0, 0], ""clusters"": [-1, -1, -1, -1, -1, -1, -1, -1, -1, -1], ""deleted_cluster_ids"": []}"
372,deepsight,deepsight_ensemble_cluster,"[3, 40, 64, 31, 35, 90, 29, 48, 84, 78]",[],"{""cosine_cluster"": [-1, -1, -1, -1, -1, -1, -1, -1, -1, -1], ""neup_cluster"": [-1, -1, -1, -1, -1, -1, -1, -1, -1, -1], ""ddif_cluster"": [-1, -1, -1, -1, -1, -1, -1, -1, -1, -1], ""ensemble_cluster"": [-1, -1, -1, -1, -1, -1, -1, -1, -1, -1]}"
372,deepsight,deepsight_final_filter,"[3, 40, 64, 31, 35, 90, 29, 48, 84, 78]",[],"{""n_exceeds"": [36, 3, 41, 14, 10, 15, 12, 14, 15, 17], ""classification_boundary"": 7.25, ""identified_mals"": [0, 1, 0, 0, 0, 0, 0, 0, 0, 0], ""clusters"": [-1, -1, -1, -1, -1, -1, -1, -1, -1, -1], ""deleted_cluster_ids"": []}"
373,deepsight,deepsight_ensemble_cluster,"[3, 32, 56, 98, 78, 62, 5, 13, 86, 55]",[],"{""cosine_cluster"": [-1, -1, -1, -1, -1, -1, -1, -1, -1, -1], ""neup_cluster"": [-1, -1, -1, -1, -1, -1, -1, -1, -1, -1], ""ddif_cluster"": [-1, -1, -1, -1, -1, -1, -1, -1, -1, -1], ""ensemble_cluster"": [-1, -1, -1, -1, -1, -1, -1, -1, -1, -1]}"
373,deepsight,deepsight_final_filter,"[3, 32, 56, 98, 78, 62, 5, 13, 86, 55]",[],"{""n_exceeds"": [47, 17, 15, 15, 25, 13, 25, 5, 15, 28], ""classification_boundary"": 8.0, ""identified_mals"": [0, 0, 0, 0, 0, 0, 0, 1, 0, 0], ""clusters"": [-1, -1, -1, -1, -1, -1, -1, -1, -1, -1], ""deleted_cluster_ids"": []}"
374,deepsight,deepsight_ensemble_cluster,"[4, 99, 47, 20, 31, 10, 86, 90, 62, 41]",[],"{""cosine_cluster"": [-1, -1, -1, -1, -1, -1, -1, -1, -1, -1], ""neup_cluster"": [-1, -1, -1, -1, -1, -1, -1, -1, -1, -1], ""ddif_cluster"": [-1, -1, -1, -1, -1, -1, -1, -1, -1, -1], ""ensemble_cluster"": [-1, -1, -1, -1, -1, -1, -1, -1, -1, -1]}"
374,deepsight,deepsight_final_filter,"[4, 99, 47, 20, 31, 10, 86, 90, 62, 41]",[],"{""n_exceeds"": [17, 11, 18, 5, 20, 5, 8, 21, 31, 4], ""classification_boundary"": 7.0, ""identified_mals"": [0, 0, 0, 1, 0, 1, 0, 0, 0, 1], ""clusters"": [-1, -1, -1, -1, -1, -1, -1, -1, -1, -1], ""deleted_cluster_ids"": []}"
375,deepsight,deepsight_ensemble_cluster,"[0, 33, 1, 73, 28, 61, 3, 11, 96, 15]",[],"{""cosine_cluster"": [-1, -1, -1, -1, -1, -1, -1, -1, -1, -1], ""neup_cluster"": [-1, -1, -1, -1, -1, -1, -1, -1, -1, -1], ""ddif_cluster"": [-1, -1, -1, -1, -1, -1, -1, -1, -1, -1], ""ensemble_cluster"": [-1, -1, -1, -1, -1, -1, -1, -1, -1, -1]}"
375,deepsight,deepsight_final_filter,"[0, 33, 1, 73, 28, 61, 3, 11, 96, 15]",[],"{""n_exceeds"": [8, 1, 6, 8, 6, 10, 46, 26, 13, 26], ""classification_boundary"": 4.5, ""identified_mals"": [0, 1, 0, 0, 0, 0, 0, 0, 0, 0], ""clusters"": [-1, -1, -1, -1, -1, -1, -1, -1, -1, -1], ""deleted_cluster_ids"": []}"
376,deepsight,deepsight_ensemble_cluster,"[4, 42, 80, 51, 72, 74, 90, 58, 35, 83]",[],"{""cosine_cluster"": [-1, -1, -1, -1, -1, -1, -1, -1, -1, -1], ""neup_cluster"": [-1, -1, -1, -1, -1, -1, -1, -1, -1, -1], ""ddif_cluster"": [-1, -1, -1, -1, -1, -1, -1, -1, -1, -1], ""ensemble_cluster"": [-1, -1, -1, -1, -1, -1, -1, -1, -1, -1]}"
376,deepsight,deepsight_final_filter,"[4, 42, 80, 51, 72, 74, 90, 58, 35, 83]",[],"{""n_exceeds"": [37, 26, 17, 4, 8, 17, 25, 19, 8, 12], ""classification_boundary"": 8.5, ""identified_mals"": [0, 0, 0, 1, 1, 0, 0, 0, 1, 0], ""clusters"": [-1, -1, -1, -1, -1, -1, -1, -1, -1, -1], ""deleted_cluster_ids"": []}"
377,deepsight,deepsight_ensemble_cluster,"[0, 95, 80, 46, 22, 73, 3, 42, 93, 85]",[],"{""cosine_cluster"": [-1, -1, -1, -1, -1, -1, -1, -1, -1, -1], ""neup_cluster"": [-1, -1, -1, -1, -1, -1, -1, -1, -1, -1], ""ddif_cluster"": [-1, -1, -1, -1, -1, -1, -1, -1, -1, -1], ""ensemble_cluster"": [-1, -1, -1, -1, -1, -1, -1, -1, -1, -1]}"
377,deepsight,deepsight_final_filter,"[0, 95, 80, 46, 22, 73, 3, 42, 93, 85]",[],"{""n_exceeds"": [16, 23, 27, 38, 20, 7, 40, 31, 37, 14], ""classification_boundary"": 12.5, ""identified_mals"": [0, 0, 0, 0, 0, 1, 0, 0, 0, 0], ""clusters"": [-1, -1, -1, -1, -1, -1, -1, -1, -1, -1], ""deleted_cluster_ids"": []}"
378,deepsight,deepsight_ensemble_cluster,"[2, 5, 77, 45, 62, 74, 20, 65, 9, 68]",[],"{""cosine_cluster"": [-1, -1, -1, -1, -1, -1, -1, -1, -1, -1], ""neup_cluster"": [-1, -1, -1, -1, -1, -1, -1, -1, -1, -1], ""ddif_cluster"": [-1, -1, -1, -1, -1, -1, -1, -1, -1, -1], ""ensemble_cluster"": [-1, -1, -1, -1, -1, -1, -1, -1, -1, -1]}"
378,deepsight,deepsight_final_filter,"[2, 5, 77, 45, 62, 74, 20, 65, 9, 68]",[],"{""n_exceeds"": [13, 22, 8, 12, 15, 16, 3, 19, 24, 4], ""classification_boundary"": 7.0, ""identified_mals"": [0, 0, 0, 0, 0, 0, 1, 0, 0, 1], ""clusters"": [-1, -1, -1, -1, -1, -1, -1, -1, -1, -1], ""deleted_cluster_ids"": []}"
379,deepsight,deepsight_ensemble_cluster,"[2, 58, 94, 20, 50, 51, 65, 7, 27, 95]",[],"{""cosine_cluster"": [-1, -1, -1, -1, -1, -1, -1, -1, -1, -1], ""neup_cluster"": [-1, -1, -1, -1, -1, -1, -1, -1, -1, -1], ""ddif_cluster"": [-1, -1, -1, -1, -1, -1, -1, -1, -1, -1], ""ensemble_cluster"": [-1, -1, -1, -1, -1, -1, -1, -1, -1, -1]}"
379,deepsight,deepsight_final_filter,"[2, 58, 94, 20, 50, 51, 65, 7, 27, 95]",[],"{""n_exceeds"": [15, 17, 26, 2, 23, 10, 21, 12, 8, 22], ""classification_boundary"": 8.0, ""identified_mals"": [0, 0, 0, 1, 0, 0, 0, 0, 1, 0], ""clusters"": [-1, -1, -1, -1, -1, -1, -1, -1, -1, -1], ""deleted_cluster_ids"": []}"
380,deepsight,deepsight_ensemble_cluster,"[4, 78, 82, 23, 37, 10, 55, 13, 12, 77]",[],"{""cosine_cluster"": [-1, -1, -1, -1, -1, -1, -1, -1, -1, -1], ""neup_cluster"": [-1, -1, -1, -1, -1, -1, -1, -1, -1, -1], ""ddif_cluster"": [-1, -1, -1, -1, -1, -1, -1, -1, -1, -1], ""ensemble_cluster"": [-1, -1, -1, -1, -1, -1, -1, -1, -1, -1]}"
380,deepsight,deepsight_final_filter,"[4, 78, 82, 23, 37, 10, 55, 13, 12, 77]",[],"{""n_exceeds"": [35, 23, 15, 9, 25, 5, 34, 5, 28, 10], ""classification_boundary"": 9.5, ""identified_mals"": [0, 0, 0, 1, 0, 1, 0, 1, 0, 0], ""clusters"": [-1, -1, -1, -1, -1, -1, -1, -1, -1, -1], ""deleted_cluster_ids"": []}"
381,deepsight,deepsight_ensemble_cluster,"[2, 35, 5, 89, 93, 82, 49, 23, 95, 63]",[],"{""cosine_cluster"": [-1, -1, -1, -1, -1, -1, -1, -1, -1, -1], ""neup_cluster"": [-1, -1, -1, -1, -1, -1, -1, -1, -1, -1], ""ddif_cluster"": [-1, -1, -1, -1, -1, -1, -1, -1, -1, -1], ""ensemble_cluster"": [-1, -1, -1, -1, -1, -1, -1, -1, -1, -1]}"
381,deepsight,deepsight_final_filter,"[2, 35, 5, 89, 93, 82, 49, 23, 95, 63]",[],"{""n_exceeds"": [20, 3, 22, 29, 16, 19, 36, 13, 26, 28], ""classification_boundary"": 10.5, ""identified_mals"": [0, 1, 0, 0, 0, 0, 0, 0, 0, 0], ""clusters"": [-1, -1, -1, -1, -1, -1, -1, -1, -1, -1], ""deleted_cluster_ids"": []}"
382,deepsight,deepsight_ensemble_cluster,"[4, 83, 79, 3, 66, 69, 95, 96, 84, 7]",[],"{""cosine_cluster"": [-1, -1, -1, -1, -1, -1, -1, -1, -1, -1], ""neup_cluster"": [-1, -1, -1, -1, -1, -1, -1, -1, -1, -1], ""ddif_cluster"": [-1, -1, -1, -1, -1, -1, -1, -1, -1, -1], ""ensemble_cluster"": [-1, -1, -1, -1, -1, -1, -1, -1, -1, -1]}"
382,deepsight,deepsight_final_filter,"[4, 83, 79, 3, 66, 69, 95, 96, 84, 7]",[],"{""n_exceeds"": [45, 13, 8, 38, 20, 21, 29, 37, 21, 11], ""classification_boundary"": 10.5, ""identified_mals"": [0, 0, 1, 0, 0, 0, 0, 0, 0, 0], ""clusters"": [-1, -1, -1, -1, -1, -1, -1, -1, -1, -1], ""deleted_cluster_ids"": []}"
383,deepsight,deepsight_ensemble_cluster,"[3, 65, 26, 12, 98, 16, 20, 86, 59, 75]",[],"{""cosine_cluster"": [-1, -1, -1, -1, -1, -1, -1, -1, -1, -1], ""neup_cluster"": [-1, -1, -1, -1, -1, -1, -1, -1, -1, -1], ""ddif_cluster"": [-1, -1, -1, -1, -1, -1, -1, -1, -1, -1], ""ensemble_cluster"": [-1, -1, -1, -1, -1, -1, -1, -1, -1, -1]}"
383,deepsight,deepsight_final_filter,"[3, 65, 26, 12, 98, 16, 20, 86, 59, 75]",[],"{""n_exceeds"": [44, 15, 6, 30, 11, 11, 4, 17, 4, 20], ""classification_boundary"": 6.5, ""identified_mals"": [0, 0, 1, 0, 0, 0, 1, 0, 1, 0], ""clusters"": [-1, -1, -1, -1, -1, -1, -1, -1, -1, -1], ""deleted_cluster_ids"": []}"
384,deepsight,deepsight_ensemble_cluster,"[2, 78, 18, 71, 20, 21, 27, 31, 11, 24]",[],"{""cosine_cluster"": [-1, -1, -1, -1, -1, -1, -1, -1, -1, -1], ""neup_cluster"": [-1, -1, -1, -1, -1, -1, -1, -1, -1, -1], ""ddif_cluster"": [-1, -1, -1, -1, -1, -1, -1, -1, -1, -1], ""ensemble_cluster"": [-1, -1, -1, -1, -1, -1, -1, -1, -1, -1]}"
384,deepsight,deepsight_final_filter,"[2, 78, 18, 71, 20, 21, 27, 31, 11, 24]",[],"{""n_exceeds"": [19, 22, 21, 1, 4, 9, 9, 17, 33, 25], ""classification_boundary"": 9.0, ""identified_mals"": [0, 0, 0, 1, 1, 1, 1, 0, 0, 0], ""clusters"": [-1, -1, -1, -1, -1, -1, -1, -1, -1, -1], ""deleted_cluster_ids"": [-1]}"
385,deepsight,deepsight_ensemble_cluster,"[2, 50, 63, 64, 18, 45, 0, 89, 91, 28]",[],"{""cosine_cluster"": [-1, -1, -1, -1, -1, -1, -1, -1, -1, -1], ""neup_cluster"": [-1, -1, -1, -1, -1, -1, -1, -1, -1, -1], ""ddif_cluster"": [-1, -1, -1, -1, -1, -1, -1, -1, -1, -1], ""ensemble_cluster"": [-1, -1, -1, -1, -1, -1, -1, -1, -1, -1]}"
385,deepsight,deepsight_final_filter,"[2, 50, 63, 64, 18, 45, 0, 89, 91, 28]",[],"{""n_exceeds"": [20, 19, 38, 29, 29, 13, 14, 24, 5, 11], ""classification_boundary"": 9.75, ""identified_mals"": [0, 0, 0, 0, 0, 0, 0, 0, 1, 0], ""clusters"": [-1, -1, -1, -1, -1, -1, -1, -1, -1, -1], ""deleted_cluster_ids"": []}"
386,deepsight,deepsight_ensemble_cluster,"[4, 45, 97, 55, 16, 23, 89, 59, 90, 15]",[],"{""cosine_cluster"": [-1, -1, -1, -1, -1, -1, -1, -1, -1, -1], ""neup_cluster"": [-1, -1, -1, -1, -1, -1, -1, -1, -1, -1], ""ddif_cluster"": [-1, -1, -1, -1, -1, -1, -1, -1, -1, -1], ""ensemble_cluster"": [-1, -1, -1, -1, -1, -1, -1, -1, -1, -1]}"
386,deepsight,deepsight_final_filter,"[4, 45, 97, 55, 16, 23, 89, 59, 90, 15]",[],"{""n_exceeds"": [26, 12, 16, 17, 13, 10, 25, 4, 21, 21], ""classification_boundary"": 8.25, ""identified_mals"": [0, 0, 0, 0, 0, 0, 0, 1, 0, 0], ""clusters"": [-1, -1, -1, -1, -1, -1, -1, -1, -1, -1], ""deleted_cluster_ids"": []}"
387,deepsight,deepsight_ensemble_cluster,"[2, 12, 25, 36, 23, 64, 84, 91, 19, 26]",[],"{""cosine_cluster"": [-1, -1, -1, -1, -1, -1, -1, -1, -1, -1], ""neup_cluster"": [-1, -1, -1, -1, -1, -1, -1, -1, -1, -1], ""ddif_cluster"": [-1, -1, -1, -1, -1, -1, -1, -1, -1, -1], ""ensemble_cluster"": [-1, -1, -1, -1, -1, -1, -1, -1, -1, -1]}"
387,deepsight,deepsight_final_filter,"[2, 12, 25, 36, 23, 64, 84, 91, 19, 26]",[],"{""n_exceeds"": [19, 35, 30, 16, 8, 33, 18, 12, 42, 1], ""classification_boundary"": 9.25, ""identified_mals"": [0, 0, 0, 0, 1, 0, 0, 0, 0, 1], ""clusters"": [-1, -1, -1, -1, -1, -1, -1, -1, -1, -1], ""deleted_cluster_ids"": []}"
388,deepsight,deepsight_ensemble_cluster,"[2, 84, 63, 30, 90, 33, 24, 13, 87, 40]",[],"{""cosine_cluster"": [-1, -1, -1, -1, -1, -1, -1, -1, -1, -1], ""neup_cluster"": [-1, -1, -1, -1, -1, -1, -1, -1, -1, -1], ""ddif_cluster"": [-1, -1, -1, -1, -1, -1, -1, -1, -1, -1], ""ensemble_cluster"": [-1, -1, -1, -1, -1, -1, -1, -1, -1, -1]}"
388,deepsight,deepsight_final_filter,"[2, 84, 63, 30, 90, 33, 24, 13, 87, 40]",[],"{""n_exceeds"": [17, 15, 32, 21, 20, 1, 31, 6, 24, 6], ""classification_boundary"": 9.25, ""identified_mals"": [0, 0, 0, 0, 0, 1, 0, 1, 0, 1], ""clusters"": [-1, -1, -1, -1, -1, -1, -1, -1, -1, -1], ""deleted_cluster_ids"": []}"
389,deepsight,deepsight_ensemble_cluster,"[1, 2, 78, 33, 24, 5, 57, 77, 31, 62]",[],"{""cosine_cluster"": [-1, -1, -1, -1, -1, -1, -1, -1, -1, -1], ""neup_cluster"": [-1, -1, -1, -1, -1, -1, -1, -1, -1, -1], ""ddif_cluster"": [-1, -1, -1, -1, -1, -1, -1, -1, -1, -1], ""ensemble_cluster"": [-1, -1, -1, -1, -1, -1, -1, -1, -1, -1]}"
389,deepsight,deepsight_final_filter,"[1, 2, 78, 33, 24, 5, 57, 77, 31, 62]",[],"{""n_exceeds"": [9, 16, 19, 1, 33, 19, 18, 5, 15, 15], ""classification_boundary"": 7.75, ""identified_mals"": [0, 0, 0, 1, 0, 0, 0, 1, 0, 0], ""clusters"": [-1, -1, -1, -1, -1, -1, -1, -1, -1, -1], ""deleted_cluster_ids"": []}"
390,deepsight,deepsight_ensemble_cluster,"[2, 15, 48, 84, 66, 59, 9, 80, 91, 79]",[],"{""cosine_cluster"": [-1, -1, -1, -1, -1, -1, -1, -1, -1, -1], ""neup_cluster"": [-1, -1, -1, -1, -1, -1, -1, -1, -1, -1], ""ddif_cluster"": [-1, -1, -1, -1, -1, -1, -1, -1, -1, -1], ""ensemble_cluster"": [-1, -1, -1, -1, -1, -1, -1, -1, -1, -1]}"
390,deepsight,deepsight_final_filter,"[2, 15, 48, 84, 66, 59, 9, 80, 91, 79]",[],"{""n_exceeds"": [16, 29, 14, 18, 12, 3, 27, 18, 7, 9], ""classification_boundary"": 7.5, ""identified_mals"": [0, 0, 0, 0, 0, 1, 0, 0, 1, 0], ""clusters"": [-1, -1, -1, -1, -1, -1, -1, -1, -1, -1], ""deleted_cluster_ids"": []}"
391,deepsight,deepsight_ensemble_cluster,"[2, 19, 44, 7, 85, 43, 73, 18, 29, 83]",[],"{""cosine_cluster"": [-1, -1, -1, -1, -1, -1, -1, -1, -1, -1], ""neup_cluster"": [-1, -1, -1, -1, -1, -1, -1, -1, -1, -1], ""ddif_cluster"": [-1, -1, -1, -1, -1, -1, -1, -1, -1, -1], ""ensemble_cluster"": [-1, -1, -1, -1, -1, -1, -1, -1, -1, -1]}"
391,deepsight,deepsight_final_filter,"[2, 19, 44, 7, 85, 43, 73, 18, 29, 83]",[],"{""n_exceeds"": [13, 42, 11, 16, 10, 14, 6, 27, 16, 17], ""classification_boundary"": 7.5, ""identified_mals"": [0, 0, 0, 0, 0, 0, 1, 0, 0, 0], ""clusters"": [-1, -1, -1, -1, -1, -1, -1, -1, -1, -1], ""deleted_cluster_ids"": []}"
392,deepsight,deepsight_ensemble_cluster,"[0, 99, 74, 47, 46, 89, 95, 88, 71, 63]",[],"{""cosine_cluster"": [-1, -1, -1, -1, -1, -1, -1, -1, -1, -1], ""neup_cluster"": [-1, -1, -1, -1, -1, -1, -1, -1, -1, -1], ""ddif_cluster"": [-1, -1, -1, -1, -1, -1, -1, -1, -1, -1], ""ensemble_cluster"": [-1, -1, -1, -1, -1, -1, -1, -1, -1, -1]}"
392,deepsight,deepsight_final_filter,"[0, 99, 74, 47, 46, 89, 95, 88, 71, 63]",[],"{""n_exceeds"": [13, 15, 9, 18, 37, 21, 23, 16, 1, 27], ""classification_boundary"": 8.5, ""identified_mals"": [0, 0, 0, 0, 0, 0, 0, 0, 1, 0], ""clusters"": [-1, -1, -1, -1, -1, -1, -1, -1, -1, -1], ""deleted_cluster_ids"": []}"
393,deepsight,deepsight_ensemble_cluster,"[3, 78, 91, 29, 51, 38, 86, 24, 63, 27]",[],"{""cosine_cluster"": [-1, -1, -1, -1, -1, -1, -1, -1, -1, -1], ""neup_cluster"": [-1, -1, -1, -1, -1, -1, -1, -1, -1, -1], ""ddif_cluster"": [-1, -1, -1, -1, -1, -1, -1, -1, -1, -1], ""ensemble_cluster"": [-1, -1, -1, -1, -1, -1, -1, -1, -1, -1]}"
393,deepsight,deepsight_final_filter,"[3, 78, 91, 29, 51, 38, 86, 24, 63, 27]",[],"{""n_exceeds"": [33, 22, 7, 23, 4, 34, 12, 37, 36, 8], ""classification_boundary"": 11.25, ""identified_mals"": [0, 0, 1, 0, 1, 0, 0, 0, 0, 1], ""clusters"": [-1, -1, -1, -1, -1, -1, -1, -1, -1, -1], ""deleted_cluster_ids"": []}"
394,deepsight,deepsight_ensemble_cluster,"[3, 75, 45, 59, 20, 29, 67, 93, 81, 13]",[],"{""cosine_cluster"": [-1, -1, -1, -1, -1, -1, -1, -1, -1, -1], ""neup_cluster"": [-1, -1, -1, -1, -1, -1, -1, -1, -1, -1], ""ddif_cluster"": [-1, -1, -1, -1, -1, -1, -1, -1, -1, -1], ""ensemble_cluster"": [-1, -1, -1, -1, -1, -1, -1, -1, -1, -1]}"
394,deepsight,deepsight_final_filter,"[3, 75, 45, 59, 20, 29, 67, 93, 81, 13]",[],"{""n_exceeds"": [49, 18, 11, 3, 2, 17, 7, 18, 20, 7], ""classification_boundary"": 7.0, ""identified_mals"": [0, 0, 0, 1, 1, 0, 1, 0, 0, 1], ""clusters"": [-1, -1, -1, -1, -1, -1, -1, -1, -1, -1], ""deleted_cluster_ids"": [-1]}"
395,deepsight,deepsight_ensemble_cluster,"[3, 88, 10, 17, 75, 20, 11, 31, 42, 14]",[],"{""cosine_cluster"": [-1, -1, -1, -1, -1, -1, -1, -1, -1, -1], ""neup_cluster"": [-1, -1, -1, -1, -1, -1, -1, -1, -1, -1], ""ddif_cluster"": [-1, -1, -1, -1, -1, -1, -1, -1, -1, -1], ""ensemble_cluster"": [-1, -1, -1, -1, -1, -1, -1, -1, -1, -1]}"
395,deepsight,deepsight_final_filter,"[3, 88, 10, 17, 75, 20, 11, 31, 42, 14]",[],"{""n_exceeds"": [51, 14, 7, 19, 18, 4, 35, 21, 34, 22], ""classification_boundary"": 10.0, ""identified_mals"": [0, 0, 1, 0, 0, 1, 0, 0, 0, 0], ""clusters"": [-1, -1, -1, -1, -1, -1, -1, -1, -1, -1], ""deleted_cluster_ids"": []}"
396,deepsight,deepsight_ensemble_cluster,"[0, 85, 82, 10, 31, 84, 27, 7, 14, 4]",[],"{""cosine_cluster"": [-1, -1, -1, -1, -1, -1, -1, -1, -1, -1], ""neup_cluster"": [-1, -1, -1, -1, -1, -1, -1, -1, -1, -1], ""ddif_cluster"": [-1, -1, -1, -1, -1, -1, -1, -1, -1, -1], ""ensemble_cluster"": [-1, -1, -1, -1, -1, -1, -1, -1, -1, -1]}"
396,deepsight,deepsight_final_filter,"[0, 85, 82, 10, 31, 84, 27, 7, 14, 4]",[],"{""n_exceeds"": [10, 26, 16, 6, 17, 18, 12, 15, 15, 34], ""classification_boundary"": 7.75, ""identified_mals"": [0, 0, 0, 1, 0, 0, 0, 0, 0, 0], ""clusters"": [-1, -1, -1, -1, -1, -1, -1, -1, -1, -1], ""deleted_cluster_ids"": []}"
397,deepsight,deepsight_ensemble_cluster,"[3, 43, 25, 48, 98, 87, 6, 23, 34, 52]",[],"{""cosine_cluster"": [-1, -1, -1, -1, -1, -1, -1, -1, -1, -1], ""neup_cluster"": [-1, -1, -1, -1, -1, -1, -1, -1, -1, -1], ""ddif_cluster"": [-1, -1, -1, -1, -1, -1, -1, -1, -1, -1], ""ensemble_cluster"": [-1, -1, -1, -1, -1, -1, -1, -1, -1, -1]}"
397,deepsight,deepsight_final_filter,"[3, 43, 25, 48, 98, 87, 6, 23, 34, 52]",[],"{""n_exceeds"": [49, 12, 28, 17, 16, 28, 11, 10, 17, 12], ""classification_boundary"": 8.25, ""identified_mals"": [0, 0, 0, 0, 0, 0, 0, 0, 0, 0], ""clusters"": [-1, -1, -1, -1, -1, -1, -1, -1, -1, -1], ""deleted_cluster_ids"": []}"
398,deepsight,deepsight_ensemble_cluster,"[4, 36, 68, 37, 92, 94, 14, 22, 28, 18]",[],"{""cosine_cluster"": [-1, -1, -1, -1, -1, -1, -1, -1, -1, -1], ""neup_cluster"": [-1, -1, -1, -1, -1, -1, -1, -1, -1, -1], ""ddif_cluster"": [-1, -1, -1, -1, -1, -1, -1, -1, -1, -1], ""ensemble_cluster"": [-1, -1, -1, -1, -1, -1, -1, -1, -1, -1]}"
398,deepsight,deepsight_final_filter,"[4, 36, 68, 37, 92, 94, 14, 22, 28, 18]",[],"{""n_exceeds"": [53, 35, 9, 27, 17, 22, 11, 15, 7, 24], ""classification_boundary"": 9.75, ""identified_mals"": [0, 0, 1, 0, 0, 0, 0, 0, 1, 0], ""clusters"": [-1, -1, -1, -1, -1, -1, -1, -1, -1, -1], ""deleted_cluster_ids"": []}"
399,deepsight,deepsight_ensemble_cluster,"[1, 24, 30, 22, 5, 72, 62, 32, 68, 97]",[],"{""cosine_cluster"": [-1, -1, -1, -1, -1, -1, -1, -1, -1, -1], ""neup_cluster"": [-1, -1, -1, -1, -1, -1, -1, -1, -1, -1], ""ddif_cluster"": [-1, -1, -1, -1, -1, -1, -1, -1, -1, -1], ""ensemble_cluster"": [-1, -1, -1, -1, -1, -1, -1, -1, -1, -1]}"
399,deepsight,deepsight_final_filter,"[1, 24, 30, 22, 5, 72, 62, 32, 68, 97]",[],"{""n_exceeds"": [3, 33, 15, 23, 19, 7, 24, 35, 3, 26], ""classification_boundary"": 10.5, ""identified_mals"": [1, 0, 0, 0, 0, 1, 0, 0, 1, 0], ""clusters"": [-1, -1, -1, -1, -1, -1, -1, -1, -1, -1], ""deleted_cluster_ids"": []}"
400,deepsight,deepsight_ensemble_cluster,"[2, 91, 61, 8, 99, 97, 98, 93, 74, 39]",[],"{""cosine_cluster"": [-1, -1, -1, -1, -1, -1, -1, -1, -1, -1], ""neup_cluster"": [-1, -1, -1, -1, -1, -1, -1, -1, -1, -1], ""ddif_cluster"": [-1, -1, -1, -1, -1, -1, -1, -1, -1, -1], ""ensemble_cluster"": [-1, -1, -1, -1, -1, -1, -1, -1, -1, -1]}"
400,deepsight,deepsight_final_filter,"[2, 91, 61, 8, 99, 97, 98, 93, 74, 39]",[],"{""n_exceeds"": [15, 9, 7, 12, 17, 23, 33, 22, 20, 33], ""classification_boundary"": 9.25, ""identified_mals"": [0, 1, 1, 0, 0, 0, 0, 0, 0, 0], ""clusters"": [-1, -1, -1, -1, -1, -1, -1, -1, -1, -1], ""deleted_cluster_ids"": []}"
401,deepsight,deepsight_ensemble_cluster,"[1, 75, 14, 32, 62, 2, 68, 46, 72, 57]",[],"{""cosine_cluster"": [-1, -1, -1, -1, -1, -1, -1, -1, -1, -1], ""neup_cluster"": [-1, -1, -1, -1, -1, -1, -1, -1, -1, -1], ""ddif_cluster"": [-1, -1, -1, -1, -1, -1, -1, -1, -1, -1], ""ensemble_cluster"": [-1, -1, -1, -1, -1, -1, -1, -1, -1, -1]}"
401,deepsight,deepsight_final_filter,"[1, 75, 14, 32, 62, 2, 68, 46, 72, 57]",[],"{""n_exceeds"": [11, 14, 17, 39, 18, 19, 6, 38, 6, 10], ""classification_boundary"": 7.75, ""identified_mals"": [0, 0, 0, 0, 0, 0, 1, 0, 1, 0], ""clusters"": [-1, -1, -1, -1, -1, -1, -1, -1, -1, -1], ""deleted_cluster_ids"": []}"
402,deepsight,deepsight_ensemble_cluster,"[4, 27, 62, 80, 22, 16, 29, 15, 55, 95]",[],"{""cosine_cluster"": [-1, -1, -1, -1, -1, -1, -1, -1, -1, -1], ""neup_cluster"": [-1, -1, -1, -1, -1, -1, -1, -1, -1, -1], ""ddif_cluster"": [-1, -1, -1, -1, -1, -1, -1, -1, -1, -1], ""ensemble_cluster"": [-1, -1, -1, -1, -1, -1, -1, -1, -1, -1]}"
402,deepsight,deepsight_final_filter,"[4, 27, 62, 80, 22, 16, 29, 15, 55, 95]",[],"{""n_exceeds"": [28, 7, 11, 22, 32, 11, 17, 19, 22, 26], ""classification_boundary"": 10.25, ""identified_mals"": [0, 1, 0, 0, 0, 0, 0, 0, 0, 0], ""clusters"": [-1, -1, -1, -1, -1, -1, -1, -1, -1, -1], ""deleted_cluster_ids"": []}"
403,deepsight,deepsight_ensemble_cluster,"[4, 24, 18, 49, 84, 7, 67, 0, 80, 77]",[],"{""cosine_cluster"": [-1, -1, -1, -1, -1, -1, -1, -1, -1, -1], ""neup_cluster"": [-1, -1, -1, -1, -1, -1, -1, -1, -1, -1], ""ddif_cluster"": [-1, -1, -1, -1, -1, -1, -1, -1, -1, -1], ""ensemble_cluster"": [-1, -1, -1, -1, -1, -1, -1, -1, -1, -1]}"
403,deepsight,deepsight_final_filter,"[4, 24, 18, 49, 84, 7, 67, 0, 80, 77]",[],"{""n_exceeds"": [27, 19, 21, 36, 21, 13, 12, 10, 24, 9], ""classification_boundary"": 10.0, ""identified_mals"": [0, 0, 0, 0, 0, 0, 0, 1, 0, 1], ""clusters"": [-1, -1, -1, -1, -1, -1, -1, -1, -1, -1], ""deleted_cluster_ids"": []}"
404,deepsight,deepsight_ensemble_cluster,"[1, 58, 9, 48, 14, 80, 30, 10, 70, 39]",[],"{""cosine_cluster"": [-1, -1, -1, -1, -1, -1, -1, -1, -1, -1], ""neup_cluster"": [-1, -1, -1, -1, -1, -1, -1, -1, -1, -1], ""ddif_cluster"": [-1, -1, -1, -1, -1, -1, -1, -1, -1, -1], ""ensemble_cluster"": [-1, -1, -1, -1, -1, -1, -1, -1, -1, -1]}"
404,deepsight,deepsight_final_filter,"[1, 58, 9, 48, 14, 80, 30, 10, 70, 39]",[],"{""n_exceeds"": [16, 19, 24, 16, 25, 16, 22, 6, 11, 25], ""classification_boundary"": 8.75, ""identified_mals"": [0, 0, 0, 0, 0, 0, 0, 1, 0, 0], ""clusters"": [-1, -1, -1, -1, -1, -1, -1, -1, -1, -1], ""deleted_cluster_ids"": []}"
405,deepsight,deepsight_ensemble_cluster,"[2, 92, 77, 70, 72, 99, 32, 0, 26, 57]",[],"{""cosine_cluster"": [-1, -1, -1, -1, -1, -1, -1, -1, -1, -1], ""neup_cluster"": [-1, -1, -1, -1, -1, -1, -1, -1, -1, -1], ""ddif_cluster"": [-1, -1, -1, -1, -1, -1, -1, -1, -1, -1], ""ensemble_cluster"": [-1, -1, -1, -1, -1, -1, -1, -1, -1, -1]}"
405,deepsight,deepsight_final_filter,"[2, 92, 77, 70, 72, 99, 32, 0, 26, 57]",[],"{""n_exceeds"": [11, 16, 5, 15, 9, 11, 21, 11, 5, 17], ""classification_boundary"": 5.5, ""identified_mals"": [0, 0, 1, 0, 0, 0, 0, 0, 1, 0], ""clusters"": [-1, -1, -1, -1, -1, -1, -1, -1, -1, -1], ""deleted_cluster_ids"": []}"
406,deepsight,deepsight_ensemble_cluster,"[2, 84, 57, 95, 30, 70, 16, 13, 29, 27]",[],"{""cosine_cluster"": [-1, -1, -1, -1, -1, -1, -1, -1, -1, -1], ""neup_cluster"": [-1, -1, -1, -1, -1, -1, -1, -1, -1, -1], ""ddif_cluster"": [-1, -1, -1, -1, -1, -1, -1, -1, -1, -1], ""ensemble_cluster"": [-1, -1, -1, -1, -1, -1, -1, -1, -1, -1]}"
406,deepsight,deepsight_final_filter,"[2, 84, 57, 95, 30, 70, 16, 13, 29, 27]",[],"{""n_exceeds"": [18, 23, 12, 21, 22, 11, 9, 4, 17, 10], ""classification_boundary"": 7.25, ""identified_mals"": [0, 0, 0, 0, 0, 0, 0, 1, 0, 0], ""clusters"": [-1, -1, -1, -1, -1, -1, -1, -1, -1, -1], ""deleted_cluster_ids"": []}"
407,deepsight,deepsight_ensemble_cluster,"[3, 8, 86, 33, 74, 35, 51, 22, 40, 47]",[],"{""cosine_cluster"": [-1, -1, -1, -1, -1, -1, -1, -1, -1, -1], ""neup_cluster"": [-1, -1, -1, -1, -1, -1, -1, -1, -1, -1], ""ddif_cluster"": [-1, -1, -1, -1, -1, -1, -1, -1, -1, -1], ""ensemble_cluster"": [-1, -1, -1, -1, -1, -1, -1, -1, -1, -1]}"
407,deepsight,deepsight_final_filter,"[3, 8, 86, 33, 74, 35, 51, 22, 40, 47]",[],"{""n_exceeds"": [45, 16, 17, 1, 8, 5, 5, 31, 4, 15], ""classification_boundary"": 5.75, ""identified_mals"": [0, 0, 0, 1, 0, 1, 1, 0, 1, 0], ""clusters"": [-1, -1, -1, -1, -1, -1, -1, -1, -1, -1], ""deleted_cluster_ids"": [-1]}"
408,deepsight,deepsight_ensemble_cluster,"[2, 40, 4, 57, 63, 1, 42, 30, 46, 84]",[],"{""cosine_cluster"": [-1, -1, -1, -1, -1, -1, -1, -1, -1, -1], ""neup_cluster"": [-1, -1, -1, -1, -1, -1, -1, -1, -1, -1], ""ddif_cluster"": [-1, -1, -1, -1, -1, -1, -1, -1, -1, -1], ""ensemble_cluster"": [-1, -1, -1, -1, -1, -1, -1, -1, -1, -1]}"
408,deepsight,deepsight_final_filter,"[2, 40, 4, 57, 63, 1, 42, 30, 46, 84]",[],"{""n_exceeds"": [24, 2, 51, 17, 29, 19, 26, 18, 42, 23], ""classification_boundary"": 11.75, ""identified_mals"": [0, 1, 0, 0, 0, 0, 0, 0, 0, 0], ""clusters"": [-1, -1, -1, -1, -1, -1, -1, -1, -1, -1], ""deleted_cluster_ids"": []}"
409,deepsight,deepsight_ensemble_cluster,"[4, 67, 17, 27, 34, 71, 93, 13, 86, 16]",[],"{""cosine_cluster"": [-1, -1, -1, -1, -1, -1, -1, -1, -1, -1], ""neup_cluster"": [-1, -1, -1, -1, -1, -1, -1, -1, -1, -1], ""ddif_cluster"": [-1, -1, -1, -1, -1, -1, -1, -1, -1, -1], ""ensemble_cluster"": [-1, -1, -1, -1, -1, -1, -1, -1, -1, -1]}"
409,deepsight,deepsight_final_filter,"[4, 67, 17, 27, 34, 71, 93, 13, 86, 16]",[],"{""n_exceeds"": [14, 12, 24, 9, 11, 1, 21, 7, 11, 16], ""classification_boundary"": 5.75, ""identified_mals"": [0, 0, 0, 0, 0, 1, 0, 0, 0, 0], ""clusters"": [-1, -1, -1, -1, -1, -1, -1, -1, -1, -1], ""deleted_cluster_ids"": []}"
410,deepsight,deepsight_ensemble_cluster,"[4, 3, 86, 72, 23, 73, 84, 96, 30, 67]",[],"{""cosine_cluster"": [-1, -1, -1, -1, -1, -1, -1, -1, -1, -1], ""neup_cluster"": [-1, -1, -1, -1, -1, -1, -1, -1, -1, -1], ""ddif_cluster"": [-1, -1, -1, -1, -1, -1, -1, -1, -1, -1], ""ensemble_cluster"": [-1, -1, -1, -1, -1, -1, -1, -1, -1, -1]}"
410,deepsight,deepsight_final_filter,"[4, 3, 86, 72, 23, 73, 84, 96, 30, 67]",[],"{""n_exceeds"": [46, 47, 12, 7, 6, 8, 24, 15, 20, 15], ""classification_boundary"": 7.5, ""identified_mals"": [0, 0, 0, 1, 1, 0, 0, 0, 0, 0], ""clusters"": [-1, -1, -1, -1, -1, -1, -1, -1, -1, -1], ""deleted_cluster_ids"": []}"
411,deepsight,deepsight_ensemble_cluster,"[2, 8, 18, 94, 69, 36, 63, 62, 76, 71]",[],"{""cosine_cluster"": [-1, -1, -1, -1, -1, -1, -1, -1, -1, -1], ""neup_cluster"": [-1, -1, -1, -1, -1, -1, -1, -1, -1, -1], ""ddif_cluster"": [-1, -1, -1, -1, -1, -1, -1, -1, -1, -1], ""ensemble_cluster"": [-1, -1, -1, -1, -1, -1, -1, -1, -1, -1]}"
411,deepsight,deepsight_final_filter,"[2, 8, 18, 94, 69, 36, 63, 62, 76, 71]",[],"{""n_exceeds"": [16, 17, 24, 25, 21, 29, 38, 19, 2, 1], ""classification_boundary"": 10.0, ""identified_mals"": [0, 0, 0, 0, 0, 0, 0, 0, 1, 1], ""clusters"": [-1, -1, -1, -1, -1, -1, -1, -1, -1, -1], ""deleted_cluster_ids"": []}"
412,deepsight,deepsight_ensemble_cluster,"[1, 44, 66, 63, 95, 46, 29, 60, 9, 48]",[],"{""cosine_cluster"": [-1, -1, -1, -1, -1, -1, -1, -1, -1, -1], ""neup_cluster"": [-1, -1, -1, -1, -1, -1, -1, -1, -1, -1], ""ddif_cluster"": [-1, -1, -1, -1, -1, -1, -1, -1, -1, -1], ""ensemble_cluster"": [-1, -1, -1, -1, -1, -1, -1, -1, -1, -1]}"
412,deepsight,deepsight_final_filter,"[1, 44, 66, 63, 95, 46, 29, 60, 9, 48]",[],"{""n_exceeds"": [39, 11, 12, 35, 28, 41, 17, 6, 21, 18], ""classification_boundary"": 9.75, ""identified_mals"": [0, 0, 0, 0, 0, 0, 0, 1, 0, 0], ""clusters"": [-1, -1, -1, -1, -1, -1, -1, -1, -1, -1], ""deleted_cluster_ids"": []}"
413,deepsight,deepsight_ensemble_cluster,"[3, 99, 38, 13, 42, 31, 28, 96, 5, 58]",[],"{""cosine_cluster"": [-1, -1, -1, -1, -1, -1, -1, -1, -1, -1], ""neup_cluster"": [-1, -1, -1, -1, -1, -1, -1, -1, -1, -1], ""ddif_cluster"": [-1, -1, -1, -1, -1, -1, -1, -1, -1, -1], ""ensemble_cluster"": [-1, -1, -1, -1, -1, -1, -1, -1, -1, -1]}"
413,deepsight,deepsight_final_filter,"[3, 99, 38, 13, 42, 31, 28, 96, 5, 58]",[],"{""n_exceeds"": [48, 14, 28, 6, 27, 20, 7, 28, 15, 21], ""classification_boundary"": 10.25, ""identified_mals"": [0, 0, 0, 1, 0, 0, 1, 0, 0, 0], ""clusters"": [-1, -1, -1, -1, -1, -1, -1, -1, -1, -1], ""deleted_cluster_ids"": []}"
414,deepsight,deepsight_ensemble_cluster,"[0, 49, 53, 54, 88, 64, 8, 83, 85, 90]",[],"{""cosine_cluster"": [-1, -1, -1, -1, -1, -1, -1, -1, -1, -1], ""neup_cluster"": [-1, -1, -1, -1, -1, -1, -1, -1, -1, -1], ""ddif_cluster"": [-1, -1, -1, -1, -1, -1, -1, -1, -1, -1], ""ensemble_cluster"": [-1, -1, -1, -1, -1, -1, -1, -1, -1, -1]}"
414,deepsight,deepsight_final_filter,"[0, 49, 53, 54, 88, 64, 8, 83, 85, 90]",[],"{""n_exceeds"": [13, 40, 19, 10, 10, 19, 15, 14, 22, 20], ""classification_boundary"": 8.5, ""identified_mals"": [0, 0, 0, 0, 0, 0, 0, 0, 0, 0], ""clusters"": [-1, -1, -1, -1, -1, -1, -1, -1, -1, -1], ""deleted_cluster_ids"": []}"
415,deepsight,deepsight_ensemble_cluster,"[3, 28, 98, 30, 12, 13, 74, 9, 92, 56]",[],"{""cosine_cluster"": [-1, -1, -1, -1, -1, -1, -1, -1, -1, -1], ""neup_cluster"": [-1, -1, -1, -1, -1, -1, -1, -1, -1, -1], ""ddif_cluster"": [-1, -1, -1, -1, -1, -1, -1, -1, -1, -1], ""ensemble_cluster"": [-1, -1, -1, -1, -1, -1, -1, -1, -1, -1]}"
415,deepsight,deepsight_final_filter,"[3, 28, 98, 30, 12, 13, 74, 9, 92, 56]",[],"{""n_exceeds"": [52, 10, 12, 13, 31, 9, 15, 19, 17, 17], ""classification_boundary"": 8.0, ""identified_mals"": [0, 0, 0, 0, 0, 0, 0, 0, 0, 0], ""clusters"": [-1, -1, -1, -1, -1, -1, -1, -1, -1, -1], ""deleted_cluster_ids"": []}"
416,deepsight,deepsight_ensemble_cluster,"[0, 14, 76, 43, 44, 96, 29, 4, 77, 32]",[],"{""cosine_cluster"": [-1, -1, -1, -1, -1, -1, -1, -1, -1, -1], ""neup_cluster"": [-1, -1, -1, -1, -1, -1, -1, -1, -1, -1], ""ddif_cluster"": [-1, -1, -1, -1, -1, -1, -1, -1, -1, -1], ""ensemble_cluster"": [-1, -1, -1, -1, -1, -1, -1, -1, -1, -1]}"
416,deepsight,deepsight_final_filter,"[0, 14, 76, 43, 44, 96, 29, 4, 77, 32]",[],"{""n_exceeds"": [14, 24, 1, 8, 13, 14, 11, 42, 12, 28], ""classification_boundary"": 6.75, ""identified_mals"": [0, 0, 1, 0, 0, 0, 0, 0, 0, 0], ""clusters"": [-1, -1, -1, -1, -1, -1, -1, -1, -1, -1], ""deleted_cluster_ids"": []}"
417,deepsight,deepsight_ensemble_cluster,"[3, 27, 93, 15, 25, 33, 88, 8, 30, 63]",[],"{""cosine_cluster"": [-1, -1, -1, -1, -1, -1, -1, -1, -1, -1], ""neup_cluster"": [-1, -1, -1, -1, -1, -1, -1, -1, -1, -1], ""ddif_cluster"": [-1, -1, -1, -1, -1, -1, -1, -1, -1, -1], ""ensemble_cluster"": [-1, -1, -1, -1, -1, -1, -1, -1, -1, -1]}"
417,deepsight,deepsight_final_filter,"[3, 27, 93, 15, 25, 33, 88, 8, 30, 63]",[],"{""n_exceeds"": [53, 19, 32, 23, 35, 1, 12, 16, 15, 40], ""classification_boundary"": 10.5, ""identified_mals"": [0, 0, 0, 0, 0, 1, 0, 0, 0, 0], ""clusters"": [-1, -1, -1, -1, -1, -1, -1, -1, -1, -1], ""deleted_cluster_ids"": []}"
418,deepsight,deepsight_ensemble_cluster,"[3, 80, 10, 60, 1, 28, 63, 74, 81, 84]",[],"{""cosine_cluster"": [-1, -1, -1, -1, -1, -1, -1, -1, -1, -1], ""neup_cluster"": [-1, -1, -1, -1, -1, -1, -1, -1, -1, -1], ""ddif_cluster"": [-1, -1, -1, -1, -1, -1, -1, -1, -1, -1], ""ensemble_cluster"": [-1, -1, -1, -1, -1, -1, -1, -1, -1, -1]}"
418,deepsight,deepsight_final_filter,"[3, 80, 10, 60, 1, 28, 63, 74, 81, 84]",[],"{""n_exceeds"": [45, 16, 4, 9, 16, 9, 41, 20, 23, 24], ""classification_boundary"": 9.0, ""identified_mals"": [0, 0, 1, 1, 0, 1, 0, 0, 0, 0], ""clusters"": [-1, -1, -1, -1, -1, -1, -1, -1, -1, -1], ""deleted_cluster_ids"": []}"
419,deepsight,deepsight_ensemble_cluster,"[1, 4, 54, 13, 69, 75, 18, 7, 2, 37]",[],"{""cosine_cluster"": [-1, -1, -1, -1, -1, -1, -1, -1, -1, -1], ""neup_cluster"": [-1, -1, -1, -1, -1, -1, -1, -1, -1, -1], ""ddif_cluster"": [-1, -1, -1, -1, -1, -1, -1, -1, -1, -1], ""ensemble_cluster"": [-1, -1, -1, -1, -1, -1, -1, -1, -1, -1]}"
419,deepsight,deepsight_final_filter,"[1, 4, 54, 13, 69, 75, 18, 7, 2, 37]",[],"{""n_exceeds"": [30, 25, 8, 5, 19, 21, 33, 13, 11, 23], ""classification_boundary"": 10.0, ""identified_mals"": [0, 0, 1, 1, 0, 0, 0, 0, 0, 0], ""clusters"": [-1, -1, -1, -1, -1, -1, -1, -1, -1, -1], ""deleted_cluster_ids"": []}"
420,deepsight,deepsight_ensemble_cluster,"[2, 67, 17, 6, 62, 19, 13, 51, 24, 35]",[],"{""cosine_cluster"": [-1, -1, -1, -1, -1, -1, -1, -1, -1, -1], ""neup_cluster"": [-1, -1, -1, -1, -1, -1, -1, -1, -1, -1], ""ddif_cluster"": [-1, -1, -1, -1, -1, -1, -1, -1, -1, -1], ""ensemble_cluster"": [-1, -1, -1, -1, -1, -1, -1, -1, -1, -1]}"
420,deepsight,deepsight_final_filter,"[2, 67, 17, 6, 62, 19, 13, 51, 24, 35]",[],"{""n_exceeds"": [15, 15, 17, 11, 10, 37, 6, 5, 36, 4], ""classification_boundary"": 6.5, ""identified_mals"": [0, 0, 0, 0, 0, 0, 1, 1, 0, 1], ""clusters"": [-1, -1, -1, -1, -1, -1, -1, -1, -1, -1], ""deleted_cluster_ids"": []}"
421,deepsight,deepsight_ensemble_cluster,"[3, 89, 39, 17, 56, 72, 35, 62, 32, 19]",[],"{""cosine_cluster"": [-1, -1, -1, -1, -1, -1, -1, -1, -1, -1], ""neup_cluster"": [-1, -1, -1, -1, -1, -1, -1, -1, -1, -1], ""ddif_cluster"": [-1, -1, -1, -1, -1, -1, -1, -1, -1, -1], ""ensemble_cluster"": [-1, -1, -1, -1, -1, -1, -1, -1, -1, -1]}"
421,deepsight,deepsight_final_filter,"[3, 89, 39, 17, 56, 72, 35, 62, 32, 19]",[],"{""n_exceeds"": [53, 33, 25, 17, 29, 7, 3, 33, 33, 45], ""classification_boundary"": 15.5, ""identified_mals"": [0, 0, 0, 0, 0, 1, 1, 0, 0, 0], ""clusters"": [-1, -1, -1, -1, -1, -1, -1, -1, -1, -1], ""deleted_cluster_ids"": []}"
422,deepsight,deepsight_ensemble_cluster,"[2, 42, 8, 99, 55, 43, 18, 74, 85, 78]",[],"{""cosine_cluster"": [-1, -1, -1, -1, -1, -1, -1, -1, -1, -1], ""neup_cluster"": [-1, -1, -1, -1, -1, -1, -1, -1, -1, -1], ""ddif_cluster"": [-1, -1, -1, -1, -1, -1, -1, -1, -1, -1], ""ensemble_cluster"": [-1, -1, -1, -1, -1, -1, -1, -1, -1, -1]}"
422,deepsight,deepsight_final_filter,"[2, 42, 8, 99, 55, 43, 18, 74, 85, 78]",[],"{""n_exceeds"": [22, 36, 15, 11, 19, 10, 21, 22, 22, 22], ""classification_boundary"": 10.75, ""identified_mals"": [0, 0, 0, 0, 0, 1, 0, 0, 0, 0], ""clusters"": [-1, -1, -1, -1, -1, -1, -1, -1, -1, -1], ""deleted_cluster_ids"": []}"
423,deepsight,deepsight_ensemble_cluster,"[0, 43, 92, 29, 50, 57, 80, 82, 16, 17]",[],"{""cosine_cluster"": [-1, -1, -1, -1, -1, -1, -1, -1, -1, -1], ""neup_cluster"": [-1, -1, -1, -1, -1, -1, -1, -1, -1, -1], ""ddif_cluster"": [-1, -1, -1, -1, -1, -1, -1, -1, -1, -1], ""ensemble_cluster"": [-1, -1, -1, -1, -1, -1, -1, -1, -1, -1]}"
423,deepsight,deepsight_final_filter,"[0, 43, 92, 29, 50, 57, 80, 82, 16, 17]",[],"{""n_exceeds"": [14, 17, 19, 9, 27, 23, 19, 14, 7, 20], ""classification_boundary"": 9.0, ""identified_mals"": [0, 0, 0, 1, 0, 0, 0, 0, 1, 0], ""clusters"": [-1, -1, -1, -1, -1, -1, -1, -1, -1, -1], ""deleted_cluster_ids"": []}"
424,deepsight,deepsight_ensemble_cluster,"[0, 58, 21, 96, 94, 5, 80, 45, 62, 71]",[],"{""cosine_cluster"": [-1, -1, -1, -1, -1, -1, -1, -1, -1, -1], ""neup_cluster"": [-1, -1, -1, -1, -1, -1, -1, -1, -1, -1], ""ddif_cluster"": [-1, -1, -1, -1, -1, -1, -1, -1, -1, -1], ""ensemble_cluster"": [-1, -1, -1, -1, -1, -1, -1, -1, -1, -1]}"
424,deepsight,deepsight_final_filter,"[0, 58, 21, 96, 94, 5, 80, 45, 62, 71]",[],"{""n_exceeds"": [13, 19, 15, 20, 29, 24, 14, 11, 25, 1], ""classification_boundary"": 8.5, ""identified_mals"": [0, 0, 0, 0, 0, 0, 0, 0, 0, 1], ""clusters"": [-1, -1, -1, -1, -1, -1, -1, -1, -1, -1], ""deleted_cluster_ids"": []}"
425,deepsight,deepsight_ensemble_cluster,"[4, 2, 30, 41, 90, 42, 1, 69, 13, 73]",[],"{""cosine_cluster"": [-1, -1, -1, -1, -1, -1, -1, -1, -1, -1], ""neup_cluster"": [-1, -1, -1, -1, -1, -1, -1, -1, -1, -1], ""ddif_cluster"": [-1, -1, -1, -1, -1, -1, -1, -1, -1, -1], ""ensemble_cluster"": [-1, -1, -1, -1, -1, -1, -1, -1, -1, -1]}"
425,deepsight,deepsight_final_filter,"[4, 2, 30, 41, 90, 42, 1, 69, 13, 73]",[],"{""n_exceeds"": [36, 13, 21, 6, 26, 27, 5, 22, 7, 5], ""classification_boundary"": 8.5, ""identified_mals"": [0, 0, 0, 1, 0, 0, 1, 0, 1, 1], ""clusters"": [-1, -1, -1, -1, -1, -1, -1, -1, -1, -1], ""deleted_cluster_ids"": [-1]}"
426,deepsight,deepsight_ensemble_cluster,"[4, 97, 54, 70, 96, 34, 36, 42, 56, 91]",[],"{""cosine_cluster"": [-1, -1, -1, -1, -1, -1, -1, -1, -1, -1], ""neup_cluster"": [-1, -1, -1, -1, -1, -1, -1, -1, -1, -1], ""ddif_cluster"": [-1, -1, -1, -1, -1, -1, -1, -1, -1, -1], ""ensemble_cluster"": [-1, -1, -1, -1, -1, -1, -1, -1, -1, -1]}"
426,deepsight,deepsight_final_filter,"[4, 97, 54, 70, 96, 34, 36, 42, 56, 91]",[],"{""n_exceeds"": [58, 20, 9, 12, 19, 13, 22, 32, 17, 10], ""classification_boundary"": 9.0, ""identified_mals"": [0, 0, 1, 0, 0, 0, 0, 0, 0, 0], ""clusters"": [-1, -1, -1, -1, -1, -1, -1, -1, -1, -1], ""deleted_cluster_ids"": []}"
427,deepsight,deepsight_ensemble_cluster,"[3, 96, 90, 93, 69, 11, 94, 58, 34, 38]",[],"{""cosine_cluster"": [-1, -1, -1, -1, -1, -1, -1, -1, -1, -1], ""neup_cluster"": [-1, -1, -1, -1, -1, -1, -1, -1, -1, -1], ""ddif_cluster"": [-1, -1, -1, -1, -1, -1, -1, -1, -1, -1], ""ensemble_cluster"": [-1, -1, -1, -1, -1, -1, -1, -1, -1, -1]}"
427,deepsight,deepsight_final_filter,"[3, 96, 90, 93, 69, 11, 94, 58, 34, 38]",[],"{""n_exceeds"": [52, 14, 28, 23, 23, 33, 17, 23, 17, 32], ""classification_boundary"": 11.5, ""identified_mals"": [0, 0, 0, 0, 0, 0, 0, 0, 0, 0], ""clusters"": [-1, -1, -1, -1, -1, -1, -1, -1, -1, -1], ""deleted_cluster_ids"": []}"
428,deepsight,deepsight_ensemble_cluster,"[1, 5, 41, 34, 8, 82, 47, 11, 48, 89]",[],"{""cosine_cluster"": [-1, -1, -1, -1, -1, -1, -1, -1, -1, -1], ""neup_cluster"": [-1, -1, -1, -1, -1, -1, -1, -1, -1, -1], ""ddif_cluster"": [-1, -1, -1, -1, -1, -1, -1, -1, -1, -1], ""ensemble_cluster"": [-1, -1, -1, -1, -1, -1, -1, -1, -1, -1]}"
428,deepsight,deepsight_final_filter,"[1, 5, 41, 34, 8, 82, 47, 11, 48, 89]",[],"{""n_exceeds"": [5, 24, 3, 17, 15, 10, 16, 33, 19, 24], ""classification_boundary"": 8.25, ""identified_mals"": [1, 0, 1, 0, 0, 0, 0, 0, 0, 0], ""clusters"": [-1, -1, -1, -1, -1, -1, -1, -1, -1, -1], ""deleted_cluster_ids"": []}"
429,deepsight,deepsight_ensemble_cluster,"[2, 54, 62, 36, 1, 73, 23, 7, 15, 94]",[],"{""cosine_cluster"": [-1, -1, -1, -1, -1, -1, -1, -1, -1, -1], ""neup_cluster"": [-1, -1, -1, -1, -1, -1, -1, -1, -1, -1], ""ddif_cluster"": [-1, -1, -1, -1, -1, -1, -1, -1, -1, -1], ""ensemble_cluster"": [-1, -1, -1, -1, -1, -1, -1, -1, -1, -1]}"
429,deepsight,deepsight_final_filter,"[2, 54, 62, 36, 1, 73, 23, 7, 15, 94]",[],"{""n_exceeds"": [9, 13, 20, 30, 12, 6, 5, 16, 25, 28], ""classification_boundary"": 7.25, ""identified_mals"": [0, 0, 0, 0, 0, 1, 1, 0, 0, 0], ""clusters"": [-1, -1, -1, -1, -1, -1, -1, -1, -1, -1], ""deleted_cluster_ids"": []}"
430,deepsight,deepsight_ensemble_cluster,"[3, 83, 64, 41, 77, 95, 87, 32, 5, 4]",[],"{""cosine_cluster"": [-1, -1, -1, -1, -1, -1, -1, -1, -1, -1], ""neup_cluster"": [-1, -1, -1, -1, -1, -1, -1, -1, -1, -1], ""ddif_cluster"": [-1, -1, -1, -1, -1, -1, -1, -1, -1, -1], ""ensemble_cluster"": [-1, -1, -1, -1, -1, -1, -1, -1, -1, -1]}"
430,deepsight,deepsight_final_filter,"[3, 83, 64, 41, 77, 95, 87, 32, 5, 4]",[],"{""n_exceeds"": [43, 16, 31, 3, 11, 36, 27, 17, 23, 22], ""classification_boundary"": 11.25, ""identified_mals"": [0, 0, 0, 1, 1, 0, 0, 0, 0, 0], ""clusters"": [-1, -1, -1, -1, -1, -1, -1, -1, -1, -1], ""deleted_cluster_ids"": []}"
431,deepsight,deepsight_ensemble_cluster,"[0, 29, 33, 81, 11, 39, 5, 45, 95, 69]",[],"{""cosine_cluster"": [-1, -1, -1, -1, -1, -1, -1, -1, -1, -1], ""neup_cluster"": [-1, -1, -1, -1, -1, -1, -1, -1, -1, -1], ""ddif_cluster"": [-1, -1, -1, -1, -1, -1, -1, -1, -1, -1], ""ensemble_cluster"": [-1, -1, -1, -1, -1, -1, -1, -1, -1, -1]}"
431,deepsight,deepsight_final_filter,"[0, 29, 33, 81, 11, 39, 5, 45, 95, 69]",[],"{""n_exceeds"": [16, 25, 1, 21, 37, 23, 29, 13, 34, 20], ""classification_boundary"": 11.0, ""identified_mals"": [0, 0, 1, 0, 0, 0, 0, 0, 0, 0], ""clusters"": [-1, -1, -1, -1, -1, -1, -1, -1, -1, -1], ""deleted_cluster_ids"": []}"
432,deepsight,deepsight_ensemble_cluster,"[0, 50, 81, 62, 3, 74, 10, 33, 35, 56]",[],"{""cosine_cluster"": [-1, -1, -1, -1, -1, -1, -1, -1, -1, -1], ""neup_cluster"": [-1, -1, -1, -1, -1, -1, -1, -1, -1, -1], ""ddif_cluster"": [-1, -1, -1, -1, -1, -1, -1, -1, -1, -1], ""ensemble_cluster"": [-1, -1, -1, -1, -1, -1, -1, -1, -1, -1]}"
432,deepsight,deepsight_final_filter,"[0, 50, 81, 62, 3, 74, 10, 33, 35, 56]",[],"{""n_exceeds"": [15, 19, 31, 8, 39, 22, 4, 1, 5, 30], ""classification_boundary"": 8.5, ""identified_mals"": [0, 0, 0, 1, 0, 0, 1, 1, 1, 0], ""clusters"": [-1, -1, -1, -1, -1, -1, -1, -1, -1, -1], ""deleted_cluster_ids"": [-1]}"
433,deepsight,deepsight_ensemble_cluster,"[2, 40, 67, 33, 0, 7, 1, 6, 38, 5]",[],"{""cosine_cluster"": [-1, -1, -1, -1, -1, -1, -1, -1, -1, -1], ""neup_cluster"": [-1, -1, -1, -1, -1, -1, -1, -1, -1, -1], ""ddif_cluster"": [-1, -1, -1, -1, -1, -1, -1, -1, -1, -1], ""ensemble_cluster"": [-1, -1, -1, -1, -1, -1, -1, -1, -1, -1]}"
433,deepsight,deepsight_final_filter,"[2, 40, 67, 33, 0, 7, 1, 6, 38, 5]",[],"{""n_exceeds"": [8, 3, 17, 1, 18, 12, 9, 11, 24, 29], ""classification_boundary"": 5.75, ""identified_mals"": [0, 1, 0, 1, 0, 0, 0, 0, 0, 0], ""clusters"": [-1, -1, -1, -1, -1, -1, -1, -1, -1, -1], ""deleted_cluster_ids"": []}"
434,deepsight,deepsight_ensemble_cluster,"[0, 38, 92, 53, 33, 46, 80, 60, 50, 68]",[],"{""cosine_cluster"": [-1, -1, -1, -1, -1, -1, -1, -1, -1, -1], ""neup_cluster"": [-1, -1, -1, -1, -1, -1, -1, -1, -1, -1], ""ddif_cluster"": [-1, -1, -1, -1, -1, -1, -1, -1, -1, -1], ""ensemble_cluster"": [-1, -1, -1, -1, -1, -1, -1, -1, -1, -1]}"
434,deepsight,deepsight_final_filter,"[0, 38, 92, 53, 33, 46, 80, 60, 50, 68]",[],"{""n_exceeds"": [16, 27, 16, 18, 1, 35, 17, 8, 25, 4], ""classification_boundary"": 8.25, ""identified_mals"": [0, 0, 0, 0, 1, 0, 0, 1, 0, 1], ""clusters"": [-1, -1, -1, -1, -1, -1, -1, -1, -1, -1], ""deleted_cluster_ids"": []}"
435,deepsight,deepsight_ensemble_cluster,"[1, 38, 94, 69, 57, 45, 22, 47, 53, 3]",[],"{""cosine_cluster"": [-1, -1, -1, -1, -1, -1, -1, -1, -1, -1], ""neup_cluster"": [-1, -1, -1, -1, -1, -1, -1, -1, -1, -1], ""ddif_cluster"": [-1, -1, -1, -1, -1, -1, -1, -1, -1, -1], ""ensemble_cluster"": [-1, -1, -1, -1, -1, -1, -1, -1, -1, -1]}"
435,deepsight,deepsight_final_filter,"[1, 38, 94, 69, 57, 45, 22, 47, 53, 3]",[],"{""n_exceeds"": [28, 38, 20, 23, 21, 18, 24, 10, 27, 49], ""classification_boundary"": 11.75, ""identified_mals"": [0, 0, 0, 0, 0, 0, 0, 1, 0, 0], ""clusters"": [-1, -1, -1, -1, -1, -1, -1, -1, -1, -1], ""deleted_cluster_ids"": []}"
436,deepsight,deepsight_ensemble_cluster,"[2, 71, 75, 78, 19, 37, 51, 55, 18, 41]",[],"{""cosine_cluster"": [-1, -1, -1, -1, -1, -1, -1, -1, -1, -1], ""neup_cluster"": [-1, -1, -1, -1, -1, -1, -1, -1, -1, -1], ""ddif_cluster"": [-1, -1, -1, -1, -1, -1, -1, -1, -1, -1], ""ensemble_cluster"": [-1, -1, -1, -1, -1, -1, -1, -1, -1, -1]}"
436,deepsight,deepsight_final_filter,"[2, 71, 75, 78, 19, 37, 51, 55, 18, 41]",[],"{""n_exceeds"": [12, 1, 18, 17, 47, 28, 5, 16, 22, 4], ""classification_boundary"": 8.25, ""identified_mals"": [0, 1, 0, 0, 0, 0, 1, 0, 0, 1], ""clusters"": [-1, -1, -1, -1, -1, -1, -1, -1, -1, -1], ""deleted_cluster_ids"": []}"
437,deepsight,deepsight_ensemble_cluster,"[3, 55, 8, 11, 25, 68, 6, 90, 61, 78]",[],"{""cosine_cluster"": [-1, -1, -1, -1, -1, -1, -1, -1, -1, -1], ""neup_cluster"": [-1, -1, -1, -1, -1, -1, -1, -1, -1, -1], ""ddif_cluster"": [-1, -1, -1, -1, -1, -1, -1, -1, -1, -1], ""ensemble_cluster"": [-1, -1, -1, -1, -1, -1, -1, -1, -1, -1]}"
437,deepsight,deepsight_final_filter,"[3, 55, 8, 11, 25, 68, 6, 90, 61, 78]",[],"{""n_exceeds"": [48, 24, 13, 33, 26, 4, 17, 24, 16, 18], ""classification_boundary"": 10.5, ""identified_mals"": [0, 0, 0, 0, 0, 1, 0, 0, 0, 0], ""clusters"": [-1, -1, -1, -1, -1, -1, -1, -1, -1, -1], ""deleted_cluster_ids"": []}"
438,deepsight,deepsight_ensemble_cluster,"[2, 95, 11, 12, 65, 15, 22, 86, 14, 50]",[],"{""cosine_cluster"": [-1, -1, -1, -1, -1, -1, -1, -1, -1, -1], ""neup_cluster"": [-1, -1, -1, -1, -1, -1, -1, -1, -1, -1], ""ddif_cluster"": [-1, -1, -1, -1, -1, -1, -1, -1, -1, -1], ""ensemble_cluster"": [-1, -1, -1, -1, -1, -1, -1, -1, -1, -1]}"
438,deepsight,deepsight_final_filter,"[2, 95, 11, 12, 65, 15, 22, 86, 14, 50]",[],"{""n_exceeds"": [21, 27, 38, 38, 12, 22, 28, 14, 26, 17], ""classification_boundary"": 12.0, ""identified_mals"": [0, 0, 0, 0, 1, 0, 0, 0, 0, 0], ""clusters"": [-1, -1, -1, -1, -1, -1, -1, -1, -1, -1], ""deleted_cluster_ids"": []}"
439,deepsight,deepsight_ensemble_cluster,"[2, 23, 88, 85, 48, 8, 72, 87, 16, 73]",[],"{""cosine_cluster"": [-1, -1, -1, -1, -1, -1, -1, -1, -1, -1], ""neup_cluster"": [-1, -1, -1, -1, -1, -1, -1, -1, -1, -1], ""ddif_cluster"": [-1, -1, -1, -1, -1, -1, -1, -1, -1, -1], ""ensemble_cluster"": [-1, -1, -1, -1, -1, -1, -1, -1, -1, -1]}"
439,deepsight,deepsight_final_filter,"[2, 23, 88, 85, 48, 8, 72, 87, 16, 73]",[],"{""n_exceeds"": [18, 10, 13, 20, 17, 15, 8, 24, 11, 6], ""classification_boundary"": 7.0, ""identified_mals"": [0, 0, 0, 0, 0, 0, 0, 0, 0, 1], ""clusters"": [-1, -1, -1, -1, -1, -1, -1, -1, -1, -1], ""deleted_cluster_ids"": []}"
440,deepsight,deepsight_ensemble_cluster,"[2, 78, 3, 40, 31, 14, 44, 57, 10, 64]",[],"{""cosine_cluster"": [-1, -1, -1, -1, -1, -1, -1, -1, -1, -1], ""neup_cluster"": [-1, -1, -1, -1, -1, -1, -1, -1, -1, -1], ""ddif_cluster"": [-1, -1, -1, -1, -1, -1, -1, -1, -1, -1], ""ensemble_cluster"": [-1, -1, -1, -1, -1, -1, -1, -1, -1, -1]}"
440,deepsight,deepsight_final_filter,"[2, 78, 3, 40, 31, 14, 44, 57, 10, 64]",[],"{""n_exceeds"": [16, 25, 49, 6, 15, 19, 4, 18, 9, 24], ""classification_boundary"": 8.5, ""identified_mals"": [0, 0, 0, 1, 0, 0, 1, 0, 0, 0], ""clusters"": [-1, -1, -1, -1, -1, -1, -1, -1, -1, -1], ""deleted_cluster_ids"": []}"
441,deepsight,deepsight_ensemble_cluster,"[2, 10, 81, 56, 88, 36, 62, 99, 93, 85]",[],"{""cosine_cluster"": [-1, -1, -1, -1, -1, -1, -1, -1, -1, -1], ""neup_cluster"": [-1, -1, -1, -1, -1, -1, -1, -1, -1, -1], ""ddif_cluster"": [-1, -1, -1, -1, -1, -1, -1, -1, -1, -1], ""ensemble_cluster"": [-1, -1, -1, -1, -1, -1, -1, -1, -1, -1]}"
441,deepsight,deepsight_final_filter,"[2, 10, 81, 56, 88, 36, 62, 99, 93, 85]",[],"{""n_exceeds"": [10, 5, 33, 36, 23, 29, 26, 15, 29, 20], ""classification_boundary"": 12.25, ""identified_mals"": [1, 1, 0, 0, 0, 0, 0, 0, 0, 0], ""clusters"": [-1, -1, -1, -1, -1, -1, -1, -1, -1, -1], ""deleted_cluster_ids"": []}"
442,deepsight,deepsight_ensemble_cluster,"[3, 25, 99, 13, 81, 6, 89, 30, 21, 90]",[],"{""cosine_cluster"": [-1, -1, -1, -1, -1, -1, -1, -1, -1, -1], ""neup_cluster"": [-1, -1, -1, -1, -1, -1, -1, -1, -1, -1], ""ddif_cluster"": [-1, -1, -1, -1, -1, -1, -1, -1, -1, -1], ""ensemble_cluster"": [-1, -1, -1, -1, -1, -1, -1, -1, -1, -1]}"
442,deepsight,deepsight_final_filter,"[3, 25, 99, 13, 81, 6, 89, 30, 21, 90]",[],"{""n_exceeds"": [49, 36, 13, 6, 20, 17, 18, 17, 14, 27], ""classification_boundary"": 8.75, ""identified_mals"": [0, 0, 0, 1, 0, 0, 0, 0, 0, 0], ""clusters"": [-1, -1, -1, -1, -1, -1, -1, -1, -1, -1], ""deleted_cluster_ids"": []}"
443,deepsight,deepsight_ensemble_cluster,"[1, 16, 75, 59, 52, 61, 8, 21, 47, 40]",[],"{""cosine_cluster"": [-1, -1, -1, -1, -1, -1, -1, -1, -1, -1], ""neup_cluster"": [-1, -1, -1, -1, -1, -1, -1, -1, -1, -1], ""ddif_cluster"": [-1, -1, -1, -1, -1, -1, -1, -1, -1, -1], ""ensemble_cluster"": [-1, -1, -1, -1, -1, -1, -1, -1, -1, -1]}"
443,deepsight,deepsight_final_filter,"[1, 16, 75, 59, 52, 61, 8, 21, 47, 40]",[],"{""n_exceeds"": [7, 8, 14, 4, 11, 10, 14, 7, 16, 1], ""classification_boundary"": 4.5, ""identified_mals"": [0, 0, 0, 1, 0, 0, 0, 0, 0, 1], ""clusters"": [-1, -1, -1, -1, -1, -1, -1, -1, -1, -1], ""deleted_cluster_ids"": []}"
444,deepsight,deepsight_ensemble_cluster,"[3, 13, 53, 66, 33, 38, 36, 49, 76, 54]",[],"{""cosine_cluster"": [-1, -1, -1, -1, -1, -1, -1, -1, -1, -1], ""neup_cluster"": [-1, -1, -1, -1, -1, -1, -1, -1, -1, -1], ""ddif_cluster"": [-1, -1, -1, -1, -1, -1, -1, -1, -1, -1], ""ensemble_cluster"": [-1, -1, -1, -1, -1, -1, -1, -1, -1, -1]}"
444,deepsight,deepsight_final_filter,"[3, 13, 53, 66, 33, 38, 36, 49, 76, 54]",[],"{""n_exceeds"": [49, 6, 27, 21, 1, 29, 26, 35, 1, 9], ""classification_boundary"": 11.75, ""identified_mals"": [0, 1, 0, 0, 1, 0, 0, 0, 1, 1], ""clusters"": [-1, -1, -1, -1, -1, -1, -1, -1, -1, -1], ""deleted_cluster_ids"": [-1]}"
445,deepsight,deepsight_ensemble_cluster,"[2, 47, 98, 83, 65, 78, 24, 33, 88, 40]",[],"{""cosine_cluster"": [-1, -1, -1, -1, -1, -1, -1, -1, -1, -1], ""neup_cluster"": [-1, -1, -1, -1, -1, -1, -1, -1, -1, -1], ""ddif_cluster"": [-1, -1, -1, -1, -1, -1, -1, -1, -1, -1], ""ensemble_cluster"": [-1, -1, -1, -1, -1, -1, -1, -1, -1, -1]}"
445,deepsight,deepsight_final_filter,"[2, 47, 98, 83, 65, 78, 24, 33, 88, 40]",[],"{""n_exceeds"": [11, 17, 16, 16, 19, 25, 23, 1, 13, 6], ""classification_boundary"": 8.0, ""identified_mals"": [0, 0, 0, 0, 0, 0, 0, 1, 0, 1], ""clusters"": [-1, -1, -1, -1, -1, -1, -1, -1, -1, -1], ""deleted_cluster_ids"": []}"
446,deepsight,deepsight_ensemble_cluster,"[0, 86, 70, 30, 24, 66, 99, 9, 12, 31]",[],"{""cosine_cluster"": [-1, -1, -1, -1, -1, -1, -1, -1, -1, -1], ""neup_cluster"": [-1, -1, -1, -1, -1, -1, -1, -1, -1, -1], ""ddif_cluster"": [-1, -1, -1, -1, -1, -1, -1, -1, -1, -1], ""ensemble_cluster"": [-1, -1, -1, -1, -1, -1, -1, -1, -1, -1]}"
446,deepsight,deepsight_final_filter,"[0, 86, 70, 30, 24, 66, 99, 9, 12, 31]",[],"{""n_exceeds"": [20, 23, 27, 17, 33, 14, 7, 24, 32, 16], ""classification_boundary"": 10.75, ""identified_mals"": [0, 0, 0, 0, 0, 0, 1, 0, 0, 0], ""clusters"": [-1, -1, -1, -1, -1, -1, -1, -1, -1, -1], ""deleted_cluster_ids"": []}"
447,deepsight,deepsight_ensemble_cluster,"[3, 81, 17, 35, 96, 88, 36, 99, 64, 92]",[],"{""cosine_cluster"": [-1, -1, -1, -1, -1, -1, -1, -1, -1, -1], ""neup_cluster"": [-1, -1, -1, -1, -1, -1, -1, -1, -1, -1], ""ddif_cluster"": [-1, -1, -1, -1, -1, -1, -1, -1, -1, -1], ""ensemble_cluster"": [-1, -1, -1, -1, -1, -1, -1, -1, -1, -1]}"
447,deepsight,deepsight_final_filter,"[3, 81, 17, 35, 96, 88, 36, 99, 64, 92]",[],"{""n_exceeds"": [48, 22, 13, 9, 12, 18, 20, 12, 33, 17], ""classification_boundary"": 8.75, ""identified_mals"": [0, 0, 0, 0, 0, 0, 0, 0, 0, 0], ""clusters"": [-1, -1, -1, -1, -1, -1, -1, -1, -1, -1], ""deleted_cluster_ids"": []}"
448,deepsight,deepsight_ensemble_cluster,"[4, 91, 21, 75, 59, 96, 92, 42, 74, 12]",[],"{""cosine_cluster"": [-1, -1, -1, -1, -1, -1, -1, -1, -1, -1], ""neup_cluster"": [-1, -1, -1, -1, -1, -1, -1, -1, -1, -1], ""ddif_cluster"": [-1, -1, -1, -1, -1, -1, -1, -1, -1, -1], ""ensemble_cluster"": [-1, -1, -1, -1, -1, -1, -1, -1, -1, -1]}"
448,deepsight,deepsight_final_filter,"[4, 91, 21, 75, 59, 96, 92, 42, 74, 12]",[],"{""n_exceeds"": [37, 7, 15, 17, 3, 31, 15, 21, 15, 39], ""classification_boundary"": 8.0, ""identified_mals"": [0, 1, 0, 0, 1, 0, 0, 0, 0, 0], ""clusters"": [-1, -1, -1, -1, -1, -1, -1, -1, -1, -1], ""deleted_cluster_ids"": []}"
449,deepsight,deepsight_ensemble_cluster,"[2, 39, 68, 74, 40, 3, 0, 85, 50, 44]",[],"{""cosine_cluster"": [-1, -1, -1, -1, -1, -1, -1, -1, -1, -1], ""neup_cluster"": [-1, -1, -1, -1, -1, -1, -1, -1, -1, -1], ""ddif_cluster"": [-1, -1, -1, -1, -1, -1, -1, -1, -1, -1], ""ensemble_cluster"": [-1, -1, -1, -1, -1, -1, -1, -1, -1, -1]}"
449,deepsight,deepsight_final_filter,"[2, 39, 68, 74, 40, 3, 0, 85, 50, 44]",[],"{""n_exceeds"": [19, 31, 1, 8, 7, 50, 11, 17, 19, 4], ""classification_boundary"": 7.0, ""identified_mals"": [0, 0, 1, 0, 1, 0, 0, 0, 0, 1], ""clusters"": [-1, -1, -1, -1, -1, -1, -1, -1, -1, -1], ""deleted_cluster_ids"": []}"
450,deepsight,deepsight_ensemble_cluster,"[4, 33, 52, 31, 75, 20, 83, 96, 38, 72]",[],"{""cosine_cluster"": [-1, -1, -1, -1, -1, -1, -1, -1, -1, -1], ""neup_cluster"": [-1, -1, -1, -1, -1, -1, -1, -1, -1, -1], ""ddif_cluster"": [-1, -1, -1, -1, -1, -1, -1, -1, -1, -1], ""ensemble_cluster"": [-1, -1, -1, -1, -1, -1, -1, -1, -1, -1]}"
450,deepsight,deepsight_final_filter,"[4, 33, 52, 31, 75, 20, 83, 96, 38, 72]",[],"{""n_exceeds"": [15, 1, 16, 34, 18, 3, 11, 12, 26, 5], ""classification_boundary"": 6.75, ""identified_mals"": [0, 1, 0, 0, 0, 1, 0, 0, 0, 1], ""clusters"": [-1, -1, -1, -1, -1, -1, -1, -1, -1, -1], ""deleted_cluster_ids"": []}"
451,deepsight,deepsight_ensemble_cluster,"[4, 64, 72, 2, 83, 62, 97, 32, 51, 86]",[],"{""cosine_cluster"": [-1, -1, -1, -1, -1, -1, -1, -1, -1, -1], ""neup_cluster"": [-1, -1, -1, -1, -1, -1, -1, -1, -1, -1], ""ddif_cluster"": [-1, -1, -1, -1, -1, -1, -1, -1, -1, -1], ""ensemble_cluster"": [-1, -1, -1, -1, -1, -1, -1, -1, -1, -1]}"
451,deepsight,deepsight_final_filter,"[4, 64, 72, 2, 83, 62, 97, 32, 51, 86]",[],"{""n_exceeds"": [23, 37, 8, 8, 9, 21, 25, 25, 6, 22], ""classification_boundary"": 10.75, ""identified_mals"": [0, 0, 1, 1, 1, 0, 0, 0, 1, 0], ""clusters"": [-1, -1, -1, -1, -1, -1, -1, -1, -1, -1], ""deleted_cluster_ids"": [-1]}"
452,deepsight,deepsight_ensemble_cluster,"[3, 54, 33, 74, 61, 27, 58, 68, 6, 42]",[],"{""cosine_cluster"": [-1, -1, -1, -1, -1, -1, -1, -1, -1, -1], ""neup_cluster"": [-1, -1, -1, -1, -1, -1, -1, -1, -1, -1], ""ddif_cluster"": [-1, -1, -1, -1, -1, -1, -1, -1, -1, -1], ""ensemble_cluster"": [-1, -1, -1, -1, -1, -1, -1, -1, -1, -1]}"
452,deepsight,deepsight_final_filter,"[3, 54, 33, 74, 61, 27, 58, 68, 6, 42]",[],"{""n_exceeds"": [53, 11, 1, 34, 5, 3, 15, 6, 12, 22], ""classification_boundary"": 5.75, ""identified_mals"": [0, 0, 1, 0, 1, 1, 0, 0, 0, 0], ""clusters"": [-1, -1, -1, -1, -1, -1, -1, -1, -1, -1], ""deleted_cluster_ids"": []}"
453,deepsight,deepsight_ensemble_cluster,"[1, 36, 19, 45, 15, 73, 13, 69, 59, 16]",[],"{""cosine_cluster"": [-1, -1, -1, -1, -1, -1, -1, -1, -1, -1], ""neup_cluster"": [-1, -1, -1, -1, -1, -1, -1, -1, -1, -1], ""ddif_cluster"": [-1, -1, -1, -1, -1, -1, -1, -1, -1, -1], ""ensemble_cluster"": [-1, -1, -1, -1, -1, -1, -1, -1, -1, -1]}"
453,deepsight,deepsight_final_filter,"[1, 36, 19, 45, 15, 73, 13, 69, 59, 16]",[],"{""n_exceeds"": [9, 31, 38, 16, 27, 9, 5, 23, 3, 17], ""classification_boundary"": 8.25, ""identified_mals"": [0, 0, 0, 0, 0, 0, 1, 0, 1, 0], ""clusters"": [-1, -1, -1, -1, -1, -1, -1, -1, -1, -1], ""deleted_cluster_ids"": []}"
454,deepsight,deepsight_ensemble_cluster,"[3, 17, 69, 74, 58, 40, 57, 56, 59, 55]",[],"{""cosine_cluster"": [-1, -1, -1, -1, -1, -1, -1, -1, -1, -1], ""neup_cluster"": [-1, -1, -1, -1, -1, -1, -1, -1, -1, -1], ""ddif_cluster"": [-1, -1, -1, -1, -1, -1, -1, -1, -1, -1], ""ensemble_cluster"": [-1, -1, -1, -1, -1, -1, -1, -1, -1, -1]}"
454,deepsight,deepsight_final_filter,"[3, 17, 69, 74, 58, 40, 57, 56, 59, 55]",[],"{""n_exceeds"": [54, 15, 18, 25, 23, 4, 20, 11, 2, 15], ""classification_boundary"": 8.25, ""identified_mals"": [0, 0, 0, 0, 0, 1, 0, 0, 1, 0], ""clusters"": [-1, -1, -1, -1, -1, -1, -1, -1, -1, -1], ""deleted_cluster_ids"": []}"
455,deepsight,deepsight_ensemble_cluster,"[3, 97, 8, 89, 79, 11, 76, 16, 77, 25]",[],"{""cosine_cluster"": [-1, -1, -1, -1, -1, -1, -1, -1, -1, -1], ""neup_cluster"": [-1, -1, -1, -1, -1, -1, -1, -1, -1, -1], ""ddif_cluster"": [-1, -1, -1, -1, -1, -1, -1, -1, -1, -1], ""ensemble_cluster"": [-1, -1, -1, -1, -1, -1, -1, -1, -1, -1]}"
455,deepsight,deepsight_final_filter,"[3, 97, 8, 89, 79, 11, 76, 16, 77, 25]",[],"{""n_exceeds"": [48, 24, 16, 40, 8, 32, 3, 13, 3, 22], ""classification_boundary"": 9.5, ""identified_mals"": [0, 0, 0, 0, 1, 0, 1, 0, 1, 0], ""clusters"": [-1, -1, -1, -1, -1, -1, -1, -1, -1, -1], ""deleted_cluster_ids"": []}"
456,deepsight,deepsight_ensemble_cluster,"[2, 21, 49, 33, 17, 44, 74, 85, 84, 79]",[],"{""cosine_cluster"": [-1, -1, -1, -1, -1, -1, -1, -1, -1, -1], ""neup_cluster"": [-1, -1, -1, -1, -1, -1, -1, -1, -1, -1], ""ddif_cluster"": [-1, -1, -1, -1, -1, -1, -1, -1, -1, -1], ""ensemble_cluster"": [-1, -1, -1, -1, -1, -1, -1, -1, -1, -1]}"
456,deepsight,deepsight_final_filter,"[2, 21, 49, 33, 17, 44, 74, 85, 84, 79]",[],"{""n_exceeds"": [11, 10, 37, 1, 12, 10, 18, 13, 27, 12], ""classification_boundary"": 6.0, ""identified_mals"": [0, 0, 0, 1, 0, 0, 0, 0, 0, 0], ""clusters"": [-1, -1, -1, -1, -1, -1, -1, -1, -1, -1], ""deleted_cluster_ids"": []}"
457,deepsight,deepsight_ensemble_cluster,"[1, 15, 58, 56, 75, 64, 2, 68, 46, 54]",[],"{""cosine_cluster"": [-1, -1, -1, -1, -1, -1, -1, -1, -1, -1], ""neup_cluster"": [-1, -1, -1, -1, -1, -1, -1, -1, -1, -1], ""ddif_cluster"": [-1, -1, -1, -1, -1, -1, -1, -1, -1, -1], ""ensemble_cluster"": [-1, -1, -1, -1, -1, -1, -1, -1, -1, -1]}"
457,deepsight,deepsight_final_filter,"[1, 15, 58, 56, 75, 64, 2, 68, 46, 54]",[],"{""n_exceeds"": [20, 27, 19, 17, 19, 31, 7, 5, 30, 10], ""classification_boundary"": 9.5, ""identified_mals"": [0, 0, 0, 0, 0, 0, 1, 1, 0, 0], ""clusters"": [-1, -1, -1, -1, -1, -1, -1, -1, -1, -1], ""deleted_cluster_ids"": []}"
458,deepsight,deepsight_ensemble_cluster,"[3, 41, 74, 15, 4, 81, 48, 84, 56, 94]",[],"{""cosine_cluster"": [-1, -1, -1, -1, -1, -1, -1, -1, -1, -1], ""neup_cluster"": [-1, -1, -1, -1, -1, -1, -1, -1, -1, -1], ""ddif_cluster"": [-1, -1, -1, -1, -1, -1, -1, -1, -1, -1], ""ensemble_cluster"": [-1, -1, -1, -1, -1, -1, -1, -1, -1, -1]}"
458,deepsight,deepsight_final_filter,"[3, 41, 74, 15, 4, 81, 48, 84, 56, 94]",[],"{""n_exceeds"": [42, 4, 16, 22, 28, 16, 16, 16, 31, 28], ""classification_boundary"": 9.5, ""identified_mals"": [0, 1, 0, 0, 0, 0, 0, 0, 0, 0], ""clusters"": [-1, -1, -1, -1, -1, -1, -1, -1, -1, -1], ""deleted_cluster_ids"": []}"
459,deepsight,deepsight_ensemble_cluster,"[1, 94, 76, 84, 86, 54, 63, 6, 85, 39]",[],"{""cosine_cluster"": [-1, -1, -1, -1, -1, -1, -1, -1, -1, -1], ""neup_cluster"": [-1, -1, -1, -1, -1, -1, -1, -1, -1, -1], ""ddif_cluster"": [-1, -1, -1, -1, -1, -1, -1, -1, -1, -1], ""ensemble_cluster"": [-1, -1, -1, -1, -1, -1, -1, -1, -1, -1]}"
459,deepsight,deepsight_final_filter,"[1, 94, 76, 84, 86, 54, 63, 6, 85, 39]",[],"{""n_exceeds"": [5, 28, 3, 22, 13, 8, 43, 13, 17, 37], ""classification_boundary"": 7.5, ""identified_mals"": [1, 0, 1, 0, 0, 0, 0, 0, 0, 0], ""clusters"": [-1, -1, -1, -1, -1, -1, -1, -1, -1, -1], ""deleted_cluster_ids"": []}"
460,deepsight,deepsight_ensemble_cluster,"[2, 58, 62, 15, 35, 5, 46, 60, 8, 18]",[],"{""cosine_cluster"": [-1, -1, -1, -1, -1, -1, -1, -1, -1, -1], ""neup_cluster"": [-1, -1, -1, -1, -1, -1, -1, -1, -1, -1], ""ddif_cluster"": [-1, -1, -1, -1, -1, -1, -1, -1, -1, -1], ""ensemble_cluster"": [-1, -1, -1, -1, -1, -1, -1, -1, -1, -1]}"
460,deepsight,deepsight_final_filter,"[2, 58, 62, 15, 35, 5, 46, 60, 8, 18]",[],"{""n_exceeds"": [7, 15, 22, 25, 2, 16, 43, 7, 12, 20], ""classification_boundary"": 7.75, ""identified_mals"": [1, 0, 0, 0, 1, 0, 0, 1, 0, 0], ""clusters"": [-1, -1, -1, -1, -1, -1, -1, -1, -1, -1], ""deleted_cluster_ids"": []}"
461,deepsight,deepsight_ensemble_cluster,"[2, 96, 3, 90, 11, 47, 48, 37, 33, 80]",[],"{""cosine_cluster"": [-1, -1, -1, -1, -1, -1, -1, -1, -1, -1], ""neup_cluster"": [-1, -1, -1, -1, -1, -1, -1, -1, -1, -1], ""ddif_cluster"": [-1, -1, -1, -1, -1, -1, -1, -1, -1, -1], ""ensemble_cluster"": [-1, -1, -1, -1, -1, -1, -1, -1, -1, -1]}"
461,deepsight,deepsight_final_filter,"[2, 96, 3, 90, 11, 47, 48, 37, 33, 80]",[],"{""n_exceeds"": [15, 5, 56, 28, 36, 17, 24, 20, 1, 18], ""classification_boundary"": 9.5, ""identified_mals"": [0, 1, 0, 0, 0, 0, 0, 0, 1, 0], ""clusters"": [-1, -1, -1, -1, -1, -1, -1, -1, -1, -1], ""deleted_cluster_ids"": []}"
462,deepsight,deepsight_ensemble_cluster,"[2, 5, 82, 80, 89, 69, 42, 59, 17, 48]",[],"{""cosine_cluster"": [-1, -1, -1, -1, -1, -1, -1, -1, -1, -1], ""neup_cluster"": [-1, -1, -1, -1, -1, -1, -1, -1, -1, -1], ""ddif_cluster"": [-1, -1, -1, -1, -1, -1, -1, -1, -1, -1], ""ensemble_cluster"": [-1, -1, -1, -1, -1, -1, -1, -1, -1, -1]}"
462,deepsight,deepsight_final_filter,"[2, 5, 82, 80, 89, 69, 42, 59, 17, 48]",[],"{""n_exceeds"": [12, 25, 10, 22, 21, 20, 26, 4, 20, 19], ""classification_boundary"": 10.0, ""identified_mals"": [0, 0, 1, 0, 0, 0, 0, 1, 0, 0], ""clusters"": [-1, -1, -1, -1, -1, -1, -1, -1, -1, -1], ""deleted_cluster_ids"": []}"
463,deepsight,deepsight_ensemble_cluster,"[3, 81, 28, 63, 34, 35, 96, 71, 46, 44]",[],"{""cosine_cluster"": [-1, -1, -1, -1, -1, -1, -1, -1, -1, -1], ""neup_cluster"": [-1, -1, -1, -1, -1, -1, -1, -1, -1, -1], ""ddif_cluster"": [-1, -1, -1, -1, -1, -1, -1, -1, -1, -1], ""ensemble_cluster"": [-1, -1, -1, -1, -1, -1, -1, -1, -1, -1]}"
463,deepsight,deepsight_final_filter,"[3, 81, 28, 63, 34, 35, 96, 71, 46, 44]",[],"{""n_exceeds"": [45, 26, 12, 25, 13, 10, 13, 1, 40, 11], ""classification_boundary"": 6.5, ""identified_mals"": [0, 0, 0, 0, 0, 0, 0, 1, 0, 0], ""clusters"": [-1, -1, -1, -1, -1, -1, -1, -1, -1, -1], ""deleted_cluster_ids"": []}"
464,deepsight,deepsight_ensemble_cluster,"[2, 91, 86, 84, 61, 50, 97, 87, 53, 27]",[],"{""cosine_cluster"": [-1, -1, -1, -1, -1, -1, -1, -1, -1, -1], ""neup_cluster"": [-1, -1, -1, -1, -1, -1, -1, -1, -1, -1], ""ddif_cluster"": [-1, -1, -1, -1, -1, -1, -1, -1, -1, -1], ""ensemble_cluster"": [-1, -1, -1, -1, -1, -1, -1, -1, -1, -1]}"
464,deepsight,deepsight_final_filter,"[2, 91, 86, 84, 61, 50, 97, 87, 53, 27]",[],"{""n_exceeds"": [12, 6, 7, 22, 10, 18, 21, 23, 20, 14], ""classification_boundary"": 8.0, ""identified_mals"": [0, 1, 1, 0, 0, 0, 0, 0, 0, 0], ""clusters"": [-1, -1, -1, -1, -1, -1, -1, -1, -1, -1], ""deleted_cluster_ids"": []}"
465,deepsight,deepsight_ensemble_cluster,"[1, 44, 89, 35, 24, 0, 91, 43, 4, 73]",[],"{""cosine_cluster"": [-1, -1, -1, -1, -1, -1, -1, -1, -1, -1], ""neup_cluster"": [-1, -1, -1, -1, -1, -1, -1, -1, -1, -1], ""ddif_cluster"": [-1, -1, -1, -1, -1, -1, -1, -1, -1, -1], ""ensemble_cluster"": [-1, -1, -1, -1, -1, -1, -1, -1, -1, -1]}"
465,deepsight,deepsight_final_filter,"[1, 44, 89, 35, 24, 0, 91, 43, 4, 73]",[],"{""n_exceeds"": [21, 12, 30, 4, 38, 8, 7, 13, 34, 3], ""classification_boundary"": 6.25, ""identified_mals"": [0, 0, 0, 1, 0, 0, 0, 0, 0, 1], ""clusters"": [-1, -1, -1, -1, -1, -1, -1, -1, -1, -1], ""deleted_cluster_ids"": []}"
466,deepsight,deepsight_ensemble_cluster,"[2, 28, 1, 88, 58, 21, 61, 94, 17, 68]",[],"{""cosine_cluster"": [-1, -1, -1, -1, -1, -1, -1, -1, -1, -1], ""neup_cluster"": [-1, -1, -1, -1, -1, -1, -1, -1, -1, -1], ""ddif_cluster"": [-1, -1, -1, -1, -1, -1, -1, -1, -1, -1], ""ensemble_cluster"": [-1, -1, -1, -1, -1, -1, -1, -1, -1, -1]}"
466,deepsight,deepsight_final_filter,"[2, 28, 1, 88, 58, 21, 61, 94, 17, 68]",[],"{""n_exceeds"": [11, 12, 28, 24, 10, 19, 10, 23, 11, 10], ""classification_boundary"": 5.75, ""identified_mals"": [0, 0, 0, 0, 0, 0, 0, 0, 0, 0], ""clusters"": [-1, -1, -1, -1, -1, -1, -1, -1, -1, -1], ""deleted_cluster_ids"": []}"
467,deepsight,deepsight_ensemble_cluster,"[1, 61, 50, 74, 42, 87, 65, 72, 64, 8]",[],"{""cosine_cluster"": [-1, -1, -1, -1, -1, -1, -1, -1, -1, -1], ""neup_cluster"": [-1, -1, -1, -1, -1, -1, -1, -1, -1, -1], ""ddif_cluster"": [-1, -1, -1, -1, -1, -1, -1, -1, -1, -1], ""ensemble_cluster"": [-1, -1, -1, -1, -1, -1, -1, -1, -1, -1]}"
467,deepsight,deepsight_final_filter,"[1, 61, 50, 74, 42, 87, 65, 72, 64, 8]",[],"{""n_exceeds"": [14, 15, 9, 20, 30, 30, 18, 5, 24, 13], ""classification_boundary"": 8.25, ""identified_mals"": [0, 0, 0, 0, 0, 0, 0, 1, 0, 0], ""clusters"": [-1, -1, -1, -1, -1, -1, -1, -1, -1, -1], ""deleted_cluster_ids"": []}"
468,deepsight,deepsight_ensemble_cluster,"[4, 75, 35, 21, 95, 83, 55, 52, 2, 31]",[],"{""cosine_cluster"": [-1, -1, -1, -1, -1, -1, -1, -1, -1, -1], ""neup_cluster"": [-1, -1, -1, -1, -1, -1, -1, -1, -1, -1], ""ddif_cluster"": [-1, -1, -1, -1, -1, -1, -1, -1, -1, -1], ""ensemble_cluster"": [-1, -1, -1, -1, -1, -1, -1, -1, -1, -1]}"
468,deepsight,deepsight_final_filter,"[4, 75, 35, 21, 95, 83, 55, 52, 2, 31]",[],"{""n_exceeds"": [36, 16, 5, 19, 25, 11, 18, 15, 16, 22], ""classification_boundary"": 8.5, ""identified_mals"": [0, 0, 1, 0, 0, 0, 0, 0, 0, 0], ""clusters"": [-1, -1, -1, -1, -1, -1, -1, -1, -1, -1], ""deleted_cluster_ids"": []}"
469,deepsight,deepsight_ensemble_cluster,"[3, 55, 79, 70, 4, 82, 24, 60, 56, 88]",[],"{""cosine_cluster"": [-1, -1, -1, -1, -1, -1, -1, -1, -1, -1], ""neup_cluster"": [-1, -1, -1, -1, -1, -1, -1, -1, -1, -1], ""ddif_cluster"": [-1, -1, -1, -1, -1, -1, -1, -1, -1, -1], ""ensemble_cluster"": [-1, -1, -1, -1, -1, -1, -1, -1, -1, -1]}"
469,deepsight,deepsight_final_filter,"[3, 55, 79, 70, 4, 82, 24, 60, 56, 88]",[],"{""n_exceeds"": [56, 23, 6, 11, 9, 10, 39, 7, 16, 5], ""classification_boundary"": 5.25, ""identified_mals"": [0, 0, 0, 0, 0, 0, 0, 0, 0, 1], ""clusters"": [-1, -1, -1, -1, -1, -1, -1, -1, -1, -1], ""deleted_cluster_ids"": []}"
470,deepsight,deepsight_ensemble_cluster,"[2, 34, 70, 23, 83, 99, 77, 37, 26, 89]",[],"{""cosine_cluster"": [-1, -1, -1, -1, -1, -1, -1, -1, -1, -1], ""neup_cluster"": [-1, -1, -1, -1, -1, -1, -1, -1, -1, -1], ""ddif_cluster"": [-1, -1, -1, -1, -1, -1, -1, -1, -1, -1], ""ensemble_cluster"": [-1, -1, -1, -1, -1, -1, -1, -1, -1, -1]}"
470,deepsight,deepsight_final_filter,"[2, 34, 70, 23, 83, 99, 77, 37, 26, 89]",[],"{""n_exceeds"": [11, 12, 20, 7, 14, 9, 9, 26, 5, 23], ""classification_boundary"": 5.75, ""identified_mals"": [0, 0, 0, 0, 0, 0, 0, 0, 1, 0], ""clusters"": [-1, -1, -1, -1, -1, -1, -1, -1, -1, -1], ""deleted_cluster_ids"": []}"
471,deepsight,deepsight_ensemble_cluster,"[2, 6, 8, 62, 78, 51, 14, 56, 46, 29]",[],"{""cosine_cluster"": [-1, -1, -1, -1, -1, -1, -1, -1, -1, -1], ""neup_cluster"": [-1, -1, -1, -1, -1, -1, -1, -1, -1, -1], ""ddif_cluster"": [-1, -1, -1, -1, -1, -1, -1, -1, -1, -1], ""ensemble_cluster"": [-1, -1, -1, -1, -1, -1, -1, -1, -1, -1]}"
471,deepsight,deepsight_final_filter,"[2, 6, 8, 62, 78, 51, 14, 56, 46, 29]",[],"{""n_exceeds"": [16, 13, 13, 20, 15, 4, 17, 23, 37, 23], ""classification_boundary"": 8.25, ""identified_mals"": [0, 0, 0, 0, 0, 1, 0, 0, 0, 0], ""clusters"": [-1, -1, -1, -1, -1, -1, -1, -1, -1, -1], ""deleted_cluster_ids"": []}"
472,deepsight,deepsight_ensemble_cluster,"[3, 64, 60, 88, 68, 33, 18, 36, 63, 14]",[],"{""cosine_cluster"": [-1, -1, -1, -1, -1, -1, -1, -1, -1, -1], ""neup_cluster"": [-1, -1, -1, -1, -1, -1, -1, -1, -1, -1], ""ddif_cluster"": [-1, -1, -1, -1, -1, -1, -1, -1, -1, -1], ""ensemble_cluster"": [-1, -1, -1, -1, -1, -1, -1, -1, -1, -1]}"
472,deepsight,deepsight_final_filter,"[3, 64, 60, 88, 68, 33, 18, 36, 63, 14]",[],"{""n_exceeds"": [48, 25, 7, 11, 5, 1, 26, 16, 34, 19], ""classification_boundary"": 8.75, ""identified_mals"": [0, 0, 1, 0, 1, 1, 0, 0, 0, 0], ""clusters"": [-1, -1, -1, -1, -1, -1, -1, -1, -1, -1], ""deleted_cluster_ids"": []}"
473,deepsight,deepsight_ensemble_cluster,"[3, 37, 73, 9, 76, 15, 50, 25, 88, 55]",[],"{""cosine_cluster"": [-1, -1, -1, -1, -1, -1, -1, -1, -1, -1], ""neup_cluster"": [-1, -1, -1, -1, -1, -1, -1, -1, -1, -1], ""ddif_cluster"": [-1, -1, -1, -1, -1, -1, -1, -1, -1, -1], ""ensemble_cluster"": [-1, -1, -1, -1, -1, -1, -1, -1, -1, -1]}"
473,deepsight,deepsight_final_filter,"[3, 37, 73, 9, 76, 15, 50, 25, 88, 55]",[],"{""n_exceeds"": [48, 26, 4, 19, 1, 21, 26, 8, 13, 18], ""classification_boundary"": 9.25, ""identified_mals"": [0, 0, 1, 0, 1, 0, 0, 1, 0, 0], ""clusters"": [-1, -1, -1, -1, -1, -1, -1, -1, -1, -1], ""deleted_cluster_ids"": []}"
474,deepsight,deepsight_ensemble_cluster,"[4, 43, 2, 88, 61, 23, 44, 78, 45, 5]",[],"{""cosine_cluster"": [-1, -1, -1, -1, -1, -1, -1, -1, -1, -1], ""neup_cluster"": [-1, -1, -1, -1, -1, -1, -1, -1, -1, -1], ""ddif_cluster"": [-1, -1, -1, -1, -1, -1, -1, -1, -1, -1], ""ensemble_cluster"": [-1, -1, -1, -1, -1, -1, -1, -1, -1, -1]}"
474,deepsight,deepsight_final_filter,"[4, 43, 2, 88, 61, 23, 44, 78, 45, 5]",[],"{""n_exceeds"": [29, 12, 21, 20, 11, 5, 12, 25, 16, 21], ""classification_boundary"": 9.0, ""identified_mals"": [0, 0, 0, 0, 0, 1, 0, 0, 0, 0], ""clusters"": [-1, -1, -1, -1, -1, -1, -1, -1, -1, -1], ""deleted_cluster_ids"": []}"
475,deepsight,deepsight_ensemble_cluster,"[0, 50, 78, 10, 45, 55, 79, 61, 68, 8]",[],"{""cosine_cluster"": [-1, -1, -1, -1, -1, -1, -1, -1, -1, -1], ""neup_cluster"": [-1, -1, -1, -1, -1, -1, -1, -1, -1, -1], ""ddif_cluster"": [-1, -1, -1, -1, -1, -1, -1, -1, -1, -1], ""ensemble_cluster"": [-1, -1, -1, -1, -1, -1, -1, -1, -1, -1]}"
475,deepsight,deepsight_final_filter,"[0, 50, 78, 10, 45, 55, 79, 61, 68, 8]",[],"{""n_exceeds"": [14, 24, 27, 4, 7, 29, 9, 17, 7, 18], ""classification_boundary"": 7.75, ""identified_mals"": [0, 0, 0, 1, 1, 0, 0, 0, 1, 0], ""clusters"": [-1, -1, -1, -1, -1, -1, -1, -1, -1, -1], ""deleted_cluster_ids"": []}"
476,deepsight,deepsight_ensemble_cluster,"[3, 80, 66, 19, 27, 7, 62, 86, 6, 2]",[],"{""cosine_cluster"": [-1, -1, -1, -1, -1, -1, -1, -1, -1, -1], ""neup_cluster"": [-1, -1, -1, -1, -1, -1, -1, -1, -1, -1], ""ddif_cluster"": [-1, -1, -1, -1, -1, -1, -1, -1, -1, -1], ""ensemble_cluster"": [-1, -1, -1, -1, -1, -1, -1, -1, -1, -1]}"
476,deepsight,deepsight_final_filter,"[3, 80, 66, 19, 27, 7, 62, 86, 6, 2]",[],"{""n_exceeds"": [45, 24, 18, 45, 18, 14, 27, 11, 13, 10], ""classification_boundary"": 9.0, ""identified_mals"": [0, 0, 0, 0, 0, 0, 0, 0, 0, 0], ""clusters"": [-1, -1, -1, -1, -1, -1, -1, -1, -1, -1], ""deleted_cluster_ids"": []}"
477,deepsight,deepsight_ensemble_cluster,"[4, 9, 26, 28, 97, 96, 40, 95, 75, 2]",[],"{""cosine_cluster"": [-1, -1, -1, -1, -1, -1, -1, -1, -1, -1], ""neup_cluster"": [-1, -1, -1, -1, -1, -1, -1, -1, -1, -1], ""ddif_cluster"": [-1, -1, -1, -1, -1, -1, -1, -1, -1, -1], ""ensemble_cluster"": [-1, -1, -1, -1, -1, -1, -1, -1, -1, -1]}"
477,deepsight,deepsight_final_filter,"[4, 9, 26, 28, 97, 96, 40, 95, 75, 2]",[],"{""n_exceeds"": [53, 24, 9, 12, 23, 12, 2, 40, 18, 19], ""classification_boundary"": 9.25, ""identified_mals"": [0, 0, 1, 0, 0, 0, 1, 0, 0, 0], ""clusters"": [-1, -1, -1, -1, -1, -1, -1, -1, -1, -1], ""deleted_cluster_ids"": []}"
478,deepsight,deepsight_ensemble_cluster,"[1, 27, 99, 62, 39, 30, 23, 56, 74, 92]",[],"{""cosine_cluster"": [-1, -1, -1, -1, -1, -1, -1, -1, -1, -1], ""neup_cluster"": [-1, -1, -1, -1, -1, -1, -1, -1, -1, -1], ""ddif_cluster"": [-1, -1, -1, -1, -1, -1, -1, -1, -1, -1], ""ensemble_cluster"": [-1, -1, -1, -1, -1, -1, -1, -1, -1, -1]}"
478,deepsight,deepsight_final_filter,"[1, 27, 99, 62, 39, 30, 23, 56, 74, 92]",[],"{""n_exceeds"": [4, 6, 16, 34, 27, 19, 8, 27, 11, 13], ""classification_boundary"": 7.25, ""identified_mals"": [1, 1, 0, 0, 0, 0, 0, 0, 0, 0], ""clusters"": [-1, -1, -1, -1, -1, -1, -1, -1, -1, -1], ""deleted_cluster_ids"": []}"
479,deepsight,deepsight_ensemble_cluster,"[1, 98, 36, 80, 37, 13, 71, 0, 12, 90]",[],"{""cosine_cluster"": [-1, -1, -1, -1, -1, -1, -1, -1, -1, -1], ""neup_cluster"": [-1, -1, -1, -1, -1, -1, -1, -1, -1, -1], ""ddif_cluster"": [-1, -1, -1, -1, -1, -1, -1, -1, -1, -1], ""ensemble_cluster"": [-1, -1, -1, -1, -1, -1, -1, -1, -1, -1]}"
479,deepsight,deepsight_final_filter,"[1, 98, 36, 80, 37, 13, 71, 0, 12, 90]",[],"{""n_exceeds"": [10, 28, 28, 20, 25, 6, 1, 7, 35, 20], ""classification_boundary"": 10.0, ""identified_mals"": [1, 0, 0, 0, 0, 1, 1, 1, 0, 0], ""clusters"": [-1, -1, -1, -1, -1, -1, -1, -1, -1, -1], ""deleted_cluster_ids"": [-1]}"
480,deepsight,deepsight_ensemble_cluster,"[3, 87, 74, 82, 46, 79, 16, 83, 89, 23]",[],"{""cosine_cluster"": [-1, -1, -1, -1, -1, -1, -1, -1, -1, -1], ""neup_cluster"": [-1, -1, -1, -1, -1, -1, -1, -1, -1, -1], ""ddif_cluster"": [-1, -1, -1, -1, -1, -1, -1, -1, -1, -1], ""ensemble_cluster"": [-1, -1, -1, -1, -1, -1, -1, -1, -1, -1]}"
480,deepsight,deepsight_final_filter,"[3, 87, 74, 82, 46, 79, 16, 83, 89, 23]",[],"{""n_exceeds"": [53, 27, 26, 11, 34, 11, 9, 16, 20, 6], ""classification_boundary"": 9.0, ""identified_mals"": [0, 0, 0, 0, 0, 0, 1, 0, 0, 1], ""clusters"": [-1, -1, -1, -1, -1, -1, -1, -1, -1, -1], ""deleted_cluster_ids"": []}"
481,deepsight,deepsight_ensemble_cluster,"[4, 39, 54, 34, 6, 32, 9, 14, 70, 20]",[],"{""cosine_cluster"": [-1, -1, -1, -1, -1, -1, -1, -1, -1, -1], ""neup_cluster"": [-1, -1, -1, -1, -1, -1, -1, -1, -1, -1], ""ddif_cluster"": [-1, -1, -1, -1, -1, -1, -1, -1, -1, -1], ""ensemble_cluster"": [-1, -1, -1, -1, -1, -1, -1, -1, -1, -1]}"
481,deepsight,deepsight_final_filter,"[4, 39, 54, 34, 6, 32, 9, 14, 70, 20]",[],"{""n_exceeds"": [52, 28, 10, 12, 15, 22, 19, 14, 12, 4], ""classification_boundary"": 7.25, ""identified_mals"": [0, 0, 0, 0, 0, 0, 0, 0, 0, 1], ""clusters"": [-1, -1, -1, -1, -1, -1, -1, -1, -1, -1], ""deleted_cluster_ids"": []}"
482,deepsight,deepsight_ensemble_cluster,"[4, 60, 77, 13, 34, 56, 46, 76, 45, 11]",[],"{""cosine_cluster"": [-1, -1, -1, -1, -1, -1, -1, -1, -1, -1], ""neup_cluster"": [-1, -1, -1, -1, -1, -1, -1, -1, -1, -1], ""ddif_cluster"": [-1, -1, -1, -1, -1, -1, -1, -1, -1, -1], ""ensemble_cluster"": [-1, -1, -1, -1, -1, -1, -1, -1, -1, -1]}"
482,deepsight,deepsight_final_filter,"[4, 60, 77, 13, 34, 56, 46, 76, 45, 11]",[],"{""n_exceeds"": [45, 13, 7, 5, 11, 30, 41, 1, 17, 35], ""classification_boundary"": 7.5, ""identified_mals"": [0, 0, 1, 1, 0, 0, 0, 1, 0, 0], ""clusters"": [-1, -1, -1, -1, -1, -1, -1, -1, -1, -1], ""deleted_cluster_ids"": []}"
483,deepsight,deepsight_ensemble_cluster,"[1, 4, 25, 30, 73, 96, 8, 48, 78, 50]",[],"{""cosine_cluster"": [-1, -1, -1, -1, -1, -1, -1, -1, -1, -1], ""neup_cluster"": [-1, -1, -1, -1, -1, -1, -1, -1, -1, -1], ""ddif_cluster"": [-1, -1, -1, -1, -1, -1, -1, -1, -1, -1], ""ensemble_cluster"": [-1, -1, -1, -1, -1, -1, -1, -1, -1, -1]}"
483,deepsight,deepsight_final_filter,"[1, 4, 25, 30, 73, 96, 8, 48, 78, 50]",[],"{""n_exceeds"": [9, 50, 34, 17, 5, 22, 20, 19, 26, 23], ""classification_boundary"": 10.5, ""identified_mals"": [1, 0, 0, 0, 1, 0, 0, 0, 0, 0], ""clusters"": [-1, -1, -1, -1, -1, -1, -1, -1, -1, -1], ""deleted_cluster_ids"": []}"
484,deepsight,deepsight_ensemble_cluster,"[3, 88, 56, 83, 75, 33, 20, 28, 74, 38]",[],"{""cosine_cluster"": [-1, -1, -1, -1, -1, -1, -1, -1, -1, -1], ""neup_cluster"": [-1, -1, -1, -1, -1, -1, -1, -1, -1, -1], ""ddif_cluster"": [-1, -1, -1, -1, -1, -1, -1, -1, -1, -1], ""ensemble_cluster"": [-1, -1, -1, -1, -1, -1, -1, -1, -1, -1]}"
484,deepsight,deepsight_final_filter,"[3, 88, 56, 83, 75, 33, 20, 28, 74, 38]",[],"{""n_exceeds"": [47, 5, 22, 12, 18, 1, 3, 11, 19, 29], ""classification_boundary"": 7.5, ""identified_mals"": [0, 1, 0, 0, 0, 1, 1, 0, 0, 0], ""clusters"": [-1, -1, -1, -1, -1, -1, -1, -1, -1, -1], ""deleted_cluster_ids"": []}"
485,deepsight,deepsight_ensemble_cluster,"[1, 72, 87, 27, 93, 62, 46, 96, 37, 21]",[],"{""cosine_cluster"": [-1, -1, -1, -1, -1, -1, -1, -1, -1, -1], ""neup_cluster"": [-1, -1, -1, -1, -1, -1, -1, -1, -1, -1], ""ddif_cluster"": [-1, -1, -1, -1, -1, -1, -1, -1, -1, -1], ""ensemble_cluster"": [-1, -1, -1, -1, -1, -1, -1, -1, -1, -1]}"
485,deepsight,deepsight_final_filter,"[1, 72, 87, 27, 93, 62, 46, 96, 37, 21]",[],"{""n_exceeds"": [11, 5, 23, 9, 23, 12, 41, 24, 25, 14], ""classification_boundary"": 9.25, ""identified_mals"": [0, 1, 0, 1, 0, 0, 0, 0, 0, 0], ""clusters"": [-1, -1, -1, -1, -1, -1, -1, -1, -1, -1], ""deleted_cluster_ids"": []}"
486,deepsight,deepsight_ensemble_cluster,"[4, 65, 39, 50, 32, 61, 93, 62, 31, 40]",[],"{""cosine_cluster"": [-1, -1, -1, -1, -1, -1, -1, -1, -1, -1], ""neup_cluster"": [-1, -1, -1, -1, -1, -1, -1, -1, -1, -1], ""ddif_cluster"": [-1, -1, -1, -1, -1, -1, -1, -1, -1, -1], ""ensemble_cluster"": [-1, -1, -1, -1, -1, -1, -1, -1, -1, -1]}"
486,deepsight,deepsight_final_filter,"[4, 65, 39, 50, 32, 61, 93, 62, 31, 40]",[],"{""n_exceeds"": [46, 19, 28, 16, 31, 13, 26, 18, 13, 4], ""classification_boundary"": 9.25, ""identified_mals"": [0, 0, 0, 0, 0, 0, 0, 0, 0, 1], ""clusters"": [-1, -1, -1, -1, -1, -1, -1, -1, -1, -1], ""deleted_cluster_ids"": []}"
487,deepsight,deepsight_ensemble_cluster,"[4, 81, 42, 7, 95, 32, 1, 94, 23, 58]",[],"{""cosine_cluster"": [-1, -1, -1, -1, -1, -1, -1, -1, -1, -1], ""neup_cluster"": [-1, -1, -1, -1, -1, -1, -1, -1, -1, -1], ""ddif_cluster"": [-1, -1, -1, -1, -1, -1, -1, -1, -1, -1], ""ensemble_cluster"": [-1, -1, -1, -1, -1, -1, -1, -1, -1, -1]}"
487,deepsight,deepsight_final_filter,"[4, 81, 42, 7, 95, 32, 1, 94, 23, 58]",[],"{""n_exceeds"": [43, 19, 31, 14, 24, 25, 30, 22, 8, 16], ""classification_boundary"": 11.5, ""identified_mals"": [0, 0, 0, 0, 0, 0, 0, 0, 1, 0], ""clusters"": [-1, -1, -1, -1, -1, -1, -1, -1, -1, -1], ""deleted_cluster_ids"": []}"
488,deepsight,deepsight_ensemble_cluster,"[3, 18, 88, 11, 59, 74, 27, 10, 52, 21]",[],"{""cosine_cluster"": [-1, -1, -1, -1, -1, -1, -1, -1, -1, -1], ""neup_cluster"": [-1, -1, -1, -1, -1, -1, -1, -1, -1, -1], ""ddif_cluster"": [-1, -1, -1, -1, -1, -1, -1, -1, -1, -1], ""ensemble_cluster"": [-1, -1, -1, -1, -1, -1, -1, -1, -1, -1]}"
488,deepsight,deepsight_final_filter,"[3, 18, 88, 11, 59, 74, 27, 10, 52, 21]",[],"{""n_exceeds"": [48, 24, 12, 33, 3, 21, 9, 5, 17, 13], ""classification_boundary"": 7.5, ""identified_mals"": [0, 0, 0, 0, 1, 0, 0, 1, 0, 0], ""clusters"": [-1, -1, -1, -1, -1, -1, -1, -1, -1, -1], ""deleted_cluster_ids"": []}"
489,deepsight,deepsight_ensemble_cluster,"[2, 6, 43, 46, 26, 21, 55, 57, 80, 78]",[],"{""cosine_cluster"": [-1, -1, -1, -1, -1, -1, -1, -1, -1, -1], ""neup_cluster"": [-1, -1, -1, -1, -1, -1, -1, -1, -1, -1], ""ddif_cluster"": [-1, -1, -1, -1, -1, -1, -1, -1, -1, -1], ""ensemble_cluster"": [-1, -1, -1, -1, -1, -1, -1, -1, -1, -1]}"
489,deepsight,deepsight_final_filter,"[2, 6, 43, 46, 26, 21, 55, 57, 80, 78]",[],"{""n_exceeds"": [16, 12, 11, 40, 5, 15, 18, 10, 25, 19], ""classification_boundary"": 7.75, ""identified_mals"": [0, 0, 0, 0, 1, 0, 0, 0, 0, 0], ""clusters"": [-1, -1, -1, -1, -1, -1, -1, -1, -1, -1], ""deleted_cluster_ids"": []}"
490,deepsight,deepsight_ensemble_cluster,"[1, 36, 84, 82, 40, 87, 90, 66, 32, 89]",[],"{""cosine_cluster"": [-1, -1, -1, -1, -1, -1, -1, -1, -1, -1], ""neup_cluster"": [-1, -1, -1, -1, -1, -1, -1, -1, -1, -1], ""ddif_cluster"": [-1, -1, -1, -1, -1, -1, -1, -1, -1, -1], ""ensemble_cluster"": [-1, -1, -1, -1, -1, -1, -1, -1, -1, -1]}"
490,deepsight,deepsight_final_filter,"[1, 36, 84, 82, 40, 87, 90, 66, 32, 89]",[],"{""n_exceeds"": [15, 31, 25, 21, 2, 25, 22, 27, 16, 32], ""classification_boundary"": 11.75, ""identified_mals"": [0, 0, 0, 0, 1, 0, 0, 0, 0, 0], ""clusters"": [-1, -1, -1, -1, -1, -1, -1, -1, -1, -1], ""deleted_cluster_ids"": []}"
491,deepsight,deepsight_ensemble_cluster,"[3, 19, 51, 72, 92, 60, 98, 91, 63, 76]",[],"{""cosine_cluster"": [-1, -1, -1, -1, -1, -1, -1, -1, -1, -1], ""neup_cluster"": [-1, -1, -1, -1, -1, -1, -1, -1, -1, -1], ""ddif_cluster"": [-1, -1, -1, -1, -1, -1, -1, -1, -1, -1], ""ensemble_cluster"": [-1, -1, -1, -1, -1, -1, -1, -1, -1, -1]}"
491,deepsight,deepsight_final_filter,"[3, 19, 51, 72, 92, 60, 98, 91, 63, 76]",[],"{""n_exceeds"": [52, 35, 5, 8, 18, 6, 16, 9, 23, 1], ""classification_boundary"": 6.25, ""identified_mals"": [0, 0, 1, 0, 0, 1, 0, 0, 0, 1], ""clusters"": [-1, -1, -1, -1, -1, -1, -1, -1, -1, -1], ""deleted_cluster_ids"": []}"
492,deepsight,deepsight_ensemble_cluster,"[1, 94, 66, 86, 68, 73, 35, 77, 11, 22]",[],"{""cosine_cluster"": [-1, -1, -1, -1, -1, -1, -1, -1, -1, -1], ""neup_cluster"": [-1, -1, -1, -1, -1, -1, -1, -1, -1, -1], ""ddif_cluster"": [-1, -1, -1, -1, -1, -1, -1, -1, -1, -1], ""ensemble_cluster"": [-1, -1, -1, -1, -1, -1, -1, -1, -1, -1]}"
492,deepsight,deepsight_final_filter,"[1, 94, 66, 86, 68, 73, 35, 77, 11, 22]",[],"{""n_exceeds"": [27, 31, 11, 25, 8, 8, 3, 9, 30, 14], ""classification_boundary"": 6.25, ""identified_mals"": [0, 0, 0, 0, 0, 0, 1, 0, 0, 0], ""clusters"": [-1, -1, -1, -1, -1, -1, -1, -1, -1, -1], ""deleted_cluster_ids"": []}"
493,deepsight,deepsight_ensemble_cluster,"[4, 56, 57, 22, 65, 63, 62, 33, 64, 69]",[],"{""cosine_cluster"": [-1, -1, -1, -1, -1, -1, -1, -1, -1, -1], ""neup_cluster"": [-1, -1, -1, -1, -1, -1, -1, -1, -1, -1], ""ddif_cluster"": [-1, -1, -1, -1, -1, -1, -1, -1, -1, -1], ""ensemble_cluster"": [-1, -1, -1, -1, -1, -1, -1, -1, -1, -1]}"
493,deepsight,deepsight_final_filter,"[4, 56, 57, 22, 65, 63, 62, 33, 64, 69]",[],"{""n_exceeds"": [21, 27, 13, 27, 25, 36, 18, 1, 26, 16], ""classification_boundary"": 11.5, ""identified_mals"": [0, 0, 0, 0, 0, 0, 0, 1, 0, 0], ""clusters"": [-1, -1, -1, -1, -1, -1, -1, -1, -1, -1], ""deleted_cluster_ids"": []}"
494,deepsight,deepsight_ensemble_cluster,"[3, 79, 11, 7, 38, 2, 57, 49, 91, 22]",[],"{""cosine_cluster"": [-1, -1, -1, -1, -1, -1, -1, -1, -1, -1], ""neup_cluster"": [-1, -1, -1, -1, -1, -1, -1, -1, -1, -1], ""ddif_cluster"": [-1, -1, -1, -1, -1, -1, -1, -1, -1, -1], ""ensemble_cluster"": [-1, -1, -1, -1, -1, -1, -1, -1, -1, -1]}"
494,deepsight,deepsight_final_filter,"[3, 79, 11, 7, 38, 2, 57, 49, 91, 22]",[],"{""n_exceeds"": [51, 18, 34, 18, 27, 21, 19, 30, 10, 28], ""classification_boundary"": 12.0, ""identified_mals"": [0, 0, 0, 0, 0, 0, 0, 0, 1, 0], ""clusters"": [-1, -1, -1, -1, -1, -1, -1, -1, -1, -1], ""deleted_cluster_ids"": []}"
495,deepsight,deepsight_ensemble_cluster,"[4, 49, 80, 41, 24, 96, 37, 13, 63, 29]",[],"{""cosine_cluster"": [-1, -1, -1, -1, -1, -1, -1, -1, -1, -1], ""neup_cluster"": [-1, -1, -1, -1, -1, -1, -1, -1, -1, -1], ""ddif_cluster"": [-1, -1, -1, -1, -1, -1, -1, -1, -1, -1], ""ensemble_cluster"": [-1, -1, -1, -1, -1, -1, -1, -1, -1, -1]}"
495,deepsight,deepsight_final_filter,"[4, 49, 80, 41, 24, 96, 37, 13, 63, 29]",[],"{""n_exceeds"": [17, 32, 22, 6, 26, 9, 32, 5, 43, 21], ""classification_boundary"": 10.75, ""identified_mals"": [0, 0, 0, 1, 0, 1, 0, 1, 0, 0], ""clusters"": [-1, -1, -1, -1, -1, -1, -1, -1, -1, -1], ""deleted_cluster_ids"": []}"
496,deepsight,deepsight_ensemble_cluster,"[0, 86, 66, 7, 19, 3, 37, 34, 10, 91]",[],"{""cosine_cluster"": [-1, -1, -1, -1, -1, -1, -1, -1, -1, -1], ""neup_cluster"": [-1, -1, -1, -1, -1, -1, -1, -1, -1, -1], ""ddif_cluster"": [-1, -1, -1, -1, -1, -1, -1, -1, -1, -1], ""ensemble_cluster"": [-1, -1, -1, -1, -1, -1, -1, -1, -1, -1]}"
496,deepsight,deepsight_final_filter,"[0, 86, 66, 7, 19, 3, 37, 34, 10, 91]",[],"{""n_exceeds"": [18, 22, 24, 18, 33, 49, 30, 13, 8, 13], ""classification_boundary"": 10.0, ""identified_mals"": [0, 0, 0, 0, 0, 0, 0, 0, 1, 0], ""clusters"": [-1, -1, -1, -1, -1, -1, -1, -1, -1, -1], ""deleted_cluster_ids"": []}"
497,deepsight,deepsight_ensemble_cluster,"[0, 59, 14, 73, 9, 18, 77, 36, 32, 89]",[],"{""cosine_cluster"": [-1, -1, -1, -1, -1, -1, -1, -1, -1, -1], ""neup_cluster"": [-1, -1, -1, -1, -1, -1, -1, -1, -1, -1], ""ddif_cluster"": [-1, -1, -1, -1, -1, -1, -1, -1, -1, -1], ""ensemble_cluster"": [-1, -1, -1, -1, -1, -1, -1, -1, -1, -1]}"
497,deepsight,deepsight_final_filter,"[0, 59, 14, 73, 9, 18, 77, 36, 32, 89]",[],"{""n_exceeds"": [14, 1, 13, 12, 23, 30, 12, 36, 35, 20], ""classification_boundary"": 8.5, ""identified_mals"": [0, 1, 0, 0, 0, 0, 0, 0, 0, 0], ""clusters"": [-1, -1, -1, -1, -1, -1, -1, -1, -1, -1], ""deleted_cluster_ids"": []}"
498,deepsight,deepsight_ensemble_cluster,"[1, 59, 8, 24, 55, 47, 57, 68, 13, 38]",[],"{""cosine_cluster"": [-1, -1, -1, -1, -1, -1, -1, -1, -1, -1], ""neup_cluster"": [-1, -1, -1, -1, -1, -1, -1, -1, -1, -1], ""ddif_cluster"": [-1, -1, -1, -1, -1, -1, -1, -1, -1, -1], ""ensemble_cluster"": [-1, -1, -1, -1, -1, -1, -1, -1, -1, -1]}"
498,deepsight,deepsight_final_filter,"[1, 59, 8, 24, 55, 47, 57, 68, 13, 38]",[],"{""n_exceeds"": [10, 3, 21, 35, 26, 14, 17, 4, 7, 29], ""classification_boundary"": 7.75, ""identified_mals"": [0, 1, 0, 0, 0, 0, 0, 1, 1, 0], ""clusters"": [-1, -1, -1, -1, -1, -1, -1, -1, -1, -1], ""deleted_cluster_ids"": []}"
499,deepsight,deepsight_ensemble_cluster,"[4, 51, 29, 46, 41, 3, 11, 75, 27, 48]",[],"{""cosine_cluster"": [-1, -1, -1, -1, -1, -1, -1, -1, -1, -1], ""neup_cluster"": [-1, -1, -1, -1, -1, -1, -1, -1, -1, -1], ""ddif_cluster"": [-1, -1, -1, -1, -1, -1, -1, -1, -1, -1], ""ensemble_cluster"": [-1, -1, -1, -1, -1, -1, -1, -1, -1, -1]}"
499,deepsight,deepsight_final_filter,"[4, 51, 29, 46, 41, 3, 11, 75, 27, 48]",[],"{""n_exceeds"": [27, 7, 16, 28, 4, 48, 37, 18, 16, 15], ""classification_boundary"": 8.5, ""identified_mals"": [0, 1, 0, 0, 1, 0, 0, 0, 0, 0], ""clusters"": [-1, -1, -1, -1, -1, -1, -1, -1, -1, -1], ""deleted_cluster_ids"": []}"
500,deepsight,deepsight_ensemble_cluster,"[1, 9, 85, 11, 4, 15, 93, 42, 66, 39]",[],"{""cosine_cluster"": [-1, -1, -1, -1, -1, -1, -1, -1, -1, -1], ""neup_cluster"": [-1, -1, -1, -1, -1, -1, -1, -1, -1, -1], ""ddif_cluster"": [-1, -1, -1, -1, -1, -1, -1, -1, -1, -1], ""ensemble_cluster"": [-1, -1, -1, -1, -1, -1, -1, -1, -1, -1]}"
500,deepsight,deepsight_final_filter,"[1, 9, 85, 11, 4, 15, 93, 42, 66, 39]",[],"{""n_exceeds"": [4, 13, 9, 35, 45, 18, 20, 14, 17, 31], ""classification_boundary"": 8.75, ""identified_mals"": [1, 0, 0, 0, 0, 0, 0, 0, 0, 0], ""clusters"": [-1, -1, -1, -1, -1, -1, -1, -1, -1, -1], ""deleted_cluster_ids"": []}"
