epoch,method,stage,selected,rejected,human
1,rflbat,rflbat_first_distance_filter,"[1, 10, 51, 26, 32, 3, 71, 38, 50, 6, 10, 51, 26, 32, 3, 71, 38, 50, 6]",[],"{""accepted_indices"": [0, 1, 2, 3, 4, 5, 6, 7, 8, 9, 1, 2, 3, 4, 5, 6, 7, 8, 9], ""eps1"": 10, ""distance_median"": 1.246923976726019}"
1,rflbat,rflbat_cluster_filter,"[10, 51, 26, 32, 71, 38, 50, 6, 10, 51, 26, 32, 71, 38, 50, 6]","[1, 3]","{""accepted_indices"": [1, 2, 3, 4, 6, 7, 8, 9, 1, 2, 3, 4, 6, 7, 8, 9], ""num_clusters"": 3, ""cluster_scores"": [1.000000000000711, 0.13685962105956506, 1]}"
1,rflbat,rflbat_final_distance_filter,"[10, 51, 26, 32, 71, 38, 50, 6]","[1, 3]","{""accepted_indices"": [1, 2, 3, 4, 6, 7, 8, 9, 1, 2, 3, 4, 6, 7, 8, 9], ""eps2"": 6, ""distance_median"": 0.14988747006983755}"
2,rflbat,rflbat_first_distance_filter,"[2, 99, 33, 58, 12, 54, 43, 5, 34, 14, 99, 33, 58, 12, 54, 43, 5, 34, 14]",[],"{""accepted_indices"": [0, 1, 2, 3, 4, 5, 6, 7, 8, 9, 1, 2, 3, 4, 5, 6, 7, 8, 9], ""eps1"": 10, ""distance_median"": 0.8632373836413854}"
2,rflbat,rflbat_cluster_filter,"[2, 99, 33, 58, 12, 54, 43, 5, 34, 14, 99, 33, 58, 12, 54, 43, 5, 34, 14]",[],"{""accepted_indices"": [0, 1, 2, 3, 4, 5, 6, 7, 8, 9, 1, 2, 3, 4, 5, 6, 7, 8, 9], ""num_clusters"": 1, ""cluster_scores"": [0.12406673109125906]}"
2,rflbat,rflbat_final_distance_filter,"[99, 33, 58, 12, 54, 43, 5, 34, 14]",[2],"{""accepted_indices"": [1, 2, 3, 4, 5, 6, 7, 8, 9, 1, 2, 3, 4, 5, 6, 7, 8, 9], ""eps2"": 6, ""distance_median"": 1.1232915437018884}"
3,rflbat,rflbat_first_distance_filter,"[0, 70, 37, 24, 63, 40, 4, 49, 21, 66, 70, 37, 24, 63, 40, 4, 49, 21, 66]",[],"{""accepted_indices"": [0, 1, 2, 3, 4, 5, 6, 7, 8, 9, 1, 2, 3, 4, 5, 6, 7, 8, 9], ""eps1"": 10, ""distance_median"": 1.1213287197565176}"
3,rflbat,rflbat_cluster_filter,"[70, 37, 24, 63, 40, 49, 21, 70, 37, 24, 63, 40, 49, 21]","[0, 4, 66]","{""accepted_indices"": [1, 2, 3, 4, 5, 7, 8, 1, 2, 3, 4, 5, 7, 8], ""num_clusters"": 4, ""cluster_scores"": [1.0000000000010876, 1.0000000000004625, 1, 0.1551120257042798]}"
3,rflbat,rflbat_final_distance_filter,"[70, 37, 24, 63, 40, 49, 21]","[0, 4, 66]","{""accepted_indices"": [1, 2, 3, 4, 5, 7, 8, 1, 2, 3, 4, 5, 7, 8], ""eps2"": 6, ""distance_median"": 0.03643851871860881}"
4,rflbat,rflbat_first_distance_filter,"[1, 71, 25, 6, 16, 39, 86, 47, 61, 65, 71, 25, 6, 16, 39, 86, 47, 61, 65]",[],"{""accepted_indices"": [0, 1, 2, 3, 4, 5, 6, 7, 8, 9, 1, 2, 3, 4, 5, 6, 7, 8, 9], ""eps1"": 10, ""distance_median"": 0.849029658444747}"
4,rflbat,rflbat_cluster_filter,"[1, 71, 25, 6, 16, 39, 86, 47, 61, 65, 71, 25, 6, 16, 39, 86, 47, 61, 65]",[],"{""accepted_indices"": [0, 1, 2, 3, 4, 5, 6, 7, 8, 9, 1, 2, 3, 4, 5, 6, 7, 8, 9], ""num_clusters"": 1, ""cluster_scores"": [0.1004093269520165]}"
4,rflbat,rflbat_final_distance_filter,"[71, 25, 6, 16, 39, 86, 47, 61, 65]",[1],"{""accepted_indices"": [1, 2, 3, 4, 5, 6, 7, 8, 9, 1, 2, 3, 4, 5, 6, 7, 8, 9], ""eps2"": 6, ""distance_median"": 1.1076964915378722}"
5,rflbat,rflbat_first_distance_filter,"[2, 68, 50, 75, 72, 6, 45, 92, 47, 63, 68, 50, 75, 72, 6, 45, 92, 47, 63]",[],"{""accepted_indices"": [0, 1, 2, 3, 4, 5, 6, 7, 8, 9, 1, 2, 3, 4, 5, 6, 7, 8, 9], ""eps1"": 10, ""distance_median"": 0.8552728870594821}"
5,rflbat,rflbat_cluster_filter,"[2, 68, 50, 75, 72, 6, 45, 92, 47, 63, 68, 50, 75, 72, 6, 45, 92, 47, 63]",[],"{""accepted_indices"": [0, 1, 2, 3, 4, 5, 6, 7, 8, 9, 1, 2, 3, 4, 5, 6, 7, 8, 9], ""num_clusters"": 1, ""cluster_scores"": [0.10568472148127428]}"
5,rflbat,rflbat_final_distance_filter,"[68, 50, 75, 72, 6, 45, 92, 47, 63]",[2],"{""accepted_indices"": [1, 2, 3, 4, 5, 6, 7, 8, 9, 1, 2, 3, 4, 5, 6, 7, 8, 9], ""eps2"": 6, ""distance_median"": 1.1364932743986893}"
6,rflbat,rflbat_first_distance_filter,"[3, 61, 37, 82, 69, 46, 56, 42, 20, 84, 61, 37, 82, 69, 46, 56, 42, 20, 84]",[],"{""accepted_indices"": [0, 1, 2, 3, 4, 5, 6, 7, 8, 9, 1, 2, 3, 4, 5, 6, 7, 8, 9], ""eps1"": 10, ""distance_median"": 0.7291070410719102}"
6,rflbat,rflbat_cluster_filter,"[3, 61, 37, 82, 69, 46, 56, 42, 20, 84, 61, 37, 82, 69, 46, 56, 42, 20, 84]",[],"{""accepted_indices"": [0, 1, 2, 3, 4, 5, 6, 7, 8, 9, 1, 2, 3, 4, 5, 6, 7, 8, 9], ""num_clusters"": 1, ""cluster_scores"": [0.11373996076880481]}"
6,rflbat,rflbat_final_distance_filter,"[61, 37, 82, 69, 46, 56, 42, 20, 84]",[3],"{""accepted_indices"": [1, 2, 3, 4, 5, 6, 7, 8, 9, 1, 2, 3, 4, 5, 6, 7, 8, 9], ""eps2"": 6, ""distance_median"": 0.9389446252578066}"
7,rflbat,rflbat_first_distance_filter,"[2, 27, 24, 6, 73, 92, 32, 49, 10, 29, 27, 24, 6, 73, 92, 32, 49, 10, 29]",[],"{""accepted_indices"": [0, 1, 2, 3, 4, 5, 6, 7, 8, 9, 1, 2, 3, 4, 5, 6, 7, 8, 9], ""eps1"": 10, ""distance_median"": 0.8738153094257739}"
7,rflbat,rflbat_cluster_filter,"[2, 27, 24, 6, 73, 92, 32, 49, 10, 29, 27, 24, 6, 73, 92, 32, 49, 10, 29]",[],"{""accepted_indices"": [0, 1, 2, 3, 4, 5, 6, 7, 8, 9, 1, 2, 3, 4, 5, 6, 7, 8, 9], ""num_clusters"": 1, ""cluster_scores"": [0.1033230687184131]}"
7,rflbat,rflbat_final_distance_filter,"[27, 24, 6, 73, 92, 32, 49, 10, 29]",[2],"{""accepted_indices"": [1, 2, 3, 4, 5, 6, 7, 8, 9, 1, 2, 3, 4, 5, 6, 7, 8, 9], ""eps2"": 6, ""distance_median"": 1.1320780869148834}"
8,rflbat,rflbat_first_distance_filter,"[1, 7, 4, 23, 64, 82, 49, 31, 92, 18, 7, 4, 23, 64, 82, 49, 31, 92, 18]",[],"{""accepted_indices"": [0, 1, 2, 3, 4, 5, 6, 7, 8, 9, 1, 2, 3, 4, 5, 6, 7, 8, 9], ""eps1"": 10, ""distance_median"": 1.244353024715564}"
8,rflbat,rflbat_cluster_filter,"[7, 23, 49, 31, 7, 23, 49, 31]","[1, 4, 64, 82, 92, 18]","{""accepted_indices"": [1, 3, 6, 7, 1, 3, 6, 7], ""num_clusters"": 4, ""cluster_scores"": [0.25151047167292195, 1.0000000000004492, 1, 0.245600725094661]}"
8,rflbat,rflbat_final_distance_filter,"[7, 23, 49, 31]","[1, 4, 64, 82, 92, 18]","{""accepted_indices"": [1, 3, 6, 7, 1, 3, 6, 7], ""eps2"": 6, ""distance_median"": 0.01182276751067104}"
9,rflbat,rflbat_first_distance_filter,"[0, 37, 8, 17, 51, 76, 83, 87, 50, 29, 37, 8, 17, 51, 76, 83, 87, 50, 29]",[],"{""accepted_indices"": [0, 1, 2, 3, 4, 5, 6, 7, 8, 9, 1, 2, 3, 4, 5, 6, 7, 8, 9], ""eps1"": 10, ""distance_median"": 0.862769671489722}"
9,rflbat,rflbat_cluster_filter,"[37, 8, 17, 83, 87, 50, 29, 37, 8, 17, 83, 87, 50, 29]","[0, 51, 76]","{""accepted_indices"": [1, 2, 3, 6, 7, 8, 9, 1, 2, 3, 6, 7, 8, 9], ""num_clusters"": 3, ""cluster_scores"": [0.14756435352538833, 1, 0.5583666629968591]}"
9,rflbat,rflbat_final_distance_filter,"[37, 8, 17, 83, 87, 50, 29]","[0, 51, 76]","{""accepted_indices"": [1, 2, 3, 6, 7, 8, 9, 1, 2, 3, 6, 7, 8, 9], ""eps2"": 6, ""distance_median"": 0.22664297674813536}"
10,rflbat,rflbat_first_distance_filter,"[4, 8, 34, 37, 59, 42, 11, 45, 31, 63, 8, 34, 37, 59, 42, 11, 45, 31, 63]",[],"{""accepted_indices"": [0, 1, 2, 3, 4, 5, 6, 7, 8, 9, 1, 2, 3, 4, 5, 6, 7, 8, 9], ""eps1"": 10, ""distance_median"": 0.7505746423369335}"
10,rflbat,rflbat_cluster_filter,"[4, 8, 34, 37, 59, 42, 11, 45, 31, 63, 8, 34, 37, 59, 42, 11, 45, 31, 63]",[],"{""accepted_indices"": [0, 1, 2, 3, 4, 5, 6, 7, 8, 9, 1, 2, 3, 4, 5, 6, 7, 8, 9], ""num_clusters"": 1, ""cluster_scores"": [0.09972525752471201]}"
10,rflbat,rflbat_final_distance_filter,"[8, 34, 37, 59, 42, 11, 45, 31, 63]",[4],"{""accepted_indices"": [1, 2, 3, 4, 5, 6, 7, 8, 9, 1, 2, 3, 4, 5, 6, 7, 8, 9], ""eps2"": 6, ""distance_median"": 0.9328135938958133}"
11,rflbat,rflbat_first_distance_filter,"[0, 83, 10, 2, 51, 90, 79, 78, 37, 85, 83, 10, 2, 51, 90, 79, 78, 37, 85]",[],"{""accepted_indices"": [0, 1, 2, 3, 4, 5, 6, 7, 8, 9, 1, 2, 3, 4, 5, 6, 7, 8, 9], ""eps1"": 10, ""distance_median"": 1.1644138424275994}"
11,rflbat,rflbat_cluster_filter,"[83, 10, 90, 79, 83, 10, 90, 79]","[0, 2, 51, 78, 37, 85]","{""accepted_indices"": [1, 2, 5, 6, 1, 2, 5, 6], ""num_clusters"": 5, ""cluster_scores"": [0.3040208983168278, 1.0000000000004543, 1, 1.0000000000011404, 0.23450574266283997]}"
11,rflbat,rflbat_final_distance_filter,"[83, 10, 90, 79]","[0, 2, 51, 78, 37, 85]","{""accepted_indices"": [1, 2, 5, 6, 1, 2, 5, 6], ""eps2"": 6, ""distance_median"": 0.019752528268308554}"
12,rflbat,rflbat_first_distance_filter,"[3, 53, 90, 21, 22, 98, 20, 5, 70, 49, 53, 90, 21, 22, 98, 20, 5, 70, 49]",[],"{""accepted_indices"": [0, 1, 2, 3, 4, 5, 6, 7, 8, 9, 1, 2, 3, 4, 5, 6, 7, 8, 9], ""eps1"": 10, ""distance_median"": 0.7120709261681872}"
12,rflbat,rflbat_cluster_filter,"[3, 53, 90, 21, 22, 98, 20, 5, 70, 49, 53, 90, 21, 22, 98, 20, 5, 70, 49]",[],"{""accepted_indices"": [0, 1, 2, 3, 4, 5, 6, 7, 8, 9, 1, 2, 3, 4, 5, 6, 7, 8, 9], ""num_clusters"": 1, ""cluster_scores"": [0.11612517727786867]}"
12,rflbat,rflbat_final_distance_filter,"[53, 90, 21, 22, 98, 20, 5, 70, 49]",[3],"{""accepted_indices"": [1, 2, 3, 4, 5, 6, 7, 8, 9, 1, 2, 3, 4, 5, 6, 7, 8, 9], ""eps2"": 6, ""distance_median"": 0.8986836533953904}"
13,rflbat,rflbat_first_distance_filter,"[2, 40, 59, 60, 3, 50, 36, 70, 11, 27, 40, 59, 60, 3, 50, 36, 70, 11, 27]",[],"{""accepted_indices"": [0, 1, 2, 3, 4, 5, 6, 7, 8, 9, 1, 2, 3, 4, 5, 6, 7, 8, 9], ""eps1"": 10, ""distance_median"": 1.1280880341776904}"
13,rflbat,rflbat_cluster_filter,"[40, 59, 60, 50, 36, 70, 11, 27, 40, 59, 60, 50, 36, 70, 11, 27]","[2, 3]","{""accepted_indices"": [1, 2, 3, 5, 6, 7, 8, 9, 1, 2, 3, 5, 6, 7, 8, 9], ""num_clusters"": 3, ""cluster_scores"": [1.000000000000935, 0.11828234770155467, 1]}"
13,rflbat,rflbat_final_distance_filter,"[40, 59, 60, 50, 36, 70, 11, 27]","[2, 3]","{""accepted_indices"": [1, 2, 3, 5, 6, 7, 8, 9, 1, 2, 3, 5, 6, 7, 8, 9], ""eps2"": 6, ""distance_median"": 0.10342827739772065}"
14,rflbat,rflbat_first_distance_filter,"[2, 17, 69, 56, 52, 23, 19, 64, 13, 80, 17, 69, 56, 52, 23, 19, 64, 13, 80]",[],"{""accepted_indices"": [0, 1, 2, 3, 4, 5, 6, 7, 8, 9, 1, 2, 3, 4, 5, 6, 7, 8, 9], ""eps1"": 10, ""distance_median"": 0.7352584060468492}"
14,rflbat,rflbat_cluster_filter,"[2, 17, 69, 56, 52, 23, 19, 64, 13, 80, 17, 69, 56, 52, 23, 19, 64, 13, 80]",[],"{""accepted_indices"": [0, 1, 2, 3, 4, 5, 6, 7, 8, 9, 1, 2, 3, 4, 5, 6, 7, 8, 9], ""num_clusters"": 1, ""cluster_scores"": [0.1078774436160919]}"
14,rflbat,rflbat_final_distance_filter,"[17, 69, 56, 52, 23, 19, 64, 13, 80]",[2],"{""accepted_indices"": [1, 2, 3, 4, 5, 6, 7, 8, 9, 1, 2, 3, 4, 5, 6, 7, 8, 9], ""eps2"": 6, ""distance_median"": 0.8953430151803414}"
15,rflbat,rflbat_first_distance_filter,"[2, 45, 49, 89, 96, 79, 57, 46, 5, 62, 45, 49, 89, 96, 79, 57, 46, 5, 62]",[],"{""accepted_indices"": [0, 1, 2, 3, 4, 5, 6, 7, 8, 9, 1, 2, 3, 4, 5, 6, 7, 8, 9], ""eps1"": 10, ""distance_median"": 0.8100722433429515}"
15,rflbat,rflbat_cluster_filter,"[2, 45, 49, 89, 96, 79, 57, 46, 5, 62, 45, 49, 89, 96, 79, 57, 46, 5, 62]",[],"{""accepted_indices"": [0, 1, 2, 3, 4, 5, 6, 7, 8, 9, 1, 2, 3, 4, 5, 6, 7, 8, 9], ""num_clusters"": 1, ""cluster_scores"": [0.10582177449862683]}"
15,rflbat,rflbat_final_distance_filter,"[45, 49, 89, 96, 79, 57, 46, 5, 62]",[2],"{""accepted_indices"": [1, 2, 3, 4, 5, 6, 7, 8, 9, 1, 2, 3, 4, 5, 6, 7, 8, 9], ""eps2"": 6, ""distance_median"": 1.0264965055167197}"
16,rflbat,rflbat_first_distance_filter,"[3, 66, 25, 17, 82, 65, 37, 42, 67, 15, 66, 25, 17, 82, 65, 37, 42, 67, 15]",[],"{""accepted_indices"": [0, 1, 2, 3, 4, 5, 6, 7, 8, 9, 1, 2, 3, 4, 5, 6, 7, 8, 9], ""eps1"": 10, ""distance_median"": 0.7124190850331145}"
16,rflbat,rflbat_cluster_filter,"[3, 66, 25, 17, 82, 65, 37, 42, 67, 15, 66, 25, 17, 82, 65, 37, 42, 67, 15]",[],"{""accepted_indices"": [0, 1, 2, 3, 4, 5, 6, 7, 8, 9, 1, 2, 3, 4, 5, 6, 7, 8, 9], ""num_clusters"": 1, ""cluster_scores"": [0.10459570244442552]}"
16,rflbat,rflbat_final_distance_filter,"[66, 25, 17, 82, 65, 37, 42, 67, 15]",[3],"{""accepted_indices"": [1, 2, 3, 4, 5, 6, 7, 8, 9, 1, 2, 3, 4, 5, 6, 7, 8, 9], ""eps2"": 6, ""distance_median"": 0.9260563813388905}"
17,rflbat,rflbat_first_distance_filter,"[3, 29, 76, 2, 58, 36, 17, 85, 50, 55, 29, 76, 2, 58, 36, 17, 85, 50, 55]",[],"{""accepted_indices"": [0, 1, 2, 3, 4, 5, 6, 7, 8, 9, 1, 2, 3, 4, 5, 6, 7, 8, 9], ""eps1"": 10, ""distance_median"": 1.155224115468127}"
17,rflbat,rflbat_cluster_filter,"[3, 29, 76, 2, 58, 36, 17, 85, 50, 55, 29, 76, 2, 58, 36, 17, 85, 50, 55]",[],"{""accepted_indices"": [0, 1, 2, 3, 4, 5, 6, 7, 8, 9, 1, 2, 3, 4, 5, 6, 7, 8, 9], ""num_clusters"": 1, ""cluster_scores"": [0.10844846314105949]}"
17,rflbat,rflbat_final_distance_filter,"[3, 29, 76, 2, 58, 36, 17, 85, 50, 55]",[],"{""accepted_indices"": [0, 1, 2, 3, 4, 5, 6, 7, 8, 9, 1, 2, 3, 4, 5, 6, 7, 8, 9], ""eps2"": 6, ""distance_median"": 1.8077613328108366}"
18,rflbat,rflbat_first_distance_filter,"[4, 24, 7, 6, 80, 14, 15, 36, 78, 93, 24, 7, 6, 80, 14, 15, 36, 78, 93]",[],"{""accepted_indices"": [0, 1, 2, 3, 4, 5, 6, 7, 8, 9, 1, 2, 3, 4, 5, 6, 7, 8, 9], ""eps1"": 10, ""distance_median"": 0.5889466115354022}"
18,rflbat,rflbat_cluster_filter,"[4, 24, 7, 6, 80, 14, 15, 36, 78, 93, 24, 7, 6, 80, 14, 15, 36, 78, 93]",[],"{""accepted_indices"": [0, 1, 2, 3, 4, 5, 6, 7, 8, 9, 1, 2, 3, 4, 5, 6, 7, 8, 9], ""num_clusters"": 1, ""cluster_scores"": [0.11767682362848002]}"
18,rflbat,rflbat_final_distance_filter,"[24, 7, 6, 80, 14, 15, 36, 78, 93]",[4],"{""accepted_indices"": [1, 2, 3, 4, 5, 6, 7, 8, 9, 1, 2, 3, 4, 5, 6, 7, 8, 9], ""eps2"": 6, ""distance_median"": 0.7859916846391557}"
19,rflbat,rflbat_first_distance_filter,"[4, 10, 53, 97, 48, 26, 89, 44, 74, 91, 10, 53, 97, 48, 26, 89, 44, 74, 91]",[],"{""accepted_indices"": [0, 1, 2, 3, 4, 5, 6, 7, 8, 9, 1, 2, 3, 4, 5, 6, 7, 8, 9], ""eps1"": 10, ""distance_median"": 0.8266140304779506}"
19,rflbat,rflbat_cluster_filter,"[4, 10, 53, 97, 48, 26, 89, 44, 74, 91, 10, 53, 97, 48, 26, 89, 44, 74, 91]",[],"{""accepted_indices"": [0, 1, 2, 3, 4, 5, 6, 7, 8, 9, 1, 2, 3, 4, 5, 6, 7, 8, 9], ""num_clusters"": 1, ""cluster_scores"": [0.10764011127795597]}"
19,rflbat,rflbat_final_distance_filter,"[10, 53, 97, 48, 26, 89, 44, 74, 91]",[4],"{""accepted_indices"": [1, 2, 3, 4, 5, 6, 7, 8, 9, 1, 2, 3, 4, 5, 6, 7, 8, 9], ""eps2"": 6, ""distance_median"": 1.2168803285457186}"
20,rflbat,rflbat_first_distance_filter,"[2, 95, 97, 9, 11, 47, 40, 74, 34, 58, 95, 97, 9, 11, 47, 40, 74, 34, 58]",[],"{""accepted_indices"": [0, 1, 2, 3, 4, 5, 6, 7, 8, 9, 1, 2, 3, 4, 5, 6, 7, 8, 9], ""eps1"": 10, ""distance_median"": 0.6892537886173562}"
20,rflbat,rflbat_cluster_filter,"[95, 97, 9, 11, 47, 40, 74, 34, 58, 95, 97, 9, 11, 47, 40, 74, 34, 58]",[2],"{""accepted_indices"": [1, 2, 3, 4, 5, 6, 7, 8, 9, 1, 2, 3, 4, 5, 6, 7, 8, 9], ""num_clusters"": 2, ""cluster_scores"": [0.12769224667106388, 1]}"
20,rflbat,rflbat_final_distance_filter,"[95, 97, 9, 11, 47, 40, 74, 34, 58]",[2],"{""accepted_indices"": [1, 2, 3, 4, 5, 6, 7, 8, 9, 1, 2, 3, 4, 5, 6, 7, 8, 9], ""eps2"": 6, ""distance_median"": 0.48717563632165684}"
21,rflbat,rflbat_first_distance_filter,"[3, 23, 56, 11, 78, 41, 69, 92, 40, 32, 23, 56, 11, 78, 41, 69, 92, 40, 32]",[],"{""accepted_indices"": [0, 1, 2, 3, 4, 5, 6, 7, 8, 9, 1, 2, 3, 4, 5, 6, 7, 8, 9], ""eps1"": 10, ""distance_median"": 0.5665089218385485}"
21,rflbat,rflbat_cluster_filter,"[3, 23, 56, 11, 78, 41, 69, 92, 40, 32, 23, 56, 11, 78, 41, 69, 92, 40, 32]",[],"{""accepted_indices"": [0, 1, 2, 3, 4, 5, 6, 7, 8, 9, 1, 2, 3, 4, 5, 6, 7, 8, 9], ""num_clusters"": 1, ""cluster_scores"": [0.11211656776996003]}"
21,rflbat,rflbat_final_distance_filter,"[23, 56, 11, 78, 41, 69, 92, 40, 32]",[3],"{""accepted_indices"": [1, 2, 3, 4, 5, 6, 7, 8, 9, 1, 2, 3, 4, 5, 6, 7, 8, 9], ""eps2"": 6, ""distance_median"": 0.7565618665328578}"
22,rflbat,rflbat_first_distance_filter,"[3, 30, 57, 37, 90, 2, 49, 65, 92, 42, 30, 57, 37, 90, 2, 49, 65, 92, 42]",[],"{""accepted_indices"": [0, 1, 2, 3, 4, 5, 6, 7, 8, 9, 1, 2, 3, 4, 5, 6, 7, 8, 9], ""eps1"": 10, ""distance_median"": 0.8717264886291272}"
22,rflbat,rflbat_cluster_filter,"[3, 30, 57, 37, 90, 2, 49, 65, 92, 42, 30, 57, 37, 90, 2, 49, 65, 92, 42]",[],"{""accepted_indices"": [0, 1, 2, 3, 4, 5, 6, 7, 8, 9, 1, 2, 3, 4, 5, 6, 7, 8, 9], ""num_clusters"": 1, ""cluster_scores"": [0.09952901260811753]}"
22,rflbat,rflbat_final_distance_filter,"[3, 30, 57, 37, 90, 2, 49, 65, 92, 42]",[],"{""accepted_indices"": [0, 1, 2, 3, 4, 5, 6, 7, 8, 9, 1, 2, 3, 4, 5, 6, 7, 8, 9], ""eps2"": 6, ""distance_median"": 1.3654971087001087}"
23,rflbat,rflbat_first_distance_filter,"[4, 62, 38, 82, 25, 19, 29, 53, 22, 84, 62, 38, 82, 25, 19, 29, 53, 22, 84]",[],"{""accepted_indices"": [0, 1, 2, 3, 4, 5, 6, 7, 8, 9, 1, 2, 3, 4, 5, 6, 7, 8, 9], ""eps1"": 10, ""distance_median"": 0.5293274486424546}"
23,rflbat,rflbat_cluster_filter,"[4, 62, 38, 82, 25, 19, 29, 53, 22, 84, 62, 38, 82, 25, 19, 29, 53, 22, 84]",[],"{""accepted_indices"": [0, 1, 2, 3, 4, 5, 6, 7, 8, 9, 1, 2, 3, 4, 5, 6, 7, 8, 9], ""num_clusters"": 1, ""cluster_scores"": [0.12811586658578242]}"
23,rflbat,rflbat_final_distance_filter,"[62, 38, 82, 25, 19, 29, 53, 22, 84]",[4],"{""accepted_indices"": [1, 2, 3, 4, 5, 6, 7, 8, 9, 1, 2, 3, 4, 5, 6, 7, 8, 9], ""eps2"": 6, ""distance_median"": 0.7048564944392484}"
24,rflbat,rflbat_first_distance_filter,"[4, 85, 51, 43, 6, 27, 5, 50, 82, 99, 85, 51, 43, 6, 27, 5, 50, 82, 99]",[],"{""accepted_indices"": [0, 1, 2, 3, 4, 5, 6, 7, 8, 9, 1, 2, 3, 4, 5, 6, 7, 8, 9], ""eps1"": 10, ""distance_median"": 0.5721327455160831}"
24,rflbat,rflbat_cluster_filter,"[4, 85, 51, 43, 6, 27, 5, 50, 82, 99, 85, 51, 43, 6, 27, 5, 50, 82, 99]",[],"{""accepted_indices"": [0, 1, 2, 3, 4, 5, 6, 7, 8, 9, 1, 2, 3, 4, 5, 6, 7, 8, 9], ""num_clusters"": 1, ""cluster_scores"": [0.10694690150080166]}"
24,rflbat,rflbat_final_distance_filter,"[85, 51, 43, 6, 27, 5, 50, 82, 99]",[4],"{""accepted_indices"": [1, 2, 3, 4, 5, 6, 7, 8, 9, 1, 2, 3, 4, 5, 6, 7, 8, 9], ""eps2"": 6, ""distance_median"": 0.7714068856729277}"
25,rflbat,rflbat_first_distance_filter,"[0, 15, 16, 43, 2, 67, 24, 99, 38, 88, 15, 16, 43, 2, 67, 24, 99, 38, 88]",[],"{""accepted_indices"": [0, 1, 2, 3, 4, 5, 6, 7, 8, 9, 1, 2, 3, 4, 5, 6, 7, 8, 9], ""eps1"": 10, ""distance_median"": 0.8232241407995965}"
25,rflbat,rflbat_cluster_filter,"[16, 43, 67, 24, 99, 38, 88, 16, 43, 67, 24, 99, 38, 88]","[0, 15, 2]","{""accepted_indices"": [2, 3, 5, 6, 7, 8, 9, 2, 3, 5, 6, 7, 8, 9], ""num_clusters"": 4, ""cluster_scores"": [1.0000000000017883, 1.0000000000016256, 1, 0.13933236139643249]}"
25,rflbat,rflbat_final_distance_filter,"[16, 43, 67, 24, 99, 38, 88]","[0, 15, 2]","{""accepted_indices"": [2, 3, 5, 6, 7, 8, 9, 2, 3, 5, 6, 7, 8, 9], ""eps2"": 6, ""distance_median"": 0.10114212368075147}"
26,rflbat,rflbat_first_distance_filter,"[3, 33, 19, 1, 5, 97, 90, 14, 62, 36, 33, 19, 1, 5, 97, 90, 14, 62, 36]",[],"{""accepted_indices"": [0, 1, 2, 3, 4, 5, 6, 7, 8, 9, 1, 2, 3, 4, 5, 6, 7, 8, 9], ""eps1"": 10, ""distance_median"": 0.8437915019989932}"
26,rflbat,rflbat_cluster_filter,"[3, 33, 19, 5, 97, 90, 14, 62, 36, 33, 19, 5, 97, 90, 14, 62, 36]",[1],"{""accepted_indices"": [0, 1, 2, 4, 5, 6, 7, 8, 9, 1, 2, 4, 5, 6, 7, 8, 9], ""num_clusters"": 2, ""cluster_scores"": [0.11913708463813573, 1.0000000000013434]}"
26,rflbat,rflbat_final_distance_filter,"[33, 19, 5, 97, 90, 14, 62, 36]","[3, 1]","{""accepted_indices"": [1, 2, 4, 5, 6, 7, 8, 9, 1, 2, 4, 5, 6, 7, 8, 9], ""eps2"": 6, ""distance_median"": 0.5618202265386744}"
27,rflbat,rflbat_first_distance_filter,"[1, 73, 48, 50, 76, 11, 2, 26, 21, 37, 73, 48, 50, 76, 11, 2, 26, 21, 37]",[],"{""accepted_indices"": [0, 1, 2, 3, 4, 5, 6, 7, 8, 9, 1, 2, 3, 4, 5, 6, 7, 8, 9], ""eps1"": 10, ""distance_median"": 0.9313725569271998}"
27,rflbat,rflbat_cluster_filter,"[1, 73, 48, 50, 76, 11, 2, 26, 21, 37, 73, 48, 50, 76, 11, 2, 26, 21, 37]",[],"{""accepted_indices"": [0, 1, 2, 3, 4, 5, 6, 7, 8, 9, 1, 2, 3, 4, 5, 6, 7, 8, 9], ""num_clusters"": 1, ""cluster_scores"": [0.09805587988113662]}"
27,rflbat,rflbat_final_distance_filter,"[73, 48, 50, 76, 11, 2, 26, 21, 37]",[1],"{""accepted_indices"": [1, 2, 3, 4, 5, 6, 7, 8, 9, 1, 2, 3, 4, 5, 6, 7, 8, 9], ""eps2"": 6, ""distance_median"": 1.383489083913548}"
28,rflbat,rflbat_first_distance_filter,"[4, 36, 59, 35, 49, 80, 24, 42, 79, 57, 36, 59, 35, 49, 80, 24, 42, 79, 57]",[],"{""accepted_indices"": [0, 1, 2, 3, 4, 5, 6, 7, 8, 9, 1, 2, 3, 4, 5, 6, 7, 8, 9], ""eps1"": 10, ""distance_median"": 0.6268860225607631}"
28,rflbat,rflbat_cluster_filter,"[4, 36, 59, 35, 49, 80, 24, 42, 79, 57, 36, 59, 35, 49, 80, 24, 42, 79, 57]",[],"{""accepted_indices"": [0, 1, 2, 3, 4, 5, 6, 7, 8, 9, 1, 2, 3, 4, 5, 6, 7, 8, 9], ""num_clusters"": 1, ""cluster_scores"": [0.10420130537496412]}"
28,rflbat,rflbat_final_distance_filter,"[36, 59, 35, 49, 80, 24, 42, 79, 57]",[4],"{""accepted_indices"": [1, 2, 3, 4, 5, 6, 7, 8, 9, 1, 2, 3, 4, 5, 6, 7, 8, 9], ""eps2"": 6, ""distance_median"": 0.8941958867330415}"
29,rflbat,rflbat_first_distance_filter,"[3, 18, 29, 56, 38, 0, 26, 4, 93, 50, 18, 29, 56, 38, 0, 26, 4, 93, 50]",[],"{""accepted_indices"": [0, 1, 2, 3, 4, 5, 6, 7, 8, 9, 1, 2, 3, 4, 5, 6, 7, 8, 9], ""eps1"": 10, ""distance_median"": 0.993183122810944}"
29,rflbat,rflbat_cluster_filter,"[3, 18, 29, 56, 38, 0, 26, 4, 93, 50, 18, 29, 56, 38, 0, 26, 4, 93, 50]",[],"{""accepted_indices"": [0, 1, 2, 3, 4, 5, 6, 7, 8, 9, 1, 2, 3, 4, 5, 6, 7, 8, 9], ""num_clusters"": 1, ""cluster_scores"": [0.11409821974204337]}"
29,rflbat,rflbat_final_distance_filter,"[3, 18, 29, 56, 38, 0, 26, 4, 93, 50]",[],"{""accepted_indices"": [0, 1, 2, 3, 4, 5, 6, 7, 8, 9, 1, 2, 3, 4, 5, 6, 7, 8, 9], ""eps2"": 6, ""distance_median"": 1.76125787198212}"
30,rflbat,rflbat_first_distance_filter,"[3, 21, 26, 73, 10, 80, 50, 64, 57, 40, 21, 26, 73, 10, 80, 50, 64, 57, 40]",[],"{""accepted_indices"": [0, 1, 2, 3, 4, 5, 6, 7, 8, 9, 1, 2, 3, 4, 5, 6, 7, 8, 9], ""eps1"": 10, ""distance_median"": 0.4495309214307165}"
30,rflbat,rflbat_cluster_filter,"[3, 21, 26, 73, 10, 80, 50, 64, 57, 40, 21, 26, 73, 10, 80, 50, 64, 57, 40]",[],"{""accepted_indices"": [0, 1, 2, 3, 4, 5, 6, 7, 8, 9, 1, 2, 3, 4, 5, 6, 7, 8, 9], ""num_clusters"": 1, ""cluster_scores"": [0.14731994708401092]}"
30,rflbat,rflbat_final_distance_filter,"[3, 21, 26, 73, 10, 80, 50, 64, 57, 40]",[],"{""accepted_indices"": [0, 1, 2, 3, 4, 5, 6, 7, 8, 9, 1, 2, 3, 4, 5, 6, 7, 8, 9], ""eps2"": 6, ""distance_median"": 0.6912762961002313}"
31,rflbat,rflbat_first_distance_filter,"[4, 7, 63, 58, 54, 46, 70, 18, 69, 83, 7, 63, 58, 54, 46, 70, 18, 69, 83]",[],"{""accepted_indices"": [0, 1, 2, 3, 4, 5, 6, 7, 8, 9, 1, 2, 3, 4, 5, 6, 7, 8, 9], ""eps1"": 10, ""distance_median"": 0.5429379291429848}"
31,rflbat,rflbat_cluster_filter,"[7, 63, 58, 54, 46, 70, 18, 69, 83, 7, 63, 58, 54, 46, 70, 18, 69, 83]",[4],"{""accepted_indices"": [1, 2, 3, 4, 5, 6, 7, 8, 9, 1, 2, 3, 4, 5, 6, 7, 8, 9], ""num_clusters"": 2, ""cluster_scores"": [0.14809143843653583, 1]}"
31,rflbat,rflbat_final_distance_filter,"[7, 63, 58, 54, 46, 70, 18, 69, 83]",[4],"{""accepted_indices"": [1, 2, 3, 4, 5, 6, 7, 8, 9, 1, 2, 3, 4, 5, 6, 7, 8, 9], ""eps2"": 6, ""distance_median"": 0.4912067052574374}"
32,rflbat,rflbat_first_distance_filter,"[3, 28, 61, 62, 6, 86, 22, 64, 7, 4, 28, 61, 62, 6, 86, 22, 64, 7, 4]",[],"{""accepted_indices"": [0, 1, 2, 3, 4, 5, 6, 7, 8, 9, 1, 2, 3, 4, 5, 6, 7, 8, 9], ""eps1"": 10, ""distance_median"": 0.5570477245275982}"
32,rflbat,rflbat_cluster_filter,"[3, 28, 61, 62, 6, 86, 22, 64, 7, 4, 28, 61, 62, 6, 86, 22, 64, 7, 4]",[],"{""accepted_indices"": [0, 1, 2, 3, 4, 5, 6, 7, 8, 9, 1, 2, 3, 4, 5, 6, 7, 8, 9], ""num_clusters"": 1, ""cluster_scores"": [0.09319619017829421]}"
32,rflbat,rflbat_final_distance_filter,"[3, 28, 61, 62, 6, 86, 22, 64, 7, 4]",[],"{""accepted_indices"": [0, 1, 2, 3, 4, 5, 6, 7, 8, 9, 1, 2, 3, 4, 5, 6, 7, 8, 9], ""eps2"": 6, ""distance_median"": 0.8862455358521585}"
33,rflbat,rflbat_first_distance_filter,"[3, 15, 88, 82, 94, 26, 23, 4, 9, 29, 15, 88, 82, 94, 26, 23, 4, 9, 29]",[],"{""accepted_indices"": [0, 1, 2, 3, 4, 5, 6, 7, 8, 9, 1, 2, 3, 4, 5, 6, 7, 8, 9], ""eps1"": 10, ""distance_median"": 0.5480846745080312}"
33,rflbat,rflbat_cluster_filter,"[3, 15, 88, 82, 94, 26, 23, 4, 9, 29, 15, 88, 82, 94, 26, 23, 4, 9, 29]",[],"{""accepted_indices"": [0, 1, 2, 3, 4, 5, 6, 7, 8, 9, 1, 2, 3, 4, 5, 6, 7, 8, 9], ""num_clusters"": 1, ""cluster_scores"": [0.10116137512779126]}"
33,rflbat,rflbat_final_distance_filter,"[3, 15, 88, 82, 94, 26, 23, 4, 9, 29]",[],"{""accepted_indices"": [0, 1, 2, 3, 4, 5, 6, 7, 8, 9, 1, 2, 3, 4, 5, 6, 7, 8, 9], ""eps2"": 6, ""distance_median"": 0.8661385355515042}"
34,rflbat,rflbat_first_distance_filter,"[2, 84, 51, 30, 73, 98, 1, 95, 29, 82, 84, 51, 30, 73, 98, 1, 95, 29, 82]",[],"{""accepted_indices"": [0, 1, 2, 3, 4, 5, 6, 7, 8, 9, 1, 2, 3, 4, 5, 6, 7, 8, 9], ""eps1"": 10, ""distance_median"": 0.6927524849884339}"
34,rflbat,rflbat_cluster_filter,"[84, 51, 30, 73, 98, 95, 29, 82, 84, 51, 30, 73, 98, 95, 29, 82]","[2, 1]","{""accepted_indices"": [1, 2, 3, 4, 5, 7, 8, 9, 1, 2, 3, 4, 5, 7, 8, 9], ""num_clusters"": 3, ""cluster_scores"": [0.15362896221927047, 1.0000000000020042, 1]}"
34,rflbat,rflbat_final_distance_filter,"[84, 51, 30, 73, 98, 95, 29, 82]","[2, 1]","{""accepted_indices"": [1, 2, 3, 4, 5, 7, 8, 9, 1, 2, 3, 4, 5, 7, 8, 9], ""eps2"": 6, ""distance_median"": 0.1320534895046756}"
35,rflbat,rflbat_first_distance_filter,"[3, 70, 25, 97, 52, 10, 50, 68, 65, 40, 70, 25, 97, 52, 10, 50, 68, 65, 40]",[],"{""accepted_indices"": [0, 1, 2, 3, 4, 5, 6, 7, 8, 9, 1, 2, 3, 4, 5, 6, 7, 8, 9], ""eps1"": 10, ""distance_median"": 0.4752279479889674}"
35,rflbat,rflbat_cluster_filter,"[3, 70, 25, 97, 52, 10, 50, 68, 65, 40, 70, 25, 97, 52, 10, 50, 68, 65, 40]",[],"{""accepted_indices"": [0, 1, 2, 3, 4, 5, 6, 7, 8, 9, 1, 2, 3, 4, 5, 6, 7, 8, 9], ""num_clusters"": 1, ""cluster_scores"": [0.11700697664585517]}"
35,rflbat,rflbat_final_distance_filter,"[3, 70, 25, 97, 52, 10, 50, 68, 65, 40]",[],"{""accepted_indices"": [0, 1, 2, 3, 4, 5, 6, 7, 8, 9, 1, 2, 3, 4, 5, 6, 7, 8, 9], ""eps2"": 6, ""distance_median"": 0.7686481499853207}"
36,rflbat,rflbat_first_distance_filter,"[3, 77, 56, 13, 0, 84, 42, 76, 80, 9, 77, 56, 13, 0, 84, 42, 76, 80, 9]",[],"{""accepted_indices"": [0, 1, 2, 3, 4, 5, 6, 7, 8, 9, 1, 2, 3, 4, 5, 6, 7, 8, 9], ""eps1"": 10, ""distance_median"": 0.5757463791724712}"
36,rflbat,rflbat_cluster_filter,"[77, 56, 13, 84, 42, 76, 80, 9, 77, 56, 13, 84, 42, 76, 80, 9]","[3, 0]","{""accepted_indices"": [1, 2, 3, 5, 6, 7, 8, 9, 1, 2, 3, 5, 6, 7, 8, 9], ""num_clusters"": 3, ""cluster_scores"": [1.000000000001193, 0.13224189544547205, 1]}"
36,rflbat,rflbat_final_distance_filter,"[77, 56, 13, 84, 42, 76, 80, 9]","[3, 0]","{""accepted_indices"": [1, 2, 3, 5, 6, 7, 8, 9, 1, 2, 3, 5, 6, 7, 8, 9], ""eps2"": 6, ""distance_median"": 0.21472554989609843}"
37,rflbat,rflbat_first_distance_filter,"[0, 10, 86, 91, 62, 48, 89, 51, 29, 83, 10, 86, 91, 62, 48, 89, 51, 29, 83]",[],"{""accepted_indices"": [0, 1, 2, 3, 4, 5, 6, 7, 8, 9, 1, 2, 3, 4, 5, 6, 7, 8, 9], ""eps1"": 10, ""distance_median"": 0.5371328900060652}"
37,rflbat,rflbat_cluster_filter,"[10, 86, 91, 48, 89, 10, 86, 91, 48, 89]","[0, 62, 51, 29, 83]","{""accepted_indices"": [1, 2, 3, 5, 6, 1, 2, 3, 5, 6], ""num_clusters"": 4, ""cluster_scores"": [0.3512135934449498, 1, 1.0000000000028537, 0.20099069487257756]}"
37,rflbat,rflbat_final_distance_filter,"[10, 86, 91, 48, 89]","[0, 62, 51, 29, 83]","{""accepted_indices"": [1, 2, 3, 5, 6, 1, 2, 3, 5, 6], ""eps2"": 6, ""distance_median"": 0.06130943783624742}"
38,rflbat,rflbat_first_distance_filter,"[0, 57, 6, 83, 76, 89, 13, 50, 7, 33, 57, 6, 83, 76, 89, 13, 50, 7, 33]",[],"{""accepted_indices"": [0, 1, 2, 3, 4, 5, 6, 7, 8, 9, 1, 2, 3, 4, 5, 6, 7, 8, 9], ""eps1"": 10, ""distance_median"": 0.5631958005765157}"
38,rflbat,rflbat_cluster_filter,"[0, 57, 6, 83, 76, 89, 13, 50, 7, 33, 57, 6, 83, 76, 89, 13, 50, 7, 33]",[],"{""accepted_indices"": [0, 1, 2, 3, 4, 5, 6, 7, 8, 9, 1, 2, 3, 4, 5, 6, 7, 8, 9], ""num_clusters"": 1, ""cluster_scores"": [0.10045871787237591]}"
38,rflbat,rflbat_final_distance_filter,"[57, 6, 83, 76, 89, 13, 50, 7, 33]",[0],"{""accepted_indices"": [1, 2, 3, 4, 5, 6, 7, 8, 9, 1, 2, 3, 4, 5, 6, 7, 8, 9], ""eps2"": 6, ""distance_median"": 0.817401816794088}"
39,rflbat,rflbat_first_distance_filter,"[0, 59, 6, 99, 57, 83, 43, 74, 27, 38, 59, 6, 99, 57, 83, 43, 74, 27, 38]",[],"{""accepted_indices"": [0, 1, 2, 3, 4, 5, 6, 7, 8, 9, 1, 2, 3, 4, 5, 6, 7, 8, 9], ""eps1"": 10, ""distance_median"": 0.5461328715814582}"
39,rflbat,rflbat_cluster_filter,"[0, 59, 6, 99, 57, 83, 43, 74, 27, 38, 59, 6, 99, 57, 83, 43, 74, 27, 38]",[],"{""accepted_indices"": [0, 1, 2, 3, 4, 5, 6, 7, 8, 9, 1, 2, 3, 4, 5, 6, 7, 8, 9], ""num_clusters"": 1, ""cluster_scores"": [0.10893317482611554]}"
39,rflbat,rflbat_final_distance_filter,"[59, 6, 99, 57, 83, 43, 74, 27, 38]",[0],"{""accepted_indices"": [1, 2, 3, 4, 5, 6, 7, 8, 9, 1, 2, 3, 4, 5, 6, 7, 8, 9], ""eps2"": 6, ""distance_median"": 0.7652790449369434}"
40,rflbat,rflbat_first_distance_filter,"[1, 86, 20, 42, 8, 25, 22, 41, 4, 63, 86, 20, 42, 8, 25, 22, 41, 4, 63]",[],"{""accepted_indices"": [0, 1, 2, 3, 4, 5, 6, 7, 8, 9, 1, 2, 3, 4, 5, 6, 7, 8, 9], ""eps1"": 10, ""distance_median"": 0.6828487741497391}"
40,rflbat,rflbat_cluster_filter,"[1, 86, 20, 42, 8, 25, 22, 41, 4, 63, 86, 20, 42, 8, 25, 22, 41, 4, 63]",[],"{""accepted_indices"": [0, 1, 2, 3, 4, 5, 6, 7, 8, 9, 1, 2, 3, 4, 5, 6, 7, 8, 9], ""num_clusters"": 1, ""cluster_scores"": [0.11918492198985407]}"
40,rflbat,rflbat_final_distance_filter,"[86, 20, 42, 8, 25, 22, 41, 4, 63]",[1],"{""accepted_indices"": [1, 2, 3, 4, 5, 6, 7, 8, 9, 1, 2, 3, 4, 5, 6, 7, 8, 9], ""eps2"": 6, ""distance_median"": 0.9962812315783246}"
41,rflbat,rflbat_first_distance_filter,"[3, 8, 99, 63, 0, 30, 96, 79, 7, 55, 8, 99, 63, 0, 30, 96, 79, 7, 55]",[],"{""accepted_indices"": [0, 1, 2, 3, 4, 5, 6, 7, 8, 9, 1, 2, 3, 4, 5, 6, 7, 8, 9], ""eps1"": 10, ""distance_median"": 0.5470207880703284}"
41,rflbat,rflbat_cluster_filter,"[3, 8, 99, 63, 0, 30, 96, 79, 7, 55, 8, 99, 63, 0, 30, 96, 79, 7, 55]",[],"{""accepted_indices"": [0, 1, 2, 3, 4, 5, 6, 7, 8, 9, 1, 2, 3, 4, 5, 6, 7, 8, 9], ""num_clusters"": 1, ""cluster_scores"": [0.09918726663371454]}"
41,rflbat,rflbat_final_distance_filter,"[3, 8, 99, 63, 0, 30, 96, 79, 7, 55]",[],"{""accepted_indices"": [0, 1, 2, 3, 4, 5, 6, 7, 8, 9, 1, 2, 3, 4, 5, 6, 7, 8, 9], ""eps2"": 6, ""distance_median"": 0.8929340807604095}"
42,rflbat,rflbat_first_distance_filter,"[0, 59, 85, 40, 10, 2, 61, 37, 48, 4, 59, 85, 40, 10, 2, 61, 37, 48, 4]",[],"{""accepted_indices"": [0, 1, 2, 3, 4, 5, 6, 7, 8, 9, 1, 2, 3, 4, 5, 6, 7, 8, 9], ""eps1"": 10, ""distance_median"": 0.7432261364898465}"
42,rflbat,rflbat_cluster_filter,"[0, 59, 85, 40, 10, 2, 61, 37, 48, 4, 59, 85, 40, 10, 2, 61, 37, 48, 4]",[],"{""accepted_indices"": [0, 1, 2, 3, 4, 5, 6, 7, 8, 9, 1, 2, 3, 4, 5, 6, 7, 8, 9], ""num_clusters"": 1, ""cluster_scores"": [0.11285566014674624]}"
42,rflbat,rflbat_final_distance_filter,"[0, 59, 85, 40, 10, 2, 61, 37, 48, 4]",[],"{""accepted_indices"": [0, 1, 2, 3, 4, 5, 6, 7, 8, 9, 1, 2, 3, 4, 5, 6, 7, 8, 9], ""eps2"": 6, ""distance_median"": 1.197936439830033}"
43,rflbat,rflbat_first_distance_filter,"[0, 26, 9, 91, 73, 81, 63, 59, 70, 33, 26, 9, 91, 73, 81, 63, 59, 70, 33]",[],"{""accepted_indices"": [0, 1, 2, 3, 4, 5, 6, 7, 8, 9, 1, 2, 3, 4, 5, 6, 7, 8, 9], ""eps1"": 10, ""distance_median"": 0.6926413182832218}"
43,rflbat,rflbat_cluster_filter,"[0, 26, 9, 91, 73, 81, 63, 59, 70, 33, 26, 9, 91, 73, 81, 63, 59, 70, 33]",[],"{""accepted_indices"": [0, 1, 2, 3, 4, 5, 6, 7, 8, 9, 1, 2, 3, 4, 5, 6, 7, 8, 9], ""num_clusters"": 1, ""cluster_scores"": [0.1264037397488508]}"
43,rflbat,rflbat_final_distance_filter,"[0, 26, 9, 91, 73, 81, 63, 59, 70, 33]",[],"{""accepted_indices"": [0, 1, 2, 3, 4, 5, 6, 7, 8, 9, 1, 2, 3, 4, 5, 6, 7, 8, 9], ""eps2"": 6, ""distance_median"": 1.1867270222500172}"
44,rflbat,rflbat_first_distance_filter,"[4, 15, 21, 96, 20, 47, 2, 88, 40, 98, 15, 21, 96, 20, 47, 2, 88, 40, 98]",[],"{""accepted_indices"": [0, 1, 2, 3, 4, 5, 6, 7, 8, 9, 1, 2, 3, 4, 5, 6, 7, 8, 9], ""eps1"": 10, ""distance_median"": 0.619507058081545}"
44,rflbat,rflbat_cluster_filter,"[4, 15, 21, 96, 20, 47, 2, 88, 40, 98, 15, 21, 96, 20, 47, 2, 88, 40, 98]",[],"{""accepted_indices"": [0, 1, 2, 3, 4, 5, 6, 7, 8, 9, 1, 2, 3, 4, 5, 6, 7, 8, 9], ""num_clusters"": 1, ""cluster_scores"": [0.11950273520674255]}"
44,rflbat,rflbat_final_distance_filter,"[4, 15, 21, 96, 20, 47, 2, 88, 40, 98]",[],"{""accepted_indices"": [0, 1, 2, 3, 4, 5, 6, 7, 8, 9, 1, 2, 3, 4, 5, 6, 7, 8, 9], ""eps2"": 6, ""distance_median"": 1.008219926584611}"
45,rflbat,rflbat_first_distance_filter,"[2, 22, 73, 42, 58, 60, 69, 44, 79, 14, 22, 73, 42, 58, 60, 69, 44, 79, 14]",[],"{""accepted_indices"": [0, 1, 2, 3, 4, 5, 6, 7, 8, 9, 1, 2, 3, 4, 5, 6, 7, 8, 9], ""eps1"": 10, ""distance_median"": 0.5021212107589164}"
45,rflbat,rflbat_cluster_filter,"[2, 22, 73, 42, 58, 60, 69, 44, 79, 14, 22, 73, 42, 58, 60, 69, 44, 79, 14]",[],"{""accepted_indices"": [0, 1, 2, 3, 4, 5, 6, 7, 8, 9, 1, 2, 3, 4, 5, 6, 7, 8, 9], ""num_clusters"": 1, ""cluster_scores"": [0.11910569361771328]}"
45,rflbat,rflbat_final_distance_filter,"[2, 22, 73, 42, 58, 60, 69, 44, 79, 14]",[],"{""accepted_indices"": [0, 1, 2, 3, 4, 5, 6, 7, 8, 9, 1, 2, 3, 4, 5, 6, 7, 8, 9], ""eps2"": 6, ""distance_median"": 0.7634060134510243}"
46,rflbat,rflbat_first_distance_filter,"[3, 25, 72, 46, 23, 80, 49, 87, 4, 85, 25, 72, 46, 23, 80, 49, 87, 4, 85]",[],"{""accepted_indices"": [0, 1, 2, 3, 4, 5, 6, 7, 8, 9, 1, 2, 3, 4, 5, 6, 7, 8, 9], ""eps1"": 10, ""distance_median"": 0.4532528942028682}"
46,rflbat,rflbat_cluster_filter,"[3, 25, 72, 46, 23, 80, 49, 87, 4, 85, 25, 72, 46, 23, 80, 49, 87, 4, 85]",[],"{""accepted_indices"": [0, 1, 2, 3, 4, 5, 6, 7, 8, 9, 1, 2, 3, 4, 5, 6, 7, 8, 9], ""num_clusters"": 1, ""cluster_scores"": [0.11982511887782273]}"
46,rflbat,rflbat_final_distance_filter,"[3, 25, 72, 46, 23, 80, 49, 87, 4, 85]",[],"{""accepted_indices"": [0, 1, 2, 3, 4, 5, 6, 7, 8, 9, 1, 2, 3, 4, 5, 6, 7, 8, 9], ""eps2"": 6, ""distance_median"": 0.7405284818928645}"
47,rflbat,rflbat_first_distance_filter,"[3, 83, 32, 15, 30, 85, 95, 7, 9, 18, 83, 32, 15, 30, 85, 95, 7, 9, 18]",[],"{""accepted_indices"": [0, 1, 2, 3, 4, 5, 6, 7, 8, 9, 1, 2, 3, 4, 5, 6, 7, 8, 9], ""eps1"": 10, ""distance_median"": 0.3822321213451265}"
47,rflbat,rflbat_cluster_filter,"[83, 32, 15, 30, 95, 7, 9, 18, 83, 32, 15, 30, 95, 7, 9, 18]","[3, 85]","{""accepted_indices"": [1, 2, 3, 4, 6, 7, 8, 9, 1, 2, 3, 4, 6, 7, 8, 9], ""num_clusters"": 3, ""cluster_scores"": [0.12943720086814114, 1.0000000000029023, 1]}"
47,rflbat,rflbat_final_distance_filter,"[83, 32, 15, 30, 95, 7, 9, 18]","[3, 85]","{""accepted_indices"": [1, 2, 3, 4, 6, 7, 8, 9, 1, 2, 3, 4, 6, 7, 8, 9], ""eps2"": 6, ""distance_median"": 0.11210216583907662}"
48,rflbat,rflbat_first_distance_filter,"[1, 83, 76, 54, 18, 74, 16, 89, 49, 10, 83, 76, 54, 18, 74, 16, 89, 49, 10]",[],"{""accepted_indices"": [0, 1, 2, 3, 4, 5, 6, 7, 8, 9, 1, 2, 3, 4, 5, 6, 7, 8, 9], ""eps1"": 10, ""distance_median"": 0.6127154972521034}"
48,rflbat,rflbat_cluster_filter,"[1, 83, 76, 54, 18, 74, 16, 89, 49, 10, 83, 76, 54, 18, 74, 16, 89, 49, 10]",[],"{""accepted_indices"": [0, 1, 2, 3, 4, 5, 6, 7, 8, 9, 1, 2, 3, 4, 5, 6, 7, 8, 9], ""num_clusters"": 1, ""cluster_scores"": [0.12976897378526167]}"
48,rflbat,rflbat_final_distance_filter,"[83, 76, 54, 18, 74, 16, 89, 49, 10]",[1],"{""accepted_indices"": [1, 2, 3, 4, 5, 6, 7, 8, 9, 1, 2, 3, 4, 5, 6, 7, 8, 9], ""eps2"": 6, ""distance_median"": 0.850194620406303}"
49,rflbat,rflbat_first_distance_filter,"[1, 33, 88, 67, 20, 96, 47, 3, 38, 5, 33, 88, 67, 20, 96, 47, 3, 38, 5]",[],"{""accepted_indices"": [0, 1, 2, 3, 4, 5, 6, 7, 8, 9, 1, 2, 3, 4, 5, 6, 7, 8, 9], ""eps1"": 10, ""distance_median"": 0.6870964723369819}"
49,rflbat,rflbat_cluster_filter,"[1, 33, 88, 67, 20, 96, 47, 3, 38, 5, 33, 88, 67, 20, 96, 47, 3, 38, 5]",[],"{""accepted_indices"": [0, 1, 2, 3, 4, 5, 6, 7, 8, 9, 1, 2, 3, 4, 5, 6, 7, 8, 9], ""num_clusters"": 1, ""cluster_scores"": [0.10950843510314637]}"
49,rflbat,rflbat_final_distance_filter,"[1, 33, 88, 67, 20, 96, 47, 3, 38, 5]",[],"{""accepted_indices"": [0, 1, 2, 3, 4, 5, 6, 7, 8, 9, 1, 2, 3, 4, 5, 6, 7, 8, 9], ""eps2"": 6, ""distance_median"": 1.0234981704894575}"
50,rflbat,rflbat_first_distance_filter,"[1, 99, 70, 16, 23, 85, 18, 54, 32, 10, 99, 70, 16, 23, 85, 18, 54, 32, 10]",[],"{""accepted_indices"": [0, 1, 2, 3, 4, 5, 6, 7, 8, 9, 1, 2, 3, 4, 5, 6, 7, 8, 9], ""eps1"": 10, ""distance_median"": 0.5267983841604111}"
50,rflbat,rflbat_cluster_filter,"[1, 99, 70, 16, 23, 85, 18, 54, 32, 10, 99, 70, 16, 23, 85, 18, 54, 32, 10]",[],"{""accepted_indices"": [0, 1, 2, 3, 4, 5, 6, 7, 8, 9, 1, 2, 3, 4, 5, 6, 7, 8, 9], ""num_clusters"": 1, ""cluster_scores"": [0.10989375025643863]}"
50,rflbat,rflbat_final_distance_filter,"[99, 70, 16, 23, 85, 18, 54, 32, 10]",[1],"{""accepted_indices"": [1, 2, 3, 4, 5, 6, 7, 8, 9, 1, 2, 3, 4, 5, 6, 7, 8, 9], ""eps2"": 6, ""distance_median"": 0.7431365207743587}"
51,rflbat,rflbat_first_distance_filter,"[1, 57, 29, 16, 68, 58, 11, 3, 90, 46, 57, 29, 16, 68, 58, 11, 3, 90, 46]",[],"{""accepted_indices"": [0, 1, 2, 3, 4, 5, 6, 7, 8, 9, 1, 2, 3, 4, 5, 6, 7, 8, 9], ""eps1"": 10, ""distance_median"": 0.6673781629926494}"
51,rflbat,rflbat_cluster_filter,"[1, 57, 29, 16, 68, 58, 11, 3, 90, 46, 57, 29, 16, 68, 58, 11, 3, 90, 46]",[],"{""accepted_indices"": [0, 1, 2, 3, 4, 5, 6, 7, 8, 9, 1, 2, 3, 4, 5, 6, 7, 8, 9], ""num_clusters"": 1, ""cluster_scores"": [0.11482002790557039]}"
51,rflbat,rflbat_final_distance_filter,"[57, 29, 16, 68, 58, 11, 3, 90, 46]",[1],"{""accepted_indices"": [1, 2, 3, 4, 5, 6, 7, 8, 9, 1, 2, 3, 4, 5, 6, 7, 8, 9], ""eps2"": 6, ""distance_median"": 0.9515216643531095}"
52,rflbat,rflbat_first_distance_filter,"[4, 96, 88, 63, 80, 14, 69, 58, 51, 19, 96, 88, 63, 80, 14, 69, 58, 51, 19]",[],"{""accepted_indices"": [0, 1, 2, 3, 4, 5, 6, 7, 8, 9, 1, 2, 3, 4, 5, 6, 7, 8, 9], ""eps1"": 10, ""distance_median"": 0.45841062912191916}"
52,rflbat,rflbat_cluster_filter,"[4, 96, 88, 63, 80, 14, 69, 58, 51, 19, 96, 88, 63, 80, 14, 69, 58, 51, 19]",[],"{""accepted_indices"": [0, 1, 2, 3, 4, 5, 6, 7, 8, 9, 1, 2, 3, 4, 5, 6, 7, 8, 9], ""num_clusters"": 1, ""cluster_scores"": [0.10205912661152339]}"
52,rflbat,rflbat_final_distance_filter,"[4, 96, 88, 63, 80, 14, 69, 58, 51, 19]",[],"{""accepted_indices"": [0, 1, 2, 3, 4, 5, 6, 7, 8, 9, 1, 2, 3, 4, 5, 6, 7, 8, 9], ""eps2"": 6, ""distance_median"": 0.7086140165683934}"
53,rflbat,rflbat_first_distance_filter,"[2, 48, 23, 97, 99, 80, 26, 94, 53, 75, 48, 23, 97, 99, 80, 26, 94, 53, 75]",[],"{""accepted_indices"": [0, 1, 2, 3, 4, 5, 6, 7, 8, 9, 1, 2, 3, 4, 5, 6, 7, 8, 9], ""eps1"": 10, ""distance_median"": 0.6449658836310246}"
53,rflbat,rflbat_cluster_filter,"[2, 48, 23, 97, 99, 80, 26, 94, 53, 75, 48, 23, 97, 99, 80, 26, 94, 53, 75]",[],"{""accepted_indices"": [0, 1, 2, 3, 4, 5, 6, 7, 8, 9, 1, 2, 3, 4, 5, 6, 7, 8, 9], ""num_clusters"": 1, ""cluster_scores"": [0.10345965175721042]}"
53,rflbat,rflbat_final_distance_filter,"[2, 48, 23, 97, 99, 80, 26, 94, 53, 75]",[],"{""accepted_indices"": [0, 1, 2, 3, 4, 5, 6, 7, 8, 9, 1, 2, 3, 4, 5, 6, 7, 8, 9], ""eps2"": 6, ""distance_median"": 1.040758069107664}"
54,rflbat,rflbat_first_distance_filter,"[2, 71, 45, 46, 73, 35, 40, 81, 7, 17, 71, 45, 46, 73, 35, 40, 81, 7, 17]",[],"{""accepted_indices"": [0, 1, 2, 3, 4, 5, 6, 7, 8, 9, 1, 2, 3, 4, 5, 6, 7, 8, 9], ""eps1"": 10, ""distance_median"": 0.6236883754816098}"
54,rflbat,rflbat_cluster_filter,"[2, 71, 45, 46, 73, 35, 40, 81, 7, 17, 71, 45, 46, 73, 35, 40, 81, 7, 17]",[],"{""accepted_indices"": [0, 1, 2, 3, 4, 5, 6, 7, 8, 9, 1, 2, 3, 4, 5, 6, 7, 8, 9], ""num_clusters"": 1, ""cluster_scores"": [0.11892133690155175]}"
54,rflbat,rflbat_final_distance_filter,"[2, 71, 45, 46, 73, 35, 40, 81, 7, 17]",[],"{""accepted_indices"": [0, 1, 2, 3, 4, 5, 6, 7, 8, 9, 1, 2, 3, 4, 5, 6, 7, 8, 9], ""eps2"": 6, ""distance_median"": 1.056050778877563}"
55,rflbat,rflbat_first_distance_filter,"[1, 53, 98, 30, 43, 18, 83, 24, 32, 48, 53, 98, 30, 43, 18, 83, 24, 32, 48]",[],"{""accepted_indices"": [0, 1, 2, 3, 4, 5, 6, 7, 8, 9, 1, 2, 3, 4, 5, 6, 7, 8, 9], ""eps1"": 10, ""distance_median"": 0.5413911427539505}"
55,rflbat,rflbat_cluster_filter,"[53, 30, 43, 18, 83, 24, 32, 48, 53, 30, 43, 18, 83, 24, 32, 48]","[1, 98]","{""accepted_indices"": [1, 3, 4, 5, 6, 7, 8, 9, 1, 3, 4, 5, 6, 7, 8, 9], ""num_clusters"": 3, ""cluster_scores"": [0.13302279348096058, 1, 1.0000000000014075]}"
55,rflbat,rflbat_final_distance_filter,"[53, 30, 43, 18, 83, 24, 32, 48]","[1, 98]","{""accepted_indices"": [1, 3, 4, 5, 6, 7, 8, 9, 1, 3, 4, 5, 6, 7, 8, 9], ""eps2"": 6, ""distance_median"": 0.23629067758644756}"
56,rflbat,rflbat_first_distance_filter,"[4, 7, 38, 88, 71, 75, 59, 67, 68, 27, 7, 38, 88, 71, 75, 59, 67, 68, 27]",[],"{""accepted_indices"": [0, 1, 2, 3, 4, 5, 6, 7, 8, 9, 1, 2, 3, 4, 5, 6, 7, 8, 9], ""eps1"": 10, ""distance_median"": 0.5833076659899197}"
56,rflbat,rflbat_cluster_filter,"[4, 7, 38, 88, 71, 75, 59, 67, 68, 27, 7, 38, 88, 71, 75, 59, 67, 68, 27]",[],"{""accepted_indices"": [0, 1, 2, 3, 4, 5, 6, 7, 8, 9, 1, 2, 3, 4, 5, 6, 7, 8, 9], ""num_clusters"": 1, ""cluster_scores"": [0.1097164427370098]}"
56,rflbat,rflbat_final_distance_filter,"[4, 7, 38, 88, 71, 75, 59, 67, 68, 27]",[],"{""accepted_indices"": [0, 1, 2, 3, 4, 5, 6, 7, 8, 9, 1, 2, 3, 4, 5, 6, 7, 8, 9], ""eps2"": 6, ""distance_median"": 1.0930929319831197}"
57,rflbat,rflbat_first_distance_filter,"[4, 69, 77, 59, 39, 16, 26, 76, 52, 40, 69, 77, 59, 39, 16, 26, 76, 52, 40]",[],"{""accepted_indices"": [0, 1, 2, 3, 4, 5, 6, 7, 8, 9, 1, 2, 3, 4, 5, 6, 7, 8, 9], ""eps1"": 10, ""distance_median"": 0.5502448185648761}"
57,rflbat,rflbat_cluster_filter,"[69, 77, 59, 39, 16, 76, 52, 40, 69, 77, 59, 39, 16, 76, 52, 40]","[4, 26]","{""accepted_indices"": [1, 2, 3, 4, 5, 7, 8, 9, 1, 2, 3, 4, 5, 7, 8, 9], ""num_clusters"": 3, ""cluster_scores"": [0.1167681453361751, 1.000000000002237, 1]}"
57,rflbat,rflbat_final_distance_filter,"[69, 77, 59, 39, 16, 76, 52, 40]","[4, 26]","{""accepted_indices"": [1, 2, 3, 4, 5, 7, 8, 9, 1, 2, 3, 4, 5, 7, 8, 9], ""eps2"": 6, ""distance_median"": 0.10272576922498425}"
58,rflbat,rflbat_first_distance_filter,"[4, 42, 53, 10, 64, 5, 11, 72, 51, 49, 42, 53, 10, 64, 5, 11, 72, 51, 49]",[],"{""accepted_indices"": [0, 1, 2, 3, 4, 5, 6, 7, 8, 9, 1, 2, 3, 4, 5, 6, 7, 8, 9], ""eps1"": 10, ""distance_median"": 0.4367074704449337}"
58,rflbat,rflbat_cluster_filter,"[4, 42, 53, 10, 64, 5, 11, 72, 51, 49, 42, 53, 10, 64, 5, 11, 72, 51, 49]",[],"{""accepted_indices"": [0, 1, 2, 3, 4, 5, 6, 7, 8, 9, 1, 2, 3, 4, 5, 6, 7, 8, 9], ""num_clusters"": 1, ""cluster_scores"": [0.1159673588334172]}"
58,rflbat,rflbat_final_distance_filter,"[42, 53, 10, 64, 5, 11, 72, 51, 49]",[4],"{""accepted_indices"": [1, 2, 3, 4, 5, 6, 7, 8, 9, 1, 2, 3, 4, 5, 6, 7, 8, 9], ""eps2"": 6, ""distance_median"": 0.6448466561570853}"
59,rflbat,rflbat_first_distance_filter,"[1, 63, 60, 8, 65, 44, 20, 56, 52, 90, 63, 60, 8, 65, 44, 20, 56, 52, 90]",[],"{""accepted_indices"": [0, 1, 2, 3, 4, 5, 6, 7, 8, 9, 1, 2, 3, 4, 5, 6, 7, 8, 9], ""eps1"": 10, ""distance_median"": 0.6549806674261602}"
59,rflbat,rflbat_cluster_filter,"[63, 60, 65, 56, 52, 90, 63, 60, 65, 56, 52, 90]","[1, 8, 44, 20]","{""accepted_indices"": [1, 2, 4, 7, 8, 9, 1, 2, 4, 7, 8, 9], ""num_clusters"": 4, ""cluster_scores"": [0.16813194632295925, 1, 1.0000000000025935, 0.5023647717531728]}"
59,rflbat,rflbat_final_distance_filter,"[63, 60, 65, 56, 52, 90]","[1, 8, 44, 20]","{""accepted_indices"": [1, 2, 4, 7, 8, 9, 1, 2, 4, 7, 8, 9], ""eps2"": 6, ""distance_median"": 0.06749005971105647}"
60,rflbat,rflbat_first_distance_filter,"[4, 64, 73, 62, 66, 39, 37, 53, 93, 10, 64, 73, 62, 66, 39, 37, 53, 93, 10]",[],"{""accepted_indices"": [0, 1, 2, 3, 4, 5, 6, 7, 8, 9, 1, 2, 3, 4, 5, 6, 7, 8, 9], ""eps1"": 10, ""distance_median"": 0.47653752932989957}"
60,rflbat,rflbat_cluster_filter,"[4, 64, 73, 62, 66, 39, 37, 53, 93, 10, 64, 73, 62, 66, 39, 37, 53, 93, 10]",[],"{""accepted_indices"": [0, 1, 2, 3, 4, 5, 6, 7, 8, 9, 1, 2, 3, 4, 5, 6, 7, 8, 9], ""num_clusters"": 1, ""cluster_scores"": [0.11982661282555263]}"
60,rflbat,rflbat_final_distance_filter,"[4, 64, 73, 62, 66, 39, 37, 53, 93, 10]",[],"{""accepted_indices"": [0, 1, 2, 3, 4, 5, 6, 7, 8, 9, 1, 2, 3, 4, 5, 6, 7, 8, 9], ""eps2"": 6, ""distance_median"": 0.7073805556922566}"
61,rflbat,rflbat_first_distance_filter,"[0, 51, 92, 34, 98, 89, 25, 16, 7, 43, 51, 92, 34, 98, 89, 25, 16, 7, 43]",[],"{""accepted_indices"": [0, 1, 2, 3, 4, 5, 6, 7, 8, 9, 1, 2, 3, 4, 5, 6, 7, 8, 9], ""eps1"": 10, ""distance_median"": 0.5044136415649417}"
61,rflbat,rflbat_cluster_filter,"[0, 51, 92, 34, 98, 89, 25, 16, 7, 43, 51, 92, 34, 98, 89, 25, 16, 7, 43]",[],"{""accepted_indices"": [0, 1, 2, 3, 4, 5, 6, 7, 8, 9, 1, 2, 3, 4, 5, 6, 7, 8, 9], ""num_clusters"": 1, ""cluster_scores"": [0.10826939613067928]}"
61,rflbat,rflbat_final_distance_filter,"[51, 92, 34, 98, 89, 25, 16, 7, 43]",[0],"{""accepted_indices"": [1, 2, 3, 4, 5, 6, 7, 8, 9, 1, 2, 3, 4, 5, 6, 7, 8, 9], ""eps2"": 6, ""distance_median"": 0.7408009366288756}"
62,rflbat,rflbat_first_distance_filter,"[4, 31, 57, 61, 70, 92, 85, 84, 79, 81, 31, 57, 61, 70, 92, 85, 84, 79, 81]",[],"{""accepted_indices"": [0, 1, 2, 3, 4, 5, 6, 7, 8, 9, 1, 2, 3, 4, 5, 6, 7, 8, 9], ""eps1"": 10, ""distance_median"": 0.42845534360391935}"
62,rflbat,rflbat_cluster_filter,"[31, 57, 61, 70, 92, 84, 79, 81, 31, 57, 61, 70, 92, 84, 79, 81]","[4, 85]","{""accepted_indices"": [1, 2, 3, 4, 5, 7, 8, 9, 1, 2, 3, 4, 5, 7, 8, 9], ""num_clusters"": 3, ""cluster_scores"": [1.0000000000015825, 0.15121178969859078, 1]}"
62,rflbat,rflbat_final_distance_filter,"[31, 57, 61, 70, 92, 84, 79, 81]","[4, 85]","{""accepted_indices"": [1, 2, 3, 4, 5, 7, 8, 9, 1, 2, 3, 4, 5, 7, 8, 9], ""eps2"": 6, ""distance_median"": 0.12691144358058945}"
63,rflbat,rflbat_first_distance_filter,"[0, 1, 34, 47, 49, 85, 86, 99, 79, 18, 1, 34, 47, 49, 85, 86, 99, 79, 18]",[],"{""accepted_indices"": [0, 1, 2, 3, 4, 5, 6, 7, 8, 9, 1, 2, 3, 4, 5, 6, 7, 8, 9], ""eps1"": 10, ""distance_median"": 0.690188637358468}"
63,rflbat,rflbat_cluster_filter,"[0, 1, 34, 47, 49, 85, 86, 99, 79, 18, 1, 34, 47, 49, 85, 86, 99, 79, 18]",[],"{""accepted_indices"": [0, 1, 2, 3, 4, 5, 6, 7, 8, 9, 1, 2, 3, 4, 5, 6, 7, 8, 9], ""num_clusters"": 1, ""cluster_scores"": [0.10504138460465022]}"
63,rflbat,rflbat_final_distance_filter,"[0, 1, 34, 47, 49, 85, 86, 99, 79, 18]",[],"{""accepted_indices"": [0, 1, 2, 3, 4, 5, 6, 7, 8, 9, 1, 2, 3, 4, 5, 6, 7, 8, 9], ""eps2"": 6, ""distance_median"": 1.1104212729684493}"
64,rflbat,rflbat_first_distance_filter,"[2, 91, 79, 59, 92, 19, 22, 32, 37, 82, 91, 79, 59, 92, 19, 22, 32, 37, 82]",[],"{""accepted_indices"": [0, 1, 2, 3, 4, 5, 6, 7, 8, 9, 1, 2, 3, 4, 5, 6, 7, 8, 9], ""eps1"": 10, ""distance_median"": 0.49225460338660787}"
64,rflbat,rflbat_cluster_filter,"[91, 79, 19, 22, 32, 37, 82, 91, 79, 19, 22, 32, 37, 82]","[2, 59, 92]","{""accepted_indices"": [1, 2, 5, 6, 7, 8, 9, 1, 2, 5, 6, 7, 8, 9], ""num_clusters"": 3, ""cluster_scores"": [0.5123533774250137, 1, 0.15586781275439465]}"
64,rflbat,rflbat_final_distance_filter,"[91, 79, 19, 22, 32, 37, 82]","[2, 59, 92]","{""accepted_indices"": [1, 2, 5, 6, 7, 8, 9, 1, 2, 5, 6, 7, 8, 9], ""eps2"": 6, ""distance_median"": 0.2275477292520495}"
65,rflbat,rflbat_first_distance_filter,"[3, 72, 61, 0, 33, 43, 63, 46, 9, 81, 72, 61, 0, 33, 43, 63, 46, 9, 81]",[],"{""accepted_indices"": [0, 1, 2, 3, 4, 5, 6, 7, 8, 9, 1, 2, 3, 4, 5, 6, 7, 8, 9], ""eps1"": 10, ""distance_median"": 0.602473969697642}"
65,rflbat,rflbat_cluster_filter,"[3, 72, 61, 0, 33, 43, 63, 46, 9, 81, 72, 61, 0, 33, 43, 63, 46, 9, 81]",[],"{""accepted_indices"": [0, 1, 2, 3, 4, 5, 6, 7, 8, 9, 1, 2, 3, 4, 5, 6, 7, 8, 9], ""num_clusters"": 1, ""cluster_scores"": [0.09764676169893975]}"
65,rflbat,rflbat_final_distance_filter,"[3, 72, 61, 0, 33, 43, 63, 46, 9, 81]",[],"{""accepted_indices"": [0, 1, 2, 3, 4, 5, 6, 7, 8, 9, 1, 2, 3, 4, 5, 6, 7, 8, 9], ""eps2"": 6, ""distance_median"": 1.1455145370492579}"
66,rflbat,rflbat_first_distance_filter,"[4, 56, 51, 27, 87, 22, 78, 73, 59, 15, 56, 51, 27, 87, 22, 78, 73, 59, 15]",[],"{""accepted_indices"": [0, 1, 2, 3, 4, 5, 6, 7, 8, 9, 1, 2, 3, 4, 5, 6, 7, 8, 9], ""eps1"": 10, ""distance_median"": 0.5608419184332345}"
66,rflbat,rflbat_cluster_filter,"[56, 51, 27, 87, 22, 78, 73, 59, 15, 56, 51, 27, 87, 22, 78, 73, 59, 15]",[4],"{""accepted_indices"": [1, 2, 3, 4, 5, 6, 7, 8, 9, 1, 2, 3, 4, 5, 6, 7, 8, 9], ""num_clusters"": 2, ""cluster_scores"": [0.11929590504958891, 1]}"
66,rflbat,rflbat_final_distance_filter,"[56, 51, 27, 87, 22, 78, 73, 59, 15]",[4],"{""accepted_indices"": [1, 2, 3, 4, 5, 6, 7, 8, 9, 1, 2, 3, 4, 5, 6, 7, 8, 9], ""eps2"": 6, ""distance_median"": 0.5823083702120407}"
67,rflbat,rflbat_first_distance_filter,"[1, 84, 85, 54, 94, 48, 30, 61, 2, 17, 84, 85, 54, 94, 48, 30, 61, 2, 17]",[],"{""accepted_indices"": [0, 1, 2, 3, 4, 5, 6, 7, 8, 9, 1, 2, 3, 4, 5, 6, 7, 8, 9], ""eps1"": 10, ""distance_median"": 0.6472947555846824}"
67,rflbat,rflbat_cluster_filter,"[1, 84, 85, 54, 94, 48, 30, 61, 2, 17, 84, 85, 54, 94, 48, 30, 61, 2, 17]",[],"{""accepted_indices"": [0, 1, 2, 3, 4, 5, 6, 7, 8, 9, 1, 2, 3, 4, 5, 6, 7, 8, 9], ""num_clusters"": 1, ""cluster_scores"": [0.11522896740641081]}"
67,rflbat,rflbat_final_distance_filter,"[84, 85, 54, 94, 48, 30, 61, 2, 17]",[1],"{""accepted_indices"": [1, 2, 3, 4, 5, 6, 7, 8, 9, 1, 2, 3, 4, 5, 6, 7, 8, 9], ""eps2"": 6, ""distance_median"": 0.9435095638450275}"
68,rflbat,rflbat_first_distance_filter,"[0, 7, 99, 10, 97, 38, 14, 22, 9, 33, 7, 99, 10, 97, 38, 14, 22, 9, 33]",[],"{""accepted_indices"": [0, 1, 2, 3, 4, 5, 6, 7, 8, 9, 1, 2, 3, 4, 5, 6, 7, 8, 9], ""eps1"": 10, ""distance_median"": 0.49695586827854593}"
68,rflbat,rflbat_cluster_filter,"[7, 99, 10, 97, 38, 14, 22, 9, 7, 99, 10, 97, 38, 14, 22, 9]","[0, 33]","{""accepted_indices"": [1, 2, 3, 4, 5, 6, 7, 8, 1, 2, 3, 4, 5, 6, 7, 8], ""num_clusters"": 3, ""cluster_scores"": [0.14213007626187674, 1.0000000000016753, 1]}"
68,rflbat,rflbat_final_distance_filter,"[7, 99, 10, 97, 38, 14, 22, 9]","[0, 33]","{""accepted_indices"": [1, 2, 3, 4, 5, 6, 7, 8, 1, 2, 3, 4, 5, 6, 7, 8], ""eps2"": 6, ""distance_median"": 0.07975722387597761}"
69,rflbat,rflbat_first_distance_filter,"[0, 11, 50, 20, 89, 97, 32, 26, 57, 38, 11, 50, 20, 89, 97, 32, 26, 57, 38]",[],"{""accepted_indices"": [0, 1, 2, 3, 4, 5, 6, 7, 8, 9, 1, 2, 3, 4, 5, 6, 7, 8, 9], ""eps1"": 10, ""distance_median"": 0.6202026792518782}"
69,rflbat,rflbat_cluster_filter,"[0, 11, 50, 20, 89, 97, 32, 26, 57, 38, 11, 50, 20, 89, 97, 32, 26, 57, 38]",[],"{""accepted_indices"": [0, 1, 2, 3, 4, 5, 6, 7, 8, 9, 1, 2, 3, 4, 5, 6, 7, 8, 9], ""num_clusters"": 1, ""cluster_scores"": [0.11939603260719349]}"
69,rflbat,rflbat_final_distance_filter,"[0, 11, 50, 20, 89, 97, 32, 26, 57, 38]",[],"{""accepted_indices"": [0, 1, 2, 3, 4, 5, 6, 7, 8, 9, 1, 2, 3, 4, 5, 6, 7, 8, 9], ""eps2"": 6, ""distance_median"": 0.9698438946434847}"
70,rflbat,rflbat_first_distance_filter,"[1, 88, 92, 79, 11, 22, 13, 70, 64, 48, 88, 92, 79, 11, 22, 13, 70, 64, 48]",[],"{""accepted_indices"": [0, 1, 2, 3, 4, 5, 6, 7, 8, 9, 1, 2, 3, 4, 5, 6, 7, 8, 9], ""eps1"": 10, ""distance_median"": 0.5069911036279289}"
70,rflbat,rflbat_cluster_filter,"[1, 88, 92, 79, 11, 22, 13, 70, 64, 48, 88, 92, 79, 11, 22, 13, 70, 64, 48]",[],"{""accepted_indices"": [0, 1, 2, 3, 4, 5, 6, 7, 8, 9, 1, 2, 3, 4, 5, 6, 7, 8, 9], ""num_clusters"": 1, ""cluster_scores"": [0.12080607427705607]}"
70,rflbat,rflbat_final_distance_filter,"[88, 92, 79, 11, 22, 13, 70, 64, 48]",[1],"{""accepted_indices"": [1, 2, 3, 4, 5, 6, 7, 8, 9, 1, 2, 3, 4, 5, 6, 7, 8, 9], ""eps2"": 6, ""distance_median"": 0.7013445649399835}"
71,rflbat,rflbat_first_distance_filter,"[1, 72, 70, 81, 4, 84, 9, 18, 93, 19, 72, 70, 81, 4, 84, 9, 18, 93, 19]",[],"{""accepted_indices"": [0, 1, 2, 3, 4, 5, 6, 7, 8, 9, 1, 2, 3, 4, 5, 6, 7, 8, 9], ""eps1"": 10, ""distance_median"": 0.6439449720953506}"
71,rflbat,rflbat_cluster_filter,"[72, 70, 81, 84, 9, 18, 93, 19, 72, 70, 81, 84, 9, 18, 93, 19]","[1, 4]","{""accepted_indices"": [1, 2, 3, 5, 6, 7, 8, 9, 1, 2, 3, 5, 6, 7, 8, 9], ""num_clusters"": 3, ""cluster_scores"": [0.12015911219929817, 1, 1.0000000000020601]}"
71,rflbat,rflbat_final_distance_filter,"[72, 70, 81, 84, 9, 18, 93, 19]","[1, 4]","{""accepted_indices"": [1, 2, 3, 5, 6, 7, 8, 9, 1, 2, 3, 5, 6, 7, 8, 9], ""eps2"": 6, ""distance_median"": 0.0747733322118024}"
72,rflbat,rflbat_first_distance_filter,"[3, 75, 31, 39, 21, 95, 99, 41, 83, 80, 75, 31, 39, 21, 95, 99, 41, 83, 80]",[],"{""accepted_indices"": [0, 1, 2, 3, 4, 5, 6, 7, 8, 9, 1, 2, 3, 4, 5, 6, 7, 8, 9], ""eps1"": 10, ""distance_median"": 0.3858229988508918}"
72,rflbat,rflbat_cluster_filter,"[3, 75, 31, 39, 21, 95, 99, 83, 80, 75, 31, 39, 21, 95, 99, 83, 80]",[41],"{""accepted_indices"": [0, 1, 2, 3, 4, 5, 6, 8, 9, 1, 2, 3, 4, 5, 6, 8, 9], ""num_clusters"": 2, ""cluster_scores"": [0.1273064781406606, 1.0000000000011706]}"
72,rflbat,rflbat_final_distance_filter,"[75, 31, 39, 21, 95, 99, 83, 80]","[3, 41]","{""accepted_indices"": [1, 2, 3, 4, 5, 6, 8, 9, 1, 2, 3, 4, 5, 6, 8, 9], ""eps2"": 6, ""distance_median"": 0.3372557187353798}"
73,rflbat,rflbat_first_distance_filter,"[2, 81, 40, 6, 21, 66, 7, 3, 31, 47, 81, 40, 6, 21, 66, 7, 3, 31, 47]",[],"{""accepted_indices"": [0, 1, 2, 3, 4, 5, 6, 7, 8, 9, 1, 2, 3, 4, 5, 6, 7, 8, 9], ""eps1"": 10, ""distance_median"": 0.4577857768060921}"
73,rflbat,rflbat_cluster_filter,"[2, 81, 40, 6, 21, 66, 7, 3, 31, 47, 81, 40, 6, 21, 66, 7, 3, 31, 47]",[],"{""accepted_indices"": [0, 1, 2, 3, 4, 5, 6, 7, 8, 9, 1, 2, 3, 4, 5, 6, 7, 8, 9], ""num_clusters"": 1, ""cluster_scores"": [0.0992873746332552]}"
73,rflbat,rflbat_final_distance_filter,"[81, 40, 6, 21, 66, 7, 3, 31, 47]",[2],"{""accepted_indices"": [1, 2, 3, 4, 5, 6, 7, 8, 9, 1, 2, 3, 4, 5, 6, 7, 8, 9], ""eps2"": 6, ""distance_median"": 0.6798969482072597}"
74,rflbat,rflbat_first_distance_filter,"[2, 49, 65, 78, 48, 9, 59, 79, 58, 50, 49, 65, 78, 48, 9, 59, 79, 58, 50]",[],"{""accepted_indices"": [0, 1, 2, 3, 4, 5, 6, 7, 8, 9, 1, 2, 3, 4, 5, 6, 7, 8, 9], ""eps1"": 10, ""distance_median"": 0.4838603542456015}"
74,rflbat,rflbat_cluster_filter,"[49, 65, 78, 48, 9, 59, 79, 50, 49, 65, 78, 48, 9, 59, 79, 50]","[2, 58]","{""accepted_indices"": [1, 2, 3, 4, 5, 6, 7, 9, 1, 2, 3, 4, 5, 6, 7, 9], ""num_clusters"": 3, ""cluster_scores"": [0.13966281542672077, 1, 1.0000000000013063]}"
74,rflbat,rflbat_final_distance_filter,"[49, 65, 78, 48, 9, 59, 79, 50]","[2, 58]","{""accepted_indices"": [1, 2, 3, 4, 5, 6, 7, 9, 1, 2, 3, 4, 5, 6, 7, 9], ""eps2"": 6, ""distance_median"": 0.18306926989331423}"
75,rflbat,rflbat_first_distance_filter,"[1, 34, 3, 21, 91, 67, 96, 53, 60, 39, 34, 3, 21, 91, 67, 96, 53, 60, 39]",[],"{""accepted_indices"": [0, 1, 2, 3, 4, 5, 6, 7, 8, 9, 1, 2, 3, 4, 5, 6, 7, 8, 9], ""eps1"": 10, ""distance_median"": 0.5432766010189387}"
75,rflbat,rflbat_cluster_filter,"[1, 34, 3, 21, 91, 67, 96, 53, 60, 39, 34, 3, 21, 91, 67, 96, 53, 60, 39]",[],"{""accepted_indices"": [0, 1, 2, 3, 4, 5, 6, 7, 8, 9, 1, 2, 3, 4, 5, 6, 7, 8, 9], ""num_clusters"": 1, ""cluster_scores"": [0.09520902690963474]}"
75,rflbat,rflbat_final_distance_filter,"[34, 3, 21, 91, 67, 96, 53, 60, 39]",[1],"{""accepted_indices"": [1, 2, 3, 4, 5, 6, 7, 8, 9, 1, 2, 3, 4, 5, 6, 7, 8, 9], ""eps2"": 6, ""distance_median"": 0.7532616217630156}"
76,rflbat,rflbat_first_distance_filter,"[1, 29, 15, 11, 75, 90, 13, 94, 99, 57, 29, 15, 11, 75, 90, 13, 94, 99, 57]",[],"{""accepted_indices"": [0, 1, 2, 3, 4, 5, 6, 7, 8, 9, 1, 2, 3, 4, 5, 6, 7, 8, 9], ""eps1"": 10, ""distance_median"": 0.6524074109237762}"
76,rflbat,rflbat_cluster_filter,"[1, 29, 15, 11, 75, 90, 13, 94, 99, 57, 29, 15, 11, 75, 90, 13, 94, 99, 57]",[],"{""accepted_indices"": [0, 1, 2, 3, 4, 5, 6, 7, 8, 9, 1, 2, 3, 4, 5, 6, 7, 8, 9], ""num_clusters"": 1, ""cluster_scores"": [0.10594781485498801]}"
76,rflbat,rflbat_final_distance_filter,"[29, 15, 11, 75, 90, 13, 94, 99, 57]",[1],"{""accepted_indices"": [1, 2, 3, 4, 5, 6, 7, 8, 9, 1, 2, 3, 4, 5, 6, 7, 8, 9], ""eps2"": 6, ""distance_median"": 0.914438268434996}"
77,rflbat,rflbat_first_distance_filter,"[1, 0, 49, 13, 39, 72, 2, 42, 78, 53, 0, 49, 13, 39, 72, 2, 42, 78, 53]",[],"{""accepted_indices"": [0, 1, 2, 3, 4, 5, 6, 7, 8, 9, 1, 2, 3, 4, 5, 6, 7, 8, 9], ""eps1"": 10, ""distance_median"": 0.7205070954483062}"
77,rflbat,rflbat_cluster_filter,"[1, 0, 49, 13, 39, 72, 2, 42, 78, 53, 0, 49, 13, 39, 72, 2, 42, 78, 53]",[],"{""accepted_indices"": [0, 1, 2, 3, 4, 5, 6, 7, 8, 9, 1, 2, 3, 4, 5, 6, 7, 8, 9], ""num_clusters"": 1, ""cluster_scores"": [0.10295321883842319]}"
77,rflbat,rflbat_final_distance_filter,"[1, 0, 49, 13, 39, 72, 2, 42, 78, 53]",[],"{""accepted_indices"": [0, 1, 2, 3, 4, 5, 6, 7, 8, 9, 1, 2, 3, 4, 5, 6, 7, 8, 9], ""eps2"": 6, ""distance_median"": 1.0827431109424848}"
78,rflbat,rflbat_first_distance_filter,"[0, 94, 33, 34, 21, 28, 26, 87, 7, 17, 94, 33, 34, 21, 28, 26, 87, 7, 17]",[],"{""accepted_indices"": [0, 1, 2, 3, 4, 5, 6, 7, 8, 9, 1, 2, 3, 4, 5, 6, 7, 8, 9], ""eps1"": 10, ""distance_median"": 0.6931411204627829}"
78,rflbat,rflbat_cluster_filter,"[0, 94, 33, 34, 21, 28, 26, 87, 7, 17, 94, 33, 34, 21, 28, 26, 87, 7, 17]",[],"{""accepted_indices"": [0, 1, 2, 3, 4, 5, 6, 7, 8, 9, 1, 2, 3, 4, 5, 6, 7, 8, 9], ""num_clusters"": 1, ""cluster_scores"": [0.11622507305005655]}"
78,rflbat,rflbat_final_distance_filter,"[0, 94, 33, 34, 21, 28, 26, 87, 7, 17]",[],"{""accepted_indices"": [0, 1, 2, 3, 4, 5, 6, 7, 8, 9, 1, 2, 3, 4, 5, 6, 7, 8, 9], ""eps2"": 6, ""distance_median"": 1.2404535871592044}"
79,rflbat,rflbat_first_distance_filter,"[2, 39, 70, 52, 61, 6, 92, 19, 40, 95, 39, 70, 52, 61, 6, 92, 19, 40, 95]",[],"{""accepted_indices"": [0, 1, 2, 3, 4, 5, 6, 7, 8, 9, 1, 2, 3, 4, 5, 6, 7, 8, 9], ""eps1"": 10, ""distance_median"": 0.43907117600823653}"
79,rflbat,rflbat_cluster_filter,"[2, 39, 70, 52, 61, 6, 92, 19, 40, 95, 39, 70, 52, 61, 6, 92, 19, 40, 95]",[],"{""accepted_indices"": [0, 1, 2, 3, 4, 5, 6, 7, 8, 9, 1, 2, 3, 4, 5, 6, 7, 8, 9], ""num_clusters"": 1, ""cluster_scores"": [0.141497454221416]}"
79,rflbat,rflbat_final_distance_filter,"[39, 70, 52, 61, 6, 92, 19, 40, 95]",[2],"{""accepted_indices"": [1, 2, 3, 4, 5, 6, 7, 8, 9, 1, 2, 3, 4, 5, 6, 7, 8, 9], ""eps2"": 6, ""distance_median"": 0.6517856555088841}"
80,rflbat,rflbat_first_distance_filter,"[3, 69, 53, 94, 68, 31, 70, 11, 6, 42, 69, 53, 94, 68, 31, 70, 11, 6, 42]",[],"{""accepted_indices"": [0, 1, 2, 3, 4, 5, 6, 7, 8, 9, 1, 2, 3, 4, 5, 6, 7, 8, 9], ""eps1"": 10, ""distance_median"": 0.44097053264022834}"
80,rflbat,rflbat_cluster_filter,"[3, 69, 53, 94, 68, 31, 70, 11, 6, 42, 69, 53, 94, 68, 31, 70, 11, 6, 42]",[],"{""accepted_indices"": [0, 1, 2, 3, 4, 5, 6, 7, 8, 9, 1, 2, 3, 4, 5, 6, 7, 8, 9], ""num_clusters"": 1, ""cluster_scores"": [0.09952360666920139]}"
80,rflbat,rflbat_final_distance_filter,"[3, 69, 53, 94, 68, 31, 70, 11, 6, 42]",[],"{""accepted_indices"": [0, 1, 2, 3, 4, 5, 6, 7, 8, 9, 1, 2, 3, 4, 5, 6, 7, 8, 9], ""eps2"": 6, ""distance_median"": 0.7287541037113747}"
81,rflbat,rflbat_first_distance_filter,"[0, 76, 40, 25, 86, 26, 93, 18, 19, 88, 76, 40, 25, 86, 26, 93, 18, 19, 88]",[],"{""accepted_indices"": [0, 1, 2, 3, 4, 5, 6, 7, 8, 9, 1, 2, 3, 4, 5, 6, 7, 8, 9], ""eps1"": 10, ""distance_median"": 0.6488952963301782}"
81,rflbat,rflbat_cluster_filter,"[0, 76, 40, 25, 86, 26, 93, 18, 19, 88, 76, 40, 25, 86, 26, 93, 18, 19, 88]",[],"{""accepted_indices"": [0, 1, 2, 3, 4, 5, 6, 7, 8, 9, 1, 2, 3, 4, 5, 6, 7, 8, 9], ""num_clusters"": 1, ""cluster_scores"": [0.11303661013102041]}"
81,rflbat,rflbat_final_distance_filter,"[0, 76, 40, 25, 86, 26, 93, 18, 19, 88]",[],"{""accepted_indices"": [0, 1, 2, 3, 4, 5, 6, 7, 8, 9, 1, 2, 3, 4, 5, 6, 7, 8, 9], ""eps2"": 6, ""distance_median"": 1.0744220136988802}"
82,rflbat,rflbat_first_distance_filter,"[0, 40, 67, 28, 97, 84, 4, 21, 59, 68, 40, 67, 28, 97, 84, 4, 21, 59, 68]",[],"{""accepted_indices"": [0, 1, 2, 3, 4, 5, 6, 7, 8, 9, 1, 2, 3, 4, 5, 6, 7, 8, 9], ""eps1"": 10, ""distance_median"": 0.5857482411544183}"
82,rflbat,rflbat_cluster_filter,"[0, 40, 67, 28, 97, 84, 4, 21, 59, 68, 40, 67, 28, 97, 84, 4, 21, 59, 68]",[],"{""accepted_indices"": [0, 1, 2, 3, 4, 5, 6, 7, 8, 9, 1, 2, 3, 4, 5, 6, 7, 8, 9], ""num_clusters"": 1, ""cluster_scores"": [0.10370557250101389]}"
82,rflbat,rflbat_final_distance_filter,"[0, 40, 67, 28, 97, 84, 4, 21, 59, 68]",[],"{""accepted_indices"": [0, 1, 2, 3, 4, 5, 6, 7, 8, 9, 1, 2, 3, 4, 5, 6, 7, 8, 9], ""eps2"": 6, ""distance_median"": 1.0277527431346096}"
83,rflbat,rflbat_first_distance_filter,"[3, 78, 81, 51, 24, 48, 50, 1, 65, 0, 78, 81, 51, 24, 48, 50, 1, 65, 0]",[],"{""accepted_indices"": [0, 1, 2, 3, 4, 5, 6, 7, 8, 9, 1, 2, 3, 4, 5, 6, 7, 8, 9], ""eps1"": 10, ""distance_median"": 0.645628714351369}"
83,rflbat,rflbat_cluster_filter,"[3, 78, 81, 51, 24, 48, 50, 1, 65, 0, 78, 81, 51, 24, 48, 50, 1, 65, 0]",[],"{""accepted_indices"": [0, 1, 2, 3, 4, 5, 6, 7, 8, 9, 1, 2, 3, 4, 5, 6, 7, 8, 9], ""num_clusters"": 1, ""cluster_scores"": [0.10139495407283504]}"
83,rflbat,rflbat_final_distance_filter,"[3, 78, 81, 51, 24, 48, 50, 1, 65, 0]",[],"{""accepted_indices"": [0, 1, 2, 3, 4, 5, 6, 7, 8, 9, 1, 2, 3, 4, 5, 6, 7, 8, 9], ""eps2"": 6, ""distance_median"": 1.2767537849196229}"
84,rflbat,rflbat_first_distance_filter,"[4, 14, 11, 71, 88, 80, 91, 54, 52, 70, 14, 11, 71, 88, 80, 91, 54, 52, 70]",[],"{""accepted_indices"": [0, 1, 2, 3, 4, 5, 6, 7, 8, 9, 1, 2, 3, 4, 5, 6, 7, 8, 9], ""eps1"": 10, ""distance_median"": 0.5426396917255468}"
84,rflbat,rflbat_cluster_filter,"[4, 14, 11, 71, 88, 80, 91, 54, 52, 70, 14, 11, 71, 88, 80, 91, 54, 52, 70]",[],"{""accepted_indices"": [0, 1, 2, 3, 4, 5, 6, 7, 8, 9, 1, 2, 3, 4, 5, 6, 7, 8, 9], ""num_clusters"": 1, ""cluster_scores"": [0.1208096422342023]}"
84,rflbat,rflbat_final_distance_filter,"[4, 14, 11, 71, 88, 80, 91, 54, 52, 70]",[],"{""accepted_indices"": [0, 1, 2, 3, 4, 5, 6, 7, 8, 9, 1, 2, 3, 4, 5, 6, 7, 8, 9], ""eps2"": 6, ""distance_median"": 0.8519414038090816}"
85,rflbat,rflbat_first_distance_filter,"[3, 82, 31, 18, 90, 29, 55, 34, 83, 22, 82, 31, 18, 90, 29, 55, 34, 83, 22]",[],"{""accepted_indices"": [0, 1, 2, 3, 4, 5, 6, 7, 8, 9, 1, 2, 3, 4, 5, 6, 7, 8, 9], ""eps1"": 10, ""distance_median"": 0.33723081541511335}"
85,rflbat,rflbat_cluster_filter,"[3, 82, 31, 18, 90, 29, 55, 34, 22, 82, 31, 18, 90, 29, 55, 34, 22]",[83],"{""accepted_indices"": [0, 1, 2, 3, 4, 5, 6, 7, 9, 1, 2, 3, 4, 5, 6, 7, 9], ""num_clusters"": 2, ""cluster_scores"": [0.10804682306664515, 1.0000000000013924]}"
85,rflbat,rflbat_final_distance_filter,"[82, 31, 18, 90, 29, 55, 34, 22]","[3, 83]","{""accepted_indices"": [1, 2, 3, 4, 5, 6, 7, 9, 1, 2, 3, 4, 5, 6, 7, 9], ""eps2"": 6, ""distance_median"": 0.34277145642613127}"
86,rflbat,rflbat_first_distance_filter,"[0, 52, 35, 1, 36, 74, 93, 69, 21, 14, 52, 35, 1, 36, 74, 93, 69, 21, 14]",[],"{""accepted_indices"": [0, 1, 2, 3, 4, 5, 6, 7, 8, 9, 1, 2, 3, 4, 5, 6, 7, 8, 9], ""eps1"": 10, ""distance_median"": 0.6912432035748657}"
86,rflbat,rflbat_cluster_filter,"[0, 52, 35, 1, 36, 74, 93, 69, 21, 14, 52, 35, 1, 36, 74, 93, 69, 21, 14]",[],"{""accepted_indices"": [0, 1, 2, 3, 4, 5, 6, 7, 8, 9, 1, 2, 3, 4, 5, 6, 7, 8, 9], ""num_clusters"": 1, ""cluster_scores"": [0.1105369723333681]}"
86,rflbat,rflbat_final_distance_filter,"[0, 52, 35, 1, 36, 74, 93, 69, 21, 14]",[],"{""accepted_indices"": [0, 1, 2, 3, 4, 5, 6, 7, 8, 9, 1, 2, 3, 4, 5, 6, 7, 8, 9], ""eps2"": 6, ""distance_median"": 1.2846669592310618}"
87,rflbat,rflbat_first_distance_filter,"[4, 44, 28, 81, 31, 43, 66, 63, 47, 85, 44, 28, 81, 31, 43, 66, 63, 47, 85]",[],"{""accepted_indices"": [0, 1, 2, 3, 4, 5, 6, 7, 8, 9, 1, 2, 3, 4, 5, 6, 7, 8, 9], ""eps1"": 10, ""distance_median"": 0.5620846724522458}"
87,rflbat,rflbat_cluster_filter,"[4, 44, 28, 81, 31, 43, 66, 63, 47, 85, 44, 28, 81, 31, 43, 66, 63, 47, 85]",[],"{""accepted_indices"": [0, 1, 2, 3, 4, 5, 6, 7, 8, 9, 1, 2, 3, 4, 5, 6, 7, 8, 9], ""num_clusters"": 1, ""cluster_scores"": [0.1160828857304845]}"
87,rflbat,rflbat_final_distance_filter,"[4, 44, 28, 81, 31, 43, 66, 63, 47, 85]",[],"{""accepted_indices"": [0, 1, 2, 3, 4, 5, 6, 7, 8, 9, 1, 2, 3, 4, 5, 6, 7, 8, 9], ""eps2"": 6, ""distance_median"": 0.8974620611334865}"
88,rflbat,rflbat_first_distance_filter,"[1, 74, 27, 10, 54, 6, 70, 7, 50, 48, 74, 27, 10, 54, 6, 70, 7, 50, 48]",[],"{""accepted_indices"": [0, 1, 2, 3, 4, 5, 6, 7, 8, 9, 1, 2, 3, 4, 5, 6, 7, 8, 9], ""eps1"": 10, ""distance_median"": 0.6720609877983469}"
88,rflbat,rflbat_cluster_filter,"[1, 74, 27, 10, 54, 6, 70, 7, 50, 48, 74, 27, 10, 54, 6, 70, 7, 50, 48]",[],"{""accepted_indices"": [0, 1, 2, 3, 4, 5, 6, 7, 8, 9, 1, 2, 3, 4, 5, 6, 7, 8, 9], ""num_clusters"": 1, ""cluster_scores"": [0.11802905468427104]}"
88,rflbat,rflbat_final_distance_filter,"[74, 27, 10, 54, 6, 70, 7, 50, 48]",[1],"{""accepted_indices"": [1, 2, 3, 4, 5, 6, 7, 8, 9, 1, 2, 3, 4, 5, 6, 7, 8, 9], ""eps2"": 6, ""distance_median"": 0.9174137857571316}"
89,rflbat,rflbat_first_distance_filter,"[4, 41, 66, 38, 12, 50, 7, 48, 94, 53, 41, 66, 38, 12, 50, 7, 48, 94, 53]",[],"{""accepted_indices"": [0, 1, 2, 3, 4, 5, 6, 7, 8, 9, 1, 2, 3, 4, 5, 6, 7, 8, 9], ""eps1"": 10, ""distance_median"": 0.42954569694682526}"
89,rflbat,rflbat_cluster_filter,"[4, 41, 66, 38, 12, 50, 7, 48, 94, 53, 41, 66, 38, 12, 50, 7, 48, 94, 53]",[],"{""accepted_indices"": [0, 1, 2, 3, 4, 5, 6, 7, 8, 9, 1, 2, 3, 4, 5, 6, 7, 8, 9], ""num_clusters"": 1, ""cluster_scores"": [0.11614661510186303]}"
89,rflbat,rflbat_final_distance_filter,"[4, 41, 66, 38, 12, 50, 7, 48, 94, 53]",[],"{""accepted_indices"": [0, 1, 2, 3, 4, 5, 6, 7, 8, 9, 1, 2, 3, 4, 5, 6, 7, 8, 9], ""eps2"": 6, ""distance_median"": 0.6450588684348042}"
90,rflbat,rflbat_first_distance_filter,"[0, 7, 31, 71, 42, 17, 33, 12, 50, 93, 7, 31, 71, 42, 17, 33, 12, 50, 93]",[],"{""accepted_indices"": [0, 1, 2, 3, 4, 5, 6, 7, 8, 9, 1, 2, 3, 4, 5, 6, 7, 8, 9], ""eps1"": 10, ""distance_median"": 0.5945113050434184}"
90,rflbat,rflbat_cluster_filter,"[0, 7, 31, 71, 42, 17, 33, 12, 50, 93, 7, 31, 71, 42, 17, 33, 12, 50, 93]",[],"{""accepted_indices"": [0, 1, 2, 3, 4, 5, 6, 7, 8, 9, 1, 2, 3, 4, 5, 6, 7, 8, 9], ""num_clusters"": 1, ""cluster_scores"": [0.0990157869637488]}"
90,rflbat,rflbat_final_distance_filter,"[0, 7, 31, 71, 42, 17, 33, 12, 50, 93]",[],"{""accepted_indices"": [0, 1, 2, 3, 4, 5, 6, 7, 8, 9, 1, 2, 3, 4, 5, 6, 7, 8, 9], ""eps2"": 6, ""distance_median"": 1.0836805016675322}"
91,rflbat,rflbat_first_distance_filter,"[3, 63, 65, 84, 1, 8, 48, 47, 32, 91, 63, 65, 84, 1, 8, 48, 47, 32, 91]",[],"{""accepted_indices"": [0, 1, 2, 3, 4, 5, 6, 7, 8, 9, 1, 2, 3, 4, 5, 6, 7, 8, 9], ""eps1"": 10, ""distance_median"": 0.583891641175257}"
91,rflbat,rflbat_cluster_filter,"[3, 63, 65, 84, 1, 8, 48, 47, 32, 91, 63, 65, 84, 1, 8, 48, 47, 32, 91]",[],"{""accepted_indices"": [0, 1, 2, 3, 4, 5, 6, 7, 8, 9, 1, 2, 3, 4, 5, 6, 7, 8, 9], ""num_clusters"": 1, ""cluster_scores"": [0.10730556040086466]}"
91,rflbat,rflbat_final_distance_filter,"[3, 63, 65, 84, 1, 8, 48, 47, 32, 91]",[],"{""accepted_indices"": [0, 1, 2, 3, 4, 5, 6, 7, 8, 9, 1, 2, 3, 4, 5, 6, 7, 8, 9], ""eps2"": 6, ""distance_median"": 1.0079112968847481}"
92,rflbat,rflbat_first_distance_filter,"[2, 70, 18, 88, 63, 30, 7, 76, 40, 37, 70, 18, 88, 63, 30, 7, 76, 40, 37]",[],"{""accepted_indices"": [0, 1, 2, 3, 4, 5, 6, 7, 8, 9, 1, 2, 3, 4, 5, 6, 7, 8, 9], ""eps1"": 10, ""distance_median"": 0.4630039030680294}"
92,rflbat,rflbat_cluster_filter,"[2, 70, 18, 88, 63, 30, 7, 76, 40, 37, 70, 18, 88, 63, 30, 7, 76, 40, 37]",[],"{""accepted_indices"": [0, 1, 2, 3, 4, 5, 6, 7, 8, 9, 1, 2, 3, 4, 5, 6, 7, 8, 9], ""num_clusters"": 1, ""cluster_scores"": [0.11140306504381021]}"
92,rflbat,rflbat_final_distance_filter,"[70, 18, 88, 63, 30, 7, 76, 40, 37]",[2],"{""accepted_indices"": [1, 2, 3, 4, 5, 6, 7, 8, 9, 1, 2, 3, 4, 5, 6, 7, 8, 9], ""eps2"": 6, ""distance_median"": 0.6811296543682529}"
93,rflbat,rflbat_first_distance_filter,"[1, 79, 43, 16, 13, 55, 72, 7, 6, 53, 79, 43, 16, 13, 55, 72, 7, 6, 53]",[],"{""accepted_indices"": [0, 1, 2, 3, 4, 5, 6, 7, 8, 9, 1, 2, 3, 4, 5, 6, 7, 8, 9], ""eps1"": 10, ""distance_median"": 0.488934113016047}"
93,rflbat,rflbat_cluster_filter,"[1, 79, 43, 16, 13, 55, 72, 7, 6, 53, 79, 43, 16, 13, 55, 72, 7, 6, 53]",[],"{""accepted_indices"": [0, 1, 2, 3, 4, 5, 6, 7, 8, 9, 1, 2, 3, 4, 5, 6, 7, 8, 9], ""num_clusters"": 1, ""cluster_scores"": [0.11014516022042616]}"
93,rflbat,rflbat_final_distance_filter,"[79, 43, 16, 13, 55, 72, 7, 6, 53]",[1],"{""accepted_indices"": [1, 2, 3, 4, 5, 6, 7, 8, 9, 1, 2, 3, 4, 5, 6, 7, 8, 9], ""eps2"": 6, ""distance_median"": 0.6580425625302937}"
94,rflbat,rflbat_first_distance_filter,"[1, 26, 87, 29, 20, 32, 46, 70, 84, 81, 26, 87, 29, 20, 32, 46, 70, 84, 81]",[],"{""accepted_indices"": [0, 1, 2, 3, 4, 5, 6, 7, 8, 9, 1, 2, 3, 4, 5, 6, 7, 8, 9], ""eps1"": 10, ""distance_median"": 0.5415895842175118}"
94,rflbat,rflbat_cluster_filter,"[1, 26, 87, 29, 20, 32, 46, 70, 84, 81, 26, 87, 29, 20, 32, 46, 70, 84, 81]",[],"{""accepted_indices"": [0, 1, 2, 3, 4, 5, 6, 7, 8, 9, 1, 2, 3, 4, 5, 6, 7, 8, 9], ""num_clusters"": 1, ""cluster_scores"": [0.10580450984241363]}"
94,rflbat,rflbat_final_distance_filter,"[26, 87, 29, 20, 32, 46, 70, 84, 81]",[1],"{""accepted_indices"": [1, 2, 3, 4, 5, 6, 7, 8, 9, 1, 2, 3, 4, 5, 6, 7, 8, 9], ""eps2"": 6, ""distance_median"": 0.7650975778465877}"
95,rflbat,rflbat_first_distance_filter,"[1, 21, 60, 87, 64, 51, 13, 98, 31, 74, 21, 60, 87, 64, 51, 13, 98, 31, 74]",[],"{""accepted_indices"": [0, 1, 2, 3, 4, 5, 6, 7, 8, 9, 1, 2, 3, 4, 5, 6, 7, 8, 9], ""eps1"": 10, ""distance_median"": 0.5948534036097299}"
95,rflbat,rflbat_cluster_filter,"[1, 21, 60, 87, 64, 51, 13, 98, 31, 74, 21, 60, 87, 64, 51, 13, 98, 31, 74]",[],"{""accepted_indices"": [0, 1, 2, 3, 4, 5, 6, 7, 8, 9, 1, 2, 3, 4, 5, 6, 7, 8, 9], ""num_clusters"": 1, ""cluster_scores"": [0.10350106780159944]}"
95,rflbat,rflbat_final_distance_filter,"[21, 60, 87, 64, 51, 13, 98, 31, 74]",[1],"{""accepted_indices"": [1, 2, 3, 4, 5, 6, 7, 8, 9, 1, 2, 3, 4, 5, 6, 7, 8, 9], ""eps2"": 6, ""distance_median"": 0.8171781665287755}"
96,rflbat,rflbat_first_distance_filter,"[0, 77, 17, 53, 67, 72, 95, 91, 50, 62, 77, 17, 53, 67, 72, 95, 91, 50, 62]",[],"{""accepted_indices"": [0, 1, 2, 3, 4, 5, 6, 7, 8, 9, 1, 2, 3, 4, 5, 6, 7, 8, 9], ""eps1"": 10, ""distance_median"": 0.4777919300767139}"
96,rflbat,rflbat_cluster_filter,"[0, 77, 17, 53, 67, 72, 95, 91, 50, 62, 77, 17, 53, 67, 72, 95, 91, 50, 62]",[],"{""accepted_indices"": [0, 1, 2, 3, 4, 5, 6, 7, 8, 9, 1, 2, 3, 4, 5, 6, 7, 8, 9], ""num_clusters"": 1, ""cluster_scores"": [0.10933777812699523]}"
96,rflbat,rflbat_final_distance_filter,"[0, 77, 17, 53, 67, 72, 95, 91, 50, 62]",[],"{""accepted_indices"": [0, 1, 2, 3, 4, 5, 6, 7, 8, 9, 1, 2, 3, 4, 5, 6, 7, 8, 9], ""eps2"": 6, ""distance_median"": 0.7394412965514805}"
97,rflbat,rflbat_first_distance_filter,"[3, 0, 85, 64, 88, 42, 80, 95, 15, 53, 0, 85, 64, 88, 42, 80, 95, 15, 53]",[],"{""accepted_indices"": [0, 1, 2, 3, 4, 5, 6, 7, 8, 9, 1, 2, 3, 4, 5, 6, 7, 8, 9], ""eps1"": 10, ""distance_median"": 0.4949674803281741}"
97,rflbat,rflbat_cluster_filter,"[3, 0, 85, 64, 88, 42, 80, 95, 15, 53, 0, 85, 64, 88, 42, 80, 95, 15, 53]",[],"{""accepted_indices"": [0, 1, 2, 3, 4, 5, 6, 7, 8, 9, 1, 2, 3, 4, 5, 6, 7, 8, 9], ""num_clusters"": 1, ""cluster_scores"": [0.09534250776715944]}"
97,rflbat,rflbat_final_distance_filter,"[3, 0, 85, 64, 88, 42, 80, 95, 15, 53]",[],"{""accepted_indices"": [0, 1, 2, 3, 4, 5, 6, 7, 8, 9, 1, 2, 3, 4, 5, 6, 7, 8, 9], ""eps2"": 6, ""distance_median"": 0.859418377484723}"
98,rflbat,rflbat_first_distance_filter,"[0, 45, 50, 40, 95, 84, 6, 16, 14, 56, 45, 50, 40, 95, 84, 6, 16, 14, 56]",[],"{""accepted_indices"": [0, 1, 2, 3, 4, 5, 6, 7, 8, 9, 1, 2, 3, 4, 5, 6, 7, 8, 9], ""eps1"": 10, ""distance_median"": 0.4106108615345966}"
98,rflbat,rflbat_cluster_filter,"[45, 40, 95, 84, 6, 16, 14, 56, 45, 40, 95, 84, 6, 16, 14, 56]","[0, 50]","{""accepted_indices"": [1, 3, 4, 5, 6, 7, 8, 9, 1, 3, 4, 5, 6, 7, 8, 9], ""num_clusters"": 3, ""cluster_scores"": [1.000000000001587, 0.146383741241828, 1]}"
98,rflbat,rflbat_final_distance_filter,"[45, 40, 95, 84, 6, 16, 14, 56]","[0, 50]","{""accepted_indices"": [1, 3, 4, 5, 6, 7, 8, 9, 1, 3, 4, 5, 6, 7, 8, 9], ""eps2"": 6, ""distance_median"": 0.23965084841836443}"
99,rflbat,rflbat_first_distance_filter,"[4, 82, 73, 86, 63, 32, 48, 64, 37, 53, 82, 73, 86, 63, 32, 48, 64, 37, 53]",[],"{""accepted_indices"": [0, 1, 2, 3, 4, 5, 6, 7, 8, 9, 1, 2, 3, 4, 5, 6, 7, 8, 9], ""eps1"": 10, ""distance_median"": 0.4006325442239017}"
99,rflbat,rflbat_cluster_filter,"[4, 82, 73, 86, 63, 32, 48, 64, 37, 53, 82, 73, 86, 63, 32, 48, 64, 37, 53]",[],"{""accepted_indices"": [0, 1, 2, 3, 4, 5, 6, 7, 8, 9, 1, 2, 3, 4, 5, 6, 7, 8, 9], ""num_clusters"": 1, ""cluster_scores"": [0.10672768722023665]}"
99,rflbat,rflbat_final_distance_filter,"[82, 73, 86, 63, 32, 48, 64, 37, 53]",[4],"{""accepted_indices"": [1, 2, 3, 4, 5, 6, 7, 8, 9, 1, 2, 3, 4, 5, 6, 7, 8, 9], ""eps2"": 6, ""distance_median"": 0.5917348927082583}"
100,rflbat,rflbat_first_distance_filter,"[4, 88, 22, 10, 39, 7, 85, 36, 43, 38, 88, 22, 10, 39, 7, 85, 36, 43, 38]",[],"{""accepted_indices"": [0, 1, 2, 3, 4, 5, 6, 7, 8, 9, 1, 2, 3, 4, 5, 6, 7, 8, 9], ""eps1"": 10, ""distance_median"": 0.3871064661142973}"
100,rflbat,rflbat_cluster_filter,"[4, 88, 22, 10, 39, 7, 85, 36, 43, 38, 88, 22, 10, 39, 7, 85, 36, 43, 38]",[],"{""accepted_indices"": [0, 1, 2, 3, 4, 5, 6, 7, 8, 9, 1, 2, 3, 4, 5, 6, 7, 8, 9], ""num_clusters"": 1, ""cluster_scores"": [0.10677865796988097]}"
100,rflbat,rflbat_final_distance_filter,"[4, 88, 22, 10, 39, 7, 85, 36, 43, 38]",[],"{""accepted_indices"": [0, 1, 2, 3, 4, 5, 6, 7, 8, 9, 1, 2, 3, 4, 5, 6, 7, 8, 9], ""eps2"": 6, ""distance_median"": 0.772188457400805}"
101,rflbat,rflbat_first_distance_filter,"[0, 72, 83, 67, 37, 11, 14, 47, 86, 98, 72, 83, 67, 37, 11, 14, 47, 86, 98]",[],"{""accepted_indices"": [0, 1, 2, 3, 4, 5, 6, 7, 8, 9, 1, 2, 3, 4, 5, 6, 7, 8, 9], ""eps1"": 10, ""distance_median"": 0.4421549130331176}"
101,rflbat,rflbat_cluster_filter,"[0, 72, 83, 67, 37, 11, 14, 47, 86, 98, 72, 83, 67, 37, 11, 14, 47, 86, 98]",[],"{""accepted_indices"": [0, 1, 2, 3, 4, 5, 6, 7, 8, 9, 1, 2, 3, 4, 5, 6, 7, 8, 9], ""num_clusters"": 1, ""cluster_scores"": [0.0963978239957666]}"
101,rflbat,rflbat_final_distance_filter,"[0, 72, 83, 67, 37, 11, 14, 47, 86, 98]",[],"{""accepted_indices"": [0, 1, 2, 3, 4, 5, 6, 7, 8, 9, 1, 2, 3, 4, 5, 6, 7, 8, 9], ""eps2"": 6, ""distance_median"": 0.8875198686345083}"
102,rflbat,rflbat_first_distance_filter,"[0, 21, 87, 71, 23, 90, 63, 9, 29, 53, 21, 87, 71, 23, 90, 63, 9, 29, 53]",[],"{""accepted_indices"": [0, 1, 2, 3, 4, 5, 6, 7, 8, 9, 1, 2, 3, 4, 5, 6, 7, 8, 9], ""eps1"": 10, ""distance_median"": 0.48721501577338233}"
102,rflbat,rflbat_cluster_filter,"[0, 21, 87, 71, 23, 90, 63, 9, 29, 53, 21, 87, 71, 23, 90, 63, 9, 29, 53]",[],"{""accepted_indices"": [0, 1, 2, 3, 4, 5, 6, 7, 8, 9, 1, 2, 3, 4, 5, 6, 7, 8, 9], ""num_clusters"": 1, ""cluster_scores"": [0.0981657142217861]}"
102,rflbat,rflbat_final_distance_filter,"[0, 21, 87, 71, 23, 90, 63, 9, 29, 53]",[],"{""accepted_indices"": [0, 1, 2, 3, 4, 5, 6, 7, 8, 9, 1, 2, 3, 4, 5, 6, 7, 8, 9], ""eps2"": 6, ""distance_median"": 0.9794173396746627}"
103,rflbat,rflbat_first_distance_filter,"[1, 37, 44, 92, 35, 59, 6, 9, 20, 60, 37, 44, 92, 35, 59, 6, 9, 20, 60]",[],"{""accepted_indices"": [0, 1, 2, 3, 4, 5, 6, 7, 8, 9, 1, 2, 3, 4, 5, 6, 7, 8, 9], ""eps1"": 10, ""distance_median"": 0.5206059746593853}"
103,rflbat,rflbat_cluster_filter,"[1, 37, 44, 92, 35, 59, 6, 9, 20, 60, 37, 44, 92, 35, 59, 6, 9, 20, 60]",[],"{""accepted_indices"": [0, 1, 2, 3, 4, 5, 6, 7, 8, 9, 1, 2, 3, 4, 5, 6, 7, 8, 9], ""num_clusters"": 1, ""cluster_scores"": [0.11393379152262992]}"
103,rflbat,rflbat_final_distance_filter,"[1, 37, 44, 92, 35, 59, 6, 9, 20, 60]",[],"{""accepted_indices"": [0, 1, 2, 3, 4, 5, 6, 7, 8, 9, 1, 2, 3, 4, 5, 6, 7, 8, 9], ""eps2"": 6, ""distance_median"": 1.0289318034268593}"
104,rflbat,rflbat_first_distance_filter,"[4, 25, 54, 86, 91, 50, 15, 30, 63, 82, 25, 54, 86, 91, 50, 15, 30, 63, 82]",[],"{""accepted_indices"": [0, 1, 2, 3, 4, 5, 6, 7, 8, 9, 1, 2, 3, 4, 5, 6, 7, 8, 9], ""eps1"": 10, ""distance_median"": 0.4136895775991032}"
104,rflbat,rflbat_cluster_filter,"[4, 25, 54, 86, 91, 50, 15, 30, 63, 82, 25, 54, 86, 91, 50, 15, 30, 63, 82]",[],"{""accepted_indices"": [0, 1, 2, 3, 4, 5, 6, 7, 8, 9, 1, 2, 3, 4, 5, 6, 7, 8, 9], ""num_clusters"": 1, ""cluster_scores"": [0.1077215435227146]}"
104,rflbat,rflbat_final_distance_filter,"[4, 25, 54, 86, 91, 50, 15, 30, 63, 82]",[],"{""accepted_indices"": [0, 1, 2, 3, 4, 5, 6, 7, 8, 9, 1, 2, 3, 4, 5, 6, 7, 8, 9], ""eps2"": 6, ""distance_median"": 0.833500730568317}"
105,rflbat,rflbat_first_distance_filter,"[1, 67, 90, 85, 91, 54, 75, 55, 74, 43, 67, 90, 85, 91, 54, 75, 55, 74, 43]",[],"{""accepted_indices"": [0, 1, 2, 3, 4, 5, 6, 7, 8, 9, 1, 2, 3, 4, 5, 6, 7, 8, 9], ""eps1"": 10, ""distance_median"": 0.38056600251939143}"
105,rflbat,rflbat_cluster_filter,"[1, 67, 90, 85, 91, 54, 75, 55, 74, 43, 67, 90, 85, 91, 54, 75, 55, 74, 43]",[],"{""accepted_indices"": [0, 1, 2, 3, 4, 5, 6, 7, 8, 9, 1, 2, 3, 4, 5, 6, 7, 8, 9], ""num_clusters"": 1, ""cluster_scores"": [0.1115067451820376]}"
105,rflbat,rflbat_final_distance_filter,"[1, 67, 90, 85, 91, 54, 75, 55, 74, 43]",[],"{""accepted_indices"": [0, 1, 2, 3, 4, 5, 6, 7, 8, 9, 1, 2, 3, 4, 5, 6, 7, 8, 9], ""eps2"": 6, ""distance_median"": 0.6305148734707033}"
106,rflbat,rflbat_first_distance_filter,"[0, 17, 13, 31, 63, 27, 20, 88, 59, 41, 17, 13, 31, 63, 27, 20, 88, 59, 41]",[],"{""accepted_indices"": [0, 1, 2, 3, 4, 5, 6, 7, 8, 9, 1, 2, 3, 4, 5, 6, 7, 8, 9], ""eps1"": 10, ""distance_median"": 0.4443388877536222}"
106,rflbat,rflbat_cluster_filter,"[0, 17, 13, 31, 63, 27, 20, 88, 59, 41, 17, 13, 31, 63, 27, 20, 88, 59, 41]",[],"{""accepted_indices"": [0, 1, 2, 3, 4, 5, 6, 7, 8, 9, 1, 2, 3, 4, 5, 6, 7, 8, 9], ""num_clusters"": 1, ""cluster_scores"": [0.10346959035489096]}"
106,rflbat,rflbat_final_distance_filter,"[0, 17, 13, 31, 63, 27, 20, 88, 59, 41]",[],"{""accepted_indices"": [0, 1, 2, 3, 4, 5, 6, 7, 8, 9, 1, 2, 3, 4, 5, 6, 7, 8, 9], ""eps2"": 6, ""distance_median"": 0.9216487195076346}"
107,rflbat,rflbat_first_distance_filter,"[4, 84, 11, 64, 21, 93, 73, 37, 14, 88, 84, 11, 64, 21, 93, 73, 37, 14, 88]",[],"{""accepted_indices"": [0, 1, 2, 3, 4, 5, 6, 7, 8, 9, 1, 2, 3, 4, 5, 6, 7, 8, 9], ""eps1"": 10, ""distance_median"": 0.366655688212149}"
107,rflbat,rflbat_cluster_filter,"[4, 84, 11, 64, 21, 93, 73, 37, 14, 88, 84, 11, 64, 21, 93, 73, 37, 14, 88]",[],"{""accepted_indices"": [0, 1, 2, 3, 4, 5, 6, 7, 8, 9, 1, 2, 3, 4, 5, 6, 7, 8, 9], ""num_clusters"": 1, ""cluster_scores"": [0.10886128487497496]}"
107,rflbat,rflbat_final_distance_filter,"[4, 84, 11, 64, 21, 93, 73, 37, 14, 88]",[],"{""accepted_indices"": [0, 1, 2, 3, 4, 5, 6, 7, 8, 9, 1, 2, 3, 4, 5, 6, 7, 8, 9], ""eps2"": 6, ""distance_median"": 0.7431743738593879}"
108,rflbat,rflbat_first_distance_filter,"[0, 73, 11, 35, 94, 1, 51, 33, 57, 17, 73, 11, 35, 94, 1, 51, 33, 57, 17]",[],"{""accepted_indices"": [0, 1, 2, 3, 4, 5, 6, 7, 8, 9, 1, 2, 3, 4, 5, 6, 7, 8, 9], ""eps1"": 10, ""distance_median"": 0.5096512860911395}"
108,rflbat,rflbat_cluster_filter,"[73, 94, 51, 57, 73, 94, 51, 57]","[0, 11, 35, 1, 33, 17]","{""accepted_indices"": [1, 4, 6, 8, 1, 4, 6, 8], ""num_clusters"": 4, ""cluster_scores"": [0.26320924386031147, 1.0000000000013671, 1.0000000000018456, 0.2754624778626863]}"
108,rflbat,rflbat_final_distance_filter,"[73, 94, 51, 57]","[0, 11, 35, 1, 33, 17]","{""accepted_indices"": [1, 4, 6, 8, 1, 4, 6, 8], ""eps2"": 6, ""distance_median"": 0.031677705895439195}"
109,rflbat,rflbat_first_distance_filter,"[0, 29, 90, 67, 11, 6, 19, 32, 69, 28, 29, 90, 67, 11, 6, 19, 32, 69, 28]",[],"{""accepted_indices"": [0, 1, 2, 3, 4, 5, 6, 7, 8, 9, 1, 2, 3, 4, 5, 6, 7, 8, 9], ""eps1"": 10, ""distance_median"": 0.35939435301124134}"
109,rflbat,rflbat_cluster_filter,"[0, 29, 90, 67, 11, 6, 19, 32, 69, 28, 29, 90, 67, 11, 6, 19, 32, 69, 28]",[],"{""accepted_indices"": [0, 1, 2, 3, 4, 5, 6, 7, 8, 9, 1, 2, 3, 4, 5, 6, 7, 8, 9], ""num_clusters"": 1, ""cluster_scores"": [0.11247945206412087]}"
109,rflbat,rflbat_final_distance_filter,"[0, 29, 90, 67, 11, 6, 19, 32, 69, 28]",[],"{""accepted_indices"": [0, 1, 2, 3, 4, 5, 6, 7, 8, 9, 1, 2, 3, 4, 5, 6, 7, 8, 9], ""eps2"": 6, ""distance_median"": 0.7220280864520764}"
110,rflbat,rflbat_first_distance_filter,"[3, 19, 18, 86, 4, 96, 32, 79, 31, 2, 19, 18, 86, 4, 96, 32, 79, 31, 2]",[],"{""accepted_indices"": [0, 1, 2, 3, 4, 5, 6, 7, 8, 9, 1, 2, 3, 4, 5, 6, 7, 8, 9], ""eps1"": 10, ""distance_median"": 0.3113808890154641}"
110,rflbat,rflbat_cluster_filter,"[3, 19, 18, 86, 4, 96, 32, 79, 31, 2, 19, 18, 86, 4, 96, 32, 79, 31, 2]",[],"{""accepted_indices"": [0, 1, 2, 3, 4, 5, 6, 7, 8, 9, 1, 2, 3, 4, 5, 6, 7, 8, 9], ""num_clusters"": 1, ""cluster_scores"": [0.10599599697436811]}"
110,rflbat,rflbat_final_distance_filter,"[3, 19, 18, 86, 4, 96, 32, 79, 31, 2]",[],"{""accepted_indices"": [0, 1, 2, 3, 4, 5, 6, 7, 8, 9, 1, 2, 3, 4, 5, 6, 7, 8, 9], ""eps2"": 6, ""distance_median"": 0.6214668782504262}"
111,rflbat,rflbat_first_distance_filter,"[2, 56, 67, 63, 40, 39, 9, 55, 15, 51, 56, 67, 63, 40, 39, 9, 55, 15, 51]",[],"{""accepted_indices"": [0, 1, 2, 3, 4, 5, 6, 7, 8, 9, 1, 2, 3, 4, 5, 6, 7, 8, 9], ""eps1"": 10, ""distance_median"": 0.2841650540312255}"
111,rflbat,rflbat_cluster_filter,"[2, 56, 67, 63, 40, 39, 9, 55, 15, 51, 56, 67, 63, 40, 39, 9, 55, 15, 51]",[],"{""accepted_indices"": [0, 1, 2, 3, 4, 5, 6, 7, 8, 9, 1, 2, 3, 4, 5, 6, 7, 8, 9], ""num_clusters"": 1, ""cluster_scores"": [0.1019144094925839]}"
111,rflbat,rflbat_final_distance_filter,"[2, 56, 67, 63, 40, 39, 9, 55, 15, 51]",[],"{""accepted_indices"": [0, 1, 2, 3, 4, 5, 6, 7, 8, 9, 1, 2, 3, 4, 5, 6, 7, 8, 9], ""eps2"": 6, ""distance_median"": 0.46045429187049697}"
112,rflbat,rflbat_first_distance_filter,"[1, 16, 3, 39, 96, 15, 11, 0, 13, 12, 16, 3, 39, 96, 15, 11, 0, 13, 12]",[],"{""accepted_indices"": [0, 1, 2, 3, 4, 5, 6, 7, 8, 9, 1, 2, 3, 4, 5, 6, 7, 8, 9], ""eps1"": 10, ""distance_median"": 0.36281343268354377}"
112,rflbat,rflbat_cluster_filter,"[1, 16, 3, 39, 96, 15, 11, 0, 13, 12, 16, 3, 39, 96, 15, 11, 0, 13, 12]",[],"{""accepted_indices"": [0, 1, 2, 3, 4, 5, 6, 7, 8, 9, 1, 2, 3, 4, 5, 6, 7, 8, 9], ""num_clusters"": 1, ""cluster_scores"": [0.09321284539933472]}"
112,rflbat,rflbat_final_distance_filter,"[1, 16, 3, 39, 96, 15, 11, 0, 13, 12]",[],"{""accepted_indices"": [0, 1, 2, 3, 4, 5, 6, 7, 8, 9, 1, 2, 3, 4, 5, 6, 7, 8, 9], ""eps2"": 6, ""distance_median"": 0.6100191817076593}"
113,rflbat,rflbat_first_distance_filter,"[2, 33, 10, 71, 69, 45, 6, 56, 90, 24, 33, 10, 71, 69, 45, 6, 56, 90, 24]",[],"{""accepted_indices"": [0, 1, 2, 3, 4, 5, 6, 7, 8, 9, 1, 2, 3, 4, 5, 6, 7, 8, 9], ""eps1"": 10, ""distance_median"": 0.521067690454463}"
113,rflbat,rflbat_cluster_filter,"[2, 33, 10, 71, 69, 45, 6, 56, 90, 24, 33, 10, 71, 69, 45, 6, 56, 90, 24]",[],"{""accepted_indices"": [0, 1, 2, 3, 4, 5, 6, 7, 8, 9, 1, 2, 3, 4, 5, 6, 7, 8, 9], ""num_clusters"": 1, ""cluster_scores"": [0.10453114193830339]}"
113,rflbat,rflbat_final_distance_filter,"[2, 33, 10, 71, 69, 45, 6, 56, 90, 24]",[],"{""accepted_indices"": [0, 1, 2, 3, 4, 5, 6, 7, 8, 9, 1, 2, 3, 4, 5, 6, 7, 8, 9], ""eps2"": 6, ""distance_median"": 1.0298185552739614}"
114,rflbat,rflbat_first_distance_filter,"[0, 88, 70, 36, 61, 11, 51, 84, 20, 82, 88, 70, 36, 61, 11, 51, 84, 20, 82]",[],"{""accepted_indices"": [0, 1, 2, 3, 4, 5, 6, 7, 8, 9, 1, 2, 3, 4, 5, 6, 7, 8, 9], ""eps1"": 10, ""distance_median"": 0.36257438883651866}"
114,rflbat,rflbat_cluster_filter,"[0, 88, 70, 36, 61, 11, 51, 84, 20, 82, 88, 70, 36, 61, 11, 51, 84, 20, 82]",[],"{""accepted_indices"": [0, 1, 2, 3, 4, 5, 6, 7, 8, 9, 1, 2, 3, 4, 5, 6, 7, 8, 9], ""num_clusters"": 1, ""cluster_scores"": [0.10938073016593323]}"
114,rflbat,rflbat_final_distance_filter,"[0, 88, 70, 36, 61, 11, 51, 84, 20, 82]",[],"{""accepted_indices"": [0, 1, 2, 3, 4, 5, 6, 7, 8, 9, 1, 2, 3, 4, 5, 6, 7, 8, 9], ""eps2"": 6, ""distance_median"": 0.7233243630739271}"
115,rflbat,rflbat_first_distance_filter,"[0, 47, 96, 53, 54, 55, 9, 76, 15, 59, 47, 96, 53, 54, 55, 9, 76, 15, 59]",[],"{""accepted_indices"": [0, 1, 2, 3, 4, 5, 6, 7, 8, 9, 1, 2, 3, 4, 5, 6, 7, 8, 9], ""eps1"": 10, ""distance_median"": 0.4592197308340143}"
115,rflbat,rflbat_cluster_filter,"[0, 47, 53, 54, 55, 9, 15, 59, 47, 53, 54, 55, 9, 15, 59]","[96, 76]","{""accepted_indices"": [0, 1, 3, 4, 5, 6, 8, 9, 1, 3, 4, 5, 6, 8, 9], ""num_clusters"": 3, ""cluster_scores"": [0.12431332534834474, 1.0000000000018896, 1.0000000000026301]}"
115,rflbat,rflbat_final_distance_filter,"[0, 47, 53, 54, 55, 9, 15, 59]","[96, 76]","{""accepted_indices"": [0, 1, 3, 4, 5, 6, 8, 9, 1, 3, 4, 5, 6, 8, 9], ""eps2"": 6, ""distance_median"": 0.21664433017879892}"
116,rflbat,rflbat_first_distance_filter,"[3, 57, 59, 14, 62, 30, 21, 35, 24, 58, 57, 59, 14, 62, 30, 21, 35, 24, 58]",[],"{""accepted_indices"": [0, 1, 2, 3, 4, 5, 6, 7, 8, 9, 1, 2, 3, 4, 5, 6, 7, 8, 9], ""eps1"": 10, ""distance_median"": 0.5030612431083613}"
116,rflbat,rflbat_cluster_filter,"[3, 57, 59, 14, 62, 30, 21, 35, 24, 58, 57, 59, 14, 62, 30, 21, 35, 24, 58]",[],"{""accepted_indices"": [0, 1, 2, 3, 4, 5, 6, 7, 8, 9, 1, 2, 3, 4, 5, 6, 7, 8, 9], ""num_clusters"": 1, ""cluster_scores"": [0.12133922244325608]}"
116,rflbat,rflbat_final_distance_filter,"[3, 57, 59, 14, 62, 30, 21, 35, 24, 58]",[],"{""accepted_indices"": [0, 1, 2, 3, 4, 5, 6, 7, 8, 9, 1, 2, 3, 4, 5, 6, 7, 8, 9], ""eps2"": 6, ""distance_median"": 1.0126108920992705}"
117,rflbat,rflbat_first_distance_filter,"[2, 35, 91, 16, 5, 38, 34, 69, 41, 46, 35, 91, 16, 5, 38, 34, 69, 41, 46]",[],"{""accepted_indices"": [0, 1, 2, 3, 4, 5, 6, 7, 8, 9, 1, 2, 3, 4, 5, 6, 7, 8, 9], ""eps1"": 10, ""distance_median"": 0.4952725398695398}"
117,rflbat,rflbat_cluster_filter,"[2, 35, 91, 16, 5, 38, 34, 69, 41, 46, 35, 91, 16, 5, 38, 34, 69, 41, 46]",[],"{""accepted_indices"": [0, 1, 2, 3, 4, 5, 6, 7, 8, 9, 1, 2, 3, 4, 5, 6, 7, 8, 9], ""num_clusters"": 1, ""cluster_scores"": [0.09860652009017676]}"
117,rflbat,rflbat_final_distance_filter,"[2, 35, 91, 16, 5, 38, 34, 69, 41, 46]",[],"{""accepted_indices"": [0, 1, 2, 3, 4, 5, 6, 7, 8, 9, 1, 2, 3, 4, 5, 6, 7, 8, 9], ""eps2"": 6, ""distance_median"": 0.9705783974681907}"
118,rflbat,rflbat_first_distance_filter,"[2, 50, 5, 24, 96, 30, 44, 73, 91, 94, 50, 5, 24, 96, 30, 44, 73, 91, 94]",[],"{""accepted_indices"": [0, 1, 2, 3, 4, 5, 6, 7, 8, 9, 1, 2, 3, 4, 5, 6, 7, 8, 9], ""eps1"": 10, ""distance_median"": 0.4083154532099236}"
118,rflbat,rflbat_cluster_filter,"[2, 50, 5, 24, 96, 30, 44, 73, 91, 94, 50, 5, 24, 96, 30, 44, 73, 91, 94]",[],"{""accepted_indices"": [0, 1, 2, 3, 4, 5, 6, 7, 8, 9, 1, 2, 3, 4, 5, 6, 7, 8, 9], ""num_clusters"": 1, ""cluster_scores"": [0.1028202024232951]}"
118,rflbat,rflbat_final_distance_filter,"[2, 50, 5, 24, 96, 30, 44, 73, 91, 94]",[],"{""accepted_indices"": [0, 1, 2, 3, 4, 5, 6, 7, 8, 9, 1, 2, 3, 4, 5, 6, 7, 8, 9], ""eps2"": 6, ""distance_median"": 0.813025328649477}"
119,rflbat,rflbat_first_distance_filter,"[3, 56, 9, 45, 82, 37, 27, 75, 26, 63, 56, 9, 45, 82, 37, 27, 75, 26, 63]",[],"{""accepted_indices"": [0, 1, 2, 3, 4, 5, 6, 7, 8, 9, 1, 2, 3, 4, 5, 6, 7, 8, 9], ""eps1"": 10, ""distance_median"": 0.5060090989816929}"
119,rflbat,rflbat_cluster_filter,"[3, 56, 9, 45, 82, 37, 27, 75, 26, 63, 56, 9, 45, 82, 37, 27, 75, 26, 63]",[],"{""accepted_indices"": [0, 1, 2, 3, 4, 5, 6, 7, 8, 9, 1, 2, 3, 4, 5, 6, 7, 8, 9], ""num_clusters"": 1, ""cluster_scores"": [0.12130093637087087]}"
119,rflbat,rflbat_final_distance_filter,"[3, 56, 9, 45, 82, 37, 27, 75, 26, 63]",[],"{""accepted_indices"": [0, 1, 2, 3, 4, 5, 6, 7, 8, 9, 1, 2, 3, 4, 5, 6, 7, 8, 9], ""eps2"": 6, ""distance_median"": 1.019322392376236}"
120,rflbat,rflbat_first_distance_filter,"[4, 47, 30, 18, 20, 85, 87, 65, 89, 2, 47, 30, 18, 20, 85, 87, 65, 89, 2]",[],"{""accepted_indices"": [0, 1, 2, 3, 4, 5, 6, 7, 8, 9, 1, 2, 3, 4, 5, 6, 7, 8, 9], ""eps1"": 10, ""distance_median"": 0.3730427397085008}"
120,rflbat,rflbat_cluster_filter,"[4, 47, 30, 18, 20, 85, 87, 65, 89, 2, 47, 30, 18, 20, 85, 87, 65, 89, 2]",[],"{""accepted_indices"": [0, 1, 2, 3, 4, 5, 6, 7, 8, 9, 1, 2, 3, 4, 5, 6, 7, 8, 9], ""num_clusters"": 1, ""cluster_scores"": [0.11884456921508427]}"
120,rflbat,rflbat_final_distance_filter,"[4, 47, 30, 18, 20, 85, 87, 65, 89, 2]",[],"{""accepted_indices"": [0, 1, 2, 3, 4, 5, 6, 7, 8, 9, 1, 2, 3, 4, 5, 6, 7, 8, 9], ""eps2"": 6, ""distance_median"": 0.7386798995861977}"
121,rflbat,rflbat_first_distance_filter,"[4, 99, 89, 49, 33, 21, 39, 30, 1, 70, 99, 89, 49, 33, 21, 39, 30, 1, 70]",[],"{""accepted_indices"": [0, 1, 2, 3, 4, 5, 6, 7, 8, 9, 1, 2, 3, 4, 5, 6, 7, 8, 9], ""eps1"": 10, ""distance_median"": 0.4356745562261239}"
121,rflbat,rflbat_cluster_filter,"[4, 99, 89, 49, 33, 21, 39, 30, 1, 70, 99, 89, 49, 33, 21, 39, 30, 1, 70]",[],"{""accepted_indices"": [0, 1, 2, 3, 4, 5, 6, 7, 8, 9, 1, 2, 3, 4, 5, 6, 7, 8, 9], ""num_clusters"": 1, ""cluster_scores"": [0.11142248402170025]}"
121,rflbat,rflbat_final_distance_filter,"[4, 99, 89, 49, 33, 21, 39, 30, 1, 70]",[],"{""accepted_indices"": [0, 1, 2, 3, 4, 5, 6, 7, 8, 9, 1, 2, 3, 4, 5, 6, 7, 8, 9], ""eps2"": 6, ""distance_median"": 0.8670798842163823}"
122,rflbat,rflbat_first_distance_filter,"[1, 18, 24, 30, 88, 38, 92, 94, 55, 75, 18, 24, 30, 88, 38, 92, 94, 55, 75]",[],"{""accepted_indices"": [0, 1, 2, 3, 4, 5, 6, 7, 8, 9, 1, 2, 3, 4, 5, 6, 7, 8, 9], ""eps1"": 10, ""distance_median"": 0.38414238323511596}"
122,rflbat,rflbat_cluster_filter,"[1, 18, 24, 30, 88, 38, 92, 94, 55, 75, 18, 24, 30, 88, 38, 92, 94, 55, 75]",[],"{""accepted_indices"": [0, 1, 2, 3, 4, 5, 6, 7, 8, 9, 1, 2, 3, 4, 5, 6, 7, 8, 9], ""num_clusters"": 1, ""cluster_scores"": [0.10295201642217502]}"
122,rflbat,rflbat_final_distance_filter,"[1, 18, 24, 30, 88, 38, 92, 94, 55, 75]",[],"{""accepted_indices"": [0, 1, 2, 3, 4, 5, 6, 7, 8, 9, 1, 2, 3, 4, 5, 6, 7, 8, 9], ""eps2"": 6, ""distance_median"": 0.6320806163548833}"
123,rflbat,rflbat_first_distance_filter,"[4, 88, 23, 68, 39, 22, 97, 78, 16, 12, 88, 23, 68, 39, 22, 97, 78, 16, 12]",[],"{""accepted_indices"": [0, 1, 2, 3, 4, 5, 6, 7, 8, 9, 1, 2, 3, 4, 5, 6, 7, 8, 9], ""eps1"": 10, ""distance_median"": 0.4440662665716777}"
123,rflbat,rflbat_cluster_filter,"[4, 88, 23, 68, 39, 22, 97, 78, 16, 12, 88, 23, 68, 39, 22, 97, 78, 16, 12]",[],"{""accepted_indices"": [0, 1, 2, 3, 4, 5, 6, 7, 8, 9, 1, 2, 3, 4, 5, 6, 7, 8, 9], ""num_clusters"": 1, ""cluster_scores"": [0.11719723358369204]}"
123,rflbat,rflbat_final_distance_filter,"[4, 88, 23, 68, 39, 22, 97, 78, 16, 12]",[],"{""accepted_indices"": [0, 1, 2, 3, 4, 5, 6, 7, 8, 9, 1, 2, 3, 4, 5, 6, 7, 8, 9], ""eps2"": 6, ""distance_median"": 0.87998542349978}"
124,rflbat,rflbat_first_distance_filter,"[3, 37, 93, 96, 13, 9, 17, 41, 20, 76, 37, 93, 96, 13, 9, 17, 41, 20, 76]",[],"{""accepted_indices"": [0, 1, 2, 3, 4, 5, 6, 7, 8, 9, 1, 2, 3, 4, 5, 6, 7, 8, 9], ""eps1"": 10, ""distance_median"": 0.4671349679596624}"
124,rflbat,rflbat_cluster_filter,"[3, 37, 93, 96, 13, 9, 17, 41, 20, 76, 37, 93, 96, 13, 9, 17, 41, 20, 76]",[],"{""accepted_indices"": [0, 1, 2, 3, 4, 5, 6, 7, 8, 9, 1, 2, 3, 4, 5, 6, 7, 8, 9], ""num_clusters"": 1, ""cluster_scores"": [0.09207735586280763]}"
124,rflbat,rflbat_final_distance_filter,"[3, 37, 93, 96, 13, 9, 17, 41, 20, 76]",[],"{""accepted_indices"": [0, 1, 2, 3, 4, 5, 6, 7, 8, 9, 1, 2, 3, 4, 5, 6, 7, 8, 9], ""eps2"": 6, ""distance_median"": 0.9989544920756275}"
125,rflbat,rflbat_first_distance_filter,"[3, 5, 76, 66, 10, 1, 84, 91, 73, 64, 5, 76, 66, 10, 1, 84, 91, 73, 64]",[],"{""accepted_indices"": [0, 1, 2, 3, 4, 5, 6, 7, 8, 9, 1, 2, 3, 4, 5, 6, 7, 8, 9], ""eps1"": 10, ""distance_median"": 0.4672604567057399}"
125,rflbat,rflbat_cluster_filter,"[3, 5, 76, 66, 10, 1, 84, 91, 73, 64, 5, 76, 66, 10, 1, 84, 91, 73, 64]",[],"{""accepted_indices"": [0, 1, 2, 3, 4, 5, 6, 7, 8, 9, 1, 2, 3, 4, 5, 6, 7, 8, 9], ""num_clusters"": 1, ""cluster_scores"": [0.10715754441124813]}"
125,rflbat,rflbat_final_distance_filter,"[3, 5, 76, 66, 10, 1, 84, 91, 73, 64]",[],"{""accepted_indices"": [0, 1, 2, 3, 4, 5, 6, 7, 8, 9, 1, 2, 3, 4, 5, 6, 7, 8, 9], ""eps2"": 6, ""distance_median"": 0.9228561198228904}"
126,rflbat,rflbat_first_distance_filter,"[3, 20, 65, 67, 75, 70, 26, 55, 56, 42, 20, 65, 67, 75, 70, 26, 55, 56, 42]",[],"{""accepted_indices"": [0, 1, 2, 3, 4, 5, 6, 7, 8, 9, 1, 2, 3, 4, 5, 6, 7, 8, 9], ""eps1"": 10, ""distance_median"": 0.42027957204211286}"
126,rflbat,rflbat_cluster_filter,"[3, 20, 65, 67, 75, 70, 26, 55, 56, 42, 20, 65, 67, 75, 70, 26, 55, 56, 42]",[],"{""accepted_indices"": [0, 1, 2, 3, 4, 5, 6, 7, 8, 9, 1, 2, 3, 4, 5, 6, 7, 8, 9], ""num_clusters"": 1, ""cluster_scores"": [0.09847058421184159]}"
126,rflbat,rflbat_final_distance_filter,"[3, 20, 65, 67, 75, 70, 26, 55, 56, 42]",[],"{""accepted_indices"": [0, 1, 2, 3, 4, 5, 6, 7, 8, 9, 1, 2, 3, 4, 5, 6, 7, 8, 9], ""eps2"": 6, ""distance_median"": 0.8480410752581672}"
127,rflbat,rflbat_first_distance_filter,"[2, 1, 30, 87, 29, 74, 48, 20, 81, 54, 1, 30, 87, 29, 74, 48, 20, 81, 54]",[],"{""accepted_indices"": [0, 1, 2, 3, 4, 5, 6, 7, 8, 9, 1, 2, 3, 4, 5, 6, 7, 8, 9], ""eps1"": 10, ""distance_median"": 0.421641586834545}"
127,rflbat,rflbat_cluster_filter,"[2, 1, 30, 87, 29, 74, 48, 20, 81, 54, 1, 30, 87, 29, 74, 48, 20, 81, 54]",[],"{""accepted_indices"": [0, 1, 2, 3, 4, 5, 6, 7, 8, 9, 1, 2, 3, 4, 5, 6, 7, 8, 9], ""num_clusters"": 1, ""cluster_scores"": [0.10191474567818813]}"
127,rflbat,rflbat_final_distance_filter,"[2, 1, 30, 87, 29, 74, 48, 20, 81, 54]",[],"{""accepted_indices"": [0, 1, 2, 3, 4, 5, 6, 7, 8, 9, 1, 2, 3, 4, 5, 6, 7, 8, 9], ""eps2"": 6, ""distance_median"": 0.8470798094977586}"
128,rflbat,rflbat_first_distance_filter,"[1, 86, 41, 46, 56, 20, 70, 23, 69, 29, 86, 41, 46, 56, 20, 70, 23, 69, 29]",[],"{""accepted_indices"": [0, 1, 2, 3, 4, 5, 6, 7, 8, 9, 1, 2, 3, 4, 5, 6, 7, 8, 9], ""eps1"": 10, ""distance_median"": 0.37740600160201054}"
128,rflbat,rflbat_cluster_filter,"[1, 86, 41, 46, 56, 20, 70, 23, 69, 29, 86, 41, 46, 56, 20, 70, 23, 69, 29]",[],"{""accepted_indices"": [0, 1, 2, 3, 4, 5, 6, 7, 8, 9, 1, 2, 3, 4, 5, 6, 7, 8, 9], ""num_clusters"": 1, ""cluster_scores"": [0.10815331834357929]}"
128,rflbat,rflbat_final_distance_filter,"[1, 86, 41, 46, 56, 20, 70, 23, 69, 29]",[],"{""accepted_indices"": [0, 1, 2, 3, 4, 5, 6, 7, 8, 9, 1, 2, 3, 4, 5, 6, 7, 8, 9], ""eps2"": 6, ""distance_median"": 0.6336880381542982}"
129,rflbat,rflbat_first_distance_filter,"[2, 3, 54, 97, 24, 33, 91, 66, 10, 87, 3, 54, 97, 24, 33, 91, 66, 10, 87]",[],"{""accepted_indices"": [0, 1, 2, 3, 4, 5, 6, 7, 8, 9, 1, 2, 3, 4, 5, 6, 7, 8, 9], ""eps1"": 10, ""distance_median"": 0.5384680109133403}"
129,rflbat,rflbat_cluster_filter,"[2, 3, 54, 97, 24, 33, 91, 66, 10, 87, 3, 54, 97, 24, 33, 91, 66, 10, 87]",[],"{""accepted_indices"": [0, 1, 2, 3, 4, 5, 6, 7, 8, 9, 1, 2, 3, 4, 5, 6, 7, 8, 9], ""num_clusters"": 1, ""cluster_scores"": [0.11475942383373443]}"
129,rflbat,rflbat_final_distance_filter,"[2, 3, 54, 97, 24, 33, 91, 66, 10, 87]",[],"{""accepted_indices"": [0, 1, 2, 3, 4, 5, 6, 7, 8, 9, 1, 2, 3, 4, 5, 6, 7, 8, 9], ""eps2"": 6, ""distance_median"": 0.9642078461361283}"
130,rflbat,rflbat_first_distance_filter,"[3, 37, 75, 41, 80, 36, 40, 63, 59, 45, 37, 75, 41, 80, 36, 40, 63, 59, 45]",[],"{""accepted_indices"": [0, 1, 2, 3, 4, 5, 6, 7, 8, 9, 1, 2, 3, 4, 5, 6, 7, 8, 9], ""eps1"": 10, ""distance_median"": 0.44044728352071544}"
130,rflbat,rflbat_cluster_filter,"[3, 37, 75, 41, 80, 36, 40, 63, 59, 45, 37, 75, 41, 80, 36, 40, 63, 59, 45]",[],"{""accepted_indices"": [0, 1, 2, 3, 4, 5, 6, 7, 8, 9, 1, 2, 3, 4, 5, 6, 7, 8, 9], ""num_clusters"": 1, ""cluster_scores"": [0.10603539126408275]}"
130,rflbat,rflbat_final_distance_filter,"[3, 37, 75, 41, 80, 36, 40, 63, 59, 45]",[],"{""accepted_indices"": [0, 1, 2, 3, 4, 5, 6, 7, 8, 9, 1, 2, 3, 4, 5, 6, 7, 8, 9], ""eps2"": 6, ""distance_median"": 0.8572787392239533}"
131,rflbat,rflbat_first_distance_filter,"[3, 86, 34, 68, 95, 29, 13, 74, 48, 54, 86, 34, 68, 95, 29, 13, 74, 48, 54]",[],"{""accepted_indices"": [0, 1, 2, 3, 4, 5, 6, 7, 8, 9, 1, 2, 3, 4, 5, 6, 7, 8, 9], ""eps1"": 10, ""distance_median"": 0.4677490713501413}"
131,rflbat,rflbat_cluster_filter,"[3, 86, 34, 95, 29, 13, 74, 48, 54, 86, 34, 95, 29, 13, 74, 48, 54]",[68],"{""accepted_indices"": [0, 1, 2, 4, 5, 6, 7, 8, 9, 1, 2, 4, 5, 6, 7, 8, 9], ""num_clusters"": 2, ""cluster_scores"": [0.10756345060244633, 1.0000000000016163]}"
131,rflbat,rflbat_final_distance_filter,"[3, 86, 34, 95, 29, 13, 74, 48, 54]",[68],"{""accepted_indices"": [0, 1, 2, 4, 5, 6, 7, 8, 9, 1, 2, 4, 5, 6, 7, 8, 9], ""eps2"": 6, ""distance_median"": 0.3921526666650896}"
132,rflbat,rflbat_first_distance_filter,"[0, 2, 43, 25, 80, 99, 74, 54, 29, 49, 2, 43, 25, 80, 99, 74, 54, 29, 49]",[],"{""accepted_indices"": [0, 1, 2, 3, 4, 5, 6, 7, 8, 9, 1, 2, 3, 4, 5, 6, 7, 8, 9], ""eps1"": 10, ""distance_median"": 0.3690545078458445}"
132,rflbat,rflbat_cluster_filter,"[0, 2, 43, 80, 99, 54, 29, 49, 2, 43, 80, 99, 54, 29, 49]","[25, 74]","{""accepted_indices"": [0, 1, 2, 4, 5, 7, 8, 9, 1, 2, 4, 5, 7, 8, 9], ""num_clusters"": 3, ""cluster_scores"": [0.1215352452807022, 1.0000000000013431, 1.0000000000013]}"
132,rflbat,rflbat_final_distance_filter,"[0, 2, 43, 80, 99, 54, 29, 49]","[25, 74]","{""accepted_indices"": [0, 1, 2, 4, 5, 7, 8, 9, 1, 2, 4, 5, 7, 8, 9], ""eps2"": 6, ""distance_median"": 0.23263016281328594}"
133,rflbat,rflbat_first_distance_filter,"[2, 45, 29, 27, 10, 42, 73, 5, 83, 8, 45, 29, 27, 10, 42, 73, 5, 83, 8]",[],"{""accepted_indices"": [0, 1, 2, 3, 4, 5, 6, 7, 8, 9, 1, 2, 3, 4, 5, 6, 7, 8, 9], ""eps1"": 10, ""distance_median"": 0.4166915983791777}"
133,rflbat,rflbat_cluster_filter,"[2, 45, 29, 27, 10, 42, 73, 5, 83, 8, 45, 29, 27, 10, 42, 73, 5, 83, 8]",[],"{""accepted_indices"": [0, 1, 2, 3, 4, 5, 6, 7, 8, 9, 1, 2, 3, 4, 5, 6, 7, 8, 9], ""num_clusters"": 1, ""cluster_scores"": [0.13357505293451963]}"
133,rflbat,rflbat_final_distance_filter,"[2, 45, 29, 27, 10, 42, 73, 5, 83, 8]",[],"{""accepted_indices"": [0, 1, 2, 3, 4, 5, 6, 7, 8, 9, 1, 2, 3, 4, 5, 6, 7, 8, 9], ""eps2"": 6, ""distance_median"": 0.8391055480592066}"
134,rflbat,rflbat_first_distance_filter,"[2, 74, 27, 76, 22, 30, 10, 42, 38, 98, 74, 27, 76, 22, 30, 10, 42, 38, 98]",[],"{""accepted_indices"": [0, 1, 2, 3, 4, 5, 6, 7, 8, 9, 1, 2, 3, 4, 5, 6, 7, 8, 9], ""eps1"": 10, ""distance_median"": 0.4010826752412085}"
134,rflbat,rflbat_cluster_filter,"[2, 74, 27, 76, 22, 30, 10, 42, 38, 98, 74, 27, 76, 22, 30, 10, 42, 38, 98]",[],"{""accepted_indices"": [0, 1, 2, 3, 4, 5, 6, 7, 8, 9, 1, 2, 3, 4, 5, 6, 7, 8, 9], ""num_clusters"": 1, ""cluster_scores"": [0.11145589376184495]}"
134,rflbat,rflbat_final_distance_filter,"[2, 74, 27, 76, 22, 30, 10, 42, 38, 98]",[],"{""accepted_indices"": [0, 1, 2, 3, 4, 5, 6, 7, 8, 9, 1, 2, 3, 4, 5, 6, 7, 8, 9], ""eps2"": 6, ""distance_median"": 0.7600040034050773}"
135,rflbat,rflbat_first_distance_filter,"[4, 15, 51, 73, 70, 52, 50, 92, 68, 37, 15, 51, 73, 70, 52, 50, 92, 68, 37]",[],"{""accepted_indices"": [0, 1, 2, 3, 4, 5, 6, 7, 8, 9, 1, 2, 3, 4, 5, 6, 7, 8, 9], ""eps1"": 10, ""distance_median"": 0.5781349635692631}"
135,rflbat,rflbat_cluster_filter,"[4, 15, 51, 73, 70, 52, 50, 92, 37, 15, 51, 73, 70, 52, 50, 92, 37]",[68],"{""accepted_indices"": [0, 1, 2, 3, 4, 5, 6, 7, 9, 1, 2, 3, 4, 5, 6, 7, 9], ""num_clusters"": 2, ""cluster_scores"": [0.11887923497795845, 1.0000000000023737]}"
135,rflbat,rflbat_final_distance_filter,"[4, 15, 51, 73, 70, 52, 50, 92, 37]",[68],"{""accepted_indices"": [0, 1, 2, 3, 4, 5, 6, 7, 9, 1, 2, 3, 4, 5, 6, 7, 9], ""eps2"": 6, ""distance_median"": 0.4656250691016226}"
136,rflbat,rflbat_first_distance_filter,"[3, 93, 9, 73, 66, 44, 85, 81, 14, 88, 93, 9, 73, 66, 44, 85, 81, 14, 88]",[],"{""accepted_indices"": [0, 1, 2, 3, 4, 5, 6, 7, 8, 9, 1, 2, 3, 4, 5, 6, 7, 8, 9], ""eps1"": 10, ""distance_median"": 0.43155714396399414}"
136,rflbat,rflbat_cluster_filter,"[3, 93, 9, 73, 66, 44, 85, 81, 14, 88, 93, 9, 73, 66, 44, 85, 81, 14, 88]",[],"{""accepted_indices"": [0, 1, 2, 3, 4, 5, 6, 7, 8, 9, 1, 2, 3, 4, 5, 6, 7, 8, 9], ""num_clusters"": 1, ""cluster_scores"": [0.12795260775732373]}"
136,rflbat,rflbat_final_distance_filter,"[3, 93, 9, 73, 66, 44, 85, 81, 14, 88]",[],"{""accepted_indices"": [0, 1, 2, 3, 4, 5, 6, 7, 8, 9, 1, 2, 3, 4, 5, 6, 7, 8, 9], ""eps2"": 6, ""distance_median"": 0.8584139281715278}"
137,rflbat,rflbat_first_distance_filter,"[4, 95, 80, 10, 65, 11, 83, 39, 49, 58, 95, 80, 10, 65, 11, 83, 39, 49, 58]",[],"{""accepted_indices"": [0, 1, 2, 3, 4, 5, 6, 7, 8, 9, 1, 2, 3, 4, 5, 6, 7, 8, 9], ""eps1"": 10, ""distance_median"": 0.3589942438778149}"
137,rflbat,rflbat_cluster_filter,"[4, 95, 80, 10, 65, 11, 83, 39, 49, 95, 80, 10, 65, 11, 83, 39, 49]",[58],"{""accepted_indices"": [0, 1, 2, 3, 4, 5, 6, 7, 8, 1, 2, 3, 4, 5, 6, 7, 8], ""num_clusters"": 2, ""cluster_scores"": [0.11429542434569584, 1.0000000000011846]}"
137,rflbat,rflbat_final_distance_filter,"[4, 95, 80, 10, 65, 11, 83, 39, 49]",[58],"{""accepted_indices"": [0, 1, 2, 3, 4, 5, 6, 7, 8, 1, 2, 3, 4, 5, 6, 7, 8], ""eps2"": 6, ""distance_median"": 0.45534384713184106}"
138,rflbat,rflbat_first_distance_filter,"[3, 52, 30, 39, 99, 53, 70, 86, 28, 60, 52, 30, 39, 99, 53, 70, 86, 28, 60]",[],"{""accepted_indices"": [0, 1, 2, 3, 4, 5, 6, 7, 8, 9, 1, 2, 3, 4, 5, 6, 7, 8, 9], ""eps1"": 10, ""distance_median"": 0.46203461835737625}"
138,rflbat,rflbat_cluster_filter,"[3, 52, 30, 39, 99, 53, 70, 86, 28, 60, 52, 30, 39, 99, 53, 70, 86, 28, 60]",[],"{""accepted_indices"": [0, 1, 2, 3, 4, 5, 6, 7, 8, 9, 1, 2, 3, 4, 5, 6, 7, 8, 9], ""num_clusters"": 1, ""cluster_scores"": [0.1143103025954975]}"
138,rflbat,rflbat_final_distance_filter,"[3, 52, 30, 39, 99, 53, 70, 86, 28, 60]",[],"{""accepted_indices"": [0, 1, 2, 3, 4, 5, 6, 7, 8, 9, 1, 2, 3, 4, 5, 6, 7, 8, 9], ""eps2"": 6, ""distance_median"": 0.9533348156086263}"
139,rflbat,rflbat_first_distance_filter,"[3, 74, 58, 71, 92, 47, 8, 22, 33, 93, 74, 58, 71, 92, 47, 8, 22, 33, 93]",[],"{""accepted_indices"": [0, 1, 2, 3, 4, 5, 6, 7, 8, 9, 1, 2, 3, 4, 5, 6, 7, 8, 9], ""eps1"": 10, ""distance_median"": 0.5868284264424156}"
139,rflbat,rflbat_cluster_filter,"[3, 74, 58, 71, 92, 47, 8, 22, 33, 93, 74, 58, 71, 92, 47, 8, 22, 33, 93]",[],"{""accepted_indices"": [0, 1, 2, 3, 4, 5, 6, 7, 8, 9, 1, 2, 3, 4, 5, 6, 7, 8, 9], ""num_clusters"": 1, ""cluster_scores"": [0.11063784314270282]}"
139,rflbat,rflbat_final_distance_filter,"[3, 74, 58, 71, 92, 47, 8, 22, 33, 93]",[],"{""accepted_indices"": [0, 1, 2, 3, 4, 5, 6, 7, 8, 9, 1, 2, 3, 4, 5, 6, 7, 8, 9], ""eps2"": 6, ""distance_median"": 1.1680004775979593}"
140,rflbat,rflbat_first_distance_filter,"[4, 58, 51, 25, 68, 70, 74, 55, 3, 93, 58, 51, 25, 68, 70, 74, 55, 3, 93]",[],"{""accepted_indices"": [0, 1, 2, 3, 4, 5, 6, 7, 8, 9, 1, 2, 3, 4, 5, 6, 7, 8, 9], ""eps1"": 10, ""distance_median"": 0.5002092875844553}"
140,rflbat,rflbat_cluster_filter,"[4, 58, 51, 25, 70, 74, 55, 3, 93, 58, 51, 25, 70, 74, 55, 3, 93]",[68],"{""accepted_indices"": [0, 1, 2, 3, 5, 6, 7, 8, 9, 1, 2, 3, 5, 6, 7, 8, 9], ""num_clusters"": 2, ""cluster_scores"": [0.1066245573925522, 1.0000000000017855]}"
140,rflbat,rflbat_final_distance_filter,"[4, 58, 51, 25, 70, 74, 55, 3, 93]",[68],"{""accepted_indices"": [0, 1, 2, 3, 5, 6, 7, 8, 9, 1, 2, 3, 5, 6, 7, 8, 9], ""eps2"": 6, ""distance_median"": 0.5072276579739164}"
141,rflbat,rflbat_first_distance_filter,"[4, 5, 28, 48, 92, 34, 74, 90, 38, 2, 5, 28, 48, 92, 34, 74, 90, 38, 2]",[],"{""accepted_indices"": [0, 1, 2, 3, 4, 5, 6, 7, 8, 9, 1, 2, 3, 4, 5, 6, 7, 8, 9], ""eps1"": 10, ""distance_median"": 0.3740517674662859}"
141,rflbat,rflbat_cluster_filter,"[4, 5, 28, 48, 92, 34, 74, 90, 38, 2, 5, 28, 48, 92, 34, 74, 90, 38, 2]",[],"{""accepted_indices"": [0, 1, 2, 3, 4, 5, 6, 7, 8, 9, 1, 2, 3, 4, 5, 6, 7, 8, 9], ""num_clusters"": 1, ""cluster_scores"": [0.10285715981609568]}"
141,rflbat,rflbat_final_distance_filter,"[4, 5, 28, 48, 92, 34, 74, 90, 38, 2]",[],"{""accepted_indices"": [0, 1, 2, 3, 4, 5, 6, 7, 8, 9, 1, 2, 3, 4, 5, 6, 7, 8, 9], ""eps2"": 6, ""distance_median"": 0.7128646129539628}"
142,rflbat,rflbat_first_distance_filter,"[0, 68, 60, 69, 43, 70, 47, 46, 42, 64, 68, 60, 69, 43, 70, 47, 46, 42, 64]",[],"{""accepted_indices"": [0, 1, 2, 3, 4, 5, 6, 7, 8, 9, 1, 2, 3, 4, 5, 6, 7, 8, 9], ""eps1"": 10, ""distance_median"": 0.46320718355717405}"
142,rflbat,rflbat_cluster_filter,"[0, 68, 60, 69, 43, 70, 47, 46, 42, 64, 68, 60, 69, 43, 70, 47, 46, 42, 64]",[],"{""accepted_indices"": [0, 1, 2, 3, 4, 5, 6, 7, 8, 9, 1, 2, 3, 4, 5, 6, 7, 8, 9], ""num_clusters"": 1, ""cluster_scores"": [0.12504701836892587]}"
142,rflbat,rflbat_final_distance_filter,"[0, 68, 60, 69, 43, 70, 47, 46, 42, 64]",[],"{""accepted_indices"": [0, 1, 2, 3, 4, 5, 6, 7, 8, 9, 1, 2, 3, 4, 5, 6, 7, 8, 9], ""eps2"": 6, ""distance_median"": 0.910250227814398}"
143,rflbat,rflbat_first_distance_filter,"[2, 51, 36, 98, 69, 63, 15, 92, 26, 14, 51, 36, 98, 69, 63, 15, 92, 26, 14]",[],"{""accepted_indices"": [0, 1, 2, 3, 4, 5, 6, 7, 8, 9, 1, 2, 3, 4, 5, 6, 7, 8, 9], ""eps1"": 10, ""distance_median"": 0.5227063336916605}"
143,rflbat,rflbat_cluster_filter,"[2, 51, 36, 98, 69, 63, 15, 92, 26, 14, 51, 36, 98, 69, 63, 15, 92, 26, 14]",[],"{""accepted_indices"": [0, 1, 2, 3, 4, 5, 6, 7, 8, 9, 1, 2, 3, 4, 5, 6, 7, 8, 9], ""num_clusters"": 1, ""cluster_scores"": [0.10660434219921476]}"
143,rflbat,rflbat_final_distance_filter,"[2, 51, 36, 98, 69, 63, 15, 92, 26, 14]",[],"{""accepted_indices"": [0, 1, 2, 3, 4, 5, 6, 7, 8, 9, 1, 2, 3, 4, 5, 6, 7, 8, 9], ""eps2"": 6, ""distance_median"": 1.0172638424462352}"
144,rflbat,rflbat_first_distance_filter,"[4, 5, 75, 1, 49, 73, 46, 18, 2, 8, 5, 75, 1, 49, 73, 46, 18, 2, 8]",[],"{""accepted_indices"": [0, 1, 2, 3, 4, 5, 6, 7, 8, 9, 1, 2, 3, 4, 5, 6, 7, 8, 9], ""eps1"": 10, ""distance_median"": 0.34075018555553893}"
144,rflbat,rflbat_cluster_filter,"[4, 5, 75, 1, 49, 73, 46, 18, 2, 8, 5, 75, 1, 49, 73, 46, 18, 2, 8]",[],"{""accepted_indices"": [0, 1, 2, 3, 4, 5, 6, 7, 8, 9, 1, 2, 3, 4, 5, 6, 7, 8, 9], ""num_clusters"": 1, ""cluster_scores"": [0.09353533301255904]}"
144,rflbat,rflbat_final_distance_filter,"[4, 5, 75, 1, 49, 73, 46, 18, 2, 8]",[],"{""accepted_indices"": [0, 1, 2, 3, 4, 5, 6, 7, 8, 9, 1, 2, 3, 4, 5, 6, 7, 8, 9], ""eps2"": 6, ""distance_median"": 0.6641543831426373}"
145,rflbat,rflbat_first_distance_filter,"[3, 79, 96, 28, 20, 91, 50, 43, 6, 9, 79, 96, 28, 20, 91, 50, 43, 6, 9]",[],"{""accepted_indices"": [0, 1, 2, 3, 4, 5, 6, 7, 8, 9, 1, 2, 3, 4, 5, 6, 7, 8, 9], ""eps1"": 10, ""distance_median"": 0.3923373288894377}"
145,rflbat,rflbat_cluster_filter,"[3, 79, 96, 28, 20, 91, 50, 43, 6, 9, 79, 96, 28, 20, 91, 50, 43, 6, 9]",[],"{""accepted_indices"": [0, 1, 2, 3, 4, 5, 6, 7, 8, 9, 1, 2, 3, 4, 5, 6, 7, 8, 9], ""num_clusters"": 1, ""cluster_scores"": [0.11305727001597751]}"
145,rflbat,rflbat_final_distance_filter,"[3, 79, 96, 28, 20, 91, 50, 43, 6, 9]",[],"{""accepted_indices"": [0, 1, 2, 3, 4, 5, 6, 7, 8, 9, 1, 2, 3, 4, 5, 6, 7, 8, 9], ""eps2"": 6, ""distance_median"": 0.773537673763498}"
146,rflbat,rflbat_first_distance_filter,"[2, 71, 45, 59, 37, 89, 22, 74, 66, 88, 71, 45, 59, 37, 89, 22, 74, 66, 88]",[],"{""accepted_indices"": [0, 1, 2, 3, 4, 5, 6, 7, 8, 9, 1, 2, 3, 4, 5, 6, 7, 8, 9], ""eps1"": 10, ""distance_median"": 0.5046888562411076}"
146,rflbat,rflbat_cluster_filter,"[2, 71, 45, 59, 37, 89, 22, 74, 66, 88, 71, 45, 59, 37, 89, 22, 74, 66, 88]",[],"{""accepted_indices"": [0, 1, 2, 3, 4, 5, 6, 7, 8, 9, 1, 2, 3, 4, 5, 6, 7, 8, 9], ""num_clusters"": 1, ""cluster_scores"": [0.1107996194667797]}"
146,rflbat,rflbat_final_distance_filter,"[2, 71, 45, 59, 37, 89, 22, 74, 66, 88]",[],"{""accepted_indices"": [0, 1, 2, 3, 4, 5, 6, 7, 8, 9, 1, 2, 3, 4, 5, 6, 7, 8, 9], ""eps2"": 6, ""distance_median"": 1.008590713764866}"
147,rflbat,rflbat_first_distance_filter,"[1, 41, 25, 33, 74, 23, 67, 39, 26, 35, 41, 25, 33, 74, 23, 67, 39, 26, 35]",[],"{""accepted_indices"": [0, 1, 2, 3, 4, 5, 6, 7, 8, 9, 1, 2, 3, 4, 5, 6, 7, 8, 9], ""eps1"": 10, ""distance_median"": 0.7924480654296843}"
147,rflbat,rflbat_cluster_filter,"[1, 41, 25, 33, 74, 23, 67, 39, 26, 35, 41, 25, 33, 74, 23, 67, 39, 26, 35]",[],"{""accepted_indices"": [0, 1, 2, 3, 4, 5, 6, 7, 8, 9, 1, 2, 3, 4, 5, 6, 7, 8, 9], ""num_clusters"": 1, ""cluster_scores"": [0.11052961765994154]}"
147,rflbat,rflbat_final_distance_filter,"[1, 41, 25, 33, 74, 23, 67, 39, 26, 35]",[],"{""accepted_indices"": [0, 1, 2, 3, 4, 5, 6, 7, 8, 9, 1, 2, 3, 4, 5, 6, 7, 8, 9], ""eps2"": 6, ""distance_median"": 1.5891606535857523}"
148,rflbat,rflbat_first_distance_filter,"[2, 27, 10, 81, 67, 16, 25, 5, 60, 49, 27, 10, 81, 67, 16, 25, 5, 60, 49]",[],"{""accepted_indices"": [0, 1, 2, 3, 4, 5, 6, 7, 8, 9, 1, 2, 3, 4, 5, 6, 7, 8, 9], ""eps1"": 10, ""distance_median"": 0.354443320064528}"
148,rflbat,rflbat_cluster_filter,"[2, 27, 10, 81, 67, 16, 25, 5, 60, 49, 27, 10, 81, 67, 16, 25, 5, 60, 49]",[],"{""accepted_indices"": [0, 1, 2, 3, 4, 5, 6, 7, 8, 9, 1, 2, 3, 4, 5, 6, 7, 8, 9], ""num_clusters"": 1, ""cluster_scores"": [0.10731534827023423]}"
148,rflbat,rflbat_final_distance_filter,"[2, 27, 10, 81, 67, 16, 25, 5, 60, 49]",[],"{""accepted_indices"": [0, 1, 2, 3, 4, 5, 6, 7, 8, 9, 1, 2, 3, 4, 5, 6, 7, 8, 9], ""eps2"": 6, ""distance_median"": 0.722772941658353}"
149,rflbat,rflbat_first_distance_filter,"[0, 81, 67, 38, 54, 91, 26, 34, 41, 64, 81, 67, 38, 54, 91, 26, 34, 41, 64]",[],"{""accepted_indices"": [0, 1, 2, 3, 4, 5, 6, 7, 8, 9, 1, 2, 3, 4, 5, 6, 7, 8, 9], ""eps1"": 10, ""distance_median"": 0.5328045309259861}"
149,rflbat,rflbat_cluster_filter,"[0, 81, 67, 38, 54, 91, 26, 34, 41, 64, 81, 67, 38, 54, 91, 26, 34, 41, 64]",[],"{""accepted_indices"": [0, 1, 2, 3, 4, 5, 6, 7, 8, 9, 1, 2, 3, 4, 5, 6, 7, 8, 9], ""num_clusters"": 1, ""cluster_scores"": [0.10440543810347888]}"
149,rflbat,rflbat_final_distance_filter,"[0, 81, 67, 38, 54, 91, 26, 34, 41, 64]",[],"{""accepted_indices"": [0, 1, 2, 3, 4, 5, 6, 7, 8, 9, 1, 2, 3, 4, 5, 6, 7, 8, 9], ""eps2"": 6, ""distance_median"": 1.0706669928253087}"
150,rflbat,rflbat_first_distance_filter,"[1, 97, 60, 70, 9, 99, 16, 53, 73, 65, 97, 60, 70, 9, 99, 16, 53, 73, 65]",[],"{""accepted_indices"": [0, 1, 2, 3, 4, 5, 6, 7, 8, 9, 1, 2, 3, 4, 5, 6, 7, 8, 9], ""eps1"": 10, ""distance_median"": 0.39377439089264377}"
150,rflbat,rflbat_cluster_filter,"[1, 97, 60, 70, 9, 99, 16, 53, 73, 65, 97, 60, 70, 9, 99, 16, 53, 73, 65]",[],"{""accepted_indices"": [0, 1, 2, 3, 4, 5, 6, 7, 8, 9, 1, 2, 3, 4, 5, 6, 7, 8, 9], ""num_clusters"": 1, ""cluster_scores"": [0.10404136412566045]}"
150,rflbat,rflbat_final_distance_filter,"[1, 97, 60, 70, 9, 99, 16, 53, 73, 65]",[],"{""accepted_indices"": [0, 1, 2, 3, 4, 5, 6, 7, 8, 9, 1, 2, 3, 4, 5, 6, 7, 8, 9], ""eps2"": 6, ""distance_median"": 0.6375970468104809}"
151,rflbat,rflbat_first_distance_filter,"[2, 91, 64, 62, 36, 65, 11, 54, 69, 89, 91, 64, 62, 36, 65, 11, 54, 69, 89]",[],"{""accepted_indices"": [0, 1, 2, 3, 4, 5, 6, 7, 8, 9, 1, 2, 3, 4, 5, 6, 7, 8, 9], ""eps1"": 10, ""distance_median"": 0.37299072325678817}"
151,rflbat,rflbat_cluster_filter,"[2, 91, 64, 62, 36, 65, 11, 54, 69, 89, 91, 64, 62, 36, 65, 11, 54, 69, 89]",[],"{""accepted_indices"": [0, 1, 2, 3, 4, 5, 6, 7, 8, 9, 1, 2, 3, 4, 5, 6, 7, 8, 9], ""num_clusters"": 1, ""cluster_scores"": [0.10819239920113524]}"
151,rflbat,rflbat_final_distance_filter,"[2, 91, 64, 62, 36, 65, 11, 54, 69, 89]",[],"{""accepted_indices"": [0, 1, 2, 3, 4, 5, 6, 7, 8, 9, 1, 2, 3, 4, 5, 6, 7, 8, 9], ""eps2"": 6, ""distance_median"": 0.7276549515529461}"
152,rflbat,rflbat_first_distance_filter,"[4, 68, 2, 89, 79, 92, 25, 3, 18, 15, 68, 2, 89, 79, 92, 25, 3, 18, 15]",[],"{""accepted_indices"": [0, 1, 2, 3, 4, 5, 6, 7, 8, 9, 1, 2, 3, 4, 5, 6, 7, 8, 9], ""eps1"": 10, ""distance_median"": 0.4460210914995896}"
152,rflbat,rflbat_cluster_filter,"[4, 68, 2, 89, 79, 92, 25, 3, 18, 15, 68, 2, 89, 79, 92, 25, 3, 18, 15]",[],"{""accepted_indices"": [0, 1, 2, 3, 4, 5, 6, 7, 8, 9, 1, 2, 3, 4, 5, 6, 7, 8, 9], ""num_clusters"": 1, ""cluster_scores"": [0.10381274771488413]}"
152,rflbat,rflbat_final_distance_filter,"[4, 68, 2, 89, 79, 92, 25, 3, 18, 15]",[],"{""accepted_indices"": [0, 1, 2, 3, 4, 5, 6, 7, 8, 9, 1, 2, 3, 4, 5, 6, 7, 8, 9], ""eps2"": 6, ""distance_median"": 0.8945617876146078}"
153,rflbat,rflbat_first_distance_filter,"[4, 88, 22, 21, 5, 67, 57, 44, 35, 92, 88, 22, 21, 5, 67, 57, 44, 35, 92]",[],"{""accepted_indices"": [0, 1, 2, 3, 4, 5, 6, 7, 8, 9, 1, 2, 3, 4, 5, 6, 7, 8, 9], ""eps1"": 10, ""distance_median"": 0.4327920392843796}"
153,rflbat,rflbat_cluster_filter,"[4, 88, 22, 21, 5, 67, 57, 44, 35, 92, 88, 22, 21, 5, 67, 57, 44, 35, 92]",[],"{""accepted_indices"": [0, 1, 2, 3, 4, 5, 6, 7, 8, 9, 1, 2, 3, 4, 5, 6, 7, 8, 9], ""num_clusters"": 1, ""cluster_scores"": [0.10181622870650751]}"
153,rflbat,rflbat_final_distance_filter,"[4, 88, 22, 21, 5, 67, 57, 44, 35, 92]",[],"{""accepted_indices"": [0, 1, 2, 3, 4, 5, 6, 7, 8, 9, 1, 2, 3, 4, 5, 6, 7, 8, 9], ""eps2"": 6, ""distance_median"": 0.8590385175559336}"
154,rflbat,rflbat_first_distance_filter,"[2, 55, 42, 60, 68, 58, 83, 33, 76, 25, 55, 42, 60, 68, 58, 83, 33, 76, 25]",[],"{""accepted_indices"": [0, 1, 2, 3, 4, 5, 6, 7, 8, 9, 1, 2, 3, 4, 5, 6, 7, 8, 9], ""eps1"": 10, ""distance_median"": 0.5508717159246493}"
154,rflbat,rflbat_cluster_filter,"[2, 55, 42, 60, 68, 58, 83, 33, 76, 25, 55, 42, 60, 68, 58, 83, 33, 76, 25]",[],"{""accepted_indices"": [0, 1, 2, 3, 4, 5, 6, 7, 8, 9, 1, 2, 3, 4, 5, 6, 7, 8, 9], ""num_clusters"": 1, ""cluster_scores"": [0.10412555131926914]}"
154,rflbat,rflbat_final_distance_filter,"[2, 55, 42, 60, 68, 58, 83, 33, 76, 25]",[],"{""accepted_indices"": [0, 1, 2, 3, 4, 5, 6, 7, 8, 9, 1, 2, 3, 4, 5, 6, 7, 8, 9], ""eps2"": 6, ""distance_median"": 1.0973102787007651}"
155,rflbat,rflbat_first_distance_filter,"[4, 54, 86, 85, 2, 14, 3, 46, 18, 98, 54, 86, 85, 2, 14, 3, 46, 18, 98]",[],"{""accepted_indices"": [0, 1, 2, 3, 4, 5, 6, 7, 8, 9, 1, 2, 3, 4, 5, 6, 7, 8, 9], ""eps1"": 10, ""distance_median"": 0.4111163963697312}"
155,rflbat,rflbat_cluster_filter,"[4, 54, 86, 2, 14, 3, 46, 18, 98, 54, 86, 2, 14, 3, 46, 18, 98]",[85],"{""accepted_indices"": [0, 1, 2, 4, 5, 6, 7, 8, 9, 1, 2, 4, 5, 6, 7, 8, 9], ""num_clusters"": 2, ""cluster_scores"": [0.11442705204605973, 1.000000000003061]}"
155,rflbat,rflbat_final_distance_filter,"[4, 54, 86, 2, 14, 3, 46, 18, 98]",[85],"{""accepted_indices"": [0, 1, 2, 4, 5, 6, 7, 8, 9, 1, 2, 4, 5, 6, 7, 8, 9], ""eps2"": 6, ""distance_median"": 0.4811622287203427}"
156,rflbat,rflbat_first_distance_filter,"[3, 87, 81, 4, 90, 26, 13, 55, 85, 99, 87, 81, 4, 90, 26, 13, 55, 85, 99]",[],"{""accepted_indices"": [0, 1, 2, 3, 4, 5, 6, 7, 8, 9, 1, 2, 3, 4, 5, 6, 7, 8, 9], ""eps1"": 10, ""distance_median"": 0.5727640415740493}"
156,rflbat,rflbat_cluster_filter,"[3, 87, 81, 4, 90, 26, 13, 55, 85, 99, 87, 81, 4, 90, 26, 13, 55, 85, 99]",[],"{""accepted_indices"": [0, 1, 2, 3, 4, 5, 6, 7, 8, 9, 1, 2, 3, 4, 5, 6, 7, 8, 9], ""num_clusters"": 1, ""cluster_scores"": [0.1069761653794132]}"
156,rflbat,rflbat_final_distance_filter,"[3, 87, 81, 4, 90, 26, 13, 55, 85, 99]",[],"{""accepted_indices"": [0, 1, 2, 3, 4, 5, 6, 7, 8, 9, 1, 2, 3, 4, 5, 6, 7, 8, 9], ""eps2"": 6, ""distance_median"": 1.1428067727992979}"
157,rflbat,rflbat_first_distance_filter,"[1, 50, 90, 67, 36, 77, 57, 30, 85, 63, 50, 90, 67, 36, 77, 57, 30, 85, 63]",[],"{""accepted_indices"": [0, 1, 2, 3, 4, 5, 6, 7, 8, 9, 1, 2, 3, 4, 5, 6, 7, 8, 9], ""eps1"": 10, ""distance_median"": 0.37254368129975046}"
157,rflbat,rflbat_cluster_filter,"[1, 50, 90, 67, 36, 77, 57, 30, 85, 63, 50, 90, 67, 36, 77, 57, 30, 85, 63]",[],"{""accepted_indices"": [0, 1, 2, 3, 4, 5, 6, 7, 8, 9, 1, 2, 3, 4, 5, 6, 7, 8, 9], ""num_clusters"": 1, ""cluster_scores"": [0.10675886083135618]}"
157,rflbat,rflbat_final_distance_filter,"[1, 50, 90, 67, 36, 77, 57, 30, 85, 63]",[],"{""accepted_indices"": [0, 1, 2, 3, 4, 5, 6, 7, 8, 9, 1, 2, 3, 4, 5, 6, 7, 8, 9], ""eps2"": 6, ""distance_median"": 0.5740258756919766}"
158,rflbat,rflbat_first_distance_filter,"[0, 22, 65, 16, 29, 52, 80, 27, 58, 28, 22, 65, 16, 29, 52, 80, 27, 58, 28]",[],"{""accepted_indices"": [0, 1, 2, 3, 4, 5, 6, 7, 8, 9, 1, 2, 3, 4, 5, 6, 7, 8, 9], ""eps1"": 10, ""distance_median"": 0.45755622313451316}"
158,rflbat,rflbat_cluster_filter,"[0, 22, 65, 16, 29, 52, 80, 58, 28, 22, 65, 16, 29, 52, 80, 58, 28]",[27],"{""accepted_indices"": [0, 1, 2, 3, 4, 5, 6, 8, 9, 1, 2, 3, 4, 5, 6, 8, 9], ""num_clusters"": 2, ""cluster_scores"": [1.0000000000011742, 0.12849410557101393]}"
158,rflbat,rflbat_final_distance_filter,"[0, 22, 65, 16, 29, 52, 80, 58, 28]",[27],"{""accepted_indices"": [0, 1, 2, 3, 4, 5, 6, 8, 9, 1, 2, 3, 4, 5, 6, 8, 9], ""eps2"": 6, ""distance_median"": 0.612654837767323}"
159,rflbat,rflbat_first_distance_filter,"[3, 85, 43, 24, 86, 77, 76, 37, 10, 73, 85, 43, 24, 86, 77, 76, 37, 10, 73]",[],"{""accepted_indices"": [0, 1, 2, 3, 4, 5, 6, 7, 8, 9, 1, 2, 3, 4, 5, 6, 7, 8, 9], ""eps1"": 10, ""distance_median"": 0.4336601711628234}"
159,rflbat,rflbat_cluster_filter,"[3, 85, 43, 24, 86, 77, 76, 37, 10, 73, 85, 43, 24, 86, 77, 76, 37, 10, 73]",[],"{""accepted_indices"": [0, 1, 2, 3, 4, 5, 6, 7, 8, 9, 1, 2, 3, 4, 5, 6, 7, 8, 9], ""num_clusters"": 1, ""cluster_scores"": [0.10452829847040283]}"
159,rflbat,rflbat_final_distance_filter,"[3, 85, 43, 24, 86, 77, 76, 37, 10, 73]",[],"{""accepted_indices"": [0, 1, 2, 3, 4, 5, 6, 7, 8, 9, 1, 2, 3, 4, 5, 6, 7, 8, 9], ""eps2"": 6, ""distance_median"": 0.8658944115971693}"
160,rflbat,rflbat_first_distance_filter,"[2, 34, 60, 95, 90, 9, 64, 61, 35, 32, 34, 60, 95, 90, 9, 64, 61, 35, 32]",[],"{""accepted_indices"": [0, 1, 2, 3, 4, 5, 6, 7, 8, 9, 1, 2, 3, 4, 5, 6, 7, 8, 9], ""eps1"": 10, ""distance_median"": 0.5311486230896252}"
160,rflbat,rflbat_cluster_filter,"[2, 95, 90, 64, 32, 95, 90, 64, 32]","[34, 60, 9, 61, 35]","{""accepted_indices"": [0, 3, 4, 6, 9, 3, 4, 6, 9], ""num_clusters"": 3, ""cluster_scores"": [1.0000000000015454, 0.22787828648811115, 0.26702472366535174]}"
160,rflbat,rflbat_final_distance_filter,"[2, 95, 90, 64, 32]","[34, 60, 9, 61, 35]","{""accepted_indices"": [0, 3, 4, 6, 9, 3, 4, 6, 9], ""eps2"": 6, ""distance_median"": 0.1930271685312788}"
161,rflbat,rflbat_first_distance_filter,"[0, 54, 30, 86, 84, 59, 89, 10, 6, 35, 54, 30, 86, 84, 59, 89, 10, 6, 35]",[],"{""accepted_indices"": [0, 1, 2, 3, 4, 5, 6, 7, 8, 9, 1, 2, 3, 4, 5, 6, 7, 8, 9], ""eps1"": 10, ""distance_median"": 0.4080045140187882}"
161,rflbat,rflbat_cluster_filter,"[0, 54, 30, 86, 84, 89, 10, 6, 35, 54, 30, 86, 84, 89, 10, 6, 35]",[59],"{""accepted_indices"": [0, 1, 2, 3, 4, 6, 7, 8, 9, 1, 2, 3, 4, 6, 7, 8, 9], ""num_clusters"": 2, ""cluster_scores"": [1.0000000000014848, 0.10696649561841572]}"
161,rflbat,rflbat_final_distance_filter,"[0, 54, 30, 86, 84, 89, 10, 6, 35]",[59],"{""accepted_indices"": [0, 1, 2, 3, 4, 6, 7, 8, 9, 1, 2, 3, 4, 6, 7, 8, 9], ""eps2"": 6, ""distance_median"": 0.6608164276221364}"
162,rflbat,rflbat_first_distance_filter,"[3, 83, 41, 29, 78, 18, 34, 42, 22, 20, 83, 41, 29, 78, 18, 34, 42, 22, 20]",[],"{""accepted_indices"": [0, 1, 2, 3, 4, 5, 6, 7, 8, 9, 1, 2, 3, 4, 5, 6, 7, 8, 9], ""eps1"": 10, ""distance_median"": 0.35371843223983523}"
162,rflbat,rflbat_cluster_filter,"[3, 83, 41, 29, 78, 18, 34, 42, 22, 20, 83, 41, 29, 78, 18, 34, 42, 22, 20]",[],"{""accepted_indices"": [0, 1, 2, 3, 4, 5, 6, 7, 8, 9, 1, 2, 3, 4, 5, 6, 7, 8, 9], ""num_clusters"": 1, ""cluster_scores"": [0.1178262946023893]}"
162,rflbat,rflbat_final_distance_filter,"[3, 83, 41, 29, 78, 18, 34, 42, 22, 20]",[],"{""accepted_indices"": [0, 1, 2, 3, 4, 5, 6, 7, 8, 9, 1, 2, 3, 4, 5, 6, 7, 8, 9], ""eps2"": 6, ""distance_median"": 0.7061912673943633}"
163,rflbat,rflbat_first_distance_filter,"[1, 97, 53, 49, 10, 45, 25, 7, 87, 19, 97, 53, 49, 10, 45, 25, 7, 87, 19]",[],"{""accepted_indices"": [0, 1, 2, 3, 4, 5, 6, 7, 8, 9, 1, 2, 3, 4, 5, 6, 7, 8, 9], ""eps1"": 10, ""distance_median"": 0.36645458248085383}"
163,rflbat,rflbat_cluster_filter,"[1, 97, 53, 49, 10, 45, 25, 7, 87, 19, 97, 53, 49, 10, 45, 25, 7, 87, 19]",[],"{""accepted_indices"": [0, 1, 2, 3, 4, 5, 6, 7, 8, 9, 1, 2, 3, 4, 5, 6, 7, 8, 9], ""num_clusters"": 1, ""cluster_scores"": [0.1099795998311625]}"
163,rflbat,rflbat_final_distance_filter,"[1, 97, 53, 49, 10, 45, 25, 7, 87, 19]",[],"{""accepted_indices"": [0, 1, 2, 3, 4, 5, 6, 7, 8, 9, 1, 2, 3, 4, 5, 6, 7, 8, 9], ""eps2"": 6, ""distance_median"": 0.6022091706216294}"
164,rflbat,rflbat_first_distance_filter,"[0, 50, 98, 73, 6, 67, 38, 46, 35, 95, 50, 98, 73, 6, 67, 38, 46, 35, 95]",[],"{""accepted_indices"": [0, 1, 2, 3, 4, 5, 6, 7, 8, 9, 1, 2, 3, 4, 5, 6, 7, 8, 9], ""eps1"": 10, ""distance_median"": 0.4985677428513524}"
164,rflbat,rflbat_cluster_filter,"[0, 50, 98, 73, 6, 67, 38, 46, 95, 50, 98, 73, 6, 67, 38, 46, 95]",[35],"{""accepted_indices"": [0, 1, 2, 3, 4, 5, 6, 7, 9, 1, 2, 3, 4, 5, 6, 7, 9], ""num_clusters"": 2, ""cluster_scores"": [0.10621654922392137, 1.000000000001731]}"
164,rflbat,rflbat_final_distance_filter,"[0, 50, 98, 73, 6, 67, 38, 46, 95]",[35],"{""accepted_indices"": [0, 1, 2, 3, 4, 5, 6, 7, 9, 1, 2, 3, 4, 5, 6, 7, 9], ""eps2"": 6, ""distance_median"": 0.4838642837218086}"
165,rflbat,rflbat_first_distance_filter,"[1, 85, 48, 19, 38, 80, 73, 33, 74, 71, 85, 48, 19, 38, 80, 73, 33, 74, 71]",[],"{""accepted_indices"": [0, 1, 2, 3, 4, 5, 6, 7, 8, 9, 1, 2, 3, 4, 5, 6, 7, 8, 9], ""eps1"": 10, ""distance_median"": 0.5272142470352869}"
165,rflbat,rflbat_cluster_filter,"[1, 85, 48, 19, 38, 80, 73, 33, 74, 71, 85, 48, 19, 38, 80, 73, 33, 74, 71]",[],"{""accepted_indices"": [0, 1, 2, 3, 4, 5, 6, 7, 8, 9, 1, 2, 3, 4, 5, 6, 7, 8, 9], ""num_clusters"": 1, ""cluster_scores"": [0.10818121786205222]}"
165,rflbat,rflbat_final_distance_filter,"[1, 85, 48, 19, 38, 80, 73, 33, 74, 71]",[],"{""accepted_indices"": [0, 1, 2, 3, 4, 5, 6, 7, 8, 9, 1, 2, 3, 4, 5, 6, 7, 8, 9], ""eps2"": 6, ""distance_median"": 1.0446897390672039}"
166,rflbat,rflbat_first_distance_filter,"[3, 23, 43, 30, 42, 87, 32, 81, 72, 55, 23, 43, 30, 42, 87, 32, 81, 72, 55]",[],"{""accepted_indices"": [0, 1, 2, 3, 4, 5, 6, 7, 8, 9, 1, 2, 3, 4, 5, 6, 7, 8, 9], ""eps1"": 10, ""distance_median"": 0.38127015256358837}"
166,rflbat,rflbat_cluster_filter,"[3, 23, 43, 30, 42, 87, 32, 81, 72, 55, 23, 43, 30, 42, 87, 32, 81, 72, 55]",[],"{""accepted_indices"": [0, 1, 2, 3, 4, 5, 6, 7, 8, 9, 1, 2, 3, 4, 5, 6, 7, 8, 9], ""num_clusters"": 1, ""cluster_scores"": [0.1338715434272678]}"
166,rflbat,rflbat_final_distance_filter,"[3, 23, 43, 30, 42, 87, 32, 81, 72, 55]",[],"{""accepted_indices"": [0, 1, 2, 3, 4, 5, 6, 7, 8, 9, 1, 2, 3, 4, 5, 6, 7, 8, 9], ""eps2"": 6, ""distance_median"": 0.7603948813611029}"
167,rflbat,rflbat_first_distance_filter,"[1, 37, 23, 41, 53, 83, 89, 70, 76, 74, 37, 23, 41, 53, 83, 89, 70, 76, 74]",[],"{""accepted_indices"": [0, 1, 2, 3, 4, 5, 6, 7, 8, 9, 1, 2, 3, 4, 5, 6, 7, 8, 9], ""eps1"": 10, ""distance_median"": 0.4064430511923868}"
167,rflbat,rflbat_cluster_filter,"[37, 23, 41, 53, 83, 89, 70, 74, 37, 23, 41, 53, 83, 89, 70, 74]","[1, 76]","{""accepted_indices"": [1, 2, 3, 4, 5, 6, 7, 9, 1, 2, 3, 4, 5, 6, 7, 9], ""num_clusters"": 3, ""cluster_scores"": [0.12425759954566198, 1.0000000000021212, 1]}"
167,rflbat,rflbat_final_distance_filter,"[37, 23, 41, 53, 83, 89, 70, 74]","[1, 76]","{""accepted_indices"": [1, 2, 3, 4, 5, 6, 7, 9, 1, 2, 3, 4, 5, 6, 7, 9], ""eps2"": 6, ""distance_median"": 0.16079793535160736}"
168,rflbat,rflbat_first_distance_filter,"[0, 31, 34, 19, 70, 17, 42, 45, 85, 99, 31, 34, 19, 70, 17, 42, 45, 85, 99]",[],"{""accepted_indices"": [0, 1, 2, 3, 4, 5, 6, 7, 8, 9, 1, 2, 3, 4, 5, 6, 7, 8, 9], ""eps1"": 10, ""distance_median"": 0.3625293626680888}"
168,rflbat,rflbat_cluster_filter,"[0, 31, 34, 19, 70, 17, 42, 45, 85, 99, 31, 34, 19, 70, 17, 42, 45, 85, 99]",[],"{""accepted_indices"": [0, 1, 2, 3, 4, 5, 6, 7, 8, 9, 1, 2, 3, 4, 5, 6, 7, 8, 9], ""num_clusters"": 1, ""cluster_scores"": [0.11074015565877804]}"
168,rflbat,rflbat_final_distance_filter,"[0, 31, 34, 19, 70, 17, 42, 45, 85, 99]",[],"{""accepted_indices"": [0, 1, 2, 3, 4, 5, 6, 7, 8, 9, 1, 2, 3, 4, 5, 6, 7, 8, 9], ""eps2"": 6, ""distance_median"": 0.7002253762808939}"
169,rflbat,rflbat_first_distance_filter,"[0, 38, 23, 29, 95, 24, 46, 26, 59, 76, 38, 23, 29, 95, 24, 46, 26, 59, 76]",[],"{""accepted_indices"": [0, 1, 2, 3, 4, 5, 6, 7, 8, 9, 1, 2, 3, 4, 5, 6, 7, 8, 9], ""eps1"": 10, ""distance_median"": 0.5251823456978431}"
169,rflbat,rflbat_cluster_filter,"[0, 38, 23, 29, 95, 24, 46, 26, 59, 76, 38, 23, 29, 95, 24, 46, 26, 59, 76]",[],"{""accepted_indices"": [0, 1, 2, 3, 4, 5, 6, 7, 8, 9, 1, 2, 3, 4, 5, 6, 7, 8, 9], ""num_clusters"": 1, ""cluster_scores"": [0.11518203020076508]}"
169,rflbat,rflbat_final_distance_filter,"[0, 38, 23, 29, 95, 24, 46, 26, 59, 76]",[],"{""accepted_indices"": [0, 1, 2, 3, 4, 5, 6, 7, 8, 9, 1, 2, 3, 4, 5, 6, 7, 8, 9], ""eps2"": 6, ""distance_median"": 1.0714288438322555}"
170,rflbat,rflbat_first_distance_filter,"[3, 94, 7, 90, 18, 4, 36, 95, 61, 86, 94, 7, 90, 18, 4, 36, 95, 61, 86]",[],"{""accepted_indices"": [0, 1, 2, 3, 4, 5, 6, 7, 8, 9, 1, 2, 3, 4, 5, 6, 7, 8, 9], ""eps1"": 10, ""distance_median"": 0.30299047521087075}"
170,rflbat,rflbat_cluster_filter,"[3, 94, 7, 90, 18, 4, 95, 61, 86, 94, 7, 90, 18, 4, 95, 61, 86]",[36],"{""accepted_indices"": [0, 1, 2, 3, 4, 5, 7, 8, 9, 1, 2, 3, 4, 5, 7, 8, 9], ""num_clusters"": 2, ""cluster_scores"": [0.10738857848143146, 1.0000000000011884]}"
170,rflbat,rflbat_final_distance_filter,"[3, 94, 7, 90, 18, 4, 95, 61, 86]",[36],"{""accepted_indices"": [0, 1, 2, 3, 4, 5, 7, 8, 9, 1, 2, 3, 4, 5, 7, 8, 9], ""eps2"": 6, ""distance_median"": 0.3450625723090241}"
171,rflbat,rflbat_first_distance_filter,"[4, 23, 65, 77, 68, 49, 8, 57, 73, 38, 23, 65, 77, 68, 49, 8, 57, 73, 38]",[],"{""accepted_indices"": [0, 1, 2, 3, 4, 5, 6, 7, 8, 9, 1, 2, 3, 4, 5, 6, 7, 8, 9], ""eps1"": 10, ""distance_median"": 0.33775215921429913}"
171,rflbat,rflbat_cluster_filter,"[4, 23, 65, 77, 68, 49, 57, 73, 38, 23, 65, 77, 68, 49, 57, 73, 38]",[8],"{""accepted_indices"": [0, 1, 2, 3, 4, 5, 7, 8, 9, 1, 2, 3, 4, 5, 7, 8, 9], ""num_clusters"": 2, ""cluster_scores"": [0.11765913972342093, 1.0000000000010307]}"
171,rflbat,rflbat_final_distance_filter,"[4, 23, 65, 77, 68, 49, 57, 73, 38]",[8],"{""accepted_indices"": [0, 1, 2, 3, 4, 5, 7, 8, 9, 1, 2, 3, 4, 5, 7, 8, 9], ""eps2"": 6, ""distance_median"": 0.4068807489037976}"
172,rflbat,rflbat_first_distance_filter,"[0, 72, 91, 17, 68, 15, 27, 79, 54, 98, 72, 91, 17, 68, 15, 27, 79, 54, 98]",[],"{""accepted_indices"": [0, 1, 2, 3, 4, 5, 6, 7, 8, 9, 1, 2, 3, 4, 5, 6, 7, 8, 9], ""eps1"": 10, ""distance_median"": 0.48328882627492775}"
172,rflbat,rflbat_cluster_filter,"[0, 72, 91, 17, 68, 15, 27, 79, 54, 98, 72, 91, 17, 68, 15, 27, 79, 54, 98]",[],"{""accepted_indices"": [0, 1, 2, 3, 4, 5, 6, 7, 8, 9, 1, 2, 3, 4, 5, 6, 7, 8, 9], ""num_clusters"": 1, ""cluster_scores"": [0.11130133660418848]}"
172,rflbat,rflbat_final_distance_filter,"[0, 72, 91, 17, 68, 15, 27, 79, 54, 98]",[],"{""accepted_indices"": [0, 1, 2, 3, 4, 5, 6, 7, 8, 9, 1, 2, 3, 4, 5, 6, 7, 8, 9], ""eps2"": 6, ""distance_median"": 0.9669502495094643}"
173,rflbat,rflbat_first_distance_filter,"[2, 90, 79, 48, 43, 13, 12, 93, 8, 66, 90, 79, 48, 43, 13, 12, 93, 8, 66]",[],"{""accepted_indices"": [0, 1, 2, 3, 4, 5, 6, 7, 8, 9, 1, 2, 3, 4, 5, 6, 7, 8, 9], ""eps1"": 10, ""distance_median"": 0.4179521088371265}"
173,rflbat,rflbat_cluster_filter,"[2, 90, 79, 48, 43, 13, 12, 93, 8, 66, 90, 79, 48, 43, 13, 12, 93, 8, 66]",[],"{""accepted_indices"": [0, 1, 2, 3, 4, 5, 6, 7, 8, 9, 1, 2, 3, 4, 5, 6, 7, 8, 9], ""num_clusters"": 1, ""cluster_scores"": [0.12241235164265545]}"
173,rflbat,rflbat_final_distance_filter,"[2, 90, 79, 48, 43, 13, 12, 93, 8, 66]",[],"{""accepted_indices"": [0, 1, 2, 3, 4, 5, 6, 7, 8, 9, 1, 2, 3, 4, 5, 6, 7, 8, 9], ""eps2"": 6, ""distance_median"": 0.8204617377464175}"
174,rflbat,rflbat_first_distance_filter,"[1, 42, 76, 13, 72, 93, 99, 57, 59, 24, 42, 76, 13, 72, 93, 99, 57, 59, 24]",[],"{""accepted_indices"": [0, 1, 2, 3, 4, 5, 6, 7, 8, 9, 1, 2, 3, 4, 5, 6, 7, 8, 9], ""eps1"": 10, ""distance_median"": 0.4716268561585968}"
174,rflbat,rflbat_cluster_filter,"[42, 13, 72, 93, 99, 57, 59, 24, 42, 13, 72, 93, 99, 57, 59, 24]","[1, 76]","{""accepted_indices"": [1, 3, 4, 5, 6, 7, 8, 9, 1, 3, 4, 5, 6, 7, 8, 9], ""num_clusters"": 3, ""cluster_scores"": [0.11938090622768208, 1, 1.0000000000011289]}"
174,rflbat,rflbat_final_distance_filter,"[42, 13, 72, 93, 99, 57, 59, 24]","[1, 76]","{""accepted_indices"": [1, 3, 4, 5, 6, 7, 8, 9, 1, 3, 4, 5, 6, 7, 8, 9], ""eps2"": 6, ""distance_median"": 0.3429167900074596}"
175,rflbat,rflbat_first_distance_filter,"[1, 17, 14, 68, 50, 39, 79, 88, 93, 40, 17, 14, 68, 50, 39, 79, 88, 93, 40]",[],"{""accepted_indices"": [0, 1, 2, 3, 4, 5, 6, 7, 8, 9, 1, 2, 3, 4, 5, 6, 7, 8, 9], ""eps1"": 10, ""distance_median"": 0.4781294613746536}"
175,rflbat,rflbat_cluster_filter,"[1, 17, 14, 68, 50, 39, 79, 88, 93, 40, 17, 14, 68, 50, 39, 79, 88, 93, 40]",[],"{""accepted_indices"": [0, 1, 2, 3, 4, 5, 6, 7, 8, 9, 1, 2, 3, 4, 5, 6, 7, 8, 9], ""num_clusters"": 1, ""cluster_scores"": [0.09744522426461827]}"
175,rflbat,rflbat_final_distance_filter,"[1, 17, 14, 68, 50, 39, 79, 88, 93, 40]",[],"{""accepted_indices"": [0, 1, 2, 3, 4, 5, 6, 7, 8, 9, 1, 2, 3, 4, 5, 6, 7, 8, 9], ""eps2"": 6, ""distance_median"": 0.9435961224124005}"
176,rflbat,rflbat_first_distance_filter,"[4, 69, 18, 94, 26, 19, 2, 9, 83, 52, 69, 18, 94, 26, 19, 2, 9, 83, 52]",[],"{""accepted_indices"": [0, 1, 2, 3, 4, 5, 6, 7, 8, 9, 1, 2, 3, 4, 5, 6, 7, 8, 9], ""eps1"": 10, ""distance_median"": 0.38895030682743426}"
176,rflbat,rflbat_cluster_filter,"[4, 69, 18, 94, 26, 19, 2, 9, 83, 52, 69, 18, 94, 26, 19, 2, 9, 83, 52]",[],"{""accepted_indices"": [0, 1, 2, 3, 4, 5, 6, 7, 8, 9, 1, 2, 3, 4, 5, 6, 7, 8, 9], ""num_clusters"": 1, ""cluster_scores"": [0.10655408361178424]}"
176,rflbat,rflbat_final_distance_filter,"[4, 69, 18, 94, 26, 19, 2, 9, 83, 52]",[],"{""accepted_indices"": [0, 1, 2, 3, 4, 5, 6, 7, 8, 9, 1, 2, 3, 4, 5, 6, 7, 8, 9], ""eps2"": 6, ""distance_median"": 0.7970028229653814}"
177,rflbat,rflbat_first_distance_filter,"[1, 3, 78, 62, 10, 54, 41, 84, 81, 4, 3, 78, 62, 10, 54, 41, 84, 81, 4]",[],"{""accepted_indices"": [0, 1, 2, 3, 4, 5, 6, 7, 8, 9, 1, 2, 3, 4, 5, 6, 7, 8, 9], ""eps1"": 10, ""distance_median"": 0.38079780273331104}"
177,rflbat,rflbat_cluster_filter,"[1, 3, 78, 62, 10, 54, 41, 84, 81, 4, 3, 78, 62, 10, 54, 41, 84, 81, 4]",[],"{""accepted_indices"": [0, 1, 2, 3, 4, 5, 6, 7, 8, 9, 1, 2, 3, 4, 5, 6, 7, 8, 9], ""num_clusters"": 1, ""cluster_scores"": [0.10657030010151179]}"
177,rflbat,rflbat_final_distance_filter,"[1, 3, 78, 62, 10, 54, 41, 84, 81, 4]",[],"{""accepted_indices"": [0, 1, 2, 3, 4, 5, 6, 7, 8, 9, 1, 2, 3, 4, 5, 6, 7, 8, 9], ""eps2"": 6, ""distance_median"": 0.756232060333734}"
178,rflbat,rflbat_first_distance_filter,"[4, 60, 20, 77, 81, 91, 45, 13, 64, 76, 60, 20, 77, 81, 91, 45, 13, 64, 76]",[],"{""accepted_indices"": [0, 1, 2, 3, 4, 5, 6, 7, 8, 9, 1, 2, 3, 4, 5, 6, 7, 8, 9], ""eps1"": 10, ""distance_median"": 0.37902819318763736}"
178,rflbat,rflbat_cluster_filter,"[4, 60, 77, 81, 91, 45, 13, 64, 60, 77, 81, 91, 45, 13, 64]","[20, 76]","{""accepted_indices"": [0, 1, 3, 4, 5, 6, 7, 8, 1, 3, 4, 5, 6, 7, 8], ""num_clusters"": 3, ""cluster_scores"": [0.13616078147404084, 1.0000000000019602, 1.0000000000013167]}"
178,rflbat,rflbat_final_distance_filter,"[4, 60, 77, 81, 91, 45, 13, 64]","[20, 76]","{""accepted_indices"": [0, 1, 3, 4, 5, 6, 7, 8, 1, 3, 4, 5, 6, 7, 8], ""eps2"": 6, ""distance_median"": 0.2605808345106717}"
179,rflbat,rflbat_first_distance_filter,"[3, 15, 42, 63, 88, 91, 62, 1, 38, 57, 15, 42, 63, 88, 91, 62, 1, 38, 57]",[],"{""accepted_indices"": [0, 1, 2, 3, 4, 5, 6, 7, 8, 9, 1, 2, 3, 4, 5, 6, 7, 8, 9], ""eps1"": 10, ""distance_median"": 0.3559238511843923}"
179,rflbat,rflbat_cluster_filter,"[3, 15, 42, 63, 91, 62, 1, 38, 57, 15, 42, 63, 91, 62, 1, 38, 57]",[88],"{""accepted_indices"": [0, 1, 2, 3, 5, 6, 7, 8, 9, 1, 2, 3, 5, 6, 7, 8, 9], ""num_clusters"": 2, ""cluster_scores"": [0.111127865021662, 1.0000000000010245]}"
179,rflbat,rflbat_final_distance_filter,"[3, 15, 42, 63, 91, 62, 1, 38, 57]",[88],"{""accepted_indices"": [0, 1, 2, 3, 5, 6, 7, 8, 9, 1, 2, 3, 5, 6, 7, 8, 9], ""eps2"": 6, ""distance_median"": 0.43847657015835156}"
180,rflbat,rflbat_first_distance_filter,"[2, 64, 83, 15, 32, 86, 71, 41, 21, 90, 64, 83, 15, 32, 86, 71, 41, 21, 90]",[],"{""accepted_indices"": [0, 1, 2, 3, 4, 5, 6, 7, 8, 9, 1, 2, 3, 4, 5, 6, 7, 8, 9], ""eps1"": 10, ""distance_median"": 0.45310831804805396}"
180,rflbat,rflbat_cluster_filter,"[2, 64, 83, 15, 32, 86, 41, 21, 90, 64, 83, 15, 32, 86, 41, 21, 90]",[71],"{""accepted_indices"": [0, 1, 2, 3, 4, 5, 7, 8, 9, 1, 2, 3, 4, 5, 7, 8, 9], ""num_clusters"": 2, ""cluster_scores"": [0.10757150814392046, 1.0000000000015137]}"
180,rflbat,rflbat_final_distance_filter,"[2, 64, 83, 15, 32, 86, 41, 21, 90]",[71],"{""accepted_indices"": [0, 1, 2, 3, 4, 5, 7, 8, 9, 1, 2, 3, 4, 5, 7, 8, 9], ""eps2"": 6, ""distance_median"": 0.4200880887085224}"
181,rflbat,rflbat_first_distance_filter,"[0, 58, 60, 57, 64, 22, 9, 82, 77, 73, 58, 60, 57, 64, 22, 9, 82, 77, 73]",[],"{""accepted_indices"": [0, 1, 2, 3, 4, 5, 6, 7, 8, 9, 1, 2, 3, 4, 5, 6, 7, 8, 9], ""eps1"": 10, ""distance_median"": 0.30500187924130906}"
181,rflbat,rflbat_cluster_filter,"[0, 58, 60, 57, 64, 22, 9, 82, 77, 58, 60, 57, 64, 22, 9, 82, 77]",[73],"{""accepted_indices"": [0, 1, 2, 3, 4, 5, 6, 7, 8, 1, 2, 3, 4, 5, 6, 7, 8], ""num_clusters"": 2, ""cluster_scores"": [0.11177753240311342, 1.0000000000014526]}"
181,rflbat,rflbat_final_distance_filter,"[0, 58, 60, 57, 64, 22, 9, 82, 77]",[73],"{""accepted_indices"": [0, 1, 2, 3, 4, 5, 6, 7, 8, 1, 2, 3, 4, 5, 6, 7, 8], ""eps2"": 6, ""distance_median"": 0.4179181549350388}"
182,rflbat,rflbat_first_distance_filter,"[1, 61, 33, 16, 98, 38, 10, 76, 89, 91, 61, 33, 16, 98, 38, 10, 76, 89, 91]",[],"{""accepted_indices"": [0, 1, 2, 3, 4, 5, 6, 7, 8, 9, 1, 2, 3, 4, 5, 6, 7, 8, 9], ""eps1"": 10, ""distance_median"": 0.44318895972813854}"
182,rflbat,rflbat_cluster_filter,"[1, 61, 33, 16, 98, 38, 10, 76, 89, 91, 61, 33, 16, 98, 38, 10, 76, 89, 91]",[],"{""accepted_indices"": [0, 1, 2, 3, 4, 5, 6, 7, 8, 9, 1, 2, 3, 4, 5, 6, 7, 8, 9], ""num_clusters"": 1, ""cluster_scores"": [0.1120853369153469]}"
182,rflbat,rflbat_final_distance_filter,"[1, 61, 33, 16, 98, 38, 10, 76, 89, 91]",[],"{""accepted_indices"": [0, 1, 2, 3, 4, 5, 6, 7, 8, 9, 1, 2, 3, 4, 5, 6, 7, 8, 9], ""eps2"": 6, ""distance_median"": 0.8826192520612702}"
183,rflbat,rflbat_first_distance_filter,"[1, 24, 84, 94, 69, 91, 55, 92, 80, 68, 24, 84, 94, 69, 91, 55, 92, 80, 68]",[],"{""accepted_indices"": [0, 1, 2, 3, 4, 5, 6, 7, 8, 9, 1, 2, 3, 4, 5, 6, 7, 8, 9], ""eps1"": 10, ""distance_median"": 0.4401720156775125}"
183,rflbat,rflbat_cluster_filter,"[1, 24, 84, 94, 69, 91, 55, 92, 80, 68, 24, 84, 94, 69, 91, 55, 92, 80, 68]",[],"{""accepted_indices"": [0, 1, 2, 3, 4, 5, 6, 7, 8, 9, 1, 2, 3, 4, 5, 6, 7, 8, 9], ""num_clusters"": 1, ""cluster_scores"": [0.10799955784880544]}"
183,rflbat,rflbat_final_distance_filter,"[1, 24, 84, 94, 69, 91, 55, 92, 80, 68]",[],"{""accepted_indices"": [0, 1, 2, 3, 4, 5, 6, 7, 8, 9, 1, 2, 3, 4, 5, 6, 7, 8, 9], ""eps2"": 6, ""distance_median"": 0.8026924741169714}"
184,rflbat,rflbat_first_distance_filter,"[0, 8, 83, 98, 59, 95, 69, 35, 38, 82, 8, 83, 98, 59, 95, 69, 35, 38, 82]",[],"{""accepted_indices"": [0, 1, 2, 3, 4, 5, 6, 7, 8, 9, 1, 2, 3, 4, 5, 6, 7, 8, 9], ""eps1"": 10, ""distance_median"": 0.4337540987048192}"
184,rflbat,rflbat_cluster_filter,"[0, 83, 98, 69, 38, 83, 98, 69, 38]","[8, 59, 95, 35, 82]","{""accepted_indices"": [0, 2, 3, 6, 8, 2, 3, 6, 8], ""num_clusters"": 4, ""cluster_scores"": [0.37586384431609976, 1.0000000000017362, 1.0000000000011338, 0.2079126265089208]}"
184,rflbat,rflbat_final_distance_filter,"[0, 83, 98, 69, 38]","[8, 59, 95, 35, 82]","{""accepted_indices"": [0, 2, 3, 6, 8, 2, 3, 6, 8], ""eps2"": 6, ""distance_median"": 0.04481387047129408}"
185,rflbat,rflbat_first_distance_filter,"[4, 11, 50, 13, 19, 52, 39, 82, 26, 8, 11, 50, 13, 19, 52, 39, 82, 26, 8]",[],"{""accepted_indices"": [0, 1, 2, 3, 4, 5, 6, 7, 8, 9, 1, 2, 3, 4, 5, 6, 7, 8, 9], ""eps1"": 10, ""distance_median"": 0.4696603743444854}"
185,rflbat,rflbat_cluster_filter,"[4, 11, 50, 13, 19, 52, 39, 82, 26, 8, 11, 50, 13, 19, 52, 39, 82, 26, 8]",[],"{""accepted_indices"": [0, 1, 2, 3, 4, 5, 6, 7, 8, 9, 1, 2, 3, 4, 5, 6, 7, 8, 9], ""num_clusters"": 1, ""cluster_scores"": [0.11138030754525309]}"
185,rflbat,rflbat_final_distance_filter,"[4, 11, 50, 13, 19, 52, 39, 82, 26, 8]",[],"{""accepted_indices"": [0, 1, 2, 3, 4, 5, 6, 7, 8, 9, 1, 2, 3, 4, 5, 6, 7, 8, 9], ""eps2"": 6, ""distance_median"": 0.9352221659912231}"
186,rflbat,rflbat_first_distance_filter,"[3, 65, 5, 49, 19, 33, 93, 22, 58, 12, 65, 5, 49, 19, 33, 93, 22, 58, 12]",[],"{""accepted_indices"": [0, 1, 2, 3, 4, 5, 6, 7, 8, 9, 1, 2, 3, 4, 5, 6, 7, 8, 9], ""eps1"": 10, ""distance_median"": 0.42273823325403365}"
186,rflbat,rflbat_cluster_filter,"[3, 65, 5, 49, 19, 33, 93, 22, 58, 12, 65, 5, 49, 19, 33, 93, 22, 58, 12]",[],"{""accepted_indices"": [0, 1, 2, 3, 4, 5, 6, 7, 8, 9, 1, 2, 3, 4, 5, 6, 7, 8, 9], ""num_clusters"": 1, ""cluster_scores"": [0.10884978614340164]}"
186,rflbat,rflbat_final_distance_filter,"[3, 65, 5, 49, 19, 33, 93, 22, 58, 12]",[],"{""accepted_indices"": [0, 1, 2, 3, 4, 5, 6, 7, 8, 9, 1, 2, 3, 4, 5, 6, 7, 8, 9], ""eps2"": 6, ""distance_median"": 0.8338402416428005}"
187,rflbat,rflbat_first_distance_filter,"[2, 37, 43, 91, 95, 98, 24, 58, 38, 59, 37, 43, 91, 95, 98, 24, 58, 38, 59]",[],"{""accepted_indices"": [0, 1, 2, 3, 4, 5, 6, 7, 8, 9, 1, 2, 3, 4, 5, 6, 7, 8, 9], ""eps1"": 10, ""distance_median"": 0.45781085980216096}"
187,rflbat,rflbat_cluster_filter,"[2, 37, 43, 91, 95, 98, 24, 58, 38, 59, 37, 43, 91, 95, 98, 24, 58, 38, 59]",[],"{""accepted_indices"": [0, 1, 2, 3, 4, 5, 6, 7, 8, 9, 1, 2, 3, 4, 5, 6, 7, 8, 9], ""num_clusters"": 1, ""cluster_scores"": [0.09734491763390697]}"
187,rflbat,rflbat_final_distance_filter,"[2, 37, 43, 91, 95, 98, 24, 58, 38, 59]",[],"{""accepted_indices"": [0, 1, 2, 3, 4, 5, 6, 7, 8, 9, 1, 2, 3, 4, 5, 6, 7, 8, 9], ""eps2"": 6, ""distance_median"": 0.8562241192649879}"
188,rflbat,rflbat_first_distance_filter,"[0, 14, 8, 29, 12, 17, 88, 57, 72, 41, 14, 8, 29, 12, 17, 88, 57, 72, 41]",[],"{""accepted_indices"": [0, 1, 2, 3, 4, 5, 6, 7, 8, 9, 1, 2, 3, 4, 5, 6, 7, 8, 9], ""eps1"": 10, ""distance_median"": 0.3735798295028212}"
188,rflbat,rflbat_cluster_filter,"[0, 14, 8, 29, 12, 17, 88, 57, 72, 41, 14, 8, 29, 12, 17, 88, 57, 72, 41]",[],"{""accepted_indices"": [0, 1, 2, 3, 4, 5, 6, 7, 8, 9, 1, 2, 3, 4, 5, 6, 7, 8, 9], ""num_clusters"": 1, ""cluster_scores"": [0.1058413582285884]}"
188,rflbat,rflbat_final_distance_filter,"[0, 14, 8, 29, 12, 17, 88, 57, 72, 41]",[],"{""accepted_indices"": [0, 1, 2, 3, 4, 5, 6, 7, 8, 9, 1, 2, 3, 4, 5, 6, 7, 8, 9], ""eps2"": 6, ""distance_median"": 0.7671888942118528}"
189,rflbat,rflbat_first_distance_filter,"[4, 17, 41, 36, 31, 49, 98, 96, 15, 55, 17, 41, 36, 31, 49, 98, 96, 15, 55]",[],"{""accepted_indices"": [0, 1, 2, 3, 4, 5, 6, 7, 8, 9, 1, 2, 3, 4, 5, 6, 7, 8, 9], ""eps1"": 10, ""distance_median"": 0.3607601644922071}"
189,rflbat,rflbat_cluster_filter,"[4, 17, 41, 36, 31, 49, 98, 96, 15, 55, 17, 41, 36, 31, 49, 98, 96, 15, 55]",[],"{""accepted_indices"": [0, 1, 2, 3, 4, 5, 6, 7, 8, 9, 1, 2, 3, 4, 5, 6, 7, 8, 9], ""num_clusters"": 1, ""cluster_scores"": [0.10422430402787658]}"
189,rflbat,rflbat_final_distance_filter,"[4, 17, 41, 36, 31, 49, 98, 96, 15, 55]",[],"{""accepted_indices"": [0, 1, 2, 3, 4, 5, 6, 7, 8, 9, 1, 2, 3, 4, 5, 6, 7, 8, 9], ""eps2"": 6, ""distance_median"": 0.712398898688083}"
190,rflbat,rflbat_first_distance_filter,"[2, 91, 24, 95, 31, 23, 9, 40, 86, 84, 91, 24, 95, 31, 23, 9, 40, 86, 84]",[],"{""accepted_indices"": [0, 1, 2, 3, 4, 5, 6, 7, 8, 9, 1, 2, 3, 4, 5, 6, 7, 8, 9], ""eps1"": 10, ""distance_median"": 0.3928890665203476}"
190,rflbat,rflbat_cluster_filter,"[2, 91, 24, 95, 31, 23, 9, 40, 86, 84, 91, 24, 95, 31, 23, 9, 40, 86, 84]",[],"{""accepted_indices"": [0, 1, 2, 3, 4, 5, 6, 7, 8, 9, 1, 2, 3, 4, 5, 6, 7, 8, 9], ""num_clusters"": 1, ""cluster_scores"": [0.10835723945735698]}"
190,rflbat,rflbat_final_distance_filter,"[2, 91, 24, 95, 31, 23, 9, 40, 86, 84]",[],"{""accepted_indices"": [0, 1, 2, 3, 4, 5, 6, 7, 8, 9, 1, 2, 3, 4, 5, 6, 7, 8, 9], ""eps2"": 6, ""distance_median"": 0.7368699773715646}"
191,rflbat,rflbat_first_distance_filter,"[0, 35, 63, 40, 98, 52, 91, 28, 8, 78, 35, 63, 40, 98, 52, 91, 28, 8, 78]",[],"{""accepted_indices"": [0, 1, 2, 3, 4, 5, 6, 7, 8, 9, 1, 2, 3, 4, 5, 6, 7, 8, 9], ""eps1"": 10, ""distance_median"": 0.46311457957990443}"
191,rflbat,rflbat_cluster_filter,"[0, 35, 63, 40, 98, 52, 91, 28, 8, 78, 35, 63, 40, 98, 52, 91, 28, 8, 78]",[],"{""accepted_indices"": [0, 1, 2, 3, 4, 5, 6, 7, 8, 9, 1, 2, 3, 4, 5, 6, 7, 8, 9], ""num_clusters"": 1, ""cluster_scores"": [0.1270473019200764]}"
191,rflbat,rflbat_final_distance_filter,"[0, 35, 63, 40, 98, 52, 91, 28, 8, 78]",[],"{""accepted_indices"": [0, 1, 2, 3, 4, 5, 6, 7, 8, 9, 1, 2, 3, 4, 5, 6, 7, 8, 9], ""eps2"": 6, ""distance_median"": 0.9336216455961552}"
192,rflbat,rflbat_first_distance_filter,"[3, 54, 91, 85, 42, 18, 4, 62, 58, 43, 54, 91, 85, 42, 18, 4, 62, 58, 43]",[],"{""accepted_indices"": [0, 1, 2, 3, 4, 5, 6, 7, 8, 9, 1, 2, 3, 4, 5, 6, 7, 8, 9], ""eps1"": 10, ""distance_median"": 0.4865840705775877}"
192,rflbat,rflbat_cluster_filter,"[3, 54, 91, 85, 42, 18, 4, 62, 58, 43, 54, 91, 85, 42, 18, 4, 62, 58, 43]",[],"{""accepted_indices"": [0, 1, 2, 3, 4, 5, 6, 7, 8, 9, 1, 2, 3, 4, 5, 6, 7, 8, 9], ""num_clusters"": 1, ""cluster_scores"": [0.08893518289397535]}"
192,rflbat,rflbat_final_distance_filter,"[3, 54, 91, 85, 42, 18, 4, 62, 58, 43]",[],"{""accepted_indices"": [0, 1, 2, 3, 4, 5, 6, 7, 8, 9, 1, 2, 3, 4, 5, 6, 7, 8, 9], ""eps2"": 6, ""distance_median"": 1.0098834250402542}"
193,rflbat,rflbat_first_distance_filter,"[1, 12, 14, 28, 90, 38, 85, 19, 75, 5, 12, 14, 28, 90, 38, 85, 19, 75, 5]",[],"{""accepted_indices"": [0, 1, 2, 3, 4, 5, 6, 7, 8, 9, 1, 2, 3, 4, 5, 6, 7, 8, 9], ""eps1"": 10, ""distance_median"": 0.33328467065756523}"
193,rflbat,rflbat_cluster_filter,"[1, 12, 14, 28, 90, 38, 85, 19, 75, 5, 12, 14, 28, 90, 38, 85, 19, 75, 5]",[],"{""accepted_indices"": [0, 1, 2, 3, 4, 5, 6, 7, 8, 9, 1, 2, 3, 4, 5, 6, 7, 8, 9], ""num_clusters"": 1, ""cluster_scores"": [0.11294988733161701]}"
193,rflbat,rflbat_final_distance_filter,"[1, 12, 14, 28, 90, 38, 85, 19, 75, 5]",[],"{""accepted_indices"": [0, 1, 2, 3, 4, 5, 6, 7, 8, 9, 1, 2, 3, 4, 5, 6, 7, 8, 9], ""eps2"": 6, ""distance_median"": 0.5455309529158385}"
194,rflbat,rflbat_first_distance_filter,"[4, 56, 38, 54, 45, 24, 95, 69, 35, 27, 56, 38, 54, 45, 24, 95, 69, 35, 27]",[],"{""accepted_indices"": [0, 1, 2, 3, 4, 5, 6, 7, 8, 9, 1, 2, 3, 4, 5, 6, 7, 8, 9], ""eps1"": 10, ""distance_median"": 0.42402747287152776}"
194,rflbat,rflbat_cluster_filter,"[4, 56, 38, 54, 45, 24, 95, 69, 27, 56, 38, 54, 45, 24, 95, 69, 27]",[35],"{""accepted_indices"": [0, 1, 2, 3, 4, 5, 6, 7, 9, 1, 2, 3, 4, 5, 6, 7, 9], ""num_clusters"": 2, ""cluster_scores"": [0.11818706313471142, 1.0000000000016755]}"
194,rflbat,rflbat_final_distance_filter,"[4, 56, 38, 54, 45, 24, 95, 69, 27]",[35],"{""accepted_indices"": [0, 1, 2, 3, 4, 5, 6, 7, 9, 1, 2, 3, 4, 5, 6, 7, 9], ""eps2"": 6, ""distance_median"": 0.36410539258050645}"
195,rflbat,rflbat_first_distance_filter,"[4, 92, 48, 13, 17, 26, 84, 8, 97, 38, 92, 48, 13, 17, 26, 84, 8, 97, 38]",[],"{""accepted_indices"": [0, 1, 2, 3, 4, 5, 6, 7, 8, 9, 1, 2, 3, 4, 5, 6, 7, 8, 9], ""eps1"": 10, ""distance_median"": 0.4487525304486557}"
195,rflbat,rflbat_cluster_filter,"[4, 92, 48, 13, 17, 84, 8, 97, 38, 92, 48, 13, 17, 84, 8, 97, 38]",[26],"{""accepted_indices"": [0, 1, 2, 3, 4, 6, 7, 8, 9, 1, 2, 3, 4, 6, 7, 8, 9], ""num_clusters"": 2, ""cluster_scores"": [0.12096865845357249, 1.0000000000020852]}"
195,rflbat,rflbat_final_distance_filter,"[4, 92, 48, 13, 17, 84, 8, 97, 38]",[26],"{""accepted_indices"": [0, 1, 2, 3, 4, 6, 7, 8, 9, 1, 2, 3, 4, 6, 7, 8, 9], ""eps2"": 6, ""distance_median"": 0.4500097590224917}"
196,rflbat,rflbat_first_distance_filter,"[3, 66, 92, 11, 87, 61, 31, 88, 50, 69, 66, 92, 11, 87, 61, 31, 88, 50, 69]",[],"{""accepted_indices"": [0, 1, 2, 3, 4, 5, 6, 7, 8, 9, 1, 2, 3, 4, 5, 6, 7, 8, 9], ""eps1"": 10, ""distance_median"": 0.3509290951484856}"
196,rflbat,rflbat_cluster_filter,"[3, 66, 92, 11, 87, 61, 31, 88, 50, 69, 66, 92, 11, 87, 61, 31, 88, 50, 69]",[],"{""accepted_indices"": [0, 1, 2, 3, 4, 5, 6, 7, 8, 9, 1, 2, 3, 4, 5, 6, 7, 8, 9], ""num_clusters"": 1, ""cluster_scores"": [0.13355109135219864]}"
196,rflbat,rflbat_final_distance_filter,"[3, 66, 92, 11, 87, 61, 31, 88, 50, 69]",[],"{""accepted_indices"": [0, 1, 2, 3, 4, 5, 6, 7, 8, 9, 1, 2, 3, 4, 5, 6, 7, 8, 9], ""eps2"": 6, ""distance_median"": 0.6918151033860107}"
197,rflbat,rflbat_first_distance_filter,"[3, 7, 78, 80, 95, 8, 60, 88, 93, 81, 7, 78, 80, 95, 8, 60, 88, 93, 81]",[],"{""accepted_indices"": [0, 1, 2, 3, 4, 5, 6, 7, 8, 9, 1, 2, 3, 4, 5, 6, 7, 8, 9], ""eps1"": 10, ""distance_median"": 0.3496613934495098}"
197,rflbat,rflbat_cluster_filter,"[3, 7, 78, 80, 95, 8, 60, 88, 93, 81, 7, 78, 80, 95, 8, 60, 88, 93, 81]",[],"{""accepted_indices"": [0, 1, 2, 3, 4, 5, 6, 7, 8, 9, 1, 2, 3, 4, 5, 6, 7, 8, 9], ""num_clusters"": 1, ""cluster_scores"": [0.11600922437195116]}"
197,rflbat,rflbat_final_distance_filter,"[3, 7, 78, 80, 95, 8, 60, 88, 93, 81]",[],"{""accepted_indices"": [0, 1, 2, 3, 4, 5, 6, 7, 8, 9, 1, 2, 3, 4, 5, 6, 7, 8, 9], ""eps2"": 6, ""distance_median"": 0.6939918396034083}"
198,rflbat,rflbat_first_distance_filter,"[2, 22, 8, 45, 69, 57, 9, 56, 88, 51, 22, 8, 45, 69, 57, 9, 56, 88, 51]",[],"{""accepted_indices"": [0, 1, 2, 3, 4, 5, 6, 7, 8, 9, 1, 2, 3, 4, 5, 6, 7, 8, 9], ""eps1"": 10, ""distance_median"": 0.40072734016528466}"
198,rflbat,rflbat_cluster_filter,"[2, 22, 8, 45, 69, 57, 9, 56, 88, 51, 22, 8, 45, 69, 57, 9, 56, 88, 51]",[],"{""accepted_indices"": [0, 1, 2, 3, 4, 5, 6, 7, 8, 9, 1, 2, 3, 4, 5, 6, 7, 8, 9], ""num_clusters"": 1, ""cluster_scores"": [0.10533379097033435]}"
198,rflbat,rflbat_final_distance_filter,"[2, 22, 8, 45, 69, 57, 9, 56, 88, 51]",[],"{""accepted_indices"": [0, 1, 2, 3, 4, 5, 6, 7, 8, 9, 1, 2, 3, 4, 5, 6, 7, 8, 9], ""eps2"": 6, ""distance_median"": 0.7583531789793129}"
199,rflbat,rflbat_first_distance_filter,"[1, 85, 3, 43, 78, 62, 11, 95, 93, 22, 85, 3, 43, 78, 62, 11, 95, 93, 22]",[],"{""accepted_indices"": [0, 1, 2, 3, 4, 5, 6, 7, 8, 9, 1, 2, 3, 4, 5, 6, 7, 8, 9], ""eps1"": 10, ""distance_median"": 0.39075734695197933}"
199,rflbat,rflbat_cluster_filter,"[1, 85, 3, 43, 78, 62, 11, 95, 93, 22, 85, 3, 43, 78, 62, 11, 95, 93, 22]",[],"{""accepted_indices"": [0, 1, 2, 3, 4, 5, 6, 7, 8, 9, 1, 2, 3, 4, 5, 6, 7, 8, 9], ""num_clusters"": 1, ""cluster_scores"": [0.09871564642648056]}"
199,rflbat,rflbat_final_distance_filter,"[1, 85, 3, 43, 78, 62, 11, 95, 93, 22]",[],"{""accepted_indices"": [0, 1, 2, 3, 4, 5, 6, 7, 8, 9, 1, 2, 3, 4, 5, 6, 7, 8, 9], ""eps2"": 6, ""distance_median"": 0.6821374019544387}"
200,rflbat,rflbat_first_distance_filter,"[0, 19, 54, 89, 11, 96, 31, 26, 90, 88, 19, 54, 89, 11, 96, 31, 26, 90, 88]",[],"{""accepted_indices"": [0, 1, 2, 3, 4, 5, 6, 7, 8, 9, 1, 2, 3, 4, 5, 6, 7, 8, 9], ""eps1"": 10, ""distance_median"": 0.507395688739148}"
200,rflbat,rflbat_cluster_filter,"[0, 19, 54, 89, 11, 96, 31, 90, 88, 19, 54, 89, 11, 96, 31, 90, 88]",[26],"{""accepted_indices"": [0, 1, 2, 3, 4, 5, 6, 8, 9, 1, 2, 3, 4, 5, 6, 8, 9], ""num_clusters"": 2, ""cluster_scores"": [0.11623701855905465, 1.000000000002103]}"
200,rflbat,rflbat_final_distance_filter,"[0, 19, 54, 89, 11, 96, 31, 90, 88]",[26],"{""accepted_indices"": [0, 1, 2, 3, 4, 5, 6, 8, 9, 1, 2, 3, 4, 5, 6, 8, 9], ""eps2"": 6, ""distance_median"": 0.42614751808384055}"
201,rflbat,rflbat_first_distance_filter,"[3, 97, 48, 25, 20, 35, 42, 34, 46, 92, 97, 48, 25, 20, 35, 42, 34, 46, 92]",[],"{""accepted_indices"": [0, 1, 2, 3, 4, 5, 6, 7, 8, 9, 1, 2, 3, 4, 5, 6, 7, 8, 9], ""eps1"": 10, ""distance_median"": 0.49064037755948986}"
201,rflbat,rflbat_cluster_filter,"[3, 97, 48, 25, 20, 35, 42, 34, 46, 92, 97, 48, 25, 20, 35, 42, 34, 46, 92]",[],"{""accepted_indices"": [0, 1, 2, 3, 4, 5, 6, 7, 8, 9, 1, 2, 3, 4, 5, 6, 7, 8, 9], ""num_clusters"": 1, ""cluster_scores"": [0.11249676265153913]}"
201,rflbat,rflbat_final_distance_filter,"[3, 97, 48, 25, 20, 35, 42, 34, 46, 92]",[],"{""accepted_indices"": [0, 1, 2, 3, 4, 5, 6, 7, 8, 9, 1, 2, 3, 4, 5, 6, 7, 8, 9], ""eps2"": 6, ""distance_median"": 0.9834579731198615}"
202,rflbat,rflbat_first_distance_filter,"[2, 42, 33, 48, 79, 74, 68, 5, 55, 44, 42, 33, 48, 79, 74, 68, 5, 55, 44]",[],"{""accepted_indices"": [0, 1, 2, 3, 4, 5, 6, 7, 8, 9, 1, 2, 3, 4, 5, 6, 7, 8, 9], ""eps1"": 10, ""distance_median"": 0.5522538116464131}"
202,rflbat,rflbat_cluster_filter,"[2, 42, 48, 79, 74, 68, 5, 55, 44, 42, 48, 79, 74, 68, 5, 55, 44]",[33],"{""accepted_indices"": [0, 1, 3, 4, 5, 6, 7, 8, 9, 1, 3, 4, 5, 6, 7, 8, 9], ""num_clusters"": 2, ""cluster_scores"": [0.11319552603001153, 1.000000000001236]}"
202,rflbat,rflbat_final_distance_filter,"[2, 42, 48, 79, 74, 68, 5, 55, 44]",[33],"{""accepted_indices"": [0, 1, 3, 4, 5, 6, 7, 8, 9, 1, 3, 4, 5, 6, 7, 8, 9], ""eps2"": 6, ""distance_median"": 0.5790986515504041}"
203,rflbat,rflbat_first_distance_filter,"[3, 61, 11, 68, 46, 2, 70, 50, 36, 60, 61, 11, 68, 46, 2, 70, 50, 36, 60]",[],"{""accepted_indices"": [0, 1, 2, 3, 4, 5, 6, 7, 8, 9, 1, 2, 3, 4, 5, 6, 7, 8, 9], ""eps1"": 10, ""distance_median"": 0.5757509940086676}"
203,rflbat,rflbat_cluster_filter,"[3, 61, 11, 46, 2, 70, 50, 36, 60, 61, 11, 46, 2, 70, 50, 36, 60]",[68],"{""accepted_indices"": [0, 1, 2, 4, 5, 6, 7, 8, 9, 1, 2, 4, 5, 6, 7, 8, 9], ""num_clusters"": 2, ""cluster_scores"": [1.0000000000021816, 0.1256326371738766]}"
203,rflbat,rflbat_final_distance_filter,"[3, 61, 11, 46, 2, 70, 50, 36, 60]",[68],"{""accepted_indices"": [0, 1, 2, 4, 5, 6, 7, 8, 9, 1, 2, 4, 5, 6, 7, 8, 9], ""eps2"": 6, ""distance_median"": 0.44116286674734867}"
204,rflbat,rflbat_first_distance_filter,"[2, 34, 83, 74, 88, 99, 16, 50, 59, 45, 34, 83, 74, 88, 99, 16, 50, 59, 45]",[],"{""accepted_indices"": [0, 1, 2, 3, 4, 5, 6, 7, 8, 9, 1, 2, 3, 4, 5, 6, 7, 8, 9], ""eps1"": 10, ""distance_median"": 0.3728954734961768}"
204,rflbat,rflbat_cluster_filter,"[2, 34, 83, 74, 99, 16, 50, 59, 45, 34, 83, 74, 99, 16, 50, 59, 45]",[88],"{""accepted_indices"": [0, 1, 2, 3, 5, 6, 7, 8, 9, 1, 2, 3, 5, 6, 7, 8, 9], ""num_clusters"": 2, ""cluster_scores"": [0.11630715023045637, 1.000000000001093]}"
204,rflbat,rflbat_final_distance_filter,"[2, 34, 83, 74, 99, 16, 50, 59, 45]",[88],"{""accepted_indices"": [0, 1, 2, 3, 5, 6, 7, 8, 9, 1, 2, 3, 5, 6, 7, 8, 9], ""eps2"": 6, ""distance_median"": 0.4535714193764163}"
205,rflbat,rflbat_first_distance_filter,"[0, 6, 89, 13, 38, 72, 29, 65, 83, 53, 6, 89, 13, 38, 72, 29, 65, 83, 53]",[],"{""accepted_indices"": [0, 1, 2, 3, 4, 5, 6, 7, 8, 9, 1, 2, 3, 4, 5, 6, 7, 8, 9], ""eps1"": 10, ""distance_median"": 0.32663620840442675}"
205,rflbat,rflbat_cluster_filter,"[0, 6, 89, 13, 38, 72, 29, 65, 53, 6, 89, 13, 38, 72, 29, 65, 53]",[83],"{""accepted_indices"": [0, 1, 2, 3, 4, 5, 6, 7, 9, 1, 2, 3, 4, 5, 6, 7, 9], ""num_clusters"": 2, ""cluster_scores"": [0.12334645116557763, 1.0000000000016955]}"
205,rflbat,rflbat_final_distance_filter,"[0, 6, 89, 13, 38, 72, 29, 65, 53]",[83],"{""accepted_indices"": [0, 1, 2, 3, 4, 5, 6, 7, 9, 1, 2, 3, 4, 5, 6, 7, 9], ""eps2"": 6, ""distance_median"": 0.46021450619900467}"
206,rflbat,rflbat_first_distance_filter,"[3, 87, 70, 26, 57, 32, 8, 16, 43, 37, 87, 70, 26, 57, 32, 8, 16, 43, 37]",[],"{""accepted_indices"": [0, 1, 2, 3, 4, 5, 6, 7, 8, 9, 1, 2, 3, 4, 5, 6, 7, 8, 9], ""eps1"": 10, ""distance_median"": 0.5828547823594712}"
206,rflbat,rflbat_cluster_filter,"[3, 87, 70, 57, 32, 8, 16, 43, 37, 87, 70, 57, 32, 8, 16, 43, 37]",[26],"{""accepted_indices"": [0, 1, 2, 4, 5, 6, 7, 8, 9, 1, 2, 4, 5, 6, 7, 8, 9], ""num_clusters"": 2, ""cluster_scores"": [0.13943793839080182, 1.0000000000022002]}"
206,rflbat,rflbat_final_distance_filter,"[3, 87, 70, 57, 32, 8, 16, 43, 37]",[26],"{""accepted_indices"": [0, 1, 2, 4, 5, 6, 7, 8, 9, 1, 2, 4, 5, 6, 7, 8, 9], ""eps2"": 6, ""distance_median"": 0.4384684848224182}"
207,rflbat,rflbat_first_distance_filter,"[2, 67, 98, 73, 24, 64, 69, 46, 88, 51, 67, 98, 73, 24, 64, 69, 46, 88, 51]",[],"{""accepted_indices"": [0, 1, 2, 3, 4, 5, 6, 7, 8, 9, 1, 2, 3, 4, 5, 6, 7, 8, 9], ""eps1"": 10, ""distance_median"": 0.37917334617641985}"
207,rflbat,rflbat_cluster_filter,"[2, 67, 98, 24, 64, 69, 46, 51, 67, 98, 24, 64, 69, 46, 51]","[73, 88]","{""accepted_indices"": [0, 1, 2, 4, 5, 6, 7, 9, 1, 2, 4, 5, 6, 7, 9], ""num_clusters"": 3, ""cluster_scores"": [0.14588169700208706, 1.0000000000012275, 1.0000000000011424]}"
207,rflbat,rflbat_final_distance_filter,"[2, 67, 98, 24, 64, 69, 46, 51]","[73, 88]","{""accepted_indices"": [0, 1, 2, 4, 5, 6, 7, 9, 1, 2, 4, 5, 6, 7, 9], ""eps2"": 6, ""distance_median"": 0.23132669803192116}"
208,rflbat,rflbat_first_distance_filter,"[0, 24, 26, 90, 9, 76, 89, 1, 56, 23, 24, 26, 90, 9, 76, 89, 1, 56, 23]",[],"{""accepted_indices"": [0, 1, 2, 3, 4, 5, 6, 7, 8, 9, 1, 2, 3, 4, 5, 6, 7, 8, 9], ""eps1"": 10, ""distance_median"": 0.6056376844255825}"
208,rflbat,rflbat_cluster_filter,"[0, 24, 90, 9, 76, 89, 1, 56, 23, 24, 90, 9, 76, 89, 1, 56, 23]",[26],"{""accepted_indices"": [0, 1, 3, 4, 5, 6, 7, 8, 9, 1, 3, 4, 5, 6, 7, 8, 9], ""num_clusters"": 2, ""cluster_scores"": [0.12400505278355045, 1.000000000001221]}"
208,rflbat,rflbat_final_distance_filter,"[0, 24, 90, 9, 76, 89, 1, 56, 23]",[26],"{""accepted_indices"": [0, 1, 3, 4, 5, 6, 7, 8, 9, 1, 3, 4, 5, 6, 7, 8, 9], ""eps2"": 6, ""distance_median"": 0.4048927719631771}"
209,rflbat,rflbat_first_distance_filter,"[4, 66, 36, 31, 43, 99, 90, 2, 40, 30, 66, 36, 31, 43, 99, 90, 2, 40, 30]",[],"{""accepted_indices"": [0, 1, 2, 3, 4, 5, 6, 7, 8, 9, 1, 2, 3, 4, 5, 6, 7, 8, 9], ""eps1"": 10, ""distance_median"": 0.35424525504758086}"
209,rflbat,rflbat_cluster_filter,"[4, 66, 36, 31, 43, 99, 90, 2, 40, 30, 66, 36, 31, 43, 99, 90, 2, 40, 30]",[],"{""accepted_indices"": [0, 1, 2, 3, 4, 5, 6, 7, 8, 9, 1, 2, 3, 4, 5, 6, 7, 8, 9], ""num_clusters"": 1, ""cluster_scores"": [0.12026282866515257]}"
209,rflbat,rflbat_final_distance_filter,"[4, 66, 36, 31, 43, 99, 90, 2, 40, 30]",[],"{""accepted_indices"": [0, 1, 2, 3, 4, 5, 6, 7, 8, 9, 1, 2, 3, 4, 5, 6, 7, 8, 9], ""eps2"": 6, ""distance_median"": 0.6798473797759231}"
210,rflbat,rflbat_first_distance_filter,"[2, 75, 23, 84, 98, 55, 57, 65, 74, 42, 75, 23, 84, 98, 55, 57, 65, 74, 42]",[],"{""accepted_indices"": [0, 1, 2, 3, 4, 5, 6, 7, 8, 9, 1, 2, 3, 4, 5, 6, 7, 8, 9], ""eps1"": 10, ""distance_median"": 0.3343388011440894}"
210,rflbat,rflbat_cluster_filter,"[2, 75, 23, 84, 98, 55, 57, 65, 74, 42, 75, 23, 84, 98, 55, 57, 65, 74, 42]",[],"{""accepted_indices"": [0, 1, 2, 3, 4, 5, 6, 7, 8, 9, 1, 2, 3, 4, 5, 6, 7, 8, 9], ""num_clusters"": 1, ""cluster_scores"": [0.11194357390964287]}"
210,rflbat,rflbat_final_distance_filter,"[2, 75, 23, 84, 98, 55, 57, 65, 74, 42]",[],"{""accepted_indices"": [0, 1, 2, 3, 4, 5, 6, 7, 8, 9, 1, 2, 3, 4, 5, 6, 7, 8, 9], ""eps2"": 6, ""distance_median"": 0.6468759319732139}"
211,rflbat,rflbat_first_distance_filter,"[3, 53, 42, 94, 46, 26, 11, 1, 41, 78, 53, 42, 94, 46, 26, 11, 1, 41, 78]",[],"{""accepted_indices"": [0, 1, 2, 3, 4, 5, 6, 7, 8, 9, 1, 2, 3, 4, 5, 6, 7, 8, 9], ""eps1"": 10, ""distance_median"": 0.5558269251914958}"
211,rflbat,rflbat_cluster_filter,"[3, 53, 42, 94, 46, 26, 11, 1, 41, 78, 53, 42, 94, 46, 26, 11, 1, 41, 78]",[],"{""accepted_indices"": [0, 1, 2, 3, 4, 5, 6, 7, 8, 9, 1, 2, 3, 4, 5, 6, 7, 8, 9], ""num_clusters"": 1, ""cluster_scores"": [0.100477509076115]}"
211,rflbat,rflbat_final_distance_filter,"[3, 53, 42, 94, 46, 26, 11, 1, 41, 78]",[],"{""accepted_indices"": [0, 1, 2, 3, 4, 5, 6, 7, 8, 9, 1, 2, 3, 4, 5, 6, 7, 8, 9], ""eps2"": 6, ""distance_median"": 1.1012231753822581}"
212,rflbat,rflbat_first_distance_filter,"[0, 43, 79, 35, 62, 1, 6, 67, 36, 17, 43, 79, 35, 62, 1, 6, 67, 36, 17]",[],"{""accepted_indices"": [0, 1, 2, 3, 4, 5, 6, 7, 8, 9, 1, 2, 3, 4, 5, 6, 7, 8, 9], ""eps1"": 10, ""distance_median"": 0.46345454888836846}"
212,rflbat,rflbat_cluster_filter,"[0, 43, 79, 35, 62, 1, 6, 67, 36, 17, 43, 79, 35, 62, 1, 6, 67, 36, 17]",[],"{""accepted_indices"": [0, 1, 2, 3, 4, 5, 6, 7, 8, 9, 1, 2, 3, 4, 5, 6, 7, 8, 9], ""num_clusters"": 1, ""cluster_scores"": [0.10600786734472575]}"
212,rflbat,rflbat_final_distance_filter,"[0, 43, 79, 35, 62, 1, 6, 67, 36, 17]",[],"{""accepted_indices"": [0, 1, 2, 3, 4, 5, 6, 7, 8, 9, 1, 2, 3, 4, 5, 6, 7, 8, 9], ""eps2"": 6, ""distance_median"": 0.9169465935809558}"
213,rflbat,rflbat_first_distance_filter,"[1, 81, 77, 73, 52, 44, 67, 36, 27, 8, 81, 77, 73, 52, 44, 67, 36, 27, 8]",[],"{""accepted_indices"": [0, 1, 2, 3, 4, 5, 6, 7, 8, 9, 1, 2, 3, 4, 5, 6, 7, 8, 9], ""eps1"": 10, ""distance_median"": 0.5295636676988384}"
213,rflbat,rflbat_cluster_filter,"[1, 81, 77, 73, 52, 67, 36, 27, 8, 81, 77, 73, 52, 67, 36, 27, 8]",[44],"{""accepted_indices"": [0, 1, 2, 3, 4, 6, 7, 8, 9, 1, 2, 3, 4, 6, 7, 8, 9], ""num_clusters"": 2, ""cluster_scores"": [0.12421109648552774, 1.0000000000021105]}"
213,rflbat,rflbat_final_distance_filter,"[1, 81, 77, 73, 52, 67, 36, 27, 8]",[44],"{""accepted_indices"": [0, 1, 2, 3, 4, 6, 7, 8, 9, 1, 2, 3, 4, 6, 7, 8, 9], ""eps2"": 6, ""distance_median"": 0.5360693837638212}"
214,rflbat,rflbat_first_distance_filter,"[2, 21, 86, 56, 83, 73, 96, 47, 54, 36, 21, 86, 56, 83, 73, 96, 47, 54, 36]",[],"{""accepted_indices"": [0, 1, 2, 3, 4, 5, 6, 7, 8, 9, 1, 2, 3, 4, 5, 6, 7, 8, 9], ""eps1"": 10, ""distance_median"": 0.43016478179605416}"
214,rflbat,rflbat_cluster_filter,"[2, 21, 86, 56, 83, 73, 96, 54, 36, 21, 86, 56, 83, 73, 96, 54, 36]",[47],"{""accepted_indices"": [0, 1, 2, 3, 4, 5, 6, 8, 9, 1, 2, 3, 4, 5, 6, 8, 9], ""num_clusters"": 2, ""cluster_scores"": [0.11372790541179112, 1.0000000000011013]}"
214,rflbat,rflbat_final_distance_filter,"[2, 21, 86, 56, 83, 73, 96, 54, 36]",[47],"{""accepted_indices"": [0, 1, 2, 3, 4, 5, 6, 8, 9, 1, 2, 3, 4, 5, 6, 8, 9], ""eps2"": 6, ""distance_median"": 0.5589913725462967}"
215,rflbat,rflbat_first_distance_filter,"[0, 54, 31, 9, 64, 7, 67, 49, 23, 17, 54, 31, 9, 64, 7, 67, 49, 23, 17]",[],"{""accepted_indices"": [0, 1, 2, 3, 4, 5, 6, 7, 8, 9, 1, 2, 3, 4, 5, 6, 7, 8, 9], ""eps1"": 10, ""distance_median"": 0.34201509380766637}"
215,rflbat,rflbat_cluster_filter,"[0, 31, 9, 64, 7, 67, 49, 23, 17, 31, 9, 64, 7, 67, 49, 23, 17]",[54],"{""accepted_indices"": [0, 2, 3, 4, 5, 6, 7, 8, 9, 2, 3, 4, 5, 6, 7, 8, 9], ""num_clusters"": 2, ""cluster_scores"": [1.000000000001618, 0.11596117590104141]}"
215,rflbat,rflbat_final_distance_filter,"[0, 31, 9, 64, 7, 67, 49, 23, 17]",[54],"{""accepted_indices"": [0, 2, 3, 4, 5, 6, 7, 8, 9, 2, 3, 4, 5, 6, 7, 8, 9], ""eps2"": 6, ""distance_median"": 0.47020655161769226}"
216,rflbat,rflbat_first_distance_filter,"[3, 21, 27, 6, 71, 80, 74, 39, 84, 11, 21, 27, 6, 71, 80, 74, 39, 84, 11]",[],"{""accepted_indices"": [0, 1, 2, 3, 4, 5, 6, 7, 8, 9, 1, 2, 3, 4, 5, 6, 7, 8, 9], ""eps1"": 10, ""distance_median"": 0.47049082252573216}"
216,rflbat,rflbat_cluster_filter,"[3, 21, 27, 6, 71, 80, 74, 39, 84, 11, 21, 27, 6, 71, 80, 74, 39, 84, 11]",[],"{""accepted_indices"": [0, 1, 2, 3, 4, 5, 6, 7, 8, 9, 1, 2, 3, 4, 5, 6, 7, 8, 9], ""num_clusters"": 1, ""cluster_scores"": [0.11436480325171372]}"
216,rflbat,rflbat_final_distance_filter,"[3, 21, 27, 6, 71, 80, 74, 39, 84, 11]",[],"{""accepted_indices"": [0, 1, 2, 3, 4, 5, 6, 7, 8, 9, 1, 2, 3, 4, 5, 6, 7, 8, 9], ""eps2"": 6, ""distance_median"": 0.9499235494692171}"
217,rflbat,rflbat_first_distance_filter,"[1, 89, 51, 42, 83, 41, 15, 69, 49, 36, 89, 51, 42, 83, 41, 15, 69, 49, 36]",[],"{""accepted_indices"": [0, 1, 2, 3, 4, 5, 6, 7, 8, 9, 1, 2, 3, 4, 5, 6, 7, 8, 9], ""eps1"": 10, ""distance_median"": 0.3564991944978424}"
217,rflbat,rflbat_cluster_filter,"[1, 89, 42, 83, 41, 15, 69, 49, 36, 89, 42, 83, 41, 15, 69, 49, 36]",[51],"{""accepted_indices"": [0, 1, 3, 4, 5, 6, 7, 8, 9, 1, 3, 4, 5, 6, 7, 8, 9], ""num_clusters"": 2, ""cluster_scores"": [1.0000000000012366, 0.11070638388989858]}"
217,rflbat,rflbat_final_distance_filter,"[1, 89, 42, 83, 41, 15, 69, 49, 36]",[51],"{""accepted_indices"": [0, 1, 3, 4, 5, 6, 7, 8, 9, 1, 3, 4, 5, 6, 7, 8, 9], ""eps2"": 6, ""distance_median"": 0.4720900327222701}"
218,rflbat,rflbat_first_distance_filter,"[0, 77, 27, 88, 56, 34, 55, 57, 90, 50, 77, 27, 88, 56, 34, 55, 57, 90, 50]",[],"{""accepted_indices"": [0, 1, 2, 3, 4, 5, 6, 7, 8, 9, 1, 2, 3, 4, 5, 6, 7, 8, 9], ""eps1"": 10, ""distance_median"": 0.3439599453001418}"
218,rflbat,rflbat_cluster_filter,"[0, 77, 27, 56, 34, 55, 57, 90, 50, 77, 27, 56, 34, 55, 57, 90, 50]",[88],"{""accepted_indices"": [0, 1, 2, 4, 5, 6, 7, 8, 9, 1, 2, 4, 5, 6, 7, 8, 9], ""num_clusters"": 2, ""cluster_scores"": [0.11291477740685095, 1.000000000001891]}"
218,rflbat,rflbat_final_distance_filter,"[0, 77, 27, 56, 34, 55, 57, 90, 50]",[88],"{""accepted_indices"": [0, 1, 2, 4, 5, 6, 7, 8, 9, 1, 2, 4, 5, 6, 7, 8, 9], ""eps2"": 6, ""distance_median"": 0.38785395521240995}"
219,rflbat,rflbat_first_distance_filter,"[3, 2, 29, 48, 46, 49, 82, 79, 62, 70, 2, 29, 48, 46, 49, 82, 79, 62, 70]",[],"{""accepted_indices"": [0, 1, 2, 3, 4, 5, 6, 7, 8, 9, 1, 2, 3, 4, 5, 6, 7, 8, 9], ""eps1"": 10, ""distance_median"": 0.36775071895565603}"
219,rflbat,rflbat_cluster_filter,"[3, 2, 29, 48, 46, 49, 82, 79, 62, 70, 2, 29, 48, 46, 49, 82, 79, 62, 70]",[],"{""accepted_indices"": [0, 1, 2, 3, 4, 5, 6, 7, 8, 9, 1, 2, 3, 4, 5, 6, 7, 8, 9], ""num_clusters"": 1, ""cluster_scores"": [0.11228850045235354]}"
219,rflbat,rflbat_final_distance_filter,"[3, 2, 29, 48, 46, 49, 82, 79, 62, 70]",[],"{""accepted_indices"": [0, 1, 2, 3, 4, 5, 6, 7, 8, 9, 1, 2, 3, 4, 5, 6, 7, 8, 9], ""eps2"": 6, ""distance_median"": 0.7511268554996537}"
220,rflbat,rflbat_first_distance_filter,"[3, 81, 36, 26, 57, 20, 90, 40, 2, 12, 81, 36, 26, 57, 20, 90, 40, 2, 12]",[],"{""accepted_indices"": [0, 1, 2, 3, 4, 5, 6, 7, 8, 9, 1, 2, 3, 4, 5, 6, 7, 8, 9], ""eps1"": 10, ""distance_median"": 0.5069967152992452}"
220,rflbat,rflbat_cluster_filter,"[3, 81, 36, 26, 57, 20, 90, 40, 2, 12, 81, 36, 26, 57, 20, 90, 40, 2, 12]",[],"{""accepted_indices"": [0, 1, 2, 3, 4, 5, 6, 7, 8, 9, 1, 2, 3, 4, 5, 6, 7, 8, 9], ""num_clusters"": 1, ""cluster_scores"": [0.10628410340931538]}"
220,rflbat,rflbat_final_distance_filter,"[3, 81, 36, 26, 57, 20, 90, 40, 2, 12]",[],"{""accepted_indices"": [0, 1, 2, 3, 4, 5, 6, 7, 8, 9, 1, 2, 3, 4, 5, 6, 7, 8, 9], ""eps2"": 6, ""distance_median"": 1.0232489006364485}"
221,rflbat,rflbat_first_distance_filter,"[4, 0, 90, 18, 54, 42, 51, 84, 9, 89, 0, 90, 18, 54, 42, 51, 84, 9, 89]",[],"{""accepted_indices"": [0, 1, 2, 3, 4, 5, 6, 7, 8, 9, 1, 2, 3, 4, 5, 6, 7, 8, 9], ""eps1"": 10, ""distance_median"": 0.3707477609373785}"
221,rflbat,rflbat_cluster_filter,"[4, 0, 90, 18, 54, 42, 51, 84, 9, 89, 0, 90, 18, 54, 42, 51, 84, 9, 89]",[],"{""accepted_indices"": [0, 1, 2, 3, 4, 5, 6, 7, 8, 9, 1, 2, 3, 4, 5, 6, 7, 8, 9], ""num_clusters"": 1, ""cluster_scores"": [0.10544517918620656]}"
221,rflbat,rflbat_final_distance_filter,"[4, 0, 90, 18, 54, 42, 51, 84, 9, 89]",[],"{""accepted_indices"": [0, 1, 2, 3, 4, 5, 6, 7, 8, 9, 1, 2, 3, 4, 5, 6, 7, 8, 9], ""eps2"": 6, ""distance_median"": 0.6898375139747992}"
222,rflbat,rflbat_first_distance_filter,"[1, 48, 42, 39, 52, 94, 92, 14, 35, 78, 48, 42, 39, 52, 94, 92, 14, 35, 78]",[],"{""accepted_indices"": [0, 1, 2, 3, 4, 5, 6, 7, 8, 9, 1, 2, 3, 4, 5, 6, 7, 8, 9], ""eps1"": 10, ""distance_median"": 0.5186085379070176}"
222,rflbat,rflbat_cluster_filter,"[1, 48, 42, 39, 52, 94, 92, 14, 35, 78, 48, 42, 39, 52, 94, 92, 14, 35, 78]",[],"{""accepted_indices"": [0, 1, 2, 3, 4, 5, 6, 7, 8, 9, 1, 2, 3, 4, 5, 6, 7, 8, 9], ""num_clusters"": 1, ""cluster_scores"": [0.12406149078597493]}"
222,rflbat,rflbat_final_distance_filter,"[1, 48, 42, 39, 52, 94, 92, 14, 35, 78]",[],"{""accepted_indices"": [0, 1, 2, 3, 4, 5, 6, 7, 8, 9, 1, 2, 3, 4, 5, 6, 7, 8, 9], ""eps2"": 6, ""distance_median"": 0.9073658776989422}"
223,rflbat,rflbat_first_distance_filter,"[1, 10, 39, 36, 60, 8, 28, 33, 70, 93, 10, 39, 36, 60, 8, 28, 33, 70, 93]",[],"{""accepted_indices"": [0, 1, 2, 3, 4, 5, 6, 7, 8, 9, 1, 2, 3, 4, 5, 6, 7, 8, 9], ""eps1"": 10, ""distance_median"": 0.4552356606640928}"
223,rflbat,rflbat_cluster_filter,"[1, 10, 39, 36, 60, 8, 28, 33, 70, 93, 10, 39, 36, 60, 8, 28, 33, 70, 93]",[],"{""accepted_indices"": [0, 1, 2, 3, 4, 5, 6, 7, 8, 9, 1, 2, 3, 4, 5, 6, 7, 8, 9], ""num_clusters"": 1, ""cluster_scores"": [0.10333069948598578]}"
223,rflbat,rflbat_final_distance_filter,"[1, 10, 39, 36, 60, 8, 28, 33, 70, 93]",[],"{""accepted_indices"": [0, 1, 2, 3, 4, 5, 6, 7, 8, 9, 1, 2, 3, 4, 5, 6, 7, 8, 9], ""eps2"": 6, ""distance_median"": 0.7762461408455207}"
224,rflbat,rflbat_first_distance_filter,"[3, 75, 78, 52, 9, 98, 99, 56, 73, 67, 75, 78, 52, 9, 98, 99, 56, 73, 67]",[],"{""accepted_indices"": [0, 1, 2, 3, 4, 5, 6, 7, 8, 9, 1, 2, 3, 4, 5, 6, 7, 8, 9], ""eps1"": 10, ""distance_median"": 0.3824217864493118}"
224,rflbat,rflbat_cluster_filter,"[3, 75, 78, 52, 9, 98, 99, 56, 73, 67, 75, 78, 52, 9, 98, 99, 56, 73, 67]",[],"{""accepted_indices"": [0, 1, 2, 3, 4, 5, 6, 7, 8, 9, 1, 2, 3, 4, 5, 6, 7, 8, 9], ""num_clusters"": 1, ""cluster_scores"": [0.10005773389504183]}"
224,rflbat,rflbat_final_distance_filter,"[3, 75, 78, 52, 9, 98, 99, 56, 73, 67]",[],"{""accepted_indices"": [0, 1, 2, 3, 4, 5, 6, 7, 8, 9, 1, 2, 3, 4, 5, 6, 7, 8, 9], ""eps2"": 6, ""distance_median"": 0.7639930716648744}"
225,rflbat,rflbat_first_distance_filter,"[3, 9, 83, 32, 59, 30, 2, 84, 51, 62, 9, 83, 32, 59, 30, 2, 84, 51, 62]",[],"{""accepted_indices"": [0, 1, 2, 3, 4, 5, 6, 7, 8, 9, 1, 2, 3, 4, 5, 6, 7, 8, 9], ""eps1"": 10, ""distance_median"": 0.39827977148942184}"
225,rflbat,rflbat_cluster_filter,"[3, 9, 83, 32, 59, 30, 2, 84, 51, 62, 9, 83, 32, 59, 30, 2, 84, 51, 62]",[],"{""accepted_indices"": [0, 1, 2, 3, 4, 5, 6, 7, 8, 9, 1, 2, 3, 4, 5, 6, 7, 8, 9], ""num_clusters"": 1, ""cluster_scores"": [0.1047630047889675]}"
225,rflbat,rflbat_final_distance_filter,"[3, 9, 83, 32, 59, 30, 2, 84, 51, 62]",[],"{""accepted_indices"": [0, 1, 2, 3, 4, 5, 6, 7, 8, 9, 1, 2, 3, 4, 5, 6, 7, 8, 9], ""eps2"": 6, ""distance_median"": 0.801293606701154}"
226,rflbat,rflbat_first_distance_filter,"[4, 80, 67, 89, 32, 25, 37, 15, 52, 28, 80, 67, 89, 32, 25, 37, 15, 52, 28]",[],"{""accepted_indices"": [0, 1, 2, 3, 4, 5, 6, 7, 8, 9, 1, 2, 3, 4, 5, 6, 7, 8, 9], ""eps1"": 10, ""distance_median"": 0.41330963614339644}"
226,rflbat,rflbat_cluster_filter,"[4, 80, 67, 89, 32, 25, 37, 15, 52, 28, 80, 67, 89, 32, 25, 37, 15, 52, 28]",[],"{""accepted_indices"": [0, 1, 2, 3, 4, 5, 6, 7, 8, 9, 1, 2, 3, 4, 5, 6, 7, 8, 9], ""num_clusters"": 1, ""cluster_scores"": [0.1058822351597045]}"
226,rflbat,rflbat_final_distance_filter,"[4, 80, 67, 89, 32, 25, 37, 15, 52, 28]",[],"{""accepted_indices"": [0, 1, 2, 3, 4, 5, 6, 7, 8, 9, 1, 2, 3, 4, 5, 6, 7, 8, 9], ""eps2"": 6, ""distance_median"": 0.8144578405028665}"
227,rflbat,rflbat_first_distance_filter,"[4, 77, 85, 60, 47, 29, 12, 41, 66, 54, 77, 85, 60, 47, 29, 12, 41, 66, 54]",[],"{""accepted_indices"": [0, 1, 2, 3, 4, 5, 6, 7, 8, 9, 1, 2, 3, 4, 5, 6, 7, 8, 9], ""eps1"": 10, ""distance_median"": 0.442935708252045}"
227,rflbat,rflbat_cluster_filter,"[4, 77, 85, 60, 47, 29, 12, 41, 66, 54, 77, 85, 60, 47, 29, 12, 41, 66, 54]",[],"{""accepted_indices"": [0, 1, 2, 3, 4, 5, 6, 7, 8, 9, 1, 2, 3, 4, 5, 6, 7, 8, 9], ""num_clusters"": 1, ""cluster_scores"": [0.11084037601742484]}"
227,rflbat,rflbat_final_distance_filter,"[4, 77, 85, 60, 47, 29, 12, 41, 66, 54]",[],"{""accepted_indices"": [0, 1, 2, 3, 4, 5, 6, 7, 8, 9, 1, 2, 3, 4, 5, 6, 7, 8, 9], ""eps2"": 6, ""distance_median"": 0.9398465826161232}"
228,rflbat,rflbat_first_distance_filter,"[2, 86, 82, 76, 63, 78, 58, 79, 42, 28, 86, 82, 76, 63, 78, 58, 79, 42, 28]",[],"{""accepted_indices"": [0, 1, 2, 3, 4, 5, 6, 7, 8, 9, 1, 2, 3, 4, 5, 6, 7, 8, 9], ""eps1"": 10, ""distance_median"": 0.36506685770441616}"
228,rflbat,rflbat_cluster_filter,"[2, 86, 82, 76, 63, 78, 58, 79, 42, 28, 86, 82, 76, 63, 78, 58, 79, 42, 28]",[],"{""accepted_indices"": [0, 1, 2, 3, 4, 5, 6, 7, 8, 9, 1, 2, 3, 4, 5, 6, 7, 8, 9], ""num_clusters"": 1, ""cluster_scores"": [0.11319016518784823]}"
228,rflbat,rflbat_final_distance_filter,"[2, 86, 82, 76, 63, 78, 58, 79, 42, 28]",[],"{""accepted_indices"": [0, 1, 2, 3, 4, 5, 6, 7, 8, 9, 1, 2, 3, 4, 5, 6, 7, 8, 9], ""eps2"": 6, ""distance_median"": 0.7050352759561931}"
229,rflbat,rflbat_first_distance_filter,"[2, 31, 12, 74, 9, 61, 33, 13, 69, 58, 31, 12, 74, 9, 61, 33, 13, 69, 58]",[],"{""accepted_indices"": [0, 1, 2, 3, 4, 5, 6, 7, 8, 9, 1, 2, 3, 4, 5, 6, 7, 8, 9], ""eps1"": 10, ""distance_median"": 0.4275229417279025}"
229,rflbat,rflbat_cluster_filter,"[2, 31, 12, 74, 9, 61, 33, 13, 69, 58, 31, 12, 74, 9, 61, 33, 13, 69, 58]",[],"{""accepted_indices"": [0, 1, 2, 3, 4, 5, 6, 7, 8, 9, 1, 2, 3, 4, 5, 6, 7, 8, 9], ""num_clusters"": 1, ""cluster_scores"": [0.10075781241790928]}"
229,rflbat,rflbat_final_distance_filter,"[2, 31, 12, 74, 9, 61, 33, 13, 69, 58]",[],"{""accepted_indices"": [0, 1, 2, 3, 4, 5, 6, 7, 8, 9, 1, 2, 3, 4, 5, 6, 7, 8, 9], ""eps2"": 6, ""distance_median"": 0.8183620818487672}"
230,rflbat,rflbat_first_distance_filter,"[0, 61, 26, 85, 86, 29, 91, 54, 78, 84, 61, 26, 85, 86, 29, 91, 54, 78, 84]",[],"{""accepted_indices"": [0, 1, 2, 3, 4, 5, 6, 7, 8, 9, 1, 2, 3, 4, 5, 6, 7, 8, 9], ""eps1"": 10, ""distance_median"": 0.3975382082881571}"
230,rflbat,rflbat_cluster_filter,"[0, 61, 26, 85, 86, 29, 91, 54, 78, 84, 61, 26, 85, 86, 29, 91, 54, 78, 84]",[],"{""accepted_indices"": [0, 1, 2, 3, 4, 5, 6, 7, 8, 9, 1, 2, 3, 4, 5, 6, 7, 8, 9], ""num_clusters"": 1, ""cluster_scores"": [0.09897433034927627]}"
230,rflbat,rflbat_final_distance_filter,"[0, 61, 26, 85, 86, 29, 91, 54, 78, 84]",[],"{""accepted_indices"": [0, 1, 2, 3, 4, 5, 6, 7, 8, 9, 1, 2, 3, 4, 5, 6, 7, 8, 9], ""eps2"": 6, ""distance_median"": 0.7888689326622995}"
231,rflbat,rflbat_first_distance_filter,"[0, 97, 42, 79, 12, 1, 41, 19, 96, 49, 97, 42, 79, 12, 1, 41, 19, 96, 49]",[],"{""accepted_indices"": [0, 1, 2, 3, 4, 5, 6, 7, 8, 9, 1, 2, 3, 4, 5, 6, 7, 8, 9], ""eps1"": 10, ""distance_median"": 0.3971420972535009}"
231,rflbat,rflbat_cluster_filter,"[0, 97, 42, 79, 12, 1, 41, 19, 96, 49, 97, 42, 79, 12, 1, 41, 19, 96, 49]",[],"{""accepted_indices"": [0, 1, 2, 3, 4, 5, 6, 7, 8, 9, 1, 2, 3, 4, 5, 6, 7, 8, 9], ""num_clusters"": 1, ""cluster_scores"": [0.09609051176609437]}"
231,rflbat,rflbat_final_distance_filter,"[0, 97, 42, 79, 12, 1, 41, 19, 96, 49]",[],"{""accepted_indices"": [0, 1, 2, 3, 4, 5, 6, 7, 8, 9, 1, 2, 3, 4, 5, 6, 7, 8, 9], ""eps2"": 6, ""distance_median"": 0.7896431972599488}"
232,rflbat,rflbat_first_distance_filter,"[4, 30, 67, 75, 59, 34, 1, 32, 72, 22, 30, 67, 75, 59, 34, 1, 32, 72, 22]",[],"{""accepted_indices"": [0, 1, 2, 3, 4, 5, 6, 7, 8, 9, 1, 2, 3, 4, 5, 6, 7, 8, 9], ""eps1"": 10, ""distance_median"": 0.40730271561956}"
232,rflbat,rflbat_cluster_filter,"[4, 30, 67, 75, 59, 34, 1, 32, 72, 22, 30, 67, 75, 59, 34, 1, 32, 72, 22]",[],"{""accepted_indices"": [0, 1, 2, 3, 4, 5, 6, 7, 8, 9, 1, 2, 3, 4, 5, 6, 7, 8, 9], ""num_clusters"": 1, ""cluster_scores"": [0.1027250576954863]}"
232,rflbat,rflbat_final_distance_filter,"[4, 30, 67, 75, 59, 34, 1, 32, 72, 22]",[],"{""accepted_indices"": [0, 1, 2, 3, 4, 5, 6, 7, 8, 9, 1, 2, 3, 4, 5, 6, 7, 8, 9], ""eps2"": 6, ""distance_median"": 0.815464575514607}"
233,rflbat,rflbat_first_distance_filter,"[2, 82, 74, 90, 84, 12, 17, 23, 8, 27, 82, 74, 90, 84, 12, 17, 23, 8, 27]",[],"{""accepted_indices"": [0, 1, 2, 3, 4, 5, 6, 7, 8, 9, 1, 2, 3, 4, 5, 6, 7, 8, 9], ""eps1"": 10, ""distance_median"": 0.3846517551896108}"
233,rflbat,rflbat_cluster_filter,"[2, 82, 90, 84, 12, 17, 23, 8, 82, 90, 84, 12, 17, 23, 8]","[74, 27]","{""accepted_indices"": [0, 1, 3, 4, 5, 6, 7, 8, 1, 3, 4, 5, 6, 7, 8], ""num_clusters"": 2, ""cluster_scores"": [0.11092966359953435, 0.4770963920503647]}"
233,rflbat,rflbat_final_distance_filter,"[2, 82, 90, 84, 12, 17, 23, 8]","[74, 27]","{""accepted_indices"": [0, 1, 3, 4, 5, 6, 7, 8, 1, 3, 4, 5, 6, 7, 8], ""eps2"": 6, ""distance_median"": 0.2790290951191439}"
234,rflbat,rflbat_first_distance_filter,"[2, 62, 8, 65, 22, 21, 66, 74, 24, 13, 62, 8, 65, 22, 21, 66, 74, 24, 13]",[],"{""accepted_indices"": [0, 1, 2, 3, 4, 5, 6, 7, 8, 9, 1, 2, 3, 4, 5, 6, 7, 8, 9], ""eps1"": 10, ""distance_median"": 0.4107918016644495}"
234,rflbat,rflbat_cluster_filter,"[2, 62, 8, 65, 22, 21, 66, 74, 24, 13, 62, 8, 65, 22, 21, 66, 74, 24, 13]",[],"{""accepted_indices"": [0, 1, 2, 3, 4, 5, 6, 7, 8, 9, 1, 2, 3, 4, 5, 6, 7, 8, 9], ""num_clusters"": 1, ""cluster_scores"": [0.10010619754342259]}"
234,rflbat,rflbat_final_distance_filter,"[2, 62, 8, 65, 22, 21, 66, 74, 24, 13]",[],"{""accepted_indices"": [0, 1, 2, 3, 4, 5, 6, 7, 8, 9, 1, 2, 3, 4, 5, 6, 7, 8, 9], ""eps2"": 6, ""distance_median"": 0.8477173410884717}"
235,rflbat,rflbat_first_distance_filter,"[3, 76, 91, 39, 85, 88, 45, 48, 56, 74, 76, 91, 39, 85, 88, 45, 48, 56, 74]",[],"{""accepted_indices"": [0, 1, 2, 3, 4, 5, 6, 7, 8, 9, 1, 2, 3, 4, 5, 6, 7, 8, 9], ""eps1"": 10, ""distance_median"": 0.42618692480133247}"
235,rflbat,rflbat_cluster_filter,"[3, 76, 91, 39, 85, 88, 45, 48, 56, 74, 76, 91, 39, 85, 88, 45, 48, 56, 74]",[],"{""accepted_indices"": [0, 1, 2, 3, 4, 5, 6, 7, 8, 9, 1, 2, 3, 4, 5, 6, 7, 8, 9], ""num_clusters"": 1, ""cluster_scores"": [0.09306794901999604]}"
235,rflbat,rflbat_final_distance_filter,"[3, 76, 91, 39, 85, 88, 45, 48, 56, 74]",[],"{""accepted_indices"": [0, 1, 2, 3, 4, 5, 6, 7, 8, 9, 1, 2, 3, 4, 5, 6, 7, 8, 9], ""eps2"": 6, ""distance_median"": 0.8525254029821426}"
236,rflbat,rflbat_first_distance_filter,"[0, 71, 45, 26, 6, 30, 36, 65, 84, 60, 71, 45, 26, 6, 30, 36, 65, 84, 60]",[],"{""accepted_indices"": [0, 1, 2, 3, 4, 5, 6, 7, 8, 9, 1, 2, 3, 4, 5, 6, 7, 8, 9], ""eps1"": 10, ""distance_median"": 0.5004678018607673}"
236,rflbat,rflbat_cluster_filter,"[0, 71, 45, 26, 6, 30, 36, 65, 84, 60, 71, 45, 26, 6, 30, 36, 65, 84, 60]",[],"{""accepted_indices"": [0, 1, 2, 3, 4, 5, 6, 7, 8, 9, 1, 2, 3, 4, 5, 6, 7, 8, 9], ""num_clusters"": 1, ""cluster_scores"": [0.1047837961707072]}"
236,rflbat,rflbat_final_distance_filter,"[0, 71, 45, 26, 6, 30, 36, 65, 84, 60]",[],"{""accepted_indices"": [0, 1, 2, 3, 4, 5, 6, 7, 8, 9, 1, 2, 3, 4, 5, 6, 7, 8, 9], ""eps2"": 6, ""distance_median"": 1.004725174583272}"
237,rflbat,rflbat_first_distance_filter,"[1, 16, 69, 3, 19, 64, 36, 13, 72, 23, 16, 69, 3, 19, 64, 36, 13, 72, 23]",[],"{""accepted_indices"": [0, 1, 2, 3, 4, 5, 6, 7, 8, 9, 1, 2, 3, 4, 5, 6, 7, 8, 9], ""eps1"": 10, ""distance_median"": 0.3553883715457352}"
237,rflbat,rflbat_cluster_filter,"[1, 16, 69, 3, 19, 64, 36, 13, 72, 23, 16, 69, 3, 19, 64, 36, 13, 72, 23]",[],"{""accepted_indices"": [0, 1, 2, 3, 4, 5, 6, 7, 8, 9, 1, 2, 3, 4, 5, 6, 7, 8, 9], ""num_clusters"": 1, ""cluster_scores"": [0.10355737549228755]}"
237,rflbat,rflbat_final_distance_filter,"[16, 69, 3, 19, 64, 36, 13, 72, 23]",[1],"{""accepted_indices"": [1, 2, 3, 4, 5, 6, 7, 8, 9, 1, 2, 3, 4, 5, 6, 7, 8, 9], ""eps2"": 6, ""distance_median"": 0.5235411645846473}"
238,rflbat,rflbat_first_distance_filter,"[0, 31, 83, 82, 27, 89, 92, 61, 60, 99, 31, 83, 82, 27, 89, 92, 61, 60, 99]",[],"{""accepted_indices"": [0, 1, 2, 3, 4, 5, 6, 7, 8, 9, 1, 2, 3, 4, 5, 6, 7, 8, 9], ""eps1"": 10, ""distance_median"": 0.4007041430330099}"
238,rflbat,rflbat_cluster_filter,"[0, 31, 83, 82, 89, 61, 60, 99, 31, 83, 82, 89, 61, 60, 99]","[27, 92]","{""accepted_indices"": [0, 1, 2, 3, 5, 7, 8, 9, 1, 2, 3, 5, 7, 8, 9], ""num_clusters"": 3, ""cluster_scores"": [0.14336756425669445, 1.0000000000011082, 1.0000000000015556]}"
238,rflbat,rflbat_final_distance_filter,"[0, 31, 83, 82, 89, 61, 60, 99]","[27, 92]","{""accepted_indices"": [0, 1, 2, 3, 5, 7, 8, 9, 1, 2, 3, 5, 7, 8, 9], ""eps2"": 6, ""distance_median"": 0.28896806304993516}"
239,rflbat,rflbat_first_distance_filter,"[3, 49, 98, 5, 43, 21, 15, 94, 39, 1, 49, 98, 5, 43, 21, 15, 94, 39, 1]",[],"{""accepted_indices"": [0, 1, 2, 3, 4, 5, 6, 7, 8, 9, 1, 2, 3, 4, 5, 6, 7, 8, 9], ""eps1"": 10, ""distance_median"": 0.3010354647472402}"
239,rflbat,rflbat_cluster_filter,"[3, 49, 98, 5, 43, 21, 15, 94, 39, 1, 49, 98, 5, 43, 21, 15, 94, 39, 1]",[],"{""accepted_indices"": [0, 1, 2, 3, 4, 5, 6, 7, 8, 9, 1, 2, 3, 4, 5, 6, 7, 8, 9], ""num_clusters"": 1, ""cluster_scores"": [0.09915348170304113]}"
239,rflbat,rflbat_final_distance_filter,"[3, 49, 98, 5, 43, 21, 15, 94, 39, 1]",[],"{""accepted_indices"": [0, 1, 2, 3, 4, 5, 6, 7, 8, 9, 1, 2, 3, 4, 5, 6, 7, 8, 9], ""eps2"": 6, ""distance_median"": 0.6015756276987392}"
240,rflbat,rflbat_first_distance_filter,"[2, 37, 31, 78, 93, 74, 76, 60, 44, 26, 37, 31, 78, 93, 74, 76, 60, 44, 26]",[],"{""accepted_indices"": [0, 1, 2, 3, 4, 5, 6, 7, 8, 9, 1, 2, 3, 4, 5, 6, 7, 8, 9], ""eps1"": 10, ""distance_median"": 0.5874108548137577}"
240,rflbat,rflbat_cluster_filter,"[2, 37, 31, 78, 93, 74, 76, 60, 44, 26, 37, 31, 78, 93, 74, 76, 60, 44, 26]",[],"{""accepted_indices"": [0, 1, 2, 3, 4, 5, 6, 7, 8, 9, 1, 2, 3, 4, 5, 6, 7, 8, 9], ""num_clusters"": 1, ""cluster_scores"": [0.10195041264857567]}"
240,rflbat,rflbat_final_distance_filter,"[2, 37, 31, 78, 93, 74, 76, 60, 44, 26]",[],"{""accepted_indices"": [0, 1, 2, 3, 4, 5, 6, 7, 8, 9, 1, 2, 3, 4, 5, 6, 7, 8, 9], ""eps2"": 6, ""distance_median"": 1.177388454333379}"
241,rflbat,rflbat_first_distance_filter,"[3, 71, 1, 53, 13, 98, 41, 19, 58, 84, 71, 1, 53, 13, 98, 41, 19, 58, 84]",[],"{""accepted_indices"": [0, 1, 2, 3, 4, 5, 6, 7, 8, 9, 1, 2, 3, 4, 5, 6, 7, 8, 9], ""eps1"": 10, ""distance_median"": 0.4636429852389188}"
241,rflbat,rflbat_cluster_filter,"[3, 1, 53, 13, 98, 41, 19, 58, 84, 1, 53, 13, 98, 41, 19, 58, 84]",[71],"{""accepted_indices"": [0, 2, 3, 4, 5, 6, 7, 8, 9, 2, 3, 4, 5, 6, 7, 8, 9], ""num_clusters"": 2, ""cluster_scores"": [0.12221730635220537, 1.0000000000013822]}"
241,rflbat,rflbat_final_distance_filter,"[3, 1, 53, 13, 98, 41, 19, 58, 84]",[71],"{""accepted_indices"": [0, 2, 3, 4, 5, 6, 7, 8, 9, 2, 3, 4, 5, 6, 7, 8, 9], ""eps2"": 6, ""distance_median"": 0.42186966593836717}"
242,rflbat,rflbat_first_distance_filter,"[1, 98, 82, 16, 84, 94, 72, 53, 87, 90, 98, 82, 16, 84, 94, 72, 53, 87, 90]",[],"{""accepted_indices"": [0, 1, 2, 3, 4, 5, 6, 7, 8, 9, 1, 2, 3, 4, 5, 6, 7, 8, 9], ""eps1"": 10, ""distance_median"": 0.381881201147675}"
242,rflbat,rflbat_cluster_filter,"[1, 98, 82, 16, 84, 94, 72, 53, 87, 90, 98, 82, 16, 84, 94, 72, 53, 87, 90]",[],"{""accepted_indices"": [0, 1, 2, 3, 4, 5, 6, 7, 8, 9, 1, 2, 3, 4, 5, 6, 7, 8, 9], ""num_clusters"": 1, ""cluster_scores"": [0.11291177889611488]}"
242,rflbat,rflbat_final_distance_filter,"[1, 98, 82, 16, 84, 94, 72, 53, 87, 90]",[],"{""accepted_indices"": [0, 1, 2, 3, 4, 5, 6, 7, 8, 9, 1, 2, 3, 4, 5, 6, 7, 8, 9], ""eps2"": 6, ""distance_median"": 0.6322128482854319}"
243,rflbat,rflbat_first_distance_filter,"[1, 19, 15, 82, 76, 30, 57, 20, 58, 32, 19, 15, 82, 76, 30, 57, 20, 58, 32]",[],"{""accepted_indices"": [0, 1, 2, 3, 4, 5, 6, 7, 8, 9, 1, 2, 3, 4, 5, 6, 7, 8, 9], ""eps1"": 10, ""distance_median"": 0.376834018158702}"
243,rflbat,rflbat_cluster_filter,"[1, 19, 15, 82, 76, 30, 57, 20, 58, 32, 19, 15, 82, 76, 30, 57, 20, 58, 32]",[],"{""accepted_indices"": [0, 1, 2, 3, 4, 5, 6, 7, 8, 9, 1, 2, 3, 4, 5, 6, 7, 8, 9], ""num_clusters"": 1, ""cluster_scores"": [0.10843270501849711]}"
243,rflbat,rflbat_final_distance_filter,"[1, 19, 15, 82, 76, 30, 57, 20, 58, 32]",[],"{""accepted_indices"": [0, 1, 2, 3, 4, 5, 6, 7, 8, 9, 1, 2, 3, 4, 5, 6, 7, 8, 9], ""eps2"": 6, ""distance_median"": 0.5962430392638364}"
244,rflbat,rflbat_first_distance_filter,"[3, 2, 15, 8, 66, 63, 87, 39, 53, 30, 2, 15, 8, 66, 63, 87, 39, 53, 30]",[],"{""accepted_indices"": [0, 1, 2, 3, 4, 5, 6, 7, 8, 9, 1, 2, 3, 4, 5, 6, 7, 8, 9], ""eps1"": 10, ""distance_median"": 0.3095751307910388}"
244,rflbat,rflbat_cluster_filter,"[3, 2, 15, 8, 66, 63, 87, 39, 53, 30, 2, 15, 8, 66, 63, 87, 39, 53, 30]",[],"{""accepted_indices"": [0, 1, 2, 3, 4, 5, 6, 7, 8, 9, 1, 2, 3, 4, 5, 6, 7, 8, 9], ""num_clusters"": 1, ""cluster_scores"": [0.10354116080263295]}"
244,rflbat,rflbat_final_distance_filter,"[3, 2, 15, 8, 66, 63, 87, 39, 53, 30]",[],"{""accepted_indices"": [0, 1, 2, 3, 4, 5, 6, 7, 8, 9, 1, 2, 3, 4, 5, 6, 7, 8, 9], ""eps2"": 6, ""distance_median"": 0.6129347717404746}"
245,rflbat,rflbat_first_distance_filter,"[4, 9, 99, 81, 54, 28, 66, 17, 23, 14, 9, 99, 81, 54, 28, 66, 17, 23, 14]",[],"{""accepted_indices"": [0, 1, 2, 3, 4, 5, 6, 7, 8, 9, 1, 2, 3, 4, 5, 6, 7, 8, 9], ""eps1"": 10, ""distance_median"": 0.3588106890397684}"
245,rflbat,rflbat_cluster_filter,"[4, 9, 99, 81, 54, 28, 66, 17, 23, 14, 9, 99, 81, 54, 28, 66, 17, 23, 14]",[],"{""accepted_indices"": [0, 1, 2, 3, 4, 5, 6, 7, 8, 9, 1, 2, 3, 4, 5, 6, 7, 8, 9], ""num_clusters"": 1, ""cluster_scores"": [0.11695205870298303]}"
245,rflbat,rflbat_final_distance_filter,"[4, 9, 99, 81, 54, 28, 66, 17, 23, 14]",[],"{""accepted_indices"": [0, 1, 2, 3, 4, 5, 6, 7, 8, 9, 1, 2, 3, 4, 5, 6, 7, 8, 9], ""eps2"": 6, ""distance_median"": 0.7153718198554786}"
246,rflbat,rflbat_first_distance_filter,"[3, 74, 55, 16, 31, 9, 23, 14, 98, 45, 74, 55, 16, 31, 9, 23, 14, 98, 45]",[],"{""accepted_indices"": [0, 1, 2, 3, 4, 5, 6, 7, 8, 9, 1, 2, 3, 4, 5, 6, 7, 8, 9], ""eps1"": 10, ""distance_median"": 0.3076800226947548}"
246,rflbat,rflbat_cluster_filter,"[3, 74, 55, 16, 31, 9, 23, 14, 98, 45, 74, 55, 16, 31, 9, 23, 14, 98, 45]",[],"{""accepted_indices"": [0, 1, 2, 3, 4, 5, 6, 7, 8, 9, 1, 2, 3, 4, 5, 6, 7, 8, 9], ""num_clusters"": 1, ""cluster_scores"": [0.10701807154996568]}"
246,rflbat,rflbat_final_distance_filter,"[3, 74, 55, 16, 31, 9, 23, 14, 98, 45]",[],"{""accepted_indices"": [0, 1, 2, 3, 4, 5, 6, 7, 8, 9, 1, 2, 3, 4, 5, 6, 7, 8, 9], ""eps2"": 6, ""distance_median"": 0.6207741569816791}"
247,rflbat,rflbat_first_distance_filter,"[2, 50, 64, 65, 67, 21, 10, 22, 98, 18, 50, 64, 65, 67, 21, 10, 22, 98, 18]",[],"{""accepted_indices"": [0, 1, 2, 3, 4, 5, 6, 7, 8, 9, 1, 2, 3, 4, 5, 6, 7, 8, 9], ""eps1"": 10, ""distance_median"": 0.4330349998657783}"
247,rflbat,rflbat_cluster_filter,"[2, 50, 64, 65, 67, 21, 10, 22, 98, 18, 50, 64, 65, 67, 21, 10, 22, 98, 18]",[],"{""accepted_indices"": [0, 1, 2, 3, 4, 5, 6, 7, 8, 9, 1, 2, 3, 4, 5, 6, 7, 8, 9], ""num_clusters"": 1, ""cluster_scores"": [0.1147568916112266]}"
247,rflbat,rflbat_final_distance_filter,"[2, 50, 64, 65, 67, 21, 10, 22, 98, 18]",[],"{""accepted_indices"": [0, 1, 2, 3, 4, 5, 6, 7, 8, 9, 1, 2, 3, 4, 5, 6, 7, 8, 9], ""eps2"": 6, ""distance_median"": 0.7992750458580333}"
248,rflbat,rflbat_first_distance_filter,"[4, 35, 63, 79, 18, 75, 62, 69, 54, 96, 35, 63, 79, 18, 75, 62, 69, 54, 96]",[],"{""accepted_indices"": [0, 1, 2, 3, 4, 5, 6, 7, 8, 9, 1, 2, 3, 4, 5, 6, 7, 8, 9], ""eps1"": 10, ""distance_median"": 0.45990518619896625}"
248,rflbat,rflbat_cluster_filter,"[4, 35, 63, 79, 18, 75, 62, 69, 54, 96, 35, 63, 79, 18, 75, 62, 69, 54, 96]",[],"{""accepted_indices"": [0, 1, 2, 3, 4, 5, 6, 7, 8, 9, 1, 2, 3, 4, 5, 6, 7, 8, 9], ""num_clusters"": 1, ""cluster_scores"": [0.10194758628383303]}"
248,rflbat,rflbat_final_distance_filter,"[4, 35, 63, 79, 18, 75, 62, 69, 54, 96]",[],"{""accepted_indices"": [0, 1, 2, 3, 4, 5, 6, 7, 8, 9, 1, 2, 3, 4, 5, 6, 7, 8, 9], ""eps2"": 6, ""distance_median"": 0.9186110897390926}"
249,rflbat,rflbat_first_distance_filter,"[4, 92, 53, 99, 66, 33, 7, 81, 77, 24, 92, 53, 99, 66, 33, 7, 81, 77, 24]",[],"{""accepted_indices"": [0, 1, 2, 3, 4, 5, 6, 7, 8, 9, 1, 2, 3, 4, 5, 6, 7, 8, 9], ""eps1"": 10, ""distance_median"": 0.4405215356638126}"
249,rflbat,rflbat_cluster_filter,"[4, 92, 53, 99, 66, 33, 7, 81, 77, 24, 92, 53, 99, 66, 33, 7, 81, 77, 24]",[],"{""accepted_indices"": [0, 1, 2, 3, 4, 5, 6, 7, 8, 9, 1, 2, 3, 4, 5, 6, 7, 8, 9], ""num_clusters"": 1, ""cluster_scores"": [0.10656534655227629]}"
249,rflbat,rflbat_final_distance_filter,"[4, 92, 53, 99, 66, 33, 7, 81, 77, 24]",[],"{""accepted_indices"": [0, 1, 2, 3, 4, 5, 6, 7, 8, 9, 1, 2, 3, 4, 5, 6, 7, 8, 9], ""eps2"": 6, ""distance_median"": 0.880847105049993}"
250,rflbat,rflbat_first_distance_filter,"[2, 47, 12, 79, 80, 8, 6, 73, 31, 28, 47, 12, 79, 80, 8, 6, 73, 31, 28]",[],"{""accepted_indices"": [0, 1, 2, 3, 4, 5, 6, 7, 8, 9, 1, 2, 3, 4, 5, 6, 7, 8, 9], ""eps1"": 10, ""distance_median"": 0.3754951724105653}"
250,rflbat,rflbat_cluster_filter,"[2, 47, 12, 79, 80, 8, 6, 73, 31, 28, 47, 12, 79, 80, 8, 6, 73, 31, 28]",[],"{""accepted_indices"": [0, 1, 2, 3, 4, 5, 6, 7, 8, 9, 1, 2, 3, 4, 5, 6, 7, 8, 9], ""num_clusters"": 1, ""cluster_scores"": [0.10203207845578974]}"
250,rflbat,rflbat_final_distance_filter,"[2, 47, 12, 79, 80, 8, 6, 73, 31, 28]",[],"{""accepted_indices"": [0, 1, 2, 3, 4, 5, 6, 7, 8, 9, 1, 2, 3, 4, 5, 6, 7, 8, 9], ""eps2"": 6, ""distance_median"": 0.7500566573873592}"
251,rflbat,rflbat_first_distance_filter,"[2, 72, 51, 33, 1, 38, 9, 22, 43, 68, 72, 51, 33, 1, 38, 9, 22, 43, 68]",[],"{""accepted_indices"": [0, 1, 2, 3, 4, 5, 6, 7, 8, 9, 1, 2, 3, 4, 5, 6, 7, 8, 9], ""eps1"": 10, ""distance_median"": 0.47766937464832065}"
251,rflbat,rflbat_cluster_filter,"[2, 72, 51, 33, 1, 38, 9, 22, 43, 68, 72, 51, 33, 1, 38, 9, 22, 43, 68]",[],"{""accepted_indices"": [0, 1, 2, 3, 4, 5, 6, 7, 8, 9, 1, 2, 3, 4, 5, 6, 7, 8, 9], ""num_clusters"": 1, ""cluster_scores"": [0.11642681491768507]}"
251,rflbat,rflbat_final_distance_filter,"[2, 72, 51, 33, 1, 38, 9, 22, 43, 68]",[],"{""accepted_indices"": [0, 1, 2, 3, 4, 5, 6, 7, 8, 9, 1, 2, 3, 4, 5, 6, 7, 8, 9], ""eps2"": 6, ""distance_median"": 0.9477179319082859}"
252,rflbat,rflbat_first_distance_filter,"[0, 3, 80, 92, 35, 82, 76, 58, 19, 90, 3, 80, 92, 35, 82, 76, 58, 19, 90]",[],"{""accepted_indices"": [0, 1, 2, 3, 4, 5, 6, 7, 8, 9, 1, 2, 3, 4, 5, 6, 7, 8, 9], ""eps1"": 10, ""distance_median"": 0.4973632199395006}"
252,rflbat,rflbat_cluster_filter,"[0, 3, 80, 92, 35, 82, 58, 19, 90, 3, 80, 92, 35, 82, 58, 19, 90]",[76],"{""accepted_indices"": [0, 1, 2, 3, 4, 5, 7, 8, 9, 1, 2, 3, 4, 5, 7, 8, 9], ""num_clusters"": 2, ""cluster_scores"": [1.000000000001079, 0.12447225681153139]}"
252,rflbat,rflbat_final_distance_filter,"[0, 3, 80, 92, 35, 82, 58, 19, 90]",[76],"{""accepted_indices"": [0, 1, 2, 3, 4, 5, 7, 8, 9, 1, 2, 3, 4, 5, 7, 8, 9], ""eps2"": 6, ""distance_median"": 0.7219197805900346}"
253,rflbat,rflbat_first_distance_filter,"[4, 17, 77, 85, 95, 45, 55, 5, 40, 41, 17, 77, 85, 95, 45, 55, 5, 40, 41]",[],"{""accepted_indices"": [0, 1, 2, 3, 4, 5, 6, 7, 8, 9, 1, 2, 3, 4, 5, 6, 7, 8, 9], ""eps1"": 10, ""distance_median"": 0.4043583491763256}"
253,rflbat,rflbat_cluster_filter,"[4, 17, 77, 85, 95, 45, 55, 5, 40, 41, 17, 77, 85, 95, 45, 55, 5, 40, 41]",[],"{""accepted_indices"": [0, 1, 2, 3, 4, 5, 6, 7, 8, 9, 1, 2, 3, 4, 5, 6, 7, 8, 9], ""num_clusters"": 1, ""cluster_scores"": [0.10966435525803392]}"
253,rflbat,rflbat_final_distance_filter,"[4, 17, 77, 85, 95, 45, 55, 5, 40, 41]",[],"{""accepted_indices"": [0, 1, 2, 3, 4, 5, 6, 7, 8, 9, 1, 2, 3, 4, 5, 6, 7, 8, 9], ""eps2"": 6, ""distance_median"": 0.8140023613825831}"
254,rflbat,rflbat_first_distance_filter,"[0, 42, 18, 84, 59, 26, 76, 12, 43, 95, 42, 18, 84, 59, 26, 76, 12, 43, 95]",[],"{""accepted_indices"": [0, 1, 2, 3, 4, 5, 6, 7, 8, 9, 1, 2, 3, 4, 5, 6, 7, 8, 9], ""eps1"": 10, ""distance_median"": 0.5716361205652258}"
254,rflbat,rflbat_cluster_filter,"[0, 42, 18, 84, 59, 26, 76, 12, 43, 95, 42, 18, 84, 59, 26, 76, 12, 43, 95]",[],"{""accepted_indices"": [0, 1, 2, 3, 4, 5, 6, 7, 8, 9, 1, 2, 3, 4, 5, 6, 7, 8, 9], ""num_clusters"": 1, ""cluster_scores"": [0.11833094377757138]}"
254,rflbat,rflbat_final_distance_filter,"[0, 42, 18, 84, 59, 26, 76, 12, 43, 95]",[],"{""accepted_indices"": [0, 1, 2, 3, 4, 5, 6, 7, 8, 9, 1, 2, 3, 4, 5, 6, 7, 8, 9], ""eps2"": 6, ""distance_median"": 1.1438196854654656}"
255,rflbat,rflbat_first_distance_filter,"[4, 19, 92, 78, 42, 60, 65, 27, 99, 50, 19, 92, 78, 42, 60, 65, 27, 99, 50]",[],"{""accepted_indices"": [0, 1, 2, 3, 4, 5, 6, 7, 8, 9, 1, 2, 3, 4, 5, 6, 7, 8, 9], ""eps1"": 10, ""distance_median"": 0.3546392169529565}"
255,rflbat,rflbat_cluster_filter,"[4, 19, 92, 78, 42, 60, 65, 27, 99, 50, 19, 92, 78, 42, 60, 65, 27, 99, 50]",[],"{""accepted_indices"": [0, 1, 2, 3, 4, 5, 6, 7, 8, 9, 1, 2, 3, 4, 5, 6, 7, 8, 9], ""num_clusters"": 1, ""cluster_scores"": [0.10430531879310355]}"
255,rflbat,rflbat_final_distance_filter,"[4, 19, 92, 78, 42, 60, 65, 27, 99, 50]",[],"{""accepted_indices"": [0, 1, 2, 3, 4, 5, 6, 7, 8, 9, 1, 2, 3, 4, 5, 6, 7, 8, 9], ""eps2"": 6, ""distance_median"": 0.7061877297201986}"
256,rflbat,rflbat_first_distance_filter,"[1, 58, 8, 52, 28, 7, 5, 12, 67, 91, 58, 8, 52, 28, 7, 5, 12, 67, 91]",[],"{""accepted_indices"": [0, 1, 2, 3, 4, 5, 6, 7, 8, 9, 1, 2, 3, 4, 5, 6, 7, 8, 9], ""eps1"": 10, ""distance_median"": 0.47999669990881844}"
256,rflbat,rflbat_cluster_filter,"[1, 58, 8, 52, 28, 7, 5, 12, 67, 91, 58, 8, 52, 28, 7, 5, 12, 67, 91]",[],"{""accepted_indices"": [0, 1, 2, 3, 4, 5, 6, 7, 8, 9, 1, 2, 3, 4, 5, 6, 7, 8, 9], ""num_clusters"": 1, ""cluster_scores"": [0.10394934105690071]}"
256,rflbat,rflbat_final_distance_filter,"[1, 58, 8, 52, 28, 7, 5, 12, 67, 91]",[],"{""accepted_indices"": [0, 1, 2, 3, 4, 5, 6, 7, 8, 9, 1, 2, 3, 4, 5, 6, 7, 8, 9], ""eps2"": 6, ""distance_median"": 0.8019952816956671}"
257,rflbat,rflbat_first_distance_filter,"[1, 71, 10, 97, 6, 77, 82, 48, 56, 30, 71, 10, 97, 6, 77, 82, 48, 56, 30]",[],"{""accepted_indices"": [0, 1, 2, 3, 4, 5, 6, 7, 8, 9, 1, 2, 3, 4, 5, 6, 7, 8, 9], ""eps1"": 10, ""distance_median"": 0.45875133439500915}"
257,rflbat,rflbat_cluster_filter,"[10, 97, 6, 77, 82, 48, 56, 30, 10, 97, 6, 77, 82, 48, 56, 30]","[1, 71]","{""accepted_indices"": [2, 3, 4, 5, 6, 7, 8, 9, 2, 3, 4, 5, 6, 7, 8, 9], ""num_clusters"": 3, ""cluster_scores"": [0.12174704875024576, 1.0000000000013645, 1]}"
257,rflbat,rflbat_final_distance_filter,"[10, 97, 6, 77, 82, 48, 56, 30]","[1, 71]","{""accepted_indices"": [2, 3, 4, 5, 6, 7, 8, 9, 2, 3, 4, 5, 6, 7, 8, 9], ""eps2"": 6, ""distance_median"": 0.16332120409390083}"
258,rflbat,rflbat_first_distance_filter,"[2, 42, 23, 3, 71, 38, 39, 65, 93, 86, 42, 23, 3, 71, 38, 39, 65, 93, 86]",[],"{""accepted_indices"": [0, 1, 2, 3, 4, 5, 6, 7, 8, 9, 1, 2, 3, 4, 5, 6, 7, 8, 9], ""eps1"": 10, ""distance_median"": 0.5607318929045957}"
258,rflbat,rflbat_cluster_filter,"[2, 42, 23, 3, 71, 38, 39, 65, 93, 86, 42, 23, 3, 71, 38, 39, 65, 93, 86]",[],"{""accepted_indices"": [0, 1, 2, 3, 4, 5, 6, 7, 8, 9, 1, 2, 3, 4, 5, 6, 7, 8, 9], ""num_clusters"": 1, ""cluster_scores"": [0.1126567313979581]}"
258,rflbat,rflbat_final_distance_filter,"[2, 42, 23, 3, 71, 38, 39, 65, 93, 86]",[],"{""accepted_indices"": [0, 1, 2, 3, 4, 5, 6, 7, 8, 9, 1, 2, 3, 4, 5, 6, 7, 8, 9], ""eps2"": 6, ""distance_median"": 1.1724993812564397}"
259,rflbat,rflbat_first_distance_filter,"[4, 3, 54, 15, 32, 40, 31, 52, 58, 46, 3, 54, 15, 32, 40, 31, 52, 58, 46]",[],"{""accepted_indices"": [0, 1, 2, 3, 4, 5, 6, 7, 8, 9, 1, 2, 3, 4, 5, 6, 7, 8, 9], ""eps1"": 10, ""distance_median"": 0.34909177637441424}"
259,rflbat,rflbat_cluster_filter,"[4, 3, 54, 15, 32, 40, 31, 52, 58, 46, 3, 54, 15, 32, 40, 31, 52, 58, 46]",[],"{""accepted_indices"": [0, 1, 2, 3, 4, 5, 6, 7, 8, 9, 1, 2, 3, 4, 5, 6, 7, 8, 9], ""num_clusters"": 1, ""cluster_scores"": [0.11256358188036415]}"
259,rflbat,rflbat_final_distance_filter,"[4, 3, 54, 15, 32, 40, 31, 52, 58, 46]",[],"{""accepted_indices"": [0, 1, 2, 3, 4, 5, 6, 7, 8, 9, 1, 2, 3, 4, 5, 6, 7, 8, 9], ""eps2"": 6, ""distance_median"": 0.7397081243800427}"
260,rflbat,rflbat_first_distance_filter,"[3, 81, 8, 74, 2, 65, 31, 53, 79, 87, 81, 8, 74, 2, 65, 31, 53, 79, 87]",[],"{""accepted_indices"": [0, 1, 2, 3, 4, 5, 6, 7, 8, 9, 1, 2, 3, 4, 5, 6, 7, 8, 9], ""eps1"": 10, ""distance_median"": 0.3515670391252776}"
260,rflbat,rflbat_cluster_filter,"[3, 81, 8, 74, 2, 65, 31, 53, 79, 87, 81, 8, 74, 2, 65, 31, 53, 79, 87]",[],"{""accepted_indices"": [0, 1, 2, 3, 4, 5, 6, 7, 8, 9, 1, 2, 3, 4, 5, 6, 7, 8, 9], ""num_clusters"": 1, ""cluster_scores"": [0.09809166860118505]}"
260,rflbat,rflbat_final_distance_filter,"[3, 81, 8, 74, 2, 65, 31, 53, 79, 87]",[],"{""accepted_indices"": [0, 1, 2, 3, 4, 5, 6, 7, 8, 9, 1, 2, 3, 4, 5, 6, 7, 8, 9], ""eps2"": 6, ""distance_median"": 0.7218192792197854}"
261,rflbat,rflbat_first_distance_filter,"[3, 5, 63, 11, 45, 96, 25, 10, 6, 64, 5, 63, 11, 45, 96, 25, 10, 6, 64]",[],"{""accepted_indices"": [0, 1, 2, 3, 4, 5, 6, 7, 8, 9, 1, 2, 3, 4, 5, 6, 7, 8, 9], ""eps1"": 10, ""distance_median"": 0.3182329321580709}"
261,rflbat,rflbat_cluster_filter,"[3, 5, 63, 11, 45, 96, 25, 10, 6, 64, 5, 63, 11, 45, 96, 25, 10, 6, 64]",[],"{""accepted_indices"": [0, 1, 2, 3, 4, 5, 6, 7, 8, 9, 1, 2, 3, 4, 5, 6, 7, 8, 9], ""num_clusters"": 1, ""cluster_scores"": [0.11954144296582941]}"
261,rflbat,rflbat_final_distance_filter,"[3, 5, 63, 11, 45, 96, 25, 10, 6, 64]",[],"{""accepted_indices"": [0, 1, 2, 3, 4, 5, 6, 7, 8, 9, 1, 2, 3, 4, 5, 6, 7, 8, 9], ""eps2"": 6, ""distance_median"": 0.6412568837598863}"
262,rflbat,rflbat_first_distance_filter,"[3, 24, 25, 48, 0, 83, 32, 45, 16, 87, 24, 25, 48, 0, 83, 32, 45, 16, 87]",[],"{""accepted_indices"": [0, 1, 2, 3, 4, 5, 6, 7, 8, 9, 1, 2, 3, 4, 5, 6, 7, 8, 9], ""eps1"": 10, ""distance_median"": 0.41326234421955355}"
262,rflbat,rflbat_cluster_filter,"[3, 24, 25, 48, 0, 83, 32, 45, 16, 87, 24, 25, 48, 0, 83, 32, 45, 16, 87]",[],"{""accepted_indices"": [0, 1, 2, 3, 4, 5, 6, 7, 8, 9, 1, 2, 3, 4, 5, 6, 7, 8, 9], ""num_clusters"": 1, ""cluster_scores"": [0.10832679647799293]}"
262,rflbat,rflbat_final_distance_filter,"[3, 24, 25, 48, 0, 83, 32, 45, 16, 87]",[],"{""accepted_indices"": [0, 1, 2, 3, 4, 5, 6, 7, 8, 9, 1, 2, 3, 4, 5, 6, 7, 8, 9], ""eps2"": 6, ""distance_median"": 0.9003250849342547}"
263,rflbat,rflbat_first_distance_filter,"[1, 7, 44, 70, 59, 25, 60, 62, 13, 94, 7, 44, 70, 59, 25, 60, 62, 13, 94]",[],"{""accepted_indices"": [0, 1, 2, 3, 4, 5, 6, 7, 8, 9, 1, 2, 3, 4, 5, 6, 7, 8, 9], ""eps1"": 10, ""distance_median"": 0.43138338468752846}"
263,rflbat,rflbat_cluster_filter,"[1, 7, 44, 70, 59, 25, 60, 62, 13, 94, 7, 44, 70, 59, 25, 60, 62, 13, 94]",[],"{""accepted_indices"": [0, 1, 2, 3, 4, 5, 6, 7, 8, 9, 1, 2, 3, 4, 5, 6, 7, 8, 9], ""num_clusters"": 1, ""cluster_scores"": [0.10158430041894104]}"
263,rflbat,rflbat_final_distance_filter,"[1, 7, 44, 70, 59, 25, 60, 62, 13, 94]",[],"{""accepted_indices"": [0, 1, 2, 3, 4, 5, 6, 7, 8, 9, 1, 2, 3, 4, 5, 6, 7, 8, 9], ""eps2"": 6, ""distance_median"": 0.7095786231577559}"
264,rflbat,rflbat_first_distance_filter,"[0, 49, 47, 84, 65, 24, 63, 43, 35, 22, 49, 47, 84, 65, 24, 63, 43, 35, 22]",[],"{""accepted_indices"": [0, 1, 2, 3, 4, 5, 6, 7, 8, 9, 1, 2, 3, 4, 5, 6, 7, 8, 9], ""eps1"": 10, ""distance_median"": 0.47306145712904146}"
264,rflbat,rflbat_cluster_filter,"[0, 49, 47, 84, 65, 24, 63, 43, 35, 22, 49, 47, 84, 65, 24, 63, 43, 35, 22]",[],"{""accepted_indices"": [0, 1, 2, 3, 4, 5, 6, 7, 8, 9, 1, 2, 3, 4, 5, 6, 7, 8, 9], ""num_clusters"": 1, ""cluster_scores"": [0.1112497098510867]}"
264,rflbat,rflbat_final_distance_filter,"[0, 49, 47, 84, 65, 24, 63, 43, 35, 22]",[],"{""accepted_indices"": [0, 1, 2, 3, 4, 5, 6, 7, 8, 9, 1, 2, 3, 4, 5, 6, 7, 8, 9], ""eps2"": 6, ""distance_median"": 0.9435550812405611}"
265,rflbat,rflbat_first_distance_filter,"[2, 97, 25, 42, 37, 39, 11, 84, 48, 95, 97, 25, 42, 37, 39, 11, 84, 48, 95]",[],"{""accepted_indices"": [0, 1, 2, 3, 4, 5, 6, 7, 8, 9, 1, 2, 3, 4, 5, 6, 7, 8, 9], ""eps1"": 10, ""distance_median"": 0.3921661859875626}"
265,rflbat,rflbat_cluster_filter,"[2, 97, 25, 42, 37, 39, 11, 84, 48, 95, 97, 25, 42, 37, 39, 11, 84, 48, 95]",[],"{""accepted_indices"": [0, 1, 2, 3, 4, 5, 6, 7, 8, 9, 1, 2, 3, 4, 5, 6, 7, 8, 9], ""num_clusters"": 1, ""cluster_scores"": [0.0903072901371629]}"
265,rflbat,rflbat_final_distance_filter,"[2, 97, 25, 42, 37, 39, 11, 84, 48, 95]",[],"{""accepted_indices"": [0, 1, 2, 3, 4, 5, 6, 7, 8, 9, 1, 2, 3, 4, 5, 6, 7, 8, 9], ""eps2"": 6, ""distance_median"": 0.7477960526778905}"
266,rflbat,rflbat_first_distance_filter,"[0, 56, 47, 74, 26, 38, 79, 11, 63, 9, 56, 47, 74, 26, 38, 79, 11, 63, 9]",[],"{""accepted_indices"": [0, 1, 2, 3, 4, 5, 6, 7, 8, 9, 1, 2, 3, 4, 5, 6, 7, 8, 9], ""eps1"": 10, ""distance_median"": 0.4525359296964891}"
266,rflbat,rflbat_cluster_filter,"[0, 56, 74, 26, 38, 79, 11, 63, 9, 56, 74, 26, 38, 79, 11, 63, 9]",[47],"{""accepted_indices"": [0, 1, 3, 4, 5, 6, 7, 8, 9, 1, 3, 4, 5, 6, 7, 8, 9], ""num_clusters"": 2, ""cluster_scores"": [0.1171752062550231, 1.0000000000011267]}"
266,rflbat,rflbat_final_distance_filter,"[0, 56, 74, 26, 38, 79, 11, 63, 9]",[47],"{""accepted_indices"": [0, 1, 3, 4, 5, 6, 7, 8, 9, 1, 3, 4, 5, 6, 7, 8, 9], ""eps2"": 6, ""distance_median"": 0.6892936546172312}"
267,rflbat,rflbat_first_distance_filter,"[3, 87, 89, 72, 8, 16, 39, 91, 82, 28, 87, 89, 72, 8, 16, 39, 91, 82, 28]",[],"{""accepted_indices"": [0, 1, 2, 3, 4, 5, 6, 7, 8, 9, 1, 2, 3, 4, 5, 6, 7, 8, 9], ""eps1"": 10, ""distance_median"": 0.3490896537161644}"
267,rflbat,rflbat_cluster_filter,"[3, 87, 89, 72, 8, 16, 39, 91, 82, 28, 87, 89, 72, 8, 16, 39, 91, 82, 28]",[],"{""accepted_indices"": [0, 1, 2, 3, 4, 5, 6, 7, 8, 9, 1, 2, 3, 4, 5, 6, 7, 8, 9], ""num_clusters"": 1, ""cluster_scores"": [0.09366405068065012]}"
267,rflbat,rflbat_final_distance_filter,"[3, 87, 89, 72, 8, 16, 39, 91, 82, 28]",[],"{""accepted_indices"": [0, 1, 2, 3, 4, 5, 6, 7, 8, 9, 1, 2, 3, 4, 5, 6, 7, 8, 9], ""eps2"": 6, ""distance_median"": 0.7242347473937192}"
268,rflbat,rflbat_first_distance_filter,"[1, 5, 29, 49, 32, 7, 4, 64, 11, 53, 5, 29, 49, 32, 7, 4, 64, 11, 53]",[],"{""accepted_indices"": [0, 1, 2, 3, 4, 5, 6, 7, 8, 9, 1, 2, 3, 4, 5, 6, 7, 8, 9], ""eps1"": 10, ""distance_median"": 0.39285811858387854}"
268,rflbat,rflbat_cluster_filter,"[1, 5, 29, 49, 32, 7, 4, 64, 11, 53, 5, 29, 49, 32, 7, 4, 64, 11, 53]",[],"{""accepted_indices"": [0, 1, 2, 3, 4, 5, 6, 7, 8, 9, 1, 2, 3, 4, 5, 6, 7, 8, 9], ""num_clusters"": 1, ""cluster_scores"": [0.09503748380117046]}"
268,rflbat,rflbat_final_distance_filter,"[1, 5, 29, 49, 32, 7, 4, 64, 11, 53]",[],"{""accepted_indices"": [0, 1, 2, 3, 4, 5, 6, 7, 8, 9, 1, 2, 3, 4, 5, 6, 7, 8, 9], ""eps2"": 6, ""distance_median"": 0.6346856814764787}"
269,rflbat,rflbat_first_distance_filter,"[0, 6, 78, 27, 64, 28, 11, 30, 44, 29, 6, 78, 27, 64, 28, 11, 30, 44, 29]",[],"{""accepted_indices"": [0, 1, 2, 3, 4, 5, 6, 7, 8, 9, 1, 2, 3, 4, 5, 6, 7, 8, 9], ""eps1"": 10, ""distance_median"": 0.3800541673852025}"
269,rflbat,rflbat_cluster_filter,"[0, 6, 78, 27, 64, 28, 11, 30, 29, 6, 78, 27, 64, 28, 11, 30, 29]",[44],"{""accepted_indices"": [0, 1, 2, 3, 4, 5, 6, 7, 9, 1, 2, 3, 4, 5, 6, 7, 9], ""num_clusters"": 2, ""cluster_scores"": [0.11873853494522134, 1.0000000000023361]}"
269,rflbat,rflbat_final_distance_filter,"[0, 6, 78, 27, 64, 28, 11, 30, 29]",[44],"{""accepted_indices"": [0, 1, 2, 3, 4, 5, 6, 7, 9, 1, 2, 3, 4, 5, 6, 7, 9], ""eps2"": 6, ""distance_median"": 0.35716174977838105}"
270,rflbat,rflbat_first_distance_filter,"[4, 92, 80, 13, 72, 73, 29, 44, 14, 43, 92, 80, 13, 72, 73, 29, 44, 14, 43]",[],"{""accepted_indices"": [0, 1, 2, 3, 4, 5, 6, 7, 8, 9, 1, 2, 3, 4, 5, 6, 7, 8, 9], ""eps1"": 10, ""distance_median"": 0.41455531601960904}"
270,rflbat,rflbat_cluster_filter,"[4, 92, 80, 13, 72, 73, 29, 44, 14, 43, 92, 80, 13, 72, 73, 29, 44, 14, 43]",[],"{""accepted_indices"": [0, 1, 2, 3, 4, 5, 6, 7, 8, 9, 1, 2, 3, 4, 5, 6, 7, 8, 9], ""num_clusters"": 1, ""cluster_scores"": [0.10723818973462636]}"
270,rflbat,rflbat_final_distance_filter,"[4, 92, 80, 13, 72, 73, 29, 44, 14, 43]",[],"{""accepted_indices"": [0, 1, 2, 3, 4, 5, 6, 7, 8, 9, 1, 2, 3, 4, 5, 6, 7, 8, 9], ""eps2"": 6, ""distance_median"": 0.8222274318417092}"
271,rflbat,rflbat_first_distance_filter,"[0, 57, 15, 16, 48, 25, 80, 45, 77, 10, 57, 15, 16, 48, 25, 80, 45, 77, 10]",[],"{""accepted_indices"": [0, 1, 2, 3, 4, 5, 6, 7, 8, 9, 1, 2, 3, 4, 5, 6, 7, 8, 9], ""eps1"": 10, ""distance_median"": 0.33062134801938214}"
271,rflbat,rflbat_cluster_filter,"[0, 57, 15, 16, 48, 25, 80, 45, 77, 10, 57, 15, 16, 48, 25, 80, 45, 77, 10]",[],"{""accepted_indices"": [0, 1, 2, 3, 4, 5, 6, 7, 8, 9, 1, 2, 3, 4, 5, 6, 7, 8, 9], ""num_clusters"": 1, ""cluster_scores"": [0.10534706520535612]}"
271,rflbat,rflbat_final_distance_filter,"[0, 57, 15, 16, 48, 25, 80, 45, 77, 10]",[],"{""accepted_indices"": [0, 1, 2, 3, 4, 5, 6, 7, 8, 9, 1, 2, 3, 4, 5, 6, 7, 8, 9], ""eps2"": 6, ""distance_median"": 0.6617771981237335}"
272,rflbat,rflbat_first_distance_filter,"[2, 46, 48, 67, 8, 40, 91, 3, 84, 27, 46, 48, 67, 8, 40, 91, 3, 84, 27]",[],"{""accepted_indices"": [0, 1, 2, 3, 4, 5, 6, 7, 8, 9, 1, 2, 3, 4, 5, 6, 7, 8, 9], ""eps1"": 10, ""distance_median"": 0.4176996545649574}"
272,rflbat,rflbat_cluster_filter,"[2, 46, 48, 67, 8, 40, 91, 3, 84, 27, 46, 48, 67, 8, 40, 91, 3, 84, 27]",[],"{""accepted_indices"": [0, 1, 2, 3, 4, 5, 6, 7, 8, 9, 1, 2, 3, 4, 5, 6, 7, 8, 9], ""num_clusters"": 1, ""cluster_scores"": [0.10916038310006129]}"
272,rflbat,rflbat_final_distance_filter,"[2, 46, 48, 67, 8, 40, 91, 3, 84, 27]",[],"{""accepted_indices"": [0, 1, 2, 3, 4, 5, 6, 7, 8, 9, 1, 2, 3, 4, 5, 6, 7, 8, 9], ""eps2"": 6, ""distance_median"": 0.8094495006189495}"
273,rflbat,rflbat_first_distance_filter,"[2, 26, 55, 16, 40, 19, 75, 24, 63, 62, 26, 55, 16, 40, 19, 75, 24, 63, 62]",[],"{""accepted_indices"": [0, 1, 2, 3, 4, 5, 6, 7, 8, 9, 1, 2, 3, 4, 5, 6, 7, 8, 9], ""eps1"": 10, ""distance_median"": 0.42974919133402395}"
273,rflbat,rflbat_cluster_filter,"[2, 26, 55, 16, 40, 19, 75, 24, 63, 62, 26, 55, 16, 40, 19, 75, 24, 63, 62]",[],"{""accepted_indices"": [0, 1, 2, 3, 4, 5, 6, 7, 8, 9, 1, 2, 3, 4, 5, 6, 7, 8, 9], ""num_clusters"": 1, ""cluster_scores"": [0.1106634194128158]}"
273,rflbat,rflbat_final_distance_filter,"[2, 26, 55, 16, 40, 19, 75, 24, 63, 62]",[],"{""accepted_indices"": [0, 1, 2, 3, 4, 5, 6, 7, 8, 9, 1, 2, 3, 4, 5, 6, 7, 8, 9], ""eps2"": 6, ""distance_median"": 0.8607857018288776}"
274,rflbat,rflbat_first_distance_filter,"[3, 21, 74, 92, 41, 36, 12, 56, 77, 79, 21, 74, 92, 41, 36, 12, 56, 77, 79]",[],"{""accepted_indices"": [0, 1, 2, 3, 4, 5, 6, 7, 8, 9, 1, 2, 3, 4, 5, 6, 7, 8, 9], ""eps1"": 10, ""distance_median"": 0.37453197681490047}"
274,rflbat,rflbat_cluster_filter,"[3, 21, 74, 92, 41, 36, 12, 56, 77, 79, 21, 74, 92, 41, 36, 12, 56, 77, 79]",[],"{""accepted_indices"": [0, 1, 2, 3, 4, 5, 6, 7, 8, 9, 1, 2, 3, 4, 5, 6, 7, 8, 9], ""num_clusters"": 1, ""cluster_scores"": [0.11543522037820834]}"
274,rflbat,rflbat_final_distance_filter,"[3, 21, 74, 92, 41, 36, 12, 56, 77, 79]",[],"{""accepted_indices"": [0, 1, 2, 3, 4, 5, 6, 7, 8, 9, 1, 2, 3, 4, 5, 6, 7, 8, 9], ""eps2"": 6, ""distance_median"": 0.743802160547395}"
275,rflbat,rflbat_first_distance_filter,"[0, 82, 27, 69, 7, 25, 68, 71, 64, 66, 82, 27, 69, 7, 25, 68, 71, 64, 66]",[],"{""accepted_indices"": [0, 1, 2, 3, 4, 5, 6, 7, 8, 9, 1, 2, 3, 4, 5, 6, 7, 8, 9], ""eps1"": 10, ""distance_median"": 0.5323064985481856}"
275,rflbat,rflbat_cluster_filter,"[0, 82, 27, 69, 7, 25, 68, 71, 64, 66, 82, 27, 69, 7, 25, 68, 71, 64, 66]",[],"{""accepted_indices"": [0, 1, 2, 3, 4, 5, 6, 7, 8, 9, 1, 2, 3, 4, 5, 6, 7, 8, 9], ""num_clusters"": 1, ""cluster_scores"": [0.11625747789727554]}"
275,rflbat,rflbat_final_distance_filter,"[0, 82, 27, 69, 7, 25, 68, 71, 64, 66]",[],"{""accepted_indices"": [0, 1, 2, 3, 4, 5, 6, 7, 8, 9, 1, 2, 3, 4, 5, 6, 7, 8, 9], ""eps2"": 6, ""distance_median"": 1.0661757934704605}"
276,rflbat,rflbat_first_distance_filter,"[0, 93, 2, 14, 24, 1, 81, 83, 90, 63, 93, 2, 14, 24, 1, 81, 83, 90, 63]",[],"{""accepted_indices"": [0, 1, 2, 3, 4, 5, 6, 7, 8, 9, 1, 2, 3, 4, 5, 6, 7, 8, 9], ""eps1"": 10, ""distance_median"": 0.3810973030664604}"
276,rflbat,rflbat_cluster_filter,"[0, 93, 2, 14, 24, 1, 81, 83, 90, 63, 93, 2, 14, 24, 1, 81, 83, 90, 63]",[],"{""accepted_indices"": [0, 1, 2, 3, 4, 5, 6, 7, 8, 9, 1, 2, 3, 4, 5, 6, 7, 8, 9], ""num_clusters"": 1, ""cluster_scores"": [0.1060862348874285]}"
276,rflbat,rflbat_final_distance_filter,"[0, 93, 2, 14, 24, 1, 81, 83, 90, 63]",[],"{""accepted_indices"": [0, 1, 2, 3, 4, 5, 6, 7, 8, 9, 1, 2, 3, 4, 5, 6, 7, 8, 9], ""eps2"": 6, ""distance_median"": 0.7721225626957254}"
277,rflbat,rflbat_first_distance_filter,"[4, 95, 7, 70, 14, 11, 42, 69, 90, 89, 95, 7, 70, 14, 11, 42, 69, 90, 89]",[],"{""accepted_indices"": [0, 1, 2, 3, 4, 5, 6, 7, 8, 9, 1, 2, 3, 4, 5, 6, 7, 8, 9], ""eps1"": 10, ""distance_median"": 0.36260026351578706}"
277,rflbat,rflbat_cluster_filter,"[4, 95, 7, 70, 14, 11, 42, 69, 90, 89, 95, 7, 70, 14, 11, 42, 69, 90, 89]",[],"{""accepted_indices"": [0, 1, 2, 3, 4, 5, 6, 7, 8, 9, 1, 2, 3, 4, 5, 6, 7, 8, 9], ""num_clusters"": 1, ""cluster_scores"": [0.10275817103068617]}"
277,rflbat,rflbat_final_distance_filter,"[4, 95, 7, 70, 14, 11, 42, 69, 90, 89]",[],"{""accepted_indices"": [0, 1, 2, 3, 4, 5, 6, 7, 8, 9, 1, 2, 3, 4, 5, 6, 7, 8, 9], ""eps2"": 6, ""distance_median"": 0.7521179722848246}"
278,rflbat,rflbat_first_distance_filter,"[4, 22, 87, 70, 74, 61, 13, 5, 79, 32, 22, 87, 70, 74, 61, 13, 5, 79, 32]",[],"{""accepted_indices"": [0, 1, 2, 3, 4, 5, 6, 7, 8, 9, 1, 2, 3, 4, 5, 6, 7, 8, 9], ""eps1"": 10, ""distance_median"": 0.379795813928559}"
278,rflbat,rflbat_cluster_filter,"[4, 22, 87, 70, 74, 61, 13, 5, 79, 32, 22, 87, 70, 74, 61, 13, 5, 79, 32]",[],"{""accepted_indices"": [0, 1, 2, 3, 4, 5, 6, 7, 8, 9, 1, 2, 3, 4, 5, 6, 7, 8, 9], ""num_clusters"": 1, ""cluster_scores"": [0.09995175778136647]}"
278,rflbat,rflbat_final_distance_filter,"[4, 22, 87, 70, 74, 61, 13, 5, 79, 32]",[],"{""accepted_indices"": [0, 1, 2, 3, 4, 5, 6, 7, 8, 9, 1, 2, 3, 4, 5, 6, 7, 8, 9], ""eps2"": 6, ""distance_median"": 0.7684663087369956}"
279,rflbat,rflbat_first_distance_filter,"[3, 93, 6, 81, 58, 67, 30, 87, 21, 79, 93, 6, 81, 58, 67, 30, 87, 21, 79]",[],"{""accepted_indices"": [0, 1, 2, 3, 4, 5, 6, 7, 8, 9, 1, 2, 3, 4, 5, 6, 7, 8, 9], ""eps1"": 10, ""distance_median"": 0.33229091956626156}"
279,rflbat,rflbat_cluster_filter,"[3, 93, 6, 81, 58, 67, 30, 87, 21, 79, 93, 6, 81, 58, 67, 30, 87, 21, 79]",[],"{""accepted_indices"": [0, 1, 2, 3, 4, 5, 6, 7, 8, 9, 1, 2, 3, 4, 5, 6, 7, 8, 9], ""num_clusters"": 1, ""cluster_scores"": [0.09349165217157814]}"
279,rflbat,rflbat_final_distance_filter,"[3, 93, 6, 81, 58, 67, 30, 87, 21, 79]",[],"{""accepted_indices"": [0, 1, 2, 3, 4, 5, 6, 7, 8, 9, 1, 2, 3, 4, 5, 6, 7, 8, 9], ""eps2"": 6, ""distance_median"": 0.6574063351408884}"
280,rflbat,rflbat_first_distance_filter,"[1, 17, 76, 11, 95, 89, 38, 75, 10, 67, 17, 76, 11, 95, 89, 38, 75, 10, 67]",[],"{""accepted_indices"": [0, 1, 2, 3, 4, 5, 6, 7, 8, 9, 1, 2, 3, 4, 5, 6, 7, 8, 9], ""eps1"": 10, ""distance_median"": 0.34738208515470914}"
280,rflbat,rflbat_cluster_filter,"[1, 17, 76, 11, 95, 89, 38, 75, 10, 67, 17, 76, 11, 95, 89, 38, 75, 10, 67]",[],"{""accepted_indices"": [0, 1, 2, 3, 4, 5, 6, 7, 8, 9, 1, 2, 3, 4, 5, 6, 7, 8, 9], ""num_clusters"": 1, ""cluster_scores"": [0.10641863965702546]}"
280,rflbat,rflbat_final_distance_filter,"[1, 17, 76, 11, 95, 89, 38, 75, 10, 67]",[],"{""accepted_indices"": [0, 1, 2, 3, 4, 5, 6, 7, 8, 9, 1, 2, 3, 4, 5, 6, 7, 8, 9], ""eps2"": 6, ""distance_median"": 0.5908296814999271}"
281,rflbat,rflbat_first_distance_filter,"[1, 59, 88, 31, 96, 66, 92, 73, 11, 89, 59, 88, 31, 96, 66, 92, 73, 11, 89]",[],"{""accepted_indices"": [0, 1, 2, 3, 4, 5, 6, 7, 8, 9, 1, 2, 3, 4, 5, 6, 7, 8, 9], ""eps1"": 10, ""distance_median"": 0.44007959365859195}"
281,rflbat,rflbat_cluster_filter,"[1, 59, 88, 31, 96, 66, 92, 73, 11, 89, 59, 88, 31, 96, 66, 92, 73, 11, 89]",[],"{""accepted_indices"": [0, 1, 2, 3, 4, 5, 6, 7, 8, 9, 1, 2, 3, 4, 5, 6, 7, 8, 9], ""num_clusters"": 1, ""cluster_scores"": [0.11260252532096512]}"
281,rflbat,rflbat_final_distance_filter,"[1, 59, 88, 31, 96, 66, 92, 73, 11, 89]",[],"{""accepted_indices"": [0, 1, 2, 3, 4, 5, 6, 7, 8, 9, 1, 2, 3, 4, 5, 6, 7, 8, 9], ""eps2"": 6, ""distance_median"": 0.8434379778848415}"
282,rflbat,rflbat_first_distance_filter,"[2, 5, 43, 85, 14, 68, 41, 50, 91, 32, 5, 43, 85, 14, 68, 41, 50, 91, 32]",[],"{""accepted_indices"": [0, 1, 2, 3, 4, 5, 6, 7, 8, 9, 1, 2, 3, 4, 5, 6, 7, 8, 9], ""eps1"": 10, ""distance_median"": 0.4726439579320064}"
282,rflbat,rflbat_cluster_filter,"[2, 5, 43, 85, 14, 68, 41, 50, 91, 32, 5, 43, 85, 14, 68, 41, 50, 91, 32]",[],"{""accepted_indices"": [0, 1, 2, 3, 4, 5, 6, 7, 8, 9, 1, 2, 3, 4, 5, 6, 7, 8, 9], ""num_clusters"": 1, ""cluster_scores"": [0.10167929846871472]}"
282,rflbat,rflbat_final_distance_filter,"[2, 5, 43, 85, 14, 68, 41, 50, 91, 32]",[],"{""accepted_indices"": [0, 1, 2, 3, 4, 5, 6, 7, 8, 9, 1, 2, 3, 4, 5, 6, 7, 8, 9], ""eps2"": 6, ""distance_median"": 0.9426250973648472}"
283,rflbat,rflbat_first_distance_filter,"[3, 13, 69, 11, 62, 61, 5, 81, 15, 91, 13, 69, 11, 62, 61, 5, 81, 15, 91]",[],"{""accepted_indices"": [0, 1, 2, 3, 4, 5, 6, 7, 8, 9, 1, 2, 3, 4, 5, 6, 7, 8, 9], ""eps1"": 10, ""distance_median"": 0.3299392799436258}"
283,rflbat,rflbat_cluster_filter,"[3, 13, 69, 11, 62, 61, 5, 81, 15, 91, 13, 69, 11, 62, 61, 5, 81, 15, 91]",[],"{""accepted_indices"": [0, 1, 2, 3, 4, 5, 6, 7, 8, 9, 1, 2, 3, 4, 5, 6, 7, 8, 9], ""num_clusters"": 1, ""cluster_scores"": [0.10627561296478011]}"
283,rflbat,rflbat_final_distance_filter,"[3, 13, 69, 11, 62, 61, 5, 81, 15, 91]",[],"{""accepted_indices"": [0, 1, 2, 3, 4, 5, 6, 7, 8, 9, 1, 2, 3, 4, 5, 6, 7, 8, 9], ""eps2"": 6, ""distance_median"": 0.6584932857488909}"
284,rflbat,rflbat_first_distance_filter,"[3, 15, 17, 45, 92, 20, 16, 80, 32, 44, 15, 17, 45, 92, 20, 16, 80, 32, 44]",[],"{""accepted_indices"": [0, 1, 2, 3, 4, 5, 6, 7, 8, 9, 1, 2, 3, 4, 5, 6, 7, 8, 9], ""eps1"": 10, ""distance_median"": 0.3667980128337403}"
284,rflbat,rflbat_cluster_filter,"[3, 15, 17, 45, 16, 80, 15, 17, 45, 16, 80]","[92, 20, 32, 44]","{""accepted_indices"": [0, 1, 2, 3, 6, 7, 1, 2, 3, 6, 7], ""num_clusters"": 5, ""cluster_scores"": [1.0000000000019909, 1.0000000000011942, 1.000000000003007, 1.0000000000016462, 0.1890492778121083]}"
284,rflbat,rflbat_final_distance_filter,"[3, 15, 17, 45, 16, 80]","[92, 20, 32, 44]","{""accepted_indices"": [0, 1, 2, 3, 6, 7, 1, 2, 3, 6, 7], ""eps2"": 6, ""distance_median"": 0.07187686345424829}"
285,rflbat,rflbat_first_distance_filter,"[4, 75, 27, 32, 9, 73, 72, 10, 99, 80, 75, 27, 32, 9, 73, 72, 10, 99, 80]",[],"{""accepted_indices"": [0, 1, 2, 3, 4, 5, 6, 7, 8, 9, 1, 2, 3, 4, 5, 6, 7, 8, 9], ""eps1"": 10, ""distance_median"": 0.43710195041847577}"
285,rflbat,rflbat_cluster_filter,"[4, 75, 27, 32, 9, 72, 10, 99, 80, 75, 27, 32, 9, 72, 10, 99, 80]",[73],"{""accepted_indices"": [0, 1, 2, 3, 4, 6, 7, 8, 9, 1, 2, 3, 4, 6, 7, 8, 9], ""num_clusters"": 2, ""cluster_scores"": [0.10680841675458586, 1.0000000000012368]}"
285,rflbat,rflbat_final_distance_filter,"[4, 75, 27, 32, 9, 72, 10, 99, 80]",[73],"{""accepted_indices"": [0, 1, 2, 3, 4, 6, 7, 8, 9, 1, 2, 3, 4, 6, 7, 8, 9], ""eps2"": 6, ""distance_median"": 0.6103938162658402}"
286,rflbat,rflbat_first_distance_filter,"[0, 15, 14, 92, 19, 73, 13, 66, 30, 99, 15, 14, 92, 19, 73, 13, 66, 30, 99]",[],"{""accepted_indices"": [0, 1, 2, 3, 4, 5, 6, 7, 8, 9, 1, 2, 3, 4, 5, 6, 7, 8, 9], ""eps1"": 10, ""distance_median"": 0.34751015662946194}"
286,rflbat,rflbat_cluster_filter,"[0, 15, 14, 92, 19, 73, 13, 66, 30, 99, 15, 14, 92, 19, 73, 13, 66, 30, 99]",[],"{""accepted_indices"": [0, 1, 2, 3, 4, 5, 6, 7, 8, 9, 1, 2, 3, 4, 5, 6, 7, 8, 9], ""num_clusters"": 1, ""cluster_scores"": [0.09721964798494037]}"
286,rflbat,rflbat_final_distance_filter,"[0, 15, 14, 92, 19, 73, 13, 66, 30, 99]",[],"{""accepted_indices"": [0, 1, 2, 3, 4, 5, 6, 7, 8, 9, 1, 2, 3, 4, 5, 6, 7, 8, 9], ""eps2"": 6, ""distance_median"": 0.6827061522387958}"
287,rflbat,rflbat_first_distance_filter,"[1, 21, 58, 67, 34, 83, 4, 18, 9, 80, 21, 58, 67, 34, 83, 4, 18, 9, 80]",[],"{""accepted_indices"": [0, 1, 2, 3, 4, 5, 6, 7, 8, 9, 1, 2, 3, 4, 5, 6, 7, 8, 9], ""eps1"": 10, ""distance_median"": 0.3684006841923292}"
287,rflbat,rflbat_cluster_filter,"[1, 21, 58, 67, 34, 83, 4, 18, 9, 80, 21, 58, 67, 34, 83, 4, 18, 9, 80]",[],"{""accepted_indices"": [0, 1, 2, 3, 4, 5, 6, 7, 8, 9, 1, 2, 3, 4, 5, 6, 7, 8, 9], ""num_clusters"": 1, ""cluster_scores"": [0.10699056342932617]}"
287,rflbat,rflbat_final_distance_filter,"[1, 21, 58, 67, 34, 83, 4, 18, 9, 80]",[],"{""accepted_indices"": [0, 1, 2, 3, 4, 5, 6, 7, 8, 9, 1, 2, 3, 4, 5, 6, 7, 8, 9], ""eps2"": 6, ""distance_median"": 0.5754086460392308}"
288,rflbat,rflbat_first_distance_filter,"[2, 53, 18, 44, 94, 10, 49, 64, 22, 43, 53, 18, 44, 94, 10, 49, 64, 22, 43]",[],"{""accepted_indices"": [0, 1, 2, 3, 4, 5, 6, 7, 8, 9, 1, 2, 3, 4, 5, 6, 7, 8, 9], ""eps1"": 10, ""distance_median"": 0.4759038144200822}"
288,rflbat,rflbat_cluster_filter,"[2, 53, 18, 44, 94, 10, 49, 64, 22, 43, 53, 18, 44, 94, 10, 49, 64, 22, 43]",[],"{""accepted_indices"": [0, 1, 2, 3, 4, 5, 6, 7, 8, 9, 1, 2, 3, 4, 5, 6, 7, 8, 9], ""num_clusters"": 1, ""cluster_scores"": [0.0999678278382983]}"
288,rflbat,rflbat_final_distance_filter,"[2, 53, 18, 44, 94, 10, 49, 64, 22, 43]",[],"{""accepted_indices"": [0, 1, 2, 3, 4, 5, 6, 7, 8, 9, 1, 2, 3, 4, 5, 6, 7, 8, 9], ""eps2"": 6, ""distance_median"": 0.8601204465224283}"
289,rflbat,rflbat_first_distance_filter,"[2, 1, 41, 6, 70, 24, 79, 74, 29, 43, 1, 41, 6, 70, 24, 79, 74, 29, 43]",[],"{""accepted_indices"": [0, 1, 2, 3, 4, 5, 6, 7, 8, 9, 1, 2, 3, 4, 5, 6, 7, 8, 9], ""eps1"": 10, ""distance_median"": 0.32694386876753023}"
289,rflbat,rflbat_cluster_filter,"[2, 1, 41, 6, 70, 24, 79, 74, 29, 43, 1, 41, 6, 70, 24, 79, 74, 29, 43]",[],"{""accepted_indices"": [0, 1, 2, 3, 4, 5, 6, 7, 8, 9, 1, 2, 3, 4, 5, 6, 7, 8, 9], ""num_clusters"": 1, ""cluster_scores"": [0.1291867555674516]}"
289,rflbat,rflbat_final_distance_filter,"[2, 1, 41, 6, 70, 24, 79, 74, 29, 43]",[],"{""accepted_indices"": [0, 1, 2, 3, 4, 5, 6, 7, 8, 9, 1, 2, 3, 4, 5, 6, 7, 8, 9], ""eps2"": 6, ""distance_median"": 0.652609816296698}"
290,rflbat,rflbat_first_distance_filter,"[0, 33, 53, 24, 66, 16, 20, 74, 26, 45, 33, 53, 24, 66, 16, 20, 74, 26, 45]",[],"{""accepted_indices"": [0, 1, 2, 3, 4, 5, 6, 7, 8, 9, 1, 2, 3, 4, 5, 6, 7, 8, 9], ""eps1"": 10, ""distance_median"": 0.5475549628468245}"
290,rflbat,rflbat_cluster_filter,"[0, 33, 53, 24, 66, 16, 20, 74, 26, 45, 33, 53, 24, 66, 16, 20, 74, 26, 45]",[],"{""accepted_indices"": [0, 1, 2, 3, 4, 5, 6, 7, 8, 9, 1, 2, 3, 4, 5, 6, 7, 8, 9], ""num_clusters"": 1, ""cluster_scores"": [0.10461486600736307]}"
290,rflbat,rflbat_final_distance_filter,"[0, 33, 53, 24, 66, 16, 20, 74, 26, 45]",[],"{""accepted_indices"": [0, 1, 2, 3, 4, 5, 6, 7, 8, 9, 1, 2, 3, 4, 5, 6, 7, 8, 9], ""eps2"": 6, ""distance_median"": 1.0893014368986678}"
291,rflbat,rflbat_first_distance_filter,"[2, 14, 52, 72, 99, 31, 4, 15, 94, 85, 14, 52, 72, 99, 31, 4, 15, 94, 85]",[],"{""accepted_indices"": [0, 1, 2, 3, 4, 5, 6, 7, 8, 9, 1, 2, 3, 4, 5, 6, 7, 8, 9], ""eps1"": 10, ""distance_median"": 0.39036903094213166}"
291,rflbat,rflbat_cluster_filter,"[2, 14, 52, 72, 99, 31, 4, 15, 94, 85, 14, 52, 72, 99, 31, 4, 15, 94, 85]",[],"{""accepted_indices"": [0, 1, 2, 3, 4, 5, 6, 7, 8, 9, 1, 2, 3, 4, 5, 6, 7, 8, 9], ""num_clusters"": 1, ""cluster_scores"": [0.11930784164539476]}"
291,rflbat,rflbat_final_distance_filter,"[2, 14, 52, 72, 99, 31, 4, 15, 94, 85]",[],"{""accepted_indices"": [0, 1, 2, 3, 4, 5, 6, 7, 8, 9, 1, 2, 3, 4, 5, 6, 7, 8, 9], ""eps2"": 6, ""distance_median"": 0.7578578676662704}"
292,rflbat,rflbat_first_distance_filter,"[2, 24, 23, 80, 8, 46, 59, 66, 71, 10, 24, 23, 80, 8, 46, 59, 66, 71, 10]",[],"{""accepted_indices"": [0, 1, 2, 3, 4, 5, 6, 7, 8, 9, 1, 2, 3, 4, 5, 6, 7, 8, 9], ""eps1"": 10, ""distance_median"": 0.46847377025138565}"
292,rflbat,rflbat_cluster_filter,"[2, 24, 23, 80, 8, 46, 59, 66, 10, 24, 23, 80, 8, 46, 59, 66, 10]",[71],"{""accepted_indices"": [0, 1, 2, 3, 4, 5, 6, 7, 9, 1, 2, 3, 4, 5, 6, 7, 9], ""num_clusters"": 2, ""cluster_scores"": [0.11953103553488098, 1.000000000001416]}"
292,rflbat,rflbat_final_distance_filter,"[2, 24, 23, 80, 8, 46, 59, 66, 10]",[71],"{""accepted_indices"": [0, 1, 2, 3, 4, 5, 6, 7, 9, 1, 2, 3, 4, 5, 6, 7, 9], ""eps2"": 6, ""distance_median"": 0.43025045905687165}"
293,rflbat,rflbat_first_distance_filter,"[3, 64, 74, 77, 62, 37, 82, 79, 73, 81, 64, 74, 77, 62, 37, 82, 79, 73, 81]",[],"{""accepted_indices"": [0, 1, 2, 3, 4, 5, 6, 7, 8, 9, 1, 2, 3, 4, 5, 6, 7, 8, 9], ""eps1"": 10, ""distance_median"": 0.3728735036680366}"
293,rflbat,rflbat_cluster_filter,"[3, 64, 74, 77, 62, 37, 82, 79, 73, 81, 64, 74, 77, 62, 37, 82, 79, 73, 81]",[],"{""accepted_indices"": [0, 1, 2, 3, 4, 5, 6, 7, 8, 9, 1, 2, 3, 4, 5, 6, 7, 8, 9], ""num_clusters"": 1, ""cluster_scores"": [0.10906357994794072]}"
293,rflbat,rflbat_final_distance_filter,"[3, 64, 74, 77, 62, 37, 82, 79, 73, 81]",[],"{""accepted_indices"": [0, 1, 2, 3, 4, 5, 6, 7, 8, 9, 1, 2, 3, 4, 5, 6, 7, 8, 9], ""eps2"": 6, ""distance_median"": 0.7383684621394973}"
294,rflbat,rflbat_first_distance_filter,"[4, 56, 87, 37, 22, 45, 2, 35, 9, 71, 56, 87, 37, 22, 45, 2, 35, 9, 71]",[],"{""accepted_indices"": [0, 1, 2, 3, 4, 5, 6, 7, 8, 9, 1, 2, 3, 4, 5, 6, 7, 8, 9], ""eps1"": 10, ""distance_median"": 0.5191452252374071}"
294,rflbat,rflbat_cluster_filter,"[4, 56, 87, 37, 22, 45, 2, 35, 9, 71, 56, 87, 37, 22, 45, 2, 35, 9, 71]",[],"{""accepted_indices"": [0, 1, 2, 3, 4, 5, 6, 7, 8, 9, 1, 2, 3, 4, 5, 6, 7, 8, 9], ""num_clusters"": 1, ""cluster_scores"": [0.10588964380431413]}"
294,rflbat,rflbat_final_distance_filter,"[4, 56, 87, 37, 22, 45, 2, 35, 9, 71]",[],"{""accepted_indices"": [0, 1, 2, 3, 4, 5, 6, 7, 8, 9, 1, 2, 3, 4, 5, 6, 7, 8, 9], ""eps2"": 6, ""distance_median"": 1.0353578248967394}"
295,rflbat,rflbat_first_distance_filter,"[2, 59, 86, 84, 5, 43, 11, 58, 53, 30, 59, 86, 84, 5, 43, 11, 58, 53, 30]",[],"{""accepted_indices"": [0, 1, 2, 3, 4, 5, 6, 7, 8, 9, 1, 2, 3, 4, 5, 6, 7, 8, 9], ""eps1"": 10, ""distance_median"": 0.34555101767100405}"
295,rflbat,rflbat_cluster_filter,"[2, 59, 86, 84, 5, 43, 11, 58, 53, 30, 59, 86, 84, 5, 43, 11, 58, 53, 30]",[],"{""accepted_indices"": [0, 1, 2, 3, 4, 5, 6, 7, 8, 9, 1, 2, 3, 4, 5, 6, 7, 8, 9], ""num_clusters"": 1, ""cluster_scores"": [0.11431678136372508]}"
295,rflbat,rflbat_final_distance_filter,"[2, 59, 86, 84, 5, 43, 11, 58, 53, 30]",[],"{""accepted_indices"": [0, 1, 2, 3, 4, 5, 6, 7, 8, 9, 1, 2, 3, 4, 5, 6, 7, 8, 9], ""eps2"": 6, ""distance_median"": 0.6250011200883551}"
296,rflbat,rflbat_first_distance_filter,"[4, 1, 18, 80, 48, 54, 6, 8, 60, 22, 1, 18, 80, 48, 54, 6, 8, 60, 22]",[],"{""accepted_indices"": [0, 1, 2, 3, 4, 5, 6, 7, 8, 9, 1, 2, 3, 4, 5, 6, 7, 8, 9], ""eps1"": 10, ""distance_median"": 0.40658044691597073}"
296,rflbat,rflbat_cluster_filter,"[4, 1, 18, 80, 48, 6, 8, 60, 22, 1, 18, 80, 48, 6, 8, 60, 22]",[54],"{""accepted_indices"": [0, 1, 2, 3, 4, 6, 7, 8, 9, 1, 2, 3, 4, 6, 7, 8, 9], ""num_clusters"": 2, ""cluster_scores"": [0.12296053176353024, 1.0000000000014155]}"
296,rflbat,rflbat_final_distance_filter,"[4, 1, 18, 80, 48, 6, 8, 60, 22]",[54],"{""accepted_indices"": [0, 1, 2, 3, 4, 6, 7, 8, 9, 1, 2, 3, 4, 6, 7, 8, 9], ""eps2"": 6, ""distance_median"": 0.6521939560801239}"
297,rflbat,rflbat_first_distance_filter,"[4, 80, 90, 62, 52, 26, 9, 70, 34, 44, 80, 90, 62, 52, 26, 9, 70, 34, 44]",[],"{""accepted_indices"": [0, 1, 2, 3, 4, 5, 6, 7, 8, 9, 1, 2, 3, 4, 5, 6, 7, 8, 9], ""eps1"": 10, ""distance_median"": 0.557634620798102}"
297,rflbat,rflbat_cluster_filter,"[4, 80, 90, 62, 52, 26, 9, 70, 34, 44, 80, 90, 62, 52, 26, 9, 70, 34, 44]",[],"{""accepted_indices"": [0, 1, 2, 3, 4, 5, 6, 7, 8, 9, 1, 2, 3, 4, 5, 6, 7, 8, 9], ""num_clusters"": 1, ""cluster_scores"": [0.10778719359722813]}"
297,rflbat,rflbat_final_distance_filter,"[4, 80, 90, 62, 52, 26, 9, 70, 34, 44]",[],"{""accepted_indices"": [0, 1, 2, 3, 4, 5, 6, 7, 8, 9, 1, 2, 3, 4, 5, 6, 7, 8, 9], ""eps2"": 6, ""distance_median"": 1.11871737236}"
298,rflbat,rflbat_first_distance_filter,"[2, 38, 84, 93, 39, 75, 6, 56, 59, 92, 38, 84, 93, 39, 75, 6, 56, 59, 92]",[],"{""accepted_indices"": [0, 1, 2, 3, 4, 5, 6, 7, 8, 9, 1, 2, 3, 4, 5, 6, 7, 8, 9], ""eps1"": 10, ""distance_median"": 0.41436035358212286}"
298,rflbat,rflbat_cluster_filter,"[2, 38, 84, 93, 39, 75, 6, 56, 59, 92, 38, 84, 93, 39, 75, 6, 56, 59, 92]",[],"{""accepted_indices"": [0, 1, 2, 3, 4, 5, 6, 7, 8, 9, 1, 2, 3, 4, 5, 6, 7, 8, 9], ""num_clusters"": 1, ""cluster_scores"": [0.11938314532205752]}"
298,rflbat,rflbat_final_distance_filter,"[2, 38, 84, 93, 39, 75, 6, 56, 59, 92]",[],"{""accepted_indices"": [0, 1, 2, 3, 4, 5, 6, 7, 8, 9, 1, 2, 3, 4, 5, 6, 7, 8, 9], ""eps2"": 6, ""distance_median"": 0.7358879124878822}"
299,rflbat,rflbat_first_distance_filter,"[3, 74, 65, 82, 53, 85, 96, 64, 13, 8, 74, 65, 82, 53, 85, 96, 64, 13, 8]",[],"{""accepted_indices"": [0, 1, 2, 3, 4, 5, 6, 7, 8, 9, 1, 2, 3, 4, 5, 6, 7, 8, 9], ""eps1"": 10, ""distance_median"": 0.3751163576300959}"
299,rflbat,rflbat_cluster_filter,"[3, 74, 65, 82, 53, 85, 96, 64, 13, 8, 74, 65, 82, 53, 85, 96, 64, 13, 8]",[],"{""accepted_indices"": [0, 1, 2, 3, 4, 5, 6, 7, 8, 9, 1, 2, 3, 4, 5, 6, 7, 8, 9], ""num_clusters"": 1, ""cluster_scores"": [0.09594380719212854]}"
299,rflbat,rflbat_final_distance_filter,"[3, 74, 65, 82, 53, 85, 96, 64, 13, 8]",[],"{""accepted_indices"": [0, 1, 2, 3, 4, 5, 6, 7, 8, 9, 1, 2, 3, 4, 5, 6, 7, 8, 9], ""eps2"": 6, ""distance_median"": 0.7447748693420908}"
300,rflbat,rflbat_first_distance_filter,"[3, 16, 35, 47, 79, 81, 58, 26, 85, 87, 16, 35, 47, 79, 81, 58, 26, 85, 87]",[],"{""accepted_indices"": [0, 1, 2, 3, 4, 5, 6, 7, 8, 9, 1, 2, 3, 4, 5, 6, 7, 8, 9], ""eps1"": 10, ""distance_median"": 0.5964782831583373}"
300,rflbat,rflbat_cluster_filter,"[3, 16, 35, 47, 79, 81, 58, 26, 85, 87, 16, 35, 47, 79, 81, 58, 26, 85, 87]",[],"{""accepted_indices"": [0, 1, 2, 3, 4, 5, 6, 7, 8, 9, 1, 2, 3, 4, 5, 6, 7, 8, 9], ""num_clusters"": 1, ""cluster_scores"": [0.10468176905008718]}"
300,rflbat,rflbat_final_distance_filter,"[3, 16, 35, 47, 79, 81, 58, 26, 85, 87]",[],"{""accepted_indices"": [0, 1, 2, 3, 4, 5, 6, 7, 8, 9, 1, 2, 3, 4, 5, 6, 7, 8, 9], ""eps2"": 6, ""distance_median"": 1.1956744875759282}"
301,rflbat,rflbat_first_distance_filter,"[1, 59, 79, 62, 77, 90, 61, 57, 48, 49, 59, 79, 62, 77, 90, 61, 57, 48, 49]",[],"{""accepted_indices"": [0, 1, 2, 3, 4, 5, 6, 7, 8, 9, 1, 2, 3, 4, 5, 6, 7, 8, 9], ""eps1"": 10, ""distance_median"": 0.3361057592992147}"
301,rflbat,rflbat_cluster_filter,"[1, 59, 79, 62, 77, 90, 61, 57, 48, 49, 59, 79, 62, 77, 90, 61, 57, 48, 49]",[],"{""accepted_indices"": [0, 1, 2, 3, 4, 5, 6, 7, 8, 9, 1, 2, 3, 4, 5, 6, 7, 8, 9], ""num_clusters"": 1, ""cluster_scores"": [0.10800216499036906]}"
301,rflbat,rflbat_final_distance_filter,"[1, 59, 79, 62, 77, 90, 61, 57, 48, 49]",[],"{""accepted_indices"": [0, 1, 2, 3, 4, 5, 6, 7, 8, 9, 1, 2, 3, 4, 5, 6, 7, 8, 9], ""eps2"": 6, ""distance_median"": 0.5486592871615331}"
302,rflbat,rflbat_first_distance_filter,"[4, 5, 52, 94, 41, 14, 45, 1, 72, 91, 5, 52, 94, 41, 14, 45, 1, 72, 91]",[],"{""accepted_indices"": [0, 1, 2, 3, 4, 5, 6, 7, 8, 9, 1, 2, 3, 4, 5, 6, 7, 8, 9], ""eps1"": 10, ""distance_median"": 0.378335350234107}"
302,rflbat,rflbat_cluster_filter,"[4, 5, 52, 94, 41, 14, 45, 1, 72, 91, 5, 52, 94, 41, 14, 45, 1, 72, 91]",[],"{""accepted_indices"": [0, 1, 2, 3, 4, 5, 6, 7, 8, 9, 1, 2, 3, 4, 5, 6, 7, 8, 9], ""num_clusters"": 1, ""cluster_scores"": [0.10955978815813348]}"
302,rflbat,rflbat_final_distance_filter,"[4, 5, 52, 94, 41, 14, 45, 1, 72, 91]",[],"{""accepted_indices"": [0, 1, 2, 3, 4, 5, 6, 7, 8, 9, 1, 2, 3, 4, 5, 6, 7, 8, 9], ""eps2"": 6, ""distance_median"": 0.7558465042588148}"
303,rflbat,rflbat_first_distance_filter,"[2, 77, 46, 78, 31, 71, 25, 89, 99, 84, 77, 46, 78, 31, 71, 25, 89, 99, 84]",[],"{""accepted_indices"": [0, 1, 2, 3, 4, 5, 6, 7, 8, 9, 1, 2, 3, 4, 5, 6, 7, 8, 9], ""eps1"": 10, ""distance_median"": 0.4440825122073742}"
303,rflbat,rflbat_cluster_filter,"[2, 77, 46, 78, 31, 71, 25, 89, 99, 84, 77, 46, 78, 31, 71, 25, 89, 99, 84]",[],"{""accepted_indices"": [0, 1, 2, 3, 4, 5, 6, 7, 8, 9, 1, 2, 3, 4, 5, 6, 7, 8, 9], ""num_clusters"": 1, ""cluster_scores"": [0.1025073576197258]}"
303,rflbat,rflbat_final_distance_filter,"[2, 77, 46, 78, 31, 71, 25, 89, 99, 84]",[],"{""accepted_indices"": [0, 1, 2, 3, 4, 5, 6, 7, 8, 9, 1, 2, 3, 4, 5, 6, 7, 8, 9], ""eps2"": 6, ""distance_median"": 0.888814089504334}"
304,rflbat,rflbat_first_distance_filter,"[2, 10, 16, 26, 96, 91, 27, 28, 72, 99, 10, 16, 26, 96, 91, 27, 28, 72, 99]",[],"{""accepted_indices"": [0, 1, 2, 3, 4, 5, 6, 7, 8, 9, 1, 2, 3, 4, 5, 6, 7, 8, 9], ""eps1"": 10, ""distance_median"": 0.4438569951760909}"
304,rflbat,rflbat_cluster_filter,"[2, 10, 16, 26, 96, 91, 27, 28, 72, 99, 10, 16, 26, 96, 91, 27, 28, 72, 99]",[],"{""accepted_indices"": [0, 1, 2, 3, 4, 5, 6, 7, 8, 9, 1, 2, 3, 4, 5, 6, 7, 8, 9], ""num_clusters"": 1, ""cluster_scores"": [0.10640255018743439]}"
304,rflbat,rflbat_final_distance_filter,"[2, 10, 16, 26, 96, 91, 27, 28, 72, 99]",[],"{""accepted_indices"": [0, 1, 2, 3, 4, 5, 6, 7, 8, 9, 1, 2, 3, 4, 5, 6, 7, 8, 9], ""eps2"": 6, ""distance_median"": 0.8782415069675722}"
305,rflbat,rflbat_first_distance_filter,"[1, 0, 99, 76, 82, 11, 52, 14, 34, 88, 0, 99, 76, 82, 11, 52, 14, 34, 88]",[],"{""accepted_indices"": [0, 1, 2, 3, 4, 5, 6, 7, 8, 9, 1, 2, 3, 4, 5, 6, 7, 8, 9], ""eps1"": 10, ""distance_median"": 0.3950114916517349}"
305,rflbat,rflbat_cluster_filter,"[1, 0, 99, 76, 82, 11, 52, 14, 34, 88, 0, 99, 76, 82, 11, 52, 14, 34, 88]",[],"{""accepted_indices"": [0, 1, 2, 3, 4, 5, 6, 7, 8, 9, 1, 2, 3, 4, 5, 6, 7, 8, 9], ""num_clusters"": 1, ""cluster_scores"": [0.098577395344094]}"
305,rflbat,rflbat_final_distance_filter,"[1, 0, 99, 76, 82, 11, 52, 14, 34, 88]",[],"{""accepted_indices"": [0, 1, 2, 3, 4, 5, 6, 7, 8, 9, 1, 2, 3, 4, 5, 6, 7, 8, 9], ""eps2"": 6, ""distance_median"": 0.8058383895025772}"
306,rflbat,rflbat_first_distance_filter,"[3, 72, 76, 93, 81, 42, 73, 67, 41, 82, 72, 76, 93, 81, 42, 73, 67, 41, 82]",[],"{""accepted_indices"": [0, 1, 2, 3, 4, 5, 6, 7, 8, 9, 1, 2, 3, 4, 5, 6, 7, 8, 9], ""eps1"": 10, ""distance_median"": 0.43109913212524786}"
306,rflbat,rflbat_cluster_filter,"[3, 72, 93, 81, 42, 73, 67, 41, 82, 72, 93, 81, 42, 73, 67, 41, 82]",[76],"{""accepted_indices"": [0, 1, 3, 4, 5, 6, 7, 8, 9, 1, 3, 4, 5, 6, 7, 8, 9], ""num_clusters"": 2, ""cluster_scores"": [0.10868917548068788, 1.000000000002088]}"
306,rflbat,rflbat_final_distance_filter,"[3, 72, 93, 81, 42, 73, 67, 41, 82]",[76],"{""accepted_indices"": [0, 1, 3, 4, 5, 6, 7, 8, 9, 1, 3, 4, 5, 6, 7, 8, 9], ""eps2"": 6, ""distance_median"": 0.5333770991915713}"
307,rflbat,rflbat_first_distance_filter,"[3, 35, 25, 83, 69, 78, 0, 66, 26, 48, 35, 25, 83, 69, 78, 0, 66, 26, 48]",[],"{""accepted_indices"": [0, 1, 2, 3, 4, 5, 6, 7, 8, 9, 1, 2, 3, 4, 5, 6, 7, 8, 9], ""eps1"": 10, ""distance_median"": 0.533432530519566}"
307,rflbat,rflbat_cluster_filter,"[3, 35, 25, 83, 69, 78, 0, 66, 26, 48, 35, 25, 83, 69, 78, 0, 66, 26, 48]",[],"{""accepted_indices"": [0, 1, 2, 3, 4, 5, 6, 7, 8, 9, 1, 2, 3, 4, 5, 6, 7, 8, 9], ""num_clusters"": 1, ""cluster_scores"": [0.10794859505070697]}"
307,rflbat,rflbat_final_distance_filter,"[3, 35, 25, 83, 69, 78, 0, 66, 26, 48]",[],"{""accepted_indices"": [0, 1, 2, 3, 4, 5, 6, 7, 8, 9, 1, 2, 3, 4, 5, 6, 7, 8, 9], ""eps2"": 6, ""distance_median"": 1.0646974236122129}"
308,rflbat,rflbat_first_distance_filter,"[3, 22, 8, 65, 88, 49, 80, 90, 99, 54, 22, 8, 65, 88, 49, 80, 90, 99, 54]",[],"{""accepted_indices"": [0, 1, 2, 3, 4, 5, 6, 7, 8, 9, 1, 2, 3, 4, 5, 6, 7, 8, 9], ""eps1"": 10, ""distance_median"": 0.3663737176156364}"
308,rflbat,rflbat_cluster_filter,"[3, 22, 8, 65, 88, 49, 80, 90, 99, 54, 22, 8, 65, 88, 49, 80, 90, 99, 54]",[],"{""accepted_indices"": [0, 1, 2, 3, 4, 5, 6, 7, 8, 9, 1, 2, 3, 4, 5, 6, 7, 8, 9], ""num_clusters"": 1, ""cluster_scores"": [0.11204127333382337]}"
308,rflbat,rflbat_final_distance_filter,"[3, 22, 8, 65, 88, 49, 80, 90, 99, 54]",[],"{""accepted_indices"": [0, 1, 2, 3, 4, 5, 6, 7, 8, 9, 1, 2, 3, 4, 5, 6, 7, 8, 9], ""eps2"": 6, ""distance_median"": 0.7245408814039732}"
309,rflbat,rflbat_first_distance_filter,"[1, 65, 61, 14, 97, 42, 9, 89, 15, 94, 65, 61, 14, 97, 42, 9, 89, 15, 94]",[],"{""accepted_indices"": [0, 1, 2, 3, 4, 5, 6, 7, 8, 9, 1, 2, 3, 4, 5, 6, 7, 8, 9], ""eps1"": 10, ""distance_median"": 0.3297880130334032}"
309,rflbat,rflbat_cluster_filter,"[1, 65, 61, 14, 97, 42, 9, 89, 15, 94, 65, 61, 14, 97, 42, 9, 89, 15, 94]",[],"{""accepted_indices"": [0, 1, 2, 3, 4, 5, 6, 7, 8, 9, 1, 2, 3, 4, 5, 6, 7, 8, 9], ""num_clusters"": 1, ""cluster_scores"": [0.11816035590097806]}"
309,rflbat,rflbat_final_distance_filter,"[1, 65, 61, 14, 97, 42, 9, 89, 15, 94]",[],"{""accepted_indices"": [0, 1, 2, 3, 4, 5, 6, 7, 8, 9, 1, 2, 3, 4, 5, 6, 7, 8, 9], ""eps2"": 6, ""distance_median"": 0.5078368173050799}"
310,rflbat,rflbat_first_distance_filter,"[2, 27, 52, 14, 22, 62, 90, 5, 59, 63, 27, 52, 14, 22, 62, 90, 5, 59, 63]",[],"{""accepted_indices"": [0, 1, 2, 3, 4, 5, 6, 7, 8, 9, 1, 2, 3, 4, 5, 6, 7, 8, 9], ""eps1"": 10, ""distance_median"": 0.34784190828580713}"
310,rflbat,rflbat_cluster_filter,"[2, 27, 52, 14, 22, 62, 90, 5, 59, 63, 27, 52, 14, 22, 62, 90, 5, 59, 63]",[],"{""accepted_indices"": [0, 1, 2, 3, 4, 5, 6, 7, 8, 9, 1, 2, 3, 4, 5, 6, 7, 8, 9], ""num_clusters"": 1, ""cluster_scores"": [0.10019697183367422]}"
310,rflbat,rflbat_final_distance_filter,"[2, 27, 52, 14, 22, 62, 90, 5, 59, 63]",[],"{""accepted_indices"": [0, 1, 2, 3, 4, 5, 6, 7, 8, 9, 1, 2, 3, 4, 5, 6, 7, 8, 9], ""eps2"": 6, ""distance_median"": 0.6899252563506802}"
311,rflbat,rflbat_first_distance_filter,"[3, 29, 2, 97, 19, 98, 68, 86, 57, 21, 29, 2, 97, 19, 98, 68, 86, 57, 21]",[],"{""accepted_indices"": [0, 1, 2, 3, 4, 5, 6, 7, 8, 9, 1, 2, 3, 4, 5, 6, 7, 8, 9], ""eps1"": 10, ""distance_median"": 0.3862942462876411}"
311,rflbat,rflbat_cluster_filter,"[3, 29, 2, 97, 19, 98, 86, 57, 21, 29, 2, 97, 19, 98, 86, 57, 21]",[68],"{""accepted_indices"": [0, 1, 2, 3, 4, 5, 7, 8, 9, 1, 2, 3, 4, 5, 7, 8, 9], ""num_clusters"": 2, ""cluster_scores"": [0.11993528490895089, 1.0000000000030216]}"
311,rflbat,rflbat_final_distance_filter,"[3, 29, 2, 97, 19, 98, 86, 57, 21]",[68],"{""accepted_indices"": [0, 1, 2, 3, 4, 5, 7, 8, 9, 1, 2, 3, 4, 5, 7, 8, 9], ""eps2"": 6, ""distance_median"": 0.4327755090342375}"
312,rflbat,rflbat_first_distance_filter,"[4, 61, 76, 90, 31, 48, 28, 87, 78, 79, 61, 76, 90, 31, 48, 28, 87, 78, 79]",[],"{""accepted_indices"": [0, 1, 2, 3, 4, 5, 6, 7, 8, 9, 1, 2, 3, 4, 5, 6, 7, 8, 9], ""eps1"": 10, ""distance_median"": 0.33646601874605003}"
312,rflbat,rflbat_cluster_filter,"[4, 61, 90, 31, 48, 28, 87, 78, 79, 61, 90, 31, 48, 28, 87, 78, 79]",[76],"{""accepted_indices"": [0, 1, 3, 4, 5, 6, 7, 8, 9, 1, 3, 4, 5, 6, 7, 8, 9], ""num_clusters"": 2, ""cluster_scores"": [0.12274630025507435, 1.0000000000021882]}"
312,rflbat,rflbat_final_distance_filter,"[4, 61, 90, 31, 48, 28, 87, 78, 79]",[76],"{""accepted_indices"": [0, 1, 3, 4, 5, 6, 7, 8, 9, 1, 3, 4, 5, 6, 7, 8, 9], ""eps2"": 6, ""distance_median"": 0.3584773767422895}"
313,rflbat,rflbat_first_distance_filter,"[1, 29, 67, 23, 9, 19, 89, 32, 41, 24, 29, 67, 23, 9, 19, 89, 32, 41, 24]",[],"{""accepted_indices"": [0, 1, 2, 3, 4, 5, 6, 7, 8, 9, 1, 2, 3, 4, 5, 6, 7, 8, 9], ""eps1"": 10, ""distance_median"": 0.3751541038330457}"
313,rflbat,rflbat_cluster_filter,"[1, 29, 67, 23, 9, 19, 89, 32, 41, 24, 29, 67, 23, 9, 19, 89, 32, 41, 24]",[],"{""accepted_indices"": [0, 1, 2, 3, 4, 5, 6, 7, 8, 9, 1, 2, 3, 4, 5, 6, 7, 8, 9], ""num_clusters"": 1, ""cluster_scores"": [0.12640958455567597]}"
313,rflbat,rflbat_final_distance_filter,"[1, 29, 67, 23, 9, 19, 89, 32, 41, 24]",[],"{""accepted_indices"": [0, 1, 2, 3, 4, 5, 6, 7, 8, 9, 1, 2, 3, 4, 5, 6, 7, 8, 9], ""eps2"": 6, ""distance_median"": 0.6102927649573611}"
314,rflbat,rflbat_first_distance_filter,"[4, 82, 73, 94, 65, 36, 16, 13, 85, 79, 82, 73, 94, 65, 36, 16, 13, 85, 79]",[],"{""accepted_indices"": [0, 1, 2, 3, 4, 5, 6, 7, 8, 9, 1, 2, 3, 4, 5, 6, 7, 8, 9], ""eps1"": 10, ""distance_median"": 0.38992017470949547}"
314,rflbat,rflbat_cluster_filter,"[4, 82, 73, 94, 65, 36, 16, 13, 85, 79, 82, 73, 94, 65, 36, 16, 13, 85, 79]",[],"{""accepted_indices"": [0, 1, 2, 3, 4, 5, 6, 7, 8, 9, 1, 2, 3, 4, 5, 6, 7, 8, 9], ""num_clusters"": 1, ""cluster_scores"": [0.1022282385240606]}"
314,rflbat,rflbat_final_distance_filter,"[4, 82, 73, 94, 65, 36, 16, 13, 85, 79]",[],"{""accepted_indices"": [0, 1, 2, 3, 4, 5, 6, 7, 8, 9, 1, 2, 3, 4, 5, 6, 7, 8, 9], ""eps2"": 6, ""distance_median"": 0.784245725943273}"
315,rflbat,rflbat_first_distance_filter,"[0, 49, 64, 42, 65, 60, 71, 17, 31, 27, 49, 64, 42, 65, 60, 71, 17, 31, 27]",[],"{""accepted_indices"": [0, 1, 2, 3, 4, 5, 6, 7, 8, 9, 1, 2, 3, 4, 5, 6, 7, 8, 9], ""eps1"": 10, ""distance_median"": 0.4648546599890955}"
315,rflbat,rflbat_cluster_filter,"[0, 49, 64, 42, 65, 60, 71, 17, 31, 27, 49, 64, 42, 65, 60, 71, 17, 31, 27]",[],"{""accepted_indices"": [0, 1, 2, 3, 4, 5, 6, 7, 8, 9, 1, 2, 3, 4, 5, 6, 7, 8, 9], ""num_clusters"": 1, ""cluster_scores"": [0.10672828544424086]}"
315,rflbat,rflbat_final_distance_filter,"[0, 49, 64, 42, 65, 60, 71, 17, 31, 27]",[],"{""accepted_indices"": [0, 1, 2, 3, 4, 5, 6, 7, 8, 9, 1, 2, 3, 4, 5, 6, 7, 8, 9], ""eps2"": 6, ""distance_median"": 0.9258539375849215}"
316,rflbat,rflbat_first_distance_filter,"[1, 85, 75, 74, 59, 42, 70, 49, 12, 97, 85, 75, 74, 59, 42, 70, 49, 12, 97]",[],"{""accepted_indices"": [0, 1, 2, 3, 4, 5, 6, 7, 8, 9, 1, 2, 3, 4, 5, 6, 7, 8, 9], ""eps1"": 10, ""distance_median"": 0.4218023866636623}"
316,rflbat,rflbat_cluster_filter,"[1, 85, 75, 74, 59, 42, 70, 49, 12, 97, 85, 75, 74, 59, 42, 70, 49, 12, 97]",[],"{""accepted_indices"": [0, 1, 2, 3, 4, 5, 6, 7, 8, 9, 1, 2, 3, 4, 5, 6, 7, 8, 9], ""num_clusters"": 1, ""cluster_scores"": [0.09249747295201814]}"
316,rflbat,rflbat_final_distance_filter,"[1, 85, 75, 74, 59, 42, 70, 49, 12, 97]",[],"{""accepted_indices"": [0, 1, 2, 3, 4, 5, 6, 7, 8, 9, 1, 2, 3, 4, 5, 6, 7, 8, 9], ""eps2"": 6, ""distance_median"": 0.6801263492740078}"
317,rflbat,rflbat_first_distance_filter,"[3, 82, 70, 84, 13, 45, 96, 81, 49, 92, 82, 70, 84, 13, 45, 96, 81, 49, 92]",[],"{""accepted_indices"": [0, 1, 2, 3, 4, 5, 6, 7, 8, 9, 1, 2, 3, 4, 5, 6, 7, 8, 9], ""eps1"": 10, ""distance_median"": 0.3853887887036075}"
317,rflbat,rflbat_cluster_filter,"[3, 82, 70, 84, 13, 45, 96, 81, 49, 92, 82, 70, 84, 13, 45, 96, 81, 49, 92]",[],"{""accepted_indices"": [0, 1, 2, 3, 4, 5, 6, 7, 8, 9, 1, 2, 3, 4, 5, 6, 7, 8, 9], ""num_clusters"": 1, ""cluster_scores"": [0.11806069062474335]}"
317,rflbat,rflbat_final_distance_filter,"[3, 82, 70, 84, 13, 45, 96, 81, 49, 92]",[],"{""accepted_indices"": [0, 1, 2, 3, 4, 5, 6, 7, 8, 9, 1, 2, 3, 4, 5, 6, 7, 8, 9], ""eps2"": 6, ""distance_median"": 0.747600363363321}"
318,rflbat,rflbat_first_distance_filter,"[4, 88, 94, 81, 2, 72, 19, 46, 28, 92, 88, 94, 81, 2, 72, 19, 46, 28, 92]",[],"{""accepted_indices"": [0, 1, 2, 3, 4, 5, 6, 7, 8, 9, 1, 2, 3, 4, 5, 6, 7, 8, 9], ""eps1"": 10, ""distance_median"": 0.37069902927691334}"
318,rflbat,rflbat_cluster_filter,"[4, 94, 81, 2, 72, 19, 46, 28, 92, 94, 81, 2, 72, 19, 46, 28, 92]",[88],"{""accepted_indices"": [0, 2, 3, 4, 5, 6, 7, 8, 9, 2, 3, 4, 5, 6, 7, 8, 9], ""num_clusters"": 2, ""cluster_scores"": [0.09759746734313837, 1.000000000002663]}"
318,rflbat,rflbat_final_distance_filter,"[4, 94, 81, 2, 72, 19, 46, 28, 92]",[88],"{""accepted_indices"": [0, 2, 3, 4, 5, 6, 7, 8, 9, 2, 3, 4, 5, 6, 7, 8, 9], ""eps2"": 6, ""distance_median"": 0.4162440696190149}"
319,rflbat,rflbat_first_distance_filter,"[1, 25, 64, 40, 77, 13, 21, 68, 60, 4, 25, 64, 40, 77, 13, 21, 68, 60, 4]",[],"{""accepted_indices"": [0, 1, 2, 3, 4, 5, 6, 7, 8, 9, 1, 2, 3, 4, 5, 6, 7, 8, 9], ""eps1"": 10, ""distance_median"": 0.3522468164386302}"
319,rflbat,rflbat_cluster_filter,"[1, 25, 64, 40, 77, 13, 21, 68, 60, 4, 25, 64, 40, 77, 13, 21, 68, 60, 4]",[],"{""accepted_indices"": [0, 1, 2, 3, 4, 5, 6, 7, 8, 9, 1, 2, 3, 4, 5, 6, 7, 8, 9], ""num_clusters"": 1, ""cluster_scores"": [0.10769949961134033]}"
319,rflbat,rflbat_final_distance_filter,"[1, 25, 64, 40, 77, 13, 21, 68, 60, 4]",[],"{""accepted_indices"": [0, 1, 2, 3, 4, 5, 6, 7, 8, 9, 1, 2, 3, 4, 5, 6, 7, 8, 9], ""eps2"": 6, ""distance_median"": 0.6454919921270155}"
320,rflbat,rflbat_first_distance_filter,"[4, 50, 25, 98, 36, 40, 85, 91, 21, 64, 50, 25, 98, 36, 40, 85, 91, 21, 64]",[],"{""accepted_indices"": [0, 1, 2, 3, 4, 5, 6, 7, 8, 9, 1, 2, 3, 4, 5, 6, 7, 8, 9], ""eps1"": 10, ""distance_median"": 0.3800363451422959}"
320,rflbat,rflbat_cluster_filter,"[4, 50, 25, 98, 36, 40, 85, 91, 21, 64, 50, 25, 98, 36, 40, 85, 91, 21, 64]",[],"{""accepted_indices"": [0, 1, 2, 3, 4, 5, 6, 7, 8, 9, 1, 2, 3, 4, 5, 6, 7, 8, 9], ""num_clusters"": 1, ""cluster_scores"": [0.10570273688934857]}"
320,rflbat,rflbat_final_distance_filter,"[4, 50, 25, 98, 36, 40, 85, 91, 21, 64]",[],"{""accepted_indices"": [0, 1, 2, 3, 4, 5, 6, 7, 8, 9, 1, 2, 3, 4, 5, 6, 7, 8, 9], ""eps2"": 6, ""distance_median"": 0.7704605274421349}"
321,rflbat,rflbat_first_distance_filter,"[1, 45, 53, 58, 32, 76, 49, 98, 95, 52, 45, 53, 58, 32, 76, 49, 98, 95, 52]",[],"{""accepted_indices"": [0, 1, 2, 3, 4, 5, 6, 7, 8, 9, 1, 2, 3, 4, 5, 6, 7, 8, 9], ""eps1"": 10, ""distance_median"": 0.4149062220431388}"
321,rflbat,rflbat_cluster_filter,"[1, 45, 53, 58, 32, 76, 49, 98, 95, 52, 45, 53, 58, 32, 76, 49, 98, 95, 52]",[],"{""accepted_indices"": [0, 1, 2, 3, 4, 5, 6, 7, 8, 9, 1, 2, 3, 4, 5, 6, 7, 8, 9], ""num_clusters"": 1, ""cluster_scores"": [0.11993055352083964]}"
321,rflbat,rflbat_final_distance_filter,"[1, 45, 53, 58, 32, 76, 49, 98, 95, 52]",[],"{""accepted_indices"": [0, 1, 2, 3, 4, 5, 6, 7, 8, 9, 1, 2, 3, 4, 5, 6, 7, 8, 9], ""eps2"": 6, ""distance_median"": 0.699992242537235}"
322,rflbat,rflbat_first_distance_filter,"[3, 34, 96, 50, 42, 93, 6, 48, 58, 55, 34, 96, 50, 42, 93, 6, 48, 58, 55]",[],"{""accepted_indices"": [0, 1, 2, 3, 4, 5, 6, 7, 8, 9, 1, 2, 3, 4, 5, 6, 7, 8, 9], ""eps1"": 10, ""distance_median"": 0.34846548308338754}"
322,rflbat,rflbat_cluster_filter,"[3, 34, 96, 50, 42, 93, 6, 48, 58, 55, 34, 96, 50, 42, 93, 6, 48, 58, 55]",[],"{""accepted_indices"": [0, 1, 2, 3, 4, 5, 6, 7, 8, 9, 1, 2, 3, 4, 5, 6, 7, 8, 9], ""num_clusters"": 1, ""cluster_scores"": [0.08869286470672362]}"
322,rflbat,rflbat_final_distance_filter,"[3, 34, 96, 50, 42, 93, 6, 48, 58, 55]",[],"{""accepted_indices"": [0, 1, 2, 3, 4, 5, 6, 7, 8, 9, 1, 2, 3, 4, 5, 6, 7, 8, 9], ""eps2"": 6, ""distance_median"": 0.6821925694878799}"
323,rflbat,rflbat_first_distance_filter,"[1, 59, 26, 71, 82, 38, 78, 15, 57, 14, 59, 26, 71, 82, 38, 78, 15, 57, 14]",[],"{""accepted_indices"": [0, 1, 2, 3, 4, 5, 6, 7, 8, 9, 1, 2, 3, 4, 5, 6, 7, 8, 9], ""eps1"": 10, ""distance_median"": 0.5284897439049436}"
323,rflbat,rflbat_cluster_filter,"[1, 59, 26, 71, 82, 38, 78, 15, 57, 14, 59, 26, 71, 82, 38, 78, 15, 57, 14]",[],"{""accepted_indices"": [0, 1, 2, 3, 4, 5, 6, 7, 8, 9, 1, 2, 3, 4, 5, 6, 7, 8, 9], ""num_clusters"": 1, ""cluster_scores"": [0.11343549017058041]}"
323,rflbat,rflbat_final_distance_filter,"[1, 59, 26, 71, 82, 38, 78, 15, 57, 14]",[],"{""accepted_indices"": [0, 1, 2, 3, 4, 5, 6, 7, 8, 9, 1, 2, 3, 4, 5, 6, 7, 8, 9], ""eps2"": 6, ""distance_median"": 1.05266960761112}"
324,rflbat,rflbat_first_distance_filter,"[0, 60, 28, 6, 49, 7, 72, 69, 82, 84, 60, 28, 6, 49, 7, 72, 69, 82, 84]",[],"{""accepted_indices"": [0, 1, 2, 3, 4, 5, 6, 7, 8, 9, 1, 2, 3, 4, 5, 6, 7, 8, 9], ""eps1"": 10, ""distance_median"": 0.3475221278384752}"
324,rflbat,rflbat_cluster_filter,"[0, 60, 28, 6, 49, 7, 72, 69, 82, 84, 60, 28, 6, 49, 7, 72, 69, 82, 84]",[],"{""accepted_indices"": [0, 1, 2, 3, 4, 5, 6, 7, 8, 9, 1, 2, 3, 4, 5, 6, 7, 8, 9], ""num_clusters"": 1, ""cluster_scores"": [0.12176006607321045]}"
324,rflbat,rflbat_final_distance_filter,"[0, 60, 28, 6, 49, 7, 72, 69, 82, 84]",[],"{""accepted_indices"": [0, 1, 2, 3, 4, 5, 6, 7, 8, 9, 1, 2, 3, 4, 5, 6, 7, 8, 9], ""eps2"": 6, ""distance_median"": 0.679487610449068}"
325,rflbat,rflbat_first_distance_filter,"[3, 98, 51, 25, 35, 94, 75, 34, 97, 76, 98, 51, 25, 35, 94, 75, 34, 97, 76]",[],"{""accepted_indices"": [0, 1, 2, 3, 4, 5, 6, 7, 8, 9, 1, 2, 3, 4, 5, 6, 7, 8, 9], ""eps1"": 10, ""distance_median"": 0.5520874524279309}"
325,rflbat,rflbat_cluster_filter,"[3, 98, 51, 25, 35, 94, 75, 34, 97, 76, 98, 51, 25, 35, 94, 75, 34, 97, 76]",[],"{""accepted_indices"": [0, 1, 2, 3, 4, 5, 6, 7, 8, 9, 1, 2, 3, 4, 5, 6, 7, 8, 9], ""num_clusters"": 1, ""cluster_scores"": [0.1164392760324514]}"
325,rflbat,rflbat_final_distance_filter,"[3, 98, 51, 25, 35, 94, 75, 34, 97, 76]",[],"{""accepted_indices"": [0, 1, 2, 3, 4, 5, 6, 7, 8, 9, 1, 2, 3, 4, 5, 6, 7, 8, 9], ""eps2"": 6, ""distance_median"": 1.0898997815123013}"
326,rflbat,rflbat_first_distance_filter,"[3, 10, 22, 67, 14, 71, 43, 78, 27, 40, 10, 22, 67, 14, 71, 43, 78, 27, 40]",[],"{""accepted_indices"": [0, 1, 2, 3, 4, 5, 6, 7, 8, 9, 1, 2, 3, 4, 5, 6, 7, 8, 9], ""eps1"": 10, ""distance_median"": 0.41451140372332995}"
326,rflbat,rflbat_cluster_filter,"[3, 10, 22, 67, 14, 43, 78, 27, 40, 10, 22, 67, 14, 43, 78, 27, 40]",[71],"{""accepted_indices"": [0, 1, 2, 3, 4, 6, 7, 8, 9, 1, 2, 3, 4, 6, 7, 8, 9], ""num_clusters"": 2, ""cluster_scores"": [0.12687589072810088, 1.0000000000015854]}"
326,rflbat,rflbat_final_distance_filter,"[3, 10, 22, 67, 14, 43, 78, 27, 40]",[71],"{""accepted_indices"": [0, 1, 2, 3, 4, 6, 7, 8, 9, 1, 2, 3, 4, 6, 7, 8, 9], ""eps2"": 6, ""distance_median"": 0.3571330234415028}"
327,rflbat,rflbat_first_distance_filter,"[2, 31, 70, 41, 65, 8, 36, 66, 71, 12, 31, 70, 41, 65, 8, 36, 66, 71, 12]",[],"{""accepted_indices"": [0, 1, 2, 3, 4, 5, 6, 7, 8, 9, 1, 2, 3, 4, 5, 6, 7, 8, 9], ""eps1"": 10, ""distance_median"": 0.4795602077515976}"
327,rflbat,rflbat_cluster_filter,"[2, 31, 70, 41, 65, 8, 36, 66, 71, 12, 31, 70, 41, 65, 8, 36, 66, 71, 12]",[],"{""accepted_indices"": [0, 1, 2, 3, 4, 5, 6, 7, 8, 9, 1, 2, 3, 4, 5, 6, 7, 8, 9], ""num_clusters"": 1, ""cluster_scores"": [0.10765506865296007]}"
327,rflbat,rflbat_final_distance_filter,"[2, 31, 70, 41, 65, 8, 36, 66, 71, 12]",[],"{""accepted_indices"": [0, 1, 2, 3, 4, 5, 6, 7, 8, 9, 1, 2, 3, 4, 5, 6, 7, 8, 9], ""eps2"": 6, ""distance_median"": 0.9692801175885877}"
328,rflbat,rflbat_first_distance_filter,"[2, 88, 90, 79, 29, 99, 47, 37, 7, 33, 88, 90, 79, 29, 99, 47, 37, 7, 33]",[],"{""accepted_indices"": [0, 1, 2, 3, 4, 5, 6, 7, 8, 9, 1, 2, 3, 4, 5, 6, 7, 8, 9], ""eps1"": 10, ""distance_median"": 0.4852777776815096}"
328,rflbat,rflbat_cluster_filter,"[2, 88, 90, 79, 29, 99, 47, 37, 7, 33, 88, 90, 79, 29, 99, 47, 37, 7, 33]",[],"{""accepted_indices"": [0, 1, 2, 3, 4, 5, 6, 7, 8, 9, 1, 2, 3, 4, 5, 6, 7, 8, 9], ""num_clusters"": 1, ""cluster_scores"": [0.11731971984659181]}"
328,rflbat,rflbat_final_distance_filter,"[2, 88, 90, 79, 29, 99, 47, 37, 7, 33]",[],"{""accepted_indices"": [0, 1, 2, 3, 4, 5, 6, 7, 8, 9, 1, 2, 3, 4, 5, 6, 7, 8, 9], ""eps2"": 6, ""distance_median"": 0.9709036217947353}"
329,rflbat,rflbat_first_distance_filter,"[4, 9, 55, 34, 88, 19, 60, 96, 1, 0, 9, 55, 34, 88, 19, 60, 96, 1, 0]",[],"{""accepted_indices"": [0, 1, 2, 3, 4, 5, 6, 7, 8, 9, 1, 2, 3, 4, 5, 6, 7, 8, 9], ""eps1"": 10, ""distance_median"": 0.3537563476365988}"
329,rflbat,rflbat_cluster_filter,"[4, 9, 55, 34, 88, 19, 60, 96, 1, 0, 9, 55, 34, 88, 19, 60, 96, 1, 0]",[],"{""accepted_indices"": [0, 1, 2, 3, 4, 5, 6, 7, 8, 9, 1, 2, 3, 4, 5, 6, 7, 8, 9], ""num_clusters"": 1, ""cluster_scores"": [0.0972452608327629]}"
329,rflbat,rflbat_final_distance_filter,"[4, 9, 55, 34, 88, 19, 60, 96, 1, 0]",[],"{""accepted_indices"": [0, 1, 2, 3, 4, 5, 6, 7, 8, 9, 1, 2, 3, 4, 5, 6, 7, 8, 9], ""eps2"": 6, ""distance_median"": 0.686741691673519}"
330,rflbat,rflbat_first_distance_filter,"[1, 66, 95, 13, 21, 53, 97, 47, 99, 63, 66, 95, 13, 21, 53, 97, 47, 99, 63]",[],"{""accepted_indices"": [0, 1, 2, 3, 4, 5, 6, 7, 8, 9, 1, 2, 3, 4, 5, 6, 7, 8, 9], ""eps1"": 10, ""distance_median"": 0.3680942191338566}"
330,rflbat,rflbat_cluster_filter,"[1, 66, 95, 13, 21, 53, 97, 47, 99, 63, 66, 95, 13, 21, 53, 97, 47, 99, 63]",[],"{""accepted_indices"": [0, 1, 2, 3, 4, 5, 6, 7, 8, 9, 1, 2, 3, 4, 5, 6, 7, 8, 9], ""num_clusters"": 1, ""cluster_scores"": [0.09655674971124927]}"
330,rflbat,rflbat_final_distance_filter,"[1, 66, 95, 13, 21, 53, 97, 47, 99, 63]",[],"{""accepted_indices"": [0, 1, 2, 3, 4, 5, 6, 7, 8, 9, 1, 2, 3, 4, 5, 6, 7, 8, 9], ""eps2"": 6, ""distance_median"": 0.7251486034811949}"
331,rflbat,rflbat_first_distance_filter,"[3, 25, 71, 38, 60, 41, 10, 51, 15, 64, 25, 71, 38, 60, 41, 10, 51, 15, 64]",[],"{""accepted_indices"": [0, 1, 2, 3, 4, 5, 6, 7, 8, 9, 1, 2, 3, 4, 5, 6, 7, 8, 9], ""eps1"": 10, ""distance_median"": 0.47131532221966366}"
331,rflbat,rflbat_cluster_filter,"[3, 25, 71, 38, 60, 41, 10, 51, 15, 64, 25, 71, 38, 60, 41, 10, 51, 15, 64]",[],"{""accepted_indices"": [0, 1, 2, 3, 4, 5, 6, 7, 8, 9, 1, 2, 3, 4, 5, 6, 7, 8, 9], ""num_clusters"": 1, ""cluster_scores"": [0.11090829611591961]}"
331,rflbat,rflbat_final_distance_filter,"[3, 25, 71, 38, 60, 41, 10, 51, 15, 64]",[],"{""accepted_indices"": [0, 1, 2, 3, 4, 5, 6, 7, 8, 9, 1, 2, 3, 4, 5, 6, 7, 8, 9], ""eps2"": 6, ""distance_median"": 0.9488968414899693}"
332,rflbat,rflbat_first_distance_filter,"[1, 16, 84, 79, 6, 35, 5, 11, 71, 57, 16, 84, 79, 6, 35, 5, 11, 71, 57]",[],"{""accepted_indices"": [0, 1, 2, 3, 4, 5, 6, 7, 8, 9, 1, 2, 3, 4, 5, 6, 7, 8, 9], ""eps1"": 10, ""distance_median"": 0.554645671450342}"
332,rflbat,rflbat_cluster_filter,"[1, 16, 84, 79, 6, 35, 5, 11, 71, 57, 16, 84, 79, 6, 35, 5, 11, 71, 57]",[],"{""accepted_indices"": [0, 1, 2, 3, 4, 5, 6, 7, 8, 9, 1, 2, 3, 4, 5, 6, 7, 8, 9], ""num_clusters"": 1, ""cluster_scores"": [0.10579488778403923]}"
332,rflbat,rflbat_final_distance_filter,"[1, 16, 84, 79, 6, 35, 5, 11, 71, 57]",[],"{""accepted_indices"": [0, 1, 2, 3, 4, 5, 6, 7, 8, 9, 1, 2, 3, 4, 5, 6, 7, 8, 9], ""eps2"": 6, ""distance_median"": 1.0868851298135989}"
333,rflbat,rflbat_first_distance_filter,"[2, 78, 76, 0, 69, 35, 51, 72, 55, 98, 78, 76, 0, 69, 35, 51, 72, 55, 98]",[],"{""accepted_indices"": [0, 1, 2, 3, 4, 5, 6, 7, 8, 9, 1, 2, 3, 4, 5, 6, 7, 8, 9], ""eps1"": 10, ""distance_median"": 0.5266365546333673}"
333,rflbat,rflbat_cluster_filter,"[2, 78, 76, 0, 69, 35, 51, 72, 55, 98, 78, 76, 0, 69, 35, 51, 72, 55, 98]",[],"{""accepted_indices"": [0, 1, 2, 3, 4, 5, 6, 7, 8, 9, 1, 2, 3, 4, 5, 6, 7, 8, 9], ""num_clusters"": 1, ""cluster_scores"": [0.11165981056939159]}"
333,rflbat,rflbat_final_distance_filter,"[2, 78, 76, 0, 69, 35, 51, 72, 55, 98]",[],"{""accepted_indices"": [0, 1, 2, 3, 4, 5, 6, 7, 8, 9, 1, 2, 3, 4, 5, 6, 7, 8, 9], ""eps2"": 6, ""distance_median"": 1.0088824266881637}"
334,rflbat,rflbat_first_distance_filter,"[2, 31, 39, 12, 78, 52, 27, 70, 32, 11, 31, 39, 12, 78, 52, 27, 70, 32, 11]",[],"{""accepted_indices"": [0, 1, 2, 3, 4, 5, 6, 7, 8, 9, 1, 2, 3, 4, 5, 6, 7, 8, 9], ""eps1"": 10, ""distance_median"": 0.3681396263392247}"
334,rflbat,rflbat_cluster_filter,"[2, 31, 39, 12, 78, 52, 70, 32, 11, 31, 39, 12, 78, 52, 70, 32, 11]",[27],"{""accepted_indices"": [0, 1, 2, 3, 4, 5, 7, 8, 9, 1, 2, 3, 4, 5, 7, 8, 9], ""num_clusters"": 2, ""cluster_scores"": [0.11417512678975605, 1.0000000000012998]}"
334,rflbat,rflbat_final_distance_filter,"[2, 31, 39, 12, 78, 52, 70, 32, 11]",[27],"{""accepted_indices"": [0, 1, 2, 3, 4, 5, 7, 8, 9, 1, 2, 3, 4, 5, 7, 8, 9], ""eps2"": 6, ""distance_median"": 0.4597586299801376}"
335,rflbat,rflbat_first_distance_filter,"[3, 80, 4, 87, 11, 84, 1, 18, 77, 2, 80, 4, 87, 11, 84, 1, 18, 77, 2]",[],"{""accepted_indices"": [0, 1, 2, 3, 4, 5, 6, 7, 8, 9, 1, 2, 3, 4, 5, 6, 7, 8, 9], ""eps1"": 10, ""distance_median"": 0.3643932118396644}"
335,rflbat,rflbat_cluster_filter,"[3, 80, 4, 87, 11, 84, 1, 18, 77, 2, 80, 4, 87, 11, 84, 1, 18, 77, 2]",[],"{""accepted_indices"": [0, 1, 2, 3, 4, 5, 6, 7, 8, 9, 1, 2, 3, 4, 5, 6, 7, 8, 9], ""num_clusters"": 1, ""cluster_scores"": [0.1071051399777159]}"
335,rflbat,rflbat_final_distance_filter,"[3, 80, 4, 87, 11, 84, 1, 18, 77, 2]",[],"{""accepted_indices"": [0, 1, 2, 3, 4, 5, 6, 7, 8, 9, 1, 2, 3, 4, 5, 6, 7, 8, 9], ""eps2"": 6, ""distance_median"": 0.7310357197178148}"
336,rflbat,rflbat_first_distance_filter,"[2, 76, 81, 70, 97, 55, 18, 48, 61, 8, 76, 81, 70, 97, 55, 18, 48, 61, 8]",[],"{""accepted_indices"": [0, 1, 2, 3, 4, 5, 6, 7, 8, 9, 1, 2, 3, 4, 5, 6, 7, 8, 9], ""eps1"": 10, ""distance_median"": 0.46882247940843813}"
336,rflbat,rflbat_cluster_filter,"[2, 76, 81, 70, 97, 55, 18, 48, 61, 8, 76, 81, 70, 97, 55, 18, 48, 61, 8]",[],"{""accepted_indices"": [0, 1, 2, 3, 4, 5, 6, 7, 8, 9, 1, 2, 3, 4, 5, 6, 7, 8, 9], ""num_clusters"": 1, ""cluster_scores"": [0.09964865075212855]}"
336,rflbat,rflbat_final_distance_filter,"[2, 76, 81, 70, 97, 55, 18, 48, 61, 8]",[],"{""accepted_indices"": [0, 1, 2, 3, 4, 5, 6, 7, 8, 9, 1, 2, 3, 4, 5, 6, 7, 8, 9], ""eps2"": 6, ""distance_median"": 0.9203586795153255}"
337,rflbat,rflbat_first_distance_filter,"[1, 35, 45, 37, 48, 44, 55, 32, 23, 22, 35, 45, 37, 48, 44, 55, 32, 23, 22]",[],"{""accepted_indices"": [0, 1, 2, 3, 4, 5, 6, 7, 8, 9, 1, 2, 3, 4, 5, 6, 7, 8, 9], ""eps1"": 10, ""distance_median"": 0.4959749462196224}"
337,rflbat,rflbat_cluster_filter,"[1, 35, 45, 37, 48, 44, 55, 32, 23, 22, 35, 45, 37, 48, 44, 55, 32, 23, 22]",[],"{""accepted_indices"": [0, 1, 2, 3, 4, 5, 6, 7, 8, 9, 1, 2, 3, 4, 5, 6, 7, 8, 9], ""num_clusters"": 1, ""cluster_scores"": [0.11683110992411028]}"
337,rflbat,rflbat_final_distance_filter,"[1, 35, 45, 37, 48, 44, 55, 32, 23, 22]",[],"{""accepted_indices"": [0, 1, 2, 3, 4, 5, 6, 7, 8, 9, 1, 2, 3, 4, 5, 6, 7, 8, 9], ""eps2"": 6, ""distance_median"": 0.9642013372295032}"
338,rflbat,rflbat_first_distance_filter,"[0, 59, 53, 86, 32, 95, 96, 62, 27, 16, 59, 53, 86, 32, 95, 96, 62, 27, 16]",[],"{""accepted_indices"": [0, 1, 2, 3, 4, 5, 6, 7, 8, 9, 1, 2, 3, 4, 5, 6, 7, 8, 9], ""eps1"": 10, ""distance_median"": 0.38599172616531624}"
338,rflbat,rflbat_cluster_filter,"[0, 59, 53, 86, 32, 95, 96, 62, 27, 16, 59, 53, 86, 32, 95, 96, 62, 27, 16]",[],"{""accepted_indices"": [0, 1, 2, 3, 4, 5, 6, 7, 8, 9, 1, 2, 3, 4, 5, 6, 7, 8, 9], ""num_clusters"": 1, ""cluster_scores"": [0.1062280167543108]}"
338,rflbat,rflbat_final_distance_filter,"[0, 59, 53, 86, 32, 95, 96, 62, 27, 16]",[],"{""accepted_indices"": [0, 1, 2, 3, 4, 5, 6, 7, 8, 9, 1, 2, 3, 4, 5, 6, 7, 8, 9], ""eps2"": 6, ""distance_median"": 0.7820756567513161}"
339,rflbat,rflbat_first_distance_filter,"[1, 79, 11, 20, 65, 0, 75, 61, 33, 47, 79, 11, 20, 65, 0, 75, 61, 33, 47]",[],"{""accepted_indices"": [0, 1, 2, 3, 4, 5, 6, 7, 8, 9, 1, 2, 3, 4, 5, 6, 7, 8, 9], ""eps1"": 10, ""distance_median"": 0.44422471433998956}"
339,rflbat,rflbat_cluster_filter,"[1, 79, 11, 20, 65, 0, 75, 61, 33, 47, 79, 11, 20, 65, 0, 75, 61, 33, 47]",[],"{""accepted_indices"": [0, 1, 2, 3, 4, 5, 6, 7, 8, 9, 1, 2, 3, 4, 5, 6, 7, 8, 9], ""num_clusters"": 1, ""cluster_scores"": [0.11574496394885966]}"
339,rflbat,rflbat_final_distance_filter,"[1, 79, 11, 20, 65, 0, 75, 61, 33, 47]",[],"{""accepted_indices"": [0, 1, 2, 3, 4, 5, 6, 7, 8, 9, 1, 2, 3, 4, 5, 6, 7, 8, 9], ""eps2"": 6, ""distance_median"": 0.8877662956341815}"
340,rflbat,rflbat_first_distance_filter,"[0, 65, 19, 56, 4, 11, 20, 49, 75, 93, 65, 19, 56, 4, 11, 20, 49, 75, 93]",[],"{""accepted_indices"": [0, 1, 2, 3, 4, 5, 6, 7, 8, 9, 1, 2, 3, 4, 5, 6, 7, 8, 9], ""eps1"": 10, ""distance_median"": 0.38016796369482614}"
340,rflbat,rflbat_cluster_filter,"[0, 65, 19, 56, 4, 11, 49, 75, 93, 65, 19, 56, 4, 11, 49, 75, 93]",[20],"{""accepted_indices"": [0, 1, 2, 3, 4, 5, 7, 8, 9, 1, 2, 3, 4, 5, 7, 8, 9], ""num_clusters"": 2, ""cluster_scores"": [0.109335782582085, 1.000000000001204]}"
340,rflbat,rflbat_final_distance_filter,"[0, 65, 19, 56, 4, 11, 49, 75, 93]",[20],"{""accepted_indices"": [0, 1, 2, 3, 4, 5, 7, 8, 9, 1, 2, 3, 4, 5, 7, 8, 9], ""eps2"": 6, ""distance_median"": 0.4466662380676477}"
341,rflbat,rflbat_first_distance_filter,"[2, 11, 61, 96, 28, 64, 62, 40, 71, 78, 11, 61, 96, 28, 64, 62, 40, 71, 78]",[],"{""accepted_indices"": [0, 1, 2, 3, 4, 5, 6, 7, 8, 9, 1, 2, 3, 4, 5, 6, 7, 8, 9], ""eps1"": 10, ""distance_median"": 0.5314041885858856}"
341,rflbat,rflbat_cluster_filter,"[2, 11, 61, 96, 28, 64, 62, 40, 71, 78, 11, 61, 96, 28, 64, 62, 40, 71, 78]",[],"{""accepted_indices"": [0, 1, 2, 3, 4, 5, 6, 7, 8, 9, 1, 2, 3, 4, 5, 6, 7, 8, 9], ""num_clusters"": 1, ""cluster_scores"": [0.09971732296512813]}"
341,rflbat,rflbat_final_distance_filter,"[2, 11, 61, 96, 28, 64, 62, 40, 71, 78]",[],"{""accepted_indices"": [0, 1, 2, 3, 4, 5, 6, 7, 8, 9, 1, 2, 3, 4, 5, 6, 7, 8, 9], ""eps2"": 6, ""distance_median"": 1.0347109697752395}"
342,rflbat,rflbat_first_distance_filter,"[4, 78, 10, 56, 83, 55, 98, 69, 66, 81, 78, 10, 56, 83, 55, 98, 69, 66, 81]",[],"{""accepted_indices"": [0, 1, 2, 3, 4, 5, 6, 7, 8, 9, 1, 2, 3, 4, 5, 6, 7, 8, 9], ""eps1"": 10, ""distance_median"": 0.3462890590248986}"
342,rflbat,rflbat_cluster_filter,"[4, 78, 10, 56, 83, 55, 98, 69, 66, 81, 78, 10, 56, 83, 55, 98, 69, 66, 81]",[],"{""accepted_indices"": [0, 1, 2, 3, 4, 5, 6, 7, 8, 9, 1, 2, 3, 4, 5, 6, 7, 8, 9], ""num_clusters"": 1, ""cluster_scores"": [0.12006384352803608]}"
342,rflbat,rflbat_final_distance_filter,"[4, 78, 10, 56, 83, 55, 98, 69, 66, 81]",[],"{""accepted_indices"": [0, 1, 2, 3, 4, 5, 6, 7, 8, 9, 1, 2, 3, 4, 5, 6, 7, 8, 9], ""eps2"": 6, ""distance_median"": 0.6973985928948707}"
343,rflbat,rflbat_first_distance_filter,"[4, 14, 18, 69, 94, 2, 7, 26, 1, 75, 14, 18, 69, 94, 2, 7, 26, 1, 75]",[],"{""accepted_indices"": [0, 1, 2, 3, 4, 5, 6, 7, 8, 9, 1, 2, 3, 4, 5, 6, 7, 8, 9], ""eps1"": 10, ""distance_median"": 0.40045270559900414}"
343,rflbat,rflbat_cluster_filter,"[4, 14, 18, 69, 94, 2, 7, 26, 1, 75, 14, 18, 69, 94, 2, 7, 26, 1, 75]",[],"{""accepted_indices"": [0, 1, 2, 3, 4, 5, 6, 7, 8, 9, 1, 2, 3, 4, 5, 6, 7, 8, 9], ""num_clusters"": 1, ""cluster_scores"": [0.09972882366152748]}"
343,rflbat,rflbat_final_distance_filter,"[4, 14, 18, 69, 94, 2, 7, 26, 1, 75]",[],"{""accepted_indices"": [0, 1, 2, 3, 4, 5, 6, 7, 8, 9, 1, 2, 3, 4, 5, 6, 7, 8, 9], ""eps2"": 6, ""distance_median"": 0.8009224461539376}"
344,rflbat,rflbat_first_distance_filter,"[2, 63, 18, 29, 40, 35, 13, 27, 28, 11, 63, 18, 29, 40, 35, 13, 27, 28, 11]",[],"{""accepted_indices"": [0, 1, 2, 3, 4, 5, 6, 7, 8, 9, 1, 2, 3, 4, 5, 6, 7, 8, 9], ""eps1"": 10, ""distance_median"": 0.47679378592431765}"
344,rflbat,rflbat_cluster_filter,"[2, 63, 18, 29, 40, 13, 28, 11, 63, 18, 29, 40, 13, 28, 11]","[35, 27]","{""accepted_indices"": [0, 1, 2, 3, 4, 6, 8, 9, 1, 2, 3, 4, 6, 8, 9], ""num_clusters"": 3, ""cluster_scores"": [1.0000000000021623, 0.1340999526651259, 1.0000000000011717]}"
344,rflbat,rflbat_final_distance_filter,"[2, 63, 18, 29, 40, 13, 28, 11]","[35, 27]","{""accepted_indices"": [0, 1, 2, 3, 4, 6, 8, 9, 1, 2, 3, 4, 6, 8, 9], ""eps2"": 6, ""distance_median"": 0.15611310883693663}"
345,rflbat,rflbat_first_distance_filter,"[4, 41, 7, 90, 30, 52, 42, 76, 70, 79, 41, 7, 90, 30, 52, 42, 76, 70, 79]",[],"{""accepted_indices"": [0, 1, 2, 3, 4, 5, 6, 7, 8, 9, 1, 2, 3, 4, 5, 6, 7, 8, 9], ""eps1"": 10, ""distance_median"": 0.3869999997047966}"
345,rflbat,rflbat_cluster_filter,"[4, 41, 7, 90, 30, 52, 42, 76, 70, 79, 41, 7, 90, 30, 52, 42, 76, 70, 79]",[],"{""accepted_indices"": [0, 1, 2, 3, 4, 5, 6, 7, 8, 9, 1, 2, 3, 4, 5, 6, 7, 8, 9], ""num_clusters"": 1, ""cluster_scores"": [0.1114398816741856]}"
345,rflbat,rflbat_final_distance_filter,"[4, 41, 7, 90, 30, 52, 42, 76, 70, 79]",[],"{""accepted_indices"": [0, 1, 2, 3, 4, 5, 6, 7, 8, 9, 1, 2, 3, 4, 5, 6, 7, 8, 9], ""eps2"": 6, ""distance_median"": 0.8031160965720682}"
346,rflbat,rflbat_first_distance_filter,"[3, 51, 90, 71, 87, 20, 68, 65, 85, 69, 51, 90, 71, 87, 20, 68, 65, 85, 69]",[],"{""accepted_indices"": [0, 1, 2, 3, 4, 5, 6, 7, 8, 9, 1, 2, 3, 4, 5, 6, 7, 8, 9], ""eps1"": 10, ""distance_median"": 0.6198354587404628}"
346,rflbat,rflbat_cluster_filter,"[3, 51, 90, 71, 87, 20, 68, 65, 85, 69, 51, 90, 71, 87, 20, 68, 65, 85, 69]",[],"{""accepted_indices"": [0, 1, 2, 3, 4, 5, 6, 7, 8, 9, 1, 2, 3, 4, 5, 6, 7, 8, 9], ""num_clusters"": 1, ""cluster_scores"": [0.09709456364196767]}"
346,rflbat,rflbat_final_distance_filter,"[3, 51, 90, 71, 87, 20, 68, 65, 85, 69]",[],"{""accepted_indices"": [0, 1, 2, 3, 4, 5, 6, 7, 8, 9, 1, 2, 3, 4, 5, 6, 7, 8, 9], ""eps2"": 6, ""distance_median"": 1.2402304832031787}"
347,rflbat,rflbat_first_distance_filter,"[4, 55, 53, 0, 94, 74, 34, 49, 25, 1, 55, 53, 0, 94, 74, 34, 49, 25, 1]",[],"{""accepted_indices"": [0, 1, 2, 3, 4, 5, 6, 7, 8, 9, 1, 2, 3, 4, 5, 6, 7, 8, 9], ""eps1"": 10, ""distance_median"": 0.33854037870144926}"
347,rflbat,rflbat_cluster_filter,"[4, 55, 53, 0, 94, 74, 34, 49, 25, 1, 55, 53, 0, 94, 74, 34, 49, 25, 1]",[],"{""accepted_indices"": [0, 1, 2, 3, 4, 5, 6, 7, 8, 9, 1, 2, 3, 4, 5, 6, 7, 8, 9], ""num_clusters"": 1, ""cluster_scores"": [0.12194566858028336]}"
347,rflbat,rflbat_final_distance_filter,"[4, 55, 53, 0, 94, 74, 34, 49, 25, 1]",[],"{""accepted_indices"": [0, 1, 2, 3, 4, 5, 6, 7, 8, 9, 1, 2, 3, 4, 5, 6, 7, 8, 9], ""eps2"": 6, ""distance_median"": 0.6763232520608368}"
348,rflbat,rflbat_first_distance_filter,"[2, 52, 14, 17, 11, 25, 0, 9, 42, 37, 52, 14, 17, 11, 25, 0, 9, 42, 37]",[],"{""accepted_indices"": [0, 1, 2, 3, 4, 5, 6, 7, 8, 9, 1, 2, 3, 4, 5, 6, 7, 8, 9], ""eps1"": 10, ""distance_median"": 0.3509660394453833}"
348,rflbat,rflbat_cluster_filter,"[2, 52, 14, 17, 11, 25, 0, 9, 42, 37, 52, 14, 17, 11, 25, 0, 9, 42, 37]",[],"{""accepted_indices"": [0, 1, 2, 3, 4, 5, 6, 7, 8, 9, 1, 2, 3, 4, 5, 6, 7, 8, 9], ""num_clusters"": 1, ""cluster_scores"": [0.10453461806895906]}"
348,rflbat,rflbat_final_distance_filter,"[2, 52, 14, 17, 11, 25, 0, 9, 42, 37]",[],"{""accepted_indices"": [0, 1, 2, 3, 4, 5, 6, 7, 8, 9, 1, 2, 3, 4, 5, 6, 7, 8, 9], ""eps2"": 6, ""distance_median"": 0.6911794247472209}"
349,rflbat,rflbat_first_distance_filter,"[0, 16, 9, 33, 25, 81, 55, 52, 68, 86, 16, 9, 33, 25, 81, 55, 52, 68, 86]",[],"{""accepted_indices"": [0, 1, 2, 3, 4, 5, 6, 7, 8, 9, 1, 2, 3, 4, 5, 6, 7, 8, 9], ""eps1"": 10, ""distance_median"": 0.6751796789068318}"
349,rflbat,rflbat_cluster_filter,"[0, 16, 9, 33, 25, 81, 55, 52, 68, 86, 16, 9, 33, 25, 81, 55, 52, 68, 86]",[],"{""accepted_indices"": [0, 1, 2, 3, 4, 5, 6, 7, 8, 9, 1, 2, 3, 4, 5, 6, 7, 8, 9], ""num_clusters"": 1, ""cluster_scores"": [0.10355351934939479]}"
349,rflbat,rflbat_final_distance_filter,"[0, 16, 9, 33, 25, 81, 55, 52, 68, 86]",[],"{""accepted_indices"": [0, 1, 2, 3, 4, 5, 6, 7, 8, 9, 1, 2, 3, 4, 5, 6, 7, 8, 9], ""eps2"": 6, ""distance_median"": 1.3497898521057994}"
350,rflbat,rflbat_first_distance_filter,"[0, 33, 36, 91, 96, 44, 11, 70, 50, 10, 33, 36, 91, 96, 44, 11, 70, 50, 10]",[],"{""accepted_indices"": [0, 1, 2, 3, 4, 5, 6, 7, 8, 9, 1, 2, 3, 4, 5, 6, 7, 8, 9], ""eps1"": 10, ""distance_median"": 0.4824664372168723}"
350,rflbat,rflbat_cluster_filter,"[0, 33, 36, 91, 96, 44, 11, 70, 50, 10, 33, 36, 91, 96, 44, 11, 70, 50, 10]",[],"{""accepted_indices"": [0, 1, 2, 3, 4, 5, 6, 7, 8, 9, 1, 2, 3, 4, 5, 6, 7, 8, 9], ""num_clusters"": 1, ""cluster_scores"": [0.10915149435473467]}"
350,rflbat,rflbat_final_distance_filter,"[0, 33, 36, 91, 96, 44, 11, 70, 50, 10]",[],"{""accepted_indices"": [0, 1, 2, 3, 4, 5, 6, 7, 8, 9, 1, 2, 3, 4, 5, 6, 7, 8, 9], ""eps2"": 6, ""distance_median"": 0.9581289976490538}"
351,rflbat,rflbat_first_distance_filter,"[2, 9, 6, 81, 38, 53, 77, 7, 32, 33, 9, 6, 81, 38, 53, 77, 7, 32, 33]",[],"{""accepted_indices"": [0, 1, 2, 3, 4, 5, 6, 7, 8, 9, 1, 2, 3, 4, 5, 6, 7, 8, 9], ""eps1"": 10, ""distance_median"": 0.5362355649126974}"
351,rflbat,rflbat_cluster_filter,"[2, 9, 6, 81, 38, 53, 77, 7, 32, 33, 9, 6, 81, 38, 53, 77, 7, 32, 33]",[],"{""accepted_indices"": [0, 1, 2, 3, 4, 5, 6, 7, 8, 9, 1, 2, 3, 4, 5, 6, 7, 8, 9], ""num_clusters"": 1, ""cluster_scores"": [0.10713606642744011]}"
351,rflbat,rflbat_final_distance_filter,"[2, 9, 6, 81, 38, 53, 77, 7, 32, 33]",[],"{""accepted_indices"": [0, 1, 2, 3, 4, 5, 6, 7, 8, 9, 1, 2, 3, 4, 5, 6, 7, 8, 9], ""eps2"": 6, ""distance_median"": 1.0242562715710655}"
352,rflbat,rflbat_first_distance_filter,"[2, 57, 3, 74, 29, 19, 77, 53, 18, 24, 57, 3, 74, 29, 19, 77, 53, 18, 24]",[],"{""accepted_indices"": [0, 1, 2, 3, 4, 5, 6, 7, 8, 9, 1, 2, 3, 4, 5, 6, 7, 8, 9], ""eps1"": 10, ""distance_median"": 0.38721844119485255}"
352,rflbat,rflbat_cluster_filter,"[2, 57, 3, 74, 29, 19, 77, 53, 18, 24, 57, 3, 74, 29, 19, 77, 53, 18, 24]",[],"{""accepted_indices"": [0, 1, 2, 3, 4, 5, 6, 7, 8, 9, 1, 2, 3, 4, 5, 6, 7, 8, 9], ""num_clusters"": 1, ""cluster_scores"": [0.11182719553533818]}"
352,rflbat,rflbat_final_distance_filter,"[2, 57, 3, 74, 29, 19, 77, 53, 18, 24]",[],"{""accepted_indices"": [0, 1, 2, 3, 4, 5, 6, 7, 8, 9, 1, 2, 3, 4, 5, 6, 7, 8, 9], ""eps2"": 6, ""distance_median"": 0.8237086102802527}"
353,rflbat,rflbat_first_distance_filter,"[2, 76, 70, 44, 4, 7, 5, 55, 10, 38, 76, 70, 44, 4, 7, 5, 55, 10, 38]",[],"{""accepted_indices"": [0, 1, 2, 3, 4, 5, 6, 7, 8, 9, 1, 2, 3, 4, 5, 6, 7, 8, 9], ""eps1"": 10, ""distance_median"": 0.4059925536315756}"
353,rflbat,rflbat_cluster_filter,"[2, 76, 70, 4, 7, 5, 55, 10, 38, 76, 70, 4, 7, 5, 55, 10, 38]",[44],"{""accepted_indices"": [0, 1, 2, 4, 5, 6, 7, 8, 9, 1, 2, 4, 5, 6, 7, 8, 9], ""num_clusters"": 2, ""cluster_scores"": [0.11686196145652013, 1.0000000000027336]}"
353,rflbat,rflbat_final_distance_filter,"[2, 76, 70, 4, 7, 5, 55, 10, 38]",[44],"{""accepted_indices"": [0, 1, 2, 4, 5, 6, 7, 8, 9, 1, 2, 4, 5, 6, 7, 8, 9], ""eps2"": 6, ""distance_median"": 0.4190655686988849}"
354,rflbat,rflbat_first_distance_filter,"[2, 54, 71, 69, 7, 64, 42, 36, 83, 79, 54, 71, 69, 7, 64, 42, 36, 83, 79]",[],"{""accepted_indices"": [0, 1, 2, 3, 4, 5, 6, 7, 8, 9, 1, 2, 3, 4, 5, 6, 7, 8, 9], ""eps1"": 10, ""distance_median"": 0.4662603886837705}"
354,rflbat,rflbat_cluster_filter,"[2, 54, 71, 69, 7, 64, 42, 36, 83, 79, 54, 71, 69, 7, 64, 42, 36, 83, 79]",[],"{""accepted_indices"": [0, 1, 2, 3, 4, 5, 6, 7, 8, 9, 1, 2, 3, 4, 5, 6, 7, 8, 9], ""num_clusters"": 1, ""cluster_scores"": [0.11227980549291601]}"
354,rflbat,rflbat_final_distance_filter,"[2, 54, 71, 69, 7, 64, 42, 36, 83, 79]",[],"{""accepted_indices"": [0, 1, 2, 3, 4, 5, 6, 7, 8, 9, 1, 2, 3, 4, 5, 6, 7, 8, 9], ""eps2"": 6, ""distance_median"": 0.9184044773677185}"
355,rflbat,rflbat_first_distance_filter,"[3, 49, 86, 28, 33, 45, 17, 5, 15, 93, 49, 86, 28, 33, 45, 17, 5, 15, 93]",[],"{""accepted_indices"": [0, 1, 2, 3, 4, 5, 6, 7, 8, 9, 1, 2, 3, 4, 5, 6, 7, 8, 9], ""eps1"": 10, ""distance_median"": 0.43505475362283763}"
355,rflbat,rflbat_cluster_filter,"[3, 49, 86, 28, 33, 45, 17, 5, 15, 93, 49, 86, 28, 33, 45, 17, 5, 15, 93]",[],"{""accepted_indices"": [0, 1, 2, 3, 4, 5, 6, 7, 8, 9, 1, 2, 3, 4, 5, 6, 7, 8, 9], ""num_clusters"": 1, ""cluster_scores"": [0.1079854094919061]}"
355,rflbat,rflbat_final_distance_filter,"[3, 49, 86, 28, 33, 45, 17, 5, 15, 93]",[],"{""accepted_indices"": [0, 1, 2, 3, 4, 5, 6, 7, 8, 9, 1, 2, 3, 4, 5, 6, 7, 8, 9], ""eps2"": 6, ""distance_median"": 0.8793365829968515}"
356,rflbat,rflbat_first_distance_filter,"[3, 69, 22, 31, 33, 56, 38, 37, 58, 39, 69, 22, 31, 33, 56, 38, 37, 58, 39]",[],"{""accepted_indices"": [0, 1, 2, 3, 4, 5, 6, 7, 8, 9, 1, 2, 3, 4, 5, 6, 7, 8, 9], ""eps1"": 10, ""distance_median"": 0.45348935738058116}"
356,rflbat,rflbat_cluster_filter,"[3, 69, 22, 31, 56, 38, 37, 58, 39, 69, 22, 31, 56, 38, 37, 58, 39]",[33],"{""accepted_indices"": [0, 1, 2, 3, 5, 6, 7, 8, 9, 1, 2, 3, 5, 6, 7, 8, 9], ""num_clusters"": 2, ""cluster_scores"": [0.12744423856063924, 1.0000000000014326]}"
356,rflbat,rflbat_final_distance_filter,"[3, 69, 22, 31, 56, 38, 37, 58, 39]",[33],"{""accepted_indices"": [0, 1, 2, 3, 5, 6, 7, 8, 9, 1, 2, 3, 5, 6, 7, 8, 9], ""eps2"": 6, ""distance_median"": 0.382206368928203}"
357,rflbat,rflbat_first_distance_filter,"[3, 34, 46, 75, 82, 8, 86, 41, 89, 14, 34, 46, 75, 82, 8, 86, 41, 89, 14]",[],"{""accepted_indices"": [0, 1, 2, 3, 4, 5, 6, 7, 8, 9, 1, 2, 3, 4, 5, 6, 7, 8, 9], ""eps1"": 10, ""distance_median"": 0.368157455039288}"
357,rflbat,rflbat_cluster_filter,"[3, 34, 46, 75, 82, 8, 86, 41, 89, 14, 34, 46, 75, 82, 8, 86, 41, 89, 14]",[],"{""accepted_indices"": [0, 1, 2, 3, 4, 5, 6, 7, 8, 9, 1, 2, 3, 4, 5, 6, 7, 8, 9], ""num_clusters"": 1, ""cluster_scores"": [0.117675064182801]}"
357,rflbat,rflbat_final_distance_filter,"[3, 34, 46, 75, 82, 8, 86, 41, 89, 14]",[],"{""accepted_indices"": [0, 1, 2, 3, 4, 5, 6, 7, 8, 9, 1, 2, 3, 4, 5, 6, 7, 8, 9], ""eps2"": 6, ""distance_median"": 0.729295831613397}"
358,rflbat,rflbat_first_distance_filter,"[0, 78, 58, 84, 3, 9, 26, 51, 35, 82, 78, 58, 84, 3, 9, 26, 51, 35, 82]",[],"{""accepted_indices"": [0, 1, 2, 3, 4, 5, 6, 7, 8, 9, 1, 2, 3, 4, 5, 6, 7, 8, 9], ""eps1"": 10, ""distance_median"": 0.5993628939748423}"
358,rflbat,rflbat_cluster_filter,"[0, 78, 58, 84, 3, 9, 26, 51, 35, 82, 78, 58, 84, 3, 9, 26, 51, 35, 82]",[],"{""accepted_indices"": [0, 1, 2, 3, 4, 5, 6, 7, 8, 9, 1, 2, 3, 4, 5, 6, 7, 8, 9], ""num_clusters"": 1, ""cluster_scores"": [0.10011845547322355]}"
358,rflbat,rflbat_final_distance_filter,"[0, 78, 58, 84, 3, 9, 26, 51, 35, 82]",[],"{""accepted_indices"": [0, 1, 2, 3, 4, 5, 6, 7, 8, 9, 1, 2, 3, 4, 5, 6, 7, 8, 9], ""eps2"": 6, ""distance_median"": 1.19489901436249}"
359,rflbat,rflbat_first_distance_filter,"[3, 8, 69, 78, 27, 91, 18, 12, 92, 88, 8, 69, 78, 27, 91, 18, 12, 92, 88]",[],"{""accepted_indices"": [0, 1, 2, 3, 4, 5, 6, 7, 8, 9, 1, 2, 3, 4, 5, 6, 7, 8, 9], ""eps1"": 10, ""distance_median"": 0.3639598138855715}"
359,rflbat,rflbat_cluster_filter,"[3, 8, 69, 78, 27, 91, 18, 12, 92, 88, 8, 69, 78, 27, 91, 18, 12, 92, 88]",[],"{""accepted_indices"": [0, 1, 2, 3, 4, 5, 6, 7, 8, 9, 1, 2, 3, 4, 5, 6, 7, 8, 9], ""num_clusters"": 1, ""cluster_scores"": [0.1083310373677347]}"
359,rflbat,rflbat_final_distance_filter,"[3, 8, 69, 78, 27, 91, 18, 12, 92, 88]",[],"{""accepted_indices"": [0, 1, 2, 3, 4, 5, 6, 7, 8, 9, 1, 2, 3, 4, 5, 6, 7, 8, 9], ""eps2"": 6, ""distance_median"": 0.7179817133704098}"
360,rflbat,rflbat_first_distance_filter,"[4, 95, 83, 45, 84, 66, 55, 91, 18, 82, 95, 83, 45, 84, 66, 55, 91, 18, 82]",[],"{""accepted_indices"": [0, 1, 2, 3, 4, 5, 6, 7, 8, 9, 1, 2, 3, 4, 5, 6, 7, 8, 9], ""eps1"": 10, ""distance_median"": 0.32892155718219185}"
360,rflbat,rflbat_cluster_filter,"[4, 95, 83, 45, 84, 55, 91, 18, 82, 95, 83, 45, 84, 55, 91, 18, 82]",[66],"{""accepted_indices"": [0, 1, 2, 3, 4, 6, 7, 8, 9, 1, 2, 3, 4, 6, 7, 8, 9], ""num_clusters"": 2, ""cluster_scores"": [0.11899354383938542, 1.0000000000014284]}"
360,rflbat,rflbat_final_distance_filter,"[4, 95, 83, 45, 84, 55, 91, 18, 82]",[66],"{""accepted_indices"": [0, 1, 2, 3, 4, 6, 7, 8, 9, 1, 2, 3, 4, 6, 7, 8, 9], ""eps2"": 6, ""distance_median"": 0.3808049062358884}"
361,rflbat,rflbat_first_distance_filter,"[3, 25, 42, 75, 17, 59, 12, 15, 34, 45, 25, 42, 75, 17, 59, 12, 15, 34, 45]",[],"{""accepted_indices"": [0, 1, 2, 3, 4, 5, 6, 7, 8, 9, 1, 2, 3, 4, 5, 6, 7, 8, 9], ""eps1"": 10, ""distance_median"": 0.31923440743452125}"
361,rflbat,rflbat_cluster_filter,"[3, 25, 42, 75, 17, 59, 12, 15, 34, 45, 25, 42, 75, 17, 59, 12, 15, 34, 45]",[],"{""accepted_indices"": [0, 1, 2, 3, 4, 5, 6, 7, 8, 9, 1, 2, 3, 4, 5, 6, 7, 8, 9], ""num_clusters"": 1, ""cluster_scores"": [0.1076688710476738]}"
361,rflbat,rflbat_final_distance_filter,"[3, 25, 42, 75, 17, 59, 12, 15, 34, 45]",[],"{""accepted_indices"": [0, 1, 2, 3, 4, 5, 6, 7, 8, 9, 1, 2, 3, 4, 5, 6, 7, 8, 9], ""eps2"": 6, ""distance_median"": 0.6555223197517138}"
362,rflbat,rflbat_first_distance_filter,"[1, 19, 12, 13, 99, 33, 5, 95, 16, 23, 19, 12, 13, 99, 33, 5, 95, 16, 23]",[],"{""accepted_indices"": [0, 1, 2, 3, 4, 5, 6, 7, 8, 9, 1, 2, 3, 4, 5, 6, 7, 8, 9], ""eps1"": 10, ""distance_median"": 0.42228575729041357}"
362,rflbat,rflbat_cluster_filter,"[1, 19, 12, 13, 99, 33, 5, 95, 16, 23, 19, 12, 13, 99, 33, 5, 95, 16, 23]",[],"{""accepted_indices"": [0, 1, 2, 3, 4, 5, 6, 7, 8, 9, 1, 2, 3, 4, 5, 6, 7, 8, 9], ""num_clusters"": 1, ""cluster_scores"": [0.10406020353807549]}"
362,rflbat,rflbat_final_distance_filter,"[1, 19, 12, 13, 99, 5, 95, 16, 23]",[33],"{""accepted_indices"": [0, 1, 2, 3, 4, 6, 7, 8, 9, 1, 2, 3, 4, 6, 7, 8, 9], ""eps2"": 6, ""distance_median"": 0.7180416647955739}"
363,rflbat,rflbat_first_distance_filter,"[0, 2, 40, 37, 52, 56, 93, 11, 7, 13, 2, 40, 37, 52, 56, 93, 11, 7, 13]",[],"{""accepted_indices"": [0, 1, 2, 3, 4, 5, 6, 7, 8, 9, 1, 2, 3, 4, 5, 6, 7, 8, 9], ""eps1"": 10, ""distance_median"": 0.41585861401800395}"
363,rflbat,rflbat_cluster_filter,"[0, 2, 40, 37, 52, 56, 93, 11, 7, 13, 2, 40, 37, 52, 56, 93, 11, 7, 13]",[],"{""accepted_indices"": [0, 1, 2, 3, 4, 5, 6, 7, 8, 9, 1, 2, 3, 4, 5, 6, 7, 8, 9], ""num_clusters"": 1, ""cluster_scores"": [0.11263324178061533]}"
363,rflbat,rflbat_final_distance_filter,"[0, 2, 40, 37, 52, 56, 93, 11, 7, 13]",[],"{""accepted_indices"": [0, 1, 2, 3, 4, 5, 6, 7, 8, 9, 1, 2, 3, 4, 5, 6, 7, 8, 9], ""eps2"": 6, ""distance_median"": 0.8362058814784874}"
364,rflbat,rflbat_first_distance_filter,"[2, 5, 45, 37, 76, 67, 62, 23, 41, 50, 5, 45, 37, 76, 67, 62, 23, 41, 50]",[],"{""accepted_indices"": [0, 1, 2, 3, 4, 5, 6, 7, 8, 9, 1, 2, 3, 4, 5, 6, 7, 8, 9], ""eps1"": 10, ""distance_median"": 0.41583104506441665}"
364,rflbat,rflbat_cluster_filter,"[2, 5, 45, 37, 76, 67, 23, 41, 50, 5, 45, 37, 76, 67, 23, 41, 50]",[62],"{""accepted_indices"": [0, 1, 2, 3, 4, 5, 7, 8, 9, 1, 2, 3, 4, 5, 7, 8, 9], ""num_clusters"": 2, ""cluster_scores"": [0.11387747525603625, 1.0000000000018447]}"
364,rflbat,rflbat_final_distance_filter,"[2, 5, 45, 37, 76, 67, 23, 41, 50]",[62],"{""accepted_indices"": [0, 1, 2, 3, 4, 5, 7, 8, 9, 1, 2, 3, 4, 5, 7, 8, 9], ""eps2"": 6, ""distance_median"": 0.5044835855509915}"
365,rflbat,rflbat_first_distance_filter,"[3, 50, 66, 96, 45, 40, 71, 97, 52, 89, 50, 66, 96, 45, 40, 71, 97, 52, 89]",[],"{""accepted_indices"": [0, 1, 2, 3, 4, 5, 6, 7, 8, 9, 1, 2, 3, 4, 5, 6, 7, 8, 9], ""eps1"": 10, ""distance_median"": 0.4710960692047946}"
365,rflbat,rflbat_cluster_filter,"[3, 50, 66, 96, 45, 40, 71, 97, 52, 89, 50, 66, 96, 45, 40, 71, 97, 52, 89]",[],"{""accepted_indices"": [0, 1, 2, 3, 4, 5, 6, 7, 8, 9, 1, 2, 3, 4, 5, 6, 7, 8, 9], ""num_clusters"": 1, ""cluster_scores"": [0.10300420010000506]}"
365,rflbat,rflbat_final_distance_filter,"[3, 50, 66, 96, 45, 40, 71, 97, 52, 89]",[],"{""accepted_indices"": [0, 1, 2, 3, 4, 5, 6, 7, 8, 9, 1, 2, 3, 4, 5, 6, 7, 8, 9], ""eps2"": 6, ""distance_median"": 0.9360471742467339}"
366,rflbat,rflbat_first_distance_filter,"[4, 1, 40, 62, 94, 25, 81, 13, 55, 11, 1, 40, 62, 94, 25, 81, 13, 55, 11]",[],"{""accepted_indices"": [0, 1, 2, 3, 4, 5, 6, 7, 8, 9, 1, 2, 3, 4, 5, 6, 7, 8, 9], ""eps1"": 10, ""distance_median"": 0.33262574978458137}"
366,rflbat,rflbat_cluster_filter,"[4, 40, 62, 94, 25, 81, 13, 55, 11, 40, 62, 94, 25, 81, 13, 55, 11]",[1],"{""accepted_indices"": [0, 2, 3, 4, 5, 6, 7, 8, 9, 2, 3, 4, 5, 6, 7, 8, 9], ""num_clusters"": 2, ""cluster_scores"": [1.0000000000011646, 0.11970279442164466]}"
366,rflbat,rflbat_final_distance_filter,"[4, 40, 62, 94, 25, 81, 13, 55, 11]",[1],"{""accepted_indices"": [0, 2, 3, 4, 5, 6, 7, 8, 9, 2, 3, 4, 5, 6, 7, 8, 9], ""eps2"": 6, ""distance_median"": 0.41295897378147184}"
367,rflbat,rflbat_first_distance_filter,"[4, 31, 8, 18, 65, 21, 60, 49, 96, 78, 31, 8, 18, 65, 21, 60, 49, 96, 78]",[],"{""accepted_indices"": [0, 1, 2, 3, 4, 5, 6, 7, 8, 9, 1, 2, 3, 4, 5, 6, 7, 8, 9], ""eps1"": 10, ""distance_median"": 0.3298188070276177}"
367,rflbat,rflbat_cluster_filter,"[4, 31, 8, 18, 65, 21, 60, 49, 96, 78, 31, 8, 18, 65, 21, 60, 49, 96, 78]",[],"{""accepted_indices"": [0, 1, 2, 3, 4, 5, 6, 7, 8, 9, 1, 2, 3, 4, 5, 6, 7, 8, 9], ""num_clusters"": 1, ""cluster_scores"": [0.10521546113421171]}"
367,rflbat,rflbat_final_distance_filter,"[4, 31, 8, 18, 65, 21, 60, 49, 96, 78]",[],"{""accepted_indices"": [0, 1, 2, 3, 4, 5, 6, 7, 8, 9, 1, 2, 3, 4, 5, 6, 7, 8, 9], ""eps2"": 6, ""distance_median"": 0.6565404534433547}"
368,rflbat,rflbat_first_distance_filter,"[0, 35, 40, 27, 88, 50, 24, 15, 51, 62, 35, 40, 27, 88, 50, 24, 15, 51, 62]",[],"{""accepted_indices"": [0, 1, 2, 3, 4, 5, 6, 7, 8, 9, 1, 2, 3, 4, 5, 6, 7, 8, 9], ""eps1"": 10, ""distance_median"": 0.4915616092875391}"
368,rflbat,rflbat_cluster_filter,"[0, 35, 40, 27, 88, 50, 24, 15, 51, 35, 40, 27, 88, 50, 24, 15, 51]",[62],"{""accepted_indices"": [0, 1, 2, 3, 4, 5, 6, 7, 8, 1, 2, 3, 4, 5, 6, 7, 8], ""num_clusters"": 2, ""cluster_scores"": [1.000000000002974, 0.11339956986942853]}"
368,rflbat,rflbat_final_distance_filter,"[0, 35, 40, 27, 88, 50, 24, 15, 51]",[62],"{""accepted_indices"": [0, 1, 2, 3, 4, 5, 6, 7, 8, 1, 2, 3, 4, 5, 6, 7, 8], ""eps2"": 6, ""distance_median"": 0.7006886967324651}"
369,rflbat,rflbat_first_distance_filter,"[4, 93, 62, 49, 34, 22, 33, 10, 17, 31, 93, 62, 49, 34, 22, 33, 10, 17, 31]",[],"{""accepted_indices"": [0, 1, 2, 3, 4, 5, 6, 7, 8, 9, 1, 2, 3, 4, 5, 6, 7, 8, 9], ""eps1"": 10, ""distance_median"": 0.4566553884392237}"
369,rflbat,rflbat_cluster_filter,"[4, 93, 62, 49, 34, 22, 10, 17, 31, 93, 62, 49, 34, 22, 10, 17, 31]",[33],"{""accepted_indices"": [0, 1, 2, 3, 4, 5, 7, 8, 9, 1, 2, 3, 4, 5, 7, 8, 9], ""num_clusters"": 2, ""cluster_scores"": [0.1170502788742608, 1.0000000000013425]}"
369,rflbat,rflbat_final_distance_filter,"[4, 93, 62, 49, 34, 22, 10, 17, 31]",[33],"{""accepted_indices"": [0, 1, 2, 3, 4, 5, 7, 8, 9, 1, 2, 3, 4, 5, 7, 8, 9], ""eps2"": 6, ""distance_median"": 0.3969856456573282}"
370,rflbat,rflbat_first_distance_filter,"[3, 10, 39, 78, 85, 26, 87, 98, 86, 76, 10, 39, 78, 85, 26, 87, 98, 86, 76]",[],"{""accepted_indices"": [0, 1, 2, 3, 4, 5, 6, 7, 8, 9, 1, 2, 3, 4, 5, 6, 7, 8, 9], ""eps1"": 10, ""distance_median"": 0.5245128061327593}"
370,rflbat,rflbat_cluster_filter,"[3, 10, 39, 78, 85, 26, 87, 98, 86, 76, 10, 39, 78, 85, 26, 87, 98, 86, 76]",[],"{""accepted_indices"": [0, 1, 2, 3, 4, 5, 6, 7, 8, 9, 1, 2, 3, 4, 5, 6, 7, 8, 9], ""num_clusters"": 1, ""cluster_scores"": [0.09726079396147312]}"
370,rflbat,rflbat_final_distance_filter,"[3, 10, 39, 78, 85, 26, 87, 98, 86, 76]",[],"{""accepted_indices"": [0, 1, 2, 3, 4, 5, 6, 7, 8, 9, 1, 2, 3, 4, 5, 6, 7, 8, 9], ""eps2"": 6, ""distance_median"": 1.0437515554133165}"
371,rflbat,rflbat_first_distance_filter,"[2, 83, 48, 19, 65, 77, 87, 98, 22, 75, 83, 48, 19, 65, 77, 87, 98, 22, 75]",[],"{""accepted_indices"": [0, 1, 2, 3, 4, 5, 6, 7, 8, 9, 1, 2, 3, 4, 5, 6, 7, 8, 9], ""eps1"": 10, ""distance_median"": 0.3072765395157453}"
371,rflbat,rflbat_cluster_filter,"[2, 83, 48, 19, 65, 77, 87, 98, 22, 75, 83, 48, 19, 65, 77, 87, 98, 22, 75]",[],"{""accepted_indices"": [0, 1, 2, 3, 4, 5, 6, 7, 8, 9, 1, 2, 3, 4, 5, 6, 7, 8, 9], ""num_clusters"": 1, ""cluster_scores"": [0.10734735366421456]}"
371,rflbat,rflbat_final_distance_filter,"[2, 83, 48, 19, 65, 77, 87, 98, 22, 75]",[],"{""accepted_indices"": [0, 1, 2, 3, 4, 5, 6, 7, 8, 9, 1, 2, 3, 4, 5, 6, 7, 8, 9], ""eps2"": 6, ""distance_median"": 0.619025017723653}"
372,rflbat,rflbat_first_distance_filter,"[2, 70, 17, 26, 24, 0, 51, 94, 55, 8, 70, 17, 26, 24, 0, 51, 94, 55, 8]",[],"{""accepted_indices"": [0, 1, 2, 3, 4, 5, 6, 7, 8, 9, 1, 2, 3, 4, 5, 6, 7, 8, 9], ""eps1"": 10, ""distance_median"": 0.6395032203982646}"
372,rflbat,rflbat_cluster_filter,"[2, 70, 17, 26, 24, 0, 51, 94, 55, 8, 70, 17, 26, 24, 0, 51, 94, 55, 8]",[],"{""accepted_indices"": [0, 1, 2, 3, 4, 5, 6, 7, 8, 9, 1, 2, 3, 4, 5, 6, 7, 8, 9], ""num_clusters"": 1, ""cluster_scores"": [0.10022074135587197]}"
372,rflbat,rflbat_final_distance_filter,"[2, 70, 17, 26, 24, 0, 51, 94, 55, 8]",[],"{""accepted_indices"": [0, 1, 2, 3, 4, 5, 6, 7, 8, 9, 1, 2, 3, 4, 5, 6, 7, 8, 9], ""eps2"": 6, ""distance_median"": 1.2628921252489713}"
373,rflbat,rflbat_first_distance_filter,"[4, 9, 45, 70, 95, 54, 23, 47, 76, 58, 9, 45, 70, 95, 54, 23, 47, 76, 58]",[],"{""accepted_indices"": [0, 1, 2, 3, 4, 5, 6, 7, 8, 9, 1, 2, 3, 4, 5, 6, 7, 8, 9], ""eps1"": 10, ""distance_median"": 0.3956642236768504}"
373,rflbat,rflbat_cluster_filter,"[4, 9, 45, 70, 95, 54, 23, 47, 76, 58, 9, 45, 70, 95, 54, 23, 47, 76, 58]",[],"{""accepted_indices"": [0, 1, 2, 3, 4, 5, 6, 7, 8, 9, 1, 2, 3, 4, 5, 6, 7, 8, 9], ""num_clusters"": 1, ""cluster_scores"": [0.11982414318957998]}"
373,rflbat,rflbat_final_distance_filter,"[4, 9, 45, 70, 95, 54, 23, 47, 76, 58]",[],"{""accepted_indices"": [0, 1, 2, 3, 4, 5, 6, 7, 8, 9, 1, 2, 3, 4, 5, 6, 7, 8, 9], ""eps2"": 6, ""distance_median"": 0.7771205627859552}"
374,rflbat,rflbat_first_distance_filter,"[0, 12, 63, 21, 66, 85, 56, 45, 6, 70, 12, 63, 21, 66, 85, 56, 45, 6, 70]",[],"{""accepted_indices"": [0, 1, 2, 3, 4, 5, 6, 7, 8, 9, 1, 2, 3, 4, 5, 6, 7, 8, 9], ""eps1"": 10, ""distance_median"": 0.328293939742181}"
374,rflbat,rflbat_cluster_filter,"[0, 12, 63, 21, 66, 56, 45, 6, 70, 12, 63, 21, 66, 56, 45, 6, 70]",[85],"{""accepted_indices"": [0, 1, 2, 3, 4, 6, 7, 8, 9, 1, 2, 3, 4, 6, 7, 8, 9], ""num_clusters"": 2, ""cluster_scores"": [0.1187504724085351, 1.0000000000010805]}"
374,rflbat,rflbat_final_distance_filter,"[0, 12, 63, 21, 66, 56, 45, 6, 70]",[85],"{""accepted_indices"": [0, 1, 2, 3, 4, 6, 7, 8, 9, 1, 2, 3, 4, 6, 7, 8, 9], ""eps2"": 6, ""distance_median"": 0.3628014603271782}"
375,rflbat,rflbat_first_distance_filter,"[1, 8, 78, 83, 57, 60, 87, 27, 56, 20, 8, 78, 83, 57, 60, 87, 27, 56, 20]",[],"{""accepted_indices"": [0, 1, 2, 3, 4, 5, 6, 7, 8, 9, 1, 2, 3, 4, 5, 6, 7, 8, 9], ""eps1"": 10, ""distance_median"": 0.3481202915260849}"
375,rflbat,rflbat_cluster_filter,"[1, 8, 78, 83, 57, 60, 87, 56, 8, 78, 83, 57, 60, 87, 56]","[27, 20]","{""accepted_indices"": [0, 1, 2, 3, 4, 5, 6, 8, 1, 2, 3, 4, 5, 6, 8], ""num_clusters"": 3, ""cluster_scores"": [0.1503122385563957, 1.0000000000010738, 1.0000000000013203]}"
375,rflbat,rflbat_final_distance_filter,"[1, 8, 78, 83, 57, 60, 87, 56]","[27, 20]","{""accepted_indices"": [0, 1, 2, 3, 4, 5, 6, 8, 1, 2, 3, 4, 5, 6, 8], ""eps2"": 6, ""distance_median"": 0.22646904855073524}"
376,rflbat,rflbat_first_distance_filter,"[2, 12, 6, 80, 88, 33, 23, 10, 49, 8, 12, 6, 80, 88, 33, 23, 10, 49, 8]",[],"{""accepted_indices"": [0, 1, 2, 3, 4, 5, 6, 7, 8, 9, 1, 2, 3, 4, 5, 6, 7, 8, 9], ""eps1"": 10, ""distance_median"": 0.4295941172365088}"
376,rflbat,rflbat_cluster_filter,"[2, 12, 6, 80, 88, 33, 23, 10, 49, 8, 12, 6, 80, 88, 33, 23, 10, 49, 8]",[],"{""accepted_indices"": [0, 1, 2, 3, 4, 5, 6, 7, 8, 9, 1, 2, 3, 4, 5, 6, 7, 8, 9], ""num_clusters"": 1, ""cluster_scores"": [0.09787464389272275]}"
376,rflbat,rflbat_final_distance_filter,"[2, 12, 6, 80, 88, 33, 23, 10, 49, 8]",[],"{""accepted_indices"": [0, 1, 2, 3, 4, 5, 6, 7, 8, 9, 1, 2, 3, 4, 5, 6, 7, 8, 9], ""eps2"": 6, ""distance_median"": 0.8614774202880187}"
377,rflbat,rflbat_first_distance_filter,"[2, 50, 21, 99, 18, 96, 73, 31, 98, 51, 50, 21, 99, 18, 96, 73, 31, 98, 51]",[],"{""accepted_indices"": [0, 1, 2, 3, 4, 5, 6, 7, 8, 9, 1, 2, 3, 4, 5, 6, 7, 8, 9], ""eps1"": 10, ""distance_median"": 0.35323685967234586}"
377,rflbat,rflbat_cluster_filter,"[2, 50, 21, 99, 18, 96, 73, 31, 98, 51, 50, 21, 99, 18, 96, 73, 31, 98, 51]",[],"{""accepted_indices"": [0, 1, 2, 3, 4, 5, 6, 7, 8, 9, 1, 2, 3, 4, 5, 6, 7, 8, 9], ""num_clusters"": 1, ""cluster_scores"": [0.09760981467117874]}"
377,rflbat,rflbat_final_distance_filter,"[2, 50, 21, 99, 18, 96, 73, 31, 98, 51]",[],"{""accepted_indices"": [0, 1, 2, 3, 4, 5, 6, 7, 8, 9, 1, 2, 3, 4, 5, 6, 7, 8, 9], ""eps2"": 6, ""distance_median"": 0.701265916513718}"
378,rflbat,rflbat_first_distance_filter,"[3, 48, 87, 23, 39, 79, 86, 10, 14, 72, 48, 87, 23, 39, 79, 86, 10, 14, 72]",[],"{""accepted_indices"": [0, 1, 2, 3, 4, 5, 6, 7, 8, 9, 1, 2, 3, 4, 5, 6, 7, 8, 9], ""eps1"": 10, ""distance_median"": 0.35206619896503166}"
378,rflbat,rflbat_cluster_filter,"[3, 48, 87, 23, 39, 79, 86, 10, 14, 72, 48, 87, 23, 39, 79, 86, 10, 14, 72]",[],"{""accepted_indices"": [0, 1, 2, 3, 4, 5, 6, 7, 8, 9, 1, 2, 3, 4, 5, 6, 7, 8, 9], ""num_clusters"": 1, ""cluster_scores"": [0.10505326851078357]}"
378,rflbat,rflbat_final_distance_filter,"[3, 48, 87, 23, 39, 79, 86, 10, 14, 72]",[],"{""accepted_indices"": [0, 1, 2, 3, 4, 5, 6, 7, 8, 9, 1, 2, 3, 4, 5, 6, 7, 8, 9], ""eps2"": 6, ""distance_median"": 0.6962622739550999}"
379,rflbat,rflbat_first_distance_filter,"[1, 56, 18, 17, 19, 47, 32, 16, 26, 82, 56, 18, 17, 19, 47, 32, 16, 26, 82]",[],"{""accepted_indices"": [0, 1, 2, 3, 4, 5, 6, 7, 8, 9, 1, 2, 3, 4, 5, 6, 7, 8, 9], ""eps1"": 10, ""distance_median"": 0.532925553640158}"
379,rflbat,rflbat_cluster_filter,"[1, 56, 18, 17, 19, 47, 32, 16, 26, 82, 56, 18, 17, 19, 47, 32, 16, 26, 82]",[],"{""accepted_indices"": [0, 1, 2, 3, 4, 5, 6, 7, 8, 9, 1, 2, 3, 4, 5, 6, 7, 8, 9], ""num_clusters"": 1, ""cluster_scores"": [0.10380973847108681]}"
379,rflbat,rflbat_final_distance_filter,"[1, 56, 18, 17, 19, 47, 32, 16, 26, 82]",[],"{""accepted_indices"": [0, 1, 2, 3, 4, 5, 6, 7, 8, 9, 1, 2, 3, 4, 5, 6, 7, 8, 9], ""eps2"": 6, ""distance_median"": 0.8815410523494714}"
380,rflbat,rflbat_first_distance_filter,"[1, 84, 59, 34, 3, 24, 13, 44, 78, 80, 84, 59, 34, 3, 24, 13, 44, 78, 80]",[],"{""accepted_indices"": [0, 1, 2, 3, 4, 5, 6, 7, 8, 9, 1, 2, 3, 4, 5, 6, 7, 8, 9], ""eps1"": 10, ""distance_median"": 0.33337945960313253}"
380,rflbat,rflbat_cluster_filter,"[1, 84, 59, 34, 3, 24, 13, 44, 78, 80, 84, 59, 34, 3, 24, 13, 44, 78, 80]",[],"{""accepted_indices"": [0, 1, 2, 3, 4, 5, 6, 7, 8, 9, 1, 2, 3, 4, 5, 6, 7, 8, 9], ""num_clusters"": 1, ""cluster_scores"": [0.10891671389261398]}"
380,rflbat,rflbat_final_distance_filter,"[1, 84, 59, 34, 3, 24, 13, 44, 78, 80]",[],"{""accepted_indices"": [0, 1, 2, 3, 4, 5, 6, 7, 8, 9, 1, 2, 3, 4, 5, 6, 7, 8, 9], ""eps2"": 6, ""distance_median"": 0.5483834073239249}"
381,rflbat,rflbat_first_distance_filter,"[3, 24, 91, 14, 42, 4, 27, 57, 67, 23, 24, 91, 14, 42, 4, 27, 57, 67, 23]",[],"{""accepted_indices"": [0, 1, 2, 3, 4, 5, 6, 7, 8, 9, 1, 2, 3, 4, 5, 6, 7, 8, 9], ""eps1"": 10, ""distance_median"": 0.3515998877856034}"
381,rflbat,rflbat_cluster_filter,"[3, 24, 91, 14, 42, 4, 27, 57, 67, 23, 24, 91, 14, 42, 4, 27, 57, 67, 23]",[],"{""accepted_indices"": [0, 1, 2, 3, 4, 5, 6, 7, 8, 9, 1, 2, 3, 4, 5, 6, 7, 8, 9], ""num_clusters"": 1, ""cluster_scores"": [0.11568258508232518]}"
381,rflbat,rflbat_final_distance_filter,"[3, 24, 91, 14, 42, 4, 27, 57, 67, 23]",[],"{""accepted_indices"": [0, 1, 2, 3, 4, 5, 6, 7, 8, 9, 1, 2, 3, 4, 5, 6, 7, 8, 9], ""eps2"": 6, ""distance_median"": 0.6903198041713228}"
382,rflbat,rflbat_first_distance_filter,"[3, 19, 17, 86, 49, 79, 77, 51, 46, 76, 19, 17, 86, 49, 79, 77, 51, 46, 76]",[],"{""accepted_indices"": [0, 1, 2, 3, 4, 5, 6, 7, 8, 9, 1, 2, 3, 4, 5, 6, 7, 8, 9], ""eps1"": 10, ""distance_median"": 0.33627006503493306}"
382,rflbat,rflbat_cluster_filter,"[3, 19, 17, 86, 49, 79, 77, 51, 46, 76, 19, 17, 86, 49, 79, 77, 51, 46, 76]",[],"{""accepted_indices"": [0, 1, 2, 3, 4, 5, 6, 7, 8, 9, 1, 2, 3, 4, 5, 6, 7, 8, 9], ""num_clusters"": 1, ""cluster_scores"": [0.1050529384972061]}"
382,rflbat,rflbat_final_distance_filter,"[3, 19, 17, 86, 49, 79, 77, 51, 46, 76]",[],"{""accepted_indices"": [0, 1, 2, 3, 4, 5, 6, 7, 8, 9, 1, 2, 3, 4, 5, 6, 7, 8, 9], ""eps2"": 6, ""distance_median"": 0.669860973686909}"
383,rflbat,rflbat_first_distance_filter,"[2, 36, 18, 55, 28, 25, 10, 90, 81, 70, 36, 18, 55, 28, 25, 10, 90, 81, 70]",[],"{""accepted_indices"": [0, 1, 2, 3, 4, 5, 6, 7, 8, 9, 1, 2, 3, 4, 5, 6, 7, 8, 9], ""eps1"": 10, ""distance_median"": 0.33774453010177036}"
383,rflbat,rflbat_cluster_filter,"[2, 18, 55, 28, 25, 10, 90, 81, 70, 18, 55, 28, 25, 10, 90, 81, 70]",[36],"{""accepted_indices"": [0, 2, 3, 4, 5, 6, 7, 8, 9, 2, 3, 4, 5, 6, 7, 8, 9], ""num_clusters"": 2, ""cluster_scores"": [1.0000000000013909, 0.11693474057356201]}"
383,rflbat,rflbat_final_distance_filter,"[2, 18, 55, 28, 25, 10, 90, 81, 70]",[36],"{""accepted_indices"": [0, 2, 3, 4, 5, 6, 7, 8, 9, 2, 3, 4, 5, 6, 7, 8, 9], ""eps2"": 6, ""distance_median"": 0.4222158695956328}"
384,rflbat,rflbat_first_distance_filter,"[1, 28, 7, 67, 47, 73, 95, 78, 8, 55, 28, 7, 67, 47, 73, 95, 78, 8, 55]",[],"{""accepted_indices"": [0, 1, 2, 3, 4, 5, 6, 7, 8, 9, 1, 2, 3, 4, 5, 6, 7, 8, 9], ""eps1"": 10, ""distance_median"": 0.40630646396606945}"
384,rflbat,rflbat_cluster_filter,"[1, 28, 7, 67, 47, 73, 95, 78, 8, 55, 28, 7, 67, 47, 73, 95, 78, 8, 55]",[],"{""accepted_indices"": [0, 1, 2, 3, 4, 5, 6, 7, 8, 9, 1, 2, 3, 4, 5, 6, 7, 8, 9], ""num_clusters"": 1, ""cluster_scores"": [0.09870573205061177]}"
384,rflbat,rflbat_final_distance_filter,"[1, 28, 7, 67, 47, 73, 95, 78, 8, 55]",[],"{""accepted_indices"": [0, 1, 2, 3, 4, 5, 6, 7, 8, 9, 1, 2, 3, 4, 5, 6, 7, 8, 9], ""eps2"": 6, ""distance_median"": 0.7628423627621318}"
385,rflbat,rflbat_first_distance_filter,"[2, 48, 17, 15, 18, 8, 92, 86, 6, 97, 48, 17, 15, 18, 8, 92, 86, 6, 97]",[],"{""accepted_indices"": [0, 1, 2, 3, 4, 5, 6, 7, 8, 9, 1, 2, 3, 4, 5, 6, 7, 8, 9], ""eps1"": 10, ""distance_median"": 0.4427675185444495}"
385,rflbat,rflbat_cluster_filter,"[2, 48, 17, 15, 18, 8, 92, 86, 6, 97, 48, 17, 15, 18, 8, 92, 86, 6, 97]",[],"{""accepted_indices"": [0, 1, 2, 3, 4, 5, 6, 7, 8, 9, 1, 2, 3, 4, 5, 6, 7, 8, 9], ""num_clusters"": 1, ""cluster_scores"": [0.1078447575193695]}"
385,rflbat,rflbat_final_distance_filter,"[2, 48, 17, 15, 18, 8, 92, 86, 6, 97]",[],"{""accepted_indices"": [0, 1, 2, 3, 4, 5, 6, 7, 8, 9, 1, 2, 3, 4, 5, 6, 7, 8, 9], ""eps2"": 6, ""distance_median"": 0.9169661011762891}"
386,rflbat,rflbat_first_distance_filter,"[4, 46, 98, 27, 58, 68, 32, 53, 77, 12, 46, 98, 27, 58, 68, 32, 53, 77, 12]",[],"{""accepted_indices"": [0, 1, 2, 3, 4, 5, 6, 7, 8, 9, 1, 2, 3, 4, 5, 6, 7, 8, 9], ""eps1"": 10, ""distance_median"": 0.5450659653821581}"
386,rflbat,rflbat_cluster_filter,"[4, 46, 98, 58, 68, 32, 53, 77, 12, 46, 98, 58, 68, 32, 53, 77, 12]",[27],"{""accepted_indices"": [0, 1, 2, 4, 5, 6, 7, 8, 9, 1, 2, 4, 5, 6, 7, 8, 9], ""num_clusters"": 2, ""cluster_scores"": [1.0000000000011378, 0.11694112031862534]}"
386,rflbat,rflbat_final_distance_filter,"[4, 46, 98, 58, 32, 53, 77, 12]","[27, 68]","{""accepted_indices"": [0, 1, 2, 4, 6, 7, 8, 9, 1, 2, 4, 6, 7, 8, 9], ""eps2"": 6, ""distance_median"": 0.7906993310908361}"
387,rflbat,rflbat_first_distance_filter,"[0, 81, 41, 40, 69, 25, 79, 26, 55, 32, 81, 41, 40, 69, 25, 79, 26, 55, 32]",[],"{""accepted_indices"": [0, 1, 2, 3, 4, 5, 6, 7, 8, 9, 1, 2, 3, 4, 5, 6, 7, 8, 9], ""eps1"": 10, ""distance_median"": 0.48351134272559104}"
387,rflbat,rflbat_cluster_filter,"[0, 81, 41, 40, 69, 25, 79, 26, 55, 32, 81, 41, 40, 69, 25, 79, 26, 55, 32]",[],"{""accepted_indices"": [0, 1, 2, 3, 4, 5, 6, 7, 8, 9, 1, 2, 3, 4, 5, 6, 7, 8, 9], ""num_clusters"": 1, ""cluster_scores"": [0.10919178684643147]}"
387,rflbat,rflbat_final_distance_filter,"[0, 81, 41, 40, 69, 25, 79, 26, 55, 32]",[],"{""accepted_indices"": [0, 1, 2, 3, 4, 5, 6, 7, 8, 9, 1, 2, 3, 4, 5, 6, 7, 8, 9], ""eps2"": 6, ""distance_median"": 0.9712902965015138}"
388,rflbat,rflbat_first_distance_filter,"[0, 93, 60, 64, 86, 9, 74, 18, 39, 31, 93, 60, 64, 86, 9, 74, 18, 39, 31]",[],"{""accepted_indices"": [0, 1, 2, 3, 4, 5, 6, 7, 8, 9, 1, 2, 3, 4, 5, 6, 7, 8, 9], ""eps1"": 10, ""distance_median"": 0.3355984682272047}"
388,rflbat,rflbat_cluster_filter,"[0, 93, 60, 64, 86, 9, 74, 18, 39, 31, 93, 60, 64, 86, 9, 74, 18, 39, 31]",[],"{""accepted_indices"": [0, 1, 2, 3, 4, 5, 6, 7, 8, 9, 1, 2, 3, 4, 5, 6, 7, 8, 9], ""num_clusters"": 1, ""cluster_scores"": [0.10827825950982092]}"
388,rflbat,rflbat_final_distance_filter,"[0, 93, 60, 64, 86, 9, 74, 18, 39, 31]",[],"{""accepted_indices"": [0, 1, 2, 3, 4, 5, 6, 7, 8, 9, 1, 2, 3, 4, 5, 6, 7, 8, 9], ""eps2"": 6, ""distance_median"": 0.6648347093713868}"
389,rflbat,rflbat_first_distance_filter,"[0, 85, 38, 97, 55, 14, 18, 88, 66, 72, 85, 38, 97, 55, 14, 18, 88, 66, 72]",[],"{""accepted_indices"": [0, 1, 2, 3, 4, 5, 6, 7, 8, 9, 1, 2, 3, 4, 5, 6, 7, 8, 9], ""eps1"": 10, ""distance_median"": 0.4149029253264549}"
389,rflbat,rflbat_cluster_filter,"[0, 85, 38, 97, 55, 14, 18, 88, 66, 72, 85, 38, 97, 55, 14, 18, 88, 66, 72]",[],"{""accepted_indices"": [0, 1, 2, 3, 4, 5, 6, 7, 8, 9, 1, 2, 3, 4, 5, 6, 7, 8, 9], ""num_clusters"": 1, ""cluster_scores"": [0.10077511091267821]}"
389,rflbat,rflbat_final_distance_filter,"[0, 85, 38, 97, 55, 14, 18, 88, 66, 72]",[],"{""accepted_indices"": [0, 1, 2, 3, 4, 5, 6, 7, 8, 9, 1, 2, 3, 4, 5, 6, 7, 8, 9], ""eps2"": 6, ""distance_median"": 0.8313146243380928}"
390,rflbat,rflbat_first_distance_filter,"[4, 90, 32, 51, 57, 5, 39, 60, 86, 50, 90, 32, 51, 57, 5, 39, 60, 86, 50]",[],"{""accepted_indices"": [0, 1, 2, 3, 4, 5, 6, 7, 8, 9, 1, 2, 3, 4, 5, 6, 7, 8, 9], ""eps1"": 10, ""distance_median"": 0.34783343682790124}"
390,rflbat,rflbat_cluster_filter,"[4, 90, 32, 51, 57, 5, 39, 60, 86, 50, 90, 32, 51, 57, 5, 39, 60, 86, 50]",[],"{""accepted_indices"": [0, 1, 2, 3, 4, 5, 6, 7, 8, 9, 1, 2, 3, 4, 5, 6, 7, 8, 9], ""num_clusters"": 1, ""cluster_scores"": [0.1104768812983751]}"
390,rflbat,rflbat_final_distance_filter,"[4, 90, 32, 51, 57, 5, 39, 60, 86, 50]",[],"{""accepted_indices"": [0, 1, 2, 3, 4, 5, 6, 7, 8, 9, 1, 2, 3, 4, 5, 6, 7, 8, 9], ""eps2"": 6, ""distance_median"": 0.6880897634658422}"
391,rflbat,rflbat_first_distance_filter,"[4, 72, 29, 21, 10, 19, 30, 67, 59, 43, 72, 29, 21, 10, 19, 30, 67, 59, 43]",[],"{""accepted_indices"": [0, 1, 2, 3, 4, 5, 6, 7, 8, 9, 1, 2, 3, 4, 5, 6, 7, 8, 9], ""eps1"": 10, ""distance_median"": 0.41700567961151547}"
391,rflbat,rflbat_cluster_filter,"[4, 72, 29, 21, 10, 19, 30, 67, 59, 43, 72, 29, 21, 10, 19, 30, 67, 59, 43]",[],"{""accepted_indices"": [0, 1, 2, 3, 4, 5, 6, 7, 8, 9, 1, 2, 3, 4, 5, 6, 7, 8, 9], ""num_clusters"": 1, ""cluster_scores"": [0.10759500342802684]}"
391,rflbat,rflbat_final_distance_filter,"[4, 72, 29, 21, 10, 19, 30, 67, 59, 43]",[],"{""accepted_indices"": [0, 1, 2, 3, 4, 5, 6, 7, 8, 9, 1, 2, 3, 4, 5, 6, 7, 8, 9], ""eps2"": 6, ""distance_median"": 0.8408763558538924}"
392,rflbat,rflbat_first_distance_filter,"[3, 42, 55, 37, 45, 8, 82, 12, 27, 75, 42, 55, 37, 45, 8, 82, 12, 27, 75]",[],"{""accepted_indices"": [0, 1, 2, 3, 4, 5, 6, 7, 8, 9, 1, 2, 3, 4, 5, 6, 7, 8, 9], ""eps1"": 10, ""distance_median"": 0.40359229892654824}"
392,rflbat,rflbat_cluster_filter,"[3, 42, 55, 37, 45, 8, 82, 12, 27, 75, 42, 55, 37, 45, 8, 82, 12, 27, 75]",[],"{""accepted_indices"": [0, 1, 2, 3, 4, 5, 6, 7, 8, 9, 1, 2, 3, 4, 5, 6, 7, 8, 9], ""num_clusters"": 1, ""cluster_scores"": [0.10668419695653433]}"
392,rflbat,rflbat_final_distance_filter,"[3, 42, 55, 37, 45, 8, 82, 12, 27, 75]",[],"{""accepted_indices"": [0, 1, 2, 3, 4, 5, 6, 7, 8, 9, 1, 2, 3, 4, 5, 6, 7, 8, 9], ""eps2"": 6, ""distance_median"": 0.8608551461655012}"
393,rflbat,rflbat_first_distance_filter,"[1, 77, 54, 47, 57, 86, 7, 66, 35, 61, 77, 54, 47, 57, 86, 7, 66, 35, 61]",[],"{""accepted_indices"": [0, 1, 2, 3, 4, 5, 6, 7, 8, 9, 1, 2, 3, 4, 5, 6, 7, 8, 9], ""eps1"": 10, ""distance_median"": 0.5729835093870408}"
393,rflbat,rflbat_cluster_filter,"[1, 77, 54, 47, 57, 86, 7, 66, 35, 61, 77, 54, 47, 57, 86, 7, 66, 35, 61]",[],"{""accepted_indices"": [0, 1, 2, 3, 4, 5, 6, 7, 8, 9, 1, 2, 3, 4, 5, 6, 7, 8, 9], ""num_clusters"": 1, ""cluster_scores"": [0.10653640672692362]}"
393,rflbat,rflbat_final_distance_filter,"[1, 77, 54, 47, 57, 86, 7, 66, 35, 61]",[],"{""accepted_indices"": [0, 1, 2, 3, 4, 5, 6, 7, 8, 9, 1, 2, 3, 4, 5, 6, 7, 8, 9], ""eps2"": 6, ""distance_median"": 1.001673597380892}"
394,rflbat,rflbat_first_distance_filter,"[2, 87, 16, 91, 59, 25, 3, 26, 48, 70, 87, 16, 91, 59, 25, 3, 26, 48, 70]",[],"{""accepted_indices"": [0, 1, 2, 3, 4, 5, 6, 7, 8, 9, 1, 2, 3, 4, 5, 6, 7, 8, 9], ""eps1"": 10, ""distance_median"": 0.5274783555602928}"
394,rflbat,rflbat_cluster_filter,"[2, 87, 16, 91, 59, 25, 3, 26, 48, 70, 87, 16, 91, 59, 25, 3, 26, 48, 70]",[],"{""accepted_indices"": [0, 1, 2, 3, 4, 5, 6, 7, 8, 9, 1, 2, 3, 4, 5, 6, 7, 8, 9], ""num_clusters"": 1, ""cluster_scores"": [0.10795440178450241]}"
394,rflbat,rflbat_final_distance_filter,"[2, 87, 16, 91, 59, 25, 3, 26, 48, 70]",[],"{""accepted_indices"": [0, 1, 2, 3, 4, 5, 6, 7, 8, 9, 1, 2, 3, 4, 5, 6, 7, 8, 9], ""eps2"": 6, ""distance_median"": 0.9377100950725821}"
395,rflbat,rflbat_first_distance_filter,"[0, 41, 6, 34, 94, 74, 30, 33, 93, 56, 41, 6, 34, 94, 74, 30, 33, 93, 56]",[],"{""accepted_indices"": [0, 1, 2, 3, 4, 5, 6, 7, 8, 9, 1, 2, 3, 4, 5, 6, 7, 8, 9], ""eps1"": 10, ""distance_median"": 0.4677445140455515}"
395,rflbat,rflbat_cluster_filter,"[0, 41, 6, 34, 94, 30, 93, 56, 41, 6, 34, 94, 30, 93, 56]","[74, 33]","{""accepted_indices"": [0, 1, 2, 3, 4, 6, 8, 9, 1, 2, 3, 4, 6, 8, 9], ""num_clusters"": 3, ""cluster_scores"": [0.12764005002041187, 1.0000000000013223, 1.0000000000010811]}"
395,rflbat,rflbat_final_distance_filter,"[0, 41, 6, 34, 94, 30, 93, 56]","[74, 33]","{""accepted_indices"": [0, 1, 2, 3, 4, 6, 8, 9, 1, 2, 3, 4, 6, 8, 9], ""eps2"": 6, ""distance_median"": 0.14067440246637328}"
396,rflbat,rflbat_first_distance_filter,"[3, 28, 9, 82, 91, 79, 5, 16, 7, 92, 28, 9, 82, 91, 79, 5, 16, 7, 92]",[],"{""accepted_indices"": [0, 1, 2, 3, 4, 5, 6, 7, 8, 9, 1, 2, 3, 4, 5, 6, 7, 8, 9], ""eps1"": 10, ""distance_median"": 0.4007007406412193}"
396,rflbat,rflbat_cluster_filter,"[3, 28, 9, 82, 91, 79, 5, 16, 7, 92, 28, 9, 82, 91, 79, 5, 16, 7, 92]",[],"{""accepted_indices"": [0, 1, 2, 3, 4, 5, 6, 7, 8, 9, 1, 2, 3, 4, 5, 6, 7, 8, 9], ""num_clusters"": 1, ""cluster_scores"": [0.10855781441918078]}"
396,rflbat,rflbat_final_distance_filter,"[3, 28, 9, 82, 91, 79, 5, 16, 7, 92]",[],"{""accepted_indices"": [0, 1, 2, 3, 4, 5, 6, 7, 8, 9, 1, 2, 3, 4, 5, 6, 7, 8, 9], ""eps2"": 6, ""distance_median"": 0.7836825305922553}"
397,rflbat,rflbat_first_distance_filter,"[0, 64, 15, 33, 18, 78, 92, 3, 48, 68, 64, 15, 33, 18, 78, 92, 3, 48, 68]",[],"{""accepted_indices"": [0, 1, 2, 3, 4, 5, 6, 7, 8, 9, 1, 2, 3, 4, 5, 6, 7, 8, 9], ""eps1"": 10, ""distance_median"": 0.4692487524162108}"
397,rflbat,rflbat_cluster_filter,"[0, 64, 15, 33, 18, 78, 92, 3, 48, 68, 64, 15, 33, 18, 78, 92, 3, 48, 68]",[],"{""accepted_indices"": [0, 1, 2, 3, 4, 5, 6, 7, 8, 9, 1, 2, 3, 4, 5, 6, 7, 8, 9], ""num_clusters"": 1, ""cluster_scores"": [0.11029142516782556]}"
397,rflbat,rflbat_final_distance_filter,"[0, 64, 15, 33, 18, 78, 92, 3, 48, 68]",[],"{""accepted_indices"": [0, 1, 2, 3, 4, 5, 6, 7, 8, 9, 1, 2, 3, 4, 5, 6, 7, 8, 9], ""eps2"": 6, ""distance_median"": 0.9448560276984223}"
398,rflbat,rflbat_first_distance_filter,"[0, 55, 48, 82, 24, 61, 33, 86, 11, 65, 55, 48, 82, 24, 61, 33, 86, 11, 65]",[],"{""accepted_indices"": [0, 1, 2, 3, 4, 5, 6, 7, 8, 9, 1, 2, 3, 4, 5, 6, 7, 8, 9], ""eps1"": 10, ""distance_median"": 0.4435015355277411}"
398,rflbat,rflbat_cluster_filter,"[0, 55, 48, 82, 24, 61, 33, 86, 11, 65, 55, 48, 82, 24, 61, 33, 86, 11, 65]",[],"{""accepted_indices"": [0, 1, 2, 3, 4, 5, 6, 7, 8, 9, 1, 2, 3, 4, 5, 6, 7, 8, 9], ""num_clusters"": 1, ""cluster_scores"": [0.09753464367336848]}"
398,rflbat,rflbat_final_distance_filter,"[0, 55, 48, 82, 24, 61, 33, 86, 11, 65]",[],"{""accepted_indices"": [0, 1, 2, 3, 4, 5, 6, 7, 8, 9, 1, 2, 3, 4, 5, 6, 7, 8, 9], ""eps2"": 6, ""distance_median"": 0.9031900630440469}"
399,rflbat,rflbat_first_distance_filter,"[2, 67, 99, 1, 43, 41, 83, 38, 26, 75, 67, 99, 1, 43, 41, 83, 38, 26, 75]",[],"{""accepted_indices"": [0, 1, 2, 3, 4, 5, 6, 7, 8, 9, 1, 2, 3, 4, 5, 6, 7, 8, 9], ""eps1"": 10, ""distance_median"": 0.49506424323732406}"
399,rflbat,rflbat_cluster_filter,"[2, 67, 99, 1, 43, 41, 83, 38, 26, 75, 67, 99, 1, 43, 41, 83, 38, 26, 75]",[],"{""accepted_indices"": [0, 1, 2, 3, 4, 5, 6, 7, 8, 9, 1, 2, 3, 4, 5, 6, 7, 8, 9], ""num_clusters"": 1, ""cluster_scores"": [0.11054756971125744]}"
399,rflbat,rflbat_final_distance_filter,"[2, 67, 99, 1, 43, 41, 83, 38, 26, 75]",[],"{""accepted_indices"": [0, 1, 2, 3, 4, 5, 6, 7, 8, 9, 1, 2, 3, 4, 5, 6, 7, 8, 9], ""eps2"": 6, ""distance_median"": 0.9619588701505224}"
400,rflbat,rflbat_first_distance_filter,"[3, 54, 51, 87, 80, 20, 73, 96, 78, 47, 54, 51, 87, 80, 20, 73, 96, 78, 47]",[],"{""accepted_indices"": [0, 1, 2, 3, 4, 5, 6, 7, 8, 9, 1, 2, 3, 4, 5, 6, 7, 8, 9], ""eps1"": 10, ""distance_median"": 0.5129991093181321}"
400,rflbat,rflbat_cluster_filter,"[3, 54, 51, 87, 80, 20, 73, 96, 78, 47, 54, 51, 87, 80, 20, 73, 96, 78, 47]",[],"{""accepted_indices"": [0, 1, 2, 3, 4, 5, 6, 7, 8, 9, 1, 2, 3, 4, 5, 6, 7, 8, 9], ""num_clusters"": 1, ""cluster_scores"": [0.10081333687491441]}"
400,rflbat,rflbat_final_distance_filter,"[3, 54, 51, 87, 80, 20, 73, 96, 78, 47]",[],"{""accepted_indices"": [0, 1, 2, 3, 4, 5, 6, 7, 8, 9, 1, 2, 3, 4, 5, 6, 7, 8, 9], ""eps2"": 6, ""distance_median"": 1.1430333326897546}"
401,rflbat,rflbat_first_distance_filter,"[4, 35, 64, 53, 50, 78, 80, 32, 62, 61, 35, 64, 53, 50, 78, 80, 32, 62, 61]",[],"{""accepted_indices"": [0, 1, 2, 3, 4, 5, 6, 7, 8, 9, 1, 2, 3, 4, 5, 6, 7, 8, 9], ""eps1"": 10, ""distance_median"": 0.43393347663510057}"
401,rflbat,rflbat_cluster_filter,"[4, 35, 64, 53, 50, 78, 80, 32, 62, 61, 35, 64, 53, 50, 78, 80, 32, 62, 61]",[],"{""accepted_indices"": [0, 1, 2, 3, 4, 5, 6, 7, 8, 9, 1, 2, 3, 4, 5, 6, 7, 8, 9], ""num_clusters"": 1, ""cluster_scores"": [0.1100870089376437]}"
401,rflbat,rflbat_final_distance_filter,"[4, 35, 64, 53, 50, 78, 80, 32, 62, 61]",[],"{""accepted_indices"": [0, 1, 2, 3, 4, 5, 6, 7, 8, 9, 1, 2, 3, 4, 5, 6, 7, 8, 9], ""eps2"": 6, ""distance_median"": 0.8847149878656068}"
402,rflbat,rflbat_first_distance_filter,"[3, 64, 46, 10, 69, 84, 66, 79, 11, 32, 64, 46, 10, 69, 84, 66, 79, 11, 32]",[],"{""accepted_indices"": [0, 1, 2, 3, 4, 5, 6, 7, 8, 9, 1, 2, 3, 4, 5, 6, 7, 8, 9], ""eps1"": 10, ""distance_median"": 0.2879602383676073}"
402,rflbat,rflbat_cluster_filter,"[3, 64, 46, 10, 69, 84, 66, 79, 11, 32, 64, 46, 10, 69, 84, 66, 79, 11, 32]",[],"{""accepted_indices"": [0, 1, 2, 3, 4, 5, 6, 7, 8, 9, 1, 2, 3, 4, 5, 6, 7, 8, 9], ""num_clusters"": 1, ""cluster_scores"": [0.11439928640564238]}"
402,rflbat,rflbat_final_distance_filter,"[3, 64, 46, 10, 69, 84, 66, 79, 11, 32]",[],"{""accepted_indices"": [0, 1, 2, 3, 4, 5, 6, 7, 8, 9, 1, 2, 3, 4, 5, 6, 7, 8, 9], ""eps2"": 6, ""distance_median"": 0.5704420980209385}"
403,rflbat,rflbat_first_distance_filter,"[0, 32, 97, 34, 5, 1, 63, 8, 50, 36, 32, 97, 34, 5, 1, 63, 8, 50, 36]",[],"{""accepted_indices"": [0, 1, 2, 3, 4, 5, 6, 7, 8, 9, 1, 2, 3, 4, 5, 6, 7, 8, 9], ""eps1"": 10, ""distance_median"": 0.4065434149881674}"
403,rflbat,rflbat_cluster_filter,"[0, 32, 97, 34, 5, 1, 63, 8, 50, 36, 32, 97, 34, 5, 1, 63, 8, 50, 36]",[],"{""accepted_indices"": [0, 1, 2, 3, 4, 5, 6, 7, 8, 9, 1, 2, 3, 4, 5, 6, 7, 8, 9], ""num_clusters"": 1, ""cluster_scores"": [0.11056175330876958]}"
403,rflbat,rflbat_final_distance_filter,"[0, 32, 97, 34, 5, 1, 63, 8, 50, 36]",[],"{""accepted_indices"": [0, 1, 2, 3, 4, 5, 6, 7, 8, 9, 1, 2, 3, 4, 5, 6, 7, 8, 9], ""eps2"": 6, ""distance_median"": 0.8078061712322403}"
404,rflbat,rflbat_first_distance_filter,"[1, 16, 39, 42, 79, 47, 74, 22, 94, 44, 16, 39, 42, 79, 47, 74, 22, 94, 44]",[],"{""accepted_indices"": [0, 1, 2, 3, 4, 5, 6, 7, 8, 9, 1, 2, 3, 4, 5, 6, 7, 8, 9], ""eps1"": 10, ""distance_median"": 0.4672667662901084}"
404,rflbat,rflbat_cluster_filter,"[1, 16, 39, 42, 79, 47, 74, 22, 94, 44, 16, 39, 42, 79, 47, 74, 22, 94, 44]",[],"{""accepted_indices"": [0, 1, 2, 3, 4, 5, 6, 7, 8, 9, 1, 2, 3, 4, 5, 6, 7, 8, 9], ""num_clusters"": 1, ""cluster_scores"": [0.10189648664652445]}"
404,rflbat,rflbat_final_distance_filter,"[1, 16, 39, 42, 79, 47, 74, 22, 94, 44]",[],"{""accepted_indices"": [0, 1, 2, 3, 4, 5, 6, 7, 8, 9, 1, 2, 3, 4, 5, 6, 7, 8, 9], ""eps2"": 6, ""distance_median"": 0.7664787144478095}"
405,rflbat,rflbat_first_distance_filter,"[3, 43, 94, 79, 92, 4, 19, 37, 47, 89, 43, 94, 79, 92, 4, 19, 37, 47, 89]",[],"{""accepted_indices"": [0, 1, 2, 3, 4, 5, 6, 7, 8, 9, 1, 2, 3, 4, 5, 6, 7, 8, 9], ""eps1"": 10, ""distance_median"": 0.3877864670795158}"
405,rflbat,rflbat_cluster_filter,"[3, 43, 94, 79, 92, 4, 19, 37, 47, 89, 43, 94, 79, 92, 4, 19, 37, 47, 89]",[],"{""accepted_indices"": [0, 1, 2, 3, 4, 5, 6, 7, 8, 9, 1, 2, 3, 4, 5, 6, 7, 8, 9], ""num_clusters"": 1, ""cluster_scores"": [0.1064816014273206]}"
405,rflbat,rflbat_final_distance_filter,"[3, 43, 94, 79, 92, 4, 19, 37, 47, 89]",[],"{""accepted_indices"": [0, 1, 2, 3, 4, 5, 6, 7, 8, 9, 1, 2, 3, 4, 5, 6, 7, 8, 9], ""eps2"": 6, ""distance_median"": 0.812169381483017}"
406,rflbat,rflbat_first_distance_filter,"[2, 81, 16, 15, 43, 50, 71, 98, 51, 49, 81, 16, 15, 43, 50, 71, 98, 51, 49]",[],"{""accepted_indices"": [0, 1, 2, 3, 4, 5, 6, 7, 8, 9, 1, 2, 3, 4, 5, 6, 7, 8, 9], ""eps1"": 10, ""distance_median"": 0.4399750143689862}"
406,rflbat,rflbat_cluster_filter,"[2, 81, 16, 15, 43, 50, 98, 51, 49, 81, 16, 15, 43, 50, 98, 51, 49]",[71],"{""accepted_indices"": [0, 1, 2, 3, 4, 5, 7, 8, 9, 1, 2, 3, 4, 5, 7, 8, 9], ""num_clusters"": 2, ""cluster_scores"": [0.12079590937956357, 1.0000000000015352]}"
406,rflbat,rflbat_final_distance_filter,"[2, 81, 16, 15, 43, 50, 98, 51, 49]",[71],"{""accepted_indices"": [0, 1, 2, 3, 4, 5, 7, 8, 9, 1, 2, 3, 4, 5, 7, 8, 9], ""eps2"": 6, ""distance_median"": 0.3730911874173799}"
407,rflbat,rflbat_first_distance_filter,"[4, 32, 20, 75, 34, 33, 94, 21, 99, 71, 32, 20, 75, 34, 33, 94, 21, 99, 71]",[],"{""accepted_indices"": [0, 1, 2, 3, 4, 5, 6, 7, 8, 9, 1, 2, 3, 4, 5, 6, 7, 8, 9], ""eps1"": 10, ""distance_median"": 0.5592808033046279}"
407,rflbat,rflbat_cluster_filter,"[4, 32, 20, 75, 34, 33, 94, 21, 99, 71, 32, 20, 75, 34, 33, 94, 21, 99, 71]",[],"{""accepted_indices"": [0, 1, 2, 3, 4, 5, 6, 7, 8, 9, 1, 2, 3, 4, 5, 6, 7, 8, 9], ""num_clusters"": 1, ""cluster_scores"": [0.11481182180128335]}"
407,rflbat,rflbat_final_distance_filter,"[4, 32, 20, 75, 34, 33, 94, 21, 99, 71]",[],"{""accepted_indices"": [0, 1, 2, 3, 4, 5, 6, 7, 8, 9, 1, 2, 3, 4, 5, 6, 7, 8, 9], ""eps2"": 6, ""distance_median"": 1.1171297652242025}"
408,rflbat,rflbat_first_distance_filter,"[1, 26, 59, 17, 6, 72, 61, 47, 93, 88, 26, 59, 17, 6, 72, 61, 47, 93, 88]",[],"{""accepted_indices"": [0, 1, 2, 3, 4, 5, 6, 7, 8, 9, 1, 2, 3, 4, 5, 6, 7, 8, 9], ""eps1"": 10, ""distance_median"": 0.4672768334314442}"
408,rflbat,rflbat_cluster_filter,"[1, 26, 59, 17, 6, 72, 61, 47, 93, 88, 26, 59, 17, 6, 72, 61, 47, 93, 88]",[],"{""accepted_indices"": [0, 1, 2, 3, 4, 5, 6, 7, 8, 9, 1, 2, 3, 4, 5, 6, 7, 8, 9], ""num_clusters"": 1, ""cluster_scores"": [0.12183941743501041]}"
408,rflbat,rflbat_final_distance_filter,"[1, 26, 59, 17, 6, 72, 61, 47, 93, 88]",[],"{""accepted_indices"": [0, 1, 2, 3, 4, 5, 6, 7, 8, 9, 1, 2, 3, 4, 5, 6, 7, 8, 9], ""eps2"": 6, ""distance_median"": 0.9110199777003987}"
409,rflbat,rflbat_first_distance_filter,"[2, 75, 45, 91, 29, 38, 4, 89, 85, 33, 75, 45, 91, 29, 38, 4, 89, 85, 33]",[],"{""accepted_indices"": [0, 1, 2, 3, 4, 5, 6, 7, 8, 9, 1, 2, 3, 4, 5, 6, 7, 8, 9], ""eps1"": 10, ""distance_median"": 0.43346083023265436}"
409,rflbat,rflbat_cluster_filter,"[45, 91, 4, 45, 91, 4]","[2, 75, 29, 38, 89, 85, 33]","{""accepted_indices"": [2, 3, 6, 2, 3, 6], ""num_clusters"": 6, ""cluster_scores"": [1.000000000002946, 0.34683101398250554, 1.000000000001379, 0.39180534634109015, 1.0000000000018088, 1.0000000000021139]}"
409,rflbat,rflbat_final_distance_filter,"[45, 91, 4]","[2, 75, 29, 38, 89, 85, 33]","{""accepted_indices"": [2, 3, 6, 2, 3, 6], ""eps2"": 6, ""distance_median"": 0.0077239343765206445}"
410,rflbat,rflbat_first_distance_filter,"[2, 31, 96, 77, 44, 32, 19, 58, 3, 0, 31, 96, 77, 44, 32, 19, 58, 3, 0]",[],"{""accepted_indices"": [0, 1, 2, 3, 4, 5, 6, 7, 8, 9, 1, 2, 3, 4, 5, 6, 7, 8, 9], ""eps1"": 10, ""distance_median"": 0.3953818175691289}"
410,rflbat,rflbat_cluster_filter,"[2, 31, 96, 77, 32, 19, 58, 3, 0, 31, 96, 77, 32, 19, 58, 3, 0]",[44],"{""accepted_indices"": [0, 1, 2, 3, 5, 6, 7, 8, 9, 1, 2, 3, 5, 6, 7, 8, 9], ""num_clusters"": 2, ""cluster_scores"": [0.11502034556986043, 1.0000000000030762]}"
410,rflbat,rflbat_final_distance_filter,"[2, 31, 96, 77, 32, 19, 58, 3, 0]",[44],"{""accepted_indices"": [0, 1, 2, 3, 5, 6, 7, 8, 9, 1, 2, 3, 5, 6, 7, 8, 9], ""eps2"": 6, ""distance_median"": 0.4510147869037419}"
411,rflbat,rflbat_first_distance_filter,"[3, 12, 43, 88, 5, 48, 52, 10, 23, 68, 12, 43, 88, 5, 48, 52, 10, 23, 68]",[],"{""accepted_indices"": [0, 1, 2, 3, 4, 5, 6, 7, 8, 9, 1, 2, 3, 4, 5, 6, 7, 8, 9], ""eps1"": 10, ""distance_median"": 0.49138012116924834}"
411,rflbat,rflbat_cluster_filter,"[3, 12, 43, 5, 48, 52, 10, 23, 68, 12, 43, 5, 48, 52, 10, 23, 68]",[88],"{""accepted_indices"": [0, 1, 2, 4, 5, 6, 7, 8, 9, 1, 2, 4, 5, 6, 7, 8, 9], ""num_clusters"": 2, ""cluster_scores"": [1.0000000000026736, 0.1273534680557485]}"
411,rflbat,rflbat_final_distance_filter,"[3, 12, 43, 5, 48, 52, 10, 23]","[88, 68]","{""accepted_indices"": [0, 1, 2, 4, 5, 6, 7, 8, 1, 2, 4, 5, 6, 7, 8], ""eps2"": 6, ""distance_median"": 0.6809702192855587}"
412,rflbat,rflbat_first_distance_filter,"[4, 58, 95, 12, 98, 22, 31, 97, 44, 25, 58, 95, 12, 98, 22, 31, 97, 44, 25]",[],"{""accepted_indices"": [0, 1, 2, 3, 4, 5, 6, 7, 8, 9, 1, 2, 3, 4, 5, 6, 7, 8, 9], ""eps1"": 10, ""distance_median"": 0.43417945239905503}"
412,rflbat,rflbat_cluster_filter,"[4, 95, 12, 98, 22, 31, 97, 44, 25, 95, 12, 98, 22, 31, 97, 44, 25]",[58],"{""accepted_indices"": [0, 2, 3, 4, 5, 6, 7, 8, 9, 2, 3, 4, 5, 6, 7, 8, 9], ""num_clusters"": 2, ""cluster_scores"": [0.12005808318880534, 1.0000000000012397]}"
412,rflbat,rflbat_final_distance_filter,"[4, 95, 12, 98, 22, 31, 97, 44, 25]",[58],"{""accepted_indices"": [0, 2, 3, 4, 5, 6, 7, 8, 9, 2, 3, 4, 5, 6, 7, 8, 9], ""eps2"": 6, ""distance_median"": 0.5981253387859338}"
413,rflbat,rflbat_first_distance_filter,"[2, 28, 34, 19, 88, 40, 42, 52, 6, 98, 28, 34, 19, 88, 40, 42, 52, 6, 98]",[],"{""accepted_indices"": [0, 1, 2, 3, 4, 5, 6, 7, 8, 9, 1, 2, 3, 4, 5, 6, 7, 8, 9], ""eps1"": 10, ""distance_median"": 0.4401158800808578}"
413,rflbat,rflbat_cluster_filter,"[2, 28, 34, 19, 88, 40, 42, 52, 6, 98, 28, 34, 19, 88, 40, 42, 52, 6, 98]",[],"{""accepted_indices"": [0, 1, 2, 3, 4, 5, 6, 7, 8, 9, 1, 2, 3, 4, 5, 6, 7, 8, 9], ""num_clusters"": 1, ""cluster_scores"": [0.10768943584627391]}"
413,rflbat,rflbat_final_distance_filter,"[2, 28, 34, 19, 88, 40, 42, 52, 6, 98]",[],"{""accepted_indices"": [0, 1, 2, 3, 4, 5, 6, 7, 8, 9, 1, 2, 3, 4, 5, 6, 7, 8, 9], ""eps2"": 6, ""distance_median"": 0.9211595316040951}"
414,rflbat,rflbat_first_distance_filter,"[1, 3, 82, 33, 43, 31, 37, 90, 46, 28, 3, 82, 33, 43, 31, 37, 90, 46, 28]",[],"{""accepted_indices"": [0, 1, 2, 3, 4, 5, 6, 7, 8, 9, 1, 2, 3, 4, 5, 6, 7, 8, 9], ""eps1"": 10, ""distance_median"": 0.45741201462704983}"
414,rflbat,rflbat_cluster_filter,"[1, 3, 82, 33, 43, 31, 37, 90, 46, 28, 3, 82, 33, 43, 31, 37, 90, 46, 28]",[],"{""accepted_indices"": [0, 1, 2, 3, 4, 5, 6, 7, 8, 9, 1, 2, 3, 4, 5, 6, 7, 8, 9], ""num_clusters"": 1, ""cluster_scores"": [0.11261373162701549]}"
414,rflbat,rflbat_final_distance_filter,"[1, 3, 82, 43, 31, 37, 90, 46, 28]",[33],"{""accepted_indices"": [0, 1, 2, 4, 5, 6, 7, 8, 9, 1, 2, 4, 5, 6, 7, 8, 9], ""eps2"": 6, ""distance_median"": 0.7680297852430766}"
415,rflbat,rflbat_first_distance_filter,"[3, 22, 86, 15, 0, 13, 93, 9, 89, 28, 22, 86, 15, 0, 13, 93, 9, 89, 28]",[],"{""accepted_indices"": [0, 1, 2, 3, 4, 5, 6, 7, 8, 9, 1, 2, 3, 4, 5, 6, 7, 8, 9], ""eps1"": 10, ""distance_median"": 0.3437633397628265}"
415,rflbat,rflbat_cluster_filter,"[3, 22, 86, 15, 0, 13, 93, 9, 89, 28, 22, 86, 15, 0, 13, 93, 9, 89, 28]",[],"{""accepted_indices"": [0, 1, 2, 3, 4, 5, 6, 7, 8, 9, 1, 2, 3, 4, 5, 6, 7, 8, 9], ""num_clusters"": 1, ""cluster_scores"": [0.11405520503627027]}"
415,rflbat,rflbat_final_distance_filter,"[3, 22, 86, 15, 0, 13, 93, 9, 89, 28]",[],"{""accepted_indices"": [0, 1, 2, 3, 4, 5, 6, 7, 8, 9, 1, 2, 3, 4, 5, 6, 7, 8, 9], ""eps2"": 6, ""distance_median"": 0.681449278887106}"
416,rflbat,rflbat_first_distance_filter,"[2, 66, 7, 85, 51, 68, 72, 33, 83, 41, 66, 7, 85, 51, 68, 72, 33, 83, 41]",[],"{""accepted_indices"": [0, 1, 2, 3, 4, 5, 6, 7, 8, 9, 1, 2, 3, 4, 5, 6, 7, 8, 9], ""eps1"": 10, ""distance_median"": 0.6094840677904552}"
416,rflbat,rflbat_cluster_filter,"[2, 66, 7, 85, 51, 68, 72, 33, 83, 41, 66, 7, 85, 51, 68, 72, 33, 83, 41]",[],"{""accepted_indices"": [0, 1, 2, 3, 4, 5, 6, 7, 8, 9, 1, 2, 3, 4, 5, 6, 7, 8, 9], ""num_clusters"": 1, ""cluster_scores"": [0.1139490507676527]}"
416,rflbat,rflbat_final_distance_filter,"[2, 66, 7, 85, 51, 68, 72, 33, 83, 41]",[],"{""accepted_indices"": [0, 1, 2, 3, 4, 5, 6, 7, 8, 9, 1, 2, 3, 4, 5, 6, 7, 8, 9], ""eps2"": 6, ""distance_median"": 1.2172553302775453}"
417,rflbat,rflbat_first_distance_filter,"[4, 60, 36, 1, 70, 42, 95, 11, 41, 33, 60, 36, 1, 70, 42, 95, 11, 41, 33]",[],"{""accepted_indices"": [0, 1, 2, 3, 4, 5, 6, 7, 8, 9, 1, 2, 3, 4, 5, 6, 7, 8, 9], ""eps1"": 10, ""distance_median"": 0.4774131941401263}"
417,rflbat,rflbat_cluster_filter,"[4, 60, 36, 1, 70, 42, 95, 11, 41, 60, 36, 1, 70, 42, 95, 11, 41]",[33],"{""accepted_indices"": [0, 1, 2, 3, 4, 5, 6, 7, 8, 1, 2, 3, 4, 5, 6, 7, 8], ""num_clusters"": 2, ""cluster_scores"": [0.11574219624295828, 1.0000000000014408]}"
417,rflbat,rflbat_final_distance_filter,"[4, 60, 36, 1, 70, 42, 95, 11, 41]",[33],"{""accepted_indices"": [0, 1, 2, 3, 4, 5, 6, 7, 8, 1, 2, 3, 4, 5, 6, 7, 8], ""eps2"": 6, ""distance_median"": 0.45541074691507877}"
418,rflbat,rflbat_first_distance_filter,"[0, 36, 46, 80, 79, 17, 75, 71, 26, 85, 36, 46, 80, 79, 17, 75, 71, 26, 85]",[],"{""accepted_indices"": [0, 1, 2, 3, 4, 5, 6, 7, 8, 9, 1, 2, 3, 4, 5, 6, 7, 8, 9], ""eps1"": 10, ""distance_median"": 0.5443212526358233}"
418,rflbat,rflbat_cluster_filter,"[0, 36, 46, 80, 79, 17, 75, 71, 26, 85, 36, 46, 80, 79, 17, 75, 71, 26, 85]",[],"{""accepted_indices"": [0, 1, 2, 3, 4, 5, 6, 7, 8, 9, 1, 2, 3, 4, 5, 6, 7, 8, 9], ""num_clusters"": 1, ""cluster_scores"": [0.10760115759231197]}"
418,rflbat,rflbat_final_distance_filter,"[0, 36, 46, 80, 79, 17, 75, 71, 26, 85]",[],"{""accepted_indices"": [0, 1, 2, 3, 4, 5, 6, 7, 8, 9, 1, 2, 3, 4, 5, 6, 7, 8, 9], ""eps2"": 6, ""distance_median"": 1.0800845528635048}"
419,rflbat,rflbat_first_distance_filter,"[4, 47, 37, 73, 41, 35, 72, 79, 66, 14, 47, 37, 73, 41, 35, 72, 79, 66, 14]",[],"{""accepted_indices"": [0, 1, 2, 3, 4, 5, 6, 7, 8, 9, 1, 2, 3, 4, 5, 6, 7, 8, 9], ""eps1"": 10, ""distance_median"": 0.5038918702864548}"
419,rflbat,rflbat_cluster_filter,"[4, 47, 37, 73, 41, 35, 72, 79, 66, 14, 47, 37, 73, 41, 35, 72, 79, 66, 14]",[],"{""accepted_indices"": [0, 1, 2, 3, 4, 5, 6, 7, 8, 9, 1, 2, 3, 4, 5, 6, 7, 8, 9], ""num_clusters"": 1, ""cluster_scores"": [0.09953136866858815]}"
419,rflbat,rflbat_final_distance_filter,"[4, 47, 37, 73, 41, 35, 72, 79, 66, 14]",[],"{""accepted_indices"": [0, 1, 2, 3, 4, 5, 6, 7, 8, 9, 1, 2, 3, 4, 5, 6, 7, 8, 9], ""eps2"": 6, ""distance_median"": 1.0053786335348638}"
420,rflbat,rflbat_first_distance_filter,"[2, 76, 67, 89, 78, 56, 40, 18, 31, 51, 76, 67, 89, 78, 56, 40, 18, 31, 51]",[],"{""accepted_indices"": [0, 1, 2, 3, 4, 5, 6, 7, 8, 9, 1, 2, 3, 4, 5, 6, 7, 8, 9], ""eps1"": 10, ""distance_median"": 0.35382605219624025}"
420,rflbat,rflbat_cluster_filter,"[2, 76, 67, 89, 78, 56, 40, 18, 31, 51, 76, 67, 89, 78, 56, 40, 18, 31, 51]",[],"{""accepted_indices"": [0, 1, 2, 3, 4, 5, 6, 7, 8, 9, 1, 2, 3, 4, 5, 6, 7, 8, 9], ""num_clusters"": 1, ""cluster_scores"": [0.13762874065957761]}"
420,rflbat,rflbat_final_distance_filter,"[2, 76, 67, 89, 78, 56, 40, 18, 31, 51]",[],"{""accepted_indices"": [0, 1, 2, 3, 4, 5, 6, 7, 8, 9, 1, 2, 3, 4, 5, 6, 7, 8, 9], ""eps2"": 6, ""distance_median"": 0.6721236808921862}"
421,rflbat,rflbat_first_distance_filter,"[1, 81, 94, 31, 60, 26, 61, 99, 62, 30, 81, 94, 31, 60, 26, 61, 99, 62, 30]",[],"{""accepted_indices"": [0, 1, 2, 3, 4, 5, 6, 7, 8, 9, 1, 2, 3, 4, 5, 6, 7, 8, 9], ""eps1"": 10, ""distance_median"": 0.5556297855762913}"
421,rflbat,rflbat_cluster_filter,"[1, 81, 94, 31, 60, 26, 61, 99, 62, 30, 81, 94, 31, 60, 26, 61, 99, 62, 30]",[],"{""accepted_indices"": [0, 1, 2, 3, 4, 5, 6, 7, 8, 9, 1, 2, 3, 4, 5, 6, 7, 8, 9], ""num_clusters"": 1, ""cluster_scores"": [0.11724254292064736]}"
421,rflbat,rflbat_final_distance_filter,"[1, 81, 94, 31, 60, 26, 61, 99, 62, 30]",[],"{""accepted_indices"": [0, 1, 2, 3, 4, 5, 6, 7, 8, 9, 1, 2, 3, 4, 5, 6, 7, 8, 9], ""eps2"": 6, ""distance_median"": 1.0826078364545968}"
422,rflbat,rflbat_first_distance_filter,"[3, 82, 38, 48, 30, 83, 42, 51, 80, 27, 82, 38, 48, 30, 83, 42, 51, 80, 27]",[],"{""accepted_indices"": [0, 1, 2, 3, 4, 5, 6, 7, 8, 9, 1, 2, 3, 4, 5, 6, 7, 8, 9], ""eps1"": 10, ""distance_median"": 0.34876650617370236}"
422,rflbat,rflbat_cluster_filter,"[3, 82, 38, 48, 30, 83, 42, 51, 80, 27, 82, 38, 48, 30, 83, 42, 51, 80, 27]",[],"{""accepted_indices"": [0, 1, 2, 3, 4, 5, 6, 7, 8, 9, 1, 2, 3, 4, 5, 6, 7, 8, 9], ""num_clusters"": 1, ""cluster_scores"": [0.10443977904946988]}"
422,rflbat,rflbat_final_distance_filter,"[3, 82, 38, 48, 30, 83, 42, 51, 80, 27]",[],"{""accepted_indices"": [0, 1, 2, 3, 4, 5, 6, 7, 8, 9, 1, 2, 3, 4, 5, 6, 7, 8, 9], ""eps2"": 6, ""distance_median"": 0.7087623503351145}"
423,rflbat,rflbat_first_distance_filter,"[3, 14, 93, 51, 32, 40, 59, 61, 57, 79, 14, 93, 51, 32, 40, 59, 61, 57, 79]",[],"{""accepted_indices"": [0, 1, 2, 3, 4, 5, 6, 7, 8, 9, 1, 2, 3, 4, 5, 6, 7, 8, 9], ""eps1"": 10, ""distance_median"": 0.3293081944830063}"
423,rflbat,rflbat_cluster_filter,"[3, 14, 93, 51, 32, 40, 59, 61, 57, 79, 14, 93, 51, 32, 40, 59, 61, 57, 79]",[],"{""accepted_indices"": [0, 1, 2, 3, 4, 5, 6, 7, 8, 9, 1, 2, 3, 4, 5, 6, 7, 8, 9], ""num_clusters"": 1, ""cluster_scores"": [0.1062692557336877]}"
423,rflbat,rflbat_final_distance_filter,"[3, 14, 93, 51, 32, 40, 59, 61, 57, 79]",[],"{""accepted_indices"": [0, 1, 2, 3, 4, 5, 6, 7, 8, 9, 1, 2, 3, 4, 5, 6, 7, 8, 9], ""eps2"": 6, ""distance_median"": 0.6738729916870121}"
424,rflbat,rflbat_first_distance_filter,"[4, 56, 41, 32, 69, 82, 48, 46, 72, 92, 56, 41, 32, 69, 82, 48, 46, 72, 92]",[],"{""accepted_indices"": [0, 1, 2, 3, 4, 5, 6, 7, 8, 9, 1, 2, 3, 4, 5, 6, 7, 8, 9], ""eps1"": 10, ""distance_median"": 0.34571031858686607}"
424,rflbat,rflbat_cluster_filter,"[4, 56, 41, 32, 69, 82, 48, 46, 72, 92, 56, 41, 32, 69, 82, 48, 46, 72, 92]",[],"{""accepted_indices"": [0, 1, 2, 3, 4, 5, 6, 7, 8, 9, 1, 2, 3, 4, 5, 6, 7, 8, 9], ""num_clusters"": 1, ""cluster_scores"": [0.10534936048517807]}"
424,rflbat,rflbat_final_distance_filter,"[4, 56, 41, 32, 69, 82, 48, 46, 72, 92]",[],"{""accepted_indices"": [0, 1, 2, 3, 4, 5, 6, 7, 8, 9, 1, 2, 3, 4, 5, 6, 7, 8, 9], ""eps2"": 6, ""distance_median"": 0.6980359212970617}"
425,rflbat,rflbat_first_distance_filter,"[1, 80, 58, 93, 35, 3, 81, 86, 64, 14, 80, 58, 93, 35, 3, 81, 86, 64, 14]",[],"{""accepted_indices"": [0, 1, 2, 3, 4, 5, 6, 7, 8, 9, 1, 2, 3, 4, 5, 6, 7, 8, 9], ""eps1"": 10, ""distance_median"": 0.5290357756916719}"
425,rflbat,rflbat_cluster_filter,"[1, 80, 58, 93, 35, 3, 81, 86, 64, 14, 80, 58, 93, 35, 3, 81, 86, 64, 14]",[],"{""accepted_indices"": [0, 1, 2, 3, 4, 5, 6, 7, 8, 9, 1, 2, 3, 4, 5, 6, 7, 8, 9], ""num_clusters"": 1, ""cluster_scores"": [0.1156545625443547]}"
425,rflbat,rflbat_final_distance_filter,"[1, 80, 58, 93, 35, 3, 81, 86, 64, 14]",[],"{""accepted_indices"": [0, 1, 2, 3, 4, 5, 6, 7, 8, 9, 1, 2, 3, 4, 5, 6, 7, 8, 9], ""eps2"": 6, ""distance_median"": 0.9136175585850016}"
426,rflbat,rflbat_first_distance_filter,"[1, 15, 41, 82, 56, 93, 60, 84, 67, 78, 15, 41, 82, 56, 93, 60, 84, 67, 78]",[],"{""accepted_indices"": [0, 1, 2, 3, 4, 5, 6, 7, 8, 9, 1, 2, 3, 4, 5, 6, 7, 8, 9], ""eps1"": 10, ""distance_median"": 0.3514886857504522}"
426,rflbat,rflbat_cluster_filter,"[1, 15, 41, 82, 56, 93, 60, 84, 67, 78, 15, 41, 82, 56, 93, 60, 84, 67, 78]",[],"{""accepted_indices"": [0, 1, 2, 3, 4, 5, 6, 7, 8, 9, 1, 2, 3, 4, 5, 6, 7, 8, 9], ""num_clusters"": 1, ""cluster_scores"": [0.1068962992709832]}"
426,rflbat,rflbat_final_distance_filter,"[1, 15, 41, 82, 56, 93, 60, 84, 67, 78]",[],"{""accepted_indices"": [0, 1, 2, 3, 4, 5, 6, 7, 8, 9, 1, 2, 3, 4, 5, 6, 7, 8, 9], ""eps2"": 6, ""distance_median"": 0.5662937615926751}"
427,rflbat,rflbat_first_distance_filter,"[1, 39, 75, 62, 52, 16, 72, 59, 30, 55, 39, 75, 62, 52, 16, 72, 59, 30, 55]",[],"{""accepted_indices"": [0, 1, 2, 3, 4, 5, 6, 7, 8, 9, 1, 2, 3, 4, 5, 6, 7, 8, 9], ""eps1"": 10, ""distance_median"": 0.35995442081646184}"
427,rflbat,rflbat_cluster_filter,"[1, 39, 75, 62, 52, 16, 72, 59, 30, 55, 39, 75, 62, 52, 16, 72, 59, 30, 55]",[],"{""accepted_indices"": [0, 1, 2, 3, 4, 5, 6, 7, 8, 9, 1, 2, 3, 4, 5, 6, 7, 8, 9], ""num_clusters"": 1, ""cluster_scores"": [0.11462809678221912]}"
427,rflbat,rflbat_final_distance_filter,"[1, 39, 75, 62, 52, 16, 72, 59, 30, 55]",[],"{""accepted_indices"": [0, 1, 2, 3, 4, 5, 6, 7, 8, 9, 1, 2, 3, 4, 5, 6, 7, 8, 9], ""eps2"": 6, ""distance_median"": 0.5710638208219928}"
428,rflbat,rflbat_first_distance_filter,"[1, 82, 22, 44, 32, 70, 92, 15, 67, 49, 82, 22, 44, 32, 70, 92, 15, 67, 49]",[],"{""accepted_indices"": [0, 1, 2, 3, 4, 5, 6, 7, 8, 9, 1, 2, 3, 4, 5, 6, 7, 8, 9], ""eps1"": 10, ""distance_median"": 0.36745279332933967}"
428,rflbat,rflbat_cluster_filter,"[1, 82, 22, 44, 32, 70, 92, 15, 67, 49, 82, 22, 44, 32, 70, 92, 15, 67, 49]",[],"{""accepted_indices"": [0, 1, 2, 3, 4, 5, 6, 7, 8, 9, 1, 2, 3, 4, 5, 6, 7, 8, 9], ""num_clusters"": 1, ""cluster_scores"": [0.09831733213609428]}"
428,rflbat,rflbat_final_distance_filter,"[1, 82, 22, 44, 32, 70, 92, 15, 67, 49]",[],"{""accepted_indices"": [0, 1, 2, 3, 4, 5, 6, 7, 8, 9, 1, 2, 3, 4, 5, 6, 7, 8, 9], ""eps2"": 6, ""distance_median"": 0.6194748332209612}"
429,rflbat,rflbat_first_distance_filter,"[4, 77, 60, 34, 24, 68, 98, 51, 71, 50, 77, 60, 34, 24, 68, 98, 51, 71, 50]",[],"{""accepted_indices"": [0, 1, 2, 3, 4, 5, 6, 7, 8, 9, 1, 2, 3, 4, 5, 6, 7, 8, 9], ""eps1"": 10, ""distance_median"": 0.5245654727236049}"
429,rflbat,rflbat_cluster_filter,"[4, 77, 60, 34, 24, 68, 98, 51, 71, 50, 77, 60, 34, 24, 68, 98, 51, 71, 50]",[],"{""accepted_indices"": [0, 1, 2, 3, 4, 5, 6, 7, 8, 9, 1, 2, 3, 4, 5, 6, 7, 8, 9], ""num_clusters"": 1, ""cluster_scores"": [0.10956781968995992]}"
429,rflbat,rflbat_final_distance_filter,"[4, 77, 60, 34, 24, 68, 98, 51, 71, 50]",[],"{""accepted_indices"": [0, 1, 2, 3, 4, 5, 6, 7, 8, 9, 1, 2, 3, 4, 5, 6, 7, 8, 9], ""eps2"": 6, ""distance_median"": 1.04202607106447}"
430,rflbat,rflbat_first_distance_filter,"[3, 15, 40, 54, 57, 46, 4, 76, 68, 97, 15, 40, 54, 57, 46, 4, 76, 68, 97]",[],"{""accepted_indices"": [0, 1, 2, 3, 4, 5, 6, 7, 8, 9, 1, 2, 3, 4, 5, 6, 7, 8, 9], ""eps1"": 10, ""distance_median"": 0.5860611469041304}"
430,rflbat,rflbat_cluster_filter,"[3, 15, 40, 54, 57, 46, 4, 97, 15, 40, 54, 57, 46, 4, 97]","[76, 68]","{""accepted_indices"": [0, 1, 2, 3, 4, 5, 6, 9, 1, 2, 3, 4, 5, 6, 9], ""num_clusters"": 3, ""cluster_scores"": [0.13164234264624464, 1.000000000002389, 1.0000000000011833]}"
430,rflbat,rflbat_final_distance_filter,"[3, 15, 40, 54, 57, 46, 4, 97]","[76, 68]","{""accepted_indices"": [0, 1, 2, 3, 4, 5, 6, 9, 1, 2, 3, 4, 5, 6, 9], ""eps2"": 6, ""distance_median"": 0.2855362747083806}"
431,rflbat,rflbat_first_distance_filter,"[3, 39, 81, 56, 60, 67, 53, 68, 79, 62, 39, 81, 56, 60, 67, 53, 68, 79, 62]",[],"{""accepted_indices"": [0, 1, 2, 3, 4, 5, 6, 7, 8, 9, 1, 2, 3, 4, 5, 6, 7, 8, 9], ""eps1"": 10, ""distance_median"": 0.5114792254649703}"
431,rflbat,rflbat_cluster_filter,"[3, 39, 81, 56, 60, 67, 53, 68, 79, 62, 39, 81, 56, 60, 67, 53, 68, 79, 62]",[],"{""accepted_indices"": [0, 1, 2, 3, 4, 5, 6, 7, 8, 9, 1, 2, 3, 4, 5, 6, 7, 8, 9], ""num_clusters"": 1, ""cluster_scores"": [0.10814609033793061]}"
431,rflbat,rflbat_final_distance_filter,"[3, 39, 81, 56, 60, 67, 53, 68, 79, 62]",[],"{""accepted_indices"": [0, 1, 2, 3, 4, 5, 6, 7, 8, 9, 1, 2, 3, 4, 5, 6, 7, 8, 9], ""eps2"": 6, ""distance_median"": 1.0251418066360998}"
432,rflbat,rflbat_first_distance_filter,"[0, 35, 88, 44, 42, 3, 15, 75, 77, 7, 35, 88, 44, 42, 3, 15, 75, 77, 7]",[],"{""accepted_indices"": [0, 1, 2, 3, 4, 5, 6, 7, 8, 9, 1, 2, 3, 4, 5, 6, 7, 8, 9], ""eps1"": 10, ""distance_median"": 0.47956654341399296}"
432,rflbat,rflbat_cluster_filter,"[0, 35, 88, 44, 42, 3, 15, 75, 77, 7, 35, 88, 44, 42, 3, 15, 75, 77, 7]",[],"{""accepted_indices"": [0, 1, 2, 3, 4, 5, 6, 7, 8, 9, 1, 2, 3, 4, 5, 6, 7, 8, 9], ""num_clusters"": 1, ""cluster_scores"": [0.11540102822401417]}"
432,rflbat,rflbat_final_distance_filter,"[0, 35, 88, 44, 42, 3, 15, 75, 77, 7]",[],"{""accepted_indices"": [0, 1, 2, 3, 4, 5, 6, 7, 8, 9, 1, 2, 3, 4, 5, 6, 7, 8, 9], ""eps2"": 6, ""distance_median"": 0.9535928708220218}"
433,rflbat,rflbat_first_distance_filter,"[0, 68, 21, 99, 29, 63, 74, 91, 41, 27, 68, 21, 99, 29, 63, 74, 91, 41, 27]",[],"{""accepted_indices"": [0, 1, 2, 3, 4, 5, 6, 7, 8, 9, 1, 2, 3, 4, 5, 6, 7, 8, 9], ""eps1"": 10, ""distance_median"": 0.5161599683952232}"
433,rflbat,rflbat_cluster_filter,"[21, 99, 29, 91, 27, 21, 99, 29, 91, 27]","[0, 68, 63, 74, 41]","{""accepted_indices"": [2, 3, 4, 7, 9, 2, 3, 4, 7, 9], ""num_clusters"": 5, ""cluster_scores"": [0.6949168559566488, 1.0000000000022824, 1.0000000000015317, 0.214470052479024, 1.0000000000014595]}"
433,rflbat,rflbat_final_distance_filter,"[21, 99, 29, 91, 27]","[0, 68, 63, 74, 41]","{""accepted_indices"": [2, 3, 4, 7, 9, 2, 3, 4, 7, 9], ""eps2"": 6, ""distance_median"": 0.02610192247298243}"
434,rflbat,rflbat_first_distance_filter,"[2, 89, 36, 38, 30, 13, 1, 15, 86, 93, 89, 36, 38, 30, 13, 1, 15, 86, 93]",[],"{""accepted_indices"": [0, 1, 2, 3, 4, 5, 6, 7, 8, 9, 1, 2, 3, 4, 5, 6, 7, 8, 9], ""eps1"": 10, ""distance_median"": 0.3240999801841821}"
434,rflbat,rflbat_cluster_filter,"[2, 89, 38, 30, 13, 15, 86, 93, 89, 38, 30, 13, 15, 86, 93]","[36, 1]","{""accepted_indices"": [0, 1, 3, 4, 5, 7, 8, 9, 1, 3, 4, 5, 7, 8, 9], ""num_clusters"": 3, ""cluster_scores"": [0.15229217957168154, 1.0000000000013662, 1.000000000001368]}"
434,rflbat,rflbat_final_distance_filter,"[2, 89, 38, 30, 13, 15, 86, 93]","[36, 1]","{""accepted_indices"": [0, 1, 3, 4, 5, 7, 8, 9, 1, 3, 4, 5, 7, 8, 9], ""eps2"": 6, ""distance_median"": 0.19559883610022305}"
435,rflbat,rflbat_first_distance_filter,"[3, 2, 41, 88, 16, 55, 98, 51, 38, 79, 2, 41, 88, 16, 55, 98, 51, 38, 79]",[],"{""accepted_indices"": [0, 1, 2, 3, 4, 5, 6, 7, 8, 9, 1, 2, 3, 4, 5, 6, 7, 8, 9], ""eps1"": 10, ""distance_median"": 0.34932561679050633}"
435,rflbat,rflbat_cluster_filter,"[3, 2, 41, 88, 16, 55, 98, 51, 38, 79, 2, 41, 88, 16, 55, 98, 51, 38, 79]",[],"{""accepted_indices"": [0, 1, 2, 3, 4, 5, 6, 7, 8, 9, 1, 2, 3, 4, 5, 6, 7, 8, 9], ""num_clusters"": 1, ""cluster_scores"": [0.10770235338455043]}"
435,rflbat,rflbat_final_distance_filter,"[3, 2, 41, 88, 16, 55, 98, 51, 38, 79]",[],"{""accepted_indices"": [0, 1, 2, 3, 4, 5, 6, 7, 8, 9, 1, 2, 3, 4, 5, 6, 7, 8, 9], ""eps2"": 6, ""distance_median"": 0.6937455675829945}"
436,rflbat,rflbat_first_distance_filter,"[3, 25, 5, 94, 64, 90, 79, 40, 39, 85, 25, 5, 94, 64, 90, 79, 40, 39, 85]",[],"{""accepted_indices"": [0, 1, 2, 3, 4, 5, 6, 7, 8, 9, 1, 2, 3, 4, 5, 6, 7, 8, 9], ""eps1"": 10, ""distance_median"": 0.3363551401337376}"
436,rflbat,rflbat_cluster_filter,"[3, 25, 5, 94, 64, 90, 79, 40, 39, 85, 25, 5, 94, 64, 90, 79, 40, 39, 85]",[],"{""accepted_indices"": [0, 1, 2, 3, 4, 5, 6, 7, 8, 9, 1, 2, 3, 4, 5, 6, 7, 8, 9], ""num_clusters"": 1, ""cluster_scores"": [0.11950184729283737]}"
436,rflbat,rflbat_final_distance_filter,"[3, 25, 5, 94, 64, 90, 79, 40, 39, 85]",[],"{""accepted_indices"": [0, 1, 2, 3, 4, 5, 6, 7, 8, 9, 1, 2, 3, 4, 5, 6, 7, 8, 9], ""eps2"": 6, ""distance_median"": 0.6732514882653897}"
437,rflbat,rflbat_first_distance_filter,"[0, 7, 95, 94, 37, 84, 33, 46, 59, 96, 7, 95, 94, 37, 84, 33, 46, 59, 96]",[],"{""accepted_indices"": [0, 1, 2, 3, 4, 5, 6, 7, 8, 9, 1, 2, 3, 4, 5, 6, 7, 8, 9], ""eps1"": 10, ""distance_median"": 0.4818239587261446}"
437,rflbat,rflbat_cluster_filter,"[0, 7, 95, 94, 37, 84, 33, 46, 59, 96, 7, 95, 94, 37, 84, 33, 46, 59, 96]",[],"{""accepted_indices"": [0, 1, 2, 3, 4, 5, 6, 7, 8, 9, 1, 2, 3, 4, 5, 6, 7, 8, 9], ""num_clusters"": 1, ""cluster_scores"": [0.10823029703524967]}"
437,rflbat,rflbat_final_distance_filter,"[0, 7, 95, 94, 37, 84, 33, 46, 59, 96]",[],"{""accepted_indices"": [0, 1, 2, 3, 4, 5, 6, 7, 8, 9, 1, 2, 3, 4, 5, 6, 7, 8, 9], ""eps2"": 6, ""distance_median"": 0.9547217211075772}"
438,rflbat,rflbat_first_distance_filter,"[3, 0, 12, 94, 37, 74, 60, 36, 34, 25, 0, 12, 94, 37, 74, 60, 36, 34, 25]",[],"{""accepted_indices"": [0, 1, 2, 3, 4, 5, 6, 7, 8, 9, 1, 2, 3, 4, 5, 6, 7, 8, 9], ""eps1"": 10, ""distance_median"": 0.34164507718156656}"
438,rflbat,rflbat_cluster_filter,"[3, 0, 12, 94, 37, 74, 60, 36, 34, 25, 0, 12, 94, 37, 74, 60, 36, 34, 25]",[],"{""accepted_indices"": [0, 1, 2, 3, 4, 5, 6, 7, 8, 9, 1, 2, 3, 4, 5, 6, 7, 8, 9], ""num_clusters"": 1, ""cluster_scores"": [0.10533434342581662]}"
438,rflbat,rflbat_final_distance_filter,"[3, 0, 12, 94, 37, 74, 60, 36, 34, 25]",[],"{""accepted_indices"": [0, 1, 2, 3, 4, 5, 6, 7, 8, 9, 1, 2, 3, 4, 5, 6, 7, 8, 9], ""eps2"": 6, ""distance_median"": 0.6723153449171138}"
439,rflbat,rflbat_first_distance_filter,"[3, 81, 20, 46, 17, 57, 43, 28, 88, 29, 81, 20, 46, 17, 57, 43, 28, 88, 29]",[],"{""accepted_indices"": [0, 1, 2, 3, 4, 5, 6, 7, 8, 9, 1, 2, 3, 4, 5, 6, 7, 8, 9], ""eps1"": 10, ""distance_median"": 0.3645577553074796}"
439,rflbat,rflbat_cluster_filter,"[3, 81, 20, 46, 17, 57, 43, 28, 88, 29, 81, 20, 46, 17, 57, 43, 28, 88, 29]",[],"{""accepted_indices"": [0, 1, 2, 3, 4, 5, 6, 7, 8, 9, 1, 2, 3, 4, 5, 6, 7, 8, 9], ""num_clusters"": 1, ""cluster_scores"": [0.11183990188065525]}"
439,rflbat,rflbat_final_distance_filter,"[3, 81, 20, 46, 17, 57, 43, 28, 88, 29]",[],"{""accepted_indices"": [0, 1, 2, 3, 4, 5, 6, 7, 8, 9, 1, 2, 3, 4, 5, 6, 7, 8, 9], ""eps2"": 6, ""distance_median"": 0.7021521288333583}"
440,rflbat,rflbat_first_distance_filter,"[2, 13, 23, 93, 97, 71, 89, 58, 10, 44, 13, 23, 93, 97, 71, 89, 58, 10, 44]",[],"{""accepted_indices"": [0, 1, 2, 3, 4, 5, 6, 7, 8, 9, 1, 2, 3, 4, 5, 6, 7, 8, 9], ""eps1"": 10, ""distance_median"": 0.4977293913446002}"
440,rflbat,rflbat_cluster_filter,"[2, 13, 23, 93, 97, 71, 89, 58, 10, 44, 13, 23, 93, 97, 71, 89, 58, 10, 44]",[],"{""accepted_indices"": [0, 1, 2, 3, 4, 5, 6, 7, 8, 9, 1, 2, 3, 4, 5, 6, 7, 8, 9], ""num_clusters"": 1, ""cluster_scores"": [0.10970562864024397]}"
440,rflbat,rflbat_final_distance_filter,"[2, 13, 23, 93, 97, 71, 89, 58, 10, 44]",[],"{""accepted_indices"": [0, 1, 2, 3, 4, 5, 6, 7, 8, 9, 1, 2, 3, 4, 5, 6, 7, 8, 9], ""eps2"": 6, ""distance_median"": 0.9939739820560762}"
441,rflbat,rflbat_first_distance_filter,"[2, 15, 89, 72, 33, 58, 88, 67, 41, 29, 15, 89, 72, 33, 58, 88, 67, 41, 29]",[],"{""accepted_indices"": [0, 1, 2, 3, 4, 5, 6, 7, 8, 9, 1, 2, 3, 4, 5, 6, 7, 8, 9], ""eps1"": 10, ""distance_median"": 0.48102608450856466}"
441,rflbat,rflbat_cluster_filter,"[2, 15, 89, 72, 33, 58, 88, 67, 41, 29, 15, 89, 72, 33, 58, 88, 67, 41, 29]",[],"{""accepted_indices"": [0, 1, 2, 3, 4, 5, 6, 7, 8, 9, 1, 2, 3, 4, 5, 6, 7, 8, 9], ""num_clusters"": 1, ""cluster_scores"": [0.10388001070162863]}"
441,rflbat,rflbat_final_distance_filter,"[2, 15, 89, 72, 33, 58, 88, 67, 41, 29]",[],"{""accepted_indices"": [0, 1, 2, 3, 4, 5, 6, 7, 8, 9, 1, 2, 3, 4, 5, 6, 7, 8, 9], ""eps2"": 6, ""distance_median"": 0.9599220288810383}"
442,rflbat,rflbat_first_distance_filter,"[4, 39, 99, 96, 73, 55, 68, 32, 15, 18, 39, 99, 96, 73, 55, 68, 32, 15, 18]",[],"{""accepted_indices"": [0, 1, 2, 3, 4, 5, 6, 7, 8, 9, 1, 2, 3, 4, 5, 6, 7, 8, 9], ""eps1"": 10, ""distance_median"": 0.5220880912465862}"
442,rflbat,rflbat_cluster_filter,"[4, 39, 99, 96, 73, 55, 68, 32, 15, 18, 39, 99, 96, 73, 55, 68, 32, 15, 18]",[],"{""accepted_indices"": [0, 1, 2, 3, 4, 5, 6, 7, 8, 9, 1, 2, 3, 4, 5, 6, 7, 8, 9], ""num_clusters"": 1, ""cluster_scores"": [0.10653786715067384]}"
442,rflbat,rflbat_final_distance_filter,"[4, 39, 99, 96, 73, 55, 68, 32, 15, 18]",[],"{""accepted_indices"": [0, 1, 2, 3, 4, 5, 6, 7, 8, 9, 1, 2, 3, 4, 5, 6, 7, 8, 9], ""eps2"": 6, ""distance_median"": 1.036856672742395}"
443,rflbat,rflbat_first_distance_filter,"[0, 95, 53, 49, 75, 76, 17, 65, 40, 25, 95, 53, 49, 75, 76, 17, 65, 40, 25]",[],"{""accepted_indices"": [0, 1, 2, 3, 4, 5, 6, 7, 8, 9, 1, 2, 3, 4, 5, 6, 7, 8, 9], ""eps1"": 10, ""distance_median"": 0.3902361309372234}"
443,rflbat,rflbat_cluster_filter,"[0, 95, 53, 49, 75, 76, 17, 65, 40, 25, 95, 53, 49, 75, 76, 17, 65, 40, 25]",[],"{""accepted_indices"": [0, 1, 2, 3, 4, 5, 6, 7, 8, 9, 1, 2, 3, 4, 5, 6, 7, 8, 9], ""num_clusters"": 1, ""cluster_scores"": [0.12877093241269605]}"
443,rflbat,rflbat_final_distance_filter,"[0, 95, 53, 49, 75, 76, 17, 65, 40, 25]",[],"{""accepted_indices"": [0, 1, 2, 3, 4, 5, 6, 7, 8, 9, 1, 2, 3, 4, 5, 6, 7, 8, 9], ""eps2"": 6, ""distance_median"": 0.7833891966594894}"
444,rflbat,rflbat_first_distance_filter,"[4, 58, 87, 34, 9, 43, 96, 93, 39, 74, 58, 87, 34, 9, 43, 96, 93, 39, 74]",[],"{""accepted_indices"": [0, 1, 2, 3, 4, 5, 6, 7, 8, 9, 1, 2, 3, 4, 5, 6, 7, 8, 9], ""eps1"": 10, ""distance_median"": 0.36159577472817683}"
444,rflbat,rflbat_cluster_filter,"[4, 58, 87, 34, 9, 43, 96, 93, 39, 74, 58, 87, 34, 9, 43, 96, 93, 39, 74]",[],"{""accepted_indices"": [0, 1, 2, 3, 4, 5, 6, 7, 8, 9, 1, 2, 3, 4, 5, 6, 7, 8, 9], ""num_clusters"": 1, ""cluster_scores"": [0.10887434133176549]}"
444,rflbat,rflbat_final_distance_filter,"[4, 58, 87, 34, 9, 43, 96, 93, 39, 74]",[],"{""accepted_indices"": [0, 1, 2, 3, 4, 5, 6, 7, 8, 9, 1, 2, 3, 4, 5, 6, 7, 8, 9], ""eps2"": 6, ""distance_median"": 0.7160754718203954}"
445,rflbat,rflbat_first_distance_filter,"[2, 79, 63, 64, 55, 77, 12, 71, 69, 40, 79, 63, 64, 55, 77, 12, 71, 69, 40]",[],"{""accepted_indices"": [0, 1, 2, 3, 4, 5, 6, 7, 8, 9, 1, 2, 3, 4, 5, 6, 7, 8, 9], ""eps1"": 10, ""distance_median"": 0.5722069749079535}"
445,rflbat,rflbat_cluster_filter,"[2, 79, 63, 64, 55, 77, 12, 69, 40, 79, 63, 64, 55, 77, 12, 69, 40]",[71],"{""accepted_indices"": [0, 1, 2, 3, 4, 5, 6, 8, 9, 1, 2, 3, 4, 5, 6, 8, 9], ""num_clusters"": 2, ""cluster_scores"": [0.12248966921828544, 1.0000000000012033]}"
445,rflbat,rflbat_final_distance_filter,"[2, 79, 63, 64, 55, 77, 12, 69, 40]",[71],"{""accepted_indices"": [0, 1, 2, 3, 4, 5, 6, 8, 9, 1, 2, 3, 4, 5, 6, 8, 9], ""eps2"": 6, ""distance_median"": 0.5355525836428624}"
446,rflbat,rflbat_first_distance_filter,"[4, 29, 41, 77, 58, 99, 31, 39, 73, 30, 29, 41, 77, 58, 99, 31, 39, 73, 30]",[],"{""accepted_indices"": [0, 1, 2, 3, 4, 5, 6, 7, 8, 9, 1, 2, 3, 4, 5, 6, 7, 8, 9], ""eps1"": 10, ""distance_median"": 0.30975921794881495}"
446,rflbat,rflbat_cluster_filter,"[4, 29, 41, 77, 58, 99, 31, 39, 73, 30, 29, 41, 77, 58, 99, 31, 39, 73, 30]",[],"{""accepted_indices"": [0, 1, 2, 3, 4, 5, 6, 7, 8, 9, 1, 2, 3, 4, 5, 6, 7, 8, 9], ""num_clusters"": 1, ""cluster_scores"": [0.0931851039926821]}"
446,rflbat,rflbat_final_distance_filter,"[4, 29, 41, 77, 58, 99, 31, 39, 73, 30]",[],"{""accepted_indices"": [0, 1, 2, 3, 4, 5, 6, 7, 8, 9, 1, 2, 3, 4, 5, 6, 7, 8, 9], ""eps2"": 6, ""distance_median"": 0.6170244384492589}"
447,rflbat,rflbat_first_distance_filter,"[3, 14, 19, 38, 73, 13, 80, 63, 2, 1, 14, 19, 38, 73, 13, 80, 63, 2, 1]",[],"{""accepted_indices"": [0, 1, 2, 3, 4, 5, 6, 7, 8, 9, 1, 2, 3, 4, 5, 6, 7, 8, 9], ""eps1"": 10, ""distance_median"": 0.34634226856080386}"
447,rflbat,rflbat_cluster_filter,"[3, 14, 19, 38, 73, 13, 80, 63, 2, 1, 14, 19, 38, 73, 13, 80, 63, 2, 1]",[],"{""accepted_indices"": [0, 1, 2, 3, 4, 5, 6, 7, 8, 9, 1, 2, 3, 4, 5, 6, 7, 8, 9], ""num_clusters"": 1, ""cluster_scores"": [0.10067935698860649]}"
447,rflbat,rflbat_final_distance_filter,"[3, 14, 19, 38, 73, 13, 80, 63, 2, 1]",[],"{""accepted_indices"": [0, 1, 2, 3, 4, 5, 6, 7, 8, 9, 1, 2, 3, 4, 5, 6, 7, 8, 9], ""eps2"": 6, ""distance_median"": 0.6919716404834971}"
448,rflbat,rflbat_first_distance_filter,"[4, 66, 33, 54, 38, 8, 23, 79, 78, 18, 66, 33, 54, 38, 8, 23, 79, 78, 18]",[],"{""accepted_indices"": [0, 1, 2, 3, 4, 5, 6, 7, 8, 9, 1, 2, 3, 4, 5, 6, 7, 8, 9], ""eps1"": 10, ""distance_median"": 0.5307755174844531}"
448,rflbat,rflbat_cluster_filter,"[4, 66, 33, 54, 38, 8, 23, 79, 78, 18, 66, 33, 54, 38, 8, 23, 79, 78, 18]",[],"{""accepted_indices"": [0, 1, 2, 3, 4, 5, 6, 7, 8, 9, 1, 2, 3, 4, 5, 6, 7, 8, 9], ""num_clusters"": 1, ""cluster_scores"": [0.10923014347337119]}"
448,rflbat,rflbat_final_distance_filter,"[4, 66, 33, 54, 38, 8, 23, 79, 78, 18]",[],"{""accepted_indices"": [0, 1, 2, 3, 4, 5, 6, 7, 8, 9, 1, 2, 3, 4, 5, 6, 7, 8, 9], ""eps2"": 6, ""distance_median"": 1.0599546646793003}"
449,rflbat,rflbat_first_distance_filter,"[3, 69, 6, 97, 61, 49, 95, 31, 20, 11, 69, 6, 97, 61, 49, 95, 31, 20, 11]",[],"{""accepted_indices"": [0, 1, 2, 3, 4, 5, 6, 7, 8, 9, 1, 2, 3, 4, 5, 6, 7, 8, 9], ""eps1"": 10, ""distance_median"": 0.3408314435380055}"
449,rflbat,rflbat_cluster_filter,"[3, 69, 6, 97, 61, 49, 95, 31, 20, 11, 69, 6, 97, 61, 49, 95, 31, 20, 11]",[],"{""accepted_indices"": [0, 1, 2, 3, 4, 5, 6, 7, 8, 9, 1, 2, 3, 4, 5, 6, 7, 8, 9], ""num_clusters"": 1, ""cluster_scores"": [0.10682500122413596]}"
449,rflbat,rflbat_final_distance_filter,"[3, 69, 6, 97, 61, 49, 95, 31, 20, 11]",[],"{""accepted_indices"": [0, 1, 2, 3, 4, 5, 6, 7, 8, 9, 1, 2, 3, 4, 5, 6, 7, 8, 9], ""eps2"": 6, ""distance_median"": 0.6696325094477981}"
450,rflbat,rflbat_first_distance_filter,"[1, 42, 88, 89, 82, 44, 65, 98, 19, 8, 42, 88, 89, 82, 44, 65, 98, 19, 8]",[],"{""accepted_indices"": [0, 1, 2, 3, 4, 5, 6, 7, 8, 9, 1, 2, 3, 4, 5, 6, 7, 8, 9], ""eps1"": 10, ""distance_median"": 0.38294712431462297}"
450,rflbat,rflbat_cluster_filter,"[1, 42, 88, 89, 82, 44, 65, 98, 19, 8, 42, 88, 89, 82, 44, 65, 98, 19, 8]",[],"{""accepted_indices"": [0, 1, 2, 3, 4, 5, 6, 7, 8, 9, 1, 2, 3, 4, 5, 6, 7, 8, 9], ""num_clusters"": 1, ""cluster_scores"": [0.10354794939270877]}"
450,rflbat,rflbat_final_distance_filter,"[1, 42, 88, 89, 82, 44, 65, 98, 19, 8]",[],"{""accepted_indices"": [0, 1, 2, 3, 4, 5, 6, 7, 8, 9, 1, 2, 3, 4, 5, 6, 7, 8, 9], ""eps2"": 6, ""distance_median"": 0.7595382954799673}"
451,rflbat,rflbat_first_distance_filter,"[0, 95, 87, 59, 51, 41, 84, 68, 54, 73, 95, 87, 59, 51, 41, 84, 68, 54, 73]",[],"{""accepted_indices"": [0, 1, 2, 3, 4, 5, 6, 7, 8, 9, 1, 2, 3, 4, 5, 6, 7, 8, 9], ""eps1"": 10, ""distance_median"": 0.4315361361497514}"
451,rflbat,rflbat_cluster_filter,"[0, 95, 87, 59, 51, 41, 84, 54, 73, 95, 87, 59, 51, 41, 84, 54, 73]",[68],"{""accepted_indices"": [0, 1, 2, 3, 4, 5, 6, 8, 9, 1, 2, 3, 4, 5, 6, 8, 9], ""num_clusters"": 2, ""cluster_scores"": [0.1170997106972031, 1.0000000000019846]}"
451,rflbat,rflbat_final_distance_filter,"[0, 95, 87, 59, 51, 41, 84, 54, 73]",[68],"{""accepted_indices"": [0, 1, 2, 3, 4, 5, 6, 8, 9, 1, 2, 3, 4, 5, 6, 8, 9], ""eps2"": 6, ""distance_median"": 0.4088943035903929}"
452,rflbat,rflbat_first_distance_filter,"[3, 30, 34, 79, 14, 78, 91, 13, 99, 39, 30, 34, 79, 14, 78, 91, 13, 99, 39]",[],"{""accepted_indices"": [0, 1, 2, 3, 4, 5, 6, 7, 8, 9, 1, 2, 3, 4, 5, 6, 7, 8, 9], ""eps1"": 10, ""distance_median"": 0.4352137546069788}"
452,rflbat,rflbat_cluster_filter,"[3, 30, 34, 79, 14, 78, 91, 13, 99, 39, 30, 34, 79, 14, 78, 91, 13, 99, 39]",[],"{""accepted_indices"": [0, 1, 2, 3, 4, 5, 6, 7, 8, 9, 1, 2, 3, 4, 5, 6, 7, 8, 9], ""num_clusters"": 1, ""cluster_scores"": [0.1056290376821412]}"
452,rflbat,rflbat_final_distance_filter,"[3, 30, 34, 79, 14, 78, 91, 13, 99, 39]",[],"{""accepted_indices"": [0, 1, 2, 3, 4, 5, 6, 7, 8, 9, 1, 2, 3, 4, 5, 6, 7, 8, 9], ""eps2"": 6, ""distance_median"": 0.8464968998112856}"
453,rflbat,rflbat_first_distance_filter,"[3, 64, 2, 52, 47, 65, 34, 38, 98, 9, 64, 2, 52, 47, 65, 34, 38, 98, 9]",[],"{""accepted_indices"": [0, 1, 2, 3, 4, 5, 6, 7, 8, 9, 1, 2, 3, 4, 5, 6, 7, 8, 9], ""eps1"": 10, ""distance_median"": 0.31720862080253787}"
453,rflbat,rflbat_cluster_filter,"[3, 64, 2, 52, 47, 65, 34, 38, 98, 9, 64, 2, 52, 47, 65, 34, 38, 98, 9]",[],"{""accepted_indices"": [0, 1, 2, 3, 4, 5, 6, 7, 8, 9, 1, 2, 3, 4, 5, 6, 7, 8, 9], ""num_clusters"": 1, ""cluster_scores"": [0.11464655525832863]}"
453,rflbat,rflbat_final_distance_filter,"[3, 64, 2, 52, 47, 65, 34, 38, 98, 9]",[],"{""accepted_indices"": [0, 1, 2, 3, 4, 5, 6, 7, 8, 9, 1, 2, 3, 4, 5, 6, 7, 8, 9], ""eps2"": 6, ""distance_median"": 0.6342824242486456}"
454,rflbat,rflbat_first_distance_filter,"[3, 83, 9, 75, 41, 62, 36, 61, 70, 22, 83, 9, 75, 41, 62, 36, 61, 70, 22]",[],"{""accepted_indices"": [0, 1, 2, 3, 4, 5, 6, 7, 8, 9, 1, 2, 3, 4, 5, 6, 7, 8, 9], ""eps1"": 10, ""distance_median"": 0.3445111671030255}"
454,rflbat,rflbat_cluster_filter,"[3, 83, 9, 75, 41, 62, 36, 61, 70, 22, 83, 9, 75, 41, 62, 36, 61, 70, 22]",[],"{""accepted_indices"": [0, 1, 2, 3, 4, 5, 6, 7, 8, 9, 1, 2, 3, 4, 5, 6, 7, 8, 9], ""num_clusters"": 1, ""cluster_scores"": [0.109155073866008]}"
454,rflbat,rflbat_final_distance_filter,"[3, 83, 9, 75, 41, 62, 36, 61, 70, 22]",[],"{""accepted_indices"": [0, 1, 2, 3, 4, 5, 6, 7, 8, 9, 1, 2, 3, 4, 5, 6, 7, 8, 9], ""eps2"": 6, ""distance_median"": 0.6852428098952891}"
455,rflbat,rflbat_first_distance_filter,"[1, 15, 60, 14, 10, 80, 84, 88, 38, 45, 15, 60, 14, 10, 80, 84, 88, 38, 45]",[],"{""accepted_indices"": [0, 1, 2, 3, 4, 5, 6, 7, 8, 9, 1, 2, 3, 4, 5, 6, 7, 8, 9], ""eps1"": 10, ""distance_median"": 0.29183589869292714}"
455,rflbat,rflbat_cluster_filter,"[1, 15, 60, 14, 10, 80, 84, 88, 38, 45, 15, 60, 14, 10, 80, 84, 88, 38, 45]",[],"{""accepted_indices"": [0, 1, 2, 3, 4, 5, 6, 7, 8, 9, 1, 2, 3, 4, 5, 6, 7, 8, 9], ""num_clusters"": 1, ""cluster_scores"": [0.10006341657945635]}"
455,rflbat,rflbat_final_distance_filter,"[1, 15, 60, 14, 10, 80, 84, 88, 38, 45]",[],"{""accepted_indices"": [0, 1, 2, 3, 4, 5, 6, 7, 8, 9, 1, 2, 3, 4, 5, 6, 7, 8, 9], ""eps2"": 6, ""distance_median"": 0.46377287824661906}"
456,rflbat,rflbat_first_distance_filter,"[3, 86, 75, 42, 6, 44, 11, 57, 22, 58, 86, 75, 42, 6, 44, 11, 57, 22, 58]",[],"{""accepted_indices"": [0, 1, 2, 3, 4, 5, 6, 7, 8, 9, 1, 2, 3, 4, 5, 6, 7, 8, 9], ""eps1"": 10, ""distance_median"": 0.38785474685294963}"
456,rflbat,rflbat_cluster_filter,"[3, 86, 75, 42, 6, 44, 11, 57, 22, 86, 75, 42, 6, 44, 11, 57, 22]",[58],"{""accepted_indices"": [0, 1, 2, 3, 4, 5, 6, 7, 8, 1, 2, 3, 4, 5, 6, 7, 8], ""num_clusters"": 2, ""cluster_scores"": [0.11048445839015611, 1.0000000000016154]}"
456,rflbat,rflbat_final_distance_filter,"[3, 86, 75, 42, 6, 44, 11, 57, 22]",[58],"{""accepted_indices"": [0, 1, 2, 3, 4, 5, 6, 7, 8, 1, 2, 3, 4, 5, 6, 7, 8], ""eps2"": 6, ""distance_median"": 0.5480841765487209}"
457,rflbat,rflbat_first_distance_filter,"[4, 6, 96, 90, 95, 9, 85, 58, 28, 5, 6, 96, 90, 95, 9, 85, 58, 28, 5]",[],"{""accepted_indices"": [0, 1, 2, 3, 4, 5, 6, 7, 8, 9, 1, 2, 3, 4, 5, 6, 7, 8, 9], ""eps1"": 10, ""distance_median"": 0.3902699678412483}"
457,rflbat,rflbat_cluster_filter,"[4, 6, 96, 90, 95, 9, 85, 58, 28, 5, 6, 96, 90, 95, 9, 85, 58, 28, 5]",[],"{""accepted_indices"": [0, 1, 2, 3, 4, 5, 6, 7, 8, 9, 1, 2, 3, 4, 5, 6, 7, 8, 9], ""num_clusters"": 1, ""cluster_scores"": [0.11695358267143614]}"
457,rflbat,rflbat_final_distance_filter,"[4, 6, 96, 90, 95, 9, 85, 58, 28, 5]",[],"{""accepted_indices"": [0, 1, 2, 3, 4, 5, 6, 7, 8, 9, 1, 2, 3, 4, 5, 6, 7, 8, 9], ""eps2"": 6, ""distance_median"": 0.7752950477442265}"
458,rflbat,rflbat_first_distance_filter,"[2, 69, 50, 7, 33, 6, 63, 90, 70, 92, 69, 50, 7, 33, 6, 63, 90, 70, 92]",[],"{""accepted_indices"": [0, 1, 2, 3, 4, 5, 6, 7, 8, 9, 1, 2, 3, 4, 5, 6, 7, 8, 9], ""eps1"": 10, ""distance_median"": 0.42375521398523536}"
458,rflbat,rflbat_cluster_filter,"[2, 69, 7, 63, 90, 69, 7, 63, 90]","[50, 33, 6, 70, 92]","{""accepted_indices"": [0, 1, 3, 6, 7, 1, 3, 6, 7], ""num_clusters"": 5, ""cluster_scores"": [1.0000000000013607, 0.49747404500949155, 1.0000000000014473, 0.21380367329954714, 1.0000000000015978]}"
458,rflbat,rflbat_final_distance_filter,"[2, 69, 7, 63, 90]","[50, 33, 6, 70, 92]","{""accepted_indices"": [0, 1, 3, 6, 7, 1, 3, 6, 7], ""eps2"": 6, ""distance_median"": 0.028511005440466954}"
459,rflbat,rflbat_first_distance_filter,"[1, 9, 34, 64, 98, 51, 28, 7, 89, 99, 9, 34, 64, 98, 51, 28, 7, 89, 99]",[],"{""accepted_indices"": [0, 1, 2, 3, 4, 5, 6, 7, 8, 9, 1, 2, 3, 4, 5, 6, 7, 8, 9], ""eps1"": 10, ""distance_median"": 0.40204791602638473}"
459,rflbat,rflbat_cluster_filter,"[1, 9, 34, 64, 98, 28, 7, 89, 99, 9, 34, 64, 98, 28, 7, 89, 99]",[51],"{""accepted_indices"": [0, 1, 2, 3, 4, 6, 7, 8, 9, 1, 2, 3, 4, 6, 7, 8, 9], ""num_clusters"": 2, ""cluster_scores"": [1.0000000000012408, 0.11977315253934057]}"
459,rflbat,rflbat_final_distance_filter,"[9, 34, 64, 98, 28, 7, 89, 99]","[1, 51]","{""accepted_indices"": [1, 2, 3, 4, 6, 7, 8, 9, 1, 2, 3, 4, 6, 7, 8, 9], ""eps2"": 6, ""distance_median"": 0.3660002100591229}"
460,rflbat,rflbat_first_distance_filter,"[4, 75, 11, 62, 88, 69, 41, 83, 42, 76, 75, 11, 62, 88, 69, 41, 83, 42, 76]",[],"{""accepted_indices"": [0, 1, 2, 3, 4, 5, 6, 7, 8, 9, 1, 2, 3, 4, 5, 6, 7, 8, 9], ""eps1"": 10, ""distance_median"": 0.37561482898409226}"
460,rflbat,rflbat_cluster_filter,"[4, 75, 11, 62, 88, 69, 41, 83, 42, 76, 75, 11, 62, 88, 69, 41, 83, 42, 76]",[],"{""accepted_indices"": [0, 1, 2, 3, 4, 5, 6, 7, 8, 9, 1, 2, 3, 4, 5, 6, 7, 8, 9], ""num_clusters"": 1, ""cluster_scores"": [0.10966659892183024]}"
460,rflbat,rflbat_final_distance_filter,"[4, 75, 11, 62, 88, 69, 41, 83, 42, 76]",[],"{""accepted_indices"": [0, 1, 2, 3, 4, 5, 6, 7, 8, 9, 1, 2, 3, 4, 5, 6, 7, 8, 9], ""eps2"": 6, ""distance_median"": 0.7539433015853264}"
461,rflbat,rflbat_first_distance_filter,"[4, 96, 83, 52, 32, 38, 40, 70, 84, 19, 96, 83, 52, 32, 38, 40, 70, 84, 19]",[],"{""accepted_indices"": [0, 1, 2, 3, 4, 5, 6, 7, 8, 9, 1, 2, 3, 4, 5, 6, 7, 8, 9], ""eps1"": 10, ""distance_median"": 0.39727269110216135}"
461,rflbat,rflbat_cluster_filter,"[4, 83, 52, 32, 38, 40, 70, 84, 19, 83, 52, 32, 38, 40, 70, 84, 19]",[96],"{""accepted_indices"": [0, 2, 3, 4, 5, 6, 7, 8, 9, 2, 3, 4, 5, 6, 7, 8, 9], ""num_clusters"": 2, ""cluster_scores"": [1.0000000000012306, 0.11932253200085828]}"
461,rflbat,rflbat_final_distance_filter,"[4, 83, 52, 32, 38, 40, 70, 84, 19]",[96],"{""accepted_indices"": [0, 2, 3, 4, 5, 6, 7, 8, 9, 2, 3, 4, 5, 6, 7, 8, 9], ""eps2"": 6, ""distance_median"": 0.5033653100675677}"
462,rflbat,rflbat_first_distance_filter,"[1, 72, 63, 52, 32, 17, 36, 60, 48, 51, 72, 63, 52, 32, 17, 36, 60, 48, 51]",[],"{""accepted_indices"": [0, 1, 2, 3, 4, 5, 6, 7, 8, 9, 1, 2, 3, 4, 5, 6, 7, 8, 9], ""eps1"": 10, ""distance_median"": 0.39527711088903517}"
462,rflbat,rflbat_cluster_filter,"[1, 72, 63, 52, 32, 17, 36, 60, 48, 72, 63, 52, 32, 17, 36, 60, 48]",[51],"{""accepted_indices"": [0, 1, 2, 3, 4, 5, 6, 7, 8, 1, 2, 3, 4, 5, 6, 7, 8], ""num_clusters"": 2, ""cluster_scores"": [1.0000000000014293, 0.11541500110526984]}"
462,rflbat,rflbat_final_distance_filter,"[72, 63, 52, 32, 17, 36, 60, 48]","[1, 51]","{""accepted_indices"": [1, 2, 3, 4, 5, 6, 7, 8, 1, 2, 3, 4, 5, 6, 7, 8], ""eps2"": 6, ""distance_median"": 0.4146135042325809}"
463,rflbat,rflbat_first_distance_filter,"[0, 15, 88, 35, 82, 93, 32, 62, 99, 33, 15, 88, 35, 82, 93, 32, 62, 99, 33]",[],"{""accepted_indices"": [0, 1, 2, 3, 4, 5, 6, 7, 8, 9, 1, 2, 3, 4, 5, 6, 7, 8, 9], ""eps1"": 10, ""distance_median"": 0.6025017307123918}"
463,rflbat,rflbat_cluster_filter,"[0, 15, 88, 35, 82, 93, 32, 62, 99, 33, 15, 88, 35, 82, 93, 32, 62, 99, 33]",[],"{""accepted_indices"": [0, 1, 2, 3, 4, 5, 6, 7, 8, 9, 1, 2, 3, 4, 5, 6, 7, 8, 9], ""num_clusters"": 1, ""cluster_scores"": [0.10052667382609512]}"
463,rflbat,rflbat_final_distance_filter,"[0, 15, 88, 35, 82, 93, 32, 62, 99, 33]",[],"{""accepted_indices"": [0, 1, 2, 3, 4, 5, 6, 7, 8, 9, 1, 2, 3, 4, 5, 6, 7, 8, 9], ""eps2"": 6, ""distance_median"": 1.2014918593349035}"
464,rflbat,rflbat_first_distance_filter,"[1, 82, 11, 15, 60, 98, 42, 93, 92, 22, 82, 11, 15, 60, 98, 42, 93, 92, 22]",[],"{""accepted_indices"": [0, 1, 2, 3, 4, 5, 6, 7, 8, 9, 1, 2, 3, 4, 5, 6, 7, 8, 9], ""eps1"": 10, ""distance_median"": 0.3135228582993197}"
464,rflbat,rflbat_cluster_filter,"[1, 82, 11, 15, 60, 98, 42, 93, 92, 22, 82, 11, 15, 60, 98, 42, 93, 92, 22]",[],"{""accepted_indices"": [0, 1, 2, 3, 4, 5, 6, 7, 8, 9, 1, 2, 3, 4, 5, 6, 7, 8, 9], ""num_clusters"": 1, ""cluster_scores"": [0.10998384989003164]}"
464,rflbat,rflbat_final_distance_filter,"[1, 82, 11, 15, 60, 98, 42, 93, 92, 22]",[],"{""accepted_indices"": [0, 1, 2, 3, 4, 5, 6, 7, 8, 9, 1, 2, 3, 4, 5, 6, 7, 8, 9], ""eps2"": 6, ""distance_median"": 0.4887321826471138}"
465,rflbat,rflbat_first_distance_filter,"[0, 10, 85, 75, 77, 55, 72, 68, 58, 52, 10, 85, 75, 77, 55, 72, 68, 58, 52]",[],"{""accepted_indices"": [0, 1, 2, 3, 4, 5, 6, 7, 8, 9, 1, 2, 3, 4, 5, 6, 7, 8, 9], ""eps1"": 10, ""distance_median"": 0.4257586882680232}"
465,rflbat,rflbat_cluster_filter,"[0, 10, 85, 75, 77, 55, 72, 68, 58, 52, 10, 85, 75, 77, 55, 72, 68, 58, 52]",[],"{""accepted_indices"": [0, 1, 2, 3, 4, 5, 6, 7, 8, 9, 1, 2, 3, 4, 5, 6, 7, 8, 9], ""num_clusters"": 1, ""cluster_scores"": [0.11717488269973665]}"
465,rflbat,rflbat_final_distance_filter,"[0, 10, 85, 75, 77, 55, 72, 68, 58, 52]",[],"{""accepted_indices"": [0, 1, 2, 3, 4, 5, 6, 7, 8, 9, 1, 2, 3, 4, 5, 6, 7, 8, 9], ""eps2"": 6, ""distance_median"": 0.8618799117571909}"
466,rflbat,rflbat_first_distance_filter,"[0, 92, 32, 41, 67, 47, 21, 91, 33, 98, 92, 32, 41, 67, 47, 21, 91, 33, 98]",[],"{""accepted_indices"": [0, 1, 2, 3, 4, 5, 6, 7, 8, 9, 1, 2, 3, 4, 5, 6, 7, 8, 9], ""eps1"": 10, ""distance_median"": 0.449021912103157}"
466,rflbat,rflbat_cluster_filter,"[0, 92, 32, 41, 67, 47, 21, 91, 33, 98, 92, 32, 41, 67, 47, 21, 91, 33, 98]",[],"{""accepted_indices"": [0, 1, 2, 3, 4, 5, 6, 7, 8, 9, 1, 2, 3, 4, 5, 6, 7, 8, 9], ""num_clusters"": 1, ""cluster_scores"": [0.09802778687290846]}"
466,rflbat,rflbat_final_distance_filter,"[0, 92, 32, 41, 67, 47, 21, 91, 33, 98]",[],"{""accepted_indices"": [0, 1, 2, 3, 4, 5, 6, 7, 8, 9, 1, 2, 3, 4, 5, 6, 7, 8, 9], ""eps2"": 6, ""distance_median"": 0.8932970391374858}"
467,rflbat,rflbat_first_distance_filter,"[4, 5, 99, 85, 35, 64, 62, 67, 83, 79, 5, 99, 85, 35, 64, 62, 67, 83, 79]",[],"{""accepted_indices"": [0, 1, 2, 3, 4, 5, 6, 7, 8, 9, 1, 2, 3, 4, 5, 6, 7, 8, 9], ""eps1"": 10, ""distance_median"": 0.44310666545061705}"
467,rflbat,rflbat_cluster_filter,"[4, 5, 99, 85, 64, 62, 67, 83, 79, 5, 99, 85, 64, 62, 67, 83, 79]",[35],"{""accepted_indices"": [0, 1, 2, 3, 5, 6, 7, 8, 9, 1, 2, 3, 5, 6, 7, 8, 9], ""num_clusters"": 2, ""cluster_scores"": [0.11197953465344601, 1.0000000000027307]}"
467,rflbat,rflbat_final_distance_filter,"[4, 5, 99, 85, 64, 62, 67, 83, 79]",[35],"{""accepted_indices"": [0, 1, 2, 3, 5, 6, 7, 8, 9, 1, 2, 3, 5, 6, 7, 8, 9], ""eps2"": 6, ""distance_median"": 0.48496587476956393}"
468,rflbat,rflbat_first_distance_filter,"[1, 12, 8, 55, 74, 97, 3, 18, 96, 76, 12, 8, 55, 74, 97, 3, 18, 96, 76]",[],"{""accepted_indices"": [0, 1, 2, 3, 4, 5, 6, 7, 8, 9, 1, 2, 3, 4, 5, 6, 7, 8, 9], ""eps1"": 10, ""distance_median"": 0.5314584443738357}"
468,rflbat,rflbat_cluster_filter,"[1, 12, 8, 55, 74, 97, 3, 18, 96, 76, 12, 8, 55, 74, 97, 3, 18, 96, 76]",[],"{""accepted_indices"": [0, 1, 2, 3, 4, 5, 6, 7, 8, 9, 1, 2, 3, 4, 5, 6, 7, 8, 9], ""num_clusters"": 1, ""cluster_scores"": [0.11132720921660484]}"
468,rflbat,rflbat_final_distance_filter,"[1, 12, 8, 55, 74, 97, 3, 18, 96, 76]",[],"{""accepted_indices"": [0, 1, 2, 3, 4, 5, 6, 7, 8, 9, 1, 2, 3, 4, 5, 6, 7, 8, 9], ""eps2"": 6, ""distance_median"": 1.1048882114422827}"
469,rflbat,rflbat_first_distance_filter,"[3, 61, 68, 2, 31, 92, 21, 38, 28, 37, 61, 68, 2, 31, 92, 21, 38, 28, 37]",[],"{""accepted_indices"": [0, 1, 2, 3, 4, 5, 6, 7, 8, 9, 1, 2, 3, 4, 5, 6, 7, 8, 9], ""eps1"": 10, ""distance_median"": 0.49241984068154}"
469,rflbat,rflbat_cluster_filter,"[3, 61, 68, 2, 31, 92, 21, 38, 28, 37, 61, 68, 2, 31, 92, 21, 38, 28, 37]",[],"{""accepted_indices"": [0, 1, 2, 3, 4, 5, 6, 7, 8, 9, 1, 2, 3, 4, 5, 6, 7, 8, 9], ""num_clusters"": 1, ""cluster_scores"": [0.10370371566179487]}"
469,rflbat,rflbat_final_distance_filter,"[3, 61, 68, 2, 31, 92, 21, 38, 28, 37]",[],"{""accepted_indices"": [0, 1, 2, 3, 4, 5, 6, 7, 8, 9, 1, 2, 3, 4, 5, 6, 7, 8, 9], ""eps2"": 6, ""distance_median"": 1.005261870533747}"
470,rflbat,rflbat_first_distance_filter,"[2, 69, 45, 96, 84, 27, 19, 43, 53, 42, 69, 45, 96, 84, 27, 19, 43, 53, 42]",[],"{""accepted_indices"": [0, 1, 2, 3, 4, 5, 6, 7, 8, 9, 1, 2, 3, 4, 5, 6, 7, 8, 9], ""eps1"": 10, ""distance_median"": 0.35290474716863257}"
470,rflbat,rflbat_cluster_filter,"[2, 69, 45, 96, 84, 19, 43, 53, 42, 69, 45, 96, 84, 19, 43, 53, 42]",[27],"{""accepted_indices"": [0, 1, 2, 3, 4, 6, 7, 8, 9, 1, 2, 3, 4, 6, 7, 8, 9], ""num_clusters"": 2, ""cluster_scores"": [0.12057720065902545, 1.0000000000010651]}"
470,rflbat,rflbat_final_distance_filter,"[2, 69, 45, 96, 84, 19, 43, 53, 42]",[27],"{""accepted_indices"": [0, 1, 2, 3, 4, 6, 7, 8, 9, 1, 2, 3, 4, 6, 7, 8, 9], ""eps2"": 6, ""distance_median"": 0.42113378964092196}"
471,rflbat,rflbat_first_distance_filter,"[4, 77, 25, 9, 7, 92, 6, 82, 74, 56, 77, 25, 9, 7, 92, 6, 82, 74, 56]",[],"{""accepted_indices"": [0, 1, 2, 3, 4, 5, 6, 7, 8, 9, 1, 2, 3, 4, 5, 6, 7, 8, 9], ""eps1"": 10, ""distance_median"": 0.3698946512027762}"
471,rflbat,rflbat_cluster_filter,"[4, 77, 25, 9, 7, 92, 6, 82, 74, 56, 77, 25, 9, 7, 92, 6, 82, 74, 56]",[],"{""accepted_indices"": [0, 1, 2, 3, 4, 5, 6, 7, 8, 9, 1, 2, 3, 4, 5, 6, 7, 8, 9], ""num_clusters"": 1, ""cluster_scores"": [0.10822679022431907]}"
471,rflbat,rflbat_final_distance_filter,"[4, 77, 25, 9, 7, 92, 6, 82, 74, 56]",[],"{""accepted_indices"": [0, 1, 2, 3, 4, 5, 6, 7, 8, 9, 1, 2, 3, 4, 5, 6, 7, 8, 9], ""eps2"": 6, ""distance_median"": 0.7410631789123997}"
472,rflbat,rflbat_first_distance_filter,"[4, 26, 44, 84, 18, 66, 57, 95, 25, 82, 26, 44, 84, 18, 66, 57, 95, 25, 82]",[],"{""accepted_indices"": [0, 1, 2, 3, 4, 5, 6, 7, 8, 9, 1, 2, 3, 4, 5, 6, 7, 8, 9], ""eps1"": 10, ""distance_median"": 0.5282793746758573}"
472,rflbat,rflbat_cluster_filter,"[4, 26, 44, 84, 18, 66, 57, 95, 25, 82, 26, 44, 84, 18, 66, 57, 95, 25, 82]",[],"{""accepted_indices"": [0, 1, 2, 3, 4, 5, 6, 7, 8, 9, 1, 2, 3, 4, 5, 6, 7, 8, 9], ""num_clusters"": 1, ""cluster_scores"": [0.10890211884861986]}"
472,rflbat,rflbat_final_distance_filter,"[4, 26, 44, 84, 18, 66, 57, 95, 25, 82]",[],"{""accepted_indices"": [0, 1, 2, 3, 4, 5, 6, 7, 8, 9, 1, 2, 3, 4, 5, 6, 7, 8, 9], ""eps2"": 6, ""distance_median"": 1.055371248831809}"
473,rflbat,rflbat_first_distance_filter,"[0, 85, 4, 30, 49, 76, 82, 33, 42, 90, 85, 4, 30, 49, 76, 82, 33, 42, 90]",[],"{""accepted_indices"": [0, 1, 2, 3, 4, 5, 6, 7, 8, 9, 1, 2, 3, 4, 5, 6, 7, 8, 9], ""eps1"": 10, ""distance_median"": 0.5039637374238106}"
473,rflbat,rflbat_cluster_filter,"[0, 85, 4, 30, 49, 76, 82, 33, 42, 90, 85, 4, 30, 49, 76, 82, 33, 42, 90]",[],"{""accepted_indices"": [0, 1, 2, 3, 4, 5, 6, 7, 8, 9, 1, 2, 3, 4, 5, 6, 7, 8, 9], ""num_clusters"": 1, ""cluster_scores"": [0.11176004468074652]}"
473,rflbat,rflbat_final_distance_filter,"[0, 85, 4, 30, 49, 76, 82, 33, 42, 90]",[],"{""accepted_indices"": [0, 1, 2, 3, 4, 5, 6, 7, 8, 9, 1, 2, 3, 4, 5, 6, 7, 8, 9], ""eps2"": 6, ""distance_median"": 1.0193815609565653}"
474,rflbat,rflbat_first_distance_filter,"[1, 26, 20, 95, 46, 72, 23, 96, 37, 91, 26, 20, 95, 46, 72, 23, 96, 37, 91]",[],"{""accepted_indices"": [0, 1, 2, 3, 4, 5, 6, 7, 8, 9, 1, 2, 3, 4, 5, 6, 7, 8, 9], ""eps1"": 10, ""distance_median"": 0.5801195308387754}"
474,rflbat,rflbat_cluster_filter,"[1, 26, 20, 95, 46, 72, 23, 96, 37, 91, 26, 20, 95, 46, 72, 23, 96, 37, 91]",[],"{""accepted_indices"": [0, 1, 2, 3, 4, 5, 6, 7, 8, 9, 1, 2, 3, 4, 5, 6, 7, 8, 9], ""num_clusters"": 1, ""cluster_scores"": [0.12608363583959026]}"
474,rflbat,rflbat_final_distance_filter,"[1, 26, 20, 95, 46, 72, 23, 96, 37, 91]",[],"{""accepted_indices"": [0, 1, 2, 3, 4, 5, 6, 7, 8, 9, 1, 2, 3, 4, 5, 6, 7, 8, 9], ""eps2"": 6, ""distance_median"": 1.029954386699888}"
475,rflbat,rflbat_first_distance_filter,"[0, 31, 1, 59, 22, 95, 89, 88, 69, 97, 31, 1, 59, 22, 95, 89, 88, 69, 97]",[],"{""accepted_indices"": [0, 1, 2, 3, 4, 5, 6, 7, 8, 9, 1, 2, 3, 4, 5, 6, 7, 8, 9], ""eps1"": 10, ""distance_median"": 0.317240053319006}"
475,rflbat,rflbat_cluster_filter,"[0, 31, 1, 59, 22, 95, 89, 88, 69, 97, 31, 1, 59, 22, 95, 89, 88, 69, 97]",[],"{""accepted_indices"": [0, 1, 2, 3, 4, 5, 6, 7, 8, 9, 1, 2, 3, 4, 5, 6, 7, 8, 9], ""num_clusters"": 1, ""cluster_scores"": [0.12823760101083148]}"
475,rflbat,rflbat_final_distance_filter,"[0, 31, 1, 59, 22, 95, 89, 88, 69, 97]",[],"{""accepted_indices"": [0, 1, 2, 3, 4, 5, 6, 7, 8, 9, 1, 2, 3, 4, 5, 6, 7, 8, 9], ""eps2"": 6, ""distance_median"": 0.6355350958487209}"
476,rflbat,rflbat_first_distance_filter,"[4, 73, 11, 63, 24, 25, 54, 35, 39, 65, 73, 11, 63, 24, 25, 54, 35, 39, 65]",[],"{""accepted_indices"": [0, 1, 2, 3, 4, 5, 6, 7, 8, 9, 1, 2, 3, 4, 5, 6, 7, 8, 9], ""eps1"": 10, ""distance_median"": 0.5068491169886046}"
476,rflbat,rflbat_cluster_filter,"[4, 11, 63, 24, 25, 54, 39, 65, 11, 63, 24, 25, 54, 39, 65]","[73, 35]","{""accepted_indices"": [0, 2, 3, 4, 5, 6, 8, 9, 2, 3, 4, 5, 6, 8, 9], ""num_clusters"": 3, ""cluster_scores"": [1.0000000000022309, 0.1368948006506212, 1.0000000000011393]}"
476,rflbat,rflbat_final_distance_filter,"[4, 11, 63, 24, 25, 54, 39, 65]","[73, 35]","{""accepted_indices"": [0, 2, 3, 4, 5, 6, 8, 9, 2, 3, 4, 5, 6, 8, 9], ""eps2"": 6, ""distance_median"": 0.16928882745377075}"
477,rflbat,rflbat_first_distance_filter,"[4, 82, 96, 71, 60, 62, 85, 48, 13, 79, 82, 96, 71, 60, 62, 85, 48, 13, 79]",[],"{""accepted_indices"": [0, 1, 2, 3, 4, 5, 6, 7, 8, 9, 1, 2, 3, 4, 5, 6, 7, 8, 9], ""eps1"": 10, ""distance_median"": 0.522838219704441}"
477,rflbat,rflbat_cluster_filter,"[4, 82, 96, 71, 60, 62, 85, 48, 13, 79, 82, 96, 71, 60, 62, 85, 48, 13, 79]",[],"{""accepted_indices"": [0, 1, 2, 3, 4, 5, 6, 7, 8, 9, 1, 2, 3, 4, 5, 6, 7, 8, 9], ""num_clusters"": 1, ""cluster_scores"": [0.1093542674632189]}"
477,rflbat,rflbat_final_distance_filter,"[4, 82, 96, 71, 60, 62, 85, 48, 13, 79]",[],"{""accepted_indices"": [0, 1, 2, 3, 4, 5, 6, 7, 8, 9, 1, 2, 3, 4, 5, 6, 7, 8, 9], ""eps2"": 6, ""distance_median"": 1.044029270683755}"
478,rflbat,rflbat_first_distance_filter,"[1, 24, 26, 18, 42, 5, 6, 59, 10, 16, 24, 26, 18, 42, 5, 6, 59, 10, 16]",[],"{""accepted_indices"": [0, 1, 2, 3, 4, 5, 6, 7, 8, 9, 1, 2, 3, 4, 5, 6, 7, 8, 9], ""eps1"": 10, ""distance_median"": 0.5322275354967734}"
478,rflbat,rflbat_cluster_filter,"[1, 24, 26, 18, 42, 5, 6, 59, 10, 16, 24, 26, 18, 42, 5, 6, 59, 10, 16]",[],"{""accepted_indices"": [0, 1, 2, 3, 4, 5, 6, 7, 8, 9, 1, 2, 3, 4, 5, 6, 7, 8, 9], ""num_clusters"": 1, ""cluster_scores"": [0.10721318506667743]}"
478,rflbat,rflbat_final_distance_filter,"[1, 24, 26, 18, 42, 5, 6, 59, 10, 16]",[],"{""accepted_indices"": [0, 1, 2, 3, 4, 5, 6, 7, 8, 9, 1, 2, 3, 4, 5, 6, 7, 8, 9], ""eps2"": 6, ""distance_median"": 0.9509944063761807}"
479,rflbat,rflbat_first_distance_filter,"[1, 23, 98, 7, 18, 82, 63, 68, 73, 95, 23, 98, 7, 18, 82, 63, 68, 73, 95]",[],"{""accepted_indices"": [0, 1, 2, 3, 4, 5, 6, 7, 8, 9, 1, 2, 3, 4, 5, 6, 7, 8, 9], ""eps1"": 10, ""distance_median"": 0.4111653814577848}"
479,rflbat,rflbat_cluster_filter,"[1, 23, 98, 7, 18, 82, 63, 68, 73, 95, 23, 98, 7, 18, 82, 63, 68, 73, 95]",[],"{""accepted_indices"": [0, 1, 2, 3, 4, 5, 6, 7, 8, 9, 1, 2, 3, 4, 5, 6, 7, 8, 9], ""num_clusters"": 1, ""cluster_scores"": [0.10599455161581998]}"
479,rflbat,rflbat_final_distance_filter,"[1, 23, 98, 7, 18, 82, 63, 68, 73, 95]",[],"{""accepted_indices"": [0, 1, 2, 3, 4, 5, 6, 7, 8, 9, 1, 2, 3, 4, 5, 6, 7, 8, 9], ""eps2"": 6, ""distance_median"": 0.805340540546728}"
480,rflbat,rflbat_first_distance_filter,"[3, 82, 51, 98, 48, 79, 36, 15, 2, 37, 82, 51, 98, 48, 79, 36, 15, 2, 37]",[],"{""accepted_indices"": [0, 1, 2, 3, 4, 5, 6, 7, 8, 9, 1, 2, 3, 4, 5, 6, 7, 8, 9], ""eps1"": 10, ""distance_median"": 0.33587152618836436}"
480,rflbat,rflbat_cluster_filter,"[3, 82, 51, 98, 48, 79, 36, 15, 2, 37, 82, 51, 98, 48, 79, 36, 15, 2, 37]",[],"{""accepted_indices"": [0, 1, 2, 3, 4, 5, 6, 7, 8, 9, 1, 2, 3, 4, 5, 6, 7, 8, 9], ""num_clusters"": 1, ""cluster_scores"": [0.09913107314300103]}"
480,rflbat,rflbat_final_distance_filter,"[3, 82, 51, 98, 48, 79, 36, 15, 2, 37]",[],"{""accepted_indices"": [0, 1, 2, 3, 4, 5, 6, 7, 8, 9, 1, 2, 3, 4, 5, 6, 7, 8, 9], ""eps2"": 6, ""distance_median"": 0.6867964639612205}"
481,rflbat,rflbat_first_distance_filter,"[1, 55, 59, 15, 73, 0, 80, 58, 74, 87, 55, 59, 15, 73, 0, 80, 58, 74, 87]",[],"{""accepted_indices"": [0, 1, 2, 3, 4, 5, 6, 7, 8, 9, 1, 2, 3, 4, 5, 6, 7, 8, 9], ""eps1"": 10, ""distance_median"": 0.427881413024311}"
481,rflbat,rflbat_cluster_filter,"[1, 55, 59, 15, 73, 0, 80, 58, 74, 87, 55, 59, 15, 73, 0, 80, 58, 74, 87]",[],"{""accepted_indices"": [0, 1, 2, 3, 4, 5, 6, 7, 8, 9, 1, 2, 3, 4, 5, 6, 7, 8, 9], ""num_clusters"": 1, ""cluster_scores"": [0.0983536912746603]}"
481,rflbat,rflbat_final_distance_filter,"[1, 55, 59, 15, 73, 0, 80, 58, 74, 87]",[],"{""accepted_indices"": [0, 1, 2, 3, 4, 5, 6, 7, 8, 9, 1, 2, 3, 4, 5, 6, 7, 8, 9], ""eps2"": 6, ""distance_median"": 0.7793247185637333}"
482,rflbat,rflbat_first_distance_filter,"[2, 96, 69, 1, 75, 77, 72, 34, 9, 15, 96, 69, 1, 75, 77, 72, 34, 9, 15]",[],"{""accepted_indices"": [0, 1, 2, 3, 4, 5, 6, 7, 8, 9, 1, 2, 3, 4, 5, 6, 7, 8, 9], ""eps1"": 10, ""distance_median"": 0.328091519722685}"
482,rflbat,rflbat_cluster_filter,"[2, 96, 69, 1, 75, 77, 72, 34, 9, 15, 96, 69, 1, 75, 77, 72, 34, 9, 15]",[],"{""accepted_indices"": [0, 1, 2, 3, 4, 5, 6, 7, 8, 9, 1, 2, 3, 4, 5, 6, 7, 8, 9], ""num_clusters"": 1, ""cluster_scores"": [0.09960034395432107]}"
482,rflbat,rflbat_final_distance_filter,"[2, 96, 69, 1, 75, 77, 72, 34, 9, 15]",[],"{""accepted_indices"": [0, 1, 2, 3, 4, 5, 6, 7, 8, 9, 1, 2, 3, 4, 5, 6, 7, 8, 9], ""eps2"": 6, ""distance_median"": 0.650164879179874}"
483,rflbat,rflbat_first_distance_filter,"[4, 36, 49, 94, 48, 69, 87, 52, 32, 91, 36, 49, 94, 48, 69, 87, 52, 32, 91]",[],"{""accepted_indices"": [0, 1, 2, 3, 4, 5, 6, 7, 8, 9, 1, 2, 3, 4, 5, 6, 7, 8, 9], ""eps1"": 10, ""distance_median"": 0.2995999734499699}"
483,rflbat,rflbat_cluster_filter,"[4, 36, 49, 94, 48, 69, 87, 52, 32, 91, 36, 49, 94, 48, 69, 87, 52, 32, 91]",[],"{""accepted_indices"": [0, 1, 2, 3, 4, 5, 6, 7, 8, 9, 1, 2, 3, 4, 5, 6, 7, 8, 9], ""num_clusters"": 1, ""cluster_scores"": [0.10686847700437903]}"
483,rflbat,rflbat_final_distance_filter,"[4, 36, 49, 94, 48, 69, 87, 52, 32, 91]",[],"{""accepted_indices"": [0, 1, 2, 3, 4, 5, 6, 7, 8, 9, 1, 2, 3, 4, 5, 6, 7, 8, 9], ""eps2"": 6, ""distance_median"": 0.5908977891366984}"
484,rflbat,rflbat_first_distance_filter,"[2, 34, 24, 1, 13, 76, 8, 55, 3, 59, 34, 24, 1, 13, 76, 8, 55, 3, 59]",[],"{""accepted_indices"": [0, 1, 2, 3, 4, 5, 6, 7, 8, 9, 1, 2, 3, 4, 5, 6, 7, 8, 9], ""eps1"": 10, ""distance_median"": 0.44368813174528776}"
484,rflbat,rflbat_cluster_filter,"[2, 34, 24, 1, 13, 76, 8, 55, 3, 59, 34, 24, 1, 13, 76, 8, 55, 3, 59]",[],"{""accepted_indices"": [0, 1, 2, 3, 4, 5, 6, 7, 8, 9, 1, 2, 3, 4, 5, 6, 7, 8, 9], ""num_clusters"": 1, ""cluster_scores"": [0.10274565537944426]}"
484,rflbat,rflbat_final_distance_filter,"[2, 34, 24, 1, 13, 76, 8, 55, 3, 59]",[],"{""accepted_indices"": [0, 1, 2, 3, 4, 5, 6, 7, 8, 9, 1, 2, 3, 4, 5, 6, 7, 8, 9], ""eps2"": 6, ""distance_median"": 0.9143915999529177}"
485,rflbat,rflbat_first_distance_filter,"[2, 80, 63, 65, 37, 73, 96, 78, 27, 26, 80, 63, 65, 37, 73, 96, 78, 27, 26]",[],"{""accepted_indices"": [0, 1, 2, 3, 4, 5, 6, 7, 8, 9, 1, 2, 3, 4, 5, 6, 7, 8, 9], ""eps1"": 10, ""distance_median"": 0.5147418882751458}"
485,rflbat,rflbat_cluster_filter,"[2, 80, 63, 65, 37, 73, 96, 78, 27, 26, 80, 63, 65, 37, 73, 96, 78, 27, 26]",[],"{""accepted_indices"": [0, 1, 2, 3, 4, 5, 6, 7, 8, 9, 1, 2, 3, 4, 5, 6, 7, 8, 9], ""num_clusters"": 1, ""cluster_scores"": [0.10218139116597984]}"
485,rflbat,rflbat_final_distance_filter,"[2, 80, 63, 65, 37, 73, 96, 78, 27, 26]",[],"{""accepted_indices"": [0, 1, 2, 3, 4, 5, 6, 7, 8, 9, 1, 2, 3, 4, 5, 6, 7, 8, 9], ""eps2"": 6, ""distance_median"": 1.033233301277435}"
486,rflbat,rflbat_first_distance_filter,"[2, 94, 38, 52, 55, 19, 60, 49, 98, 17, 94, 38, 52, 55, 19, 60, 49, 98, 17]",[],"{""accepted_indices"": [0, 1, 2, 3, 4, 5, 6, 7, 8, 9, 1, 2, 3, 4, 5, 6, 7, 8, 9], ""eps1"": 10, ""distance_median"": 0.29991772981078924}"
486,rflbat,rflbat_cluster_filter,"[2, 94, 38, 52, 55, 19, 60, 49, 98, 17, 94, 38, 52, 55, 19, 60, 49, 98, 17]",[],"{""accepted_indices"": [0, 1, 2, 3, 4, 5, 6, 7, 8, 9, 1, 2, 3, 4, 5, 6, 7, 8, 9], ""num_clusters"": 1, ""cluster_scores"": [0.11725262683926968]}"
486,rflbat,rflbat_final_distance_filter,"[2, 94, 38, 52, 55, 19, 60, 49, 98, 17]",[],"{""accepted_indices"": [0, 1, 2, 3, 4, 5, 6, 7, 8, 9, 1, 2, 3, 4, 5, 6, 7, 8, 9], ""eps2"": 6, ""distance_median"": 0.5931796074081876}"
487,rflbat,rflbat_first_distance_filter,"[2, 43, 39, 86, 28, 21, 46, 30, 17, 81, 43, 39, 86, 28, 21, 46, 30, 17, 81]",[],"{""accepted_indices"": [0, 1, 2, 3, 4, 5, 6, 7, 8, 9, 1, 2, 3, 4, 5, 6, 7, 8, 9], ""eps1"": 10, ""distance_median"": 0.3712063008641176}"
487,rflbat,rflbat_cluster_filter,"[2, 43, 39, 86, 28, 21, 46, 30, 17, 81, 43, 39, 86, 28, 21, 46, 30, 17, 81]",[],"{""accepted_indices"": [0, 1, 2, 3, 4, 5, 6, 7, 8, 9, 1, 2, 3, 4, 5, 6, 7, 8, 9], ""num_clusters"": 1, ""cluster_scores"": [0.12449375152322213]}"
487,rflbat,rflbat_final_distance_filter,"[2, 43, 39, 86, 28, 21, 46, 30, 17, 81]",[],"{""accepted_indices"": [0, 1, 2, 3, 4, 5, 6, 7, 8, 9, 1, 2, 3, 4, 5, 6, 7, 8, 9], ""eps2"": 6, ""distance_median"": 0.7554654702215013}"
488,rflbat,rflbat_first_distance_filter,"[2, 99, 37, 72, 17, 8, 78, 81, 49, 75, 99, 37, 72, 17, 8, 78, 81, 49, 75]",[],"{""accepted_indices"": [0, 1, 2, 3, 4, 5, 6, 7, 8, 9, 1, 2, 3, 4, 5, 6, 7, 8, 9], ""eps1"": 10, ""distance_median"": 0.35184258748725794}"
488,rflbat,rflbat_cluster_filter,"[2, 99, 37, 72, 17, 78, 81, 49, 75, 99, 37, 72, 17, 78, 81, 49, 75]",[8],"{""accepted_indices"": [0, 1, 2, 3, 4, 6, 7, 8, 9, 1, 2, 3, 4, 6, 7, 8, 9], ""num_clusters"": 2, ""cluster_scores"": [0.10218622158943813, 1.00000000000144]}"
488,rflbat,rflbat_final_distance_filter,"[2, 99, 37, 72, 17, 78, 81, 49, 75]",[8],"{""accepted_indices"": [0, 1, 2, 3, 4, 6, 7, 8, 9, 1, 2, 3, 4, 6, 7, 8, 9], ""eps2"": 6, ""distance_median"": 0.47304348876226865}"
489,rflbat,rflbat_first_distance_filter,"[2, 63, 83, 42, 72, 51, 45, 58, 98, 36, 63, 83, 42, 72, 51, 45, 58, 98, 36]",[],"{""accepted_indices"": [0, 1, 2, 3, 4, 5, 6, 7, 8, 9, 1, 2, 3, 4, 5, 6, 7, 8, 9], ""eps1"": 10, ""distance_median"": 0.3660781023770827}"
489,rflbat,rflbat_cluster_filter,"[2, 63, 83, 42, 72, 51, 45, 58, 98, 36, 63, 83, 42, 72, 51, 45, 58, 98, 36]",[],"{""accepted_indices"": [0, 1, 2, 3, 4, 5, 6, 7, 8, 9, 1, 2, 3, 4, 5, 6, 7, 8, 9], ""num_clusters"": 1, ""cluster_scores"": [0.0963378830701785]}"
489,rflbat,rflbat_final_distance_filter,"[2, 63, 83, 42, 72, 51, 45, 58, 98, 36]",[],"{""accepted_indices"": [0, 1, 2, 3, 4, 5, 6, 7, 8, 9, 1, 2, 3, 4, 5, 6, 7, 8, 9], ""eps2"": 6, ""distance_median"": 0.7185720234962933}"
490,rflbat,rflbat_first_distance_filter,"[1, 38, 33, 15, 80, 64, 45, 37, 4, 93, 38, 33, 15, 80, 64, 45, 37, 4, 93]",[],"{""accepted_indices"": [0, 1, 2, 3, 4, 5, 6, 7, 8, 9, 1, 2, 3, 4, 5, 6, 7, 8, 9], ""eps1"": 10, ""distance_median"": 0.4420154101472731}"
490,rflbat,rflbat_cluster_filter,"[1, 38, 33, 15, 80, 64, 45, 37, 4, 93, 38, 33, 15, 80, 64, 45, 37, 4, 93]",[],"{""accepted_indices"": [0, 1, 2, 3, 4, 5, 6, 7, 8, 9, 1, 2, 3, 4, 5, 6, 7, 8, 9], ""num_clusters"": 1, ""cluster_scores"": [0.10620345883806136]}"
490,rflbat,rflbat_final_distance_filter,"[1, 38, 15, 80, 64, 45, 37, 4, 93]",[33],"{""accepted_indices"": [0, 1, 3, 4, 5, 6, 7, 8, 9, 1, 3, 4, 5, 6, 7, 8, 9], ""eps2"": 6, ""distance_median"": 0.7335742937906566}"
491,rflbat,rflbat_first_distance_filter,"[4, 28, 85, 79, 6, 96, 49, 91, 81, 5, 28, 85, 79, 6, 96, 49, 91, 81, 5]",[],"{""accepted_indices"": [0, 1, 2, 3, 4, 5, 6, 7, 8, 9, 1, 2, 3, 4, 5, 6, 7, 8, 9], ""eps1"": 10, ""distance_median"": 0.37145637903993983}"
491,rflbat,rflbat_cluster_filter,"[4, 28, 79, 6, 96, 49, 91, 81, 5, 28, 79, 6, 96, 49, 91, 81, 5]",[85],"{""accepted_indices"": [0, 1, 3, 4, 5, 6, 7, 8, 9, 1, 3, 4, 5, 6, 7, 8, 9], ""num_clusters"": 2, ""cluster_scores"": [0.12280563702629417, 1.0000000000032006]}"
491,rflbat,rflbat_final_distance_filter,"[4, 28, 79, 6, 96, 49, 91, 81, 5]",[85],"{""accepted_indices"": [0, 1, 3, 4, 5, 6, 7, 8, 9, 1, 3, 4, 5, 6, 7, 8, 9], ""eps2"": 6, ""distance_median"": 0.3823924995662283}"
492,rflbat,rflbat_first_distance_filter,"[2, 38, 43, 15, 49, 90, 64, 63, 21, 12, 38, 43, 15, 49, 90, 64, 63, 21, 12]",[],"{""accepted_indices"": [0, 1, 2, 3, 4, 5, 6, 7, 8, 9, 1, 2, 3, 4, 5, 6, 7, 8, 9], ""eps1"": 10, ""distance_median"": 0.3032851894070111}"
492,rflbat,rflbat_cluster_filter,"[2, 38, 43, 15, 49, 90, 64, 63, 21, 12, 38, 43, 15, 49, 90, 64, 63, 21, 12]",[],"{""accepted_indices"": [0, 1, 2, 3, 4, 5, 6, 7, 8, 9, 1, 2, 3, 4, 5, 6, 7, 8, 9], ""num_clusters"": 1, ""cluster_scores"": [0.11434298872860309]}"
492,rflbat,rflbat_final_distance_filter,"[2, 38, 43, 15, 49, 90, 64, 63, 21, 12]",[],"{""accepted_indices"": [0, 1, 2, 3, 4, 5, 6, 7, 8, 9, 1, 2, 3, 4, 5, 6, 7, 8, 9], ""eps2"": 6, ""distance_median"": 0.5926895183572151}"
493,rflbat,rflbat_first_distance_filter,"[2, 78, 8, 21, 69, 16, 39, 46, 64, 76, 78, 8, 21, 69, 16, 39, 46, 64, 76]",[],"{""accepted_indices"": [0, 1, 2, 3, 4, 5, 6, 7, 8, 9, 1, 2, 3, 4, 5, 6, 7, 8, 9], ""eps1"": 10, ""distance_median"": 0.33250067179279197}"
493,rflbat,rflbat_cluster_filter,"[2, 78, 8, 21, 69, 16, 39, 46, 64, 76, 78, 8, 21, 69, 16, 39, 46, 64, 76]",[],"{""accepted_indices"": [0, 1, 2, 3, 4, 5, 6, 7, 8, 9, 1, 2, 3, 4, 5, 6, 7, 8, 9], ""num_clusters"": 1, ""cluster_scores"": [0.09861919840031473]}"
493,rflbat,rflbat_final_distance_filter,"[2, 78, 8, 21, 69, 16, 39, 46, 64, 76]",[],"{""accepted_indices"": [0, 1, 2, 3, 4, 5, 6, 7, 8, 9, 1, 2, 3, 4, 5, 6, 7, 8, 9], ""eps2"": 6, ""distance_median"": 0.6433293187500972}"
494,rflbat,rflbat_first_distance_filter,"[4, 25, 14, 42, 78, 43, 72, 16, 2, 67, 25, 14, 42, 78, 43, 72, 16, 2, 67]",[],"{""accepted_indices"": [0, 1, 2, 3, 4, 5, 6, 7, 8, 9, 1, 2, 3, 4, 5, 6, 7, 8, 9], ""eps1"": 10, ""distance_median"": 0.37454745018838675}"
494,rflbat,rflbat_cluster_filter,"[4, 25, 14, 42, 78, 43, 72, 16, 2, 67, 25, 14, 42, 78, 43, 72, 16, 2, 67]",[],"{""accepted_indices"": [0, 1, 2, 3, 4, 5, 6, 7, 8, 9, 1, 2, 3, 4, 5, 6, 7, 8, 9], ""num_clusters"": 1, ""cluster_scores"": [0.10898294612333106]}"
494,rflbat,rflbat_final_distance_filter,"[4, 25, 14, 42, 78, 43, 72, 16, 2, 67]",[],"{""accepted_indices"": [0, 1, 2, 3, 4, 5, 6, 7, 8, 9, 1, 2, 3, 4, 5, 6, 7, 8, 9], ""eps2"": 6, ""distance_median"": 0.7929061630140564}"
495,rflbat,rflbat_first_distance_filter,"[4, 36, 67, 85, 78, 83, 59, 81, 3, 75, 36, 67, 85, 78, 83, 59, 81, 3, 75]",[],"{""accepted_indices"": [0, 1, 2, 3, 4, 5, 6, 7, 8, 9, 1, 2, 3, 4, 5, 6, 7, 8, 9], ""eps1"": 10, ""distance_median"": 0.37658137765592103}"
495,rflbat,rflbat_cluster_filter,"[4, 36, 67, 85, 78, 83, 59, 81, 3, 75, 36, 67, 85, 78, 83, 59, 81, 3, 75]",[],"{""accepted_indices"": [0, 1, 2, 3, 4, 5, 6, 7, 8, 9, 1, 2, 3, 4, 5, 6, 7, 8, 9], ""num_clusters"": 1, ""cluster_scores"": [0.10140124194978385]}"
495,rflbat,rflbat_final_distance_filter,"[4, 36, 67, 85, 78, 83, 59, 81, 3, 75]",[],"{""accepted_indices"": [0, 1, 2, 3, 4, 5, 6, 7, 8, 9, 1, 2, 3, 4, 5, 6, 7, 8, 9], ""eps2"": 6, ""distance_median"": 0.7522859965454199}"
496,rflbat,rflbat_first_distance_filter,"[4, 38, 22, 17, 90, 65, 88, 47, 93, 94, 38, 22, 17, 90, 65, 88, 47, 93, 94]",[],"{""accepted_indices"": [0, 1, 2, 3, 4, 5, 6, 7, 8, 9, 1, 2, 3, 4, 5, 6, 7, 8, 9], ""eps1"": 10, ""distance_median"": 0.33677033473225837}"
496,rflbat,rflbat_cluster_filter,"[4, 38, 22, 17, 90, 65, 88, 47, 93, 94, 38, 22, 17, 90, 65, 88, 47, 93, 94]",[],"{""accepted_indices"": [0, 1, 2, 3, 4, 5, 6, 7, 8, 9, 1, 2, 3, 4, 5, 6, 7, 8, 9], ""num_clusters"": 1, ""cluster_scores"": [0.10804140476918427]}"
496,rflbat,rflbat_final_distance_filter,"[4, 38, 22, 17, 90, 65, 88, 47, 93, 94]",[],"{""accepted_indices"": [0, 1, 2, 3, 4, 5, 6, 7, 8, 9, 1, 2, 3, 4, 5, 6, 7, 8, 9], ""eps2"": 6, ""distance_median"": 0.6800860870171717}"
497,rflbat,rflbat_first_distance_filter,"[3, 91, 39, 57, 34, 4, 81, 87, 70, 47, 91, 39, 57, 34, 4, 81, 87, 70, 47]",[],"{""accepted_indices"": [0, 1, 2, 3, 4, 5, 6, 7, 8, 9, 1, 2, 3, 4, 5, 6, 7, 8, 9], ""eps1"": 10, ""distance_median"": 0.30549624160022076}"
497,rflbat,rflbat_cluster_filter,"[3, 91, 39, 57, 34, 4, 81, 87, 70, 47, 91, 39, 57, 34, 4, 81, 87, 70, 47]",[],"{""accepted_indices"": [0, 1, 2, 3, 4, 5, 6, 7, 8, 9, 1, 2, 3, 4, 5, 6, 7, 8, 9], ""num_clusters"": 1, ""cluster_scores"": [0.10504989562712055]}"
497,rflbat,rflbat_final_distance_filter,"[3, 91, 39, 57, 34, 4, 81, 87, 70, 47]",[],"{""accepted_indices"": [0, 1, 2, 3, 4, 5, 6, 7, 8, 9, 1, 2, 3, 4, 5, 6, 7, 8, 9], ""eps2"": 6, ""distance_median"": 0.6084441086437408}"
498,rflbat,rflbat_first_distance_filter,"[3, 95, 21, 47, 55, 86, 29, 44, 20, 43, 95, 21, 47, 55, 86, 29, 44, 20, 43]",[],"{""accepted_indices"": [0, 1, 2, 3, 4, 5, 6, 7, 8, 9, 1, 2, 3, 4, 5, 6, 7, 8, 9], ""eps1"": 10, ""distance_median"": 0.4281482912915259}"
498,rflbat,rflbat_cluster_filter,"[3, 95, 21, 47, 55, 86, 29, 20, 43, 95, 21, 47, 55, 86, 29, 20, 43]",[44],"{""accepted_indices"": [0, 1, 2, 3, 4, 5, 6, 8, 9, 1, 2, 3, 4, 5, 6, 8, 9], ""num_clusters"": 2, ""cluster_scores"": [0.11464608684673931, 1.0000000000021745]}"
498,rflbat,rflbat_final_distance_filter,"[3, 95, 21, 47, 55, 86, 29, 20, 43]",[44],"{""accepted_indices"": [0, 1, 2, 3, 4, 5, 6, 8, 9, 1, 2, 3, 4, 5, 6, 8, 9], ""eps2"": 6, ""distance_median"": 0.42296693160472887}"
499,rflbat,rflbat_first_distance_filter,"[4, 54, 50, 41, 60, 90, 6, 64, 96, 22, 54, 50, 41, 60, 90, 6, 64, 96, 22]",[],"{""accepted_indices"": [0, 1, 2, 3, 4, 5, 6, 7, 8, 9, 1, 2, 3, 4, 5, 6, 7, 8, 9], ""eps1"": 10, ""distance_median"": 0.4188325663439051}"
499,rflbat,rflbat_cluster_filter,"[4, 54, 50, 41, 60, 90, 6, 64, 96, 22, 54, 50, 41, 60, 90, 6, 64, 96, 22]",[],"{""accepted_indices"": [0, 1, 2, 3, 4, 5, 6, 7, 8, 9, 1, 2, 3, 4, 5, 6, 7, 8, 9], ""num_clusters"": 1, ""cluster_scores"": [0.1134478177957645]}"
499,rflbat,rflbat_final_distance_filter,"[4, 54, 50, 41, 60, 90, 6, 64, 96, 22]",[],"{""accepted_indices"": [0, 1, 2, 3, 4, 5, 6, 7, 8, 9, 1, 2, 3, 4, 5, 6, 7, 8, 9], ""eps2"": 6, ""distance_median"": 0.8513943376166282}"
500,rflbat,rflbat_first_distance_filter,"[2, 57, 34, 16, 28, 61, 86, 25, 41, 39, 57, 34, 16, 28, 61, 86, 25, 41, 39]",[],"{""accepted_indices"": [0, 1, 2, 3, 4, 5, 6, 7, 8, 9, 1, 2, 3, 4, 5, 6, 7, 8, 9], ""eps1"": 10, ""distance_median"": 0.3584357299262777}"
500,rflbat,rflbat_cluster_filter,"[2, 57, 34, 16, 28, 61, 86, 25, 41, 39, 57, 34, 16, 28, 61, 86, 25, 41, 39]",[],"{""accepted_indices"": [0, 1, 2, 3, 4, 5, 6, 7, 8, 9, 1, 2, 3, 4, 5, 6, 7, 8, 9], ""num_clusters"": 1, ""cluster_scores"": [0.10262792357441895]}"
500,rflbat,rflbat_final_distance_filter,"[2, 57, 34, 16, 28, 61, 86, 25, 41, 39]",[],"{""accepted_indices"": [0, 1, 2, 3, 4, 5, 6, 7, 8, 9, 1, 2, 3, 4, 5, 6, 7, 8, 9], ""eps2"": 6, ""distance_median"": 0.6981613398794021}"
