epoch,method,status,initial_participants,final_selected,rejected,num_initial,num_final,stage_names,pkl_path
1,apra,success,"[3, 71, 32, 58, 4, 24, 62, 67, 43, 29]","[71, 32, 58, 24, 62, 67, 43, 29]","[3, 4]",10,8,"[""apra_mad_filter"", ""apra_hierarchical_cluster"", ""apra_trust_weighted_clip""]",../main/re_result_6-29_APRA/cifar10_500_Jul.01_20.04.02_apra_fix_True_no-mia_no-mia-class_no-noise_sin-adv_DOBA/agg_records/pkl/round_0001_apra.pkl
2,apra,success,"[3, 73, 72, 99, 20, 15, 37, 93, 74, 22]","[72, 99, 20, 15, 37, 93, 74, 22]","[3, 73]",10,8,"[""apra_mad_filter"", ""apra_hierarchical_cluster"", ""apra_trust_weighted_clip""]",../main/re_result_6-29_APRA/cifar10_500_Jul.01_20.04.02_apra_fix_True_no-mia_no-mia-class_no-noise_sin-adv_DOBA/agg_records/pkl/round_0002_apra.pkl
3,apra,success,"[2, 11, 29, 61, 14, 62, 31, 0, 55, 89]","[11, 29, 61, 14, 62, 55, 89]","[2, 31, 0]",10,7,"[""apra_mad_filter"", ""apra_hierarchical_cluster"", ""apra_trust_weighted_clip""]",../main/re_result_6-29_APRA/cifar10_500_Jul.01_20.04.02_apra_fix_True_no-mia_no-mia-class_no-noise_sin-adv_DOBA/agg_records/pkl/round_0003_apra.pkl
4,apra,success,"[1, 73, 5, 68, 48, 28, 53, 72, 34, 88]","[5, 68, 28, 53, 72, 34]","[1, 73, 48, 88]",10,6,"[""apra_mad_filter"", ""apra_hierarchical_cluster"", ""apra_trust_weighted_clip""]",../main/re_result_6-29_APRA/cifar10_500_Jul.01_20.04.02_apra_fix_True_no-mia_no-mia-class_no-noise_sin-adv_DOBA/agg_records/pkl/round_0004_apra.pkl
5,apra,success,"[4, 27, 55, 98, 67, 16, 57, 21, 26, 69]","[55, 98, 16, 57, 21, 26]","[4, 27, 67, 69]",10,6,"[""apra_mad_filter"", ""apra_hierarchical_cluster"", ""apra_trust_weighted_clip""]",../main/re_result_6-29_APRA/cifar10_500_Jul.01_20.04.02_apra_fix_True_no-mia_no-mia-class_no-noise_sin-adv_DOBA/agg_records/pkl/round_0005_apra.pkl
6,apra,success,"[3, 55, 44, 86, 53, 6, 52, 61, 62, 48]","[55, 44, 86, 53, 6, 52, 61, 62]","[3, 48]",10,8,"[""apra_mad_filter"", ""apra_hierarchical_cluster"", ""apra_trust_weighted_clip""]",../main/re_result_6-29_APRA/cifar10_500_Jul.01_20.04.02_apra_fix_True_no-mia_no-mia-class_no-noise_sin-adv_DOBA/agg_records/pkl/round_0006_apra.pkl
7,apra,success,"[2, 73, 46, 58, 32, 95, 97, 42, 38, 13]","[73, 46, 58, 32, 97, 42, 38, 13]","[2, 95]",10,8,"[""apra_mad_filter"", ""apra_hierarchical_cluster"", ""apra_trust_weighted_clip""]",../main/re_result_6-29_APRA/cifar10_500_Jul.01_20.04.02_apra_fix_True_no-mia_no-mia-class_no-noise_sin-adv_DOBA/agg_records/pkl/round_0007_apra.pkl
8,apra,success,"[0, 41, 96, 97, 82, 86, 57, 62, 85, 17]","[86, 57, 62, 85, 17]","[0, 41, 96, 97, 82]",10,5,"[""apra_mad_filter"", ""apra_hierarchical_cluster"", ""apra_trust_weighted_clip""]",../main/re_result_6-29_APRA/cifar10_500_Jul.01_20.04.02_apra_fix_True_no-mia_no-mia-class_no-noise_sin-adv_DOBA/agg_records/pkl/round_0008_apra.pkl
9,apra,success,"[2, 1, 38, 6, 23, 43, 89, 96, 69, 84]","[6, 23, 43, 89, 96, 84]","[2, 1, 38, 69]",10,6,"[""apra_mad_filter"", ""apra_hierarchical_cluster"", ""apra_trust_weighted_clip""]",../main/re_result_6-29_APRA/cifar10_500_Jul.01_20.04.02_apra_fix_True_no-mia_no-mia-class_no-noise_sin-adv_DOBA/agg_records/pkl/round_0009_apra.pkl
10,apra,success,"[4, 95, 65, 71, 9, 3, 81, 70, 41, 42]","[65, 71, 9, 81, 70, 41, 42]","[4, 95, 3]",10,7,"[""apra_mad_filter"", ""apra_hierarchical_cluster"", ""apra_trust_weighted_clip""]",../main/re_result_6-29_APRA/cifar10_500_Jul.01_20.04.02_apra_fix_True_no-mia_no-mia-class_no-noise_sin-adv_DOBA/agg_records/pkl/round_0010_apra.pkl
11,apra,success,"[4, 58, 20, 28, 44, 63, 65, 38, 97, 47]","[58, 20, 28, 44, 63, 65, 38]","[4, 97, 47]",10,7,"[""apra_mad_filter"", ""apra_hierarchical_cluster"", ""apra_trust_weighted_clip""]",../main/re_result_6-29_APRA/cifar10_500_Jul.01_20.04.02_apra_fix_True_no-mia_no-mia-class_no-noise_sin-adv_DOBA/agg_records/pkl/round_0011_apra.pkl
12,apra,success,"[3, 81, 20, 6, 68, 2, 37, 15, 11, 48]","[81, 20, 6, 68, 37, 15, 11]","[3, 2, 48]",10,7,"[""apra_mad_filter"", ""apra_hierarchical_cluster"", ""apra_trust_weighted_clip""]",../main/re_result_6-29_APRA/cifar10_500_Jul.01_20.04.02_apra_fix_True_no-mia_no-mia-class_no-noise_sin-adv_DOBA/agg_records/pkl/round_0012_apra.pkl
13,apra,success,"[0, 60, 95, 98, 39, 75, 32, 15, 52, 49]","[60, 98, 39, 75, 32, 15, 52, 49]","[0, 95]",10,8,"[""apra_mad_filter"", ""apra_hierarchical_cluster"", ""apra_trust_weighted_clip""]",../main/re_result_6-29_APRA/cifar10_500_Jul.01_20.04.02_apra_fix_True_no-mia_no-mia-class_no-noise_sin-adv_DOBA/agg_records/pkl/round_0013_apra.pkl
14,apra,success,"[0, 67, 86, 16, 55, 99, 88, 15, 12, 44]","[86, 16, 55, 12]","[0, 67, 99, 88, 15, 44]",10,4,"[""apra_mad_filter"", ""apra_hierarchical_cluster"", ""apra_trust_weighted_clip""]",../main/re_result_6-29_APRA/cifar10_500_Jul.01_20.04.02_apra_fix_True_no-mia_no-mia-class_no-noise_sin-adv_DOBA/agg_records/pkl/round_0014_apra.pkl
15,apra,success,"[2, 81, 49, 56, 12, 30, 83, 37, 3, 91]","[81, 49, 12, 83, 37, 91]","[2, 56, 30, 3]",10,6,"[""apra_mad_filter"", ""apra_hierarchical_cluster"", ""apra_trust_weighted_clip""]",../main/re_result_6-29_APRA/cifar10_500_Jul.01_20.04.02_apra_fix_True_no-mia_no-mia-class_no-noise_sin-adv_DOBA/agg_records/pkl/round_0015_apra.pkl
16,apra,success,"[2, 57, 85, 84, 46, 6, 40, 43, 71, 39]","[57, 84, 6, 43, 39]","[2, 85, 46, 40, 71]",10,5,"[""apra_mad_filter"", ""apra_hierarchical_cluster"", ""apra_trust_weighted_clip""]",../main/re_result_6-29_APRA/cifar10_500_Jul.01_20.04.02_apra_fix_True_no-mia_no-mia-class_no-noise_sin-adv_DOBA/agg_records/pkl/round_0016_apra.pkl
17,apra,success,"[0, 83, 71, 76, 18, 17, 81, 62, 3, 52]","[83, 76, 18, 17, 81, 62, 52]","[0, 71, 3]",10,7,"[""apra_mad_filter"", ""apra_hierarchical_cluster"", ""apra_trust_weighted_clip""]",../main/re_result_6-29_APRA/cifar10_500_Jul.01_20.04.02_apra_fix_True_no-mia_no-mia-class_no-noise_sin-adv_DOBA/agg_records/pkl/round_0017_apra.pkl
18,apra,success,"[4, 80, 88, 5, 84, 50, 40, 78, 31, 43]","[80, 5, 84, 50, 40, 78, 31, 43]","[4, 88]",10,8,"[""apra_mad_filter"", ""apra_hierarchical_cluster"", ""apra_trust_weighted_clip""]",../main/re_result_6-29_APRA/cifar10_500_Jul.01_20.04.02_apra_fix_True_no-mia_no-mia-class_no-noise_sin-adv_DOBA/agg_records/pkl/round_0018_apra.pkl
19,apra,success,"[3, 84, 45, 95, 90, 65, 6, 87, 29, 51]","[45, 90, 65, 6, 87, 29, 51]","[3, 84, 95]",10,7,"[""apra_mad_filter"", ""apra_hierarchical_cluster"", ""apra_trust_weighted_clip""]",../main/re_result_6-29_APRA/cifar10_500_Jul.01_20.04.02_apra_fix_True_no-mia_no-mia-class_no-noise_sin-adv_DOBA/agg_records/pkl/round_0019_apra.pkl
20,apra,success,"[1, 72, 28, 52, 38, 63, 18, 22, 39, 47]","[72, 28, 52, 38, 63, 18, 22, 39]","[1, 47]",10,8,"[""apra_mad_filter"", ""apra_hierarchical_cluster"", ""apra_trust_weighted_clip""]",../main/re_result_6-29_APRA/cifar10_500_Jul.01_20.04.02_apra_fix_True_no-mia_no-mia-class_no-noise_sin-adv_DOBA/agg_records/pkl/round_0020_apra.pkl
21,apra,success,"[2, 99, 66, 96, 13, 63, 5, 68, 94, 29]","[66, 96, 13, 63, 68, 94, 29]","[2, 99, 5]",10,7,"[""apra_mad_filter"", ""apra_hierarchical_cluster"", ""apra_trust_weighted_clip""]",../main/re_result_6-29_APRA/cifar10_500_Jul.01_20.04.02_apra_fix_True_no-mia_no-mia-class_no-noise_sin-adv_DOBA/agg_records/pkl/round_0021_apra.pkl
22,apra,success,"[1, 45, 9, 98, 99, 38, 83, 86, 24, 34]","[45, 98, 99, 38, 83, 86, 24, 34]","[1, 9]",10,8,"[""apra_mad_filter"", ""apra_hierarchical_cluster"", ""apra_trust_weighted_clip""]",../main/re_result_6-29_APRA/cifar10_500_Jul.01_20.04.02_apra_fix_True_no-mia_no-mia-class_no-noise_sin-adv_DOBA/agg_records/pkl/round_0022_apra.pkl
23,apra,success,"[2, 83, 82, 79, 81, 91, 53, 52, 90, 32]","[83, 79, 81, 91, 53, 52, 90, 32]","[2, 82]",10,8,"[""apra_mad_filter"", ""apra_hierarchical_cluster"", ""apra_trust_weighted_clip""]",../main/re_result_6-29_APRA/cifar10_500_Jul.01_20.04.02_apra_fix_True_no-mia_no-mia-class_no-noise_sin-adv_DOBA/agg_records/pkl/round_0023_apra.pkl
24,apra,success,"[4, 5, 99, 6, 94, 34, 46, 28, 76, 91]","[5, 6, 94, 34, 46, 28, 76, 91]","[4, 99]",10,8,"[""apra_mad_filter"", ""apra_hierarchical_cluster"", ""apra_trust_weighted_clip""]",../main/re_result_6-29_APRA/cifar10_500_Jul.01_20.04.02_apra_fix_True_no-mia_no-mia-class_no-noise_sin-adv_DOBA/agg_records/pkl/round_0024_apra.pkl
25,apra,success,"[4, 2, 35, 90, 93, 71, 98, 70, 95, 54]","[35, 90, 93, 71, 98, 70, 95]","[4, 2, 54]",10,7,"[""apra_mad_filter"", ""apra_hierarchical_cluster"", ""apra_trust_weighted_clip""]",../main/re_result_6-29_APRA/cifar10_500_Jul.01_20.04.02_apra_fix_True_no-mia_no-mia-class_no-noise_sin-adv_DOBA/agg_records/pkl/round_0025_apra.pkl
26,apra,success,"[3, 81, 22, 41, 14, 39, 1, 88, 74, 49]","[81, 22, 41, 14, 39, 74, 49]","[3, 1, 88]",10,7,"[""apra_mad_filter"", ""apra_hierarchical_cluster"", ""apra_trust_weighted_clip""]",../main/re_result_6-29_APRA/cifar10_500_Jul.01_20.04.02_apra_fix_True_no-mia_no-mia-class_no-noise_sin-adv_DOBA/agg_records/pkl/round_0026_apra.pkl
27,apra,success,"[0, 95, 57, 7, 73, 75, 65, 58, 27, 10]","[57, 7, 75, 65, 58, 27, 10]","[0, 95, 73]",10,7,"[""apra_mad_filter"", ""apra_hierarchical_cluster"", ""apra_trust_weighted_clip""]",../main/re_result_6-29_APRA/cifar10_500_Jul.01_20.04.02_apra_fix_True_no-mia_no-mia-class_no-noise_sin-adv_DOBA/agg_records/pkl/round_0027_apra.pkl
28,apra,success,"[3, 1, 76, 65, 15, 51, 53, 69, 72, 14]","[65, 15, 51, 53, 72, 14]","[3, 1, 76, 69]",10,6,"[""apra_mad_filter"", ""apra_hierarchical_cluster"", ""apra_trust_weighted_clip""]",../main/re_result_6-29_APRA/cifar10_500_Jul.01_20.04.02_apra_fix_True_no-mia_no-mia-class_no-noise_sin-adv_DOBA/agg_records/pkl/round_0028_apra.pkl
29,apra,success,"[1, 3, 30, 81, 70, 38, 49, 78, 14, 87]","[81, 70, 38, 49, 78, 14, 87]","[1, 3, 30]",10,7,"[""apra_mad_filter"", ""apra_hierarchical_cluster"", ""apra_trust_weighted_clip""]",../main/re_result_6-29_APRA/cifar10_500_Jul.01_20.04.02_apra_fix_True_no-mia_no-mia-class_no-noise_sin-adv_DOBA/agg_records/pkl/round_0029_apra.pkl
30,apra,success,"[1, 71, 13, 47, 7, 49, 33, 42, 34, 53]","[71, 13, 7, 49, 33, 34, 53]","[1, 47, 42]",10,7,"[""apra_mad_filter"", ""apra_hierarchical_cluster"", ""apra_trust_weighted_clip""]",../main/re_result_6-29_APRA/cifar10_500_Jul.01_20.04.02_apra_fix_True_no-mia_no-mia-class_no-noise_sin-adv_DOBA/agg_records/pkl/round_0030_apra.pkl
31,apra,success,"[3, 20, 48, 57, 30, 15, 45, 29, 54, 14]","[20, 57, 30, 15, 45, 29, 14]","[3, 48, 54]",10,7,"[""apra_mad_filter"", ""apra_hierarchical_cluster"", ""apra_trust_weighted_clip""]",../main/re_result_6-29_APRA/cifar10_500_Jul.01_20.04.02_apra_fix_True_no-mia_no-mia-class_no-noise_sin-adv_DOBA/agg_records/pkl/round_0031_apra.pkl
32,apra,success,"[1, 57, 52, 76, 65, 58, 51, 23, 99, 21]","[57, 52, 76, 65, 51, 23, 21]","[1, 58, 99]",10,7,"[""apra_mad_filter"", ""apra_hierarchical_cluster"", ""apra_trust_weighted_clip""]",../main/re_result_6-29_APRA/cifar10_500_Jul.01_20.04.02_apra_fix_True_no-mia_no-mia-class_no-noise_sin-adv_DOBA/agg_records/pkl/round_0032_apra.pkl
33,apra,success,"[4, 46, 64, 96, 82, 75, 40, 63, 36, 47]","[46, 64, 96, 75, 40, 63, 36]","[4, 82, 47]",10,7,"[""apra_mad_filter"", ""apra_hierarchical_cluster"", ""apra_trust_weighted_clip""]",../main/re_result_6-29_APRA/cifar10_500_Jul.01_20.04.02_apra_fix_True_no-mia_no-mia-class_no-noise_sin-adv_DOBA/agg_records/pkl/round_0033_apra.pkl
34,apra,success,"[0, 72, 8, 81, 73, 83, 65, 79, 58, 16]","[8, 81, 83, 65, 79, 58, 16]","[0, 72, 73]",10,7,"[""apra_mad_filter"", ""apra_hierarchical_cluster"", ""apra_trust_weighted_clip""]",../main/re_result_6-29_APRA/cifar10_500_Jul.01_20.04.02_apra_fix_True_no-mia_no-mia-class_no-noise_sin-adv_DOBA/agg_records/pkl/round_0034_apra.pkl
35,apra,success,"[3, 30, 84, 29, 12, 98, 44, 64, 13, 55]","[84, 29, 12, 98, 64, 13, 55]","[3, 30, 44]",10,7,"[""apra_mad_filter"", ""apra_hierarchical_cluster"", ""apra_trust_weighted_clip""]",../main/re_result_6-29_APRA/cifar10_500_Jul.01_20.04.02_apra_fix_True_no-mia_no-mia-class_no-noise_sin-adv_DOBA/agg_records/pkl/round_0035_apra.pkl
36,apra,success,"[0, 36, 23, 49, 11, 34, 99, 33, 58, 12]","[23, 11, 34, 33]","[0, 36, 49, 99, 58, 12]",10,4,"[""apra_mad_filter"", ""apra_hierarchical_cluster"", ""apra_trust_weighted_clip""]",../main/re_result_6-29_APRA/cifar10_500_Jul.01_20.04.02_apra_fix_True_no-mia_no-mia-class_no-noise_sin-adv_DOBA/agg_records/pkl/round_0036_apra.pkl
37,apra,success,"[3, 43, 5, 34, 99, 14, 48, 24, 56, 37]","[34, 14, 24, 37]","[3, 43, 5, 99, 48, 56]",10,4,"[""apra_mad_filter"", ""apra_hierarchical_cluster"", ""apra_trust_weighted_clip""]",../main/re_result_6-29_APRA/cifar10_500_Jul.01_20.04.02_apra_fix_True_no-mia_no-mia-class_no-noise_sin-adv_DOBA/agg_records/pkl/round_0037_apra.pkl
38,apra,success,"[2, 88, 85, 65, 95, 82, 19, 77, 54, 37]","[85, 65, 82, 19, 77, 37]","[2, 88, 95, 54]",10,6,"[""apra_mad_filter"", ""apra_hierarchical_cluster"", ""apra_trust_weighted_clip""]",../main/re_result_6-29_APRA/cifar10_500_Jul.01_20.04.02_apra_fix_True_no-mia_no-mia-class_no-noise_sin-adv_DOBA/agg_records/pkl/round_0038_apra.pkl
39,apra,success,"[2, 33, 12, 85, 87, 74, 15, 29, 94, 60]","[12, 87, 74, 15, 29, 94, 60]","[2, 33, 85]",10,7,"[""apra_mad_filter"", ""apra_hierarchical_cluster"", ""apra_trust_weighted_clip""]",../main/re_result_6-29_APRA/cifar10_500_Jul.01_20.04.02_apra_fix_True_no-mia_no-mia-class_no-noise_sin-adv_DOBA/agg_records/pkl/round_0039_apra.pkl
40,apra,success,"[4, 6, 33, 77, 65, 63, 55, 18, 2, 78]","[6, 33, 77, 63, 55, 18, 78]","[4, 65, 2]",10,7,"[""apra_mad_filter"", ""apra_hierarchical_cluster"", ""apra_trust_weighted_clip""]",../main/re_result_6-29_APRA/cifar10_500_Jul.01_20.04.02_apra_fix_True_no-mia_no-mia-class_no-noise_sin-adv_DOBA/agg_records/pkl/round_0040_apra.pkl
41,apra,success,"[1, 71, 25, 57, 32, 77, 51, 42, 95, 22]","[71, 25, 57, 32, 77, 51, 42, 22]","[1, 95]",10,8,"[""apra_mad_filter"", ""apra_hierarchical_cluster"", ""apra_trust_weighted_clip""]",../main/re_result_6-29_APRA/cifar10_500_Jul.01_20.04.02_apra_fix_True_no-mia_no-mia-class_no-noise_sin-adv_DOBA/agg_records/pkl/round_0041_apra.pkl
42,apra,success,"[2, 23, 61, 86, 54, 0, 91, 63, 37, 85]","[23, 61, 86, 91, 63, 37, 85]","[2, 54, 0]",10,7,"[""apra_mad_filter"", ""apra_hierarchical_cluster"", ""apra_trust_weighted_clip""]",../main/re_result_6-29_APRA/cifar10_500_Jul.01_20.04.02_apra_fix_True_no-mia_no-mia-class_no-noise_sin-adv_DOBA/agg_records/pkl/round_0042_apra.pkl
43,apra,success,"[0, 40, 56, 34, 98, 35, 1, 22, 89, 16]","[34, 98, 35, 22, 89, 16]","[0, 40, 56, 1]",10,6,"[""apra_mad_filter"", ""apra_hierarchical_cluster"", ""apra_trust_weighted_clip""]",../main/re_result_6-29_APRA/cifar10_500_Jul.01_20.04.02_apra_fix_True_no-mia_no-mia-class_no-noise_sin-adv_DOBA/agg_records/pkl/round_0043_apra.pkl
44,apra,success,"[1, 46, 25, 37, 20, 42, 44, 50, 12, 72]","[46, 37, 50, 12, 72]","[1, 25, 20, 42, 44]",10,5,"[""apra_mad_filter"", ""apra_hierarchical_cluster"", ""apra_trust_weighted_clip""]",../main/re_result_6-29_APRA/cifar10_500_Jul.01_20.04.02_apra_fix_True_no-mia_no-mia-class_no-noise_sin-adv_DOBA/agg_records/pkl/round_0044_apra.pkl
45,apra,success,"[1, 19, 56, 93, 20, 12, 27, 69, 33, 16]","[56, 93, 20, 12, 27, 33, 16]","[1, 19, 69]",10,7,"[""apra_mad_filter"", ""apra_hierarchical_cluster"", ""apra_trust_weighted_clip""]",../main/re_result_6-29_APRA/cifar10_500_Jul.01_20.04.02_apra_fix_True_no-mia_no-mia-class_no-noise_sin-adv_DOBA/agg_records/pkl/round_0045_apra.pkl
46,apra,success,"[2, 45, 10, 1, 74, 86, 46, 35, 17, 81]","[45, 74, 86, 46, 35, 17, 81]","[2, 10, 1]",10,7,"[""apra_mad_filter"", ""apra_hierarchical_cluster"", ""apra_trust_weighted_clip""]",../main/re_result_6-29_APRA/cifar10_500_Jul.01_20.04.02_apra_fix_True_no-mia_no-mia-class_no-noise_sin-adv_DOBA/agg_records/pkl/round_0046_apra.pkl
47,apra,success,"[2, 99, 19, 62, 44, 0, 48, 52, 70, 65]","[62, 52, 65]","[2, 99, 19, 44, 0, 48, 70]",10,3,"[""apra_mad_filter"", ""apra_hierarchical_cluster"", ""apra_trust_weighted_clip""]",../main/re_result_6-29_APRA/cifar10_500_Jul.01_20.04.02_apra_fix_True_no-mia_no-mia-class_no-noise_sin-adv_DOBA/agg_records/pkl/round_0047_apra.pkl
48,apra,success,"[0, 66, 36, 83, 68, 23, 90, 2, 57, 21]","[66, 36, 83, 68, 90, 57, 21]","[0, 23, 2]",10,7,"[""apra_mad_filter"", ""apra_hierarchical_cluster"", ""apra_trust_weighted_clip""]",../main/re_result_6-29_APRA/cifar10_500_Jul.01_20.04.02_apra_fix_True_no-mia_no-mia-class_no-noise_sin-adv_DOBA/agg_records/pkl/round_0048_apra.pkl
49,apra,success,"[3, 10, 20, 51, 25, 27, 40, 5, 89, 85]","[20, 51, 25, 27, 40, 5, 89, 85]","[3, 10]",10,8,"[""apra_mad_filter"", ""apra_hierarchical_cluster"", ""apra_trust_weighted_clip""]",../main/re_result_6-29_APRA/cifar10_500_Jul.01_20.04.02_apra_fix_True_no-mia_no-mia-class_no-noise_sin-adv_DOBA/agg_records/pkl/round_0049_apra.pkl
50,apra,success,"[1, 85, 80, 28, 63, 68, 14, 94, 32, 20]","[80, 28, 63, 68, 14, 94, 20]","[1, 85, 32]",10,7,"[""apra_mad_filter"", ""apra_hierarchical_cluster"", ""apra_trust_weighted_clip""]",../main/re_result_6-29_APRA/cifar10_500_Jul.01_20.04.02_apra_fix_True_no-mia_no-mia-class_no-noise_sin-adv_DOBA/agg_records/pkl/round_0050_apra.pkl
51,apra,success,"[3, 61, 21, 58, 32, 20, 53, 17, 93, 55]","[21, 58, 20, 53, 93, 55]","[3, 61, 32, 17]",10,6,"[""apra_mad_filter"", ""apra_hierarchical_cluster"", ""apra_trust_weighted_clip""]",../main/re_result_6-29_APRA/cifar10_500_Jul.01_20.04.02_apra_fix_True_no-mia_no-mia-class_no-noise_sin-adv_DOBA/agg_records/pkl/round_0051_apra.pkl
52,apra,success,"[3, 38, 56, 79, 43, 65, 66, 16, 75, 82]","[79, 43, 65, 66, 16, 75, 82]","[3, 38, 56]",10,7,"[""apra_mad_filter"", ""apra_hierarchical_cluster"", ""apra_trust_weighted_clip""]",../main/re_result_6-29_APRA/cifar10_500_Jul.01_20.04.02_apra_fix_True_no-mia_no-mia-class_no-noise_sin-adv_DOBA/agg_records/pkl/round_0052_apra.pkl
53,apra,success,"[2, 98, 50, 69, 58, 82, 91, 59, 97, 38]","[50, 69, 58, 91, 38]","[2, 98, 82, 59, 97]",10,5,"[""apra_mad_filter"", ""apra_hierarchical_cluster"", ""apra_trust_weighted_clip""]",../main/re_result_6-29_APRA/cifar10_500_Jul.01_20.04.02_apra_fix_True_no-mia_no-mia-class_no-noise_sin-adv_DOBA/agg_records/pkl/round_0053_apra.pkl
54,apra,success,"[4, 88, 20, 74, 38, 35, 78, 79, 25, 10]","[74, 38, 35, 78, 79, 10]","[4, 88, 20, 25]",10,6,"[""apra_mad_filter"", ""apra_hierarchical_cluster"", ""apra_trust_weighted_clip""]",../main/re_result_6-29_APRA/cifar10_500_Jul.01_20.04.02_apra_fix_True_no-mia_no-mia-class_no-noise_sin-adv_DOBA/agg_records/pkl/round_0054_apra.pkl
55,apra,success,"[1, 54, 63, 45, 82, 64, 21, 94, 97, 52]","[63, 64, 21, 94, 52]","[1, 54, 45, 82, 97]",10,5,"[""apra_mad_filter"", ""apra_hierarchical_cluster"", ""apra_trust_weighted_clip""]",../main/re_result_6-29_APRA/cifar10_500_Jul.01_20.04.02_apra_fix_True_no-mia_no-mia-class_no-noise_sin-adv_DOBA/agg_records/pkl/round_0055_apra.pkl
56,apra,success,"[3, 65, 34, 91, 78, 0, 88, 43, 30, 52]","[65, 34, 91, 78, 43, 52]","[3, 0, 88, 30]",10,6,"[""apra_mad_filter"", ""apra_hierarchical_cluster"", ""apra_trust_weighted_clip""]",../main/re_result_6-29_APRA/cifar10_500_Jul.01_20.04.02_apra_fix_True_no-mia_no-mia-class_no-noise_sin-adv_DOBA/agg_records/pkl/round_0056_apra.pkl
57,apra,success,"[3, 57, 83, 65, 27, 98, 24, 5, 25, 10]","[83, 65, 27, 98, 5, 25]","[3, 57, 24, 10]",10,6,"[""apra_mad_filter"", ""apra_hierarchical_cluster"", ""apra_trust_weighted_clip""]",../main/re_result_6-29_APRA/cifar10_500_Jul.01_20.04.02_apra_fix_True_no-mia_no-mia-class_no-noise_sin-adv_DOBA/agg_records/pkl/round_0057_apra.pkl
58,apra,success,"[3, 16, 92, 27, 14, 62, 58, 77, 1, 44]","[16, 92, 27, 14, 62, 58, 77, 44]","[3, 1]",10,8,"[""apra_mad_filter"", ""apra_hierarchical_cluster"", ""apra_trust_weighted_clip""]",../main/re_result_6-29_APRA/cifar10_500_Jul.01_20.04.02_apra_fix_True_no-mia_no-mia-class_no-noise_sin-adv_DOBA/agg_records/pkl/round_0058_apra.pkl
59,apra,success,"[1, 39, 6, 27, 71, 88, 69, 29, 25, 26]","[39, 6, 27, 71, 69, 29, 25]","[1, 88, 26]",10,7,"[""apra_mad_filter"", ""apra_hierarchical_cluster"", ""apra_trust_weighted_clip""]",../main/re_result_6-29_APRA/cifar10_500_Jul.01_20.04.02_apra_fix_True_no-mia_no-mia-class_no-noise_sin-adv_DOBA/agg_records/pkl/round_0059_apra.pkl
60,apra,success,"[0, 84, 41, 86, 94, 13, 66, 3, 14, 51]","[84, 86, 94, 13, 66, 14, 51]","[0, 41, 3]",10,7,"[""apra_mad_filter"", ""apra_hierarchical_cluster"", ""apra_trust_weighted_clip""]",../main/re_result_6-29_APRA/cifar10_500_Jul.01_20.04.02_apra_fix_True_no-mia_no-mia-class_no-noise_sin-adv_DOBA/agg_records/pkl/round_0060_apra.pkl
61,apra,success,"[3, 36, 70, 1, 21, 32, 55, 18, 69, 8]","[70, 21, 55, 18, 69]","[3, 36, 1, 32, 8]",10,5,"[""apra_mad_filter"", ""apra_hierarchical_cluster"", ""apra_trust_weighted_clip""]",../main/re_result_6-29_APRA/cifar10_500_Jul.01_20.04.02_apra_fix_True_no-mia_no-mia-class_no-noise_sin-adv_DOBA/agg_records/pkl/round_0061_apra.pkl
62,apra,success,"[0, 77, 29, 65, 68, 89, 95, 79, 83, 47]","[29, 68, 89, 79, 83]","[0, 77, 65, 95, 47]",10,5,"[""apra_mad_filter"", ""apra_hierarchical_cluster"", ""apra_trust_weighted_clip""]",../main/re_result_6-29_APRA/cifar10_500_Jul.01_20.04.02_apra_fix_True_no-mia_no-mia-class_no-noise_sin-adv_DOBA/agg_records/pkl/round_0062_apra.pkl
63,apra,success,"[1, 10, 15, 46, 36, 86, 31, 73, 62, 70]","[10, 15, 46, 36, 86, 73, 62, 70]","[1, 31]",10,8,"[""apra_mad_filter"", ""apra_hierarchical_cluster"", ""apra_trust_weighted_clip""]",../main/re_result_6-29_APRA/cifar10_500_Jul.01_20.04.02_apra_fix_True_no-mia_no-mia-class_no-noise_sin-adv_DOBA/agg_records/pkl/round_0063_apra.pkl
64,apra,success,"[0, 47, 63, 32, 34, 12, 41, 75, 11, 3]","[47, 63, 32, 34, 12, 75, 11]","[0, 41, 3]",10,7,"[""apra_mad_filter"", ""apra_hierarchical_cluster"", ""apra_trust_weighted_clip""]",../main/re_result_6-29_APRA/cifar10_500_Jul.01_20.04.02_apra_fix_True_no-mia_no-mia-class_no-noise_sin-adv_DOBA/agg_records/pkl/round_0064_apra.pkl
65,apra,success,"[3, 55, 1, 65, 54, 24, 31, 92, 49, 46]","[55, 65, 24, 31, 92, 49]","[3, 1, 54, 46]",10,6,"[""apra_mad_filter"", ""apra_hierarchical_cluster"", ""apra_trust_weighted_clip""]",../main/re_result_6-29_APRA/cifar10_500_Jul.01_20.04.02_apra_fix_True_no-mia_no-mia-class_no-noise_sin-adv_DOBA/agg_records/pkl/round_0065_apra.pkl
66,apra,success,"[0, 38, 51, 5, 19, 53, 84, 23, 40, 64]","[5, 19, 53, 84, 23, 40, 64]","[0, 38, 51]",10,7,"[""apra_mad_filter"", ""apra_hierarchical_cluster"", ""apra_trust_weighted_clip""]",../main/re_result_6-29_APRA/cifar10_500_Jul.01_20.04.02_apra_fix_True_no-mia_no-mia-class_no-noise_sin-adv_DOBA/agg_records/pkl/round_0066_apra.pkl
67,apra,success,"[4, 82, 78, 17, 19, 44, 14, 71, 90, 55]","[78, 17, 44, 14, 71, 90, 55]","[4, 82, 19]",10,7,"[""apra_mad_filter"", ""apra_hierarchical_cluster"", ""apra_trust_weighted_clip""]",../main/re_result_6-29_APRA/cifar10_500_Jul.01_20.04.02_apra_fix_True_no-mia_no-mia-class_no-noise_sin-adv_DOBA/agg_records/pkl/round_0067_apra.pkl
68,apra,success,"[0, 32, 44, 6, 54, 17, 9, 8, 68, 38]","[32, 44, 6, 17, 8, 68, 38]","[0, 54, 9]",10,7,"[""apra_mad_filter"", ""apra_hierarchical_cluster"", ""apra_trust_weighted_clip""]",../main/re_result_6-29_APRA/cifar10_500_Jul.01_20.04.02_apra_fix_True_no-mia_no-mia-class_no-noise_sin-adv_DOBA/agg_records/pkl/round_0068_apra.pkl
69,apra,success,"[0, 10, 42, 62, 79, 75, 64, 84, 3, 51]","[42, 62, 79, 75, 64, 84]","[0, 10, 3, 51]",10,6,"[""apra_mad_filter"", ""apra_hierarchical_cluster"", ""apra_trust_weighted_clip""]",../main/re_result_6-29_APRA/cifar10_500_Jul.01_20.04.02_apra_fix_True_no-mia_no-mia-class_no-noise_sin-adv_DOBA/agg_records/pkl/round_0069_apra.pkl
70,apra,success,"[1, 91, 79, 68, 9, 5, 73, 62, 83, 46]","[79, 68, 9, 62, 83, 46]","[1, 91, 5, 73]",10,6,"[""apra_mad_filter"", ""apra_hierarchical_cluster"", ""apra_trust_weighted_clip""]",../main/re_result_6-29_APRA/cifar10_500_Jul.01_20.04.02_apra_fix_True_no-mia_no-mia-class_no-noise_sin-adv_DOBA/agg_records/pkl/round_0070_apra.pkl
71,apra,success,"[1, 55, 68, 51, 54, 48, 7, 69, 28, 71]","[55, 68, 51, 48, 7, 69, 28, 71]","[1, 54]",10,8,"[""apra_mad_filter"", ""apra_hierarchical_cluster"", ""apra_trust_weighted_clip""]",../main/re_result_6-29_APRA/cifar10_500_Jul.01_20.04.02_apra_fix_True_no-mia_no-mia-class_no-noise_sin-adv_DOBA/agg_records/pkl/round_0071_apra.pkl
72,apra,success,"[0, 98, 51, 72, 87, 21, 15, 38, 6, 57]","[72, 87, 21, 38, 6, 57]","[0, 98, 51, 15]",10,6,"[""apra_mad_filter"", ""apra_hierarchical_cluster"", ""apra_trust_weighted_clip""]",../main/re_result_6-29_APRA/cifar10_500_Jul.01_20.04.02_apra_fix_True_no-mia_no-mia-class_no-noise_sin-adv_DOBA/agg_records/pkl/round_0072_apra.pkl
73,apra,success,"[1, 61, 26, 7, 68, 88, 59, 11, 36, 97]","[61, 7, 68, 11, 36]","[1, 26, 88, 59, 97]",10,5,"[""apra_mad_filter"", ""apra_hierarchical_cluster"", ""apra_trust_weighted_clip""]",../main/re_result_6-29_APRA/cifar10_500_Jul.01_20.04.02_apra_fix_True_no-mia_no-mia-class_no-noise_sin-adv_DOBA/agg_records/pkl/round_0073_apra.pkl
74,apra,success,"[1, 75, 3, 25, 80, 2, 78, 20, 4, 7]","[1, 75, 25, 80, 2, 78, 20, 7]","[3, 4]",10,8,"[""apra_mad_filter"", ""apra_hierarchical_cluster"", ""apra_trust_weighted_clip""]",../main/re_result_6-29_APRA/cifar10_500_Jul.01_20.04.02_apra_fix_True_no-mia_no-mia-class_no-noise_sin-adv_DOBA/agg_records/pkl/round_0074_apra.pkl
75,apra,success,"[2, 95, 86, 51, 23, 6, 62, 0, 81, 84]","[86, 51, 23, 6, 62, 81, 84]","[2, 95, 0]",10,7,"[""apra_mad_filter"", ""apra_hierarchical_cluster"", ""apra_trust_weighted_clip""]",../main/re_result_6-29_APRA/cifar10_500_Jul.01_20.04.02_apra_fix_True_no-mia_no-mia-class_no-noise_sin-adv_DOBA/agg_records/pkl/round_0075_apra.pkl
76,apra,success,"[2, 64, 37, 66, 42, 84, 58, 80, 67, 92]","[64, 37, 66, 84, 58, 67, 92]","[2, 42, 80]",10,7,"[""apra_mad_filter"", ""apra_hierarchical_cluster"", ""apra_trust_weighted_clip""]",../main/re_result_6-29_APRA/cifar10_500_Jul.01_20.04.02_apra_fix_True_no-mia_no-mia-class_no-noise_sin-adv_DOBA/agg_records/pkl/round_0076_apra.pkl
77,apra,success,"[4, 68, 79, 22, 9, 30, 60, 69, 16, 43]","[68, 79, 60, 16, 43]","[4, 22, 9, 30, 69]",10,5,"[""apra_mad_filter"", ""apra_hierarchical_cluster"", ""apra_trust_weighted_clip""]",../main/re_result_6-29_APRA/cifar10_500_Jul.01_20.04.02_apra_fix_True_no-mia_no-mia-class_no-noise_sin-adv_DOBA/agg_records/pkl/round_0077_apra.pkl
78,apra,success,"[1, 20, 77, 27, 23, 18, 74, 59, 86, 87]","[20, 77, 27, 23, 18, 74, 86, 87]","[1, 59]",10,8,"[""apra_mad_filter"", ""apra_hierarchical_cluster"", ""apra_trust_weighted_clip""]",../main/re_result_6-29_APRA/cifar10_500_Jul.01_20.04.02_apra_fix_True_no-mia_no-mia-class_no-noise_sin-adv_DOBA/agg_records/pkl/round_0078_apra.pkl
79,apra,success,"[1, 99, 42, 33, 5, 15, 38, 76, 86, 87]","[42, 33, 15, 38, 76, 86, 87]","[1, 99, 5]",10,7,"[""apra_mad_filter"", ""apra_hierarchical_cluster"", ""apra_trust_weighted_clip""]",../main/re_result_6-29_APRA/cifar10_500_Jul.01_20.04.02_apra_fix_True_no-mia_no-mia-class_no-noise_sin-adv_DOBA/agg_records/pkl/round_0079_apra.pkl
80,apra,success,"[1, 71, 88, 38, 63, 99, 48, 31, 83, 11]","[71, 38, 63, 99, 48, 83, 11]","[1, 88, 31]",10,7,"[""apra_mad_filter"", ""apra_hierarchical_cluster"", ""apra_trust_weighted_clip""]",../main/re_result_6-29_APRA/cifar10_500_Jul.01_20.04.02_apra_fix_True_no-mia_no-mia-class_no-noise_sin-adv_DOBA/agg_records/pkl/round_0080_apra.pkl
81,apra,success,"[4, 69, 52, 40, 47, 77, 35, 59, 70, 7]","[69, 52, 40, 77, 35, 59, 70, 7]","[4, 47]",10,8,"[""apra_mad_filter"", ""apra_hierarchical_cluster"", ""apra_trust_weighted_clip""]",../main/re_result_6-29_APRA/cifar10_500_Jul.01_20.04.02_apra_fix_True_no-mia_no-mia-class_no-noise_sin-adv_DOBA/agg_records/pkl/round_0081_apra.pkl
82,apra,success,"[0, 61, 81, 74, 23, 95, 35, 97, 55, 28]","[61, 81, 74, 23, 35, 97, 55, 28]","[0, 95]",10,8,"[""apra_mad_filter"", ""apra_hierarchical_cluster"", ""apra_trust_weighted_clip""]",../main/re_result_6-29_APRA/cifar10_500_Jul.01_20.04.02_apra_fix_True_no-mia_no-mia-class_no-noise_sin-adv_DOBA/agg_records/pkl/round_0082_apra.pkl
83,apra,success,"[3, 53, 77, 67, 31, 62, 45, 47, 82, 84]","[53, 77, 67, 62, 45, 82, 84]","[3, 31, 47]",10,7,"[""apra_mad_filter"", ""apra_hierarchical_cluster"", ""apra_trust_weighted_clip""]",../main/re_result_6-29_APRA/cifar10_500_Jul.01_20.04.02_apra_fix_True_no-mia_no-mia-class_no-noise_sin-adv_DOBA/agg_records/pkl/round_0083_apra.pkl
84,apra,success,"[2, 83, 3, 36, 44, 70, 32, 64, 47, 5]","[83, 36, 44, 70, 32, 64, 5]","[2, 3, 47]",10,7,"[""apra_mad_filter"", ""apra_hierarchical_cluster"", ""apra_trust_weighted_clip""]",../main/re_result_6-29_APRA/cifar10_500_Jul.01_20.04.02_apra_fix_True_no-mia_no-mia-class_no-noise_sin-adv_DOBA/agg_records/pkl/round_0084_apra.pkl
85,apra,success,"[0, 95, 64, 96, 60, 5, 79, 75, 7, 94]","[64, 60, 79, 75, 7, 94]","[0, 95, 96, 5]",10,6,"[""apra_mad_filter"", ""apra_hierarchical_cluster"", ""apra_trust_weighted_clip""]",../main/re_result_6-29_APRA/cifar10_500_Jul.01_20.04.02_apra_fix_True_no-mia_no-mia-class_no-noise_sin-adv_DOBA/agg_records/pkl/round_0085_apra.pkl
86,apra,success,"[1, 15, 57, 19, 13, 81, 10, 30, 99, 47]","[15, 57, 19, 13, 81, 10, 99, 47]","[1, 30]",10,8,"[""apra_mad_filter"", ""apra_hierarchical_cluster"", ""apra_trust_weighted_clip""]",../main/re_result_6-29_APRA/cifar10_500_Jul.01_20.04.02_apra_fix_True_no-mia_no-mia-class_no-noise_sin-adv_DOBA/agg_records/pkl/round_0086_apra.pkl
87,apra,success,"[4, 91, 65, 0, 37, 25, 27, 31, 15, 97]","[91, 65, 37, 27, 15, 97]","[4, 0, 25, 31]",10,6,"[""apra_mad_filter"", ""apra_hierarchical_cluster"", ""apra_trust_weighted_clip""]",../main/re_result_6-29_APRA/cifar10_500_Jul.01_20.04.02_apra_fix_True_no-mia_no-mia-class_no-noise_sin-adv_DOBA/agg_records/pkl/round_0087_apra.pkl
88,apra,success,"[2, 87, 54, 75, 34, 3, 15, 7, 11, 40]","[87, 75, 34, 15, 7, 11, 40]","[2, 54, 3]",10,7,"[""apra_mad_filter"", ""apra_hierarchical_cluster"", ""apra_trust_weighted_clip""]",../main/re_result_6-29_APRA/cifar10_500_Jul.01_20.04.02_apra_fix_True_no-mia_no-mia-class_no-noise_sin-adv_DOBA/agg_records/pkl/round_0088_apra.pkl
89,apra,success,"[3, 4, 12, 80, 87, 26, 27, 42, 24, 0]","[12, 80, 87, 27, 42, 24]","[3, 4, 26, 0]",10,6,"[""apra_mad_filter"", ""apra_hierarchical_cluster"", ""apra_trust_weighted_clip""]",../main/re_result_6-29_APRA/cifar10_500_Jul.01_20.04.02_apra_fix_True_no-mia_no-mia-class_no-noise_sin-adv_DOBA/agg_records/pkl/round_0089_apra.pkl
90,apra,success,"[3, 22, 23, 50, 7, 88, 73, 27, 10, 96]","[22, 23, 50, 7, 27, 96]","[3, 88, 73, 10]",10,6,"[""apra_mad_filter"", ""apra_hierarchical_cluster"", ""apra_trust_weighted_clip""]",../main/re_result_6-29_APRA/cifar10_500_Jul.01_20.04.02_apra_fix_True_no-mia_no-mia-class_no-noise_sin-adv_DOBA/agg_records/pkl/round_0090_apra.pkl
91,apra,success,"[2, 17, 98, 50, 52, 30, 15, 49, 13, 38]","[17, 98, 50, 52, 15, 49, 13, 38]","[2, 30]",10,8,"[""apra_mad_filter"", ""apra_hierarchical_cluster"", ""apra_trust_weighted_clip""]",../main/re_result_6-29_APRA/cifar10_500_Jul.01_20.04.02_apra_fix_True_no-mia_no-mia-class_no-noise_sin-adv_DOBA/agg_records/pkl/round_0091_apra.pkl
92,apra,success,"[0, 71, 20, 25, 14, 1, 9, 61, 11, 89]","[14, 61, 11, 89]","[0, 71, 20, 25, 1, 9]",10,4,"[""apra_mad_filter"", ""apra_hierarchical_cluster"", ""apra_trust_weighted_clip""]",../main/re_result_6-29_APRA/cifar10_500_Jul.01_20.04.02_apra_fix_True_no-mia_no-mia-class_no-noise_sin-adv_DOBA/agg_records/pkl/round_0092_apra.pkl
93,apra,success,"[3, 16, 78, 75, 38, 41, 60, 95, 33, 6]","[78, 75, 38, 60, 33, 6]","[3, 16, 41, 95]",10,6,"[""apra_mad_filter"", ""apra_hierarchical_cluster"", ""apra_trust_weighted_clip""]",../main/re_result_6-29_APRA/cifar10_500_Jul.01_20.04.02_apra_fix_True_no-mia_no-mia-class_no-noise_sin-adv_DOBA/agg_records/pkl/round_0093_apra.pkl
94,apra,success,"[2, 98, 15, 78, 86, 82, 74, 47, 4, 71]","[15, 78, 86, 82, 74, 71]","[2, 98, 47, 4]",10,6,"[""apra_mad_filter"", ""apra_hierarchical_cluster"", ""apra_trust_weighted_clip""]",../main/re_result_6-29_APRA/cifar10_500_Jul.01_20.04.02_apra_fix_True_no-mia_no-mia-class_no-noise_sin-adv_DOBA/agg_records/pkl/round_0094_apra.pkl
95,apra,success,"[0, 77, 91, 2, 1, 97, 43, 53, 99, 57]","[77, 91, 43, 53, 99, 57]","[0, 2, 1, 97]",10,6,"[""apra_mad_filter"", ""apra_hierarchical_cluster"", ""apra_trust_weighted_clip""]",../main/re_result_6-29_APRA/cifar10_500_Jul.01_20.04.02_apra_fix_True_no-mia_no-mia-class_no-noise_sin-adv_DOBA/agg_records/pkl/round_0095_apra.pkl
96,apra,success,"[1, 82, 46, 21, 54, 29, 47, 77, 48, 12]","[82, 46, 21, 29, 47, 77, 48, 12]","[1, 54]",10,8,"[""apra_mad_filter"", ""apra_hierarchical_cluster"", ""apra_trust_weighted_clip""]",../main/re_result_6-29_APRA/cifar10_500_Jul.01_20.04.02_apra_fix_True_no-mia_no-mia-class_no-noise_sin-adv_DOBA/agg_records/pkl/round_0096_apra.pkl
97,apra,success,"[3, 56, 31, 47, 24, 34, 15, 84, 4, 20]","[56, 47, 24, 34, 15, 84, 20]","[3, 31, 4]",10,7,"[""apra_mad_filter"", ""apra_hierarchical_cluster"", ""apra_trust_weighted_clip""]",../main/re_result_6-29_APRA/cifar10_500_Jul.01_20.04.02_apra_fix_True_no-mia_no-mia-class_no-noise_sin-adv_DOBA/agg_records/pkl/round_0097_apra.pkl
98,apra,success,"[1, 68, 97, 49, 62, 13, 7, 51, 54, 42]","[68, 49, 62, 13, 7, 51, 42]","[1, 97, 54]",10,7,"[""apra_mad_filter"", ""apra_hierarchical_cluster"", ""apra_trust_weighted_clip""]",../main/re_result_6-29_APRA/cifar10_500_Jul.01_20.04.02_apra_fix_True_no-mia_no-mia-class_no-noise_sin-adv_DOBA/agg_records/pkl/round_0098_apra.pkl
99,apra,success,"[3, 2, 22, 38, 75, 25, 47, 58, 57, 37]","[22, 38, 75, 25, 58, 57, 37]","[3, 2, 47]",10,7,"[""apra_mad_filter"", ""apra_hierarchical_cluster"", ""apra_trust_weighted_clip""]",../main/re_result_6-29_APRA/cifar10_500_Jul.01_20.04.02_apra_fix_True_no-mia_no-mia-class_no-noise_sin-adv_DOBA/agg_records/pkl/round_0099_apra.pkl
100,apra,success,"[0, 86, 39, 75, 6, 48, 61, 11, 64, 44]","[0, 86, 39, 75, 6, 61, 11, 64, 44]",[48],10,9,"[""apra_mad_filter"", ""apra_hierarchical_cluster"", ""apra_trust_weighted_clip""]",../main/re_result_6-29_APRA/cifar10_500_Jul.01_20.04.02_apra_fix_True_no-mia_no-mia-class_no-noise_sin-adv_DOBA/agg_records/pkl/round_0100_apra.pkl
101,apra,success,"[1, 20, 17, 92, 64, 88, 80, 89, 87, 99]","[1, 20, 64, 80, 89, 87]","[17, 92, 88, 99]",10,6,"[""apra_mad_filter"", ""apra_hierarchical_cluster"", ""apra_trust_weighted_clip""]",../main/re_result_6-29_APRA/cifar10_500_Jul.01_20.04.02_apra_fix_True_no-mia_no-mia-class_no-noise_sin-adv_DOBA/agg_records/pkl/round_0101_apra.pkl
102,apra,success,"[2, 21, 51, 16, 41, 68, 60, 67, 80, 91]","[21, 16, 68, 60, 67, 91]","[2, 51, 41, 80]",10,6,"[""apra_mad_filter"", ""apra_hierarchical_cluster"", ""apra_trust_weighted_clip""]",../main/re_result_6-29_APRA/cifar10_500_Jul.01_20.04.02_apra_fix_True_no-mia_no-mia-class_no-noise_sin-adv_DOBA/agg_records/pkl/round_0102_apra.pkl
103,apra,success,"[4, 77, 92, 15, 52, 94, 71, 32, 13, 62]","[4, 77, 92, 94, 62]","[15, 52, 71, 32, 13]",10,5,"[""apra_mad_filter"", ""apra_hierarchical_cluster"", ""apra_trust_weighted_clip""]",../main/re_result_6-29_APRA/cifar10_500_Jul.01_20.04.02_apra_fix_True_no-mia_no-mia-class_no-noise_sin-adv_DOBA/agg_records/pkl/round_0103_apra.pkl
104,apra,success,"[0, 41, 15, 12, 9, 34, 21, 93, 38, 90]","[15, 12, 34, 21, 93, 38, 90]","[0, 41, 9]",10,7,"[""apra_mad_filter"", ""apra_hierarchical_cluster"", ""apra_trust_weighted_clip""]",../main/re_result_6-29_APRA/cifar10_500_Jul.01_20.04.02_apra_fix_True_no-mia_no-mia-class_no-noise_sin-adv_DOBA/agg_records/pkl/round_0104_apra.pkl
105,apra,success,"[4, 40, 47, 54, 57, 28, 10, 87, 27, 95]","[40, 57, 28, 10, 87, 27, 95]","[4, 47, 54]",10,7,"[""apra_mad_filter"", ""apra_hierarchical_cluster"", ""apra_trust_weighted_clip""]",../main/re_result_6-29_APRA/cifar10_500_Jul.01_20.04.02_apra_fix_True_no-mia_no-mia-class_no-noise_sin-adv_DOBA/agg_records/pkl/round_0105_apra.pkl
106,apra,success,"[3, 92, 34, 12, 74, 0, 88, 53, 52, 77]","[3, 92, 34, 12, 74, 0, 53, 52, 77]",[88],10,9,"[""apra_mad_filter"", ""apra_hierarchical_cluster"", ""apra_trust_weighted_clip""]",../main/re_result_6-29_APRA/cifar10_500_Jul.01_20.04.02_apra_fix_True_no-mia_no-mia-class_no-noise_sin-adv_DOBA/agg_records/pkl/round_0106_apra.pkl
107,apra,success,"[2, 40, 41, 84, 7, 70, 46, 61, 95, 0]","[40, 84, 7, 70, 46, 61]","[2, 41, 95, 0]",10,6,"[""apra_mad_filter"", ""apra_hierarchical_cluster"", ""apra_trust_weighted_clip""]",../main/re_result_6-29_APRA/cifar10_500_Jul.01_20.04.02_apra_fix_True_no-mia_no-mia-class_no-noise_sin-adv_DOBA/agg_records/pkl/round_0107_apra.pkl
108,apra,success,"[1, 33, 0, 16, 84, 12, 64, 52, 60, 4]","[1, 33, 16, 84, 12, 64, 52, 60]","[0, 4]",10,8,"[""apra_mad_filter"", ""apra_hierarchical_cluster"", ""apra_trust_weighted_clip""]",../main/re_result_6-29_APRA/cifar10_500_Jul.01_20.04.02_apra_fix_True_no-mia_no-mia-class_no-noise_sin-adv_DOBA/agg_records/pkl/round_0108_apra.pkl
109,apra,success,"[3, 14, 27, 84, 5, 15, 87, 17, 58, 28]","[3, 58]","[14, 27, 84, 5, 15, 87, 17, 28]",10,2,"[""apra_mad_filter"", ""apra_hierarchical_cluster"", ""apra_trust_weighted_clip""]",../main/re_result_6-29_APRA/cifar10_500_Jul.01_20.04.02_apra_fix_True_no-mia_no-mia-class_no-noise_sin-adv_DOBA/agg_records/pkl/round_0109_apra.pkl
110,apra,success,"[4, 29, 12, 86, 67, 81, 84, 59, 21, 3]","[29, 12, 86, 67, 81, 84, 21, 3]","[4, 59]",10,8,"[""apra_mad_filter"", ""apra_hierarchical_cluster"", ""apra_trust_weighted_clip""]",../main/re_result_6-29_APRA/cifar10_500_Jul.01_20.04.02_apra_fix_True_no-mia_no-mia-class_no-noise_sin-adv_DOBA/agg_records/pkl/round_0110_apra.pkl
111,apra,success,"[1, 41, 61, 76, 49, 46, 55, 34, 2, 4]","[1, 41, 61, 76, 49, 46, 55, 34, 2]",[4],10,9,"[""apra_mad_filter"", ""apra_hierarchical_cluster"", ""apra_trust_weighted_clip""]",../main/re_result_6-29_APRA/cifar10_500_Jul.01_20.04.02_apra_fix_True_no-mia_no-mia-class_no-noise_sin-adv_DOBA/agg_records/pkl/round_0111_apra.pkl
112,apra,success,"[0, 73, 9, 86, 84, 95, 41, 38, 17, 52]","[86, 84, 41, 38, 17]","[0, 73, 9, 95, 52]",10,5,"[""apra_mad_filter"", ""apra_hierarchical_cluster"", ""apra_trust_weighted_clip""]",../main/re_result_6-29_APRA/cifar10_500_Jul.01_20.04.02_apra_fix_True_no-mia_no-mia-class_no-noise_sin-adv_DOBA/agg_records/pkl/round_0112_apra.pkl
113,apra,success,"[0, 91, 57, 71, 20, 38, 10, 16, 54, 36]","[0, 91, 57, 71, 20, 38, 10, 16, 36]",[54],10,9,"[""apra_mad_filter"", ""apra_hierarchical_cluster"", ""apra_trust_weighted_clip""]",../main/re_result_6-29_APRA/cifar10_500_Jul.01_20.04.02_apra_fix_True_no-mia_no-mia-class_no-noise_sin-adv_DOBA/agg_records/pkl/round_0113_apra.pkl
114,apra,success,"[1, 35, 98, 89, 23, 39, 85, 91, 9, 16]","[1, 35, 98, 89, 23, 39, 91, 9, 16]",[85],10,9,"[""apra_mad_filter"", ""apra_hierarchical_cluster"", ""apra_trust_weighted_clip""]",../main/re_result_6-29_APRA/cifar10_500_Jul.01_20.04.02_apra_fix_True_no-mia_no-mia-class_no-noise_sin-adv_DOBA/agg_records/pkl/round_0114_apra.pkl
115,apra,success,"[2, 61, 41, 38, 85, 51, 56, 19, 36, 97]","[2, 61, 41, 38, 85, 51, 56, 36]","[19, 97]",10,8,"[""apra_mad_filter"", ""apra_hierarchical_cluster"", ""apra_trust_weighted_clip""]",../main/re_result_6-29_APRA/cifar10_500_Jul.01_20.04.02_apra_fix_True_no-mia_no-mia-class_no-noise_sin-adv_DOBA/agg_records/pkl/round_0115_apra.pkl
116,apra,success,"[4, 19, 17, 30, 8, 83, 55, 38, 96, 10]","[8, 83, 55, 38, 96]","[4, 19, 17, 30, 10]",10,5,"[""apra_mad_filter"", ""apra_hierarchical_cluster"", ""apra_trust_weighted_clip""]",../main/re_result_6-29_APRA/cifar10_500_Jul.01_20.04.02_apra_fix_True_no-mia_no-mia-class_no-noise_sin-adv_DOBA/agg_records/pkl/round_0116_apra.pkl
117,apra,success,"[0, 55, 66, 34, 52, 8, 29, 67, 77, 45]","[66, 34, 52, 8, 29, 67, 77]","[0, 55, 45]",10,7,"[""apra_mad_filter"", ""apra_hierarchical_cluster"", ""apra_trust_weighted_clip""]",../main/re_result_6-29_APRA/cifar10_500_Jul.01_20.04.02_apra_fix_True_no-mia_no-mia-class_no-noise_sin-adv_DOBA/agg_records/pkl/round_0117_apra.pkl
118,apra,success,"[0, 81, 90, 44, 79, 20, 31, 36, 89, 55]","[81, 90, 44, 79, 20, 36, 89, 55]","[0, 31]",10,8,"[""apra_mad_filter"", ""apra_hierarchical_cluster"", ""apra_trust_weighted_clip""]",../main/re_result_6-29_APRA/cifar10_500_Jul.01_20.04.02_apra_fix_True_no-mia_no-mia-class_no-noise_sin-adv_DOBA/agg_records/pkl/round_0118_apra.pkl
119,apra,success,"[3, 41, 19, 9, 97, 64, 37, 55, 33, 42]","[9, 97]","[3, 41, 19, 64, 37, 55, 33, 42]",10,2,"[""apra_mad_filter"", ""apra_hierarchical_cluster"", ""apra_trust_weighted_clip""]",../main/re_result_6-29_APRA/cifar10_500_Jul.01_20.04.02_apra_fix_True_no-mia_no-mia-class_no-noise_sin-adv_DOBA/agg_records/pkl/round_0119_apra.pkl
120,apra,success,"[1, 98, 30, 13, 56, 97, 35, 75, 41, 2]","[1, 98, 30, 13, 56, 97, 35, 75]","[41, 2]",10,8,"[""apra_mad_filter"", ""apra_hierarchical_cluster"", ""apra_trust_weighted_clip""]",../main/re_result_6-29_APRA/cifar10_500_Jul.01_20.04.02_apra_fix_True_no-mia_no-mia-class_no-noise_sin-adv_DOBA/agg_records/pkl/round_0120_apra.pkl
121,apra,success,"[3, 5, 42, 83, 37, 14, 13, 89, 28, 61]","[3, 5, 83, 37, 14, 89, 28, 61]","[42, 13]",10,8,"[""apra_mad_filter"", ""apra_hierarchical_cluster"", ""apra_trust_weighted_clip""]",../main/re_result_6-29_APRA/cifar10_500_Jul.01_20.04.02_apra_fix_True_no-mia_no-mia-class_no-noise_sin-adv_DOBA/agg_records/pkl/round_0121_apra.pkl
122,apra,success,"[0, 29, 83, 87, 38, 55, 96, 31, 81, 14]","[29, 83, 87, 38, 55, 96, 81, 14]","[0, 31]",10,8,"[""apra_mad_filter"", ""apra_hierarchical_cluster"", ""apra_trust_weighted_clip""]",../main/re_result_6-29_APRA/cifar10_500_Jul.01_20.04.02_apra_fix_True_no-mia_no-mia-class_no-noise_sin-adv_DOBA/agg_records/pkl/round_0122_apra.pkl
123,apra,success,"[0, 64, 70, 77, 88, 6, 82, 62, 69, 55]","[64, 70, 77, 6, 82, 62, 69]","[0, 88, 55]",10,7,"[""apra_mad_filter"", ""apra_hierarchical_cluster"", ""apra_trust_weighted_clip""]",../main/re_result_6-29_APRA/cifar10_500_Jul.01_20.04.02_apra_fix_True_no-mia_no-mia-class_no-noise_sin-adv_DOBA/agg_records/pkl/round_0123_apra.pkl
124,apra,success,"[4, 88, 96, 42, 58, 49, 7, 15, 72, 99]","[96, 49, 15]","[4, 88, 42, 58, 7, 72, 99]",10,3,"[""apra_mad_filter"", ""apra_hierarchical_cluster"", ""apra_trust_weighted_clip""]",../main/re_result_6-29_APRA/cifar10_500_Jul.01_20.04.02_apra_fix_True_no-mia_no-mia-class_no-noise_sin-adv_DOBA/agg_records/pkl/round_0124_apra.pkl
125,apra,success,"[4, 30, 1, 36, 14, 90, 87, 42, 82, 37]","[1, 36, 14, 90, 87, 42, 82, 37]","[4, 30]",10,8,"[""apra_mad_filter"", ""apra_hierarchical_cluster"", ""apra_trust_weighted_clip""]",../main/re_result_6-29_APRA/cifar10_500_Jul.01_20.04.02_apra_fix_True_no-mia_no-mia-class_no-noise_sin-adv_DOBA/agg_records/pkl/round_0125_apra.pkl
126,apra,success,"[3, 40, 64, 31, 35, 90, 29, 48, 84, 78]","[3, 64, 35, 90, 78]","[40, 31, 29, 48, 84]",10,5,"[""apra_mad_filter"", ""apra_hierarchical_cluster"", ""apra_trust_weighted_clip""]",../main/re_result_6-29_APRA/cifar10_500_Jul.01_20.04.02_apra_fix_True_no-mia_no-mia-class_no-noise_sin-adv_DOBA/agg_records/pkl/round_0126_apra.pkl
127,apra,success,"[3, 32, 56, 98, 78, 62, 5, 13, 86, 55]","[3, 56, 98, 78, 5, 86]","[32, 62, 13, 55]",10,6,"[""apra_mad_filter"", ""apra_hierarchical_cluster"", ""apra_trust_weighted_clip""]",../main/re_result_6-29_APRA/cifar10_500_Jul.01_20.04.02_apra_fix_True_no-mia_no-mia-class_no-noise_sin-adv_DOBA/agg_records/pkl/round_0127_apra.pkl
128,apra,success,"[4, 99, 47, 20, 31, 10, 86, 90, 62, 41]","[4, 99, 47, 20, 10, 86, 90, 62, 41]",[31],10,9,"[""apra_mad_filter"", ""apra_hierarchical_cluster"", ""apra_trust_weighted_clip""]",../main/re_result_6-29_APRA/cifar10_500_Jul.01_20.04.02_apra_fix_True_no-mia_no-mia-class_no-noise_sin-adv_DOBA/agg_records/pkl/round_0128_apra.pkl
129,apra,success,"[0, 33, 1, 73, 28, 61, 3, 11, 96, 15]","[0, 33, 1, 28, 61, 3, 11, 96, 15]",[73],10,9,"[""apra_mad_filter"", ""apra_hierarchical_cluster"", ""apra_trust_weighted_clip""]",../main/re_result_6-29_APRA/cifar10_500_Jul.01_20.04.02_apra_fix_True_no-mia_no-mia-class_no-noise_sin-adv_DOBA/agg_records/pkl/round_0129_apra.pkl
130,apra,success,"[4, 42, 80, 51, 72, 74, 90, 58, 35, 83]","[80, 51, 72, 74, 90, 58, 35, 83]","[4, 42]",10,8,"[""apra_mad_filter"", ""apra_hierarchical_cluster"", ""apra_trust_weighted_clip""]",../main/re_result_6-29_APRA/cifar10_500_Jul.01_20.04.02_apra_fix_True_no-mia_no-mia-class_no-noise_sin-adv_DOBA/agg_records/pkl/round_0130_apra.pkl
131,apra,success,"[0, 95, 80, 46, 22, 73, 3, 42, 93, 85]","[73, 42]","[0, 95, 80, 46, 22, 3, 93, 85]",10,2,"[""apra_mad_filter"", ""apra_hierarchical_cluster"", ""apra_trust_weighted_clip""]",../main/re_result_6-29_APRA/cifar10_500_Jul.01_20.04.02_apra_fix_True_no-mia_no-mia-class_no-noise_sin-adv_DOBA/agg_records/pkl/round_0131_apra.pkl
132,apra,success,"[2, 5, 77, 45, 62, 74, 20, 65, 9, 68]","[5, 77, 62, 65, 68]","[2, 45, 74, 20, 9]",10,5,"[""apra_mad_filter"", ""apra_hierarchical_cluster"", ""apra_trust_weighted_clip""]",../main/re_result_6-29_APRA/cifar10_500_Jul.01_20.04.02_apra_fix_True_no-mia_no-mia-class_no-noise_sin-adv_DOBA/agg_records/pkl/round_0132_apra.pkl
133,apra,success,"[2, 58, 94, 20, 50, 51, 65, 7, 27, 95]","[58, 94, 50, 51, 27]","[2, 20, 65, 7, 95]",10,5,"[""apra_mad_filter"", ""apra_hierarchical_cluster"", ""apra_trust_weighted_clip""]",../main/re_result_6-29_APRA/cifar10_500_Jul.01_20.04.02_apra_fix_True_no-mia_no-mia-class_no-noise_sin-adv_DOBA/agg_records/pkl/round_0133_apra.pkl
134,apra,success,"[4, 78, 82, 23, 37, 10, 55, 13, 12, 77]","[78, 23, 37, 10, 55, 13, 77]","[4, 82, 12]",10,7,"[""apra_mad_filter"", ""apra_hierarchical_cluster"", ""apra_trust_weighted_clip""]",../main/re_result_6-29_APRA/cifar10_500_Jul.01_20.04.02_apra_fix_True_no-mia_no-mia-class_no-noise_sin-adv_DOBA/agg_records/pkl/round_0134_apra.pkl
135,apra,success,"[2, 35, 5, 89, 93, 82, 49, 23, 95, 63]","[2, 35, 89, 49, 23, 63]","[5, 93, 82, 95]",10,6,"[""apra_mad_filter"", ""apra_hierarchical_cluster"", ""apra_trust_weighted_clip""]",../main/re_result_6-29_APRA/cifar10_500_Jul.01_20.04.02_apra_fix_True_no-mia_no-mia-class_no-noise_sin-adv_DOBA/agg_records/pkl/round_0135_apra.pkl
136,apra,success,"[4, 83, 79, 3, 66, 69, 95, 96, 84, 7]","[4, 83, 79, 3, 66, 69, 84]","[95, 96, 7]",10,7,"[""apra_mad_filter"", ""apra_hierarchical_cluster"", ""apra_trust_weighted_clip""]",../main/re_result_6-29_APRA/cifar10_500_Jul.01_20.04.02_apra_fix_True_no-mia_no-mia-class_no-noise_sin-adv_DOBA/agg_records/pkl/round_0136_apra.pkl
137,apra,success,"[3, 65, 26, 12, 98, 16, 20, 86, 59, 75]","[3, 65, 12, 98, 20, 86, 75]","[26, 16, 59]",10,7,"[""apra_mad_filter"", ""apra_hierarchical_cluster"", ""apra_trust_weighted_clip""]",../main/re_result_6-29_APRA/cifar10_500_Jul.01_20.04.02_apra_fix_True_no-mia_no-mia-class_no-noise_sin-adv_DOBA/agg_records/pkl/round_0137_apra.pkl
138,apra,success,"[2, 78, 18, 71, 20, 21, 27, 31, 11, 24]","[2, 78, 18, 71, 21, 27]","[20, 31, 11, 24]",10,6,"[""apra_mad_filter"", ""apra_hierarchical_cluster"", ""apra_trust_weighted_clip""]",../main/re_result_6-29_APRA/cifar10_500_Jul.01_20.04.02_apra_fix_True_no-mia_no-mia-class_no-noise_sin-adv_DOBA/agg_records/pkl/round_0138_apra.pkl
139,apra,success,"[2, 50, 63, 64, 18, 45, 0, 89, 91, 28]","[2, 50, 63, 64, 18, 45, 89, 28]","[0, 91]",10,8,"[""apra_mad_filter"", ""apra_hierarchical_cluster"", ""apra_trust_weighted_clip""]",../main/re_result_6-29_APRA/cifar10_500_Jul.01_20.04.02_apra_fix_True_no-mia_no-mia-class_no-noise_sin-adv_DOBA/agg_records/pkl/round_0139_apra.pkl
140,apra,success,"[4, 45, 97, 55, 16, 23, 89, 59, 90, 15]","[55, 16, 23, 89, 90, 15]","[4, 45, 97, 59]",10,6,"[""apra_mad_filter"", ""apra_hierarchical_cluster"", ""apra_trust_weighted_clip""]",../main/re_result_6-29_APRA/cifar10_500_Jul.01_20.04.02_apra_fix_True_no-mia_no-mia-class_no-noise_sin-adv_DOBA/agg_records/pkl/round_0140_apra.pkl
141,apra,success,"[2, 12, 25, 36, 23, 64, 84, 91, 19, 26]","[12, 23, 64, 84, 91, 26]","[2, 25, 36, 19]",10,6,"[""apra_mad_filter"", ""apra_hierarchical_cluster"", ""apra_trust_weighted_clip""]",../main/re_result_6-29_APRA/cifar10_500_Jul.01_20.04.02_apra_fix_True_no-mia_no-mia-class_no-noise_sin-adv_DOBA/agg_records/pkl/round_0141_apra.pkl
142,apra,success,"[2, 84, 63, 30, 90, 33, 24, 13, 87, 40]","[2, 84, 63, 90, 33, 13, 87, 40]","[30, 24]",10,8,"[""apra_mad_filter"", ""apra_hierarchical_cluster"", ""apra_trust_weighted_clip""]",../main/re_result_6-29_APRA/cifar10_500_Jul.01_20.04.02_apra_fix_True_no-mia_no-mia-class_no-noise_sin-adv_DOBA/agg_records/pkl/round_0142_apra.pkl
143,apra,success,"[1, 2, 78, 33, 24, 5, 57, 77, 31, 62]","[1, 2, 78, 33, 24, 5, 57, 77, 62]",[31],10,9,"[""apra_mad_filter"", ""apra_hierarchical_cluster"", ""apra_trust_weighted_clip""]",../main/re_result_6-29_APRA/cifar10_500_Jul.01_20.04.02_apra_fix_True_no-mia_no-mia-class_no-noise_sin-adv_DOBA/agg_records/pkl/round_0143_apra.pkl
144,apra,success,"[2, 15, 48, 84, 66, 59, 9, 80, 91, 79]","[15, 84, 66, 59, 80, 91, 79]","[2, 48, 9]",10,7,"[""apra_mad_filter"", ""apra_hierarchical_cluster"", ""apra_trust_weighted_clip""]",../main/re_result_6-29_APRA/cifar10_500_Jul.01_20.04.02_apra_fix_True_no-mia_no-mia-class_no-noise_sin-adv_DOBA/agg_records/pkl/round_0144_apra.pkl
145,apra,success,"[2, 19, 44, 7, 85, 43, 73, 18, 29, 83]","[2, 19, 44, 7, 85, 43, 18, 29, 83]",[73],10,9,"[""apra_mad_filter"", ""apra_hierarchical_cluster"", ""apra_trust_weighted_clip""]",../main/re_result_6-29_APRA/cifar10_500_Jul.01_20.04.02_apra_fix_True_no-mia_no-mia-class_no-noise_sin-adv_DOBA/agg_records/pkl/round_0145_apra.pkl
146,apra,success,"[0, 99, 74, 47, 46, 89, 95, 88, 71, 63]","[99, 74, 47, 46, 89, 95, 71, 63]","[0, 88]",10,8,"[""apra_mad_filter"", ""apra_hierarchical_cluster"", ""apra_trust_weighted_clip""]",../main/re_result_6-29_APRA/cifar10_500_Jul.01_20.04.02_apra_fix_True_no-mia_no-mia-class_no-noise_sin-adv_DOBA/agg_records/pkl/round_0146_apra.pkl
147,apra,success,"[3, 78, 91, 29, 51, 38, 86, 24, 63, 27]","[3, 78, 91, 29, 38, 86, 63, 27]","[51, 24]",10,8,"[""apra_mad_filter"", ""apra_hierarchical_cluster"", ""apra_trust_weighted_clip""]",../main/re_result_6-29_APRA/cifar10_500_Jul.01_20.04.02_apra_fix_True_no-mia_no-mia-class_no-noise_sin-adv_DOBA/agg_records/pkl/round_0147_apra.pkl
148,apra,success,"[3, 75, 45, 59, 20, 29, 67, 93, 81, 13]","[3, 75, 20, 29, 93, 13]","[45, 59, 67, 81]",10,6,"[""apra_mad_filter"", ""apra_hierarchical_cluster"", ""apra_trust_weighted_clip""]",../main/re_result_6-29_APRA/cifar10_500_Jul.01_20.04.02_apra_fix_True_no-mia_no-mia-class_no-noise_sin-adv_DOBA/agg_records/pkl/round_0148_apra.pkl
149,apra,success,"[3, 88, 10, 17, 75, 20, 11, 31, 42, 14]","[3, 10, 17, 75, 20, 11, 42, 14]","[88, 31]",10,8,"[""apra_mad_filter"", ""apra_hierarchical_cluster"", ""apra_trust_weighted_clip""]",../main/re_result_6-29_APRA/cifar10_500_Jul.01_20.04.02_apra_fix_True_no-mia_no-mia-class_no-noise_sin-adv_DOBA/agg_records/pkl/round_0149_apra.pkl
150,apra,success,"[0, 85, 82, 10, 31, 84, 27, 7, 14, 4]","[85, 82, 10, 31, 84, 7, 4]","[0, 27, 14]",10,7,"[""apra_mad_filter"", ""apra_hierarchical_cluster"", ""apra_trust_weighted_clip""]",../main/re_result_6-29_APRA/cifar10_500_Jul.01_20.04.02_apra_fix_True_no-mia_no-mia-class_no-noise_sin-adv_DOBA/agg_records/pkl/round_0150_apra.pkl
151,apra,success,"[3, 43, 25, 48, 98, 87, 6, 23, 34, 52]","[3, 43, 25, 98, 87, 6, 23, 34]","[48, 52]",10,8,"[""apra_mad_filter"", ""apra_hierarchical_cluster"", ""apra_trust_weighted_clip""]",../main/re_result_6-29_APRA/cifar10_500_Jul.01_20.04.02_apra_fix_True_no-mia_no-mia-class_no-noise_sin-adv_DOBA/agg_records/pkl/round_0151_apra.pkl
152,apra,success,"[4, 36, 68, 37, 92, 94, 14, 22, 28, 18]","[68, 37, 92, 94, 14, 22, 28, 18]","[4, 36]",10,8,"[""apra_mad_filter"", ""apra_hierarchical_cluster"", ""apra_trust_weighted_clip""]",../main/re_result_6-29_APRA/cifar10_500_Jul.01_20.04.02_apra_fix_True_no-mia_no-mia-class_no-noise_sin-adv_DOBA/agg_records/pkl/round_0152_apra.pkl
153,apra,success,"[1, 24, 30, 22, 5, 72, 62, 32, 68, 97]","[1, 24, 30, 22, 5, 72, 32, 68, 97]",[62],10,9,"[""apra_mad_filter"", ""apra_hierarchical_cluster"", ""apra_trust_weighted_clip""]",../main/re_result_6-29_APRA/cifar10_500_Jul.01_20.04.02_apra_fix_True_no-mia_no-mia-class_no-noise_sin-adv_DOBA/agg_records/pkl/round_0153_apra.pkl
154,apra,success,"[2, 91, 61, 8, 99, 97, 98, 93, 74, 39]","[91, 97, 98, 93, 39]","[2, 61, 8, 99, 74]",10,5,"[""apra_mad_filter"", ""apra_hierarchical_cluster"", ""apra_trust_weighted_clip""]",../main/re_result_6-29_APRA/cifar10_500_Jul.01_20.04.02_apra_fix_True_no-mia_no-mia-class_no-noise_sin-adv_DOBA/agg_records/pkl/round_0154_apra.pkl
155,apra,success,"[1, 75, 14, 32, 62, 2, 68, 46, 72, 57]","[1, 75, 14, 68, 46, 57]","[32, 62, 2, 72]",10,6,"[""apra_mad_filter"", ""apra_hierarchical_cluster"", ""apra_trust_weighted_clip""]",../main/re_result_6-29_APRA/cifar10_500_Jul.01_20.04.02_apra_fix_True_no-mia_no-mia-class_no-noise_sin-adv_DOBA/agg_records/pkl/round_0155_apra.pkl
156,apra,success,"[4, 27, 62, 80, 22, 16, 29, 15, 55, 95]","[27, 80, 22, 16, 29, 15]","[4, 62, 55, 95]",10,6,"[""apra_mad_filter"", ""apra_hierarchical_cluster"", ""apra_trust_weighted_clip""]",../main/re_result_6-29_APRA/cifar10_500_Jul.01_20.04.02_apra_fix_True_no-mia_no-mia-class_no-noise_sin-adv_DOBA/agg_records/pkl/round_0156_apra.pkl
157,apra,success,"[4, 24, 18, 49, 84, 7, 67, 0, 80, 77]","[4, 24, 18, 49, 84, 7, 67, 80, 77]",[0],10,9,"[""apra_mad_filter"", ""apra_hierarchical_cluster"", ""apra_trust_weighted_clip""]",../main/re_result_6-29_APRA/cifar10_500_Jul.01_20.04.02_apra_fix_True_no-mia_no-mia-class_no-noise_sin-adv_DOBA/agg_records/pkl/round_0157_apra.pkl
158,apra,success,"[1, 58, 9, 48, 14, 80, 30, 10, 70, 39]","[58, 9, 14, 80, 30, 70, 39]","[1, 48, 10]",10,7,"[""apra_mad_filter"", ""apra_hierarchical_cluster"", ""apra_trust_weighted_clip""]",../main/re_result_6-29_APRA/cifar10_500_Jul.01_20.04.02_apra_fix_True_no-mia_no-mia-class_no-noise_sin-adv_DOBA/agg_records/pkl/round_0158_apra.pkl
159,apra,success,"[2, 92, 77, 70, 72, 99, 32, 0, 26, 57]","[2, 92, 77, 70, 72, 99, 26]","[32, 0, 57]",10,7,"[""apra_mad_filter"", ""apra_hierarchical_cluster"", ""apra_trust_weighted_clip""]",../main/re_result_6-29_APRA/cifar10_500_Jul.01_20.04.02_apra_fix_True_no-mia_no-mia-class_no-noise_sin-adv_DOBA/agg_records/pkl/round_0159_apra.pkl
160,apra,success,"[2, 84, 57, 95, 30, 70, 16, 13, 29, 27]","[84, 57, 30, 70, 16, 13, 29, 27]","[2, 95]",10,8,"[""apra_mad_filter"", ""apra_hierarchical_cluster"", ""apra_trust_weighted_clip""]",../main/re_result_6-29_APRA/cifar10_500_Jul.01_20.04.02_apra_fix_True_no-mia_no-mia-class_no-noise_sin-adv_DOBA/agg_records/pkl/round_0160_apra.pkl
161,apra,success,"[3, 8, 86, 33, 74, 35, 51, 22, 40, 47]","[3, 8, 86, 33, 74, 35, 22, 40]","[51, 47]",10,8,"[""apra_mad_filter"", ""apra_hierarchical_cluster"", ""apra_trust_weighted_clip""]",../main/re_result_6-29_APRA/cifar10_500_Jul.01_20.04.02_apra_fix_True_no-mia_no-mia-class_no-noise_sin-adv_DOBA/agg_records/pkl/round_0161_apra.pkl
162,apra,success,"[2, 40, 4, 57, 63, 1, 42, 30, 46, 84]","[2, 4, 57, 63, 1, 30, 46, 84]","[40, 42]",10,8,"[""apra_mad_filter"", ""apra_hierarchical_cluster"", ""apra_trust_weighted_clip""]",../main/re_result_6-29_APRA/cifar10_500_Jul.01_20.04.02_apra_fix_True_no-mia_no-mia-class_no-noise_sin-adv_DOBA/agg_records/pkl/round_0162_apra.pkl
163,apra,success,"[4, 67, 17, 27, 34, 71, 93, 13, 86, 16]","[27, 34, 71, 93, 13, 86, 16]","[4, 67, 17]",10,7,"[""apra_mad_filter"", ""apra_hierarchical_cluster"", ""apra_trust_weighted_clip""]",../main/re_result_6-29_APRA/cifar10_500_Jul.01_20.04.02_apra_fix_True_no-mia_no-mia-class_no-noise_sin-adv_DOBA/agg_records/pkl/round_0163_apra.pkl
164,apra,success,"[4, 3, 86, 72, 23, 73, 84, 96, 30, 67]","[4, 3, 86, 72, 23, 73, 84, 30, 67]",[96],10,9,"[""apra_mad_filter"", ""apra_hierarchical_cluster"", ""apra_trust_weighted_clip""]",../main/re_result_6-29_APRA/cifar10_500_Jul.01_20.04.02_apra_fix_True_no-mia_no-mia-class_no-noise_sin-adv_DOBA/agg_records/pkl/round_0164_apra.pkl
165,apra,success,"[2, 8, 18, 94, 69, 36, 63, 62, 76, 71]","[2, 18, 94, 69, 62, 76]","[8, 36, 63, 71]",10,6,"[""apra_mad_filter"", ""apra_hierarchical_cluster"", ""apra_trust_weighted_clip""]",../main/re_result_6-29_APRA/cifar10_500_Jul.01_20.04.02_apra_fix_True_no-mia_no-mia-class_no-noise_sin-adv_DOBA/agg_records/pkl/round_0165_apra.pkl
166,apra,success,"[1, 44, 66, 63, 95, 46, 29, 60, 9, 48]","[1, 66, 46, 29, 60, 9]","[44, 63, 95, 48]",10,6,"[""apra_mad_filter"", ""apra_hierarchical_cluster"", ""apra_trust_weighted_clip""]",../main/re_result_6-29_APRA/cifar10_500_Jul.01_20.04.02_apra_fix_True_no-mia_no-mia-class_no-noise_sin-adv_DOBA/agg_records/pkl/round_0166_apra.pkl
167,apra,success,"[3, 99, 38, 13, 42, 31, 28, 96, 5, 58]","[3, 38, 13, 42, 28, 96, 58]","[99, 31, 5]",10,7,"[""apra_mad_filter"", ""apra_hierarchical_cluster"", ""apra_trust_weighted_clip""]",../main/re_result_6-29_APRA/cifar10_500_Jul.01_20.04.02_apra_fix_True_no-mia_no-mia-class_no-noise_sin-adv_DOBA/agg_records/pkl/round_0167_apra.pkl
168,apra,success,"[0, 49, 53, 54, 88, 64, 8, 83, 85, 90]","[49, 53, 64, 8, 83, 85, 90]","[0, 54, 88]",10,7,"[""apra_mad_filter"", ""apra_hierarchical_cluster"", ""apra_trust_weighted_clip""]",../main/re_result_6-29_APRA/cifar10_500_Jul.01_20.04.02_apra_fix_True_no-mia_no-mia-class_no-noise_sin-adv_DOBA/agg_records/pkl/round_0168_apra.pkl
169,apra,success,"[3, 28, 98, 30, 12, 13, 74, 9, 92, 56]","[3, 98, 13, 74, 9, 92]","[28, 30, 12, 56]",10,6,"[""apra_mad_filter"", ""apra_hierarchical_cluster"", ""apra_trust_weighted_clip""]",../main/re_result_6-29_APRA/cifar10_500_Jul.01_20.04.02_apra_fix_True_no-mia_no-mia-class_no-noise_sin-adv_DOBA/agg_records/pkl/round_0169_apra.pkl
170,apra,success,"[0, 14, 76, 43, 44, 96, 29, 4, 77, 32]","[14, 76, 43, 44, 96, 29, 4, 77]","[0, 32]",10,8,"[""apra_mad_filter"", ""apra_hierarchical_cluster"", ""apra_trust_weighted_clip""]",../main/re_result_6-29_APRA/cifar10_500_Jul.01_20.04.02_apra_fix_True_no-mia_no-mia-class_no-noise_sin-adv_DOBA/agg_records/pkl/round_0170_apra.pkl
171,apra,success,"[3, 27, 93, 15, 25, 33, 88, 8, 30, 63]","[3, 27, 93, 15, 33, 63]","[25, 88, 8, 30]",10,6,"[""apra_mad_filter"", ""apra_hierarchical_cluster"", ""apra_trust_weighted_clip""]",../main/re_result_6-29_APRA/cifar10_500_Jul.01_20.04.02_apra_fix_True_no-mia_no-mia-class_no-noise_sin-adv_DOBA/agg_records/pkl/round_0171_apra.pkl
172,apra,success,"[3, 80, 10, 60, 1, 28, 63, 74, 81, 84]","[60, 1, 28, 63, 74, 81, 84]","[3, 80, 10]",10,7,"[""apra_mad_filter"", ""apra_hierarchical_cluster"", ""apra_trust_weighted_clip""]",../main/re_result_6-29_APRA/cifar10_500_Jul.01_20.04.02_apra_fix_True_no-mia_no-mia-class_no-noise_sin-adv_DOBA/agg_records/pkl/round_0172_apra.pkl
173,apra,success,"[1, 4, 54, 13, 69, 75, 18, 7, 2, 37]","[1, 13, 69, 75, 18, 7, 2, 37]","[4, 54]",10,8,"[""apra_mad_filter"", ""apra_hierarchical_cluster"", ""apra_trust_weighted_clip""]",../main/re_result_6-29_APRA/cifar10_500_Jul.01_20.04.02_apra_fix_True_no-mia_no-mia-class_no-noise_sin-adv_DOBA/agg_records/pkl/round_0173_apra.pkl
174,apra,success,"[2, 67, 17, 6, 62, 19, 13, 51, 24, 35]","[67, 6, 62, 19, 51, 24, 35]","[2, 17, 13]",10,7,"[""apra_mad_filter"", ""apra_hierarchical_cluster"", ""apra_trust_weighted_clip""]",../main/re_result_6-29_APRA/cifar10_500_Jul.01_20.04.02_apra_fix_True_no-mia_no-mia-class_no-noise_sin-adv_DOBA/agg_records/pkl/round_0174_apra.pkl
175,apra,success,"[3, 89, 39, 17, 56, 72, 35, 62, 32, 19]","[3, 89, 39, 17, 56, 72, 35, 19]","[62, 32]",10,8,"[""apra_mad_filter"", ""apra_hierarchical_cluster"", ""apra_trust_weighted_clip""]",../main/re_result_6-29_APRA/cifar10_500_Jul.01_20.04.02_apra_fix_True_no-mia_no-mia-class_no-noise_sin-adv_DOBA/agg_records/pkl/round_0175_apra.pkl
176,apra,success,"[2, 42, 8, 99, 55, 43, 18, 74, 85, 78]","[2, 42, 55, 43, 18, 78]","[8, 99, 74, 85]",10,6,"[""apra_mad_filter"", ""apra_hierarchical_cluster"", ""apra_trust_weighted_clip""]",../main/re_result_6-29_APRA/cifar10_500_Jul.01_20.04.02_apra_fix_True_no-mia_no-mia-class_no-noise_sin-adv_DOBA/agg_records/pkl/round_0176_apra.pkl
177,apra,success,"[0, 43, 92, 29, 50, 57, 80, 82, 16, 17]","[43, 92, 50, 57, 16]","[0, 29, 80, 82, 17]",10,5,"[""apra_mad_filter"", ""apra_hierarchical_cluster"", ""apra_trust_weighted_clip""]",../main/re_result_6-29_APRA/cifar10_500_Jul.01_20.04.02_apra_fix_True_no-mia_no-mia-class_no-noise_sin-adv_DOBA/agg_records/pkl/round_0177_apra.pkl
178,apra,success,"[0, 58, 21, 96, 94, 5, 80, 45, 62, 71]","[58, 21, 96, 94, 5, 80, 45, 62, 71]",[0],10,9,"[""apra_mad_filter"", ""apra_hierarchical_cluster"", ""apra_trust_weighted_clip""]",../main/re_result_6-29_APRA/cifar10_500_Jul.01_20.04.02_apra_fix_True_no-mia_no-mia-class_no-noise_sin-adv_DOBA/agg_records/pkl/round_0178_apra.pkl
179,apra,success,"[4, 2, 30, 41, 90, 42, 1, 69, 13, 73]","[4, 2, 30, 90, 42, 1, 69]","[41, 13, 73]",10,7,"[""apra_mad_filter"", ""apra_hierarchical_cluster"", ""apra_trust_weighted_clip""]",../main/re_result_6-29_APRA/cifar10_500_Jul.01_20.04.02_apra_fix_True_no-mia_no-mia-class_no-noise_sin-adv_DOBA/agg_records/pkl/round_0179_apra.pkl
180,apra,success,"[4, 97, 54, 70, 96, 34, 36, 42, 56, 91]","[4, 97, 70, 96, 34, 42, 56, 91]","[54, 36]",10,8,"[""apra_mad_filter"", ""apra_hierarchical_cluster"", ""apra_trust_weighted_clip""]",../main/re_result_6-29_APRA/cifar10_500_Jul.01_20.04.02_apra_fix_True_no-mia_no-mia-class_no-noise_sin-adv_DOBA/agg_records/pkl/round_0180_apra.pkl
181,apra,success,"[3, 96, 90, 93, 69, 11, 94, 58, 34, 38]","[3, 96, 90, 94, 58, 34, 38]","[93, 69, 11]",10,7,"[""apra_mad_filter"", ""apra_hierarchical_cluster"", ""apra_trust_weighted_clip""]",../main/re_result_6-29_APRA/cifar10_500_Jul.01_20.04.02_apra_fix_True_no-mia_no-mia-class_no-noise_sin-adv_DOBA/agg_records/pkl/round_0181_apra.pkl
182,apra,success,"[1, 5, 41, 34, 8, 82, 47, 11, 48, 89]","[1, 5, 34, 8, 82, 47, 11, 48, 89]",[41],10,9,"[""apra_mad_filter"", ""apra_hierarchical_cluster"", ""apra_trust_weighted_clip""]",../main/re_result_6-29_APRA/cifar10_500_Jul.01_20.04.02_apra_fix_True_no-mia_no-mia-class_no-noise_sin-adv_DOBA/agg_records/pkl/round_0182_apra.pkl
183,apra,success,"[2, 54, 62, 36, 1, 73, 23, 7, 15, 94]","[2, 62, 36, 1, 73, 23, 7, 15, 94]",[54],10,9,"[""apra_mad_filter"", ""apra_hierarchical_cluster"", ""apra_trust_weighted_clip""]",../main/re_result_6-29_APRA/cifar10_500_Jul.01_20.04.02_apra_fix_True_no-mia_no-mia-class_no-noise_sin-adv_DOBA/agg_records/pkl/round_0183_apra.pkl
184,apra,success,"[3, 83, 64, 41, 77, 95, 87, 32, 5, 4]","[3, 83, 64, 77, 87, 32]","[41, 95, 5, 4]",10,6,"[""apra_mad_filter"", ""apra_hierarchical_cluster"", ""apra_trust_weighted_clip""]",../main/re_result_6-29_APRA/cifar10_500_Jul.01_20.04.02_apra_fix_True_no-mia_no-mia-class_no-noise_sin-adv_DOBA/agg_records/pkl/round_0184_apra.pkl
185,apra,success,"[0, 29, 33, 81, 11, 39, 5, 45, 95, 69]","[0, 29, 33, 81, 11, 39, 5, 45, 69]",[95],10,9,"[""apra_mad_filter"", ""apra_hierarchical_cluster"", ""apra_trust_weighted_clip""]",../main/re_result_6-29_APRA/cifar10_500_Jul.01_20.04.02_apra_fix_True_no-mia_no-mia-class_no-noise_sin-adv_DOBA/agg_records/pkl/round_0185_apra.pkl
186,apra,success,"[0, 50, 81, 62, 3, 74, 10, 33, 35, 56]","[50, 81, 3, 74, 33, 35, 56]","[0, 62, 10]",10,7,"[""apra_mad_filter"", ""apra_hierarchical_cluster"", ""apra_trust_weighted_clip""]",../main/re_result_6-29_APRA/cifar10_500_Jul.01_20.04.02_apra_fix_True_no-mia_no-mia-class_no-noise_sin-adv_DOBA/agg_records/pkl/round_0186_apra.pkl
187,apra,success,"[2, 40, 67, 33, 0, 7, 1, 6, 38, 5]","[2, 40, 67, 33, 7, 1, 6, 38, 5]",[0],10,9,"[""apra_mad_filter"", ""apra_hierarchical_cluster"", ""apra_trust_weighted_clip""]",../main/re_result_6-29_APRA/cifar10_500_Jul.01_20.04.02_apra_fix_True_no-mia_no-mia-class_no-noise_sin-adv_DOBA/agg_records/pkl/round_0187_apra.pkl
188,apra,success,"[0, 38, 92, 53, 33, 46, 80, 60, 50, 68]","[38, 92, 53, 33, 46, 80, 60, 50]","[0, 68]",10,8,"[""apra_mad_filter"", ""apra_hierarchical_cluster"", ""apra_trust_weighted_clip""]",../main/re_result_6-29_APRA/cifar10_500_Jul.01_20.04.02_apra_fix_True_no-mia_no-mia-class_no-noise_sin-adv_DOBA/agg_records/pkl/round_0188_apra.pkl
189,apra,success,"[1, 38, 94, 69, 57, 45, 22, 47, 53, 3]","[1, 38, 94, 57, 22, 53, 3]","[69, 45, 47]",10,7,"[""apra_mad_filter"", ""apra_hierarchical_cluster"", ""apra_trust_weighted_clip""]",../main/re_result_6-29_APRA/cifar10_500_Jul.01_20.04.02_apra_fix_True_no-mia_no-mia-class_no-noise_sin-adv_DOBA/agg_records/pkl/round_0189_apra.pkl
190,apra,success,"[2, 71, 75, 78, 19, 37, 51, 55, 18, 41]","[2, 78, 19, 37, 18, 41]","[71, 75, 51, 55]",10,6,"[""apra_mad_filter"", ""apra_hierarchical_cluster"", ""apra_trust_weighted_clip""]",../main/re_result_6-29_APRA/cifar10_500_Jul.01_20.04.02_apra_fix_True_no-mia_no-mia-class_no-noise_sin-adv_DOBA/agg_records/pkl/round_0190_apra.pkl
191,apra,success,"[3, 55, 8, 11, 25, 68, 6, 90, 61, 78]","[3, 55, 11, 68, 6, 61, 78]","[8, 25, 90]",10,7,"[""apra_mad_filter"", ""apra_hierarchical_cluster"", ""apra_trust_weighted_clip""]",../main/re_result_6-29_APRA/cifar10_500_Jul.01_20.04.02_apra_fix_True_no-mia_no-mia-class_no-noise_sin-adv_DOBA/agg_records/pkl/round_0191_apra.pkl
192,apra,success,"[2, 95, 11, 12, 65, 15, 22, 86, 14, 50]","[11, 15, 86, 14]","[2, 95, 12, 65, 22, 50]",10,4,"[""apra_mad_filter"", ""apra_hierarchical_cluster"", ""apra_trust_weighted_clip""]",../main/re_result_6-29_APRA/cifar10_500_Jul.01_20.04.02_apra_fix_True_no-mia_no-mia-class_no-noise_sin-adv_DOBA/agg_records/pkl/round_0192_apra.pkl
193,apra,success,"[2, 23, 88, 85, 48, 8, 72, 87, 16, 73]","[2, 23, 85, 8, 72, 87, 16, 73]","[88, 48]",10,8,"[""apra_mad_filter"", ""apra_hierarchical_cluster"", ""apra_trust_weighted_clip""]",../main/re_result_6-29_APRA/cifar10_500_Jul.01_20.04.02_apra_fix_True_no-mia_no-mia-class_no-noise_sin-adv_DOBA/agg_records/pkl/round_0193_apra.pkl
194,apra,success,"[2, 78, 3, 40, 31, 14, 44, 57, 10, 64]","[2, 78, 3, 40, 31, 14, 44, 57, 64]",[10],10,9,"[""apra_mad_filter"", ""apra_hierarchical_cluster"", ""apra_trust_weighted_clip""]",../main/re_result_6-29_APRA/cifar10_500_Jul.01_20.04.02_apra_fix_True_no-mia_no-mia-class_no-noise_sin-adv_DOBA/agg_records/pkl/round_0194_apra.pkl
195,apra,success,"[2, 10, 81, 56, 88, 36, 62, 99, 93, 85]","[2, 10, 81, 56, 36, 99, 93, 85]","[88, 62]",10,8,"[""apra_mad_filter"", ""apra_hierarchical_cluster"", ""apra_trust_weighted_clip""]",../main/re_result_6-29_APRA/cifar10_500_Jul.01_20.04.02_apra_fix_True_no-mia_no-mia-class_no-noise_sin-adv_DOBA/agg_records/pkl/round_0195_apra.pkl
196,apra,success,"[3, 25, 99, 13, 81, 6, 89, 30, 21, 90]","[3, 25, 99, 81, 6, 30, 21, 90]","[13, 89]",10,8,"[""apra_mad_filter"", ""apra_hierarchical_cluster"", ""apra_trust_weighted_clip""]",../main/re_result_6-29_APRA/cifar10_500_Jul.01_20.04.02_apra_fix_True_no-mia_no-mia-class_no-noise_sin-adv_DOBA/agg_records/pkl/round_0196_apra.pkl
197,apra,success,"[1, 16, 75, 59, 52, 61, 8, 21, 47, 40]","[1, 16, 75, 61, 21, 40]","[59, 52, 8, 47]",10,6,"[""apra_mad_filter"", ""apra_hierarchical_cluster"", ""apra_trust_weighted_clip""]",../main/re_result_6-29_APRA/cifar10_500_Jul.01_20.04.02_apra_fix_True_no-mia_no-mia-class_no-noise_sin-adv_DOBA/agg_records/pkl/round_0197_apra.pkl
198,apra,success,"[3, 13, 53, 66, 33, 38, 36, 49, 76, 54]","[3, 53, 33, 38, 49, 76]","[13, 66, 36, 54]",10,6,"[""apra_mad_filter"", ""apra_hierarchical_cluster"", ""apra_trust_weighted_clip""]",../main/re_result_6-29_APRA/cifar10_500_Jul.01_20.04.02_apra_fix_True_no-mia_no-mia-class_no-noise_sin-adv_DOBA/agg_records/pkl/round_0198_apra.pkl
199,apra,success,"[2, 47, 98, 83, 65, 78, 24, 33, 88, 40]","[2, 98, 83, 65, 78, 24, 33, 40]","[47, 88]",10,8,"[""apra_mad_filter"", ""apra_hierarchical_cluster"", ""apra_trust_weighted_clip""]",../main/re_result_6-29_APRA/cifar10_500_Jul.01_20.04.02_apra_fix_True_no-mia_no-mia-class_no-noise_sin-adv_DOBA/agg_records/pkl/round_0199_apra.pkl
200,apra,success,"[0, 86, 70, 30, 24, 66, 99, 9, 12, 31]","[86, 70, 24, 66, 99, 9, 12]","[0, 30, 31]",10,7,"[""apra_mad_filter"", ""apra_hierarchical_cluster"", ""apra_trust_weighted_clip""]",../main/re_result_6-29_APRA/cifar10_500_Jul.01_20.04.02_apra_fix_True_no-mia_no-mia-class_no-noise_sin-adv_DOBA/agg_records/pkl/round_0200_apra.pkl
201,apra,success,"[3, 81, 17, 35, 96, 88, 36, 99, 64, 92]","[3, 81, 96, 36, 64, 92]","[17, 35, 88, 99]",10,6,"[""apra_mad_filter"", ""apra_hierarchical_cluster"", ""apra_trust_weighted_clip""]",../main/re_result_6-29_APRA/cifar10_500_Jul.01_20.04.02_apra_fix_True_no-mia_no-mia-class_no-noise_sin-adv_DOBA/agg_records/pkl/round_0201_apra.pkl
202,apra,success,"[4, 91, 21, 75, 59, 96, 92, 42, 74, 12]","[91, 21, 92, 74, 12]","[4, 75, 59, 96, 42]",10,5,"[""apra_mad_filter"", ""apra_hierarchical_cluster"", ""apra_trust_weighted_clip""]",../main/re_result_6-29_APRA/cifar10_500_Jul.01_20.04.02_apra_fix_True_no-mia_no-mia-class_no-noise_sin-adv_DOBA/agg_records/pkl/round_0202_apra.pkl
203,apra,success,"[2, 39, 68, 74, 40, 3, 0, 85, 50, 44]","[39, 68, 74, 40, 3, 50, 44]","[2, 0, 85]",10,7,"[""apra_mad_filter"", ""apra_hierarchical_cluster"", ""apra_trust_weighted_clip""]",../main/re_result_6-29_APRA/cifar10_500_Jul.01_20.04.02_apra_fix_True_no-mia_no-mia-class_no-noise_sin-adv_DOBA/agg_records/pkl/round_0203_apra.pkl
204,apra,success,"[4, 33, 52, 31, 75, 20, 83, 96, 38, 72]","[33, 52, 83, 96, 38, 72]","[4, 31, 75, 20]",10,6,"[""apra_mad_filter"", ""apra_hierarchical_cluster"", ""apra_trust_weighted_clip""]",../main/re_result_6-29_APRA/cifar10_500_Jul.01_20.04.02_apra_fix_True_no-mia_no-mia-class_no-noise_sin-adv_DOBA/agg_records/pkl/round_0204_apra.pkl
205,apra,success,"[4, 64, 72, 2, 83, 62, 97, 32, 51, 86]","[72, 2, 83, 62, 86]","[4, 64, 97, 32, 51]",10,5,"[""apra_mad_filter"", ""apra_hierarchical_cluster"", ""apra_trust_weighted_clip""]",../main/re_result_6-29_APRA/cifar10_500_Jul.01_20.04.02_apra_fix_True_no-mia_no-mia-class_no-noise_sin-adv_DOBA/agg_records/pkl/round_0205_apra.pkl
206,apra,success,"[3, 54, 33, 74, 61, 27, 58, 68, 6, 42]","[3, 33, 74, 61, 27, 58, 68, 6]","[54, 42]",10,8,"[""apra_mad_filter"", ""apra_hierarchical_cluster"", ""apra_trust_weighted_clip""]",../main/re_result_6-29_APRA/cifar10_500_Jul.01_20.04.02_apra_fix_True_no-mia_no-mia-class_no-noise_sin-adv_DOBA/agg_records/pkl/round_0206_apra.pkl
207,apra,success,"[1, 36, 19, 45, 15, 73, 13, 69, 59, 16]","[1, 36, 19, 15, 13, 69, 59, 16]","[45, 73]",10,8,"[""apra_mad_filter"", ""apra_hierarchical_cluster"", ""apra_trust_weighted_clip""]",../main/re_result_6-29_APRA/cifar10_500_Jul.01_20.04.02_apra_fix_True_no-mia_no-mia-class_no-noise_sin-adv_DOBA/agg_records/pkl/round_0207_apra.pkl
208,apra,success,"[3, 17, 69, 74, 58, 40, 57, 56, 59, 55]","[3, 74, 58, 40, 57, 56, 59, 55]","[17, 69]",10,8,"[""apra_mad_filter"", ""apra_hierarchical_cluster"", ""apra_trust_weighted_clip""]",../main/re_result_6-29_APRA/cifar10_500_Jul.01_20.04.02_apra_fix_True_no-mia_no-mia-class_no-noise_sin-adv_DOBA/agg_records/pkl/round_0208_apra.pkl
209,apra,success,"[3, 97, 8, 89, 79, 11, 76, 16, 77, 25]","[3, 97, 89, 79, 11, 76, 16, 77]","[8, 25]",10,8,"[""apra_mad_filter"", ""apra_hierarchical_cluster"", ""apra_trust_weighted_clip""]",../main/re_result_6-29_APRA/cifar10_500_Jul.01_20.04.02_apra_fix_True_no-mia_no-mia-class_no-noise_sin-adv_DOBA/agg_records/pkl/round_0209_apra.pkl
210,apra,success,"[2, 21, 49, 33, 17, 44, 74, 85, 84, 79]","[21, 49, 33, 74, 85, 84, 79]","[2, 17, 44]",10,7,"[""apra_mad_filter"", ""apra_hierarchical_cluster"", ""apra_trust_weighted_clip""]",../main/re_result_6-29_APRA/cifar10_500_Jul.01_20.04.02_apra_fix_True_no-mia_no-mia-class_no-noise_sin-adv_DOBA/agg_records/pkl/round_0210_apra.pkl
211,apra,success,"[1, 15, 58, 56, 75, 64, 2, 68, 46, 54]","[1, 58, 56, 64, 68]","[15, 75, 2, 46, 54]",10,5,"[""apra_mad_filter"", ""apra_hierarchical_cluster"", ""apra_trust_weighted_clip""]",../main/re_result_6-29_APRA/cifar10_500_Jul.01_20.04.02_apra_fix_True_no-mia_no-mia-class_no-noise_sin-adv_DOBA/agg_records/pkl/round_0211_apra.pkl
212,apra,success,"[3, 41, 74, 15, 4, 81, 48, 84, 56, 94]","[3, 74, 15, 4, 81, 84, 56, 94]","[41, 48]",10,8,"[""apra_mad_filter"", ""apra_hierarchical_cluster"", ""apra_trust_weighted_clip""]",../main/re_result_6-29_APRA/cifar10_500_Jul.01_20.04.02_apra_fix_True_no-mia_no-mia-class_no-noise_sin-adv_DOBA/agg_records/pkl/round_0212_apra.pkl
213,apra,success,"[1, 94, 76, 84, 86, 54, 63, 6, 85, 39]","[1, 94, 76, 84, 86, 63, 6, 39]","[54, 85]",10,8,"[""apra_mad_filter"", ""apra_hierarchical_cluster"", ""apra_trust_weighted_clip""]",../main/re_result_6-29_APRA/cifar10_500_Jul.01_20.04.02_apra_fix_True_no-mia_no-mia-class_no-noise_sin-adv_DOBA/agg_records/pkl/round_0213_apra.pkl
214,apra,success,"[2, 58, 62, 15, 35, 5, 46, 60, 8, 18]","[2, 58, 35, 60, 18]","[62, 15, 5, 46, 8]",10,5,"[""apra_mad_filter"", ""apra_hierarchical_cluster"", ""apra_trust_weighted_clip""]",../main/re_result_6-29_APRA/cifar10_500_Jul.01_20.04.02_apra_fix_True_no-mia_no-mia-class_no-noise_sin-adv_DOBA/agg_records/pkl/round_0214_apra.pkl
215,apra,success,"[2, 96, 3, 90, 11, 47, 48, 37, 33, 80]","[2, 3, 90, 11, 37, 33, 80]","[96, 47, 48]",10,7,"[""apra_mad_filter"", ""apra_hierarchical_cluster"", ""apra_trust_weighted_clip""]",../main/re_result_6-29_APRA/cifar10_500_Jul.01_20.04.02_apra_fix_True_no-mia_no-mia-class_no-noise_sin-adv_DOBA/agg_records/pkl/round_0215_apra.pkl
216,apra,success,"[2, 5, 82, 80, 89, 69, 42, 59, 17, 48]","[2, 5, 82, 80, 89, 69, 42, 59]","[17, 48]",10,8,"[""apra_mad_filter"", ""apra_hierarchical_cluster"", ""apra_trust_weighted_clip""]",../main/re_result_6-29_APRA/cifar10_500_Jul.01_20.04.02_apra_fix_True_no-mia_no-mia-class_no-noise_sin-adv_DOBA/agg_records/pkl/round_0216_apra.pkl
217,apra,success,"[3, 81, 28, 63, 34, 35, 96, 71, 46, 44]","[81, 96, 71]","[3, 28, 63, 34, 35, 46, 44]",10,3,"[""apra_mad_filter"", ""apra_hierarchical_cluster"", ""apra_trust_weighted_clip""]",../main/re_result_6-29_APRA/cifar10_500_Jul.01_20.04.02_apra_fix_True_no-mia_no-mia-class_no-noise_sin-adv_DOBA/agg_records/pkl/round_0217_apra.pkl
218,apra,success,"[2, 91, 86, 84, 61, 50, 97, 87, 53, 27]","[2, 91, 86, 61, 50, 87, 53, 27]","[84, 97]",10,8,"[""apra_mad_filter"", ""apra_hierarchical_cluster"", ""apra_trust_weighted_clip""]",../main/re_result_6-29_APRA/cifar10_500_Jul.01_20.04.02_apra_fix_True_no-mia_no-mia-class_no-noise_sin-adv_DOBA/agg_records/pkl/round_0218_apra.pkl
219,apra,success,"[1, 44, 89, 35, 24, 0, 91, 43, 4, 73]","[1, 44, 89, 35, 24, 91, 43, 4, 73]",[0],10,9,"[""apra_mad_filter"", ""apra_hierarchical_cluster"", ""apra_trust_weighted_clip""]",../main/re_result_6-29_APRA/cifar10_500_Jul.01_20.04.02_apra_fix_True_no-mia_no-mia-class_no-noise_sin-adv_DOBA/agg_records/pkl/round_0219_apra.pkl
220,apra,success,"[2, 28, 1, 88, 58, 21, 61, 94, 17, 68]","[2, 28, 1, 58, 21, 61, 94, 17]","[88, 68]",10,8,"[""apra_mad_filter"", ""apra_hierarchical_cluster"", ""apra_trust_weighted_clip""]",../main/re_result_6-29_APRA/cifar10_500_Jul.01_20.04.02_apra_fix_True_no-mia_no-mia-class_no-noise_sin-adv_DOBA/agg_records/pkl/round_0220_apra.pkl
221,apra,success,"[1, 61, 50, 74, 42, 87, 65, 72, 64, 8]","[1, 61, 50, 74, 42, 87, 65, 72, 64]",[8],10,9,"[""apra_mad_filter"", ""apra_hierarchical_cluster"", ""apra_trust_weighted_clip""]",../main/re_result_6-29_APRA/cifar10_500_Jul.01_20.04.02_apra_fix_True_no-mia_no-mia-class_no-noise_sin-adv_DOBA/agg_records/pkl/round_0221_apra.pkl
222,apra,success,"[4, 75, 35, 21, 95, 83, 55, 52, 2, 31]","[4, 75, 35, 21, 83, 55, 2]","[95, 52, 31]",10,7,"[""apra_mad_filter"", ""apra_hierarchical_cluster"", ""apra_trust_weighted_clip""]",../main/re_result_6-29_APRA/cifar10_500_Jul.01_20.04.02_apra_fix_True_no-mia_no-mia-class_no-noise_sin-adv_DOBA/agg_records/pkl/round_0222_apra.pkl
223,apra,success,"[3, 55, 79, 70, 4, 82, 24, 60, 56, 88]","[3, 55, 79, 70, 82, 24]","[4, 60, 56, 88]",10,6,"[""apra_mad_filter"", ""apra_hierarchical_cluster"", ""apra_trust_weighted_clip""]",../main/re_result_6-29_APRA/cifar10_500_Jul.01_20.04.02_apra_fix_True_no-mia_no-mia-class_no-noise_sin-adv_DOBA/agg_records/pkl/round_0223_apra.pkl
224,apra,success,"[2, 34, 70, 23, 83, 99, 77, 37, 26, 89]","[34, 70, 23, 83, 77, 37, 26, 89]","[2, 99]",10,8,"[""apra_mad_filter"", ""apra_hierarchical_cluster"", ""apra_trust_weighted_clip""]",../main/re_result_6-29_APRA/cifar10_500_Jul.01_20.04.02_apra_fix_True_no-mia_no-mia-class_no-noise_sin-adv_DOBA/agg_records/pkl/round_0224_apra.pkl
225,apra,success,"[2, 6, 8, 62, 78, 51, 14, 56, 46, 29]","[2, 6, 8, 78, 14, 56, 46, 29]","[62, 51]",10,8,"[""apra_mad_filter"", ""apra_hierarchical_cluster"", ""apra_trust_weighted_clip""]",../main/re_result_6-29_APRA/cifar10_500_Jul.01_20.04.02_apra_fix_True_no-mia_no-mia-class_no-noise_sin-adv_DOBA/agg_records/pkl/round_0225_apra.pkl
226,apra,success,"[3, 64, 60, 88, 68, 33, 18, 36, 63, 14]","[3, 64, 60, 68, 18, 63, 14]","[88, 33, 36]",10,7,"[""apra_mad_filter"", ""apra_hierarchical_cluster"", ""apra_trust_weighted_clip""]",../main/re_result_6-29_APRA/cifar10_500_Jul.01_20.04.02_apra_fix_True_no-mia_no-mia-class_no-noise_sin-adv_DOBA/agg_records/pkl/round_0226_apra.pkl
227,apra,success,"[3, 37, 73, 9, 76, 15, 50, 25, 88, 55]","[3, 37, 9, 76, 15, 50, 25, 55]","[73, 88]",10,8,"[""apra_mad_filter"", ""apra_hierarchical_cluster"", ""apra_trust_weighted_clip""]",../main/re_result_6-29_APRA/cifar10_500_Jul.01_20.04.02_apra_fix_True_no-mia_no-mia-class_no-noise_sin-adv_DOBA/agg_records/pkl/round_0227_apra.pkl
228,apra,success,"[4, 43, 2, 88, 61, 23, 44, 78, 45, 5]","[43, 2, 61, 23, 78, 45, 5]","[4, 88, 44]",10,7,"[""apra_mad_filter"", ""apra_hierarchical_cluster"", ""apra_trust_weighted_clip""]",../main/re_result_6-29_APRA/cifar10_500_Jul.01_20.04.02_apra_fix_True_no-mia_no-mia-class_no-noise_sin-adv_DOBA/agg_records/pkl/round_0228_apra.pkl
229,apra,success,"[0, 50, 78, 10, 45, 55, 79, 61, 68, 8]","[50, 78, 45, 55, 79, 61, 68]","[0, 10, 8]",10,7,"[""apra_mad_filter"", ""apra_hierarchical_cluster"", ""apra_trust_weighted_clip""]",../main/re_result_6-29_APRA/cifar10_500_Jul.01_20.04.02_apra_fix_True_no-mia_no-mia-class_no-noise_sin-adv_DOBA/agg_records/pkl/round_0229_apra.pkl
230,apra,success,"[3, 80, 66, 19, 27, 7, 62, 86, 6, 2]","[3, 80, 66, 27, 7, 62, 86, 6, 2]",[19],10,9,"[""apra_mad_filter"", ""apra_hierarchical_cluster"", ""apra_trust_weighted_clip""]",../main/re_result_6-29_APRA/cifar10_500_Jul.01_20.04.02_apra_fix_True_no-mia_no-mia-class_no-noise_sin-adv_DOBA/agg_records/pkl/round_0230_apra.pkl
231,apra,success,"[4, 9, 26, 28, 97, 96, 40, 95, 75, 2]","[9, 26, 28, 97, 40, 75, 2]","[4, 96, 95]",10,7,"[""apra_mad_filter"", ""apra_hierarchical_cluster"", ""apra_trust_weighted_clip""]",../main/re_result_6-29_APRA/cifar10_500_Jul.01_20.04.02_apra_fix_True_no-mia_no-mia-class_no-noise_sin-adv_DOBA/agg_records/pkl/round_0231_apra.pkl
232,apra,success,"[1, 27, 99, 62, 39, 30, 23, 56, 74, 92]","[1, 27, 99, 62, 39, 30, 56, 74, 92]",[23],10,9,"[""apra_mad_filter"", ""apra_hierarchical_cluster"", ""apra_trust_weighted_clip""]",../main/re_result_6-29_APRA/cifar10_500_Jul.01_20.04.02_apra_fix_True_no-mia_no-mia-class_no-noise_sin-adv_DOBA/agg_records/pkl/round_0232_apra.pkl
233,apra,success,"[1, 98, 36, 80, 37, 13, 71, 0, 12, 90]","[1, 98, 80, 37, 13, 12, 90]","[36, 71, 0]",10,7,"[""apra_mad_filter"", ""apra_hierarchical_cluster"", ""apra_trust_weighted_clip""]",../main/re_result_6-29_APRA/cifar10_500_Jul.01_20.04.02_apra_fix_True_no-mia_no-mia-class_no-noise_sin-adv_DOBA/agg_records/pkl/round_0233_apra.pkl
234,apra,success,"[3, 87, 74, 82, 46, 79, 16, 83, 89, 23]","[3, 87, 74, 79, 16, 83, 89, 23]","[82, 46]",10,8,"[""apra_mad_filter"", ""apra_hierarchical_cluster"", ""apra_trust_weighted_clip""]",../main/re_result_6-29_APRA/cifar10_500_Jul.01_20.04.02_apra_fix_True_no-mia_no-mia-class_no-noise_sin-adv_DOBA/agg_records/pkl/round_0234_apra.pkl
235,apra,success,"[4, 39, 54, 34, 6, 32, 9, 14, 70, 20]","[39, 34, 6, 9, 14, 70]","[4, 54, 32, 20]",10,6,"[""apra_mad_filter"", ""apra_hierarchical_cluster"", ""apra_trust_weighted_clip""]",../main/re_result_6-29_APRA/cifar10_500_Jul.01_20.04.02_apra_fix_True_no-mia_no-mia-class_no-noise_sin-adv_DOBA/agg_records/pkl/round_0235_apra.pkl
236,apra,success,"[4, 60, 77, 13, 34, 56, 46, 76, 45, 11]","[4, 60, 77, 13, 34, 56, 76, 45, 11]",[46],10,9,"[""apra_mad_filter"", ""apra_hierarchical_cluster"", ""apra_trust_weighted_clip""]",../main/re_result_6-29_APRA/cifar10_500_Jul.01_20.04.02_apra_fix_True_no-mia_no-mia-class_no-noise_sin-adv_DOBA/agg_records/pkl/round_0236_apra.pkl
237,apra,success,"[1, 4, 25, 30, 73, 96, 8, 48, 78, 50]","[1, 4, 25, 30, 96, 8, 78, 50]","[73, 48]",10,8,"[""apra_mad_filter"", ""apra_hierarchical_cluster"", ""apra_trust_weighted_clip""]",../main/re_result_6-29_APRA/cifar10_500_Jul.01_20.04.02_apra_fix_True_no-mia_no-mia-class_no-noise_sin-adv_DOBA/agg_records/pkl/round_0237_apra.pkl
238,apra,success,"[3, 88, 56, 83, 75, 33, 20, 28, 74, 38]","[3, 56, 83, 75, 33, 28, 74, 38]","[88, 20]",10,8,"[""apra_mad_filter"", ""apra_hierarchical_cluster"", ""apra_trust_weighted_clip""]",../main/re_result_6-29_APRA/cifar10_500_Jul.01_20.04.02_apra_fix_True_no-mia_no-mia-class_no-noise_sin-adv_DOBA/agg_records/pkl/round_0238_apra.pkl
239,apra,success,"[1, 72, 87, 27, 93, 62, 46, 96, 37, 21]","[1, 72, 87, 27, 93, 62, 37, 21]","[46, 96]",10,8,"[""apra_mad_filter"", ""apra_hierarchical_cluster"", ""apra_trust_weighted_clip""]",../main/re_result_6-29_APRA/cifar10_500_Jul.01_20.04.02_apra_fix_True_no-mia_no-mia-class_no-noise_sin-adv_DOBA/agg_records/pkl/round_0239_apra.pkl
240,apra,success,"[4, 65, 39, 50, 32, 61, 93, 62, 31, 40]","[4, 65, 39, 50, 61, 62, 40]","[32, 93, 31]",10,7,"[""apra_mad_filter"", ""apra_hierarchical_cluster"", ""apra_trust_weighted_clip""]",../main/re_result_6-29_APRA/cifar10_500_Jul.01_20.04.02_apra_fix_True_no-mia_no-mia-class_no-noise_sin-adv_DOBA/agg_records/pkl/round_0240_apra.pkl
241,apra,success,"[4, 81, 42, 7, 95, 32, 1, 94, 23, 58]","[4, 81, 7, 1, 94, 23, 58]","[42, 95, 32]",10,7,"[""apra_mad_filter"", ""apra_hierarchical_cluster"", ""apra_trust_weighted_clip""]",../main/re_result_6-29_APRA/cifar10_500_Jul.01_20.04.02_apra_fix_True_no-mia_no-mia-class_no-noise_sin-adv_DOBA/agg_records/pkl/round_0241_apra.pkl
242,apra,success,"[3, 18, 88, 11, 59, 74, 27, 10, 52, 21]","[3, 18, 59, 74, 27, 52, 21]","[88, 11, 10]",10,7,"[""apra_mad_filter"", ""apra_hierarchical_cluster"", ""apra_trust_weighted_clip""]",../main/re_result_6-29_APRA/cifar10_500_Jul.01_20.04.02_apra_fix_True_no-mia_no-mia-class_no-noise_sin-adv_DOBA/agg_records/pkl/round_0242_apra.pkl
243,apra,success,"[2, 6, 43, 46, 26, 21, 55, 57, 80, 78]","[6, 43, 55, 57, 80, 78]","[2, 46, 26, 21]",10,6,"[""apra_mad_filter"", ""apra_hierarchical_cluster"", ""apra_trust_weighted_clip""]",../main/re_result_6-29_APRA/cifar10_500_Jul.01_20.04.02_apra_fix_True_no-mia_no-mia-class_no-noise_sin-adv_DOBA/agg_records/pkl/round_0243_apra.pkl
244,apra,success,"[1, 36, 84, 82, 40, 87, 90, 66, 32, 89]","[1, 84, 82, 40, 87, 90, 66, 89]","[36, 32]",10,8,"[""apra_mad_filter"", ""apra_hierarchical_cluster"", ""apra_trust_weighted_clip""]",../main/re_result_6-29_APRA/cifar10_500_Jul.01_20.04.02_apra_fix_True_no-mia_no-mia-class_no-noise_sin-adv_DOBA/agg_records/pkl/round_0244_apra.pkl
245,apra,success,"[3, 19, 51, 72, 92, 60, 98, 91, 63, 76]","[3, 72, 92, 98, 91, 63, 76]","[19, 51, 60]",10,7,"[""apra_mad_filter"", ""apra_hierarchical_cluster"", ""apra_trust_weighted_clip""]",../main/re_result_6-29_APRA/cifar10_500_Jul.01_20.04.02_apra_fix_True_no-mia_no-mia-class_no-noise_sin-adv_DOBA/agg_records/pkl/round_0245_apra.pkl
246,apra,success,"[1, 94, 66, 86, 68, 73, 35, 77, 11, 22]","[1, 94, 86, 68, 35, 77, 22]","[66, 73, 11]",10,7,"[""apra_mad_filter"", ""apra_hierarchical_cluster"", ""apra_trust_weighted_clip""]",../main/re_result_6-29_APRA/cifar10_500_Jul.01_20.04.02_apra_fix_True_no-mia_no-mia-class_no-noise_sin-adv_DOBA/agg_records/pkl/round_0246_apra.pkl
247,apra,success,"[4, 56, 57, 22, 65, 63, 62, 33, 64, 69]","[4, 56, 57, 22, 65, 63, 62, 33, 64]",[69],10,9,"[""apra_mad_filter"", ""apra_hierarchical_cluster"", ""apra_trust_weighted_clip""]",../main/re_result_6-29_APRA/cifar10_500_Jul.01_20.04.02_apra_fix_True_no-mia_no-mia-class_no-noise_sin-adv_DOBA/agg_records/pkl/round_0247_apra.pkl
248,apra,success,"[3, 79, 11, 7, 38, 2, 57, 49, 91, 22]","[3, 79, 38, 2, 57, 49]","[11, 7, 91, 22]",10,6,"[""apra_mad_filter"", ""apra_hierarchical_cluster"", ""apra_trust_weighted_clip""]",../main/re_result_6-29_APRA/cifar10_500_Jul.01_20.04.02_apra_fix_True_no-mia_no-mia-class_no-noise_sin-adv_DOBA/agg_records/pkl/round_0248_apra.pkl
249,apra,success,"[4, 49, 80, 41, 24, 96, 37, 13, 63, 29]","[4, 49, 80, 24, 37, 13, 63, 29]","[41, 96]",10,8,"[""apra_mad_filter"", ""apra_hierarchical_cluster"", ""apra_trust_weighted_clip""]",../main/re_result_6-29_APRA/cifar10_500_Jul.01_20.04.02_apra_fix_True_no-mia_no-mia-class_no-noise_sin-adv_DOBA/agg_records/pkl/round_0249_apra.pkl
250,apra,success,"[0, 86, 66, 7, 19, 3, 37, 34, 10, 91]","[86, 66, 7, 19, 3, 37, 34, 10, 91]",[0],10,9,"[""apra_mad_filter"", ""apra_hierarchical_cluster"", ""apra_trust_weighted_clip""]",../main/re_result_6-29_APRA/cifar10_500_Jul.01_20.04.02_apra_fix_True_no-mia_no-mia-class_no-noise_sin-adv_DOBA/agg_records/pkl/round_0250_apra.pkl
251,apra,success,"[0, 59, 14, 73, 9, 18, 77, 36, 32, 89]","[59, 14, 73, 9, 18, 77, 36, 32, 89]",[0],10,9,"[""apra_mad_filter"", ""apra_hierarchical_cluster"", ""apra_trust_weighted_clip""]",../main/re_result_6-29_APRA/cifar10_500_Jul.01_20.04.02_apra_fix_True_no-mia_no-mia-class_no-noise_sin-adv_DOBA/agg_records/pkl/round_0251_apra.pkl
252,apra,success,"[1, 59, 8, 24, 55, 47, 57, 68, 13, 38]","[1, 59, 24, 55, 57, 68, 13, 38]","[8, 47]",10,8,"[""apra_mad_filter"", ""apra_hierarchical_cluster"", ""apra_trust_weighted_clip""]",../main/re_result_6-29_APRA/cifar10_500_Jul.01_20.04.02_apra_fix_True_no-mia_no-mia-class_no-noise_sin-adv_DOBA/agg_records/pkl/round_0252_apra.pkl
253,apra,success,"[4, 51, 29, 46, 41, 3, 11, 75, 27, 48]","[4, 51, 29, 46, 41, 3, 11, 75, 27]",[48],10,9,"[""apra_mad_filter"", ""apra_hierarchical_cluster"", ""apra_trust_weighted_clip""]",../main/re_result_6-29_APRA/cifar10_500_Jul.01_20.04.02_apra_fix_True_no-mia_no-mia-class_no-noise_sin-adv_DOBA/agg_records/pkl/round_0253_apra.pkl
254,apra,success,"[1, 9, 85, 11, 4, 15, 93, 42, 66, 39]","[1, 9, 85, 11, 15, 93, 66, 39]","[4, 42]",10,8,"[""apra_mad_filter"", ""apra_hierarchical_cluster"", ""apra_trust_weighted_clip""]",../main/re_result_6-29_APRA/cifar10_500_Jul.01_20.04.02_apra_fix_True_no-mia_no-mia-class_no-noise_sin-adv_DOBA/agg_records/pkl/round_0254_apra.pkl
255,apra,success,"[2, 51, 57, 29, 12, 62, 8, 89, 6, 93]","[2, 57, 29, 12, 62, 89, 6, 93]","[51, 8]",10,8,"[""apra_mad_filter"", ""apra_hierarchical_cluster"", ""apra_trust_weighted_clip""]",../main/re_result_6-29_APRA/cifar10_500_Jul.01_20.04.02_apra_fix_True_no-mia_no-mia-class_no-noise_sin-adv_DOBA/agg_records/pkl/round_0255_apra.pkl
256,apra,success,"[0, 86, 89, 60, 36, 73, 25, 12, 58, 47]","[86, 89, 60, 36, 25, 58]","[0, 73, 12, 47]",10,6,"[""apra_mad_filter"", ""apra_hierarchical_cluster"", ""apra_trust_weighted_clip""]",../main/re_result_6-29_APRA/cifar10_500_Jul.01_20.04.02_apra_fix_True_no-mia_no-mia-class_no-noise_sin-adv_DOBA/agg_records/pkl/round_0256_apra.pkl
257,apra,success,"[3, 4, 64, 30, 0, 24, 14, 91, 90, 57]","[3, 64, 24, 14, 91, 90, 57]","[4, 30, 0]",10,7,"[""apra_mad_filter"", ""apra_hierarchical_cluster"", ""apra_trust_weighted_clip""]",../main/re_result_6-29_APRA/cifar10_500_Jul.01_20.04.02_apra_fix_True_no-mia_no-mia-class_no-noise_sin-adv_DOBA/agg_records/pkl/round_0257_apra.pkl
258,apra,success,"[1, 59, 28, 31, 77, 62, 82, 85, 6, 11]","[1, 59, 28, 77, 62, 82, 85, 6, 11]",[31],10,9,"[""apra_mad_filter"", ""apra_hierarchical_cluster"", ""apra_trust_weighted_clip""]",../main/re_result_6-29_APRA/cifar10_500_Jul.01_20.04.02_apra_fix_True_no-mia_no-mia-class_no-noise_sin-adv_DOBA/agg_records/pkl/round_0258_apra.pkl
259,apra,success,"[0, 13, 85, 38, 73, 22, 53, 21, 10, 71]","[13, 85, 73, 22, 53, 21, 10, 71]","[0, 38]",10,8,"[""apra_mad_filter"", ""apra_hierarchical_cluster"", ""apra_trust_weighted_clip""]",../main/re_result_6-29_APRA/cifar10_500_Jul.01_20.04.02_apra_fix_True_no-mia_no-mia-class_no-noise_sin-adv_DOBA/agg_records/pkl/round_0259_apra.pkl
260,apra,success,"[4, 21, 93, 87, 34, 1, 0, 54, 10, 27]","[4, 21, 93, 87, 34, 1, 0, 10, 27]",[54],10,9,"[""apra_mad_filter"", ""apra_hierarchical_cluster"", ""apra_trust_weighted_clip""]",../main/re_result_6-29_APRA/cifar10_500_Jul.01_20.04.02_apra_fix_True_no-mia_no-mia-class_no-noise_sin-adv_DOBA/agg_records/pkl/round_0260_apra.pkl
261,apra,success,"[4, 49, 43, 35, 89, 76, 55, 52, 7, 22]","[49, 43, 89, 76, 52, 7, 22]","[4, 35, 55]",10,7,"[""apra_mad_filter"", ""apra_hierarchical_cluster"", ""apra_trust_weighted_clip""]",../main/re_result_6-29_APRA/cifar10_500_Jul.01_20.04.02_apra_fix_True_no-mia_no-mia-class_no-noise_sin-adv_DOBA/agg_records/pkl/round_0261_apra.pkl
262,apra,success,"[2, 11, 35, 32, 44, 70, 93, 6, 36, 61]","[2, 70, 93, 6]","[11, 35, 32, 44, 36, 61]",10,4,"[""apra_mad_filter"", ""apra_hierarchical_cluster"", ""apra_trust_weighted_clip""]",../main/re_result_6-29_APRA/cifar10_500_Jul.01_20.04.02_apra_fix_True_no-mia_no-mia-class_no-noise_sin-adv_DOBA/agg_records/pkl/round_0262_apra.pkl
263,apra,success,"[0, 9, 72, 92, 4, 5, 39, 44, 7, 11]","[9, 92, 4, 39, 44, 7, 11]","[0, 72, 5]",10,7,"[""apra_mad_filter"", ""apra_hierarchical_cluster"", ""apra_trust_weighted_clip""]",../main/re_result_6-29_APRA/cifar10_500_Jul.01_20.04.02_apra_fix_True_no-mia_no-mia-class_no-noise_sin-adv_DOBA/agg_records/pkl/round_0263_apra.pkl
264,apra,success,"[2, 96, 32, 9, 91, 15, 74, 42, 79, 81]","[2, 32, 9, 91, 15, 42, 79, 81]","[96, 74]",10,8,"[""apra_mad_filter"", ""apra_hierarchical_cluster"", ""apra_trust_weighted_clip""]",../main/re_result_6-29_APRA/cifar10_500_Jul.01_20.04.02_apra_fix_True_no-mia_no-mia-class_no-noise_sin-adv_DOBA/agg_records/pkl/round_0264_apra.pkl
265,apra,success,"[3, 8, 20, 62, 52, 77, 25, 90, 36, 97]","[3, 8, 62, 52, 77, 25, 90, 36, 97]",[20],10,9,"[""apra_mad_filter"", ""apra_hierarchical_cluster"", ""apra_trust_weighted_clip""]",../main/re_result_6-29_APRA/cifar10_500_Jul.01_20.04.02_apra_fix_True_no-mia_no-mia-class_no-noise_sin-adv_DOBA/agg_records/pkl/round_0265_apra.pkl
266,apra,success,"[3, 63, 78, 56, 54, 7, 42, 33, 65, 43]","[3, 63, 78, 7, 33, 65, 43]","[56, 54, 42]",10,7,"[""apra_mad_filter"", ""apra_hierarchical_cluster"", ""apra_trust_weighted_clip""]",../main/re_result_6-29_APRA/cifar10_500_Jul.01_20.04.02_apra_fix_True_no-mia_no-mia-class_no-noise_sin-adv_DOBA/agg_records/pkl/round_0266_apra.pkl
267,apra,success,"[3, 20, 41, 61, 45, 1, 35, 22, 23, 40]","[3, 20, 61, 45, 1, 35, 22, 23, 40]",[41],10,9,"[""apra_mad_filter"", ""apra_hierarchical_cluster"", ""apra_trust_weighted_clip""]",../main/re_result_6-29_APRA/cifar10_500_Jul.01_20.04.02_apra_fix_True_no-mia_no-mia-class_no-noise_sin-adv_DOBA/agg_records/pkl/round_0267_apra.pkl
268,apra,success,"[3, 34, 97, 8, 50, 76, 85, 96, 89, 65]","[3, 34, 8, 50, 76, 85, 96, 89, 65]",[97],10,9,"[""apra_mad_filter"", ""apra_hierarchical_cluster"", ""apra_trust_weighted_clip""]",../main/re_result_6-29_APRA/cifar10_500_Jul.01_20.04.02_apra_fix_True_no-mia_no-mia-class_no-noise_sin-adv_DOBA/agg_records/pkl/round_0268_apra.pkl
269,apra,success,"[3, 97, 15, 94, 98, 63, 44, 34, 14, 95]","[3, 97, 15, 94, 98, 63, 44, 34, 14]",[95],10,9,"[""apra_mad_filter"", ""apra_hierarchical_cluster"", ""apra_trust_weighted_clip""]",../main/re_result_6-29_APRA/cifar10_500_Jul.01_20.04.02_apra_fix_True_no-mia_no-mia-class_no-noise_sin-adv_DOBA/agg_records/pkl/round_0269_apra.pkl
270,apra,success,"[4, 21, 64, 14, 15, 39, 72, 13, 49, 8]","[21, 64, 14, 15, 39, 13]","[4, 72, 49, 8]",10,6,"[""apra_mad_filter"", ""apra_hierarchical_cluster"", ""apra_trust_weighted_clip""]",../main/re_result_6-29_APRA/cifar10_500_Jul.01_20.04.02_apra_fix_True_no-mia_no-mia-class_no-noise_sin-adv_DOBA/agg_records/pkl/round_0270_apra.pkl
271,apra,success,"[2, 72, 3, 10, 73, 64, 86, 43, 46, 63]","[2, 72, 3, 64, 86, 43, 46, 63]","[10, 73]",10,8,"[""apra_mad_filter"", ""apra_hierarchical_cluster"", ""apra_trust_weighted_clip""]",../main/re_result_6-29_APRA/cifar10_500_Jul.01_20.04.02_apra_fix_True_no-mia_no-mia-class_no-noise_sin-adv_DOBA/agg_records/pkl/round_0271_apra.pkl
272,apra,success,"[0, 72, 22, 52, 63, 95, 71, 49, 42, 6]","[72, 22, 52, 63, 95, 71, 49, 42, 6]",[0],10,9,"[""apra_mad_filter"", ""apra_hierarchical_cluster"", ""apra_trust_weighted_clip""]",../main/re_result_6-29_APRA/cifar10_500_Jul.01_20.04.02_apra_fix_True_no-mia_no-mia-class_no-noise_sin-adv_DOBA/agg_records/pkl/round_0272_apra.pkl
273,apra,success,"[2, 35, 94, 38, 12, 39, 36, 96, 18, 80]","[2, 35, 38, 12, 39, 96, 18, 80]","[94, 36]",10,8,"[""apra_mad_filter"", ""apra_hierarchical_cluster"", ""apra_trust_weighted_clip""]",../main/re_result_6-29_APRA/cifar10_500_Jul.01_20.04.02_apra_fix_True_no-mia_no-mia-class_no-noise_sin-adv_DOBA/agg_records/pkl/round_0273_apra.pkl
274,apra,success,"[2, 99, 19, 96, 52, 64, 81, 3, 68, 69]","[2, 99, 96, 64, 3, 68]","[19, 52, 81, 69]",10,6,"[""apra_mad_filter"", ""apra_hierarchical_cluster"", ""apra_trust_weighted_clip""]",../main/re_result_6-29_APRA/cifar10_500_Jul.01_20.04.02_apra_fix_True_no-mia_no-mia-class_no-noise_sin-adv_DOBA/agg_records/pkl/round_0274_apra.pkl
275,apra,success,"[0, 90, 45, 6, 9, 43, 16, 30, 57, 86]","[90, 45, 6, 9, 43, 16, 57, 86]","[0, 30]",10,8,"[""apra_mad_filter"", ""apra_hierarchical_cluster"", ""apra_trust_weighted_clip""]",../main/re_result_6-29_APRA/cifar10_500_Jul.01_20.04.02_apra_fix_True_no-mia_no-mia-class_no-noise_sin-adv_DOBA/agg_records/pkl/round_0275_apra.pkl
276,apra,success,"[4, 85, 54, 99, 23, 53, 66, 33, 80, 57]","[4, 53, 33, 80, 57]","[85, 54, 99, 23, 66]",10,5,"[""apra_mad_filter"", ""apra_hierarchical_cluster"", ""apra_trust_weighted_clip""]",../main/re_result_6-29_APRA/cifar10_500_Jul.01_20.04.02_apra_fix_True_no-mia_no-mia-class_no-noise_sin-adv_DOBA/agg_records/pkl/round_0276_apra.pkl
277,apra,success,"[0, 38, 19, 33, 9, 53, 93, 73, 86, 65]","[38, 19, 33, 9, 53, 93, 86, 65]","[0, 73]",10,8,"[""apra_mad_filter"", ""apra_hierarchical_cluster"", ""apra_trust_weighted_clip""]",../main/re_result_6-29_APRA/cifar10_500_Jul.01_20.04.02_apra_fix_True_no-mia_no-mia-class_no-noise_sin-adv_DOBA/agg_records/pkl/round_0277_apra.pkl
278,apra,success,"[0, 38, 20, 1, 57, 49, 85, 69, 11, 84]","[38, 1, 57, 49, 85, 11, 84]","[0, 20, 69]",10,7,"[""apra_mad_filter"", ""apra_hierarchical_cluster"", ""apra_trust_weighted_clip""]",../main/re_result_6-29_APRA/cifar10_500_Jul.01_20.04.02_apra_fix_True_no-mia_no-mia-class_no-noise_sin-adv_DOBA/agg_records/pkl/round_0278_apra.pkl
279,apra,success,"[0, 6, 55, 69, 10, 34, 29, 47, 74, 61]","[6, 55, 69, 10, 34, 29, 61]","[0, 47, 74]",10,7,"[""apra_mad_filter"", ""apra_hierarchical_cluster"", ""apra_trust_weighted_clip""]",../main/re_result_6-29_APRA/cifar10_500_Jul.01_20.04.02_apra_fix_True_no-mia_no-mia-class_no-noise_sin-adv_DOBA/agg_records/pkl/round_0279_apra.pkl
280,apra,success,"[1, 86, 29, 77, 96, 84, 60, 51, 53, 95]","[1, 86, 29, 77, 53]","[96, 84, 60, 51, 95]",10,5,"[""apra_mad_filter"", ""apra_hierarchical_cluster"", ""apra_trust_weighted_clip""]",../main/re_result_6-29_APRA/cifar10_500_Jul.01_20.04.02_apra_fix_True_no-mia_no-mia-class_no-noise_sin-adv_DOBA/agg_records/pkl/round_0280_apra.pkl
281,apra,success,"[0, 88, 7, 41, 33, 16, 59, 11, 42, 5]","[0, 7, 41, 33, 16, 59, 11, 42]","[88, 5]",10,8,"[""apra_mad_filter"", ""apra_hierarchical_cluster"", ""apra_trust_weighted_clip""]",../main/re_result_6-29_APRA/cifar10_500_Jul.01_20.04.02_apra_fix_True_no-mia_no-mia-class_no-noise_sin-adv_DOBA/agg_records/pkl/round_0281_apra.pkl
282,apra,success,"[0, 64, 56, 2, 11, 89, 59, 45, 97, 15]","[56, 11, 89, 59, 45, 97, 15]","[0, 64, 2]",10,7,"[""apra_mad_filter"", ""apra_hierarchical_cluster"", ""apra_trust_weighted_clip""]",../main/re_result_6-29_APRA/cifar10_500_Jul.01_20.04.02_apra_fix_True_no-mia_no-mia-class_no-noise_sin-adv_DOBA/agg_records/pkl/round_0282_apra.pkl
283,apra,success,"[4, 0, 58, 61, 71, 33, 23, 65, 37, 48]","[4, 0, 58, 61, 71, 33, 23, 65, 37]",[48],10,9,"[""apra_mad_filter"", ""apra_hierarchical_cluster"", ""apra_trust_weighted_clip""]",../main/re_result_6-29_APRA/cifar10_500_Jul.01_20.04.02_apra_fix_True_no-mia_no-mia-class_no-noise_sin-adv_DOBA/agg_records/pkl/round_0283_apra.pkl
284,apra,success,"[2, 59, 56, 14, 68, 81, 55, 62, 6, 63]","[2, 59, 56, 14, 68, 81, 55, 6, 63]",[62],10,9,"[""apra_mad_filter"", ""apra_hierarchical_cluster"", ""apra_trust_weighted_clip""]",../main/re_result_6-29_APRA/cifar10_500_Jul.01_20.04.02_apra_fix_True_no-mia_no-mia-class_no-noise_sin-adv_DOBA/agg_records/pkl/round_0284_apra.pkl
285,apra,success,"[1, 89, 12, 78, 93, 21, 23, 71, 98, 30]","[1, 89, 12, 78, 93, 21, 23, 98]","[71, 30]",10,8,"[""apra_mad_filter"", ""apra_hierarchical_cluster"", ""apra_trust_weighted_clip""]",../main/re_result_6-29_APRA/cifar10_500_Jul.01_20.04.02_apra_fix_True_no-mia_no-mia-class_no-noise_sin-adv_DOBA/agg_records/pkl/round_0285_apra.pkl
286,apra,success,"[2, 76, 16, 34, 27, 1, 82, 20, 15, 47]","[2, 76, 16, 34, 82]","[27, 1, 20, 15, 47]",10,5,"[""apra_mad_filter"", ""apra_hierarchical_cluster"", ""apra_trust_weighted_clip""]",../main/re_result_6-29_APRA/cifar10_500_Jul.01_20.04.02_apra_fix_True_no-mia_no-mia-class_no-noise_sin-adv_DOBA/agg_records/pkl/round_0286_apra.pkl
287,apra,success,"[1, 58, 23, 96, 47, 80, 63, 69, 29, 26]","[1, 23, 96, 80, 63, 29]","[58, 47, 69, 26]",10,6,"[""apra_mad_filter"", ""apra_hierarchical_cluster"", ""apra_trust_weighted_clip""]",../main/re_result_6-29_APRA/cifar10_500_Jul.01_20.04.02_apra_fix_True_no-mia_no-mia-class_no-noise_sin-adv_DOBA/agg_records/pkl/round_0287_apra.pkl
288,apra,success,"[3, 60, 36, 89, 7, 68, 87, 74, 14, 22]","[3, 60, 89, 68, 87, 74]","[36, 7, 14, 22]",10,6,"[""apra_mad_filter"", ""apra_hierarchical_cluster"", ""apra_trust_weighted_clip""]",../main/re_result_6-29_APRA/cifar10_500_Jul.01_20.04.02_apra_fix_True_no-mia_no-mia-class_no-noise_sin-adv_DOBA/agg_records/pkl/round_0288_apra.pkl
289,apra,success,"[0, 45, 76, 75, 35, 37, 89, 60, 81, 99]","[45, 76, 75, 35, 37, 89, 60, 81]","[0, 99]",10,8,"[""apra_mad_filter"", ""apra_hierarchical_cluster"", ""apra_trust_weighted_clip""]",../main/re_result_6-29_APRA/cifar10_500_Jul.01_20.04.02_apra_fix_True_no-mia_no-mia-class_no-noise_sin-adv_DOBA/agg_records/pkl/round_0289_apra.pkl
290,apra,success,"[3, 76, 95, 69, 70, 4, 12, 23, 86, 22]","[3, 76, 70, 23]","[95, 69, 4, 12, 86, 22]",10,4,"[""apra_mad_filter"", ""apra_hierarchical_cluster"", ""apra_trust_weighted_clip""]",../main/re_result_6-29_APRA/cifar10_500_Jul.01_20.04.02_apra_fix_True_no-mia_no-mia-class_no-noise_sin-adv_DOBA/agg_records/pkl/round_0290_apra.pkl
291,apra,success,"[2, 97, 52, 17, 8, 69, 28, 54, 13, 96]","[2, 97, 52, 69, 28, 54, 13, 96]","[17, 8]",10,8,"[""apra_mad_filter"", ""apra_hierarchical_cluster"", ""apra_trust_weighted_clip""]",../main/re_result_6-29_APRA/cifar10_500_Jul.01_20.04.02_apra_fix_True_no-mia_no-mia-class_no-noise_sin-adv_DOBA/agg_records/pkl/round_0291_apra.pkl
292,apra,success,"[0, 72, 70, 5, 20, 46, 63, 85, 9, 52]","[72, 70, 20, 46, 63, 85, 9, 52]","[0, 5]",10,8,"[""apra_mad_filter"", ""apra_hierarchical_cluster"", ""apra_trust_weighted_clip""]",../main/re_result_6-29_APRA/cifar10_500_Jul.01_20.04.02_apra_fix_True_no-mia_no-mia-class_no-noise_sin-adv_DOBA/agg_records/pkl/round_0292_apra.pkl
293,apra,success,"[1, 92, 7, 95, 84, 51, 31, 59, 8, 29]","[1, 92, 7, 95, 84, 51, 59, 8, 29]",[31],10,9,"[""apra_mad_filter"", ""apra_hierarchical_cluster"", ""apra_trust_weighted_clip""]",../main/re_result_6-29_APRA/cifar10_500_Jul.01_20.04.02_apra_fix_True_no-mia_no-mia-class_no-noise_sin-adv_DOBA/agg_records/pkl/round_0293_apra.pkl
294,apra,success,"[2, 44, 80, 46, 14, 41, 16, 51, 57, 49]","[2, 80, 46, 14, 41, 16, 51, 57, 49]",[44],10,9,"[""apra_mad_filter"", ""apra_hierarchical_cluster"", ""apra_trust_weighted_clip""]",../main/re_result_6-29_APRA/cifar10_500_Jul.01_20.04.02_apra_fix_True_no-mia_no-mia-class_no-noise_sin-adv_DOBA/agg_records/pkl/round_0294_apra.pkl
295,apra,success,"[0, 56, 91, 53, 20, 74, 52, 45, 70, 51]","[56, 91, 53, 20, 74, 52, 70, 51]","[0, 45]",10,8,"[""apra_mad_filter"", ""apra_hierarchical_cluster"", ""apra_trust_weighted_clip""]",../main/re_result_6-29_APRA/cifar10_500_Jul.01_20.04.02_apra_fix_True_no-mia_no-mia-class_no-noise_sin-adv_DOBA/agg_records/pkl/round_0295_apra.pkl
296,apra,success,"[1, 50, 7, 17, 47, 32, 49, 66, 63, 25]","[1, 50, 7, 49, 66, 63, 25]","[17, 47, 32]",10,7,"[""apra_mad_filter"", ""apra_hierarchical_cluster"", ""apra_trust_weighted_clip""]",../main/re_result_6-29_APRA/cifar10_500_Jul.01_20.04.02_apra_fix_True_no-mia_no-mia-class_no-noise_sin-adv_DOBA/agg_records/pkl/round_0296_apra.pkl
297,apra,success,"[1, 8, 80, 19, 23, 42, 36, 47, 6, 71]","[1, 8, 80, 19, 23, 36, 6]","[42, 47, 71]",10,7,"[""apra_mad_filter"", ""apra_hierarchical_cluster"", ""apra_trust_weighted_clip""]",../main/re_result_6-29_APRA/cifar10_500_Jul.01_20.04.02_apra_fix_True_no-mia_no-mia-class_no-noise_sin-adv_DOBA/agg_records/pkl/round_0297_apra.pkl
298,apra,success,"[0, 50, 79, 35, 3, 57, 72, 60, 27, 84]","[50, 79, 35, 3, 57, 72, 60, 27, 84]",[0],10,9,"[""apra_mad_filter"", ""apra_hierarchical_cluster"", ""apra_trust_weighted_clip""]",../main/re_result_6-29_APRA/cifar10_500_Jul.01_20.04.02_apra_fix_True_no-mia_no-mia-class_no-noise_sin-adv_DOBA/agg_records/pkl/round_0298_apra.pkl
299,apra,success,"[4, 64, 13, 69, 26, 82, 37, 16, 97, 8]","[64, 13, 69, 26, 82, 37, 16, 97]","[4, 8]",10,8,"[""apra_mad_filter"", ""apra_hierarchical_cluster"", ""apra_trust_weighted_clip""]",../main/re_result_6-29_APRA/cifar10_500_Jul.01_20.04.02_apra_fix_True_no-mia_no-mia-class_no-noise_sin-adv_DOBA/agg_records/pkl/round_0299_apra.pkl
300,apra,success,"[0, 82, 1, 56, 50, 42, 70, 38, 66, 37]","[82, 1, 56, 50, 70, 38, 37]","[0, 42, 66]",10,7,"[""apra_mad_filter"", ""apra_hierarchical_cluster"", ""apra_trust_weighted_clip""]",../main/re_result_6-29_APRA/cifar10_500_Jul.01_20.04.02_apra_fix_True_no-mia_no-mia-class_no-noise_sin-adv_DOBA/agg_records/pkl/round_0300_apra.pkl
301,apra,success,"[1, 92, 97, 73, 30, 4, 0, 36, 56, 8]","[1, 92, 30, 36, 56, 8]","[97, 73, 4, 0]",10,6,"[""apra_mad_filter"", ""apra_hierarchical_cluster"", ""apra_trust_weighted_clip""]",../main/re_result_6-29_APRA/cifar10_500_Jul.01_20.04.02_apra_fix_True_no-mia_no-mia-class_no-noise_sin-adv_DOBA/agg_records/pkl/round_0301_apra.pkl
302,apra,success,"[1, 90, 41, 84, 92, 54, 0, 91, 69, 78]","[90, 41, 84, 92, 0, 91, 69, 78]","[1, 54]",10,8,"[""apra_mad_filter"", ""apra_hierarchical_cluster"", ""apra_trust_weighted_clip""]",../main/re_result_6-29_APRA/cifar10_500_Jul.01_20.04.02_apra_fix_True_no-mia_no-mia-class_no-noise_sin-adv_DOBA/agg_records/pkl/round_0302_apra.pkl
303,apra,success,"[3, 5, 50, 36, 73, 88, 32, 61, 48, 80]","[3, 5, 50, 36, 61, 80]","[73, 88, 32, 48]",10,6,"[""apra_mad_filter"", ""apra_hierarchical_cluster"", ""apra_trust_weighted_clip""]",../main/re_result_6-29_APRA/cifar10_500_Jul.01_20.04.02_apra_fix_True_no-mia_no-mia-class_no-noise_sin-adv_DOBA/agg_records/pkl/round_0303_apra.pkl
304,apra,success,"[0, 37, 60, 79, 7, 82, 41, 96, 71, 32]","[0, 37, 60, 79, 7, 82, 71, 32]","[41, 96]",10,8,"[""apra_mad_filter"", ""apra_hierarchical_cluster"", ""apra_trust_weighted_clip""]",../main/re_result_6-29_APRA/cifar10_500_Jul.01_20.04.02_apra_fix_True_no-mia_no-mia-class_no-noise_sin-adv_DOBA/agg_records/pkl/round_0304_apra.pkl
305,apra,success,"[0, 34, 61, 2, 17, 63, 84, 68, 74, 4]","[34, 61, 2, 17, 63, 84, 68, 74, 4]",[0],10,9,"[""apra_mad_filter"", ""apra_hierarchical_cluster"", ""apra_trust_weighted_clip""]",../main/re_result_6-29_APRA/cifar10_500_Jul.01_20.04.02_apra_fix_True_no-mia_no-mia-class_no-noise_sin-adv_DOBA/agg_records/pkl/round_0305_apra.pkl
306,apra,success,"[1, 59, 55, 34, 48, 15, 25, 0, 88, 99]","[1, 59, 55, 34, 15, 25, 99]","[48, 0, 88]",10,7,"[""apra_mad_filter"", ""apra_hierarchical_cluster"", ""apra_trust_weighted_clip""]",../main/re_result_6-29_APRA/cifar10_500_Jul.01_20.04.02_apra_fix_True_no-mia_no-mia-class_no-noise_sin-adv_DOBA/agg_records/pkl/round_0306_apra.pkl
307,apra,success,"[0, 42, 81, 7, 16, 80, 70, 63, 43, 39]","[42, 7, 16, 70, 63, 43, 39]","[0, 81, 80]",10,7,"[""apra_mad_filter"", ""apra_hierarchical_cluster"", ""apra_trust_weighted_clip""]",../main/re_result_6-29_APRA/cifar10_500_Jul.01_20.04.02_apra_fix_True_no-mia_no-mia-class_no-noise_sin-adv_DOBA/agg_records/pkl/round_0307_apra.pkl
308,apra,success,"[3, 27, 70, 66, 0, 37, 24, 63, 40, 4]","[3, 70, 37, 40]","[27, 66, 0, 24, 63, 4]",10,4,"[""apra_mad_filter"", ""apra_hierarchical_cluster"", ""apra_trust_weighted_clip""]",../main/re_result_6-29_APRA/cifar10_500_Jul.01_20.04.02_apra_fix_True_no-mia_no-mia-class_no-noise_sin-adv_DOBA/agg_records/pkl/round_0308_apra.pkl
309,apra,success,"[3, 21, 66, 22, 65, 42, 0, 57, 45, 41]","[3, 21, 66, 22, 65, 42, 57, 45, 41]",[0],10,9,"[""apra_mad_filter"", ""apra_hierarchical_cluster"", ""apra_trust_weighted_clip""]",../main/re_result_6-29_APRA/cifar10_500_Jul.01_20.04.02_apra_fix_True_no-mia_no-mia-class_no-noise_sin-adv_DOBA/agg_records/pkl/round_0309_apra.pkl
310,apra,success,"[1, 24, 2, 48, 89, 18, 69, 47, 10, 41]","[1, 2, 89, 18, 69, 10, 41]","[24, 48, 47]",10,7,"[""apra_mad_filter"", ""apra_hierarchical_cluster"", ""apra_trust_weighted_clip""]",../main/re_result_6-29_APRA/cifar10_500_Jul.01_20.04.02_apra_fix_True_no-mia_no-mia-class_no-noise_sin-adv_DOBA/agg_records/pkl/round_0310_apra.pkl
311,apra,success,"[2, 8, 15, 25, 43, 21, 33, 60, 11, 12]","[2, 15, 25, 43, 21, 33, 60, 11, 12]",[8],10,9,"[""apra_mad_filter"", ""apra_hierarchical_cluster"", ""apra_trust_weighted_clip""]",../main/re_result_6-29_APRA/cifar10_500_Jul.01_20.04.02_apra_fix_True_no-mia_no-mia-class_no-noise_sin-adv_DOBA/agg_records/pkl/round_0311_apra.pkl
312,apra,success,"[3, 71, 66, 61, 87, 98, 45, 1, 93, 47]","[3, 61, 87, 98, 45, 1, 93]","[71, 66, 47]",10,7,"[""apra_mad_filter"", ""apra_hierarchical_cluster"", ""apra_trust_weighted_clip""]",../main/re_result_6-29_APRA/cifar10_500_Jul.01_20.04.02_apra_fix_True_no-mia_no-mia-class_no-noise_sin-adv_DOBA/agg_records/pkl/round_0312_apra.pkl
313,apra,success,"[0, 27, 80, 96, 89, 16, 68, 82, 35, 12]","[27, 80, 89, 16, 68, 35, 12]","[0, 96, 82]",10,7,"[""apra_mad_filter"", ""apra_hierarchical_cluster"", ""apra_trust_weighted_clip""]",../main/re_result_6-29_APRA/cifar10_500_Jul.01_20.04.02_apra_fix_True_no-mia_no-mia-class_no-noise_sin-adv_DOBA/agg_records/pkl/round_0313_apra.pkl
314,apra,success,"[4, 3, 46, 96, 12, 38, 14, 17, 2, 92]","[3, 46, 96, 12, 38, 14, 2, 92]","[4, 17]",10,8,"[""apra_mad_filter"", ""apra_hierarchical_cluster"", ""apra_trust_weighted_clip""]",../main/re_result_6-29_APRA/cifar10_500_Jul.01_20.04.02_apra_fix_True_no-mia_no-mia-class_no-noise_sin-adv_DOBA/agg_records/pkl/round_0314_apra.pkl
315,apra,success,"[0, 64, 34, 81, 6, 36, 95, 48, 9, 43]","[64, 34, 81, 6, 36, 95, 9]","[0, 48, 43]",10,7,"[""apra_mad_filter"", ""apra_hierarchical_cluster"", ""apra_trust_weighted_clip""]",../main/re_result_6-29_APRA/cifar10_500_Jul.01_20.04.02_apra_fix_True_no-mia_no-mia-class_no-noise_sin-adv_DOBA/agg_records/pkl/round_0315_apra.pkl
316,apra,success,"[3, 75, 78, 28, 99, 20, 61, 53, 90, 80]","[3, 75, 78, 28, 20, 61, 53, 90, 80]",[99],10,9,"[""apra_mad_filter"", ""apra_hierarchical_cluster"", ""apra_trust_weighted_clip""]",../main/re_result_6-29_APRA/cifar10_500_Jul.01_20.04.02_apra_fix_True_no-mia_no-mia-class_no-noise_sin-adv_DOBA/agg_records/pkl/round_0316_apra.pkl
317,apra,success,"[1, 49, 72, 74, 75, 34, 58, 29, 66, 60]","[1, 74, 34, 58, 29, 60]","[49, 72, 75, 66]",10,6,"[""apra_mad_filter"", ""apra_hierarchical_cluster"", ""apra_trust_weighted_clip""]",../main/re_result_6-29_APRA/cifar10_500_Jul.01_20.04.02_apra_fix_True_no-mia_no-mia-class_no-noise_sin-adv_DOBA/agg_records/pkl/round_0317_apra.pkl
318,apra,success,"[4, 26, 6, 73, 20, 87, 48, 23, 27, 78]","[26, 6, 20, 23]","[4, 73, 87, 48, 27, 78]",10,4,"[""apra_mad_filter"", ""apra_hierarchical_cluster"", ""apra_trust_weighted_clip""]",../main/re_result_6-29_APRA/cifar10_500_Jul.01_20.04.02_apra_fix_True_no-mia_no-mia-class_no-noise_sin-adv_DOBA/agg_records/pkl/round_0318_apra.pkl
319,apra,success,"[0, 49, 7, 47, 53, 26, 6, 57, 11, 20]","[49, 7, 53, 6, 57, 11, 20]","[0, 47, 26]",10,7,"[""apra_mad_filter"", ""apra_hierarchical_cluster"", ""apra_trust_weighted_clip""]",../main/re_result_6-29_APRA/cifar10_500_Jul.01_20.04.02_apra_fix_True_no-mia_no-mia-class_no-noise_sin-adv_DOBA/agg_records/pkl/round_0319_apra.pkl
320,apra,success,"[2, 16, 27, 62, 79, 39, 12, 18, 83, 41]","[2, 16, 27, 62, 79, 39, 12, 18, 83]",[41],10,9,"[""apra_mad_filter"", ""apra_hierarchical_cluster"", ""apra_trust_weighted_clip""]",../main/re_result_6-29_APRA/cifar10_500_Jul.01_20.04.02_apra_fix_True_no-mia_no-mia-class_no-noise_sin-adv_DOBA/agg_records/pkl/round_0320_apra.pkl
321,apra,success,"[4, 9, 73, 29, 56, 50, 75, 37, 25, 39]","[29, 56, 50, 75, 37, 25, 39]","[4, 9, 73]",10,7,"[""apra_mad_filter"", ""apra_hierarchical_cluster"", ""apra_trust_weighted_clip""]",../main/re_result_6-29_APRA/cifar10_500_Jul.01_20.04.02_apra_fix_True_no-mia_no-mia-class_no-noise_sin-adv_DOBA/agg_records/pkl/round_0321_apra.pkl
322,apra,success,"[1, 55, 45, 87, 89, 25, 11, 85, 40, 95]","[1, 45, 87, 89, 25, 11, 40]","[55, 85, 95]",10,7,"[""apra_mad_filter"", ""apra_hierarchical_cluster"", ""apra_trust_weighted_clip""]",../main/re_result_6-29_APRA/cifar10_500_Jul.01_20.04.02_apra_fix_True_no-mia_no-mia-class_no-noise_sin-adv_DOBA/agg_records/pkl/round_0322_apra.pkl
323,apra,success,"[2, 89, 77, 36, 48, 54, 71, 98, 16, 5]","[2, 89, 77, 36, 71, 98, 16, 5]","[48, 54]",10,8,"[""apra_mad_filter"", ""apra_hierarchical_cluster"", ""apra_trust_weighted_clip""]",../main/re_result_6-29_APRA/cifar10_500_Jul.01_20.04.02_apra_fix_True_no-mia_no-mia-class_no-noise_sin-adv_DOBA/agg_records/pkl/round_0323_apra.pkl
324,apra,success,"[4, 75, 41, 14, 38, 49, 90, 30, 84, 69]","[75, 41, 14, 38, 49, 90, 30, 84, 69]",[4],10,9,"[""apra_mad_filter"", ""apra_hierarchical_cluster"", ""apra_trust_weighted_clip""]",../main/re_result_6-29_APRA/cifar10_500_Jul.01_20.04.02_apra_fix_True_no-mia_no-mia-class_no-noise_sin-adv_DOBA/agg_records/pkl/round_0324_apra.pkl
325,apra,success,"[3, 80, 71, 75, 62, 53, 30, 31, 87, 98]","[3, 80, 71, 75, 62, 53, 30, 87, 98]",[31],10,9,"[""apra_mad_filter"", ""apra_hierarchical_cluster"", ""apra_trust_weighted_clip""]",../main/re_result_6-29_APRA/cifar10_500_Jul.01_20.04.02_apra_fix_True_no-mia_no-mia-class_no-noise_sin-adv_DOBA/agg_records/pkl/round_0325_apra.pkl
326,apra,success,"[0, 17, 26, 2, 36, 20, 27, 31, 29, 89]","[26, 2, 27, 29, 89]","[0, 17, 36, 20, 31]",10,5,"[""apra_mad_filter"", ""apra_hierarchical_cluster"", ""apra_trust_weighted_clip""]",../main/re_result_6-29_APRA/cifar10_500_Jul.01_20.04.02_apra_fix_True_no-mia_no-mia-class_no-noise_sin-adv_DOBA/agg_records/pkl/round_0326_apra.pkl
327,apra,success,"[4, 68, 81, 98, 31, 14, 85, 73, 50, 0]","[4, 68, 81, 98, 14, 85, 73, 50]","[31, 0]",10,8,"[""apra_mad_filter"", ""apra_hierarchical_cluster"", ""apra_trust_weighted_clip""]",../main/re_result_6-29_APRA/cifar10_500_Jul.01_20.04.02_apra_fix_True_no-mia_no-mia-class_no-noise_sin-adv_DOBA/agg_records/pkl/round_0327_apra.pkl
328,apra,success,"[1, 42, 4, 79, 93, 92, 85, 20, 64, 3]","[1, 4, 79, 93, 92, 85, 20, 64, 3]",[42],10,9,"[""apra_mad_filter"", ""apra_hierarchical_cluster"", ""apra_trust_weighted_clip""]",../main/re_result_6-29_APRA/cifar10_500_Jul.01_20.04.02_apra_fix_True_no-mia_no-mia-class_no-noise_sin-adv_DOBA/agg_records/pkl/round_0328_apra.pkl
329,apra,success,"[2, 0, 4, 40, 32, 70, 56, 49, 55, 66]","[2, 4, 40, 32, 70, 56, 49, 55, 66]",[0],10,9,"[""apra_mad_filter"", ""apra_hierarchical_cluster"", ""apra_trust_weighted_clip""]",../main/re_result_6-29_APRA/cifar10_500_Jul.01_20.04.02_apra_fix_True_no-mia_no-mia-class_no-noise_sin-adv_DOBA/agg_records/pkl/round_0329_apra.pkl
330,apra,success,"[2, 60, 6, 64, 84, 20, 50, 95, 21, 41]","[2, 60, 6, 64, 84, 21]","[20, 50, 95, 41]",10,6,"[""apra_mad_filter"", ""apra_hierarchical_cluster"", ""apra_trust_weighted_clip""]",../main/re_result_6-29_APRA/cifar10_500_Jul.01_20.04.02_apra_fix_True_no-mia_no-mia-class_no-noise_sin-adv_DOBA/agg_records/pkl/round_0330_apra.pkl
331,apra,success,"[3, 94, 65, 78, 54, 55, 26, 53, 4, 46]","[3, 94, 65, 78, 55, 26, 53, 4, 46]",[54],10,9,"[""apra_mad_filter"", ""apra_hierarchical_cluster"", ""apra_trust_weighted_clip""]",../main/re_result_6-29_APRA/cifar10_500_Jul.01_20.04.02_apra_fix_True_no-mia_no-mia-class_no-noise_sin-adv_DOBA/agg_records/pkl/round_0331_apra.pkl
332,apra,success,"[1, 63, 25, 68, 8, 72, 19, 26, 6, 73]","[1, 63, 25, 68, 8, 72, 6]","[19, 26, 73]",10,7,"[""apra_mad_filter"", ""apra_hierarchical_cluster"", ""apra_trust_weighted_clip""]",../main/re_result_6-29_APRA/cifar10_500_Jul.01_20.04.02_apra_fix_True_no-mia_no-mia-class_no-noise_sin-adv_DOBA/agg_records/pkl/round_0332_apra.pkl
333,apra,success,"[3, 4, 12, 78, 75, 70, 22, 38, 60, 64]","[3, 12, 78, 22, 38, 60, 64]","[4, 75, 70]",10,7,"[""apra_mad_filter"", ""apra_hierarchical_cluster"", ""apra_trust_weighted_clip""]",../main/re_result_6-29_APRA/cifar10_500_Jul.01_20.04.02_apra_fix_True_no-mia_no-mia-class_no-noise_sin-adv_DOBA/agg_records/pkl/round_0333_apra.pkl
334,apra,success,"[0, 81, 88, 60, 47, 13, 68, 89, 51, 18]","[81, 60, 47, 13, 68, 89, 51, 18]","[0, 88]",10,8,"[""apra_mad_filter"", ""apra_hierarchical_cluster"", ""apra_trust_weighted_clip""]",../main/re_result_6-29_APRA/cifar10_500_Jul.01_20.04.02_apra_fix_True_no-mia_no-mia-class_no-noise_sin-adv_DOBA/agg_records/pkl/round_0334_apra.pkl
335,apra,success,"[0, 1, 73, 65, 85, 81, 84, 53, 25, 52]","[1, 65, 85, 81, 84, 53, 25, 52]","[0, 73]",10,8,"[""apra_mad_filter"", ""apra_hierarchical_cluster"", ""apra_trust_weighted_clip""]",../main/re_result_6-29_APRA/cifar10_500_Jul.01_20.04.02_apra_fix_True_no-mia_no-mia-class_no-noise_sin-adv_DOBA/agg_records/pkl/round_0335_apra.pkl
336,apra,success,"[3, 68, 88, 23, 65, 84, 9, 55, 70, 74]","[3, 23, 84, 9, 74]","[68, 88, 65, 55, 70]",10,5,"[""apra_mad_filter"", ""apra_hierarchical_cluster"", ""apra_trust_weighted_clip""]",../main/re_result_6-29_APRA/cifar10_500_Jul.01_20.04.02_apra_fix_True_no-mia_no-mia-class_no-noise_sin-adv_DOBA/agg_records/pkl/round_0336_apra.pkl
337,apra,success,"[3, 1, 49, 52, 65, 88, 68, 9, 21, 63]","[3, 1, 49, 52, 65, 68, 21, 63]","[88, 9]",10,8,"[""apra_mad_filter"", ""apra_hierarchical_cluster"", ""apra_trust_weighted_clip""]",../main/re_result_6-29_APRA/cifar10_500_Jul.01_20.04.02_apra_fix_True_no-mia_no-mia-class_no-noise_sin-adv_DOBA/agg_records/pkl/round_0337_apra.pkl
338,apra,success,"[4, 7, 40, 94, 21, 48, 22, 70, 87, 35]","[7, 40, 94, 21, 22, 70, 87]","[4, 48, 35]",10,7,"[""apra_mad_filter"", ""apra_hierarchical_cluster"", ""apra_trust_weighted_clip""]",../main/re_result_6-29_APRA/cifar10_500_Jul.01_20.04.02_apra_fix_True_no-mia_no-mia-class_no-noise_sin-adv_DOBA/agg_records/pkl/round_0338_apra.pkl
339,apra,success,"[3, 42, 65, 2, 55, 70, 10, 87, 58, 77]","[65, 2, 55, 70, 87, 58, 77]","[3, 42, 10]",10,7,"[""apra_mad_filter"", ""apra_hierarchical_cluster"", ""apra_trust_weighted_clip""]",../main/re_result_6-29_APRA/cifar10_500_Jul.01_20.04.02_apra_fix_True_no-mia_no-mia-class_no-noise_sin-adv_DOBA/agg_records/pkl/round_0339_apra.pkl
340,apra,success,"[1, 21, 81, 37, 13, 86, 79, 59, 78, 57]","[1, 21, 81, 37, 86, 79, 78, 57]","[13, 59]",10,8,"[""apra_mad_filter"", ""apra_hierarchical_cluster"", ""apra_trust_weighted_clip""]",../main/re_result_6-29_APRA/cifar10_500_Jul.01_20.04.02_apra_fix_True_no-mia_no-mia-class_no-noise_sin-adv_DOBA/agg_records/pkl/round_0340_apra.pkl
341,apra,success,"[0, 28, 16, 6, 72, 8, 68, 34, 93, 1]","[28, 16, 6, 68, 34, 93, 1]","[0, 72, 8]",10,7,"[""apra_mad_filter"", ""apra_hierarchical_cluster"", ""apra_trust_weighted_clip""]",../main/re_result_6-29_APRA/cifar10_500_Jul.01_20.04.02_apra_fix_True_no-mia_no-mia-class_no-noise_sin-adv_DOBA/agg_records/pkl/round_0341_apra.pkl
342,apra,success,"[4, 70, 45, 93, 34, 33, 68, 59, 71, 74]","[70, 45, 93, 34, 33, 68, 59, 71, 74]",[4],10,9,"[""apra_mad_filter"", ""apra_hierarchical_cluster"", ""apra_trust_weighted_clip""]",../main/re_result_6-29_APRA/cifar10_500_Jul.01_20.04.02_apra_fix_True_no-mia_no-mia-class_no-noise_sin-adv_DOBA/agg_records/pkl/round_0342_apra.pkl
343,apra,success,"[0, 35, 69, 32, 25, 33, 54, 41, 70, 49]","[0, 35, 69, 32, 25, 33, 41, 70, 49]",[54],10,9,"[""apra_mad_filter"", ""apra_hierarchical_cluster"", ""apra_trust_weighted_clip""]",../main/re_result_6-29_APRA/cifar10_500_Jul.01_20.04.02_apra_fix_True_no-mia_no-mia-class_no-noise_sin-adv_DOBA/agg_records/pkl/round_0343_apra.pkl
344,apra,success,"[3, 95, 82, 18, 50, 8, 24, 13, 28, 9]","[3, 82, 18, 50, 8, 24, 13, 28, 9]",[95],10,9,"[""apra_mad_filter"", ""apra_hierarchical_cluster"", ""apra_trust_weighted_clip""]",../main/re_result_6-29_APRA/cifar10_500_Jul.01_20.04.02_apra_fix_True_no-mia_no-mia-class_no-noise_sin-adv_DOBA/agg_records/pkl/round_0344_apra.pkl
345,apra,success,"[4, 89, 3, 55, 91, 96, 94, 54, 39, 8]","[4, 89, 3, 55, 91, 96, 94, 39, 8]",[54],10,9,"[""apra_mad_filter"", ""apra_hierarchical_cluster"", ""apra_trust_weighted_clip""]",../main/re_result_6-29_APRA/cifar10_500_Jul.01_20.04.02_apra_fix_True_no-mia_no-mia-class_no-noise_sin-adv_DOBA/agg_records/pkl/round_0345_apra.pkl
346,apra,success,"[2, 82, 78, 74, 61, 88, 39, 29, 4, 68]","[2, 78, 74, 61, 39, 29, 68]","[82, 88, 4]",10,7,"[""apra_mad_filter"", ""apra_hierarchical_cluster"", ""apra_trust_weighted_clip""]",../main/re_result_6-29_APRA/cifar10_500_Jul.01_20.04.02_apra_fix_True_no-mia_no-mia-class_no-noise_sin-adv_DOBA/agg_records/pkl/round_0346_apra.pkl
347,apra,success,"[3, 93, 72, 1, 90, 28, 57, 68, 23, 83]","[3, 93, 1, 90, 57, 68, 23, 83]","[72, 28]",10,8,"[""apra_mad_filter"", ""apra_hierarchical_cluster"", ""apra_trust_weighted_clip""]",../main/re_result_6-29_APRA/cifar10_500_Jul.01_20.04.02_apra_fix_True_no-mia_no-mia-class_no-noise_sin-adv_DOBA/agg_records/pkl/round_0347_apra.pkl
348,apra,success,"[2, 91, 31, 57, 14, 17, 54, 95, 68, 64]","[2, 91, 57, 14, 17, 68, 64]","[31, 54, 95]",10,7,"[""apra_mad_filter"", ""apra_hierarchical_cluster"", ""apra_trust_weighted_clip""]",../main/re_result_6-29_APRA/cifar10_500_Jul.01_20.04.02_apra_fix_True_no-mia_no-mia-class_no-noise_sin-adv_DOBA/agg_records/pkl/round_0348_apra.pkl
349,apra,success,"[0, 37, 11, 43, 41, 63, 70, 82, 13, 31]","[37, 11, 43, 41, 63, 70, 82, 13]","[0, 31]",10,8,"[""apra_mad_filter"", ""apra_hierarchical_cluster"", ""apra_trust_weighted_clip""]",../main/re_result_6-29_APRA/cifar10_500_Jul.01_20.04.02_apra_fix_True_no-mia_no-mia-class_no-noise_sin-adv_DOBA/agg_records/pkl/round_0349_apra.pkl
350,apra,success,"[3, 26, 92, 10, 37, 22, 16, 62, 86, 44]","[3, 26, 92, 37, 22, 16, 62, 86, 44]",[10],10,9,"[""apra_mad_filter"", ""apra_hierarchical_cluster"", ""apra_trust_weighted_clip""]",../main/re_result_6-29_APRA/cifar10_500_Jul.01_20.04.02_apra_fix_True_no-mia_no-mia-class_no-noise_sin-adv_DOBA/agg_records/pkl/round_0350_apra.pkl
351,apra,success,"[3, 18, 35, 62, 77, 78, 36, 93, 33, 32]","[3, 18, 35, 78, 93, 33]","[62, 77, 36, 32]",10,6,"[""apra_mad_filter"", ""apra_hierarchical_cluster"", ""apra_trust_weighted_clip""]",../main/re_result_6-29_APRA/cifar10_500_Jul.01_20.04.02_apra_fix_True_no-mia_no-mia-class_no-noise_sin-adv_DOBA/agg_records/pkl/round_0351_apra.pkl
352,apra,success,"[1, 15, 64, 70, 21, 58, 29, 93, 5, 46]","[1, 15, 70, 21, 58, 29, 93, 5]","[64, 46]",10,8,"[""apra_mad_filter"", ""apra_hierarchical_cluster"", ""apra_trust_weighted_clip""]",../main/re_result_6-29_APRA/cifar10_500_Jul.01_20.04.02_apra_fix_True_no-mia_no-mia-class_no-noise_sin-adv_DOBA/agg_records/pkl/round_0352_apra.pkl
353,apra,success,"[4, 62, 53, 56, 18, 5, 68, 40, 1, 57]","[4, 62, 53, 56, 18, 5, 40, 1, 57]",[68],10,9,"[""apra_mad_filter"", ""apra_hierarchical_cluster"", ""apra_trust_weighted_clip""]",../main/re_result_6-29_APRA/cifar10_500_Jul.01_20.04.02_apra_fix_True_no-mia_no-mia-class_no-noise_sin-adv_DOBA/agg_records/pkl/round_0353_apra.pkl
354,apra,success,"[4, 36, 92, 52, 33, 1, 98, 15, 43, 57]","[4, 92, 1, 98, 43, 57]","[36, 52, 33, 15]",10,6,"[""apra_mad_filter"", ""apra_hierarchical_cluster"", ""apra_trust_weighted_clip""]",../main/re_result_6-29_APRA/cifar10_500_Jul.01_20.04.02_apra_fix_True_no-mia_no-mia-class_no-noise_sin-adv_DOBA/agg_records/pkl/round_0354_apra.pkl
355,apra,success,"[3, 38, 53, 50, 18, 15, 77, 79, 90, 63]","[38, 77, 79, 90, 63]","[3, 53, 50, 18, 15]",10,5,"[""apra_mad_filter"", ""apra_hierarchical_cluster"", ""apra_trust_weighted_clip""]",../main/re_result_6-29_APRA/cifar10_500_Jul.01_20.04.02_apra_fix_True_no-mia_no-mia-class_no-noise_sin-adv_DOBA/agg_records/pkl/round_0355_apra.pkl
356,apra,success,"[4, 85, 41, 55, 44, 81, 17, 39, 20, 34]","[4, 85, 41, 55, 44, 81, 39, 34]","[17, 20]",10,8,"[""apra_mad_filter"", ""apra_hierarchical_cluster"", ""apra_trust_weighted_clip""]",../main/re_result_6-29_APRA/cifar10_500_Jul.01_20.04.02_apra_fix_True_no-mia_no-mia-class_no-noise_sin-adv_DOBA/agg_records/pkl/round_0356_apra.pkl
357,apra,success,"[2, 72, 55, 52, 59, 23, 79, 74, 78, 8]","[2, 72, 23, 79, 74, 78, 8]","[55, 52, 59]",10,7,"[""apra_mad_filter"", ""apra_hierarchical_cluster"", ""apra_trust_weighted_clip""]",../main/re_result_6-29_APRA/cifar10_500_Jul.01_20.04.02_apra_fix_True_no-mia_no-mia-class_no-noise_sin-adv_DOBA/agg_records/pkl/round_0357_apra.pkl
358,apra,success,"[3, 21, 18, 92, 54, 61, 79, 35, 6, 56]","[3, 21, 18, 61, 79, 35, 6]","[92, 54, 56]",10,7,"[""apra_mad_filter"", ""apra_hierarchical_cluster"", ""apra_trust_weighted_clip""]",../main/re_result_6-29_APRA/cifar10_500_Jul.01_20.04.02_apra_fix_True_no-mia_no-mia-class_no-noise_sin-adv_DOBA/agg_records/pkl/round_0358_apra.pkl
359,apra,success,"[0, 13, 41, 34, 14, 30, 67, 21, 57, 92]","[13, 41, 34, 14, 30, 67, 21, 57, 92]",[0],10,9,"[""apra_mad_filter"", ""apra_hierarchical_cluster"", ""apra_trust_weighted_clip""]",../main/re_result_6-29_APRA/cifar10_500_Jul.01_20.04.02_apra_fix_True_no-mia_no-mia-class_no-noise_sin-adv_DOBA/agg_records/pkl/round_0359_apra.pkl
360,apra,success,"[1, 72, 53, 86, 69, 68, 28, 31, 79, 18]","[1, 53, 86, 68, 79, 18]","[72, 69, 28, 31]",10,6,"[""apra_mad_filter"", ""apra_hierarchical_cluster"", ""apra_trust_weighted_clip""]",../main/re_result_6-29_APRA/cifar10_500_Jul.01_20.04.02_apra_fix_True_no-mia_no-mia-class_no-noise_sin-adv_DOBA/agg_records/pkl/round_0360_apra.pkl
361,apra,success,"[1, 69, 86, 97, 78, 68, 50, 18, 20, 46]","[1, 86, 97, 78, 68, 50, 18, 20, 46]",[69],10,9,"[""apra_mad_filter"", ""apra_hierarchical_cluster"", ""apra_trust_weighted_clip""]",../main/re_result_6-29_APRA/cifar10_500_Jul.01_20.04.02_apra_fix_True_no-mia_no-mia-class_no-noise_sin-adv_DOBA/agg_records/pkl/round_0361_apra.pkl
362,apra,success,"[2, 55, 84, 65, 95, 54, 24, 73, 53, 56]","[2, 55, 84, 65, 24, 73, 53, 56]","[95, 54]",10,8,"[""apra_mad_filter"", ""apra_hierarchical_cluster"", ""apra_trust_weighted_clip""]",../main/re_result_6-29_APRA/cifar10_500_Jul.01_20.04.02_apra_fix_True_no-mia_no-mia-class_no-noise_sin-adv_DOBA/agg_records/pkl/round_0362_apra.pkl
363,apra,success,"[0, 8, 30, 47, 52, 48, 64, 35, 83, 71]","[8, 47, 52, 64, 35, 83, 71]","[0, 30, 48]",10,7,"[""apra_mad_filter"", ""apra_hierarchical_cluster"", ""apra_trust_weighted_clip""]",../main/re_result_6-29_APRA/cifar10_500_Jul.01_20.04.02_apra_fix_True_no-mia_no-mia-class_no-noise_sin-adv_DOBA/agg_records/pkl/round_0363_apra.pkl
364,apra,success,"[0, 72, 40, 26, 63, 84, 11, 91, 99, 75]","[72, 40, 63, 84, 11, 91, 99, 75]","[0, 26]",10,8,"[""apra_mad_filter"", ""apra_hierarchical_cluster"", ""apra_trust_weighted_clip""]",../main/re_result_6-29_APRA/cifar10_500_Jul.01_20.04.02_apra_fix_True_no-mia_no-mia-class_no-noise_sin-adv_DOBA/agg_records/pkl/round_0364_apra.pkl
365,apra,success,"[1, 53, 19, 62, 30, 81, 47, 0, 83, 52]","[1, 53, 19, 62, 30, 81, 47, 83, 52]",[0],10,9,"[""apra_mad_filter"", ""apra_hierarchical_cluster"", ""apra_trust_weighted_clip""]",../main/re_result_6-29_APRA/cifar10_500_Jul.01_20.04.02_apra_fix_True_no-mia_no-mia-class_no-noise_sin-adv_DOBA/agg_records/pkl/round_0365_apra.pkl
366,apra,success,"[0, 7, 94, 10, 20, 55, 53, 37, 50, 82]","[7, 94, 10, 20, 55, 53, 37, 50, 82]",[0],10,9,"[""apra_mad_filter"", ""apra_hierarchical_cluster"", ""apra_trust_weighted_clip""]",../main/re_result_6-29_APRA/cifar10_500_Jul.01_20.04.02_apra_fix_True_no-mia_no-mia-class_no-noise_sin-adv_DOBA/agg_records/pkl/round_0366_apra.pkl
367,apra,success,"[0, 75, 56, 10, 37, 78, 5, 73, 11, 1]","[0, 75, 56, 37, 78, 11, 1]","[10, 5, 73]",10,7,"[""apra_mad_filter"", ""apra_hierarchical_cluster"", ""apra_trust_weighted_clip""]",../main/re_result_6-29_APRA/cifar10_500_Jul.01_20.04.02_apra_fix_True_no-mia_no-mia-class_no-noise_sin-adv_DOBA/agg_records/pkl/round_0367_apra.pkl
368,apra,success,"[0, 77, 14, 56, 51, 46, 86, 76, 42, 40]","[77, 14, 56, 51, 46, 86, 76, 40]","[0, 42]",10,8,"[""apra_mad_filter"", ""apra_hierarchical_cluster"", ""apra_trust_weighted_clip""]",../main/re_result_6-29_APRA/cifar10_500_Jul.01_20.04.02_apra_fix_True_no-mia_no-mia-class_no-noise_sin-adv_DOBA/agg_records/pkl/round_0368_apra.pkl
369,apra,success,"[2, 40, 93, 32, 5, 7, 13, 61, 67, 35]","[2, 40, 93, 7, 13, 61, 67, 35]","[32, 5]",10,8,"[""apra_mad_filter"", ""apra_hierarchical_cluster"", ""apra_trust_weighted_clip""]",../main/re_result_6-29_APRA/cifar10_500_Jul.01_20.04.02_apra_fix_True_no-mia_no-mia-class_no-noise_sin-adv_DOBA/agg_records/pkl/round_0369_apra.pkl
370,apra,success,"[3, 17, 84, 95, 63, 94, 39, 98, 89, 21]","[3, 84, 94, 39, 98, 21]","[17, 95, 63, 89]",10,6,"[""apra_mad_filter"", ""apra_hierarchical_cluster"", ""apra_trust_weighted_clip""]",../main/re_result_6-29_APRA/cifar10_500_Jul.01_20.04.02_apra_fix_True_no-mia_no-mia-class_no-noise_sin-adv_DOBA/agg_records/pkl/round_0370_apra.pkl
371,apra,success,"[0, 83, 41, 24, 92, 17, 44, 86, 87, 71]","[83, 41, 24, 92, 44, 86, 87, 71]","[0, 17]",10,8,"[""apra_mad_filter"", ""apra_hierarchical_cluster"", ""apra_trust_weighted_clip""]",../main/re_result_6-29_APRA/cifar10_500_Jul.01_20.04.02_apra_fix_True_no-mia_no-mia-class_no-noise_sin-adv_DOBA/agg_records/pkl/round_0371_apra.pkl
372,apra,success,"[4, 65, 59, 88, 26, 8, 64, 21, 14, 53]","[4, 65, 59, 8, 64, 21, 14, 53]","[88, 26]",10,8,"[""apra_mad_filter"", ""apra_hierarchical_cluster"", ""apra_trust_weighted_clip""]",../main/re_result_6-29_APRA/cifar10_500_Jul.01_20.04.02_apra_fix_True_no-mia_no-mia-class_no-noise_sin-adv_DOBA/agg_records/pkl/round_0372_apra.pkl
373,apra,success,"[3, 48, 52, 73, 14, 6, 96, 58, 8, 81]","[3, 52, 73, 14, 6, 96, 58, 8, 81]",[48],10,9,"[""apra_mad_filter"", ""apra_hierarchical_cluster"", ""apra_trust_weighted_clip""]",../main/re_result_6-29_APRA/cifar10_500_Jul.01_20.04.02_apra_fix_True_no-mia_no-mia-class_no-noise_sin-adv_DOBA/agg_records/pkl/round_0373_apra.pkl
374,apra,success,"[4, 87, 86, 52, 97, 9, 16, 64, 12, 28]","[87, 86, 16, 64, 12, 28]","[4, 52, 97, 9]",10,6,"[""apra_mad_filter"", ""apra_hierarchical_cluster"", ""apra_trust_weighted_clip""]",../main/re_result_6-29_APRA/cifar10_500_Jul.01_20.04.02_apra_fix_True_no-mia_no-mia-class_no-noise_sin-adv_DOBA/agg_records/pkl/round_0374_apra.pkl
375,apra,success,"[2, 0, 82, 19, 46, 5, 3, 53, 35, 23]","[2, 82, 19, 46, 5, 3, 53, 35, 23]",[0],10,9,"[""apra_mad_filter"", ""apra_hierarchical_cluster"", ""apra_trust_weighted_clip""]",../main/re_result_6-29_APRA/cifar10_500_Jul.01_20.04.02_apra_fix_True_no-mia_no-mia-class_no-noise_sin-adv_DOBA/agg_records/pkl/round_0375_apra.pkl
376,apra,success,"[1, 59, 54, 33, 32, 40, 74, 83, 98, 86]","[1, 59, 33, 40, 74, 83, 98, 86]","[54, 32]",10,8,"[""apra_mad_filter"", ""apra_hierarchical_cluster"", ""apra_trust_weighted_clip""]",../main/re_result_6-29_APRA/cifar10_500_Jul.01_20.04.02_apra_fix_True_no-mia_no-mia-class_no-noise_sin-adv_DOBA/agg_records/pkl/round_0376_apra.pkl
377,apra,success,"[3, 44, 18, 56, 87, 88, 46, 8, 41, 25]","[3, 44, 18, 56, 87, 46, 8, 25]","[88, 41]",10,8,"[""apra_mad_filter"", ""apra_hierarchical_cluster"", ""apra_trust_weighted_clip""]",../main/re_result_6-29_APRA/cifar10_500_Jul.01_20.04.02_apra_fix_True_no-mia_no-mia-class_no-noise_sin-adv_DOBA/agg_records/pkl/round_0377_apra.pkl
378,apra,success,"[2, 64, 63, 87, 34, 11, 53, 1, 21, 66]","[63, 87, 34, 1, 21]","[2, 64, 11, 53, 66]",10,5,"[""apra_mad_filter"", ""apra_hierarchical_cluster"", ""apra_trust_weighted_clip""]",../main/re_result_6-29_APRA/cifar10_500_Jul.01_20.04.02_apra_fix_True_no-mia_no-mia-class_no-noise_sin-adv_DOBA/agg_records/pkl/round_0378_apra.pkl
379,apra,success,"[2, 90, 74, 46, 25, 92, 71, 69, 93, 64]","[2, 90, 74, 25, 92, 93]","[46, 71, 69, 64]",10,6,"[""apra_mad_filter"", ""apra_hierarchical_cluster"", ""apra_trust_weighted_clip""]",../main/re_result_6-29_APRA/cifar10_500_Jul.01_20.04.02_apra_fix_True_no-mia_no-mia-class_no-noise_sin-adv_DOBA/agg_records/pkl/round_0379_apra.pkl
380,apra,success,"[2, 46, 77, 82, 72, 64, 41, 73, 95, 24]","[2, 46, 77, 82, 72, 64, 41, 95, 24]",[73],10,9,"[""apra_mad_filter"", ""apra_hierarchical_cluster"", ""apra_trust_weighted_clip""]",../main/re_result_6-29_APRA/cifar10_500_Jul.01_20.04.02_apra_fix_True_no-mia_no-mia-class_no-noise_sin-adv_DOBA/agg_records/pkl/round_0380_apra.pkl
381,apra,success,"[0, 34, 93, 9, 87, 45, 42, 21, 68, 95]","[34, 93, 9, 87, 45, 42, 21, 68, 95]",[0],10,9,"[""apra_mad_filter"", ""apra_hierarchical_cluster"", ""apra_trust_weighted_clip""]",../main/re_result_6-29_APRA/cifar10_500_Jul.01_20.04.02_apra_fix_True_no-mia_no-mia-class_no-noise_sin-adv_DOBA/agg_records/pkl/round_0381_apra.pkl
382,apra,success,"[1, 98, 30, 7, 13, 52, 36, 94, 3, 85]","[1, 98, 30, 36, 94, 3]","[7, 13, 52, 85]",10,6,"[""apra_mad_filter"", ""apra_hierarchical_cluster"", ""apra_trust_weighted_clip""]",../main/re_result_6-29_APRA/cifar10_500_Jul.01_20.04.02_apra_fix_True_no-mia_no-mia-class_no-noise_sin-adv_DOBA/agg_records/pkl/round_0382_apra.pkl
383,apra,success,"[1, 81, 18, 78, 64, 59, 91, 36, 38, 83]","[1, 81, 18, 78, 64, 59, 91, 38, 83]",[36],10,9,"[""apra_mad_filter"", ""apra_hierarchical_cluster"", ""apra_trust_weighted_clip""]",../main/re_result_6-29_APRA/cifar10_500_Jul.01_20.04.02_apra_fix_True_no-mia_no-mia-class_no-noise_sin-adv_DOBA/agg_records/pkl/round_0383_apra.pkl
384,apra,success,"[2, 30, 92, 19, 76, 90, 40, 45, 87, 59]","[92, 76, 90, 87]","[2, 30, 19, 40, 45, 59]",10,4,"[""apra_mad_filter"", ""apra_hierarchical_cluster"", ""apra_trust_weighted_clip""]",../main/re_result_6-29_APRA/cifar10_500_Jul.01_20.04.02_apra_fix_True_no-mia_no-mia-class_no-noise_sin-adv_DOBA/agg_records/pkl/round_0384_apra.pkl
385,apra,success,"[4, 55, 64, 89, 83, 94, 37, 91, 7, 38]","[55, 64, 89, 83, 94, 37, 91, 7, 38]",[4],10,9,"[""apra_mad_filter"", ""apra_hierarchical_cluster"", ""apra_trust_weighted_clip""]",../main/re_result_6-29_APRA/cifar10_500_Jul.01_20.04.02_apra_fix_True_no-mia_no-mia-class_no-noise_sin-adv_DOBA/agg_records/pkl/round_0385_apra.pkl
386,apra,success,"[3, 59, 17, 34, 82, 98, 51, 93, 36, 80]","[3, 59, 34, 82, 98, 51, 93, 80]","[17, 36]",10,8,"[""apra_mad_filter"", ""apra_hierarchical_cluster"", ""apra_trust_weighted_clip""]",../main/re_result_6-29_APRA/cifar10_500_Jul.01_20.04.02_apra_fix_True_no-mia_no-mia-class_no-noise_sin-adv_DOBA/agg_records/pkl/round_0386_apra.pkl
387,apra,success,"[3, 20, 95, 66, 28, 85, 38, 14, 73, 1]","[3, 20, 66, 28, 85, 38, 14, 1]","[95, 73]",10,8,"[""apra_mad_filter"", ""apra_hierarchical_cluster"", ""apra_trust_weighted_clip""]",../main/re_result_6-29_APRA/cifar10_500_Jul.01_20.04.02_apra_fix_True_no-mia_no-mia-class_no-noise_sin-adv_DOBA/agg_records/pkl/round_0387_apra.pkl
388,apra,success,"[3, 58, 81, 85, 10, 2, 5, 77, 74, 57]","[58, 81, 2, 5, 77, 74, 57]","[3, 85, 10]",10,7,"[""apra_mad_filter"", ""apra_hierarchical_cluster"", ""apra_trust_weighted_clip""]",../main/re_result_6-29_APRA/cifar10_500_Jul.01_20.04.02_apra_fix_True_no-mia_no-mia-class_no-noise_sin-adv_DOBA/agg_records/pkl/round_0388_apra.pkl
389,apra,success,"[4, 38, 23, 79, 66, 22, 75, 73, 32, 9]","[38, 23, 79, 66, 22, 75, 9]","[4, 73, 32]",10,7,"[""apra_mad_filter"", ""apra_hierarchical_cluster"", ""apra_trust_weighted_clip""]",../main/re_result_6-29_APRA/cifar10_500_Jul.01_20.04.02_apra_fix_True_no-mia_no-mia-class_no-noise_sin-adv_DOBA/agg_records/pkl/round_0389_apra.pkl
390,apra,success,"[3, 82, 34, 17, 16, 65, 55, 46, 45, 78]","[3, 82, 34, 16, 65, 55, 46, 78]","[17, 45]",10,8,"[""apra_mad_filter"", ""apra_hierarchical_cluster"", ""apra_trust_weighted_clip""]",../main/re_result_6-29_APRA/cifar10_500_Jul.01_20.04.02_apra_fix_True_no-mia_no-mia-class_no-noise_sin-adv_DOBA/agg_records/pkl/round_0390_apra.pkl
391,apra,success,"[3, 7, 99, 24, 37, 67, 76, 10, 0, 44]","[3, 7, 99, 24, 37, 67, 76, 10, 44]",[0],10,9,"[""apra_mad_filter"", ""apra_hierarchical_cluster"", ""apra_trust_weighted_clip""]",../main/re_result_6-29_APRA/cifar10_500_Jul.01_20.04.02_apra_fix_True_no-mia_no-mia-class_no-noise_sin-adv_DOBA/agg_records/pkl/round_0391_apra.pkl
392,apra,success,"[2, 61, 73, 74, 12, 47, 99, 68, 96, 34]","[2, 61, 74, 12, 99, 96, 34]","[73, 47, 68]",10,7,"[""apra_mad_filter"", ""apra_hierarchical_cluster"", ""apra_trust_weighted_clip""]",../main/re_result_6-29_APRA/cifar10_500_Jul.01_20.04.02_apra_fix_True_no-mia_no-mia-class_no-noise_sin-adv_DOBA/agg_records/pkl/round_0392_apra.pkl
393,apra,success,"[1, 34, 87, 45, 49, 15, 84, 19, 99, 29]","[45, 15]","[1, 34, 87, 49, 84, 19, 99, 29]",10,2,"[""apra_mad_filter"", ""apra_hierarchical_cluster"", ""apra_trust_weighted_clip""]",../main/re_result_6-29_APRA/cifar10_500_Jul.01_20.04.02_apra_fix_True_no-mia_no-mia-class_no-noise_sin-adv_DOBA/agg_records/pkl/round_0393_apra.pkl
394,apra,success,"[2, 27, 34, 36, 8, 92, 60, 89, 4, 66]","[2, 34, 92, 60, 89]","[27, 36, 8, 4, 66]",10,5,"[""apra_mad_filter"", ""apra_hierarchical_cluster"", ""apra_trust_weighted_clip""]",../main/re_result_6-29_APRA/cifar10_500_Jul.01_20.04.02_apra_fix_True_no-mia_no-mia-class_no-noise_sin-adv_DOBA/agg_records/pkl/round_0394_apra.pkl
395,apra,success,"[0, 54, 84, 28, 10, 94, 31, 76, 43, 79]","[84, 28, 10, 94, 76, 43, 79]","[0, 54, 31]",10,7,"[""apra_mad_filter"", ""apra_hierarchical_cluster"", ""apra_trust_weighted_clip""]",../main/re_result_6-29_APRA/cifar10_500_Jul.01_20.04.02_apra_fix_True_no-mia_no-mia-class_no-noise_sin-adv_DOBA/agg_records/pkl/round_0395_apra.pkl
396,apra,success,"[2, 31, 42, 58, 70, 96, 84, 35, 80, 3]","[2, 58, 70, 96, 84, 35, 80, 3]","[31, 42]",10,8,"[""apra_mad_filter"", ""apra_hierarchical_cluster"", ""apra_trust_weighted_clip""]",../main/re_result_6-29_APRA/cifar10_500_Jul.01_20.04.02_apra_fix_True_no-mia_no-mia-class_no-noise_sin-adv_DOBA/agg_records/pkl/round_0396_apra.pkl
397,apra,success,"[3, 27, 89, 94, 16, 20, 67, 21, 10, 82]","[3, 27, 89, 94, 16, 20, 21]","[67, 10, 82]",10,7,"[""apra_mad_filter"", ""apra_hierarchical_cluster"", ""apra_trust_weighted_clip""]",../main/re_result_6-29_APRA/cifar10_500_Jul.01_20.04.02_apra_fix_True_no-mia_no-mia-class_no-noise_sin-adv_DOBA/agg_records/pkl/round_0397_apra.pkl
398,apra,success,"[0, 10, 24, 51, 40, 82, 20, 13, 85, 66]","[10, 24, 40, 82, 20, 13, 85, 66]","[0, 51]",10,8,"[""apra_mad_filter"", ""apra_hierarchical_cluster"", ""apra_trust_weighted_clip""]",../main/re_result_6-29_APRA/cifar10_500_Jul.01_20.04.02_apra_fix_True_no-mia_no-mia-class_no-noise_sin-adv_DOBA/agg_records/pkl/round_0398_apra.pkl
399,apra,success,"[0, 41, 33, 34, 99, 64, 71, 65, 75, 28]","[41, 33, 34, 99, 64, 71, 65, 75, 28]",[0],10,9,"[""apra_mad_filter"", ""apra_hierarchical_cluster"", ""apra_trust_weighted_clip""]",../main/re_result_6-29_APRA/cifar10_500_Jul.01_20.04.02_apra_fix_True_no-mia_no-mia-class_no-noise_sin-adv_DOBA/agg_records/pkl/round_0399_apra.pkl
400,apra,success,"[3, 82, 59, 7, 63, 8, 48, 4, 57, 80]","[3, 82, 59, 7, 63, 4, 57, 80]","[8, 48]",10,8,"[""apra_mad_filter"", ""apra_hierarchical_cluster"", ""apra_trust_weighted_clip""]",../main/re_result_6-29_APRA/cifar10_500_Jul.01_20.04.02_apra_fix_True_no-mia_no-mia-class_no-noise_sin-adv_DOBA/agg_records/pkl/round_0400_apra.pkl
401,apra,success,"[2, 83, 93, 3, 82, 52, 17, 50, 86, 28]","[2, 83, 93, 3, 52, 17, 50, 86, 28]",[82],10,9,"[""apra_mad_filter"", ""apra_hierarchical_cluster"", ""apra_trust_weighted_clip""]",../main/re_result_6-29_APRA/cifar10_500_Jul.01_20.04.02_apra_fix_True_no-mia_no-mia-class_no-noise_sin-adv_DOBA/agg_records/pkl/round_0401_apra.pkl
402,apra,success,"[1, 57, 52, 23, 33, 92, 85, 98, 26, 17]","[1, 57, 52, 23, 33, 92, 85, 98]","[26, 17]",10,8,"[""apra_mad_filter"", ""apra_hierarchical_cluster"", ""apra_trust_weighted_clip""]",../main/re_result_6-29_APRA/cifar10_500_Jul.01_20.04.02_apra_fix_True_no-mia_no-mia-class_no-noise_sin-adv_DOBA/agg_records/pkl/round_0402_apra.pkl
403,apra,success,"[3, 43, 58, 20, 0, 99, 64, 78, 68, 7]","[3, 43, 58, 64, 78, 68, 7]","[20, 0, 99]",10,7,"[""apra_mad_filter"", ""apra_hierarchical_cluster"", ""apra_trust_weighted_clip""]",../main/re_result_6-29_APRA/cifar10_500_Jul.01_20.04.02_apra_fix_True_no-mia_no-mia-class_no-noise_sin-adv_DOBA/agg_records/pkl/round_0403_apra.pkl
404,apra,success,"[2, 95, 63, 6, 62, 66, 80, 96, 83, 31]","[2, 63, 6, 66, 80, 96, 83]","[95, 62, 31]",10,7,"[""apra_mad_filter"", ""apra_hierarchical_cluster"", ""apra_trust_weighted_clip""]",../main/re_result_6-29_APRA/cifar10_500_Jul.01_20.04.02_apra_fix_True_no-mia_no-mia-class_no-noise_sin-adv_DOBA/agg_records/pkl/round_0404_apra.pkl
405,apra,success,"[3, 78, 67, 64, 85, 43, 21, 90, 84, 25]","[3, 78, 67, 64, 43, 21, 90, 84, 25]",[85],10,9,"[""apra_mad_filter"", ""apra_hierarchical_cluster"", ""apra_trust_weighted_clip""]",../main/re_result_6-29_APRA/cifar10_500_Jul.01_20.04.02_apra_fix_True_no-mia_no-mia-class_no-noise_sin-adv_DOBA/agg_records/pkl/round_0405_apra.pkl
406,apra,success,"[4, 76, 80, 56, 25, 50, 73, 14, 67, 39]","[4, 76, 80, 56, 25, 50, 14, 67, 39]",[73],10,9,"[""apra_mad_filter"", ""apra_hierarchical_cluster"", ""apra_trust_weighted_clip""]",../main/re_result_6-29_APRA/cifar10_500_Jul.01_20.04.02_apra_fix_True_no-mia_no-mia-class_no-noise_sin-adv_DOBA/agg_records/pkl/round_0406_apra.pkl
407,apra,success,"[2, 36, 35, 14, 87, 76, 70, 29, 65, 47]","[2, 36, 35, 14, 87, 76, 70, 29, 65]",[47],10,9,"[""apra_mad_filter"", ""apra_hierarchical_cluster"", ""apra_trust_weighted_clip""]",../main/re_result_6-29_APRA/cifar10_500_Jul.01_20.04.02_apra_fix_True_no-mia_no-mia-class_no-noise_sin-adv_DOBA/agg_records/pkl/round_0407_apra.pkl
408,apra,success,"[3, 92, 73, 20, 68, 22, 52, 19, 96, 78]","[3, 92, 68, 22, 96, 78]","[73, 20, 52, 19]",10,6,"[""apra_mad_filter"", ""apra_hierarchical_cluster"", ""apra_trust_weighted_clip""]",../main/re_result_6-29_APRA/cifar10_500_Jul.01_20.04.02_apra_fix_True_no-mia_no-mia-class_no-noise_sin-adv_DOBA/agg_records/pkl/round_0408_apra.pkl
409,apra,success,"[0, 13, 54, 46, 14, 41, 78, 93, 74, 22]","[13, 46, 14, 78, 93, 74, 22]","[0, 54, 41]",10,7,"[""apra_mad_filter"", ""apra_hierarchical_cluster"", ""apra_trust_weighted_clip""]",../main/re_result_6-29_APRA/cifar10_500_Jul.01_20.04.02_apra_fix_True_no-mia_no-mia-class_no-noise_sin-adv_DOBA/agg_records/pkl/round_0409_apra.pkl
410,apra,success,"[3, 37, 58, 70, 95, 64, 13, 47, 83, 43]","[3, 37, 58, 70, 64, 13, 83, 43]","[95, 47]",10,8,"[""apra_mad_filter"", ""apra_hierarchical_cluster"", ""apra_trust_weighted_clip""]",../main/re_result_6-29_APRA/cifar10_500_Jul.01_20.04.02_apra_fix_True_no-mia_no-mia-class_no-noise_sin-adv_DOBA/agg_records/pkl/round_0410_apra.pkl
411,apra,success,"[1, 25, 27, 10, 83, 58, 74, 30, 86, 28]","[1, 25, 27, 83, 58, 74, 86]","[10, 30, 28]",10,7,"[""apra_mad_filter"", ""apra_hierarchical_cluster"", ""apra_trust_weighted_clip""]",../main/re_result_6-29_APRA/cifar10_500_Jul.01_20.04.02_apra_fix_True_no-mia_no-mia-class_no-noise_sin-adv_DOBA/agg_records/pkl/round_0411_apra.pkl
412,apra,success,"[2, 64, 43, 50, 9, 79, 55, 96, 13, 60]","[2, 64, 9, 79, 55, 96, 60]","[43, 50, 13]",10,7,"[""apra_mad_filter"", ""apra_hierarchical_cluster"", ""apra_trust_weighted_clip""]",../main/re_result_6-29_APRA/cifar10_500_Jul.01_20.04.02_apra_fix_True_no-mia_no-mia-class_no-noise_sin-adv_DOBA/agg_records/pkl/round_0412_apra.pkl
413,apra,success,"[3, 47, 81, 7, 19, 15, 2, 6, 22, 64]","[3, 81, 7, 2, 6, 22, 64]","[47, 19, 15]",10,7,"[""apra_mad_filter"", ""apra_hierarchical_cluster"", ""apra_trust_weighted_clip""]",../main/re_result_6-29_APRA/cifar10_500_Jul.01_20.04.02_apra_fix_True_no-mia_no-mia-class_no-noise_sin-adv_DOBA/agg_records/pkl/round_0413_apra.pkl
414,apra,success,"[4, 55, 40, 85, 79, 99, 73, 46, 67, 86]","[4, 40, 99, 46, 67, 86]","[55, 85, 79, 73]",10,6,"[""apra_mad_filter"", ""apra_hierarchical_cluster"", ""apra_trust_weighted_clip""]",../main/re_result_6-29_APRA/cifar10_500_Jul.01_20.04.02_apra_fix_True_no-mia_no-mia-class_no-noise_sin-adv_DOBA/agg_records/pkl/round_0414_apra.pkl
415,apra,success,"[3, 8, 99, 0, 45, 16, 82, 17, 42, 30]","[3, 8, 99, 45, 16, 82, 17, 42, 30]",[0],10,9,"[""apra_mad_filter"", ""apra_hierarchical_cluster"", ""apra_trust_weighted_clip""]",../main/re_result_6-29_APRA/cifar10_500_Jul.01_20.04.02_apra_fix_True_no-mia_no-mia-class_no-noise_sin-adv_DOBA/agg_records/pkl/round_0415_apra.pkl
416,apra,success,"[4, 84, 7, 54, 25, 13, 79, 90, 0, 43]","[4, 84, 7, 79, 90, 43]","[54, 25, 13, 0]",10,6,"[""apra_mad_filter"", ""apra_hierarchical_cluster"", ""apra_trust_weighted_clip""]",../main/re_result_6-29_APRA/cifar10_500_Jul.01_20.04.02_apra_fix_True_no-mia_no-mia-class_no-noise_sin-adv_DOBA/agg_records/pkl/round_0416_apra.pkl
417,apra,success,"[1, 64, 50, 77, 27, 22, 94, 72, 60, 82]","[1, 64, 50, 77, 22, 94, 72, 60]","[27, 82]",10,8,"[""apra_mad_filter"", ""apra_hierarchical_cluster"", ""apra_trust_weighted_clip""]",../main/re_result_6-29_APRA/cifar10_500_Jul.01_20.04.02_apra_fix_True_no-mia_no-mia-class_no-noise_sin-adv_DOBA/agg_records/pkl/round_0417_apra.pkl
418,apra,success,"[4, 88, 22, 91, 64, 37, 87, 50, 24, 23]","[4, 22, 91, 64, 37, 87, 50, 24]","[88, 23]",10,8,"[""apra_mad_filter"", ""apra_hierarchical_cluster"", ""apra_trust_weighted_clip""]",../main/re_result_6-29_APRA/cifar10_500_Jul.01_20.04.02_apra_fix_True_no-mia_no-mia-class_no-noise_sin-adv_DOBA/agg_records/pkl/round_0418_apra.pkl
419,apra,success,"[3, 66, 87, 79, 61, 41, 25, 12, 10, 96]","[3, 66, 87, 79, 61, 41, 25, 12, 96]",[10],10,9,"[""apra_mad_filter"", ""apra_hierarchical_cluster"", ""apra_trust_weighted_clip""]",../main/re_result_6-29_APRA/cifar10_500_Jul.01_20.04.02_apra_fix_True_no-mia_no-mia-class_no-noise_sin-adv_DOBA/agg_records/pkl/round_0419_apra.pkl
420,apra,success,"[2, 21, 86, 34, 98, 27, 69, 63, 18, 85]","[2, 21, 86, 34, 98, 27, 69, 63, 18]",[85],10,9,"[""apra_mad_filter"", ""apra_hierarchical_cluster"", ""apra_trust_weighted_clip""]",../main/re_result_6-29_APRA/cifar10_500_Jul.01_20.04.02_apra_fix_True_no-mia_no-mia-class_no-noise_sin-adv_DOBA/agg_records/pkl/round_0420_apra.pkl
421,apra,success,"[0, 57, 42, 58, 78, 25, 94, 13, 40, 84]","[57, 58, 78, 25, 94, 40, 84]","[0, 42, 13]",10,7,"[""apra_mad_filter"", ""apra_hierarchical_cluster"", ""apra_trust_weighted_clip""]",../main/re_result_6-29_APRA/cifar10_500_Jul.01_20.04.02_apra_fix_True_no-mia_no-mia-class_no-noise_sin-adv_DOBA/agg_records/pkl/round_0421_apra.pkl
422,apra,success,"[2, 33, 84, 78, 35, 15, 76, 91, 73, 49]","[2, 33, 84, 78, 35, 15, 76, 91, 49]",[73],10,9,"[""apra_mad_filter"", ""apra_hierarchical_cluster"", ""apra_trust_weighted_clip""]",../main/re_result_6-29_APRA/cifar10_500_Jul.01_20.04.02_apra_fix_True_no-mia_no-mia-class_no-noise_sin-adv_DOBA/agg_records/pkl/round_0422_apra.pkl
423,apra,success,"[2, 41, 87, 74, 98, 84, 50, 23, 82, 34]","[2, 87, 74, 98, 50, 23, 34]","[41, 84, 82]",10,7,"[""apra_mad_filter"", ""apra_hierarchical_cluster"", ""apra_trust_weighted_clip""]",../main/re_result_6-29_APRA/cifar10_500_Jul.01_20.04.02_apra_fix_True_no-mia_no-mia-class_no-noise_sin-adv_DOBA/agg_records/pkl/round_0423_apra.pkl
424,apra,success,"[1, 71, 36, 0, 74, 92, 19, 99, 64, 58]","[1, 71, 36, 74, 92, 99, 64, 58]","[0, 19]",10,8,"[""apra_mad_filter"", ""apra_hierarchical_cluster"", ""apra_trust_weighted_clip""]",../main/re_result_6-29_APRA/cifar10_500_Jul.01_20.04.02_apra_fix_True_no-mia_no-mia-class_no-noise_sin-adv_DOBA/agg_records/pkl/round_0424_apra.pkl
425,apra,success,"[0, 46, 58, 30, 86, 82, 53, 68, 43, 1]","[46, 58, 30, 86, 53, 68, 1]","[0, 82, 43]",10,7,"[""apra_mad_filter"", ""apra_hierarchical_cluster"", ""apra_trust_weighted_clip""]",../main/re_result_6-29_APRA/cifar10_500_Jul.01_20.04.02_apra_fix_True_no-mia_no-mia-class_no-noise_sin-adv_DOBA/agg_records/pkl/round_0425_apra.pkl
426,apra,success,"[3, 8, 42, 87, 15, 70, 20, 45, 12, 83]","[3, 87, 15, 70, 20, 45, 12, 83]","[8, 42]",10,8,"[""apra_mad_filter"", ""apra_hierarchical_cluster"", ""apra_trust_weighted_clip""]",../main/re_result_6-29_APRA/cifar10_500_Jul.01_20.04.02_apra_fix_True_no-mia_no-mia-class_no-noise_sin-adv_DOBA/agg_records/pkl/round_0426_apra.pkl
427,apra,success,"[0, 4, 25, 12, 84, 69, 56, 58, 17, 3]","[4, 25, 12, 84, 56, 58, 3]","[0, 69, 17]",10,7,"[""apra_mad_filter"", ""apra_hierarchical_cluster"", ""apra_trust_weighted_clip""]",../main/re_result_6-29_APRA/cifar10_500_Jul.01_20.04.02_apra_fix_True_no-mia_no-mia-class_no-noise_sin-adv_DOBA/agg_records/pkl/round_0427_apra.pkl
428,apra,success,"[3, 46, 75, 14, 36, 95, 48, 54, 55, 10]","[3, 46, 75, 14, 36, 95, 54, 55, 10]",[48],10,9,"[""apra_mad_filter"", ""apra_hierarchical_cluster"", ""apra_trust_weighted_clip""]",../main/re_result_6-29_APRA/cifar10_500_Jul.01_20.04.02_apra_fix_True_no-mia_no-mia-class_no-noise_sin-adv_DOBA/agg_records/pkl/round_0428_apra.pkl
429,apra,success,"[4, 53, 52, 94, 59, 88, 49, 1, 12, 93]","[4, 53, 52, 94, 59, 49, 1, 12, 93]",[88],10,9,"[""apra_mad_filter"", ""apra_hierarchical_cluster"", ""apra_trust_weighted_clip""]",../main/re_result_6-29_APRA/cifar10_500_Jul.01_20.04.02_apra_fix_True_no-mia_no-mia-class_no-noise_sin-adv_DOBA/agg_records/pkl/round_0429_apra.pkl
430,apra,success,"[2, 7, 92, 35, 31, 0, 99, 11, 24, 51]","[2, 7, 92, 35, 31, 99, 11, 24, 51]",[0],10,9,"[""apra_mad_filter"", ""apra_hierarchical_cluster"", ""apra_trust_weighted_clip""]",../main/re_result_6-29_APRA/cifar10_500_Jul.01_20.04.02_apra_fix_True_no-mia_no-mia-class_no-noise_sin-adv_DOBA/agg_records/pkl/round_0430_apra.pkl
431,apra,success,"[2, 44, 59, 49, 89, 39, 60, 48, 54, 83]","[2, 44, 59, 49, 89, 39, 60, 54, 83]",[48],10,9,"[""apra_mad_filter"", ""apra_hierarchical_cluster"", ""apra_trust_weighted_clip""]",../main/re_result_6-29_APRA/cifar10_500_Jul.01_20.04.02_apra_fix_True_no-mia_no-mia-class_no-noise_sin-adv_DOBA/agg_records/pkl/round_0431_apra.pkl
432,apra,success,"[3, 47, 96, 59, 25, 93, 18, 76, 83, 62]","[3, 93, 18, 76, 83, 62]","[47, 96, 59, 25]",10,6,"[""apra_mad_filter"", ""apra_hierarchical_cluster"", ""apra_trust_weighted_clip""]",../main/re_result_6-29_APRA/cifar10_500_Jul.01_20.04.02_apra_fix_True_no-mia_no-mia-class_no-noise_sin-adv_DOBA/agg_records/pkl/round_0432_apra.pkl
433,apra,success,"[3, 39, 11, 98, 8, 44, 0, 56, 67, 42]","[3, 39, 11, 98, 8, 44, 56, 67, 42]",[0],10,9,"[""apra_mad_filter"", ""apra_hierarchical_cluster"", ""apra_trust_weighted_clip""]",../main/re_result_6-29_APRA/cifar10_500_Jul.01_20.04.02_apra_fix_True_no-mia_no-mia-class_no-noise_sin-adv_DOBA/agg_records/pkl/round_0433_apra.pkl
434,apra,success,"[4, 2, 97, 93, 20, 31, 32, 7, 79, 39]","[2, 97, 93, 20, 7, 79, 39]","[4, 31, 32]",10,7,"[""apra_mad_filter"", ""apra_hierarchical_cluster"", ""apra_trust_weighted_clip""]",../main/re_result_6-29_APRA/cifar10_500_Jul.01_20.04.02_apra_fix_True_no-mia_no-mia-class_no-noise_sin-adv_DOBA/agg_records/pkl/round_0434_apra.pkl
435,apra,success,"[3, 98, 90, 24, 16, 40, 63, 82, 2, 54]","[3, 98, 90, 40, 63, 2]","[24, 16, 82, 54]",10,6,"[""apra_mad_filter"", ""apra_hierarchical_cluster"", ""apra_trust_weighted_clip""]",../main/re_result_6-29_APRA/cifar10_500_Jul.01_20.04.02_apra_fix_True_no-mia_no-mia-class_no-noise_sin-adv_DOBA/agg_records/pkl/round_0435_apra.pkl
436,apra,success,"[0, 49, 43, 29, 60, 2, 42, 27, 38, 22]","[49, 43, 29, 60, 2, 27, 38, 22]","[0, 42]",10,8,"[""apra_mad_filter"", ""apra_hierarchical_cluster"", ""apra_trust_weighted_clip""]",../main/re_result_6-29_APRA/cifar10_500_Jul.01_20.04.02_apra_fix_True_no-mia_no-mia-class_no-noise_sin-adv_DOBA/agg_records/pkl/round_0436_apra.pkl
437,apra,success,"[4, 77, 0, 63, 91, 68, 9, 82, 54, 20]","[4, 77, 63, 91, 68, 9, 82, 54, 20]",[0],10,9,"[""apra_mad_filter"", ""apra_hierarchical_cluster"", ""apra_trust_weighted_clip""]",../main/re_result_6-29_APRA/cifar10_500_Jul.01_20.04.02_apra_fix_True_no-mia_no-mia-class_no-noise_sin-adv_DOBA/agg_records/pkl/round_0437_apra.pkl
438,apra,success,"[4, 26, 8, 74, 84, 49, 15, 46, 62, 7]","[4, 26, 8, 74, 84, 49, 15, 46, 7]",[62],10,9,"[""apra_mad_filter"", ""apra_hierarchical_cluster"", ""apra_trust_weighted_clip""]",../main/re_result_6-29_APRA/cifar10_500_Jul.01_20.04.02_apra_fix_True_no-mia_no-mia-class_no-noise_sin-adv_DOBA/agg_records/pkl/round_0438_apra.pkl
439,apra,success,"[3, 51, 16, 78, 7, 29, 56, 59, 8, 43]","[3, 51, 16, 78, 7, 29, 56, 59, 43]",[8],10,9,"[""apra_mad_filter"", ""apra_hierarchical_cluster"", ""apra_trust_weighted_clip""]",../main/re_result_6-29_APRA/cifar10_500_Jul.01_20.04.02_apra_fix_True_no-mia_no-mia-class_no-noise_sin-adv_DOBA/agg_records/pkl/round_0439_apra.pkl
440,apra,success,"[4, 8, 35, 16, 59, 85, 74, 82, 88, 61]","[4, 35, 16, 59, 85, 74, 82, 61]","[8, 88]",10,8,"[""apra_mad_filter"", ""apra_hierarchical_cluster"", ""apra_trust_weighted_clip""]",../main/re_result_6-29_APRA/cifar10_500_Jul.01_20.04.02_apra_fix_True_no-mia_no-mia-class_no-noise_sin-adv_DOBA/agg_records/pkl/round_0440_apra.pkl
441,apra,success,"[3, 78, 56, 87, 26, 14, 77, 74, 37, 53]","[3, 78, 56, 87, 14, 77, 74, 37, 53]",[26],10,9,"[""apra_mad_filter"", ""apra_hierarchical_cluster"", ""apra_trust_weighted_clip""]",../main/re_result_6-29_APRA/cifar10_500_Jul.01_20.04.02_apra_fix_True_no-mia_no-mia-class_no-noise_sin-adv_DOBA/agg_records/pkl/round_0441_apra.pkl
442,apra,success,"[3, 5, 73, 80, 50, 87, 7, 71, 60, 35]","[3, 80, 50, 87, 7, 71, 60, 35]","[5, 73]",10,8,"[""apra_mad_filter"", ""apra_hierarchical_cluster"", ""apra_trust_weighted_clip""]",../main/re_result_6-29_APRA/cifar10_500_Jul.01_20.04.02_apra_fix_True_no-mia_no-mia-class_no-noise_sin-adv_DOBA/agg_records/pkl/round_0442_apra.pkl
443,apra,success,"[4, 54, 9, 20, 78, 66, 29, 2, 86, 97]","[20, 78, 66, 29, 2, 86]","[4, 54, 9, 97]",10,6,"[""apra_mad_filter"", ""apra_hierarchical_cluster"", ""apra_trust_weighted_clip""]",../main/re_result_6-29_APRA/cifar10_500_Jul.01_20.04.02_apra_fix_True_no-mia_no-mia-class_no-noise_sin-adv_DOBA/agg_records/pkl/round_0443_apra.pkl
444,apra,success,"[3, 70, 67, 40, 92, 61, 58, 73, 66, 65]","[70, 67, 40, 92, 61, 58, 66, 65]","[3, 73]",10,8,"[""apra_mad_filter"", ""apra_hierarchical_cluster"", ""apra_trust_weighted_clip""]",../main/re_result_6-29_APRA/cifar10_500_Jul.01_20.04.02_apra_fix_True_no-mia_no-mia-class_no-noise_sin-adv_DOBA/agg_records/pkl/round_0444_apra.pkl
445,apra,success,"[1, 33, 28, 59, 45, 80, 52, 68, 95, 51]","[1, 33, 28, 59, 45, 80, 52, 51]","[68, 95]",10,8,"[""apra_mad_filter"", ""apra_hierarchical_cluster"", ""apra_trust_weighted_clip""]",../main/re_result_6-29_APRA/cifar10_500_Jul.01_20.04.02_apra_fix_True_no-mia_no-mia-class_no-noise_sin-adv_DOBA/agg_records/pkl/round_0445_apra.pkl
446,apra,success,"[4, 88, 56, 23, 58, 33, 65, 24, 90, 30]","[4, 56, 23, 58, 33, 65, 24, 90]","[88, 30]",10,8,"[""apra_mad_filter"", ""apra_hierarchical_cluster"", ""apra_trust_weighted_clip""]",../main/re_result_6-29_APRA/cifar10_500_Jul.01_20.04.02_apra_fix_True_no-mia_no-mia-class_no-noise_sin-adv_DOBA/agg_records/pkl/round_0446_apra.pkl
447,apra,success,"[0, 5, 73, 92, 57, 9, 42, 33, 63, 43]","[5, 92, 57, 42, 33, 63, 43]","[0, 73, 9]",10,7,"[""apra_mad_filter"", ""apra_hierarchical_cluster"", ""apra_trust_weighted_clip""]",../main/re_result_6-29_APRA/cifar10_500_Jul.01_20.04.02_apra_fix_True_no-mia_no-mia-class_no-noise_sin-adv_DOBA/agg_records/pkl/round_0447_apra.pkl
448,apra,success,"[4, 46, 2, 15, 25, 98, 28, 50, 58, 20]","[46, 2, 15, 98, 28, 50, 58, 20]","[4, 25]",10,8,"[""apra_mad_filter"", ""apra_hierarchical_cluster"", ""apra_trust_weighted_clip""]",../main/re_result_6-29_APRA/cifar10_500_Jul.01_20.04.02_apra_fix_True_no-mia_no-mia-class_no-noise_sin-adv_DOBA/agg_records/pkl/round_0448_apra.pkl
449,apra,success,"[0, 9, 42, 49, 58, 98, 94, 67, 36, 3]","[9, 42, 49, 58, 98, 94, 67, 36, 3]",[0],10,9,"[""apra_mad_filter"", ""apra_hierarchical_cluster"", ""apra_trust_weighted_clip""]",../main/re_result_6-29_APRA/cifar10_500_Jul.01_20.04.02_apra_fix_True_no-mia_no-mia-class_no-noise_sin-adv_DOBA/agg_records/pkl/round_0449_apra.pkl
450,apra,success,"[4, 21, 69, 24, 38, 97, 52, 40, 78, 83]","[21, 69, 24, 38, 97, 52, 40, 78, 83]",[4],10,9,"[""apra_mad_filter"", ""apra_hierarchical_cluster"", ""apra_trust_weighted_clip""]",../main/re_result_6-29_APRA/cifar10_500_Jul.01_20.04.02_apra_fix_True_no-mia_no-mia-class_no-noise_sin-adv_DOBA/agg_records/pkl/round_0450_apra.pkl
451,apra,success,"[0, 83, 31, 58, 11, 54, 42, 8, 73, 36]","[0, 83, 31, 58, 11, 54, 8, 36]","[42, 73]",10,8,"[""apra_mad_filter"", ""apra_hierarchical_cluster"", ""apra_trust_weighted_clip""]",../main/re_result_6-29_APRA/cifar10_500_Jul.01_20.04.02_apra_fix_True_no-mia_no-mia-class_no-noise_sin-adv_DOBA/agg_records/pkl/round_0451_apra.pkl
452,apra,success,"[1, 85, 28, 14, 48, 73, 53, 82, 31, 61]","[1, 85, 28, 14, 48, 53, 82, 31, 61]",[73],10,9,"[""apra_mad_filter"", ""apra_hierarchical_cluster"", ""apra_trust_weighted_clip""]",../main/re_result_6-29_APRA/cifar10_500_Jul.01_20.04.02_apra_fix_True_no-mia_no-mia-class_no-noise_sin-adv_DOBA/agg_records/pkl/round_0452_apra.pkl
453,apra,success,"[4, 11, 29, 16, 84, 79, 9, 47, 14, 66]","[4, 11, 29, 16, 84, 79, 9, 14, 66]",[47],10,9,"[""apra_mad_filter"", ""apra_hierarchical_cluster"", ""apra_trust_weighted_clip""]",../main/re_result_6-29_APRA/cifar10_500_Jul.01_20.04.02_apra_fix_True_no-mia_no-mia-class_no-noise_sin-adv_DOBA/agg_records/pkl/round_0453_apra.pkl
454,apra,success,"[0, 91, 31, 49, 75, 3, 4, 36, 57, 77]","[91, 75, 3, 4, 36, 57, 77]","[0, 31, 49]",10,7,"[""apra_mad_filter"", ""apra_hierarchical_cluster"", ""apra_trust_weighted_clip""]",../main/re_result_6-29_APRA/cifar10_500_Jul.01_20.04.02_apra_fix_True_no-mia_no-mia-class_no-noise_sin-adv_DOBA/agg_records/pkl/round_0454_apra.pkl
455,apra,success,"[0, 39, 56, 94, 40, 37, 77, 34, 8, 99]","[39, 94, 37, 77]","[0, 56, 40, 34, 8, 99]",10,4,"[""apra_mad_filter"", ""apra_hierarchical_cluster"", ""apra_trust_weighted_clip""]",../main/re_result_6-29_APRA/cifar10_500_Jul.01_20.04.02_apra_fix_True_no-mia_no-mia-class_no-noise_sin-adv_DOBA/agg_records/pkl/round_0455_apra.pkl
456,apra,success,"[2, 88, 70, 9, 43, 13, 78, 98, 29, 79]","[2, 70, 43, 78, 98, 29, 79]","[88, 9, 13]",10,7,"[""apra_mad_filter"", ""apra_hierarchical_cluster"", ""apra_trust_weighted_clip""]",../main/re_result_6-29_APRA/cifar10_500_Jul.01_20.04.02_apra_fix_True_no-mia_no-mia-class_no-noise_sin-adv_DOBA/agg_records/pkl/round_0456_apra.pkl
457,apra,success,"[2, 20, 64, 72, 73, 12, 91, 81, 10, 80]","[2, 20, 64, 12, 91, 81, 80]","[72, 73, 10]",10,7,"[""apra_mad_filter"", ""apra_hierarchical_cluster"", ""apra_trust_weighted_clip""]",../main/re_result_6-29_APRA/cifar10_500_Jul.01_20.04.02_apra_fix_True_no-mia_no-mia-class_no-noise_sin-adv_DOBA/agg_records/pkl/round_0457_apra.pkl
458,apra,success,"[1, 56, 69, 77, 7, 3, 80, 65, 55, 87]","[1, 56, 3, 65, 55, 87]","[69, 77, 7, 80]",10,6,"[""apra_mad_filter"", ""apra_hierarchical_cluster"", ""apra_trust_weighted_clip""]",../main/re_result_6-29_APRA/cifar10_500_Jul.01_20.04.02_apra_fix_True_no-mia_no-mia-class_no-noise_sin-adv_DOBA/agg_records/pkl/round_0458_apra.pkl
459,apra,success,"[0, 82, 55, 67, 10, 38, 40, 11, 93, 50]","[82, 55, 67, 38, 40, 11, 93, 50]","[0, 10]",10,8,"[""apra_mad_filter"", ""apra_hierarchical_cluster"", ""apra_trust_weighted_clip""]",../main/re_result_6-29_APRA/cifar10_500_Jul.01_20.04.02_apra_fix_True_no-mia_no-mia-class_no-noise_sin-adv_DOBA/agg_records/pkl/round_0459_apra.pkl
460,apra,success,"[0, 14, 62, 98, 60, 88, 20, 78, 36, 21]","[14, 98, 60, 78, 21]","[0, 62, 88, 20, 36]",10,5,"[""apra_mad_filter"", ""apra_hierarchical_cluster"", ""apra_trust_weighted_clip""]",../main/re_result_6-29_APRA/cifar10_500_Jul.01_20.04.02_apra_fix_True_no-mia_no-mia-class_no-noise_sin-adv_DOBA/agg_records/pkl/round_0460_apra.pkl
461,apra,success,"[0, 53, 61, 7, 72, 4, 44, 95, 67, 96]","[53, 61, 7, 72, 4, 44, 95, 67, 96]",[0],10,9,"[""apra_mad_filter"", ""apra_hierarchical_cluster"", ""apra_trust_weighted_clip""]",../main/re_result_6-29_APRA/cifar10_500_Jul.01_20.04.02_apra_fix_True_no-mia_no-mia-class_no-noise_sin-adv_DOBA/agg_records/pkl/round_0461_apra.pkl
462,apra,success,"[2, 71, 20, 36, 87, 1, 33, 80, 83, 62]","[20, 36, 87, 1, 33, 80, 83, 62]","[2, 71]",10,8,"[""apra_mad_filter"", ""apra_hierarchical_cluster"", ""apra_trust_weighted_clip""]",../main/re_result_6-29_APRA/cifar10_500_Jul.01_20.04.02_apra_fix_True_no-mia_no-mia-class_no-noise_sin-adv_DOBA/agg_records/pkl/round_0462_apra.pkl
463,apra,success,"[3, 92, 88, 76, 90, 42, 62, 23, 37, 0]","[3, 92, 76, 90, 42, 62, 23, 37]","[88, 0]",10,8,"[""apra_mad_filter"", ""apra_hierarchical_cluster"", ""apra_trust_weighted_clip""]",../main/re_result_6-29_APRA/cifar10_500_Jul.01_20.04.02_apra_fix_True_no-mia_no-mia-class_no-noise_sin-adv_DOBA/agg_records/pkl/round_0463_apra.pkl
464,apra,success,"[0, 30, 8, 26, 11, 47, 9, 96, 67, 53]","[0, 30, 8, 26, 11, 47, 9, 67, 53]",[96],10,9,"[""apra_mad_filter"", ""apra_hierarchical_cluster"", ""apra_trust_weighted_clip""]",../main/re_result_6-29_APRA/cifar10_500_Jul.01_20.04.02_apra_fix_True_no-mia_no-mia-class_no-noise_sin-adv_DOBA/agg_records/pkl/round_0464_apra.pkl
465,apra,success,"[0, 58, 45, 76, 72, 78, 56, 23, 99, 20]","[58, 76, 72, 78, 56, 23, 99, 20]","[0, 45]",10,8,"[""apra_mad_filter"", ""apra_hierarchical_cluster"", ""apra_trust_weighted_clip""]",../main/re_result_6-29_APRA/cifar10_500_Jul.01_20.04.02_apra_fix_True_no-mia_no-mia-class_no-noise_sin-adv_DOBA/agg_records/pkl/round_0465_apra.pkl
466,apra,success,"[2, 79, 39, 82, 60, 54, 34, 83, 13, 35]","[2, 79, 39, 34, 83, 35]","[82, 60, 54, 13]",10,6,"[""apra_mad_filter"", ""apra_hierarchical_cluster"", ""apra_trust_weighted_clip""]",../main/re_result_6-29_APRA/cifar10_500_Jul.01_20.04.02_apra_fix_True_no-mia_no-mia-class_no-noise_sin-adv_DOBA/agg_records/pkl/round_0466_apra.pkl
467,apra,success,"[4, 45, 65, 28, 24, 47, 10, 77, 74, 5]","[4, 45, 65, 28, 24, 77, 74]","[47, 10, 5]",10,7,"[""apra_mad_filter"", ""apra_hierarchical_cluster"", ""apra_trust_weighted_clip""]",../main/re_result_6-29_APRA/cifar10_500_Jul.01_20.04.02_apra_fix_True_no-mia_no-mia-class_no-noise_sin-adv_DOBA/agg_records/pkl/round_0467_apra.pkl
468,apra,success,"[0, 2, 18, 52, 30, 28, 34, 80, 19, 57]","[52, 30, 28, 34, 80, 57]","[0, 2, 18, 19]",10,6,"[""apra_mad_filter"", ""apra_hierarchical_cluster"", ""apra_trust_weighted_clip""]",../main/re_result_6-29_APRA/cifar10_500_Jul.01_20.04.02_apra_fix_True_no-mia_no-mia-class_no-noise_sin-adv_DOBA/agg_records/pkl/round_0468_apra.pkl
469,apra,success,"[3, 90, 98, 61, 8, 69, 42, 74, 40, 87]","[3, 90, 98, 61, 8, 69, 74, 40, 87]",[42],10,9,"[""apra_mad_filter"", ""apra_hierarchical_cluster"", ""apra_trust_weighted_clip""]",../main/re_result_6-29_APRA/cifar10_500_Jul.01_20.04.02_apra_fix_True_no-mia_no-mia-class_no-noise_sin-adv_DOBA/agg_records/pkl/round_0469_apra.pkl
470,apra,success,"[1, 55, 65, 23, 31, 79, 85, 96, 47, 95]","[1, 65, 23, 79, 96, 95]","[55, 31, 85, 47]",10,6,"[""apra_mad_filter"", ""apra_hierarchical_cluster"", ""apra_trust_weighted_clip""]",../main/re_result_6-29_APRA/cifar10_500_Jul.01_20.04.02_apra_fix_True_no-mia_no-mia-class_no-noise_sin-adv_DOBA/agg_records/pkl/round_0470_apra.pkl
471,apra,success,"[2, 34, 26, 89, 36, 33, 69, 24, 12, 31]","[2, 34, 26, 89, 36, 33, 69, 24, 12]",[31],10,9,"[""apra_mad_filter"", ""apra_hierarchical_cluster"", ""apra_trust_weighted_clip""]",../main/re_result_6-29_APRA/cifar10_500_Jul.01_20.04.02_apra_fix_True_no-mia_no-mia-class_no-noise_sin-adv_DOBA/agg_records/pkl/round_0471_apra.pkl
472,apra,success,"[4, 82, 0, 16, 41, 83, 44, 62, 52, 78]","[4, 82, 16, 41, 83, 44, 62, 52, 78]",[0],10,9,"[""apra_mad_filter"", ""apra_hierarchical_cluster"", ""apra_trust_weighted_clip""]",../main/re_result_6-29_APRA/cifar10_500_Jul.01_20.04.02_apra_fix_True_no-mia_no-mia-class_no-noise_sin-adv_DOBA/agg_records/pkl/round_0472_apra.pkl
473,apra,success,"[2, 13, 87, 48, 14, 27, 80, 70, 98, 47]","[2, 13, 87, 14, 27, 80, 70, 98]","[48, 47]",10,8,"[""apra_mad_filter"", ""apra_hierarchical_cluster"", ""apra_trust_weighted_clip""]",../main/re_result_6-29_APRA/cifar10_500_Jul.01_20.04.02_apra_fix_True_no-mia_no-mia-class_no-noise_sin-adv_DOBA/agg_records/pkl/round_0473_apra.pkl
474,apra,success,"[2, 32, 21, 27, 61, 47, 1, 65, 98, 28]","[2, 21, 27, 61, 1, 65, 98, 28]","[32, 47]",10,8,"[""apra_mad_filter"", ""apra_hierarchical_cluster"", ""apra_trust_weighted_clip""]",../main/re_result_6-29_APRA/cifar10_500_Jul.01_20.04.02_apra_fix_True_no-mia_no-mia-class_no-noise_sin-adv_DOBA/agg_records/pkl/round_0474_apra.pkl
475,apra,success,"[4, 64, 32, 16, 60, 41, 22, 20, 88, 92]","[4, 64, 16, 60, 41, 22, 20]","[32, 88, 92]",10,7,"[""apra_mad_filter"", ""apra_hierarchical_cluster"", ""apra_trust_weighted_clip""]",../main/re_result_6-29_APRA/cifar10_500_Jul.01_20.04.02_apra_fix_True_no-mia_no-mia-class_no-noise_sin-adv_DOBA/agg_records/pkl/round_0475_apra.pkl
476,apra,success,"[1, 19, 36, 31, 33, 90, 13, 95, 27, 73]","[1, 19, 31, 33, 90, 95, 27]","[36, 13, 73]",10,7,"[""apra_mad_filter"", ""apra_hierarchical_cluster"", ""apra_trust_weighted_clip""]",../main/re_result_6-29_APRA/cifar10_500_Jul.01_20.04.02_apra_fix_True_no-mia_no-mia-class_no-noise_sin-adv_DOBA/agg_records/pkl/round_0476_apra.pkl
477,apra,success,"[2, 95, 62, 74, 56, 42, 22, 71, 0, 63]","[2, 95, 62, 74, 56, 22, 71, 0, 63]",[42],10,9,"[""apra_mad_filter"", ""apra_hierarchical_cluster"", ""apra_trust_weighted_clip""]",../main/re_result_6-29_APRA/cifar10_500_Jul.01_20.04.02_apra_fix_True_no-mia_no-mia-class_no-noise_sin-adv_DOBA/agg_records/pkl/round_0477_apra.pkl
478,apra,success,"[1, 29, 48, 3, 2, 54, 91, 34, 89, 42]","[1, 29, 3, 2, 54, 91, 34, 89, 42]",[48],10,9,"[""apra_mad_filter"", ""apra_hierarchical_cluster"", ""apra_trust_weighted_clip""]",../main/re_result_6-29_APRA/cifar10_500_Jul.01_20.04.02_apra_fix_True_no-mia_no-mia-class_no-noise_sin-adv_DOBA/agg_records/pkl/round_0478_apra.pkl
479,apra,success,"[2, 93, 67, 6, 40, 22, 79, 38, 61, 87]","[2, 93, 6, 22, 79, 38, 61, 87]","[67, 40]",10,8,"[""apra_mad_filter"", ""apra_hierarchical_cluster"", ""apra_trust_weighted_clip""]",../main/re_result_6-29_APRA/cifar10_500_Jul.01_20.04.02_apra_fix_True_no-mia_no-mia-class_no-noise_sin-adv_DOBA/agg_records/pkl/round_0479_apra.pkl
480,apra,success,"[4, 21, 67, 49, 24, 47, 95, 45, 57, 96]","[4, 21, 67, 49, 24, 95, 45, 57, 96]",[47],10,9,"[""apra_mad_filter"", ""apra_hierarchical_cluster"", ""apra_trust_weighted_clip""]",../main/re_result_6-29_APRA/cifar10_500_Jul.01_20.04.02_apra_fix_True_no-mia_no-mia-class_no-noise_sin-adv_DOBA/agg_records/pkl/round_0480_apra.pkl
481,apra,success,"[1, 74, 25, 94, 96, 58, 3, 99, 55, 97]","[1, 74, 25, 94, 58, 99, 55]","[96, 3, 97]",10,7,"[""apra_mad_filter"", ""apra_hierarchical_cluster"", ""apra_trust_weighted_clip""]",../main/re_result_6-29_APRA/cifar10_500_Jul.01_20.04.02_apra_fix_True_no-mia_no-mia-class_no-noise_sin-adv_DOBA/agg_records/pkl/round_0481_apra.pkl
482,apra,success,"[1, 81, 82, 47, 65, 60, 93, 28, 49, 3]","[1, 81, 82, 65, 60, 93, 49, 3]","[47, 28]",10,8,"[""apra_mad_filter"", ""apra_hierarchical_cluster"", ""apra_trust_weighted_clip""]",../main/re_result_6-29_APRA/cifar10_500_Jul.01_20.04.02_apra_fix_True_no-mia_no-mia-class_no-noise_sin-adv_DOBA/agg_records/pkl/round_0482_apra.pkl
483,apra,success,"[4, 8, 48, 46, 69, 18, 87, 54, 19, 97]","[4, 8, 69, 18, 19, 97]","[48, 46, 87, 54]",10,6,"[""apra_mad_filter"", ""apra_hierarchical_cluster"", ""apra_trust_weighted_clip""]",../main/re_result_6-29_APRA/cifar10_500_Jul.01_20.04.02_apra_fix_True_no-mia_no-mia-class_no-noise_sin-adv_DOBA/agg_records/pkl/round_0483_apra.pkl
484,apra,success,"[1, 91, 86, 11, 53, 59, 48, 3, 9, 26]","[1, 86, 11, 53, 3, 9]","[91, 59, 48, 26]",10,6,"[""apra_mad_filter"", ""apra_hierarchical_cluster"", ""apra_trust_weighted_clip""]",../main/re_result_6-29_APRA/cifar10_500_Jul.01_20.04.02_apra_fix_True_no-mia_no-mia-class_no-noise_sin-adv_DOBA/agg_records/pkl/round_0484_apra.pkl
485,apra,success,"[1, 82, 58, 96, 4, 28, 39, 99, 13, 37]","[1, 82, 58, 4, 28, 39, 99, 13, 37]",[96],10,9,"[""apra_mad_filter"", ""apra_hierarchical_cluster"", ""apra_trust_weighted_clip""]",../main/re_result_6-29_APRA/cifar10_500_Jul.01_20.04.02_apra_fix_True_no-mia_no-mia-class_no-noise_sin-adv_DOBA/agg_records/pkl/round_0485_apra.pkl
486,apra,success,"[3, 62, 44, 97, 49, 90, 70, 66, 87, 54]","[3, 62, 44, 97, 49, 90, 70, 66, 87]",[54],10,9,"[""apra_mad_filter"", ""apra_hierarchical_cluster"", ""apra_trust_weighted_clip""]",../main/re_result_6-29_APRA/cifar10_500_Jul.01_20.04.02_apra_fix_True_no-mia_no-mia-class_no-noise_sin-adv_DOBA/agg_records/pkl/round_0486_apra.pkl
487,apra,success,"[1, 95, 63, 12, 31, 57, 76, 69, 61, 2]","[1, 63, 12, 57, 76, 69, 61, 2]","[95, 31]",10,8,"[""apra_mad_filter"", ""apra_hierarchical_cluster"", ""apra_trust_weighted_clip""]",../main/re_result_6-29_APRA/cifar10_500_Jul.01_20.04.02_apra_fix_True_no-mia_no-mia-class_no-noise_sin-adv_DOBA/agg_records/pkl/round_0487_apra.pkl
488,apra,success,"[4, 3, 89, 43, 32, 65, 24, 70, 75, 71]","[4, 3, 89, 43, 65, 24, 70, 75, 71]",[32],10,9,"[""apra_mad_filter"", ""apra_hierarchical_cluster"", ""apra_trust_weighted_clip""]",../main/re_result_6-29_APRA/cifar10_500_Jul.01_20.04.02_apra_fix_True_no-mia_no-mia-class_no-noise_sin-adv_DOBA/agg_records/pkl/round_0488_apra.pkl
489,apra,success,"[0, 23, 91, 20, 84, 29, 85, 79, 50, 43]","[23, 91, 84, 29, 85, 79, 50, 43]","[0, 20]",10,8,"[""apra_mad_filter"", ""apra_hierarchical_cluster"", ""apra_trust_weighted_clip""]",../main/re_result_6-29_APRA/cifar10_500_Jul.01_20.04.02_apra_fix_True_no-mia_no-mia-class_no-noise_sin-adv_DOBA/agg_records/pkl/round_0489_apra.pkl
490,apra,success,"[3, 89, 96, 47, 25, 98, 83, 63, 50, 35]","[89, 25, 98, 83, 63, 50, 35]","[3, 96, 47]",10,7,"[""apra_mad_filter"", ""apra_hierarchical_cluster"", ""apra_trust_weighted_clip""]",../main/re_result_6-29_APRA/cifar10_500_Jul.01_20.04.02_apra_fix_True_no-mia_no-mia-class_no-noise_sin-adv_DOBA/agg_records/pkl/round_0490_apra.pkl
491,apra,success,"[2, 43, 15, 21, 81, 42, 50, 20, 22, 1]","[2, 43, 15, 21, 81, 50, 20, 22]","[42, 1]",10,8,"[""apra_mad_filter"", ""apra_hierarchical_cluster"", ""apra_trust_weighted_clip""]",../main/re_result_6-29_APRA/cifar10_500_Jul.01_20.04.02_apra_fix_True_no-mia_no-mia-class_no-noise_sin-adv_DOBA/agg_records/pkl/round_0491_apra.pkl
492,apra,success,"[4, 85, 27, 36, 99, 53, 33, 87, 35, 17]","[4, 85, 27, 99, 53, 33, 87, 35]","[36, 17]",10,8,"[""apra_mad_filter"", ""apra_hierarchical_cluster"", ""apra_trust_weighted_clip""]",../main/re_result_6-29_APRA/cifar10_500_Jul.01_20.04.02_apra_fix_True_no-mia_no-mia-class_no-noise_sin-adv_DOBA/agg_records/pkl/round_0492_apra.pkl
493,apra,success,"[4, 73, 88, 94, 50, 16, 27, 67, 8, 58]","[4, 94, 50, 16, 27, 67, 8, 58]","[73, 88]",10,8,"[""apra_mad_filter"", ""apra_hierarchical_cluster"", ""apra_trust_weighted_clip""]",../main/re_result_6-29_APRA/cifar10_500_Jul.01_20.04.02_apra_fix_True_no-mia_no-mia-class_no-noise_sin-adv_DOBA/agg_records/pkl/round_0493_apra.pkl
494,apra,success,"[0, 72, 87, 49, 6, 94, 56, 73, 76, 84]","[87, 49, 6, 94, 56, 76, 84]","[0, 72, 73]",10,7,"[""apra_mad_filter"", ""apra_hierarchical_cluster"", ""apra_trust_weighted_clip""]",../main/re_result_6-29_APRA/cifar10_500_Jul.01_20.04.02_apra_fix_True_no-mia_no-mia-class_no-noise_sin-adv_DOBA/agg_records/pkl/round_0494_apra.pkl
495,apra,success,"[1, 78, 77, 34, 44, 10, 5, 50, 85, 68]","[1, 78, 77, 34, 44, 5, 50, 85, 68]",[10],10,9,"[""apra_mad_filter"", ""apra_hierarchical_cluster"", ""apra_trust_weighted_clip""]",../main/re_result_6-29_APRA/cifar10_500_Jul.01_20.04.02_apra_fix_True_no-mia_no-mia-class_no-noise_sin-adv_DOBA/agg_records/pkl/round_0495_apra.pkl
496,apra,success,"[1, 67, 93, 20, 79, 19, 10, 49, 75, 94]","[1, 67, 93, 20, 79, 19, 49, 75, 94]",[10],10,9,"[""apra_mad_filter"", ""apra_hierarchical_cluster"", ""apra_trust_weighted_clip""]",../main/re_result_6-29_APRA/cifar10_500_Jul.01_20.04.02_apra_fix_True_no-mia_no-mia-class_no-noise_sin-adv_DOBA/agg_records/pkl/round_0496_apra.pkl
497,apra,success,"[3, 1, 40, 89, 24, 63, 65, 48, 90, 64]","[3, 1, 40, 89, 63, 65, 90, 64]","[24, 48]",10,8,"[""apra_mad_filter"", ""apra_hierarchical_cluster"", ""apra_trust_weighted_clip""]",../main/re_result_6-29_APRA/cifar10_500_Jul.01_20.04.02_apra_fix_True_no-mia_no-mia-class_no-noise_sin-adv_DOBA/agg_records/pkl/round_0497_apra.pkl
498,apra,success,"[0, 97, 8, 32, 54, 84, 25, 82, 2, 47]","[8, 32, 84, 25, 2]","[0, 97, 54, 82, 47]",10,5,"[""apra_mad_filter"", ""apra_hierarchical_cluster"", ""apra_trust_weighted_clip""]",../main/re_result_6-29_APRA/cifar10_500_Jul.01_20.04.02_apra_fix_True_no-mia_no-mia-class_no-noise_sin-adv_DOBA/agg_records/pkl/round_0498_apra.pkl
499,apra,success,"[3, 77, 43, 84, 97, 54, 23, 41, 81, 5]","[3, 77, 43, 84, 23, 41, 81, 5]","[97, 54]",10,8,"[""apra_mad_filter"", ""apra_hierarchical_cluster"", ""apra_trust_weighted_clip""]",../main/re_result_6-29_APRA/cifar10_500_Jul.01_20.04.02_apra_fix_True_no-mia_no-mia-class_no-noise_sin-adv_DOBA/agg_records/pkl/round_0499_apra.pkl
500,apra,success,"[4, 50, 79, 39, 10, 18, 28, 41, 22, 71]","[4, 50, 79, 39, 18, 28, 41, 22, 71]",[10],10,9,"[""apra_mad_filter"", ""apra_hierarchical_cluster"", ""apra_trust_weighted_clip""]",../main/re_result_6-29_APRA/cifar10_500_Jul.01_20.04.02_apra_fix_True_no-mia_no-mia-class_no-noise_sin-adv_DOBA/agg_records/pkl/round_0500_apra.pkl
