epoch,method,stage,selected,rejected,human
1,apra,apra_mad_filter,"[71, 32, 58, 4, 24, 62, 67, 43, 29]",[3],"{""median_norm"": 0.7083655723334745, ""mad"": 0.20224811827853062, ""k"": 4.524187090179797, ""num_accepted"": 9, ""safety_keep_used"": false, ""fallback_used"": false}"
1,apra,apra_hierarchical_cluster,"[71, 32, 58, 24, 62, 67, 43, 29]",[4],"{""best_k"": 2, ""best_score"": 0.7575452327728271, ""selected_cluster"": 0, ""cluster_scores"": {""0"": 6.5286784172058105, ""1"": -1.0}, ""num_trusted"": 8, ""fallback_used"": false}"
1,apra,apra_trust_weighted_clip,"[71, 32, 58, 24, 62, 67, 43, 29]",[],"{""base_clip"": 1.0, ""trust_weights"": {""71"": 0.0, ""32"": 0.0, ""58"": 0.20069842040538788, ""24"": 0.0, ""62"": 0.20069842040538788, ""67"": 0.0, ""43"": 0.29930153489112854, ""29"": 0.29930153489112854}, ""num_aggregated"": 8}"
2,apra,apra_mad_filter,"[73, 72, 99, 20, 15, 37, 93, 74, 22]",[3],"{""median_norm"": 0.5493407638412406, ""mad"": 0.0856398460370485, ""k"": 4.093653765389909, ""num_accepted"": 9, ""safety_keep_used"": false, ""fallback_used"": false}"
2,apra,apra_hierarchical_cluster,"[72, 99, 20, 15, 37, 93, 74, 22]",[73],"{""best_k"": 2, ""best_score"": 0.6255384683609009, ""selected_cluster"": 0, ""cluster_scores"": {""0"": 5.224114418029785, ""1"": -1.0}, ""num_trusted"": 8, ""fallback_used"": false}"
2,apra,apra_trust_weighted_clip,"[72, 99, 20, 15, 37, 93, 74, 22]",[],"{""base_clip"": 1.0, ""trust_weights"": {""72"": 0.0, ""99"": 0.1666666716337204, ""20"": 0.1666666716337204, ""15"": 0.0, ""37"": 0.1666666716337204, ""93"": 0.1666666716337204, ""74"": 0.1666666716337204, ""22"": 0.1666666716337204}, ""num_aggregated"": 8}"
3,apra,apra_mad_filter,"[11, 29, 61, 14, 62, 31, 55, 89]","[2, 0]","{""median_norm"": 0.8134776364522458, ""mad"": 0.15935388511806248, ""k"": 3.7040911034085893, ""num_accepted"": 8, ""safety_keep_used"": false, ""fallback_used"": false}"
3,apra,apra_hierarchical_cluster,"[11, 29, 61, 14, 62, 55, 89]",[31],"{""best_k"": 2, ""best_score"": 0.7236735820770264, ""selected_cluster"": 0, ""cluster_scores"": {""0"": 6.862752914428711, ""1"": -1.0}, ""num_trusted"": 7, ""fallback_used"": false}"
3,apra,apra_trust_weighted_clip,"[11, 29, 61, 14, 62, 55, 89]",[],"{""base_clip"": 1.0, ""trust_weights"": {""11"": 0.0, ""29"": 0.1666666716337204, ""61"": 0.1666666716337204, ""14"": 0.1666666716337204, ""62"": 0.1666666716337204, ""55"": 0.1666666716337204, ""89"": 0.1666666716337204}, ""num_aggregated"": 7}"
4,apra,apra_mad_filter,"[73, 5, 68, 48, 28, 53, 72, 34]","[1, 88]","{""median_norm"": 0.7238937478507632, ""mad"": 0.08153566585572425, ""k"": 3.351600230178197, ""num_accepted"": 8, ""safety_keep_used"": false, ""fallback_used"": false}"
4,apra,apra_hierarchical_cluster,"[5, 68, 28, 53, 72, 34]","[73, 48]","{""best_k"": 3, ""best_score"": 0.6305553913116455, ""selected_cluster"": 0, ""cluster_scores"": {""0"": 5.543253421783447, ""1"": -1.0, ""2"": -1.0}, ""num_trusted"": 6, ""fallback_used"": false}"
4,apra,apra_trust_weighted_clip,"[5, 68, 28, 53, 72, 34]",[],"{""base_clip"": 1.0, ""trust_weights"": {""5"": 0.0, ""68"": 0.20000000298023224, ""28"": 0.20000000298023224, ""53"": 0.20000000298023224, ""72"": 0.20000000298023224, ""34"": 0.20000000298023224}, ""num_aggregated"": 6}"
5,apra,apra_mad_filter,"[27, 55, 98, 67, 16, 57, 21, 26, 69]",[4],"{""median_norm"": 0.6316342933641792, ""mad"": 0.06615216800042106, ""k"": 3.032653298563167, ""num_accepted"": 9, ""safety_keep_used"": false, ""fallback_used"": false}"
5,apra,apra_hierarchical_cluster,"[55, 98, 16, 57, 21, 26]","[27, 67, 69]","{""best_k"": 3, ""best_score"": 0.48646512627601624, ""selected_cluster"": 1, ""cluster_scores"": {""0"": 1.6400953531265259, ""1"": 5.022601127624512, ""2"": -1.0}, ""num_trusted"": 6, ""fallback_used"": false}"
5,apra,apra_trust_weighted_clip,"[55, 98, 16, 57, 21, 26]",[],"{""base_clip"": 1.0, ""trust_weights"": {""55"": 0.1061471626162529, ""98"": 0.22346319258213043, ""16"": 0.22346319258213043, ""57"": 0.22346319258213043, ""21"": 0.22346319258213043, ""26"": 0.0}, ""num_aggregated"": 6}"
6,apra,apra_mad_filter,"[55, 44, 86, 53, 6, 52, 61, 62, 48]",[3],"{""median_norm"": 0.6593158807051728, ""mad"": 0.07373717134183294, ""k"": 2.744058180470132, ""num_accepted"": 9, ""safety_keep_used"": false, ""fallback_used"": false}"
6,apra,apra_hierarchical_cluster,"[55, 44, 86, 53, 6, 52, 61, 62]",[48],"{""best_k"": 2, ""best_score"": 0.7177185416221619, ""selected_cluster"": 0, ""cluster_scores"": {""0"": 5.438061714172363, ""1"": -1.0}, ""num_trusted"": 8, ""fallback_used"": false}"
6,apra,apra_trust_weighted_clip,"[55, 44, 86, 53, 6, 52, 61, 62]",[],"{""base_clip"": 1.0, ""trust_weights"": {""55"": 0.1428571492433548, ""44"": 0.0, ""86"": 0.1428571492433548, ""53"": 0.1428571492433548, ""6"": 0.1428571492433548, ""52"": 0.1428571492433548, ""61"": 0.1428571492433548, ""62"": 0.1428571492433548}, ""num_aggregated"": 8}"
7,apra,apra_mad_filter,"[73, 46, 58, 32, 95, 97, 42, 38, 13]",[2],"{""median_norm"": 0.7514999090871508, ""mad"": 0.09808923162858513, ""k"": 2.4829265189570475, ""num_accepted"": 9, ""safety_keep_used"": false, ""fallback_used"": false}"
7,apra,apra_hierarchical_cluster,"[73, 46, 58, 32, 97, 42, 38, 13]",[95],"{""best_k"": 2, ""best_score"": 0.4381240904331207, ""selected_cluster"": 0, ""cluster_scores"": {""0"": 3.5959324836730957, ""1"": -1.0}, ""num_trusted"": 8, ""fallback_used"": false}"
7,apra,apra_trust_weighted_clip,"[73, 46, 58, 32, 97, 42, 38, 13]",[],"{""base_clip"": 1.0, ""trust_weights"": {""73"": 0.0, ""46"": 0.1666666716337204, ""58"": 0.1666666716337204, ""32"": 0.1666666716337204, ""97"": 0.0, ""42"": 0.1666666716337204, ""38"": 0.1666666716337204, ""13"": 0.1666666716337204}, ""num_aggregated"": 8}"
8,apra,apra_mad_filter,"[41, 96, 97, 82, 86, 57, 62, 85, 17]",[0],"{""median_norm"": 0.5870213617935627, ""mad"": 0.1497540043050905, ""k"": 2.246644820586108, ""num_accepted"": 9, ""safety_keep_used"": false, ""fallback_used"": false}"
8,apra,apra_hierarchical_cluster,"[86, 57, 62, 85, 17]","[41, 96, 97, 82]","{""best_k"": 3, ""best_score"": 0.4951348900794983, ""selected_cluster"": 2, ""cluster_scores"": {""0"": 1.8462001085281372, ""1"": 1.919492483139038, ""2"": 4.611076354980469}, ""num_trusted"": 5, ""fallback_used"": false}"
8,apra,apra_trust_weighted_clip,"[86, 57, 62, 85, 17]",[],"{""base_clip"": 1.0, ""trust_weights"": {""86"": 0.33909982442855835, ""57"": 0.16963157057762146, ""62"": 0.33909982442855835, ""85"": 0.0, ""17"": 0.15216878056526184}, ""num_aggregated"": 5}"
9,apra,apra_mad_filter,"[6, 23, 43, 89, 96, 69, 84]","[2, 1, 38]","{""median_norm"": 0.6514017480248468, ""mad"": 0.05728383667811193, ""k"": 2.0328482987029957, ""num_accepted"": 7, ""safety_keep_used"": false, ""fallback_used"": false}"
9,apra,apra_hierarchical_cluster,"[6, 23, 43, 89, 96, 84]",[69],"{""best_k"": 2, ""best_score"": 0.548563539981842, ""selected_cluster"": 0, ""cluster_scores"": {""0"": 5.051630020141602, ""1"": -1.0}, ""num_trusted"": 6, ""fallback_used"": false}"
9,apra,apra_trust_weighted_clip,"[6, 23, 43, 89, 96, 84]",[],"{""base_clip"": 1.0, ""trust_weights"": {""6"": 0.20000000298023224, ""23"": 0.0, ""43"": 0.20000000298023224, ""89"": 0.20000000298023224, ""96"": 0.20000000298023224, ""84"": 0.20000000298023224}, ""num_aggregated"": 6}"
10,apra,apra_mad_filter,"[95, 65, 71, 9, 81, 70, 41, 42]","[4, 3]","{""median_norm"": 0.7320182200099274, ""mad"": 0.1560675601731235, ""k"": 2.0, ""num_accepted"": 8, ""safety_keep_used"": false, ""fallback_used"": false}"
10,apra,apra_hierarchical_cluster,"[65, 71, 9, 81, 70, 41, 42]",[95],"{""best_k"": 2, ""best_score"": 0.4653914272785187, ""selected_cluster"": 0, ""cluster_scores"": {""0"": 6.578799247741699, ""1"": -1.0}, ""num_trusted"": 7, ""fallback_used"": false}"
10,apra,apra_trust_weighted_clip,"[65, 71, 9, 81, 70, 41, 42]",[],"{""base_clip"": 1.0, ""trust_weights"": {""65"": 0.1666666716337204, ""71"": 0.1666666716337204, ""9"": 0.1666666716337204, ""81"": 0.1666666716337204, ""70"": 0.0, ""41"": 0.1666666716337204, ""42"": 0.1666666716337204}, ""num_aggregated"": 7}"
11,apra,apra_mad_filter,"[58, 20, 28, 44, 63, 65, 38, 97]","[4, 47]","{""median_norm"": 0.6348973299414348, ""mad"": 0.086739179452064, ""k"": 2.0, ""num_accepted"": 8, ""safety_keep_used"": false, ""fallback_used"": false}"
11,apra,apra_hierarchical_cluster,"[58, 20, 28, 44, 63, 65, 38]",[97],"{""best_k"": 2, ""best_score"": 0.5335401296615601, ""selected_cluster"": 0, ""cluster_scores"": {""0"": 1.917359709739685, ""1"": -1.0}, ""num_trusted"": 7, ""fallback_used"": false}"
11,apra,apra_trust_weighted_clip,"[58, 20, 28, 44, 63, 65, 38]",[],"{""base_clip"": 1.0, ""trust_weights"": {""58"": 0.20000000298023224, ""20"": 0.0, ""28"": 0.20000000298023224, ""44"": 0.0, ""63"": 0.20000000298023224, ""65"": 0.20000000298023224, ""38"": 0.20000000298023224}, ""num_aggregated"": 7}"
12,apra,apra_mad_filter,"[81, 20, 6, 68, 37, 15, 11, 48]","[3, 2]","{""median_norm"": 0.6626839312897554, ""mad"": 0.18777762962448513, ""k"": 2.0, ""num_accepted"": 8, ""safety_keep_used"": false, ""fallback_used"": false}"
12,apra,apra_hierarchical_cluster,"[81, 20, 6, 68, 37, 15, 11]",[48],"{""best_k"": 2, ""best_score"": 0.6938725709915161, ""selected_cluster"": 0, ""cluster_scores"": {""0"": 6.20851469039917, ""1"": -1.0}, ""num_trusted"": 7, ""fallback_used"": false}"
12,apra,apra_trust_weighted_clip,"[81, 20, 6, 68, 37, 15, 11]",[],"{""base_clip"": 1.0, ""trust_weights"": {""81"": 0.1666666716337204, ""20"": 0.0, ""6"": 0.1666666716337204, ""68"": 0.1666666716337204, ""37"": 0.1666666716337204, ""15"": 0.1666666716337204, ""11"": 0.1666666716337204}, ""num_aggregated"": 7}"
13,apra,apra_mad_filter,"[60, 95, 98, 39, 75, 32, 15, 52, 49]",[0],"{""median_norm"": 0.6935442736647848, ""mad"": 0.15691895653941207, ""k"": 2.0, ""num_accepted"": 9, ""safety_keep_used"": false, ""fallback_used"": false}"
13,apra,apra_hierarchical_cluster,"[60, 98, 39, 75, 32, 15, 52, 49]",[95],"{""best_k"": 2, ""best_score"": 0.5458227396011353, ""selected_cluster"": 0, ""cluster_scores"": {""0"": 4.778398036956787, ""1"": -1.0}, ""num_trusted"": 8, ""fallback_used"": false}"
13,apra,apra_trust_weighted_clip,"[60, 98, 39, 75, 32, 15, 52, 49]",[],"{""base_clip"": 1.0, ""trust_weights"": {""60"": 0.0, ""98"": 0.20000000298023224, ""39"": 0.20000000298023224, ""75"": 0.20000000298023224, ""32"": 0.0, ""15"": 0.0, ""52"": 0.20000000298023224, ""49"": 0.20000000298023224}, ""num_aggregated"": 8}"
14,apra,apra_mad_filter,"[86, 16, 55, 99, 15, 12, 44]","[0, 67, 88]","{""median_norm"": 0.4895501043765166, ""mad"": 0.035994281110989595, ""k"": 2.0, ""num_accepted"": 7, ""safety_keep_used"": false, ""fallback_used"": false}"
14,apra,apra_hierarchical_cluster,"[86, 16, 55, 12]","[99, 15, 44]","{""best_k"": 3, ""best_score"": 0.4476996958255768, ""selected_cluster"": 1, ""cluster_scores"": {""0"": 1.9510283470153809, ""1"": 3.983098268508911, ""2"": -1.0}, ""num_trusted"": 4, ""fallback_used"": false}"
14,apra,apra_trust_weighted_clip,"[86, 16, 55, 12]",[],"{""base_clip"": 1.0, ""trust_weights"": {""86"": 0.3333333432674408, ""16"": 0.0, ""55"": 0.3333333432674408, ""12"": 0.3333333432674408}, ""num_aggregated"": 4}"
15,apra,apra_mad_filter,"[81, 49, 56, 12, 30, 83, 37, 91]","[2, 3]","{""median_norm"": 0.6818129267890589, ""mad"": 0.1884447740583174, ""k"": 2.0, ""num_accepted"": 8, ""safety_keep_used"": false, ""fallback_used"": false}"
15,apra,apra_hierarchical_cluster,"[81, 49, 12, 83, 37, 91]","[56, 30]","{""best_k"": 2, ""best_score"": 0.6017961502075195, ""selected_cluster"": 0, ""cluster_scores"": {""0"": 5.885080814361572, ""1"": 1.9286596775054932}, ""num_trusted"": 6, ""fallback_used"": false}"
15,apra,apra_trust_weighted_clip,"[81, 49, 12, 83, 37, 91]",[],"{""base_clip"": 1.0, ""trust_weights"": {""81"": 0.20000000298023224, ""49"": 0.0, ""12"": 0.20000000298023224, ""83"": 0.20000000298023224, ""37"": 0.20000000298023224, ""91"": 0.20000000298023224}, ""num_aggregated"": 6}"
16,apra,apra_mad_filter,"[57, 85, 84, 6, 43, 71, 39]","[2, 46, 40]","{""median_norm"": 0.6307640477456253, ""mad"": 0.03485407558124337, ""k"": 2.0, ""num_accepted"": 7, ""safety_keep_used"": false, ""fallback_used"": false}"
16,apra,apra_hierarchical_cluster,"[57, 84, 6, 43, 39]","[85, 71]","{""best_k"": 2, ""best_score"": 0.5845896601676941, ""selected_cluster"": 1, ""cluster_scores"": {""0"": 1.9320844411849976, ""1"": 4.765917778015137}, ""num_trusted"": 5, ""fallback_used"": false}"
16,apra,apra_trust_weighted_clip,"[57, 84, 6, 43, 39]",[],"{""base_clip"": 1.0, ""trust_weights"": {""57"": 0.0, ""84"": 0.5, ""6"": 0.0, ""43"": 0.5, ""39"": 0.0}, ""num_aggregated"": 5}"
17,apra,apra_mad_filter,"[83, 71, 76, 18, 17, 81, 62, 52]","[0, 3]","{""median_norm"": 0.8283094474495292, ""mad"": 0.13770303936211026, ""k"": 2.0, ""num_accepted"": 8, ""safety_keep_used"": false, ""fallback_used"": false}"
17,apra,apra_hierarchical_cluster,"[83, 76, 18, 17, 81, 62, 52]",[71],"{""best_k"": 2, ""best_score"": 0.6072285175323486, ""selected_cluster"": 0, ""cluster_scores"": {""0"": 6.763326644897461, ""1"": -1.0}, ""num_trusted"": 7, ""fallback_used"": false}"
17,apra,apra_trust_weighted_clip,"[83, 76, 18, 17, 81, 62, 52]",[],"{""base_clip"": 1.0, ""trust_weights"": {""83"": 0.1666666716337204, ""76"": 0.1666666716337204, ""18"": 0.1666666716337204, ""17"": 0.0, ""81"": 0.1666666716337204, ""62"": 0.1666666716337204, ""52"": 0.1666666716337204}, ""num_aggregated"": 7}"
18,apra,apra_mad_filter,"[4, 80, 88, 5, 84, 50, 40, 78, 31, 43]",[],"{""median_norm"": 0.7420131476433747, ""mad"": 0.19626106452937042, ""k"": 2.0, ""num_accepted"": 10, ""safety_keep_used"": false, ""fallback_used"": false}"
18,apra,apra_hierarchical_cluster,"[80, 5, 84, 50, 40, 78, 31, 43]","[4, 88]","{""best_k"": 3, ""best_score"": 0.7192281484603882, ""selected_cluster"": 0, ""cluster_scores"": {""0"": 6.484504699707031, ""1"": -1.0, ""2"": -1.0}, ""num_trusted"": 8, ""fallback_used"": false}"
18,apra,apra_trust_weighted_clip,"[80, 5, 84, 50, 40, 78, 31, 43]",[],"{""base_clip"": 1.0, ""trust_weights"": {""80"": 0.1428571492433548, ""5"": 0.1428571492433548, ""84"": 0.1428571492433548, ""50"": 0.1428571492433548, ""40"": 0.1428571492433548, ""78"": 0.1428571492433548, ""31"": 0.0, ""43"": 0.1428571492433548}, ""num_aggregated"": 8}"
19,apra,apra_mad_filter,"[45, 95, 90, 65, 6, 87, 29, 51]","[3, 84]","{""median_norm"": 0.6668736668904751, ""mad"": 0.09111697376358185, ""k"": 2.0, ""num_accepted"": 8, ""safety_keep_used"": false, ""fallback_used"": false}"
19,apra,apra_hierarchical_cluster,"[45, 90, 65, 6, 87, 29, 51]",[95],"{""best_k"": 2, ""best_score"": 0.6609729528427124, ""selected_cluster"": 0, ""cluster_scores"": {""0"": 5.01710844039917, ""1"": -1.0}, ""num_trusted"": 7, ""fallback_used"": false}"
19,apra,apra_trust_weighted_clip,"[45, 90, 65, 6, 87, 29, 51]",[],"{""base_clip"": 1.0, ""trust_weights"": {""45"": 0.20000000298023224, ""90"": 0.20000000298023224, ""65"": 0.0, ""6"": 0.20000000298023224, ""87"": 0.20000000298023224, ""29"": 0.0, ""51"": 0.20000000298023224}, ""num_aggregated"": 7}"
20,apra,apra_mad_filter,"[72, 28, 52, 38, 63, 18, 22, 39, 47]",[1],"{""median_norm"": 0.609860130140939, ""mad"": 0.14456923891102563, ""k"": 2.0, ""num_accepted"": 9, ""safety_keep_used"": false, ""fallback_used"": false}"
20,apra,apra_hierarchical_cluster,"[72, 28, 52, 38, 63, 18, 22, 39]",[47],"{""best_k"": 2, ""best_score"": 0.6233410835266113, ""selected_cluster"": 0, ""cluster_scores"": {""0"": 6.560980796813965, ""1"": -1.0}, ""num_trusted"": 8, ""fallback_used"": false}"
20,apra,apra_trust_weighted_clip,"[72, 28, 52, 38, 63, 18, 22, 39]",[],"{""base_clip"": 1.0, ""trust_weights"": {""72"": 0.20000000298023224, ""28"": 0.20000000298023224, ""52"": 0.20000000298023224, ""38"": 0.20000000298023224, ""63"": 0.0, ""18"": 0.0, ""22"": 0.20000000298023224, ""39"": 0.0}, ""num_aggregated"": 8}"
21,apra,apra_mad_filter,"[99, 66, 96, 13, 63, 5, 68, 94, 29]",[2],"{""median_norm"": 0.62637224047569, ""mad"": 0.03985564177813938, ""k"": 2.0, ""num_accepted"": 9, ""safety_keep_used"": false, ""fallback_used"": false}"
21,apra,apra_hierarchical_cluster,"[66, 96, 13, 63, 68, 94, 29]","[99, 5]","{""best_k"": 2, ""best_score"": 0.3395669162273407, ""selected_cluster"": 1, ""cluster_scores"": {""0"": 1.2805118560791016, ""1"": 4.693088054656982}, ""num_trusted"": 7, ""fallback_used"": false}"
21,apra,apra_trust_weighted_clip,"[66, 96, 13, 63, 68, 94, 29]",[],"{""base_clip"": 1.0, ""trust_weights"": {""66"": 0.20000000298023224, ""96"": 0.0, ""13"": 0.20000000298023224, ""63"": 0.20000000298023224, ""68"": 0.20000000298023224, ""94"": 0.20000000298023224, ""29"": 0.0}, ""num_aggregated"": 7}"
22,apra,apra_mad_filter,"[45, 9, 98, 99, 38, 83, 86, 24, 34]",[1],"{""median_norm"": 0.6880523529108131, ""mad"": 0.15491132976235683, ""k"": 2.0, ""num_accepted"": 9, ""safety_keep_used"": false, ""fallback_used"": false}"
22,apra,apra_hierarchical_cluster,"[45, 98, 99, 38, 83, 86, 24, 34]",[9],"{""best_k"": 2, ""best_score"": 0.5802245140075684, ""selected_cluster"": 0, ""cluster_scores"": {""0"": 5.7922797203063965, ""1"": -1.0}, ""num_trusted"": 8, ""fallback_used"": false}"
22,apra,apra_trust_weighted_clip,"[45, 98, 99, 38, 83, 86, 24, 34]",[],"{""base_clip"": 1.0, ""trust_weights"": {""45"": 0.1428571492433548, ""98"": 0.1428571492433548, ""99"": 0.0, ""38"": 0.1428571492433548, ""83"": 0.1428571492433548, ""86"": 0.1428571492433548, ""24"": 0.1428571492433548, ""34"": 0.1428571492433548}, ""num_aggregated"": 8}"
23,apra,apra_mad_filter,"[83, 82, 79, 81, 91, 53, 52, 90, 32]",[2],"{""median_norm"": 0.5750643187836579, ""mad"": 0.10604726865912673, ""k"": 2.0, ""num_accepted"": 9, ""safety_keep_used"": false, ""fallback_used"": false}"
23,apra,apra_hierarchical_cluster,"[83, 79, 81, 91, 53, 52, 90, 32]",[82],"{""best_k"": 2, ""best_score"": 0.6429954171180725, ""selected_cluster"": 0, ""cluster_scores"": {""0"": 7.030915260314941, ""1"": -1.0}, ""num_trusted"": 8, ""fallback_used"": false}"
23,apra,apra_trust_weighted_clip,"[83, 79, 81, 91, 53, 52, 90, 32]",[],"{""base_clip"": 1.0, ""trust_weights"": {""83"": 0.1428571492433548, ""79"": 0.1428571492433548, ""81"": 0.1428571492433548, ""91"": 0.1428571492433548, ""53"": 0.1428571492433548, ""52"": 0.1428571492433548, ""90"": 0.1428571492433548, ""32"": 0.0}, ""num_aggregated"": 8}"
24,apra,apra_mad_filter,"[5, 99, 6, 94, 34, 46, 28, 76, 91]",[4],"{""median_norm"": 0.49042760441986677, ""mad"": 0.06079837790917347, ""k"": 2.0, ""num_accepted"": 9, ""safety_keep_used"": false, ""fallback_used"": false}"
24,apra,apra_hierarchical_cluster,"[5, 6, 94, 34, 46, 28, 76, 91]",[99],"{""best_k"": 2, ""best_score"": 0.5970470309257507, ""selected_cluster"": 0, ""cluster_scores"": {""0"": 5.9068217277526855, ""1"": -1.0}, ""num_trusted"": 8, ""fallback_used"": false}"
24,apra,apra_trust_weighted_clip,"[5, 6, 94, 34, 46, 28, 76, 91]",[],"{""base_clip"": 1.0, ""trust_weights"": {""5"": 0.0, ""6"": 0.1731676459312439, ""94"": 0.1731676459312439, ""34"": 0.1731676459312439, ""46"": 0.1341617852449417, ""28"": 0.0, ""76"": 0.1731676459312439, ""91"": 0.1731676459312439}, ""num_aggregated"": 8}"
25,apra,apra_mad_filter,"[35, 90, 93, 71, 98, 70, 95, 54]","[4, 2]","{""median_norm"": 0.7693563694844263, ""mad"": 0.18692004844491633, ""k"": 2.0, ""num_accepted"": 8, ""safety_keep_used"": false, ""fallback_used"": false}"
25,apra,apra_hierarchical_cluster,"[35, 90, 93, 71, 98, 70, 95]",[54],"{""best_k"": 2, ""best_score"": 0.7374681234359741, ""selected_cluster"": 0, ""cluster_scores"": {""0"": 6.272241592407227, ""1"": -1.0}, ""num_trusted"": 7, ""fallback_used"": false}"
25,apra,apra_trust_weighted_clip,"[35, 90, 93, 71, 98, 70, 95]",[],"{""base_clip"": 1.0, ""trust_weights"": {""35"": 0.0, ""90"": 0.1666666716337204, ""93"": 0.1666666716337204, ""71"": 0.1666666716337204, ""98"": 0.1666666716337204, ""70"": 0.1666666716337204, ""95"": 0.1666666716337204}, ""num_aggregated"": 7}"
26,apra,apra_mad_filter,"[81, 22, 41, 14, 39, 1, 88, 74, 49]",[3],"{""median_norm"": 0.9573281469977621, ""mad"": 0.3359512453814941, ""k"": 2.0, ""num_accepted"": 9, ""safety_keep_used"": false, ""fallback_used"": false}"
26,apra,apra_hierarchical_cluster,"[81, 22, 41, 14, 39, 74, 49]","[1, 88]","{""best_k"": 3, ""best_score"": 0.6933192610740662, ""selected_cluster"": 0, ""cluster_scores"": {""0"": 6.020130634307861, ""1"": -1.0, ""2"": -1.0}, ""num_trusted"": 7, ""fallback_used"": false}"
26,apra,apra_trust_weighted_clip,"[81, 22, 41, 14, 39, 74, 49]",[],"{""base_clip"": 1.0, ""trust_weights"": {""81"": 0.1666666716337204, ""22"": 0.1666666716337204, ""41"": 0.0, ""14"": 0.1666666716337204, ""39"": 0.1666666716337204, ""74"": 0.1666666716337204, ""49"": 0.1666666716337204}, ""num_aggregated"": 7}"
27,apra,apra_mad_filter,"[57, 7, 73, 75, 65, 58, 27, 10]","[0, 95]","{""median_norm"": 0.6567246988435721, ""mad"": 0.05898218426228674, ""k"": 2.0, ""num_accepted"": 8, ""safety_keep_used"": false, ""fallback_used"": false}"
27,apra,apra_hierarchical_cluster,"[57, 7, 75, 65, 58, 27, 10]",[73],"{""best_k"": 2, ""best_score"": 0.6639961004257202, ""selected_cluster"": 0, ""cluster_scores"": {""0"": 5.814990043640137, ""1"": -1.0}, ""num_trusted"": 7, ""fallback_used"": false}"
27,apra,apra_trust_weighted_clip,"[57, 7, 75, 65, 58, 27, 10]",[],"{""base_clip"": 1.0, ""trust_weights"": {""57"": 0.05100536346435547, ""7"": 0.19521547853946686, ""75"": 0.19521547853946686, ""65"": 0.1681327521800995, ""58"": 0.19521547853946686, ""27"": 0.19521547853946686, ""10"": 0.0}, ""num_aggregated"": 7}"
28,apra,apra_mad_filter,"[65, 15, 51, 53, 69, 72, 14]","[3, 1, 76]","{""median_norm"": 0.570063105956595, ""mad"": 0.1239761287137664, ""k"": 2.0, ""num_accepted"": 7, ""safety_keep_used"": false, ""fallback_used"": false}"
28,apra,apra_hierarchical_cluster,"[65, 15, 51, 53, 72, 14]",[69],"{""best_k"": 2, ""best_score"": 0.4509061872959137, ""selected_cluster"": 0, ""cluster_scores"": {""0"": 5.86089563369751, ""1"": -1.0}, ""num_trusted"": 6, ""fallback_used"": false}"
28,apra,apra_trust_weighted_clip,"[65, 15, 51, 53, 72, 14]",[],"{""base_clip"": 1.0, ""trust_weights"": {""65"": 0.0, ""15"": 0.25, ""51"": 0.25, ""53"": 0.25, ""72"": 0.0, ""14"": 0.25}, ""num_aggregated"": 6}"
29,apra,apra_mad_filter,"[30, 81, 70, 38, 49, 78, 14, 87]","[1, 3]","{""median_norm"": 0.6185221963256693, ""mad"": 0.1025890691160633, ""k"": 2.0, ""num_accepted"": 8, ""safety_keep_used"": false, ""fallback_used"": false}"
29,apra,apra_hierarchical_cluster,"[81, 70, 38, 49, 78, 14, 87]",[30],"{""best_k"": 2, ""best_score"": 0.6451898813247681, ""selected_cluster"": 0, ""cluster_scores"": {""0"": 6.943447589874268, ""1"": -1.0}, ""num_trusted"": 7, ""fallback_used"": false}"
29,apra,apra_trust_weighted_clip,"[81, 70, 38, 49, 78, 14, 87]",[],"{""base_clip"": 1.0, ""trust_weights"": {""81"": 0.1666666716337204, ""70"": 0.0, ""38"": 0.1666666716337204, ""49"": 0.1666666716337204, ""78"": 0.1666666716337204, ""14"": 0.1666666716337204, ""87"": 0.1666666716337204}, ""num_aggregated"": 7}"
30,apra,apra_mad_filter,"[71, 13, 47, 7, 49, 33, 42, 34, 53]",[1],"{""median_norm"": 0.6932260408708155, ""mad"": 0.08868306162433276, ""k"": 2.0, ""num_accepted"": 9, ""safety_keep_used"": false, ""fallback_used"": false}"
30,apra,apra_hierarchical_cluster,"[71, 13, 7, 49, 33, 34, 53]","[47, 42]","{""best_k"": 2, ""best_score"": 0.5995628833770752, ""selected_cluster"": 1, ""cluster_scores"": {""0"": 1.437726616859436, ""1"": 6.30689001083374}, ""num_trusted"": 7, ""fallback_used"": false}"
30,apra,apra_trust_weighted_clip,"[71, 13, 7, 49, 33, 34, 53]",[],"{""base_clip"": 1.0, ""trust_weights"": {""71"": 0.23466870188713074, ""13"": 0.23466870188713074, ""7"": 0.23466870188713074, ""49"": 0.06132521852850914, ""33"": 0.0, ""34"": 0.23466870188713074, ""53"": 0.0}, ""num_aggregated"": 7}"
31,apra,apra_mad_filter,"[20, 48, 57, 30, 15, 45, 29, 54, 14]",[3],"{""median_norm"": 0.6295479261471599, ""mad"": 0.12991117860492102, ""k"": 2.0, ""num_accepted"": 9, ""safety_keep_used"": false, ""fallback_used"": false}"
31,apra,apra_hierarchical_cluster,"[20, 57, 30, 15, 45, 29, 14]","[48, 54]","{""best_k"": 3, ""best_score"": 0.5961374044418335, ""selected_cluster"": 0, ""cluster_scores"": {""0"": 4.265493392944336, ""1"": -1.0, ""2"": -1.0}, ""num_trusted"": 7, ""fallback_used"": false}"
31,apra,apra_trust_weighted_clip,"[20, 57, 30, 15, 45, 29, 14]",[],"{""base_clip"": 1.0, ""trust_weights"": {""20"": 0.0, ""57"": 0.1666666716337204, ""30"": 0.1666666716337204, ""15"": 0.1666666716337204, ""45"": 0.1666666716337204, ""29"": 0.1666666716337204, ""14"": 0.1666666716337204}, ""num_aggregated"": 7}"
32,apra,apra_mad_filter,"[57, 52, 76, 65, 58, 51, 23, 99, 21]",[1],"{""median_norm"": 0.5991766267292871, ""mad"": 0.0871118177700797, ""k"": 2.0, ""num_accepted"": 9, ""safety_keep_used"": false, ""fallback_used"": false}"
32,apra,apra_hierarchical_cluster,"[57, 52, 76, 65, 51, 23, 21]","[58, 99]","{""best_k"": 2, ""best_score"": 0.524803638458252, ""selected_cluster"": 0, ""cluster_scores"": {""0"": 4.8430280685424805, ""1"": 1.8708595037460327}, ""num_trusted"": 7, ""fallback_used"": false}"
32,apra,apra_trust_weighted_clip,"[57, 52, 76, 65, 51, 23, 21]",[],"{""base_clip"": 1.0, ""trust_weights"": {""57"": 0.20000000298023224, ""52"": 0.20000000298023224, ""76"": 0.20000000298023224, ""65"": 0.0, ""51"": 0.20000000298023224, ""23"": 0.0, ""21"": 0.20000000298023224}, ""num_aggregated"": 7}"
33,apra,apra_mad_filter,"[46, 64, 96, 82, 75, 40, 63, 36, 47]",[4],"{""median_norm"": 0.60281270810413, ""mad"": 0.08624857876052705, ""k"": 2.0, ""num_accepted"": 9, ""safety_keep_used"": false, ""fallback_used"": false}"
33,apra,apra_hierarchical_cluster,"[46, 64, 96, 75, 40, 63, 36]","[82, 47]","{""best_k"": 3, ""best_score"": 0.40112483501434326, ""selected_cluster"": 0, ""cluster_scores"": {""0"": 2.0479485988616943, ""1"": -1.0, ""2"": -1.0}, ""num_trusted"": 7, ""fallback_used"": false}"
33,apra,apra_trust_weighted_clip,"[46, 64, 96, 75, 40, 63, 36]",[],"{""base_clip"": 1.0, ""trust_weights"": {""46"": 0.1666666716337204, ""64"": 0.1666666716337204, ""96"": 0.1666666716337204, ""75"": 0.1666666716337204, ""40"": 0.1666666716337204, ""63"": 0.1666666716337204, ""36"": 0.0}, ""num_aggregated"": 7}"
34,apra,apra_mad_filter,"[8, 81, 73, 83, 65, 79, 58, 16]","[0, 72]","{""median_norm"": 0.6134754168689636, ""mad"": 0.04042532136352184, ""k"": 2.0, ""num_accepted"": 8, ""safety_keep_used"": false, ""fallback_used"": false}"
34,apra,apra_hierarchical_cluster,"[8, 81, 83, 65, 79, 58, 16]",[73],"{""best_k"": 2, ""best_score"": 0.7403336763381958, ""selected_cluster"": 0, ""cluster_scores"": {""0"": 5.7069830894470215, ""1"": -1.0}, ""num_trusted"": 7, ""fallback_used"": false}"
34,apra,apra_trust_weighted_clip,"[8, 81, 83, 65, 79, 58, 16]",[],"{""base_clip"": 1.0, ""trust_weights"": {""8"": 0.0, ""81"": 0.1666666716337204, ""83"": 0.1666666716337204, ""65"": 0.1666666716337204, ""79"": 0.1666666716337204, ""58"": 0.1666666716337204, ""16"": 0.1666666716337204}, ""num_aggregated"": 7}"
35,apra,apra_mad_filter,"[84, 29, 12, 98, 44, 64, 13, 55]","[3, 30]","{""median_norm"": 0.5471866099606846, ""mad"": 0.047731004063400306, ""k"": 2.0, ""num_accepted"": 8, ""safety_keep_used"": false, ""fallback_used"": false}"
35,apra,apra_hierarchical_cluster,"[84, 29, 12, 98, 64, 13, 55]",[44],"{""best_k"": 2, ""best_score"": 0.44267579913139343, ""selected_cluster"": 0, ""cluster_scores"": {""0"": 4.820455551147461, ""1"": -1.0}, ""num_trusted"": 7, ""fallback_used"": false}"
35,apra,apra_trust_weighted_clip,"[84, 29, 12, 98, 64, 13, 55]",[],"{""base_clip"": 1.0, ""trust_weights"": {""84"": 0.10307352244853973, ""29"": 0.17938528954982758, ""12"": 0.17938528954982758, ""98"": 0.17938528954982758, ""64"": 0.17938528954982758, ""13"": 0.0, ""55"": 0.17938528954982758}, ""num_aggregated"": 7}"
36,apra,apra_mad_filter,"[23, 49, 11, 34, 99, 33, 58]","[0, 36, 12]","{""median_norm"": 0.7189258550364332, ""mad"": 0.08680507607760485, ""k"": 2.0, ""num_accepted"": 7, ""safety_keep_used"": false, ""fallback_used"": false}"
36,apra,apra_hierarchical_cluster,"[23, 11, 34, 33]","[49, 99, 58]","{""best_k"": 3, ""best_score"": 0.4761452376842499, ""selected_cluster"": 1, ""cluster_scores"": {""0"": 1.9036877155303955, ""1"": 3.943758726119995, ""2"": -1.0}, ""num_trusted"": 4, ""fallback_used"": false}"
36,apra,apra_trust_weighted_clip,"[23, 11, 34, 33]",[],"{""base_clip"": 1.0, ""trust_weights"": {""23"": 0.3333333432674408, ""11"": 0.0, ""34"": 0.3333333432674408, ""33"": 0.3333333432674408}, ""num_aggregated"": 4}"
37,apra,apra_mad_filter,"[5, 34, 99, 14, 24, 56, 37]","[3, 43, 48]","{""median_norm"": 0.5226769372774499, ""mad"": 0.09818634596337186, ""k"": 2.0, ""num_accepted"": 7, ""safety_keep_used"": false, ""fallback_used"": false}"
37,apra,apra_hierarchical_cluster,"[34, 14, 24, 37]","[5, 99, 56]","{""best_k"": 3, ""best_score"": 0.4398876130580902, ""selected_cluster"": 1, ""cluster_scores"": {""0"": 1.8551368713378906, ""1"": 3.888688087463379, ""2"": -1.0}, ""num_trusted"": 4, ""fallback_used"": false}"
37,apra,apra_trust_weighted_clip,"[34, 14, 24, 37]",[],"{""base_clip"": 1.0, ""trust_weights"": {""34"": 0.3333333432674408, ""14"": 0.3333333432674408, ""24"": 0.0, ""37"": 0.3333333432674408}, ""num_aggregated"": 4}"
38,apra,apra_mad_filter,"[85, 65, 95, 82, 19, 77, 54, 37]","[2, 88]","{""median_norm"": 0.6850441756035144, ""mad"": 0.12635823769808646, ""k"": 2.0, ""num_accepted"": 8, ""safety_keep_used"": false, ""fallback_used"": false}"
38,apra,apra_hierarchical_cluster,"[85, 65, 82, 19, 77, 37]","[95, 54]","{""best_k"": 2, ""best_score"": 0.657285749912262, ""selected_cluster"": 1, ""cluster_scores"": {""0"": 1.915167212486267, ""1"": 5.8299713134765625}, ""num_trusted"": 6, ""fallback_used"": false}"
38,apra,apra_trust_weighted_clip,"[85, 65, 82, 19, 77, 37]",[],"{""base_clip"": 1.0, ""trust_weights"": {""85"": 0.25335001945495605, ""65"": 0.25335001945495605, ""82"": 0.0, ""19"": 0.0, ""77"": 0.25335001945495605, ""37"": 0.23994994163513184}, ""num_aggregated"": 6}"
39,apra,apra_mad_filter,"[12, 85, 87, 74, 15, 29, 94, 60]","[2, 33]","{""median_norm"": 0.5068330869518096, ""mad"": 0.09423986878405388, ""k"": 2.0, ""num_accepted"": 8, ""safety_keep_used"": false, ""fallback_used"": false}"
39,apra,apra_hierarchical_cluster,"[12, 87, 74, 15, 29, 94, 60]",[85],"{""best_k"": 2, ""best_score"": 0.5899590253829956, ""selected_cluster"": 0, ""cluster_scores"": {""0"": 5.9193267822265625, ""1"": -1.0}, ""num_trusted"": 7, ""fallback_used"": false}"
39,apra,apra_trust_weighted_clip,"[12, 87, 74, 15, 29, 94, 60]",[],"{""base_clip"": 1.0, ""trust_weights"": {""12"": 0.1666666716337204, ""87"": 0.1666666716337204, ""74"": 0.1666666716337204, ""15"": 0.0, ""29"": 0.1666666716337204, ""94"": 0.1666666716337204, ""60"": 0.1666666716337204}, ""num_aggregated"": 7}"
40,apra,apra_mad_filter,"[6, 33, 77, 65, 63, 55, 18, 78]","[4, 2]","{""median_norm"": 0.8135866326557786, ""mad"": 0.13648988677085372, ""k"": 2.0, ""num_accepted"": 8, ""safety_keep_used"": false, ""fallback_used"": false}"
40,apra,apra_hierarchical_cluster,"[6, 33, 77, 63, 55, 18, 78]",[65],"{""best_k"": 2, ""best_score"": 0.5777340531349182, ""selected_cluster"": 0, ""cluster_scores"": {""0"": 6.760076522827148, ""1"": -1.0}, ""num_trusted"": 7, ""fallback_used"": false}"
40,apra,apra_trust_weighted_clip,"[6, 33, 77, 63, 55, 18, 78]",[],"{""base_clip"": 1.0, ""trust_weights"": {""6"": 0.19574762880802155, ""33"": 0.19574762880802155, ""77"": 0.19574762880802155, ""63"": 0.0, ""55"": 0.02126185968518257, ""18"": 0.19574762880802155, ""78"": 0.19574762880802155}, ""num_aggregated"": 7}"
41,apra,apra_mad_filter,"[71, 25, 57, 32, 77, 51, 42, 95, 22]",[1],"{""median_norm"": 0.7067771255453154, ""mad"": 0.1602595486649372, ""k"": 2.0, ""num_accepted"": 9, ""safety_keep_used"": false, ""fallback_used"": false}"
41,apra,apra_hierarchical_cluster,"[71, 25, 57, 32, 77, 51, 42, 22]",[95],"{""best_k"": 2, ""best_score"": 0.5488817691802979, ""selected_cluster"": 0, ""cluster_scores"": {""0"": 3.3304264545440674, ""1"": -1.0}, ""num_trusted"": 8, ""fallback_used"": false}"
41,apra,apra_trust_weighted_clip,"[71, 25, 57, 32, 77, 51, 42, 22]",[],"{""base_clip"": 1.0, ""trust_weights"": {""71"": 0.1666666716337204, ""25"": 0.0, ""57"": 0.1666666716337204, ""32"": 0.0, ""77"": 0.1666666716337204, ""51"": 0.1666666716337204, ""42"": 0.1666666716337204, ""22"": 0.1666666716337204}, ""num_aggregated"": 8}"
42,apra,apra_mad_filter,"[23, 61, 86, 54, 91, 63, 37, 85]","[2, 0]","{""median_norm"": 0.7190497451056751, ""mad"": 0.22635528204195965, ""k"": 2.0, ""num_accepted"": 8, ""safety_keep_used"": false, ""fallback_used"": false}"
42,apra,apra_hierarchical_cluster,"[23, 61, 86, 91, 63, 37, 85]",[54],"{""best_k"": 2, ""best_score"": 0.7926561832427979, ""selected_cluster"": 0, ""cluster_scores"": {""0"": 6.8837175369262695, ""1"": -1.0}, ""num_trusted"": 7, ""fallback_used"": false}"
42,apra,apra_trust_weighted_clip,"[23, 61, 86, 91, 63, 37, 85]",[],"{""base_clip"": 1.0, ""trust_weights"": {""23"": 0.18049173057079315, ""61"": 0.18049173057079315, ""86"": 0.09754136949777603, ""91"": 0.18049173057079315, ""63"": 0.18049173057079315, ""37"": 0.18049173057079315, ""85"": 0.0}, ""num_aggregated"": 7}"
43,apra,apra_mad_filter,"[40, 56, 34, 98, 35, 22, 89, 16]","[0, 1]","{""median_norm"": 0.7164422583168871, ""mad"": 0.09746938318082249, ""k"": 2.0, ""num_accepted"": 8, ""safety_keep_used"": false, ""fallback_used"": false}"
43,apra,apra_hierarchical_cluster,"[34, 98, 35, 22, 89, 16]","[40, 56]","{""best_k"": 2, ""best_score"": 0.6494629979133606, ""selected_cluster"": 0, ""cluster_scores"": {""0"": 5.954980373382568, ""1"": 1.998279094696045}, ""num_trusted"": 6, ""fallback_used"": false}"
43,apra,apra_trust_weighted_clip,"[34, 98, 35, 22, 89, 16]",[],"{""base_clip"": 1.0, ""trust_weights"": {""34"": 0.20000000298023224, ""98"": 0.20000000298023224, ""35"": 0.0, ""22"": 0.20000000298023224, ""89"": 0.20000000298023224, ""16"": 0.20000000298023224}, ""num_aggregated"": 6}"
44,apra,apra_mad_filter,"[46, 25, 37, 20, 42, 44, 50, 12, 72]",[1],"{""median_norm"": 0.5720423648095263, ""mad"": 0.06460186416794267, ""k"": 2.0, ""num_accepted"": 9, ""safety_keep_used"": false, ""fallback_used"": false}"
44,apra,apra_hierarchical_cluster,"[46, 37, 50, 12, 72]","[25, 20, 42, 44]","{""best_k"": 3, ""best_score"": 0.3235626220703125, ""selected_cluster"": 0, ""cluster_scores"": {""0"": 4.287695407867432, ""1"": 0.6163386702537537, ""2"": -1.0}, ""num_trusted"": 5, ""fallback_used"": false}"
44,apra,apra_trust_weighted_clip,"[46, 37, 50, 12, 72]",[],"{""base_clip"": 1.0, ""trust_weights"": {""46"": 0.03768736869096756, ""37"": 0.32077085971832275, ""50"": 0.32077085971832275, ""12"": 0.32077085971832275, ""72"": 0.0}, ""num_aggregated"": 5}"
45,apra,apra_mad_filter,"[56, 93, 20, 12, 27, 69, 33, 16]","[1, 19]","{""median_norm"": 0.5833810126676144, ""mad"": 0.07328382517652793, ""k"": 2.0, ""num_accepted"": 8, ""safety_keep_used"": false, ""fallback_used"": false}"
45,apra,apra_hierarchical_cluster,"[56, 93, 20, 12, 27, 33, 16]",[69],"{""best_k"": 2, ""best_score"": 0.5892967581748962, ""selected_cluster"": 0, ""cluster_scores"": {""0"": 5.176645755767822, ""1"": -1.0}, ""num_trusted"": 7, ""fallback_used"": false}"
45,apra,apra_trust_weighted_clip,"[56, 93, 20, 12, 27, 33, 16]",[],"{""base_clip"": 1.0, ""trust_weights"": {""56"": 0.15724048018455505, ""93"": 0.16855189204216003, ""20"": 0.0, ""12"": 0.16855189204216003, ""27"": 0.16855189204216003, ""33"": 0.16855189204216003, ""16"": 0.16855189204216003}, ""num_aggregated"": 7}"
46,apra,apra_mad_filter,"[45, 10, 74, 86, 46, 35, 17, 81]","[2, 1]","{""median_norm"": 0.9166892473428165, ""mad"": 0.2515869327978685, ""k"": 2.0, ""num_accepted"": 8, ""safety_keep_used"": false, ""fallback_used"": false}"
46,apra,apra_hierarchical_cluster,"[45, 74, 86, 46, 35, 17, 81]",[10],"{""best_k"": 2, ""best_score"": 0.5940250158309937, ""selected_cluster"": 0, ""cluster_scores"": {""0"": 6.48719596862793, ""1"": -1.0}, ""num_trusted"": 7, ""fallback_used"": false}"
46,apra,apra_trust_weighted_clip,"[45, 74, 86, 46, 35, 17, 81]",[],"{""base_clip"": 1.0, ""trust_weights"": {""45"": 0.1666666716337204, ""74"": 0.1666666716337204, ""86"": 0.1666666716337204, ""46"": 0.1666666716337204, ""35"": 0.1666666716337204, ""17"": 0.0, ""81"": 0.1666666716337204}, ""num_aggregated"": 7}"
47,apra,apra_mad_filter,"[99, 19, 62, 44, 52, 70, 65]","[2, 0, 48]","{""median_norm"": 0.6529949564435562, ""mad"": 0.09062124039426284, ""k"": 2.0, ""num_accepted"": 7, ""safety_keep_used"": false, ""fallback_used"": false}"
47,apra,apra_hierarchical_cluster,"[62, 52, 65]","[99, 19, 44, 70]","{""best_k"": 3, ""best_score"": 0.28423717617988586, ""selected_cluster"": 1, ""cluster_scores"": {""0"": 2.9107606410980225, ""1"": 2.922689914703369, ""2"": -1.0}, ""num_trusted"": 3, ""fallback_used"": false}"
47,apra,apra_trust_weighted_clip,"[62, 52, 65]",[],"{""base_clip"": 1.0, ""trust_weights"": {""62"": 0.5, ""52"": 0.5, ""65"": 0.0}, ""num_aggregated"": 3}"
48,apra,apra_mad_filter,"[66, 36, 83, 68, 23, 90, 57, 21]","[0, 2]","{""median_norm"": 0.6487333987119343, ""mad"": 0.2035044198875718, ""k"": 2.0, ""num_accepted"": 8, ""safety_keep_used"": false, ""fallback_used"": false}"
48,apra,apra_hierarchical_cluster,"[66, 36, 83, 68, 90, 57, 21]",[23],"{""best_k"": 2, ""best_score"": 0.6709432601928711, ""selected_cluster"": 0, ""cluster_scores"": {""0"": 6.898981094360352, ""1"": -1.0}, ""num_trusted"": 7, ""fallback_used"": false}"
48,apra,apra_trust_weighted_clip,"[66, 36, 83, 68, 90, 57, 21]",[],"{""base_clip"": 1.0, ""trust_weights"": {""66"": 0.1666666716337204, ""36"": 0.0, ""83"": 0.1666666716337204, ""68"": 0.1666666716337204, ""90"": 0.1666666716337204, ""57"": 0.1666666716337204, ""21"": 0.1666666716337204}, ""num_aggregated"": 7}"
49,apra,apra_mad_filter,"[10, 20, 51, 25, 27, 40, 5, 89, 85]",[3],"{""median_norm"": 0.5329622333113317, ""mad"": 0.0475159697574504, ""k"": 2.0, ""num_accepted"": 9, ""safety_keep_used"": false, ""fallback_used"": false}"
49,apra,apra_hierarchical_cluster,"[20, 51, 25, 27, 40, 5, 89, 85]",[10],"{""best_k"": 2, ""best_score"": 0.526042640209198, ""selected_cluster"": 0, ""cluster_scores"": {""0"": 6.301123142242432, ""1"": -1.0}, ""num_trusted"": 8, ""fallback_used"": false}"
49,apra,apra_trust_weighted_clip,"[20, 51, 25, 27, 40, 5, 89, 85]",[],"{""base_clip"": 1.0, ""trust_weights"": {""20"": 0.0, ""51"": 0.10329079627990723, ""25"": 0.11768952757120132, ""27"": 0.15580393373966217, ""40"": 0.15580393373966217, ""5"": 0.15580393373966217, ""89"": 0.15580393373966217, ""85"": 0.15580393373966217}, ""num_aggregated"": 8}"
50,apra,apra_mad_filter,"[80, 28, 63, 68, 14, 94, 32, 20]","[1, 85]","{""median_norm"": 0.5848192257198273, ""mad"": 0.07100017809242337, ""k"": 2.0, ""num_accepted"": 8, ""safety_keep_used"": false, ""fallback_used"": false}"
50,apra,apra_hierarchical_cluster,"[80, 28, 63, 68, 14, 94, 20]",[32],"{""best_k"": 2, ""best_score"": 0.5954179763793945, ""selected_cluster"": 0, ""cluster_scores"": {""0"": 5.825542449951172, ""1"": -1.0}, ""num_trusted"": 7, ""fallback_used"": false}"
50,apra,apra_trust_weighted_clip,"[80, 28, 63, 68, 14, 94, 20]",[],"{""base_clip"": 1.0, ""trust_weights"": {""80"": 0.1666666716337204, ""28"": 0.1666666716337204, ""63"": 0.1666666716337204, ""68"": 0.1666666716337204, ""14"": 0.1666666716337204, ""94"": 0.1666666716337204, ""20"": 0.0}, ""num_aggregated"": 7}"
51,apra,apra_mad_filter,"[21, 58, 32, 20, 53, 93, 55]","[3, 61, 17]","{""median_norm"": 0.5755703718886764, ""mad"": 0.0338487833176907, ""k"": 2.0, ""num_accepted"": 7, ""safety_keep_used"": false, ""fallback_used"": false}"
51,apra,apra_hierarchical_cluster,"[21, 58, 20, 53, 93, 55]",[32],"{""best_k"": 2, ""best_score"": 0.4620525538921356, ""selected_cluster"": 0, ""cluster_scores"": {""0"": 2.777215003967285, ""1"": -1.0}, ""num_trusted"": 6, ""fallback_used"": false}"
51,apra,apra_trust_weighted_clip,"[21, 58, 20, 53, 93, 55]",[],"{""base_clip"": 1.0, ""trust_weights"": {""21"": 0.25, ""58"": 0.25, ""20"": 0.0, ""53"": 0.0, ""93"": 0.25, ""55"": 0.25}, ""num_aggregated"": 6}"
52,apra,apra_mad_filter,"[56, 79, 43, 65, 66, 16, 75, 82]","[3, 38]","{""median_norm"": 0.5371771513594168, ""mad"": 0.033671570693629804, ""k"": 2.0, ""num_accepted"": 8, ""safety_keep_used"": false, ""fallback_used"": false}"
52,apra,apra_hierarchical_cluster,"[79, 43, 65, 66, 16, 75, 82]",[56],"{""best_k"": 2, ""best_score"": 0.46191781759262085, ""selected_cluster"": 0, ""cluster_scores"": {""0"": 6.485421180725098, ""1"": -1.0}, ""num_trusted"": 7, ""fallback_used"": false}"
52,apra,apra_trust_weighted_clip,"[79, 43, 65, 66, 16, 75, 82]",[],"{""base_clip"": 1.0, ""trust_weights"": {""79"": 0.20000000298023224, ""43"": 0.20000000298023224, ""65"": 0.0, ""66"": 0.20000000298023224, ""16"": 0.20000000298023224, ""75"": 0.20000000298023224, ""82"": 0.0}, ""num_aggregated"": 7}"
53,apra,apra_mad_filter,"[50, 69, 58, 82, 91, 59, 38]","[2, 98, 97]","{""median_norm"": 0.5974121466589202, ""mad"": 0.07573376286882405, ""k"": 2.0, ""num_accepted"": 7, ""safety_keep_used"": false, ""fallback_used"": false}"
53,apra,apra_hierarchical_cluster,"[50, 69, 58, 91, 38]","[82, 59]","{""best_k"": 2, ""best_score"": 0.6168826222419739, ""selected_cluster"": 0, ""cluster_scores"": {""0"": 4.654378890991211, ""1"": 1.914079189300537}, ""num_trusted"": 5, ""fallback_used"": false}"
53,apra,apra_trust_weighted_clip,"[50, 69, 58, 91, 38]",[],"{""base_clip"": 1.0, ""trust_weights"": {""50"": 0.25, ""69"": 0.0, ""58"": 0.25, ""91"": 0.25, ""38"": 0.25}, ""num_aggregated"": 5}"
54,apra,apra_mad_filter,"[20, 74, 38, 35, 78, 79, 25, 10]","[4, 88]","{""median_norm"": 0.6306374850519751, ""mad"": 0.051984227510667, ""k"": 2.0, ""num_accepted"": 8, ""safety_keep_used"": false, ""fallback_used"": false}"
54,apra,apra_hierarchical_cluster,"[74, 38, 35, 78, 79, 10]","[20, 25]","{""best_k"": 2, ""best_score"": 0.6369860768318176, ""selected_cluster"": 0, ""cluster_scores"": {""0"": 5.330959320068359, ""1"": 1.984635353088379}, ""num_trusted"": 6, ""fallback_used"": false}"
54,apra,apra_trust_weighted_clip,"[74, 38, 35, 78, 79, 10]",[],"{""base_clip"": 1.0, ""trust_weights"": {""74"": 0.25, ""38"": 0.25, ""35"": 0.0, ""78"": 0.25, ""79"": 0.25, ""10"": 0.0}, ""num_aggregated"": 6}"
55,apra,apra_mad_filter,"[63, 45, 82, 64, 21, 94, 97, 52]","[1, 54]","{""median_norm"": 0.5437564621721911, ""mad"": 0.08797526406096778, ""k"": 2.0, ""num_accepted"": 8, ""safety_keep_used"": false, ""fallback_used"": false}"
55,apra,apra_hierarchical_cluster,"[63, 64, 21, 94, 52]","[45, 82, 97]","{""best_k"": 2, ""best_score"": 0.6070074439048767, ""selected_cluster"": 1, ""cluster_scores"": {""0"": 2.7977118492126465, ""1"": 4.823829650878906}, ""num_trusted"": 5, ""fallback_used"": false}"
55,apra,apra_trust_weighted_clip,"[63, 64, 21, 94, 52]",[],"{""base_clip"": 1.0, ""trust_weights"": {""63"": 0.0, ""64"": 0.25, ""21"": 0.25, ""94"": 0.25, ""52"": 0.25}, ""num_aggregated"": 5}"
56,apra,apra_mad_filter,"[65, 34, 91, 78, 88, 43, 30, 52]","[3, 0]","{""median_norm"": 1.0435764700459276, ""mad"": 0.3040705377828072, ""k"": 2.0, ""num_accepted"": 8, ""safety_keep_used"": false, ""fallback_used"": false}"
56,apra,apra_hierarchical_cluster,"[65, 34, 91, 78, 43, 52]","[88, 30]","{""best_k"": 3, ""best_score"": 0.6957091093063354, ""selected_cluster"": 0, ""cluster_scores"": {""0"": 5.985193252563477, ""1"": -1.0, ""2"": -1.0}, ""num_trusted"": 6, ""fallback_used"": false}"
56,apra,apra_trust_weighted_clip,"[65, 34, 91, 78, 43, 52]",[],"{""base_clip"": 1.0, ""trust_weights"": {""65"": 0.0, ""34"": 0.0, ""91"": 0.34918907284736633, ""78"": 0.34918907284736633, ""43"": 0.15081089735031128, ""52"": 0.15081089735031128}, ""num_aggregated"": 6}"
57,apra,apra_mad_filter,"[83, 65, 27, 98, 5, 25, 10]","[3, 57, 24]","{""median_norm"": 0.5583389150654611, ""mad"": 0.04973986189908086, ""k"": 2.0, ""num_accepted"": 7, ""safety_keep_used"": false, ""fallback_used"": false}"
57,apra,apra_hierarchical_cluster,"[83, 65, 27, 98, 5, 25]",[10],"{""best_k"": 2, ""best_score"": 0.489063560962677, ""selected_cluster"": 0, ""cluster_scores"": {""0"": 3.5512499809265137, ""1"": -1.0}, ""num_trusted"": 6, ""fallback_used"": false}"
57,apra,apra_trust_weighted_clip,"[83, 65, 27, 98, 5, 25]",[],"{""base_clip"": 1.0, ""trust_weights"": {""83"": 0.25, ""65"": 0.0, ""27"": 0.25, ""98"": 0.25, ""5"": 0.25, ""25"": 0.0}, ""num_aggregated"": 6}"
58,apra,apra_mad_filter,"[16, 92, 27, 14, 62, 58, 77, 1, 44]",[3],"{""median_norm"": 0.799858633083594, ""mad"": 0.311872729995907, ""k"": 2.0, ""num_accepted"": 9, ""safety_keep_used"": false, ""fallback_used"": false}"
58,apra,apra_hierarchical_cluster,"[16, 92, 27, 14, 62, 58, 77, 44]",[1],"{""best_k"": 2, ""best_score"": 0.8146395087242126, ""selected_cluster"": 0, ""cluster_scores"": {""0"": 7.549983024597168, ""1"": -1.0}, ""num_trusted"": 8, ""fallback_used"": false}"
58,apra,apra_trust_weighted_clip,"[16, 92, 27, 14, 62, 58, 77, 44]",[],"{""base_clip"": 1.0, ""trust_weights"": {""16"": 0.1701131910085678, ""92"": 0.1701131910085678, ""27"": 0.07471701502799988, ""14"": 0.1701131910085678, ""62"": 0.07471701502799988, ""58"": 0.0, ""77"": 0.1701131910085678, ""44"": 0.1701131910085678}, ""num_aggregated"": 8}"
59,apra,apra_mad_filter,"[39, 6, 27, 71, 69, 29, 25, 26]","[1, 88]","{""median_norm"": 0.7588181265488965, ""mad"": 0.1113744145137972, ""k"": 2.0, ""num_accepted"": 8, ""safety_keep_used"": false, ""fallback_used"": false}"
59,apra,apra_hierarchical_cluster,"[39, 6, 27, 71, 69, 29, 25]",[26],"{""best_k"": 2, ""best_score"": 0.5685523748397827, ""selected_cluster"": 0, ""cluster_scores"": {""0"": 6.301046371459961, ""1"": -1.0}, ""num_trusted"": 7, ""fallback_used"": false}"
59,apra,apra_trust_weighted_clip,"[39, 6, 27, 71, 69, 29, 25]",[],"{""base_clip"": 1.0, ""trust_weights"": {""39"": 0.1666666716337204, ""6"": 0.1666666716337204, ""27"": 0.1666666716337204, ""71"": 0.1666666716337204, ""69"": 0.1666666716337204, ""29"": 0.1666666716337204, ""25"": 0.0}, ""num_aggregated"": 7}"
60,apra,apra_mad_filter,"[84, 41, 86, 94, 13, 66, 14, 51]","[0, 3]","{""median_norm"": 0.7494121654981716, ""mad"": 0.25503371985522166, ""k"": 2.0, ""num_accepted"": 8, ""safety_keep_used"": false, ""fallback_used"": false}"
60,apra,apra_hierarchical_cluster,"[84, 86, 94, 13, 66, 14, 51]",[41],"{""best_k"": 2, ""best_score"": 0.8350367546081543, ""selected_cluster"": 0, ""cluster_scores"": {""0"": 6.94610595703125, ""1"": -1.0}, ""num_trusted"": 7, ""fallback_used"": false}"
60,apra,apra_trust_weighted_clip,"[84, 86, 94, 13, 66, 14, 51]",[],"{""base_clip"": 1.0, ""trust_weights"": {""84"": 0.0, ""86"": 0.1666666716337204, ""94"": 0.1666666716337204, ""13"": 0.1666666716337204, ""66"": 0.1666666716337204, ""14"": 0.1666666716337204, ""51"": 0.1666666716337204}, ""num_aggregated"": 7}"
61,apra,apra_mad_filter,"[36, 70, 21, 32, 55, 18, 69, 8]","[3, 1]","{""median_norm"": 0.6632175761265353, ""mad"": 0.0999453588132097, ""k"": 2.0, ""num_accepted"": 8, ""safety_keep_used"": false, ""fallback_used"": false}"
61,apra,apra_hierarchical_cluster,"[70, 21, 55, 18, 69]","[36, 32, 8]","{""best_k"": 2, ""best_score"": 0.39097917079925537, ""selected_cluster"": 0, ""cluster_scores"": {""0"": 4.481607437133789, ""1"": 2.3227415084838867}, ""num_trusted"": 5, ""fallback_used"": false}"
61,apra,apra_trust_weighted_clip,"[70, 21, 55, 18, 69]",[],"{""base_clip"": 1.0, ""trust_weights"": {""70"": 0.25, ""21"": 0.25, ""55"": 0.25, ""18"": 0.25, ""69"": 0.0}, ""num_aggregated"": 5}"
62,apra,apra_mad_filter,"[29, 65, 68, 89, 95, 79, 83]","[0, 77, 47]","{""median_norm"": 0.6328331278220756, ""mad"": 0.07023856079746948, ""k"": 2.0, ""num_accepted"": 7, ""safety_keep_used"": false, ""fallback_used"": false}"
62,apra,apra_hierarchical_cluster,"[29, 68, 89, 79, 83]","[65, 95]","{""best_k"": 2, ""best_score"": 0.6346650123596191, ""selected_cluster"": 0, ""cluster_scores"": {""0"": 4.581727027893066, ""1"": 1.937769889831543}, ""num_trusted"": 5, ""fallback_used"": false}"
62,apra,apra_trust_weighted_clip,"[29, 68, 89, 79, 83]",[],"{""base_clip"": 1.0, ""trust_weights"": {""29"": 0.0, ""68"": 0.0, ""89"": 0.3333333432674408, ""79"": 0.3333333432674408, ""83"": 0.3333333432674408}, ""num_aggregated"": 5}"
63,apra,apra_mad_filter,"[10, 15, 46, 36, 86, 31, 73, 62, 70]",[1],"{""median_norm"": 0.5948571619756942, ""mad"": 0.0918114473226686, ""k"": 2.0, ""num_accepted"": 9, ""safety_keep_used"": false, ""fallback_used"": false}"
63,apra,apra_hierarchical_cluster,"[10, 15, 46, 36, 86, 73, 62, 70]",[31],"{""best_k"": 2, ""best_score"": 0.595463752746582, ""selected_cluster"": 0, ""cluster_scores"": {""0"": 3.356726884841919, ""1"": -1.0}, ""num_trusted"": 8, ""fallback_used"": false}"
63,apra,apra_trust_weighted_clip,"[10, 15, 46, 36, 86, 73, 62, 70]",[],"{""base_clip"": 1.0, ""trust_weights"": {""10"": 0.1428571492433548, ""15"": 0.1428571492433548, ""46"": 0.1428571492433548, ""36"": 0.0, ""86"": 0.1428571492433548, ""73"": 0.1428571492433548, ""62"": 0.1428571492433548, ""70"": 0.1428571492433548}, ""num_aggregated"": 8}"
64,apra,apra_mad_filter,"[47, 63, 32, 34, 12, 41, 75, 11]","[0, 3]","{""median_norm"": 0.5797938082465921, ""mad"": 0.13479231745658118, ""k"": 2.0, ""num_accepted"": 8, ""safety_keep_used"": false, ""fallback_used"": false}"
64,apra,apra_hierarchical_cluster,"[47, 63, 32, 34, 12, 75, 11]",[41],"{""best_k"": 2, ""best_score"": 0.675622820854187, ""selected_cluster"": 0, ""cluster_scores"": {""0"": 6.817803382873535, ""1"": -1.0}, ""num_trusted"": 7, ""fallback_used"": false}"
64,apra,apra_trust_weighted_clip,"[47, 63, 32, 34, 12, 75, 11]",[],"{""base_clip"": 1.0, ""trust_weights"": {""47"": 0.0, ""63"": 0.032712940126657486, ""32"": 0.016391320154070854, ""34"": 0.2377239316701889, ""12"": 0.2377239316701889, ""75"": 0.2377239316701889, ""11"": 0.2377239316701889}, ""num_aggregated"": 7}"
65,apra,apra_mad_filter,"[55, 65, 54, 24, 31, 92, 49]","[3, 1, 46]","{""median_norm"": 0.8964940001629403, ""mad"": 0.07414193585246598, ""k"": 2.0, ""num_accepted"": 7, ""safety_keep_used"": false, ""fallback_used"": false}"
65,apra,apra_hierarchical_cluster,"[55, 65, 24, 31, 92, 49]",[54],"{""best_k"": 2, ""best_score"": 0.6481053233146667, ""selected_cluster"": 0, ""cluster_scores"": {""0"": 4.866320610046387, ""1"": -1.0}, ""num_trusted"": 6, ""fallback_used"": false}"
65,apra,apra_trust_weighted_clip,"[55, 65, 24, 31, 92, 49]",[],"{""base_clip"": 1.0, ""trust_weights"": {""55"": 0.20000000298023224, ""65"": 0.20000000298023224, ""24"": 0.20000000298023224, ""31"": 0.0, ""92"": 0.20000000298023224, ""49"": 0.20000000298023224}, ""num_aggregated"": 6}"
66,apra,apra_mad_filter,"[51, 5, 19, 53, 84, 23, 40, 64]","[0, 38]","{""median_norm"": 0.7295422297940168, ""mad"": 0.09251220456019249, ""k"": 2.0, ""num_accepted"": 8, ""safety_keep_used"": false, ""fallback_used"": false}"
66,apra,apra_hierarchical_cluster,"[5, 19, 53, 84, 23, 40, 64]",[51],"{""best_k"": 2, ""best_score"": 0.4435228705406189, ""selected_cluster"": 0, ""cluster_scores"": {""0"": 6.110381603240967, ""1"": -1.0}, ""num_trusted"": 7, ""fallback_used"": false}"
66,apra,apra_trust_weighted_clip,"[5, 19, 53, 84, 23, 40, 64]",[],"{""base_clip"": 1.0, ""trust_weights"": {""5"": 0.1782037317752838, ""19"": 0.0, ""53"": 0.1782037317752838, ""84"": 0.1782037317752838, ""23"": 0.1782037317752838, ""40"": 0.10898131877183914, ""64"": 0.1782037317752838}, ""num_aggregated"": 7}"
67,apra,apra_mad_filter,"[82, 78, 17, 19, 44, 14, 71, 90, 55]",[4],"{""median_norm"": 0.7131283569203222, ""mad"": 0.13162743697308582, ""k"": 2.0, ""num_accepted"": 9, ""safety_keep_used"": false, ""fallback_used"": false}"
67,apra,apra_hierarchical_cluster,"[78, 17, 44, 14, 71, 90, 55]","[82, 19]","{""best_k"": 3, ""best_score"": 0.5531095266342163, ""selected_cluster"": 0, ""cluster_scores"": {""0"": 6.308353900909424, ""1"": -1.0, ""2"": -1.0}, ""num_trusted"": 7, ""fallback_used"": false}"
67,apra,apra_trust_weighted_clip,"[78, 17, 44, 14, 71, 90, 55]",[],"{""base_clip"": 1.0, ""trust_weights"": {""78"": 0.20000000298023224, ""17"": 0.0, ""44"": 0.20000000298023224, ""14"": 0.20000000298023224, ""71"": 0.0, ""90"": 0.20000000298023224, ""55"": 0.20000000298023224}, ""num_aggregated"": 7}"
68,apra,apra_mad_filter,"[32, 44, 6, 54, 17, 9, 8, 68, 38]",[0],"{""median_norm"": 0.617109558484485, ""mad"": 0.14692256544910617, ""k"": 2.0, ""num_accepted"": 9, ""safety_keep_used"": false, ""fallback_used"": false}"
68,apra,apra_hierarchical_cluster,"[32, 44, 6, 17, 8, 68, 38]","[54, 9]","{""best_k"": 2, ""best_score"": 0.5416161417961121, ""selected_cluster"": 0, ""cluster_scores"": {""0"": 3.7510154247283936, ""1"": 1.8375825881958008}, ""num_trusted"": 7, ""fallback_used"": false}"
68,apra,apra_trust_weighted_clip,"[32, 44, 6, 17, 8, 68, 38]",[],"{""base_clip"": 1.0, ""trust_weights"": {""32"": 0.1666666716337204, ""44"": 0.0, ""6"": 0.1666666716337204, ""17"": 0.1666666716337204, ""8"": 0.1666666716337204, ""68"": 0.1666666716337204, ""38"": 0.1666666716337204}, ""num_aggregated"": 7}"
69,apra,apra_mad_filter,"[10, 42, 62, 79, 75, 64, 84]","[0, 3, 51]","{""median_norm"": 0.6561590905131696, ""mad"": 0.09316810731152164, ""k"": 2.0, ""num_accepted"": 7, ""safety_keep_used"": false, ""fallback_used"": false}"
69,apra,apra_hierarchical_cluster,"[42, 62, 79, 75, 64, 84]",[10],"{""best_k"": 2, ""best_score"": 0.49151062965393066, ""selected_cluster"": 0, ""cluster_scores"": {""0"": 5.583031177520752, ""1"": -1.0}, ""num_trusted"": 6, ""fallback_used"": false}"
69,apra,apra_trust_weighted_clip,"[42, 62, 79, 75, 64, 84]",[],"{""base_clip"": 1.0, ""trust_weights"": {""42"": 0.0, ""62"": 0.0, ""79"": 0.26695024967193604, ""75"": 0.19914929568767548, ""64"": 0.26695024967193604, ""84"": 0.26695024967193604}, ""num_aggregated"": 6}"
70,apra,apra_mad_filter,"[79, 68, 9, 73, 62, 83, 46]","[1, 91, 5]","{""median_norm"": 0.6061764416295152, ""mad"": 0.07954813933970928, ""k"": 2.0, ""num_accepted"": 7, ""safety_keep_used"": false, ""fallback_used"": false}"
70,apra,apra_hierarchical_cluster,"[79, 68, 9, 62, 83, 46]",[73],"{""best_k"": 2, ""best_score"": 0.6603255271911621, ""selected_cluster"": 0, ""cluster_scores"": {""0"": 4.593739032745361, ""1"": -1.0}, ""num_trusted"": 6, ""fallback_used"": false}"
70,apra,apra_trust_weighted_clip,"[79, 68, 9, 62, 83, 46]",[],"{""base_clip"": 1.0, ""trust_weights"": {""79"": 0.20000000298023224, ""68"": 0.20000000298023224, ""9"": 0.20000000298023224, ""62"": 0.20000000298023224, ""83"": 0.20000000298023224, ""46"": 0.0}, ""num_aggregated"": 6}"
71,apra,apra_mad_filter,"[55, 68, 51, 54, 48, 7, 69, 28, 71]",[1],"{""median_norm"": 0.6734966432972036, ""mad"": 0.07565791513512482, ""k"": 2.0, ""num_accepted"": 9, ""safety_keep_used"": false, ""fallback_used"": false}"
71,apra,apra_hierarchical_cluster,"[55, 68, 51, 48, 7, 69, 28, 71]",[54],"{""best_k"": 2, ""best_score"": 0.6474578380584717, ""selected_cluster"": 0, ""cluster_scores"": {""0"": 6.654736042022705, ""1"": -1.0}, ""num_trusted"": 8, ""fallback_used"": false}"
71,apra,apra_trust_weighted_clip,"[55, 68, 51, 48, 7, 69, 28, 71]",[],"{""base_clip"": 1.0, ""trust_weights"": {""55"": 0.1428571492433548, ""68"": 0.1428571492433548, ""51"": 0.1428571492433548, ""48"": 0.0, ""7"": 0.1428571492433548, ""69"": 0.1428571492433548, ""28"": 0.1428571492433548, ""71"": 0.1428571492433548}, ""num_aggregated"": 8}"
72,apra,apra_mad_filter,"[51, 72, 87, 21, 15, 38, 6, 57]","[0, 98]","{""median_norm"": 0.4867606397338534, ""mad"": 0.09633827124437364, ""k"": 2.0, ""num_accepted"": 8, ""safety_keep_used"": false, ""fallback_used"": false}"
72,apra,apra_hierarchical_cluster,"[72, 87, 21, 38, 6, 57]","[51, 15]","{""best_k"": 2, ""best_score"": 0.47161510586738586, ""selected_cluster"": 0, ""cluster_scores"": {""0"": 5.729516506195068, ""1"": 1.8626821041107178}, ""num_trusted"": 6, ""fallback_used"": false}"
72,apra,apra_trust_weighted_clip,"[72, 87, 21, 38, 6, 57]",[],"{""base_clip"": 1.0, ""trust_weights"": {""72"": 0.0, ""87"": 0.20000000298023224, ""21"": 0.20000000298023224, ""38"": 0.20000000298023224, ""6"": 0.20000000298023224, ""57"": 0.20000000298023224}, ""num_aggregated"": 6}"
73,apra,apra_mad_filter,"[61, 26, 7, 68, 59, 11, 36, 97]","[1, 88]","{""median_norm"": 0.6137719022295016, ""mad"": 0.08201726596319292, ""k"": 2.0, ""num_accepted"": 8, ""safety_keep_used"": false, ""fallback_used"": false}"
73,apra,apra_hierarchical_cluster,"[61, 7, 68, 11, 36]","[26, 59, 97]","{""best_k"": 2, ""best_score"": 0.4272967576980591, ""selected_cluster"": 0, ""cluster_scores"": {""0"": 4.726812839508057, ""1"": 2.8282642364501953}, ""num_trusted"": 5, ""fallback_used"": false}"
73,apra,apra_trust_weighted_clip,"[61, 7, 68, 11, 36]",[],"{""base_clip"": 1.0, ""trust_weights"": {""61"": 0.25, ""7"": 0.25, ""68"": 0.25, ""11"": 0.25, ""36"": 0.0}, ""num_aggregated"": 5}"
74,apra,apra_mad_filter,"[1, 75, 25, 80, 2, 78, 20, 4, 7]",[3],"{""median_norm"": 0.8958216234605196, ""mad"": 0.36635807482238997, ""k"": 2.0, ""num_accepted"": 9, ""safety_keep_used"": false, ""fallback_used"": false}"
74,apra,apra_hierarchical_cluster,"[1, 75, 25, 80, 2, 78, 20, 7]",[4],"{""best_k"": 2, ""best_score"": 0.6247162222862244, ""selected_cluster"": 0, ""cluster_scores"": {""0"": 2.9583380222320557, ""1"": -1.0}, ""num_trusted"": 8, ""fallback_used"": false}"
74,apra,apra_trust_weighted_clip,"[1, 75, 25, 80, 2, 78, 20, 7]",[],"{""base_clip"": 1.0, ""trust_weights"": {""1"": 0.0, ""75"": 0.1666666716337204, ""25"": 0.1666666716337204, ""80"": 0.1666666716337204, ""2"": 0.0, ""78"": 0.1666666716337204, ""20"": 0.1666666716337204, ""7"": 0.1666666716337204}, ""num_aggregated"": 8}"
75,apra,apra_mad_filter,"[95, 86, 51, 23, 6, 62, 81, 84]","[2, 0]","{""median_norm"": 0.7189427752701719, ""mad"": 0.11876341173711558, ""k"": 2.0, ""num_accepted"": 8, ""safety_keep_used"": false, ""fallback_used"": false}"
75,apra,apra_hierarchical_cluster,"[86, 51, 23, 6, 62, 81, 84]",[95],"{""best_k"": 2, ""best_score"": 0.7322415113449097, ""selected_cluster"": 0, ""cluster_scores"": {""0"": 6.8997344970703125, ""1"": -1.0}, ""num_trusted"": 7, ""fallback_used"": false}"
75,apra,apra_trust_weighted_clip,"[86, 51, 23, 6, 62, 81, 84]",[],"{""base_clip"": 1.0, ""trust_weights"": {""86"": 0.225602924823761, ""51"": 0.09758828580379486, ""23"": 0.225602924823761, ""6"": 0.0, ""62"": 0.225602924823761, ""81"": 0.225602924823761, ""84"": 0.0}, ""num_aggregated"": 7}"
76,apra,apra_mad_filter,"[64, 37, 66, 42, 84, 58, 67, 92]","[2, 80]","{""median_norm"": 0.663350477643224, ""mad"": 0.07820038867162593, ""k"": 2.0, ""num_accepted"": 8, ""safety_keep_used"": false, ""fallback_used"": false}"
76,apra,apra_hierarchical_cluster,"[64, 37, 66, 84, 58, 67, 92]",[42],"{""best_k"": 2, ""best_score"": 0.5629957914352417, ""selected_cluster"": 0, ""cluster_scores"": {""0"": 5.848423480987549, ""1"": -1.0}, ""num_trusted"": 7, ""fallback_used"": false}"
76,apra,apra_trust_weighted_clip,"[64, 37, 66, 84, 58, 67, 92]",[],"{""base_clip"": 1.0, ""trust_weights"": {""64"": 0.17129798233509064, ""37"": 0.17984028160572052, ""66"": 0.0, ""84"": 0.17984028160572052, ""58"": 0.11788322031497955, ""67"": 0.17129798233509064, ""92"": 0.17984028160572052}, ""num_aggregated"": 7}"
77,apra,apra_mad_filter,"[68, 79, 9, 30, 60, 69, 16, 43]","[4, 22]","{""median_norm"": 0.6188983205038303, ""mad"": 0.05419630044168333, ""k"": 2.0, ""num_accepted"": 8, ""safety_keep_used"": false, ""fallback_used"": false}"
77,apra,apra_hierarchical_cluster,"[68, 79, 60, 16, 43]","[9, 30, 69]","{""best_k"": 3, ""best_score"": 0.5744312405586243, ""selected_cluster"": 1, ""cluster_scores"": {""0"": 1.933692455291748, ""1"": 4.776225566864014, ""2"": -1.0}, ""num_trusted"": 5, ""fallback_used"": false}"
77,apra,apra_trust_weighted_clip,"[68, 79, 60, 16, 43]",[],"{""base_clip"": 1.0, ""trust_weights"": {""68"": 0.25, ""79"": 0.25, ""60"": 0.0, ""16"": 0.25, ""43"": 0.25}, ""num_aggregated"": 5}"
78,apra,apra_mad_filter,"[20, 77, 27, 23, 18, 74, 59, 86, 87]",[1],"{""median_norm"": 0.5785460233656678, ""mad"": 0.10811436162180607, ""k"": 2.0, ""num_accepted"": 9, ""safety_keep_used"": false, ""fallback_used"": false}"
78,apra,apra_hierarchical_cluster,"[20, 77, 27, 23, 18, 74, 86, 87]",[59],"{""best_k"": 2, ""best_score"": 0.5337975025177002, ""selected_cluster"": 0, ""cluster_scores"": {""0"": 4.888206481933594, ""1"": -1.0}, ""num_trusted"": 8, ""fallback_used"": false}"
78,apra,apra_trust_weighted_clip,"[20, 77, 27, 23, 18, 74, 86, 87]",[],"{""base_clip"": 1.0, ""trust_weights"": {""20"": 0.0, ""77"": 0.1428571492433548, ""27"": 0.1428571492433548, ""23"": 0.1428571492433548, ""18"": 0.1428571492433548, ""74"": 0.1428571492433548, ""86"": 0.1428571492433548, ""87"": 0.1428571492433548}, ""num_aggregated"": 8}"
79,apra,apra_mad_filter,"[99, 42, 33, 15, 38, 76, 86, 87]","[1, 5]","{""median_norm"": 0.5605162011259317, ""mad"": 0.08609667692470394, ""k"": 2.0, ""num_accepted"": 8, ""safety_keep_used"": false, ""fallback_used"": false}"
79,apra,apra_hierarchical_cluster,"[42, 33, 15, 38, 76, 86, 87]",[99],"{""best_k"": 2, ""best_score"": 0.5658645033836365, ""selected_cluster"": 0, ""cluster_scores"": {""0"": 5.4844465255737305, ""1"": -1.0}, ""num_trusted"": 7, ""fallback_used"": false}"
79,apra,apra_trust_weighted_clip,"[42, 33, 15, 38, 76, 86, 87]",[],"{""base_clip"": 1.0, ""trust_weights"": {""42"": 0.0, ""33"": 0.20000000298023224, ""15"": 0.0, ""38"": 0.20000000298023224, ""76"": 0.20000000298023224, ""86"": 0.20000000298023224, ""87"": 0.20000000298023224}, ""num_aggregated"": 7}"
80,apra,apra_mad_filter,"[71, 88, 38, 63, 99, 48, 31, 83, 11]",[1],"{""median_norm"": 0.6870661754539249, ""mad"": 0.16414091147885645, ""k"": 2.0, ""num_accepted"": 9, ""safety_keep_used"": false, ""fallback_used"": false}"
80,apra,apra_hierarchical_cluster,"[71, 38, 63, 99, 48, 83, 11]","[88, 31]","{""best_k"": 2, ""best_score"": 0.7952684164047241, ""selected_cluster"": 0, ""cluster_scores"": {""0"": 5.3204779624938965, ""1"": 1.9786579608917236}, ""num_trusted"": 7, ""fallback_used"": false}"
80,apra,apra_trust_weighted_clip,"[71, 38, 63, 99, 48, 83, 11]",[],"{""base_clip"": 1.0, ""trust_weights"": {""71"": 0.16946806013584137, ""38"": 0.16946806013584137, ""63"": 0.16946806013584137, ""99"": 0.15265969932079315, ""48"": 0.0, ""83"": 0.16946806013584137, ""11"": 0.16946806013584137}, ""num_aggregated"": 7}"
81,apra,apra_mad_filter,"[69, 52, 40, 47, 77, 35, 59, 70, 7]",[4],"{""median_norm"": 0.6935819379435716, ""mad"": 0.0705594580100703, ""k"": 2.0, ""num_accepted"": 9, ""safety_keep_used"": false, ""fallback_used"": false}"
81,apra,apra_hierarchical_cluster,"[69, 52, 40, 77, 35, 59, 70, 7]",[47],"{""best_k"": 2, ""best_score"": 0.6485140323638916, ""selected_cluster"": 0, ""cluster_scores"": {""0"": 5.908483982086182, ""1"": -1.0}, ""num_trusted"": 8, ""fallback_used"": false}"
81,apra,apra_trust_weighted_clip,"[69, 52, 40, 77, 35, 59, 70, 7]",[],"{""base_clip"": 1.0, ""trust_weights"": {""69"": 0.0, ""52"": 0.1428571492433548, ""40"": 0.1428571492433548, ""77"": 0.1428571492433548, ""35"": 0.1428571492433548, ""59"": 0.1428571492433548, ""70"": 0.1428571492433548, ""7"": 0.1428571492433548}, ""num_aggregated"": 8}"
82,apra,apra_mad_filter,"[61, 81, 74, 23, 95, 35, 97, 55, 28]",[0],"{""median_norm"": 0.6309435666669112, ""mad"": 0.19027869058980093, ""k"": 2.0, ""num_accepted"": 9, ""safety_keep_used"": false, ""fallback_used"": false}"
82,apra,apra_hierarchical_cluster,"[61, 81, 74, 23, 35, 97, 55, 28]",[95],"{""best_k"": 2, ""best_score"": 0.7017733454704285, ""selected_cluster"": 0, ""cluster_scores"": {""0"": 7.347490310668945, ""1"": -1.0}, ""num_trusted"": 8, ""fallback_used"": false}"
82,apra,apra_trust_weighted_clip,"[61, 81, 74, 23, 35, 97, 55, 28]",[],"{""base_clip"": 1.0, ""trust_weights"": {""61"": 0.15507772564888, ""81"": 0.15507772564888, ""74"": 0.15507772564888, ""23"": 0.15507772564888, ""35"": 0.06953361630439758, ""97"": 0.0, ""55"": 0.15507772564888, ""28"": 0.15507772564888}, ""num_aggregated"": 8}"
83,apra,apra_mad_filter,"[53, 77, 67, 31, 62, 45, 47, 82, 84]",[3],"{""median_norm"": 0.7676345380625054, ""mad"": 0.1524526766328752, ""k"": 2.0, ""num_accepted"": 9, ""safety_keep_used"": false, ""fallback_used"": false}"
83,apra,apra_hierarchical_cluster,"[53, 77, 67, 62, 45, 82, 84]","[31, 47]","{""best_k"": 2, ""best_score"": 0.5206988453865051, ""selected_cluster"": 0, ""cluster_scores"": {""0"": 5.373208522796631, ""1"": 1.5716724395751953}, ""num_trusted"": 7, ""fallback_used"": false}"
83,apra,apra_trust_weighted_clip,"[53, 77, 67, 62, 45, 82, 84]",[],"{""base_clip"": 1.0, ""trust_weights"": {""53"": 0.1666666716337204, ""77"": 0.1666666716337204, ""67"": 0.1666666716337204, ""62"": 0.1666666716337204, ""45"": 0.1666666716337204, ""82"": 0.0, ""84"": 0.1666666716337204}, ""num_aggregated"": 7}"
84,apra,apra_mad_filter,"[83, 36, 44, 70, 32, 64, 47, 5]","[2, 3]","{""median_norm"": 0.7060778428041163, ""mad"": 0.08864074894812407, ""k"": 2.0, ""num_accepted"": 8, ""safety_keep_used"": false, ""fallback_used"": false}"
84,apra,apra_hierarchical_cluster,"[83, 36, 44, 70, 32, 64, 5]",[47],"{""best_k"": 2, ""best_score"": 0.5723217725753784, ""selected_cluster"": 0, ""cluster_scores"": {""0"": 5.052790641784668, ""1"": -1.0}, ""num_trusted"": 7, ""fallback_used"": false}"
84,apra,apra_trust_weighted_clip,"[83, 36, 44, 70, 32, 64, 5]",[],"{""base_clip"": 1.0, ""trust_weights"": {""83"": 0.19218680262565613, ""36"": 0.0, ""44"": 0.19218680262565613, ""70"": 0.19218680262565613, ""32"": 0.03906600922346115, ""64"": 0.19218680262565613, ""5"": 0.19218680262565613}, ""num_aggregated"": 7}"
85,apra,apra_mad_filter,"[95, 64, 96, 60, 5, 79, 75, 7, 94]",[0],"{""median_norm"": 0.6281998170606113, ""mad"": 0.11737076073159763, ""k"": 2.0, ""num_accepted"": 9, ""safety_keep_used"": false, ""fallback_used"": false}"
85,apra,apra_hierarchical_cluster,"[64, 60, 79, 75, 7, 94]","[95, 96, 5]","{""best_k"": 3, ""best_score"": 0.6922189593315125, ""selected_cluster"": 1, ""cluster_scores"": {""0"": 1.9936163425445557, ""1"": 5.636543273925781, ""2"": -1.0}, ""num_trusted"": 6, ""fallback_used"": false}"
85,apra,apra_trust_weighted_clip,"[64, 60, 79, 75, 7, 94]",[],"{""base_clip"": 1.0, ""trust_weights"": {""64"": 0.20000000298023224, ""60"": 0.0, ""79"": 0.20000000298023224, ""75"": 0.20000000298023224, ""7"": 0.20000000298023224, ""94"": 0.20000000298023224}, ""num_aggregated"": 6}"
86,apra,apra_mad_filter,"[15, 57, 19, 13, 81, 10, 30, 99, 47]",[1],"{""median_norm"": 0.5483129852887993, ""mad"": 0.10746608017155135, ""k"": 2.0, ""num_accepted"": 9, ""safety_keep_used"": false, ""fallback_used"": false}"
86,apra,apra_hierarchical_cluster,"[15, 57, 19, 13, 81, 10, 99, 47]",[30],"{""best_k"": 2, ""best_score"": 0.4370565414428711, ""selected_cluster"": 0, ""cluster_scores"": {""0"": 3.378671169281006, ""1"": -1.0}, ""num_trusted"": 8, ""fallback_used"": false}"
86,apra,apra_trust_weighted_clip,"[15, 57, 19, 13, 81, 10, 99, 47]",[],"{""base_clip"": 1.0, ""trust_weights"": {""15"": 0.0, ""57"": 0.1428571492433548, ""19"": 0.1428571492433548, ""13"": 0.1428571492433548, ""81"": 0.1428571492433548, ""10"": 0.1428571492433548, ""99"": 0.1428571492433548, ""47"": 0.1428571492433548}, ""num_aggregated"": 8}"
87,apra,apra_mad_filter,"[91, 65, 37, 25, 27, 31, 15, 97]","[4, 0]","{""median_norm"": 0.7365339601628131, ""mad"": 0.20721446389001125, ""k"": 2.0, ""num_accepted"": 8, ""safety_keep_used"": false, ""fallback_used"": false}"
87,apra,apra_hierarchical_cluster,"[91, 65, 37, 27, 15, 97]","[25, 31]","{""best_k"": 3, ""best_score"": 0.42935651540756226, ""selected_cluster"": 0, ""cluster_scores"": {""0"": 5.914714813232422, ""1"": -1.0, ""2"": -1.0}, ""num_trusted"": 6, ""fallback_used"": false}"
87,apra,apra_trust_weighted_clip,"[91, 65, 37, 27, 15, 97]",[],"{""base_clip"": 1.0, ""trust_weights"": {""91"": 0.20000000298023224, ""65"": 0.20000000298023224, ""37"": 0.20000000298023224, ""27"": 0.20000000298023224, ""15"": 0.20000000298023224, ""97"": 0.0}, ""num_aggregated"": 6}"
88,apra,apra_mad_filter,"[87, 54, 75, 34, 15, 7, 11, 40]","[2, 3]","{""median_norm"": 0.7266934097522622, ""mad"": 0.15764479256453617, ""k"": 2.0, ""num_accepted"": 8, ""safety_keep_used"": false, ""fallback_used"": false}"
88,apra,apra_hierarchical_cluster,"[87, 75, 34, 15, 7, 11, 40]",[54],"{""best_k"": 2, ""best_score"": 0.7982653379440308, ""selected_cluster"": 0, ""cluster_scores"": {""0"": 6.47640323638916, ""1"": -1.0}, ""num_trusted"": 7, ""fallback_used"": false}"
88,apra,apra_trust_weighted_clip,"[87, 75, 34, 15, 7, 11, 40]",[],"{""base_clip"": 1.0, ""trust_weights"": {""87"": 0.1666666716337204, ""75"": 0.1666666716337204, ""34"": 0.1666666716337204, ""15"": 0.0, ""7"": 0.1666666716337204, ""11"": 0.1666666716337204, ""40"": 0.1666666716337204}, ""num_aggregated"": 7}"
89,apra,apra_mad_filter,"[12, 80, 87, 26, 27, 42, 24]","[3, 4, 0]","{""median_norm"": 0.7159557608771103, ""mad"": 0.22770239598398911, ""k"": 2.0, ""num_accepted"": 7, ""safety_keep_used"": false, ""fallback_used"": false}"
89,apra,apra_hierarchical_cluster,"[12, 80, 87, 27, 42, 24]",[26],"{""best_k"": 2, ""best_score"": 0.6310158967971802, ""selected_cluster"": 0, ""cluster_scores"": {""0"": 5.940117359161377, ""1"": -1.0}, ""num_trusted"": 6, ""fallback_used"": false}"
89,apra,apra_trust_weighted_clip,"[12, 80, 87, 27, 42, 24]",[],"{""base_clip"": 1.0, ""trust_weights"": {""12"": 0.20000000298023224, ""80"": 0.20000000298023224, ""87"": 0.20000000298023224, ""27"": 0.0, ""42"": 0.20000000298023224, ""24"": 0.20000000298023224}, ""num_aggregated"": 6}"
90,apra,apra_mad_filter,"[22, 23, 50, 7, 73, 27, 10, 96]","[3, 88]","{""median_norm"": 0.7223247579218341, ""mad"": 0.12913571000352936, ""k"": 2.0, ""num_accepted"": 8, ""safety_keep_used"": false, ""fallback_used"": false}"
90,apra,apra_hierarchical_cluster,"[22, 23, 50, 7, 27, 96]","[73, 10]","{""best_k"": 2, ""best_score"": 0.7752425670623779, ""selected_cluster"": 1, ""cluster_scores"": {""0"": 1.9242668151855469, ""1"": 5.761784076690674}, ""num_trusted"": 6, ""fallback_used"": false}"
90,apra,apra_trust_weighted_clip,"[22, 23, 50, 7, 27, 96]",[],"{""base_clip"": 1.0, ""trust_weights"": {""22"": 0.3780248761177063, ""23"": 0.3780248761177063, ""50"": 0.2439502328634262, ""7"": 0.0, ""27"": 0.0, ""96"": 0.0}, ""num_aggregated"": 6}"
91,apra,apra_mad_filter,"[17, 98, 50, 52, 30, 15, 49, 13, 38]",[2],"{""median_norm"": 0.8880307409391247, ""mad"": 0.12232635431842553, ""k"": 2.0, ""num_accepted"": 9, ""safety_keep_used"": false, ""fallback_used"": false}"
91,apra,apra_hierarchical_cluster,"[17, 98, 50, 52, 15, 49, 13, 38]",[30],"{""best_k"": 2, ""best_score"": 0.7326319217681885, ""selected_cluster"": 0, ""cluster_scores"": {""0"": 6.699803352355957, ""1"": -1.0}, ""num_trusted"": 8, ""fallback_used"": false}"
91,apra,apra_trust_weighted_clip,"[17, 98, 50, 52, 15, 49, 13, 38]",[],"{""base_clip"": 1.0, ""trust_weights"": {""17"": 0.0019272207282483578, ""98"": 0.16634546220302582, ""50"": 0.16634546220302582, ""52"": 0.16634546220302582, ""15"": 0.0, ""49"": 0.16634546220302582, ""13"": 0.16634546220302582, ""38"": 0.16634546220302582}, ""num_aggregated"": 8}"
92,apra,apra_mad_filter,"[71, 20, 25, 14, 9, 61, 11, 89]","[0, 1]","{""median_norm"": 0.6800194216934425, ""mad"": 0.2604928151061364, ""k"": 2.0, ""num_accepted"": 8, ""safety_keep_used"": false, ""fallback_used"": false}"
92,apra,apra_hierarchical_cluster,"[14, 61, 11, 89]","[71, 20, 25, 9]","{""best_k"": 3, ""best_score"": 0.46939510107040405, ""selected_cluster"": 2, ""cluster_scores"": {""0"": 1.9469168186187744, ""1"": 1.9722695350646973, ""2"": 3.9813780784606934}, ""num_trusted"": 4, ""fallback_used"": false}"
92,apra,apra_trust_weighted_clip,"[14, 61, 11, 89]",[],"{""base_clip"": 1.0, ""trust_weights"": {""14"": 0.25, ""61"": 0.25, ""11"": 0.25, ""89"": 0.25}, ""num_aggregated"": 4}"
93,apra,apra_mad_filter,"[78, 75, 38, 41, 60, 95, 33, 6]","[3, 16]","{""median_norm"": 0.6165026590066763, ""mad"": 0.09038047810649558, ""k"": 2.0, ""num_accepted"": 8, ""safety_keep_used"": false, ""fallback_used"": false}"
93,apra,apra_hierarchical_cluster,"[78, 75, 38, 60, 33, 6]","[41, 95]","{""best_k"": 3, ""best_score"": 0.7035464644432068, ""selected_cluster"": 0, ""cluster_scores"": {""0"": 5.991232395172119, ""1"": -1.0, ""2"": -1.0}, ""num_trusted"": 6, ""fallback_used"": false}"
93,apra,apra_trust_weighted_clip,"[78, 75, 38, 60, 33, 6]",[],"{""base_clip"": 1.0, ""trust_weights"": {""78"": 0.2113720327615738, ""75"": 0.0, ""38"": 0.2113720327615738, ""60"": 0.2113720327615738, ""33"": 0.15451183915138245, ""6"": 0.2113720327615738}, ""num_aggregated"": 6}"
94,apra,apra_mad_filter,"[15, 78, 86, 82, 74, 47, 71]","[2, 98, 4]","{""median_norm"": 0.5215851413983017, ""mad"": 0.0991397591707982, ""k"": 2.0, ""num_accepted"": 7, ""safety_keep_used"": false, ""fallback_used"": false}"
94,apra,apra_hierarchical_cluster,"[15, 78, 86, 82, 74, 71]",[47],"{""best_k"": 2, ""best_score"": 0.4676671028137207, ""selected_cluster"": 0, ""cluster_scores"": {""0"": 5.292653560638428, ""1"": -1.0}, ""num_trusted"": 6, ""fallback_used"": false}"
94,apra,apra_trust_weighted_clip,"[15, 78, 86, 82, 74, 71]",[],"{""base_clip"": 1.0, ""trust_weights"": {""15"": 0.0, ""78"": 0.30721142888069153, ""86"": 0.30721142888069153, ""82"": 0.07836578786373138, ""74"": 0.30721142888069153, ""71"": 0.0}, ""num_aggregated"": 6}"
95,apra,apra_mad_filter,"[77, 91, 97, 43, 53, 99, 57]","[0, 2, 1]","{""median_norm"": 0.7999154787937872, ""mad"": 0.32371283274486157, ""k"": 2.0, ""num_accepted"": 7, ""safety_keep_used"": false, ""fallback_used"": false}"
95,apra,apra_hierarchical_cluster,"[77, 91, 43, 53, 99, 57]",[97],"{""best_k"": 2, ""best_score"": 0.7227783799171448, ""selected_cluster"": 0, ""cluster_scores"": {""0"": 5.812435626983643, ""1"": -1.0}, ""num_trusted"": 6, ""fallback_used"": false}"
95,apra,apra_trust_weighted_clip,"[77, 91, 43, 53, 99, 57]",[],"{""base_clip"": 1.0, ""trust_weights"": {""77"": 0.2078414410352707, ""91"": 0.2078414410352707, ""43"": 0.2078414410352707, ""53"": 0.17166225612163544, ""99"": 0.0, ""57"": 0.2048134207725525}, ""num_aggregated"": 6}"
96,apra,apra_mad_filter,"[82, 46, 21, 54, 29, 47, 77, 48, 12]",[1],"{""median_norm"": 0.7594367242185693, ""mad"": 0.09891239788575423, ""k"": 2.0, ""num_accepted"": 9, ""safety_keep_used"": false, ""fallback_used"": false}"
96,apra,apra_hierarchical_cluster,"[82, 46, 21, 29, 47, 77, 48, 12]",[54],"{""best_k"": 2, ""best_score"": 0.7039753794670105, ""selected_cluster"": 0, ""cluster_scores"": {""0"": 4.803017616271973, ""1"": -1.0}, ""num_trusted"": 8, ""fallback_used"": false}"
96,apra,apra_trust_weighted_clip,"[82, 46, 21, 29, 47, 77, 48, 12]",[],"{""base_clip"": 1.0, ""trust_weights"": {""82"": 0.14789409935474396, ""46"": 0.14789409935474396, ""21"": 0.14789409935474396, ""29"": 0.14789409935474396, ""47"": 0.11263534426689148, ""77"": 0.14789409935474396, ""48"": 0.0, ""12"": 0.14789409935474396}, ""num_aggregated"": 8}"
97,apra,apra_mad_filter,"[56, 31, 47, 24, 34, 15, 84, 4, 20]",[3],"{""median_norm"": 0.9263685714767136, ""mad"": 0.1859093447371712, ""k"": 2.0, ""num_accepted"": 9, ""safety_keep_used"": false, ""fallback_used"": false}"
97,apra,apra_hierarchical_cluster,"[56, 47, 24, 34, 15, 84, 20]","[31, 4]","{""best_k"": 3, ""best_score"": 0.5811417102813721, ""selected_cluster"": 0, ""cluster_scores"": {""0"": 5.759904384613037, ""1"": -1.0, ""2"": -1.0}, ""num_trusted"": 7, ""fallback_used"": false}"
97,apra,apra_trust_weighted_clip,"[56, 47, 24, 34, 15, 84, 20]",[],"{""base_clip"": 1.0, ""trust_weights"": {""56"": 0.20000000298023224, ""47"": 0.0, ""24"": 0.20000000298023224, ""34"": 0.20000000298023224, ""15"": 0.20000000298023224, ""84"": 0.20000000298023224, ""20"": 0.0}, ""num_aggregated"": 7}"
98,apra,apra_mad_filter,"[68, 97, 49, 62, 13, 7, 51, 42]","[1, 54]","{""median_norm"": 0.6025834553884307, ""mad"": 0.07344876290782021, ""k"": 2.0, ""num_accepted"": 8, ""safety_keep_used"": false, ""fallback_used"": false}"
98,apra,apra_hierarchical_cluster,"[68, 49, 62, 13, 7, 51, 42]",[97],"{""best_k"": 2, ""best_score"": 0.6729577779769897, ""selected_cluster"": 0, ""cluster_scores"": {""0"": 6.71770715713501, ""1"": -1.0}, ""num_trusted"": 7, ""fallback_used"": false}"
98,apra,apra_trust_weighted_clip,"[68, 49, 62, 13, 7, 51, 42]",[],"{""base_clip"": 1.0, ""trust_weights"": {""68"": 0.1666666716337204, ""49"": 0.1666666716337204, ""62"": 0.1666666716337204, ""13"": 0.0, ""7"": 0.1666666716337204, ""51"": 0.1666666716337204, ""42"": 0.1666666716337204}, ""num_aggregated"": 7}"
99,apra,apra_mad_filter,"[22, 38, 75, 25, 47, 58, 57, 37]","[3, 2]","{""median_norm"": 0.6327636230607472, ""mad"": 0.15642316200296252, ""k"": 2.0, ""num_accepted"": 8, ""safety_keep_used"": false, ""fallback_used"": false}"
99,apra,apra_hierarchical_cluster,"[22, 38, 75, 25, 58, 57, 37]",[47],"{""best_k"": 2, ""best_score"": 0.6458535194396973, ""selected_cluster"": 0, ""cluster_scores"": {""0"": 6.935888290405273, ""1"": -1.0}, ""num_trusted"": 7, ""fallback_used"": false}"
99,apra,apra_trust_weighted_clip,"[22, 38, 75, 25, 58, 57, 37]",[],"{""base_clip"": 1.0, ""trust_weights"": {""22"": 0.25, ""38"": 0.25, ""75"": 0.0, ""25"": 0.0, ""58"": 0.0, ""57"": 0.25, ""37"": 0.25}, ""num_aggregated"": 7}"
100,apra,apra_mad_filter,"[0, 86, 39, 75, 6, 48, 61, 11, 64, 44]",[],"{""median_norm"": 0.619517360957929, ""mad"": 0.05111634490342354, ""k"": 2.0, ""num_accepted"": 10, ""safety_keep_used"": false, ""fallback_used"": false}"
100,apra,apra_hierarchical_cluster,"[0, 86, 39, 75, 6, 61, 11, 64, 44]",[48],"{""best_k"": 2, ""best_score"": 0.7504141926765442, ""selected_cluster"": 0, ""cluster_scores"": {""0"": 5.407106876373291, ""1"": -1.0}, ""num_trusted"": 9, ""fallback_used"": false}"
100,apra,apra_trust_weighted_clip,"[0, 86, 39, 75, 6, 61, 11, 64, 44]",[],"{""base_clip"": 1.0, ""trust_weights"": {""0"": 0.0, ""86"": 0.1428571492433548, ""39"": 0.1428571492433548, ""75"": 0.1428571492433548, ""6"": 0.1428571492433548, ""61"": 0.1428571492433548, ""11"": 0.1428571492433548, ""64"": 0.1428571492433548, ""44"": 0.0}, ""num_aggregated"": 9}"
101,apra,apra_mad_filter,"[1, 20, 64, 80, 89, 87, 99]","[17, 92, 88]","{""median_norm"": 0.5897220258883478, ""mad"": 0.07626044939340351, ""k"": 2.0, ""num_accepted"": 7, ""safety_keep_used"": false, ""fallback_used"": false}"
101,apra,apra_hierarchical_cluster,"[1, 20, 64, 80, 89, 87]",[99],"{""best_k"": 2, ""best_score"": 0.6545969843864441, ""selected_cluster"": 0, ""cluster_scores"": {""0"": 5.522468090057373, ""1"": -1.0}, ""num_trusted"": 6, ""fallback_used"": false}"
101,apra,apra_trust_weighted_clip,"[1, 20, 64, 80, 89, 87]",[],"{""base_clip"": 1.0, ""trust_weights"": {""1"": 0.20000000298023224, ""20"": 0.0, ""64"": 0.20000000298023224, ""80"": 0.20000000298023224, ""89"": 0.20000000298023224, ""87"": 0.20000000298023224}, ""num_aggregated"": 6}"
102,apra,apra_mad_filter,"[2, 21, 51, 16, 41, 68, 60, 67, 91]",[80],"{""median_norm"": 0.642367654407334, ""mad"": 0.05672767738354717, ""k"": 2.0, ""num_accepted"": 9, ""safety_keep_used"": false, ""fallback_used"": false}"
102,apra,apra_hierarchical_cluster,"[21, 16, 68, 60, 67, 91]","[2, 51, 41]","{""best_k"": 3, ""best_score"": 0.6078677773475647, ""selected_cluster"": 1, ""cluster_scores"": {""0"": 1.974426031112671, ""1"": 4.99620246887207, ""2"": -1.0}, ""num_trusted"": 6, ""fallback_used"": false}"
102,apra,apra_trust_weighted_clip,"[21, 16, 68, 60, 67, 91]",[],"{""base_clip"": 1.0, ""trust_weights"": {""21"": 0.20000000298023224, ""16"": 0.20000000298023224, ""68"": 0.20000000298023224, ""60"": 0.20000000298023224, ""67"": 0.0, ""91"": 0.20000000298023224}, ""num_aggregated"": 6}"
103,apra,apra_mad_filter,"[4, 77, 92, 15, 94, 71, 32, 13, 62]",[52],"{""median_norm"": 0.569539499896542, ""mad"": 0.046540623708634266, ""k"": 2.0, ""num_accepted"": 9, ""safety_keep_used"": false, ""fallback_used"": false}"
103,apra,apra_hierarchical_cluster,"[4, 77, 92, 94, 62]","[15, 71, 32, 13]","{""best_k"": 3, ""best_score"": 0.6220387816429138, ""selected_cluster"": 1, ""cluster_scores"": {""0"": 1.5215764045715332, ""1"": 4.722417831420898, ""2"": 1.9901443719863892}, ""num_trusted"": 5, ""fallback_used"": false}"
103,apra,apra_trust_weighted_clip,"[4, 77, 92, 94, 62]",[],"{""base_clip"": 1.0, ""trust_weights"": {""4"": 0.2616713345050812, ""77"": 0.0, ""92"": 0.2616713345050812, ""94"": 0.23832868039608002, ""62"": 0.23832868039608002}, ""num_aggregated"": 5}"
104,apra,apra_mad_filter,"[41, 15, 12, 9, 34, 21, 93, 38, 90]",[0],"{""median_norm"": 0.4761898472397056, ""mad"": 0.06889486338849407, ""k"": 2.0, ""num_accepted"": 9, ""safety_keep_used"": false, ""fallback_used"": false}"
104,apra,apra_hierarchical_cluster,"[15, 12, 34, 21, 93, 38, 90]","[41, 9]","{""best_k"": 2, ""best_score"": 0.5874061584472656, ""selected_cluster"": 1, ""cluster_scores"": {""0"": 1.835107445716858, ""1"": 4.243276596069336}, ""num_trusted"": 7, ""fallback_used"": false}"
104,apra,apra_trust_weighted_clip,"[15, 12, 34, 21, 93, 38, 90]",[],"{""base_clip"": 1.0, ""trust_weights"": {""15"": 0.0, ""12"": 0.01617376133799553, ""34"": 0.1967652589082718, ""21"": 0.1967652589082718, ""93"": 0.1967652589082718, ""38"": 0.1967652589082718, ""90"": 0.1967652589082718}, ""num_aggregated"": 7}"
105,apra,apra_mad_filter,"[40, 54, 57, 28, 10, 87, 27, 95]","[4, 47]","{""median_norm"": 0.6057878371924184, ""mad"": 0.07260126747007942, ""k"": 2.0, ""num_accepted"": 8, ""safety_keep_used"": false, ""fallback_used"": false}"
105,apra,apra_hierarchical_cluster,"[40, 57, 28, 10, 87, 27, 95]",[54],"{""best_k"": 2, ""best_score"": 0.5943848490715027, ""selected_cluster"": 0, ""cluster_scores"": {""0"": 2.59883189201355, ""1"": -1.0}, ""num_trusted"": 7, ""fallback_used"": false}"
105,apra,apra_trust_weighted_clip,"[40, 57, 28, 10, 87, 27, 95]",[],"{""base_clip"": 1.0, ""trust_weights"": {""40"": 0.18101923167705536, ""57"": 0.18101923167705536, ""28"": 0.18101923167705536, ""10"": 0.0, ""87"": 0.18101923167705536, ""27"": 0.18101923167705536, ""95"": 0.09490382671356201}, ""num_aggregated"": 7}"
106,apra,apra_mad_filter,"[3, 92, 34, 12, 74, 0, 88, 53, 52, 77]",[],"{""median_norm"": 0.6090854105688198, ""mad"": 0.1832235995115321, ""k"": 2.0, ""num_accepted"": 10, ""safety_keep_used"": false, ""fallback_used"": false}"
106,apra,apra_hierarchical_cluster,"[3, 92, 34, 12, 74, 0, 53, 52, 77]",[88],"{""best_k"": 2, ""best_score"": 0.8172569274902344, ""selected_cluster"": 0, ""cluster_scores"": {""0"": 7.167158603668213, ""1"": -1.0}, ""num_trusted"": 9, ""fallback_used"": false}"
106,apra,apra_trust_weighted_clip,"[3, 92, 34, 12, 74, 0, 53, 52, 77]",[],"{""base_clip"": 1.0, ""trust_weights"": {""3"": 0.125, ""92"": 0.125, ""34"": 0.125, ""12"": 0.125, ""74"": 0.125, ""0"": 0.0, ""53"": 0.125, ""52"": 0.125, ""77"": 0.125}, ""num_aggregated"": 9}"
107,apra,apra_mad_filter,"[2, 40, 41, 84, 7, 70, 46, 61, 95]",[0],"{""median_norm"": 0.5589290369397426, ""mad"": 0.07224429410048297, ""k"": 2.0, ""num_accepted"": 9, ""safety_keep_used"": false, ""fallback_used"": false}"
107,apra,apra_hierarchical_cluster,"[40, 84, 7, 70, 46, 61]","[2, 41, 95]","{""best_k"": 2, ""best_score"": 0.6852197647094727, ""selected_cluster"": 1, ""cluster_scores"": {""0"": 2.605963945388794, ""1"": 5.4111762046813965}, ""num_trusted"": 6, ""fallback_used"": false}"
107,apra,apra_trust_weighted_clip,"[40, 84, 7, 70, 46, 61]",[],"{""base_clip"": 1.0, ""trust_weights"": {""40"": 0.15681761503219604, ""84"": 0.2810607850551605, ""7"": 0.2810607850551605, ""70"": 0.2810607850551605, ""46"": 0.0, ""61"": 0.0}, ""num_aggregated"": 6}"
108,apra,apra_mad_filter,"[1, 33, 16, 84, 12, 64, 52, 60, 4]",[0],"{""median_norm"": 0.5862081368838079, ""mad"": 0.09766554689126983, ""k"": 2.0, ""num_accepted"": 9, ""safety_keep_used"": false, ""fallback_used"": false}"
108,apra,apra_hierarchical_cluster,"[1, 33, 16, 84, 12, 64, 52, 60]",[4],"{""best_k"": 2, ""best_score"": 0.49592316150665283, ""selected_cluster"": 0, ""cluster_scores"": {""0"": 5.914506912231445, ""1"": -1.0}, ""num_trusted"": 8, ""fallback_used"": false}"
108,apra,apra_trust_weighted_clip,"[1, 33, 16, 84, 12, 64, 52, 60]",[],"{""base_clip"": 1.0, ""trust_weights"": {""1"": 0.0, ""33"": 0.0, ""16"": 0.1666666716337204, ""84"": 0.1666666716337204, ""12"": 0.1666666716337204, ""64"": 0.1666666716337204, ""52"": 0.1666666716337204, ""60"": 0.1666666716337204}, ""num_aggregated"": 8}"
109,apra,apra_mad_filter,"[3, 14, 27, 84, 5, 15, 87, 58, 28]",[17],"{""median_norm"": 0.5156450408757352, ""mad"": 0.055810128158719885, ""k"": 2.0, ""num_accepted"": 9, ""safety_keep_used"": false, ""fallback_used"": false}"
109,apra,apra_hierarchical_cluster,"[3, 58]","[14, 27, 84, 5, 15, 87, 28]","{""best_k"": 2, ""best_score"": 0.4462301433086395, ""selected_cluster"": 1, ""cluster_scores"": {""0"": 1.4200632572174072, ""1"": 1.6218023300170898}, ""num_trusted"": 2, ""fallback_used"": false}"
109,apra,apra_trust_weighted_clip,"[3, 58]",[],"{""base_clip"": 1.0, ""trust_weights"": {""3"": 0.5, ""58"": 0.5}, ""num_aggregated"": 2}"
110,apra,apra_mad_filter,"[4, 29, 12, 86, 67, 81, 84, 59, 21, 3]",[],"{""median_norm"": 0.5395761358360263, ""mad"": 0.06501886125113482, ""k"": 2.0, ""num_accepted"": 10, ""safety_keep_used"": false, ""fallback_used"": false}"
110,apra,apra_hierarchical_cluster,"[29, 12, 86, 67, 81, 84, 21, 3]","[4, 59]","{""best_k"": 3, ""best_score"": 0.4557167887687683, ""selected_cluster"": 0, ""cluster_scores"": {""0"": 2.4459707736968994, ""1"": -1.0, ""2"": -1.0}, ""num_trusted"": 8, ""fallback_used"": false}"
110,apra,apra_trust_weighted_clip,"[29, 12, 86, 67, 81, 84, 21, 3]",[],"{""base_clip"": 1.0, ""trust_weights"": {""29"": 0.0, ""12"": 0.14344924688339233, ""86"": 0.14344924688339233, ""67"": 0.14137686789035797, ""81"": 0.14344924688339233, ""84"": 0.14137686789035797, ""21"": 0.14344924688339233, ""3"": 0.14344924688339233}, ""num_aggregated"": 8}"
111,apra,apra_mad_filter,"[1, 41, 61, 76, 49, 46, 55, 34, 2, 4]",[],"{""median_norm"": 0.5452683234545148, ""mad"": 0.06443379148443512, ""k"": 2.0, ""num_accepted"": 10, ""safety_keep_used"": false, ""fallback_used"": false}"
111,apra,apra_hierarchical_cluster,"[1, 41, 61, 76, 49, 46, 55, 34, 2]",[4],"{""best_k"": 2, ""best_score"": 0.6940075159072876, ""selected_cluster"": 0, ""cluster_scores"": {""0"": 3.7560620307922363, ""1"": -1.0}, ""num_trusted"": 9, ""fallback_used"": false}"
111,apra,apra_trust_weighted_clip,"[1, 41, 61, 76, 49, 46, 55, 34, 2]",[],"{""base_clip"": 1.0, ""trust_weights"": {""1"": 0.06348183006048203, ""41"": 0.1337883174419403, ""61"": 0.1337883174419403, ""76"": 0.1337883174419403, ""49"": 0.0, ""46"": 0.1337883174419403, ""55"": 0.1337883174419403, ""34"": 0.1337883174419403, ""2"": 0.1337883174419403}, ""num_aggregated"": 9}"
112,apra,apra_mad_filter,"[0, 73, 9, 86, 84, 95, 41, 38, 17]",[52],"{""median_norm"": 0.5867770173112912, ""mad"": 0.09695040513855363, ""k"": 2.0, ""num_accepted"": 9, ""safety_keep_used"": false, ""fallback_used"": false}"
112,apra,apra_hierarchical_cluster,"[86, 84, 41, 38, 17]","[0, 73, 9, 95]","{""best_k"": 4, ""best_score"": 0.6001996994018555, ""selected_cluster"": 0, ""cluster_scores"": {""0"": 4.673443794250488, ""1"": 1.9697189331054688, ""2"": -1.0, ""3"": -1.0}, ""num_trusted"": 5, ""fallback_used"": false}"
112,apra,apra_trust_weighted_clip,"[86, 84, 41, 38, 17]",[],"{""base_clip"": 1.0, ""trust_weights"": {""86"": 0.3333333432674408, ""84"": 0.0, ""41"": 0.0, ""38"": 0.3333333432674408, ""17"": 0.3333333432674408}, ""num_aggregated"": 5}"
113,apra,apra_mad_filter,"[0, 91, 57, 71, 20, 38, 10, 16, 54, 36]",[],"{""median_norm"": 0.6474703191229157, ""mad"": 0.06571733415484116, ""k"": 2.0, ""num_accepted"": 10, ""safety_keep_used"": false, ""fallback_used"": false}"
113,apra,apra_hierarchical_cluster,"[0, 91, 57, 71, 20, 38, 10, 16, 36]",[54],"{""best_k"": 2, ""best_score"": 0.6071947813034058, ""selected_cluster"": 0, ""cluster_scores"": {""0"": 2.1343610286712646, ""1"": -1.0}, ""num_trusted"": 9, ""fallback_used"": false}"
113,apra,apra_trust_weighted_clip,"[0, 91, 57, 71, 20, 38, 10, 16, 36]",[],"{""base_clip"": 1.0, ""trust_weights"": {""0"": 0.14723549783229828, ""91"": 0.14723549783229828, ""57"": 0.14723549783229828, ""71"": 0.05829351022839546, ""20"": 0.0, ""38"": 0.14723549783229828, ""10"": 0.05829351022839546, ""16"": 0.14723549783229828, ""36"": 0.14723549783229828}, ""num_aggregated"": 9}"
114,apra,apra_mad_filter,"[1, 35, 98, 89, 23, 39, 85, 91, 9, 16]",[],"{""median_norm"": 0.5617335046850278, ""mad"": 0.11745179338843248, ""k"": 2.0, ""num_accepted"": 10, ""safety_keep_used"": false, ""fallback_used"": false}"
114,apra,apra_hierarchical_cluster,"[1, 35, 98, 89, 23, 39, 91, 9, 16]",[85],"{""best_k"": 2, ""best_score"": 0.500653088092804, ""selected_cluster"": 0, ""cluster_scores"": {""0"": 1.0539501905441284, ""1"": -1.0}, ""num_trusted"": 9, ""fallback_used"": false}"
114,apra,apra_trust_weighted_clip,"[1, 35, 98, 89, 23, 39, 91, 9, 16]",[],"{""base_clip"": 1.0, ""trust_weights"": {""1"": 0.1428571492433548, ""35"": 0.0, ""98"": 0.0, ""89"": 0.1428571492433548, ""23"": 0.1428571492433548, ""39"": 0.1428571492433548, ""91"": 0.1428571492433548, ""9"": 0.1428571492433548, ""16"": 0.1428571492433548}, ""num_aggregated"": 9}"
115,apra,apra_mad_filter,"[2, 61, 41, 38, 85, 51, 56, 36, 97]",[19],"{""median_norm"": 0.5190223710706012, ""mad"": 0.041953708638382436, ""k"": 2.0, ""num_accepted"": 9, ""safety_keep_used"": false, ""fallback_used"": false}"
115,apra,apra_hierarchical_cluster,"[2, 61, 41, 38, 85, 51, 56, 36]",[97],"{""best_k"": 2, ""best_score"": 0.5846118927001953, ""selected_cluster"": 0, ""cluster_scores"": {""0"": 1.3571560382843018, ""1"": -1.0}, ""num_trusted"": 8, ""fallback_used"": false}"
115,apra,apra_trust_weighted_clip,"[2, 61, 41, 38, 85, 51, 56, 36]",[],"{""base_clip"": 1.0, ""trust_weights"": {""2"": 0.21633803844451904, ""61"": 0.0, ""41"": 0.21633803844451904, ""38"": 0.13464777171611786, ""85"": 0.0, ""51"": 0.21633803844451904, ""56"": 0.0, ""36"": 0.21633803844451904}, ""num_aggregated"": 8}"
116,apra,apra_mad_filter,"[4, 8, 83, 55, 38, 96, 10]","[19, 17, 30]","{""median_norm"": 0.5936571477411535, ""mad"": 0.045420765242866146, ""k"": 2.0, ""num_accepted"": 7, ""safety_keep_used"": false, ""fallback_used"": false}"
116,apra,apra_hierarchical_cluster,"[8, 83, 55, 38, 96]","[4, 10]","{""best_k"": 3, ""best_score"": 0.47788581252098083, ""selected_cluster"": 0, ""cluster_scores"": {""0"": 2.884692907333374, ""1"": -1.0, ""2"": -1.0}, ""num_trusted"": 5, ""fallback_used"": false}"
116,apra,apra_trust_weighted_clip,"[8, 83, 55, 38, 96]",[],"{""base_clip"": 1.0, ""trust_weights"": {""8"": 0.0, ""83"": 0.25, ""55"": 0.25, ""38"": 0.25, ""96"": 0.25}, ""num_aggregated"": 5}"
117,apra,apra_mad_filter,"[0, 66, 34, 52, 8, 29, 67, 77]","[55, 45]","{""median_norm"": 0.5955116119041577, ""mad"": 0.0503578016720817, ""k"": 2.0, ""num_accepted"": 8, ""safety_keep_used"": false, ""fallback_used"": false}"
117,apra,apra_hierarchical_cluster,"[66, 34, 52, 8, 29, 67, 77]",[0],"{""best_k"": 2, ""best_score"": 0.643287181854248, ""selected_cluster"": 0, ""cluster_scores"": {""0"": 4.032397747039795, ""1"": -1.0}, ""num_trusted"": 7, ""fallback_used"": false}"
117,apra,apra_trust_weighted_clip,"[66, 34, 52, 8, 29, 67, 77]",[],"{""base_clip"": 1.0, ""trust_weights"": {""66"": 0.19038213789463043, ""34"": 0.19038213789463043, ""52"": 0.19038213789463043, ""8"": 0.0, ""29"": 0.19038213789463043, ""67"": 0.04808932915329933, ""77"": 0.19038213789463043}, ""num_aggregated"": 7}"
118,apra,apra_mad_filter,"[0, 81, 90, 44, 79, 20, 36, 89, 55]",[31],"{""median_norm"": 0.5431975932311084, ""mad"": 0.05191564396498091, ""k"": 2.0, ""num_accepted"": 9, ""safety_keep_used"": false, ""fallback_used"": false}"
118,apra,apra_hierarchical_cluster,"[81, 90, 44, 79, 20, 36, 89, 55]",[0],"{""best_k"": 2, ""best_score"": 0.7139548659324646, ""selected_cluster"": 0, ""cluster_scores"": {""0"": 7.005804061889648, ""1"": -1.0}, ""num_trusted"": 8, ""fallback_used"": false}"
118,apra,apra_trust_weighted_clip,"[81, 90, 44, 79, 20, 36, 89, 55]",[],"{""base_clip"": 1.0, ""trust_weights"": {""81"": 0.1428571492433548, ""90"": 0.1428571492433548, ""44"": 0.1428571492433548, ""79"": 0.1428571492433548, ""20"": 0.0, ""36"": 0.1428571492433548, ""89"": 0.1428571492433548, ""55"": 0.1428571492433548}, ""num_aggregated"": 8}"
119,apra,apra_mad_filter,"[3, 41, 19, 9, 97, 64, 37, 55, 33, 42]",[],"{""median_norm"": 0.6072569149527913, ""mad"": 0.07910151958715161, ""k"": 2.0, ""num_accepted"": 10, ""safety_keep_used"": false, ""fallback_used"": false}"
119,apra,apra_hierarchical_cluster,"[9, 97]","[3, 41, 19, 64, 37, 55, 33, 42]","{""best_k"": 2, ""best_score"": 0.45341387391090393, ""selected_cluster"": 1, ""cluster_scores"": {""0"": 1.8564410209655762, ""1"": 1.8952223062515259}, ""num_trusted"": 2, ""fallback_used"": false}"
119,apra,apra_trust_weighted_clip,"[9, 97]",[],"{""base_clip"": 1.0, ""trust_weights"": {""9"": 0.5, ""97"": 0.5}, ""num_aggregated"": 2}"
120,apra,apra_mad_filter,"[1, 98, 30, 13, 56, 97, 35, 75, 41, 2]",[],"{""median_norm"": 0.5976597932155605, ""mad"": 0.07385714200820098, ""k"": 2.0, ""num_accepted"": 10, ""safety_keep_used"": false, ""fallback_used"": false}"
120,apra,apra_hierarchical_cluster,"[1, 98, 30, 13, 56, 97, 35, 75]","[41, 2]","{""best_k"": 2, ""best_score"": 0.5433499217033386, ""selected_cluster"": 0, ""cluster_scores"": {""0"": 2.693206548690796, ""1"": 1.7693756818771362}, ""num_trusted"": 8, ""fallback_used"": false}"
120,apra,apra_trust_weighted_clip,"[1, 98, 30, 13, 56, 97, 35, 75]",[],"{""base_clip"": 1.0, ""trust_weights"": {""1"": 0.15291929244995117, ""98"": 0.08248420059680939, ""30"": 0.0, ""13"": 0.15291929244995117, ""56"": 0.15291929244995117, ""97"": 0.15291929244995117, ""35"": 0.15291929244995117, ""75"": 0.15291929244995117}, ""num_aggregated"": 8}"
121,apra,apra_mad_filter,"[3, 5, 42, 83, 37, 14, 13, 89, 28, 61]",[],"{""median_norm"": 0.5177449191929531, ""mad"": 0.05477955149515287, ""k"": 2.0, ""num_accepted"": 10, ""safety_keep_used"": false, ""fallback_used"": false}"
121,apra,apra_hierarchical_cluster,"[3, 5, 83, 37, 14, 89, 28, 61]","[42, 13]","{""best_k"": 2, ""best_score"": 0.44606494903564453, ""selected_cluster"": 0, ""cluster_scores"": {""0"": 1.887583613395691, ""1"": 1.79115891456604}, ""num_trusted"": 8, ""fallback_used"": false}"
121,apra,apra_trust_weighted_clip,"[3, 5, 83, 37, 14, 89, 28, 61]",[],"{""base_clip"": 1.0, ""trust_weights"": {""3"": 0.25, ""5"": 0.0, ""83"": 0.25, ""37"": 0.0, ""14"": 0.0, ""89"": 0.25, ""28"": 0.0, ""61"": 0.25}, ""num_aggregated"": 8}"
122,apra,apra_mad_filter,"[0, 29, 83, 87, 38, 55, 96, 31, 81, 14]",[],"{""median_norm"": 0.5957836221566332, ""mad"": 0.11156199402612851, ""k"": 2.0, ""num_accepted"": 10, ""safety_keep_used"": false, ""fallback_used"": false}"
122,apra,apra_hierarchical_cluster,"[29, 83, 87, 38, 55, 96, 81, 14]","[0, 31]","{""best_k"": 3, ""best_score"": 0.6109248399734497, ""selected_cluster"": 0, ""cluster_scores"": {""0"": 4.821863651275635, ""1"": -1.0, ""2"": -1.0}, ""num_trusted"": 8, ""fallback_used"": false}"
122,apra,apra_trust_weighted_clip,"[29, 83, 87, 38, 55, 96, 81, 14]",[],"{""base_clip"": 1.0, ""trust_weights"": {""29"": 0.0, ""83"": 0.1666666716337204, ""87"": 0.1666666716337204, ""38"": 0.1666666716337204, ""55"": 0.1666666716337204, ""96"": 0.0, ""81"": 0.1666666716337204, ""14"": 0.1666666716337204}, ""num_aggregated"": 8}"
123,apra,apra_mad_filter,"[0, 64, 70, 77, 6, 82, 62, 69]","[88, 55]","{""median_norm"": 0.5754140024928657, ""mad"": 0.06828895720635608, ""k"": 2.0, ""num_accepted"": 8, ""safety_keep_used"": false, ""fallback_used"": false}"
123,apra,apra_hierarchical_cluster,"[64, 70, 77, 6, 82, 62, 69]",[0],"{""best_k"": 2, ""best_score"": 0.6693264245986938, ""selected_cluster"": 0, ""cluster_scores"": {""0"": 6.482247352600098, ""1"": -1.0}, ""num_trusted"": 7, ""fallback_used"": false}"
123,apra,apra_trust_weighted_clip,"[64, 70, 77, 6, 82, 62, 69]",[],"{""base_clip"": 1.0, ""trust_weights"": {""64"": 0.1666666716337204, ""70"": 0.1666666716337204, ""77"": 0.1666666716337204, ""6"": 0.1666666716337204, ""82"": 0.0, ""62"": 0.1666666716337204, ""69"": 0.1666666716337204}, ""num_aggregated"": 7}"
124,apra,apra_mad_filter,"[4, 96, 42, 49, 15, 72, 99]","[88, 58, 7]","{""median_norm"": 0.563736443678811, ""mad"": 0.022906629585015326, ""k"": 2.0, ""num_accepted"": 7, ""safety_keep_used"": false, ""fallback_used"": false}"
124,apra,apra_hierarchical_cluster,"[96, 49, 15]","[4, 42, 72, 99]","{""best_k"": 3, ""best_score"": 0.4081183075904846, ""selected_cluster"": 2, ""cluster_scores"": {""0"": 0.9782447814941406, ""1"": 1.9042010307312012, ""2"": 2.8062450885772705}, ""num_trusted"": 3, ""fallback_used"": false}"
124,apra,apra_trust_weighted_clip,"[96, 49, 15]",[],"{""base_clip"": 1.0, ""trust_weights"": {""96"": 0.5, ""49"": 0.5, ""15"": 0.0}, ""num_aggregated"": 3}"
125,apra,apra_mad_filter,"[4, 1, 36, 14, 90, 87, 42, 82, 37]",[30],"{""median_norm"": 0.5526123396365039, ""mad"": 0.06298954744106727, ""k"": 2.0, ""num_accepted"": 9, ""safety_keep_used"": false, ""fallback_used"": false}"
125,apra,apra_hierarchical_cluster,"[1, 36, 14, 90, 87, 42, 82, 37]",[4],"{""best_k"": 2, ""best_score"": 0.6152601838111877, ""selected_cluster"": 0, ""cluster_scores"": {""0"": 3.324500560760498, ""1"": -1.0}, ""num_trusted"": 8, ""fallback_used"": false}"
125,apra,apra_trust_weighted_clip,"[1, 36, 14, 90, 87, 42, 82, 37]",[],"{""base_clip"": 1.0, ""trust_weights"": {""1"": 0.20000000298023224, ""36"": 0.0, ""14"": 0.20000000298023224, ""90"": 0.20000000298023224, ""87"": 0.20000000298023224, ""42"": 0.0, ""82"": 0.0, ""37"": 0.20000000298023224}, ""num_aggregated"": 8}"
126,apra,apra_mad_filter,"[3, 64, 35, 90, 84, 78]","[40, 31, 29, 48]","{""median_norm"": 0.6059079440282267, ""mad"": 0.05310774079182151, ""k"": 2.0, ""num_accepted"": 6, ""safety_keep_used"": false, ""fallback_used"": false}"
126,apra,apra_hierarchical_cluster,"[3, 64, 35, 90, 78]",[84],"{""best_k"": 2, ""best_score"": 0.25744932889938354, ""selected_cluster"": 0, ""cluster_scores"": {""0"": 3.6540212631225586, ""1"": -1.0}, ""num_trusted"": 5, ""fallback_used"": false}"
126,apra,apra_trust_weighted_clip,"[3, 64, 35, 90, 78]",[],"{""base_clip"": 1.0, ""trust_weights"": {""3"": 0.25, ""64"": 0.25, ""35"": 0.0, ""90"": 0.25, ""78"": 0.25}, ""num_aggregated"": 5}"
127,apra,apra_mad_filter,"[3, 56, 98, 78, 5, 13, 86]","[32, 62, 55]","{""median_norm"": 0.45298920734650017, ""mad"": 0.03345568804236104, ""k"": 2.0, ""num_accepted"": 7, ""safety_keep_used"": false, ""fallback_used"": false}"
127,apra,apra_hierarchical_cluster,"[3, 56, 98, 78, 5, 86]",[13],"{""best_k"": 2, ""best_score"": 0.5479375123977661, ""selected_cluster"": 0, ""cluster_scores"": {""0"": 1.4739452600479126, ""1"": -1.0}, ""num_trusted"": 6, ""fallback_used"": false}"
127,apra,apra_trust_weighted_clip,"[3, 56, 98, 78, 5, 86]",[],"{""base_clip"": 1.0, ""trust_weights"": {""3"": 0.25, ""56"": 0.0, ""98"": 0.25, ""78"": 0.25, ""5"": 0.25, ""86"": 0.0}, ""num_aggregated"": 6}"
128,apra,apra_mad_filter,"[4, 99, 47, 20, 31, 10, 86, 90, 62, 41]",[],"{""median_norm"": 0.6992222881800219, ""mad"": 0.11044465220457111, ""k"": 2.0, ""num_accepted"": 10, ""safety_keep_used"": false, ""fallback_used"": false}"
128,apra,apra_hierarchical_cluster,"[4, 99, 47, 20, 10, 86, 90, 62, 41]",[31],"{""best_k"": 2, ""best_score"": 0.6363259553909302, ""selected_cluster"": 0, ""cluster_scores"": {""0"": 1.4572432041168213, ""1"": -1.0}, ""num_trusted"": 9, ""fallback_used"": false}"
128,apra,apra_trust_weighted_clip,"[4, 99, 47, 20, 10, 86, 90, 62, 41]",[],"{""base_clip"": 1.0, ""trust_weights"": {""4"": 0.0, ""99"": 0.1463940143585205, ""47"": 0.0, ""20"": 0.1463940143585205, ""10"": 0.12163593620061874, ""86"": 0.1463940143585205, ""90"": 0.1463940143585205, ""62"": 0.1463940143585205, ""41"": 0.1463940143585205}, ""num_aggregated"": 9}"
129,apra,apra_mad_filter,"[0, 33, 1, 73, 28, 61, 3, 11, 96, 15]",[],"{""median_norm"": 0.5904674891981884, ""mad"": 0.08018355174886127, ""k"": 2.0, ""num_accepted"": 10, ""safety_keep_used"": false, ""fallback_used"": false}"
129,apra,apra_hierarchical_cluster,"[0, 33, 1, 28, 61, 3, 11, 96, 15]",[73],"{""best_k"": 2, ""best_score"": 0.7118426561355591, ""selected_cluster"": 0, ""cluster_scores"": {""0"": 3.7734477519989014, ""1"": -1.0}, ""num_trusted"": 9, ""fallback_used"": false}"
129,apra,apra_trust_weighted_clip,"[0, 33, 1, 28, 61, 3, 11, 96, 15]",[],"{""base_clip"": 1.0, ""trust_weights"": {""0"": 0.0, ""33"": 0.125, ""1"": 0.125, ""28"": 0.125, ""61"": 0.125, ""3"": 0.125, ""11"": 0.125, ""96"": 0.125, ""15"": 0.125}, ""num_aggregated"": 9}"
130,apra,apra_mad_filter,"[4, 42, 80, 51, 72, 74, 90, 58, 35, 83]",[],"{""median_norm"": 0.5477885772280884, ""mad"": 0.05938601307216437, ""k"": 2.0, ""num_accepted"": 10, ""safety_keep_used"": false, ""fallback_used"": false}"
130,apra,apra_hierarchical_cluster,"[80, 51, 72, 74, 90, 58, 35, 83]","[4, 42]","{""best_k"": 2, ""best_score"": 0.4693388044834137, ""selected_cluster"": 1, ""cluster_scores"": {""0"": 1.4705716371536255, ""1"": 1.9456170797348022}, ""num_trusted"": 8, ""fallback_used"": false}"
130,apra,apra_trust_weighted_clip,"[80, 51, 72, 74, 90, 58, 35, 83]",[],"{""base_clip"": 1.0, ""trust_weights"": {""80"": 0.0307075884193182, ""51"": 0.0, ""72"": 0.19385848939418793, ""74"": 0.19385848939418793, ""90"": 0.19385848939418793, ""58"": 0.19385848939418793, ""35"": 0.0, ""83"": 0.19385848939418793}, ""num_aggregated"": 8}"
131,apra,apra_mad_filter,"[0, 80, 46, 73, 42, 85]","[95, 22, 3, 93]","{""median_norm"": 0.7533144470726636, ""mad"": 0.016827602556497623, ""k"": 2.0, ""num_accepted"": 6, ""safety_keep_used"": false, ""fallback_used"": false}"
131,apra,apra_hierarchical_cluster,"[73, 42]","[0, 80, 46, 85]","{""best_k"": 2, ""best_score"": 0.3547361195087433, ""selected_cluster"": 1, ""cluster_scores"": {""0"": 0.5661560297012329, ""1"": 1.7573692798614502}, ""num_trusted"": 2, ""fallback_used"": false}"
131,apra,apra_trust_weighted_clip,"[73, 42]",[],"{""base_clip"": 1.0, ""trust_weights"": {""73"": 0.5, ""42"": 0.5}, ""num_aggregated"": 2}"
132,apra,apra_mad_filter,"[2, 5, 77, 62, 74, 20, 65, 9, 68]",[45],"{""median_norm"": 0.6906091148539297, ""mad"": 0.05427412859835179, ""k"": 2.0, ""num_accepted"": 9, ""safety_keep_used"": false, ""fallback_used"": false}"
132,apra,apra_hierarchical_cluster,"[5, 77, 62, 65, 68]","[2, 74, 20, 9]","{""best_k"": 4, ""best_score"": 0.38386619091033936, ""selected_cluster"": 0, ""cluster_scores"": {""0"": 2.3941409587860107, ""1"": 1.9762530326843262, ""2"": -1.0, ""3"": -1.0}, ""num_trusted"": 5, ""fallback_used"": false}"
132,apra,apra_trust_weighted_clip,"[5, 77, 62, 65, 68]",[],"{""base_clip"": 1.0, ""trust_weights"": {""5"": 0.0, ""77"": 0.25, ""62"": 0.25, ""65"": 0.25, ""68"": 0.25}, ""num_aggregated"": 5}"
133,apra,apra_mad_filter,"[2, 58, 94, 20, 50, 51, 65, 7, 27]",[95],"{""median_norm"": 0.5220833944378808, ""mad"": 0.06249105015343451, ""k"": 2.0, ""num_accepted"": 9, ""safety_keep_used"": false, ""fallback_used"": false}"
133,apra,apra_hierarchical_cluster,"[58, 94, 50, 51, 27]","[2, 20, 65, 7]","{""best_k"": 3, ""best_score"": 0.2927679717540741, ""selected_cluster"": 1, ""cluster_scores"": {""0"": 1.5194875001907349, ""1"": 4.035312652587891, ""2"": -1.0}, ""num_trusted"": 5, ""fallback_used"": false}"
133,apra,apra_trust_weighted_clip,"[58, 94, 50, 51, 27]",[],"{""base_clip"": 1.0, ""trust_weights"": {""58"": 0.0, ""94"": 0.5, ""50"": 0.0, ""51"": 0.5, ""27"": 0.0}, ""num_aggregated"": 5}"
134,apra,apra_mad_filter,"[78, 82, 23, 37, 10, 55, 13, 77]","[4, 12]","{""median_norm"": 0.5526770319059058, ""mad"": 0.032434989916154344, ""k"": 2.0, ""num_accepted"": 8, ""safety_keep_used"": false, ""fallback_used"": false}"
134,apra,apra_hierarchical_cluster,"[78, 23, 37, 10, 55, 13, 77]",[82],"{""best_k"": 2, ""best_score"": 0.6169441938400269, ""selected_cluster"": 0, ""cluster_scores"": {""0"": 0.7712207436561584, ""1"": -1.0}, ""num_trusted"": 7, ""fallback_used"": false}"
134,apra,apra_trust_weighted_clip,"[78, 23, 37, 10, 55, 13, 77]",[],"{""base_clip"": 1.0, ""trust_weights"": {""78"": 0.20000000298023224, ""23"": 0.20000000298023224, ""37"": 0.0, ""10"": 0.0, ""55"": 0.20000000298023224, ""13"": 0.20000000298023224, ""77"": 0.20000000298023224}, ""num_aggregated"": 7}"
135,apra,apra_mad_filter,"[2, 35, 89, 82, 49, 23, 63]","[5, 93, 95]","{""median_norm"": 0.5109531946982688, ""mad"": 0.026202013521073847, ""k"": 2.0, ""num_accepted"": 7, ""safety_keep_used"": false, ""fallback_used"": false}"
135,apra,apra_hierarchical_cluster,"[2, 35, 89, 49, 23, 63]",[82],"{""best_k"": 2, ""best_score"": 0.5506619811058044, ""selected_cluster"": 0, ""cluster_scores"": {""0"": 3.6485273838043213, ""1"": -1.0}, ""num_trusted"": 6, ""fallback_used"": false}"
135,apra,apra_trust_weighted_clip,"[2, 35, 89, 49, 23, 63]",[],"{""base_clip"": 1.0, ""trust_weights"": {""2"": 0.0, ""35"": 0.0, ""89"": 0.25, ""49"": 0.25, ""23"": 0.25, ""63"": 0.25}, ""num_aggregated"": 6}"
136,apra,apra_mad_filter,"[4, 83, 79, 3, 66, 69, 95, 96, 84]",[7],"{""median_norm"": 0.6202761675689024, ""mad"": 0.037104054058283154, ""k"": 2.0, ""num_accepted"": 9, ""safety_keep_used"": false, ""fallback_used"": false}"
136,apra,apra_hierarchical_cluster,"[4, 83, 79, 3, 66, 69, 84]","[95, 96]","{""best_k"": 2, ""best_score"": 0.46668142080307007, ""selected_cluster"": 0, ""cluster_scores"": {""0"": 3.2646119594573975, ""1"": 1.7082092761993408}, ""num_trusted"": 7, ""fallback_used"": false}"
136,apra,apra_trust_weighted_clip,"[4, 83, 79, 3, 66, 69, 84]",[],"{""base_clip"": 1.0, ""trust_weights"": {""4"": 0.0, ""83"": 0.19272631406784058, ""79"": 0.20181840658187866, ""3"": 0.20181840658187866, ""66"": 0.20181840658187866, ""69"": 0.0, ""84"": 0.20181840658187866}, ""num_aggregated"": 7}"
137,apra,apra_mad_filter,"[3, 65, 26, 12, 98, 20, 86, 75]","[16, 59]","{""median_norm"": 0.48390519710229296, ""mad"": 0.03735050712952476, ""k"": 2.0, ""num_accepted"": 8, ""safety_keep_used"": false, ""fallback_used"": false}"
137,apra,apra_hierarchical_cluster,"[3, 65, 12, 98, 20, 86, 75]",[26],"{""best_k"": 2, ""best_score"": 0.5489811897277832, ""selected_cluster"": 0, ""cluster_scores"": {""0"": 2.970264434814453, ""1"": -1.0}, ""num_trusted"": 7, ""fallback_used"": false}"
137,apra,apra_trust_weighted_clip,"[3, 65, 12, 98, 20, 86, 75]",[],"{""base_clip"": 1.0, ""trust_weights"": {""3"": 0.1666666716337204, ""65"": 0.1666666716337204, ""12"": 0.1666666716337204, ""98"": 0.1666666716337204, ""20"": 0.0, ""86"": 0.1666666716337204, ""75"": 0.1666666716337204}, ""num_aggregated"": 7}"
138,apra,apra_mad_filter,"[2, 78, 18, 71, 20, 21, 27]","[31, 11, 24]","{""median_norm"": 0.5003099535700953, ""mad"": 0.08682771997647934, ""k"": 2.0, ""num_accepted"": 7, ""safety_keep_used"": false, ""fallback_used"": false}"
138,apra,apra_hierarchical_cluster,"[2, 78, 18, 71, 21, 27]",[20],"{""best_k"": 2, ""best_score"": 0.4643612504005432, ""selected_cluster"": 0, ""cluster_scores"": {""0"": 2.713724374771118, ""1"": -1.0}, ""num_trusted"": 6, ""fallback_used"": false}"
138,apra,apra_trust_weighted_clip,"[2, 78, 18, 71, 21, 27]",[],"{""base_clip"": 1.0, ""trust_weights"": {""2"": 0.20000000298023224, ""78"": 0.20000000298023224, ""18"": 0.20000000298023224, ""71"": 0.0, ""21"": 0.20000000298023224, ""27"": 0.20000000298023224}, ""num_aggregated"": 6}"
139,apra,apra_mad_filter,"[2, 50, 63, 64, 18, 45, 0, 89, 28]",[91],"{""median_norm"": 0.599185789436212, ""mad"": 0.0698023371916317, ""k"": 2.0, ""num_accepted"": 9, ""safety_keep_used"": false, ""fallback_used"": false}"
139,apra,apra_hierarchical_cluster,"[2, 50, 63, 64, 18, 45, 89, 28]",[0],"{""best_k"": 2, ""best_score"": 0.7044663429260254, ""selected_cluster"": 0, ""cluster_scores"": {""0"": 3.1325666904449463, ""1"": -1.0}, ""num_trusted"": 8, ""fallback_used"": false}"
139,apra,apra_trust_weighted_clip,"[2, 50, 63, 64, 18, 45, 89, 28]",[],"{""base_clip"": 1.0, ""trust_weights"": {""2"": 0.0, ""50"": 0.16243508458137512, ""63"": 0.025389477610588074, ""64"": 0.16243508458137512, ""18"": 0.16243508458137512, ""45"": 0.16243508458137512, ""89"": 0.16243508458137512, ""28"": 0.16243508458137512}, ""num_aggregated"": 8}"
140,apra,apra_mad_filter,"[97, 55, 16, 23, 89, 59, 90, 15]","[4, 45]","{""median_norm"": 0.4706665019882915, ""mad"": 0.021884289873542018, ""k"": 2.0, ""num_accepted"": 8, ""safety_keep_used"": false, ""fallback_used"": false}"
140,apra,apra_hierarchical_cluster,"[55, 16, 23, 89, 90, 15]","[97, 59]","{""best_k"": 2, ""best_score"": 0.6693807244300842, ""selected_cluster"": 1, ""cluster_scores"": {""0"": 1.7263431549072266, ""1"": 3.83782958984375}, ""num_trusted"": 6, ""fallback_used"": false}"
140,apra,apra_trust_weighted_clip,"[55, 16, 23, 89, 90, 15]",[],"{""base_clip"": 1.0, ""trust_weights"": {""55"": 0.0, ""16"": 0.20000000298023224, ""23"": 0.20000000298023224, ""89"": 0.20000000298023224, ""90"": 0.20000000298023224, ""15"": 0.20000000298023224}, ""num_aggregated"": 6}"
141,apra,apra_mad_filter,"[2, 12, 25, 36, 23, 64, 84, 91, 26]",[19],"{""median_norm"": 0.5194315495436618, ""mad"": 0.032650694771337835, ""k"": 2.0, ""num_accepted"": 9, ""safety_keep_used"": false, ""fallback_used"": false}"
141,apra,apra_hierarchical_cluster,"[12, 23, 64, 84, 91, 26]","[2, 25, 36]","{""best_k"": 3, ""best_score"": 0.5820086002349854, ""selected_cluster"": 0, ""cluster_scores"": {""0"": 4.05814790725708, ""1"": -1.0, ""2"": 1.9385308027267456}, ""num_trusted"": 6, ""fallback_used"": false}"
141,apra,apra_trust_weighted_clip,"[12, 23, 64, 84, 91, 26]",[],"{""base_clip"": 1.0, ""trust_weights"": {""12"": 0.20000000298023224, ""23"": 0.20000000298023224, ""64"": 0.20000000298023224, ""84"": 0.20000000298023224, ""91"": 0.20000000298023224, ""26"": 0.0}, ""num_aggregated"": 6}"
142,apra,apra_mad_filter,"[2, 84, 63, 30, 90, 33, 13, 87, 40]",[24],"{""median_norm"": 0.606879463775596, ""mad"": 0.09912037350171513, ""k"": 2.0, ""num_accepted"": 9, ""safety_keep_used"": false, ""fallback_used"": false}"
142,apra,apra_hierarchical_cluster,"[2, 84, 63, 90, 33, 13, 87, 40]",[30],"{""best_k"": 2, ""best_score"": 0.6152377128601074, ""selected_cluster"": 0, ""cluster_scores"": {""0"": 3.6496753692626953, ""1"": -1.0}, ""num_trusted"": 8, ""fallback_used"": false}"
142,apra,apra_trust_weighted_clip,"[2, 84, 63, 90, 33, 13, 87, 40]",[],"{""base_clip"": 1.0, ""trust_weights"": {""2"": 0.0, ""84"": 0.1666666716337204, ""63"": 0.1666666716337204, ""90"": 0.1666666716337204, ""33"": 0.1666666716337204, ""13"": 0.0, ""87"": 0.1666666716337204, ""40"": 0.1666666716337204}, ""num_aggregated"": 8}"
143,apra,apra_mad_filter,"[1, 2, 78, 33, 24, 5, 57, 77, 31, 62]",[],"{""median_norm"": 0.5231703527251508, ""mad"": 0.10098874086352203, ""k"": 2.0, ""num_accepted"": 10, ""safety_keep_used"": false, ""fallback_used"": false}"
143,apra,apra_hierarchical_cluster,"[1, 2, 78, 33, 24, 5, 57, 77, 62]",[31],"{""best_k"": 2, ""best_score"": 0.7047933340072632, ""selected_cluster"": 0, ""cluster_scores"": {""0"": 4.67573356628418, ""1"": -1.0}, ""num_trusted"": 9, ""fallback_used"": false}"
143,apra,apra_trust_weighted_clip,"[1, 2, 78, 33, 24, 5, 57, 77, 62]",[],"{""base_clip"": 1.0, ""trust_weights"": {""1"": 0.1428571492433548, ""2"": 0.0, ""78"": 0.1428571492433548, ""33"": 0.1428571492433548, ""24"": 0.1428571492433548, ""5"": 0.0, ""57"": 0.1428571492433548, ""77"": 0.1428571492433548, ""62"": 0.1428571492433548}, ""num_aggregated"": 9}"
144,apra,apra_mad_filter,"[2, 15, 84, 66, 59, 80, 91, 79]","[48, 9]","{""median_norm"": 0.5570825889036718, ""mad"": 0.0657114982195331, ""k"": 2.0, ""num_accepted"": 8, ""safety_keep_used"": false, ""fallback_used"": false}"
144,apra,apra_hierarchical_cluster,"[15, 84, 66, 59, 80, 91, 79]",[2],"{""best_k"": 2, ""best_score"": 0.6071873903274536, ""selected_cluster"": 0, ""cluster_scores"": {""0"": 2.369601249694824, ""1"": -1.0}, ""num_trusted"": 7, ""fallback_used"": false}"
144,apra,apra_trust_weighted_clip,"[15, 84, 66, 59, 80, 91, 79]",[],"{""base_clip"": 1.0, ""trust_weights"": {""15"": 0.0, ""84"": 0.21147876977920532, ""66"": 0.21147876977920532, ""59"": 0.07704244554042816, ""80"": 0.07704244554042816, ""91"": 0.21147876977920532, ""79"": 0.21147876977920532}, ""num_aggregated"": 7}"
145,apra,apra_mad_filter,"[2, 19, 44, 7, 85, 43, 73, 18, 29, 83]",[],"{""median_norm"": 0.6584516071858229, ""mad"": 0.11970358103097178, ""k"": 2.0, ""num_accepted"": 10, ""safety_keep_used"": false, ""fallback_used"": false}"
145,apra,apra_hierarchical_cluster,"[2, 19, 44, 7, 85, 43, 18, 29, 83]",[73],"{""best_k"": 2, ""best_score"": 0.4780333638191223, ""selected_cluster"": 0, ""cluster_scores"": {""0"": 2.2584099769592285, ""1"": -1.0}, ""num_trusted"": 9, ""fallback_used"": false}"
145,apra,apra_trust_weighted_clip,"[2, 19, 44, 7, 85, 43, 18, 29, 83]",[],"{""base_clip"": 1.0, ""trust_weights"": {""2"": 0.0, ""19"": 0.0, ""44"": 0.09435687959194183, ""7"": 0.1811286211013794, ""85"": 0.0, ""43"": 0.1811286211013794, ""18"": 0.1811286211013794, ""29"": 0.1811286211013794, ""83"": 0.1811286211013794}, ""num_aggregated"": 9}"
146,apra,apra_mad_filter,"[0, 99, 74, 47, 46, 89, 95, 71, 63]",[88],"{""median_norm"": 0.5671097335522226, ""mad"": 0.13038795522726332, ""k"": 2.0, ""num_accepted"": 9, ""safety_keep_used"": false, ""fallback_used"": false}"
146,apra,apra_hierarchical_cluster,"[99, 74, 47, 46, 89, 95, 71, 63]",[0],"{""best_k"": 2, ""best_score"": 0.6184552907943726, ""selected_cluster"": 0, ""cluster_scores"": {""0"": 3.883878469467163, ""1"": -1.0}, ""num_trusted"": 8, ""fallback_used"": false}"
146,apra,apra_trust_weighted_clip,"[99, 74, 47, 46, 89, 95, 71, 63]",[],"{""base_clip"": 1.0, ""trust_weights"": {""99"": 0.0, ""74"": 0.20000000298023224, ""47"": 0.0, ""46"": 0.20000000298023224, ""89"": 0.20000000298023224, ""95"": 0.0, ""71"": 0.20000000298023224, ""63"": 0.20000000298023224}, ""num_aggregated"": 8}"
147,apra,apra_mad_filter,"[3, 78, 91, 29, 51, 38, 86, 63, 27]",[24],"{""median_norm"": 0.49029713091538885, ""mad"": 0.0666035752680448, ""k"": 2.0, ""num_accepted"": 9, ""safety_keep_used"": false, ""fallback_used"": false}"
147,apra,apra_hierarchical_cluster,"[3, 78, 91, 29, 38, 86, 63, 27]",[51],"{""best_k"": 2, ""best_score"": 0.5189160704612732, ""selected_cluster"": 0, ""cluster_scores"": {""0"": 2.3775625228881836, ""1"": -1.0}, ""num_trusted"": 8, ""fallback_used"": false}"
147,apra,apra_trust_weighted_clip,"[3, 78, 91, 29, 38, 86, 63, 27]",[],"{""base_clip"": 1.0, ""trust_weights"": {""3"": 0.2525416910648346, ""78"": 0.0, ""91"": 0.2525416910648346, ""29"": 0.0, ""38"": 0.2525416910648346, ""86"": 0.15182600915431976, ""63"": 0.0415327213704586, ""27"": 0.04901619628071785}, ""num_aggregated"": 8}"
148,apra,apra_mad_filter,"[3, 75, 59, 20, 29, 93, 13]","[45, 67, 81]","{""median_norm"": 0.4813997583827361, ""mad"": 0.024262318120073817, ""k"": 2.0, ""num_accepted"": 7, ""safety_keep_used"": false, ""fallback_used"": false}"
148,apra,apra_hierarchical_cluster,"[3, 75, 20, 29, 93, 13]",[59],"{""best_k"": 2, ""best_score"": 0.49408701062202454, ""selected_cluster"": 0, ""cluster_scores"": {""0"": 0.4736410081386566, ""1"": -1.0}, ""num_trusted"": 6, ""fallback_used"": false}"
148,apra,apra_trust_weighted_clip,"[3, 75, 20, 29, 93, 13]",[],"{""base_clip"": 1.0, ""trust_weights"": {""3"": 0.204086035490036, ""75"": 0.204086035490036, ""20"": 0.18365587294101715, ""29"": 0.204086035490036, ""93"": 0.0, ""13"": 0.204086035490036}, ""num_aggregated"": 6}"
149,apra,apra_mad_filter,"[3, 10, 17, 75, 20, 11, 31, 42, 14]",[88],"{""median_norm"": 0.7285030687204939, ""mad"": 0.1768612292287105, ""k"": 2.0, ""num_accepted"": 9, ""safety_keep_used"": false, ""fallback_used"": false}"
149,apra,apra_hierarchical_cluster,"[3, 10, 17, 75, 20, 11, 42, 14]",[31],"{""best_k"": 2, ""best_score"": 0.6969752907752991, ""selected_cluster"": 0, ""cluster_scores"": {""0"": 6.302455902099609, ""1"": -1.0}, ""num_trusted"": 8, ""fallback_used"": false}"
149,apra,apra_trust_weighted_clip,"[3, 10, 17, 75, 20, 11, 42, 14]",[],"{""base_clip"": 1.0, ""trust_weights"": {""3"": 0.1428571492433548, ""10"": 0.0, ""17"": 0.1428571492433548, ""75"": 0.1428571492433548, ""20"": 0.1428571492433548, ""11"": 0.1428571492433548, ""42"": 0.1428571492433548, ""14"": 0.1428571492433548}, ""num_aggregated"": 8}"
150,apra,apra_mad_filter,"[0, 85, 82, 10, 31, 84, 7, 4]","[27, 14]","{""median_norm"": 0.6803218935634996, ""mad"": 0.04380040005338032, ""k"": 2.0, ""num_accepted"": 8, ""safety_keep_used"": false, ""fallback_used"": false}"
150,apra,apra_hierarchical_cluster,"[85, 82, 10, 31, 84, 7, 4]",[0],"{""best_k"": 2, ""best_score"": 0.48213112354278564, ""selected_cluster"": 0, ""cluster_scores"": {""0"": 1.3157919645309448, ""1"": -1.0}, ""num_trusted"": 7, ""fallback_used"": false}"
150,apra,apra_trust_weighted_clip,"[85, 82, 10, 31, 84, 7, 4]",[],"{""base_clip"": 1.0, ""trust_weights"": {""85"": 0.20000000298023224, ""82"": 0.20000000298023224, ""10"": 0.20000000298023224, ""31"": 0.0, ""84"": 0.20000000298023224, ""7"": 0.20000000298023224, ""4"": 0.0}, ""num_aggregated"": 7}"
151,apra,apra_mad_filter,"[3, 43, 25, 48, 98, 87, 6, 23, 34]",[52],"{""median_norm"": 0.5817548625556812, ""mad"": 0.0919781878262646, ""k"": 2.0, ""num_accepted"": 9, ""safety_keep_used"": false, ""fallback_used"": false}"
151,apra,apra_hierarchical_cluster,"[3, 43, 25, 98, 87, 6, 23, 34]",[48],"{""best_k"": 2, ""best_score"": 0.6736000776290894, ""selected_cluster"": 0, ""cluster_scores"": {""0"": 2.998671054840088, ""1"": -1.0}, ""num_trusted"": 8, ""fallback_used"": false}"
151,apra,apra_trust_weighted_clip,"[3, 43, 25, 98, 87, 6, 23, 34]",[],"{""base_clip"": 1.0, ""trust_weights"": {""3"": 0.1428571492433548, ""43"": 0.1428571492433548, ""25"": 0.0, ""98"": 0.1428571492433548, ""87"": 0.1428571492433548, ""6"": 0.1428571492433548, ""23"": 0.1428571492433548, ""34"": 0.1428571492433548}, ""num_aggregated"": 8}"
152,apra,apra_mad_filter,"[36, 68, 37, 92, 94, 14, 22, 28, 18]",[4],"{""median_norm"": 0.4792931897162344, ""mad"": 0.05026834245848555, ""k"": 2.0, ""num_accepted"": 9, ""safety_keep_used"": false, ""fallback_used"": false}"
152,apra,apra_hierarchical_cluster,"[68, 37, 92, 94, 14, 22, 28, 18]",[36],"{""best_k"": 2, ""best_score"": 0.6501651406288147, ""selected_cluster"": 0, ""cluster_scores"": {""0"": 4.181499481201172, ""1"": -1.0}, ""num_trusted"": 8, ""fallback_used"": false}"
152,apra,apra_trust_weighted_clip,"[68, 37, 92, 94, 14, 22, 28, 18]",[],"{""base_clip"": 1.0, ""trust_weights"": {""68"": 0.15375889837741852, ""37"": 0.0, ""92"": 0.07744662463665009, ""94"": 0.15375889837741852, ""14"": 0.15375889837741852, ""22"": 0.15375889837741852, ""28"": 0.15375889837741852, ""18"": 0.15375889837741852}, ""num_aggregated"": 8}"
153,apra,apra_mad_filter,"[1, 24, 30, 22, 5, 72, 62, 32, 68, 97]",[],"{""median_norm"": 0.5369396885935497, ""mad"": 0.06735908292770582, ""k"": 2.0, ""num_accepted"": 10, ""safety_keep_used"": false, ""fallback_used"": false}"
153,apra,apra_hierarchical_cluster,"[1, 24, 30, 22, 5, 72, 32, 68, 97]",[62],"{""best_k"": 2, ""best_score"": 0.47304868698120117, ""selected_cluster"": 0, ""cluster_scores"": {""0"": 0.8868800401687622, ""1"": -1.0}, ""num_trusted"": 9, ""fallback_used"": false}"
153,apra,apra_trust_weighted_clip,"[1, 24, 30, 22, 5, 72, 32, 68, 97]",[],"{""base_clip"": 1.0, ""trust_weights"": {""1"": 0.15960165858268738, ""24"": 0.0, ""30"": 0.10555577278137207, ""22"": 0.15960165858268738, ""5"": 0.15960165858268738, ""72"": 0.15960165858268738, ""32"": 0.0, ""68"": 0.15960165858268738, ""97"": 0.09643597900867462}, ""num_aggregated"": 9}"
154,apra,apra_mad_filter,"[91, 99, 97, 98, 93, 39]","[2, 61, 8, 74]","{""median_norm"": 0.49828132335219194, ""mad"": 0.018514117342862818, ""k"": 2.0, ""num_accepted"": 6, ""safety_keep_used"": false, ""fallback_used"": false}"
154,apra,apra_hierarchical_cluster,"[91, 97, 98, 93, 39]",[99],"{""best_k"": 2, ""best_score"": 0.401742547750473, ""selected_cluster"": 0, ""cluster_scores"": {""0"": 1.3731534481048584, ""1"": -1.0}, ""num_trusted"": 5, ""fallback_used"": false}"
154,apra,apra_trust_weighted_clip,"[91, 97, 98, 93, 39]",[],"{""base_clip"": 1.0, ""trust_weights"": {""91"": 0.0, ""97"": 0.48088499903678894, ""98"": 0.019114939495921135, ""93"": 0.48088499903678894, ""39"": 0.019114939495921135}, ""num_aggregated"": 5}"
155,apra,apra_mad_filter,"[1, 75, 14, 2, 68, 46, 57]","[32, 62, 72]","{""median_norm"": 0.678816738548135, ""mad"": 0.03206612893546362, ""k"": 2.0, ""num_accepted"": 7, ""safety_keep_used"": false, ""fallback_used"": false}"
155,apra,apra_hierarchical_cluster,"[1, 75, 14, 68, 46, 57]",[2],"{""best_k"": 2, ""best_score"": 0.636857807636261, ""selected_cluster"": 0, ""cluster_scores"": {""0"": 3.299894332885742, ""1"": -1.0}, ""num_trusted"": 6, ""fallback_used"": false}"
155,apra,apra_trust_weighted_clip,"[1, 75, 14, 68, 46, 57]",[],"{""base_clip"": 1.0, ""trust_weights"": {""1"": 0.20000000298023224, ""75"": 0.20000000298023224, ""14"": 0.20000000298023224, ""68"": 0.20000000298023224, ""46"": 0.0, ""57"": 0.20000000298023224}, ""num_aggregated"": 6}"
156,apra,apra_mad_filter,"[27, 80, 22, 16, 29, 15, 55]","[4, 62, 95]","{""median_norm"": 0.4569009134425618, ""mad"": 0.038010802589240555, ""k"": 2.0, ""num_accepted"": 7, ""safety_keep_used"": false, ""fallback_used"": false}"
156,apra,apra_hierarchical_cluster,"[27, 80, 22, 16, 29, 15]",[55],"{""best_k"": 2, ""best_score"": 0.6204944849014282, ""selected_cluster"": 0, ""cluster_scores"": {""0"": 5.400604248046875, ""1"": -1.0}, ""num_trusted"": 6, ""fallback_used"": false}"
156,apra,apra_trust_weighted_clip,"[27, 80, 22, 16, 29, 15]",[],"{""base_clip"": 1.0, ""trust_weights"": {""27"": 0.20238642394542694, ""80"": 0.20238642394542694, ""22"": 0.20238642394542694, ""16"": 0.20238642394542694, ""29"": 0.0, ""15"": 0.19045430421829224}, ""num_aggregated"": 6}"
157,apra,apra_mad_filter,"[4, 24, 18, 49, 84, 7, 67, 0, 80, 77]",[],"{""median_norm"": 0.598098220372544, ""mad"": 0.09219392375968555, ""k"": 2.0, ""num_accepted"": 10, ""safety_keep_used"": false, ""fallback_used"": false}"
157,apra,apra_hierarchical_cluster,"[4, 24, 18, 49, 84, 7, 67, 80, 77]",[0],"{""best_k"": 2, ""best_score"": 0.7184913754463196, ""selected_cluster"": 0, ""cluster_scores"": {""0"": 3.523393392562866, ""1"": -1.0}, ""num_trusted"": 9, ""fallback_used"": false}"
157,apra,apra_trust_weighted_clip,"[4, 24, 18, 49, 84, 7, 67, 80, 77]",[],"{""base_clip"": 1.0, ""trust_weights"": {""4"": 0.0, ""24"": 0.1666666716337204, ""18"": 0.0, ""49"": 0.1666666716337204, ""84"": 0.1666666716337204, ""7"": 0.1666666716337204, ""67"": 0.0, ""80"": 0.1666666716337204, ""77"": 0.1666666716337204}, ""num_aggregated"": 9}"
158,apra,apra_mad_filter,"[58, 9, 14, 80, 30, 10, 70, 39]","[1, 48]","{""median_norm"": 0.554864092718964, ""mad"": 0.03520764354840422, ""k"": 2.0, ""num_accepted"": 8, ""safety_keep_used"": false, ""fallback_used"": false}"
158,apra,apra_hierarchical_cluster,"[58, 9, 14, 80, 30, 70, 39]",[10],"{""best_k"": 2, ""best_score"": 0.6330856084823608, ""selected_cluster"": 0, ""cluster_scores"": {""0"": 3.709351062774658, ""1"": -1.0}, ""num_trusted"": 7, ""fallback_used"": false}"
158,apra,apra_trust_weighted_clip,"[58, 9, 14, 80, 30, 70, 39]",[],"{""base_clip"": 1.0, ""trust_weights"": {""58"": 0.14662207663059235, ""9"": 0.20160870254039764, ""14"": 0.20160870254039764, ""80"": 0.20160870254039764, ""30"": 0.0, ""70"": 0.20160870254039764, ""39"": 0.046943195164203644}, ""num_aggregated"": 7}"
159,apra,apra_mad_filter,"[2, 92, 77, 70, 72, 99, 32, 0, 26]",[57],"{""median_norm"": 0.7044193182531153, ""mad"": 0.030472132489944626, ""k"": 2.0, ""num_accepted"": 9, ""safety_keep_used"": false, ""fallback_used"": false}"
159,apra,apra_hierarchical_cluster,"[2, 92, 77, 70, 72, 99, 26]","[32, 0]","{""best_k"": 3, ""best_score"": 0.4693347215652466, ""selected_cluster"": 0, ""cluster_scores"": {""0"": 3.247840404510498, ""1"": -1.0, ""2"": -1.0}, ""num_trusted"": 7, ""fallback_used"": false}"
159,apra,apra_trust_weighted_clip,"[2, 92, 77, 70, 72, 99, 26]",[],"{""base_clip"": 1.0, ""trust_weights"": {""2"": 0.0, ""92"": 0.25, ""77"": 0.25, ""70"": 0.25, ""72"": 0.25, ""99"": 0.0, ""26"": 0.0}, ""num_aggregated"": 7}"
160,apra,apra_mad_filter,"[2, 84, 57, 30, 70, 16, 13, 29, 27]",[95],"{""median_norm"": 0.5398563522235114, ""mad"": 0.08110860181275964, ""k"": 2.0, ""num_accepted"": 9, ""safety_keep_used"": false, ""fallback_used"": false}"
160,apra,apra_hierarchical_cluster,"[84, 57, 30, 70, 16, 13, 29, 27]",[2],"{""best_k"": 2, ""best_score"": 0.5366919636726379, ""selected_cluster"": 0, ""cluster_scores"": {""0"": 3.8642444610595703, ""1"": -1.0}, ""num_trusted"": 8, ""fallback_used"": false}"
160,apra,apra_trust_weighted_clip,"[84, 57, 30, 70, 16, 13, 29, 27]",[],"{""base_clip"": 1.0, ""trust_weights"": {""84"": 0.1428571492433548, ""57"": 0.1428571492433548, ""30"": 0.1428571492433548, ""70"": 0.0, ""16"": 0.1428571492433548, ""13"": 0.1428571492433548, ""29"": 0.1428571492433548, ""27"": 0.1428571492433548}, ""num_aggregated"": 8}"
161,apra,apra_mad_filter,"[3, 8, 86, 33, 74, 35, 51, 22, 40]",[47],"{""median_norm"": 0.5280530807856807, ""mad"": 0.0867949492175194, ""k"": 2.0, ""num_accepted"": 9, ""safety_keep_used"": false, ""fallback_used"": false}"
161,apra,apra_hierarchical_cluster,"[3, 8, 86, 33, 74, 35, 22, 40]",[51],"{""best_k"": 2, ""best_score"": 0.6198731064796448, ""selected_cluster"": 0, ""cluster_scores"": {""0"": 2.5488972663879395, ""1"": -1.0}, ""num_trusted"": 8, ""fallback_used"": false}"
161,apra,apra_trust_weighted_clip,"[3, 8, 86, 33, 74, 35, 22, 40]",[],"{""base_clip"": 1.0, ""trust_weights"": {""3"": 0.0, ""8"": 0.0, ""86"": 0.1666666716337204, ""33"": 0.1666666716337204, ""74"": 0.1666666716337204, ""35"": 0.1666666716337204, ""22"": 0.1666666716337204, ""40"": 0.1666666716337204}, ""num_aggregated"": 8}"
162,apra,apra_mad_filter,"[2, 4, 57, 63, 1, 42, 30, 46, 84]",[40],"{""median_norm"": 0.5629540071460799, ""mad"": 0.06355847111621704, ""k"": 2.0, ""num_accepted"": 9, ""safety_keep_used"": false, ""fallback_used"": false}"
162,apra,apra_hierarchical_cluster,"[2, 4, 57, 63, 1, 30, 46, 84]",[42],"{""best_k"": 2, ""best_score"": 0.364595890045166, ""selected_cluster"": 0, ""cluster_scores"": {""0"": 0.12418823689222336, ""1"": -1.0}, ""num_trusted"": 8, ""fallback_used"": false}"
162,apra,apra_trust_weighted_clip,"[2, 4, 57, 63, 1, 30, 46, 84]",[],"{""base_clip"": 1.0, ""trust_weights"": {""2"": 0.0, ""4"": 0.09325138479471207, ""57"": 0.17805230617523193, ""63"": 0.17805230617523193, ""1"": 0.10128800570964813, ""30"": 0.09325138479471207, ""46"": 0.17805230617523193, ""84"": 0.17805230617523193}, ""num_aggregated"": 8}"
163,apra,apra_mad_filter,"[4, 67, 27, 34, 71, 93, 13, 86, 16]",[17],"{""median_norm"": 0.49821981940825744, ""mad"": 0.07230431772468102, ""k"": 2.0, ""num_accepted"": 9, ""safety_keep_used"": false, ""fallback_used"": false}"
163,apra,apra_hierarchical_cluster,"[27, 34, 71, 93, 13, 86, 16]","[4, 67]","{""best_k"": 2, ""best_score"": 0.3884844183921814, ""selected_cluster"": 0, ""cluster_scores"": {""0"": 2.3014848232269287, ""1"": 1.6509277820587158}, ""num_trusted"": 7, ""fallback_used"": false}"
163,apra,apra_trust_weighted_clip,"[27, 34, 71, 93, 13, 86, 16]",[],"{""base_clip"": 1.0, ""trust_weights"": {""27"": 0.24858476221561432, ""34"": 0.24858476221561432, ""71"": 0.0, ""93"": 0.005660983268171549, ""13"": 0.24858476221561432, ""86"": 0.24858476221561432, ""16"": 0.0}, ""num_aggregated"": 7}"
164,apra,apra_mad_filter,"[4, 3, 86, 72, 23, 73, 84, 96, 30, 67]",[],"{""median_norm"": 0.6413004618067613, ""mad"": 0.074113852009009, ""k"": 2.0, ""num_accepted"": 10, ""safety_keep_used"": false, ""fallback_used"": false}"
164,apra,apra_hierarchical_cluster,"[4, 3, 86, 72, 23, 73, 84, 30, 67]",[96],"{""best_k"": 2, ""best_score"": 0.7906668186187744, ""selected_cluster"": 0, ""cluster_scores"": {""0"": 6.198436737060547, ""1"": -1.0}, ""num_trusted"": 9, ""fallback_used"": false}"
164,apra,apra_trust_weighted_clip,"[4, 3, 86, 72, 23, 73, 84, 30, 67]",[],"{""base_clip"": 1.0, ""trust_weights"": {""4"": 0.125, ""3"": 0.125, ""86"": 0.125, ""72"": 0.0, ""23"": 0.125, ""73"": 0.125, ""84"": 0.125, ""30"": 0.125, ""67"": 0.125}, ""num_aggregated"": 9}"
165,apra,apra_mad_filter,"[2, 8, 18, 94, 69, 36, 62, 76]","[63, 71]","{""median_norm"": 0.5763097511010873, ""mad"": 0.02912879266683882, ""k"": 2.0, ""num_accepted"": 8, ""safety_keep_used"": false, ""fallback_used"": false}"
165,apra,apra_hierarchical_cluster,"[2, 18, 94, 69, 62, 76]","[8, 36]","{""best_k"": 2, ""best_score"": 0.4860581159591675, ""selected_cluster"": 0, ""cluster_scores"": {""0"": 2.8266072273254395, ""1"": 1.6621787548065186}, ""num_trusted"": 6, ""fallback_used"": false}"
165,apra,apra_trust_weighted_clip,"[2, 18, 94, 69, 62, 76]",[],"{""base_clip"": 1.0, ""trust_weights"": {""2"": 0.25, ""18"": 0.25, ""94"": 0.25, ""69"": 0.0, ""62"": 0.0, ""76"": 0.25}, ""num_aggregated"": 6}"
166,apra,apra_mad_filter,"[1, 66, 95, 46, 29, 60, 9]","[44, 63, 48]","{""median_norm"": 0.5428160881783943, ""mad"": 0.028989054024933347, ""k"": 2.0, ""num_accepted"": 7, ""safety_keep_used"": false, ""fallback_used"": false}"
166,apra,apra_hierarchical_cluster,"[1, 66, 46, 29, 60, 9]",[95],"{""best_k"": 2, ""best_score"": 0.5621206164360046, ""selected_cluster"": 0, ""cluster_scores"": {""0"": 2.2139742374420166, ""1"": -1.0}, ""num_trusted"": 6, ""fallback_used"": false}"
166,apra,apra_trust_weighted_clip,"[1, 66, 46, 29, 60, 9]",[],"{""base_clip"": 1.0, ""trust_weights"": {""1"": 0.20000000298023224, ""66"": 0.20000000298023224, ""46"": 0.20000000298023224, ""29"": 0.20000000298023224, ""60"": 0.20000000298023224, ""9"": 0.0}, ""num_aggregated"": 6}"
167,apra,apra_mad_filter,"[3, 99, 38, 13, 42, 28, 96, 58]","[31, 5]","{""median_norm"": 0.5611287420807346, ""mad"": 0.08852163541010832, ""k"": 2.0, ""num_accepted"": 8, ""safety_keep_used"": false, ""fallback_used"": false}"
167,apra,apra_hierarchical_cluster,"[3, 38, 13, 42, 28, 96, 58]",[99],"{""best_k"": 2, ""best_score"": 0.43441668152809143, ""selected_cluster"": 0, ""cluster_scores"": {""0"": 3.8696796894073486, ""1"": -1.0}, ""num_trusted"": 7, ""fallback_used"": false}"
167,apra,apra_trust_weighted_clip,"[3, 38, 13, 42, 28, 96, 58]",[],"{""base_clip"": 1.0, ""trust_weights"": {""3"": 0.25, ""38"": 0.25, ""13"": 0.0, ""42"": 0.0, ""28"": 0.25, ""96"": 0.25, ""58"": 0.0}, ""num_aggregated"": 7}"
168,apra,apra_mad_filter,"[0, 49, 53, 54, 64, 8, 83, 85, 90]",[88],"{""median_norm"": 0.6357466142268746, ""mad"": 0.1437260031074519, ""k"": 2.0, ""num_accepted"": 9, ""safety_keep_used"": false, ""fallback_used"": false}"
168,apra,apra_hierarchical_cluster,"[49, 53, 64, 8, 83, 85, 90]","[0, 54]","{""best_k"": 3, ""best_score"": 0.6917871832847595, ""selected_cluster"": 0, ""cluster_scores"": {""0"": 6.53811502456665, ""1"": -1.0, ""2"": -1.0}, ""num_trusted"": 7, ""fallback_used"": false}"
168,apra,apra_trust_weighted_clip,"[49, 53, 64, 8, 83, 85, 90]",[],"{""base_clip"": 1.0, ""trust_weights"": {""49"": 0.1666666716337204, ""53"": 0.1666666716337204, ""64"": 0.1666666716337204, ""8"": 0.0, ""83"": 0.1666666716337204, ""85"": 0.1666666716337204, ""90"": 0.1666666716337204}, ""num_aggregated"": 7}"
169,apra,apra_mad_filter,"[3, 28, 98, 13, 74, 9, 92]","[30, 12, 56]","{""median_norm"": 0.4895442005706179, ""mad"": 0.024753864630158523, ""k"": 2.0, ""num_accepted"": 7, ""safety_keep_used"": false, ""fallback_used"": false}"
169,apra,apra_hierarchical_cluster,"[3, 98, 13, 74, 9, 92]",[28],"{""best_k"": 2, ""best_score"": 0.54694664478302, ""selected_cluster"": 0, ""cluster_scores"": {""0"": 3.7145557403564453, ""1"": -1.0}, ""num_trusted"": 6, ""fallback_used"": false}"
169,apra,apra_trust_weighted_clip,"[3, 98, 13, 74, 9, 92]",[],"{""base_clip"": 1.0, ""trust_weights"": {""3"": 0.052734144032001495, ""98"": 0.23681648075580597, ""13"": 0.23681648075580597, ""74"": 0.23681648075580597, ""9"": 0.23681648075580597, ""92"": 0.0}, ""num_aggregated"": 6}"
170,apra,apra_mad_filter,"[0, 14, 76, 43, 44, 96, 29, 4, 77, 32]",[],"{""median_norm"": 0.6796831627904298, ""mad"": 0.09745490813000751, ""k"": 2.0, ""num_accepted"": 10, ""safety_keep_used"": false, ""fallback_used"": false}"
170,apra,apra_hierarchical_cluster,"[14, 76, 43, 44, 96, 29, 4, 77]","[0, 32]","{""best_k"": 2, ""best_score"": 0.6256710290908813, ""selected_cluster"": 0, ""cluster_scores"": {""0"": 4.498935699462891, ""1"": 1.7300068140029907}, ""num_trusted"": 8, ""fallback_used"": false}"
170,apra,apra_trust_weighted_clip,"[14, 76, 43, 44, 96, 29, 4, 77]",[],"{""base_clip"": 1.0, ""trust_weights"": {""14"": 0.170630544424057, ""76"": 0.170630544424057, ""43"": 0.170630544424057, ""44"": 0.0, ""96"": 0.04265302047133446, ""29"": 0.170630544424057, ""4"": 0.10419425368309021, ""77"": 0.170630544424057}, ""num_aggregated"": 8}"
171,apra,apra_mad_filter,"[3, 27, 93, 15, 33, 8, 63]","[25, 88, 30]","{""median_norm"": 0.5796929027269468, ""mad"": 0.01725683497132502, ""k"": 2.0, ""num_accepted"": 7, ""safety_keep_used"": false, ""fallback_used"": false}"
171,apra,apra_hierarchical_cluster,"[3, 27, 93, 15, 33, 63]",[8],"{""best_k"": 2, ""best_score"": 0.5721100568771362, ""selected_cluster"": 0, ""cluster_scores"": {""0"": 4.192893028259277, ""1"": -1.0}, ""num_trusted"": 6, ""fallback_used"": false}"
171,apra,apra_trust_weighted_clip,"[3, 27, 93, 15, 33, 63]",[],"{""base_clip"": 1.0, ""trust_weights"": {""3"": 0.20000000298023224, ""27"": 0.20000000298023224, ""93"": 0.20000000298023224, ""15"": 0.0, ""33"": 0.20000000298023224, ""63"": 0.20000000298023224}, ""num_aggregated"": 6}"
172,apra,apra_mad_filter,"[10, 60, 1, 28, 63, 74, 81, 84]","[3, 80]","{""median_norm"": 0.55903843099195, ""mad"": 0.04188540345974917, ""k"": 2.0, ""num_accepted"": 8, ""safety_keep_used"": false, ""fallback_used"": false}"
172,apra,apra_hierarchical_cluster,"[60, 1, 28, 63, 74, 81, 84]",[10],"{""best_k"": 2, ""best_score"": 0.6501177549362183, ""selected_cluster"": 0, ""cluster_scores"": {""0"": 2.120215892791748, ""1"": -1.0}, ""num_trusted"": 7, ""fallback_used"": false}"
172,apra,apra_trust_weighted_clip,"[60, 1, 28, 63, 74, 81, 84]",[],"{""base_clip"": 1.0, ""trust_weights"": {""60"": 0.1983194500207901, ""1"": 0.1033611074090004, ""28"": 0.0, ""63"": 0.1983194500207901, ""74"": 0.1983194500207901, ""81"": 0.1033611074090004, ""84"": 0.1983194500207901}, ""num_aggregated"": 7}"
173,apra,apra_mad_filter,"[1, 4, 13, 69, 75, 18, 7, 2, 37]",[54],"{""median_norm"": 0.501571237959547, ""mad"": 0.07518288499242701, ""k"": 2.0, ""num_accepted"": 9, ""safety_keep_used"": false, ""fallback_used"": false}"
173,apra,apra_hierarchical_cluster,"[1, 13, 69, 75, 18, 7, 2, 37]",[4],"{""best_k"": 2, ""best_score"": 0.5825592279434204, ""selected_cluster"": 0, ""cluster_scores"": {""0"": 2.6408140659332275, ""1"": -1.0}, ""num_trusted"": 8, ""fallback_used"": false}"
173,apra,apra_trust_weighted_clip,"[1, 13, 69, 75, 18, 7, 2, 37]",[],"{""base_clip"": 1.0, ""trust_weights"": {""1"": 0.1666666716337204, ""13"": 0.1666666716337204, ""69"": 0.1666666716337204, ""75"": 0.0, ""18"": 0.1666666716337204, ""7"": 0.1666666716337204, ""2"": 0.0, ""37"": 0.1666666716337204}, ""num_aggregated"": 8}"
174,apra,apra_mad_filter,"[2, 67, 6, 62, 19, 51, 24, 35]","[17, 13]","{""median_norm"": 0.7092879807191588, ""mad"": 0.07180000147582549, ""k"": 2.0, ""num_accepted"": 8, ""safety_keep_used"": false, ""fallback_used"": false}"
174,apra,apra_hierarchical_cluster,"[67, 6, 62, 19, 51, 24, 35]",[2],"{""best_k"": 2, ""best_score"": 0.3704689145088196, ""selected_cluster"": 0, ""cluster_scores"": {""0"": 0.7416970133781433, ""1"": -1.0}, ""num_trusted"": 7, ""fallback_used"": false}"
174,apra,apra_trust_weighted_clip,"[67, 6, 62, 19, 51, 24, 35]",[],"{""base_clip"": 1.0, ""trust_weights"": {""67"": 0.2621523141860962, ""6"": 0.2621523141860962, ""62"": 0.10677152872085571, ""19"": 0.10677152872085571, ""51"": 0.0, ""24"": 0.0, ""35"": 0.2621523141860962}, ""num_aggregated"": 7}"
175,apra,apra_mad_filter,"[3, 89, 39, 17, 56, 72, 35, 62, 32, 19]",[],"{""median_norm"": 0.5526288515218853, ""mad"": 0.07020098575281164, ""k"": 2.0, ""num_accepted"": 10, ""safety_keep_used"": false, ""fallback_used"": false}"
175,apra,apra_hierarchical_cluster,"[3, 89, 39, 17, 56, 72, 35, 19]","[62, 32]","{""best_k"": 3, ""best_score"": 0.4856906831264496, ""selected_cluster"": 0, ""cluster_scores"": {""0"": 1.9732410907745361, ""1"": -1.0, ""2"": -1.0}, ""num_trusted"": 8, ""fallback_used"": false}"
175,apra,apra_trust_weighted_clip,"[3, 89, 39, 17, 56, 72, 35, 19]",[],"{""base_clip"": 1.0, ""trust_weights"": {""3"": 0.1428571492433548, ""89"": 0.1428571492433548, ""39"": 0.1428571492433548, ""17"": 0.1428571492433548, ""56"": 0.0, ""72"": 0.1428571492433548, ""35"": 0.1428571492433548, ""19"": 0.1428571492433548}, ""num_aggregated"": 8}"
176,apra,apra_mad_filter,"[2, 42, 99, 55, 43, 18, 78]","[8, 74, 85]","{""median_norm"": 0.5030664582584565, ""mad"": 0.03695527801941584, ""k"": 2.0, ""num_accepted"": 7, ""safety_keep_used"": false, ""fallback_used"": false}"
176,apra,apra_hierarchical_cluster,"[2, 42, 55, 43, 18, 78]",[99],"{""best_k"": 2, ""best_score"": 0.5169283151626587, ""selected_cluster"": 0, ""cluster_scores"": {""0"": 3.4745335578918457, ""1"": -1.0}, ""num_trusted"": 6, ""fallback_used"": false}"
176,apra,apra_trust_weighted_clip,"[2, 42, 55, 43, 18, 78]",[],"{""base_clip"": 1.0, ""trust_weights"": {""2"": 0.3333333432674408, ""42"": 0.0, ""55"": 0.0, ""43"": 0.3333333432674408, ""18"": 0.0, ""78"": 0.3333333432674408}, ""num_aggregated"": 6}"
177,apra,apra_mad_filter,"[43, 92, 29, 50, 57, 80, 82, 16]","[0, 17]","{""median_norm"": 0.5312912069140922, ""mad"": 0.05864575044957976, ""k"": 2.0, ""num_accepted"": 8, ""safety_keep_used"": false, ""fallback_used"": false}"
177,apra,apra_hierarchical_cluster,"[43, 92, 50, 57, 16]","[29, 80, 82]","{""best_k"": 3, ""best_score"": 0.5476251244544983, ""selected_cluster"": 2, ""cluster_scores"": {""0"": 1.5595686435699463, ""1"": -1.0, ""2"": 4.972415924072266}, ""num_trusted"": 5, ""fallback_used"": false}"
177,apra,apra_trust_weighted_clip,"[43, 92, 50, 57, 16]",[],"{""base_clip"": 1.0, ""trust_weights"": {""43"": 0.43531501293182373, ""92"": 0.43531501293182373, ""50"": 0.0, ""57"": 0.12937000393867493, ""16"": 0.0}, ""num_aggregated"": 5}"
178,apra,apra_mad_filter,"[0, 58, 21, 96, 94, 5, 80, 45, 62, 71]",[],"{""median_norm"": 0.5704976897902803, ""mad"": 0.06356402833344554, ""k"": 2.0, ""num_accepted"": 10, ""safety_keep_used"": false, ""fallback_used"": false}"
178,apra,apra_hierarchical_cluster,"[58, 21, 96, 94, 5, 80, 45, 62, 71]",[0],"{""best_k"": 2, ""best_score"": 0.623926043510437, ""selected_cluster"": 0, ""cluster_scores"": {""0"": 3.2858471870422363, ""1"": -1.0}, ""num_trusted"": 9, ""fallback_used"": false}"
178,apra,apra_trust_weighted_clip,"[58, 21, 96, 94, 5, 80, 45, 62, 71]",[],"{""base_clip"": 1.0, ""trust_weights"": {""58"": 0.125, ""21"": 0.125, ""96"": 0.125, ""94"": 0.125, ""5"": 0.125, ""80"": 0.125, ""45"": 0.125, ""62"": 0.0, ""71"": 0.125}, ""num_aggregated"": 9}"
179,apra,apra_mad_filter,"[4, 2, 30, 41, 90, 42, 1, 69]","[13, 73]","{""median_norm"": 0.5912493865128827, ""mad"": 0.03252196183042683, ""k"": 2.0, ""num_accepted"": 8, ""safety_keep_used"": false, ""fallback_used"": false}"
179,apra,apra_hierarchical_cluster,"[4, 2, 30, 90, 42, 1, 69]",[41],"{""best_k"": 2, ""best_score"": 0.33289480209350586, ""selected_cluster"": 0, ""cluster_scores"": {""0"": 1.6640743017196655, ""1"": -1.0}, ""num_trusted"": 7, ""fallback_used"": false}"
179,apra,apra_trust_weighted_clip,"[4, 2, 30, 90, 42, 1, 69]",[],"{""base_clip"": 1.0, ""trust_weights"": {""4"": 0.2667883634567261, ""2"": 0.0, ""30"": 0.0, ""90"": 0.2667883634567261, ""42"": 0.0, ""1"": 0.2667883634567261, ""69"": 0.19963492453098297}, ""num_aggregated"": 7}"
180,apra,apra_mad_filter,"[4, 97, 70, 96, 34, 36, 42, 56, 91]",[54],"{""median_norm"": 0.5148859713348741, ""mad"": 0.03800969334195689, ""k"": 2.0, ""num_accepted"": 9, ""safety_keep_used"": false, ""fallback_used"": false}"
180,apra,apra_hierarchical_cluster,"[4, 97, 70, 96, 34, 42, 56, 91]",[36],"{""best_k"": 2, ""best_score"": 0.5710665583610535, ""selected_cluster"": 0, ""cluster_scores"": {""0"": 4.895319938659668, ""1"": -1.0}, ""num_trusted"": 8, ""fallback_used"": false}"
180,apra,apra_trust_weighted_clip,"[4, 97, 70, 96, 34, 42, 56, 91]",[],"{""base_clip"": 1.0, ""trust_weights"": {""4"": 0.0852772444486618, ""97"": 0.18294455111026764, ""70"": 0.18294455111026764, ""96"": 0.18294455111026764, ""34"": 0.18294455111026764, ""42"": 0.0, ""56"": 0.0, ""91"": 0.18294455111026764}, ""num_aggregated"": 8}"
181,apra,apra_mad_filter,"[3, 96, 90, 69, 94, 58, 34, 38]","[93, 11]","{""median_norm"": 0.46998737775357136, ""mad"": 0.02455135974462022, ""k"": 2.0, ""num_accepted"": 8, ""safety_keep_used"": false, ""fallback_used"": false}"
181,apra,apra_hierarchical_cluster,"[3, 96, 90, 94, 58, 34, 38]",[69],"{""best_k"": 2, ""best_score"": 0.4763292372226715, ""selected_cluster"": 0, ""cluster_scores"": {""0"": 0.8336408138275146, ""1"": -1.0}, ""num_trusted"": 7, ""fallback_used"": false}"
181,apra,apra_trust_weighted_clip,"[3, 96, 90, 94, 58, 34, 38]",[],"{""base_clip"": 1.0, ""trust_weights"": {""3"": 0.35933512449264526, ""96"": 0.0, ""90"": 0.0, ""94"": 0.0, ""58"": 0.2813297212123871, ""34"": 0.35933512449264526, ""38"": 0.0}, ""num_aggregated"": 7}"
182,apra,apra_mad_filter,"[1, 5, 41, 34, 8, 82, 47, 11, 48, 89]",[],"{""median_norm"": 0.6398391367689431, ""mad"": 0.0892759608499546, ""k"": 2.0, ""num_accepted"": 10, ""safety_keep_used"": false, ""fallback_used"": false}"
182,apra,apra_hierarchical_cluster,"[1, 5, 34, 8, 82, 47, 11, 48, 89]",[41],"{""best_k"": 2, ""best_score"": 0.5223833322525024, ""selected_cluster"": 0, ""cluster_scores"": {""0"": 2.4706673622131348, ""1"": -1.0}, ""num_trusted"": 9, ""fallback_used"": false}"
182,apra,apra_trust_weighted_clip,"[1, 5, 34, 8, 82, 47, 11, 48, 89]",[],"{""base_clip"": 1.0, ""trust_weights"": {""1"": 0.14219021797180176, ""5"": 0.0, ""34"": 0.14219021797180176, ""8"": 0.14219021797180176, ""82"": 0.14219021797180176, ""47"": 0.004668494686484337, ""11"": 0.14219021797180176, ""48"": 0.14219021797180176, ""89"": 0.14219021797180176}, ""num_aggregated"": 9}"
183,apra,apra_mad_filter,"[2, 54, 62, 36, 1, 73, 23, 7, 15, 94]",[],"{""median_norm"": 0.5526521311642816, ""mad"": 0.09592606822720218, ""k"": 2.0, ""num_accepted"": 10, ""safety_keep_used"": false, ""fallback_used"": false}"
183,apra,apra_hierarchical_cluster,"[2, 62, 36, 1, 73, 23, 7, 15, 94]",[54],"{""best_k"": 2, ""best_score"": 0.7027875185012817, ""selected_cluster"": 0, ""cluster_scores"": {""0"": 3.1742136478424072, ""1"": -1.0}, ""num_trusted"": 9, ""fallback_used"": false}"
183,apra,apra_trust_weighted_clip,"[2, 62, 36, 1, 73, 23, 7, 15, 94]",[],"{""base_clip"": 1.0, ""trust_weights"": {""2"": 0.0, ""62"": 0.0, ""36"": 0.1666666716337204, ""1"": 0.1666666716337204, ""73"": 0.0, ""23"": 0.1666666716337204, ""7"": 0.1666666716337204, ""15"": 0.1666666716337204, ""94"": 0.1666666716337204}, ""num_aggregated"": 9}"
184,apra,apra_mad_filter,"[3, 83, 64, 41, 77, 95, 87, 32, 4]",[5],"{""median_norm"": 0.6101678399292438, ""mad"": 0.13795070710776214, ""k"": 2.0, ""num_accepted"": 9, ""safety_keep_used"": false, ""fallback_used"": false}"
184,apra,apra_hierarchical_cluster,"[3, 83, 64, 77, 87, 32]","[41, 95, 4]","{""best_k"": 3, ""best_score"": 0.7443165183067322, ""selected_cluster"": 0, ""cluster_scores"": {""0"": 5.732739448547363, ""1"": 1.9666662216186523, ""2"": -1.0}, ""num_trusted"": 6, ""fallback_used"": false}"
184,apra,apra_trust_weighted_clip,"[3, 83, 64, 77, 87, 32]",[],"{""base_clip"": 1.0, ""trust_weights"": {""3"": 0.0, ""83"": 0.25, ""64"": 0.25, ""77"": 0.25, ""87"": 0.25, ""32"": 0.0}, ""num_aggregated"": 6}"
185,apra,apra_mad_filter,"[0, 29, 33, 81, 11, 39, 5, 45, 95, 69]",[],"{""median_norm"": 0.5374564808810595, ""mad"": 0.03980410322581618, ""k"": 2.0, ""num_accepted"": 10, ""safety_keep_used"": false, ""fallback_used"": false}"
185,apra,apra_hierarchical_cluster,"[0, 29, 33, 81, 11, 39, 5, 45, 69]",[95],"{""best_k"": 2, ""best_score"": 0.6095654368400574, ""selected_cluster"": 0, ""cluster_scores"": {""0"": 3.576993465423584, ""1"": -1.0}, ""num_trusted"": 9, ""fallback_used"": false}"
185,apra,apra_trust_weighted_clip,"[0, 29, 33, 81, 11, 39, 5, 45, 69]",[],"{""base_clip"": 1.0, ""trust_weights"": {""0"": 0.0, ""29"": 0.125, ""33"": 0.125, ""81"": 0.125, ""11"": 0.125, ""39"": 0.125, ""5"": 0.125, ""45"": 0.125, ""69"": 0.125}, ""num_aggregated"": 9}"
186,apra,apra_mad_filter,"[50, 81, 3, 74, 10, 33, 35, 56]","[0, 62]","{""median_norm"": 0.5188942085778868, ""mad"": 0.05353840083611025, ""k"": 2.0, ""num_accepted"": 8, ""safety_keep_used"": false, ""fallback_used"": false}"
186,apra,apra_hierarchical_cluster,"[50, 81, 3, 74, 33, 35, 56]",[10],"{""best_k"": 2, ""best_score"": 0.684473991394043, ""selected_cluster"": 0, ""cluster_scores"": {""0"": 4.278956890106201, ""1"": -1.0}, ""num_trusted"": 7, ""fallback_used"": false}"
186,apra,apra_trust_weighted_clip,"[50, 81, 3, 74, 33, 35, 56]",[],"{""base_clip"": 1.0, ""trust_weights"": {""50"": 0.20000000298023224, ""81"": 0.0, ""3"": 0.20000000298023224, ""74"": 0.20000000298023224, ""33"": 0.20000000298023224, ""35"": 0.20000000298023224, ""56"": 0.0}, ""num_aggregated"": 7}"
187,apra,apra_mad_filter,"[2, 40, 67, 33, 0, 7, 1, 6, 38, 5]",[],"{""median_norm"": 0.5733431382798603, ""mad"": 0.05866995197139002, ""k"": 2.0, ""num_accepted"": 10, ""safety_keep_used"": false, ""fallback_used"": false}"
187,apra,apra_hierarchical_cluster,"[2, 40, 67, 33, 7, 1, 6, 38, 5]",[0],"{""best_k"": 2, ""best_score"": 0.5892187356948853, ""selected_cluster"": 0, ""cluster_scores"": {""0"": 2.816074848175049, ""1"": -1.0}, ""num_trusted"": 9, ""fallback_used"": false}"
187,apra,apra_trust_weighted_clip,"[2, 40, 67, 33, 7, 1, 6, 38, 5]",[],"{""base_clip"": 1.0, ""trust_weights"": {""2"": 0.0, ""40"": 0.12892134487628937, ""67"": 0.12892134487628937, ""33"": 0.12892134487628937, ""7"": 0.12892134487628937, ""1"": 0.12892134487628937, ""6"": 0.09755062311887741, ""38"": 0.12892134487628937, ""5"": 0.12892134487628937}, ""num_aggregated"": 9}"
188,apra,apra_mad_filter,"[38, 92, 53, 33, 46, 80, 60, 50, 68]",[0],"{""median_norm"": 0.5203995251973499, ""mad"": 0.059393529829069786, ""k"": 2.0, ""num_accepted"": 9, ""safety_keep_used"": false, ""fallback_used"": false}"
188,apra,apra_hierarchical_cluster,"[38, 92, 53, 33, 46, 80, 60, 50]",[68],"{""best_k"": 2, ""best_score"": 0.6574521064758301, ""selected_cluster"": 0, ""cluster_scores"": {""0"": 6.472336292266846, ""1"": -1.0}, ""num_trusted"": 8, ""fallback_used"": false}"
188,apra,apra_trust_weighted_clip,"[38, 92, 53, 33, 46, 80, 60, 50]",[],"{""base_clip"": 1.0, ""trust_weights"": {""38"": 0.1428571492433548, ""92"": 0.1428571492433548, ""53"": 0.1428571492433548, ""33"": 0.1428571492433548, ""46"": 0.0, ""80"": 0.1428571492433548, ""60"": 0.1428571492433548, ""50"": 0.1428571492433548}, ""num_aggregated"": 8}"
189,apra,apra_mad_filter,"[1, 38, 94, 69, 57, 22, 53, 3]","[45, 47]","{""median_norm"": 0.5077883384787494, ""mad"": 0.04159640573281853, ""k"": 2.0, ""num_accepted"": 8, ""safety_keep_used"": false, ""fallback_used"": false}"
189,apra,apra_hierarchical_cluster,"[1, 38, 94, 57, 22, 53, 3]",[69],"{""best_k"": 2, ""best_score"": 0.5263442397117615, ""selected_cluster"": 0, ""cluster_scores"": {""0"": 3.4390203952789307, ""1"": -1.0}, ""num_trusted"": 7, ""fallback_used"": false}"
189,apra,apra_trust_weighted_clip,"[1, 38, 94, 57, 22, 53, 3]",[],"{""base_clip"": 1.0, ""trust_weights"": {""1"": 0.1666666716337204, ""38"": 0.1666666716337204, ""94"": 0.1666666716337204, ""57"": 0.0, ""22"": 0.1666666716337204, ""53"": 0.1666666716337204, ""3"": 0.1666666716337204}, ""num_aggregated"": 7}"
190,apra,apra_mad_filter,"[2, 71, 75, 78, 19, 37, 51, 55, 18, 41]",[],"{""median_norm"": 0.5404010098383011, ""mad"": 0.06951081712879945, ""k"": 2.0, ""num_accepted"": 10, ""safety_keep_used"": false, ""fallback_used"": false}"
190,apra,apra_hierarchical_cluster,"[2, 78, 19, 37, 18, 41]","[71, 75, 51, 55]","{""best_k"": 2, ""best_score"": 0.38663920760154724, ""selected_cluster"": 0, ""cluster_scores"": {""0"": 2.8289544582366943, ""1"": 2.7592294216156006}, ""num_trusted"": 6, ""fallback_used"": false}"
190,apra,apra_trust_weighted_clip,"[2, 78, 19, 37, 18, 41]",[],"{""base_clip"": 1.0, ""trust_weights"": {""2"": 0.20000000298023224, ""78"": 0.20000000298023224, ""19"": 0.0, ""37"": 0.20000000298023224, ""18"": 0.20000000298023224, ""41"": 0.20000000298023224}, ""num_aggregated"": 6}"
191,apra,apra_mad_filter,"[3, 55, 8, 11, 25, 68, 6, 61, 78]",[90],"{""median_norm"": 0.5086828631812943, ""mad"": 0.031703825440096756, ""k"": 2.0, ""num_accepted"": 9, ""safety_keep_used"": false, ""fallback_used"": false}"
191,apra,apra_hierarchical_cluster,"[3, 55, 11, 68, 6, 61, 78]","[8, 25]","{""best_k"": 2, ""best_score"": 0.5089924335479736, ""selected_cluster"": 0, ""cluster_scores"": {""0"": 2.2819294929504395, ""1"": 1.9319257736206055}, ""num_trusted"": 7, ""fallback_used"": false}"
191,apra,apra_trust_weighted_clip,"[3, 55, 11, 68, 6, 61, 78]",[],"{""base_clip"": 1.0, ""trust_weights"": {""3"": 0.3333333432674408, ""55"": 0.0, ""11"": 0.0, ""68"": 0.0, ""6"": 0.3333333432674408, ""61"": 0.0, ""78"": 0.3333333432674408}, ""num_aggregated"": 7}"
192,apra,apra_mad_filter,"[2, 11, 65, 15, 22, 86, 14, 50]","[95, 12]","{""median_norm"": 0.46931682265245755, ""mad"": 0.020494724236468365, ""k"": 2.0, ""num_accepted"": 8, ""safety_keep_used"": false, ""fallback_used"": false}"
192,apra,apra_hierarchical_cluster,"[11, 15, 86, 14]","[2, 65, 22, 50]","{""best_k"": 3, ""best_score"": 0.3426589369773865, ""selected_cluster"": 0, ""cluster_scores"": {""0"": 2.991032838821411, ""1"": 1.6570243835449219, ""2"": 1.95485258102417}, ""num_trusted"": 4, ""fallback_used"": false}"
192,apra,apra_trust_weighted_clip,"[11, 15, 86, 14]",[],"{""base_clip"": 1.0, ""trust_weights"": {""11"": 0.0, ""15"": 0.5, ""86"": 0.5, ""14"": 0.0}, ""num_aggregated"": 4}"
193,apra,apra_mad_filter,"[2, 23, 85, 48, 8, 72, 87, 16, 73]",[88],"{""median_norm"": 0.5317202817600737, ""mad"": 0.10001231817103928, ""k"": 2.0, ""num_accepted"": 9, ""safety_keep_used"": false, ""fallback_used"": false}"
193,apra,apra_hierarchical_cluster,"[2, 23, 85, 8, 72, 87, 16, 73]",[48],"{""best_k"": 2, ""best_score"": 0.6616359353065491, ""selected_cluster"": 0, ""cluster_scores"": {""0"": 5.431206703186035, ""1"": -1.0}, ""num_trusted"": 8, ""fallback_used"": false}"
193,apra,apra_trust_weighted_clip,"[2, 23, 85, 8, 72, 87, 16, 73]",[],"{""base_clip"": 1.0, ""trust_weights"": {""2"": 0.1666666716337204, ""23"": 0.1666666716337204, ""85"": 0.1666666716337204, ""8"": 0.0, ""72"": 0.1666666716337204, ""87"": 0.1666666716337204, ""16"": 0.1666666716337204, ""73"": 0.0}, ""num_aggregated"": 8}"
194,apra,apra_mad_filter,"[2, 78, 3, 40, 31, 14, 44, 57, 10, 64]",[],"{""median_norm"": 0.575059006597844, ""mad"": 0.08963198759289853, ""k"": 2.0, ""num_accepted"": 10, ""safety_keep_used"": false, ""fallback_used"": false}"
194,apra,apra_hierarchical_cluster,"[2, 78, 3, 40, 31, 14, 44, 57, 64]",[10],"{""best_k"": 2, ""best_score"": 0.5352628827095032, ""selected_cluster"": 0, ""cluster_scores"": {""0"": 2.219850778579712, ""1"": -1.0}, ""num_trusted"": 9, ""fallback_used"": false}"
194,apra,apra_trust_weighted_clip,"[2, 78, 3, 40, 31, 14, 44, 57, 64]",[],"{""base_clip"": 1.0, ""trust_weights"": {""2"": 0.15627454221248627, ""78"": 0.15627454221248627, ""3"": 0.06235276907682419, ""40"": 0.15627454221248627, ""31"": 0.0, ""14"": 0.15627454221248627, ""44"": 0.0, ""57"": 0.15627454221248627, ""64"": 0.15627454221248627}, ""num_aggregated"": 9}"
195,apra,apra_mad_filter,"[2, 10, 81, 56, 36, 62, 99, 93, 85]",[88],"{""median_norm"": 0.5583824264150501, ""mad"": 0.0873646784623115, ""k"": 2.0, ""num_accepted"": 9, ""safety_keep_used"": false, ""fallback_used"": false}"
195,apra,apra_hierarchical_cluster,"[2, 10, 81, 56, 36, 99, 93, 85]",[62],"{""best_k"": 2, ""best_score"": 0.49509525299072266, ""selected_cluster"": 0, ""cluster_scores"": {""0"": 6.218079090118408, ""1"": -1.0}, ""num_trusted"": 8, ""fallback_used"": false}"
195,apra,apra_trust_weighted_clip,"[2, 10, 81, 56, 36, 99, 93, 85]",[],"{""base_clip"": 1.0, ""trust_weights"": {""2"": 0.1428571492433548, ""10"": 0.0, ""81"": 0.1428571492433548, ""56"": 0.1428571492433548, ""36"": 0.1428571492433548, ""99"": 0.1428571492433548, ""93"": 0.1428571492433548, ""85"": 0.1428571492433548}, ""num_aggregated"": 8}"
196,apra,apra_mad_filter,"[3, 25, 99, 13, 81, 6, 30, 21, 90]",[89],"{""median_norm"": 0.49348755415917966, ""mad"": 0.03462750864635039, ""k"": 2.0, ""num_accepted"": 9, ""safety_keep_used"": false, ""fallback_used"": false}"
196,apra,apra_hierarchical_cluster,"[3, 25, 99, 81, 6, 30, 21, 90]",[13],"{""best_k"": 2, ""best_score"": 0.4062487781047821, ""selected_cluster"": 0, ""cluster_scores"": {""0"": 0.1140892505645752, ""1"": -1.0}, ""num_trusted"": 8, ""fallback_used"": false}"
196,apra,apra_trust_weighted_clip,"[3, 25, 99, 81, 6, 30, 21, 90]",[],"{""base_clip"": 1.0, ""trust_weights"": {""3"": 0.3333333432674408, ""25"": 0.0, ""99"": 0.0, ""81"": 0.0, ""6"": 0.3333333432674408, ""30"": 0.0, ""21"": 0.3333333432674408, ""90"": 0.0}, ""num_aggregated"": 8}"
197,apra,apra_mad_filter,"[1, 16, 75, 59, 61, 8, 21, 40]","[52, 47]","{""median_norm"": 0.5117401504461824, ""mad"": 0.048901453926661315, ""k"": 2.0, ""num_accepted"": 8, ""safety_keep_used"": false, ""fallback_used"": false}"
197,apra,apra_hierarchical_cluster,"[1, 16, 75, 61, 21, 40]","[59, 8]","{""best_k"": 2, ""best_score"": 0.48073631525039673, ""selected_cluster"": 1, ""cluster_scores"": {""0"": 1.4238816499710083, ""1"": 2.0173254013061523}, ""num_trusted"": 6, ""fallback_used"": false}"
197,apra,apra_trust_weighted_clip,"[1, 16, 75, 61, 21, 40]",[],"{""base_clip"": 1.0, ""trust_weights"": {""1"": 0.20000000298023224, ""16"": 0.20000000298023224, ""75"": 0.20000000298023224, ""61"": 0.20000000298023224, ""21"": 0.20000000298023224, ""40"": 0.0}, ""num_aggregated"": 6}"
198,apra,apra_mad_filter,"[3, 13, 53, 66, 33, 38, 36, 49, 76]",[54],"{""median_norm"": 0.5575380341428826, ""mad"": 0.05277913488515959, ""k"": 2.0, ""num_accepted"": 9, ""safety_keep_used"": false, ""fallback_used"": false}"
198,apra,apra_hierarchical_cluster,"[3, 53, 33, 38, 49, 76]","[13, 66, 36]","{""best_k"": 3, ""best_score"": 0.592004120349884, ""selected_cluster"": 0, ""cluster_scores"": {""0"": 3.4030816555023193, ""1"": -1.0, ""2"": 1.9971946477890015}, ""num_trusted"": 6, ""fallback_used"": false}"
198,apra,apra_trust_weighted_clip,"[3, 53, 33, 38, 49, 76]",[],"{""base_clip"": 1.0, ""trust_weights"": {""3"": 0.25, ""53"": 0.0, ""33"": 0.25, ""38"": 0.25, ""49"": 0.25, ""76"": 0.0}, ""num_aggregated"": 6}"
199,apra,apra_mad_filter,"[2, 47, 98, 83, 65, 78, 24, 33, 40]",[88],"{""median_norm"": 0.6100705158375037, ""mad"": 0.07231423282332444, ""k"": 2.0, ""num_accepted"": 9, ""safety_keep_used"": false, ""fallback_used"": false}"
199,apra,apra_hierarchical_cluster,"[2, 98, 83, 65, 78, 24, 33, 40]",[47],"{""best_k"": 2, ""best_score"": 0.7075682282447815, ""selected_cluster"": 0, ""cluster_scores"": {""0"": 7.289732456207275, ""1"": -1.0}, ""num_trusted"": 8, ""fallback_used"": false}"
199,apra,apra_trust_weighted_clip,"[2, 98, 83, 65, 78, 24, 33, 40]",[],"{""base_clip"": 1.0, ""trust_weights"": {""2"": 0.1428571492433548, ""98"": 0.1428571492433548, ""83"": 0.1428571492433548, ""65"": 0.1428571492433548, ""78"": 0.1428571492433548, ""24"": 0.0, ""33"": 0.1428571492433548, ""40"": 0.1428571492433548}, ""num_aggregated"": 8}"
200,apra,apra_mad_filter,"[86, 70, 24, 66, 99, 9, 12, 31]","[0, 30]","{""median_norm"": 0.5356499850043523, ""mad"": 0.06526276637597025, ""k"": 2.0, ""num_accepted"": 8, ""safety_keep_used"": false, ""fallback_used"": false}"
200,apra,apra_hierarchical_cluster,"[86, 70, 24, 66, 99, 9, 12]",[31],"{""best_k"": 2, ""best_score"": 0.8026679754257202, ""selected_cluster"": 0, ""cluster_scores"": {""0"": 6.447648048400879, ""1"": -1.0}, ""num_trusted"": 7, ""fallback_used"": false}"
200,apra,apra_trust_weighted_clip,"[86, 70, 24, 66, 99, 9, 12]",[],"{""base_clip"": 1.0, ""trust_weights"": {""86"": 0.22072593867778778, ""70"": 0.22072593867778778, ""24"": 0.0, ""66"": 0.05854810029268265, ""99"": 0.05854810029268265, ""9"": 0.22072593867778778, ""12"": 0.22072593867778778}, ""num_aggregated"": 7}"
201,apra,apra_mad_filter,"[3, 81, 96, 36, 99, 64, 92]","[17, 35, 88]","{""median_norm"": 0.5521085234095715, ""mad"": 0.05847350633817178, ""k"": 2.0, ""num_accepted"": 7, ""safety_keep_used"": false, ""fallback_used"": false}"
201,apra,apra_hierarchical_cluster,"[3, 81, 96, 36, 64, 92]",[99],"{""best_k"": 2, ""best_score"": 0.5498337149620056, ""selected_cluster"": 0, ""cluster_scores"": {""0"": 5.920238494873047, ""1"": -1.0}, ""num_trusted"": 6, ""fallback_used"": false}"
201,apra,apra_trust_weighted_clip,"[3, 81, 96, 36, 64, 92]",[],"{""base_clip"": 1.0, ""trust_weights"": {""3"": 0.2904168665409088, ""81"": 0.0, ""96"": 0.0, ""36"": 0.12874941527843475, ""64"": 0.2904168665409088, ""92"": 0.2904168665409088}, ""num_aggregated"": 6}"
202,apra,apra_mad_filter,"[4, 91, 21, 75, 59, 96, 92, 42, 74, 12]",[],"{""median_norm"": 0.5311109129374725, ""mad"": 0.1450172786599918, ""k"": 2.0, ""num_accepted"": 10, ""safety_keep_used"": false, ""fallback_used"": false}"
202,apra,apra_hierarchical_cluster,"[91, 21, 92, 74, 12]","[4, 75, 59, 96, 42]","{""best_k"": 4, ""best_score"": 0.4489971101284027, ""selected_cluster"": 2, ""cluster_scores"": {""0"": 1.7066876888275146, ""1"": 1.3550974130630493, ""2"": 4.872921943664551, ""3"": -1.0}, ""num_trusted"": 5, ""fallback_used"": false}"
202,apra,apra_trust_weighted_clip,"[91, 21, 92, 74, 12]",[],"{""base_clip"": 1.0, ""trust_weights"": {""91"": 0.25, ""21"": 0.25, ""92"": 0.25, ""74"": 0.25, ""12"": 0.0}, ""num_aggregated"": 5}"
203,apra,apra_mad_filter,"[2, 39, 68, 74, 40, 3, 50, 44]","[0, 85]","{""median_norm"": 0.4780736205942994, ""mad"": 0.0441161824773223, ""k"": 2.0, ""num_accepted"": 8, ""safety_keep_used"": false, ""fallback_used"": false}"
203,apra,apra_hierarchical_cluster,"[39, 68, 74, 40, 3, 50, 44]",[2],"{""best_k"": 2, ""best_score"": 0.47306767106056213, ""selected_cluster"": 0, ""cluster_scores"": {""0"": 3.222325086593628, ""1"": -1.0}, ""num_trusted"": 7, ""fallback_used"": false}"
203,apra,apra_trust_weighted_clip,"[39, 68, 74, 40, 3, 50, 44]",[],"{""base_clip"": 1.0, ""trust_weights"": {""39"": 0.1666666716337204, ""68"": 0.1666666716337204, ""74"": 0.1666666716337204, ""40"": 0.1666666716337204, ""3"": 0.1666666716337204, ""50"": 0.1666666716337204, ""44"": 0.0}, ""num_aggregated"": 7}"
204,apra,apra_mad_filter,"[4, 33, 52, 75, 20, 83, 96, 38, 72]",[31],"{""median_norm"": 0.6137357652328199, ""mad"": 0.13888918997587354, ""k"": 2.0, ""num_accepted"": 9, ""safety_keep_used"": false, ""fallback_used"": false}"
204,apra,apra_hierarchical_cluster,"[33, 52, 83, 96, 38, 72]","[4, 75, 20]","{""best_k"": 3, ""best_score"": 0.24949544668197632, ""selected_cluster"": 0, ""cluster_scores"": {""0"": 4.352891445159912, ""1"": 1.1489895582199097, ""2"": -1.0}, ""num_trusted"": 6, ""fallback_used"": false}"
204,apra,apra_trust_weighted_clip,"[33, 52, 83, 96, 38, 72]",[],"{""base_clip"": 1.0, ""trust_weights"": {""33"": 0.24012325704097748, ""52"": 0.24012325704097748, ""83"": 0.039507001638412476, ""96"": 0.0, ""38"": 0.24012325704097748, ""72"": 0.24012325704097748}, ""num_aggregated"": 6}"
205,apra,apra_mad_filter,"[4, 64, 72, 2, 83, 62, 97, 86]","[32, 51]","{""median_norm"": 0.4974602339473203, ""mad"": 0.09439959048321042, ""k"": 2.0, ""num_accepted"": 8, ""safety_keep_used"": false, ""fallback_used"": false}"
205,apra,apra_hierarchical_cluster,"[72, 2, 83, 62, 86]","[4, 64, 97]","{""best_k"": 2, ""best_score"": 0.23902627825737, ""selected_cluster"": 0, ""cluster_scores"": {""0"": 3.0690879821777344, ""1"": 2.5403659343719482}, ""num_trusted"": 5, ""fallback_used"": false}"
205,apra,apra_trust_weighted_clip,"[72, 2, 83, 62, 86]",[],"{""base_clip"": 1.0, ""trust_weights"": {""72"": 0.0, ""2"": 0.030196137726306915, ""83"": 0.47984594106674194, ""62"": 0.47984594106674194, ""86"": 0.01011195033788681}, ""num_aggregated"": 5}"
206,apra,apra_mad_filter,"[3, 33, 74, 61, 27, 58, 68, 6, 42]",[54],"{""median_norm"": 0.5624307898924856, ""mad"": 0.04812605939330525, ""k"": 2.0, ""num_accepted"": 9, ""safety_keep_used"": false, ""fallback_used"": false}"
206,apra,apra_hierarchical_cluster,"[3, 33, 74, 61, 27, 58, 68, 6]",[42],"{""best_k"": 2, ""best_score"": 0.642149806022644, ""selected_cluster"": 0, ""cluster_scores"": {""0"": 4.621373176574707, ""1"": -1.0}, ""num_trusted"": 8, ""fallback_used"": false}"
206,apra,apra_trust_weighted_clip,"[3, 33, 74, 61, 27, 58, 68, 6]",[],"{""base_clip"": 1.0, ""trust_weights"": {""3"": 0.1762719601392746, ""33"": 0.1762719601392746, ""74"": 0.1762719601392746, ""61"": 0.1762719601392746, ""27"": 0.0, ""58"": 0.11864014714956284, ""68"": 0.0, ""6"": 0.1762719601392746}, ""num_aggregated"": 8}"
207,apra,apra_mad_filter,"[1, 36, 19, 15, 73, 13, 69, 59, 16]",[45],"{""median_norm"": 0.586847658979067, ""mad"": 0.05641648556592255, ""k"": 2.0, ""num_accepted"": 9, ""safety_keep_used"": false, ""fallback_used"": false}"
207,apra,apra_hierarchical_cluster,"[1, 36, 19, 15, 13, 69, 59, 16]",[73],"{""best_k"": 2, ""best_score"": 0.6404113173484802, ""selected_cluster"": 0, ""cluster_scores"": {""0"": 1.667848825454712, ""1"": -1.0}, ""num_trusted"": 8, ""fallback_used"": false}"
207,apra,apra_trust_weighted_clip,"[1, 36, 19, 15, 13, 69, 59, 16]",[],"{""base_clip"": 1.0, ""trust_weights"": {""1"": 0.1428571492433548, ""36"": 0.1428571492433548, ""19"": 0.1428571492433548, ""15"": 0.1428571492433548, ""13"": 0.0, ""69"": 0.1428571492433548, ""59"": 0.1428571492433548, ""16"": 0.1428571492433548}, ""num_aggregated"": 8}"
208,apra,apra_mad_filter,"[3, 69, 74, 58, 40, 57, 56, 59, 55]",[17],"{""median_norm"": 0.485836804592785, ""mad"": 0.05184632958418908, ""k"": 2.0, ""num_accepted"": 9, ""safety_keep_used"": false, ""fallback_used"": false}"
208,apra,apra_hierarchical_cluster,"[3, 74, 58, 40, 57, 56, 59, 55]",[69],"{""best_k"": 2, ""best_score"": 0.533842146396637, ""selected_cluster"": 0, ""cluster_scores"": {""0"": 1.2013646364212036, ""1"": -1.0}, ""num_trusted"": 8, ""fallback_used"": false}"
208,apra,apra_trust_weighted_clip,"[3, 74, 58, 40, 57, 56, 59, 55]",[],"{""base_clip"": 1.0, ""trust_weights"": {""3"": 0.17139385640621185, ""74"": 0.0, ""58"": 0.17139385640621185, ""40"": 0.14205637574195862, ""57"": 0.17139385640621185, ""56"": 0.17139385640621185, ""59"": 0.16689330339431763, ""55"": 0.005474827717989683}, ""num_aggregated"": 8}"
209,apra,apra_mad_filter,"[3, 97, 8, 89, 79, 11, 76, 16, 77, 25]",[],"{""median_norm"": 0.6359999668353725, ""mad"": 0.10185033988729453, ""k"": 2.0, ""num_accepted"": 10, ""safety_keep_used"": false, ""fallback_used"": false}"
209,apra,apra_hierarchical_cluster,"[3, 97, 89, 79, 11, 76, 16, 77]","[8, 25]","{""best_k"": 2, ""best_score"": 0.5885857939720154, ""selected_cluster"": 0, ""cluster_scores"": {""0"": 3.799396514892578, ""1"": 1.9729061126708984}, ""num_trusted"": 8, ""fallback_used"": false}"
209,apra,apra_trust_weighted_clip,"[3, 97, 89, 79, 11, 76, 16, 77]",[],"{""base_clip"": 1.0, ""trust_weights"": {""3"": 0.1666666716337204, ""97"": 0.0, ""89"": 0.1666666716337204, ""79"": 0.1666666716337204, ""11"": 0.0, ""76"": 0.1666666716337204, ""16"": 0.1666666716337204, ""77"": 0.1666666716337204}, ""num_aggregated"": 8}"
210,apra,apra_mad_filter,"[2, 21, 49, 33, 74, 85, 84, 79]","[17, 44]","{""median_norm"": 0.4826639883323033, ""mad"": 0.08303603168983997, ""k"": 2.0, ""num_accepted"": 8, ""safety_keep_used"": false, ""fallback_used"": false}"
210,apra,apra_hierarchical_cluster,"[21, 49, 33, 74, 85, 84, 79]",[2],"{""best_k"": 2, ""best_score"": 0.47091376781463623, ""selected_cluster"": 0, ""cluster_scores"": {""0"": 1.173857569694519, ""1"": -1.0}, ""num_trusted"": 7, ""fallback_used"": false}"
210,apra,apra_trust_weighted_clip,"[21, 49, 33, 74, 85, 84, 79]",[],"{""base_clip"": 1.0, ""trust_weights"": {""21"": 0.3333333432674408, ""49"": 0.0, ""33"": 0.0, ""74"": 0.3333333432674408, ""85"": 0.0, ""84"": 0.0, ""79"": 0.3333333432674408}, ""num_aggregated"": 7}"
211,apra,apra_mad_filter,"[1, 15, 58, 56, 75, 64, 2, 68]","[46, 54]","{""median_norm"": 0.4541087379508223, ""mad"": 0.04876258838554695, ""k"": 2.0, ""num_accepted"": 8, ""safety_keep_used"": false, ""fallback_used"": false}"
211,apra,apra_hierarchical_cluster,"[1, 58, 56, 64, 68]","[15, 75, 2]","{""best_k"": 2, ""best_score"": 0.38683634996414185, ""selected_cluster"": 1, ""cluster_scores"": {""0"": 1.9015681743621826, ""1"": 4.272785186767578}, ""num_trusted"": 5, ""fallback_used"": false}"
211,apra,apra_trust_weighted_clip,"[1, 58, 56, 64, 68]",[],"{""base_clip"": 1.0, ""trust_weights"": {""1"": 0.2, ""58"": 0.2, ""56"": 0.2, ""64"": 0.2, ""68"": 0.2}, ""num_aggregated"": 5}"
212,apra,apra_mad_filter,"[3, 41, 74, 15, 4, 81, 48, 84, 56, 94]",[],"{""median_norm"": 0.5738019455515349, ""mad"": 0.09000676590547024, ""k"": 2.0, ""num_accepted"": 10, ""safety_keep_used"": false, ""fallback_used"": false}"
212,apra,apra_hierarchical_cluster,"[3, 74, 15, 4, 81, 84, 56, 94]","[41, 48]","{""best_k"": 3, ""best_score"": 0.6888125538825989, ""selected_cluster"": 0, ""cluster_scores"": {""0"": 5.440533638000488, ""1"": -1.0, ""2"": -1.0}, ""num_trusted"": 8, ""fallback_used"": false}"
212,apra,apra_trust_weighted_clip,"[3, 74, 15, 4, 81, 84, 56, 94]",[],"{""base_clip"": 1.0, ""trust_weights"": {""3"": 0.19982533156871796, ""74"": 0.19982533156871796, ""15"": 0.0004366872017271817, ""4"": 0.19982533156871796, ""81"": 0.0, ""84"": 0.19982533156871796, ""56"": 0.0004366872017271817, ""94"": 0.19982533156871796}, ""num_aggregated"": 8}"
213,apra,apra_mad_filter,"[1, 94, 76, 84, 86, 63, 6, 85, 39]",[54],"{""median_norm"": 0.4934226124015507, ""mad"": 0.04366746387205109, ""k"": 2.0, ""num_accepted"": 9, ""safety_keep_used"": false, ""fallback_used"": false}"
213,apra,apra_hierarchical_cluster,"[1, 94, 76, 84, 86, 63, 6, 39]",[85],"{""best_k"": 2, ""best_score"": 0.7073482871055603, ""selected_cluster"": 0, ""cluster_scores"": {""0"": 6.850976943969727, ""1"": -1.0}, ""num_trusted"": 8, ""fallback_used"": false}"
213,apra,apra_trust_weighted_clip,"[1, 94, 76, 84, 86, 63, 6, 39]",[],"{""base_clip"": 1.0, ""trust_weights"": {""1"": 0.16338422894477844, ""94"": 0.16338422894477844, ""76"": 0.019694669172167778, ""84"": 0.16338422894477844, ""86"": 0.16338422894477844, ""63"": 0.16338422894477844, ""6"": 0.16338422894477844, ""39"": 0.0}, ""num_aggregated"": 8}"
214,apra,apra_mad_filter,"[2, 58, 35, 46, 60, 8, 18]","[62, 15, 5]","{""median_norm"": 0.589397982137467, ""mad"": 0.033094710884167045, ""k"": 2.0, ""num_accepted"": 7, ""safety_keep_used"": false, ""fallback_used"": false}"
214,apra,apra_hierarchical_cluster,"[2, 58, 35, 60, 18]","[46, 8]","{""best_k"": 3, ""best_score"": 0.5268967151641846, ""selected_cluster"": 0, ""cluster_scores"": {""0"": 4.194681167602539, ""1"": -1.0, ""2"": -1.0}, ""num_trusted"": 5, ""fallback_used"": false}"
214,apra,apra_trust_weighted_clip,"[2, 58, 35, 60, 18]",[],"{""base_clip"": 1.0, ""trust_weights"": {""2"": 0.28201958537101746, ""58"": 0.28201958537101746, ""35"": 0.0, ""60"": 0.28201958537101746, ""18"": 0.15394124388694763}, ""num_aggregated"": 5}"
215,apra,apra_mad_filter,"[2, 96, 3, 90, 11, 48, 37, 33, 80]",[47],"{""median_norm"": 0.5066499320544109, ""mad"": 0.0723971360727877, ""k"": 2.0, ""num_accepted"": 9, ""safety_keep_used"": false, ""fallback_used"": false}"
215,apra,apra_hierarchical_cluster,"[2, 3, 90, 11, 37, 33, 80]","[96, 48]","{""best_k"": 3, ""best_score"": 0.6345197558403015, ""selected_cluster"": 0, ""cluster_scores"": {""0"": 4.31675910949707, ""1"": -1.0, ""2"": -1.0}, ""num_trusted"": 7, ""fallback_used"": false}"
215,apra,apra_trust_weighted_clip,"[2, 3, 90, 11, 37, 33, 80]",[],"{""base_clip"": 1.0, ""trust_weights"": {""2"": 0.0, ""3"": 0.1666666716337204, ""90"": 0.1666666716337204, ""11"": 0.1666666716337204, ""37"": 0.1666666716337204, ""33"": 0.1666666716337204, ""80"": 0.1666666716337204}, ""num_aggregated"": 7}"
216,apra,apra_mad_filter,"[2, 5, 82, 80, 89, 69, 42, 59, 48]",[17],"{""median_norm"": 0.5441972364404968, ""mad"": 0.03923709901746969, ""k"": 2.0, ""num_accepted"": 9, ""safety_keep_used"": false, ""fallback_used"": false}"
216,apra,apra_hierarchical_cluster,"[2, 5, 82, 80, 89, 69, 42, 59]",[48],"{""best_k"": 2, ""best_score"": 0.5243636965751648, ""selected_cluster"": 0, ""cluster_scores"": {""0"": 1.5253994464874268, ""1"": -1.0}, ""num_trusted"": 8, ""fallback_used"": false}"
216,apra,apra_trust_weighted_clip,"[2, 5, 82, 80, 89, 69, 42, 59]",[],"{""base_clip"": 1.0, ""trust_weights"": {""2"": 0.1428571492433548, ""5"": 0.1428571492433548, ""82"": 0.1428571492433548, ""80"": 0.1428571492433548, ""89"": 0.1428571492433548, ""69"": 0.1428571492433548, ""42"": 0.0, ""59"": 0.1428571492433548}, ""num_aggregated"": 8}"
217,apra,apra_mad_filter,"[3, 81, 28, 63, 34, 35, 96, 71, 46, 44]",[],"{""median_norm"": 0.6425095930086613, ""mad"": 0.05428137673393402, ""k"": 2.0, ""num_accepted"": 10, ""safety_keep_used"": false, ""fallback_used"": false}"
217,apra,apra_hierarchical_cluster,"[81, 96, 71]","[3, 28, 63, 34, 35, 46, 44]","{""best_k"": 2, ""best_score"": 0.34717997908592224, ""selected_cluster"": 1, ""cluster_scores"": {""0"": 1.6014281511306763, ""1"": 1.8963840007781982}, ""num_trusted"": 3, ""fallback_used"": false}"
217,apra,apra_trust_weighted_clip,"[81, 96, 71]",[],"{""base_clip"": 1.0, ""trust_weights"": {""81"": 0.5, ""96"": 0.0, ""71"": 0.5}, ""num_aggregated"": 3}"
218,apra,apra_mad_filter,"[2, 91, 86, 61, 50, 97, 87, 53, 27]",[84],"{""median_norm"": 0.46729140411329795, ""mad"": 0.036318452362531395, ""k"": 2.0, ""num_accepted"": 9, ""safety_keep_used"": false, ""fallback_used"": false}"
218,apra,apra_hierarchical_cluster,"[2, 91, 86, 61, 50, 87, 53, 27]",[97],"{""best_k"": 2, ""best_score"": 0.5243748426437378, ""selected_cluster"": 0, ""cluster_scores"": {""0"": 2.172804355621338, ""1"": -1.0}, ""num_trusted"": 8, ""fallback_used"": false}"
218,apra,apra_trust_weighted_clip,"[2, 91, 86, 61, 50, 87, 53, 27]",[],"{""base_clip"": 1.0, ""trust_weights"": {""2"": 0.1679774820804596, ""91"": 0.002135499846190214, ""86"": 0.16974984109401703, ""61"": 0.0, ""50"": 0.15088766813278198, ""87"": 0.16974984109401703, ""53"": 0.16974984109401703, ""27"": 0.16974984109401703}, ""num_aggregated"": 8}"
219,apra,apra_mad_filter,"[1, 44, 89, 35, 24, 0, 91, 43, 4, 73]",[],"{""median_norm"": 0.622457583307837, ""mad"": 0.12226211199914502, ""k"": 2.0, ""num_accepted"": 10, ""safety_keep_used"": false, ""fallback_used"": false}"
219,apra,apra_hierarchical_cluster,"[1, 44, 89, 35, 24, 91, 43, 4, 73]",[0],"{""best_k"": 2, ""best_score"": 0.643835723400116, ""selected_cluster"": 0, ""cluster_scores"": {""0"": 3.849510908126831, ""1"": -1.0}, ""num_trusted"": 9, ""fallback_used"": false}"
219,apra,apra_trust_weighted_clip,"[1, 44, 89, 35, 24, 91, 43, 4, 73]",[],"{""base_clip"": 1.0, ""trust_weights"": {""1"": 0.125, ""44"": 0.125, ""89"": 0.125, ""35"": 0.125, ""24"": 0.125, ""91"": 0.125, ""43"": 0.125, ""4"": 0.125, ""73"": 0.0}, ""num_aggregated"": 9}"
220,apra,apra_mad_filter,"[2, 28, 1, 58, 21, 61, 94, 17, 68]",[88],"{""median_norm"": 0.49105965140836805, ""mad"": 0.07424273559015021, ""k"": 2.0, ""num_accepted"": 9, ""safety_keep_used"": false, ""fallback_used"": false}"
220,apra,apra_hierarchical_cluster,"[2, 28, 1, 58, 21, 61, 94, 17]",[68],"{""best_k"": 2, ""best_score"": 0.5035651326179504, ""selected_cluster"": 0, ""cluster_scores"": {""0"": 5.244115352630615, ""1"": -1.0}, ""num_trusted"": 8, ""fallback_used"": false}"
220,apra,apra_trust_weighted_clip,"[2, 28, 1, 58, 21, 61, 94, 17]",[],"{""base_clip"": 1.0, ""trust_weights"": {""2"": 0.0, ""28"": 0.23946577310562134, ""1"": 0.26053422689437866, ""58"": 0.23946577310562134, ""21"": 0.0, ""61"": 0.0, ""94"": 0.26053422689437866, ""17"": 0.0}, ""num_aggregated"": 8}"
221,apra,apra_mad_filter,"[1, 61, 50, 74, 42, 87, 65, 72, 64, 8]",[],"{""median_norm"": 0.4571740104452693, ""mad"": 0.059684340978552936, ""k"": 2.0, ""num_accepted"": 10, ""safety_keep_used"": false, ""fallback_used"": false}"
221,apra,apra_hierarchical_cluster,"[1, 61, 50, 74, 42, 87, 65, 72, 64]",[8],"{""best_k"": 2, ""best_score"": 0.6475546956062317, ""selected_cluster"": 0, ""cluster_scores"": {""0"": 3.28509521484375, ""1"": -1.0}, ""num_trusted"": 9, ""fallback_used"": false}"
221,apra,apra_trust_weighted_clip,"[1, 61, 50, 74, 42, 87, 65, 72, 64]",[],"{""base_clip"": 1.0, ""trust_weights"": {""1"": 0.1428571492433548, ""61"": 0.1428571492433548, ""50"": 0.1428571492433548, ""74"": 0.1428571492433548, ""42"": 0.0, ""87"": 0.1428571492433548, ""65"": 0.0, ""72"": 0.1428571492433548, ""64"": 0.1428571492433548}, ""num_aggregated"": 9}"
222,apra,apra_mad_filter,"[4, 75, 35, 21, 95, 83, 55, 2]","[52, 31]","{""median_norm"": 0.5249368258126791, ""mad"": 0.06802100300319494, ""k"": 2.0, ""num_accepted"": 8, ""safety_keep_used"": false, ""fallback_used"": false}"
222,apra,apra_hierarchical_cluster,"[4, 75, 35, 21, 83, 55, 2]",[95],"{""best_k"": 2, ""best_score"": 0.6787375211715698, ""selected_cluster"": 0, ""cluster_scores"": {""0"": 1.7518717050552368, ""1"": -1.0}, ""num_trusted"": 7, ""fallback_used"": false}"
222,apra,apra_trust_weighted_clip,"[4, 75, 35, 21, 83, 55, 2]",[],"{""base_clip"": 1.0, ""trust_weights"": {""4"": 0.1666666716337204, ""75"": 0.1666666716337204, ""35"": 0.1666666716337204, ""21"": 0.1666666716337204, ""83"": 0.1666666716337204, ""55"": 0.1666666716337204, ""2"": 0.0}, ""num_aggregated"": 7}"
223,apra,apra_mad_filter,"[3, 55, 79, 70, 82, 24, 60, 56]","[4, 88]","{""median_norm"": 0.5161855904190216, ""mad"": 0.040940275233276924, ""k"": 2.0, ""num_accepted"": 8, ""safety_keep_used"": false, ""fallback_used"": false}"
223,apra,apra_hierarchical_cluster,"[3, 55, 79, 70, 82, 24]","[60, 56]","{""best_k"": 2, ""best_score"": 0.394233375787735, ""selected_cluster"": 0, ""cluster_scores"": {""0"": 4.403045177459717, ""1"": 1.8344290256500244}, ""num_trusted"": 6, ""fallback_used"": false}"
223,apra,apra_trust_weighted_clip,"[3, 55, 79, 70, 82, 24]",[],"{""base_clip"": 1.0, ""trust_weights"": {""3"": 0.20000000298023224, ""55"": 0.20000000298023224, ""79"": 0.20000000298023224, ""70"": 0.20000000298023224, ""82"": 0.0, ""24"": 0.20000000298023224}, ""num_aggregated"": 6}"
224,apra,apra_mad_filter,"[34, 70, 23, 83, 99, 77, 37, 26, 89]",[2],"{""median_norm"": 0.4754457595711724, ""mad"": 0.031662949234025156, ""k"": 2.0, ""num_accepted"": 9, ""safety_keep_used"": false, ""fallback_used"": false}"
224,apra,apra_hierarchical_cluster,"[34, 70, 23, 83, 77, 37, 26, 89]",[99],"{""best_k"": 2, ""best_score"": 0.6218580603599548, ""selected_cluster"": 0, ""cluster_scores"": {""0"": 2.483551025390625, ""1"": -1.0}, ""num_trusted"": 8, ""fallback_used"": false}"
224,apra,apra_trust_weighted_clip,"[34, 70, 23, 83, 77, 37, 26, 89]",[],"{""base_clip"": 1.0, ""trust_weights"": {""34"": 0.1428571492433548, ""70"": 0.0, ""23"": 0.1428571492433548, ""83"": 0.1428571492433548, ""77"": 0.1428571492433548, ""37"": 0.1428571492433548, ""26"": 0.1428571492433548, ""89"": 0.1428571492433548}, ""num_aggregated"": 8}"
225,apra,apra_mad_filter,"[2, 6, 8, 62, 78, 51, 14, 56, 46, 29]",[],"{""median_norm"": 0.44844861617937704, ""mad"": 0.05621615880587441, ""k"": 2.0, ""num_accepted"": 10, ""safety_keep_used"": false, ""fallback_used"": false}"
225,apra,apra_hierarchical_cluster,"[2, 6, 8, 78, 14, 56, 46, 29]","[62, 51]","{""best_k"": 2, ""best_score"": 0.4335551857948303, ""selected_cluster"": 0, ""cluster_scores"": {""0"": 2.3816308975219727, ""1"": 1.8951973915100098}, ""num_trusted"": 8, ""fallback_used"": false}"
225,apra,apra_trust_weighted_clip,"[2, 6, 8, 78, 14, 56, 46, 29]",[],"{""base_clip"": 1.0, ""trust_weights"": {""2"": 0.14409975707530975, ""6"": 0.14409975707530975, ""8"": 0.0, ""78"": 0.14409975707530975, ""14"": 0.13540147244930267, ""56"": 0.14409975707530975, ""46"": 0.14409975707530975, ""29"": 0.14409975707530975}, ""num_aggregated"": 8}"
226,apra,apra_mad_filter,"[3, 64, 60, 68, 18, 36, 63, 14]","[88, 33]","{""median_norm"": 0.5099304313061268, ""mad"": 0.057645617222209344, ""k"": 2.0, ""num_accepted"": 8, ""safety_keep_used"": false, ""fallback_used"": false}"
226,apra,apra_hierarchical_cluster,"[3, 64, 60, 68, 18, 63, 14]",[36],"{""best_k"": 2, ""best_score"": 0.6509901285171509, ""selected_cluster"": 0, ""cluster_scores"": {""0"": 6.20987606048584, ""1"": -1.0}, ""num_trusted"": 7, ""fallback_used"": false}"
226,apra,apra_trust_weighted_clip,"[3, 64, 60, 68, 18, 63, 14]",[],"{""base_clip"": 1.0, ""trust_weights"": {""3"": 0.1936691701412201, ""64"": 0.1936691701412201, ""60"": 0.1936691701412201, ""68"": 0.0, ""18"": 0.1936691701412201, ""63"": 0.03165418654680252, ""14"": 0.1936691701412201}, ""num_aggregated"": 7}"
227,apra,apra_mad_filter,"[3, 37, 73, 9, 76, 15, 50, 25, 55]",[88],"{""median_norm"": 0.530972271199703, ""mad"": 0.11579908067398159, ""k"": 2.0, ""num_accepted"": 9, ""safety_keep_used"": false, ""fallback_used"": false}"
227,apra,apra_hierarchical_cluster,"[3, 37, 9, 76, 15, 50, 25, 55]",[73],"{""best_k"": 2, ""best_score"": 0.6920483112335205, ""selected_cluster"": 0, ""cluster_scores"": {""0"": 6.481357574462891, ""1"": -1.0}, ""num_trusted"": 8, ""fallback_used"": false}"
227,apra,apra_trust_weighted_clip,"[3, 37, 9, 76, 15, 50, 25, 55]",[],"{""base_clip"": 1.0, ""trust_weights"": {""3"": 0.1666666716337204, ""37"": 0.1666666716337204, ""9"": 0.1666666716337204, ""76"": 0.1666666716337204, ""15"": 0.0, ""50"": 0.1666666716337204, ""25"": 0.0, ""55"": 0.1666666716337204}, ""num_aggregated"": 8}"
228,apra,apra_mad_filter,"[43, 2, 61, 23, 44, 78, 45, 5]","[4, 88]","{""median_norm"": 0.600451271345045, ""mad"": 0.10286765615812193, ""k"": 2.0, ""num_accepted"": 8, ""safety_keep_used"": false, ""fallback_used"": false}"
228,apra,apra_hierarchical_cluster,"[43, 2, 61, 23, 78, 45, 5]",[44],"{""best_k"": 2, ""best_score"": 0.5566366910934448, ""selected_cluster"": 0, ""cluster_scores"": {""0"": 6.9784255027771, ""1"": -1.0}, ""num_trusted"": 7, ""fallback_used"": false}"
228,apra,apra_trust_weighted_clip,"[43, 2, 61, 23, 78, 45, 5]",[],"{""base_clip"": 1.0, ""trust_weights"": {""43"": 0.1666666716337204, ""2"": 0.1666666716337204, ""61"": 0.1666666716337204, ""23"": 0.0, ""78"": 0.1666666716337204, ""45"": 0.1666666716337204, ""5"": 0.1666666716337204}, ""num_aggregated"": 7}"
229,apra,apra_mad_filter,"[50, 78, 10, 45, 55, 79, 61, 68]","[0, 8]","{""median_norm"": 0.5155742826403434, ""mad"": 0.05559406280364451, ""k"": 2.0, ""num_accepted"": 8, ""safety_keep_used"": false, ""fallback_used"": false}"
229,apra,apra_hierarchical_cluster,"[50, 78, 45, 55, 79, 61, 68]",[10],"{""best_k"": 2, ""best_score"": 0.7039583921432495, ""selected_cluster"": 0, ""cluster_scores"": {""0"": 5.3403730392456055, ""1"": -1.0}, ""num_trusted"": 7, ""fallback_used"": false}"
229,apra,apra_trust_weighted_clip,"[50, 78, 45, 55, 79, 61, 68]",[],"{""base_clip"": 1.0, ""trust_weights"": {""50"": 0.1666666716337204, ""78"": 0.1666666716337204, ""45"": 0.1666666716337204, ""55"": 0.0, ""79"": 0.1666666716337204, ""61"": 0.1666666716337204, ""68"": 0.1666666716337204}, ""num_aggregated"": 7}"
230,apra,apra_mad_filter,"[3, 80, 66, 19, 27, 7, 62, 86, 6, 2]",[],"{""median_norm"": 0.554922166867134, ""mad"": 0.04734242106077394, ""k"": 2.0, ""num_accepted"": 10, ""safety_keep_used"": false, ""fallback_used"": false}"
230,apra,apra_hierarchical_cluster,"[3, 80, 66, 27, 7, 62, 86, 6, 2]",[19],"{""best_k"": 2, ""best_score"": 0.5203794836997986, ""selected_cluster"": 0, ""cluster_scores"": {""0"": 1.50765860080719, ""1"": -1.0}, ""num_trusted"": 9, ""fallback_used"": false}"
230,apra,apra_trust_weighted_clip,"[3, 80, 66, 27, 7, 62, 86, 6, 2]",[],"{""base_clip"": 1.0, ""trust_weights"": {""3"": 0.17139291763305664, ""80"": 0.17139291763305664, ""66"": 0.0, ""27"": 0.0, ""7"": 0.1572141945362091, ""62"": 0.0, ""86"": 0.17139291763305664, ""6"": 0.17139291763305664, ""2"": 0.1572141945362091}, ""num_aggregated"": 9}"
231,apra,apra_mad_filter,"[9, 26, 28, 97, 96, 40, 75, 2]","[4, 95]","{""median_norm"": 0.5070289596325532, ""mad"": 0.04498260794620226, ""k"": 2.0, ""num_accepted"": 8, ""safety_keep_used"": false, ""fallback_used"": false}"
231,apra,apra_hierarchical_cluster,"[9, 26, 28, 97, 40, 75, 2]",[96],"{""best_k"": 2, ""best_score"": 0.4365698993206024, ""selected_cluster"": 0, ""cluster_scores"": {""0"": 2.312225818634033, ""1"": -1.0}, ""num_trusted"": 7, ""fallback_used"": false}"
231,apra,apra_trust_weighted_clip,"[9, 26, 28, 97, 40, 75, 2]",[],"{""base_clip"": 1.0, ""trust_weights"": {""9"": 0.1666666716337204, ""26"": 0.1666666716337204, ""28"": 0.1666666716337204, ""97"": 0.1666666716337204, ""40"": 0.1666666716337204, ""75"": 0.1666666716337204, ""2"": 0.0}, ""num_aggregated"": 7}"
232,apra,apra_mad_filter,"[1, 27, 99, 62, 39, 30, 23, 56, 74, 92]",[],"{""median_norm"": 0.5553457931327159, ""mad"": 0.039482321686306776, ""k"": 2.0, ""num_accepted"": 10, ""safety_keep_used"": false, ""fallback_used"": false}"
232,apra,apra_hierarchical_cluster,"[1, 27, 99, 62, 39, 30, 56, 74, 92]",[23],"{""best_k"": 2, ""best_score"": 0.4824312627315521, ""selected_cluster"": 0, ""cluster_scores"": {""0"": 1.9399389028549194, ""1"": -1.0}, ""num_trusted"": 9, ""fallback_used"": false}"
232,apra,apra_trust_weighted_clip,"[1, 27, 99, 62, 39, 30, 56, 74, 92]",[],"{""base_clip"": 1.0, ""trust_weights"": {""1"": 0.16312655806541443, ""27"": 0.16312655806541443, ""99"": 0.0, ""62"": 0.16312655806541443, ""39"": 0.0, ""30"": 0.09218364208936691, ""56"": 0.09218364208936691, ""74"": 0.16312655806541443, ""92"": 0.16312655806541443}, ""num_aggregated"": 9}"
233,apra,apra_mad_filter,"[1, 98, 36, 80, 37, 13, 12, 90]","[71, 0]","{""median_norm"": 0.4772470406388302, ""mad"": 0.058569869980502176, ""k"": 2.0, ""num_accepted"": 8, ""safety_keep_used"": false, ""fallback_used"": false}"
233,apra,apra_hierarchical_cluster,"[1, 98, 80, 37, 13, 12, 90]",[36],"{""best_k"": 2, ""best_score"": 0.6251802444458008, ""selected_cluster"": 0, ""cluster_scores"": {""0"": 5.727690696716309, ""1"": -1.0}, ""num_trusted"": 7, ""fallback_used"": false}"
233,apra,apra_trust_weighted_clip,"[1, 98, 80, 37, 13, 12, 90]",[],"{""base_clip"": 1.0, ""trust_weights"": {""1"": 0.1666666716337204, ""98"": 0.1666666716337204, ""80"": 0.1666666716337204, ""37"": 0.1666666716337204, ""13"": 0.0, ""12"": 0.1666666716337204, ""90"": 0.1666666716337204}, ""num_aggregated"": 7}"
234,apra,apra_mad_filter,"[3, 87, 74, 46, 79, 16, 83, 89, 23]",[82],"{""median_norm"": 0.6524785406516386, ""mad"": 0.05282116104310702, ""k"": 2.0, ""num_accepted"": 9, ""safety_keep_used"": false, ""fallback_used"": false}"
234,apra,apra_hierarchical_cluster,"[3, 87, 74, 79, 16, 83, 89, 23]",[46],"{""best_k"": 2, ""best_score"": 0.6832278966903687, ""selected_cluster"": 0, ""cluster_scores"": {""0"": 2.2389976978302, ""1"": -1.0}, ""num_trusted"": 8, ""fallback_used"": false}"
234,apra,apra_trust_weighted_clip,"[3, 87, 74, 79, 16, 83, 89, 23]",[],"{""base_clip"": 1.0, ""trust_weights"": {""3"": 0.0, ""87"": 0.20000000298023224, ""74"": 0.20000000298023224, ""79"": 0.20000000298023224, ""16"": 0.20000000298023224, ""83"": 0.20000000298023224, ""89"": 0.0, ""23"": 0.0}, ""num_aggregated"": 8}"
235,apra,apra_mad_filter,"[4, 39, 34, 6, 32, 9, 14, 70, 20]",[54],"{""median_norm"": 0.5629718661653356, ""mad"": 0.07030716968159476, ""k"": 2.0, ""num_accepted"": 9, ""safety_keep_used"": false, ""fallback_used"": false}"
235,apra,apra_hierarchical_cluster,"[39, 34, 6, 9, 14, 70]","[4, 32, 20]","{""best_k"": 3, ""best_score"": 0.6625964045524597, ""selected_cluster"": 2, ""cluster_scores"": {""0"": 1.9326667785644531, ""1"": -1.0, ""2"": 5.230644226074219}, ""num_trusted"": 6, ""fallback_used"": false}"
235,apra,apra_trust_weighted_clip,"[39, 34, 6, 9, 14, 70]",[],"{""base_clip"": 1.0, ""trust_weights"": {""39"": 0.20000000298023224, ""34"": 0.20000000298023224, ""6"": 0.20000000298023224, ""9"": 0.20000000298023224, ""14"": 0.20000000298023224, ""70"": 0.0}, ""num_aggregated"": 6}"
236,apra,apra_mad_filter,"[4, 60, 77, 13, 34, 56, 46, 76, 45, 11]",[],"{""median_norm"": 0.5912366802303837, ""mad"": 0.08583492485264504, ""k"": 2.0, ""num_accepted"": 10, ""safety_keep_used"": false, ""fallback_used"": false}"
236,apra,apra_hierarchical_cluster,"[4, 60, 77, 13, 34, 56, 76, 45, 11]",[46],"{""best_k"": 2, ""best_score"": 0.410423219203949, ""selected_cluster"": 0, ""cluster_scores"": {""0"": 0.2075166404247284, ""1"": -1.0}, ""num_trusted"": 9, ""fallback_used"": false}"
236,apra,apra_trust_weighted_clip,"[4, 60, 77, 13, 34, 56, 76, 45, 11]",[],"{""base_clip"": 1.0, ""trust_weights"": {""4"": 0.15332987904548645, ""60"": 0.15332987904548645, ""77"": 0.03368533402681351, ""13"": 0.15332987904548645, ""34"": 0.15332987904548645, ""56"": 0.15332987904548645, ""76"": 0.046335432678461075, ""45"": 0.0, ""11"": 0.15332987904548645}, ""num_aggregated"": 9}"
237,apra,apra_mad_filter,"[1, 4, 25, 30, 73, 96, 8, 78, 50]",[48],"{""median_norm"": 0.562146089243595, ""mad"": 0.07777335709033897, ""k"": 2.0, ""num_accepted"": 9, ""safety_keep_used"": false, ""fallback_used"": false}"
237,apra,apra_hierarchical_cluster,"[1, 4, 25, 30, 96, 8, 78, 50]",[73],"{""best_k"": 2, ""best_score"": 0.5975127816200256, ""selected_cluster"": 0, ""cluster_scores"": {""0"": 2.2882914543151855, ""1"": -1.0}, ""num_trusted"": 8, ""fallback_used"": false}"
237,apra,apra_trust_weighted_clip,"[1, 4, 25, 30, 96, 8, 78, 50]",[],"{""base_clip"": 1.0, ""trust_weights"": {""1"": 0.1428571492433548, ""4"": 0.1428571492433548, ""25"": 0.1428571492433548, ""30"": 0.1428571492433548, ""96"": 0.1428571492433548, ""8"": 0.0, ""78"": 0.1428571492433548, ""50"": 0.1428571492433548}, ""num_aggregated"": 8}"
238,apra,apra_mad_filter,"[3, 56, 83, 75, 33, 20, 28, 74, 38]",[88],"{""median_norm"": 0.49962286269272294, ""mad"": 0.039712329949502495, ""k"": 2.0, ""num_accepted"": 9, ""safety_keep_used"": false, ""fallback_used"": false}"
238,apra,apra_hierarchical_cluster,"[3, 56, 83, 75, 33, 28, 74, 38]",[20],"{""best_k"": 2, ""best_score"": 0.4590928852558136, ""selected_cluster"": 0, ""cluster_scores"": {""0"": 7.00708532333374, ""1"": -1.0}, ""num_trusted"": 8, ""fallback_used"": false}"
238,apra,apra_trust_weighted_clip,"[3, 56, 83, 75, 33, 28, 74, 38]",[],"{""base_clip"": 1.0, ""trust_weights"": {""3"": 0.1666666716337204, ""56"": 0.0, ""83"": 0.1666666716337204, ""75"": 0.0, ""33"": 0.1666666716337204, ""28"": 0.1666666716337204, ""74"": 0.1666666716337204, ""38"": 0.1666666716337204}, ""num_aggregated"": 8}"
239,apra,apra_mad_filter,"[1, 72, 87, 27, 93, 62, 46, 37, 21]",[96],"{""median_norm"": 0.5157141986765037, ""mad"": 0.028057164453281297, ""k"": 2.0, ""num_accepted"": 9, ""safety_keep_used"": false, ""fallback_used"": false}"
239,apra,apra_hierarchical_cluster,"[1, 72, 87, 27, 93, 62, 37, 21]",[46],"{""best_k"": 2, ""best_score"": 0.5747597217559814, ""selected_cluster"": 0, ""cluster_scores"": {""0"": 3.1948187351226807, ""1"": -1.0}, ""num_trusted"": 8, ""fallback_used"": false}"
239,apra,apra_trust_weighted_clip,"[1, 72, 87, 27, 93, 62, 37, 21]",[],"{""base_clip"": 1.0, ""trust_weights"": {""1"": 0.16931326687335968, ""72"": 0.02326281927525997, ""87"": 0.16931326687335968, ""27"": 0.16931326687335968, ""93"": 0.16931326687335968, ""62"": 0.16931326687335968, ""37"": 0.1301708221435547, ""21"": 0.0}, ""num_aggregated"": 8}"
240,apra,apra_mad_filter,"[4, 65, 39, 50, 32, 61, 62, 40]","[93, 31]","{""median_norm"": 0.5487794129003649, ""mad"": 0.05054851605081645, ""k"": 2.0, ""num_accepted"": 8, ""safety_keep_used"": false, ""fallback_used"": false}"
240,apra,apra_hierarchical_cluster,"[4, 65, 39, 50, 61, 62, 40]",[32],"{""best_k"": 2, ""best_score"": 0.5814946889877319, ""selected_cluster"": 0, ""cluster_scores"": {""0"": 2.2881343364715576, ""1"": -1.0}, ""num_trusted"": 7, ""fallback_used"": false}"
240,apra,apra_trust_weighted_clip,"[4, 65, 39, 50, 61, 62, 40]",[],"{""base_clip"": 1.0, ""trust_weights"": {""4"": 0.25, ""65"": 0.0, ""39"": 0.25, ""50"": 0.0, ""61"": 0.0, ""62"": 0.25, ""40"": 0.25}, ""num_aggregated"": 7}"
241,apra,apra_mad_filter,"[4, 81, 42, 7, 1, 94, 23, 58]","[95, 32]","{""median_norm"": 0.5656416376166916, ""mad"": 0.03564969051419903, ""k"": 2.0, ""num_accepted"": 8, ""safety_keep_used"": false, ""fallback_used"": false}"
241,apra,apra_hierarchical_cluster,"[4, 81, 7, 1, 94, 23, 58]",[42],"{""best_k"": 2, ""best_score"": 0.6289454698562622, ""selected_cluster"": 0, ""cluster_scores"": {""0"": 3.481262683868408, ""1"": -1.0}, ""num_trusted"": 7, ""fallback_used"": false}"
241,apra,apra_trust_weighted_clip,"[4, 81, 7, 1, 94, 23, 58]",[],"{""base_clip"": 1.0, ""trust_weights"": {""4"": 0.01555659156292677, ""81"": 0.01555659156292677, ""7"": 0.0, ""1"": 0.2422216832637787, ""94"": 0.2422216832637787, ""23"": 0.2422216832637787, ""58"": 0.2422216832637787}, ""num_aggregated"": 7}"
242,apra,apra_mad_filter,"[3, 18, 59, 74, 27, 10, 52, 21]","[88, 11]","{""median_norm"": 0.5820652923163875, ""mad"": 0.0973623102391788, ""k"": 2.0, ""num_accepted"": 8, ""safety_keep_used"": false, ""fallback_used"": false}"
242,apra,apra_hierarchical_cluster,"[3, 18, 59, 74, 27, 52, 21]",[10],"{""best_k"": 2, ""best_score"": 0.631965696811676, ""selected_cluster"": 0, ""cluster_scores"": {""0"": 4.8175153732299805, ""1"": -1.0}, ""num_trusted"": 7, ""fallback_used"": false}"
242,apra,apra_trust_weighted_clip,"[3, 18, 59, 74, 27, 52, 21]",[],"{""base_clip"": 1.0, ""trust_weights"": {""3"": 0.2815350592136383, ""18"": 0.18214553594589233, ""59"": 0.0, ""74"": 0.2815350592136383, ""27"": 0.0, ""52"": 0.25478431582450867, ""21"": 0.0}, ""num_aggregated"": 7}"
243,apra,apra_mad_filter,"[2, 6, 43, 46, 21, 55, 57, 80, 78]",[26],"{""median_norm"": 0.47215338643479954, ""mad"": 0.06282935375701879, ""k"": 2.0, ""num_accepted"": 9, ""safety_keep_used"": false, ""fallback_used"": false}"
243,apra,apra_hierarchical_cluster,"[6, 43, 55, 57, 80, 78]","[2, 46, 21]","{""best_k"": 3, ""best_score"": 0.4495137929916382, ""selected_cluster"": 1, ""cluster_scores"": {""0"": 1.7894508838653564, ""1"": 3.228548049926758, ""2"": -1.0}, ""num_trusted"": 6, ""fallback_used"": false}"
243,apra,apra_trust_weighted_clip,"[6, 43, 55, 57, 80, 78]",[],"{""base_clip"": 1.0, ""trust_weights"": {""6"": 0.0, ""43"": 0.15257500112056732, ""55"": 0.21185626089572906, ""57"": 0.21185626089572906, ""80"": 0.21185626089572906, ""78"": 0.21185626089572906}, ""num_aggregated"": 6}"
244,apra,apra_mad_filter,"[1, 36, 84, 82, 40, 87, 90, 66, 32, 89]",[],"{""median_norm"": 0.4887123705609755, ""mad"": 0.04783544324731287, ""k"": 2.0, ""num_accepted"": 10, ""safety_keep_used"": false, ""fallback_used"": false}"
244,apra,apra_hierarchical_cluster,"[1, 84, 82, 40, 87, 90, 66, 89]","[36, 32]","{""best_k"": 3, ""best_score"": 0.5631097555160522, ""selected_cluster"": 0, ""cluster_scores"": {""0"": 4.741911888122559, ""1"": -1.0, ""2"": -1.0}, ""num_trusted"": 8, ""fallback_used"": false}"
244,apra,apra_trust_weighted_clip,"[1, 84, 82, 40, 87, 90, 66, 89]",[],"{""base_clip"": 1.0, ""trust_weights"": {""1"": 0.0, ""84"": 0.0, ""82"": 0.0, ""40"": 0.25, ""87"": 0.25, ""90"": 0.25, ""66"": 0.0, ""89"": 0.25}, ""num_aggregated"": 8}"
245,apra,apra_mad_filter,"[3, 51, 72, 92, 98, 91, 63, 76]","[19, 60]","{""median_norm"": 0.5573341922946429, ""mad"": 0.04151503999085093, ""k"": 2.0, ""num_accepted"": 8, ""safety_keep_used"": false, ""fallback_used"": false}"
245,apra,apra_hierarchical_cluster,"[3, 72, 92, 98, 91, 63, 76]",[51],"{""best_k"": 2, ""best_score"": 0.6948801279067993, ""selected_cluster"": 0, ""cluster_scores"": {""0"": 3.266510009765625, ""1"": -1.0}, ""num_trusted"": 7, ""fallback_used"": false}"
245,apra,apra_trust_weighted_clip,"[3, 72, 92, 98, 91, 63, 76]",[],"{""base_clip"": 1.0, ""trust_weights"": {""3"": 0.1666666716337204, ""72"": 0.0, ""92"": 0.1666666716337204, ""98"": 0.1666666716337204, ""91"": 0.1666666716337204, ""63"": 0.1666666716337204, ""76"": 0.1666666716337204}, ""num_aggregated"": 7}"
246,apra,apra_mad_filter,"[1, 94, 66, 86, 68, 35, 77, 11, 22]",[73],"{""median_norm"": 0.5487835778164128, ""mad"": 0.036351056983330965, ""k"": 2.0, ""num_accepted"": 9, ""safety_keep_used"": false, ""fallback_used"": false}"
246,apra,apra_hierarchical_cluster,"[1, 94, 86, 68, 35, 77, 22]","[66, 11]","{""best_k"": 2, ""best_score"": 0.6345500946044922, ""selected_cluster"": 0, ""cluster_scores"": {""0"": 6.143627643585205, ""1"": 1.7386388778686523}, ""num_trusted"": 7, ""fallback_used"": false}"
246,apra,apra_trust_weighted_clip,"[1, 94, 86, 68, 35, 77, 22]",[],"{""base_clip"": 1.0, ""trust_weights"": {""1"": 0.3237272799015045, ""94"": 0.3237272799015045, ""86"": 0.0, ""68"": 0.0, ""35"": 0.03316393494606018, ""77"": 0.319381445646286, ""22"": 0.0}, ""num_aggregated"": 7}"
247,apra,apra_mad_filter,"[4, 56, 57, 22, 65, 63, 62, 33, 64, 69]",[],"{""median_norm"": 0.5280015094126114, ""mad"": 0.05117388255549982, ""k"": 2.0, ""num_accepted"": 10, ""safety_keep_used"": false, ""fallback_used"": false}"
247,apra,apra_hierarchical_cluster,"[4, 56, 57, 22, 65, 63, 62, 33, 64]",[69],"{""best_k"": 2, ""best_score"": 0.4853960871696472, ""selected_cluster"": 0, ""cluster_scores"": {""0"": 2.0210065841674805, ""1"": -1.0}, ""num_trusted"": 9, ""fallback_used"": false}"
247,apra,apra_trust_weighted_clip,"[4, 56, 57, 22, 65, 63, 62, 33, 64]",[],"{""base_clip"": 1.0, ""trust_weights"": {""4"": 0.0, ""56"": 0.14526662230491638, ""57"": 0.13683341443538666, ""22"": 0.14526662230491638, ""65"": 0.0, ""63"": 0.14526662230491638, ""62"": 0.14526662230491638, ""33"": 0.14526662230491638, ""64"": 0.13683341443538666}, ""num_aggregated"": 9}"
248,apra,apra_mad_filter,"[3, 79, 11, 38, 2, 57, 49]","[7, 91, 22]","{""median_norm"": 0.49325830316203273, ""mad"": 0.036517456822907524, ""k"": 2.0, ""num_accepted"": 7, ""safety_keep_used"": false, ""fallback_used"": false}"
248,apra,apra_hierarchical_cluster,"[3, 79, 38, 2, 57, 49]",[11],"{""best_k"": 2, ""best_score"": 0.2639380395412445, ""selected_cluster"": 0, ""cluster_scores"": {""0"": 0.1602029800415039, ""1"": -1.0}, ""num_trusted"": 6, ""fallback_used"": false}"
248,apra,apra_trust_weighted_clip,"[3, 79, 38, 2, 57, 49]",[],"{""base_clip"": 1.0, ""trust_weights"": {""3"": 0.24268268048763275, ""79"": 0.24268268048763275, ""38"": 0.25731733441352844, ""2"": 0.0, ""57"": 0.0, ""49"": 0.25731733441352844}, ""num_aggregated"": 6}"
249,apra,apra_mad_filter,"[4, 49, 80, 41, 24, 96, 37, 13, 63, 29]",[],"{""median_norm"": 0.5798035905561326, ""mad"": 0.10687962201681944, ""k"": 2.0, ""num_accepted"": 10, ""safety_keep_used"": false, ""fallback_used"": false}"
249,apra,apra_hierarchical_cluster,"[4, 49, 80, 24, 37, 13, 63, 29]","[41, 96]","{""best_k"": 2, ""best_score"": 0.5979600548744202, ""selected_cluster"": 0, ""cluster_scores"": {""0"": 4.104041576385498, ""1"": 1.6183524131774902}, ""num_trusted"": 8, ""fallback_used"": false}"
249,apra,apra_trust_weighted_clip,"[4, 49, 80, 24, 37, 13, 63, 29]",[],"{""base_clip"": 1.0, ""trust_weights"": {""4"": 0.0, ""49"": 0.0, ""80"": 0.1666666716337204, ""24"": 0.1666666716337204, ""37"": 0.1666666716337204, ""13"": 0.1666666716337204, ""63"": 0.1666666716337204, ""29"": 0.1666666716337204}, ""num_aggregated"": 8}"
250,apra,apra_mad_filter,"[0, 86, 66, 7, 19, 3, 37, 34, 10, 91]",[],"{""median_norm"": 0.5600378682376804, ""mad"": 0.11680696217057027, ""k"": 2.0, ""num_accepted"": 10, ""safety_keep_used"": false, ""fallback_used"": false}"
250,apra,apra_hierarchical_cluster,"[86, 66, 7, 19, 3, 37, 34, 10, 91]",[0],"{""best_k"": 2, ""best_score"": 0.6504672169685364, ""selected_cluster"": 0, ""cluster_scores"": {""0"": 3.7916548252105713, ""1"": -1.0}, ""num_trusted"": 9, ""fallback_used"": false}"
250,apra,apra_trust_weighted_clip,"[86, 66, 7, 19, 3, 37, 34, 10, 91]",[],"{""base_clip"": 1.0, ""trust_weights"": {""86"": 0.125, ""66"": 0.125, ""7"": 0.125, ""19"": 0.0, ""3"": 0.125, ""37"": 0.125, ""34"": 0.125, ""10"": 0.125, ""91"": 0.125}, ""num_aggregated"": 9}"
251,apra,apra_mad_filter,"[0, 59, 14, 73, 9, 18, 77, 36, 32, 89]",[],"{""median_norm"": 0.5753728065837114, ""mad"": 0.06696499671092493, ""k"": 2.0, ""num_accepted"": 10, ""safety_keep_used"": false, ""fallback_used"": false}"
251,apra,apra_hierarchical_cluster,"[59, 14, 73, 9, 18, 77, 36, 32, 89]",[0],"{""best_k"": 2, ""best_score"": 0.6550487279891968, ""selected_cluster"": 0, ""cluster_scores"": {""0"": 3.079984426498413, ""1"": -1.0}, ""num_trusted"": 9, ""fallback_used"": false}"
251,apra,apra_trust_weighted_clip,"[59, 14, 73, 9, 18, 77, 36, 32, 89]",[],"{""base_clip"": 1.0, ""trust_weights"": {""59"": 0.1428571492433548, ""14"": 0.1428571492433548, ""73"": 0.1428571492433548, ""9"": 0.1428571492433548, ""18"": 0.1428571492433548, ""77"": 0.1428571492433548, ""36"": 0.0, ""32"": 0.0, ""89"": 0.1428571492433548}, ""num_aggregated"": 9}"
252,apra,apra_mad_filter,"[1, 59, 8, 24, 55, 57, 68, 13, 38]",[47],"{""median_norm"": 0.5732957906327216, ""mad"": 0.10384207776040763, ""k"": 2.0, ""num_accepted"": 9, ""safety_keep_used"": false, ""fallback_used"": false}"
252,apra,apra_hierarchical_cluster,"[1, 59, 24, 55, 57, 68, 13, 38]",[8],"{""best_k"": 2, ""best_score"": 0.666585385799408, ""selected_cluster"": 0, ""cluster_scores"": {""0"": 4.32789421081543, ""1"": -1.0}, ""num_trusted"": 8, ""fallback_used"": false}"
252,apra,apra_trust_weighted_clip,"[1, 59, 24, 55, 57, 68, 13, 38]",[],"{""base_clip"": 1.0, ""trust_weights"": {""1"": 0.0, ""59"": 0.14591656625270844, ""24"": 0.05833059921860695, ""55"": 0.14591656625270844, ""57"": 0.11703385412693024, ""68"": 0.17760078608989716, ""13"": 0.17760078608989716, ""38"": 0.17760078608989716}, ""num_aggregated"": 8}"
253,apra,apra_mad_filter,"[4, 51, 29, 46, 41, 3, 11, 75, 27, 48]",[],"{""median_norm"": 0.6027396764089296, ""mad"": 0.07883409250410695, ""k"": 2.0, ""num_accepted"": 10, ""safety_keep_used"": false, ""fallback_used"": false}"
253,apra,apra_hierarchical_cluster,"[4, 51, 29, 46, 41, 3, 11, 75, 27]",[48],"{""best_k"": 2, ""best_score"": 0.6698585748672485, ""selected_cluster"": 0, ""cluster_scores"": {""0"": 3.463430404663086, ""1"": -1.0}, ""num_trusted"": 9, ""fallback_used"": false}"
253,apra,apra_trust_weighted_clip,"[4, 51, 29, 46, 41, 3, 11, 75, 27]",[],"{""base_clip"": 1.0, ""trust_weights"": {""4"": 0.0, ""51"": 0.15273818373680115, ""29"": 0.15273818373680115, ""46"": 0.0890132263302803, ""41"": 0.0, ""3"": 0.14729587733745575, ""11"": 0.15273818373680115, ""75"": 0.15273818373680115, ""27"": 0.15273818373680115}, ""num_aggregated"": 9}"
254,apra,apra_mad_filter,"[1, 9, 85, 11, 15, 93, 42, 66, 39]",[4],"{""median_norm"": 0.4848946467500973, ""mad"": 0.0633257217251875, ""k"": 2.0, ""num_accepted"": 9, ""safety_keep_used"": false, ""fallback_used"": false}"
254,apra,apra_hierarchical_cluster,"[1, 9, 85, 11, 15, 93, 66, 39]",[42],"{""best_k"": 2, ""best_score"": 0.6397495269775391, ""selected_cluster"": 0, ""cluster_scores"": {""0"": 3.8466403484344482, ""1"": -1.0}, ""num_trusted"": 8, ""fallback_used"": false}"
254,apra,apra_trust_weighted_clip,"[1, 9, 85, 11, 15, 93, 66, 39]",[],"{""base_clip"": 1.0, ""trust_weights"": {""1"": 0.17292390763759613, ""9"": 0.052391231060028076, ""85"": 0.0, ""11"": 0.17292390763759613, ""15"": 0.08298925310373306, ""93"": 0.17292390763759613, ""66"": 0.17292390763759613, ""39"": 0.17292390763759613}, ""num_aggregated"": 8}"
255,apra,apra_mad_filter,"[2, 51, 57, 29, 12, 62, 8, 89, 6, 93]",[],"{""median_norm"": 0.5428520178493077, ""mad"": 0.04950682186883765, ""k"": 2.0, ""num_accepted"": 10, ""safety_keep_used"": false, ""fallback_used"": false}"
255,apra,apra_hierarchical_cluster,"[2, 57, 29, 12, 62, 89, 6, 93]","[51, 8]","{""best_k"": 2, ""best_score"": 0.47156524658203125, ""selected_cluster"": 1, ""cluster_scores"": {""0"": 1.197401762008667, ""1"": 1.8343549966812134}, ""num_trusted"": 8, ""fallback_used"": false}"
255,apra,apra_trust_weighted_clip,"[2, 57, 29, 12, 62, 89, 6, 93]",[],"{""base_clip"": 1.0, ""trust_weights"": {""2"": 0.20919203758239746, ""57"": 0.20919203758239746, ""29"": 0.1593998521566391, ""12"": 0.0, ""62"": 0.0, ""89"": 0.20919203758239746, ""6"": 0.0038320415187627077, ""93"": 0.20919203758239746}, ""num_aggregated"": 8}"
256,apra,apra_mad_filter,"[0, 86, 89, 60, 36, 73, 25, 58]","[12, 47]","{""median_norm"": 0.5755463036361437, ""mad"": 0.06022960677365774, ""k"": 2.0, ""num_accepted"": 8, ""safety_keep_used"": false, ""fallback_used"": false}"
256,apra,apra_hierarchical_cluster,"[86, 89, 60, 36, 25, 58]","[0, 73]","{""best_k"": 3, ""best_score"": 0.6015274524688721, ""selected_cluster"": 0, ""cluster_scores"": {""0"": 3.8347513675689697, ""1"": -1.0, ""2"": -1.0}, ""num_trusted"": 6, ""fallback_used"": false}"
256,apra,apra_trust_weighted_clip,"[86, 89, 60, 36, 25, 58]",[],"{""base_clip"": 1.0, ""trust_weights"": {""86"": 0.20000000298023224, ""89"": 0.20000000298023224, ""60"": 0.20000000298023224, ""36"": 0.0, ""25"": 0.20000000298023224, ""58"": 0.20000000298023224}, ""num_aggregated"": 6}"
257,apra,apra_mad_filter,"[3, 4, 64, 30, 0, 24, 14, 91, 90, 57]",[],"{""median_norm"": 0.5410895291093022, ""mad"": 0.10283062414155203, ""k"": 2.0, ""num_accepted"": 10, ""safety_keep_used"": false, ""fallback_used"": false}"
257,apra,apra_hierarchical_cluster,"[3, 64, 24, 14, 91, 90, 57]","[4, 30, 0]","{""best_k"": 3, ""best_score"": 0.7133108377456665, ""selected_cluster"": 1, ""cluster_scores"": {""0"": 1.7944778203964233, ""1"": 6.215458869934082, ""2"": -1.0}, ""num_trusted"": 7, ""fallback_used"": false}"
257,apra,apra_trust_weighted_clip,"[3, 64, 24, 14, 91, 90, 57]",[],"{""base_clip"": 1.0, ""trust_weights"": {""3"": 0.1666666716337204, ""64"": 0.1666666716337204, ""24"": 0.0, ""14"": 0.1666666716337204, ""91"": 0.1666666716337204, ""90"": 0.1666666716337204, ""57"": 0.1666666716337204}, ""num_aggregated"": 7}"
258,apra,apra_mad_filter,"[1, 59, 28, 31, 77, 62, 82, 85, 6, 11]",[],"{""median_norm"": 0.563448178967038, ""mad"": 0.12439128559741613, ""k"": 2.0, ""num_accepted"": 10, ""safety_keep_used"": false, ""fallback_used"": false}"
258,apra,apra_hierarchical_cluster,"[1, 59, 28, 77, 62, 82, 85, 6, 11]",[31],"{""best_k"": 2, ""best_score"": 0.7344979047775269, ""selected_cluster"": 0, ""cluster_scores"": {""0"": 4.05409574508667, ""1"": -1.0}, ""num_trusted"": 9, ""fallback_used"": false}"
258,apra,apra_trust_weighted_clip,"[1, 59, 28, 77, 62, 82, 85, 6, 11]",[],"{""base_clip"": 1.0, ""trust_weights"": {""1"": 0.125, ""59"": 0.125, ""28"": 0.125, ""77"": 0.125, ""62"": 0.0, ""82"": 0.125, ""85"": 0.125, ""6"": 0.125, ""11"": 0.125}, ""num_aggregated"": 9}"
259,apra,apra_mad_filter,"[0, 13, 85, 73, 22, 53, 21, 10, 71]",[38],"{""median_norm"": 0.6079565809032761, ""mad"": 0.05096049044061096, ""k"": 2.0, ""num_accepted"": 9, ""safety_keep_used"": false, ""fallback_used"": false}"
259,apra,apra_hierarchical_cluster,"[13, 85, 73, 22, 53, 21, 10, 71]",[0],"{""best_k"": 2, ""best_score"": 0.6792579293251038, ""selected_cluster"": 0, ""cluster_scores"": {""0"": 2.7201285362243652, ""1"": -1.0}, ""num_trusted"": 8, ""fallback_used"": false}"
259,apra,apra_trust_weighted_clip,"[13, 85, 73, 22, 53, 21, 10, 71]",[],"{""base_clip"": 1.0, ""trust_weights"": {""13"": 0.15052403509616852, ""85"": 0.15052403509616852, ""73"": 0.0, ""22"": 0.15052403509616852, ""53"": 0.15052403509616852, ""21"": 0.15052403509616852, ""10"": 0.09685584902763367, ""71"": 0.15052403509616852}, ""num_aggregated"": 8}"
260,apra,apra_mad_filter,"[4, 21, 93, 87, 34, 1, 0, 54, 10, 27]",[],"{""median_norm"": 0.5320816861604356, ""mad"": 0.08850046972262587, ""k"": 2.0, ""num_accepted"": 10, ""safety_keep_used"": false, ""fallback_used"": false}"
260,apra,apra_hierarchical_cluster,"[4, 21, 93, 87, 34, 1, 0, 10, 27]",[54],"{""best_k"": 2, ""best_score"": 0.6769780516624451, ""selected_cluster"": 0, ""cluster_scores"": {""0"": 4.586761474609375, ""1"": -1.0}, ""num_trusted"": 9, ""fallback_used"": false}"
260,apra,apra_trust_weighted_clip,"[4, 21, 93, 87, 34, 1, 0, 10, 27]",[],"{""base_clip"": 1.0, ""trust_weights"": {""4"": 0.0, ""21"": 0.1543821096420288, ""93"": 0.1543821096420288, ""87"": 0.1543821096420288, ""34"": 0.1543821096420288, ""1"": 0.1543821096420288, ""0"": 0.0, ""10"": 0.07370736449956894, ""27"": 0.1543821096420288}, ""num_aggregated"": 9}"
261,apra,apra_mad_filter,"[4, 49, 43, 35, 89, 76, 55, 52, 7, 22]",[],"{""median_norm"": 0.6562701808860675, ""mad"": 0.09540494445636194, ""k"": 2.0, ""num_accepted"": 10, ""safety_keep_used"": false, ""fallback_used"": false}"
261,apra,apra_hierarchical_cluster,"[49, 43, 89, 76, 52, 7, 22]","[4, 35, 55]","{""best_k"": 2, ""best_score"": 0.4914371967315674, ""selected_cluster"": 1, ""cluster_scores"": {""0"": 2.5461606979370117, ""1"": 4.087472438812256}, ""num_trusted"": 7, ""fallback_used"": false}"
261,apra,apra_trust_weighted_clip,"[49, 43, 89, 76, 52, 7, 22]",[],"{""base_clip"": 1.0, ""trust_weights"": {""49"": 0.1666666716337204, ""43"": 0.1666666716337204, ""89"": 0.1666666716337204, ""76"": 0.1666666716337204, ""52"": 0.1666666716337204, ""7"": 0.0, ""22"": 0.1666666716337204}, ""num_aggregated"": 7}"
262,apra,apra_mad_filter,"[2, 11, 35, 44, 70, 93, 6, 36, 61]",[32],"{""median_norm"": 0.5533774043865655, ""mad"": 0.06484485182397937, ""k"": 2.0, ""num_accepted"": 9, ""safety_keep_used"": false, ""fallback_used"": false}"
262,apra,apra_hierarchical_cluster,"[2, 70, 93, 6]","[11, 35, 44, 36, 61]","{""best_k"": 4, ""best_score"": 0.4298652410507202, ""selected_cluster"": 0, ""cluster_scores"": {""0"": 3.18204927444458, ""1"": 1.957944393157959, ""2"": -1.0, ""3"": 1.968997597694397}, ""num_trusted"": 4, ""fallback_used"": false}"
262,apra,apra_trust_weighted_clip,"[2, 70, 93, 6]",[],"{""base_clip"": 1.0, ""trust_weights"": {""2"": 0.3333333432674408, ""70"": 0.3333333432674408, ""93"": 0.3333333432674408, ""6"": 0.0}, ""num_aggregated"": 4}"
263,apra,apra_mad_filter,"[0, 9, 92, 4, 5, 39, 44, 7, 11]",[72],"{""median_norm"": 0.6500005162550382, ""mad"": 0.06893828607567948, ""k"": 2.0, ""num_accepted"": 9, ""safety_keep_used"": false, ""fallback_used"": false}"
263,apra,apra_hierarchical_cluster,"[9, 92, 4, 39, 44, 7, 11]","[0, 5]","{""best_k"": 3, ""best_score"": 0.6062630414962769, ""selected_cluster"": 0, ""cluster_scores"": {""0"": 3.538043260574341, ""1"": -1.0, ""2"": -1.0}, ""num_trusted"": 7, ""fallback_used"": false}"
263,apra,apra_trust_weighted_clip,"[9, 92, 4, 39, 44, 7, 11]",[],"{""base_clip"": 1.0, ""trust_weights"": {""9"": 0.20000000298023224, ""92"": 0.20000000298023224, ""4"": 0.0, ""39"": 0.20000000298023224, ""44"": 0.0, ""7"": 0.20000000298023224, ""11"": 0.20000000298023224}, ""num_aggregated"": 7}"
264,apra,apra_mad_filter,"[2, 96, 32, 9, 91, 15, 42, 79, 81]",[74],"{""median_norm"": 0.538440046677719, ""mad"": 0.04792812229450613, ""k"": 2.0, ""num_accepted"": 9, ""safety_keep_used"": false, ""fallback_used"": false}"
264,apra,apra_hierarchical_cluster,"[2, 32, 9, 91, 15, 42, 79, 81]",[96],"{""best_k"": 2, ""best_score"": 0.651542067527771, ""selected_cluster"": 0, ""cluster_scores"": {""0"": 2.7187488079071045, ""1"": -1.0}, ""num_trusted"": 8, ""fallback_used"": false}"
264,apra,apra_trust_weighted_clip,"[2, 32, 9, 91, 15, 42, 79, 81]",[],"{""base_clip"": 1.0, ""trust_weights"": {""2"": 0.12899349629878998, ""32"": 0.0, ""9"": 0.18550324440002441, ""91"": 0.18550324440002441, ""15"": 0.0, ""42"": 0.12899349629878998, ""79"": 0.18550324440002441, ""81"": 0.18550324440002441}, ""num_aggregated"": 8}"
265,apra,apra_mad_filter,"[3, 8, 20, 62, 52, 77, 25, 90, 36, 97]",[],"{""median_norm"": 0.6098545838782923, ""mad"": 0.10790223284906203, ""k"": 2.0, ""num_accepted"": 10, ""safety_keep_used"": false, ""fallback_used"": false}"
265,apra,apra_hierarchical_cluster,"[3, 8, 62, 52, 77, 25, 90, 36, 97]",[20],"{""best_k"": 2, ""best_score"": 0.46965861320495605, ""selected_cluster"": 0, ""cluster_scores"": {""0"": 1.5892516374588013, ""1"": -1.0}, ""num_trusted"": 9, ""fallback_used"": false}"
265,apra,apra_trust_weighted_clip,"[3, 8, 62, 52, 77, 25, 90, 36, 97]",[],"{""base_clip"": 1.0, ""trust_weights"": {""3"": 0.1428571492433548, ""8"": 0.0, ""62"": 0.1428571492433548, ""52"": 0.1428571492433548, ""77"": 0.1428571492433548, ""25"": 0.1428571492433548, ""90"": 0.1428571492433548, ""36"": 0.1428571492433548, ""97"": 0.0}, ""num_aggregated"": 9}"
266,apra,apra_mad_filter,"[3, 63, 78, 7, 42, 33, 65, 43]","[56, 54]","{""median_norm"": 0.6066617981178575, ""mad"": 0.03837360064308609, ""k"": 2.0, ""num_accepted"": 8, ""safety_keep_used"": false, ""fallback_used"": false}"
266,apra,apra_hierarchical_cluster,"[3, 63, 78, 7, 33, 65, 43]",[42],"{""best_k"": 2, ""best_score"": 0.6022211313247681, ""selected_cluster"": 0, ""cluster_scores"": {""0"": 4.019893169403076, ""1"": -1.0}, ""num_trusted"": 7, ""fallback_used"": false}"
266,apra,apra_trust_weighted_clip,"[3, 63, 78, 7, 33, 65, 43]",[],"{""base_clip"": 1.0, ""trust_weights"": {""3"": 0.1666666716337204, ""63"": 0.1666666716337204, ""78"": 0.1666666716337204, ""7"": 0.1666666716337204, ""33"": 0.1666666716337204, ""65"": 0.0, ""43"": 0.1666666716337204}, ""num_aggregated"": 7}"
267,apra,apra_mad_filter,"[3, 20, 41, 61, 45, 1, 35, 22, 23, 40]",[],"{""median_norm"": 0.4699964201374884, ""mad"": 0.06032515131269839, ""k"": 2.0, ""num_accepted"": 10, ""safety_keep_used"": false, ""fallback_used"": false}"
267,apra,apra_hierarchical_cluster,"[3, 20, 61, 45, 1, 35, 22, 23, 40]",[41],"{""best_k"": 2, ""best_score"": 0.5604778528213501, ""selected_cluster"": 0, ""cluster_scores"": {""0"": 1.8830515146255493, ""1"": -1.0}, ""num_trusted"": 9, ""fallback_used"": false}"
267,apra,apra_trust_weighted_clip,"[3, 20, 61, 45, 1, 35, 22, 23, 40]",[],"{""base_clip"": 1.0, ""trust_weights"": {""3"": 0.21298329532146454, ""20"": 0.0, ""61"": 0.06861180812120438, ""45"": 0.21298329532146454, ""1"": 0.0, ""35"": 0.21298329532146454, ""22"": 0.21298329532146454, ""23"": 0.07945505529642105, ""40"": 0.0}, ""num_aggregated"": 9}"
268,apra,apra_mad_filter,"[3, 34, 97, 8, 50, 76, 85, 96, 89, 65]",[],"{""median_norm"": 0.5580067028748847, ""mad"": 0.08757316079804361, ""k"": 2.0, ""num_accepted"": 10, ""safety_keep_used"": false, ""fallback_used"": false}"
268,apra,apra_hierarchical_cluster,"[3, 34, 8, 50, 76, 85, 96, 89, 65]",[97],"{""best_k"": 2, ""best_score"": 0.5178219079971313, ""selected_cluster"": 0, ""cluster_scores"": {""0"": 2.2271511554718018, ""1"": -1.0}, ""num_trusted"": 9, ""fallback_used"": false}"
268,apra,apra_trust_weighted_clip,"[3, 34, 8, 50, 76, 85, 96, 89, 65]",[],"{""base_clip"": 1.0, ""trust_weights"": {""3"": 0.15532663464546204, ""34"": 0.06804021447896957, ""8"": 0.0, ""50"": 0.15532663464546204, ""76"": 0.15532663464546204, ""85"": 0.0, ""96"": 0.15532663464546204, ""89"": 0.15532663464546204, ""65"": 0.15532663464546204}, ""num_aggregated"": 9}"
269,apra,apra_mad_filter,"[3, 97, 15, 94, 98, 63, 44, 34, 14, 95]",[],"{""median_norm"": 0.535498638699297, ""mad"": 0.08102611905493975, ""k"": 2.0, ""num_accepted"": 10, ""safety_keep_used"": false, ""fallback_used"": false}"
269,apra,apra_hierarchical_cluster,"[3, 97, 15, 94, 98, 63, 44, 34, 14]",[95],"{""best_k"": 2, ""best_score"": 0.5934039354324341, ""selected_cluster"": 0, ""cluster_scores"": {""0"": 2.298379898071289, ""1"": -1.0}, ""num_trusted"": 9, ""fallback_used"": false}"
269,apra,apra_trust_weighted_clip,"[3, 97, 15, 94, 98, 63, 44, 34, 14]",[],"{""base_clip"": 1.0, ""trust_weights"": {""3"": 0.125, ""97"": 0.125, ""15"": 0.125, ""94"": 0.125, ""98"": 0.125, ""63"": 0.125, ""44"": 0.0, ""34"": 0.125, ""14"": 0.125}, ""num_aggregated"": 9}"
270,apra,apra_mad_filter,"[4, 21, 64, 14, 15, 39, 13, 49, 8]",[72],"{""median_norm"": 0.46512348523669256, ""mad"": 0.06359497483105034, ""k"": 2.0, ""num_accepted"": 9, ""safety_keep_used"": false, ""fallback_used"": false}"
270,apra,apra_hierarchical_cluster,"[21, 64, 14, 15, 39, 13]","[4, 49, 8]","{""best_k"": 3, ""best_score"": 0.4813134968280792, ""selected_cluster"": 0, ""cluster_scores"": {""0"": 2.4483439922332764, ""1"": 1.9150646924972534, ""2"": -1.0}, ""num_trusted"": 6, ""fallback_used"": false}"
270,apra,apra_trust_weighted_clip,"[21, 64, 14, 15, 39, 13]",[],"{""base_clip"": 1.0, ""trust_weights"": {""21"": 0.25, ""64"": 0.25, ""14"": 0.25, ""15"": 0.0, ""39"": 0.25, ""13"": 0.0}, ""num_aggregated"": 6}"
271,apra,apra_mad_filter,"[2, 72, 3, 10, 64, 86, 43, 46, 63]",[73],"{""median_norm"": 0.5369011222866867, ""mad"": 0.03927998444515274, ""k"": 2.0, ""num_accepted"": 9, ""safety_keep_used"": false, ""fallback_used"": false}"
271,apra,apra_hierarchical_cluster,"[2, 72, 3, 64, 86, 43, 46, 63]",[10],"{""best_k"": 2, ""best_score"": 0.6566869020462036, ""selected_cluster"": 0, ""cluster_scores"": {""0"": 5.388288497924805, ""1"": -1.0}, ""num_trusted"": 8, ""fallback_used"": false}"
271,apra,apra_trust_weighted_clip,"[2, 72, 3, 64, 86, 43, 46, 63]",[],"{""base_clip"": 1.0, ""trust_weights"": {""2"": 0.0, ""72"": 0.1666666716337204, ""3"": 0.1666666716337204, ""64"": 0.1666666716337204, ""86"": 0.1666666716337204, ""43"": 0.1666666716337204, ""46"": 0.0, ""63"": 0.1666666716337204}, ""num_aggregated"": 8}"
272,apra,apra_mad_filter,"[0, 72, 22, 52, 63, 95, 71, 49, 42, 6]",[],"{""median_norm"": 0.5665575871291726, ""mad"": 0.11120902602103311, ""k"": 2.0, ""num_accepted"": 10, ""safety_keep_used"": false, ""fallback_used"": false}"
272,apra,apra_hierarchical_cluster,"[72, 22, 52, 63, 95, 71, 49, 42, 6]",[0],"{""best_k"": 2, ""best_score"": 0.644490122795105, ""selected_cluster"": 0, ""cluster_scores"": {""0"": 3.1779837608337402, ""1"": -1.0}, ""num_trusted"": 9, ""fallback_used"": false}"
272,apra,apra_trust_weighted_clip,"[72, 22, 52, 63, 95, 71, 49, 42, 6]",[],"{""base_clip"": 1.0, ""trust_weights"": {""72"": 0.13015736639499664, ""22"": 0.13015736639499664, ""52"": 0.13015736639499664, ""63"": 0.13015736639499664, ""95"": 0.0, ""71"": 0.08889839798212051, ""49"": 0.13015736639499664, ""42"": 0.13015736639499664, ""6"": 0.13015736639499664}, ""num_aggregated"": 9}"
273,apra,apra_mad_filter,"[2, 35, 38, 12, 39, 36, 96, 18, 80]",[94],"{""median_norm"": 0.4569756770549841, ""mad"": 0.02192617227135621, ""k"": 2.0, ""num_accepted"": 9, ""safety_keep_used"": false, ""fallback_used"": false}"
273,apra,apra_hierarchical_cluster,"[2, 35, 38, 12, 39, 96, 18, 80]",[36],"{""best_k"": 2, ""best_score"": 0.5991260409355164, ""selected_cluster"": 0, ""cluster_scores"": {""0"": 1.924566388130188, ""1"": -1.0}, ""num_trusted"": 8, ""fallback_used"": false}"
273,apra,apra_trust_weighted_clip,"[2, 35, 38, 12, 39, 96, 18, 80]",[],"{""base_clip"": 1.0, ""trust_weights"": {""2"": 0.1624458134174347, ""35"": 0.0, ""38"": 0.1624458134174347, ""12"": 0.1624458134174347, ""39"": 0.1624458134174347, ""96"": 0.1624458134174347, ""18"": 0.1624458134174347, ""80"": 0.025325099006295204}, ""num_aggregated"": 8}"
274,apra,apra_mad_filter,"[2, 99, 96, 64, 81, 3, 68, 69]","[19, 52]","{""median_norm"": 0.5593888880654138, ""mad"": 0.0697827901257243, ""k"": 2.0, ""num_accepted"": 8, ""safety_keep_used"": false, ""fallback_used"": false}"
274,apra,apra_hierarchical_cluster,"[2, 99, 96, 64, 3, 68]","[81, 69]","{""best_k"": 2, ""best_score"": 0.4196045696735382, ""selected_cluster"": 0, ""cluster_scores"": {""0"": 2.024001121520996, ""1"": 1.3870563507080078}, ""num_trusted"": 6, ""fallback_used"": false}"
274,apra,apra_trust_weighted_clip,"[2, 99, 96, 64, 3, 68]",[],"{""base_clip"": 1.0, ""trust_weights"": {""2"": 0.0, ""99"": 0.0, ""96"": 0.0, ""64"": 0.3333333432674408, ""3"": 0.3333333432674408, ""68"": 0.3333333432674408}, ""num_aggregated"": 6}"
275,apra,apra_mad_filter,"[0, 90, 45, 6, 9, 43, 16, 57, 86]",[30],"{""median_norm"": 0.5704843873954861, ""mad"": 0.08155080497886585, ""k"": 2.0, ""num_accepted"": 9, ""safety_keep_used"": false, ""fallback_used"": false}"
275,apra,apra_hierarchical_cluster,"[90, 45, 6, 9, 43, 16, 57, 86]",[0],"{""best_k"": 2, ""best_score"": 0.8342862725257874, ""selected_cluster"": 0, ""cluster_scores"": {""0"": 7.615373611450195, ""1"": -1.0}, ""num_trusted"": 8, ""fallback_used"": false}"
275,apra,apra_trust_weighted_clip,"[90, 45, 6, 9, 43, 16, 57, 86]",[],"{""base_clip"": 1.0, ""trust_weights"": {""90"": 0.1428571492433548, ""45"": 0.1428571492433548, ""6"": 0.1428571492433548, ""9"": 0.0, ""43"": 0.1428571492433548, ""16"": 0.1428571492433548, ""57"": 0.1428571492433548, ""86"": 0.1428571492433548}, ""num_aggregated"": 8}"
276,apra,apra_mad_filter,"[4, 85, 99, 23, 53, 66, 33, 80, 57]",[54],"{""median_norm"": 0.5674460733199092, ""mad"": 0.0538124231003313, ""k"": 2.0, ""num_accepted"": 9, ""safety_keep_used"": false, ""fallback_used"": false}"
276,apra,apra_hierarchical_cluster,"[4, 53, 33, 80, 57]","[85, 99, 23, 66]","{""best_k"": 3, ""best_score"": 0.4888194501399994, ""selected_cluster"": 0, ""cluster_scores"": {""0"": 3.4765853881835938, ""1"": 1.6144421100616455, ""2"": 1.9684083461761475}, ""num_trusted"": 5, ""fallback_used"": false}"
276,apra,apra_trust_weighted_clip,"[4, 53, 33, 80, 57]",[],"{""base_clip"": 1.0, ""trust_weights"": {""4"": 0.25608041882514954, ""53"": 0.0, ""33"": 0.25608041882514954, ""80"": 0.25608041882514954, ""57"": 0.23175866901874542}, ""num_aggregated"": 5}"
277,apra,apra_mad_filter,"[38, 19, 33, 9, 53, 93, 73, 86, 65]",[0],"{""median_norm"": 0.5602924970205274, ""mad"": 0.05165547586223179, ""k"": 2.0, ""num_accepted"": 9, ""safety_keep_used"": false, ""fallback_used"": false}"
277,apra,apra_hierarchical_cluster,"[38, 19, 33, 9, 53, 93, 86, 65]",[73],"{""best_k"": 2, ""best_score"": 0.7340238690376282, ""selected_cluster"": 0, ""cluster_scores"": {""0"": 6.7645463943481445, ""1"": -1.0}, ""num_trusted"": 8, ""fallback_used"": false}"
277,apra,apra_trust_weighted_clip,"[38, 19, 33, 9, 53, 93, 86, 65]",[],"{""base_clip"": 1.0, ""trust_weights"": {""38"": 0.1428571492433548, ""19"": 0.0, ""33"": 0.1428571492433548, ""9"": 0.1428571492433548, ""53"": 0.1428571492433548, ""93"": 0.1428571492433548, ""86"": 0.1428571492433548, ""65"": 0.1428571492433548}, ""num_aggregated"": 8}"
278,apra,apra_mad_filter,"[38, 20, 1, 57, 49, 85, 69, 11, 84]",[0],"{""median_norm"": 0.5277875870319524, ""mad"": 0.04648215009229889, ""k"": 2.0, ""num_accepted"": 9, ""safety_keep_used"": false, ""fallback_used"": false}"
278,apra,apra_hierarchical_cluster,"[38, 1, 57, 49, 85, 11, 84]","[20, 69]","{""best_k"": 2, ""best_score"": 0.5163242816925049, ""selected_cluster"": 0, ""cluster_scores"": {""0"": 5.799126625061035, ""1"": 1.0571074485778809}, ""num_trusted"": 7, ""fallback_used"": false}"
278,apra,apra_trust_weighted_clip,"[38, 1, 57, 49, 85, 11, 84]",[],"{""base_clip"": 1.0, ""trust_weights"": {""38"": 0.1666666716337204, ""1"": 0.1666666716337204, ""57"": 0.1666666716337204, ""49"": 0.1666666716337204, ""85"": 0.0, ""11"": 0.1666666716337204, ""84"": 0.1666666716337204}, ""num_aggregated"": 7}"
279,apra,apra_mad_filter,"[0, 6, 55, 69, 10, 34, 29, 61]","[47, 74]","{""median_norm"": 0.5216074001811009, ""mad"": 0.03891743615278387, ""k"": 2.0, ""num_accepted"": 8, ""safety_keep_used"": false, ""fallback_used"": false}"
279,apra,apra_hierarchical_cluster,"[6, 55, 69, 10, 34, 29, 61]",[0],"{""best_k"": 2, ""best_score"": 0.7200034856796265, ""selected_cluster"": 0, ""cluster_scores"": {""0"": 3.008923053741455, ""1"": -1.0}, ""num_trusted"": 7, ""fallback_used"": false}"
279,apra,apra_trust_weighted_clip,"[6, 55, 69, 10, 34, 29, 61]",[],"{""base_clip"": 1.0, ""trust_weights"": {""6"": 0.18431022763252258, ""55"": 0.18431022763252258, ""69"": 0.0784488394856453, ""10"": 0.0, ""34"": 0.18431022763252258, ""29"": 0.18431022763252258, ""61"": 0.18431022763252258}, ""num_aggregated"": 7}"
280,apra,apra_mad_filter,"[1, 86, 29, 77, 96, 84, 51, 53]","[60, 95]","{""median_norm"": 0.5009052366501844, ""mad"": 0.043179704583459044, ""k"": 2.0, ""num_accepted"": 8, ""safety_keep_used"": false, ""fallback_used"": false}"
280,apra,apra_hierarchical_cluster,"[1, 86, 29, 77, 53]","[96, 84, 51]","{""best_k"": 3, ""best_score"": 0.6054577827453613, ""selected_cluster"": 0, ""cluster_scores"": {""0"": 3.7837424278259277, ""1"": 1.8660898208618164, ""2"": -1.0}, ""num_trusted"": 5, ""fallback_used"": false}"
280,apra,apra_trust_weighted_clip,"[1, 86, 29, 77, 53]",[],"{""base_clip"": 1.0, ""trust_weights"": {""1"": 0.25, ""86"": 0.25, ""29"": 0.0, ""77"": 0.25, ""53"": 0.25}, ""num_aggregated"": 5}"
281,apra,apra_mad_filter,"[0, 7, 41, 33, 16, 59, 11, 42, 5]",[88],"{""median_norm"": 0.7300224150156307, ""mad"": 0.08846047668565027, ""k"": 2.0, ""num_accepted"": 9, ""safety_keep_used"": false, ""fallback_used"": false}"
281,apra,apra_hierarchical_cluster,"[0, 7, 41, 33, 16, 59, 11, 42]",[5],"{""best_k"": 2, ""best_score"": 0.6878259181976318, ""selected_cluster"": 0, ""cluster_scores"": {""0"": 3.6706676483154297, ""1"": -1.0}, ""num_trusted"": 8, ""fallback_used"": false}"
281,apra,apra_trust_weighted_clip,"[0, 7, 41, 33, 16, 59, 11, 42]",[],"{""base_clip"": 1.0, ""trust_weights"": {""0"": 0.0, ""7"": 0.20000000298023224, ""41"": 0.0, ""33"": 0.20000000298023224, ""16"": 0.20000000298023224, ""59"": 0.20000000298023224, ""11"": 0.20000000298023224, ""42"": 0.0}, ""num_aggregated"": 8}"
282,apra,apra_mad_filter,"[56, 2, 11, 89, 59, 45, 97, 15]","[0, 64]","{""median_norm"": 0.573440685799989, ""mad"": 0.07436046511870043, ""k"": 2.0, ""num_accepted"": 8, ""safety_keep_used"": false, ""fallback_used"": false}"
282,apra,apra_hierarchical_cluster,"[56, 11, 89, 59, 45, 97, 15]",[2],"{""best_k"": 2, ""best_score"": 0.43055427074432373, ""selected_cluster"": 0, ""cluster_scores"": {""0"": 3.289445161819458, ""1"": -1.0}, ""num_trusted"": 7, ""fallback_used"": false}"
282,apra,apra_trust_weighted_clip,"[56, 11, 89, 59, 45, 97, 15]",[],"{""base_clip"": 1.0, ""trust_weights"": {""56"": 0.0, ""11"": 0.19186444580554962, ""89"": 0.19186444580554962, ""59"": 0.19186444580554962, ""45"": 0.19186444580554962, ""97"": 0.19186444580554962, ""15"": 0.04067782685160637}, ""num_aggregated"": 7}"
283,apra,apra_mad_filter,"[4, 0, 58, 61, 71, 33, 23, 65, 37, 48]",[],"{""median_norm"": 0.5208345907333364, ""mad"": 0.08141581037186277, ""k"": 2.0, ""num_accepted"": 10, ""safety_keep_used"": false, ""fallback_used"": false}"
283,apra,apra_hierarchical_cluster,"[4, 0, 58, 61, 71, 33, 23, 65, 37]",[48],"{""best_k"": 2, ""best_score"": 0.6695241928100586, ""selected_cluster"": 0, ""cluster_scores"": {""0"": 4.451639652252197, ""1"": -1.0}, ""num_trusted"": 9, ""fallback_used"": false}"
283,apra,apra_trust_weighted_clip,"[4, 0, 58, 61, 71, 33, 23, 65, 37]",[],"{""base_clip"": 1.0, ""trust_weights"": {""4"": 0.0, ""0"": 0.0, ""58"": 0.1428571492433548, ""61"": 0.1428571492433548, ""71"": 0.1428571492433548, ""33"": 0.1428571492433548, ""23"": 0.1428571492433548, ""65"": 0.1428571492433548, ""37"": 0.1428571492433548}, ""num_aggregated"": 9}"
284,apra,apra_mad_filter,"[2, 59, 56, 14, 68, 81, 55, 62, 6, 63]",[],"{""median_norm"": 0.5953475075821923, ""mad"": 0.08365939291993457, ""k"": 2.0, ""num_accepted"": 10, ""safety_keep_used"": false, ""fallback_used"": false}"
284,apra,apra_hierarchical_cluster,"[2, 59, 56, 14, 68, 81, 55, 6, 63]",[62],"{""best_k"": 2, ""best_score"": 0.6824079751968384, ""selected_cluster"": 0, ""cluster_scores"": {""0"": 1.7226531505584717, ""1"": -1.0}, ""num_trusted"": 9, ""fallback_used"": false}"
284,apra,apra_trust_weighted_clip,"[2, 59, 56, 14, 68, 81, 55, 6, 63]",[],"{""base_clip"": 1.0, ""trust_weights"": {""2"": 0.0, ""59"": 0.0, ""56"": 0.0, ""14"": 0.20000000298023224, ""68"": 0.20000000298023224, ""81"": 0.20000000298023224, ""55"": 0.0, ""6"": 0.20000000298023224, ""63"": 0.20000000298023224}, ""num_aggregated"": 9}"
285,apra,apra_mad_filter,"[1, 89, 12, 78, 93, 21, 23, 98, 30]",[71],"{""median_norm"": 0.47363187546803937, ""mad"": 0.04968155208415845, ""k"": 2.0, ""num_accepted"": 9, ""safety_keep_used"": false, ""fallback_used"": false}"
285,apra,apra_hierarchical_cluster,"[1, 89, 12, 78, 93, 21, 23, 98]",[30],"{""best_k"": 2, ""best_score"": 0.8122647404670715, ""selected_cluster"": 0, ""cluster_scores"": {""0"": 6.07932186126709, ""1"": -1.0}, ""num_trusted"": 8, ""fallback_used"": false}"
285,apra,apra_trust_weighted_clip,"[1, 89, 12, 78, 93, 21, 23, 98]",[],"{""base_clip"": 1.0, ""trust_weights"": {""1"": 0.1666666716337204, ""89"": 0.0, ""12"": 0.1666666716337204, ""78"": 0.1666666716337204, ""93"": 0.1666666716337204, ""21"": 0.1666666716337204, ""23"": 0.1666666716337204, ""98"": 0.0}, ""num_aggregated"": 8}"
286,apra,apra_mad_filter,"[2, 76, 16, 34, 82, 20]","[27, 1, 15, 47]","{""median_norm"": 0.4935405502981314, ""mad"": 0.015541412284058309, ""k"": 2.0, ""num_accepted"": 6, ""safety_keep_used"": false, ""fallback_used"": false}"
286,apra,apra_hierarchical_cluster,"[2, 76, 16, 34, 82]",[20],"{""best_k"": 2, ""best_score"": 0.5153904557228088, ""selected_cluster"": 0, ""cluster_scores"": {""0"": 2.6907432079315186, ""1"": -1.0}, ""num_trusted"": 5, ""fallback_used"": false}"
286,apra,apra_trust_weighted_clip,"[2, 76, 16, 34, 82]",[],"{""base_clip"": 1.0, ""trust_weights"": {""2"": 0.0, ""76"": 0.3333333432674408, ""16"": 0.3333333432674408, ""34"": 0.3333333432674408, ""82"": 0.0}, ""num_aggregated"": 5}"
287,apra,apra_mad_filter,"[1, 58, 23, 96, 80, 63, 69, 29, 26]",[47],"{""median_norm"": 0.520885297514302, ""mad"": 0.037898672493478835, ""k"": 2.0, ""num_accepted"": 9, ""safety_keep_used"": false, ""fallback_used"": false}"
287,apra,apra_hierarchical_cluster,"[1, 23, 96, 80, 63, 29]","[58, 69, 26]","{""best_k"": 4, ""best_score"": 0.4621877074241638, ""selected_cluster"": 0, ""cluster_scores"": {""0"": 5.646676540374756, ""1"": -1.0, ""2"": -1.0, ""3"": -1.0}, ""num_trusted"": 6, ""fallback_used"": false}"
287,apra,apra_trust_weighted_clip,"[1, 23, 96, 80, 63, 29]",[],"{""base_clip"": 1.0, ""trust_weights"": {""1"": 0.20000000298023224, ""23"": 0.20000000298023224, ""96"": 0.0, ""80"": 0.20000000298023224, ""63"": 0.20000000298023224, ""29"": 0.20000000298023224}, ""num_aggregated"": 6}"
288,apra,apra_mad_filter,"[3, 60, 36, 89, 68, 87, 74]","[7, 14, 22]","{""median_norm"": 0.5085690522069906, ""mad"": 0.014336135526184679, ""k"": 2.0, ""num_accepted"": 7, ""safety_keep_used"": false, ""fallback_used"": false}"
288,apra,apra_hierarchical_cluster,"[3, 60, 89, 68, 87, 74]",[36],"{""best_k"": 2, ""best_score"": 0.6433519124984741, ""selected_cluster"": 0, ""cluster_scores"": {""0"": 2.7390964031219482, ""1"": -1.0}, ""num_trusted"": 6, ""fallback_used"": false}"
288,apra,apra_trust_weighted_clip,"[3, 60, 89, 68, 87, 74]",[],"{""base_clip"": 1.0, ""trust_weights"": {""3"": 0.21531358361244202, ""60"": 0.0, ""89"": 0.21531358361244202, ""68"": 0.21531358361244202, ""87"": 0.21531358361244202, ""74"": 0.13874563574790955}, ""num_aggregated"": 6}"
289,apra,apra_mad_filter,"[45, 76, 75, 35, 37, 89, 60, 81, 99]",[0],"{""median_norm"": 0.4822072187367201, ""mad"": 0.04626358491384791, ""k"": 2.0, ""num_accepted"": 9, ""safety_keep_used"": false, ""fallback_used"": false}"
289,apra,apra_hierarchical_cluster,"[45, 76, 75, 35, 37, 89, 60, 81]",[99],"{""best_k"": 2, ""best_score"": 0.6682119965553284, ""selected_cluster"": 0, ""cluster_scores"": {""0"": 6.110395431518555, ""1"": -1.0}, ""num_trusted"": 8, ""fallback_used"": false}"
289,apra,apra_trust_weighted_clip,"[45, 76, 75, 35, 37, 89, 60, 81]",[],"{""base_clip"": 1.0, ""trust_weights"": {""45"": 0.1546022891998291, ""76"": 0.1546022891998291, ""75"": 0.0723862275481224, ""35"": 0.1546022891998291, ""37"": 0.1546022891998291, ""89"": 0.1546022891998291, ""60"": 0.0, ""81"": 0.1546022891998291}, ""num_aggregated"": 8}"
290,apra,apra_mad_filter,"[3, 76, 69, 70, 4, 23]","[95, 12, 86, 22]","{""median_norm"": 0.5346313055355822, ""mad"": 0.026010355534640706, ""k"": 2.0, ""num_accepted"": 6, ""safety_keep_used"": false, ""fallback_used"": false}"
290,apra,apra_hierarchical_cluster,"[3, 76, 70, 23]","[69, 4]","{""best_k"": 3, ""best_score"": 0.46252214908599854, ""selected_cluster"": 0, ""cluster_scores"": {""0"": 3.0477564334869385, ""1"": -1.0, ""2"": -1.0}, ""num_trusted"": 4, ""fallback_used"": false}"
290,apra,apra_trust_weighted_clip,"[3, 76, 70, 23]",[],"{""base_clip"": 1.0, ""trust_weights"": {""3"": 0.3333333432674408, ""76"": 0.3333333432674408, ""70"": 0.0, ""23"": 0.3333333432674408}, ""num_aggregated"": 4}"
291,apra,apra_mad_filter,"[2, 97, 52, 8, 69, 28, 54, 13, 96]",[17],"{""median_norm"": 0.624417233433379, ""mad"": 0.10579263241335135, ""k"": 2.0, ""num_accepted"": 9, ""safety_keep_used"": false, ""fallback_used"": false}"
291,apra,apra_hierarchical_cluster,"[2, 97, 52, 69, 28, 54, 13, 96]",[8],"{""best_k"": 2, ""best_score"": 0.5115699172019958, ""selected_cluster"": 0, ""cluster_scores"": {""0"": 1.731439471244812, ""1"": -1.0}, ""num_trusted"": 8, ""fallback_used"": false}"
291,apra,apra_trust_weighted_clip,"[2, 97, 52, 69, 28, 54, 13, 96]",[],"{""base_clip"": 1.0, ""trust_weights"": {""2"": 0.09735822677612305, ""97"": 0.16105671226978302, ""52"": 0.16105671226978302, ""69"": 0.16105671226978302, ""28"": 0.16105671226978302, ""54"": 0.09735822677612305, ""13"": 0.16105671226978302, ""96"": 0.0}, ""num_aggregated"": 8}"
292,apra,apra_mad_filter,"[0, 72, 70, 20, 46, 63, 85, 9, 52]",[5],"{""median_norm"": 0.6075026774023355, ""mad"": 0.08250012854959704, ""k"": 2.0, ""num_accepted"": 9, ""safety_keep_used"": false, ""fallback_used"": false}"
292,apra,apra_hierarchical_cluster,"[72, 70, 20, 46, 63, 85, 9, 52]",[0],"{""best_k"": 2, ""best_score"": 0.602162778377533, ""selected_cluster"": 0, ""cluster_scores"": {""0"": 3.4135549068450928, ""1"": -1.0}, ""num_trusted"": 8, ""fallback_used"": false}"
292,apra,apra_trust_weighted_clip,"[72, 70, 20, 46, 63, 85, 9, 52]",[],"{""base_clip"": 1.0, ""trust_weights"": {""72"": 0.1582096368074417, ""70"": 0.1582096368074417, ""20"": 0.0, ""46"": 0.1582096368074417, ""63"": 0.1582096368074417, ""85"": 0.1582096368074417, ""9"": 0.05074213817715645, ""52"": 0.1582096368074417}, ""num_aggregated"": 8}"
293,apra,apra_mad_filter,"[1, 92, 7, 95, 84, 51, 31, 59, 8, 29]",[],"{""median_norm"": 0.5707930092325348, ""mad"": 0.08395920102482418, ""k"": 2.0, ""num_accepted"": 10, ""safety_keep_used"": false, ""fallback_used"": false}"
293,apra,apra_hierarchical_cluster,"[1, 92, 7, 95, 84, 51, 59, 8, 29]",[31],"{""best_k"": 2, ""best_score"": 0.7333670854568481, ""selected_cluster"": 0, ""cluster_scores"": {""0"": 4.717524528503418, ""1"": -1.0}, ""num_trusted"": 9, ""fallback_used"": false}"
293,apra,apra_trust_weighted_clip,"[1, 92, 7, 95, 84, 51, 59, 8, 29]",[],"{""base_clip"": 1.0, ""trust_weights"": {""1"": 0.13653980195522308, ""92"": 0.044221408665180206, ""7"": 0.13653980195522308, ""95"": 0.13653980195522308, ""84"": 0.13653980195522308, ""51"": 0.13653980195522308, ""59"": 0.13653980195522308, ""8"": 0.0, ""29"": 0.13653980195522308}, ""num_aggregated"": 9}"
294,apra,apra_mad_filter,"[2, 44, 80, 46, 14, 41, 16, 51, 57, 49]",[],"{""median_norm"": 0.4980915125468291, ""mad"": 0.0487009523048198, ""k"": 2.0, ""num_accepted"": 10, ""safety_keep_used"": false, ""fallback_used"": false}"
294,apra,apra_hierarchical_cluster,"[2, 80, 46, 14, 41, 16, 51, 57, 49]",[44],"{""best_k"": 2, ""best_score"": 0.5952722430229187, ""selected_cluster"": 0, ""cluster_scores"": {""0"": 2.206071138381958, ""1"": -1.0}, ""num_trusted"": 9, ""fallback_used"": false}"
294,apra,apra_trust_weighted_clip,"[2, 80, 46, 14, 41, 16, 51, 57, 49]",[],"{""base_clip"": 1.0, ""trust_weights"": {""2"": 0.14256170392036438, ""80"": 0.051917776465415955, ""46"": 0.13482293486595154, ""14"": 0.14256170392036438, ""41"": 0.14256170392036438, ""16"": 0.14256170392036438, ""51"": 0.0, ""57"": 0.14256170392036438, ""49"": 0.10045080631971359}, ""num_aggregated"": 9}"
295,apra,apra_mad_filter,"[0, 56, 91, 53, 20, 74, 52, 70, 51]",[45],"{""median_norm"": 0.5061480637139892, ""mad"": 0.11120042602004768, ""k"": 2.0, ""num_accepted"": 9, ""safety_keep_used"": false, ""fallback_used"": false}"
295,apra,apra_hierarchical_cluster,"[56, 91, 53, 20, 74, 52, 70, 51]",[0],"{""best_k"": 2, ""best_score"": 0.7768940925598145, ""selected_cluster"": 0, ""cluster_scores"": {""0"": 3.5217227935791016, ""1"": -1.0}, ""num_trusted"": 8, ""fallback_used"": false}"
295,apra,apra_trust_weighted_clip,"[56, 91, 53, 20, 74, 52, 70, 51]",[],"{""base_clip"": 1.0, ""trust_weights"": {""56"": 0.0, ""91"": 0.1883026659488678, ""53"": 0.1883026659488678, ""20"": 0.0, ""74"": 0.1883026659488678, ""52"": 0.1883026659488678, ""70"": 0.05848664790391922, ""51"": 0.1883026659488678}, ""num_aggregated"": 8}"
296,apra,apra_mad_filter,"[1, 50, 7, 32, 49, 66, 63, 25]","[17, 47]","{""median_norm"": 0.5170861649952734, ""mad"": 0.04226266731017178, ""k"": 2.0, ""num_accepted"": 8, ""safety_keep_used"": false, ""fallback_used"": false}"
296,apra,apra_hierarchical_cluster,"[1, 50, 7, 49, 66, 63, 25]",[32],"{""best_k"": 2, ""best_score"": 0.6976430416107178, ""selected_cluster"": 0, ""cluster_scores"": {""0"": 4.269548416137695, ""1"": -1.0}, ""num_trusted"": 7, ""fallback_used"": false}"
296,apra,apra_trust_weighted_clip,"[1, 50, 7, 49, 66, 63, 25]",[],"{""base_clip"": 1.0, ""trust_weights"": {""1"": 0.1666666716337204, ""50"": 0.1666666716337204, ""7"": 0.1666666716337204, ""49"": 0.1666666716337204, ""66"": 0.0, ""63"": 0.1666666716337204, ""25"": 0.1666666716337204}, ""num_aggregated"": 7}"
297,apra,apra_mad_filter,"[1, 8, 80, 19, 23, 42, 36, 6, 71]",[47],"{""median_norm"": 0.5218930758992931, ""mad"": 0.06698870813496319, ""k"": 2.0, ""num_accepted"": 9, ""safety_keep_used"": false, ""fallback_used"": false}"
297,apra,apra_hierarchical_cluster,"[1, 8, 80, 19, 23, 36, 6]","[42, 71]","{""best_k"": 2, ""best_score"": 0.40316322445869446, ""selected_cluster"": 0, ""cluster_scores"": {""0"": 3.071258306503296, ""1"": 1.927628517150879}, ""num_trusted"": 7, ""fallback_used"": false}"
297,apra,apra_trust_weighted_clip,"[1, 8, 80, 19, 23, 36, 6]",[],"{""base_clip"": 1.0, ""trust_weights"": {""1"": 0.22700698673725128, ""8"": 0.194666787981987, ""80"": 0.22700698673725128, ""19"": 0.0, ""23"": 0.0, ""36"": 0.12431230396032333, ""6"": 0.22700698673725128}, ""num_aggregated"": 7}"
298,apra,apra_mad_filter,"[0, 50, 79, 35, 3, 57, 72, 60, 27, 84]",[],"{""median_norm"": 0.5405555425144628, ""mad"": 0.06303857690310319, ""k"": 2.0, ""num_accepted"": 10, ""safety_keep_used"": false, ""fallback_used"": false}"
298,apra,apra_hierarchical_cluster,"[50, 79, 35, 3, 57, 72, 60, 27, 84]",[0],"{""best_k"": 2, ""best_score"": 0.7185598611831665, ""selected_cluster"": 0, ""cluster_scores"": {""0"": 4.299800395965576, ""1"": -1.0}, ""num_trusted"": 9, ""fallback_used"": false}"
298,apra,apra_trust_weighted_clip,"[50, 79, 35, 3, 57, 72, 60, 27, 84]",[],"{""base_clip"": 1.0, ""trust_weights"": {""50"": 0.125, ""79"": 0.125, ""35"": 0.125, ""3"": 0.125, ""57"": 0.125, ""72"": 0.0, ""60"": 0.125, ""27"": 0.125, ""84"": 0.125}, ""num_aggregated"": 9}"
299,apra,apra_mad_filter,"[64, 13, 69, 26, 82, 37, 16, 97, 8]",[4],"{""median_norm"": 0.48820820156878325, ""mad"": 0.018905212782415415, ""k"": 2.0, ""num_accepted"": 9, ""safety_keep_used"": false, ""fallback_used"": false}"
299,apra,apra_hierarchical_cluster,"[64, 13, 69, 26, 82, 37, 16, 97]",[8],"{""best_k"": 2, ""best_score"": 0.5071458220481873, ""selected_cluster"": 0, ""cluster_scores"": {""0"": 0.7863041162490845, ""1"": -1.0}, ""num_trusted"": 8, ""fallback_used"": false}"
299,apra,apra_trust_weighted_clip,"[64, 13, 69, 26, 82, 37, 16, 97]",[],"{""base_clip"": 1.0, ""trust_weights"": {""64"": 0.20000000298023224, ""13"": 0.20000000298023224, ""69"": 0.0, ""26"": 0.20000000298023224, ""82"": 0.0, ""37"": 0.20000000298023224, ""16"": 0.0, ""97"": 0.20000000298023224}, ""num_aggregated"": 8}"
300,apra,apra_mad_filter,"[82, 1, 56, 50, 70, 38, 66, 37]","[0, 42]","{""median_norm"": 0.5495003824131242, ""mad"": 0.0476965499352221, ""k"": 2.0, ""num_accepted"": 8, ""safety_keep_used"": false, ""fallback_used"": false}"
300,apra,apra_hierarchical_cluster,"[82, 1, 56, 50, 70, 38, 37]",[66],"{""best_k"": 2, ""best_score"": 0.6203922033309937, ""selected_cluster"": 0, ""cluster_scores"": {""0"": 5.941786766052246, ""1"": -1.0}, ""num_trusted"": 7, ""fallback_used"": false}"
300,apra,apra_trust_weighted_clip,"[82, 1, 56, 50, 70, 38, 37]",[],"{""base_clip"": 1.0, ""trust_weights"": {""82"": 0.20000000298023224, ""1"": 0.20000000298023224, ""56"": 0.0, ""50"": 0.20000000298023224, ""70"": 0.0, ""38"": 0.20000000298023224, ""37"": 0.20000000298023224}, ""num_aggregated"": 7}"
301,apra,apra_mad_filter,"[1, 92, 30, 0, 36, 56, 8]","[97, 73, 4]","{""median_norm"": 0.5623895999972901, ""mad"": 0.04899844579966656, ""k"": 2.0, ""num_accepted"": 7, ""safety_keep_used"": false, ""fallback_used"": false}"
301,apra,apra_hierarchical_cluster,"[1, 92, 30, 36, 56, 8]",[0],"{""best_k"": 2, ""best_score"": 0.6416717767715454, ""selected_cluster"": 0, ""cluster_scores"": {""0"": 4.297710418701172, ""1"": -1.0}, ""num_trusted"": 6, ""fallback_used"": false}"
301,apra,apra_trust_weighted_clip,"[1, 92, 30, 36, 56, 8]",[],"{""base_clip"": 1.0, ""trust_weights"": {""1"": 0.20000000298023224, ""92"": 0.20000000298023224, ""30"": 0.20000000298023224, ""36"": 0.20000000298023224, ""56"": 0.20000000298023224, ""8"": 0.0}, ""num_aggregated"": 6}"
302,apra,apra_mad_filter,"[90, 41, 84, 92, 54, 0, 91, 69, 78]",[1],"{""median_norm"": 0.6226565547085714, ""mad"": 0.09088825573250581, ""k"": 2.0, ""num_accepted"": 9, ""safety_keep_used"": false, ""fallback_used"": false}"
302,apra,apra_hierarchical_cluster,"[90, 41, 84, 92, 0, 91, 69, 78]",[54],"{""best_k"": 2, ""best_score"": 0.6665952205657959, ""selected_cluster"": 0, ""cluster_scores"": {""0"": 2.7508926391601562, ""1"": -1.0}, ""num_trusted"": 8, ""fallback_used"": false}"
302,apra,apra_trust_weighted_clip,"[90, 41, 84, 92, 0, 91, 69, 78]",[],"{""base_clip"": 1.0, ""trust_weights"": {""90"": 0.14682602882385254, ""41"": 0.14682602882385254, ""84"": 0.14682602882385254, ""92"": 0.14682602882385254, ""0"": 0.0, ""91"": 0.14682602882385254, ""69"": 0.11904385685920715, ""78"": 0.14682602882385254}, ""num_aggregated"": 8}"
303,apra,apra_mad_filter,"[3, 5, 50, 36, 73, 32, 61, 80]","[88, 48]","{""median_norm"": 0.5095565397625296, ""mad"": 0.07662422885088771, ""k"": 2.0, ""num_accepted"": 8, ""safety_keep_used"": false, ""fallback_used"": false}"
303,apra,apra_hierarchical_cluster,"[3, 5, 50, 36, 61, 80]","[73, 32]","{""best_k"": 3, ""best_score"": 0.4997190535068512, ""selected_cluster"": 0, ""cluster_scores"": {""0"": 4.2865471839904785, ""1"": -1.0, ""2"": -1.0}, ""num_trusted"": 6, ""fallback_used"": false}"
303,apra,apra_trust_weighted_clip,"[3, 5, 50, 36, 61, 80]",[],"{""base_clip"": 1.0, ""trust_weights"": {""3"": 0.2335747927427292, ""5"": 0.06570082157850266, ""50"": 0.2335747927427292, ""36"": 0.0, ""61"": 0.2335747927427292, ""80"": 0.2335747927427292}, ""num_aggregated"": 6}"
304,apra,apra_mad_filter,"[0, 37, 60, 79, 7, 82, 41, 96, 71, 32]",[],"{""median_norm"": 0.631477577242614, ""mad"": 0.09633620872258425, ""k"": 2.0, ""num_accepted"": 10, ""safety_keep_used"": false, ""fallback_used"": false}"
304,apra,apra_hierarchical_cluster,"[0, 37, 60, 79, 7, 82, 71, 32]","[41, 96]","{""best_k"": 2, ""best_score"": 0.533413290977478, ""selected_cluster"": 0, ""cluster_scores"": {""0"": 3.267744541168213, ""1"": 1.8576472997665405}, ""num_trusted"": 8, ""fallback_used"": false}"
304,apra,apra_trust_weighted_clip,"[0, 37, 60, 79, 7, 82, 71, 32]",[],"{""base_clip"": 1.0, ""trust_weights"": {""0"": 0.0, ""37"": 0.1810123175382614, ""60"": 0.1719614565372467, ""79"": 0.1810123175382614, ""7"": 0.1810123175382614, ""82"": 0.1810123175382614, ""71"": 0.0, ""32"": 0.10398930311203003}, ""num_aggregated"": 8}"
305,apra,apra_mad_filter,"[0, 34, 61, 2, 17, 63, 84, 68, 74, 4]",[],"{""median_norm"": 0.5593027050309775, ""mad"": 0.11627559141939928, ""k"": 2.0, ""num_accepted"": 10, ""safety_keep_used"": false, ""fallback_used"": false}"
305,apra,apra_hierarchical_cluster,"[34, 61, 2, 17, 63, 84, 68, 74, 4]",[0],"{""best_k"": 2, ""best_score"": 0.7623944282531738, ""selected_cluster"": 0, ""cluster_scores"": {""0"": 5.583703517913818, ""1"": -1.0}, ""num_trusted"": 9, ""fallback_used"": false}"
305,apra,apra_trust_weighted_clip,"[34, 61, 2, 17, 63, 84, 68, 74, 4]",[],"{""base_clip"": 1.0, ""trust_weights"": {""34"": 0.14748506247997284, ""61"": 0.11508961021900177, ""2"": 0.0, ""17"": 0.14748506247997284, ""63"": 0.14748506247997284, ""84"": 0.14748506247997284, ""68"": 0.14748506247997284, ""74"": 0.14748506247997284, ""4"": 0.0}, ""num_aggregated"": 9}"
306,apra,apra_mad_filter,"[1, 59, 55, 34, 48, 15, 25, 0, 99]",[88],"{""median_norm"": 0.5483400533144858, ""mad"": 0.08170432824861618, ""k"": 2.0, ""num_accepted"": 9, ""safety_keep_used"": false, ""fallback_used"": false}"
306,apra,apra_hierarchical_cluster,"[1, 59, 55, 34, 15, 25, 99]","[48, 0]","{""best_k"": 3, ""best_score"": 0.6162883043289185, ""selected_cluster"": 0, ""cluster_scores"": {""0"": 5.69905948638916, ""1"": -1.0, ""2"": -1.0}, ""num_trusted"": 7, ""fallback_used"": false}"
306,apra,apra_trust_weighted_clip,"[1, 59, 55, 34, 15, 25, 99]",[],"{""base_clip"": 1.0, ""trust_weights"": {""1"": 0.1666666716337204, ""59"": 0.1666666716337204, ""55"": 0.1666666716337204, ""34"": 0.1666666716337204, ""15"": 0.1666666716337204, ""25"": 0.1666666716337204, ""99"": 0.0}, ""num_aggregated"": 7}"
307,apra,apra_mad_filter,"[0, 42, 7, 16, 70, 63, 43, 39]","[81, 80]","{""median_norm"": 0.634971345532185, ""mad"": 0.02896112019846364, ""k"": 2.0, ""num_accepted"": 8, ""safety_keep_used"": false, ""fallback_used"": false}"
307,apra,apra_hierarchical_cluster,"[42, 7, 16, 70, 63, 43, 39]",[0],"{""best_k"": 2, ""best_score"": 0.6656515598297119, ""selected_cluster"": 0, ""cluster_scores"": {""0"": 3.8871562480926514, ""1"": -1.0}, ""num_trusted"": 7, ""fallback_used"": false}"
307,apra,apra_trust_weighted_clip,"[42, 7, 16, 70, 63, 43, 39]",[],"{""base_clip"": 1.0, ""trust_weights"": {""42"": 0.0, ""7"": 0.1666666716337204, ""16"": 0.1666666716337204, ""70"": 0.1666666716337204, ""63"": 0.1666666716337204, ""43"": 0.1666666716337204, ""39"": 0.1666666716337204}, ""num_aggregated"": 7}"
308,apra,apra_mad_filter,"[3, 27, 70, 66, 37, 63, 40, 4]","[0, 24]","{""median_norm"": 0.5074641108708229, ""mad"": 0.047843342129369554, ""k"": 2.0, ""num_accepted"": 8, ""safety_keep_used"": false, ""fallback_used"": false}"
308,apra,apra_hierarchical_cluster,"[3, 70, 37, 40]","[27, 66, 63, 4]","{""best_k"": 3, ""best_score"": 0.40796154737472534, ""selected_cluster"": 1, ""cluster_scores"": {""0"": 2.925837516784668, ""1"": 3.514037609100342, ""2"": -1.0}, ""num_trusted"": 4, ""fallback_used"": false}"
308,apra,apra_trust_weighted_clip,"[3, 70, 37, 40]",[],"{""base_clip"": 1.0, ""trust_weights"": {""3"": 0.3333333432674408, ""70"": 0.3333333432674408, ""37"": 0.3333333432674408, ""40"": 0.0}, ""num_aggregated"": 4}"
309,apra,apra_mad_filter,"[3, 21, 66, 22, 65, 42, 0, 57, 45, 41]",[],"{""median_norm"": 0.5010856186091479, ""mad"": 0.10406706672560989, ""k"": 2.0, ""num_accepted"": 10, ""safety_keep_used"": false, ""fallback_used"": false}"
309,apra,apra_hierarchical_cluster,"[3, 21, 66, 22, 65, 42, 57, 45, 41]",[0],"{""best_k"": 2, ""best_score"": 0.5754478573799133, ""selected_cluster"": 0, ""cluster_scores"": {""0"": 2.7856407165527344, ""1"": -1.0}, ""num_trusted"": 9, ""fallback_used"": false}"
309,apra,apra_trust_weighted_clip,"[3, 21, 66, 22, 65, 42, 57, 45, 41]",[],"{""base_clip"": 1.0, ""trust_weights"": {""3"": 0.1887623816728592, ""21"": 0.1887623816728592, ""66"": 0.1887623816728592, ""22"": 0.1887623816728592, ""65"": 0.056188102811574936, ""42"": 0.0, ""57"": 0.1887623816728592, ""45"": 0.0, ""41"": 0.0}, ""num_aggregated"": 9}"
310,apra,apra_mad_filter,"[1, 2, 48, 89, 18, 69, 10, 41]","[24, 47]","{""median_norm"": 0.6274986938871057, ""mad"": 0.08274913058002509, ""k"": 2.0, ""num_accepted"": 8, ""safety_keep_used"": false, ""fallback_used"": false}"
310,apra,apra_hierarchical_cluster,"[1, 2, 89, 18, 69, 10, 41]",[48],"{""best_k"": 2, ""best_score"": 0.6220451593399048, ""selected_cluster"": 0, ""cluster_scores"": {""0"": 1.8760926723480225, ""1"": -1.0}, ""num_trusted"": 7, ""fallback_used"": false}"
310,apra,apra_trust_weighted_clip,"[1, 2, 89, 18, 69, 10, 41]",[],"{""base_clip"": 1.0, ""trust_weights"": {""1"": 0.20000000298023224, ""2"": 0.0, ""89"": 0.20000000298023224, ""18"": 0.20000000298023224, ""69"": 0.20000000298023224, ""10"": 0.0, ""41"": 0.20000000298023224}, ""num_aggregated"": 7}"
311,apra,apra_mad_filter,"[2, 8, 15, 25, 43, 21, 33, 60, 11, 12]",[],"{""median_norm"": 0.5998456842590836, ""mad"": 0.06372866694394119, ""k"": 2.0, ""num_accepted"": 10, ""safety_keep_used"": false, ""fallback_used"": false}"
311,apra,apra_hierarchical_cluster,"[2, 15, 25, 43, 21, 33, 60, 11, 12]",[8],"{""best_k"": 2, ""best_score"": 0.6445667147636414, ""selected_cluster"": 0, ""cluster_scores"": {""0"": 2.4009556770324707, ""1"": -1.0}, ""num_trusted"": 9, ""fallback_used"": false}"
311,apra,apra_trust_weighted_clip,"[2, 15, 25, 43, 21, 33, 60, 11, 12]",[],"{""base_clip"": 1.0, ""trust_weights"": {""2"": 0.1413230001926422, ""15"": 0.010739045217633247, ""25"": 0.0, ""43"": 0.1413230001926422, ""21"": 0.1413230001926422, ""33"": 0.1413230001926422, ""60"": 0.1413230001926422, ""11"": 0.1413230001926422, ""12"": 0.1413230001926422}, ""num_aggregated"": 9}"
312,apra,apra_mad_filter,"[3, 66, 61, 87, 98, 45, 1, 93]","[71, 47]","{""median_norm"": 0.5025908221472222, ""mad"": 0.0451108784486319, ""k"": 2.0, ""num_accepted"": 8, ""safety_keep_used"": false, ""fallback_used"": false}"
312,apra,apra_hierarchical_cluster,"[3, 61, 87, 98, 45, 1, 93]",[66],"{""best_k"": 2, ""best_score"": 0.6465189456939697, ""selected_cluster"": 0, ""cluster_scores"": {""0"": 5.604714393615723, ""1"": -1.0}, ""num_trusted"": 7, ""fallback_used"": false}"
312,apra,apra_trust_weighted_clip,"[3, 61, 87, 98, 45, 1, 93]",[],"{""base_clip"": 1.0, ""trust_weights"": {""3"": 0.1666666716337204, ""61"": 0.0, ""87"": 0.1666666716337204, ""98"": 0.1666666716337204, ""45"": 0.1666666716337204, ""1"": 0.1666666716337204, ""93"": 0.1666666716337204}, ""num_aggregated"": 7}"
313,apra,apra_mad_filter,"[27, 80, 89, 16, 68, 82, 35, 12]","[0, 96]","{""median_norm"": 0.4462103891709705, ""mad"": 0.051040305642900324, ""k"": 2.0, ""num_accepted"": 8, ""safety_keep_used"": false, ""fallback_used"": false}"
313,apra,apra_hierarchical_cluster,"[27, 80, 89, 16, 68, 35, 12]",[82],"{""best_k"": 2, ""best_score"": 0.5597477555274963, ""selected_cluster"": 0, ""cluster_scores"": {""0"": 5.593753814697266, ""1"": -1.0}, ""num_trusted"": 7, ""fallback_used"": false}"
313,apra,apra_trust_weighted_clip,"[27, 80, 89, 16, 68, 35, 12]",[],"{""base_clip"": 1.0, ""trust_weights"": {""27"": 0.2708900272846222, ""80"": 0.05499774217605591, ""89"": 0.1741122156381607, ""16"": 0.2708900272846222, ""68"": 0.1741122156381607, ""35"": 0.05499774217605591, ""12"": 0.0}, ""num_aggregated"": 7}"
314,apra,apra_mad_filter,"[4, 3, 46, 96, 12, 38, 14, 2, 92]",[17],"{""median_norm"": 0.5533052677824262, ""mad"": 0.06446704670475228, ""k"": 2.0, ""num_accepted"": 9, ""safety_keep_used"": false, ""fallback_used"": false}"
314,apra,apra_hierarchical_cluster,"[3, 46, 96, 12, 38, 14, 2, 92]",[4],"{""best_k"": 2, ""best_score"": 0.5351947546005249, ""selected_cluster"": 0, ""cluster_scores"": {""0"": 3.5398075580596924, ""1"": -1.0}, ""num_trusted"": 8, ""fallback_used"": false}"
314,apra,apra_trust_weighted_clip,"[3, 46, 96, 12, 38, 14, 2, 92]",[],"{""base_clip"": 1.0, ""trust_weights"": {""3"": 0.1666666716337204, ""46"": 0.0, ""96"": 0.1666666716337204, ""12"": 0.1666666716337204, ""38"": 0.1666666716337204, ""14"": 0.0, ""2"": 0.1666666716337204, ""92"": 0.1666666716337204}, ""num_aggregated"": 8}"
315,apra,apra_mad_filter,"[0, 64, 34, 81, 6, 36, 95, 9]","[48, 43]","{""median_norm"": 0.6111335347386588, ""mad"": 0.047354014344232476, ""k"": 2.0, ""num_accepted"": 8, ""safety_keep_used"": false, ""fallback_used"": false}"
315,apra,apra_hierarchical_cluster,"[64, 34, 81, 6, 36, 95, 9]",[0],"{""best_k"": 2, ""best_score"": 0.7046412825584412, ""selected_cluster"": 0, ""cluster_scores"": {""0"": 4.301697731018066, ""1"": -1.0}, ""num_trusted"": 7, ""fallback_used"": false}"
315,apra,apra_trust_weighted_clip,"[64, 34, 81, 6, 36, 95, 9]",[],"{""base_clip"": 1.0, ""trust_weights"": {""64"": 0.1666666716337204, ""34"": 0.1666666716337204, ""81"": 0.1666666716337204, ""6"": 0.1666666716337204, ""36"": 0.0, ""95"": 0.1666666716337204, ""9"": 0.1666666716337204}, ""num_aggregated"": 7}"
316,apra,apra_mad_filter,"[3, 75, 78, 28, 99, 20, 61, 53, 90, 80]",[],"{""median_norm"": 0.571457264383263, ""mad"": 0.06905861770170468, ""k"": 2.0, ""num_accepted"": 10, ""safety_keep_used"": false, ""fallback_used"": false}"
316,apra,apra_hierarchical_cluster,"[3, 75, 78, 28, 20, 61, 53, 90, 80]",[99],"{""best_k"": 2, ""best_score"": 0.6106982827186584, ""selected_cluster"": 0, ""cluster_scores"": {""0"": 2.192533254623413, ""1"": -1.0}, ""num_trusted"": 9, ""fallback_used"": false}"
316,apra,apra_trust_weighted_clip,"[3, 75, 78, 28, 20, 61, 53, 90, 80]",[],"{""base_clip"": 1.0, ""trust_weights"": {""3"": 0.15017566084861755, ""75"": 0.15017566084861755, ""78"": 0.0, ""28"": 0.15017566084861755, ""20"": 0.0, ""61"": 0.09894602000713348, ""53"": 0.15017566084861755, ""90"": 0.15017566084861755, ""80"": 0.15017566084861755}, ""num_aggregated"": 9}"
317,apra,apra_mad_filter,"[1, 72, 74, 75, 34, 58, 29, 66, 60]",[49],"{""median_norm"": 0.500203563917428, ""mad"": 0.029540659908800976, ""k"": 2.0, ""num_accepted"": 9, ""safety_keep_used"": false, ""fallback_used"": false}"
317,apra,apra_hierarchical_cluster,"[1, 74, 34, 58, 29, 60]","[72, 75, 66]","{""best_k"": 3, ""best_score"": 0.5681372880935669, ""selected_cluster"": 1, ""cluster_scores"": {""0"": 1.8902709484100342, ""1"": 2.0620484352111816, ""2"": -1.0}, ""num_trusted"": 6, ""fallback_used"": false}"
317,apra,apra_trust_weighted_clip,"[1, 74, 34, 58, 29, 60]",[],"{""base_clip"": 1.0, ""trust_weights"": {""1"": 0.20000000298023224, ""74"": 0.20000000298023224, ""34"": 0.0, ""58"": 0.20000000298023224, ""29"": 0.20000000298023224, ""60"": 0.20000000298023224}, ""num_aggregated"": 6}"
318,apra,apra_mad_filter,"[26, 6, 20, 23, 27, 78]","[4, 73, 87, 48]","{""median_norm"": 0.5092450957903168, ""mad"": 0.03948310518745543, ""k"": 2.0, ""num_accepted"": 6, ""safety_keep_used"": false, ""fallback_used"": false}"
318,apra,apra_hierarchical_cluster,"[26, 6, 20, 23]","[27, 78]","{""best_k"": 2, ""best_score"": 0.28250083327293396, ""selected_cluster"": 0, ""cluster_scores"": {""0"": 3.2694272994995117, ""1"": 1.4259765148162842}, ""num_trusted"": 4, ""fallback_used"": false}"
318,apra,apra_trust_weighted_clip,"[26, 6, 20, 23]",[],"{""base_clip"": 1.0, ""trust_weights"": {""26"": 0.3333333432674408, ""6"": 0.3333333432674408, ""20"": 0.0, ""23"": 0.3333333432674408}, ""num_aggregated"": 4}"
319,apra,apra_mad_filter,"[0, 49, 7, 53, 26, 6, 57, 11, 20]",[47],"{""median_norm"": 0.6501206783615845, ""mad"": 0.08036834287362982, ""k"": 2.0, ""num_accepted"": 9, ""safety_keep_used"": false, ""fallback_used"": false}"
319,apra,apra_hierarchical_cluster,"[49, 7, 53, 6, 57, 11, 20]","[0, 26]","{""best_k"": 3, ""best_score"": 0.6586228609085083, ""selected_cluster"": 0, ""cluster_scores"": {""0"": 4.383066177368164, ""1"": -1.0, ""2"": -1.0}, ""num_trusted"": 7, ""fallback_used"": false}"
319,apra,apra_trust_weighted_clip,"[49, 7, 53, 6, 57, 11, 20]",[],"{""base_clip"": 1.0, ""trust_weights"": {""49"": 0.1666666716337204, ""7"": 0.1666666716337204, ""53"": 0.1666666716337204, ""6"": 0.1666666716337204, ""57"": 0.1666666716337204, ""11"": 0.1666666716337204, ""20"": 0.0}, ""num_aggregated"": 7}"
320,apra,apra_mad_filter,"[2, 16, 27, 62, 79, 39, 12, 18, 83, 41]",[],"{""median_norm"": 0.47841254051465393, ""mad"": 0.05468160285902249, ""k"": 2.0, ""num_accepted"": 10, ""safety_keep_used"": false, ""fallback_used"": false}"
320,apra,apra_hierarchical_cluster,"[2, 16, 27, 62, 79, 39, 12, 18, 83]",[41],"{""best_k"": 2, ""best_score"": 0.5232557058334351, ""selected_cluster"": 0, ""cluster_scores"": {""0"": 1.6006492376327515, ""1"": -1.0}, ""num_trusted"": 9, ""fallback_used"": false}"
320,apra,apra_trust_weighted_clip,"[2, 16, 27, 62, 79, 39, 12, 18, 83]",[],"{""base_clip"": 1.0, ""trust_weights"": {""2"": 0.09645995497703552, ""16"": 0.16141600906848907, ""27"": 0.16141600906848907, ""62"": 0.0, ""79"": 0.16141600906848907, ""39"": 0.09645995497703552, ""12"": 0.16141600906848907, ""18"": 0.0, ""83"": 0.16141600906848907}, ""num_aggregated"": 9}"
321,apra,apra_mad_filter,"[4, 9, 73, 29, 56, 50, 75, 37, 25, 39]",[],"{""median_norm"": 0.5036978565384856, ""mad"": 0.092830489722776, ""k"": 2.0, ""num_accepted"": 10, ""safety_keep_used"": false, ""fallback_used"": false}"
321,apra,apra_hierarchical_cluster,"[29, 56, 50, 75, 37, 25, 39]","[4, 9, 73]","{""best_k"": 4, ""best_score"": 0.5572243928909302, ""selected_cluster"": 0, ""cluster_scores"": {""0"": 4.693280220031738, ""1"": -1.0, ""2"": -1.0, ""3"": -1.0}, ""num_trusted"": 7, ""fallback_used"": false}"
321,apra,apra_trust_weighted_clip,"[29, 56, 50, 75, 37, 25, 39]",[],"{""base_clip"": 1.0, ""trust_weights"": {""29"": 0.2268381416797638, ""56"": 0.2268381416797638, ""50"": 0.2268381416797638, ""75"": 0.0, ""37"": 0.09264744818210602, ""25"": 0.2268381416797638, ""39"": 0.0}, ""num_aggregated"": 7}"
322,apra,apra_mad_filter,"[1, 55, 45, 87, 89, 25, 11, 85, 40, 95]",[],"{""median_norm"": 0.5782533919840608, ""mad"": 0.08857870686052938, ""k"": 2.0, ""num_accepted"": 10, ""safety_keep_used"": false, ""fallback_used"": false}"
322,apra,apra_hierarchical_cluster,"[1, 45, 87, 89, 25, 11, 40]","[55, 85, 95]","{""best_k"": 3, ""best_score"": 0.48659610748291016, ""selected_cluster"": 1, ""cluster_scores"": {""0"": 1.2065012454986572, ""1"": 4.762980937957764, ""2"": -1.0}, ""num_trusted"": 7, ""fallback_used"": false}"
322,apra,apra_trust_weighted_clip,"[1, 45, 87, 89, 25, 11, 40]",[],"{""base_clip"": 1.0, ""trust_weights"": {""1"": 0.1666666716337204, ""45"": 0.1666666716337204, ""87"": 0.1666666716337204, ""89"": 0.1666666716337204, ""25"": 0.1666666716337204, ""11"": 0.0, ""40"": 0.1666666716337204}, ""num_aggregated"": 7}"
323,apra,apra_mad_filter,"[2, 89, 77, 36, 48, 54, 71, 98, 16, 5]",[],"{""median_norm"": 0.5373311905822157, ""mad"": 0.09588274223488694, ""k"": 2.0, ""num_accepted"": 10, ""safety_keep_used"": false, ""fallback_used"": false}"
323,apra,apra_hierarchical_cluster,"[2, 89, 77, 36, 71, 98, 16, 5]","[48, 54]","{""best_k"": 3, ""best_score"": 0.6811978220939636, ""selected_cluster"": 0, ""cluster_scores"": {""0"": 5.194455146789551, ""1"": -1.0, ""2"": -1.0}, ""num_trusted"": 8, ""fallback_used"": false}"
323,apra,apra_trust_weighted_clip,"[2, 89, 77, 36, 71, 98, 16, 5]",[],"{""base_clip"": 1.0, ""trust_weights"": {""2"": 0.0, ""89"": 0.1666666716337204, ""77"": 0.1666666716337204, ""36"": 0.1666666716337204, ""71"": 0.0, ""98"": 0.1666666716337204, ""16"": 0.1666666716337204, ""5"": 0.1666666716337204}, ""num_aggregated"": 8}"
324,apra,apra_mad_filter,"[4, 75, 41, 14, 38, 49, 90, 30, 84, 69]",[],"{""median_norm"": 0.6413577992976935, ""mad"": 0.08790574589937694, ""k"": 2.0, ""num_accepted"": 10, ""safety_keep_used"": false, ""fallback_used"": false}"
324,apra,apra_hierarchical_cluster,"[75, 41, 14, 38, 49, 90, 30, 84, 69]",[4],"{""best_k"": 2, ""best_score"": 0.6424281001091003, ""selected_cluster"": 0, ""cluster_scores"": {""0"": 2.7905399799346924, ""1"": -1.0}, ""num_trusted"": 9, ""fallback_used"": false}"
324,apra,apra_trust_weighted_clip,"[75, 41, 14, 38, 49, 90, 30, 84, 69]",[],"{""base_clip"": 1.0, ""trust_weights"": {""75"": 0.1258779764175415, ""41"": 0.0, ""14"": 0.1188541054725647, ""38"": 0.1258779764175415, ""49"": 0.1258779764175415, ""90"": 0.1258779764175415, ""30"": 0.1258779764175415, ""84"": 0.1258779764175415, ""69"": 0.1258779764175415}, ""num_aggregated"": 9}"
325,apra,apra_mad_filter,"[3, 80, 71, 75, 62, 53, 30, 31, 87, 98]",[],"{""median_norm"": 0.555997784118607, ""mad"": 0.09098499219420803, ""k"": 2.0, ""num_accepted"": 10, ""safety_keep_used"": false, ""fallback_used"": false}"
325,apra,apra_hierarchical_cluster,"[3, 80, 71, 75, 62, 53, 30, 87, 98]",[31],"{""best_k"": 2, ""best_score"": 0.803951621055603, ""selected_cluster"": 0, ""cluster_scores"": {""0"": 5.920097351074219, ""1"": -1.0}, ""num_trusted"": 9, ""fallback_used"": false}"
325,apra,apra_trust_weighted_clip,"[3, 80, 71, 75, 62, 53, 30, 87, 98]",[],"{""base_clip"": 1.0, ""trust_weights"": {""3"": 0.17210142314434052, ""80"": 0.17236945033073425, ""71"": 0.06921038776636124, ""75"": 0.0, ""62"": 0.17236945033073425, ""53"": 0.06921038776636124, ""30"": 0.0, ""87"": 0.17236945033073425, ""98"": 0.17236945033073425}, ""num_aggregated"": 9}"
326,apra,apra_mad_filter,"[26, 2, 36, 20, 27, 29, 89]","[0, 17, 31]","{""median_norm"": 0.5167768876759151, ""mad"": 0.03908943389305461, ""k"": 2.0, ""num_accepted"": 7, ""safety_keep_used"": false, ""fallback_used"": false}"
326,apra,apra_hierarchical_cluster,"[26, 2, 27, 29, 89]","[36, 20]","{""best_k"": 2, ""best_score"": 0.49728521704673767, ""selected_cluster"": 0, ""cluster_scores"": {""0"": 4.552500247955322, ""1"": 1.6246273517608643}, ""num_trusted"": 5, ""fallback_used"": false}"
326,apra,apra_trust_weighted_clip,"[26, 2, 27, 29, 89]",[],"{""base_clip"": 1.0, ""trust_weights"": {""26"": 0.0, ""2"": 0.25, ""27"": 0.25, ""29"": 0.25, ""89"": 0.25}, ""num_aggregated"": 5}"
327,apra,apra_mad_filter,"[4, 68, 81, 98, 14, 85, 73, 50, 0]",[31],"{""median_norm"": 0.6379426931267143, ""mad"": 0.08019236950614289, ""k"": 2.0, ""num_accepted"": 9, ""safety_keep_used"": false, ""fallback_used"": false}"
327,apra,apra_hierarchical_cluster,"[4, 68, 81, 98, 14, 85, 73, 50]",[0],"{""best_k"": 2, ""best_score"": 0.7128900289535522, ""selected_cluster"": 0, ""cluster_scores"": {""0"": 4.977361679077148, ""1"": -1.0}, ""num_trusted"": 8, ""fallback_used"": false}"
327,apra,apra_trust_weighted_clip,"[4, 68, 81, 98, 14, 85, 73, 50]",[],"{""base_clip"": 1.0, ""trust_weights"": {""4"": 0.0, ""68"": 0.18182013928890228, ""81"": 0.18182013928890228, ""98"": 0.18182013928890228, ""14"": 0.18182013928890228, ""85"": 0.09089931845664978, ""73"": 0.0, ""50"": 0.18182013928890228}, ""num_aggregated"": 8}"
328,apra,apra_mad_filter,"[1, 42, 4, 79, 93, 92, 85, 20, 64, 3]",[],"{""median_norm"": 0.5760151791031447, ""mad"": 0.07614719090284036, ""k"": 2.0, ""num_accepted"": 10, ""safety_keep_used"": false, ""fallback_used"": false}"
328,apra,apra_hierarchical_cluster,"[1, 4, 79, 93, 92, 85, 20, 64, 3]",[42],"{""best_k"": 2, ""best_score"": 0.7414637804031372, ""selected_cluster"": 0, ""cluster_scores"": {""0"": 4.589859962463379, ""1"": -1.0}, ""num_trusted"": 9, ""fallback_used"": false}"
328,apra,apra_trust_weighted_clip,"[1, 4, 79, 93, 92, 85, 20, 64, 3]",[],"{""base_clip"": 1.0, ""trust_weights"": {""1"": 0.1666666716337204, ""4"": 0.0, ""79"": 0.1666666716337204, ""93"": 0.1666666716337204, ""92"": 0.1666666716337204, ""85"": 0.0, ""20"": 0.0, ""64"": 0.1666666716337204, ""3"": 0.1666666716337204}, ""num_aggregated"": 9}"
329,apra,apra_mad_filter,"[2, 0, 4, 40, 32, 70, 56, 49, 55, 66]",[],"{""median_norm"": 0.542597774262875, ""mad"": 0.07617290769290144, ""k"": 2.0, ""num_accepted"": 10, ""safety_keep_used"": false, ""fallback_used"": false}"
329,apra,apra_hierarchical_cluster,"[2, 4, 40, 32, 70, 56, 49, 55, 66]",[0],"{""best_k"": 2, ""best_score"": 0.6538801193237305, ""selected_cluster"": 0, ""cluster_scores"": {""0"": 3.2700631618499756, ""1"": -1.0}, ""num_trusted"": 9, ""fallback_used"": false}"
329,apra,apra_trust_weighted_clip,"[2, 4, 40, 32, 70, 56, 49, 55, 66]",[],"{""base_clip"": 1.0, ""trust_weights"": {""2"": 0.14376942813396454, ""4"": 0.06869171559810638, ""40"": 0.14376942813396454, ""32"": 0.0, ""70"": 0.14376942813396454, ""56"": 0.14376942813396454, ""49"": 0.14376942813396454, ""55"": 0.06869171559810638, ""66"": 0.14376942813396454}, ""num_aggregated"": 9}"
330,apra,apra_mad_filter,"[2, 60, 6, 64, 84, 20, 21]","[50, 95, 41]","{""median_norm"": 0.5129737038025675, ""mad"": 0.027412113831907226, ""k"": 2.0, ""num_accepted"": 7, ""safety_keep_used"": false, ""fallback_used"": false}"
330,apra,apra_hierarchical_cluster,"[2, 60, 6, 64, 84, 21]",[20],"{""best_k"": 2, ""best_score"": 0.5042988657951355, ""selected_cluster"": 0, ""cluster_scores"": {""0"": 1.3873703479766846, ""1"": -1.0}, ""num_trusted"": 6, ""fallback_used"": false}"
330,apra,apra_trust_weighted_clip,"[2, 60, 6, 64, 84, 21]",[],"{""base_clip"": 1.0, ""trust_weights"": {""2"": 0.0, ""60"": 0.25, ""6"": 0.25, ""64"": 0.25, ""84"": 0.25, ""21"": 0.0}, ""num_aggregated"": 6}"
331,apra,apra_mad_filter,"[3, 94, 65, 78, 54, 55, 26, 53, 4, 46]",[],"{""median_norm"": 0.560010829304081, ""mad"": 0.11248996959027718, ""k"": 2.0, ""num_accepted"": 10, ""safety_keep_used"": false, ""fallback_used"": false}"
331,apra,apra_hierarchical_cluster,"[3, 94, 65, 78, 55, 26, 53, 4, 46]",[54],"{""best_k"": 2, ""best_score"": 0.6532188653945923, ""selected_cluster"": 0, ""cluster_scores"": {""0"": 2.892578125, ""1"": -1.0}, ""num_trusted"": 9, ""fallback_used"": false}"
331,apra,apra_trust_weighted_clip,"[3, 94, 65, 78, 55, 26, 53, 4, 46]",[],"{""base_clip"": 1.0, ""trust_weights"": {""3"": 0.1465950757265091, ""94"": 0.1465950757265091, ""65"": 0.0, ""78"": 0.1465950757265091, ""55"": 0.1465950757265091, ""26"": 0.0, ""53"": 0.1465950757265091, ""4"": 0.1465950757265091, ""46"": 0.12042947858572006}, ""num_aggregated"": 9}"
332,apra,apra_mad_filter,"[1, 63, 25, 68, 8, 72, 6, 73]","[19, 26]","{""median_norm"": 0.5518804342984738, ""mad"": 0.07350668568412622, ""k"": 2.0, ""num_accepted"": 8, ""safety_keep_used"": false, ""fallback_used"": false}"
332,apra,apra_hierarchical_cluster,"[1, 63, 25, 68, 8, 72, 6]",[73],"{""best_k"": 2, ""best_score"": 0.7295385003089905, ""selected_cluster"": 0, ""cluster_scores"": {""0"": 3.6511788368225098, ""1"": -1.0}, ""num_trusted"": 7, ""fallback_used"": false}"
332,apra,apra_trust_weighted_clip,"[1, 63, 25, 68, 8, 72, 6]",[],"{""base_clip"": 1.0, ""trust_weights"": {""1"": 0.20000000298023224, ""63"": 0.20000000298023224, ""25"": 0.20000000298023224, ""68"": 0.0, ""8"": 0.20000000298023224, ""72"": 0.0, ""6"": 0.20000000298023224}, ""num_aggregated"": 7}"
333,apra,apra_mad_filter,"[3, 4, 12, 78, 75, 22, 38, 60, 64]",[70],"{""median_norm"": 0.4728869125398044, ""mad"": 0.04720526298073985, ""k"": 2.0, ""num_accepted"": 9, ""safety_keep_used"": false, ""fallback_used"": false}"
333,apra,apra_hierarchical_cluster,"[3, 12, 78, 22, 38, 60, 64]","[4, 75]","{""best_k"": 3, ""best_score"": 0.5778055191040039, ""selected_cluster"": 0, ""cluster_scores"": {""0"": 0.9364967346191406, ""1"": -1.0, ""2"": -1.0}, ""num_trusted"": 7, ""fallback_used"": false}"
333,apra,apra_trust_weighted_clip,"[3, 12, 78, 22, 38, 60, 64]",[],"{""base_clip"": 1.0, ""trust_weights"": {""3"": 0.19152915477752686, ""12"": 0.19152915477752686, ""78"": 0.07811294496059418, ""22"": 0.23035788536071777, ""38"": 0.23035788536071777, ""60"": 0.0, ""64"": 0.07811294496059418}, ""num_aggregated"": 7}"
334,apra,apra_mad_filter,"[0, 81, 60, 47, 13, 68, 89, 51, 18]",[88],"{""median_norm"": 0.6340499813474797, ""mad"": 0.10180873066741458, ""k"": 2.0, ""num_accepted"": 9, ""safety_keep_used"": false, ""fallback_used"": false}"
334,apra,apra_hierarchical_cluster,"[81, 60, 47, 13, 68, 89, 51, 18]",[0],"{""best_k"": 2, ""best_score"": 0.6050088405609131, ""selected_cluster"": 0, ""cluster_scores"": {""0"": 4.63679313659668, ""1"": -1.0}, ""num_trusted"": 8, ""fallback_used"": false}"
334,apra,apra_trust_weighted_clip,"[81, 60, 47, 13, 68, 89, 51, 18]",[],"{""base_clip"": 1.0, ""trust_weights"": {""81"": 0.18911495804786682, ""60"": 0.18911495804786682, ""47"": 0.0, ""13"": 0.18911495804786682, ""68"": 0.0, ""89"": 0.18911495804786682, ""51"": 0.0544251911342144, ""18"": 0.18911495804786682}, ""num_aggregated"": 8}"
335,apra,apra_mad_filter,"[0, 1, 73, 65, 85, 81, 84, 53, 25, 52]",[],"{""median_norm"": 0.5521024703495545, ""mad"": 0.07176957871694895, ""k"": 2.0, ""num_accepted"": 10, ""safety_keep_used"": false, ""fallback_used"": false}"
335,apra,apra_hierarchical_cluster,"[1, 65, 85, 81, 84, 53, 25, 52]","[0, 73]","{""best_k"": 3, ""best_score"": 0.6661211252212524, ""selected_cluster"": 0, ""cluster_scores"": {""0"": 5.396757125854492, ""1"": -1.0, ""2"": -1.0}, ""num_trusted"": 8, ""fallback_used"": false}"
335,apra,apra_trust_weighted_clip,"[1, 65, 85, 81, 84, 53, 25, 52]",[],"{""base_clip"": 1.0, ""trust_weights"": {""1"": 0.25, ""65"": 0.0, ""85"": 0.0, ""81"": 0.25, ""84"": 0.25, ""53"": 0.0, ""25"": 0.0, ""52"": 0.25}, ""num_aggregated"": 8}"
336,apra,apra_mad_filter,"[3, 68, 23, 65, 84, 9, 70, 74]","[88, 55]","{""median_norm"": 0.5844584769805972, ""mad"": 0.042905818372651394, ""k"": 2.0, ""num_accepted"": 8, ""safety_keep_used"": false, ""fallback_used"": false}"
336,apra,apra_hierarchical_cluster,"[3, 23, 84, 9, 74]","[68, 65, 70]","{""best_k"": 3, ""best_score"": 0.44894886016845703, ""selected_cluster"": 2, ""cluster_scores"": {""0"": 1.7692909240722656, ""1"": -1.0, ""2"": 4.812716484069824}, ""num_trusted"": 5, ""fallback_used"": false}"
336,apra,apra_trust_weighted_clip,"[3, 23, 84, 9, 74]",[],"{""base_clip"": 1.0, ""trust_weights"": {""3"": 0.42334720492362976, ""23"": 0.42334720492362976, ""84"": 0.0, ""9"": 0.0, ""74"": 0.15330563485622406}, ""num_aggregated"": 5}"
337,apra,apra_mad_filter,"[3, 1, 49, 52, 65, 68, 9, 21, 63]",[88],"{""median_norm"": 0.5403623733879035, ""mad"": 0.08320492784251565, ""k"": 2.0, ""num_accepted"": 9, ""safety_keep_used"": false, ""fallback_used"": false}"
337,apra,apra_hierarchical_cluster,"[3, 1, 49, 52, 65, 68, 21, 63]",[9],"{""best_k"": 2, ""best_score"": 0.7146618366241455, ""selected_cluster"": 0, ""cluster_scores"": {""0"": 7.733536720275879, ""1"": -1.0}, ""num_trusted"": 8, ""fallback_used"": false}"
337,apra,apra_trust_weighted_clip,"[3, 1, 49, 52, 65, 68, 21, 63]",[],"{""base_clip"": 1.0, ""trust_weights"": {""3"": 0.1428571492433548, ""1"": 0.1428571492433548, ""49"": 0.1428571492433548, ""52"": 0.1428571492433548, ""65"": 0.0, ""68"": 0.1428571492433548, ""21"": 0.1428571492433548, ""63"": 0.1428571492433548}, ""num_aggregated"": 8}"
338,apra,apra_mad_filter,"[4, 7, 40, 94, 21, 22, 70, 87, 35]",[48],"{""median_norm"": 0.49050650935641427, ""mad"": 0.0853880326878868, ""k"": 2.0, ""num_accepted"": 9, ""safety_keep_used"": false, ""fallback_used"": false}"
338,apra,apra_hierarchical_cluster,"[7, 40, 94, 21, 22, 70, 87]","[4, 35]","{""best_k"": 2, ""best_score"": 0.5134557485580444, ""selected_cluster"": 0, ""cluster_scores"": {""0"": 5.127939224243164, ""1"": 1.876618504524231}, ""num_trusted"": 7, ""fallback_used"": false}"
338,apra,apra_trust_weighted_clip,"[7, 40, 94, 21, 22, 70, 87]",[],"{""base_clip"": 1.0, ""trust_weights"": {""7"": 0.1704246550798416, ""40"": 0.0, ""94"": 0.17678947746753693, ""21"": 0.17678947746753693, ""22"": 0.17678947746753693, ""70"": 0.1224174052476883, ""87"": 0.17678947746753693}, ""num_aggregated"": 7}"
339,apra,apra_mad_filter,"[42, 65, 2, 55, 70, 10, 87, 58, 77]",[3],"{""median_norm"": 0.5446204191715568, ""mad"": 0.03168443229753615, ""k"": 2.0, ""num_accepted"": 9, ""safety_keep_used"": false, ""fallback_used"": false}"
339,apra,apra_hierarchical_cluster,"[65, 2, 55, 70, 87, 58, 77]","[42, 10]","{""best_k"": 2, ""best_score"": 0.6349605917930603, ""selected_cluster"": 1, ""cluster_scores"": {""0"": 1.4966057538986206, ""1"": 3.8351974487304688}, ""num_trusted"": 7, ""fallback_used"": false}"
339,apra,apra_trust_weighted_clip,"[65, 2, 55, 70, 87, 58, 77]",[],"{""base_clip"": 1.0, ""trust_weights"": {""65"": 0.18929214775562286, ""2"": 0.05353924632072449, ""55"": 0.0, ""70"": 0.18929214775562286, ""87"": 0.18929214775562286, ""58"": 0.18929214775562286, ""77"": 0.18929214775562286}, ""num_aggregated"": 7}"
340,apra,apra_mad_filter,"[1, 21, 81, 37, 13, 86, 79, 78, 57]",[59],"{""median_norm"": 0.463103386910797, ""mad"": 0.026014337705378615, ""k"": 2.0, ""num_accepted"": 9, ""safety_keep_used"": false, ""fallback_used"": false}"
340,apra,apra_hierarchical_cluster,"[1, 21, 81, 37, 86, 79, 78, 57]",[13],"{""best_k"": 2, ""best_score"": 0.6520761847496033, ""selected_cluster"": 0, ""cluster_scores"": {""0"": 2.8077516555786133, ""1"": -1.0}, ""num_trusted"": 8, ""fallback_used"": false}"
340,apra,apra_trust_weighted_clip,"[1, 21, 81, 37, 86, 79, 78, 57]",[],"{""base_clip"": 1.0, ""trust_weights"": {""1"": 0.1428571492433548, ""21"": 0.1428571492433548, ""81"": 0.1428571492433548, ""37"": 0.1428571492433548, ""86"": 0.1428571492433548, ""79"": 0.1428571492433548, ""78"": 0.1428571492433548, ""57"": 0.0}, ""num_aggregated"": 8}"
341,apra,apra_mad_filter,"[28, 16, 6, 72, 8, 68, 34, 93, 1]",[0],"{""median_norm"": 0.486414300985521, ""mad"": 0.05954896153452727, ""k"": 2.0, ""num_accepted"": 9, ""safety_keep_used"": false, ""fallback_used"": false}"
341,apra,apra_hierarchical_cluster,"[28, 16, 6, 68, 34, 93, 1]","[72, 8]","{""best_k"": 2, ""best_score"": 0.7041960954666138, ""selected_cluster"": 1, ""cluster_scores"": {""0"": 1.6761448383331299, ""1"": 6.44052267074585}, ""num_trusted"": 7, ""fallback_used"": false}"
341,apra,apra_trust_weighted_clip,"[28, 16, 6, 68, 34, 93, 1]",[],"{""base_clip"": 1.0, ""trust_weights"": {""28"": 0.0, ""16"": 0.20000000298023224, ""6"": 0.20000000298023224, ""68"": 0.20000000298023224, ""34"": 0.0, ""93"": 0.20000000298023224, ""1"": 0.20000000298023224}, ""num_aggregated"": 7}"
342,apra,apra_mad_filter,"[4, 70, 45, 93, 34, 33, 68, 59, 71, 74]",[],"{""median_norm"": 0.5381829570052739, ""mad"": 0.05423460940602254, ""k"": 2.0, ""num_accepted"": 10, ""safety_keep_used"": false, ""fallback_used"": false}"
342,apra,apra_hierarchical_cluster,"[70, 45, 93, 34, 33, 68, 59, 71, 74]",[4],"{""best_k"": 2, ""best_score"": 0.46348732709884644, ""selected_cluster"": 0, ""cluster_scores"": {""0"": 1.3688513040542603, ""1"": -1.0}, ""num_trusted"": 9, ""fallback_used"": false}"
342,apra,apra_trust_weighted_clip,"[70, 45, 93, 34, 33, 68, 59, 71, 74]",[],"{""base_clip"": 1.0, ""trust_weights"": {""70"": 0.12568442523479462, ""45"": 0.12568442523479462, ""93"": 0.12020901590585709, ""34"": 0.12568442523479462, ""33"": 0.0, ""68"": 0.12568442523479462, ""59"": 0.12568442523479462, ""71"": 0.12568442523479462, ""74"": 0.12568442523479462}, ""num_aggregated"": 9}"
343,apra,apra_mad_filter,"[0, 35, 69, 32, 25, 33, 54, 41, 70, 49]",[],"{""median_norm"": 0.6223499745710168, ""mad"": 0.09286393516987412, ""k"": 2.0, ""num_accepted"": 10, ""safety_keep_used"": false, ""fallback_used"": false}"
343,apra,apra_hierarchical_cluster,"[0, 35, 69, 32, 25, 33, 41, 70, 49]",[54],"{""best_k"": 2, ""best_score"": 0.5049729943275452, ""selected_cluster"": 0, ""cluster_scores"": {""0"": 2.275115728378296, ""1"": -1.0}, ""num_trusted"": 9, ""fallback_used"": false}"
343,apra,apra_trust_weighted_clip,"[0, 35, 69, 32, 25, 33, 41, 70, 49]",[],"{""base_clip"": 1.0, ""trust_weights"": {""0"": 0.0038770127575844526, ""35"": 0.18589574098587036, ""69"": 0.18589574098587036, ""32"": 0.0, ""25"": 0.06664423644542694, ""33"": 0.18589574098587036, ""41"": 0.0, ""70"": 0.18589574098587036, ""49"": 0.18589574098587036}, ""num_aggregated"": 9}"
344,apra,apra_mad_filter,"[3, 95, 82, 18, 50, 8, 24, 13, 28, 9]",[],"{""median_norm"": 0.5753740055765948, ""mad"": 0.09735614935344636, ""k"": 2.0, ""num_accepted"": 10, ""safety_keep_used"": false, ""fallback_used"": false}"
344,apra,apra_hierarchical_cluster,"[3, 82, 18, 50, 8, 24, 13, 28, 9]",[95],"{""best_k"": 2, ""best_score"": 0.4793732762336731, ""selected_cluster"": 0, ""cluster_scores"": {""0"": 1.143977403640747, ""1"": -1.0}, ""num_trusted"": 9, ""fallback_used"": false}"
344,apra,apra_trust_weighted_clip,"[3, 82, 18, 50, 8, 24, 13, 28, 9]",[],"{""base_clip"": 1.0, ""trust_weights"": {""3"": 0.15330517292022705, ""82"": 0.15330517292022705, ""18"": 0.15330517292022705, ""50"": 0.15330517292022705, ""8"": 0.0, ""24"": 0.15330517292022705, ""13"": 0.08016899973154068, ""28"": 0.15330517292022705, ""9"": 0.0}, ""num_aggregated"": 9}"
345,apra,apra_mad_filter,"[4, 89, 3, 55, 91, 96, 94, 54, 39, 8]",[],"{""median_norm"": 0.5513649435599594, ""mad"": 0.11224320952807543, ""k"": 2.0, ""num_accepted"": 10, ""safety_keep_used"": false, ""fallback_used"": false}"
345,apra,apra_hierarchical_cluster,"[4, 89, 3, 55, 91, 96, 94, 39, 8]",[54],"{""best_k"": 2, ""best_score"": 0.8169513940811157, ""selected_cluster"": 0, ""cluster_scores"": {""0"": 5.713366508483887, ""1"": -1.0}, ""num_trusted"": 9, ""fallback_used"": false}"
345,apra,apra_trust_weighted_clip,"[4, 89, 3, 55, 91, 96, 94, 39, 8]",[],"{""base_clip"": 1.0, ""trust_weights"": {""4"": 0.12905141711235046, ""89"": 0.12905141711235046, ""3"": 0.12905141711235046, ""55"": 0.0, ""91"": 0.12905141711235046, ""96"": 0.12905141711235046, ""94"": 0.12905141711235046, ""39"": 0.12905141711235046, ""8"": 0.09664007276296616}, ""num_aggregated"": 9}"
346,apra,apra_mad_filter,"[2, 82, 78, 74, 61, 39, 29, 4, 68]",[88],"{""median_norm"": 0.5112463622447214, ""mad"": 0.06025509680888863, ""k"": 2.0, ""num_accepted"": 9, ""safety_keep_used"": false, ""fallback_used"": false}"
346,apra,apra_hierarchical_cluster,"[2, 78, 74, 61, 39, 29, 68]","[82, 4]","{""best_k"": 3, ""best_score"": 0.5166990756988525, ""selected_cluster"": 0, ""cluster_scores"": {""0"": 6.949334144592285, ""1"": -1.0, ""2"": -1.0}, ""num_trusted"": 7, ""fallback_used"": false}"
346,apra,apra_trust_weighted_clip,"[2, 78, 74, 61, 39, 29, 68]",[],"{""base_clip"": 1.0, ""trust_weights"": {""2"": 0.0, ""78"": 0.20000000298023224, ""74"": 0.20000000298023224, ""61"": 0.0, ""39"": 0.20000000298023224, ""29"": 0.20000000298023224, ""68"": 0.20000000298023224}, ""num_aggregated"": 7}"
347,apra,apra_mad_filter,"[3, 93, 72, 1, 90, 28, 57, 68, 23, 83]",[],"{""median_norm"": 0.47481612292539055, ""mad"": 0.0403147026262779, ""k"": 2.0, ""num_accepted"": 10, ""safety_keep_used"": false, ""fallback_used"": false}"
347,apra,apra_hierarchical_cluster,"[3, 93, 1, 90, 57, 68, 23, 83]","[72, 28]","{""best_k"": 2, ""best_score"": 0.4611387252807617, ""selected_cluster"": 0, ""cluster_scores"": {""0"": 1.9190245866775513, ""1"": 1.873268723487854}, ""num_trusted"": 8, ""fallback_used"": false}"
347,apra,apra_trust_weighted_clip,"[3, 93, 1, 90, 57, 68, 23, 83]",[],"{""base_clip"": 1.0, ""trust_weights"": {""3"": 0.12149441242218018, ""93"": 0.14641760289669037, ""1"": 0.14641760289669037, ""90"": 0.14641760289669037, ""57"": 0.14641760289669037, ""68"": 0.14641760289669037, ""23"": 0.0, ""83"": 0.14641760289669037}, ""num_aggregated"": 8}"
348,apra,apra_mad_filter,"[2, 91, 31, 57, 14, 17, 54, 95, 68, 64]",[],"{""median_norm"": 0.5326268247489214, ""mad"": 0.14345140480480198, ""k"": 2.0, ""num_accepted"": 10, ""safety_keep_used"": false, ""fallback_used"": false}"
348,apra,apra_hierarchical_cluster,"[2, 91, 57, 14, 17, 68, 64]","[31, 54, 95]","{""best_k"": 3, ""best_score"": 0.7146412134170532, ""selected_cluster"": 1, ""cluster_scores"": {""0"": 1.8819563388824463, ""1"": 6.580216407775879, ""2"": -1.0}, ""num_trusted"": 7, ""fallback_used"": false}"
348,apra,apra_trust_weighted_clip,"[2, 91, 57, 14, 17, 68, 64]",[],"{""base_clip"": 1.0, ""trust_weights"": {""2"": 0.0, ""91"": 0.1666666716337204, ""57"": 0.1666666716337204, ""14"": 0.1666666716337204, ""17"": 0.1666666716337204, ""68"": 0.1666666716337204, ""64"": 0.1666666716337204}, ""num_aggregated"": 7}"
349,apra,apra_mad_filter,"[37, 11, 43, 41, 63, 70, 82, 13, 31]",[0],"{""median_norm"": 0.5804609126481796, ""mad"": 0.059845723474458046, ""k"": 2.0, ""num_accepted"": 9, ""safety_keep_used"": false, ""fallback_used"": false}"
349,apra,apra_hierarchical_cluster,"[37, 11, 43, 41, 63, 70, 82, 13]",[31],"{""best_k"": 2, ""best_score"": 0.7431000471115112, ""selected_cluster"": 0, ""cluster_scores"": {""0"": 5.58088493347168, ""1"": -1.0}, ""num_trusted"": 8, ""fallback_used"": false}"
349,apra,apra_trust_weighted_clip,"[37, 11, 43, 41, 63, 70, 82, 13]",[],"{""base_clip"": 1.0, ""trust_weights"": {""37"": 0.16883324086666107, ""11"": 0.15583375096321106, ""43"": 0.16883324086666107, ""41"": 0.0, ""63"": 0.16883324086666107, ""70"": 0.16883324086666107, ""82"": 0.0, ""13"": 0.16883324086666107}, ""num_aggregated"": 8}"
350,apra,apra_mad_filter,"[3, 26, 92, 10, 37, 22, 16, 62, 86, 44]",[],"{""median_norm"": 0.45167533192171977, ""mad"": 0.09480602797918736, ""k"": 2.0, ""num_accepted"": 10, ""safety_keep_used"": false, ""fallback_used"": false}"
350,apra,apra_hierarchical_cluster,"[3, 26, 92, 37, 22, 16, 62, 86, 44]",[10],"{""best_k"": 2, ""best_score"": 0.641292929649353, ""selected_cluster"": 0, ""cluster_scores"": {""0"": 2.9677133560180664, ""1"": -1.0}, ""num_trusted"": 9, ""fallback_used"": false}"
350,apra,apra_trust_weighted_clip,"[3, 26, 92, 37, 22, 16, 62, 86, 44]",[],"{""base_clip"": 1.0, ""trust_weights"": {""3"": 0.20000000298023224, ""26"": 0.0, ""92"": 0.20000000298023224, ""37"": 0.20000000298023224, ""22"": 0.20000000298023224, ""16"": 0.20000000298023224, ""62"": 0.0, ""86"": 0.0, ""44"": 0.0}, ""num_aggregated"": 9}"
351,apra,apra_mad_filter,"[3, 18, 35, 78, 36, 93, 33, 32]","[62, 77]","{""median_norm"": 0.4987334415297405, ""mad"": 0.047514633070841944, ""k"": 2.0, ""num_accepted"": 8, ""safety_keep_used"": false, ""fallback_used"": false}"
351,apra,apra_hierarchical_cluster,"[3, 18, 35, 78, 93, 33]","[36, 32]","{""best_k"": 2, ""best_score"": 0.49853891134262085, ""selected_cluster"": 1, ""cluster_scores"": {""0"": 1.2479465007781982, ""1"": 2.92324161529541}, ""num_trusted"": 6, ""fallback_used"": false}"
351,apra,apra_trust_weighted_clip,"[3, 18, 35, 78, 93, 33]",[],"{""base_clip"": 1.0, ""trust_weights"": {""3"": 0.13047149777412415, ""18"": 0.0, ""35"": 0.21738213300704956, ""78"": 0.21738213300704956, ""93"": 0.21738213300704956, ""33"": 0.21738213300704956}, ""num_aggregated"": 6}"
352,apra,apra_mad_filter,"[1, 15, 64, 70, 21, 58, 29, 93, 5]",[46],"{""median_norm"": 0.4967630859472639, ""mad"": 0.0401239068978721, ""k"": 2.0, ""num_accepted"": 9, ""safety_keep_used"": false, ""fallback_used"": false}"
352,apra,apra_hierarchical_cluster,"[1, 15, 70, 21, 58, 29, 93, 5]",[64],"{""best_k"": 2, ""best_score"": 0.35684719681739807, ""selected_cluster"": 0, ""cluster_scores"": {""0"": 3.051220417022705, ""1"": -1.0}, ""num_trusted"": 8, ""fallback_used"": false}"
352,apra,apra_trust_weighted_clip,"[1, 15, 70, 21, 58, 29, 93, 5]",[],"{""base_clip"": 1.0, ""trust_weights"": {""1"": 0.20000000298023224, ""15"": 0.0, ""70"": 0.20000000298023224, ""21"": 0.20000000298023224, ""58"": 0.0, ""29"": 0.20000000298023224, ""93"": 0.20000000298023224, ""5"": 0.0}, ""num_aggregated"": 8}"
353,apra,apra_mad_filter,"[4, 62, 53, 56, 18, 5, 68, 40, 1, 57]",[],"{""median_norm"": 0.5297561817485739, ""mad"": 0.0954028908729326, ""k"": 2.0, ""num_accepted"": 10, ""safety_keep_used"": false, ""fallback_used"": false}"
353,apra,apra_hierarchical_cluster,"[4, 62, 53, 56, 18, 5, 40, 1, 57]",[68],"{""best_k"": 2, ""best_score"": 0.5868873000144958, ""selected_cluster"": 0, ""cluster_scores"": {""0"": 1.1335277557373047, ""1"": -1.0}, ""num_trusted"": 9, ""fallback_used"": false}"
353,apra,apra_trust_weighted_clip,"[4, 62, 53, 56, 18, 5, 40, 1, 57]",[],"{""base_clip"": 1.0, ""trust_weights"": {""4"": 0.0, ""62"": 0.0, ""53"": 0.25, ""56"": 0.25, ""18"": 0.0, ""5"": 0.25, ""40"": 0.25, ""1"": 0.0, ""57"": 0.0}, ""num_aggregated"": 9}"
354,apra,apra_mad_filter,"[4, 36, 92, 1, 98, 15, 43, 57]","[52, 33]","{""median_norm"": 0.533584451310853, ""mad"": 0.03773003213300688, ""k"": 2.0, ""num_accepted"": 8, ""safety_keep_used"": false, ""fallback_used"": false}"
354,apra,apra_hierarchical_cluster,"[4, 92, 1, 98, 43, 57]","[36, 15]","{""best_k"": 2, ""best_score"": 0.4403102993965149, ""selected_cluster"": 1, ""cluster_scores"": {""0"": 1.351930856704712, ""1"": 1.832226276397705}, ""num_trusted"": 6, ""fallback_used"": false}"
354,apra,apra_trust_weighted_clip,"[4, 92, 1, 98, 43, 57]",[],"{""base_clip"": 1.0, ""trust_weights"": {""4"": 0.2898690700531006, ""92"": 0.2898690700531006, ""1"": 0.0, ""98"": 0.2101309448480606, ""43"": 0.0, ""57"": 0.2101309448480606}, ""num_aggregated"": 6}"
355,apra,apra_mad_filter,"[38, 53, 15, 77, 79, 90, 63]","[3, 50, 18]","{""median_norm"": 0.45246652378697594, ""mad"": 0.01674942878991212, ""k"": 2.0, ""num_accepted"": 7, ""safety_keep_used"": false, ""fallback_used"": false}"
355,apra,apra_hierarchical_cluster,"[38, 77, 79, 90, 63]","[53, 15]","{""best_k"": 3, ""best_score"": 0.5715667009353638, ""selected_cluster"": 0, ""cluster_scores"": {""0"": 3.156198501586914, ""1"": -1.0, ""2"": -1.0}, ""num_trusted"": 5, ""fallback_used"": false}"
355,apra,apra_trust_weighted_clip,"[38, 77, 79, 90, 63]",[],"{""base_clip"": 1.0, ""trust_weights"": {""38"": 0.25, ""77"": 0.0, ""79"": 0.25, ""90"": 0.25, ""63"": 0.25}, ""num_aggregated"": 5}"
356,apra,apra_mad_filter,"[4, 85, 41, 55, 44, 81, 39, 20, 34]",[17],"{""median_norm"": 0.6010447664547194, ""mad"": 0.08392775793994872, ""k"": 2.0, ""num_accepted"": 9, ""safety_keep_used"": false, ""fallback_used"": false}"
356,apra,apra_hierarchical_cluster,"[4, 85, 41, 55, 44, 81, 39, 34]",[20],"{""best_k"": 2, ""best_score"": 0.43670350313186646, ""selected_cluster"": 0, ""cluster_scores"": {""0"": 1.5373365879058838, ""1"": -1.0}, ""num_trusted"": 8, ""fallback_used"": false}"
356,apra,apra_trust_weighted_clip,"[4, 85, 41, 55, 44, 81, 39, 34]",[],"{""base_clip"": 1.0, ""trust_weights"": {""4"": 0.0, ""85"": 0.21264126896858215, ""41"": 0.0, ""55"": 0.21264126896858215, ""44"": 0.0, ""81"": 0.21264126896858215, ""39"": 0.14943495392799377, ""34"": 0.21264126896858215}, ""num_aggregated"": 8}"
357,apra,apra_mad_filter,"[2, 72, 55, 59, 23, 79, 74, 78, 8]",[52],"{""median_norm"": 0.5061573345886985, ""mad"": 0.04976226688038085, ""k"": 2.0, ""num_accepted"": 9, ""safety_keep_used"": false, ""fallback_used"": false}"
357,apra,apra_hierarchical_cluster,"[2, 72, 23, 79, 74, 78, 8]","[55, 59]","{""best_k"": 2, ""best_score"": 0.5309183597564697, ""selected_cluster"": 0, ""cluster_scores"": {""0"": 2.5345940589904785, ""1"": 1.7887637615203857}, ""num_trusted"": 7, ""fallback_used"": false}"
357,apra,apra_trust_weighted_clip,"[2, 72, 23, 79, 74, 78, 8]",[],"{""base_clip"": 1.0, ""trust_weights"": {""2"": 0.1666666716337204, ""72"": 0.1666666716337204, ""23"": 0.1666666716337204, ""79"": 0.1666666716337204, ""74"": 0.1666666716337204, ""78"": 0.1666666716337204, ""8"": 0.0}, ""num_aggregated"": 7}"
358,apra,apra_mad_filter,"[3, 21, 18, 61, 79, 35, 6, 56]","[92, 54]","{""median_norm"": 0.5164628706746656, ""mad"": 0.025570911417219122, ""k"": 2.0, ""num_accepted"": 8, ""safety_keep_used"": false, ""fallback_used"": false}"
358,apra,apra_hierarchical_cluster,"[3, 21, 18, 61, 79, 35, 6]",[56],"{""best_k"": 2, ""best_score"": 0.532417356967926, ""selected_cluster"": 0, ""cluster_scores"": {""0"": 6.099365234375, ""1"": -1.0}, ""num_trusted"": 7, ""fallback_used"": false}"
358,apra,apra_trust_weighted_clip,"[3, 21, 18, 61, 79, 35, 6]",[],"{""base_clip"": 1.0, ""trust_weights"": {""3"": 0.1666666716337204, ""21"": 0.1666666716337204, ""18"": 0.0, ""61"": 0.1666666716337204, ""79"": 0.1666666716337204, ""35"": 0.1666666716337204, ""6"": 0.1666666716337204}, ""num_aggregated"": 7}"
359,apra,apra_mad_filter,"[0, 13, 41, 34, 14, 30, 67, 21, 57, 92]",[],"{""median_norm"": 0.611436646942946, ""mad"": 0.11711029364413833, ""k"": 2.0, ""num_accepted"": 10, ""safety_keep_used"": false, ""fallback_used"": false}"
359,apra,apra_hierarchical_cluster,"[13, 41, 34, 14, 30, 67, 21, 57, 92]",[0],"{""best_k"": 2, ""best_score"": 0.7157770395278931, ""selected_cluster"": 0, ""cluster_scores"": {""0"": 4.196028709411621, ""1"": -1.0}, ""num_trusted"": 9, ""fallback_used"": false}"
359,apra,apra_trust_weighted_clip,"[13, 41, 34, 14, 30, 67, 21, 57, 92]",[],"{""base_clip"": 1.0, ""trust_weights"": {""13"": 0.1666666716337204, ""41"": 0.0, ""34"": 0.1666666716337204, ""14"": 0.1666666716337204, ""30"": 0.0, ""67"": 0.0, ""21"": 0.1666666716337204, ""57"": 0.1666666716337204, ""92"": 0.1666666716337204}, ""num_aggregated"": 9}"
360,apra,apra_mad_filter,"[1, 72, 53, 86, 69, 68, 28, 79, 18]",[31],"{""median_norm"": 0.5319424808285691, ""mad"": 0.0736681794801945, ""k"": 2.0, ""num_accepted"": 9, ""safety_keep_used"": false, ""fallback_used"": false}"
360,apra,apra_hierarchical_cluster,"[1, 53, 86, 68, 79, 18]","[72, 69, 28]","{""best_k"": 2, ""best_score"": 0.485076904296875, ""selected_cluster"": 1, ""cluster_scores"": {""0"": 2.5602216720581055, ""1"": 5.3154096603393555}, ""num_trusted"": 6, ""fallback_used"": false}"
360,apra,apra_trust_weighted_clip,"[1, 53, 86, 68, 79, 18]",[],"{""base_clip"": 1.0, ""trust_weights"": {""1"": 0.20000000298023224, ""53"": 0.20000000298023224, ""86"": 0.0, ""68"": 0.20000000298023224, ""79"": 0.20000000298023224, ""18"": 0.20000000298023224}, ""num_aggregated"": 6}"
361,apra,apra_mad_filter,"[1, 69, 86, 97, 78, 68, 50, 18, 20, 46]",[],"{""median_norm"": 0.5094510299258508, ""mad"": 0.08123066859041767, ""k"": 2.0, ""num_accepted"": 10, ""safety_keep_used"": false, ""fallback_used"": false}"
361,apra,apra_hierarchical_cluster,"[1, 86, 97, 78, 68, 50, 18, 20, 46]",[69],"{""best_k"": 2, ""best_score"": 0.5217565298080444, ""selected_cluster"": 0, ""cluster_scores"": {""0"": 2.570634126663208, ""1"": -1.0}, ""num_trusted"": 9, ""fallback_used"": false}"
361,apra,apra_trust_weighted_clip,"[1, 86, 97, 78, 68, 50, 18, 20, 46]",[],"{""base_clip"": 1.0, ""trust_weights"": {""1"": 0.1428571492433548, ""86"": 0.1428571492433548, ""97"": 0.1428571492433548, ""78"": 0.1428571492433548, ""68"": 0.0, ""50"": 0.1428571492433548, ""18"": 0.1428571492433548, ""20"": 0.0, ""46"": 0.1428571492433548}, ""num_aggregated"": 9}"
362,apra,apra_mad_filter,"[2, 55, 84, 65, 95, 24, 73, 53, 56]",[54],"{""median_norm"": 0.658709006663132, ""mad"": 0.055758270457477, ""k"": 2.0, ""num_accepted"": 9, ""safety_keep_used"": false, ""fallback_used"": false}"
362,apra,apra_hierarchical_cluster,"[2, 55, 84, 65, 24, 73, 53, 56]",[95],"{""best_k"": 2, ""best_score"": 0.6428684592247009, ""selected_cluster"": 0, ""cluster_scores"": {""0"": 5.608188629150391, ""1"": -1.0}, ""num_trusted"": 8, ""fallback_used"": false}"
362,apra,apra_trust_weighted_clip,"[2, 55, 84, 65, 24, 73, 53, 56]",[],"{""base_clip"": 1.0, ""trust_weights"": {""2"": 0.1428571492433548, ""55"": 0.1428571492433548, ""84"": 0.1428571492433548, ""65"": 0.1428571492433548, ""24"": 0.1428571492433548, ""73"": 0.0, ""53"": 0.1428571492433548, ""56"": 0.1428571492433548}, ""num_aggregated"": 8}"
363,apra,apra_mad_filter,"[0, 8, 30, 47, 52, 48, 64, 35, 83, 71]",[],"{""median_norm"": 0.6443397640730057, ""mad"": 0.14367807829726997, ""k"": 2.0, ""num_accepted"": 10, ""safety_keep_used"": false, ""fallback_used"": false}"
363,apra,apra_hierarchical_cluster,"[8, 47, 52, 64, 35, 83, 71]","[0, 30, 48]","{""best_k"": 3, ""best_score"": 0.4705738127231598, ""selected_cluster"": 0, ""cluster_scores"": {""0"": 2.5695247650146484, ""1"": 1.7040114402770996, ""2"": -1.0}, ""num_trusted"": 7, ""fallback_used"": false}"
363,apra,apra_trust_weighted_clip,"[8, 47, 52, 64, 35, 83, 71]",[],"{""base_clip"": 1.0, ""trust_weights"": {""8"": 0.0, ""47"": 0.1666666716337204, ""52"": 0.1666666716337204, ""64"": 0.1666666716337204, ""35"": 0.1666666716337204, ""83"": 0.1666666716337204, ""71"": 0.1666666716337204}, ""num_aggregated"": 7}"
364,apra,apra_mad_filter,"[72, 40, 26, 63, 84, 11, 91, 99, 75]",[0],"{""median_norm"": 0.5317033345637336, ""mad"": 0.0994259270735178, ""k"": 2.0, ""num_accepted"": 9, ""safety_keep_used"": false, ""fallback_used"": false}"
364,apra,apra_hierarchical_cluster,"[72, 40, 63, 84, 11, 91, 99, 75]",[26],"{""best_k"": 2, ""best_score"": 0.7121978998184204, ""selected_cluster"": 0, ""cluster_scores"": {""0"": 5.908224105834961, ""1"": -1.0}, ""num_trusted"": 8, ""fallback_used"": false}"
364,apra,apra_trust_weighted_clip,"[72, 40, 63, 84, 11, 91, 99, 75]",[],"{""base_clip"": 1.0, ""trust_weights"": {""72"": 0.0, ""40"": 0.1789194792509079, ""63"": 0.1789194792509079, ""84"": 0.1789194792509079, ""11"": 0.10540258884429932, ""91"": 0.1789194792509079, ""99"": 0.1789194792509079, ""75"": 0.0}, ""num_aggregated"": 8}"
365,apra,apra_mad_filter,"[1, 53, 19, 62, 30, 81, 47, 0, 83, 52]",[],"{""median_norm"": 0.7635804130964017, ""mad"": 0.09147577147503899, ""k"": 2.0, ""num_accepted"": 10, ""safety_keep_used"": false, ""fallback_used"": false}"
365,apra,apra_hierarchical_cluster,"[1, 53, 19, 62, 30, 81, 47, 83, 52]",[0],"{""best_k"": 2, ""best_score"": 0.6094423532485962, ""selected_cluster"": 0, ""cluster_scores"": {""0"": 2.7378244400024414, ""1"": -1.0}, ""num_trusted"": 9, ""fallback_used"": false}"
365,apra,apra_trust_weighted_clip,"[1, 53, 19, 62, 30, 81, 47, 83, 52]",[],"{""base_clip"": 1.0, ""trust_weights"": {""1"": 0.14132702350616455, ""53"": 0.14132702350616455, ""19"": 0.07601894438266754, ""62"": 0.14132702350616455, ""30"": 0.07601894438266754, ""81"": 0.14132702350616455, ""47"": 0.0, ""83"": 0.14132702350616455, ""52"": 0.14132702350616455}, ""num_aggregated"": 9}"
366,apra,apra_mad_filter,"[0, 7, 94, 10, 20, 55, 53, 37, 50, 82]",[],"{""median_norm"": 0.5415828387101862, ""mad"": 0.10886967797896, ""k"": 2.0, ""num_accepted"": 10, ""safety_keep_used"": false, ""fallback_used"": false}"
366,apra,apra_hierarchical_cluster,"[7, 94, 10, 20, 55, 53, 37, 50, 82]",[0],"{""best_k"": 2, ""best_score"": 0.5635243654251099, ""selected_cluster"": 0, ""cluster_scores"": {""0"": 2.7750258445739746, ""1"": -1.0}, ""num_trusted"": 9, ""fallback_used"": false}"
366,apra,apra_trust_weighted_clip,"[7, 94, 10, 20, 55, 53, 37, 50, 82]",[],"{""base_clip"": 1.0, ""trust_weights"": {""7"": 0.1666666716337204, ""94"": 0.1666666716337204, ""10"": 0.0, ""20"": 0.0, ""55"": 0.0, ""53"": 0.1666666716337204, ""37"": 0.1666666716337204, ""50"": 0.1666666716337204, ""82"": 0.1666666716337204}, ""num_aggregated"": 9}"
367,apra,apra_mad_filter,"[0, 75, 56, 10, 37, 78, 73, 11, 1]",[5],"{""median_norm"": 0.5253547267839441, ""mad"": 0.12261099295159636, ""k"": 2.0, ""num_accepted"": 9, ""safety_keep_used"": false, ""fallback_used"": false}"
367,apra,apra_hierarchical_cluster,"[0, 75, 56, 37, 78, 11, 1]","[10, 73]","{""best_k"": 2, ""best_score"": 0.6319618225097656, ""selected_cluster"": 0, ""cluster_scores"": {""0"": 4.757363319396973, ""1"": 1.8563907146453857}, ""num_trusted"": 7, ""fallback_used"": false}"
367,apra,apra_trust_weighted_clip,"[0, 75, 56, 37, 78, 11, 1]",[],"{""base_clip"": 1.0, ""trust_weights"": {""0"": 0.0, ""75"": 0.1666666716337204, ""56"": 0.1666666716337204, ""37"": 0.1666666716337204, ""78"": 0.1666666716337204, ""11"": 0.1666666716337204, ""1"": 0.1666666716337204}, ""num_aggregated"": 7}"
368,apra,apra_mad_filter,"[77, 14, 56, 51, 46, 86, 76, 42, 40]",[0],"{""median_norm"": 0.4792131869590215, ""mad"": 0.052006516585481555, ""k"": 2.0, ""num_accepted"": 9, ""safety_keep_used"": false, ""fallback_used"": false}"
368,apra,apra_hierarchical_cluster,"[77, 14, 56, 51, 46, 86, 76, 40]",[42],"{""best_k"": 2, ""best_score"": 0.7089633941650391, ""selected_cluster"": 0, ""cluster_scores"": {""0"": 5.154157638549805, ""1"": -1.0}, ""num_trusted"": 8, ""fallback_used"": false}"
368,apra,apra_trust_weighted_clip,"[77, 14, 56, 51, 46, 86, 76, 40]",[],"{""base_clip"": 1.0, ""trust_weights"": {""77"": 0.14510893821716309, ""14"": 0.14510893821716309, ""56"": 0.12934644520282745, ""51"": 0.0, ""46"": 0.14510893821716309, ""86"": 0.14510893821716309, ""76"": 0.14510893821716309, ""40"": 0.14510893821716309}, ""num_aggregated"": 8}"
369,apra,apra_mad_filter,"[2, 40, 93, 32, 7, 13, 61, 67, 35]",[5],"{""median_norm"": 0.5543630366659883, ""mad"": 0.08315649944043016, ""k"": 2.0, ""num_accepted"": 9, ""safety_keep_used"": false, ""fallback_used"": false}"
369,apra,apra_hierarchical_cluster,"[2, 40, 93, 7, 13, 61, 67, 35]",[32],"{""best_k"": 2, ""best_score"": 0.6822161674499512, ""selected_cluster"": 0, ""cluster_scores"": {""0"": 4.7325215339660645, ""1"": -1.0}, ""num_trusted"": 8, ""fallback_used"": false}"
369,apra,apra_trust_weighted_clip,"[2, 40, 93, 7, 13, 61, 67, 35]",[],"{""base_clip"": 1.0, ""trust_weights"": {""2"": 0.12202344089746475, ""40"": 0.0, ""93"": 0.17559531331062317, ""7"": 0.17559531331062317, ""13"": 0.17559531331062317, ""61"": 0.0, ""67"": 0.17559531331062317, ""35"": 0.17559531331062317}, ""num_aggregated"": 8}"
370,apra,apra_mad_filter,"[3, 84, 63, 94, 39, 98, 21]","[17, 95, 89]","{""median_norm"": 0.5124517703116644, ""mad"": 0.04858532266424767, ""k"": 2.0, ""num_accepted"": 7, ""safety_keep_used"": false, ""fallback_used"": false}"
370,apra,apra_hierarchical_cluster,"[3, 84, 94, 39, 98, 21]",[63],"{""best_k"": 2, ""best_score"": 0.38786444067955017, ""selected_cluster"": 0, ""cluster_scores"": {""0"": 3.2346396446228027, ""1"": -1.0}, ""num_trusted"": 6, ""fallback_used"": false}"
370,apra,apra_trust_weighted_clip,"[3, 84, 94, 39, 98, 21]",[],"{""base_clip"": 1.0, ""trust_weights"": {""3"": 0.21327392756938934, ""84"": 0.21327392756938934, ""94"": 0.14690424501895905, ""39"": 0.0, ""98"": 0.21327392756938934, ""21"": 0.21327392756938934}, ""num_aggregated"": 6}"
371,apra,apra_mad_filter,"[0, 83, 41, 24, 92, 44, 86, 87, 71]",[17],"{""median_norm"": 0.6958279407056117, ""mad"": 0.07123146104375988, ""k"": 2.0, ""num_accepted"": 9, ""safety_keep_used"": false, ""fallback_used"": false}"
371,apra,apra_hierarchical_cluster,"[83, 41, 24, 92, 44, 86, 87, 71]",[0],"{""best_k"": 2, ""best_score"": 0.6646279096603394, ""selected_cluster"": 0, ""cluster_scores"": {""0"": 2.1266908645629883, ""1"": -1.0}, ""num_trusted"": 8, ""fallback_used"": false}"
371,apra,apra_trust_weighted_clip,"[83, 41, 24, 92, 44, 86, 87, 71]",[],"{""base_clip"": 1.0, ""trust_weights"": {""83"": 0.1666666716337204, ""41"": 0.0, ""24"": 0.1666666716337204, ""92"": 0.1666666716337204, ""44"": 0.1666666716337204, ""86"": 0.1666666716337204, ""87"": 0.1666666716337204, ""71"": 0.0}, ""num_aggregated"": 8}"
372,apra,apra_mad_filter,"[4, 65, 59, 26, 8, 64, 21, 14, 53]",[88],"{""median_norm"": 0.6602085805209005, ""mad"": 0.08796861296883401, ""k"": 2.0, ""num_accepted"": 9, ""safety_keep_used"": false, ""fallback_used"": false}"
372,apra,apra_hierarchical_cluster,"[4, 65, 59, 8, 64, 21, 14, 53]",[26],"{""best_k"": 2, ""best_score"": 0.6180956363677979, ""selected_cluster"": 0, ""cluster_scores"": {""0"": 6.684747695922852, ""1"": -1.0}, ""num_trusted"": 8, ""fallback_used"": false}"
372,apra,apra_trust_weighted_clip,"[4, 65, 59, 8, 64, 21, 14, 53]",[],"{""base_clip"": 1.0, ""trust_weights"": {""4"": 0.1428571492433548, ""65"": 0.1428571492433548, ""59"": 0.1428571492433548, ""8"": 0.0, ""64"": 0.1428571492433548, ""21"": 0.1428571492433548, ""14"": 0.1428571492433548, ""53"": 0.1428571492433548}, ""num_aggregated"": 8}"
373,apra,apra_mad_filter,"[3, 48, 52, 73, 14, 6, 96, 58, 8, 81]",[],"{""median_norm"": 0.5908467869140999, ""mad"": 0.06800685617512264, ""k"": 2.0, ""num_accepted"": 10, ""safety_keep_used"": false, ""fallback_used"": false}"
373,apra,apra_hierarchical_cluster,"[3, 52, 73, 14, 6, 96, 58, 8, 81]",[48],"{""best_k"": 2, ""best_score"": 0.6773838996887207, ""selected_cluster"": 0, ""cluster_scores"": {""0"": 3.6713497638702393, ""1"": -1.0}, ""num_trusted"": 9, ""fallback_used"": false}"
373,apra,apra_trust_weighted_clip,"[3, 52, 73, 14, 6, 96, 58, 8, 81]",[],"{""base_clip"": 1.0, ""trust_weights"": {""3"": 0.13710545003414154, ""52"": 0.13710545003414154, ""73"": 0.0, ""14"": 0.13710545003414154, ""6"": 0.13710545003414154, ""96"": 0.13710545003414154, ""58"": 0.04026186838746071, ""8"": 0.13710545003414154, ""81"": 0.13710545003414154}, ""num_aggregated"": 9}"
374,apra,apra_mad_filter,"[4, 87, 86, 97, 9, 16, 64, 12, 28]",[52],"{""median_norm"": 0.5126489536562999, ""mad"": 0.08677644077758265, ""k"": 2.0, ""num_accepted"": 9, ""safety_keep_used"": false, ""fallback_used"": false}"
374,apra,apra_hierarchical_cluster,"[87, 86, 16, 64, 12, 28]","[4, 97, 9]","{""best_k"": 4, ""best_score"": 0.5201119780540466, ""selected_cluster"": 0, ""cluster_scores"": {""0"": 3.353501558303833, ""1"": -1.0, ""2"": -1.0, ""3"": -1.0}, ""num_trusted"": 6, ""fallback_used"": false}"
374,apra,apra_trust_weighted_clip,"[87, 86, 16, 64, 12, 28]",[],"{""base_clip"": 1.0, ""trust_weights"": {""87"": 0.16043983399868011, ""86"": 0.27306967973709106, ""16"": 0.020351136103272438, ""64"": 0.0, ""12"": 0.27306967973709106, ""28"": 0.27306967973709106}, ""num_aggregated"": 6}"
375,apra,apra_mad_filter,"[2, 0, 82, 19, 46, 5, 3, 53, 35, 23]",[],"{""median_norm"": 0.5609915887267629, ""mad"": 0.048381990086533905, ""k"": 2.0, ""num_accepted"": 10, ""safety_keep_used"": false, ""fallback_used"": false}"
375,apra,apra_hierarchical_cluster,"[2, 82, 19, 46, 5, 3, 53, 35, 23]",[0],"{""best_k"": 2, ""best_score"": 0.8002463579177856, ""selected_cluster"": 0, ""cluster_scores"": {""0"": 6.262916088104248, ""1"": -1.0}, ""num_trusted"": 9, ""fallback_used"": false}"
375,apra,apra_trust_weighted_clip,"[2, 82, 19, 46, 5, 3, 53, 35, 23]",[],"{""base_clip"": 1.0, ""trust_weights"": {""2"": 0.1428571492433548, ""82"": 0.1428571492433548, ""19"": 0.0, ""46"": 0.1428571492433548, ""5"": 0.1428571492433548, ""3"": 0.1428571492433548, ""53"": 0.1428571492433548, ""35"": 0.1428571492433548, ""23"": 0.0}, ""num_aggregated"": 9}"
376,apra,apra_mad_filter,"[1, 59, 33, 32, 40, 74, 83, 98, 86]",[54],"{""median_norm"": 0.5600884886307764, ""mad"": 0.06804044306091622, ""k"": 2.0, ""num_accepted"": 9, ""safety_keep_used"": false, ""fallback_used"": false}"
376,apra,apra_hierarchical_cluster,"[1, 59, 33, 40, 74, 83, 98, 86]",[32],"{""best_k"": 2, ""best_score"": 0.6224169135093689, ""selected_cluster"": 0, ""cluster_scores"": {""0"": 6.39923095703125, ""1"": -1.0}, ""num_trusted"": 8, ""fallback_used"": false}"
376,apra,apra_trust_weighted_clip,"[1, 59, 33, 40, 74, 83, 98, 86]",[],"{""base_clip"": 1.0, ""trust_weights"": {""1"": 0.1428571492433548, ""59"": 0.0, ""33"": 0.1428571492433548, ""40"": 0.1428571492433548, ""74"": 0.1428571492433548, ""83"": 0.1428571492433548, ""98"": 0.1428571492433548, ""86"": 0.1428571492433548}, ""num_aggregated"": 8}"
377,apra,apra_mad_filter,"[3, 44, 18, 56, 87, 46, 8, 41, 25]",[88],"{""median_norm"": 0.47575291245690654, ""mad"": 0.08921908597895359, ""k"": 2.0, ""num_accepted"": 9, ""safety_keep_used"": false, ""fallback_used"": false}"
377,apra,apra_hierarchical_cluster,"[3, 44, 18, 56, 87, 46, 8, 25]",[41],"{""best_k"": 2, ""best_score"": 0.4727494418621063, ""selected_cluster"": 0, ""cluster_scores"": {""0"": 6.6761474609375, ""1"": -1.0}, ""num_trusted"": 8, ""fallback_used"": false}"
377,apra,apra_trust_weighted_clip,"[3, 44, 18, 56, 87, 46, 8, 25]",[],"{""base_clip"": 1.0, ""trust_weights"": {""3"": 0.155469611287117, ""44"": 0.0, ""18"": 0.155469611287117, ""56"": 0.06718233972787857, ""87"": 0.155469611287117, ""46"": 0.155469611287117, ""8"": 0.155469611287117, ""25"": 0.155469611287117}, ""num_aggregated"": 8}"
378,apra,apra_mad_filter,"[2, 63, 87, 34, 53, 1, 21, 66]","[64, 11]","{""median_norm"": 0.5320655066753937, ""mad"": 0.03798554579216909, ""k"": 2.0, ""num_accepted"": 8, ""safety_keep_used"": false, ""fallback_used"": false}"
378,apra,apra_hierarchical_cluster,"[63, 87, 34, 1, 21]","[2, 53, 66]","{""best_k"": 3, ""best_score"": 0.5384851694107056, ""selected_cluster"": 1, ""cluster_scores"": {""0"": 1.7876107692718506, ""1"": 3.775226593017578, ""2"": -1.0}, ""num_trusted"": 5, ""fallback_used"": false}"
378,apra,apra_trust_weighted_clip,"[63, 87, 34, 1, 21]",[],"{""base_clip"": 1.0, ""trust_weights"": {""63"": 0.25, ""87"": 0.25, ""34"": 0.0, ""1"": 0.25, ""21"": 0.25}, ""num_aggregated"": 5}"
379,apra,apra_mad_filter,"[2, 90, 74, 46, 25, 92, 93, 64]","[71, 69]","{""median_norm"": 0.5008526061859881, ""mad"": 0.027140090359442093, ""k"": 2.0, ""num_accepted"": 8, ""safety_keep_used"": false, ""fallback_used"": false}"
379,apra,apra_hierarchical_cluster,"[2, 90, 74, 25, 92, 93]","[46, 64]","{""best_k"": 2, ""best_score"": 0.4656693637371063, ""selected_cluster"": 0, ""cluster_scores"": {""0"": 3.6410770416259766, ""1"": 1.863534688949585}, ""num_trusted"": 6, ""fallback_used"": false}"
379,apra,apra_trust_weighted_clip,"[2, 90, 74, 25, 92, 93]",[],"{""base_clip"": 1.0, ""trust_weights"": {""2"": 0.0, ""90"": 0.20000000298023224, ""74"": 0.20000000298023224, ""25"": 0.20000000298023224, ""92"": 0.20000000298023224, ""93"": 0.20000000298023224}, ""num_aggregated"": 6}"
380,apra,apra_mad_filter,"[2, 46, 77, 82, 72, 64, 41, 73, 95, 24]",[],"{""median_norm"": 0.5396118565216087, ""mad"": 0.09727642691367336, ""k"": 2.0, ""num_accepted"": 10, ""safety_keep_used"": false, ""fallback_used"": false}"
380,apra,apra_hierarchical_cluster,"[2, 46, 77, 82, 72, 64, 41, 95, 24]",[73],"{""best_k"": 2, ""best_score"": 0.6300250291824341, ""selected_cluster"": 0, ""cluster_scores"": {""0"": 2.4816598892211914, ""1"": -1.0}, ""num_trusted"": 9, ""fallback_used"": false}"
380,apra,apra_trust_weighted_clip,"[2, 46, 77, 82, 72, 64, 41, 95, 24]",[],"{""base_clip"": 1.0, ""trust_weights"": {""2"": 0.0, ""46"": 0.1765332669019699, ""77"": 0.1765332669019699, ""82"": 0.0, ""72"": 0.1765332669019699, ""64"": 0.1765332669019699, ""41"": 0.146933451294899, ""95"": 0.146933451294899, ""24"": 0.0}, ""num_aggregated"": 9}"
381,apra,apra_mad_filter,"[0, 34, 93, 9, 87, 45, 42, 21, 68, 95]",[],"{""median_norm"": 0.5454636370717805, ""mad"": 0.09880414346726918, ""k"": 2.0, ""num_accepted"": 10, ""safety_keep_used"": false, ""fallback_used"": false}"
381,apra,apra_hierarchical_cluster,"[34, 93, 9, 87, 45, 42, 21, 68, 95]",[0],"{""best_k"": 2, ""best_score"": 0.5562816858291626, ""selected_cluster"": 0, ""cluster_scores"": {""0"": 1.9389959573745728, ""1"": -1.0}, ""num_trusted"": 9, ""fallback_used"": false}"
381,apra,apra_trust_weighted_clip,"[34, 93, 9, 87, 45, 42, 21, 68, 95]",[],"{""base_clip"": 1.0, ""trust_weights"": {""34"": 0.15689733624458313, ""93"": 0.0, ""9"": 0.15689733624458313, ""87"": 0.15689733624458313, ""45"": 0.15689733624458313, ""42"": 0.0, ""21"": 0.15689733624458313, ""68"": 0.05861596018075943, ""95"": 0.15689733624458313}, ""num_aggregated"": 9}"
382,apra,apra_mad_filter,"[1, 98, 30, 13, 36, 94, 3, 85]","[7, 52]","{""median_norm"": 0.515999091551816, ""mad"": 0.04407929996919957, ""k"": 2.0, ""num_accepted"": 8, ""safety_keep_used"": false, ""fallback_used"": false}"
382,apra,apra_hierarchical_cluster,"[1, 98, 30, 36, 94, 3]","[13, 85]","{""best_k"": 2, ""best_score"": 0.5954316854476929, ""selected_cluster"": 1, ""cluster_scores"": {""0"": 1.6182923316955566, ""1"": 2.9235289096832275}, ""num_trusted"": 6, ""fallback_used"": false}"
382,apra,apra_trust_weighted_clip,"[1, 98, 30, 36, 94, 3]",[],"{""base_clip"": 1.0, ""trust_weights"": {""1"": 0.2606380879878998, ""98"": 0.21808575093746185, ""30"": 0.0, ""36"": 0.0, ""94"": 0.2606380879878998, ""3"": 0.2606380879878998}, ""num_aggregated"": 6}"
383,apra,apra_mad_filter,"[1, 81, 18, 78, 64, 59, 91, 36, 38, 83]",[],"{""median_norm"": 0.4172104262662282, ""mad"": 0.040427285037216654, ""k"": 2.0, ""num_accepted"": 10, ""safety_keep_used"": false, ""fallback_used"": false}"
383,apra,apra_hierarchical_cluster,"[1, 81, 18, 78, 64, 59, 91, 38, 83]",[36],"{""best_k"": 2, ""best_score"": 0.4986502528190613, ""selected_cluster"": 0, ""cluster_scores"": {""0"": 1.2612884044647217, ""1"": -1.0}, ""num_trusted"": 9, ""fallback_used"": false}"
383,apra,apra_trust_weighted_clip,"[1, 81, 18, 78, 64, 59, 91, 38, 83]",[],"{""base_clip"": 1.0, ""trust_weights"": {""1"": 0.13378246128559113, ""81"": 0.10780324786901474, ""18"": 0.13378246128559113, ""78"": 0.13378246128559113, ""64"": 0.13378246128559113, ""59"": 0.13378246128559113, ""91"": 0.0, ""38"": 0.08950194716453552, ""83"": 0.13378246128559113}, ""num_aggregated"": 9}"
384,apra,apra_mad_filter,"[30, 92, 76, 90, 45, 87]","[2, 19, 40, 59]","{""median_norm"": 0.7469541681086693, ""mad"": 0.057021618801879836, ""k"": 2.0, ""num_accepted"": 6, ""safety_keep_used"": false, ""fallback_used"": false}"
384,apra,apra_hierarchical_cluster,"[92, 76, 90, 87]","[30, 45]","{""best_k"": 2, ""best_score"": 0.68686842918396, ""selected_cluster"": 1, ""cluster_scores"": {""0"": 1.6007612943649292, ""1"": 3.963164806365967}, ""num_trusted"": 4, ""fallback_used"": false}"
384,apra,apra_trust_weighted_clip,"[92, 76, 90, 87]",[],"{""base_clip"": 1.0, ""trust_weights"": {""92"": 0.5, ""76"": 0.5, ""90"": 0.0, ""87"": 0.0}, ""num_aggregated"": 4}"
385,apra,apra_mad_filter,"[4, 55, 64, 89, 83, 94, 37, 91, 7, 38]",[],"{""median_norm"": 0.5821265601877742, ""mad"": 0.046618255914371076, ""k"": 2.0, ""num_accepted"": 10, ""safety_keep_used"": false, ""fallback_used"": false}"
385,apra,apra_hierarchical_cluster,"[55, 64, 89, 83, 94, 37, 91, 7, 38]",[4],"{""best_k"": 2, ""best_score"": 0.8058967590332031, ""selected_cluster"": 0, ""cluster_scores"": {""0"": 6.648990154266357, ""1"": -1.0}, ""num_trusted"": 9, ""fallback_used"": false}"
385,apra,apra_trust_weighted_clip,"[55, 64, 89, 83, 94, 37, 91, 7, 38]",[],"{""base_clip"": 1.0, ""trust_weights"": {""55"": 0.0, ""64"": 0.1428571492433548, ""89"": 0.1428571492433548, ""83"": 0.1428571492433548, ""94"": 0.1428571492433548, ""37"": 0.1428571492433548, ""91"": 0.1428571492433548, ""7"": 0.0, ""38"": 0.1428571492433548}, ""num_aggregated"": 9}"
386,apra,apra_mad_filter,"[3, 59, 34, 82, 98, 51, 93, 36, 80]",[17],"{""median_norm"": 0.47471366825487926, ""mad"": 0.04847931095533792, ""k"": 2.0, ""num_accepted"": 9, ""safety_keep_used"": false, ""fallback_used"": false}"
386,apra,apra_hierarchical_cluster,"[3, 59, 34, 82, 98, 51, 93, 80]",[36],"{""best_k"": 2, ""best_score"": 0.5375599265098572, ""selected_cluster"": 0, ""cluster_scores"": {""0"": 2.6680493354797363, ""1"": -1.0}, ""num_trusted"": 8, ""fallback_used"": false}"
386,apra,apra_trust_weighted_clip,"[3, 59, 34, 82, 98, 51, 93, 80]",[],"{""base_clip"": 1.0, ""trust_weights"": {""3"": 0.255087673664093, ""59"": 0.0, ""34"": 0.255087673664093, ""82"": 0.0, ""98"": 0.0, ""51"": 0.25498342514038086, ""93"": 0.0, ""80"": 0.2348412573337555}, ""num_aggregated"": 8}"
387,apra,apra_mad_filter,"[3, 20, 95, 66, 28, 85, 38, 14, 1]",[73],"{""median_norm"": 0.4975848466725999, ""mad"": 0.06963735311951522, ""k"": 2.0, ""num_accepted"": 9, ""safety_keep_used"": false, ""fallback_used"": false}"
387,apra,apra_hierarchical_cluster,"[3, 20, 66, 28, 85, 38, 14, 1]",[95],"{""best_k"": 2, ""best_score"": 0.6003367900848389, ""selected_cluster"": 0, ""cluster_scores"": {""0"": 2.6386168003082275, ""1"": -1.0}, ""num_trusted"": 8, ""fallback_used"": false}"
387,apra,apra_trust_weighted_clip,"[3, 20, 66, 28, 85, 38, 14, 1]",[],"{""base_clip"": 1.0, ""trust_weights"": {""3"": 0.1666666716337204, ""20"": 0.1666666716337204, ""66"": 0.0, ""28"": 0.1666666716337204, ""85"": 0.0, ""38"": 0.1666666716337204, ""14"": 0.1666666716337204, ""1"": 0.1666666716337204}, ""num_aggregated"": 8}"
388,apra,apra_mad_filter,"[58, 81, 10, 2, 5, 77, 74, 57]","[3, 85]","{""median_norm"": 0.5606247484756987, ""mad"": 0.04200716597459725, ""k"": 2.0, ""num_accepted"": 8, ""safety_keep_used"": false, ""fallback_used"": false}"
388,apra,apra_hierarchical_cluster,"[58, 81, 2, 5, 77, 74, 57]",[10],"{""best_k"": 2, ""best_score"": 0.7846536636352539, ""selected_cluster"": 0, ""cluster_scores"": {""0"": 5.254858493804932, ""1"": -1.0}, ""num_trusted"": 7, ""fallback_used"": false}"
388,apra,apra_trust_weighted_clip,"[58, 81, 2, 5, 77, 74, 57]",[],"{""base_clip"": 1.0, ""trust_weights"": {""58"": 0.0, ""81"": 0.1666666716337204, ""2"": 0.1666666716337204, ""5"": 0.1666666716337204, ""77"": 0.1666666716337204, ""74"": 0.1666666716337204, ""57"": 0.1666666716337204}, ""num_aggregated"": 7}"
389,apra,apra_mad_filter,"[4, 38, 23, 79, 66, 22, 75, 32, 9]",[73],"{""median_norm"": 0.541899350549887, ""mad"": 0.05521275287861949, ""k"": 2.0, ""num_accepted"": 9, ""safety_keep_used"": false, ""fallback_used"": false}"
389,apra,apra_hierarchical_cluster,"[38, 23, 79, 66, 22, 75, 9]","[4, 32]","{""best_k"": 3, ""best_score"": 0.660355806350708, ""selected_cluster"": 0, ""cluster_scores"": {""0"": 5.134463310241699, ""1"": -1.0, ""2"": -1.0}, ""num_trusted"": 7, ""fallback_used"": false}"
389,apra,apra_trust_weighted_clip,"[38, 23, 79, 66, 22, 75, 9]",[],"{""base_clip"": 1.0, ""trust_weights"": {""38"": 0.25, ""23"": 0.0, ""79"": 0.25, ""66"": 0.0, ""22"": 0.25, ""75"": 0.0, ""9"": 0.25}, ""num_aggregated"": 7}"
390,apra,apra_mad_filter,"[3, 82, 34, 16, 65, 55, 46, 45, 78]",[17],"{""median_norm"": 0.5635530682683989, ""mad"": 0.08640491513979268, ""k"": 2.0, ""num_accepted"": 9, ""safety_keep_used"": false, ""fallback_used"": false}"
390,apra,apra_hierarchical_cluster,"[3, 82, 34, 16, 65, 55, 46, 78]",[45],"{""best_k"": 2, ""best_score"": 0.45061492919921875, ""selected_cluster"": 0, ""cluster_scores"": {""0"": 2.0792970657348633, ""1"": -1.0}, ""num_trusted"": 8, ""fallback_used"": false}"
390,apra,apra_trust_weighted_clip,"[3, 82, 34, 16, 65, 55, 46, 78]",[],"{""base_clip"": 1.0, ""trust_weights"": {""3"": 0.24372710287570953, ""82"": 0.012545806355774403, ""34"": 0.0, ""16"": 0.24372710287570953, ""65"": 0.24372710287570953, ""55"": 0.012545806355774403, ""46"": 0.24372710287570953, ""78"": 0.0}, ""num_aggregated"": 8}"
391,apra,apra_mad_filter,"[3, 7, 99, 24, 37, 67, 76, 10, 0, 44]",[],"{""median_norm"": 0.5733447519239151, ""mad"": 0.06779448821302991, ""k"": 2.0, ""num_accepted"": 10, ""safety_keep_used"": false, ""fallback_used"": false}"
391,apra,apra_hierarchical_cluster,"[3, 7, 99, 24, 37, 67, 76, 10, 44]",[0],"{""best_k"": 2, ""best_score"": 0.6560754776000977, ""selected_cluster"": 0, ""cluster_scores"": {""0"": 3.169443368911743, ""1"": -1.0}, ""num_trusted"": 9, ""fallback_used"": false}"
391,apra,apra_trust_weighted_clip,"[3, 7, 99, 24, 37, 67, 76, 10, 44]",[],"{""base_clip"": 1.0, ""trust_weights"": {""3"": 0.1666666716337204, ""7"": 0.1666666716337204, ""99"": 0.0, ""24"": 0.1666666716337204, ""37"": 0.1666666716337204, ""67"": 0.1666666716337204, ""76"": 0.1666666716337204, ""10"": 0.0, ""44"": 0.0}, ""num_aggregated"": 9}"
392,apra,apra_mad_filter,"[2, 61, 74, 12, 99, 68, 96, 34]","[73, 47]","{""median_norm"": 0.4988093688424806, ""mad"": 0.041463642955027774, ""k"": 2.0, ""num_accepted"": 8, ""safety_keep_used"": false, ""fallback_used"": false}"
392,apra,apra_hierarchical_cluster,"[2, 61, 74, 12, 99, 96, 34]",[68],"{""best_k"": 2, ""best_score"": 0.5915029048919678, ""selected_cluster"": 0, ""cluster_scores"": {""0"": 4.276413440704346, ""1"": -1.0}, ""num_trusted"": 7, ""fallback_used"": false}"
392,apra,apra_trust_weighted_clip,"[2, 61, 74, 12, 99, 96, 34]",[],"{""base_clip"": 1.0, ""trust_weights"": {""2"": 0.20757275819778442, ""61"": 0.029239952564239502, ""74"": 0.20757275819778442, ""12"": 0.20757275819778442, ""99"": 0.14046905934810638, ""96"": 0.20757275819778442, ""34"": 0.0}, ""num_aggregated"": 7}"
393,apra,apra_mad_filter,"[1, 34, 87, 45, 15, 84, 99]","[49, 19, 29]","{""median_norm"": 0.5798497153832047, ""mad"": 0.03867945301580156, ""k"": 2.0, ""num_accepted"": 7, ""safety_keep_used"": false, ""fallback_used"": false}"
393,apra,apra_hierarchical_cluster,"[45, 15]","[1, 34, 87, 84, 99]","{""best_k"": 2, ""best_score"": 0.3085317015647888, ""selected_cluster"": 0, ""cluster_scores"": {""0"": 1.3306982517242432, ""1"": 0.702023983001709}, ""num_trusted"": 2, ""fallback_used"": false}"
393,apra,apra_trust_weighted_clip,"[45, 15]",[],"{""base_clip"": 1.0, ""trust_weights"": {""45"": 0.5, ""15"": 0.5}, ""num_aggregated"": 2}"
394,apra,apra_mad_filter,"[2, 27, 34, 36, 8, 92, 60, 89, 66]",[4],"{""median_norm"": 0.5600241572083652, ""mad"": 0.05480778947635834, ""k"": 2.0, ""num_accepted"": 9, ""safety_keep_used"": false, ""fallback_used"": false}"
394,apra,apra_hierarchical_cluster,"[2, 34, 92, 60, 89]","[27, 36, 8, 66]","{""best_k"": 3, ""best_score"": 0.5614567399024963, ""selected_cluster"": 2, ""cluster_scores"": {""0"": 1.8063961267471313, ""1"": 1.9686832427978516, ""2"": 2.599000930786133}, ""num_trusted"": 5, ""fallback_used"": false}"
394,apra,apra_trust_weighted_clip,"[2, 34, 92, 60, 89]",[],"{""base_clip"": 1.0, ""trust_weights"": {""2"": 0.25, ""34"": 0.0, ""92"": 0.25, ""60"": 0.25, ""89"": 0.25}, ""num_aggregated"": 5}"
395,apra,apra_mad_filter,"[0, 54, 84, 28, 10, 94, 31, 76, 43, 79]",[],"{""median_norm"": 0.603515028152859, ""mad"": 0.06281617186823951, ""k"": 2.0, ""num_accepted"": 10, ""safety_keep_used"": false, ""fallback_used"": false}"
395,apra,apra_hierarchical_cluster,"[84, 28, 10, 94, 76, 43, 79]","[0, 54, 31]","{""best_k"": 4, ""best_score"": 0.6348807215690613, ""selected_cluster"": 0, ""cluster_scores"": {""0"": 6.739226341247559, ""1"": -1.0, ""2"": -1.0, ""3"": -1.0}, ""num_trusted"": 7, ""fallback_used"": false}"
395,apra,apra_trust_weighted_clip,"[84, 28, 10, 94, 76, 43, 79]",[],"{""base_clip"": 1.0, ""trust_weights"": {""84"": 0.1666666716337204, ""28"": 0.1666666716337204, ""10"": 0.0, ""94"": 0.1666666716337204, ""76"": 0.1666666716337204, ""43"": 0.1666666716337204, ""79"": 0.1666666716337204}, ""num_aggregated"": 7}"
396,apra,apra_mad_filter,"[2, 42, 58, 70, 96, 84, 35, 80, 3]",[31],"{""median_norm"": 0.4991225665097436, ""mad"": 0.03755943549247087, ""k"": 2.0, ""num_accepted"": 9, ""safety_keep_used"": false, ""fallback_used"": false}"
396,apra,apra_hierarchical_cluster,"[2, 58, 70, 96, 84, 35, 80, 3]",[42],"{""best_k"": 2, ""best_score"": 0.6316850185394287, ""selected_cluster"": 0, ""cluster_scores"": {""0"": 3.300781488418579, ""1"": -1.0}, ""num_trusted"": 8, ""fallback_used"": false}"
396,apra,apra_trust_weighted_clip,"[2, 58, 70, 96, 84, 35, 80, 3]",[],"{""base_clip"": 1.0, ""trust_weights"": {""2"": 0.1428571492433548, ""58"": 0.0, ""70"": 0.1428571492433548, ""96"": 0.1428571492433548, ""84"": 0.1428571492433548, ""35"": 0.1428571492433548, ""80"": 0.1428571492433548, ""3"": 0.1428571492433548}, ""num_aggregated"": 8}"
397,apra,apra_mad_filter,"[3, 27, 89, 94, 16, 20, 21, 82]","[67, 10]","{""median_norm"": 0.5018831627329353, ""mad"": 0.030271816587789546, ""k"": 2.0, ""num_accepted"": 8, ""safety_keep_used"": false, ""fallback_used"": false}"
397,apra,apra_hierarchical_cluster,"[3, 27, 89, 94, 16, 20, 21]",[82],"{""best_k"": 2, ""best_score"": 0.4153520464897156, ""selected_cluster"": 0, ""cluster_scores"": {""0"": 3.159230947494507, ""1"": -1.0}, ""num_trusted"": 7, ""fallback_used"": false}"
397,apra,apra_trust_weighted_clip,"[3, 27, 89, 94, 16, 20, 21]",[],"{""base_clip"": 1.0, ""trust_weights"": {""3"": 0.1666666716337204, ""27"": 0.0, ""89"": 0.1666666716337204, ""94"": 0.1666666716337204, ""16"": 0.1666666716337204, ""20"": 0.1666666716337204, ""21"": 0.1666666716337204}, ""num_aggregated"": 7}"
398,apra,apra_mad_filter,"[10, 24, 51, 40, 82, 20, 13, 85, 66]",[0],"{""median_norm"": 0.5497309438470688, ""mad"": 0.0702526446020385, ""k"": 2.0, ""num_accepted"": 9, ""safety_keep_used"": false, ""fallback_used"": false}"
398,apra,apra_hierarchical_cluster,"[10, 24, 40, 82, 20, 13, 85, 66]",[51],"{""best_k"": 2, ""best_score"": 0.5138900876045227, ""selected_cluster"": 0, ""cluster_scores"": {""0"": 4.047139644622803, ""1"": -1.0}, ""num_trusted"": 8, ""fallback_used"": false}"
398,apra,apra_trust_weighted_clip,"[10, 24, 40, 82, 20, 13, 85, 66]",[],"{""base_clip"": 1.0, ""trust_weights"": {""10"": 0.1445406973361969, ""24"": 0.13275587558746338, ""40"": 0.1445406973361969, ""82"": 0.1445406973361969, ""20"": 0.0, ""13"": 0.1445406973361969, ""85"": 0.1445406973361969, ""66"": 0.1445406973361969}, ""num_aggregated"": 8}"
399,apra,apra_mad_filter,"[0, 41, 33, 34, 99, 64, 71, 65, 75, 28]",[],"{""median_norm"": 0.6487167948515524, ""mad"": 0.08417203945563706, ""k"": 2.0, ""num_accepted"": 10, ""safety_keep_used"": false, ""fallback_used"": false}"
399,apra,apra_hierarchical_cluster,"[41, 33, 34, 99, 64, 71, 65, 75, 28]",[0],"{""best_k"": 2, ""best_score"": 0.48996034264564514, ""selected_cluster"": 0, ""cluster_scores"": {""0"": 2.0335183143615723, ""1"": -1.0}, ""num_trusted"": 9, ""fallback_used"": false}"
399,apra,apra_trust_weighted_clip,"[41, 33, 34, 99, 64, 71, 65, 75, 28]",[],"{""base_clip"": 1.0, ""trust_weights"": {""41"": 0.15840956568717957, ""33"": 0.0, ""34"": 0.15840956568717957, ""99"": 0.0, ""64"": 0.15840956568717957, ""71"": 0.15840956568717957, ""65"": 0.15840956568717957, ""75"": 0.15840956568717957, ""28"": 0.04954255372285843}, ""num_aggregated"": 9}"
400,apra,apra_mad_filter,"[3, 82, 59, 7, 63, 8, 4, 57, 80]",[48],"{""median_norm"": 0.5269091910367174, ""mad"": 0.06287434257313462, ""k"": 2.0, ""num_accepted"": 9, ""safety_keep_used"": false, ""fallback_used"": false}"
400,apra,apra_hierarchical_cluster,"[3, 82, 59, 7, 63, 4, 57, 80]",[8],"{""best_k"": 2, ""best_score"": 0.6516412496566772, ""selected_cluster"": 0, ""cluster_scores"": {""0"": 5.92746639251709, ""1"": -1.0}, ""num_trusted"": 8, ""fallback_used"": false}"
400,apra,apra_trust_weighted_clip,"[3, 82, 59, 7, 63, 4, 57, 80]",[],"{""base_clip"": 1.0, ""trust_weights"": {""3"": 0.0, ""82"": 0.057517558336257935, ""59"": 0.057517558336257935, ""7"": 0.1769929826259613, ""63"": 0.1769929826259613, ""4"": 0.1769929826259613, ""57"": 0.1769929826259613, ""80"": 0.1769929826259613}, ""num_aggregated"": 8}"
401,apra,apra_mad_filter,"[2, 83, 93, 3, 82, 52, 17, 50, 86, 28]",[],"{""median_norm"": 0.6357733655203579, ""mad"": 0.16981646540133108, ""k"": 2.0, ""num_accepted"": 10, ""safety_keep_used"": false, ""fallback_used"": false}"
401,apra,apra_hierarchical_cluster,"[2, 83, 93, 3, 52, 17, 50, 86, 28]",[82],"{""best_k"": 2, ""best_score"": 0.5041998624801636, ""selected_cluster"": 0, ""cluster_scores"": {""0"": 1.265789270401001, ""1"": -1.0}, ""num_trusted"": 9, ""fallback_used"": false}"
401,apra,apra_trust_weighted_clip,"[2, 83, 93, 3, 52, 17, 50, 86, 28]",[],"{""base_clip"": 1.0, ""trust_weights"": {""2"": 0.1816234588623047, ""83"": 0.0, ""93"": 0.0, ""3"": 0.1816234588623047, ""52"": 0.13675305247306824, ""17"": 0.0, ""50"": 0.1816234588623047, ""86"": 0.13675305247306824, ""28"": 0.1816234588623047}, ""num_aggregated"": 9}"
402,apra,apra_mad_filter,"[1, 57, 52, 23, 33, 92, 85, 98, 17]",[26],"{""median_norm"": 0.5200420305381523, ""mad"": 0.048354371622187864, ""k"": 2.0, ""num_accepted"": 9, ""safety_keep_used"": false, ""fallback_used"": false}"
402,apra,apra_hierarchical_cluster,"[1, 57, 52, 23, 33, 92, 85, 98]",[17],"{""best_k"": 2, ""best_score"": 0.724735677242279, ""selected_cluster"": 0, ""cluster_scores"": {""0"": 4.937651634216309, ""1"": -1.0}, ""num_trusted"": 8, ""fallback_used"": false}"
402,apra,apra_trust_weighted_clip,"[1, 57, 52, 23, 33, 92, 85, 98]",[],"{""base_clip"": 1.0, ""trust_weights"": {""1"": 0.1428571492433548, ""57"": 0.1428571492433548, ""52"": 0.1428571492433548, ""23"": 0.1428571492433548, ""33"": 0.1428571492433548, ""92"": 0.1428571492433548, ""85"": 0.0, ""98"": 0.1428571492433548}, ""num_aggregated"": 8}"
403,apra,apra_mad_filter,"[3, 43, 58, 99, 64, 78, 68, 7]","[20, 0]","{""median_norm"": 0.4694315267507867, ""mad"": 0.0491462343425306, ""k"": 2.0, ""num_accepted"": 8, ""safety_keep_used"": false, ""fallback_used"": false}"
403,apra,apra_hierarchical_cluster,"[3, 43, 58, 64, 78, 68, 7]",[99],"{""best_k"": 2, ""best_score"": 0.4869269132614136, ""selected_cluster"": 0, ""cluster_scores"": {""0"": 6.052617073059082, ""1"": -1.0}, ""num_trusted"": 7, ""fallback_used"": false}"
403,apra,apra_trust_weighted_clip,"[3, 43, 58, 64, 78, 68, 7]",[],"{""base_clip"": 1.0, ""trust_weights"": {""3"": 0.1666666716337204, ""43"": 0.1666666716337204, ""58"": 0.1666666716337204, ""64"": 0.1666666716337204, ""78"": 0.1666666716337204, ""68"": 0.1666666716337204, ""7"": 0.0}, ""num_aggregated"": 7}"
404,apra,apra_mad_filter,"[2, 95, 63, 6, 66, 80, 96, 83]","[62, 31]","{""median_norm"": 0.568476777221391, ""mad"": 0.05730726937710398, ""k"": 2.0, ""num_accepted"": 8, ""safety_keep_used"": false, ""fallback_used"": false}"
404,apra,apra_hierarchical_cluster,"[2, 63, 6, 66, 80, 96, 83]",[95],"{""best_k"": 2, ""best_score"": 0.6139253377914429, ""selected_cluster"": 0, ""cluster_scores"": {""0"": 2.364959716796875, ""1"": -1.0}, ""num_trusted"": 7, ""fallback_used"": false}"
404,apra,apra_trust_weighted_clip,"[2, 63, 6, 66, 80, 96, 83]",[],"{""base_clip"": 1.0, ""trust_weights"": {""2"": 0.1666666716337204, ""63"": 0.1666666716337204, ""6"": 0.1666666716337204, ""66"": 0.0, ""80"": 0.1666666716337204, ""96"": 0.1666666716337204, ""83"": 0.1666666716337204}, ""num_aggregated"": 7}"
405,apra,apra_mad_filter,"[3, 78, 67, 64, 85, 43, 21, 90, 84, 25]",[],"{""median_norm"": 0.5192047420642714, ""mad"": 0.05901347724893344, ""k"": 2.0, ""num_accepted"": 10, ""safety_keep_used"": false, ""fallback_used"": false}"
405,apra,apra_hierarchical_cluster,"[3, 78, 67, 64, 43, 21, 90, 84, 25]",[85],"{""best_k"": 2, ""best_score"": 0.633790910243988, ""selected_cluster"": 0, ""cluster_scores"": {""0"": 2.7927846908569336, ""1"": -1.0}, ""num_trusted"": 9, ""fallback_used"": false}"
405,apra,apra_trust_weighted_clip,"[3, 78, 67, 64, 43, 21, 90, 84, 25]",[],"{""base_clip"": 1.0, ""trust_weights"": {""3"": 0.199947789311409, ""78"": 0.199947789311409, ""67"": 0.0, ""64"": 0.0, ""43"": 0.199947789311409, ""21"": 0.199947789311409, ""90"": 0.199947789311409, ""84"": 0.00013050009147264063, ""25"": 0.00013050009147264063}, ""num_aggregated"": 9}"
406,apra,apra_mad_filter,"[4, 76, 80, 56, 25, 50, 73, 14, 67, 39]",[],"{""median_norm"": 0.5551345664900629, ""mad"": 0.050769563493225006, ""k"": 2.0, ""num_accepted"": 10, ""safety_keep_used"": false, ""fallback_used"": false}"
406,apra,apra_hierarchical_cluster,"[4, 76, 80, 56, 25, 50, 14, 67, 39]",[73],"{""best_k"": 2, ""best_score"": 0.6507846117019653, ""selected_cluster"": 0, ""cluster_scores"": {""0"": 3.273081064224243, ""1"": -1.0}, ""num_trusted"": 9, ""fallback_used"": false}"
406,apra,apra_trust_weighted_clip,"[4, 76, 80, 56, 25, 50, 14, 67, 39]",[],"{""base_clip"": 1.0, ""trust_weights"": {""4"": 0.12656985223293304, ""76"": 0.12656985223293304, ""80"": 0.12656985223293304, ""56"": 0.12656985223293304, ""25"": 0.11401104182004929, ""50"": 0.12656985223293304, ""14"": 0.12656985223293304, ""67"": 0.0, ""39"": 0.12656985223293304}, ""num_aggregated"": 9}"
407,apra,apra_mad_filter,"[2, 36, 35, 14, 87, 76, 70, 29, 65, 47]",[],"{""median_norm"": 0.5208531031353303, ""mad"": 0.09563503627097622, ""k"": 2.0, ""num_accepted"": 10, ""safety_keep_used"": false, ""fallback_used"": false}"
407,apra,apra_hierarchical_cluster,"[2, 36, 35, 14, 87, 76, 70, 29, 65]",[47],"{""best_k"": 2, ""best_score"": 0.6714596152305603, ""selected_cluster"": 0, ""cluster_scores"": {""0"": 2.208552837371826, ""1"": -1.0}, ""num_trusted"": 9, ""fallback_used"": false}"
407,apra,apra_trust_weighted_clip,"[2, 36, 35, 14, 87, 76, 70, 29, 65]",[],"{""base_clip"": 1.0, ""trust_weights"": {""2"": 0.125, ""36"": 0.0, ""35"": 0.125, ""14"": 0.125, ""87"": 0.125, ""76"": 0.125, ""70"": 0.125, ""29"": 0.125, ""65"": 0.125}, ""num_aggregated"": 9}"
408,apra,apra_mad_filter,"[3, 92, 20, 68, 22, 96, 78]","[73, 52, 19]","{""median_norm"": 0.4740444242289772, ""mad"": 0.05239562628568831, ""k"": 2.0, ""num_accepted"": 7, ""safety_keep_used"": false, ""fallback_used"": false}"
408,apra,apra_hierarchical_cluster,"[3, 92, 68, 22, 96, 78]",[20],"{""best_k"": 2, ""best_score"": 0.5166738629341125, ""selected_cluster"": 0, ""cluster_scores"": {""0"": 3.5344252586364746, ""1"": -1.0}, ""num_trusted"": 6, ""fallback_used"": false}"
408,apra,apra_trust_weighted_clip,"[3, 92, 68, 22, 96, 78]",[],"{""base_clip"": 1.0, ""trust_weights"": {""3"": 0.0, ""92"": 0.20000000298023224, ""68"": 0.20000000298023224, ""22"": 0.20000000298023224, ""96"": 0.20000000298023224, ""78"": 0.20000000298023224}, ""num_aggregated"": 6}"
409,apra,apra_mad_filter,"[0, 13, 54, 46, 14, 41, 78, 93, 74, 22]",[],"{""median_norm"": 0.5348670614707758, ""mad"": 0.1252126369500679, ""k"": 2.0, ""num_accepted"": 10, ""safety_keep_used"": false, ""fallback_used"": false}"
409,apra,apra_hierarchical_cluster,"[13, 46, 14, 78, 93, 74, 22]","[0, 54, 41]","{""best_k"": 3, ""best_score"": 0.5805379748344421, ""selected_cluster"": 0, ""cluster_scores"": {""0"": 4.8100972175598145, ""1"": 1.993919849395752, ""2"": -1.0}, ""num_trusted"": 7, ""fallback_used"": false}"
409,apra,apra_trust_weighted_clip,"[13, 46, 14, 78, 93, 74, 22]",[],"{""base_clip"": 1.0, ""trust_weights"": {""13"": 0.1666666716337204, ""46"": 0.1666666716337204, ""14"": 0.1666666716337204, ""78"": 0.0, ""93"": 0.1666666716337204, ""74"": 0.1666666716337204, ""22"": 0.1666666716337204}, ""num_aggregated"": 7}"
410,apra,apra_mad_filter,"[3, 37, 58, 70, 95, 64, 13, 47, 83, 43]",[],"{""median_norm"": 0.5821952209316508, ""mad"": 0.17009283974202685, ""k"": 2.0, ""num_accepted"": 10, ""safety_keep_used"": false, ""fallback_used"": false}"
410,apra,apra_hierarchical_cluster,"[3, 37, 58, 70, 64, 13, 83, 43]","[95, 47]","{""best_k"": 3, ""best_score"": 0.6463549733161926, ""selected_cluster"": 0, ""cluster_scores"": {""0"": 3.4240217208862305, ""1"": -1.0, ""2"": -1.0}, ""num_trusted"": 8, ""fallback_used"": false}"
410,apra,apra_trust_weighted_clip,"[3, 37, 58, 70, 64, 13, 83, 43]",[],"{""base_clip"": 1.0, ""trust_weights"": {""3"": 0.1428571492433548, ""37"": 0.1428571492433548, ""58"": 0.1428571492433548, ""70"": 0.0, ""64"": 0.1428571492433548, ""13"": 0.1428571492433548, ""83"": 0.1428571492433548, ""43"": 0.1428571492433548}, ""num_aggregated"": 8}"
411,apra,apra_mad_filter,"[1, 25, 27, 10, 83, 58, 74, 30, 86, 28]",[],"{""median_norm"": 0.5453989640532366, ""mad"": 0.0483146284999848, ""k"": 2.0, ""num_accepted"": 10, ""safety_keep_used"": false, ""fallback_used"": false}"
411,apra,apra_hierarchical_cluster,"[1, 25, 27, 83, 58, 74, 86]","[10, 30, 28]","{""best_k"": 2, ""best_score"": 0.3545989692211151, ""selected_cluster"": 0, ""cluster_scores"": {""0"": 2.7938013076782227, ""1"": 1.414128303527832}, ""num_trusted"": 7, ""fallback_used"": false}"
411,apra,apra_trust_weighted_clip,"[1, 25, 27, 83, 58, 74, 86]",[],"{""base_clip"": 1.0, ""trust_weights"": {""1"": 0.25, ""25"": 0.0, ""27"": 0.0, ""83"": 0.0, ""58"": 0.25, ""74"": 0.25, ""86"": 0.25}, ""num_aggregated"": 7}"
412,apra,apra_mad_filter,"[2, 64, 9, 79, 55, 96, 13, 60]","[43, 50]","{""median_norm"": 0.49757342986303754, ""mad"": 0.03268226392796364, ""k"": 2.0, ""num_accepted"": 8, ""safety_keep_used"": false, ""fallback_used"": false}"
412,apra,apra_hierarchical_cluster,"[2, 64, 9, 79, 55, 96, 60]",[13],"{""best_k"": 2, ""best_score"": 0.42519626021385193, ""selected_cluster"": 0, ""cluster_scores"": {""0"": 0.7213360071182251, ""1"": -1.0}, ""num_trusted"": 7, ""fallback_used"": false}"
412,apra,apra_trust_weighted_clip,"[2, 64, 9, 79, 55, 96, 60]",[],"{""base_clip"": 1.0, ""trust_weights"": {""2"": 0.25, ""64"": 0.0, ""9"": 0.0, ""79"": 0.25, ""55"": 0.0, ""96"": 0.25, ""60"": 0.25}, ""num_aggregated"": 7}"
413,apra,apra_mad_filter,"[3, 81, 7, 15, 2, 6, 22, 64]","[47, 19]","{""median_norm"": 0.4860015377785289, ""mad"": 0.09002453409543151, ""k"": 2.0, ""num_accepted"": 8, ""safety_keep_used"": false, ""fallback_used"": false}"
413,apra,apra_hierarchical_cluster,"[3, 81, 7, 2, 6, 22, 64]",[15],"{""best_k"": 2, ""best_score"": 0.6670815944671631, ""selected_cluster"": 0, ""cluster_scores"": {""0"": 5.973286151885986, ""1"": -1.0}, ""num_trusted"": 7, ""fallback_used"": false}"
413,apra,apra_trust_weighted_clip,"[3, 81, 7, 2, 6, 22, 64]",[],"{""base_clip"": 1.0, ""trust_weights"": {""3"": 0.17646834254264832, ""81"": 0.17646834254264832, ""7"": 0.0, ""2"": 0.17646834254264832, ""6"": 0.17646834254264832, ""22"": 0.17646834254264832, ""64"": 0.1176583543419838}, ""num_aggregated"": 7}"
414,apra,apra_mad_filter,"[4, 55, 40, 85, 99, 46, 67, 86]","[79, 73]","{""median_norm"": 0.5592292873047917, ""mad"": 0.038264550365656014, ""k"": 2.0, ""num_accepted"": 8, ""safety_keep_used"": false, ""fallback_used"": false}"
414,apra,apra_hierarchical_cluster,"[4, 40, 99, 46, 67, 86]","[55, 85]","{""best_k"": 2, ""best_score"": 0.37271857261657715, ""selected_cluster"": 0, ""cluster_scores"": {""0"": 4.0927886962890625, ""1"": 1.542818546295166}, ""num_trusted"": 6, ""fallback_used"": false}"
414,apra,apra_trust_weighted_clip,"[4, 40, 99, 46, 67, 86]",[],"{""base_clip"": 1.0, ""trust_weights"": {""4"": 0.0, ""40"": 0.2026190310716629, ""99"": 0.18952390551567078, ""46"": 0.2026190310716629, ""67"": 0.2026190310716629, ""86"": 0.2026190310716629}, ""num_aggregated"": 6}"
415,apra,apra_mad_filter,"[3, 8, 99, 0, 45, 16, 82, 17, 42, 30]",[],"{""median_norm"": 0.6146125431034413, ""mad"": 0.06324801382010364, ""k"": 2.0, ""num_accepted"": 10, ""safety_keep_used"": false, ""fallback_used"": false}"
415,apra,apra_hierarchical_cluster,"[3, 8, 99, 45, 16, 82, 17, 42, 30]",[0],"{""best_k"": 2, ""best_score"": 0.6401525139808655, ""selected_cluster"": 0, ""cluster_scores"": {""0"": 1.2844024896621704, ""1"": -1.0}, ""num_trusted"": 9, ""fallback_used"": false}"
415,apra,apra_trust_weighted_clip,"[3, 8, 99, 45, 16, 82, 17, 42, 30]",[],"{""base_clip"": 1.0, ""trust_weights"": {""3"": 0.17495451867580414, ""8"": 0.06012418121099472, ""99"": 0.17495451867580414, ""45"": 0.17495451867580414, ""16"": 0.17495451867580414, ""82"": 0.004979064222425222, ""17"": 0.17495451867580414, ""42"": 0.0, ""30"": 0.06012418121099472}, ""num_aggregated"": 9}"
416,apra,apra_mad_filter,"[4, 84, 7, 25, 13, 79, 90, 43]","[54, 0]","{""median_norm"": 0.5192956852178097, ""mad"": 0.07221629696246085, ""k"": 2.0, ""num_accepted"": 8, ""safety_keep_used"": false, ""fallback_used"": false}"
416,apra,apra_hierarchical_cluster,"[4, 84, 7, 79, 90, 43]","[25, 13]","{""best_k"": 2, ""best_score"": 0.5833498239517212, ""selected_cluster"": 0, ""cluster_scores"": {""0"": 5.60850715637207, ""1"": 1.9861831665039062}, ""num_trusted"": 6, ""fallback_used"": false}"
416,apra,apra_trust_weighted_clip,"[4, 84, 7, 79, 90, 43]",[],"{""base_clip"": 1.0, ""trust_weights"": {""4"": 0.0, ""84"": 0.20000000298023224, ""7"": 0.20000000298023224, ""79"": 0.20000000298023224, ""90"": 0.20000000298023224, ""43"": 0.20000000298023224}, ""num_aggregated"": 6}"
417,apra,apra_mad_filter,"[1, 64, 50, 77, 27, 22, 94, 72, 60, 82]",[],"{""median_norm"": 0.4759760571047232, ""mad"": 0.05783021799514529, ""k"": 2.0, ""num_accepted"": 10, ""safety_keep_used"": false, ""fallback_used"": false}"
417,apra,apra_hierarchical_cluster,"[1, 64, 50, 77, 22, 94, 72, 60]","[27, 82]","{""best_k"": 2, ""best_score"": 0.5818596482276917, ""selected_cluster"": 1, ""cluster_scores"": {""0"": 1.4136382341384888, ""1"": 2.8393266201019287}, ""num_trusted"": 8, ""fallback_used"": false}"
417,apra,apra_trust_weighted_clip,"[1, 64, 50, 77, 22, 94, 72, 60]",[],"{""base_clip"": 1.0, ""trust_weights"": {""1"": 0.0028790649957954884, ""64"": 0.16618682444095612, ""50"": 0.16618682444095612, ""77"": 0.16618682444095612, ""22"": 0.16618682444095612, ""94"": 0.16618682444095612, ""72"": 0.0, ""60"": 0.16618682444095612}, ""num_aggregated"": 8}"
418,apra,apra_mad_filter,"[4, 22, 91, 64, 37, 87, 50, 24, 23]",[88],"{""median_norm"": 0.4807365328567728, ""mad"": 0.08550762224181901, ""k"": 2.0, ""num_accepted"": 9, ""safety_keep_used"": false, ""fallback_used"": false}"
418,apra,apra_hierarchical_cluster,"[4, 22, 91, 64, 37, 87, 50, 24]",[23],"{""best_k"": 2, ""best_score"": 0.43334370851516724, ""selected_cluster"": 0, ""cluster_scores"": {""0"": 4.397985458374023, ""1"": -1.0}, ""num_trusted"": 8, ""fallback_used"": false}"
418,apra,apra_trust_weighted_clip,"[4, 22, 91, 64, 37, 87, 50, 24]",[],"{""base_clip"": 1.0, ""trust_weights"": {""4"": 0.0, ""22"": 0.1428571492433548, ""91"": 0.1428571492433548, ""64"": 0.1428571492433548, ""37"": 0.1428571492433548, ""87"": 0.1428571492433548, ""50"": 0.1428571492433548, ""24"": 0.1428571492433548}, ""num_aggregated"": 8}"
419,apra,apra_mad_filter,"[3, 66, 87, 79, 61, 41, 25, 12, 10, 96]",[],"{""median_norm"": 0.5195947811294899, ""mad"": 0.055278764444777334, ""k"": 2.0, ""num_accepted"": 10, ""safety_keep_used"": false, ""fallback_used"": false}"
419,apra,apra_hierarchical_cluster,"[3, 66, 87, 79, 61, 41, 25, 12, 96]",[10],"{""best_k"": 2, ""best_score"": 0.49403348565101624, ""selected_cluster"": 0, ""cluster_scores"": {""0"": 1.8987083435058594, ""1"": -1.0}, ""num_trusted"": 9, ""fallback_used"": false}"
419,apra,apra_trust_weighted_clip,"[3, 66, 87, 79, 61, 41, 25, 12, 96]",[],"{""base_clip"": 1.0, ""trust_weights"": {""3"": 0.1428571492433548, ""66"": 0.0, ""87"": 0.1428571492433548, ""79"": 0.1428571492433548, ""61"": 0.0, ""41"": 0.1428571492433548, ""25"": 0.1428571492433548, ""12"": 0.1428571492433548, ""96"": 0.1428571492433548}, ""num_aggregated"": 9}"
420,apra,apra_mad_filter,"[2, 21, 86, 34, 98, 27, 69, 63, 18, 85]",[],"{""median_norm"": 0.46549535876004766, ""mad"": 0.0442681230287805, ""k"": 2.0, ""num_accepted"": 10, ""safety_keep_used"": false, ""fallback_used"": false}"
420,apra,apra_hierarchical_cluster,"[2, 21, 86, 34, 98, 27, 69, 63, 18]",[85],"{""best_k"": 2, ""best_score"": 0.5260902643203735, ""selected_cluster"": 0, ""cluster_scores"": {""0"": 2.03641939163208, ""1"": -1.0}, ""num_trusted"": 9, ""fallback_used"": false}"
420,apra,apra_trust_weighted_clip,"[2, 21, 86, 34, 98, 27, 69, 63, 18]",[],"{""base_clip"": 1.0, ""trust_weights"": {""2"": 0.14533326029777527, ""21"": 0.14533326029777527, ""86"": 0.14533326029777527, ""34"": 0.14533326029777527, ""98"": 0.14533326029777527, ""27"": 0.0, ""69"": 0.0, ""63"": 0.1280003935098648, ""18"": 0.14533326029777527}, ""num_aggregated"": 9}"
421,apra,apra_mad_filter,"[57, 58, 78, 25, 94, 13, 40, 84]","[0, 42]","{""median_norm"": 0.4632775612153799, ""mad"": 0.03983919176737541, ""k"": 2.0, ""num_accepted"": 8, ""safety_keep_used"": false, ""fallback_used"": false}"
421,apra,apra_hierarchical_cluster,"[57, 58, 78, 25, 94, 40, 84]",[13],"{""best_k"": 2, ""best_score"": 0.6057844758033752, ""selected_cluster"": 0, ""cluster_scores"": {""0"": 5.748863220214844, ""1"": -1.0}, ""num_trusted"": 7, ""fallback_used"": false}"
421,apra,apra_trust_weighted_clip,"[57, 58, 78, 25, 94, 40, 84]",[],"{""base_clip"": 1.0, ""trust_weights"": {""57"": 0.09580628573894501, ""58"": 0.18083874881267548, ""78"": 0.18083874881267548, ""25"": 0.18083874881267548, ""94"": 0.18083874881267548, ""40"": 0.18083874881267548, ""84"": 0.0}, ""num_aggregated"": 7}"
422,apra,apra_mad_filter,"[2, 33, 84, 78, 35, 15, 76, 91, 73, 49]",[],"{""median_norm"": 0.6216736965094127, ""mad"": 0.11500954870521118, ""k"": 2.0, ""num_accepted"": 10, ""safety_keep_used"": false, ""fallback_used"": false}"
422,apra,apra_hierarchical_cluster,"[2, 33, 84, 78, 35, 15, 76, 91, 49]",[73],"{""best_k"": 2, ""best_score"": 0.8062780499458313, ""selected_cluster"": 0, ""cluster_scores"": {""0"": 6.539929389953613, ""1"": -1.0}, ""num_trusted"": 9, ""fallback_used"": false}"
422,apra,apra_trust_weighted_clip,"[2, 33, 84, 78, 35, 15, 76, 91, 49]",[],"{""base_clip"": 1.0, ""trust_weights"": {""2"": 0.125, ""33"": 0.125, ""84"": 0.125, ""78"": 0.125, ""35"": 0.125, ""15"": 0.0, ""76"": 0.125, ""91"": 0.125, ""49"": 0.125}, ""num_aggregated"": 9}"
423,apra,apra_mad_filter,"[2, 87, 74, 98, 84, 50, 23, 82, 34]",[41],"{""median_norm"": 0.48118500298084077, ""mad"": 0.05750849567422231, ""k"": 2.0, ""num_accepted"": 9, ""safety_keep_used"": false, ""fallback_used"": false}"
423,apra,apra_hierarchical_cluster,"[2, 87, 74, 98, 50, 23, 34]","[84, 82]","{""best_k"": 2, ""best_score"": 0.42301201820373535, ""selected_cluster"": 1, ""cluster_scores"": {""0"": 1.201735496520996, ""1"": 2.5969274044036865}, ""num_trusted"": 7, ""fallback_used"": false}"
423,apra,apra_trust_weighted_clip,"[2, 87, 74, 98, 50, 23, 34]",[],"{""base_clip"": 1.0, ""trust_weights"": {""2"": 0.0, ""87"": 0.1666666716337204, ""74"": 0.1666666716337204, ""98"": 0.1666666716337204, ""50"": 0.1666666716337204, ""23"": 0.1666666716337204, ""34"": 0.1666666716337204}, ""num_aggregated"": 7}"
424,apra,apra_mad_filter,"[1, 71, 36, 74, 92, 19, 99, 64, 58]",[0],"{""median_norm"": 0.5252794208202008, ""mad"": 0.06626155585873666, ""k"": 2.0, ""num_accepted"": 9, ""safety_keep_used"": false, ""fallback_used"": false}"
424,apra,apra_hierarchical_cluster,"[1, 71, 36, 74, 92, 99, 64, 58]",[19],"{""best_k"": 2, ""best_score"": 0.6640456914901733, ""selected_cluster"": 0, ""cluster_scores"": {""0"": 4.581821918487549, ""1"": -1.0}, ""num_trusted"": 8, ""fallback_used"": false}"
424,apra,apra_trust_weighted_clip,"[1, 71, 36, 74, 92, 99, 64, 58]",[],"{""base_clip"": 1.0, ""trust_weights"": {""1"": 0.1666666716337204, ""71"": 0.1666666716337204, ""36"": 0.0, ""74"": 0.1666666716337204, ""92"": 0.1666666716337204, ""99"": 0.0, ""64"": 0.1666666716337204, ""58"": 0.1666666716337204}, ""num_aggregated"": 8}"
425,apra,apra_mad_filter,"[0, 46, 58, 30, 86, 53, 68, 1]","[82, 43]","{""median_norm"": 0.5623343123847144, ""mad"": 0.026805313406650766, ""k"": 2.0, ""num_accepted"": 8, ""safety_keep_used"": false, ""fallback_used"": false}"
425,apra,apra_hierarchical_cluster,"[46, 58, 30, 86, 53, 68, 1]",[0],"{""best_k"": 2, ""best_score"": 0.6661849021911621, ""selected_cluster"": 0, ""cluster_scores"": {""0"": 2.3921165466308594, ""1"": -1.0}, ""num_trusted"": 7, ""fallback_used"": false}"
425,apra,apra_trust_weighted_clip,"[46, 58, 30, 86, 53, 68, 1]",[],"{""base_clip"": 1.0, ""trust_weights"": {""46"": 0.1666666716337204, ""58"": 0.1666666716337204, ""30"": 0.0, ""86"": 0.1666666716337204, ""53"": 0.1666666716337204, ""68"": 0.1666666716337204, ""1"": 0.1666666716337204}, ""num_aggregated"": 7}"
426,apra,apra_mad_filter,"[3, 8, 87, 15, 70, 20, 45, 12, 83]",[42],"{""median_norm"": 0.49048187299507817, ""mad"": 0.05553934393662008, ""k"": 2.0, ""num_accepted"": 9, ""safety_keep_used"": false, ""fallback_used"": false}"
426,apra,apra_hierarchical_cluster,"[3, 87, 15, 70, 20, 45, 12, 83]",[8],"{""best_k"": 2, ""best_score"": 0.6321224570274353, ""selected_cluster"": 0, ""cluster_scores"": {""0"": 5.491359710693359, ""1"": -1.0}, ""num_trusted"": 8, ""fallback_used"": false}"
426,apra,apra_trust_weighted_clip,"[3, 87, 15, 70, 20, 45, 12, 83]",[],"{""base_clip"": 1.0, ""trust_weights"": {""3"": 0.14662861824035645, ""87"": 0.14662861824035645, ""15"": 0.12022830545902252, ""70"": 0.14662861824035645, ""20"": 0.0, ""45"": 0.14662861824035645, ""12"": 0.14662861824035645, ""83"": 0.14662861824035645}, ""num_aggregated"": 8}"
427,apra,apra_mad_filter,"[4, 25, 12, 84, 69, 56, 58, 3]","[0, 17]","{""median_norm"": 0.4761923926071958, ""mad"": 0.056747037998725824, ""k"": 2.0, ""num_accepted"": 8, ""safety_keep_used"": false, ""fallback_used"": false}"
427,apra,apra_hierarchical_cluster,"[4, 25, 12, 84, 56, 58, 3]",[69],"{""best_k"": 2, ""best_score"": 0.5285979509353638, ""selected_cluster"": 0, ""cluster_scores"": {""0"": 3.674952268600464, ""1"": -1.0}, ""num_trusted"": 7, ""fallback_used"": false}"
427,apra,apra_trust_weighted_clip,"[4, 25, 12, 84, 56, 58, 3]",[],"{""base_clip"": 1.0, ""trust_weights"": {""4"": 0.0, ""25"": 0.1893068104982376, ""12"": 0.1893068104982376, ""84"": 0.1893068104982376, ""56"": 0.1893068104982376, ""58"": 0.053465988487005234, ""3"": 0.1893068104982376}, ""num_aggregated"": 7}"
428,apra,apra_mad_filter,"[3, 46, 75, 14, 36, 95, 48, 54, 55, 10]",[],"{""median_norm"": 0.6276628724484691, ""mad"": 0.10051403571717893, ""k"": 2.0, ""num_accepted"": 10, ""safety_keep_used"": false, ""fallback_used"": false}"
428,apra,apra_hierarchical_cluster,"[3, 46, 75, 14, 36, 95, 54, 55, 10]",[48],"{""best_k"": 2, ""best_score"": 0.5820057988166809, ""selected_cluster"": 0, ""cluster_scores"": {""0"": 2.54095721244812, ""1"": -1.0}, ""num_trusted"": 9, ""fallback_used"": false}"
428,apra,apra_trust_weighted_clip,"[3, 46, 75, 14, 36, 95, 54, 55, 10]",[],"{""base_clip"": 1.0, ""trust_weights"": {""3"": 0.15672117471694946, ""46"": 0.15672117471694946, ""75"": 0.0, ""14"": 0.15672117471694946, ""36"": 0.15672117471694946, ""95"": 0.10819706320762634, ""54"": 0.10819706320762634, ""55"": 0.15672117471694946, ""10"": 0.0}, ""num_aggregated"": 9}"
429,apra,apra_mad_filter,"[4, 53, 52, 94, 59, 88, 49, 1, 12, 93]",[],"{""median_norm"": 0.7654406900871791, ""mad"": 0.2833949708357105, ""k"": 2.0, ""num_accepted"": 10, ""safety_keep_used"": false, ""fallback_used"": false}"
429,apra,apra_hierarchical_cluster,"[4, 53, 52, 94, 59, 49, 1, 12, 93]",[88],"{""best_k"": 2, ""best_score"": 0.7827380895614624, ""selected_cluster"": 0, ""cluster_scores"": {""0"": 4.975849628448486, ""1"": -1.0}, ""num_trusted"": 9, ""fallback_used"": false}"
429,apra,apra_trust_weighted_clip,"[4, 53, 52, 94, 59, 49, 1, 12, 93]",[],"{""base_clip"": 1.0, ""trust_weights"": {""4"": 0.0, ""53"": 0.1407638043165207, ""52"": 0.1407638043165207, ""94"": 0.1407638043165207, ""59"": 0.014653326012194157, ""49"": 0.1407638043165207, ""1"": 0.1407638043165207, ""12"": 0.1407638043165207, ""93"": 0.1407638043165207}, ""num_aggregated"": 9}"
430,apra,apra_mad_filter,"[2, 7, 92, 35, 31, 0, 99, 11, 24, 51]",[],"{""median_norm"": 0.607951940067831, ""mad"": 0.05248376562979462, ""k"": 2.0, ""num_accepted"": 10, ""safety_keep_used"": false, ""fallback_used"": false}"
430,apra,apra_hierarchical_cluster,"[2, 7, 92, 35, 31, 99, 11, 24, 51]",[0],"{""best_k"": 2, ""best_score"": 0.6912409663200378, ""selected_cluster"": 0, ""cluster_scores"": {""0"": 3.9101829528808594, ""1"": -1.0}, ""num_trusted"": 9, ""fallback_used"": false}"
430,apra,apra_trust_weighted_clip,"[2, 7, 92, 35, 31, 99, 11, 24, 51]",[],"{""base_clip"": 1.0, ""trust_weights"": {""2"": 0.1428571492433548, ""7"": 0.1428571492433548, ""92"": 0.1428571492433548, ""35"": 0.1428571492433548, ""31"": 0.0, ""99"": 0.0, ""11"": 0.1428571492433548, ""24"": 0.1428571492433548, ""51"": 0.1428571492433548}, ""num_aggregated"": 9}"
431,apra,apra_mad_filter,"[2, 44, 59, 49, 89, 39, 60, 48, 54, 83]",[],"{""median_norm"": 0.5551485642249633, ""mad"": 0.10017593945589573, ""k"": 2.0, ""num_accepted"": 10, ""safety_keep_used"": false, ""fallback_used"": false}"
431,apra,apra_hierarchical_cluster,"[2, 44, 59, 49, 89, 39, 60, 54, 83]",[48],"{""best_k"": 2, ""best_score"": 0.55833899974823, ""selected_cluster"": 0, ""cluster_scores"": {""0"": 2.059922933578491, ""1"": -1.0}, ""num_trusted"": 9, ""fallback_used"": false}"
431,apra,apra_trust_weighted_clip,"[2, 44, 59, 49, 89, 39, 60, 54, 83]",[],"{""base_clip"": 1.0, ""trust_weights"": {""2"": 0.13120697438716888, ""44"": 0.04802678897976875, ""59"": 0.04802678897976875, ""49"": 0.15454788506031036, ""89"": 0.15454788506031036, ""39"": 0.15454788506031036, ""60"": 0.0, ""54"": 0.15454788506031036, ""83"": 0.15454788506031036}, ""num_aggregated"": 9}"
432,apra,apra_mad_filter,"[3, 59, 25, 93, 18, 76, 83, 62]","[47, 96]","{""median_norm"": 0.45428782902876264, ""mad"": 0.04871584552019398, ""k"": 2.0, ""num_accepted"": 8, ""safety_keep_used"": false, ""fallback_used"": false}"
432,apra,apra_hierarchical_cluster,"[3, 93, 18, 76, 83, 62]","[59, 25]","{""best_k"": 2, ""best_score"": 0.44055306911468506, ""selected_cluster"": 1, ""cluster_scores"": {""0"": 1.411492109298706, ""1"": 2.448089122772217}, ""num_trusted"": 6, ""fallback_used"": false}"
432,apra,apra_trust_weighted_clip,"[3, 93, 18, 76, 83, 62]",[],"{""base_clip"": 1.0, ""trust_weights"": {""3"": 0.20000000298023224, ""93"": 0.20000000298023224, ""18"": 0.20000000298023224, ""76"": 0.20000000298023224, ""83"": 0.20000000298023224, ""62"": 0.0}, ""num_aggregated"": 6}"
433,apra,apra_mad_filter,"[3, 39, 11, 98, 8, 44, 0, 56, 67, 42]",[],"{""median_norm"": 0.570167468618797, ""mad"": 0.07189239010028065, ""k"": 2.0, ""num_accepted"": 10, ""safety_keep_used"": false, ""fallback_used"": false}"
433,apra,apra_hierarchical_cluster,"[3, 39, 11, 98, 8, 44, 56, 67, 42]",[0],"{""best_k"": 2, ""best_score"": 0.7333609461784363, ""selected_cluster"": 0, ""cluster_scores"": {""0"": 2.9928410053253174, ""1"": -1.0}, ""num_trusted"": 9, ""fallback_used"": false}"
433,apra,apra_trust_weighted_clip,"[3, 39, 11, 98, 8, 44, 56, 67, 42]",[],"{""base_clip"": 1.0, ""trust_weights"": {""3"": 0.125, ""39"": 0.125, ""11"": 0.125, ""98"": 0.125, ""8"": 0.125, ""44"": 0.0, ""56"": 0.125, ""67"": 0.125, ""42"": 0.125}, ""num_aggregated"": 9}"
434,apra,apra_mad_filter,"[2, 97, 93, 20, 32, 7, 79, 39]","[4, 31]","{""median_norm"": 0.5154349236805378, ""mad"": 0.04420636717389129, ""k"": 2.0, ""num_accepted"": 8, ""safety_keep_used"": false, ""fallback_used"": false}"
434,apra,apra_hierarchical_cluster,"[2, 97, 93, 20, 7, 79, 39]",[32],"{""best_k"": 2, ""best_score"": 0.6337635517120361, ""selected_cluster"": 0, ""cluster_scores"": {""0"": 5.003928184509277, ""1"": -1.0}, ""num_trusted"": 7, ""fallback_used"": false}"
434,apra,apra_trust_weighted_clip,"[2, 97, 93, 20, 7, 79, 39]",[],"{""base_clip"": 1.0, ""trust_weights"": {""2"": 0.1666666716337204, ""97"": 0.1666666716337204, ""93"": 0.1666666716337204, ""20"": 0.0, ""7"": 0.1666666716337204, ""79"": 0.1666666716337204, ""39"": 0.1666666716337204}, ""num_aggregated"": 7}"
435,apra,apra_mad_filter,"[3, 98, 90, 40, 63, 82, 2]","[24, 16, 54]","{""median_norm"": 0.5086942886156924, ""mad"": 0.058010019484308284, ""k"": 2.0, ""num_accepted"": 7, ""safety_keep_used"": false, ""fallback_used"": false}"
435,apra,apra_hierarchical_cluster,"[3, 98, 90, 40, 63, 2]",[82],"{""best_k"": 2, ""best_score"": 0.7187811136245728, ""selected_cluster"": 0, ""cluster_scores"": {""0"": 5.305732250213623, ""1"": -1.0}, ""num_trusted"": 6, ""fallback_used"": false}"
435,apra,apra_trust_weighted_clip,"[3, 98, 90, 40, 63, 2]",[],"{""base_clip"": 1.0, ""trust_weights"": {""3"": 0.20000000298023224, ""98"": 0.0, ""90"": 0.20000000298023224, ""40"": 0.20000000298023224, ""63"": 0.20000000298023224, ""2"": 0.20000000298023224}, ""num_aggregated"": 6}"
436,apra,apra_mad_filter,"[49, 43, 29, 60, 2, 42, 27, 38, 22]",[0],"{""median_norm"": 0.4661238369330837, ""mad"": 0.07378001754526167, ""k"": 2.0, ""num_accepted"": 9, ""safety_keep_used"": false, ""fallback_used"": false}"
436,apra,apra_hierarchical_cluster,"[49, 43, 29, 60, 2, 27, 38, 22]",[42],"{""best_k"": 2, ""best_score"": 0.7444995641708374, ""selected_cluster"": 0, ""cluster_scores"": {""0"": 5.103368759155273, ""1"": -1.0}, ""num_trusted"": 8, ""fallback_used"": false}"
436,apra,apra_trust_weighted_clip,"[49, 43, 29, 60, 2, 27, 38, 22]",[],"{""base_clip"": 1.0, ""trust_weights"": {""49"": 0.14190317690372467, ""43"": 0.0, ""29"": 0.14190317690372467, ""60"": 0.14323873817920685, ""2"": 0.14323873817920685, ""27"": 0.14323873817920685, ""38"": 0.14323873817920685, ""22"": 0.14323873817920685}, ""num_aggregated"": 8}"
437,apra,apra_mad_filter,"[4, 77, 0, 63, 91, 68, 9, 82, 54, 20]",[],"{""median_norm"": 0.5143868440525391, ""mad"": 0.09633750554509646, ""k"": 2.0, ""num_accepted"": 10, ""safety_keep_used"": false, ""fallback_used"": false}"
437,apra,apra_hierarchical_cluster,"[4, 77, 63, 91, 68, 9, 82, 54, 20]",[0],"{""best_k"": 2, ""best_score"": 0.6159622669219971, ""selected_cluster"": 0, ""cluster_scores"": {""0"": 3.1258528232574463, ""1"": -1.0}, ""num_trusted"": 9, ""fallback_used"": false}"
437,apra,apra_trust_weighted_clip,"[4, 77, 63, 91, 68, 9, 82, 54, 20]",[],"{""base_clip"": 1.0, ""trust_weights"": {""4"": 0.125, ""77"": 0.125, ""63"": 0.125, ""91"": 0.125, ""68"": 0.125, ""9"": 0.125, ""82"": 0.125, ""54"": 0.0, ""20"": 0.125}, ""num_aggregated"": 9}"
438,apra,apra_mad_filter,"[4, 26, 8, 74, 84, 49, 15, 46, 62, 7]",[],"{""median_norm"": 0.5502313069266956, ""mad"": 0.07645008242186771, ""k"": 2.0, ""num_accepted"": 10, ""safety_keep_used"": false, ""fallback_used"": false}"
438,apra,apra_hierarchical_cluster,"[4, 26, 8, 74, 84, 49, 15, 46, 7]",[62],"{""best_k"": 2, ""best_score"": 0.5370137691497803, ""selected_cluster"": 0, ""cluster_scores"": {""0"": 1.980987548828125, ""1"": -1.0}, ""num_trusted"": 9, ""fallback_used"": false}"
438,apra,apra_trust_weighted_clip,"[4, 26, 8, 74, 84, 49, 15, 46, 7]",[],"{""base_clip"": 1.0, ""trust_weights"": {""4"": 0.0, ""26"": 0.0, ""8"": 0.0, ""74"": 0.1666666716337204, ""84"": 0.1666666716337204, ""49"": 0.1666666716337204, ""15"": 0.1666666716337204, ""46"": 0.1666666716337204, ""7"": 0.1666666716337204}, ""num_aggregated"": 9}"
439,apra,apra_mad_filter,"[3, 51, 16, 78, 7, 29, 56, 59, 8, 43]",[],"{""median_norm"": 0.479446571812729, ""mad"": 0.0657219495583651, ""k"": 2.0, ""num_accepted"": 10, ""safety_keep_used"": false, ""fallback_used"": false}"
439,apra,apra_hierarchical_cluster,"[3, 51, 16, 78, 7, 29, 56, 59, 43]",[8],"{""best_k"": 2, ""best_score"": 0.6562584638595581, ""selected_cluster"": 0, ""cluster_scores"": {""0"": 2.8723034858703613, ""1"": -1.0}, ""num_trusted"": 9, ""fallback_used"": false}"
439,apra,apra_trust_weighted_clip,"[3, 51, 16, 78, 7, 29, 56, 59, 43]",[],"{""base_clip"": 1.0, ""trust_weights"": {""3"": 0.1593066155910492, ""51"": 0.1593066155910492, ""16"": 0.1593066155910492, ""78"": 0.1593066155910492, ""7"": 0.1593066155910492, ""29"": 0.044160306453704834, ""56"": 0.0, ""59"": 0.0, ""43"": 0.1593066155910492}, ""num_aggregated"": 9}"
440,apra,apra_mad_filter,"[4, 8, 35, 16, 59, 85, 74, 82, 61]",[88],"{""median_norm"": 0.520115087029586, ""mad"": 0.08179395944432102, ""k"": 2.0, ""num_accepted"": 9, ""safety_keep_used"": false, ""fallback_used"": false}"
440,apra,apra_hierarchical_cluster,"[4, 35, 16, 59, 85, 74, 82, 61]",[8],"{""best_k"": 2, ""best_score"": 0.40592506527900696, ""selected_cluster"": 0, ""cluster_scores"": {""0"": 4.659076690673828, ""1"": -1.0}, ""num_trusted"": 8, ""fallback_used"": false}"
440,apra,apra_trust_weighted_clip,"[4, 35, 16, 59, 85, 74, 82, 61]",[],"{""base_clip"": 1.0, ""trust_weights"": {""4"": 0.0, ""35"": 0.20000000298023224, ""16"": 0.20000000298023224, ""59"": 0.20000000298023224, ""85"": 0.0, ""74"": 0.20000000298023224, ""82"": 0.0, ""61"": 0.20000000298023224}, ""num_aggregated"": 8}"
441,apra,apra_mad_filter,"[3, 78, 56, 87, 26, 14, 77, 74, 37, 53]",[],"{""median_norm"": 0.5260332677691054, ""mad"": 0.04922137811130073, ""k"": 2.0, ""num_accepted"": 10, ""safety_keep_used"": false, ""fallback_used"": false}"
441,apra,apra_hierarchical_cluster,"[3, 78, 56, 87, 14, 77, 74, 37, 53]",[26],"{""best_k"": 2, ""best_score"": 0.7269421219825745, ""selected_cluster"": 0, ""cluster_scores"": {""0"": 4.087857246398926, ""1"": -1.0}, ""num_trusted"": 9, ""fallback_used"": false}"
441,apra,apra_trust_weighted_clip,"[3, 78, 56, 87, 14, 77, 74, 37, 53]",[],"{""base_clip"": 1.0, ""trust_weights"": {""3"": 0.125, ""78"": 0.125, ""56"": 0.0, ""87"": 0.125, ""14"": 0.125, ""77"": 0.125, ""74"": 0.125, ""37"": 0.125, ""53"": 0.125}, ""num_aggregated"": 9}"
442,apra,apra_mad_filter,"[3, 5, 80, 50, 87, 7, 71, 60, 35]",[73],"{""median_norm"": 0.45268637940207485, ""mad"": 0.0653618212230786, ""k"": 2.0, ""num_accepted"": 9, ""safety_keep_used"": false, ""fallback_used"": false}"
442,apra,apra_hierarchical_cluster,"[3, 80, 50, 87, 7, 71, 60, 35]",[5],"{""best_k"": 2, ""best_score"": 0.538813054561615, ""selected_cluster"": 0, ""cluster_scores"": {""0"": 3.8435354232788086, ""1"": -1.0}, ""num_trusted"": 8, ""fallback_used"": false}"
442,apra,apra_trust_weighted_clip,"[3, 80, 50, 87, 7, 71, 60, 35]",[],"{""base_clip"": 1.0, ""trust_weights"": {""3"": 0.14646531641483307, ""80"": 0.12282256036996841, ""50"": 0.14646531641483307, ""87"": 0.14646531641483307, ""7"": 0.14646531641483307, ""71"": 0.0, ""60"": 0.14485079050064087, ""35"": 0.14646531641483307}, ""num_aggregated"": 8}"
443,apra,apra_mad_filter,"[20, 78, 66, 29, 2, 86, 97]","[4, 54, 9]","{""median_norm"": 0.5253740792394609, ""mad"": 0.047464079952675875, ""k"": 2.0, ""num_accepted"": 7, ""safety_keep_used"": false, ""fallback_used"": false}"
443,apra,apra_hierarchical_cluster,"[20, 78, 66, 29, 2, 86]",[97],"{""best_k"": 2, ""best_score"": 0.4770098030567169, ""selected_cluster"": 0, ""cluster_scores"": {""0"": 0.45981842279434204, ""1"": -1.0}, ""num_trusted"": 6, ""fallback_used"": false}"
443,apra,apra_trust_weighted_clip,"[20, 78, 66, 29, 2, 86]",[],"{""base_clip"": 1.0, ""trust_weights"": {""20"": 0.5, ""78"": 0.0, ""66"": 0.0, ""29"": 0.5, ""2"": 0.0, ""86"": 0.0}, ""num_aggregated"": 6}"
444,apra,apra_mad_filter,"[70, 67, 40, 92, 61, 58, 73, 66, 65]",[3],"{""median_norm"": 0.690029619769108, ""mad"": 0.08497149280490879, ""k"": 2.0, ""num_accepted"": 9, ""safety_keep_used"": false, ""fallback_used"": false}"
444,apra,apra_hierarchical_cluster,"[70, 67, 40, 92, 61, 58, 66, 65]",[73],"{""best_k"": 2, ""best_score"": 0.6732689738273621, ""selected_cluster"": 0, ""cluster_scores"": {""0"": 1.9221007823944092, ""1"": -1.0}, ""num_trusted"": 8, ""fallback_used"": false}"
444,apra,apra_trust_weighted_clip,"[70, 67, 40, 92, 61, 58, 66, 65]",[],"{""base_clip"": 1.0, ""trust_weights"": {""70"": 0.16893617808818817, ""67"": 0.0, ""40"": 0.16893617808818817, ""92"": 0.16893617808818817, ""61"": 0.16893617808818817, ""58"": 0.15531909465789795, ""66"": 0.0, ""65"": 0.16893617808818817}, ""num_aggregated"": 8}"
445,apra,apra_mad_filter,"[1, 33, 28, 59, 45, 80, 52, 68, 51]",[95],"{""median_norm"": 0.5072260936413089, ""mad"": 0.05709841351916012, ""k"": 2.0, ""num_accepted"": 9, ""safety_keep_used"": false, ""fallback_used"": false}"
445,apra,apra_hierarchical_cluster,"[1, 33, 28, 59, 45, 80, 52, 51]",[68],"{""best_k"": 2, ""best_score"": 0.5573275685310364, ""selected_cluster"": 0, ""cluster_scores"": {""0"": 2.73716402053833, ""1"": -1.0}, ""num_trusted"": 8, ""fallback_used"": false}"
445,apra,apra_trust_weighted_clip,"[1, 33, 28, 59, 45, 80, 52, 51]",[],"{""base_clip"": 1.0, ""trust_weights"": {""1"": 0.1428571492433548, ""33"": 0.1428571492433548, ""28"": 0.1428571492433548, ""59"": 0.0, ""45"": 0.1428571492433548, ""80"": 0.1428571492433548, ""52"": 0.1428571492433548, ""51"": 0.1428571492433548}, ""num_aggregated"": 8}"
446,apra,apra_mad_filter,"[4, 56, 23, 58, 33, 65, 24, 90, 30]",[88],"{""median_norm"": 0.5672876062299655, ""mad"": 0.08470725305030607, ""k"": 2.0, ""num_accepted"": 9, ""safety_keep_used"": false, ""fallback_used"": false}"
446,apra,apra_hierarchical_cluster,"[4, 56, 23, 58, 33, 65, 24, 90]",[30],"{""best_k"": 2, ""best_score"": 0.6755802631378174, ""selected_cluster"": 0, ""cluster_scores"": {""0"": 7.5143280029296875, ""1"": -1.0}, ""num_trusted"": 8, ""fallback_used"": false}"
446,apra,apra_trust_weighted_clip,"[4, 56, 23, 58, 33, 65, 24, 90]",[],"{""base_clip"": 1.0, ""trust_weights"": {""4"": 0.1428571492433548, ""56"": 0.1428571492433548, ""23"": 0.1428571492433548, ""58"": 0.1428571492433548, ""33"": 0.1428571492433548, ""65"": 0.1428571492433548, ""24"": 0.0, ""90"": 0.1428571492433548}, ""num_aggregated"": 8}"
447,apra,apra_mad_filter,"[5, 73, 92, 57, 9, 42, 33, 63, 43]",[0],"{""median_norm"": 0.533913175535706, ""mad"": 0.08449315000873284, ""k"": 2.0, ""num_accepted"": 9, ""safety_keep_used"": false, ""fallback_used"": false}"
447,apra,apra_hierarchical_cluster,"[5, 92, 57, 42, 33, 63, 43]","[73, 9]","{""best_k"": 3, ""best_score"": 0.6395514607429504, ""selected_cluster"": 0, ""cluster_scores"": {""0"": 3.999980926513672, ""1"": -1.0, ""2"": -1.0}, ""num_trusted"": 7, ""fallback_used"": false}"
447,apra,apra_trust_weighted_clip,"[5, 92, 57, 42, 33, 63, 43]",[],"{""base_clip"": 1.0, ""trust_weights"": {""5"": 0.1666666716337204, ""92"": 0.1666666716337204, ""57"": 0.1666666716337204, ""42"": 0.0, ""33"": 0.1666666716337204, ""63"": 0.1666666716337204, ""43"": 0.1666666716337204}, ""num_aggregated"": 7}"
448,apra,apra_mad_filter,"[46, 2, 15, 25, 98, 28, 50, 58, 20]",[4],"{""median_norm"": 0.4763894493347052, ""mad"": 0.04233740882982323, ""k"": 2.0, ""num_accepted"": 9, ""safety_keep_used"": false, ""fallback_used"": false}"
448,apra,apra_hierarchical_cluster,"[46, 2, 15, 98, 28, 50, 58, 20]",[25],"{""best_k"": 2, ""best_score"": 0.39459094405174255, ""selected_cluster"": 0, ""cluster_scores"": {""0"": 0.11235054582357407, ""1"": -1.0}, ""num_trusted"": 8, ""fallback_used"": false}"
448,apra,apra_trust_weighted_clip,"[46, 2, 15, 98, 28, 50, 58, 20]",[],"{""base_clip"": 1.0, ""trust_weights"": {""46"": 0.0, ""2"": 0.21762725710868835, ""15"": 0.21762725710868835, ""98"": 0.0, ""28"": 0.06474551558494568, ""50"": 0.06474551558494568, ""58"": 0.21762725710868835, ""20"": 0.21762725710868835}, ""num_aggregated"": 8}"
449,apra,apra_mad_filter,"[0, 9, 42, 49, 58, 98, 94, 67, 36, 3]",[],"{""median_norm"": 0.5659759132771445, ""mad"": 0.10464371727519134, ""k"": 2.0, ""num_accepted"": 10, ""safety_keep_used"": false, ""fallback_used"": false}"
449,apra,apra_hierarchical_cluster,"[9, 42, 49, 58, 98, 94, 67, 36, 3]",[0],"{""best_k"": 2, ""best_score"": 0.7104792594909668, ""selected_cluster"": 0, ""cluster_scores"": {""0"": 3.340743064880371, ""1"": -1.0}, ""num_trusted"": 9, ""fallback_used"": false}"
449,apra,apra_trust_weighted_clip,"[9, 42, 49, 58, 98, 94, 67, 36, 3]",[],"{""base_clip"": 1.0, ""trust_weights"": {""9"": 0.12673072516918182, ""42"": 0.0, ""49"": 0.12673072516918182, ""58"": 0.12673072516918182, ""98"": 0.12673072516918182, ""94"": 0.12673072516918182, ""67"": 0.11288487166166306, ""36"": 0.12673072516918182, ""3"": 0.12673072516918182}, ""num_aggregated"": 9}"
450,apra,apra_mad_filter,"[4, 21, 69, 24, 38, 97, 52, 40, 78, 83]",[],"{""median_norm"": 0.5829528004576534, ""mad"": 0.07100111780214607, ""k"": 2.0, ""num_accepted"": 10, ""safety_keep_used"": false, ""fallback_used"": false}"
450,apra,apra_hierarchical_cluster,"[21, 69, 24, 38, 97, 52, 40, 78, 83]",[4],"{""best_k"": 2, ""best_score"": 0.5664762854576111, ""selected_cluster"": 0, ""cluster_scores"": {""0"": 2.75956654548645, ""1"": -1.0}, ""num_trusted"": 9, ""fallback_used"": false}"
450,apra,apra_trust_weighted_clip,"[21, 69, 24, 38, 97, 52, 40, 78, 83]",[],"{""base_clip"": 1.0, ""trust_weights"": {""21"": 0.14455252885818481, ""69"": 0.0, ""24"": 0.14455252885818481, ""38"": 0.14455252885818481, ""97"": 0.0, ""52"": 0.14455252885818481, ""40"": 0.1326848566532135, ""78"": 0.14455252885818481, ""83"": 0.14455252885818481}, ""num_aggregated"": 9}"
451,apra,apra_mad_filter,"[0, 83, 31, 58, 11, 54, 42, 8, 73, 36]",[],"{""median_norm"": 0.6134322080166319, ""mad"": 0.10346521436030365, ""k"": 2.0, ""num_accepted"": 10, ""safety_keep_used"": false, ""fallback_used"": false}"
451,apra,apra_hierarchical_cluster,"[0, 83, 31, 58, 11, 54, 8, 36]","[42, 73]","{""best_k"": 2, ""best_score"": 0.5303905010223389, ""selected_cluster"": 0, ""cluster_scores"": {""0"": 4.005162715911865, ""1"": 1.99991774559021}, ""num_trusted"": 8, ""fallback_used"": false}"
451,apra,apra_trust_weighted_clip,"[0, 83, 31, 58, 11, 54, 8, 36]",[],"{""base_clip"": 1.0, ""trust_weights"": {""0"": 0.0, ""83"": 0.17500753700733185, ""31"": 0.17500753700733185, ""58"": 0.17500753700733185, ""11"": 0.12496236711740494, ""54"": 0.0, ""8"": 0.17500753700733185, ""36"": 0.17500753700733185}, ""num_aggregated"": 8}"
452,apra,apra_mad_filter,"[1, 85, 28, 14, 48, 73, 53, 82, 31, 61]",[],"{""median_norm"": 0.5289597745497345, ""mad"": 0.06679210403885846, ""k"": 2.0, ""num_accepted"": 10, ""safety_keep_used"": false, ""fallback_used"": false}"
452,apra,apra_hierarchical_cluster,"[1, 85, 28, 14, 48, 53, 82, 31, 61]",[73],"{""best_k"": 2, ""best_score"": 0.734735906124115, ""selected_cluster"": 0, ""cluster_scores"": {""0"": 3.500119209289551, ""1"": -1.0}, ""num_trusted"": 9, ""fallback_used"": false}"
452,apra,apra_trust_weighted_clip,"[1, 85, 28, 14, 48, 53, 82, 31, 61]",[],"{""base_clip"": 1.0, ""trust_weights"": {""1"": 0.1428571492433548, ""85"": 0.0, ""28"": 0.1428571492433548, ""14"": 0.1428571492433548, ""48"": 0.1428571492433548, ""53"": 0.1428571492433548, ""82"": 0.1428571492433548, ""31"": 0.0, ""61"": 0.1428571492433548}, ""num_aggregated"": 9}"
453,apra,apra_mad_filter,"[4, 11, 29, 16, 84, 79, 9, 47, 14, 66]",[],"{""median_norm"": 0.6690953730841787, ""mad"": 0.08391799588015869, ""k"": 2.0, ""num_accepted"": 10, ""safety_keep_used"": false, ""fallback_used"": false}"
453,apra,apra_hierarchical_cluster,"[4, 11, 29, 16, 84, 79, 9, 14, 66]",[47],"{""best_k"": 2, ""best_score"": 0.7255379557609558, ""selected_cluster"": 0, ""cluster_scores"": {""0"": 4.378132343292236, ""1"": -1.0}, ""num_trusted"": 9, ""fallback_used"": false}"
453,apra,apra_trust_weighted_clip,"[4, 11, 29, 16, 84, 79, 9, 14, 66]",[],"{""base_clip"": 1.0, ""trust_weights"": {""4"": 0.15166331827640533, ""11"": 0.15166331827640533, ""29"": 0.0900200828909874, ""16"": 0.15166331827640533, ""84"": 0.15166331827640533, ""79"": 0.15166331827640533, ""9"": 0.0, ""14"": 0.15166331827640533, ""66"": 0.0}, ""num_aggregated"": 9}"
454,apra,apra_mad_filter,"[91, 31, 75, 3, 4, 36, 57, 77]","[0, 49]","{""median_norm"": 0.4758553808278907, ""mad"": 0.043460911614689346, ""k"": 2.0, ""num_accepted"": 8, ""safety_keep_used"": false, ""fallback_used"": false}"
454,apra,apra_hierarchical_cluster,"[91, 75, 3, 4, 36, 57, 77]",[31],"{""best_k"": 2, ""best_score"": 0.5482874512672424, ""selected_cluster"": 0, ""cluster_scores"": {""0"": 3.071249485015869, ""1"": -1.0}, ""num_trusted"": 7, ""fallback_used"": false}"
454,apra,apra_trust_weighted_clip,"[91, 75, 3, 4, 36, 57, 77]",[],"{""base_clip"": 1.0, ""trust_weights"": {""91"": 0.1842099130153656, ""75"": 0.1842099130153656, ""3"": 0.1842099130153656, ""4"": 0.0, ""36"": 0.0789504274725914, ""57"": 0.1842099130153656, ""77"": 0.1842099130153656}, ""num_aggregated"": 7}"
455,apra,apra_mad_filter,"[39, 56, 94, 40, 37, 77, 8, 99]","[0, 34]","{""median_norm"": 0.45024991569874395, ""mad"": 0.028265676745727025, ""k"": 2.0, ""num_accepted"": 8, ""safety_keep_used"": false, ""fallback_used"": false}"
455,apra,apra_hierarchical_cluster,"[39, 94, 37, 77]","[56, 40, 8, 99]","{""best_k"": 2, ""best_score"": 0.4184781312942505, ""selected_cluster"": 1, ""cluster_scores"": {""0"": 2.2521400451660156, ""1"": 3.685610055923462}, ""num_trusted"": 4, ""fallback_used"": false}"
455,apra,apra_trust_weighted_clip,"[39, 94, 37, 77]",[],"{""base_clip"": 1.0, ""trust_weights"": {""39"": 0.0, ""94"": 0.5, ""37"": 0.0, ""77"": 0.5}, ""num_aggregated"": 4}"
456,apra,apra_mad_filter,"[2, 70, 9, 43, 13, 78, 98, 29, 79]",[88],"{""median_norm"": 0.5343358503836309, ""mad"": 0.05791472768064382, ""k"": 2.0, ""num_accepted"": 9, ""safety_keep_used"": false, ""fallback_used"": false}"
456,apra,apra_hierarchical_cluster,"[2, 70, 43, 78, 98, 29, 79]","[9, 13]","{""best_k"": 2, ""best_score"": 0.5477979779243469, ""selected_cluster"": 0, ""cluster_scores"": {""0"": 6.703431129455566, ""1"": 1.8951259851455688}, ""num_trusted"": 7, ""fallback_used"": false}"
456,apra,apra_trust_weighted_clip,"[2, 70, 43, 78, 98, 29, 79]",[],"{""base_clip"": 1.0, ""trust_weights"": {""2"": 0.1730460226535797, ""70"": 0.0, ""43"": 0.1730460226535797, ""78"": 0.1730460226535797, ""98"": 0.1730460226535797, ""29"": 0.13476991653442383, ""79"": 0.1730460226535797}, ""num_aggregated"": 7}"
457,apra,apra_mad_filter,"[2, 20, 64, 72, 12, 91, 81, 80]","[73, 10]","{""median_norm"": 0.45897627195811697, ""mad"": 0.02861194177779039, ""k"": 2.0, ""num_accepted"": 8, ""safety_keep_used"": false, ""fallback_used"": false}"
457,apra,apra_hierarchical_cluster,"[2, 20, 64, 12, 91, 81, 80]",[72],"{""best_k"": 2, ""best_score"": 0.6471759080886841, ""selected_cluster"": 0, ""cluster_scores"": {""0"": 4.110928058624268, ""1"": -1.0}, ""num_trusted"": 7, ""fallback_used"": false}"
457,apra,apra_trust_weighted_clip,"[2, 20, 64, 12, 91, 81, 80]",[],"{""base_clip"": 1.0, ""trust_weights"": {""2"": 0.03473806381225586, ""20"": 0.19305238127708435, ""64"": 0.19305238127708435, ""12"": 0.19305238127708435, ""91"": 0.19305238127708435, ""81"": 0.0, ""80"": 0.19305238127708435}, ""num_aggregated"": 7}"
458,apra,apra_mad_filter,"[1, 56, 69, 3, 65, 55, 87]","[77, 7, 80]","{""median_norm"": 0.6432686176465239, ""mad"": 0.030773665177305565, ""k"": 2.0, ""num_accepted"": 7, ""safety_keep_used"": false, ""fallback_used"": false}"
458,apra,apra_hierarchical_cluster,"[1, 56, 3, 65, 55, 87]",[69],"{""best_k"": 2, ""best_score"": 0.6361075639724731, ""selected_cluster"": 0, ""cluster_scores"": {""0"": 1.9029076099395752, ""1"": -1.0}, ""num_trusted"": 6, ""fallback_used"": false}"
458,apra,apra_trust_weighted_clip,"[1, 56, 3, 65, 55, 87]",[],"{""base_clip"": 1.0, ""trust_weights"": {""1"": 0.28418195247650146, ""56"": 0.0, ""3"": 0.28418195247650146, ""65"": 0.21581806242465973, ""55"": 0.0, ""87"": 0.21581806242465973}, ""num_aggregated"": 6}"
459,apra,apra_mad_filter,"[0, 82, 55, 67, 10, 38, 40, 11, 93, 50]",[],"{""median_norm"": 0.5236242525471659, ""mad"": 0.06780643517454948, ""k"": 2.0, ""num_accepted"": 10, ""safety_keep_used"": false, ""fallback_used"": false}"
459,apra,apra_hierarchical_cluster,"[82, 55, 67, 38, 40, 11, 93, 50]","[0, 10]","{""best_k"": 3, ""best_score"": 0.5980113744735718, ""selected_cluster"": 0, ""cluster_scores"": {""0"": 4.562596321105957, ""1"": -1.0, ""2"": -1.0}, ""num_trusted"": 8, ""fallback_used"": false}"
459,apra,apra_trust_weighted_clip,"[82, 55, 67, 38, 40, 11, 93, 50]",[],"{""base_clip"": 1.0, ""trust_weights"": {""82"": 0.1428571492433548, ""55"": 0.0, ""67"": 0.1428571492433548, ""38"": 0.1428571492433548, ""40"": 0.1428571492433548, ""11"": 0.1428571492433548, ""93"": 0.1428571492433548, ""50"": 0.1428571492433548}, ""num_aggregated"": 8}"
460,apra,apra_mad_filter,"[14, 98, 60, 20, 78, 36, 21]","[0, 62, 88]","{""median_norm"": 0.48314253109074784, ""mad"": 0.031454586699737885, ""k"": 2.0, ""num_accepted"": 7, ""safety_keep_used"": false, ""fallback_used"": false}"
460,apra,apra_hierarchical_cluster,"[14, 98, 60, 78, 21]","[20, 36]","{""best_k"": 2, ""best_score"": 0.6330202221870422, ""selected_cluster"": 0, ""cluster_scores"": {""0"": 4.882287979125977, ""1"": 1.9685543775558472}, ""num_trusted"": 5, ""fallback_used"": false}"
460,apra,apra_trust_weighted_clip,"[14, 98, 60, 78, 21]",[],"{""base_clip"": 1.0, ""trust_weights"": {""14"": 0.0, ""98"": 0.0, ""60"": 0.12849463522434235, ""78"": 0.4357526898384094, ""21"": 0.4357526898384094}, ""num_aggregated"": 5}"
461,apra,apra_mad_filter,"[0, 53, 61, 7, 72, 4, 44, 95, 67, 96]",[],"{""median_norm"": 0.6607317320965851, ""mad"": 0.06739279743980953, ""k"": 2.0, ""num_accepted"": 10, ""safety_keep_used"": false, ""fallback_used"": false}"
461,apra,apra_hierarchical_cluster,"[53, 61, 7, 72, 4, 44, 95, 67, 96]",[0],"{""best_k"": 2, ""best_score"": 0.5890765190124512, ""selected_cluster"": 0, ""cluster_scores"": {""0"": 2.559034824371338, ""1"": -1.0}, ""num_trusted"": 9, ""fallback_used"": false}"
461,apra,apra_trust_weighted_clip,"[53, 61, 7, 72, 4, 44, 95, 67, 96]",[],"{""base_clip"": 1.0, ""trust_weights"": {""53"": 0.2367275208234787, ""61"": 0.0, ""7"": 0.0530899316072464, ""72"": 0.2367275208234787, ""4"": 0.2367275208234787, ""44"": 0.0, ""95"": 0.0, ""67"": 0.2367275208234787, ""96"": 0.0}, ""num_aggregated"": 9}"
462,apra,apra_mad_filter,"[2, 71, 20, 36, 87, 1, 33, 80, 83, 62]",[],"{""median_norm"": 0.5638718517393464, ""mad"": 0.08444541387972071, ""k"": 2.0, ""num_accepted"": 10, ""safety_keep_used"": false, ""fallback_used"": false}"
462,apra,apra_hierarchical_cluster,"[20, 36, 87, 1, 33, 80, 83, 62]","[2, 71]","{""best_k"": 2, ""best_score"": 0.5744627714157104, ""selected_cluster"": 1, ""cluster_scores"": {""0"": 1.5176761150360107, ""1"": 3.1136202812194824}, ""num_trusted"": 8, ""fallback_used"": false}"
462,apra,apra_trust_weighted_clip,"[20, 36, 87, 1, 33, 80, 83, 62]",[],"{""base_clip"": 1.0, ""trust_weights"": {""20"": 0.20000000298023224, ""36"": 0.20000000298023224, ""87"": 0.20000000298023224, ""1"": 0.0, ""33"": 0.20000000298023224, ""80"": 0.0, ""83"": 0.20000000298023224, ""62"": 0.0}, ""num_aggregated"": 8}"
463,apra,apra_mad_filter,"[3, 92, 76, 90, 42, 62, 23, 37, 0]",[88],"{""median_norm"": 0.5870052798280334, ""mad"": 0.11267564744944758, ""k"": 2.0, ""num_accepted"": 9, ""safety_keep_used"": false, ""fallback_used"": false}"
463,apra,apra_hierarchical_cluster,"[3, 92, 76, 90, 42, 62, 23, 37]",[0],"{""best_k"": 2, ""best_score"": 0.723675012588501, ""selected_cluster"": 0, ""cluster_scores"": {""0"": 5.12575626373291, ""1"": -1.0}, ""num_trusted"": 8, ""fallback_used"": false}"
463,apra,apra_trust_weighted_clip,"[3, 92, 76, 90, 42, 62, 23, 37]",[],"{""base_clip"": 1.0, ""trust_weights"": {""3"": 0.1428571492433548, ""92"": 0.1428571492433548, ""76"": 0.1428571492433548, ""90"": 0.1428571492433548, ""42"": 0.0, ""62"": 0.1428571492433548, ""23"": 0.1428571492433548, ""37"": 0.1428571492433548}, ""num_aggregated"": 8}"
464,apra,apra_mad_filter,"[0, 30, 8, 26, 11, 47, 9, 96, 67, 53]",[],"{""median_norm"": 0.648493587383439, ""mad"": 0.11053714440600171, ""k"": 2.0, ""num_accepted"": 10, ""safety_keep_used"": false, ""fallback_used"": false}"
464,apra,apra_hierarchical_cluster,"[0, 30, 8, 26, 11, 47, 9, 67, 53]",[96],"{""best_k"": 2, ""best_score"": 0.5049924850463867, ""selected_cluster"": 0, ""cluster_scores"": {""0"": 2.067720651626587, ""1"": -1.0}, ""num_trusted"": 9, ""fallback_used"": false}"
464,apra,apra_trust_weighted_clip,"[0, 30, 8, 26, 11, 47, 9, 67, 53]",[],"{""base_clip"": 1.0, ""trust_weights"": {""0"": 0.11255788803100586, ""30"": 0.0, ""8"": 0.12914736568927765, ""26"": 0.11255788803100586, ""11"": 0.12914736568927765, ""47"": 0.12914736568927765, ""9"": 0.12914736568927765, ""67"": 0.12914736568927765, ""53"": 0.12914736568927765}, ""num_aggregated"": 9}"
465,apra,apra_mad_filter,"[0, 58, 76, 72, 78, 56, 23, 99, 20]",[45],"{""median_norm"": 0.5068108190506562, ""mad"": 0.053322693153835116, ""k"": 2.0, ""num_accepted"": 9, ""safety_keep_used"": false, ""fallback_used"": false}"
465,apra,apra_hierarchical_cluster,"[58, 76, 72, 78, 56, 23, 99, 20]",[0],"{""best_k"": 2, ""best_score"": 0.7358108162879944, ""selected_cluster"": 0, ""cluster_scores"": {""0"": 5.447625160217285, ""1"": -1.0}, ""num_trusted"": 8, ""fallback_used"": false}"
465,apra,apra_trust_weighted_clip,"[58, 76, 72, 78, 56, 23, 99, 20]",[],"{""base_clip"": 1.0, ""trust_weights"": {""58"": 0.1428571492433548, ""76"": 0.1428571492433548, ""72"": 0.1428571492433548, ""78"": 0.1428571492433548, ""56"": 0.1428571492433548, ""23"": 0.1428571492433548, ""99"": 0.0, ""20"": 0.1428571492433548}, ""num_aggregated"": 8}"
466,apra,apra_mad_filter,"[2, 79, 39, 82, 34, 83, 13, 35]","[60, 54]","{""median_norm"": 0.5195759174230272, ""mad"": 0.045500989112895934, ""k"": 2.0, ""num_accepted"": 8, ""safety_keep_used"": false, ""fallback_used"": false}"
466,apra,apra_hierarchical_cluster,"[2, 79, 39, 34, 83, 35]","[82, 13]","{""best_k"": 3, ""best_score"": 0.45128199458122253, ""selected_cluster"": 0, ""cluster_scores"": {""0"": 3.671642780303955, ""1"": -1.0, ""2"": -1.0}, ""num_trusted"": 6, ""fallback_used"": false}"
466,apra,apra_trust_weighted_clip,"[2, 79, 39, 34, 83, 35]",[],"{""base_clip"": 1.0, ""trust_weights"": {""2"": 0.25, ""79"": 0.25, ""39"": 0.25, ""34"": 0.25, ""83"": 0.0, ""35"": 0.0}, ""num_aggregated"": 6}"
467,apra,apra_mad_filter,"[4, 45, 65, 28, 24, 47, 10, 77, 74]",[5],"{""median_norm"": 0.6994627355990244, ""mad"": 0.08343662193835993, ""k"": 2.0, ""num_accepted"": 9, ""safety_keep_used"": false, ""fallback_used"": false}"
467,apra,apra_hierarchical_cluster,"[4, 45, 65, 28, 24, 77, 74]","[47, 10]","{""best_k"": 3, ""best_score"": 0.49614033102989197, ""selected_cluster"": 0, ""cluster_scores"": {""0"": 5.845353126525879, ""1"": -1.0, ""2"": -1.0}, ""num_trusted"": 7, ""fallback_used"": false}"
467,apra,apra_trust_weighted_clip,"[4, 45, 65, 28, 24, 77, 74]",[],"{""base_clip"": 1.0, ""trust_weights"": {""4"": 0.1923336237668991, ""45"": 0.13484351336956024, ""65"": 0.1923336237668991, ""28"": 0.0, ""24"": 0.09582193940877914, ""77"": 0.1923336237668991, ""74"": 0.1923336237668991}, ""num_aggregated"": 7}"
468,apra,apra_mad_filter,"[52, 30, 28, 34, 80, 19, 57]","[0, 2, 18]","{""median_norm"": 0.47871550080028225, ""mad"": 0.05215485683896398, ""k"": 2.0, ""num_accepted"": 7, ""safety_keep_used"": false, ""fallback_used"": false}"
468,apra,apra_hierarchical_cluster,"[52, 30, 28, 34, 80, 57]",[19],"{""best_k"": 2, ""best_score"": 0.5436252355575562, ""selected_cluster"": 0, ""cluster_scores"": {""0"": 2.2853691577911377, ""1"": -1.0}, ""num_trusted"": 6, ""fallback_used"": false}"
468,apra,apra_trust_weighted_clip,"[52, 30, 28, 34, 80, 57]",[],"{""base_clip"": 1.0, ""trust_weights"": {""52"": 0.25, ""30"": 0.0, ""28"": 0.0, ""34"": 0.25, ""80"": 0.25, ""57"": 0.25}, ""num_aggregated"": 6}"
469,apra,apra_mad_filter,"[3, 90, 98, 61, 8, 69, 42, 74, 40, 87]",[],"{""median_norm"": 0.45628923161959, ""mad"": 0.06757755543613456, ""k"": 2.0, ""num_accepted"": 10, ""safety_keep_used"": false, ""fallback_used"": false}"
469,apra,apra_hierarchical_cluster,"[3, 90, 98, 61, 8, 69, 74, 40, 87]",[42],"{""best_k"": 2, ""best_score"": 0.6073771715164185, ""selected_cluster"": 0, ""cluster_scores"": {""0"": 2.8120107650756836, ""1"": -1.0}, ""num_trusted"": 9, ""fallback_used"": false}"
469,apra,apra_trust_weighted_clip,"[3, 90, 98, 61, 8, 69, 74, 40, 87]",[],"{""base_clip"": 1.0, ""trust_weights"": {""3"": 0.125, ""90"": 0.125, ""98"": 0.125, ""61"": 0.125, ""8"": 0.0, ""69"": 0.125, ""74"": 0.125, ""40"": 0.125, ""87"": 0.125}, ""num_aggregated"": 9}"
470,apra,apra_mad_filter,"[1, 55, 65, 23, 79, 85, 96, 95]","[31, 47]","{""median_norm"": 0.6074832424591741, ""mad"": 0.06101146433868404, ""k"": 2.0, ""num_accepted"": 8, ""safety_keep_used"": false, ""fallback_used"": false}"
470,apra,apra_hierarchical_cluster,"[1, 65, 23, 79, 96, 95]","[55, 85]","{""best_k"": 2, ""best_score"": 0.7218161821365356, ""selected_cluster"": 1, ""cluster_scores"": {""0"": 1.8591828346252441, ""1"": 5.783977508544922}, ""num_trusted"": 6, ""fallback_used"": false}"
470,apra,apra_trust_weighted_clip,"[1, 65, 23, 79, 96, 95]",[],"{""base_clip"": 1.0, ""trust_weights"": {""1"": 0.20000000298023224, ""65"": 0.20000000298023224, ""23"": 0.20000000298023224, ""79"": 0.20000000298023224, ""96"": 0.0, ""95"": 0.20000000298023224}, ""num_aggregated"": 6}"
471,apra,apra_mad_filter,"[2, 34, 26, 89, 36, 33, 69, 24, 12, 31]",[],"{""median_norm"": 0.4954551911055438, ""mad"": 0.07170954883147668, ""k"": 2.0, ""num_accepted"": 10, ""safety_keep_used"": false, ""fallback_used"": false}"
471,apra,apra_hierarchical_cluster,"[2, 34, 26, 89, 36, 33, 69, 24, 12]",[31],"{""best_k"": 2, ""best_score"": 0.571800708770752, ""selected_cluster"": 0, ""cluster_scores"": {""0"": 1.5031070709228516, ""1"": -1.0}, ""num_trusted"": 9, ""fallback_used"": false}"
471,apra,apra_trust_weighted_clip,"[2, 34, 26, 89, 36, 33, 69, 24, 12]",[],"{""base_clip"": 1.0, ""trust_weights"": {""2"": 0.08777645230293274, ""34"": 0.15203724801540375, ""26"": 0.15203724801540375, ""89"": 0.15203724801540375, ""36"": 0.0, ""33"": 0.0, ""69"": 0.15203724801540375, ""24"": 0.15203724801540375, ""12"": 0.15203724801540375}, ""num_aggregated"": 9}"
472,apra,apra_mad_filter,"[4, 82, 0, 16, 41, 83, 44, 62, 52, 78]",[],"{""median_norm"": 0.5929495391581299, ""mad"": 0.09505188941694703, ""k"": 2.0, ""num_accepted"": 10, ""safety_keep_used"": false, ""fallback_used"": false}"
472,apra,apra_hierarchical_cluster,"[4, 82, 16, 41, 83, 44, 62, 52, 78]",[0],"{""best_k"": 2, ""best_score"": 0.4743904173374176, ""selected_cluster"": 0, ""cluster_scores"": {""0"": 1.3764619827270508, ""1"": -1.0}, ""num_trusted"": 9, ""fallback_used"": false}"
472,apra,apra_trust_weighted_clip,"[4, 82, 16, 41, 83, 44, 62, 52, 78]",[],"{""base_clip"": 1.0, ""trust_weights"": {""4"": 0.0, ""82"": 0.1428571492433548, ""16"": 0.1428571492433548, ""41"": 0.1428571492433548, ""83"": 0.1428571492433548, ""44"": 0.0, ""62"": 0.1428571492433548, ""52"": 0.1428571492433548, ""78"": 0.1428571492433548}, ""num_aggregated"": 9}"
473,apra,apra_mad_filter,"[2, 13, 87, 14, 27, 80, 70, 98, 47]",[48],"{""median_norm"": 0.586545133867389, ""mad"": 0.064578105286687, ""k"": 2.0, ""num_accepted"": 9, ""safety_keep_used"": false, ""fallback_used"": false}"
473,apra,apra_hierarchical_cluster,"[2, 13, 87, 14, 27, 80, 70, 98]",[47],"{""best_k"": 2, ""best_score"": 0.6779066920280457, ""selected_cluster"": 0, ""cluster_scores"": {""0"": 5.874357223510742, ""1"": -1.0}, ""num_trusted"": 8, ""fallback_used"": false}"
473,apra,apra_trust_weighted_clip,"[2, 13, 87, 14, 27, 80, 70, 98]",[],"{""base_clip"": 1.0, ""trust_weights"": {""2"": 0.1666666716337204, ""13"": 0.1666666716337204, ""87"": 0.1666666716337204, ""14"": 0.0, ""27"": 0.1666666716337204, ""80"": 0.1666666716337204, ""70"": 0.0, ""98"": 0.1666666716337204}, ""num_aggregated"": 8}"
474,apra,apra_mad_filter,"[2, 32, 21, 27, 61, 1, 65, 98, 28]",[47],"{""median_norm"": 0.5538393444440088, ""mad"": 0.08815676203661094, ""k"": 2.0, ""num_accepted"": 9, ""safety_keep_used"": false, ""fallback_used"": false}"
474,apra,apra_hierarchical_cluster,"[2, 21, 27, 61, 1, 65, 98, 28]",[32],"{""best_k"": 2, ""best_score"": 0.5843669176101685, ""selected_cluster"": 0, ""cluster_scores"": {""0"": 5.014771461486816, ""1"": -1.0}, ""num_trusted"": 8, ""fallback_used"": false}"
474,apra,apra_trust_weighted_clip,"[2, 21, 27, 61, 1, 65, 98, 28]",[],"{""base_clip"": 1.0, ""trust_weights"": {""2"": 0.1428571492433548, ""21"": 0.1428571492433548, ""27"": 0.1428571492433548, ""61"": 0.1428571492433548, ""1"": 0.1428571492433548, ""65"": 0.1428571492433548, ""98"": 0.1428571492433548, ""28"": 0.0}, ""num_aggregated"": 8}"
475,apra,apra_mad_filter,"[4, 64, 32, 16, 60, 41, 22, 20]","[88, 92]","{""median_norm"": 0.5770812337355056, ""mad"": 0.10143356701431888, ""k"": 2.0, ""num_accepted"": 8, ""safety_keep_used"": false, ""fallback_used"": false}"
475,apra,apra_hierarchical_cluster,"[4, 64, 16, 60, 41, 22, 20]",[32],"{""best_k"": 2, ""best_score"": 0.5540216565132141, ""selected_cluster"": 0, ""cluster_scores"": {""0"": 5.661423683166504, ""1"": -1.0}, ""num_trusted"": 7, ""fallback_used"": false}"
475,apra,apra_trust_weighted_clip,"[4, 64, 16, 60, 41, 22, 20]",[],"{""base_clip"": 1.0, ""trust_weights"": {""4"": 0.20000000298023224, ""64"": 0.20000000298023224, ""16"": 0.20000000298023224, ""60"": 0.20000000298023224, ""41"": 0.0, ""22"": 0.20000000298023224, ""20"": 0.0}, ""num_aggregated"": 7}"
476,apra,apra_mad_filter,"[1, 19, 31, 33, 90, 95, 27, 73]","[36, 13]","{""median_norm"": 0.6854764269922696, ""mad"": 0.06359116641595852, ""k"": 2.0, ""num_accepted"": 8, ""safety_keep_used"": false, ""fallback_used"": false}"
476,apra,apra_hierarchical_cluster,"[1, 19, 31, 33, 90, 95, 27]",[73],"{""best_k"": 2, ""best_score"": 0.5514957904815674, ""selected_cluster"": 0, ""cluster_scores"": {""0"": 3.377869129180908, ""1"": -1.0}, ""num_trusted"": 7, ""fallback_used"": false}"
476,apra,apra_trust_weighted_clip,"[1, 19, 31, 33, 90, 95, 27]",[],"{""base_clip"": 1.0, ""trust_weights"": {""1"": 0.20000000298023224, ""19"": 0.20000000298023224, ""31"": 0.0, ""33"": 0.20000000298023224, ""90"": 0.20000000298023224, ""95"": 0.0, ""27"": 0.20000000298023224}, ""num_aggregated"": 7}"
477,apra,apra_mad_filter,"[2, 95, 62, 74, 56, 42, 22, 71, 0, 63]",[],"{""median_norm"": 0.6165835656134246, ""mad"": 0.11153936764921507, ""k"": 2.0, ""num_accepted"": 10, ""safety_keep_used"": false, ""fallback_used"": false}"
477,apra,apra_hierarchical_cluster,"[2, 95, 62, 74, 56, 22, 71, 0, 63]",[42],"{""best_k"": 2, ""best_score"": 0.46300944685935974, ""selected_cluster"": 0, ""cluster_scores"": {""0"": 1.3309344053268433, ""1"": -1.0}, ""num_trusted"": 9, ""fallback_used"": false}"
477,apra,apra_trust_weighted_clip,"[2, 95, 62, 74, 56, 22, 71, 0, 63]",[],"{""base_clip"": 1.0, ""trust_weights"": {""2"": 0.153037428855896, ""95"": 0.153037428855896, ""62"": 0.153037428855896, ""74"": 0.153037428855896, ""56"": 0.153037428855896, ""22"": 0.153037428855896, ""71"": 0.0, ""0"": 0.0, ""63"": 0.08177541941404343}, ""num_aggregated"": 9}"
478,apra,apra_mad_filter,"[1, 29, 48, 3, 2, 54, 91, 34, 89, 42]",[],"{""median_norm"": 0.5275720882752151, ""mad"": 0.07519576922116111, ""k"": 2.0, ""num_accepted"": 10, ""safety_keep_used"": false, ""fallback_used"": false}"
478,apra,apra_hierarchical_cluster,"[1, 29, 3, 2, 54, 91, 34, 89, 42]",[48],"{""best_k"": 2, ""best_score"": 0.6880366802215576, ""selected_cluster"": 0, ""cluster_scores"": {""0"": 4.613762855529785, ""1"": -1.0}, ""num_trusted"": 9, ""fallback_used"": false}"
478,apra,apra_trust_weighted_clip,"[1, 29, 3, 2, 54, 91, 34, 89, 42]",[],"{""base_clip"": 1.0, ""trust_weights"": {""1"": 0.13893961906433105, ""29"": 0.13893961906433105, ""3"": 0.13893961906433105, ""2"": 0.13893961906433105, ""54"": 0.02742275781929493, ""91"": 0.13893961906433105, ""34"": 0.13893961906433105, ""89"": 0.13893961906433105, ""42"": 0.0}, ""num_aggregated"": 9}"
479,apra,apra_mad_filter,"[2, 93, 6, 40, 22, 79, 38, 61, 87]",[67],"{""median_norm"": 0.5144666362489048, ""mad"": 0.058938825794858984, ""k"": 2.0, ""num_accepted"": 9, ""safety_keep_used"": false, ""fallback_used"": false}"
479,apra,apra_hierarchical_cluster,"[2, 93, 6, 22, 79, 38, 61, 87]",[40],"{""best_k"": 2, ""best_score"": 0.5232498645782471, ""selected_cluster"": 0, ""cluster_scores"": {""0"": 2.9917502403259277, ""1"": -1.0}, ""num_trusted"": 8, ""fallback_used"": false}"
479,apra,apra_trust_weighted_clip,"[2, 93, 6, 22, 79, 38, 61, 87]",[],"{""base_clip"": 1.0, ""trust_weights"": {""2"": 0.24304965138435364, ""93"": 0.06578274071216583, ""6"": 0.0, ""22"": 0.21980617940425873, ""79"": 0.015380801633000374, ""38"": 0.10646550357341766, ""61"": 0.10646550357341766, ""87"": 0.24304965138435364}, ""num_aggregated"": 8}"
480,apra,apra_mad_filter,"[4, 21, 67, 49, 24, 47, 95, 45, 57, 96]",[],"{""median_norm"": 0.5861297148466424, ""mad"": 0.09117255961716647, ""k"": 2.0, ""num_accepted"": 10, ""safety_keep_used"": false, ""fallback_used"": false}"
480,apra,apra_hierarchical_cluster,"[4, 21, 67, 49, 24, 95, 45, 57, 96]",[47],"{""best_k"": 2, ""best_score"": 0.5967615842819214, ""selected_cluster"": 0, ""cluster_scores"": {""0"": 2.3362720012664795, ""1"": -1.0}, ""num_trusted"": 9, ""fallback_used"": false}"
480,apra,apra_trust_weighted_clip,"[4, 21, 67, 49, 24, 95, 45, 57, 96]",[],"{""base_clip"": 1.0, ""trust_weights"": {""4"": 0.1666666716337204, ""21"": 0.1666666716337204, ""67"": 0.1666666716337204, ""49"": 0.1666666716337204, ""24"": 0.1666666716337204, ""95"": 0.0, ""45"": 0.0, ""57"": 0.1666666716337204, ""96"": 0.0}, ""num_aggregated"": 9}"
481,apra,apra_mad_filter,"[1, 74, 25, 94, 96, 58, 99, 55]","[3, 97]","{""median_norm"": 0.5067022617900188, ""mad"": 0.025015054213124277, ""k"": 2.0, ""num_accepted"": 8, ""safety_keep_used"": false, ""fallback_used"": false}"
481,apra,apra_hierarchical_cluster,"[1, 74, 25, 94, 58, 99, 55]",[96],"{""best_k"": 2, ""best_score"": 0.5362763404846191, ""selected_cluster"": 0, ""cluster_scores"": {""0"": 1.8290730714797974, ""1"": -1.0}, ""num_trusted"": 7, ""fallback_used"": false}"
481,apra,apra_trust_weighted_clip,"[1, 74, 25, 94, 58, 99, 55]",[],"{""base_clip"": 1.0, ""trust_weights"": {""1"": 0.3257782757282257, ""74"": 0.1742216944694519, ""25"": 0.0, ""94"": 0.3257782757282257, ""58"": 0.0, ""99"": 0.0, ""55"": 0.1742216944694519}, ""num_aggregated"": 7}"
482,apra,apra_mad_filter,"[1, 81, 82, 47, 65, 60, 93, 28, 49, 3]",[],"{""median_norm"": 0.5823712345711722, ""mad"": 0.10568254343705324, ""k"": 2.0, ""num_accepted"": 10, ""safety_keep_used"": false, ""fallback_used"": false}"
482,apra,apra_hierarchical_cluster,"[1, 81, 82, 65, 60, 93, 49, 3]","[47, 28]","{""best_k"": 2, ""best_score"": 0.6433255076408386, ""selected_cluster"": 1, ""cluster_scores"": {""0"": 1.914233922958374, ""1"": 4.935949325561523}, ""num_trusted"": 8, ""fallback_used"": false}"
482,apra,apra_trust_weighted_clip,"[1, 81, 82, 65, 60, 93, 49, 3]",[],"{""base_clip"": 1.0, ""trust_weights"": {""1"": 0.1428571492433548, ""81"": 0.1428571492433548, ""82"": 0.0, ""65"": 0.1428571492433548, ""60"": 0.1428571492433548, ""93"": 0.1428571492433548, ""49"": 0.1428571492433548, ""3"": 0.1428571492433548}, ""num_aggregated"": 8}"
483,apra,apra_mad_filter,"[4, 8, 69, 18, 54, 19, 97]","[48, 46, 87]","{""median_norm"": 0.55498637561935, ""mad"": 0.04456234401374354, ""k"": 2.0, ""num_accepted"": 7, ""safety_keep_used"": false, ""fallback_used"": false}"
483,apra,apra_hierarchical_cluster,"[4, 8, 69, 18, 19, 97]",[54],"{""best_k"": 2, ""best_score"": 0.5094408988952637, ""selected_cluster"": 0, ""cluster_scores"": {""0"": 1.7199809551239014, ""1"": -1.0}, ""num_trusted"": 6, ""fallback_used"": false}"
483,apra,apra_trust_weighted_clip,"[4, 8, 69, 18, 19, 97]",[],"{""base_clip"": 1.0, ""trust_weights"": {""4"": 0.24524031579494476, ""8"": 0.24524031579494476, ""69"": 0.24524031579494476, ""18"": 0.24524031579494476, ""19"": 0.0, ""97"": 0.01903873309493065}, ""num_aggregated"": 6}"
484,apra,apra_mad_filter,"[1, 86, 11, 53, 59, 3, 9]","[91, 48, 26]","{""median_norm"": 0.5108577616044112, ""mad"": 0.05185583268615718, ""k"": 2.0, ""num_accepted"": 7, ""safety_keep_used"": false, ""fallback_used"": false}"
484,apra,apra_hierarchical_cluster,"[1, 86, 11, 53, 3, 9]",[59],"{""best_k"": 2, ""best_score"": 0.48183149099349976, ""selected_cluster"": 0, ""cluster_scores"": {""0"": 4.467111110687256, ""1"": -1.0}, ""num_trusted"": 6, ""fallback_used"": false}"
484,apra,apra_trust_weighted_clip,"[1, 86, 11, 53, 3, 9]",[],"{""base_clip"": 1.0, ""trust_weights"": {""1"": 0.25, ""86"": 0.25, ""11"": 0.0, ""53"": 0.25, ""3"": 0.25, ""9"": 0.0}, ""num_aggregated"": 6}"
485,apra,apra_mad_filter,"[1, 82, 58, 96, 4, 28, 39, 99, 13, 37]",[],"{""median_norm"": 0.5316812131390153, ""mad"": 0.10889538237314253, ""k"": 2.0, ""num_accepted"": 10, ""safety_keep_used"": false, ""fallback_used"": false}"
485,apra,apra_hierarchical_cluster,"[1, 82, 58, 4, 28, 39, 99, 13, 37]",[96],"{""best_k"": 2, ""best_score"": 0.6368067860603333, ""selected_cluster"": 0, ""cluster_scores"": {""0"": 1.8165425062179565, ""1"": -1.0}, ""num_trusted"": 9, ""fallback_used"": false}"
485,apra,apra_trust_weighted_clip,"[1, 82, 58, 4, 28, 39, 99, 13, 37]",[],"{""base_clip"": 1.0, ""trust_weights"": {""1"": 0.17485767602920532, ""82"": 0.0, ""58"": 0.15028466284275055, ""4"": 0.0, ""28"": 0.17485767602920532, ""39"": 0.15028466284275055, ""99"": 0.0, ""13"": 0.17485767602920532, ""37"": 0.17485767602920532}, ""num_aggregated"": 9}"
486,apra,apra_mad_filter,"[3, 62, 44, 97, 49, 90, 70, 66, 87, 54]",[],"{""median_norm"": 0.5447409835769079, ""mad"": 0.08122135746052167, ""k"": 2.0, ""num_accepted"": 10, ""safety_keep_used"": false, ""fallback_used"": false}"
486,apra,apra_hierarchical_cluster,"[3, 62, 44, 97, 49, 90, 70, 66, 87]",[54],"{""best_k"": 2, ""best_score"": 0.7135113477706909, ""selected_cluster"": 0, ""cluster_scores"": {""0"": 4.09151029586792, ""1"": -1.0}, ""num_trusted"": 9, ""fallback_used"": false}"
486,apra,apra_trust_weighted_clip,"[3, 62, 44, 97, 49, 90, 70, 66, 87]",[],"{""base_clip"": 1.0, ""trust_weights"": {""3"": 0.125, ""62"": 0.125, ""44"": 0.125, ""97"": 0.0, ""49"": 0.125, ""90"": 0.125, ""70"": 0.125, ""66"": 0.125, ""87"": 0.125}, ""num_aggregated"": 9}"
487,apra,apra_mad_filter,"[1, 63, 12, 31, 57, 76, 69, 61, 2]",[95],"{""median_norm"": 0.4866033198920682, ""mad"": 0.04557656770105667, ""k"": 2.0, ""num_accepted"": 9, ""safety_keep_used"": false, ""fallback_used"": false}"
487,apra,apra_hierarchical_cluster,"[1, 63, 12, 57, 76, 69, 61, 2]",[31],"{""best_k"": 2, ""best_score"": 0.7108771800994873, ""selected_cluster"": 0, ""cluster_scores"": {""0"": 3.9266319274902344, ""1"": -1.0}, ""num_trusted"": 8, ""fallback_used"": false}"
487,apra,apra_trust_weighted_clip,"[1, 63, 12, 57, 76, 69, 61, 2]",[],"{""base_clip"": 1.0, ""trust_weights"": {""1"": 0.1666666716337204, ""63"": 0.1666666716337204, ""12"": 0.1666666716337204, ""57"": 0.1666666716337204, ""76"": 0.1666666716337204, ""69"": 0.0, ""61"": 0.1666666716337204, ""2"": 0.0}, ""num_aggregated"": 8}"
488,apra,apra_mad_filter,"[4, 3, 89, 43, 32, 65, 24, 70, 75, 71]",[],"{""median_norm"": 0.5539449765309179, ""mad"": 0.08424735634013875, ""k"": 2.0, ""num_accepted"": 10, ""safety_keep_used"": false, ""fallback_used"": false}"
488,apra,apra_hierarchical_cluster,"[4, 3, 89, 43, 65, 24, 70, 75, 71]",[32],"{""best_k"": 2, ""best_score"": 0.5993965268135071, ""selected_cluster"": 0, ""cluster_scores"": {""0"": 2.170466423034668, ""1"": -1.0}, ""num_trusted"": 9, ""fallback_used"": false}"
488,apra,apra_trust_weighted_clip,"[4, 3, 89, 43, 65, 24, 70, 75, 71]",[],"{""base_clip"": 1.0, ""trust_weights"": {""4"": 0.127815380692482, ""3"": 0.0, ""89"": 0.1165538877248764, ""43"": 0.127815380692482, ""65"": 0.127815380692482, ""24"": 0.1165538877248764, ""70"": 0.127815380692482, ""75"": 0.127815380692482, ""71"": 0.127815380692482}, ""num_aggregated"": 9}"
489,apra,apra_mad_filter,"[23, 91, 20, 84, 29, 85, 79, 50, 43]",[0],"{""median_norm"": 0.480601408462935, ""mad"": 0.06127307252979863, ""k"": 2.0, ""num_accepted"": 9, ""safety_keep_used"": false, ""fallback_used"": false}"
489,apra,apra_hierarchical_cluster,"[23, 91, 84, 29, 85, 79, 50, 43]",[20],"{""best_k"": 2, ""best_score"": 0.4880133271217346, ""selected_cluster"": 0, ""cluster_scores"": {""0"": 7.101118087768555, ""1"": -1.0}, ""num_trusted"": 8, ""fallback_used"": false}"
489,apra,apra_trust_weighted_clip,"[23, 91, 84, 29, 85, 79, 50, 43]",[],"{""base_clip"": 1.0, ""trust_weights"": {""23"": 0.1428571492433548, ""91"": 0.1428571492433548, ""84"": 0.1428571492433548, ""29"": 0.1428571492433548, ""85"": 0.0, ""79"": 0.1428571492433548, ""50"": 0.1428571492433548, ""43"": 0.1428571492433548}, ""num_aggregated"": 8}"
490,apra,apra_mad_filter,"[89, 96, 25, 98, 83, 63, 50, 35]","[3, 47]","{""median_norm"": 0.5716551649836932, ""mad"": 0.0480791250968145, ""k"": 2.0, ""num_accepted"": 8, ""safety_keep_used"": false, ""fallback_used"": false}"
490,apra,apra_hierarchical_cluster,"[89, 25, 98, 83, 63, 50, 35]",[96],"{""best_k"": 2, ""best_score"": 0.4538344144821167, ""selected_cluster"": 0, ""cluster_scores"": {""0"": 3.308013916015625, ""1"": -1.0}, ""num_trusted"": 7, ""fallback_used"": false}"
490,apra,apra_trust_weighted_clip,"[89, 25, 98, 83, 63, 50, 35]",[],"{""base_clip"": 1.0, ""trust_weights"": {""89"": 0.1666666716337204, ""25"": 0.1666666716337204, ""98"": 0.1666666716337204, ""83"": 0.1666666716337204, ""63"": 0.1666666716337204, ""50"": 0.1666666716337204, ""35"": 0.0}, ""num_aggregated"": 7}"
491,apra,apra_mad_filter,"[2, 43, 15, 21, 81, 42, 50, 20, 22]",[1],"{""median_norm"": 0.4947045707348029, ""mad"": 0.03262866744111603, ""k"": 2.0, ""num_accepted"": 9, ""safety_keep_used"": false, ""fallback_used"": false}"
491,apra,apra_hierarchical_cluster,"[2, 43, 15, 21, 81, 50, 20, 22]",[42],"{""best_k"": 2, ""best_score"": 0.5959733724594116, ""selected_cluster"": 0, ""cluster_scores"": {""0"": 1.9534037113189697, ""1"": -1.0}, ""num_trusted"": 8, ""fallback_used"": false}"
491,apra,apra_trust_weighted_clip,"[2, 43, 15, 21, 81, 50, 20, 22]",[],"{""base_clip"": 1.0, ""trust_weights"": {""2"": 0.0, ""43"": 0.24170182645320892, ""15"": 0.01659633219242096, ""21"": 0.0, ""81"": 0.01659633219242096, ""50"": 0.24170182645320892, ""20"": 0.24170182645320892, ""22"": 0.24170182645320892}, ""num_aggregated"": 8}"
492,apra,apra_mad_filter,"[4, 85, 27, 36, 99, 53, 33, 87, 35]",[17],"{""median_norm"": 0.5436532986844655, ""mad"": 0.08637086101618663, ""k"": 2.0, ""num_accepted"": 9, ""safety_keep_used"": false, ""fallback_used"": false}"
492,apra,apra_hierarchical_cluster,"[4, 85, 27, 99, 53, 33, 87, 35]",[36],"{""best_k"": 2, ""best_score"": 0.37855029106140137, ""selected_cluster"": 0, ""cluster_scores"": {""0"": 0.5997568368911743, ""1"": -1.0}, ""num_trusted"": 8, ""fallback_used"": false}"
492,apra,apra_trust_weighted_clip,"[4, 85, 27, 99, 53, 33, 87, 35]",[],"{""base_clip"": 1.0, ""trust_weights"": {""4"": 0.1474224328994751, ""85"": 0.1474224328994751, ""27"": 0.1474224328994751, ""99"": 0.0, ""53"": 0.1474224328994751, ""33"": 0.1474224328994751, ""87"": 0.11546535044908524, ""35"": 0.1474224328994751}, ""num_aggregated"": 8}"
493,apra,apra_mad_filter,"[4, 73, 94, 50, 16, 27, 67, 8, 58]",[88],"{""median_norm"": 0.5397690926535381, ""mad"": 0.10403903471961054, ""k"": 2.0, ""num_accepted"": 9, ""safety_keep_used"": false, ""fallback_used"": false}"
493,apra,apra_hierarchical_cluster,"[4, 94, 50, 16, 27, 67, 8, 58]",[73],"{""best_k"": 2, ""best_score"": 0.7736955881118774, ""selected_cluster"": 0, ""cluster_scores"": {""0"": 7.542646884918213, ""1"": -1.0}, ""num_trusted"": 8, ""fallback_used"": false}"
493,apra,apra_trust_weighted_clip,"[4, 94, 50, 16, 27, 67, 8, 58]",[],"{""base_clip"": 1.0, ""trust_weights"": {""4"": 0.12573841214179993, ""94"": 0.17485232651233673, ""50"": 0.17485232651233673, ""16"": 0.17485232651233673, ""27"": 0.17485232651233673, ""67"": 0.0, ""8"": 0.0, ""58"": 0.17485232651233673}, ""num_aggregated"": 8}"
494,apra,apra_mad_filter,"[72, 87, 49, 6, 94, 56, 76, 84]","[0, 73]","{""median_norm"": 0.5371452811524723, ""mad"": 0.05103569258149884, ""k"": 2.0, ""num_accepted"": 8, ""safety_keep_used"": false, ""fallback_used"": false}"
494,apra,apra_hierarchical_cluster,"[87, 49, 6, 94, 56, 76, 84]",[72],"{""best_k"": 2, ""best_score"": 0.42615967988967896, ""selected_cluster"": 0, ""cluster_scores"": {""0"": 6.484958648681641, ""1"": -1.0}, ""num_trusted"": 7, ""fallback_used"": false}"
494,apra,apra_trust_weighted_clip,"[87, 49, 6, 94, 56, 76, 84]",[],"{""base_clip"": 1.0, ""trust_weights"": {""87"": 0.12824681401252747, ""49"": 0.0, ""6"": 0.27923184633255005, ""94"": 0.27923184633255005, ""56"": 0.0, ""76"": 0.1566447913646698, ""84"": 0.1566447913646698}, ""num_aggregated"": 7}"
495,apra,apra_mad_filter,"[1, 78, 77, 34, 44, 10, 5, 50, 85, 68]",[],"{""median_norm"": 0.4688674183889341, ""mad"": 0.056436235093947185, ""k"": 2.0, ""num_accepted"": 10, ""safety_keep_used"": false, ""fallback_used"": false}"
495,apra,apra_hierarchical_cluster,"[1, 78, 77, 34, 44, 5, 50, 85, 68]",[10],"{""best_k"": 2, ""best_score"": 0.5867096185684204, ""selected_cluster"": 0, ""cluster_scores"": {""0"": 3.6183488368988037, ""1"": -1.0}, ""num_trusted"": 9, ""fallback_used"": false}"
495,apra,apra_trust_weighted_clip,"[1, 78, 77, 34, 44, 5, 50, 85, 68]",[],"{""base_clip"": 1.0, ""trust_weights"": {""1"": 0.14941608905792236, ""78"": 0.14941608905792236, ""77"": 0.14941608905792236, ""34"": 0.14941608905792236, ""44"": 0.0, ""5"": 0.1156323254108429, ""50"": 0.14941608905792236, ""85"": 0.0, ""68"": 0.13728727400302887}, ""num_aggregated"": 9}"
496,apra,apra_mad_filter,"[1, 67, 93, 20, 79, 19, 10, 49, 75, 94]",[],"{""median_norm"": 0.489591196476615, ""mad"": 0.07047083524604222, ""k"": 2.0, ""num_accepted"": 10, ""safety_keep_used"": false, ""fallback_used"": false}"
496,apra,apra_hierarchical_cluster,"[1, 67, 93, 20, 79, 19, 49, 75, 94]",[10],"{""best_k"": 2, ""best_score"": 0.6447372436523438, ""selected_cluster"": 0, ""cluster_scores"": {""0"": 2.7078042030334473, ""1"": -1.0}, ""num_trusted"": 9, ""fallback_used"": false}"
496,apra,apra_trust_weighted_clip,"[1, 67, 93, 20, 79, 19, 49, 75, 94]",[],"{""base_clip"": 1.0, ""trust_weights"": {""1"": 0.20000000298023224, ""67"": 0.0, ""93"": 0.20000000298023224, ""20"": 0.20000000298023224, ""79"": 0.20000000298023224, ""19"": 0.0, ""49"": 0.0, ""75"": 0.0, ""94"": 0.20000000298023224}, ""num_aggregated"": 9}"
497,apra,apra_mad_filter,"[3, 1, 40, 89, 63, 65, 48, 90, 64]",[24],"{""median_norm"": 0.4937376623739649, ""mad"": 0.08441390404655952, ""k"": 2.0, ""num_accepted"": 9, ""safety_keep_used"": false, ""fallback_used"": false}"
497,apra,apra_hierarchical_cluster,"[3, 1, 40, 89, 63, 65, 90, 64]",[48],"{""best_k"": 2, ""best_score"": 0.7189145088195801, ""selected_cluster"": 0, ""cluster_scores"": {""0"": 3.7015433311462402, ""1"": -1.0}, ""num_trusted"": 8, ""fallback_used"": false}"
497,apra,apra_trust_weighted_clip,"[3, 1, 40, 89, 63, 65, 90, 64]",[],"{""base_clip"": 1.0, ""trust_weights"": {""3"": 0.14900250732898712, ""1"": 0.15736950933933258, ""40"": 0.15736950933933258, ""89"": 0.15736950933933258, ""63"": 0.14900250732898712, ""65"": 0.07251692563295364, ""90"": 0.0, ""64"": 0.15736950933933258}, ""num_aggregated"": 8}"
498,apra,apra_mad_filter,"[0, 97, 8, 32, 54, 84, 25, 82, 2]",[47],"{""median_norm"": 0.5968953782756823, ""mad"": 0.05610435011651049, ""k"": 2.0, ""num_accepted"": 9, ""safety_keep_used"": false, ""fallback_used"": false}"
498,apra,apra_hierarchical_cluster,"[8, 32, 84, 25, 2]","[0, 97, 54, 82]","{""best_k"": 4, ""best_score"": 0.5238049030303955, ""selected_cluster"": 0, ""cluster_scores"": {""0"": 4.480530738830566, ""1"": 1.9302358627319336, ""2"": -1.0, ""3"": -1.0}, ""num_trusted"": 5, ""fallback_used"": false}"
498,apra,apra_trust_weighted_clip,"[8, 32, 84, 25, 2]",[],"{""base_clip"": 1.0, ""trust_weights"": {""8"": 0.0, ""32"": 0.3333333432674408, ""84"": 0.3333333432674408, ""25"": 0.0, ""2"": 0.3333333432674408}, ""num_aggregated"": 5}"
499,apra,apra_mad_filter,"[3, 77, 43, 84, 54, 23, 41, 81, 5]",[97],"{""median_norm"": 0.7378856096262769, ""mad"": 0.06790739726531969, ""k"": 2.0, ""num_accepted"": 9, ""safety_keep_used"": false, ""fallback_used"": false}"
499,apra,apra_hierarchical_cluster,"[3, 77, 43, 84, 23, 41, 81, 5]",[54],"{""best_k"": 2, ""best_score"": 0.7125582695007324, ""selected_cluster"": 0, ""cluster_scores"": {""0"": 4.53169059753418, ""1"": -1.0}, ""num_trusted"": 8, ""fallback_used"": false}"
499,apra,apra_trust_weighted_clip,"[3, 77, 43, 84, 23, 41, 81, 5]",[],"{""base_clip"": 1.0, ""trust_weights"": {""3"": 0.1666666716337204, ""77"": 0.1666666716337204, ""43"": 0.1666666716337204, ""84"": 0.1666666716337204, ""23"": 0.1666666716337204, ""41"": 0.0, ""81"": 0.0, ""5"": 0.1666666716337204}, ""num_aggregated"": 8}"
500,apra,apra_mad_filter,"[4, 50, 79, 39, 10, 18, 28, 41, 22, 71]",[],"{""median_norm"": 0.5366673192872379, ""mad"": 0.06748781415323171, ""k"": 2.0, ""num_accepted"": 10, ""safety_keep_used"": false, ""fallback_used"": false}"
500,apra,apra_hierarchical_cluster,"[4, 50, 79, 39, 18, 28, 41, 22, 71]",[10],"{""best_k"": 2, ""best_score"": 0.6968571543693542, ""selected_cluster"": 0, ""cluster_scores"": {""0"": 2.690973997116089, ""1"": -1.0}, ""num_trusted"": 9, ""fallback_used"": false}"
500,apra,apra_trust_weighted_clip,"[4, 50, 79, 39, 18, 28, 41, 22, 71]",[],"{""base_clip"": 1.0, ""trust_weights"": {""4"": 0.125, ""50"": 0.125, ""79"": 0.125, ""39"": 0.125, ""18"": 0.125, ""28"": 0.125, ""41"": 0.125, ""22"": 0.125, ""71"": 0.0}, ""num_aggregated"": 9}"
