epoch,method,status,initial_participants,final_selected,rejected,num_initial,num_final,stage_names,pkl_path
1,deepsight,success,"[3, 71, 32, 58, 4, 24, 62, 67, 43, 29]","[3, 71, 32, 58, 4, 24, 62, 67, 43, 29]",[],10,10,"[""deepsight_ensemble_cluster"", ""deepsight_final_filter""]",../main/re_result_6-29_APRA/cifar10_500_Jul.01_13.57.33_deepsight_fix_True_no-mia_no-mia-class_no-noise_a3fl/agg_records/pkl/round_0001_deepsight.pkl
2,deepsight,success,"[3, 73, 72, 99, 20, 15, 37, 93, 74, 22]","[3, 73, 72, 99, 20, 15, 37, 93, 74, 22]",[],10,10,"[""deepsight_ensemble_cluster"", ""deepsight_final_filter""]",../main/re_result_6-29_APRA/cifar10_500_Jul.01_13.57.33_deepsight_fix_True_no-mia_no-mia-class_no-noise_a3fl/agg_records/pkl/round_0002_deepsight.pkl
3,deepsight,success,"[2, 11, 29, 61, 14, 62, 31, 0, 55, 89]","[2, 11, 29, 61, 14, 62, 31, 0, 55, 89]",[],10,10,"[""deepsight_ensemble_cluster"", ""deepsight_final_filter""]",../main/re_result_6-29_APRA/cifar10_500_Jul.01_13.57.33_deepsight_fix_True_no-mia_no-mia-class_no-noise_a3fl/agg_records/pkl/round_0003_deepsight.pkl
4,deepsight,success,"[1, 73, 5, 68, 48, 28, 53, 72, 34, 88]","[1, 73, 5, 68, 48, 28, 53, 72, 34, 88]",[],10,10,"[""deepsight_ensemble_cluster"", ""deepsight_final_filter""]",../main/re_result_6-29_APRA/cifar10_500_Jul.01_13.57.33_deepsight_fix_True_no-mia_no-mia-class_no-noise_a3fl/agg_records/pkl/round_0004_deepsight.pkl
5,deepsight,success,"[4, 27, 55, 98, 67, 16, 57, 21, 26, 69]","[4, 27, 55, 98, 67, 16, 57, 21, 26, 69]",[],10,10,"[""deepsight_ensemble_cluster"", ""deepsight_final_filter""]",../main/re_result_6-29_APRA/cifar10_500_Jul.01_13.57.33_deepsight_fix_True_no-mia_no-mia-class_no-noise_a3fl/agg_records/pkl/round_0005_deepsight.pkl
6,deepsight,success,"[3, 55, 44, 86, 53, 6, 52, 61, 62, 48]","[3, 55, 44, 86, 53, 6, 52, 61, 62, 48]",[],10,10,"[""deepsight_ensemble_cluster"", ""deepsight_final_filter""]",../main/re_result_6-29_APRA/cifar10_500_Jul.01_13.57.33_deepsight_fix_True_no-mia_no-mia-class_no-noise_a3fl/agg_records/pkl/round_0006_deepsight.pkl
7,deepsight,success,"[2, 73, 46, 58, 32, 95, 97, 42, 38, 13]","[2, 73, 46, 58, 32, 95, 97, 42, 38, 13]",[],10,10,"[""deepsight_ensemble_cluster"", ""deepsight_final_filter""]",../main/re_result_6-29_APRA/cifar10_500_Jul.01_13.57.33_deepsight_fix_True_no-mia_no-mia-class_no-noise_a3fl/agg_records/pkl/round_0007_deepsight.pkl
8,deepsight,success,"[0, 41, 96, 97, 82, 86, 57, 62, 85, 17]","[0, 41, 96, 97, 82, 86, 57, 62, 85, 17]",[],10,10,"[""deepsight_ensemble_cluster"", ""deepsight_final_filter""]",../main/re_result_6-29_APRA/cifar10_500_Jul.01_13.57.33_deepsight_fix_True_no-mia_no-mia-class_no-noise_a3fl/agg_records/pkl/round_0008_deepsight.pkl
9,deepsight,success,"[2, 1, 38, 6, 23, 43, 89, 96, 69, 84]","[2, 38, 6, 89]","[1, 23, 43, 96, 69, 84]",10,4,"[""deepsight_ensemble_cluster"", ""deepsight_final_filter""]",../main/re_result_6-29_APRA/cifar10_500_Jul.01_13.57.33_deepsight_fix_True_no-mia_no-mia-class_no-noise_a3fl/agg_records/pkl/round_0009_deepsight.pkl
10,deepsight,success,"[4, 95, 65, 71, 9, 3, 81, 70, 41, 42]","[4, 95, 65, 71, 9, 81, 70, 41, 42]",[3],10,9,"[""deepsight_ensemble_cluster"", ""deepsight_final_filter""]",../main/re_result_6-29_APRA/cifar10_500_Jul.01_13.57.33_deepsight_fix_True_no-mia_no-mia-class_no-noise_a3fl/agg_records/pkl/round_0010_deepsight.pkl
11,deepsight,success,"[4, 58, 20, 28, 44, 63, 65, 38, 97, 47]","[4, 58, 20, 28, 44, 63, 65, 38, 97, 47]",[],10,10,"[""deepsight_ensemble_cluster"", ""deepsight_final_filter""]",../main/re_result_6-29_APRA/cifar10_500_Jul.01_13.57.33_deepsight_fix_True_no-mia_no-mia-class_no-noise_a3fl/agg_records/pkl/round_0011_deepsight.pkl
12,deepsight,success,"[3, 81, 20, 6, 68, 2, 37, 15, 11, 48]","[3, 81, 20, 6, 68, 2, 37, 15, 11, 48]",[],10,10,"[""deepsight_ensemble_cluster"", ""deepsight_final_filter""]",../main/re_result_6-29_APRA/cifar10_500_Jul.01_13.57.33_deepsight_fix_True_no-mia_no-mia-class_no-noise_a3fl/agg_records/pkl/round_0012_deepsight.pkl
13,deepsight,success,"[0, 60, 95, 98, 39, 75, 32, 15, 52, 49]","[0, 60, 95, 98, 39, 75, 32, 15, 52, 49]",[],10,10,"[""deepsight_ensemble_cluster"", ""deepsight_final_filter""]",../main/re_result_6-29_APRA/cifar10_500_Jul.01_13.57.33_deepsight_fix_True_no-mia_no-mia-class_no-noise_a3fl/agg_records/pkl/round_0013_deepsight.pkl
14,deepsight,success,"[0, 67, 86, 16, 55, 99, 88, 15, 12, 44]","[0, 67, 86, 16, 55, 99, 15, 12, 44]",[88],10,9,"[""deepsight_ensemble_cluster"", ""deepsight_final_filter""]",../main/re_result_6-29_APRA/cifar10_500_Jul.01_13.57.33_deepsight_fix_True_no-mia_no-mia-class_no-noise_a3fl/agg_records/pkl/round_0014_deepsight.pkl
15,deepsight,success,"[2, 81, 49, 56, 12, 30, 83, 37, 3, 91]","[2, 81, 49, 56, 12, 30, 83, 37, 3, 91]",[],10,10,"[""deepsight_ensemble_cluster"", ""deepsight_final_filter""]",../main/re_result_6-29_APRA/cifar10_500_Jul.01_13.57.33_deepsight_fix_True_no-mia_no-mia-class_no-noise_a3fl/agg_records/pkl/round_0015_deepsight.pkl
16,deepsight,success,"[2, 57, 85, 84, 46, 6, 40, 43, 71, 39]","[2, 57, 85, 84, 46, 6, 40, 43, 71, 39]",[],10,10,"[""deepsight_ensemble_cluster"", ""deepsight_final_filter""]",../main/re_result_6-29_APRA/cifar10_500_Jul.01_13.57.33_deepsight_fix_True_no-mia_no-mia-class_no-noise_a3fl/agg_records/pkl/round_0016_deepsight.pkl
17,deepsight,success,"[0, 83, 71, 76, 18, 17, 81, 62, 3, 52]","[0, 83, 71, 76, 18, 17, 81, 62, 3, 52]",[],10,10,"[""deepsight_ensemble_cluster"", ""deepsight_final_filter""]",../main/re_result_6-29_APRA/cifar10_500_Jul.01_13.57.33_deepsight_fix_True_no-mia_no-mia-class_no-noise_a3fl/agg_records/pkl/round_0017_deepsight.pkl
18,deepsight,success,"[4, 80, 88, 5, 84, 50, 40, 78, 31, 43]","[4, 80, 88, 5, 84, 50, 40, 78, 43]",[31],10,9,"[""deepsight_ensemble_cluster"", ""deepsight_final_filter""]",../main/re_result_6-29_APRA/cifar10_500_Jul.01_13.57.33_deepsight_fix_True_no-mia_no-mia-class_no-noise_a3fl/agg_records/pkl/round_0018_deepsight.pkl
19,deepsight,success,"[3, 84, 45, 95, 90, 65, 6, 87, 29, 51]","[3, 84, 45, 95, 90, 65, 6, 87, 29, 51]",[],10,10,"[""deepsight_ensemble_cluster"", ""deepsight_final_filter""]",../main/re_result_6-29_APRA/cifar10_500_Jul.01_13.57.33_deepsight_fix_True_no-mia_no-mia-class_no-noise_a3fl/agg_records/pkl/round_0019_deepsight.pkl
20,deepsight,success,"[1, 72, 28, 52, 38, 63, 18, 22, 39, 47]","[1, 72, 28, 52, 38, 63, 18, 22, 39, 47]",[],10,10,"[""deepsight_ensemble_cluster"", ""deepsight_final_filter""]",../main/re_result_6-29_APRA/cifar10_500_Jul.01_13.57.33_deepsight_fix_True_no-mia_no-mia-class_no-noise_a3fl/agg_records/pkl/round_0020_deepsight.pkl
21,deepsight,success,"[2, 99, 66, 96, 13, 63, 5, 68, 94, 29]","[2, 99, 66, 96, 13, 63, 5, 68, 94, 29]",[],10,10,"[""deepsight_ensemble_cluster"", ""deepsight_final_filter""]",../main/re_result_6-29_APRA/cifar10_500_Jul.01_13.57.33_deepsight_fix_True_no-mia_no-mia-class_no-noise_a3fl/agg_records/pkl/round_0021_deepsight.pkl
22,deepsight,success,"[1, 45, 9, 98, 99, 38, 83, 86, 24, 34]","[1, 9, 98, 99, 38, 83, 86, 34]","[45, 24]",10,8,"[""deepsight_ensemble_cluster"", ""deepsight_final_filter""]",../main/re_result_6-29_APRA/cifar10_500_Jul.01_13.57.33_deepsight_fix_True_no-mia_no-mia-class_no-noise_a3fl/agg_records/pkl/round_0022_deepsight.pkl
23,deepsight,success,"[2, 83, 82, 79, 81, 91, 53, 52, 90, 32]","[2, 83, 82, 79, 81, 91, 53, 52, 90, 32]",[],10,10,"[""deepsight_ensemble_cluster"", ""deepsight_final_filter""]",../main/re_result_6-29_APRA/cifar10_500_Jul.01_13.57.33_deepsight_fix_True_no-mia_no-mia-class_no-noise_a3fl/agg_records/pkl/round_0023_deepsight.pkl
24,deepsight,success,"[4, 5, 99, 6, 94, 34, 46, 28, 76, 91]","[4, 5, 99, 6, 94, 34, 46, 28, 76, 91]",[],10,10,"[""deepsight_ensemble_cluster"", ""deepsight_final_filter""]",../main/re_result_6-29_APRA/cifar10_500_Jul.01_13.57.33_deepsight_fix_True_no-mia_no-mia-class_no-noise_a3fl/agg_records/pkl/round_0024_deepsight.pkl
25,deepsight,success,"[4, 2, 35, 90, 93, 71, 98, 70, 95, 54]","[4, 2, 35, 90, 93, 71, 98, 70, 95, 54]",[],10,10,"[""deepsight_ensemble_cluster"", ""deepsight_final_filter""]",../main/re_result_6-29_APRA/cifar10_500_Jul.01_13.57.33_deepsight_fix_True_no-mia_no-mia-class_no-noise_a3fl/agg_records/pkl/round_0025_deepsight.pkl
26,deepsight,success,"[3, 81, 22, 41, 14, 39, 1, 88, 74, 49]","[81, 41, 14, 49]","[3, 22, 39, 1, 88, 74]",10,4,"[""deepsight_ensemble_cluster"", ""deepsight_final_filter""]",../main/re_result_6-29_APRA/cifar10_500_Jul.01_13.57.33_deepsight_fix_True_no-mia_no-mia-class_no-noise_a3fl/agg_records/pkl/round_0026_deepsight.pkl
27,deepsight,success,"[0, 95, 57, 7, 73, 75, 65, 58, 27, 10]","[0, 95, 57, 7, 73, 75, 65, 58, 27, 10]",[],10,10,"[""deepsight_ensemble_cluster"", ""deepsight_final_filter""]",../main/re_result_6-29_APRA/cifar10_500_Jul.01_13.57.33_deepsight_fix_True_no-mia_no-mia-class_no-noise_a3fl/agg_records/pkl/round_0027_deepsight.pkl
28,deepsight,success,"[3, 1, 76, 65, 15, 51, 53, 69, 72, 14]","[3, 1, 76, 65, 15, 51, 53, 69, 72, 14]",[],10,10,"[""deepsight_ensemble_cluster"", ""deepsight_final_filter""]",../main/re_result_6-29_APRA/cifar10_500_Jul.01_13.57.33_deepsight_fix_True_no-mia_no-mia-class_no-noise_a3fl/agg_records/pkl/round_0028_deepsight.pkl
29,deepsight,success,"[1, 3, 30, 81, 70, 38, 49, 78, 14, 87]","[1, 3, 30, 81, 70, 38, 49, 78, 14, 87]",[],10,10,"[""deepsight_ensemble_cluster"", ""deepsight_final_filter""]",../main/re_result_6-29_APRA/cifar10_500_Jul.01_13.57.33_deepsight_fix_True_no-mia_no-mia-class_no-noise_a3fl/agg_records/pkl/round_0029_deepsight.pkl
30,deepsight,success,"[1, 71, 13, 47, 7, 49, 33, 42, 34, 53]","[1, 71, 13, 47, 7, 49, 33, 42, 34, 53]",[],10,10,"[""deepsight_ensemble_cluster"", ""deepsight_final_filter""]",../main/re_result_6-29_APRA/cifar10_500_Jul.01_13.57.33_deepsight_fix_True_no-mia_no-mia-class_no-noise_a3fl/agg_records/pkl/round_0030_deepsight.pkl
31,deepsight,success,"[3, 20, 48, 57, 30, 15, 45, 29, 54, 14]","[3, 20, 48, 57, 30, 15, 45, 29, 54, 14]",[],10,10,"[""deepsight_ensemble_cluster"", ""deepsight_final_filter""]",../main/re_result_6-29_APRA/cifar10_500_Jul.01_13.57.33_deepsight_fix_True_no-mia_no-mia-class_no-noise_a3fl/agg_records/pkl/round_0031_deepsight.pkl
32,deepsight,success,"[1, 57, 52, 76, 65, 58, 51, 23, 99, 21]","[1, 57, 52, 76, 65, 58, 51, 23, 99, 21]",[],10,10,"[""deepsight_ensemble_cluster"", ""deepsight_final_filter""]",../main/re_result_6-29_APRA/cifar10_500_Jul.01_13.57.33_deepsight_fix_True_no-mia_no-mia-class_no-noise_a3fl/agg_records/pkl/round_0032_deepsight.pkl
33,deepsight,success,"[4, 46, 64, 96, 82, 75, 40, 63, 36, 47]","[4, 46, 64, 96, 82, 75, 40, 63, 36, 47]",[],10,10,"[""deepsight_ensemble_cluster"", ""deepsight_final_filter""]",../main/re_result_6-29_APRA/cifar10_500_Jul.01_13.57.33_deepsight_fix_True_no-mia_no-mia-class_no-noise_a3fl/agg_records/pkl/round_0033_deepsight.pkl
34,deepsight,success,"[0, 72, 8, 81, 73, 83, 65, 79, 58, 16]","[0, 72, 8, 81, 83, 65, 79, 58, 16]",[73],10,9,"[""deepsight_ensemble_cluster"", ""deepsight_final_filter""]",../main/re_result_6-29_APRA/cifar10_500_Jul.01_13.57.33_deepsight_fix_True_no-mia_no-mia-class_no-noise_a3fl/agg_records/pkl/round_0034_deepsight.pkl
35,deepsight,success,"[3, 30, 84, 29, 12, 98, 44, 64, 13, 55]","[3, 30, 84, 29, 12, 98, 44, 64, 13, 55]",[],10,10,"[""deepsight_ensemble_cluster"", ""deepsight_final_filter""]",../main/re_result_6-29_APRA/cifar10_500_Jul.01_13.57.33_deepsight_fix_True_no-mia_no-mia-class_no-noise_a3fl/agg_records/pkl/round_0035_deepsight.pkl
36,deepsight,success,"[0, 36, 23, 49, 11, 34, 99, 33, 58, 12]","[0, 36, 23, 49, 11, 34, 99, 33, 58, 12]",[],10,10,"[""deepsight_ensemble_cluster"", ""deepsight_final_filter""]",../main/re_result_6-29_APRA/cifar10_500_Jul.01_13.57.33_deepsight_fix_True_no-mia_no-mia-class_no-noise_a3fl/agg_records/pkl/round_0036_deepsight.pkl
37,deepsight,success,"[3, 43, 5, 34, 99, 14, 48, 24, 56, 37]","[3, 43, 5, 34, 99, 14, 48, 24, 56, 37]",[],10,10,"[""deepsight_ensemble_cluster"", ""deepsight_final_filter""]",../main/re_result_6-29_APRA/cifar10_500_Jul.01_13.57.33_deepsight_fix_True_no-mia_no-mia-class_no-noise_a3fl/agg_records/pkl/round_0037_deepsight.pkl
38,deepsight,success,"[2, 88, 85, 65, 95, 82, 19, 77, 54, 37]","[2, 88, 85, 65, 95, 82, 19, 77, 54, 37]",[],10,10,"[""deepsight_ensemble_cluster"", ""deepsight_final_filter""]",../main/re_result_6-29_APRA/cifar10_500_Jul.01_13.57.33_deepsight_fix_True_no-mia_no-mia-class_no-noise_a3fl/agg_records/pkl/round_0038_deepsight.pkl
39,deepsight,success,"[2, 33, 12, 85, 87, 74, 15, 29, 94, 60]","[2, 33, 12, 85, 87, 74, 15, 29, 94, 60]",[],10,10,"[""deepsight_ensemble_cluster"", ""deepsight_final_filter""]",../main/re_result_6-29_APRA/cifar10_500_Jul.01_13.57.33_deepsight_fix_True_no-mia_no-mia-class_no-noise_a3fl/agg_records/pkl/round_0039_deepsight.pkl
40,deepsight,success,"[4, 6, 33, 77, 65, 63, 55, 18, 2, 78]","[4, 6, 33, 77, 65, 63, 55, 18, 2, 78]",[],10,10,"[""deepsight_ensemble_cluster"", ""deepsight_final_filter""]",../main/re_result_6-29_APRA/cifar10_500_Jul.01_13.57.33_deepsight_fix_True_no-mia_no-mia-class_no-noise_a3fl/agg_records/pkl/round_0040_deepsight.pkl
41,deepsight,success,"[1, 71, 25, 57, 32, 77, 51, 42, 95, 22]","[1, 71, 25, 57, 32, 77, 51, 42, 95, 22]",[],10,10,"[""deepsight_ensemble_cluster"", ""deepsight_final_filter""]",../main/re_result_6-29_APRA/cifar10_500_Jul.01_13.57.33_deepsight_fix_True_no-mia_no-mia-class_no-noise_a3fl/agg_records/pkl/round_0041_deepsight.pkl
42,deepsight,success,"[2, 23, 61, 86, 54, 0, 91, 63, 37, 85]","[2, 23, 61, 86, 54, 91, 63, 37, 85]",[0],10,9,"[""deepsight_ensemble_cluster"", ""deepsight_final_filter""]",../main/re_result_6-29_APRA/cifar10_500_Jul.01_13.57.33_deepsight_fix_True_no-mia_no-mia-class_no-noise_a3fl/agg_records/pkl/round_0042_deepsight.pkl
43,deepsight,success,"[0, 40, 56, 34, 98, 35, 1, 22, 89, 16]","[0, 40, 56, 34, 98, 35, 1, 22, 89, 16]",[],10,10,"[""deepsight_ensemble_cluster"", ""deepsight_final_filter""]",../main/re_result_6-29_APRA/cifar10_500_Jul.01_13.57.33_deepsight_fix_True_no-mia_no-mia-class_no-noise_a3fl/agg_records/pkl/round_0043_deepsight.pkl
44,deepsight,success,"[1, 46, 25, 37, 20, 42, 44, 50, 12, 72]","[1, 46, 25, 37, 20, 42, 44, 50, 12, 72]",[],10,10,"[""deepsight_ensemble_cluster"", ""deepsight_final_filter""]",../main/re_result_6-29_APRA/cifar10_500_Jul.01_13.57.33_deepsight_fix_True_no-mia_no-mia-class_no-noise_a3fl/agg_records/pkl/round_0044_deepsight.pkl
45,deepsight,success,"[1, 19, 56, 93, 20, 12, 27, 69, 33, 16]","[1, 19, 56, 93, 20, 12, 27, 69, 33, 16]",[],10,10,"[""deepsight_ensemble_cluster"", ""deepsight_final_filter""]",../main/re_result_6-29_APRA/cifar10_500_Jul.01_13.57.33_deepsight_fix_True_no-mia_no-mia-class_no-noise_a3fl/agg_records/pkl/round_0045_deepsight.pkl
46,deepsight,success,"[2, 45, 10, 1, 74, 86, 46, 35, 17, 81]","[2, 45, 10, 1, 74, 86, 46, 35, 17, 81]",[],10,10,"[""deepsight_ensemble_cluster"", ""deepsight_final_filter""]",../main/re_result_6-29_APRA/cifar10_500_Jul.01_13.57.33_deepsight_fix_True_no-mia_no-mia-class_no-noise_a3fl/agg_records/pkl/round_0046_deepsight.pkl
47,deepsight,success,"[2, 99, 19, 62, 44, 0, 48, 52, 70, 65]","[2, 99, 19, 62, 44, 0, 52, 70, 65]",[48],10,9,"[""deepsight_ensemble_cluster"", ""deepsight_final_filter""]",../main/re_result_6-29_APRA/cifar10_500_Jul.01_13.57.33_deepsight_fix_True_no-mia_no-mia-class_no-noise_a3fl/agg_records/pkl/round_0047_deepsight.pkl
48,deepsight,success,"[0, 66, 36, 83, 68, 23, 90, 2, 57, 21]","[0, 66, 36, 83, 68, 23, 90, 2, 57, 21]",[],10,10,"[""deepsight_ensemble_cluster"", ""deepsight_final_filter""]",../main/re_result_6-29_APRA/cifar10_500_Jul.01_13.57.33_deepsight_fix_True_no-mia_no-mia-class_no-noise_a3fl/agg_records/pkl/round_0048_deepsight.pkl
49,deepsight,success,"[3, 10, 20, 51, 25, 27, 40, 5, 89, 85]","[3, 10, 20, 51, 25, 27, 40, 5, 89, 85]",[],10,10,"[""deepsight_ensemble_cluster"", ""deepsight_final_filter""]",../main/re_result_6-29_APRA/cifar10_500_Jul.01_13.57.33_deepsight_fix_True_no-mia_no-mia-class_no-noise_a3fl/agg_records/pkl/round_0049_deepsight.pkl
50,deepsight,success,"[1, 85, 80, 28, 63, 68, 14, 94, 32, 20]","[1, 85, 80, 28, 63, 68, 14, 94, 32, 20]",[],10,10,"[""deepsight_ensemble_cluster"", ""deepsight_final_filter""]",../main/re_result_6-29_APRA/cifar10_500_Jul.01_13.57.33_deepsight_fix_True_no-mia_no-mia-class_no-noise_a3fl/agg_records/pkl/round_0050_deepsight.pkl
51,deepsight,success,"[3, 61, 21, 58, 32, 20, 53, 17, 93, 55]","[3, 61, 21, 58, 32, 20, 53, 17, 93, 55]",[],10,10,"[""deepsight_ensemble_cluster"", ""deepsight_final_filter""]",../main/re_result_6-29_APRA/cifar10_500_Jul.01_13.57.33_deepsight_fix_True_no-mia_no-mia-class_no-noise_a3fl/agg_records/pkl/round_0051_deepsight.pkl
52,deepsight,success,"[3, 38, 56, 79, 43, 65, 66, 16, 75, 82]","[3, 38, 56, 79, 43, 65, 66, 16, 75, 82]",[],10,10,"[""deepsight_ensemble_cluster"", ""deepsight_final_filter""]",../main/re_result_6-29_APRA/cifar10_500_Jul.01_13.57.33_deepsight_fix_True_no-mia_no-mia-class_no-noise_a3fl/agg_records/pkl/round_0052_deepsight.pkl
53,deepsight,success,"[2, 98, 50, 69, 58, 82, 91, 59, 97, 38]","[2, 98, 50, 69, 58, 82, 91, 59, 97, 38]",[],10,10,"[""deepsight_ensemble_cluster"", ""deepsight_final_filter""]",../main/re_result_6-29_APRA/cifar10_500_Jul.01_13.57.33_deepsight_fix_True_no-mia_no-mia-class_no-noise_a3fl/agg_records/pkl/round_0053_deepsight.pkl
54,deepsight,success,"[4, 88, 20, 74, 38, 35, 78, 79, 25, 10]","[4, 88, 20, 74, 38, 35, 78, 79, 25, 10]",[],10,10,"[""deepsight_ensemble_cluster"", ""deepsight_final_filter""]",../main/re_result_6-29_APRA/cifar10_500_Jul.01_13.57.33_deepsight_fix_True_no-mia_no-mia-class_no-noise_a3fl/agg_records/pkl/round_0054_deepsight.pkl
55,deepsight,success,"[1, 54, 63, 45, 82, 64, 21, 94, 97, 52]","[1, 54, 63, 45, 82, 64, 21, 94, 97, 52]",[],10,10,"[""deepsight_ensemble_cluster"", ""deepsight_final_filter""]",../main/re_result_6-29_APRA/cifar10_500_Jul.01_13.57.33_deepsight_fix_True_no-mia_no-mia-class_no-noise_a3fl/agg_records/pkl/round_0055_deepsight.pkl
56,deepsight,success,"[3, 65, 34, 91, 78, 0, 88, 43, 30, 52]","[3, 65, 34, 91, 78, 0, 43, 30, 52]",[88],10,9,"[""deepsight_ensemble_cluster"", ""deepsight_final_filter""]",../main/re_result_6-29_APRA/cifar10_500_Jul.01_13.57.33_deepsight_fix_True_no-mia_no-mia-class_no-noise_a3fl/agg_records/pkl/round_0056_deepsight.pkl
57,deepsight,success,"[3, 57, 83, 65, 27, 98, 24, 5, 25, 10]","[3, 57, 83, 65, 27, 98, 5, 25, 10]",[24],10,9,"[""deepsight_ensemble_cluster"", ""deepsight_final_filter""]",../main/re_result_6-29_APRA/cifar10_500_Jul.01_13.57.33_deepsight_fix_True_no-mia_no-mia-class_no-noise_a3fl/agg_records/pkl/round_0057_deepsight.pkl
58,deepsight,success,"[3, 16, 92, 27, 14, 62, 58, 77, 1, 44]","[3, 16, 92, 27, 14, 62, 58, 77, 1, 44]",[],10,10,"[""deepsight_ensemble_cluster"", ""deepsight_final_filter""]",../main/re_result_6-29_APRA/cifar10_500_Jul.01_13.57.33_deepsight_fix_True_no-mia_no-mia-class_no-noise_a3fl/agg_records/pkl/round_0058_deepsight.pkl
59,deepsight,success,"[1, 39, 6, 27, 71, 88, 69, 29, 25, 26]","[1, 39, 6, 27, 71, 88, 69, 29, 25, 26]",[],10,10,"[""deepsight_ensemble_cluster"", ""deepsight_final_filter""]",../main/re_result_6-29_APRA/cifar10_500_Jul.01_13.57.33_deepsight_fix_True_no-mia_no-mia-class_no-noise_a3fl/agg_records/pkl/round_0059_deepsight.pkl
60,deepsight,success,"[0, 84, 41, 86, 94, 13, 66, 3, 14, 51]","[0, 84, 41, 86, 94, 13, 66, 3, 14, 51]",[],10,10,"[""deepsight_ensemble_cluster"", ""deepsight_final_filter""]",../main/re_result_6-29_APRA/cifar10_500_Jul.01_13.57.33_deepsight_fix_True_no-mia_no-mia-class_no-noise_a3fl/agg_records/pkl/round_0060_deepsight.pkl
61,deepsight,success,"[3, 36, 70, 1, 21, 32, 55, 18, 69, 8]","[3, 36, 70, 1, 21, 32, 55, 18, 69, 8]",[],10,10,"[""deepsight_ensemble_cluster"", ""deepsight_final_filter""]",../main/re_result_6-29_APRA/cifar10_500_Jul.01_13.57.33_deepsight_fix_True_no-mia_no-mia-class_no-noise_a3fl/agg_records/pkl/round_0061_deepsight.pkl
62,deepsight,success,"[0, 77, 29, 65, 68, 89, 95, 79, 83, 47]","[0, 77, 29, 65, 68, 89, 95, 79, 83, 47]",[],10,10,"[""deepsight_ensemble_cluster"", ""deepsight_final_filter""]",../main/re_result_6-29_APRA/cifar10_500_Jul.01_13.57.33_deepsight_fix_True_no-mia_no-mia-class_no-noise_a3fl/agg_records/pkl/round_0062_deepsight.pkl
63,deepsight,success,"[1, 10, 15, 46, 36, 86, 31, 73, 62, 70]","[1, 10, 15, 46, 36, 86, 31, 73, 62, 70]",[],10,10,"[""deepsight_ensemble_cluster"", ""deepsight_final_filter""]",../main/re_result_6-29_APRA/cifar10_500_Jul.01_13.57.33_deepsight_fix_True_no-mia_no-mia-class_no-noise_a3fl/agg_records/pkl/round_0063_deepsight.pkl
64,deepsight,success,"[0, 47, 63, 32, 34, 12, 41, 75, 11, 3]","[0, 47, 63, 32, 34, 12, 41, 75, 11, 3]",[],10,10,"[""deepsight_ensemble_cluster"", ""deepsight_final_filter""]",../main/re_result_6-29_APRA/cifar10_500_Jul.01_13.57.33_deepsight_fix_True_no-mia_no-mia-class_no-noise_a3fl/agg_records/pkl/round_0064_deepsight.pkl
65,deepsight,success,"[3, 55, 1, 65, 54, 24, 31, 92, 49, 46]","[3, 55, 1, 65, 54, 24, 31, 92, 49, 46]",[],10,10,"[""deepsight_ensemble_cluster"", ""deepsight_final_filter""]",../main/re_result_6-29_APRA/cifar10_500_Jul.01_13.57.33_deepsight_fix_True_no-mia_no-mia-class_no-noise_a3fl/agg_records/pkl/round_0065_deepsight.pkl
66,deepsight,success,"[0, 38, 51, 5, 19, 53, 84, 23, 40, 64]","[0, 38, 51, 5, 53, 84, 23, 40, 64]",[19],10,9,"[""deepsight_ensemble_cluster"", ""deepsight_final_filter""]",../main/re_result_6-29_APRA/cifar10_500_Jul.01_13.57.33_deepsight_fix_True_no-mia_no-mia-class_no-noise_a3fl/agg_records/pkl/round_0066_deepsight.pkl
67,deepsight,success,"[4, 82, 78, 17, 19, 44, 14, 71, 90, 55]","[4, 82, 78, 17, 19, 44, 14, 71, 90, 55]",[],10,10,"[""deepsight_ensemble_cluster"", ""deepsight_final_filter""]",../main/re_result_6-29_APRA/cifar10_500_Jul.01_13.57.33_deepsight_fix_True_no-mia_no-mia-class_no-noise_a3fl/agg_records/pkl/round_0067_deepsight.pkl
68,deepsight,success,"[0, 32, 44, 6, 54, 17, 9, 8, 68, 38]","[0, 32, 44, 6, 54, 17, 9, 8, 68, 38]",[],10,10,"[""deepsight_ensemble_cluster"", ""deepsight_final_filter""]",../main/re_result_6-29_APRA/cifar10_500_Jul.01_13.57.33_deepsight_fix_True_no-mia_no-mia-class_no-noise_a3fl/agg_records/pkl/round_0068_deepsight.pkl
69,deepsight,success,"[0, 10, 42, 62, 79, 75, 64, 84, 3, 51]","[0, 10, 42, 62, 79, 75, 64, 84, 3, 51]",[],10,10,"[""deepsight_ensemble_cluster"", ""deepsight_final_filter""]",../main/re_result_6-29_APRA/cifar10_500_Jul.01_13.57.33_deepsight_fix_True_no-mia_no-mia-class_no-noise_a3fl/agg_records/pkl/round_0069_deepsight.pkl
70,deepsight,success,"[1, 91, 79, 68, 9, 5, 73, 62, 83, 46]","[1, 91, 79, 68, 9, 5, 73, 62, 83, 46]",[],10,10,"[""deepsight_ensemble_cluster"", ""deepsight_final_filter""]",../main/re_result_6-29_APRA/cifar10_500_Jul.01_13.57.33_deepsight_fix_True_no-mia_no-mia-class_no-noise_a3fl/agg_records/pkl/round_0070_deepsight.pkl
71,deepsight,success,"[1, 55, 68, 51, 54, 48, 7, 69, 28, 71]","[1, 55, 68, 51, 54, 48, 7, 69, 28, 71]",[],10,10,"[""deepsight_ensemble_cluster"", ""deepsight_final_filter""]",../main/re_result_6-29_APRA/cifar10_500_Jul.01_13.57.33_deepsight_fix_True_no-mia_no-mia-class_no-noise_a3fl/agg_records/pkl/round_0071_deepsight.pkl
72,deepsight,success,"[0, 98, 51, 72, 87, 21, 15, 38, 6, 57]","[0, 98, 51, 72, 87, 21, 15, 38, 6, 57]",[],10,10,"[""deepsight_ensemble_cluster"", ""deepsight_final_filter""]",../main/re_result_6-29_APRA/cifar10_500_Jul.01_13.57.33_deepsight_fix_True_no-mia_no-mia-class_no-noise_a3fl/agg_records/pkl/round_0072_deepsight.pkl
73,deepsight,success,"[1, 61, 26, 7, 68, 88, 59, 11, 36, 97]","[1, 61, 26, 7, 68, 88, 59, 11, 36, 97]",[],10,10,"[""deepsight_ensemble_cluster"", ""deepsight_final_filter""]",../main/re_result_6-29_APRA/cifar10_500_Jul.01_13.57.33_deepsight_fix_True_no-mia_no-mia-class_no-noise_a3fl/agg_records/pkl/round_0073_deepsight.pkl
74,deepsight,success,"[1, 75, 3, 25, 80, 2, 78, 20, 4, 7]","[1, 75, 3, 25, 80, 2, 78, 20, 4, 7]",[],10,10,"[""deepsight_ensemble_cluster"", ""deepsight_final_filter""]",../main/re_result_6-29_APRA/cifar10_500_Jul.01_13.57.33_deepsight_fix_True_no-mia_no-mia-class_no-noise_a3fl/agg_records/pkl/round_0074_deepsight.pkl
75,deepsight,success,"[2, 95, 86, 51, 23, 6, 62, 0, 81, 84]","[2, 95, 86, 51, 23, 6, 62, 0, 81, 84]",[],10,10,"[""deepsight_ensemble_cluster"", ""deepsight_final_filter""]",../main/re_result_6-29_APRA/cifar10_500_Jul.01_13.57.33_deepsight_fix_True_no-mia_no-mia-class_no-noise_a3fl/agg_records/pkl/round_0075_deepsight.pkl
76,deepsight,success,"[2, 64, 37, 66, 42, 84, 58, 80, 67, 92]","[2, 64, 37, 66, 42, 84, 58, 80, 67, 92]",[],10,10,"[""deepsight_ensemble_cluster"", ""deepsight_final_filter""]",../main/re_result_6-29_APRA/cifar10_500_Jul.01_13.57.33_deepsight_fix_True_no-mia_no-mia-class_no-noise_a3fl/agg_records/pkl/round_0076_deepsight.pkl
77,deepsight,success,"[4, 68, 79, 22, 9, 30, 60, 69, 16, 43]","[4, 68, 79, 22, 9, 30, 60, 69, 16, 43]",[],10,10,"[""deepsight_ensemble_cluster"", ""deepsight_final_filter""]",../main/re_result_6-29_APRA/cifar10_500_Jul.01_13.57.33_deepsight_fix_True_no-mia_no-mia-class_no-noise_a3fl/agg_records/pkl/round_0077_deepsight.pkl
78,deepsight,success,"[1, 20, 77, 27, 23, 18, 74, 59, 86, 87]","[1, 20, 77, 27, 23, 18, 74, 59, 86, 87]",[],10,10,"[""deepsight_ensemble_cluster"", ""deepsight_final_filter""]",../main/re_result_6-29_APRA/cifar10_500_Jul.01_13.57.33_deepsight_fix_True_no-mia_no-mia-class_no-noise_a3fl/agg_records/pkl/round_0078_deepsight.pkl
79,deepsight,success,"[1, 99, 42, 33, 5, 15, 38, 76, 86, 87]","[1, 99, 42, 33, 15, 38, 76, 86, 87]",[5],10,9,"[""deepsight_ensemble_cluster"", ""deepsight_final_filter""]",../main/re_result_6-29_APRA/cifar10_500_Jul.01_13.57.33_deepsight_fix_True_no-mia_no-mia-class_no-noise_a3fl/agg_records/pkl/round_0079_deepsight.pkl
80,deepsight,success,"[1, 71, 88, 38, 63, 99, 48, 31, 83, 11]","[1, 71, 88, 38, 63, 99, 48, 31, 83, 11]",[],10,10,"[""deepsight_ensemble_cluster"", ""deepsight_final_filter""]",../main/re_result_6-29_APRA/cifar10_500_Jul.01_13.57.33_deepsight_fix_True_no-mia_no-mia-class_no-noise_a3fl/agg_records/pkl/round_0080_deepsight.pkl
81,deepsight,success,"[4, 69, 52, 40, 47, 77, 35, 59, 70, 7]","[4, 69, 52, 40, 47, 77, 35, 59, 70, 7]",[],10,10,"[""deepsight_ensemble_cluster"", ""deepsight_final_filter""]",../main/re_result_6-29_APRA/cifar10_500_Jul.01_13.57.33_deepsight_fix_True_no-mia_no-mia-class_no-noise_a3fl/agg_records/pkl/round_0081_deepsight.pkl
82,deepsight,success,"[0, 61, 81, 74, 23, 95, 35, 97, 55, 28]","[0, 61, 81, 74, 23, 95, 35, 97, 55, 28]",[],10,10,"[""deepsight_ensemble_cluster"", ""deepsight_final_filter""]",../main/re_result_6-29_APRA/cifar10_500_Jul.01_13.57.33_deepsight_fix_True_no-mia_no-mia-class_no-noise_a3fl/agg_records/pkl/round_0082_deepsight.pkl
83,deepsight,success,"[3, 53, 77, 67, 31, 62, 45, 47, 82, 84]","[3, 53, 77, 67, 31, 62, 45, 47, 82, 84]",[],10,10,"[""deepsight_ensemble_cluster"", ""deepsight_final_filter""]",../main/re_result_6-29_APRA/cifar10_500_Jul.01_13.57.33_deepsight_fix_True_no-mia_no-mia-class_no-noise_a3fl/agg_records/pkl/round_0083_deepsight.pkl
84,deepsight,success,"[2, 83, 3, 36, 44, 70, 32, 64, 47, 5]","[2, 83, 3, 36, 44, 70, 32, 64, 47, 5]",[],10,10,"[""deepsight_ensemble_cluster"", ""deepsight_final_filter""]",../main/re_result_6-29_APRA/cifar10_500_Jul.01_13.57.33_deepsight_fix_True_no-mia_no-mia-class_no-noise_a3fl/agg_records/pkl/round_0084_deepsight.pkl
85,deepsight,success,"[0, 95, 64, 96, 60, 5, 79, 75, 7, 94]","[0, 95, 64, 96, 60, 5, 79, 75, 7, 94]",[],10,10,"[""deepsight_ensemble_cluster"", ""deepsight_final_filter""]",../main/re_result_6-29_APRA/cifar10_500_Jul.01_13.57.33_deepsight_fix_True_no-mia_no-mia-class_no-noise_a3fl/agg_records/pkl/round_0085_deepsight.pkl
86,deepsight,success,"[1, 15, 57, 19, 13, 81, 10, 30, 99, 47]","[1, 15, 57, 19, 13, 81, 10, 30, 99, 47]",[],10,10,"[""deepsight_ensemble_cluster"", ""deepsight_final_filter""]",../main/re_result_6-29_APRA/cifar10_500_Jul.01_13.57.33_deepsight_fix_True_no-mia_no-mia-class_no-noise_a3fl/agg_records/pkl/round_0086_deepsight.pkl
87,deepsight,success,"[4, 91, 65, 0, 37, 25, 27, 31, 15, 97]","[4, 91, 65, 0, 37, 25, 27, 31, 15, 97]",[],10,10,"[""deepsight_ensemble_cluster"", ""deepsight_final_filter""]",../main/re_result_6-29_APRA/cifar10_500_Jul.01_13.57.33_deepsight_fix_True_no-mia_no-mia-class_no-noise_a3fl/agg_records/pkl/round_0087_deepsight.pkl
88,deepsight,success,"[2, 87, 54, 75, 34, 3, 15, 7, 11, 40]","[2, 87, 54, 75, 34, 3, 15, 7, 11, 40]",[],10,10,"[""deepsight_ensemble_cluster"", ""deepsight_final_filter""]",../main/re_result_6-29_APRA/cifar10_500_Jul.01_13.57.33_deepsight_fix_True_no-mia_no-mia-class_no-noise_a3fl/agg_records/pkl/round_0088_deepsight.pkl
89,deepsight,success,"[3, 4, 12, 80, 87, 26, 27, 42, 24, 0]","[3, 4, 12, 80, 87, 26, 27, 42, 24, 0]",[],10,10,"[""deepsight_ensemble_cluster"", ""deepsight_final_filter""]",../main/re_result_6-29_APRA/cifar10_500_Jul.01_13.57.33_deepsight_fix_True_no-mia_no-mia-class_no-noise_a3fl/agg_records/pkl/round_0089_deepsight.pkl
90,deepsight,success,"[3, 22, 23, 50, 7, 88, 73, 27, 10, 96]","[3, 22, 23, 50, 7, 88, 73, 27, 10, 96]",[],10,10,"[""deepsight_ensemble_cluster"", ""deepsight_final_filter""]",../main/re_result_6-29_APRA/cifar10_500_Jul.01_13.57.33_deepsight_fix_True_no-mia_no-mia-class_no-noise_a3fl/agg_records/pkl/round_0090_deepsight.pkl
91,deepsight,success,"[2, 17, 98, 50, 52, 30, 15, 49, 13, 38]","[2, 17, 98, 50, 52, 30, 15, 49, 13, 38]",[],10,10,"[""deepsight_ensemble_cluster"", ""deepsight_final_filter""]",../main/re_result_6-29_APRA/cifar10_500_Jul.01_13.57.33_deepsight_fix_True_no-mia_no-mia-class_no-noise_a3fl/agg_records/pkl/round_0091_deepsight.pkl
92,deepsight,success,"[0, 71, 20, 25, 14, 1, 9, 61, 11, 89]","[0, 71, 20, 25, 14, 1, 9, 61, 11, 89]",[],10,10,"[""deepsight_ensemble_cluster"", ""deepsight_final_filter""]",../main/re_result_6-29_APRA/cifar10_500_Jul.01_13.57.33_deepsight_fix_True_no-mia_no-mia-class_no-noise_a3fl/agg_records/pkl/round_0092_deepsight.pkl
93,deepsight,success,"[3, 16, 78, 75, 38, 41, 60, 95, 33, 6]","[3, 16, 78, 75, 38, 41, 60, 95, 33, 6]",[],10,10,"[""deepsight_ensemble_cluster"", ""deepsight_final_filter""]",../main/re_result_6-29_APRA/cifar10_500_Jul.01_13.57.33_deepsight_fix_True_no-mia_no-mia-class_no-noise_a3fl/agg_records/pkl/round_0093_deepsight.pkl
94,deepsight,success,"[2, 98, 15, 78, 86, 82, 74, 47, 4, 71]","[2, 98, 15, 78, 86, 82, 74, 47, 4, 71]",[],10,10,"[""deepsight_ensemble_cluster"", ""deepsight_final_filter""]",../main/re_result_6-29_APRA/cifar10_500_Jul.01_13.57.33_deepsight_fix_True_no-mia_no-mia-class_no-noise_a3fl/agg_records/pkl/round_0094_deepsight.pkl
95,deepsight,success,"[0, 77, 91, 2, 1, 97, 43, 53, 99, 57]","[0, 77, 91, 2, 1, 97, 43, 53, 99, 57]",[],10,10,"[""deepsight_ensemble_cluster"", ""deepsight_final_filter""]",../main/re_result_6-29_APRA/cifar10_500_Jul.01_13.57.33_deepsight_fix_True_no-mia_no-mia-class_no-noise_a3fl/agg_records/pkl/round_0095_deepsight.pkl
96,deepsight,success,"[1, 82, 46, 21, 54, 29, 47, 77, 48, 12]","[1, 82, 46, 21, 54, 29, 47, 77, 48, 12]",[],10,10,"[""deepsight_ensemble_cluster"", ""deepsight_final_filter""]",../main/re_result_6-29_APRA/cifar10_500_Jul.01_13.57.33_deepsight_fix_True_no-mia_no-mia-class_no-noise_a3fl/agg_records/pkl/round_0096_deepsight.pkl
97,deepsight,success,"[3, 56, 31, 47, 24, 34, 15, 84, 4, 20]","[3, 56, 31, 47, 24, 34, 15, 84, 4, 20]",[],10,10,"[""deepsight_ensemble_cluster"", ""deepsight_final_filter""]",../main/re_result_6-29_APRA/cifar10_500_Jul.01_13.57.33_deepsight_fix_True_no-mia_no-mia-class_no-noise_a3fl/agg_records/pkl/round_0097_deepsight.pkl
98,deepsight,success,"[1, 68, 97, 49, 62, 13, 7, 51, 54, 42]","[68, 97, 49, 62, 13, 51, 42]","[1, 7, 54]",10,7,"[""deepsight_ensemble_cluster"", ""deepsight_final_filter""]",../main/re_result_6-29_APRA/cifar10_500_Jul.01_13.57.33_deepsight_fix_True_no-mia_no-mia-class_no-noise_a3fl/agg_records/pkl/round_0098_deepsight.pkl
99,deepsight,success,"[3, 2, 22, 38, 75, 25, 47, 58, 57, 37]","[3, 2, 22, 38, 75, 25, 47, 58, 57, 37]",[],10,10,"[""deepsight_ensemble_cluster"", ""deepsight_final_filter""]",../main/re_result_6-29_APRA/cifar10_500_Jul.01_13.57.33_deepsight_fix_True_no-mia_no-mia-class_no-noise_a3fl/agg_records/pkl/round_0099_deepsight.pkl
100,deepsight,success,"[0, 86, 39, 75, 6, 48, 61, 11, 64, 44]","[0, 86, 39, 75, 6, 48, 61, 11, 64, 44]",[],10,10,"[""deepsight_ensemble_cluster"", ""deepsight_final_filter""]",../main/re_result_6-29_APRA/cifar10_500_Jul.01_13.57.33_deepsight_fix_True_no-mia_no-mia-class_no-noise_a3fl/agg_records/pkl/round_0100_deepsight.pkl
101,deepsight,success,"[1, 20, 17, 92, 64, 88, 80, 89, 87, 99]","[1, 20, 17, 92, 64, 88, 80, 89, 87, 99]",[],10,10,"[""deepsight_ensemble_cluster"", ""deepsight_final_filter""]",../main/re_result_6-29_APRA/cifar10_500_Jul.01_13.57.33_deepsight_fix_True_no-mia_no-mia-class_no-noise_a3fl/agg_records/pkl/round_0101_deepsight.pkl
102,deepsight,success,"[2, 21, 51, 16, 41, 68, 60, 67, 80, 91]","[2, 21, 51, 16, 41, 68, 60, 67, 80, 91]",[],10,10,"[""deepsight_ensemble_cluster"", ""deepsight_final_filter""]",../main/re_result_6-29_APRA/cifar10_500_Jul.01_13.57.33_deepsight_fix_True_no-mia_no-mia-class_no-noise_a3fl/agg_records/pkl/round_0102_deepsight.pkl
103,deepsight,success,"[4, 77, 92, 15, 52, 94, 71, 32, 13, 62]","[4, 77, 92, 15, 52, 94, 71, 32, 13, 62]",[],10,10,"[""deepsight_ensemble_cluster"", ""deepsight_final_filter""]",../main/re_result_6-29_APRA/cifar10_500_Jul.01_13.57.33_deepsight_fix_True_no-mia_no-mia-class_no-noise_a3fl/agg_records/pkl/round_0103_deepsight.pkl
104,deepsight,success,"[0, 41, 15, 12, 9, 34, 21, 93, 38, 90]","[0, 41, 15, 12, 9, 34, 21, 93, 38, 90]",[],10,10,"[""deepsight_ensemble_cluster"", ""deepsight_final_filter""]",../main/re_result_6-29_APRA/cifar10_500_Jul.01_13.57.33_deepsight_fix_True_no-mia_no-mia-class_no-noise_a3fl/agg_records/pkl/round_0104_deepsight.pkl
105,deepsight,success,"[4, 40, 47, 54, 57, 28, 10, 87, 27, 95]","[4, 40, 47, 54, 57, 28, 10, 87, 27, 95]",[],10,10,"[""deepsight_ensemble_cluster"", ""deepsight_final_filter""]",../main/re_result_6-29_APRA/cifar10_500_Jul.01_13.57.33_deepsight_fix_True_no-mia_no-mia-class_no-noise_a3fl/agg_records/pkl/round_0105_deepsight.pkl
106,deepsight,success,"[3, 92, 34, 12, 74, 0, 88, 53, 52, 77]","[3, 92, 34, 12, 74, 0, 88, 53, 52, 77]",[],10,10,"[""deepsight_ensemble_cluster"", ""deepsight_final_filter""]",../main/re_result_6-29_APRA/cifar10_500_Jul.01_13.57.33_deepsight_fix_True_no-mia_no-mia-class_no-noise_a3fl/agg_records/pkl/round_0106_deepsight.pkl
107,deepsight,success,"[2, 40, 41, 84, 7, 70, 46, 61, 95, 0]","[2, 40, 41, 84, 7, 70, 46, 61, 95, 0]",[],10,10,"[""deepsight_ensemble_cluster"", ""deepsight_final_filter""]",../main/re_result_6-29_APRA/cifar10_500_Jul.01_13.57.33_deepsight_fix_True_no-mia_no-mia-class_no-noise_a3fl/agg_records/pkl/round_0107_deepsight.pkl
108,deepsight,success,"[1, 33, 0, 16, 84, 12, 64, 52, 60, 4]","[1, 33, 0, 16, 84, 12, 64, 52, 60, 4]",[],10,10,"[""deepsight_ensemble_cluster"", ""deepsight_final_filter""]",../main/re_result_6-29_APRA/cifar10_500_Jul.01_13.57.33_deepsight_fix_True_no-mia_no-mia-class_no-noise_a3fl/agg_records/pkl/round_0108_deepsight.pkl
109,deepsight,success,"[3, 14, 27, 84, 5, 15, 87, 17, 58, 28]","[3, 14, 27, 84, 5, 15, 87, 17, 58, 28]",[],10,10,"[""deepsight_ensemble_cluster"", ""deepsight_final_filter""]",../main/re_result_6-29_APRA/cifar10_500_Jul.01_13.57.33_deepsight_fix_True_no-mia_no-mia-class_no-noise_a3fl/agg_records/pkl/round_0109_deepsight.pkl
110,deepsight,success,"[4, 29, 12, 86, 67, 81, 84, 59, 21, 3]","[4, 29, 12, 86, 67, 81, 84, 59, 21, 3]",[],10,10,"[""deepsight_ensemble_cluster"", ""deepsight_final_filter""]",../main/re_result_6-29_APRA/cifar10_500_Jul.01_13.57.33_deepsight_fix_True_no-mia_no-mia-class_no-noise_a3fl/agg_records/pkl/round_0110_deepsight.pkl
111,deepsight,success,"[1, 41, 61, 76, 49, 46, 55, 34, 2, 4]","[1, 41, 61, 76, 49, 46, 55, 34, 2, 4]",[],10,10,"[""deepsight_ensemble_cluster"", ""deepsight_final_filter""]",../main/re_result_6-29_APRA/cifar10_500_Jul.01_13.57.33_deepsight_fix_True_no-mia_no-mia-class_no-noise_a3fl/agg_records/pkl/round_0111_deepsight.pkl
112,deepsight,success,"[0, 73, 9, 86, 84, 95, 41, 38, 17, 52]","[0, 73, 9, 86, 84, 95, 41, 38, 17, 52]",[],10,10,"[""deepsight_ensemble_cluster"", ""deepsight_final_filter""]",../main/re_result_6-29_APRA/cifar10_500_Jul.01_13.57.33_deepsight_fix_True_no-mia_no-mia-class_no-noise_a3fl/agg_records/pkl/round_0112_deepsight.pkl
113,deepsight,success,"[0, 91, 57, 71, 20, 38, 10, 16, 54, 36]","[0, 91, 57, 71, 20, 38, 10, 16, 54, 36]",[],10,10,"[""deepsight_ensemble_cluster"", ""deepsight_final_filter""]",../main/re_result_6-29_APRA/cifar10_500_Jul.01_13.57.33_deepsight_fix_True_no-mia_no-mia-class_no-noise_a3fl/agg_records/pkl/round_0113_deepsight.pkl
114,deepsight,success,"[1, 35, 98, 89, 23, 39, 85, 91, 9, 16]","[1, 35, 98, 89, 23, 39, 85, 91, 9, 16]",[],10,10,"[""deepsight_ensemble_cluster"", ""deepsight_final_filter""]",../main/re_result_6-29_APRA/cifar10_500_Jul.01_13.57.33_deepsight_fix_True_no-mia_no-mia-class_no-noise_a3fl/agg_records/pkl/round_0114_deepsight.pkl
115,deepsight,success,"[2, 61, 41, 38, 85, 51, 56, 19, 36, 97]","[2, 61, 41, 38, 85, 51, 56, 19, 36, 97]",[],10,10,"[""deepsight_ensemble_cluster"", ""deepsight_final_filter""]",../main/re_result_6-29_APRA/cifar10_500_Jul.01_13.57.33_deepsight_fix_True_no-mia_no-mia-class_no-noise_a3fl/agg_records/pkl/round_0115_deepsight.pkl
116,deepsight,success,"[4, 19, 17, 30, 8, 83, 55, 38, 96, 10]","[4, 19, 17, 30, 8, 83, 55, 38, 96, 10]",[],10,10,"[""deepsight_ensemble_cluster"", ""deepsight_final_filter""]",../main/re_result_6-29_APRA/cifar10_500_Jul.01_13.57.33_deepsight_fix_True_no-mia_no-mia-class_no-noise_a3fl/agg_records/pkl/round_0116_deepsight.pkl
117,deepsight,success,"[0, 55, 66, 34, 52, 8, 29, 67, 77, 45]","[0, 55, 66, 34, 52, 8, 29, 67, 77, 45]",[],10,10,"[""deepsight_ensemble_cluster"", ""deepsight_final_filter""]",../main/re_result_6-29_APRA/cifar10_500_Jul.01_13.57.33_deepsight_fix_True_no-mia_no-mia-class_no-noise_a3fl/agg_records/pkl/round_0117_deepsight.pkl
118,deepsight,success,"[0, 81, 90, 44, 79, 20, 31, 36, 89, 55]","[0, 81, 90, 44, 79, 20, 31, 36, 89, 55]",[],10,10,"[""deepsight_ensemble_cluster"", ""deepsight_final_filter""]",../main/re_result_6-29_APRA/cifar10_500_Jul.01_13.57.33_deepsight_fix_True_no-mia_no-mia-class_no-noise_a3fl/agg_records/pkl/round_0118_deepsight.pkl
119,deepsight,success,"[3, 41, 19, 9, 97, 64, 37, 55, 33, 42]","[3, 41, 19, 9, 97, 64, 37, 55, 33, 42]",[],10,10,"[""deepsight_ensemble_cluster"", ""deepsight_final_filter""]",../main/re_result_6-29_APRA/cifar10_500_Jul.01_13.57.33_deepsight_fix_True_no-mia_no-mia-class_no-noise_a3fl/agg_records/pkl/round_0119_deepsight.pkl
120,deepsight,success,"[1, 98, 30, 13, 56, 97, 35, 75, 41, 2]","[1, 98, 30, 13, 56, 97, 35, 75, 41, 2]",[],10,10,"[""deepsight_ensemble_cluster"", ""deepsight_final_filter""]",../main/re_result_6-29_APRA/cifar10_500_Jul.01_13.57.33_deepsight_fix_True_no-mia_no-mia-class_no-noise_a3fl/agg_records/pkl/round_0120_deepsight.pkl
121,deepsight,success,"[3, 5, 42, 83, 37, 14, 13, 89, 28, 61]","[3, 5, 42, 83, 37, 14, 13, 89, 28, 61]",[],10,10,"[""deepsight_ensemble_cluster"", ""deepsight_final_filter""]",../main/re_result_6-29_APRA/cifar10_500_Jul.01_13.57.33_deepsight_fix_True_no-mia_no-mia-class_no-noise_a3fl/agg_records/pkl/round_0121_deepsight.pkl
122,deepsight,success,"[0, 29, 83, 87, 38, 55, 96, 31, 81, 14]","[0, 29, 83, 87, 38, 55, 96, 31, 81, 14]",[],10,10,"[""deepsight_ensemble_cluster"", ""deepsight_final_filter""]",../main/re_result_6-29_APRA/cifar10_500_Jul.01_13.57.33_deepsight_fix_True_no-mia_no-mia-class_no-noise_a3fl/agg_records/pkl/round_0122_deepsight.pkl
123,deepsight,success,"[0, 64, 70, 77, 88, 6, 82, 62, 69, 55]","[0, 64, 70, 77, 88, 6, 82, 62, 69, 55]",[],10,10,"[""deepsight_ensemble_cluster"", ""deepsight_final_filter""]",../main/re_result_6-29_APRA/cifar10_500_Jul.01_13.57.33_deepsight_fix_True_no-mia_no-mia-class_no-noise_a3fl/agg_records/pkl/round_0123_deepsight.pkl
124,deepsight,success,"[4, 88, 96, 42, 58, 49, 7, 15, 72, 99]","[4, 88, 42, 58, 49, 7, 15, 72, 99]",[96],10,9,"[""deepsight_ensemble_cluster"", ""deepsight_final_filter""]",../main/re_result_6-29_APRA/cifar10_500_Jul.01_13.57.33_deepsight_fix_True_no-mia_no-mia-class_no-noise_a3fl/agg_records/pkl/round_0124_deepsight.pkl
125,deepsight,success,"[4, 30, 1, 36, 14, 90, 87, 42, 82, 37]","[4, 30, 1, 36, 14, 90, 87, 42, 82, 37]",[],10,10,"[""deepsight_ensemble_cluster"", ""deepsight_final_filter""]",../main/re_result_6-29_APRA/cifar10_500_Jul.01_13.57.33_deepsight_fix_True_no-mia_no-mia-class_no-noise_a3fl/agg_records/pkl/round_0125_deepsight.pkl
126,deepsight,success,"[3, 40, 64, 31, 35, 90, 29, 48, 84, 78]","[3, 40, 64, 31, 35, 90, 29, 48, 84, 78]",[],10,10,"[""deepsight_ensemble_cluster"", ""deepsight_final_filter""]",../main/re_result_6-29_APRA/cifar10_500_Jul.01_13.57.33_deepsight_fix_True_no-mia_no-mia-class_no-noise_a3fl/agg_records/pkl/round_0126_deepsight.pkl
127,deepsight,success,"[3, 32, 56, 98, 78, 62, 5, 13, 86, 55]","[3, 32, 56, 98, 78, 62, 5, 13, 86, 55]",[],10,10,"[""deepsight_ensemble_cluster"", ""deepsight_final_filter""]",../main/re_result_6-29_APRA/cifar10_500_Jul.01_13.57.33_deepsight_fix_True_no-mia_no-mia-class_no-noise_a3fl/agg_records/pkl/round_0127_deepsight.pkl
128,deepsight,success,"[4, 99, 47, 20, 31, 10, 86, 90, 62, 41]","[4, 99, 47, 20, 31, 10, 86, 90, 62, 41]",[],10,10,"[""deepsight_ensemble_cluster"", ""deepsight_final_filter""]",../main/re_result_6-29_APRA/cifar10_500_Jul.01_13.57.33_deepsight_fix_True_no-mia_no-mia-class_no-noise_a3fl/agg_records/pkl/round_0128_deepsight.pkl
129,deepsight,success,"[0, 33, 1, 73, 28, 61, 3, 11, 96, 15]","[0, 33, 1, 73, 28, 61, 3, 11, 96, 15]",[],10,10,"[""deepsight_ensemble_cluster"", ""deepsight_final_filter""]",../main/re_result_6-29_APRA/cifar10_500_Jul.01_13.57.33_deepsight_fix_True_no-mia_no-mia-class_no-noise_a3fl/agg_records/pkl/round_0129_deepsight.pkl
130,deepsight,success,"[4, 42, 80, 51, 72, 74, 90, 58, 35, 83]","[4, 42, 80, 51, 72, 74, 90, 58, 35, 83]",[],10,10,"[""deepsight_ensemble_cluster"", ""deepsight_final_filter""]",../main/re_result_6-29_APRA/cifar10_500_Jul.01_13.57.33_deepsight_fix_True_no-mia_no-mia-class_no-noise_a3fl/agg_records/pkl/round_0130_deepsight.pkl
131,deepsight,success,"[0, 95, 80, 46, 22, 73, 3, 42, 93, 85]","[0, 95, 80, 46, 22, 73, 3, 42, 93, 85]",[],10,10,"[""deepsight_ensemble_cluster"", ""deepsight_final_filter""]",../main/re_result_6-29_APRA/cifar10_500_Jul.01_13.57.33_deepsight_fix_True_no-mia_no-mia-class_no-noise_a3fl/agg_records/pkl/round_0131_deepsight.pkl
132,deepsight,success,"[2, 5, 77, 45, 62, 74, 20, 65, 9, 68]","[2, 5, 77, 45, 62, 74, 20, 65, 9, 68]",[],10,10,"[""deepsight_ensemble_cluster"", ""deepsight_final_filter""]",../main/re_result_6-29_APRA/cifar10_500_Jul.01_13.57.33_deepsight_fix_True_no-mia_no-mia-class_no-noise_a3fl/agg_records/pkl/round_0132_deepsight.pkl
133,deepsight,success,"[2, 58, 94, 20, 50, 51, 65, 7, 27, 95]","[2, 58, 94, 20, 50, 51, 65, 7, 27, 95]",[],10,10,"[""deepsight_ensemble_cluster"", ""deepsight_final_filter""]",../main/re_result_6-29_APRA/cifar10_500_Jul.01_13.57.33_deepsight_fix_True_no-mia_no-mia-class_no-noise_a3fl/agg_records/pkl/round_0133_deepsight.pkl
134,deepsight,success,"[4, 78, 82, 23, 37, 10, 55, 13, 12, 77]","[4, 78, 82, 23, 37, 10, 55, 13, 12, 77]",[],10,10,"[""deepsight_ensemble_cluster"", ""deepsight_final_filter""]",../main/re_result_6-29_APRA/cifar10_500_Jul.01_13.57.33_deepsight_fix_True_no-mia_no-mia-class_no-noise_a3fl/agg_records/pkl/round_0134_deepsight.pkl
135,deepsight,success,"[2, 35, 5, 89, 93, 82, 49, 23, 95, 63]","[2, 35, 5, 89, 93, 82, 49, 23, 95, 63]",[],10,10,"[""deepsight_ensemble_cluster"", ""deepsight_final_filter""]",../main/re_result_6-29_APRA/cifar10_500_Jul.01_13.57.33_deepsight_fix_True_no-mia_no-mia-class_no-noise_a3fl/agg_records/pkl/round_0135_deepsight.pkl
136,deepsight,success,"[4, 83, 79, 3, 66, 69, 95, 96, 84, 7]","[4, 83, 79, 3, 66, 69, 95, 96, 84, 7]",[],10,10,"[""deepsight_ensemble_cluster"", ""deepsight_final_filter""]",../main/re_result_6-29_APRA/cifar10_500_Jul.01_13.57.33_deepsight_fix_True_no-mia_no-mia-class_no-noise_a3fl/agg_records/pkl/round_0136_deepsight.pkl
137,deepsight,success,"[3, 65, 26, 12, 98, 16, 20, 86, 59, 75]","[3, 65, 26, 12, 98, 16, 20, 86, 59, 75]",[],10,10,"[""deepsight_ensemble_cluster"", ""deepsight_final_filter""]",../main/re_result_6-29_APRA/cifar10_500_Jul.01_13.57.33_deepsight_fix_True_no-mia_no-mia-class_no-noise_a3fl/agg_records/pkl/round_0137_deepsight.pkl
138,deepsight,success,"[2, 78, 18, 71, 20, 21, 27, 31, 11, 24]","[2, 78, 18, 71, 20, 21, 27, 31, 11, 24]",[],10,10,"[""deepsight_ensemble_cluster"", ""deepsight_final_filter""]",../main/re_result_6-29_APRA/cifar10_500_Jul.01_13.57.33_deepsight_fix_True_no-mia_no-mia-class_no-noise_a3fl/agg_records/pkl/round_0138_deepsight.pkl
139,deepsight,success,"[2, 50, 63, 64, 18, 45, 0, 89, 91, 28]","[2, 50, 63, 64, 18, 45, 0, 89, 91, 28]",[],10,10,"[""deepsight_ensemble_cluster"", ""deepsight_final_filter""]",../main/re_result_6-29_APRA/cifar10_500_Jul.01_13.57.33_deepsight_fix_True_no-mia_no-mia-class_no-noise_a3fl/agg_records/pkl/round_0139_deepsight.pkl
140,deepsight,success,"[4, 45, 97, 55, 16, 23, 89, 59, 90, 15]","[4, 45, 97, 55, 16, 89, 90, 15]","[23, 59]",10,8,"[""deepsight_ensemble_cluster"", ""deepsight_final_filter""]",../main/re_result_6-29_APRA/cifar10_500_Jul.01_13.57.33_deepsight_fix_True_no-mia_no-mia-class_no-noise_a3fl/agg_records/pkl/round_0140_deepsight.pkl
141,deepsight,success,"[2, 12, 25, 36, 23, 64, 84, 91, 19, 26]","[2, 12, 25, 36, 23, 64, 84, 91, 19, 26]",[],10,10,"[""deepsight_ensemble_cluster"", ""deepsight_final_filter""]",../main/re_result_6-29_APRA/cifar10_500_Jul.01_13.57.33_deepsight_fix_True_no-mia_no-mia-class_no-noise_a3fl/agg_records/pkl/round_0141_deepsight.pkl
142,deepsight,success,"[2, 84, 63, 30, 90, 33, 24, 13, 87, 40]","[2, 84, 63, 30, 90, 33, 24, 13, 87, 40]",[],10,10,"[""deepsight_ensemble_cluster"", ""deepsight_final_filter""]",../main/re_result_6-29_APRA/cifar10_500_Jul.01_13.57.33_deepsight_fix_True_no-mia_no-mia-class_no-noise_a3fl/agg_records/pkl/round_0142_deepsight.pkl
143,deepsight,success,"[1, 2, 78, 33, 24, 5, 57, 77, 31, 62]","[1, 2, 78, 33, 24, 5, 57, 77, 31, 62]",[],10,10,"[""deepsight_ensemble_cluster"", ""deepsight_final_filter""]",../main/re_result_6-29_APRA/cifar10_500_Jul.01_13.57.33_deepsight_fix_True_no-mia_no-mia-class_no-noise_a3fl/agg_records/pkl/round_0143_deepsight.pkl
144,deepsight,success,"[2, 15, 48, 84, 66, 59, 9, 80, 91, 79]","[2, 15, 48, 84, 66, 59, 9, 80, 91, 79]",[],10,10,"[""deepsight_ensemble_cluster"", ""deepsight_final_filter""]",../main/re_result_6-29_APRA/cifar10_500_Jul.01_13.57.33_deepsight_fix_True_no-mia_no-mia-class_no-noise_a3fl/agg_records/pkl/round_0144_deepsight.pkl
145,deepsight,success,"[2, 19, 44, 7, 85, 43, 73, 18, 29, 83]","[2, 19, 44, 7, 85, 43, 73, 18, 29, 83]",[],10,10,"[""deepsight_ensemble_cluster"", ""deepsight_final_filter""]",../main/re_result_6-29_APRA/cifar10_500_Jul.01_13.57.33_deepsight_fix_True_no-mia_no-mia-class_no-noise_a3fl/agg_records/pkl/round_0145_deepsight.pkl
146,deepsight,success,"[0, 99, 74, 47, 46, 89, 95, 88, 71, 63]","[0, 99, 74, 47, 46, 89, 95, 88, 71, 63]",[],10,10,"[""deepsight_ensemble_cluster"", ""deepsight_final_filter""]",../main/re_result_6-29_APRA/cifar10_500_Jul.01_13.57.33_deepsight_fix_True_no-mia_no-mia-class_no-noise_a3fl/agg_records/pkl/round_0146_deepsight.pkl
147,deepsight,success,"[3, 78, 91, 29, 51, 38, 86, 24, 63, 27]","[3, 78, 91, 29, 51, 38, 86, 24, 63, 27]",[],10,10,"[""deepsight_ensemble_cluster"", ""deepsight_final_filter""]",../main/re_result_6-29_APRA/cifar10_500_Jul.01_13.57.33_deepsight_fix_True_no-mia_no-mia-class_no-noise_a3fl/agg_records/pkl/round_0147_deepsight.pkl
148,deepsight,success,"[3, 75, 45, 59, 20, 29, 67, 93, 81, 13]","[3, 75, 45, 59, 20, 29, 67, 93, 81, 13]",[],10,10,"[""deepsight_ensemble_cluster"", ""deepsight_final_filter""]",../main/re_result_6-29_APRA/cifar10_500_Jul.01_13.57.33_deepsight_fix_True_no-mia_no-mia-class_no-noise_a3fl/agg_records/pkl/round_0148_deepsight.pkl
149,deepsight,success,"[3, 88, 10, 17, 75, 20, 11, 31, 42, 14]","[3, 88, 10, 17, 75, 20, 11, 31, 42, 14]",[],10,10,"[""deepsight_ensemble_cluster"", ""deepsight_final_filter""]",../main/re_result_6-29_APRA/cifar10_500_Jul.01_13.57.33_deepsight_fix_True_no-mia_no-mia-class_no-noise_a3fl/agg_records/pkl/round_0149_deepsight.pkl
150,deepsight,success,"[0, 85, 82, 10, 31, 84, 27, 7, 14, 4]","[0, 85, 82, 10, 31, 84, 27, 7, 14, 4]",[],10,10,"[""deepsight_ensemble_cluster"", ""deepsight_final_filter""]",../main/re_result_6-29_APRA/cifar10_500_Jul.01_13.57.33_deepsight_fix_True_no-mia_no-mia-class_no-noise_a3fl/agg_records/pkl/round_0150_deepsight.pkl
151,deepsight,success,"[3, 43, 25, 48, 98, 87, 6, 23, 34, 52]","[3, 43, 25, 48, 98, 87, 6, 23, 34, 52]",[],10,10,"[""deepsight_ensemble_cluster"", ""deepsight_final_filter""]",../main/re_result_6-29_APRA/cifar10_500_Jul.01_13.57.33_deepsight_fix_True_no-mia_no-mia-class_no-noise_a3fl/agg_records/pkl/round_0151_deepsight.pkl
152,deepsight,success,"[4, 36, 68, 37, 92, 94, 14, 22, 28, 18]","[4, 36, 68, 37, 92, 94, 14, 22, 28, 18]",[],10,10,"[""deepsight_ensemble_cluster"", ""deepsight_final_filter""]",../main/re_result_6-29_APRA/cifar10_500_Jul.01_13.57.33_deepsight_fix_True_no-mia_no-mia-class_no-noise_a3fl/agg_records/pkl/round_0152_deepsight.pkl
153,deepsight,success,"[1, 24, 30, 22, 5, 72, 62, 32, 68, 97]","[1, 24, 30, 22, 5, 72, 62, 32, 68, 97]",[],10,10,"[""deepsight_ensemble_cluster"", ""deepsight_final_filter""]",../main/re_result_6-29_APRA/cifar10_500_Jul.01_13.57.33_deepsight_fix_True_no-mia_no-mia-class_no-noise_a3fl/agg_records/pkl/round_0153_deepsight.pkl
154,deepsight,success,"[2, 91, 61, 8, 99, 97, 98, 93, 74, 39]","[2, 91, 61, 8, 99, 97, 98, 93, 74, 39]",[],10,10,"[""deepsight_ensemble_cluster"", ""deepsight_final_filter""]",../main/re_result_6-29_APRA/cifar10_500_Jul.01_13.57.33_deepsight_fix_True_no-mia_no-mia-class_no-noise_a3fl/agg_records/pkl/round_0154_deepsight.pkl
155,deepsight,success,"[1, 75, 14, 32, 62, 2, 68, 46, 72, 57]","[1, 62, 2, 68]","[75, 14, 32, 46, 72, 57]",10,4,"[""deepsight_ensemble_cluster"", ""deepsight_final_filter""]",../main/re_result_6-29_APRA/cifar10_500_Jul.01_13.57.33_deepsight_fix_True_no-mia_no-mia-class_no-noise_a3fl/agg_records/pkl/round_0155_deepsight.pkl
156,deepsight,success,"[4, 27, 62, 80, 22, 16, 29, 15, 55, 95]","[4, 27, 62, 80, 22, 16, 29, 15, 55, 95]",[],10,10,"[""deepsight_ensemble_cluster"", ""deepsight_final_filter""]",../main/re_result_6-29_APRA/cifar10_500_Jul.01_13.57.33_deepsight_fix_True_no-mia_no-mia-class_no-noise_a3fl/agg_records/pkl/round_0156_deepsight.pkl
157,deepsight,success,"[4, 24, 18, 49, 84, 7, 67, 0, 80, 77]","[4, 24, 18, 49, 84, 7, 67, 0, 80, 77]",[],10,10,"[""deepsight_ensemble_cluster"", ""deepsight_final_filter""]",../main/re_result_6-29_APRA/cifar10_500_Jul.01_13.57.33_deepsight_fix_True_no-mia_no-mia-class_no-noise_a3fl/agg_records/pkl/round_0157_deepsight.pkl
158,deepsight,success,"[1, 58, 9, 48, 14, 80, 30, 10, 70, 39]","[1, 58, 9, 48, 14, 80, 30, 10, 70, 39]",[],10,10,"[""deepsight_ensemble_cluster"", ""deepsight_final_filter""]",../main/re_result_6-29_APRA/cifar10_500_Jul.01_13.57.33_deepsight_fix_True_no-mia_no-mia-class_no-noise_a3fl/agg_records/pkl/round_0158_deepsight.pkl
159,deepsight,success,"[2, 92, 77, 70, 72, 99, 32, 0, 26, 57]","[2, 92, 77, 70, 72, 99, 32, 0, 26, 57]",[],10,10,"[""deepsight_ensemble_cluster"", ""deepsight_final_filter""]",../main/re_result_6-29_APRA/cifar10_500_Jul.01_13.57.33_deepsight_fix_True_no-mia_no-mia-class_no-noise_a3fl/agg_records/pkl/round_0159_deepsight.pkl
160,deepsight,success,"[2, 84, 57, 95, 30, 70, 16, 13, 29, 27]","[2, 84, 57, 95, 30, 70, 16, 13, 29, 27]",[],10,10,"[""deepsight_ensemble_cluster"", ""deepsight_final_filter""]",../main/re_result_6-29_APRA/cifar10_500_Jul.01_13.57.33_deepsight_fix_True_no-mia_no-mia-class_no-noise_a3fl/agg_records/pkl/round_0160_deepsight.pkl
161,deepsight,success,"[3, 8, 86, 33, 74, 35, 51, 22, 40, 47]","[3, 8, 86, 33, 74, 35, 51, 22, 40, 47]",[],10,10,"[""deepsight_ensemble_cluster"", ""deepsight_final_filter""]",../main/re_result_6-29_APRA/cifar10_500_Jul.01_13.57.33_deepsight_fix_True_no-mia_no-mia-class_no-noise_a3fl/agg_records/pkl/round_0161_deepsight.pkl
162,deepsight,success,"[2, 40, 4, 57, 63, 1, 42, 30, 46, 84]","[2, 40, 4, 57, 63, 1, 42, 30, 46, 84]",[],10,10,"[""deepsight_ensemble_cluster"", ""deepsight_final_filter""]",../main/re_result_6-29_APRA/cifar10_500_Jul.01_13.57.33_deepsight_fix_True_no-mia_no-mia-class_no-noise_a3fl/agg_records/pkl/round_0162_deepsight.pkl
163,deepsight,success,"[4, 67, 17, 27, 34, 71, 93, 13, 86, 16]","[4, 67, 17, 27, 34, 71, 93, 13, 86, 16]",[],10,10,"[""deepsight_ensemble_cluster"", ""deepsight_final_filter""]",../main/re_result_6-29_APRA/cifar10_500_Jul.01_13.57.33_deepsight_fix_True_no-mia_no-mia-class_no-noise_a3fl/agg_records/pkl/round_0163_deepsight.pkl
164,deepsight,success,"[4, 3, 86, 72, 23, 73, 84, 96, 30, 67]","[4, 3, 86, 72, 23, 73, 84, 96, 30, 67]",[],10,10,"[""deepsight_ensemble_cluster"", ""deepsight_final_filter""]",../main/re_result_6-29_APRA/cifar10_500_Jul.01_13.57.33_deepsight_fix_True_no-mia_no-mia-class_no-noise_a3fl/agg_records/pkl/round_0164_deepsight.pkl
165,deepsight,success,"[2, 8, 18, 94, 69, 36, 63, 62, 76, 71]","[2, 8, 18, 94, 69, 36, 63, 62, 76, 71]",[],10,10,"[""deepsight_ensemble_cluster"", ""deepsight_final_filter""]",../main/re_result_6-29_APRA/cifar10_500_Jul.01_13.57.33_deepsight_fix_True_no-mia_no-mia-class_no-noise_a3fl/agg_records/pkl/round_0165_deepsight.pkl
166,deepsight,success,"[1, 44, 66, 63, 95, 46, 29, 60, 9, 48]","[1, 44, 66, 63, 95, 46, 29, 60, 9, 48]",[],10,10,"[""deepsight_ensemble_cluster"", ""deepsight_final_filter""]",../main/re_result_6-29_APRA/cifar10_500_Jul.01_13.57.33_deepsight_fix_True_no-mia_no-mia-class_no-noise_a3fl/agg_records/pkl/round_0166_deepsight.pkl
167,deepsight,success,"[3, 99, 38, 13, 42, 31, 28, 96, 5, 58]","[3, 99, 38, 13, 42, 31, 28, 96, 58]",[5],10,9,"[""deepsight_ensemble_cluster"", ""deepsight_final_filter""]",../main/re_result_6-29_APRA/cifar10_500_Jul.01_13.57.33_deepsight_fix_True_no-mia_no-mia-class_no-noise_a3fl/agg_records/pkl/round_0167_deepsight.pkl
168,deepsight,success,"[0, 49, 53, 54, 88, 64, 8, 83, 85, 90]","[0, 49, 53, 54, 88, 64, 8, 83, 85, 90]",[],10,10,"[""deepsight_ensemble_cluster"", ""deepsight_final_filter""]",../main/re_result_6-29_APRA/cifar10_500_Jul.01_13.57.33_deepsight_fix_True_no-mia_no-mia-class_no-noise_a3fl/agg_records/pkl/round_0168_deepsight.pkl
169,deepsight,success,"[3, 28, 98, 30, 12, 13, 74, 9, 92, 56]","[3, 28, 98, 30, 12, 13, 74, 9, 92, 56]",[],10,10,"[""deepsight_ensemble_cluster"", ""deepsight_final_filter""]",../main/re_result_6-29_APRA/cifar10_500_Jul.01_13.57.33_deepsight_fix_True_no-mia_no-mia-class_no-noise_a3fl/agg_records/pkl/round_0169_deepsight.pkl
170,deepsight,success,"[0, 14, 76, 43, 44, 96, 29, 4, 77, 32]","[0, 14, 76, 43, 44, 96, 29, 4, 77, 32]",[],10,10,"[""deepsight_ensemble_cluster"", ""deepsight_final_filter""]",../main/re_result_6-29_APRA/cifar10_500_Jul.01_13.57.33_deepsight_fix_True_no-mia_no-mia-class_no-noise_a3fl/agg_records/pkl/round_0170_deepsight.pkl
171,deepsight,success,"[3, 27, 93, 15, 25, 33, 88, 8, 30, 63]","[3, 27, 93, 15, 25, 33, 88, 8, 30, 63]",[],10,10,"[""deepsight_ensemble_cluster"", ""deepsight_final_filter""]",../main/re_result_6-29_APRA/cifar10_500_Jul.01_13.57.33_deepsight_fix_True_no-mia_no-mia-class_no-noise_a3fl/agg_records/pkl/round_0171_deepsight.pkl
172,deepsight,success,"[3, 80, 10, 60, 1, 28, 63, 74, 81, 84]","[3, 80, 10, 60, 1, 28, 63, 74, 81, 84]",[],10,10,"[""deepsight_ensemble_cluster"", ""deepsight_final_filter""]",../main/re_result_6-29_APRA/cifar10_500_Jul.01_13.57.33_deepsight_fix_True_no-mia_no-mia-class_no-noise_a3fl/agg_records/pkl/round_0172_deepsight.pkl
173,deepsight,success,"[1, 4, 54, 13, 69, 75, 18, 7, 2, 37]","[1, 4, 54, 13, 69, 75, 18, 7, 2, 37]",[],10,10,"[""deepsight_ensemble_cluster"", ""deepsight_final_filter""]",../main/re_result_6-29_APRA/cifar10_500_Jul.01_13.57.33_deepsight_fix_True_no-mia_no-mia-class_no-noise_a3fl/agg_records/pkl/round_0173_deepsight.pkl
174,deepsight,success,"[2, 67, 17, 6, 62, 19, 13, 51, 24, 35]","[2, 67, 17, 6, 62, 19, 13, 51, 24, 35]",[],10,10,"[""deepsight_ensemble_cluster"", ""deepsight_final_filter""]",../main/re_result_6-29_APRA/cifar10_500_Jul.01_13.57.33_deepsight_fix_True_no-mia_no-mia-class_no-noise_a3fl/agg_records/pkl/round_0174_deepsight.pkl
175,deepsight,success,"[3, 89, 39, 17, 56, 72, 35, 62, 32, 19]","[3, 89, 39, 17, 56, 72, 35, 62, 32, 19]",[],10,10,"[""deepsight_ensemble_cluster"", ""deepsight_final_filter""]",../main/re_result_6-29_APRA/cifar10_500_Jul.01_13.57.33_deepsight_fix_True_no-mia_no-mia-class_no-noise_a3fl/agg_records/pkl/round_0175_deepsight.pkl
176,deepsight,success,"[2, 42, 8, 99, 55, 43, 18, 74, 85, 78]","[2, 42, 8, 99, 55, 43, 18, 74, 85, 78]",[],10,10,"[""deepsight_ensemble_cluster"", ""deepsight_final_filter""]",../main/re_result_6-29_APRA/cifar10_500_Jul.01_13.57.33_deepsight_fix_True_no-mia_no-mia-class_no-noise_a3fl/agg_records/pkl/round_0176_deepsight.pkl
177,deepsight,success,"[0, 43, 92, 29, 50, 57, 80, 82, 16, 17]","[0, 43, 92, 29, 50, 57, 80, 82, 16, 17]",[],10,10,"[""deepsight_ensemble_cluster"", ""deepsight_final_filter""]",../main/re_result_6-29_APRA/cifar10_500_Jul.01_13.57.33_deepsight_fix_True_no-mia_no-mia-class_no-noise_a3fl/agg_records/pkl/round_0177_deepsight.pkl
178,deepsight,success,"[0, 58, 21, 96, 94, 5, 80, 45, 62, 71]","[0, 58, 21, 96, 94, 5, 80, 45, 62, 71]",[],10,10,"[""deepsight_ensemble_cluster"", ""deepsight_final_filter""]",../main/re_result_6-29_APRA/cifar10_500_Jul.01_13.57.33_deepsight_fix_True_no-mia_no-mia-class_no-noise_a3fl/agg_records/pkl/round_0178_deepsight.pkl
179,deepsight,success,"[4, 2, 30, 41, 90, 42, 1, 69, 13, 73]","[4, 2, 30, 41, 90, 42, 1, 69, 13, 73]",[],10,10,"[""deepsight_ensemble_cluster"", ""deepsight_final_filter""]",../main/re_result_6-29_APRA/cifar10_500_Jul.01_13.57.33_deepsight_fix_True_no-mia_no-mia-class_no-noise_a3fl/agg_records/pkl/round_0179_deepsight.pkl
180,deepsight,success,"[4, 97, 54, 70, 96, 34, 36, 42, 56, 91]","[4, 97, 54, 70, 96, 34, 36, 42, 56, 91]",[],10,10,"[""deepsight_ensemble_cluster"", ""deepsight_final_filter""]",../main/re_result_6-29_APRA/cifar10_500_Jul.01_13.57.33_deepsight_fix_True_no-mia_no-mia-class_no-noise_a3fl/agg_records/pkl/round_0180_deepsight.pkl
181,deepsight,success,"[3, 96, 90, 93, 69, 11, 94, 58, 34, 38]","[3, 96, 90, 93, 69, 11, 94, 58, 34, 38]",[],10,10,"[""deepsight_ensemble_cluster"", ""deepsight_final_filter""]",../main/re_result_6-29_APRA/cifar10_500_Jul.01_13.57.33_deepsight_fix_True_no-mia_no-mia-class_no-noise_a3fl/agg_records/pkl/round_0181_deepsight.pkl
182,deepsight,success,"[1, 5, 41, 34, 8, 82, 47, 11, 48, 89]","[1, 34, 8, 82, 47, 11, 48, 89]","[5, 41]",10,8,"[""deepsight_ensemble_cluster"", ""deepsight_final_filter""]",../main/re_result_6-29_APRA/cifar10_500_Jul.01_13.57.33_deepsight_fix_True_no-mia_no-mia-class_no-noise_a3fl/agg_records/pkl/round_0182_deepsight.pkl
183,deepsight,success,"[2, 54, 62, 36, 1, 73, 23, 7, 15, 94]","[2, 54, 62, 36, 1, 23, 7, 15, 94]",[73],10,9,"[""deepsight_ensemble_cluster"", ""deepsight_final_filter""]",../main/re_result_6-29_APRA/cifar10_500_Jul.01_13.57.33_deepsight_fix_True_no-mia_no-mia-class_no-noise_a3fl/agg_records/pkl/round_0183_deepsight.pkl
184,deepsight,success,"[3, 83, 64, 41, 77, 95, 87, 32, 5, 4]","[3, 83, 64, 41, 77, 95, 87, 32, 5, 4]",[],10,10,"[""deepsight_ensemble_cluster"", ""deepsight_final_filter""]",../main/re_result_6-29_APRA/cifar10_500_Jul.01_13.57.33_deepsight_fix_True_no-mia_no-mia-class_no-noise_a3fl/agg_records/pkl/round_0184_deepsight.pkl
185,deepsight,success,"[0, 29, 33, 81, 11, 39, 5, 45, 95, 69]","[0, 29, 33, 81, 11, 39, 5, 45, 95, 69]",[],10,10,"[""deepsight_ensemble_cluster"", ""deepsight_final_filter""]",../main/re_result_6-29_APRA/cifar10_500_Jul.01_13.57.33_deepsight_fix_True_no-mia_no-mia-class_no-noise_a3fl/agg_records/pkl/round_0185_deepsight.pkl
186,deepsight,success,"[0, 50, 81, 62, 3, 74, 10, 33, 35, 56]","[0, 50, 81, 62, 3, 74, 10, 33, 35, 56]",[],10,10,"[""deepsight_ensemble_cluster"", ""deepsight_final_filter""]",../main/re_result_6-29_APRA/cifar10_500_Jul.01_13.57.33_deepsight_fix_True_no-mia_no-mia-class_no-noise_a3fl/agg_records/pkl/round_0186_deepsight.pkl
187,deepsight,success,"[2, 40, 67, 33, 0, 7, 1, 6, 38, 5]","[2, 40, 67, 33, 0, 7, 1, 6, 38, 5]",[],10,10,"[""deepsight_ensemble_cluster"", ""deepsight_final_filter""]",../main/re_result_6-29_APRA/cifar10_500_Jul.01_13.57.33_deepsight_fix_True_no-mia_no-mia-class_no-noise_a3fl/agg_records/pkl/round_0187_deepsight.pkl
188,deepsight,success,"[0, 38, 92, 53, 33, 46, 80, 60, 50, 68]","[0, 38, 92, 53, 33, 46, 80, 60, 50, 68]",[],10,10,"[""deepsight_ensemble_cluster"", ""deepsight_final_filter""]",../main/re_result_6-29_APRA/cifar10_500_Jul.01_13.57.33_deepsight_fix_True_no-mia_no-mia-class_no-noise_a3fl/agg_records/pkl/round_0188_deepsight.pkl
189,deepsight,success,"[1, 38, 94, 69, 57, 45, 22, 47, 53, 3]","[1, 38, 94, 69, 57, 45, 22, 47, 53, 3]",[],10,10,"[""deepsight_ensemble_cluster"", ""deepsight_final_filter""]",../main/re_result_6-29_APRA/cifar10_500_Jul.01_13.57.33_deepsight_fix_True_no-mia_no-mia-class_no-noise_a3fl/agg_records/pkl/round_0189_deepsight.pkl
190,deepsight,success,"[2, 71, 75, 78, 19, 37, 51, 55, 18, 41]","[2, 71, 75, 78, 19, 37, 51, 55, 18, 41]",[],10,10,"[""deepsight_ensemble_cluster"", ""deepsight_final_filter""]",../main/re_result_6-29_APRA/cifar10_500_Jul.01_13.57.33_deepsight_fix_True_no-mia_no-mia-class_no-noise_a3fl/agg_records/pkl/round_0190_deepsight.pkl
191,deepsight,success,"[3, 55, 8, 11, 25, 68, 6, 90, 61, 78]","[3, 55, 8, 11, 25, 68, 6, 90, 61, 78]",[],10,10,"[""deepsight_ensemble_cluster"", ""deepsight_final_filter""]",../main/re_result_6-29_APRA/cifar10_500_Jul.01_13.57.33_deepsight_fix_True_no-mia_no-mia-class_no-noise_a3fl/agg_records/pkl/round_0191_deepsight.pkl
192,deepsight,success,"[2, 95, 11, 12, 65, 15, 22, 86, 14, 50]","[2, 95, 11, 12, 65, 15, 22, 86, 14, 50]",[],10,10,"[""deepsight_ensemble_cluster"", ""deepsight_final_filter""]",../main/re_result_6-29_APRA/cifar10_500_Jul.01_13.57.33_deepsight_fix_True_no-mia_no-mia-class_no-noise_a3fl/agg_records/pkl/round_0192_deepsight.pkl
193,deepsight,success,"[2, 23, 88, 85, 48, 8, 72, 87, 16, 73]","[2, 23, 88, 85, 48, 8, 72, 87, 16, 73]",[],10,10,"[""deepsight_ensemble_cluster"", ""deepsight_final_filter""]",../main/re_result_6-29_APRA/cifar10_500_Jul.01_13.57.33_deepsight_fix_True_no-mia_no-mia-class_no-noise_a3fl/agg_records/pkl/round_0193_deepsight.pkl
194,deepsight,success,"[2, 78, 3, 40, 31, 14, 44, 57, 10, 64]","[2, 78, 3, 40, 31, 14, 44, 57, 10, 64]",[],10,10,"[""deepsight_ensemble_cluster"", ""deepsight_final_filter""]",../main/re_result_6-29_APRA/cifar10_500_Jul.01_13.57.33_deepsight_fix_True_no-mia_no-mia-class_no-noise_a3fl/agg_records/pkl/round_0194_deepsight.pkl
195,deepsight,success,"[2, 10, 81, 56, 88, 36, 62, 99, 93, 85]","[2, 10, 81, 56, 88, 36, 62, 99, 93, 85]",[],10,10,"[""deepsight_ensemble_cluster"", ""deepsight_final_filter""]",../main/re_result_6-29_APRA/cifar10_500_Jul.01_13.57.33_deepsight_fix_True_no-mia_no-mia-class_no-noise_a3fl/agg_records/pkl/round_0195_deepsight.pkl
196,deepsight,success,"[3, 25, 99, 13, 81, 6, 89, 30, 21, 90]","[3, 99, 6, 89, 30, 21, 90]","[25, 13, 81]",10,7,"[""deepsight_ensemble_cluster"", ""deepsight_final_filter""]",../main/re_result_6-29_APRA/cifar10_500_Jul.01_13.57.33_deepsight_fix_True_no-mia_no-mia-class_no-noise_a3fl/agg_records/pkl/round_0196_deepsight.pkl
197,deepsight,success,"[1, 16, 75, 59, 52, 61, 8, 21, 47, 40]","[1, 16, 75, 59, 52, 61, 8, 21, 47, 40]",[],10,10,"[""deepsight_ensemble_cluster"", ""deepsight_final_filter""]",../main/re_result_6-29_APRA/cifar10_500_Jul.01_13.57.33_deepsight_fix_True_no-mia_no-mia-class_no-noise_a3fl/agg_records/pkl/round_0197_deepsight.pkl
198,deepsight,success,"[3, 13, 53, 66, 33, 38, 36, 49, 76, 54]","[3, 13, 53, 66, 33, 38, 36, 49, 76, 54]",[],10,10,"[""deepsight_ensemble_cluster"", ""deepsight_final_filter""]",../main/re_result_6-29_APRA/cifar10_500_Jul.01_13.57.33_deepsight_fix_True_no-mia_no-mia-class_no-noise_a3fl/agg_records/pkl/round_0198_deepsight.pkl
199,deepsight,success,"[2, 47, 98, 83, 65, 78, 24, 33, 88, 40]","[2, 47, 98, 83, 65, 78, 24, 33, 88, 40]",[],10,10,"[""deepsight_ensemble_cluster"", ""deepsight_final_filter""]",../main/re_result_6-29_APRA/cifar10_500_Jul.01_13.57.33_deepsight_fix_True_no-mia_no-mia-class_no-noise_a3fl/agg_records/pkl/round_0199_deepsight.pkl
200,deepsight,success,"[0, 86, 70, 30, 24, 66, 99, 9, 12, 31]","[0, 86, 70, 30, 24, 66, 99, 9, 12, 31]",[],10,10,"[""deepsight_ensemble_cluster"", ""deepsight_final_filter""]",../main/re_result_6-29_APRA/cifar10_500_Jul.01_13.57.33_deepsight_fix_True_no-mia_no-mia-class_no-noise_a3fl/agg_records/pkl/round_0200_deepsight.pkl
201,deepsight,success,"[3, 81, 17, 35, 96, 88, 36, 99, 64, 92]","[3, 81, 17, 35, 96, 88, 36, 99, 64, 92]",[],10,10,"[""deepsight_ensemble_cluster"", ""deepsight_final_filter""]",../main/re_result_6-29_APRA/cifar10_500_Jul.01_13.57.33_deepsight_fix_True_no-mia_no-mia-class_no-noise_a3fl/agg_records/pkl/round_0201_deepsight.pkl
202,deepsight,success,"[4, 91, 21, 75, 59, 96, 92, 42, 74, 12]","[4, 91, 21, 75, 59, 96, 92, 42, 74, 12]",[],10,10,"[""deepsight_ensemble_cluster"", ""deepsight_final_filter""]",../main/re_result_6-29_APRA/cifar10_500_Jul.01_13.57.33_deepsight_fix_True_no-mia_no-mia-class_no-noise_a3fl/agg_records/pkl/round_0202_deepsight.pkl
203,deepsight,success,"[2, 39, 68, 74, 40, 3, 0, 85, 50, 44]","[2, 39, 68, 74, 40, 3, 0, 85, 50, 44]",[],10,10,"[""deepsight_ensemble_cluster"", ""deepsight_final_filter""]",../main/re_result_6-29_APRA/cifar10_500_Jul.01_13.57.33_deepsight_fix_True_no-mia_no-mia-class_no-noise_a3fl/agg_records/pkl/round_0203_deepsight.pkl
204,deepsight,success,"[4, 33, 52, 31, 75, 20, 83, 96, 38, 72]","[4, 33, 52, 31, 75, 20, 83, 96, 38, 72]",[],10,10,"[""deepsight_ensemble_cluster"", ""deepsight_final_filter""]",../main/re_result_6-29_APRA/cifar10_500_Jul.01_13.57.33_deepsight_fix_True_no-mia_no-mia-class_no-noise_a3fl/agg_records/pkl/round_0204_deepsight.pkl
205,deepsight,success,"[4, 64, 72, 2, 83, 62, 97, 32, 51, 86]","[4, 64, 72, 2, 83, 62, 97, 32, 51, 86]",[],10,10,"[""deepsight_ensemble_cluster"", ""deepsight_final_filter""]",../main/re_result_6-29_APRA/cifar10_500_Jul.01_13.57.33_deepsight_fix_True_no-mia_no-mia-class_no-noise_a3fl/agg_records/pkl/round_0205_deepsight.pkl
206,deepsight,success,"[3, 54, 33, 74, 61, 27, 58, 68, 6, 42]","[3, 54, 33, 74, 61, 27, 58, 68, 6, 42]",[],10,10,"[""deepsight_ensemble_cluster"", ""deepsight_final_filter""]",../main/re_result_6-29_APRA/cifar10_500_Jul.01_13.57.33_deepsight_fix_True_no-mia_no-mia-class_no-noise_a3fl/agg_records/pkl/round_0206_deepsight.pkl
207,deepsight,success,"[1, 36, 19, 45, 15, 73, 13, 69, 59, 16]","[1, 36, 19, 45, 15, 73, 13, 69, 59, 16]",[],10,10,"[""deepsight_ensemble_cluster"", ""deepsight_final_filter""]",../main/re_result_6-29_APRA/cifar10_500_Jul.01_13.57.33_deepsight_fix_True_no-mia_no-mia-class_no-noise_a3fl/agg_records/pkl/round_0207_deepsight.pkl
208,deepsight,success,"[3, 17, 69, 74, 58, 40, 57, 56, 59, 55]","[3, 17, 69, 74, 58, 40, 57, 56, 59, 55]",[],10,10,"[""deepsight_ensemble_cluster"", ""deepsight_final_filter""]",../main/re_result_6-29_APRA/cifar10_500_Jul.01_13.57.33_deepsight_fix_True_no-mia_no-mia-class_no-noise_a3fl/agg_records/pkl/round_0208_deepsight.pkl
209,deepsight,success,"[3, 97, 8, 89, 79, 11, 76, 16, 77, 25]","[3, 97, 8, 89, 79, 11, 76, 16, 77, 25]",[],10,10,"[""deepsight_ensemble_cluster"", ""deepsight_final_filter""]",../main/re_result_6-29_APRA/cifar10_500_Jul.01_13.57.33_deepsight_fix_True_no-mia_no-mia-class_no-noise_a3fl/agg_records/pkl/round_0209_deepsight.pkl
210,deepsight,success,"[2, 21, 49, 33, 17, 44, 74, 85, 84, 79]","[2, 21, 49, 33, 17, 44, 74, 85, 84, 79]",[],10,10,"[""deepsight_ensemble_cluster"", ""deepsight_final_filter""]",../main/re_result_6-29_APRA/cifar10_500_Jul.01_13.57.33_deepsight_fix_True_no-mia_no-mia-class_no-noise_a3fl/agg_records/pkl/round_0210_deepsight.pkl
211,deepsight,success,"[1, 15, 58, 56, 75, 64, 2, 68, 46, 54]","[1, 15, 58, 56, 75, 64, 2, 68, 46, 54]",[],10,10,"[""deepsight_ensemble_cluster"", ""deepsight_final_filter""]",../main/re_result_6-29_APRA/cifar10_500_Jul.01_13.57.33_deepsight_fix_True_no-mia_no-mia-class_no-noise_a3fl/agg_records/pkl/round_0211_deepsight.pkl
212,deepsight,success,"[3, 41, 74, 15, 4, 81, 48, 84, 56, 94]","[3, 41, 74, 15, 4, 81, 48, 84, 56, 94]",[],10,10,"[""deepsight_ensemble_cluster"", ""deepsight_final_filter""]",../main/re_result_6-29_APRA/cifar10_500_Jul.01_13.57.33_deepsight_fix_True_no-mia_no-mia-class_no-noise_a3fl/agg_records/pkl/round_0212_deepsight.pkl
213,deepsight,success,"[1, 94, 76, 84, 86, 54, 63, 6, 85, 39]","[1, 94, 76, 84, 86, 54, 63, 6, 85, 39]",[],10,10,"[""deepsight_ensemble_cluster"", ""deepsight_final_filter""]",../main/re_result_6-29_APRA/cifar10_500_Jul.01_13.57.33_deepsight_fix_True_no-mia_no-mia-class_no-noise_a3fl/agg_records/pkl/round_0213_deepsight.pkl
214,deepsight,success,"[2, 58, 62, 15, 35, 5, 46, 60, 8, 18]","[2, 58, 62, 15, 35, 5, 46, 60, 8, 18]",[],10,10,"[""deepsight_ensemble_cluster"", ""deepsight_final_filter""]",../main/re_result_6-29_APRA/cifar10_500_Jul.01_13.57.33_deepsight_fix_True_no-mia_no-mia-class_no-noise_a3fl/agg_records/pkl/round_0214_deepsight.pkl
215,deepsight,success,"[2, 96, 3, 90, 11, 47, 48, 37, 33, 80]","[2, 96, 3, 90, 11, 47, 48, 37, 33, 80]",[],10,10,"[""deepsight_ensemble_cluster"", ""deepsight_final_filter""]",../main/re_result_6-29_APRA/cifar10_500_Jul.01_13.57.33_deepsight_fix_True_no-mia_no-mia-class_no-noise_a3fl/agg_records/pkl/round_0215_deepsight.pkl
216,deepsight,success,"[2, 5, 82, 80, 89, 69, 42, 59, 17, 48]","[2, 5, 82, 80, 89, 69, 42, 59, 17, 48]",[],10,10,"[""deepsight_ensemble_cluster"", ""deepsight_final_filter""]",../main/re_result_6-29_APRA/cifar10_500_Jul.01_13.57.33_deepsight_fix_True_no-mia_no-mia-class_no-noise_a3fl/agg_records/pkl/round_0216_deepsight.pkl
217,deepsight,success,"[3, 81, 28, 63, 34, 35, 96, 71, 46, 44]","[3, 81, 28, 63, 34, 35, 96, 71, 46, 44]",[],10,10,"[""deepsight_ensemble_cluster"", ""deepsight_final_filter""]",../main/re_result_6-29_APRA/cifar10_500_Jul.01_13.57.33_deepsight_fix_True_no-mia_no-mia-class_no-noise_a3fl/agg_records/pkl/round_0217_deepsight.pkl
218,deepsight,success,"[2, 91, 86, 84, 61, 50, 97, 87, 53, 27]","[2, 91, 86, 84, 61, 50, 97, 87, 53, 27]",[],10,10,"[""deepsight_ensemble_cluster"", ""deepsight_final_filter""]",../main/re_result_6-29_APRA/cifar10_500_Jul.01_13.57.33_deepsight_fix_True_no-mia_no-mia-class_no-noise_a3fl/agg_records/pkl/round_0218_deepsight.pkl
219,deepsight,success,"[1, 44, 89, 35, 24, 0, 91, 43, 4, 73]","[1, 44, 89, 35, 24, 0, 91, 43, 4, 73]",[],10,10,"[""deepsight_ensemble_cluster"", ""deepsight_final_filter""]",../main/re_result_6-29_APRA/cifar10_500_Jul.01_13.57.33_deepsight_fix_True_no-mia_no-mia-class_no-noise_a3fl/agg_records/pkl/round_0219_deepsight.pkl
220,deepsight,success,"[2, 28, 1, 88, 58, 21, 61, 94, 17, 68]","[2, 28, 1, 88, 58, 21, 61, 94, 17, 68]",[],10,10,"[""deepsight_ensemble_cluster"", ""deepsight_final_filter""]",../main/re_result_6-29_APRA/cifar10_500_Jul.01_13.57.33_deepsight_fix_True_no-mia_no-mia-class_no-noise_a3fl/agg_records/pkl/round_0220_deepsight.pkl
221,deepsight,success,"[1, 61, 50, 74, 42, 87, 65, 72, 64, 8]","[1, 61, 50, 74, 42, 87, 65, 72, 64, 8]",[],10,10,"[""deepsight_ensemble_cluster"", ""deepsight_final_filter""]",../main/re_result_6-29_APRA/cifar10_500_Jul.01_13.57.33_deepsight_fix_True_no-mia_no-mia-class_no-noise_a3fl/agg_records/pkl/round_0221_deepsight.pkl
222,deepsight,success,"[4, 75, 35, 21, 95, 83, 55, 52, 2, 31]","[4, 75, 35, 21, 95, 83, 55, 52, 2, 31]",[],10,10,"[""deepsight_ensemble_cluster"", ""deepsight_final_filter""]",../main/re_result_6-29_APRA/cifar10_500_Jul.01_13.57.33_deepsight_fix_True_no-mia_no-mia-class_no-noise_a3fl/agg_records/pkl/round_0222_deepsight.pkl
223,deepsight,success,"[3, 55, 79, 70, 4, 82, 24, 60, 56, 88]","[3, 55, 79, 82, 24, 60, 56]","[70, 4, 88]",10,7,"[""deepsight_ensemble_cluster"", ""deepsight_final_filter""]",../main/re_result_6-29_APRA/cifar10_500_Jul.01_13.57.33_deepsight_fix_True_no-mia_no-mia-class_no-noise_a3fl/agg_records/pkl/round_0223_deepsight.pkl
224,deepsight,success,"[2, 34, 70, 23, 83, 99, 77, 37, 26, 89]","[2, 34, 70, 23, 83, 99, 77, 37, 26, 89]",[],10,10,"[""deepsight_ensemble_cluster"", ""deepsight_final_filter""]",../main/re_result_6-29_APRA/cifar10_500_Jul.01_13.57.33_deepsight_fix_True_no-mia_no-mia-class_no-noise_a3fl/agg_records/pkl/round_0224_deepsight.pkl
225,deepsight,success,"[2, 6, 8, 62, 78, 51, 14, 56, 46, 29]","[2, 6, 8, 62, 78, 51, 14, 56, 46, 29]",[],10,10,"[""deepsight_ensemble_cluster"", ""deepsight_final_filter""]",../main/re_result_6-29_APRA/cifar10_500_Jul.01_13.57.33_deepsight_fix_True_no-mia_no-mia-class_no-noise_a3fl/agg_records/pkl/round_0225_deepsight.pkl
226,deepsight,success,"[3, 64, 60, 88, 68, 33, 18, 36, 63, 14]","[3, 64, 60, 88, 68, 33, 18, 36, 63, 14]",[],10,10,"[""deepsight_ensemble_cluster"", ""deepsight_final_filter""]",../main/re_result_6-29_APRA/cifar10_500_Jul.01_13.57.33_deepsight_fix_True_no-mia_no-mia-class_no-noise_a3fl/agg_records/pkl/round_0226_deepsight.pkl
227,deepsight,success,"[3, 37, 73, 9, 76, 15, 50, 25, 88, 55]","[3, 37, 73, 9, 76, 15, 50, 25, 55]",[88],10,9,"[""deepsight_ensemble_cluster"", ""deepsight_final_filter""]",../main/re_result_6-29_APRA/cifar10_500_Jul.01_13.57.33_deepsight_fix_True_no-mia_no-mia-class_no-noise_a3fl/agg_records/pkl/round_0227_deepsight.pkl
228,deepsight,success,"[4, 43, 2, 88, 61, 23, 44, 78, 45, 5]","[4, 43, 2, 88, 61, 23, 44, 78, 45]",[5],10,9,"[""deepsight_ensemble_cluster"", ""deepsight_final_filter""]",../main/re_result_6-29_APRA/cifar10_500_Jul.01_13.57.33_deepsight_fix_True_no-mia_no-mia-class_no-noise_a3fl/agg_records/pkl/round_0228_deepsight.pkl
229,deepsight,success,"[0, 50, 78, 10, 45, 55, 79, 61, 68, 8]","[0, 50, 78, 10, 45, 55, 79, 61, 68, 8]",[],10,10,"[""deepsight_ensemble_cluster"", ""deepsight_final_filter""]",../main/re_result_6-29_APRA/cifar10_500_Jul.01_13.57.33_deepsight_fix_True_no-mia_no-mia-class_no-noise_a3fl/agg_records/pkl/round_0229_deepsight.pkl
230,deepsight,success,"[3, 80, 66, 19, 27, 7, 62, 86, 6, 2]","[3, 80, 66, 19, 27, 7, 62, 86, 6, 2]",[],10,10,"[""deepsight_ensemble_cluster"", ""deepsight_final_filter""]",../main/re_result_6-29_APRA/cifar10_500_Jul.01_13.57.33_deepsight_fix_True_no-mia_no-mia-class_no-noise_a3fl/agg_records/pkl/round_0230_deepsight.pkl
231,deepsight,success,"[4, 9, 26, 28, 97, 96, 40, 95, 75, 2]","[4, 28, 97, 96, 40, 75, 2]","[9, 26, 95]",10,7,"[""deepsight_ensemble_cluster"", ""deepsight_final_filter""]",../main/re_result_6-29_APRA/cifar10_500_Jul.01_13.57.33_deepsight_fix_True_no-mia_no-mia-class_no-noise_a3fl/agg_records/pkl/round_0231_deepsight.pkl
232,deepsight,success,"[1, 27, 99, 62, 39, 30, 23, 56, 74, 92]","[1, 27, 99, 62, 39, 30, 23, 56, 74, 92]",[],10,10,"[""deepsight_ensemble_cluster"", ""deepsight_final_filter""]",../main/re_result_6-29_APRA/cifar10_500_Jul.01_13.57.33_deepsight_fix_True_no-mia_no-mia-class_no-noise_a3fl/agg_records/pkl/round_0232_deepsight.pkl
233,deepsight,success,"[1, 98, 36, 80, 37, 13, 71, 0, 12, 90]","[1, 98, 36, 80, 37, 13, 71, 0, 12, 90]",[],10,10,"[""deepsight_ensemble_cluster"", ""deepsight_final_filter""]",../main/re_result_6-29_APRA/cifar10_500_Jul.01_13.57.33_deepsight_fix_True_no-mia_no-mia-class_no-noise_a3fl/agg_records/pkl/round_0233_deepsight.pkl
234,deepsight,success,"[3, 87, 74, 82, 46, 79, 16, 83, 89, 23]","[3, 87, 74, 82, 46, 79, 16, 83, 89, 23]",[],10,10,"[""deepsight_ensemble_cluster"", ""deepsight_final_filter""]",../main/re_result_6-29_APRA/cifar10_500_Jul.01_13.57.33_deepsight_fix_True_no-mia_no-mia-class_no-noise_a3fl/agg_records/pkl/round_0234_deepsight.pkl
235,deepsight,success,"[4, 39, 54, 34, 6, 32, 9, 14, 70, 20]","[4, 39, 54, 34, 6, 32, 9, 14, 70, 20]",[],10,10,"[""deepsight_ensemble_cluster"", ""deepsight_final_filter""]",../main/re_result_6-29_APRA/cifar10_500_Jul.01_13.57.33_deepsight_fix_True_no-mia_no-mia-class_no-noise_a3fl/agg_records/pkl/round_0235_deepsight.pkl
236,deepsight,success,"[4, 60, 77, 13, 34, 56, 46, 76, 45, 11]","[4, 60, 77, 13, 34, 56, 46, 76, 45, 11]",[],10,10,"[""deepsight_ensemble_cluster"", ""deepsight_final_filter""]",../main/re_result_6-29_APRA/cifar10_500_Jul.01_13.57.33_deepsight_fix_True_no-mia_no-mia-class_no-noise_a3fl/agg_records/pkl/round_0236_deepsight.pkl
237,deepsight,success,"[1, 4, 25, 30, 73, 96, 8, 48, 78, 50]","[1, 4, 25, 30, 73, 96, 8, 78, 50]",[48],10,9,"[""deepsight_ensemble_cluster"", ""deepsight_final_filter""]",../main/re_result_6-29_APRA/cifar10_500_Jul.01_13.57.33_deepsight_fix_True_no-mia_no-mia-class_no-noise_a3fl/agg_records/pkl/round_0237_deepsight.pkl
238,deepsight,success,"[3, 88, 56, 83, 75, 33, 20, 28, 74, 38]","[3, 88, 56, 83, 75, 33, 20, 28, 74, 38]",[],10,10,"[""deepsight_ensemble_cluster"", ""deepsight_final_filter""]",../main/re_result_6-29_APRA/cifar10_500_Jul.01_13.57.33_deepsight_fix_True_no-mia_no-mia-class_no-noise_a3fl/agg_records/pkl/round_0238_deepsight.pkl
239,deepsight,success,"[1, 72, 87, 27, 93, 62, 46, 96, 37, 21]","[1, 72, 87, 27, 93, 62, 46, 96, 37, 21]",[],10,10,"[""deepsight_ensemble_cluster"", ""deepsight_final_filter""]",../main/re_result_6-29_APRA/cifar10_500_Jul.01_13.57.33_deepsight_fix_True_no-mia_no-mia-class_no-noise_a3fl/agg_records/pkl/round_0239_deepsight.pkl
240,deepsight,success,"[4, 65, 39, 50, 32, 61, 93, 62, 31, 40]","[4, 65, 39, 50, 32, 61, 93, 62, 31, 40]",[],10,10,"[""deepsight_ensemble_cluster"", ""deepsight_final_filter""]",../main/re_result_6-29_APRA/cifar10_500_Jul.01_13.57.33_deepsight_fix_True_no-mia_no-mia-class_no-noise_a3fl/agg_records/pkl/round_0240_deepsight.pkl
241,deepsight,success,"[4, 81, 42, 7, 95, 32, 1, 94, 23, 58]","[4, 81, 42, 7, 95, 32, 1, 94, 23, 58]",[],10,10,"[""deepsight_ensemble_cluster"", ""deepsight_final_filter""]",../main/re_result_6-29_APRA/cifar10_500_Jul.01_13.57.33_deepsight_fix_True_no-mia_no-mia-class_no-noise_a3fl/agg_records/pkl/round_0241_deepsight.pkl
242,deepsight,success,"[3, 18, 88, 11, 59, 74, 27, 10, 52, 21]","[3, 18, 88, 11, 59, 74, 27, 10, 52, 21]",[],10,10,"[""deepsight_ensemble_cluster"", ""deepsight_final_filter""]",../main/re_result_6-29_APRA/cifar10_500_Jul.01_13.57.33_deepsight_fix_True_no-mia_no-mia-class_no-noise_a3fl/agg_records/pkl/round_0242_deepsight.pkl
243,deepsight,success,"[2, 6, 43, 46, 26, 21, 55, 57, 80, 78]","[2, 6, 43, 46, 26, 21, 55, 57, 80, 78]",[],10,10,"[""deepsight_ensemble_cluster"", ""deepsight_final_filter""]",../main/re_result_6-29_APRA/cifar10_500_Jul.01_13.57.33_deepsight_fix_True_no-mia_no-mia-class_no-noise_a3fl/agg_records/pkl/round_0243_deepsight.pkl
244,deepsight,success,"[1, 36, 84, 82, 40, 87, 90, 66, 32, 89]","[1, 36, 84, 82, 40, 87, 90, 66, 32, 89]",[],10,10,"[""deepsight_ensemble_cluster"", ""deepsight_final_filter""]",../main/re_result_6-29_APRA/cifar10_500_Jul.01_13.57.33_deepsight_fix_True_no-mia_no-mia-class_no-noise_a3fl/agg_records/pkl/round_0244_deepsight.pkl
245,deepsight,success,"[3, 19, 51, 72, 92, 60, 98, 91, 63, 76]","[3, 19, 51, 72, 92, 60, 98, 91, 63, 76]",[],10,10,"[""deepsight_ensemble_cluster"", ""deepsight_final_filter""]",../main/re_result_6-29_APRA/cifar10_500_Jul.01_13.57.33_deepsight_fix_True_no-mia_no-mia-class_no-noise_a3fl/agg_records/pkl/round_0245_deepsight.pkl
246,deepsight,success,"[1, 94, 66, 86, 68, 73, 35, 77, 11, 22]","[1, 94, 66, 86, 68, 73, 35, 77, 11, 22]",[],10,10,"[""deepsight_ensemble_cluster"", ""deepsight_final_filter""]",../main/re_result_6-29_APRA/cifar10_500_Jul.01_13.57.33_deepsight_fix_True_no-mia_no-mia-class_no-noise_a3fl/agg_records/pkl/round_0246_deepsight.pkl
247,deepsight,success,"[4, 56, 57, 22, 65, 63, 62, 33, 64, 69]","[4, 56, 57, 22, 65, 63, 62, 33, 64, 69]",[],10,10,"[""deepsight_ensemble_cluster"", ""deepsight_final_filter""]",../main/re_result_6-29_APRA/cifar10_500_Jul.01_13.57.33_deepsight_fix_True_no-mia_no-mia-class_no-noise_a3fl/agg_records/pkl/round_0247_deepsight.pkl
248,deepsight,success,"[3, 79, 11, 7, 38, 2, 57, 49, 91, 22]","[3, 79, 11, 7, 38, 2, 57, 49, 91, 22]",[],10,10,"[""deepsight_ensemble_cluster"", ""deepsight_final_filter""]",../main/re_result_6-29_APRA/cifar10_500_Jul.01_13.57.33_deepsight_fix_True_no-mia_no-mia-class_no-noise_a3fl/agg_records/pkl/round_0248_deepsight.pkl
249,deepsight,success,"[4, 49, 80, 41, 24, 96, 37, 13, 63, 29]","[4, 49, 80, 41, 24, 96, 37, 13, 63, 29]",[],10,10,"[""deepsight_ensemble_cluster"", ""deepsight_final_filter""]",../main/re_result_6-29_APRA/cifar10_500_Jul.01_13.57.33_deepsight_fix_True_no-mia_no-mia-class_no-noise_a3fl/agg_records/pkl/round_0249_deepsight.pkl
250,deepsight,success,"[0, 86, 66, 7, 19, 3, 37, 34, 10, 91]","[0, 86, 66, 7, 19, 3, 37, 34, 10, 91]",[],10,10,"[""deepsight_ensemble_cluster"", ""deepsight_final_filter""]",../main/re_result_6-29_APRA/cifar10_500_Jul.01_13.57.33_deepsight_fix_True_no-mia_no-mia-class_no-noise_a3fl/agg_records/pkl/round_0250_deepsight.pkl
251,deepsight,success,"[0, 59, 14, 73, 9, 18, 77, 36, 32, 89]","[0, 59, 14, 73, 9, 18, 77, 36, 89]",[32],10,9,"[""deepsight_ensemble_cluster"", ""deepsight_final_filter""]",../main/re_result_6-29_APRA/cifar10_500_Jul.01_13.57.33_deepsight_fix_True_no-mia_no-mia-class_no-noise_a3fl/agg_records/pkl/round_0251_deepsight.pkl
252,deepsight,success,"[1, 59, 8, 24, 55, 47, 57, 68, 13, 38]","[1, 59, 8, 24, 55, 47, 57, 68, 13, 38]",[],10,10,"[""deepsight_ensemble_cluster"", ""deepsight_final_filter""]",../main/re_result_6-29_APRA/cifar10_500_Jul.01_13.57.33_deepsight_fix_True_no-mia_no-mia-class_no-noise_a3fl/agg_records/pkl/round_0252_deepsight.pkl
253,deepsight,success,"[4, 51, 29, 46, 41, 3, 11, 75, 27, 48]","[4, 51, 29, 46, 41, 3, 11, 75, 27, 48]",[],10,10,"[""deepsight_ensemble_cluster"", ""deepsight_final_filter""]",../main/re_result_6-29_APRA/cifar10_500_Jul.01_13.57.33_deepsight_fix_True_no-mia_no-mia-class_no-noise_a3fl/agg_records/pkl/round_0253_deepsight.pkl
254,deepsight,success,"[1, 9, 85, 11, 4, 15, 93, 42, 66, 39]","[1, 9, 85, 11, 4, 15, 93, 42, 66, 39]",[],10,10,"[""deepsight_ensemble_cluster"", ""deepsight_final_filter""]",../main/re_result_6-29_APRA/cifar10_500_Jul.01_13.57.33_deepsight_fix_True_no-mia_no-mia-class_no-noise_a3fl/agg_records/pkl/round_0254_deepsight.pkl
255,deepsight,success,"[2, 51, 57, 29, 12, 62, 8, 89, 6, 93]","[2, 51, 57, 29, 12, 62, 8, 89, 6, 93]",[],10,10,"[""deepsight_ensemble_cluster"", ""deepsight_final_filter""]",../main/re_result_6-29_APRA/cifar10_500_Jul.01_13.57.33_deepsight_fix_True_no-mia_no-mia-class_no-noise_a3fl/agg_records/pkl/round_0255_deepsight.pkl
256,deepsight,success,"[0, 86, 89, 60, 36, 73, 25, 12, 58, 47]","[0, 86, 89, 60, 36, 73, 25, 12, 58, 47]",[],10,10,"[""deepsight_ensemble_cluster"", ""deepsight_final_filter""]",../main/re_result_6-29_APRA/cifar10_500_Jul.01_13.57.33_deepsight_fix_True_no-mia_no-mia-class_no-noise_a3fl/agg_records/pkl/round_0256_deepsight.pkl
257,deepsight,success,"[3, 4, 64, 30, 0, 24, 14, 91, 90, 57]","[3, 4, 64, 30, 0, 24, 14, 91, 90, 57]",[],10,10,"[""deepsight_ensemble_cluster"", ""deepsight_final_filter""]",../main/re_result_6-29_APRA/cifar10_500_Jul.01_13.57.33_deepsight_fix_True_no-mia_no-mia-class_no-noise_a3fl/agg_records/pkl/round_0257_deepsight.pkl
258,deepsight,success,"[1, 59, 28, 31, 77, 62, 82, 85, 6, 11]","[1, 59, 28, 31, 77, 62, 82, 85, 6, 11]",[],10,10,"[""deepsight_ensemble_cluster"", ""deepsight_final_filter""]",../main/re_result_6-29_APRA/cifar10_500_Jul.01_13.57.33_deepsight_fix_True_no-mia_no-mia-class_no-noise_a3fl/agg_records/pkl/round_0258_deepsight.pkl
259,deepsight,success,"[0, 13, 85, 38, 73, 22, 53, 21, 10, 71]","[0, 13, 85, 38, 73, 22, 53, 21, 10, 71]",[],10,10,"[""deepsight_ensemble_cluster"", ""deepsight_final_filter""]",../main/re_result_6-29_APRA/cifar10_500_Jul.01_13.57.33_deepsight_fix_True_no-mia_no-mia-class_no-noise_a3fl/agg_records/pkl/round_0259_deepsight.pkl
260,deepsight,success,"[4, 21, 93, 87, 34, 1, 0, 54, 10, 27]","[4, 21, 93, 87, 34, 1, 0, 54, 10, 27]",[],10,10,"[""deepsight_ensemble_cluster"", ""deepsight_final_filter""]",../main/re_result_6-29_APRA/cifar10_500_Jul.01_13.57.33_deepsight_fix_True_no-mia_no-mia-class_no-noise_a3fl/agg_records/pkl/round_0260_deepsight.pkl
261,deepsight,success,"[4, 49, 43, 35, 89, 76, 55, 52, 7, 22]","[4, 49, 43, 35, 89, 76, 55, 52, 7, 22]",[],10,10,"[""deepsight_ensemble_cluster"", ""deepsight_final_filter""]",../main/re_result_6-29_APRA/cifar10_500_Jul.01_13.57.33_deepsight_fix_True_no-mia_no-mia-class_no-noise_a3fl/agg_records/pkl/round_0261_deepsight.pkl
262,deepsight,success,"[2, 11, 35, 32, 44, 70, 93, 6, 36, 61]","[2, 11, 35, 32, 44, 70, 93, 6, 36, 61]",[],10,10,"[""deepsight_ensemble_cluster"", ""deepsight_final_filter""]",../main/re_result_6-29_APRA/cifar10_500_Jul.01_13.57.33_deepsight_fix_True_no-mia_no-mia-class_no-noise_a3fl/agg_records/pkl/round_0262_deepsight.pkl
263,deepsight,success,"[0, 9, 72, 92, 4, 5, 39, 44, 7, 11]","[0, 9, 72, 92, 4, 5, 39, 44, 7, 11]",[],10,10,"[""deepsight_ensemble_cluster"", ""deepsight_final_filter""]",../main/re_result_6-29_APRA/cifar10_500_Jul.01_13.57.33_deepsight_fix_True_no-mia_no-mia-class_no-noise_a3fl/agg_records/pkl/round_0263_deepsight.pkl
264,deepsight,success,"[2, 96, 32, 9, 91, 15, 74, 42, 79, 81]","[2, 96, 32, 9, 91, 15, 74, 42, 79, 81]",[],10,10,"[""deepsight_ensemble_cluster"", ""deepsight_final_filter""]",../main/re_result_6-29_APRA/cifar10_500_Jul.01_13.57.33_deepsight_fix_True_no-mia_no-mia-class_no-noise_a3fl/agg_records/pkl/round_0264_deepsight.pkl
265,deepsight,success,"[3, 8, 20, 62, 52, 77, 25, 90, 36, 97]","[3, 8, 20, 62, 52, 77, 25, 90, 36, 97]",[],10,10,"[""deepsight_ensemble_cluster"", ""deepsight_final_filter""]",../main/re_result_6-29_APRA/cifar10_500_Jul.01_13.57.33_deepsight_fix_True_no-mia_no-mia-class_no-noise_a3fl/agg_records/pkl/round_0265_deepsight.pkl
266,deepsight,success,"[3, 63, 78, 56, 54, 7, 42, 33, 65, 43]","[3, 63, 78, 56, 54, 7, 42, 33, 65, 43]",[],10,10,"[""deepsight_ensemble_cluster"", ""deepsight_final_filter""]",../main/re_result_6-29_APRA/cifar10_500_Jul.01_13.57.33_deepsight_fix_True_no-mia_no-mia-class_no-noise_a3fl/agg_records/pkl/round_0266_deepsight.pkl
267,deepsight,success,"[3, 20, 41, 61, 45, 1, 35, 22, 23, 40]","[3, 20, 41, 61, 45, 1, 35, 22, 23, 40]",[],10,10,"[""deepsight_ensemble_cluster"", ""deepsight_final_filter""]",../main/re_result_6-29_APRA/cifar10_500_Jul.01_13.57.33_deepsight_fix_True_no-mia_no-mia-class_no-noise_a3fl/agg_records/pkl/round_0267_deepsight.pkl
268,deepsight,success,"[3, 34, 97, 8, 50, 76, 85, 96, 89, 65]","[3, 34, 97, 8, 50, 76, 85, 96, 89, 65]",[],10,10,"[""deepsight_ensemble_cluster"", ""deepsight_final_filter""]",../main/re_result_6-29_APRA/cifar10_500_Jul.01_13.57.33_deepsight_fix_True_no-mia_no-mia-class_no-noise_a3fl/agg_records/pkl/round_0268_deepsight.pkl
269,deepsight,success,"[3, 97, 15, 94, 98, 63, 44, 34, 14, 95]","[3, 97, 15, 94, 98, 63, 44, 34, 14, 95]",[],10,10,"[""deepsight_ensemble_cluster"", ""deepsight_final_filter""]",../main/re_result_6-29_APRA/cifar10_500_Jul.01_13.57.33_deepsight_fix_True_no-mia_no-mia-class_no-noise_a3fl/agg_records/pkl/round_0269_deepsight.pkl
270,deepsight,success,"[4, 21, 64, 14, 15, 39, 72, 13, 49, 8]","[4, 21, 64, 14, 15, 39, 72, 13, 49, 8]",[],10,10,"[""deepsight_ensemble_cluster"", ""deepsight_final_filter""]",../main/re_result_6-29_APRA/cifar10_500_Jul.01_13.57.33_deepsight_fix_True_no-mia_no-mia-class_no-noise_a3fl/agg_records/pkl/round_0270_deepsight.pkl
271,deepsight,success,"[2, 72, 3, 10, 73, 64, 86, 43, 46, 63]","[2, 72, 3, 10, 73, 64, 86, 43, 46, 63]",[],10,10,"[""deepsight_ensemble_cluster"", ""deepsight_final_filter""]",../main/re_result_6-29_APRA/cifar10_500_Jul.01_13.57.33_deepsight_fix_True_no-mia_no-mia-class_no-noise_a3fl/agg_records/pkl/round_0271_deepsight.pkl
272,deepsight,success,"[0, 72, 22, 52, 63, 95, 71, 49, 42, 6]","[0, 72, 22, 52, 63, 95, 71, 49, 42, 6]",[],10,10,"[""deepsight_ensemble_cluster"", ""deepsight_final_filter""]",../main/re_result_6-29_APRA/cifar10_500_Jul.01_13.57.33_deepsight_fix_True_no-mia_no-mia-class_no-noise_a3fl/agg_records/pkl/round_0272_deepsight.pkl
273,deepsight,success,"[2, 35, 94, 38, 12, 39, 36, 96, 18, 80]","[2, 35, 94, 38, 12, 39, 36, 96, 18, 80]",[],10,10,"[""deepsight_ensemble_cluster"", ""deepsight_final_filter""]",../main/re_result_6-29_APRA/cifar10_500_Jul.01_13.57.33_deepsight_fix_True_no-mia_no-mia-class_no-noise_a3fl/agg_records/pkl/round_0273_deepsight.pkl
274,deepsight,success,"[2, 99, 19, 96, 52, 64, 81, 3, 68, 69]","[2, 99, 19, 96, 52, 64, 81, 3, 68, 69]",[],10,10,"[""deepsight_ensemble_cluster"", ""deepsight_final_filter""]",../main/re_result_6-29_APRA/cifar10_500_Jul.01_13.57.33_deepsight_fix_True_no-mia_no-mia-class_no-noise_a3fl/agg_records/pkl/round_0274_deepsight.pkl
275,deepsight,success,"[0, 90, 45, 6, 9, 43, 16, 30, 57, 86]","[0, 90, 45, 6, 9, 43, 16, 30, 57, 86]",[],10,10,"[""deepsight_ensemble_cluster"", ""deepsight_final_filter""]",../main/re_result_6-29_APRA/cifar10_500_Jul.01_13.57.33_deepsight_fix_True_no-mia_no-mia-class_no-noise_a3fl/agg_records/pkl/round_0275_deepsight.pkl
276,deepsight,success,"[4, 85, 54, 99, 23, 53, 66, 33, 80, 57]","[4, 85, 54, 99, 23, 53, 66, 33, 80, 57]",[],10,10,"[""deepsight_ensemble_cluster"", ""deepsight_final_filter""]",../main/re_result_6-29_APRA/cifar10_500_Jul.01_13.57.33_deepsight_fix_True_no-mia_no-mia-class_no-noise_a3fl/agg_records/pkl/round_0276_deepsight.pkl
277,deepsight,success,"[0, 38, 19, 33, 9, 53, 93, 73, 86, 65]","[0, 38, 19, 33, 9, 53, 93, 73, 86, 65]",[],10,10,"[""deepsight_ensemble_cluster"", ""deepsight_final_filter""]",../main/re_result_6-29_APRA/cifar10_500_Jul.01_13.57.33_deepsight_fix_True_no-mia_no-mia-class_no-noise_a3fl/agg_records/pkl/round_0277_deepsight.pkl
278,deepsight,success,"[0, 38, 20, 1, 57, 49, 85, 69, 11, 84]","[0, 38, 20, 1, 57, 49, 85, 69, 11, 84]",[],10,10,"[""deepsight_ensemble_cluster"", ""deepsight_final_filter""]",../main/re_result_6-29_APRA/cifar10_500_Jul.01_13.57.33_deepsight_fix_True_no-mia_no-mia-class_no-noise_a3fl/agg_records/pkl/round_0278_deepsight.pkl
279,deepsight,success,"[0, 6, 55, 69, 10, 34, 29, 47, 74, 61]","[0, 6, 55, 69, 10, 34, 29, 47, 74, 61]",[],10,10,"[""deepsight_ensemble_cluster"", ""deepsight_final_filter""]",../main/re_result_6-29_APRA/cifar10_500_Jul.01_13.57.33_deepsight_fix_True_no-mia_no-mia-class_no-noise_a3fl/agg_records/pkl/round_0279_deepsight.pkl
280,deepsight,success,"[1, 86, 29, 77, 96, 84, 60, 51, 53, 95]","[1, 86, 29, 77, 96, 84, 60, 51, 53, 95]",[],10,10,"[""deepsight_ensemble_cluster"", ""deepsight_final_filter""]",../main/re_result_6-29_APRA/cifar10_500_Jul.01_13.57.33_deepsight_fix_True_no-mia_no-mia-class_no-noise_a3fl/agg_records/pkl/round_0280_deepsight.pkl
281,deepsight,success,"[0, 88, 7, 41, 33, 16, 59, 11, 42, 5]","[0, 88, 7, 41, 33, 16, 59, 11, 42, 5]",[],10,10,"[""deepsight_ensemble_cluster"", ""deepsight_final_filter""]",../main/re_result_6-29_APRA/cifar10_500_Jul.01_13.57.33_deepsight_fix_True_no-mia_no-mia-class_no-noise_a3fl/agg_records/pkl/round_0281_deepsight.pkl
282,deepsight,success,"[0, 64, 56, 2, 11, 89, 59, 45, 97, 15]","[0, 64, 56, 2, 11, 89, 59, 45, 97, 15]",[],10,10,"[""deepsight_ensemble_cluster"", ""deepsight_final_filter""]",../main/re_result_6-29_APRA/cifar10_500_Jul.01_13.57.33_deepsight_fix_True_no-mia_no-mia-class_no-noise_a3fl/agg_records/pkl/round_0282_deepsight.pkl
283,deepsight,success,"[4, 0, 58, 61, 71, 33, 23, 65, 37, 48]","[4, 0, 58, 61, 71, 33, 23, 65, 37, 48]",[],10,10,"[""deepsight_ensemble_cluster"", ""deepsight_final_filter""]",../main/re_result_6-29_APRA/cifar10_500_Jul.01_13.57.33_deepsight_fix_True_no-mia_no-mia-class_no-noise_a3fl/agg_records/pkl/round_0283_deepsight.pkl
284,deepsight,success,"[2, 59, 56, 14, 68, 81, 55, 62, 6, 63]","[2, 59, 56, 14, 68, 81, 55, 62, 6, 63]",[],10,10,"[""deepsight_ensemble_cluster"", ""deepsight_final_filter""]",../main/re_result_6-29_APRA/cifar10_500_Jul.01_13.57.33_deepsight_fix_True_no-mia_no-mia-class_no-noise_a3fl/agg_records/pkl/round_0284_deepsight.pkl
285,deepsight,success,"[1, 89, 12, 78, 93, 21, 23, 71, 98, 30]","[1, 89, 12, 78, 93, 21, 23, 71, 98, 30]",[],10,10,"[""deepsight_ensemble_cluster"", ""deepsight_final_filter""]",../main/re_result_6-29_APRA/cifar10_500_Jul.01_13.57.33_deepsight_fix_True_no-mia_no-mia-class_no-noise_a3fl/agg_records/pkl/round_0285_deepsight.pkl
286,deepsight,success,"[2, 76, 16, 34, 27, 1, 82, 20, 15, 47]","[2, 76, 16, 34, 27, 1, 82, 20, 15, 47]",[],10,10,"[""deepsight_ensemble_cluster"", ""deepsight_final_filter""]",../main/re_result_6-29_APRA/cifar10_500_Jul.01_13.57.33_deepsight_fix_True_no-mia_no-mia-class_no-noise_a3fl/agg_records/pkl/round_0286_deepsight.pkl
287,deepsight,success,"[1, 58, 23, 96, 47, 80, 63, 69, 29, 26]","[1, 58, 23, 96, 47, 80, 63, 69, 29, 26]",[],10,10,"[""deepsight_ensemble_cluster"", ""deepsight_final_filter""]",../main/re_result_6-29_APRA/cifar10_500_Jul.01_13.57.33_deepsight_fix_True_no-mia_no-mia-class_no-noise_a3fl/agg_records/pkl/round_0287_deepsight.pkl
288,deepsight,success,"[3, 60, 36, 89, 7, 68, 87, 74, 14, 22]","[3, 60, 36, 89, 7, 68, 87, 74, 14, 22]",[],10,10,"[""deepsight_ensemble_cluster"", ""deepsight_final_filter""]",../main/re_result_6-29_APRA/cifar10_500_Jul.01_13.57.33_deepsight_fix_True_no-mia_no-mia-class_no-noise_a3fl/agg_records/pkl/round_0288_deepsight.pkl
289,deepsight,success,"[0, 45, 76, 75, 35, 37, 89, 60, 81, 99]","[0, 45, 76, 75, 35, 37, 89, 60, 81, 99]",[],10,10,"[""deepsight_ensemble_cluster"", ""deepsight_final_filter""]",../main/re_result_6-29_APRA/cifar10_500_Jul.01_13.57.33_deepsight_fix_True_no-mia_no-mia-class_no-noise_a3fl/agg_records/pkl/round_0289_deepsight.pkl
290,deepsight,success,"[3, 76, 95, 69, 70, 4, 12, 23, 86, 22]","[3, 76, 95, 69, 70, 4, 12, 23, 86, 22]",[],10,10,"[""deepsight_ensemble_cluster"", ""deepsight_final_filter""]",../main/re_result_6-29_APRA/cifar10_500_Jul.01_13.57.33_deepsight_fix_True_no-mia_no-mia-class_no-noise_a3fl/agg_records/pkl/round_0290_deepsight.pkl
291,deepsight,success,"[2, 97, 52, 17, 8, 69, 28, 54, 13, 96]","[2, 97, 52, 17, 8, 69, 28, 54, 13, 96]",[],10,10,"[""deepsight_ensemble_cluster"", ""deepsight_final_filter""]",../main/re_result_6-29_APRA/cifar10_500_Jul.01_13.57.33_deepsight_fix_True_no-mia_no-mia-class_no-noise_a3fl/agg_records/pkl/round_0291_deepsight.pkl
292,deepsight,success,"[0, 72, 70, 5, 20, 46, 63, 85, 9, 52]","[0, 72, 70, 5, 20, 46, 63, 85, 9, 52]",[],10,10,"[""deepsight_ensemble_cluster"", ""deepsight_final_filter""]",../main/re_result_6-29_APRA/cifar10_500_Jul.01_13.57.33_deepsight_fix_True_no-mia_no-mia-class_no-noise_a3fl/agg_records/pkl/round_0292_deepsight.pkl
293,deepsight,success,"[1, 92, 7, 95, 84, 51, 31, 59, 8, 29]","[1, 92, 7, 95, 84, 51, 31, 59, 8, 29]",[],10,10,"[""deepsight_ensemble_cluster"", ""deepsight_final_filter""]",../main/re_result_6-29_APRA/cifar10_500_Jul.01_13.57.33_deepsight_fix_True_no-mia_no-mia-class_no-noise_a3fl/agg_records/pkl/round_0293_deepsight.pkl
294,deepsight,success,"[2, 44, 80, 46, 14, 41, 16, 51, 57, 49]","[2, 44, 80, 46, 14, 41, 16, 51, 57, 49]",[],10,10,"[""deepsight_ensemble_cluster"", ""deepsight_final_filter""]",../main/re_result_6-29_APRA/cifar10_500_Jul.01_13.57.33_deepsight_fix_True_no-mia_no-mia-class_no-noise_a3fl/agg_records/pkl/round_0294_deepsight.pkl
295,deepsight,success,"[0, 56, 91, 53, 20, 74, 52, 45, 70, 51]","[0, 56, 91, 53, 20, 74, 52, 45, 70, 51]",[],10,10,"[""deepsight_ensemble_cluster"", ""deepsight_final_filter""]",../main/re_result_6-29_APRA/cifar10_500_Jul.01_13.57.33_deepsight_fix_True_no-mia_no-mia-class_no-noise_a3fl/agg_records/pkl/round_0295_deepsight.pkl
296,deepsight,success,"[1, 50, 7, 17, 47, 32, 49, 66, 63, 25]","[1, 50, 7, 17, 47, 32, 49, 66, 63, 25]",[],10,10,"[""deepsight_ensemble_cluster"", ""deepsight_final_filter""]",../main/re_result_6-29_APRA/cifar10_500_Jul.01_13.57.33_deepsight_fix_True_no-mia_no-mia-class_no-noise_a3fl/agg_records/pkl/round_0296_deepsight.pkl
297,deepsight,success,"[1, 8, 80, 19, 23, 42, 36, 47, 6, 71]","[1, 8, 80, 19, 23, 42, 36, 47, 6, 71]",[],10,10,"[""deepsight_ensemble_cluster"", ""deepsight_final_filter""]",../main/re_result_6-29_APRA/cifar10_500_Jul.01_13.57.33_deepsight_fix_True_no-mia_no-mia-class_no-noise_a3fl/agg_records/pkl/round_0297_deepsight.pkl
298,deepsight,success,"[0, 50, 79, 35, 3, 57, 72, 60, 27, 84]","[0, 50, 79, 35, 3, 57, 72, 60, 27, 84]",[],10,10,"[""deepsight_ensemble_cluster"", ""deepsight_final_filter""]",../main/re_result_6-29_APRA/cifar10_500_Jul.01_13.57.33_deepsight_fix_True_no-mia_no-mia-class_no-noise_a3fl/agg_records/pkl/round_0298_deepsight.pkl
299,deepsight,success,"[4, 64, 13, 69, 26, 82, 37, 16, 97, 8]","[4, 64, 13, 69, 26, 82, 37, 16, 97, 8]",[],10,10,"[""deepsight_ensemble_cluster"", ""deepsight_final_filter""]",../main/re_result_6-29_APRA/cifar10_500_Jul.01_13.57.33_deepsight_fix_True_no-mia_no-mia-class_no-noise_a3fl/agg_records/pkl/round_0299_deepsight.pkl
300,deepsight,success,"[0, 82, 1, 56, 50, 42, 70, 38, 66, 37]","[0, 82, 1, 56, 50, 42, 70, 38, 66, 37]",[],10,10,"[""deepsight_ensemble_cluster"", ""deepsight_final_filter""]",../main/re_result_6-29_APRA/cifar10_500_Jul.01_13.57.33_deepsight_fix_True_no-mia_no-mia-class_no-noise_a3fl/agg_records/pkl/round_0300_deepsight.pkl
301,deepsight,success,"[1, 92, 97, 73, 30, 4, 0, 36, 56, 8]","[1, 92, 97, 73, 30, 4, 0, 36, 56, 8]",[],10,10,"[""deepsight_ensemble_cluster"", ""deepsight_final_filter""]",../main/re_result_6-29_APRA/cifar10_500_Jul.01_13.57.33_deepsight_fix_True_no-mia_no-mia-class_no-noise_a3fl/agg_records/pkl/round_0301_deepsight.pkl
302,deepsight,success,"[1, 90, 41, 84, 92, 54, 0, 91, 69, 78]","[1, 41, 91, 78]","[90, 84, 92, 54, 0, 69]",10,4,"[""deepsight_ensemble_cluster"", ""deepsight_final_filter""]",../main/re_result_6-29_APRA/cifar10_500_Jul.01_13.57.33_deepsight_fix_True_no-mia_no-mia-class_no-noise_a3fl/agg_records/pkl/round_0302_deepsight.pkl
303,deepsight,success,"[3, 5, 50, 36, 73, 88, 32, 61, 48, 80]","[3, 5, 50, 36, 73, 88, 32, 61, 48, 80]",[],10,10,"[""deepsight_ensemble_cluster"", ""deepsight_final_filter""]",../main/re_result_6-29_APRA/cifar10_500_Jul.01_13.57.33_deepsight_fix_True_no-mia_no-mia-class_no-noise_a3fl/agg_records/pkl/round_0303_deepsight.pkl
304,deepsight,success,"[0, 37, 60, 79, 7, 82, 41, 96, 71, 32]","[0, 37, 60, 79, 7, 82, 41, 96, 71, 32]",[],10,10,"[""deepsight_ensemble_cluster"", ""deepsight_final_filter""]",../main/re_result_6-29_APRA/cifar10_500_Jul.01_13.57.33_deepsight_fix_True_no-mia_no-mia-class_no-noise_a3fl/agg_records/pkl/round_0304_deepsight.pkl
305,deepsight,success,"[0, 34, 61, 2, 17, 63, 84, 68, 74, 4]","[0, 34, 61, 2, 17, 63, 84, 68, 74, 4]",[],10,10,"[""deepsight_ensemble_cluster"", ""deepsight_final_filter""]",../main/re_result_6-29_APRA/cifar10_500_Jul.01_13.57.33_deepsight_fix_True_no-mia_no-mia-class_no-noise_a3fl/agg_records/pkl/round_0305_deepsight.pkl
306,deepsight,success,"[1, 59, 55, 34, 48, 15, 25, 0, 88, 99]","[1, 59, 55, 34, 88, 99]","[48, 15, 25, 0]",10,6,"[""deepsight_ensemble_cluster"", ""deepsight_final_filter""]",../main/re_result_6-29_APRA/cifar10_500_Jul.01_13.57.33_deepsight_fix_True_no-mia_no-mia-class_no-noise_a3fl/agg_records/pkl/round_0306_deepsight.pkl
307,deepsight,success,"[0, 42, 81, 7, 16, 80, 70, 63, 43, 39]","[0, 42, 81, 7, 16, 80, 70, 63, 43, 39]",[],10,10,"[""deepsight_ensemble_cluster"", ""deepsight_final_filter""]",../main/re_result_6-29_APRA/cifar10_500_Jul.01_13.57.33_deepsight_fix_True_no-mia_no-mia-class_no-noise_a3fl/agg_records/pkl/round_0307_deepsight.pkl
308,deepsight,success,"[3, 27, 70, 66, 0, 37, 24, 63, 40, 4]","[3, 27, 70, 66, 0, 37, 24, 63, 40, 4]",[],10,10,"[""deepsight_ensemble_cluster"", ""deepsight_final_filter""]",../main/re_result_6-29_APRA/cifar10_500_Jul.01_13.57.33_deepsight_fix_True_no-mia_no-mia-class_no-noise_a3fl/agg_records/pkl/round_0308_deepsight.pkl
309,deepsight,success,"[3, 21, 66, 22, 65, 42, 0, 57, 45, 41]","[3, 21, 66, 22, 65, 42, 0, 57, 45, 41]",[],10,10,"[""deepsight_ensemble_cluster"", ""deepsight_final_filter""]",../main/re_result_6-29_APRA/cifar10_500_Jul.01_13.57.33_deepsight_fix_True_no-mia_no-mia-class_no-noise_a3fl/agg_records/pkl/round_0309_deepsight.pkl
310,deepsight,success,"[1, 24, 2, 48, 89, 18, 69, 47, 10, 41]","[1, 24, 2, 48, 89, 18, 69, 47, 10, 41]",[],10,10,"[""deepsight_ensemble_cluster"", ""deepsight_final_filter""]",../main/re_result_6-29_APRA/cifar10_500_Jul.01_13.57.33_deepsight_fix_True_no-mia_no-mia-class_no-noise_a3fl/agg_records/pkl/round_0310_deepsight.pkl
311,deepsight,success,"[2, 8, 15, 25, 43, 21, 33, 60, 11, 12]","[2, 8, 15, 25, 43, 21, 33, 60, 11, 12]",[],10,10,"[""deepsight_ensemble_cluster"", ""deepsight_final_filter""]",../main/re_result_6-29_APRA/cifar10_500_Jul.01_13.57.33_deepsight_fix_True_no-mia_no-mia-class_no-noise_a3fl/agg_records/pkl/round_0311_deepsight.pkl
312,deepsight,success,"[3, 71, 66, 61, 87, 98, 45, 1, 93, 47]","[3, 71, 66, 61, 87, 98, 45, 1, 93, 47]",[],10,10,"[""deepsight_ensemble_cluster"", ""deepsight_final_filter""]",../main/re_result_6-29_APRA/cifar10_500_Jul.01_13.57.33_deepsight_fix_True_no-mia_no-mia-class_no-noise_a3fl/agg_records/pkl/round_0312_deepsight.pkl
313,deepsight,success,"[0, 27, 80, 96, 89, 16, 68, 82, 35, 12]","[0, 27, 80, 96, 89, 16, 68, 82, 35, 12]",[],10,10,"[""deepsight_ensemble_cluster"", ""deepsight_final_filter""]",../main/re_result_6-29_APRA/cifar10_500_Jul.01_13.57.33_deepsight_fix_True_no-mia_no-mia-class_no-noise_a3fl/agg_records/pkl/round_0313_deepsight.pkl
314,deepsight,success,"[4, 3, 46, 96, 12, 38, 14, 17, 2, 92]","[4, 3, 46, 96, 12, 38, 14, 17, 2, 92]",[],10,10,"[""deepsight_ensemble_cluster"", ""deepsight_final_filter""]",../main/re_result_6-29_APRA/cifar10_500_Jul.01_13.57.33_deepsight_fix_True_no-mia_no-mia-class_no-noise_a3fl/agg_records/pkl/round_0314_deepsight.pkl
315,deepsight,success,"[0, 64, 34, 81, 6, 36, 95, 48, 9, 43]","[0, 64, 34, 81, 6, 36, 95, 48, 9, 43]",[],10,10,"[""deepsight_ensemble_cluster"", ""deepsight_final_filter""]",../main/re_result_6-29_APRA/cifar10_500_Jul.01_13.57.33_deepsight_fix_True_no-mia_no-mia-class_no-noise_a3fl/agg_records/pkl/round_0315_deepsight.pkl
316,deepsight,success,"[3, 75, 78, 28, 99, 20, 61, 53, 90, 80]","[3, 75, 78, 28, 99, 20, 61, 53, 90, 80]",[],10,10,"[""deepsight_ensemble_cluster"", ""deepsight_final_filter""]",../main/re_result_6-29_APRA/cifar10_500_Jul.01_13.57.33_deepsight_fix_True_no-mia_no-mia-class_no-noise_a3fl/agg_records/pkl/round_0316_deepsight.pkl
317,deepsight,success,"[1, 49, 72, 74, 75, 34, 58, 29, 66, 60]","[1, 49, 72, 74, 75, 34, 58, 29, 66, 60]",[],10,10,"[""deepsight_ensemble_cluster"", ""deepsight_final_filter""]",../main/re_result_6-29_APRA/cifar10_500_Jul.01_13.57.33_deepsight_fix_True_no-mia_no-mia-class_no-noise_a3fl/agg_records/pkl/round_0317_deepsight.pkl
318,deepsight,success,"[4, 26, 6, 73, 20, 87, 48, 23, 27, 78]","[4, 26, 6, 73, 20, 87, 48, 23, 27, 78]",[],10,10,"[""deepsight_ensemble_cluster"", ""deepsight_final_filter""]",../main/re_result_6-29_APRA/cifar10_500_Jul.01_13.57.33_deepsight_fix_True_no-mia_no-mia-class_no-noise_a3fl/agg_records/pkl/round_0318_deepsight.pkl
319,deepsight,success,"[0, 49, 7, 47, 53, 26, 6, 57, 11, 20]","[0, 49, 7, 47, 53, 26, 6, 57, 11, 20]",[],10,10,"[""deepsight_ensemble_cluster"", ""deepsight_final_filter""]",../main/re_result_6-29_APRA/cifar10_500_Jul.01_13.57.33_deepsight_fix_True_no-mia_no-mia-class_no-noise_a3fl/agg_records/pkl/round_0319_deepsight.pkl
320,deepsight,success,"[2, 16, 27, 62, 79, 39, 12, 18, 83, 41]","[2, 16, 27, 62, 79, 39, 12, 18, 83, 41]",[],10,10,"[""deepsight_ensemble_cluster"", ""deepsight_final_filter""]",../main/re_result_6-29_APRA/cifar10_500_Jul.01_13.57.33_deepsight_fix_True_no-mia_no-mia-class_no-noise_a3fl/agg_records/pkl/round_0320_deepsight.pkl
321,deepsight,success,"[4, 9, 73, 29, 56, 50, 75, 37, 25, 39]","[4, 9, 73, 29, 56, 50, 75, 37, 25, 39]",[],10,10,"[""deepsight_ensemble_cluster"", ""deepsight_final_filter""]",../main/re_result_6-29_APRA/cifar10_500_Jul.01_13.57.33_deepsight_fix_True_no-mia_no-mia-class_no-noise_a3fl/agg_records/pkl/round_0321_deepsight.pkl
322,deepsight,success,"[1, 55, 45, 87, 89, 25, 11, 85, 40, 95]","[1, 55, 45, 87, 89, 25, 11, 85, 40, 95]",[],10,10,"[""deepsight_ensemble_cluster"", ""deepsight_final_filter""]",../main/re_result_6-29_APRA/cifar10_500_Jul.01_13.57.33_deepsight_fix_True_no-mia_no-mia-class_no-noise_a3fl/agg_records/pkl/round_0322_deepsight.pkl
323,deepsight,success,"[2, 89, 77, 36, 48, 54, 71, 98, 16, 5]","[2, 89, 77, 36, 48, 71, 98, 16, 5]",[54],10,9,"[""deepsight_ensemble_cluster"", ""deepsight_final_filter""]",../main/re_result_6-29_APRA/cifar10_500_Jul.01_13.57.33_deepsight_fix_True_no-mia_no-mia-class_no-noise_a3fl/agg_records/pkl/round_0323_deepsight.pkl
324,deepsight,success,"[4, 75, 41, 14, 38, 49, 90, 30, 84, 69]","[4, 75, 41, 14, 38, 49, 90, 30, 84, 69]",[],10,10,"[""deepsight_ensemble_cluster"", ""deepsight_final_filter""]",../main/re_result_6-29_APRA/cifar10_500_Jul.01_13.57.33_deepsight_fix_True_no-mia_no-mia-class_no-noise_a3fl/agg_records/pkl/round_0324_deepsight.pkl
325,deepsight,success,"[3, 80, 71, 75, 62, 53, 30, 31, 87, 98]","[3, 80, 71, 75, 62, 53, 30, 31, 87, 98]",[],10,10,"[""deepsight_ensemble_cluster"", ""deepsight_final_filter""]",../main/re_result_6-29_APRA/cifar10_500_Jul.01_13.57.33_deepsight_fix_True_no-mia_no-mia-class_no-noise_a3fl/agg_records/pkl/round_0325_deepsight.pkl
326,deepsight,success,"[0, 17, 26, 2, 36, 20, 27, 31, 29, 89]","[0, 17, 26, 2, 36, 20, 27, 31, 29, 89]",[],10,10,"[""deepsight_ensemble_cluster"", ""deepsight_final_filter""]",../main/re_result_6-29_APRA/cifar10_500_Jul.01_13.57.33_deepsight_fix_True_no-mia_no-mia-class_no-noise_a3fl/agg_records/pkl/round_0326_deepsight.pkl
327,deepsight,success,"[4, 68, 81, 98, 31, 14, 85, 73, 50, 0]","[4, 68, 81, 98, 31, 14, 85, 73, 50, 0]",[],10,10,"[""deepsight_ensemble_cluster"", ""deepsight_final_filter""]",../main/re_result_6-29_APRA/cifar10_500_Jul.01_13.57.33_deepsight_fix_True_no-mia_no-mia-class_no-noise_a3fl/agg_records/pkl/round_0327_deepsight.pkl
328,deepsight,success,"[1, 42, 4, 79, 93, 92, 85, 20, 64, 3]","[1, 42, 4, 79, 93, 92, 85, 20, 64, 3]",[],10,10,"[""deepsight_ensemble_cluster"", ""deepsight_final_filter""]",../main/re_result_6-29_APRA/cifar10_500_Jul.01_13.57.33_deepsight_fix_True_no-mia_no-mia-class_no-noise_a3fl/agg_records/pkl/round_0328_deepsight.pkl
329,deepsight,success,"[2, 0, 4, 40, 32, 70, 56, 49, 55, 66]","[2, 0, 4, 40, 32, 70, 56, 49, 55, 66]",[],10,10,"[""deepsight_ensemble_cluster"", ""deepsight_final_filter""]",../main/re_result_6-29_APRA/cifar10_500_Jul.01_13.57.33_deepsight_fix_True_no-mia_no-mia-class_no-noise_a3fl/agg_records/pkl/round_0329_deepsight.pkl
330,deepsight,success,"[2, 60, 6, 64, 84, 20, 50, 95, 21, 41]","[2, 60, 6, 64, 84, 20, 50, 95, 21, 41]",[],10,10,"[""deepsight_ensemble_cluster"", ""deepsight_final_filter""]",../main/re_result_6-29_APRA/cifar10_500_Jul.01_13.57.33_deepsight_fix_True_no-mia_no-mia-class_no-noise_a3fl/agg_records/pkl/round_0330_deepsight.pkl
331,deepsight,success,"[3, 94, 65, 78, 54, 55, 26, 53, 4, 46]","[3, 94, 65, 78, 54, 55, 26, 53, 4, 46]",[],10,10,"[""deepsight_ensemble_cluster"", ""deepsight_final_filter""]",../main/re_result_6-29_APRA/cifar10_500_Jul.01_13.57.33_deepsight_fix_True_no-mia_no-mia-class_no-noise_a3fl/agg_records/pkl/round_0331_deepsight.pkl
332,deepsight,success,"[1, 63, 25, 68, 8, 72, 19, 26, 6, 73]","[1, 63, 25, 68, 8, 72, 19, 26, 6, 73]",[],10,10,"[""deepsight_ensemble_cluster"", ""deepsight_final_filter""]",../main/re_result_6-29_APRA/cifar10_500_Jul.01_13.57.33_deepsight_fix_True_no-mia_no-mia-class_no-noise_a3fl/agg_records/pkl/round_0332_deepsight.pkl
333,deepsight,success,"[3, 4, 12, 78, 75, 70, 22, 38, 60, 64]","[3, 4, 12, 78, 75, 70, 22, 38, 60, 64]",[],10,10,"[""deepsight_ensemble_cluster"", ""deepsight_final_filter""]",../main/re_result_6-29_APRA/cifar10_500_Jul.01_13.57.33_deepsight_fix_True_no-mia_no-mia-class_no-noise_a3fl/agg_records/pkl/round_0333_deepsight.pkl
334,deepsight,success,"[0, 81, 88, 60, 47, 13, 68, 89, 51, 18]","[0, 81, 88, 60, 47, 13, 68, 89, 51, 18]",[],10,10,"[""deepsight_ensemble_cluster"", ""deepsight_final_filter""]",../main/re_result_6-29_APRA/cifar10_500_Jul.01_13.57.33_deepsight_fix_True_no-mia_no-mia-class_no-noise_a3fl/agg_records/pkl/round_0334_deepsight.pkl
335,deepsight,success,"[0, 1, 73, 65, 85, 81, 84, 53, 25, 52]","[0, 1, 73, 65, 85, 81, 84, 53, 25, 52]",[],10,10,"[""deepsight_ensemble_cluster"", ""deepsight_final_filter""]",../main/re_result_6-29_APRA/cifar10_500_Jul.01_13.57.33_deepsight_fix_True_no-mia_no-mia-class_no-noise_a3fl/agg_records/pkl/round_0335_deepsight.pkl
336,deepsight,success,"[3, 68, 88, 23, 65, 84, 9, 55, 70, 74]","[3, 68, 88, 23, 65, 84, 9, 55, 70, 74]",[],10,10,"[""deepsight_ensemble_cluster"", ""deepsight_final_filter""]",../main/re_result_6-29_APRA/cifar10_500_Jul.01_13.57.33_deepsight_fix_True_no-mia_no-mia-class_no-noise_a3fl/agg_records/pkl/round_0336_deepsight.pkl
337,deepsight,success,"[3, 1, 49, 52, 65, 88, 68, 9, 21, 63]","[3, 1, 49, 52, 65, 88, 68, 9, 21, 63]",[],10,10,"[""deepsight_ensemble_cluster"", ""deepsight_final_filter""]",../main/re_result_6-29_APRA/cifar10_500_Jul.01_13.57.33_deepsight_fix_True_no-mia_no-mia-class_no-noise_a3fl/agg_records/pkl/round_0337_deepsight.pkl
338,deepsight,success,"[4, 7, 40, 94, 21, 48, 22, 70, 87, 35]","[4, 7, 40, 94, 21, 48, 22, 70, 87, 35]",[],10,10,"[""deepsight_ensemble_cluster"", ""deepsight_final_filter""]",../main/re_result_6-29_APRA/cifar10_500_Jul.01_13.57.33_deepsight_fix_True_no-mia_no-mia-class_no-noise_a3fl/agg_records/pkl/round_0338_deepsight.pkl
339,deepsight,success,"[3, 42, 65, 2, 55, 70, 10, 87, 58, 77]","[3, 42, 65, 2, 55, 70, 10, 87, 58, 77]",[],10,10,"[""deepsight_ensemble_cluster"", ""deepsight_final_filter""]",../main/re_result_6-29_APRA/cifar10_500_Jul.01_13.57.33_deepsight_fix_True_no-mia_no-mia-class_no-noise_a3fl/agg_records/pkl/round_0339_deepsight.pkl
340,deepsight,success,"[1, 21, 81, 37, 13, 86, 79, 59, 78, 57]","[1, 21, 81, 37, 13, 86, 79, 59, 78, 57]",[],10,10,"[""deepsight_ensemble_cluster"", ""deepsight_final_filter""]",../main/re_result_6-29_APRA/cifar10_500_Jul.01_13.57.33_deepsight_fix_True_no-mia_no-mia-class_no-noise_a3fl/agg_records/pkl/round_0340_deepsight.pkl
341,deepsight,success,"[0, 28, 16, 6, 72, 8, 68, 34, 93, 1]","[0, 28, 16, 6, 72, 8, 68, 34, 93, 1]",[],10,10,"[""deepsight_ensemble_cluster"", ""deepsight_final_filter""]",../main/re_result_6-29_APRA/cifar10_500_Jul.01_13.57.33_deepsight_fix_True_no-mia_no-mia-class_no-noise_a3fl/agg_records/pkl/round_0341_deepsight.pkl
342,deepsight,success,"[4, 70, 45, 93, 34, 33, 68, 59, 71, 74]","[4, 70, 45, 93, 34, 33, 68, 59, 71, 74]",[],10,10,"[""deepsight_ensemble_cluster"", ""deepsight_final_filter""]",../main/re_result_6-29_APRA/cifar10_500_Jul.01_13.57.33_deepsight_fix_True_no-mia_no-mia-class_no-noise_a3fl/agg_records/pkl/round_0342_deepsight.pkl
343,deepsight,success,"[0, 35, 69, 32, 25, 33, 54, 41, 70, 49]","[35, 69, 32, 33, 41, 70, 49]","[0, 25, 54]",10,7,"[""deepsight_ensemble_cluster"", ""deepsight_final_filter""]",../main/re_result_6-29_APRA/cifar10_500_Jul.01_13.57.33_deepsight_fix_True_no-mia_no-mia-class_no-noise_a3fl/agg_records/pkl/round_0343_deepsight.pkl
344,deepsight,success,"[3, 95, 82, 18, 50, 8, 24, 13, 28, 9]","[3, 95, 82, 18, 50, 8, 24, 13, 28, 9]",[],10,10,"[""deepsight_ensemble_cluster"", ""deepsight_final_filter""]",../main/re_result_6-29_APRA/cifar10_500_Jul.01_13.57.33_deepsight_fix_True_no-mia_no-mia-class_no-noise_a3fl/agg_records/pkl/round_0344_deepsight.pkl
345,deepsight,success,"[4, 89, 3, 55, 91, 96, 94, 54, 39, 8]","[4, 89, 3, 55, 91, 96, 94, 54, 39, 8]",[],10,10,"[""deepsight_ensemble_cluster"", ""deepsight_final_filter""]",../main/re_result_6-29_APRA/cifar10_500_Jul.01_13.57.33_deepsight_fix_True_no-mia_no-mia-class_no-noise_a3fl/agg_records/pkl/round_0345_deepsight.pkl
346,deepsight,success,"[2, 82, 78, 74, 61, 88, 39, 29, 4, 68]","[2, 82, 78, 74, 61, 88, 39, 29, 4, 68]",[],10,10,"[""deepsight_ensemble_cluster"", ""deepsight_final_filter""]",../main/re_result_6-29_APRA/cifar10_500_Jul.01_13.57.33_deepsight_fix_True_no-mia_no-mia-class_no-noise_a3fl/agg_records/pkl/round_0346_deepsight.pkl
347,deepsight,success,"[3, 93, 72, 1, 90, 28, 57, 68, 23, 83]","[3, 93, 72, 1, 90, 28, 57, 68, 23, 83]",[],10,10,"[""deepsight_ensemble_cluster"", ""deepsight_final_filter""]",../main/re_result_6-29_APRA/cifar10_500_Jul.01_13.57.33_deepsight_fix_True_no-mia_no-mia-class_no-noise_a3fl/agg_records/pkl/round_0347_deepsight.pkl
348,deepsight,success,"[2, 91, 31, 57, 14, 17, 54, 95, 68, 64]","[2, 91, 31, 57, 14, 17, 95, 68, 64]",[54],10,9,"[""deepsight_ensemble_cluster"", ""deepsight_final_filter""]",../main/re_result_6-29_APRA/cifar10_500_Jul.01_13.57.33_deepsight_fix_True_no-mia_no-mia-class_no-noise_a3fl/agg_records/pkl/round_0348_deepsight.pkl
349,deepsight,success,"[0, 37, 11, 43, 41, 63, 70, 82, 13, 31]","[0, 37, 11, 43, 41, 63, 70, 82, 13, 31]",[],10,10,"[""deepsight_ensemble_cluster"", ""deepsight_final_filter""]",../main/re_result_6-29_APRA/cifar10_500_Jul.01_13.57.33_deepsight_fix_True_no-mia_no-mia-class_no-noise_a3fl/agg_records/pkl/round_0349_deepsight.pkl
350,deepsight,success,"[3, 26, 92, 10, 37, 22, 16, 62, 86, 44]","[3, 26, 92, 10, 37, 22, 16, 62, 86, 44]",[],10,10,"[""deepsight_ensemble_cluster"", ""deepsight_final_filter""]",../main/re_result_6-29_APRA/cifar10_500_Jul.01_13.57.33_deepsight_fix_True_no-mia_no-mia-class_no-noise_a3fl/agg_records/pkl/round_0350_deepsight.pkl
351,deepsight,success,"[3, 18, 35, 62, 77, 78, 36, 93, 33, 32]","[3, 18, 35, 62, 77, 78, 36, 93, 33, 32]",[],10,10,"[""deepsight_ensemble_cluster"", ""deepsight_final_filter""]",../main/re_result_6-29_APRA/cifar10_500_Jul.01_13.57.33_deepsight_fix_True_no-mia_no-mia-class_no-noise_a3fl/agg_records/pkl/round_0351_deepsight.pkl
352,deepsight,success,"[1, 15, 64, 70, 21, 58, 29, 93, 5, 46]","[1, 15, 64, 70, 21, 58, 29, 93, 5, 46]",[],10,10,"[""deepsight_ensemble_cluster"", ""deepsight_final_filter""]",../main/re_result_6-29_APRA/cifar10_500_Jul.01_13.57.33_deepsight_fix_True_no-mia_no-mia-class_no-noise_a3fl/agg_records/pkl/round_0352_deepsight.pkl
353,deepsight,success,"[4, 62, 53, 56, 18, 5, 68, 40, 1, 57]","[4, 62, 53, 56, 18, 5, 68, 40, 1, 57]",[],10,10,"[""deepsight_ensemble_cluster"", ""deepsight_final_filter""]",../main/re_result_6-29_APRA/cifar10_500_Jul.01_13.57.33_deepsight_fix_True_no-mia_no-mia-class_no-noise_a3fl/agg_records/pkl/round_0353_deepsight.pkl
354,deepsight,success,"[4, 36, 92, 52, 33, 1, 98, 15, 43, 57]","[4, 36, 92, 52, 33, 1, 98, 15, 43, 57]",[],10,10,"[""deepsight_ensemble_cluster"", ""deepsight_final_filter""]",../main/re_result_6-29_APRA/cifar10_500_Jul.01_13.57.33_deepsight_fix_True_no-mia_no-mia-class_no-noise_a3fl/agg_records/pkl/round_0354_deepsight.pkl
355,deepsight,success,"[3, 38, 53, 50, 18, 15, 77, 79, 90, 63]","[3, 38, 53, 50, 18, 15, 77, 79, 90, 63]",[],10,10,"[""deepsight_ensemble_cluster"", ""deepsight_final_filter""]",../main/re_result_6-29_APRA/cifar10_500_Jul.01_13.57.33_deepsight_fix_True_no-mia_no-mia-class_no-noise_a3fl/agg_records/pkl/round_0355_deepsight.pkl
356,deepsight,success,"[4, 85, 41, 55, 44, 81, 17, 39, 20, 34]","[4, 85, 41, 55, 44, 81, 17, 39, 20, 34]",[],10,10,"[""deepsight_ensemble_cluster"", ""deepsight_final_filter""]",../main/re_result_6-29_APRA/cifar10_500_Jul.01_13.57.33_deepsight_fix_True_no-mia_no-mia-class_no-noise_a3fl/agg_records/pkl/round_0356_deepsight.pkl
357,deepsight,success,"[2, 72, 55, 52, 59, 23, 79, 74, 78, 8]","[2, 72, 55, 52, 59, 23, 79, 74, 78, 8]",[],10,10,"[""deepsight_ensemble_cluster"", ""deepsight_final_filter""]",../main/re_result_6-29_APRA/cifar10_500_Jul.01_13.57.33_deepsight_fix_True_no-mia_no-mia-class_no-noise_a3fl/agg_records/pkl/round_0357_deepsight.pkl
358,deepsight,success,"[3, 21, 18, 92, 54, 61, 79, 35, 6, 56]","[3, 21, 18, 92, 54, 61, 79, 35, 6, 56]",[],10,10,"[""deepsight_ensemble_cluster"", ""deepsight_final_filter""]",../main/re_result_6-29_APRA/cifar10_500_Jul.01_13.57.33_deepsight_fix_True_no-mia_no-mia-class_no-noise_a3fl/agg_records/pkl/round_0358_deepsight.pkl
359,deepsight,success,"[0, 13, 41, 34, 14, 30, 67, 21, 57, 92]","[0, 13, 41, 34, 14, 30, 67, 21, 57, 92]",[],10,10,"[""deepsight_ensemble_cluster"", ""deepsight_final_filter""]",../main/re_result_6-29_APRA/cifar10_500_Jul.01_13.57.33_deepsight_fix_True_no-mia_no-mia-class_no-noise_a3fl/agg_records/pkl/round_0359_deepsight.pkl
360,deepsight,success,"[1, 72, 53, 86, 69, 68, 28, 31, 79, 18]","[1, 72, 53, 86, 69, 68, 28, 31, 79, 18]",[],10,10,"[""deepsight_ensemble_cluster"", ""deepsight_final_filter""]",../main/re_result_6-29_APRA/cifar10_500_Jul.01_13.57.33_deepsight_fix_True_no-mia_no-mia-class_no-noise_a3fl/agg_records/pkl/round_0360_deepsight.pkl
361,deepsight,success,"[1, 69, 86, 97, 78, 68, 50, 18, 20, 46]","[1, 69, 86, 97, 78, 68, 50, 18, 20, 46]",[],10,10,"[""deepsight_ensemble_cluster"", ""deepsight_final_filter""]",../main/re_result_6-29_APRA/cifar10_500_Jul.01_13.57.33_deepsight_fix_True_no-mia_no-mia-class_no-noise_a3fl/agg_records/pkl/round_0361_deepsight.pkl
362,deepsight,success,"[2, 55, 84, 65, 95, 54, 24, 73, 53, 56]","[2, 55, 84, 65, 95, 54, 24, 53, 56]",[73],10,9,"[""deepsight_ensemble_cluster"", ""deepsight_final_filter""]",../main/re_result_6-29_APRA/cifar10_500_Jul.01_13.57.33_deepsight_fix_True_no-mia_no-mia-class_no-noise_a3fl/agg_records/pkl/round_0362_deepsight.pkl
363,deepsight,success,"[0, 8, 30, 47, 52, 48, 64, 35, 83, 71]","[0, 8, 30, 47, 52, 48, 64, 35, 83, 71]",[],10,10,"[""deepsight_ensemble_cluster"", ""deepsight_final_filter""]",../main/re_result_6-29_APRA/cifar10_500_Jul.01_13.57.33_deepsight_fix_True_no-mia_no-mia-class_no-noise_a3fl/agg_records/pkl/round_0363_deepsight.pkl
364,deepsight,success,"[0, 72, 40, 26, 63, 84, 11, 91, 99, 75]","[0, 72, 40, 26, 63, 84, 11, 91, 99, 75]",[],10,10,"[""deepsight_ensemble_cluster"", ""deepsight_final_filter""]",../main/re_result_6-29_APRA/cifar10_500_Jul.01_13.57.33_deepsight_fix_True_no-mia_no-mia-class_no-noise_a3fl/agg_records/pkl/round_0364_deepsight.pkl
365,deepsight,success,"[1, 53, 19, 62, 30, 81, 47, 0, 83, 52]","[1, 53, 19, 62, 30, 81, 47, 0, 83, 52]",[],10,10,"[""deepsight_ensemble_cluster"", ""deepsight_final_filter""]",../main/re_result_6-29_APRA/cifar10_500_Jul.01_13.57.33_deepsight_fix_True_no-mia_no-mia-class_no-noise_a3fl/agg_records/pkl/round_0365_deepsight.pkl
366,deepsight,success,"[0, 7, 94, 10, 20, 55, 53, 37, 50, 82]","[0, 7, 94, 10, 20, 55, 53, 37, 50, 82]",[],10,10,"[""deepsight_ensemble_cluster"", ""deepsight_final_filter""]",../main/re_result_6-29_APRA/cifar10_500_Jul.01_13.57.33_deepsight_fix_True_no-mia_no-mia-class_no-noise_a3fl/agg_records/pkl/round_0366_deepsight.pkl
367,deepsight,success,"[0, 75, 56, 10, 37, 78, 5, 73, 11, 1]","[0, 75, 56, 10, 37, 78, 5, 73, 11, 1]",[],10,10,"[""deepsight_ensemble_cluster"", ""deepsight_final_filter""]",../main/re_result_6-29_APRA/cifar10_500_Jul.01_13.57.33_deepsight_fix_True_no-mia_no-mia-class_no-noise_a3fl/agg_records/pkl/round_0367_deepsight.pkl
368,deepsight,success,"[0, 77, 14, 56, 51, 46, 86, 76, 42, 40]","[0, 77, 14, 56, 51, 46, 86, 76, 42, 40]",[],10,10,"[""deepsight_ensemble_cluster"", ""deepsight_final_filter""]",../main/re_result_6-29_APRA/cifar10_500_Jul.01_13.57.33_deepsight_fix_True_no-mia_no-mia-class_no-noise_a3fl/agg_records/pkl/round_0368_deepsight.pkl
369,deepsight,success,"[2, 40, 93, 32, 5, 7, 13, 61, 67, 35]","[2, 40, 93, 32, 5, 7, 13, 61, 67, 35]",[],10,10,"[""deepsight_ensemble_cluster"", ""deepsight_final_filter""]",../main/re_result_6-29_APRA/cifar10_500_Jul.01_13.57.33_deepsight_fix_True_no-mia_no-mia-class_no-noise_a3fl/agg_records/pkl/round_0369_deepsight.pkl
370,deepsight,success,"[3, 17, 84, 95, 63, 94, 39, 98, 89, 21]","[3, 17, 84, 95, 63, 94, 39, 98, 89, 21]",[],10,10,"[""deepsight_ensemble_cluster"", ""deepsight_final_filter""]",../main/re_result_6-29_APRA/cifar10_500_Jul.01_13.57.33_deepsight_fix_True_no-mia_no-mia-class_no-noise_a3fl/agg_records/pkl/round_0370_deepsight.pkl
371,deepsight,success,"[0, 83, 41, 24, 92, 17, 44, 86, 87, 71]","[0, 83, 41, 24, 92, 17, 44, 86, 87, 71]",[],10,10,"[""deepsight_ensemble_cluster"", ""deepsight_final_filter""]",../main/re_result_6-29_APRA/cifar10_500_Jul.01_13.57.33_deepsight_fix_True_no-mia_no-mia-class_no-noise_a3fl/agg_records/pkl/round_0371_deepsight.pkl
372,deepsight,success,"[4, 65, 59, 88, 26, 8, 64, 21, 14, 53]","[4, 65, 59, 88, 26, 8, 64, 21, 14, 53]",[],10,10,"[""deepsight_ensemble_cluster"", ""deepsight_final_filter""]",../main/re_result_6-29_APRA/cifar10_500_Jul.01_13.57.33_deepsight_fix_True_no-mia_no-mia-class_no-noise_a3fl/agg_records/pkl/round_0372_deepsight.pkl
373,deepsight,success,"[3, 48, 52, 73, 14, 6, 96, 58, 8, 81]","[3, 48, 52, 14, 6, 96, 58, 8, 81]",[73],10,9,"[""deepsight_ensemble_cluster"", ""deepsight_final_filter""]",../main/re_result_6-29_APRA/cifar10_500_Jul.01_13.57.33_deepsight_fix_True_no-mia_no-mia-class_no-noise_a3fl/agg_records/pkl/round_0373_deepsight.pkl
374,deepsight,success,"[4, 87, 86, 52, 97, 9, 16, 64, 12, 28]","[4, 87, 86, 52, 97, 9, 16, 64, 12, 28]",[],10,10,"[""deepsight_ensemble_cluster"", ""deepsight_final_filter""]",../main/re_result_6-29_APRA/cifar10_500_Jul.01_13.57.33_deepsight_fix_True_no-mia_no-mia-class_no-noise_a3fl/agg_records/pkl/round_0374_deepsight.pkl
375,deepsight,success,"[2, 0, 82, 19, 46, 5, 3, 53, 35, 23]","[2, 0, 82, 19, 46, 5, 3, 53, 35, 23]",[],10,10,"[""deepsight_ensemble_cluster"", ""deepsight_final_filter""]",../main/re_result_6-29_APRA/cifar10_500_Jul.01_13.57.33_deepsight_fix_True_no-mia_no-mia-class_no-noise_a3fl/agg_records/pkl/round_0375_deepsight.pkl
376,deepsight,success,"[1, 59, 54, 33, 32, 40, 74, 83, 98, 86]","[1, 59, 54, 33, 32, 40, 74, 83, 98, 86]",[],10,10,"[""deepsight_ensemble_cluster"", ""deepsight_final_filter""]",../main/re_result_6-29_APRA/cifar10_500_Jul.01_13.57.33_deepsight_fix_True_no-mia_no-mia-class_no-noise_a3fl/agg_records/pkl/round_0376_deepsight.pkl
377,deepsight,success,"[3, 44, 18, 56, 87, 88, 46, 8, 41, 25]","[3, 44, 18, 56, 87, 88, 46, 8, 41, 25]",[],10,10,"[""deepsight_ensemble_cluster"", ""deepsight_final_filter""]",../main/re_result_6-29_APRA/cifar10_500_Jul.01_13.57.33_deepsight_fix_True_no-mia_no-mia-class_no-noise_a3fl/agg_records/pkl/round_0377_deepsight.pkl
378,deepsight,success,"[2, 64, 63, 87, 34, 11, 53, 1, 21, 66]","[2, 64, 63, 87, 34, 11, 53, 1, 21, 66]",[],10,10,"[""deepsight_ensemble_cluster"", ""deepsight_final_filter""]",../main/re_result_6-29_APRA/cifar10_500_Jul.01_13.57.33_deepsight_fix_True_no-mia_no-mia-class_no-noise_a3fl/agg_records/pkl/round_0378_deepsight.pkl
379,deepsight,success,"[2, 90, 74, 46, 25, 92, 71, 69, 93, 64]","[2, 90, 74, 46, 25, 92, 71, 69, 93, 64]",[],10,10,"[""deepsight_ensemble_cluster"", ""deepsight_final_filter""]",../main/re_result_6-29_APRA/cifar10_500_Jul.01_13.57.33_deepsight_fix_True_no-mia_no-mia-class_no-noise_a3fl/agg_records/pkl/round_0379_deepsight.pkl
380,deepsight,success,"[2, 46, 77, 82, 72, 64, 41, 73, 95, 24]","[2, 46, 77, 82, 72, 64, 41, 73, 95, 24]",[],10,10,"[""deepsight_ensemble_cluster"", ""deepsight_final_filter""]",../main/re_result_6-29_APRA/cifar10_500_Jul.01_13.57.33_deepsight_fix_True_no-mia_no-mia-class_no-noise_a3fl/agg_records/pkl/round_0380_deepsight.pkl
381,deepsight,success,"[0, 34, 93, 9, 87, 45, 42, 21, 68, 95]","[0, 34, 93, 9, 87, 45, 42, 21, 68, 95]",[],10,10,"[""deepsight_ensemble_cluster"", ""deepsight_final_filter""]",../main/re_result_6-29_APRA/cifar10_500_Jul.01_13.57.33_deepsight_fix_True_no-mia_no-mia-class_no-noise_a3fl/agg_records/pkl/round_0381_deepsight.pkl
382,deepsight,success,"[1, 98, 30, 7, 13, 52, 36, 94, 3, 85]","[1, 98, 30, 7, 13, 52, 36, 94, 3, 85]",[],10,10,"[""deepsight_ensemble_cluster"", ""deepsight_final_filter""]",../main/re_result_6-29_APRA/cifar10_500_Jul.01_13.57.33_deepsight_fix_True_no-mia_no-mia-class_no-noise_a3fl/agg_records/pkl/round_0382_deepsight.pkl
383,deepsight,success,"[1, 81, 18, 78, 64, 59, 91, 36, 38, 83]","[1, 81, 18, 78, 64, 59, 91, 36, 38, 83]",[],10,10,"[""deepsight_ensemble_cluster"", ""deepsight_final_filter""]",../main/re_result_6-29_APRA/cifar10_500_Jul.01_13.57.33_deepsight_fix_True_no-mia_no-mia-class_no-noise_a3fl/agg_records/pkl/round_0383_deepsight.pkl
384,deepsight,success,"[2, 30, 92, 19, 76, 90, 40, 45, 87, 59]","[2, 30, 92, 19, 76, 90, 40, 45, 87, 59]",[],10,10,"[""deepsight_ensemble_cluster"", ""deepsight_final_filter""]",../main/re_result_6-29_APRA/cifar10_500_Jul.01_13.57.33_deepsight_fix_True_no-mia_no-mia-class_no-noise_a3fl/agg_records/pkl/round_0384_deepsight.pkl
385,deepsight,success,"[4, 55, 64, 89, 83, 94, 37, 91, 7, 38]","[4, 55, 64, 89, 83, 94, 37, 91, 7, 38]",[],10,10,"[""deepsight_ensemble_cluster"", ""deepsight_final_filter""]",../main/re_result_6-29_APRA/cifar10_500_Jul.01_13.57.33_deepsight_fix_True_no-mia_no-mia-class_no-noise_a3fl/agg_records/pkl/round_0385_deepsight.pkl
386,deepsight,success,"[3, 59, 17, 34, 82, 98, 51, 93, 36, 80]","[3, 59, 17, 34, 82, 98, 51, 93, 36, 80]",[],10,10,"[""deepsight_ensemble_cluster"", ""deepsight_final_filter""]",../main/re_result_6-29_APRA/cifar10_500_Jul.01_13.57.33_deepsight_fix_True_no-mia_no-mia-class_no-noise_a3fl/agg_records/pkl/round_0386_deepsight.pkl
387,deepsight,success,"[3, 20, 95, 66, 28, 85, 38, 14, 73, 1]","[3, 20, 95, 66, 28, 85, 38, 14, 73, 1]",[],10,10,"[""deepsight_ensemble_cluster"", ""deepsight_final_filter""]",../main/re_result_6-29_APRA/cifar10_500_Jul.01_13.57.33_deepsight_fix_True_no-mia_no-mia-class_no-noise_a3fl/agg_records/pkl/round_0387_deepsight.pkl
388,deepsight,success,"[3, 58, 81, 85, 10, 2, 5, 77, 74, 57]","[3, 58, 81, 85, 10, 2, 5, 77, 74, 57]",[],10,10,"[""deepsight_ensemble_cluster"", ""deepsight_final_filter""]",../main/re_result_6-29_APRA/cifar10_500_Jul.01_13.57.33_deepsight_fix_True_no-mia_no-mia-class_no-noise_a3fl/agg_records/pkl/round_0388_deepsight.pkl
389,deepsight,success,"[4, 38, 23, 79, 66, 22, 75, 73, 32, 9]","[4, 38, 23, 79, 66, 22, 75, 73, 32, 9]",[],10,10,"[""deepsight_ensemble_cluster"", ""deepsight_final_filter""]",../main/re_result_6-29_APRA/cifar10_500_Jul.01_13.57.33_deepsight_fix_True_no-mia_no-mia-class_no-noise_a3fl/agg_records/pkl/round_0389_deepsight.pkl
390,deepsight,success,"[3, 82, 34, 17, 16, 65, 55, 46, 45, 78]","[3, 82, 34, 17, 16, 65, 55, 46, 45, 78]",[],10,10,"[""deepsight_ensemble_cluster"", ""deepsight_final_filter""]",../main/re_result_6-29_APRA/cifar10_500_Jul.01_13.57.33_deepsight_fix_True_no-mia_no-mia-class_no-noise_a3fl/agg_records/pkl/round_0390_deepsight.pkl
391,deepsight,success,"[3, 7, 99, 24, 37, 67, 76, 10, 0, 44]","[3, 7, 99, 24, 37, 67, 76, 10, 0, 44]",[],10,10,"[""deepsight_ensemble_cluster"", ""deepsight_final_filter""]",../main/re_result_6-29_APRA/cifar10_500_Jul.01_13.57.33_deepsight_fix_True_no-mia_no-mia-class_no-noise_a3fl/agg_records/pkl/round_0391_deepsight.pkl
392,deepsight,success,"[2, 61, 73, 74, 12, 47, 99, 68, 96, 34]","[2, 61, 73, 74, 12, 47, 99, 68, 96, 34]",[],10,10,"[""deepsight_ensemble_cluster"", ""deepsight_final_filter""]",../main/re_result_6-29_APRA/cifar10_500_Jul.01_13.57.33_deepsight_fix_True_no-mia_no-mia-class_no-noise_a3fl/agg_records/pkl/round_0392_deepsight.pkl
393,deepsight,success,"[1, 34, 87, 45, 49, 15, 84, 19, 99, 29]","[1, 34, 87, 45, 49, 15, 84, 19, 99, 29]",[],10,10,"[""deepsight_ensemble_cluster"", ""deepsight_final_filter""]",../main/re_result_6-29_APRA/cifar10_500_Jul.01_13.57.33_deepsight_fix_True_no-mia_no-mia-class_no-noise_a3fl/agg_records/pkl/round_0393_deepsight.pkl
394,deepsight,success,"[2, 27, 34, 36, 8, 92, 60, 89, 4, 66]","[2, 27, 34, 36, 8, 92, 60, 89, 4, 66]",[],10,10,"[""deepsight_ensemble_cluster"", ""deepsight_final_filter""]",../main/re_result_6-29_APRA/cifar10_500_Jul.01_13.57.33_deepsight_fix_True_no-mia_no-mia-class_no-noise_a3fl/agg_records/pkl/round_0394_deepsight.pkl
395,deepsight,success,"[0, 54, 84, 28, 10, 94, 31, 76, 43, 79]","[0, 54, 84, 28, 10, 94, 31, 76, 43, 79]",[],10,10,"[""deepsight_ensemble_cluster"", ""deepsight_final_filter""]",../main/re_result_6-29_APRA/cifar10_500_Jul.01_13.57.33_deepsight_fix_True_no-mia_no-mia-class_no-noise_a3fl/agg_records/pkl/round_0395_deepsight.pkl
396,deepsight,success,"[2, 31, 42, 58, 70, 96, 84, 35, 80, 3]","[2, 31, 42, 58, 70, 96, 84, 35, 80, 3]",[],10,10,"[""deepsight_ensemble_cluster"", ""deepsight_final_filter""]",../main/re_result_6-29_APRA/cifar10_500_Jul.01_13.57.33_deepsight_fix_True_no-mia_no-mia-class_no-noise_a3fl/agg_records/pkl/round_0396_deepsight.pkl
397,deepsight,success,"[3, 27, 89, 94, 16, 20, 67, 21, 10, 82]","[3, 27, 89, 94, 16, 20, 67, 21, 10, 82]",[],10,10,"[""deepsight_ensemble_cluster"", ""deepsight_final_filter""]",../main/re_result_6-29_APRA/cifar10_500_Jul.01_13.57.33_deepsight_fix_True_no-mia_no-mia-class_no-noise_a3fl/agg_records/pkl/round_0397_deepsight.pkl
398,deepsight,success,"[0, 10, 24, 51, 40, 82, 20, 13, 85, 66]","[0, 10, 24, 51, 40, 82, 20, 13, 85, 66]",[],10,10,"[""deepsight_ensemble_cluster"", ""deepsight_final_filter""]",../main/re_result_6-29_APRA/cifar10_500_Jul.01_13.57.33_deepsight_fix_True_no-mia_no-mia-class_no-noise_a3fl/agg_records/pkl/round_0398_deepsight.pkl
399,deepsight,success,"[0, 41, 33, 34, 99, 64, 71, 65, 75, 28]","[0, 41, 33, 34, 99, 64, 71, 65, 75, 28]",[],10,10,"[""deepsight_ensemble_cluster"", ""deepsight_final_filter""]",../main/re_result_6-29_APRA/cifar10_500_Jul.01_13.57.33_deepsight_fix_True_no-mia_no-mia-class_no-noise_a3fl/agg_records/pkl/round_0399_deepsight.pkl
400,deepsight,success,"[3, 82, 59, 7, 63, 8, 48, 4, 57, 80]","[82, 59, 48, 4, 57, 80]","[3, 7, 63, 8]",10,6,"[""deepsight_ensemble_cluster"", ""deepsight_final_filter""]",../main/re_result_6-29_APRA/cifar10_500_Jul.01_13.57.33_deepsight_fix_True_no-mia_no-mia-class_no-noise_a3fl/agg_records/pkl/round_0400_deepsight.pkl
401,deepsight,success,"[2, 83, 93, 3, 82, 52, 17, 50, 86, 28]","[2, 83, 93, 3, 82, 52, 17, 50, 86, 28]",[],10,10,"[""deepsight_ensemble_cluster"", ""deepsight_final_filter""]",../main/re_result_6-29_APRA/cifar10_500_Jul.01_13.57.33_deepsight_fix_True_no-mia_no-mia-class_no-noise_a3fl/agg_records/pkl/round_0401_deepsight.pkl
402,deepsight,success,"[1, 57, 52, 23, 33, 92, 85, 98, 26, 17]","[1, 57, 52, 23, 33, 92, 85, 98, 26, 17]",[],10,10,"[""deepsight_ensemble_cluster"", ""deepsight_final_filter""]",../main/re_result_6-29_APRA/cifar10_500_Jul.01_13.57.33_deepsight_fix_True_no-mia_no-mia-class_no-noise_a3fl/agg_records/pkl/round_0402_deepsight.pkl
403,deepsight,success,"[3, 43, 58, 20, 0, 99, 64, 78, 68, 7]","[3, 43, 58, 20, 0, 99, 64, 78, 68, 7]",[],10,10,"[""deepsight_ensemble_cluster"", ""deepsight_final_filter""]",../main/re_result_6-29_APRA/cifar10_500_Jul.01_13.57.33_deepsight_fix_True_no-mia_no-mia-class_no-noise_a3fl/agg_records/pkl/round_0403_deepsight.pkl
404,deepsight,success,"[2, 95, 63, 6, 62, 66, 80, 96, 83, 31]","[2, 95, 63, 6, 62, 66, 80, 96, 83, 31]",[],10,10,"[""deepsight_ensemble_cluster"", ""deepsight_final_filter""]",../main/re_result_6-29_APRA/cifar10_500_Jul.01_13.57.33_deepsight_fix_True_no-mia_no-mia-class_no-noise_a3fl/agg_records/pkl/round_0404_deepsight.pkl
405,deepsight,success,"[3, 78, 67, 64, 85, 43, 21, 90, 84, 25]","[3, 78, 67, 64, 85, 43, 21, 90, 84, 25]",[],10,10,"[""deepsight_ensemble_cluster"", ""deepsight_final_filter""]",../main/re_result_6-29_APRA/cifar10_500_Jul.01_13.57.33_deepsight_fix_True_no-mia_no-mia-class_no-noise_a3fl/agg_records/pkl/round_0405_deepsight.pkl
406,deepsight,success,"[4, 76, 80, 56, 25, 50, 73, 14, 67, 39]","[4, 76, 80, 56, 25, 50, 73, 14, 67, 39]",[],10,10,"[""deepsight_ensemble_cluster"", ""deepsight_final_filter""]",../main/re_result_6-29_APRA/cifar10_500_Jul.01_13.57.33_deepsight_fix_True_no-mia_no-mia-class_no-noise_a3fl/agg_records/pkl/round_0406_deepsight.pkl
407,deepsight,success,"[2, 36, 35, 14, 87, 76, 70, 29, 65, 47]","[2, 36, 35, 14, 87, 76, 70, 29, 65, 47]",[],10,10,"[""deepsight_ensemble_cluster"", ""deepsight_final_filter""]",../main/re_result_6-29_APRA/cifar10_500_Jul.01_13.57.33_deepsight_fix_True_no-mia_no-mia-class_no-noise_a3fl/agg_records/pkl/round_0407_deepsight.pkl
408,deepsight,success,"[3, 92, 73, 20, 68, 22, 52, 19, 96, 78]","[3, 92, 73, 20, 68, 22, 52, 19, 96, 78]",[],10,10,"[""deepsight_ensemble_cluster"", ""deepsight_final_filter""]",../main/re_result_6-29_APRA/cifar10_500_Jul.01_13.57.33_deepsight_fix_True_no-mia_no-mia-class_no-noise_a3fl/agg_records/pkl/round_0408_deepsight.pkl
409,deepsight,success,"[0, 13, 54, 46, 14, 41, 78, 93, 74, 22]","[0, 13, 54, 46, 14, 41, 78, 93, 74, 22]",[],10,10,"[""deepsight_ensemble_cluster"", ""deepsight_final_filter""]",../main/re_result_6-29_APRA/cifar10_500_Jul.01_13.57.33_deepsight_fix_True_no-mia_no-mia-class_no-noise_a3fl/agg_records/pkl/round_0409_deepsight.pkl
410,deepsight,success,"[3, 37, 58, 70, 95, 64, 13, 47, 83, 43]","[3, 37, 58, 70, 95, 64, 13, 47, 83, 43]",[],10,10,"[""deepsight_ensemble_cluster"", ""deepsight_final_filter""]",../main/re_result_6-29_APRA/cifar10_500_Jul.01_13.57.33_deepsight_fix_True_no-mia_no-mia-class_no-noise_a3fl/agg_records/pkl/round_0410_deepsight.pkl
411,deepsight,success,"[1, 25, 27, 10, 83, 58, 74, 30, 86, 28]","[1, 25, 27, 10, 83, 58, 74, 30, 86, 28]",[],10,10,"[""deepsight_ensemble_cluster"", ""deepsight_final_filter""]",../main/re_result_6-29_APRA/cifar10_500_Jul.01_13.57.33_deepsight_fix_True_no-mia_no-mia-class_no-noise_a3fl/agg_records/pkl/round_0411_deepsight.pkl
412,deepsight,success,"[2, 64, 43, 50, 9, 79, 55, 96, 13, 60]","[2, 64, 43, 50, 9, 79, 55, 96, 13, 60]",[],10,10,"[""deepsight_ensemble_cluster"", ""deepsight_final_filter""]",../main/re_result_6-29_APRA/cifar10_500_Jul.01_13.57.33_deepsight_fix_True_no-mia_no-mia-class_no-noise_a3fl/agg_records/pkl/round_0412_deepsight.pkl
413,deepsight,success,"[3, 47, 81, 7, 19, 15, 2, 6, 22, 64]","[3, 47, 81, 7, 19, 15, 2, 6, 22, 64]",[],10,10,"[""deepsight_ensemble_cluster"", ""deepsight_final_filter""]",../main/re_result_6-29_APRA/cifar10_500_Jul.01_13.57.33_deepsight_fix_True_no-mia_no-mia-class_no-noise_a3fl/agg_records/pkl/round_0413_deepsight.pkl
414,deepsight,success,"[4, 55, 40, 85, 79, 99, 73, 46, 67, 86]","[4, 55, 40, 85, 79, 99, 73, 46, 67, 86]",[],10,10,"[""deepsight_ensemble_cluster"", ""deepsight_final_filter""]",../main/re_result_6-29_APRA/cifar10_500_Jul.01_13.57.33_deepsight_fix_True_no-mia_no-mia-class_no-noise_a3fl/agg_records/pkl/round_0414_deepsight.pkl
415,deepsight,success,"[3, 8, 99, 0, 45, 16, 82, 17, 42, 30]","[3, 8, 99, 0, 45, 16, 82, 17, 42, 30]",[],10,10,"[""deepsight_ensemble_cluster"", ""deepsight_final_filter""]",../main/re_result_6-29_APRA/cifar10_500_Jul.01_13.57.33_deepsight_fix_True_no-mia_no-mia-class_no-noise_a3fl/agg_records/pkl/round_0415_deepsight.pkl
416,deepsight,success,"[4, 84, 7, 54, 25, 13, 79, 90, 0, 43]","[4, 84, 7, 54, 25, 13, 79, 90, 0, 43]",[],10,10,"[""deepsight_ensemble_cluster"", ""deepsight_final_filter""]",../main/re_result_6-29_APRA/cifar10_500_Jul.01_13.57.33_deepsight_fix_True_no-mia_no-mia-class_no-noise_a3fl/agg_records/pkl/round_0416_deepsight.pkl
417,deepsight,success,"[1, 64, 50, 77, 27, 22, 94, 72, 60, 82]","[1, 64, 50, 77, 27, 22, 94, 72, 60, 82]",[],10,10,"[""deepsight_ensemble_cluster"", ""deepsight_final_filter""]",../main/re_result_6-29_APRA/cifar10_500_Jul.01_13.57.33_deepsight_fix_True_no-mia_no-mia-class_no-noise_a3fl/agg_records/pkl/round_0417_deepsight.pkl
418,deepsight,success,"[4, 88, 22, 91, 64, 37, 87, 50, 24, 23]","[4, 88, 22, 91, 64, 37, 87, 50, 24, 23]",[],10,10,"[""deepsight_ensemble_cluster"", ""deepsight_final_filter""]",../main/re_result_6-29_APRA/cifar10_500_Jul.01_13.57.33_deepsight_fix_True_no-mia_no-mia-class_no-noise_a3fl/agg_records/pkl/round_0418_deepsight.pkl
419,deepsight,success,"[3, 66, 87, 79, 61, 41, 25, 12, 10, 96]","[3, 66, 87, 79, 61, 41, 25, 12, 10, 96]",[],10,10,"[""deepsight_ensemble_cluster"", ""deepsight_final_filter""]",../main/re_result_6-29_APRA/cifar10_500_Jul.01_13.57.33_deepsight_fix_True_no-mia_no-mia-class_no-noise_a3fl/agg_records/pkl/round_0419_deepsight.pkl
420,deepsight,success,"[2, 21, 86, 34, 98, 27, 69, 63, 18, 85]","[2, 21, 86, 34, 98, 27, 69, 63, 18, 85]",[],10,10,"[""deepsight_ensemble_cluster"", ""deepsight_final_filter""]",../main/re_result_6-29_APRA/cifar10_500_Jul.01_13.57.33_deepsight_fix_True_no-mia_no-mia-class_no-noise_a3fl/agg_records/pkl/round_0420_deepsight.pkl
421,deepsight,success,"[0, 57, 42, 58, 78, 25, 94, 13, 40, 84]","[0, 57, 42, 58, 78, 25, 94, 13, 40, 84]",[],10,10,"[""deepsight_ensemble_cluster"", ""deepsight_final_filter""]",../main/re_result_6-29_APRA/cifar10_500_Jul.01_13.57.33_deepsight_fix_True_no-mia_no-mia-class_no-noise_a3fl/agg_records/pkl/round_0421_deepsight.pkl
422,deepsight,success,"[2, 33, 84, 78, 35, 15, 76, 91, 73, 49]","[2, 33, 84, 78, 35, 15, 76, 91, 73, 49]",[],10,10,"[""deepsight_ensemble_cluster"", ""deepsight_final_filter""]",../main/re_result_6-29_APRA/cifar10_500_Jul.01_13.57.33_deepsight_fix_True_no-mia_no-mia-class_no-noise_a3fl/agg_records/pkl/round_0422_deepsight.pkl
423,deepsight,success,"[2, 41, 87, 74, 98, 84, 50, 23, 82, 34]","[2, 41, 87, 74, 98, 84, 50, 23, 82, 34]",[],10,10,"[""deepsight_ensemble_cluster"", ""deepsight_final_filter""]",../main/re_result_6-29_APRA/cifar10_500_Jul.01_13.57.33_deepsight_fix_True_no-mia_no-mia-class_no-noise_a3fl/agg_records/pkl/round_0423_deepsight.pkl
424,deepsight,success,"[1, 71, 36, 0, 74, 92, 19, 99, 64, 58]","[1, 71, 36, 0, 74, 92, 19, 99, 64, 58]",[],10,10,"[""deepsight_ensemble_cluster"", ""deepsight_final_filter""]",../main/re_result_6-29_APRA/cifar10_500_Jul.01_13.57.33_deepsight_fix_True_no-mia_no-mia-class_no-noise_a3fl/agg_records/pkl/round_0424_deepsight.pkl
425,deepsight,success,"[0, 46, 58, 30, 86, 82, 53, 68, 43, 1]","[0, 46, 58, 30, 86, 82, 53, 68, 43, 1]",[],10,10,"[""deepsight_ensemble_cluster"", ""deepsight_final_filter""]",../main/re_result_6-29_APRA/cifar10_500_Jul.01_13.57.33_deepsight_fix_True_no-mia_no-mia-class_no-noise_a3fl/agg_records/pkl/round_0425_deepsight.pkl
426,deepsight,success,"[3, 8, 42, 87, 15, 70, 20, 45, 12, 83]","[3, 8, 42, 87, 15, 70, 20, 45, 12, 83]",[],10,10,"[""deepsight_ensemble_cluster"", ""deepsight_final_filter""]",../main/re_result_6-29_APRA/cifar10_500_Jul.01_13.57.33_deepsight_fix_True_no-mia_no-mia-class_no-noise_a3fl/agg_records/pkl/round_0426_deepsight.pkl
427,deepsight,success,"[0, 4, 25, 12, 84, 69, 56, 58, 17, 3]","[0, 4, 25, 12, 84, 69, 56, 58, 17, 3]",[],10,10,"[""deepsight_ensemble_cluster"", ""deepsight_final_filter""]",../main/re_result_6-29_APRA/cifar10_500_Jul.01_13.57.33_deepsight_fix_True_no-mia_no-mia-class_no-noise_a3fl/agg_records/pkl/round_0427_deepsight.pkl
428,deepsight,success,"[3, 46, 75, 14, 36, 95, 48, 54, 55, 10]","[3, 46, 75, 14, 36, 95, 48, 55, 10]",[54],10,9,"[""deepsight_ensemble_cluster"", ""deepsight_final_filter""]",../main/re_result_6-29_APRA/cifar10_500_Jul.01_13.57.33_deepsight_fix_True_no-mia_no-mia-class_no-noise_a3fl/agg_records/pkl/round_0428_deepsight.pkl
429,deepsight,success,"[4, 53, 52, 94, 59, 88, 49, 1, 12, 93]","[4, 53, 52, 94, 59, 88, 49, 1, 12, 93]",[],10,10,"[""deepsight_ensemble_cluster"", ""deepsight_final_filter""]",../main/re_result_6-29_APRA/cifar10_500_Jul.01_13.57.33_deepsight_fix_True_no-mia_no-mia-class_no-noise_a3fl/agg_records/pkl/round_0429_deepsight.pkl
430,deepsight,success,"[2, 7, 92, 35, 31, 0, 99, 11, 24, 51]","[2, 7, 92, 35, 31, 0, 99, 11, 24, 51]",[],10,10,"[""deepsight_ensemble_cluster"", ""deepsight_final_filter""]",../main/re_result_6-29_APRA/cifar10_500_Jul.01_13.57.33_deepsight_fix_True_no-mia_no-mia-class_no-noise_a3fl/agg_records/pkl/round_0430_deepsight.pkl
431,deepsight,success,"[2, 44, 59, 49, 89, 39, 60, 48, 54, 83]","[2, 44, 59, 49, 89, 39, 60, 48, 83]",[54],10,9,"[""deepsight_ensemble_cluster"", ""deepsight_final_filter""]",../main/re_result_6-29_APRA/cifar10_500_Jul.01_13.57.33_deepsight_fix_True_no-mia_no-mia-class_no-noise_a3fl/agg_records/pkl/round_0431_deepsight.pkl
432,deepsight,success,"[3, 47, 96, 59, 25, 93, 18, 76, 83, 62]","[3, 47, 96, 59, 25, 93, 18, 76, 83, 62]",[],10,10,"[""deepsight_ensemble_cluster"", ""deepsight_final_filter""]",../main/re_result_6-29_APRA/cifar10_500_Jul.01_13.57.33_deepsight_fix_True_no-mia_no-mia-class_no-noise_a3fl/agg_records/pkl/round_0432_deepsight.pkl
433,deepsight,success,"[3, 39, 11, 98, 8, 44, 0, 56, 67, 42]","[3, 39, 11, 98, 8, 44, 0, 56, 67, 42]",[],10,10,"[""deepsight_ensemble_cluster"", ""deepsight_final_filter""]",../main/re_result_6-29_APRA/cifar10_500_Jul.01_13.57.33_deepsight_fix_True_no-mia_no-mia-class_no-noise_a3fl/agg_records/pkl/round_0433_deepsight.pkl
434,deepsight,success,"[4, 2, 97, 93, 20, 31, 32, 7, 79, 39]","[4, 2, 97, 93, 20, 31, 32, 7, 79, 39]",[],10,10,"[""deepsight_ensemble_cluster"", ""deepsight_final_filter""]",../main/re_result_6-29_APRA/cifar10_500_Jul.01_13.57.33_deepsight_fix_True_no-mia_no-mia-class_no-noise_a3fl/agg_records/pkl/round_0434_deepsight.pkl
435,deepsight,success,"[3, 98, 90, 24, 16, 40, 63, 82, 2, 54]","[3, 98, 90, 24, 16, 40, 63, 82, 2, 54]",[],10,10,"[""deepsight_ensemble_cluster"", ""deepsight_final_filter""]",../main/re_result_6-29_APRA/cifar10_500_Jul.01_13.57.33_deepsight_fix_True_no-mia_no-mia-class_no-noise_a3fl/agg_records/pkl/round_0435_deepsight.pkl
436,deepsight,success,"[0, 49, 43, 29, 60, 2, 42, 27, 38, 22]","[0, 49, 43, 29, 60, 2, 42, 27, 38, 22]",[],10,10,"[""deepsight_ensemble_cluster"", ""deepsight_final_filter""]",../main/re_result_6-29_APRA/cifar10_500_Jul.01_13.57.33_deepsight_fix_True_no-mia_no-mia-class_no-noise_a3fl/agg_records/pkl/round_0436_deepsight.pkl
437,deepsight,success,"[4, 77, 0, 63, 91, 68, 9, 82, 54, 20]","[4, 77, 0, 63, 91, 68, 9, 82, 54, 20]",[],10,10,"[""deepsight_ensemble_cluster"", ""deepsight_final_filter""]",../main/re_result_6-29_APRA/cifar10_500_Jul.01_13.57.33_deepsight_fix_True_no-mia_no-mia-class_no-noise_a3fl/agg_records/pkl/round_0437_deepsight.pkl
438,deepsight,success,"[4, 26, 8, 74, 84, 49, 15, 46, 62, 7]","[4, 26, 8, 74, 84, 49, 15, 46, 62, 7]",[],10,10,"[""deepsight_ensemble_cluster"", ""deepsight_final_filter""]",../main/re_result_6-29_APRA/cifar10_500_Jul.01_13.57.33_deepsight_fix_True_no-mia_no-mia-class_no-noise_a3fl/agg_records/pkl/round_0438_deepsight.pkl
439,deepsight,success,"[3, 51, 16, 78, 7, 29, 56, 59, 8, 43]","[3, 51, 16, 78, 7, 29, 56, 59, 8, 43]",[],10,10,"[""deepsight_ensemble_cluster"", ""deepsight_final_filter""]",../main/re_result_6-29_APRA/cifar10_500_Jul.01_13.57.33_deepsight_fix_True_no-mia_no-mia-class_no-noise_a3fl/agg_records/pkl/round_0439_deepsight.pkl
440,deepsight,success,"[4, 8, 35, 16, 59, 85, 74, 82, 88, 61]","[4, 8, 35, 16, 59, 85, 74, 82, 88, 61]",[],10,10,"[""deepsight_ensemble_cluster"", ""deepsight_final_filter""]",../main/re_result_6-29_APRA/cifar10_500_Jul.01_13.57.33_deepsight_fix_True_no-mia_no-mia-class_no-noise_a3fl/agg_records/pkl/round_0440_deepsight.pkl
441,deepsight,success,"[3, 78, 56, 87, 26, 14, 77, 74, 37, 53]","[3, 78, 56, 87, 26, 14, 77, 74, 37, 53]",[],10,10,"[""deepsight_ensemble_cluster"", ""deepsight_final_filter""]",../main/re_result_6-29_APRA/cifar10_500_Jul.01_13.57.33_deepsight_fix_True_no-mia_no-mia-class_no-noise_a3fl/agg_records/pkl/round_0441_deepsight.pkl
442,deepsight,success,"[3, 5, 73, 80, 50, 87, 7, 71, 60, 35]","[3, 5, 73, 80, 50, 87, 7, 71, 60, 35]",[],10,10,"[""deepsight_ensemble_cluster"", ""deepsight_final_filter""]",../main/re_result_6-29_APRA/cifar10_500_Jul.01_13.57.33_deepsight_fix_True_no-mia_no-mia-class_no-noise_a3fl/agg_records/pkl/round_0442_deepsight.pkl
443,deepsight,success,"[4, 54, 9, 20, 78, 66, 29, 2, 86, 97]","[4, 54, 9, 20, 78, 66, 29, 2, 86, 97]",[],10,10,"[""deepsight_ensemble_cluster"", ""deepsight_final_filter""]",../main/re_result_6-29_APRA/cifar10_500_Jul.01_13.57.33_deepsight_fix_True_no-mia_no-mia-class_no-noise_a3fl/agg_records/pkl/round_0443_deepsight.pkl
444,deepsight,success,"[3, 70, 67, 40, 92, 61, 58, 73, 66, 65]","[3, 70, 67, 40, 92, 61, 58, 73, 66, 65]",[],10,10,"[""deepsight_ensemble_cluster"", ""deepsight_final_filter""]",../main/re_result_6-29_APRA/cifar10_500_Jul.01_13.57.33_deepsight_fix_True_no-mia_no-mia-class_no-noise_a3fl/agg_records/pkl/round_0444_deepsight.pkl
445,deepsight,success,"[1, 33, 28, 59, 45, 80, 52, 68, 95, 51]","[1, 33, 28, 59, 45, 80, 52, 68, 95, 51]",[],10,10,"[""deepsight_ensemble_cluster"", ""deepsight_final_filter""]",../main/re_result_6-29_APRA/cifar10_500_Jul.01_13.57.33_deepsight_fix_True_no-mia_no-mia-class_no-noise_a3fl/agg_records/pkl/round_0445_deepsight.pkl
446,deepsight,success,"[4, 88, 56, 23, 58, 33, 65, 24, 90, 30]","[4, 88, 56, 23, 58, 33, 65, 24, 90, 30]",[],10,10,"[""deepsight_ensemble_cluster"", ""deepsight_final_filter""]",../main/re_result_6-29_APRA/cifar10_500_Jul.01_13.57.33_deepsight_fix_True_no-mia_no-mia-class_no-noise_a3fl/agg_records/pkl/round_0446_deepsight.pkl
447,deepsight,success,"[0, 5, 73, 92, 57, 9, 42, 33, 63, 43]","[0, 5, 73, 92, 57, 9, 42, 33, 63, 43]",[],10,10,"[""deepsight_ensemble_cluster"", ""deepsight_final_filter""]",../main/re_result_6-29_APRA/cifar10_500_Jul.01_13.57.33_deepsight_fix_True_no-mia_no-mia-class_no-noise_a3fl/agg_records/pkl/round_0447_deepsight.pkl
448,deepsight,success,"[4, 46, 2, 15, 25, 98, 28, 50, 58, 20]","[4, 46, 2, 15, 25, 98, 28, 50, 58, 20]",[],10,10,"[""deepsight_ensemble_cluster"", ""deepsight_final_filter""]",../main/re_result_6-29_APRA/cifar10_500_Jul.01_13.57.33_deepsight_fix_True_no-mia_no-mia-class_no-noise_a3fl/agg_records/pkl/round_0448_deepsight.pkl
449,deepsight,success,"[0, 9, 42, 49, 58, 98, 94, 67, 36, 3]","[0, 9, 42, 49, 58, 98, 94, 67, 36, 3]",[],10,10,"[""deepsight_ensemble_cluster"", ""deepsight_final_filter""]",../main/re_result_6-29_APRA/cifar10_500_Jul.01_13.57.33_deepsight_fix_True_no-mia_no-mia-class_no-noise_a3fl/agg_records/pkl/round_0449_deepsight.pkl
450,deepsight,success,"[4, 21, 69, 24, 38, 97, 52, 40, 78, 83]","[4, 21, 69, 24, 38, 97, 52, 40, 78, 83]",[],10,10,"[""deepsight_ensemble_cluster"", ""deepsight_final_filter""]",../main/re_result_6-29_APRA/cifar10_500_Jul.01_13.57.33_deepsight_fix_True_no-mia_no-mia-class_no-noise_a3fl/agg_records/pkl/round_0450_deepsight.pkl
451,deepsight,success,"[0, 83, 31, 58, 11, 54, 42, 8, 73, 36]","[0, 83, 31, 58, 11, 54, 42, 8, 73, 36]",[],10,10,"[""deepsight_ensemble_cluster"", ""deepsight_final_filter""]",../main/re_result_6-29_APRA/cifar10_500_Jul.01_13.57.33_deepsight_fix_True_no-mia_no-mia-class_no-noise_a3fl/agg_records/pkl/round_0451_deepsight.pkl
452,deepsight,success,"[1, 85, 28, 14, 48, 73, 53, 82, 31, 61]","[1, 85, 28, 14, 48, 53, 82, 31, 61]",[73],10,9,"[""deepsight_ensemble_cluster"", ""deepsight_final_filter""]",../main/re_result_6-29_APRA/cifar10_500_Jul.01_13.57.33_deepsight_fix_True_no-mia_no-mia-class_no-noise_a3fl/agg_records/pkl/round_0452_deepsight.pkl
453,deepsight,success,"[4, 11, 29, 16, 84, 79, 9, 47, 14, 66]","[4, 11, 29, 16, 84, 79, 9, 47, 14, 66]",[],10,10,"[""deepsight_ensemble_cluster"", ""deepsight_final_filter""]",../main/re_result_6-29_APRA/cifar10_500_Jul.01_13.57.33_deepsight_fix_True_no-mia_no-mia-class_no-noise_a3fl/agg_records/pkl/round_0453_deepsight.pkl
454,deepsight,success,"[0, 91, 31, 49, 75, 3, 4, 36, 57, 77]","[0, 91, 31, 49, 75, 3, 4, 36, 57, 77]",[],10,10,"[""deepsight_ensemble_cluster"", ""deepsight_final_filter""]",../main/re_result_6-29_APRA/cifar10_500_Jul.01_13.57.33_deepsight_fix_True_no-mia_no-mia-class_no-noise_a3fl/agg_records/pkl/round_0454_deepsight.pkl
455,deepsight,success,"[0, 39, 56, 94, 40, 37, 77, 34, 8, 99]","[0, 39, 56, 94, 40, 37, 77, 34, 8, 99]",[],10,10,"[""deepsight_ensemble_cluster"", ""deepsight_final_filter""]",../main/re_result_6-29_APRA/cifar10_500_Jul.01_13.57.33_deepsight_fix_True_no-mia_no-mia-class_no-noise_a3fl/agg_records/pkl/round_0455_deepsight.pkl
456,deepsight,success,"[2, 88, 70, 9, 43, 13, 78, 98, 29, 79]","[2, 88, 70, 9, 43, 13, 78, 98, 29, 79]",[],10,10,"[""deepsight_ensemble_cluster"", ""deepsight_final_filter""]",../main/re_result_6-29_APRA/cifar10_500_Jul.01_13.57.33_deepsight_fix_True_no-mia_no-mia-class_no-noise_a3fl/agg_records/pkl/round_0456_deepsight.pkl
457,deepsight,success,"[2, 20, 64, 72, 73, 12, 91, 81, 10, 80]","[2, 20, 64, 72, 73, 12, 91, 81, 10, 80]",[],10,10,"[""deepsight_ensemble_cluster"", ""deepsight_final_filter""]",../main/re_result_6-29_APRA/cifar10_500_Jul.01_13.57.33_deepsight_fix_True_no-mia_no-mia-class_no-noise_a3fl/agg_records/pkl/round_0457_deepsight.pkl
458,deepsight,success,"[1, 56, 69, 77, 7, 3, 80, 65, 55, 87]","[1, 56, 69, 77, 7, 3, 80, 65, 55, 87]",[],10,10,"[""deepsight_ensemble_cluster"", ""deepsight_final_filter""]",../main/re_result_6-29_APRA/cifar10_500_Jul.01_13.57.33_deepsight_fix_True_no-mia_no-mia-class_no-noise_a3fl/agg_records/pkl/round_0458_deepsight.pkl
459,deepsight,success,"[0, 82, 55, 67, 10, 38, 40, 11, 93, 50]","[0, 82, 55, 67, 10, 38, 40, 11, 93, 50]",[],10,10,"[""deepsight_ensemble_cluster"", ""deepsight_final_filter""]",../main/re_result_6-29_APRA/cifar10_500_Jul.01_13.57.33_deepsight_fix_True_no-mia_no-mia-class_no-noise_a3fl/agg_records/pkl/round_0459_deepsight.pkl
460,deepsight,success,"[0, 14, 62, 98, 60, 88, 20, 78, 36, 21]","[0, 14, 62, 98, 60, 88, 20, 78, 36, 21]",[],10,10,"[""deepsight_ensemble_cluster"", ""deepsight_final_filter""]",../main/re_result_6-29_APRA/cifar10_500_Jul.01_13.57.33_deepsight_fix_True_no-mia_no-mia-class_no-noise_a3fl/agg_records/pkl/round_0460_deepsight.pkl
461,deepsight,success,"[0, 53, 61, 7, 72, 4, 44, 95, 67, 96]","[0, 53, 61, 7, 72, 4, 44, 95, 67, 96]",[],10,10,"[""deepsight_ensemble_cluster"", ""deepsight_final_filter""]",../main/re_result_6-29_APRA/cifar10_500_Jul.01_13.57.33_deepsight_fix_True_no-mia_no-mia-class_no-noise_a3fl/agg_records/pkl/round_0461_deepsight.pkl
462,deepsight,success,"[2, 71, 20, 36, 87, 1, 33, 80, 83, 62]","[2, 71, 20, 36, 87, 1, 33, 80, 83, 62]",[],10,10,"[""deepsight_ensemble_cluster"", ""deepsight_final_filter""]",../main/re_result_6-29_APRA/cifar10_500_Jul.01_13.57.33_deepsight_fix_True_no-mia_no-mia-class_no-noise_a3fl/agg_records/pkl/round_0462_deepsight.pkl
463,deepsight,success,"[3, 92, 88, 76, 90, 42, 62, 23, 37, 0]","[3, 92, 88, 76, 90, 42, 62, 23, 37, 0]",[],10,10,"[""deepsight_ensemble_cluster"", ""deepsight_final_filter""]",../main/re_result_6-29_APRA/cifar10_500_Jul.01_13.57.33_deepsight_fix_True_no-mia_no-mia-class_no-noise_a3fl/agg_records/pkl/round_0463_deepsight.pkl
464,deepsight,success,"[0, 30, 8, 26, 11, 47, 9, 96, 67, 53]","[0, 30, 8, 26, 11, 47, 9, 96, 67, 53]",[],10,10,"[""deepsight_ensemble_cluster"", ""deepsight_final_filter""]",../main/re_result_6-29_APRA/cifar10_500_Jul.01_13.57.33_deepsight_fix_True_no-mia_no-mia-class_no-noise_a3fl/agg_records/pkl/round_0464_deepsight.pkl
465,deepsight,success,"[0, 58, 45, 76, 72, 78, 56, 23, 99, 20]","[0, 58, 45, 76, 72, 78, 56, 23, 99, 20]",[],10,10,"[""deepsight_ensemble_cluster"", ""deepsight_final_filter""]",../main/re_result_6-29_APRA/cifar10_500_Jul.01_13.57.33_deepsight_fix_True_no-mia_no-mia-class_no-noise_a3fl/agg_records/pkl/round_0465_deepsight.pkl
466,deepsight,success,"[2, 79, 39, 82, 60, 54, 34, 83, 13, 35]","[2, 79, 39, 82, 60, 54, 34, 83, 13, 35]",[],10,10,"[""deepsight_ensemble_cluster"", ""deepsight_final_filter""]",../main/re_result_6-29_APRA/cifar10_500_Jul.01_13.57.33_deepsight_fix_True_no-mia_no-mia-class_no-noise_a3fl/agg_records/pkl/round_0466_deepsight.pkl
467,deepsight,success,"[4, 45, 65, 28, 24, 47, 10, 77, 74, 5]","[4, 45, 65, 28, 24, 47, 10, 77, 74, 5]",[],10,10,"[""deepsight_ensemble_cluster"", ""deepsight_final_filter""]",../main/re_result_6-29_APRA/cifar10_500_Jul.01_13.57.33_deepsight_fix_True_no-mia_no-mia-class_no-noise_a3fl/agg_records/pkl/round_0467_deepsight.pkl
468,deepsight,success,"[0, 2, 18, 52, 30, 28, 34, 80, 19, 57]","[0, 2, 18, 52, 30, 28, 34, 80, 19, 57]",[],10,10,"[""deepsight_ensemble_cluster"", ""deepsight_final_filter""]",../main/re_result_6-29_APRA/cifar10_500_Jul.01_13.57.33_deepsight_fix_True_no-mia_no-mia-class_no-noise_a3fl/agg_records/pkl/round_0468_deepsight.pkl
469,deepsight,success,"[3, 90, 98, 61, 8, 69, 42, 74, 40, 87]","[3, 90, 98, 61, 8, 69, 42, 74, 40, 87]",[],10,10,"[""deepsight_ensemble_cluster"", ""deepsight_final_filter""]",../main/re_result_6-29_APRA/cifar10_500_Jul.01_13.57.33_deepsight_fix_True_no-mia_no-mia-class_no-noise_a3fl/agg_records/pkl/round_0469_deepsight.pkl
470,deepsight,success,"[1, 55, 65, 23, 31, 79, 85, 96, 47, 95]","[1, 55, 65, 23, 31, 79, 85, 96, 47, 95]",[],10,10,"[""deepsight_ensemble_cluster"", ""deepsight_final_filter""]",../main/re_result_6-29_APRA/cifar10_500_Jul.01_13.57.33_deepsight_fix_True_no-mia_no-mia-class_no-noise_a3fl/agg_records/pkl/round_0470_deepsight.pkl
471,deepsight,success,"[2, 34, 26, 89, 36, 33, 69, 24, 12, 31]","[2, 34, 26, 89, 36, 33, 69, 24, 12, 31]",[],10,10,"[""deepsight_ensemble_cluster"", ""deepsight_final_filter""]",../main/re_result_6-29_APRA/cifar10_500_Jul.01_13.57.33_deepsight_fix_True_no-mia_no-mia-class_no-noise_a3fl/agg_records/pkl/round_0471_deepsight.pkl
472,deepsight,success,"[4, 82, 0, 16, 41, 83, 44, 62, 52, 78]","[4, 82, 0, 16, 41, 83, 44, 62, 52, 78]",[],10,10,"[""deepsight_ensemble_cluster"", ""deepsight_final_filter""]",../main/re_result_6-29_APRA/cifar10_500_Jul.01_13.57.33_deepsight_fix_True_no-mia_no-mia-class_no-noise_a3fl/agg_records/pkl/round_0472_deepsight.pkl
473,deepsight,success,"[2, 13, 87, 48, 14, 27, 80, 70, 98, 47]","[2, 13, 87, 48, 14, 27, 80, 70, 98, 47]",[],10,10,"[""deepsight_ensemble_cluster"", ""deepsight_final_filter""]",../main/re_result_6-29_APRA/cifar10_500_Jul.01_13.57.33_deepsight_fix_True_no-mia_no-mia-class_no-noise_a3fl/agg_records/pkl/round_0473_deepsight.pkl
474,deepsight,success,"[2, 32, 21, 27, 61, 47, 1, 65, 98, 28]","[2, 32, 21, 27, 61, 47, 1, 65, 98, 28]",[],10,10,"[""deepsight_ensemble_cluster"", ""deepsight_final_filter""]",../main/re_result_6-29_APRA/cifar10_500_Jul.01_13.57.33_deepsight_fix_True_no-mia_no-mia-class_no-noise_a3fl/agg_records/pkl/round_0474_deepsight.pkl
475,deepsight,success,"[4, 64, 32, 16, 60, 41, 22, 20, 88, 92]","[4, 64, 32, 16, 60, 41, 22, 20, 88, 92]",[],10,10,"[""deepsight_ensemble_cluster"", ""deepsight_final_filter""]",../main/re_result_6-29_APRA/cifar10_500_Jul.01_13.57.33_deepsight_fix_True_no-mia_no-mia-class_no-noise_a3fl/agg_records/pkl/round_0475_deepsight.pkl
476,deepsight,success,"[1, 19, 36, 31, 33, 90, 13, 95, 27, 73]","[1, 19, 36, 31, 33, 90, 13, 95, 27, 73]",[],10,10,"[""deepsight_ensemble_cluster"", ""deepsight_final_filter""]",../main/re_result_6-29_APRA/cifar10_500_Jul.01_13.57.33_deepsight_fix_True_no-mia_no-mia-class_no-noise_a3fl/agg_records/pkl/round_0476_deepsight.pkl
477,deepsight,success,"[2, 95, 62, 74, 56, 42, 22, 71, 0, 63]","[2, 95, 62, 74, 56, 42, 22, 71, 0, 63]",[],10,10,"[""deepsight_ensemble_cluster"", ""deepsight_final_filter""]",../main/re_result_6-29_APRA/cifar10_500_Jul.01_13.57.33_deepsight_fix_True_no-mia_no-mia-class_no-noise_a3fl/agg_records/pkl/round_0477_deepsight.pkl
478,deepsight,success,"[1, 29, 48, 3, 2, 54, 91, 34, 89, 42]","[1, 29, 48, 3, 2, 54, 91, 34, 89, 42]",[],10,10,"[""deepsight_ensemble_cluster"", ""deepsight_final_filter""]",../main/re_result_6-29_APRA/cifar10_500_Jul.01_13.57.33_deepsight_fix_True_no-mia_no-mia-class_no-noise_a3fl/agg_records/pkl/round_0478_deepsight.pkl
479,deepsight,success,"[2, 93, 67, 6, 40, 22, 79, 38, 61, 87]","[2, 93, 67, 6, 40, 22, 79, 38, 61, 87]",[],10,10,"[""deepsight_ensemble_cluster"", ""deepsight_final_filter""]",../main/re_result_6-29_APRA/cifar10_500_Jul.01_13.57.33_deepsight_fix_True_no-mia_no-mia-class_no-noise_a3fl/agg_records/pkl/round_0479_deepsight.pkl
480,deepsight,success,"[4, 21, 67, 49, 24, 47, 95, 45, 57, 96]","[4, 21, 67, 49, 24, 47, 95, 45, 57, 96]",[],10,10,"[""deepsight_ensemble_cluster"", ""deepsight_final_filter""]",../main/re_result_6-29_APRA/cifar10_500_Jul.01_13.57.33_deepsight_fix_True_no-mia_no-mia-class_no-noise_a3fl/agg_records/pkl/round_0480_deepsight.pkl
481,deepsight,success,"[1, 74, 25, 94, 96, 58, 3, 99, 55, 97]","[1, 74, 25, 94, 96, 58, 3, 99, 55, 97]",[],10,10,"[""deepsight_ensemble_cluster"", ""deepsight_final_filter""]",../main/re_result_6-29_APRA/cifar10_500_Jul.01_13.57.33_deepsight_fix_True_no-mia_no-mia-class_no-noise_a3fl/agg_records/pkl/round_0481_deepsight.pkl
482,deepsight,success,"[1, 81, 82, 47, 65, 60, 93, 28, 49, 3]","[1, 81, 82, 47, 65, 60, 93, 28, 49, 3]",[],10,10,"[""deepsight_ensemble_cluster"", ""deepsight_final_filter""]",../main/re_result_6-29_APRA/cifar10_500_Jul.01_13.57.33_deepsight_fix_True_no-mia_no-mia-class_no-noise_a3fl/agg_records/pkl/round_0482_deepsight.pkl
483,deepsight,success,"[4, 8, 48, 46, 69, 18, 87, 54, 19, 97]","[4, 8, 48, 46, 69, 18, 87, 54, 19, 97]",[],10,10,"[""deepsight_ensemble_cluster"", ""deepsight_final_filter""]",../main/re_result_6-29_APRA/cifar10_500_Jul.01_13.57.33_deepsight_fix_True_no-mia_no-mia-class_no-noise_a3fl/agg_records/pkl/round_0483_deepsight.pkl
484,deepsight,success,"[1, 91, 86, 11, 53, 59, 48, 3, 9, 26]","[1, 91, 86, 11, 53, 59, 48, 3, 9, 26]",[],10,10,"[""deepsight_ensemble_cluster"", ""deepsight_final_filter""]",../main/re_result_6-29_APRA/cifar10_500_Jul.01_13.57.33_deepsight_fix_True_no-mia_no-mia-class_no-noise_a3fl/agg_records/pkl/round_0484_deepsight.pkl
485,deepsight,success,"[1, 82, 58, 96, 4, 28, 39, 99, 13, 37]","[1, 82, 58, 96, 4, 28, 39, 99, 13, 37]",[],10,10,"[""deepsight_ensemble_cluster"", ""deepsight_final_filter""]",../main/re_result_6-29_APRA/cifar10_500_Jul.01_13.57.33_deepsight_fix_True_no-mia_no-mia-class_no-noise_a3fl/agg_records/pkl/round_0485_deepsight.pkl
486,deepsight,success,"[3, 62, 44, 97, 49, 90, 70, 66, 87, 54]","[3, 62, 44, 97, 49, 90, 70, 66, 87, 54]",[],10,10,"[""deepsight_ensemble_cluster"", ""deepsight_final_filter""]",../main/re_result_6-29_APRA/cifar10_500_Jul.01_13.57.33_deepsight_fix_True_no-mia_no-mia-class_no-noise_a3fl/agg_records/pkl/round_0486_deepsight.pkl
487,deepsight,success,"[1, 95, 63, 12, 31, 57, 76, 69, 61, 2]","[1, 95, 63, 12, 31, 57, 76, 69, 61, 2]",[],10,10,"[""deepsight_ensemble_cluster"", ""deepsight_final_filter""]",../main/re_result_6-29_APRA/cifar10_500_Jul.01_13.57.33_deepsight_fix_True_no-mia_no-mia-class_no-noise_a3fl/agg_records/pkl/round_0487_deepsight.pkl
488,deepsight,success,"[4, 3, 89, 43, 32, 65, 24, 70, 75, 71]","[4, 3, 89, 43, 32, 65, 24, 70, 75, 71]",[],10,10,"[""deepsight_ensemble_cluster"", ""deepsight_final_filter""]",../main/re_result_6-29_APRA/cifar10_500_Jul.01_13.57.33_deepsight_fix_True_no-mia_no-mia-class_no-noise_a3fl/agg_records/pkl/round_0488_deepsight.pkl
489,deepsight,success,"[0, 23, 91, 20, 84, 29, 85, 79, 50, 43]","[0, 23, 91, 20, 84, 29, 85, 79, 50, 43]",[],10,10,"[""deepsight_ensemble_cluster"", ""deepsight_final_filter""]",../main/re_result_6-29_APRA/cifar10_500_Jul.01_13.57.33_deepsight_fix_True_no-mia_no-mia-class_no-noise_a3fl/agg_records/pkl/round_0489_deepsight.pkl
490,deepsight,success,"[3, 89, 96, 47, 25, 98, 83, 63, 50, 35]","[3, 89, 96, 47, 25, 98, 83, 63, 50, 35]",[],10,10,"[""deepsight_ensemble_cluster"", ""deepsight_final_filter""]",../main/re_result_6-29_APRA/cifar10_500_Jul.01_13.57.33_deepsight_fix_True_no-mia_no-mia-class_no-noise_a3fl/agg_records/pkl/round_0490_deepsight.pkl
491,deepsight,success,"[2, 43, 15, 21, 81, 42, 50, 20, 22, 1]","[2, 43, 15, 21, 81, 42, 50, 20, 22, 1]",[],10,10,"[""deepsight_ensemble_cluster"", ""deepsight_final_filter""]",../main/re_result_6-29_APRA/cifar10_500_Jul.01_13.57.33_deepsight_fix_True_no-mia_no-mia-class_no-noise_a3fl/agg_records/pkl/round_0491_deepsight.pkl
492,deepsight,success,"[4, 85, 27, 36, 99, 53, 33, 87, 35, 17]","[4, 85, 27, 36, 99, 53, 33, 87, 35, 17]",[],10,10,"[""deepsight_ensemble_cluster"", ""deepsight_final_filter""]",../main/re_result_6-29_APRA/cifar10_500_Jul.01_13.57.33_deepsight_fix_True_no-mia_no-mia-class_no-noise_a3fl/agg_records/pkl/round_0492_deepsight.pkl
493,deepsight,success,"[4, 73, 88, 94, 50, 16, 27, 67, 8, 58]","[4, 73, 94, 50, 16, 27, 67, 8, 58]",[88],10,9,"[""deepsight_ensemble_cluster"", ""deepsight_final_filter""]",../main/re_result_6-29_APRA/cifar10_500_Jul.01_13.57.33_deepsight_fix_True_no-mia_no-mia-class_no-noise_a3fl/agg_records/pkl/round_0493_deepsight.pkl
494,deepsight,success,"[0, 72, 87, 49, 6, 94, 56, 73, 76, 84]","[0, 72, 87, 49, 6, 94, 56, 73, 76, 84]",[],10,10,"[""deepsight_ensemble_cluster"", ""deepsight_final_filter""]",../main/re_result_6-29_APRA/cifar10_500_Jul.01_13.57.33_deepsight_fix_True_no-mia_no-mia-class_no-noise_a3fl/agg_records/pkl/round_0494_deepsight.pkl
495,deepsight,success,"[1, 78, 77, 34, 44, 10, 5, 50, 85, 68]","[1, 78, 77, 34, 44, 10, 5, 50, 85, 68]",[],10,10,"[""deepsight_ensemble_cluster"", ""deepsight_final_filter""]",../main/re_result_6-29_APRA/cifar10_500_Jul.01_13.57.33_deepsight_fix_True_no-mia_no-mia-class_no-noise_a3fl/agg_records/pkl/round_0495_deepsight.pkl
496,deepsight,success,"[1, 67, 93, 20, 79, 19, 10, 49, 75, 94]","[1, 67, 93, 20, 79, 19, 10, 49, 75, 94]",[],10,10,"[""deepsight_ensemble_cluster"", ""deepsight_final_filter""]",../main/re_result_6-29_APRA/cifar10_500_Jul.01_13.57.33_deepsight_fix_True_no-mia_no-mia-class_no-noise_a3fl/agg_records/pkl/round_0496_deepsight.pkl
497,deepsight,success,"[3, 1, 40, 89, 24, 63, 65, 48, 90, 64]","[3, 1, 40, 89, 24, 63, 65, 48, 90, 64]",[],10,10,"[""deepsight_ensemble_cluster"", ""deepsight_final_filter""]",../main/re_result_6-29_APRA/cifar10_500_Jul.01_13.57.33_deepsight_fix_True_no-mia_no-mia-class_no-noise_a3fl/agg_records/pkl/round_0497_deepsight.pkl
498,deepsight,success,"[0, 97, 8, 32, 54, 84, 25, 82, 2, 47]","[0, 97, 8, 32, 54, 84, 25, 82, 2, 47]",[],10,10,"[""deepsight_ensemble_cluster"", ""deepsight_final_filter""]",../main/re_result_6-29_APRA/cifar10_500_Jul.01_13.57.33_deepsight_fix_True_no-mia_no-mia-class_no-noise_a3fl/agg_records/pkl/round_0498_deepsight.pkl
499,deepsight,success,"[3, 77, 43, 84, 97, 54, 23, 41, 81, 5]","[3, 77, 43, 84, 97, 54, 23, 41, 81, 5]",[],10,10,"[""deepsight_ensemble_cluster"", ""deepsight_final_filter""]",../main/re_result_6-29_APRA/cifar10_500_Jul.01_13.57.33_deepsight_fix_True_no-mia_no-mia-class_no-noise_a3fl/agg_records/pkl/round_0499_deepsight.pkl
500,deepsight,success,"[4, 50, 79, 39, 10, 18, 28, 41, 22, 71]","[4, 50, 79, 39, 10, 18, 28, 41, 22, 71]",[],10,10,"[""deepsight_ensemble_cluster"", ""deepsight_final_filter""]",../main/re_result_6-29_APRA/cifar10_500_Jul.01_13.57.33_deepsight_fix_True_no-mia_no-mia-class_no-noise_a3fl/agg_records/pkl/round_0500_deepsight.pkl
