epoch,method,status,initial_participants,final_selected,rejected,num_initial,num_final,stage_names,pkl_path
-2,avg,success,"[4, 31, 50, 89, 20, 52, 21, 76, 28, 26]","[4, 31, 50, 89, 20, 52, 21, 76, 28, 26]",[],10,10,[],re_result_6-29_APRA/cifar10_700_Jul.02_16.35.49_avg_True_no-noise_reba/agg_records/pkl/round_-002_avg.pkl
-1,avg,success,"[73, 40, 72, 33, 47, 3, 1, 12, 53, 0]","[73, 40, 72, 33, 47, 3, 1, 12, 53, 0]",[],10,10,[],re_result_6-29_APRA/cifar10_700_Jul.02_16.35.49_avg_True_no-noise_reba/agg_records/pkl/round_-001_avg.pkl
0,avg,success,"[26, 11, 82, 1, 98, 54, 57, 60, 19, 65]","[26, 11, 82, 1, 98, 54, 57, 60, 19, 65]",[],10,10,[],re_result_6-29_APRA/cifar10_700_Jul.02_16.35.49_avg_True_no-noise_reba/agg_records/pkl/round_0000_avg.pkl
1,avg,success,"[62, 96, 21, 70, 45, 79, 27, 17, 10, 2]","[62, 96, 21, 70, 45, 79, 27, 17, 10, 2]",[],10,10,[],re_result_6-29_APRA/cifar10_700_Jul.02_16.35.49_avg_True_no-noise_reba/agg_records/pkl/round_0001_avg.pkl
2,avg,success,"[14, 50, 22, 58, 55, 70, 42, 23, 0, 40]","[14, 50, 22, 58, 55, 70, 42, 23, 0, 40]",[],10,10,[],re_result_6-29_APRA/cifar10_700_Jul.02_16.35.49_avg_True_no-noise_reba/agg_records/pkl/round_0002_avg.pkl
3,avg,success,"[11, 18, 31, 45, 59, 24, 26, 16, 56, 64]","[11, 18, 31, 45, 59, 24, 26, 16, 56, 64]",[],10,10,[],re_result_6-29_APRA/cifar10_700_Jul.02_16.35.49_avg_True_no-noise_reba/agg_records/pkl/round_0003_avg.pkl
4,avg,success,"[3, 93, 57, 90, 21, 85, 19, 7, 35, 58]","[3, 93, 57, 90, 21, 85, 19, 7, 35, 58]",[],10,10,[],re_result_6-29_APRA/cifar10_700_Jul.02_16.35.49_avg_True_no-noise_reba/agg_records/pkl/round_0004_avg.pkl
5,avg,success,"[24, 54, 36, 73, 52, 22, 43, 19, 23, 47]","[24, 54, 36, 73, 52, 22, 43, 19, 23, 47]",[],10,10,[],re_result_6-29_APRA/cifar10_700_Jul.02_16.35.49_avg_True_no-noise_reba/agg_records/pkl/round_0005_avg.pkl
6,avg,success,"[91, 72, 47, 64, 65, 90, 82, 48, 49, 32]","[91, 72, 47, 64, 65, 90, 82, 48, 49, 32]",[],10,10,[],re_result_6-29_APRA/cifar10_700_Jul.02_16.35.49_avg_True_no-noise_reba/agg_records/pkl/round_0006_avg.pkl
7,avg,success,"[25, 88, 80, 50, 76, 14, 85, 71, 1, 29]","[25, 88, 80, 50, 76, 14, 85, 71, 1, 29]",[],10,10,[],re_result_6-29_APRA/cifar10_700_Jul.02_16.35.49_avg_True_no-noise_reba/agg_records/pkl/round_0007_avg.pkl
8,avg,success,"[87, 63, 42, 46, 69, 28, 65, 47, 43, 1]","[87, 63, 42, 46, 69, 28, 65, 47, 43, 1]",[],10,10,[],re_result_6-29_APRA/cifar10_700_Jul.02_16.35.49_avg_True_no-noise_reba/agg_records/pkl/round_0008_avg.pkl
9,avg,success,"[26, 36, 9, 37, 79, 66, 91, 95, 6, 15]","[26, 36, 9, 37, 79, 66, 91, 95, 6, 15]",[],10,10,[],re_result_6-29_APRA/cifar10_700_Jul.02_16.35.49_avg_True_no-noise_reba/agg_records/pkl/round_0009_avg.pkl
10,avg,success,"[64, 19, 99, 29, 61, 88, 46, 2, 12, 90]","[64, 19, 99, 29, 61, 88, 46, 2, 12, 90]",[],10,10,[],re_result_6-29_APRA/cifar10_700_Jul.02_16.35.49_avg_True_no-noise_reba/agg_records/pkl/round_0010_avg.pkl
11,avg,success,"[33, 60, 83, 51, 71, 59, 96, 32, 8, 72]","[33, 60, 83, 51, 71, 59, 96, 32, 8, 72]",[],10,10,[],re_result_6-29_APRA/cifar10_700_Jul.02_16.35.49_avg_True_no-noise_reba/agg_records/pkl/round_0011_avg.pkl
12,avg,success,"[85, 89, 5, 69, 22, 4, 90, 7, 83, 37]","[85, 89, 5, 69, 22, 4, 90, 7, 83, 37]",[],10,10,[],re_result_6-29_APRA/cifar10_700_Jul.02_16.35.49_avg_True_no-noise_reba/agg_records/pkl/round_0012_avg.pkl
13,avg,success,"[48, 66, 90, 85, 13, 64, 99, 40, 81, 32]","[48, 66, 90, 85, 13, 64, 99, 40, 81, 32]",[],10,10,[],re_result_6-29_APRA/cifar10_700_Jul.02_16.35.49_avg_True_no-noise_reba/agg_records/pkl/round_0013_avg.pkl
14,avg,success,"[92, 45, 50, 59, 29, 9, 88, 0, 77, 2]","[92, 45, 50, 59, 29, 9, 88, 0, 77, 2]",[],10,10,[],re_result_6-29_APRA/cifar10_700_Jul.02_16.35.49_avg_True_no-noise_reba/agg_records/pkl/round_0014_avg.pkl
15,avg,success,"[44, 32, 35, 88, 41, 79, 22, 16, 98, 96]","[44, 32, 35, 88, 41, 79, 22, 16, 98, 96]",[],10,10,[],re_result_6-29_APRA/cifar10_700_Jul.02_16.35.49_avg_True_no-noise_reba/agg_records/pkl/round_0015_avg.pkl
16,avg,success,"[43, 39, 76, 93, 51, 25, 4, 37, 58, 21]","[43, 39, 76, 93, 51, 25, 4, 37, 58, 21]",[],10,10,[],re_result_6-29_APRA/cifar10_700_Jul.02_16.35.49_avg_True_no-noise_reba/agg_records/pkl/round_0016_avg.pkl
17,avg,success,"[21, 28, 88, 76, 84, 43, 63, 11, 36, 72]","[21, 28, 88, 76, 84, 43, 63, 11, 36, 72]",[],10,10,[],re_result_6-29_APRA/cifar10_700_Jul.02_16.35.49_avg_True_no-noise_reba/agg_records/pkl/round_0017_avg.pkl
18,avg,success,"[81, 30, 98, 84, 10, 53, 2, 6, 88, 15]","[81, 30, 98, 84, 10, 53, 2, 6, 88, 15]",[],10,10,[],re_result_6-29_APRA/cifar10_700_Jul.02_16.35.49_avg_True_no-noise_reba/agg_records/pkl/round_0018_avg.pkl
19,avg,success,"[98, 67, 83, 12, 73, 44, 11, 74, 62, 75]","[98, 67, 83, 12, 73, 44, 11, 74, 62, 75]",[],10,10,[],re_result_6-29_APRA/cifar10_700_Jul.02_16.35.49_avg_True_no-noise_reba/agg_records/pkl/round_0019_avg.pkl
20,avg,success,"[17, 7, 47, 43, 6, 32, 72, 44, 97, 14]","[17, 7, 47, 43, 6, 32, 72, 44, 97, 14]",[],10,10,[],re_result_6-29_APRA/cifar10_700_Jul.02_16.35.49_avg_True_no-noise_reba/agg_records/pkl/round_0020_avg.pkl
21,avg,success,"[21, 42, 88, 26, 86, 90, 3, 33, 61, 79]","[21, 42, 88, 26, 86, 90, 3, 33, 61, 79]",[],10,10,[],re_result_6-29_APRA/cifar10_700_Jul.02_16.35.49_avg_True_no-noise_reba/agg_records/pkl/round_0021_avg.pkl
22,avg,success,"[95, 12, 61, 37, 18, 28, 87, 99, 4, 6]","[95, 12, 61, 37, 18, 28, 87, 99, 4, 6]",[],10,10,[],re_result_6-29_APRA/cifar10_700_Jul.02_16.35.49_avg_True_no-noise_reba/agg_records/pkl/round_0022_avg.pkl
23,avg,success,"[97, 17, 72, 71, 31, 24, 64, 73, 19, 38]","[97, 17, 72, 71, 31, 24, 64, 73, 19, 38]",[],10,10,[],re_result_6-29_APRA/cifar10_700_Jul.02_16.35.49_avg_True_no-noise_reba/agg_records/pkl/round_0023_avg.pkl
24,avg,success,"[93, 62, 84, 9, 52, 29, 25, 38, 94, 2]","[93, 62, 84, 9, 52, 29, 25, 38, 94, 2]",[],10,10,[],re_result_6-29_APRA/cifar10_700_Jul.02_16.35.49_avg_True_no-noise_reba/agg_records/pkl/round_0024_avg.pkl
25,avg,success,"[15, 53, 99, 32, 14, 47, 31, 23, 8, 27]","[15, 53, 99, 32, 14, 47, 31, 23, 8, 27]",[],10,10,[],re_result_6-29_APRA/cifar10_700_Jul.02_16.35.49_avg_True_no-noise_reba/agg_records/pkl/round_0025_avg.pkl
26,avg,success,"[13, 48, 45, 61, 33, 12, 20, 73, 72, 32]","[13, 48, 45, 61, 33, 12, 20, 73, 72, 32]",[],10,10,[],re_result_6-29_APRA/cifar10_700_Jul.02_16.35.49_avg_True_no-noise_reba/agg_records/pkl/round_0026_avg.pkl
27,avg,success,"[88, 68, 82, 43, 20, 66, 70, 14, 63, 24]","[88, 68, 82, 43, 20, 66, 70, 14, 63, 24]",[],10,10,[],re_result_6-29_APRA/cifar10_700_Jul.02_16.35.49_avg_True_no-noise_reba/agg_records/pkl/round_0027_avg.pkl
28,avg,success,"[67, 95, 6, 12, 68, 30, 81, 83, 26, 47]","[67, 95, 6, 12, 68, 30, 81, 83, 26, 47]",[],10,10,[],re_result_6-29_APRA/cifar10_700_Jul.02_16.35.49_avg_True_no-noise_reba/agg_records/pkl/round_0028_avg.pkl
29,avg,success,"[34, 65, 29, 45, 76, 71, 13, 92, 73, 39]","[34, 65, 29, 45, 76, 71, 13, 92, 73, 39]",[],10,10,[],re_result_6-29_APRA/cifar10_700_Jul.02_16.35.49_avg_True_no-noise_reba/agg_records/pkl/round_0029_avg.pkl
30,avg,success,"[18, 30, 11, 83, 40, 52, 85, 8, 25, 46]","[18, 30, 11, 83, 40, 52, 85, 8, 25, 46]",[],10,10,[],re_result_6-29_APRA/cifar10_700_Jul.02_16.35.49_avg_True_no-noise_reba/agg_records/pkl/round_0030_avg.pkl
31,avg,success,"[81, 84, 50, 7, 42, 85, 58, 66, 35, 27]","[81, 84, 50, 7, 42, 85, 58, 66, 35, 27]",[],10,10,[],re_result_6-29_APRA/cifar10_700_Jul.02_16.35.49_avg_True_no-noise_reba/agg_records/pkl/round_0031_avg.pkl
32,avg,success,"[6, 74, 83, 40, 18, 69, 87, 91, 57, 99]","[6, 74, 83, 40, 18, 69, 87, 91, 57, 99]",[],10,10,[],re_result_6-29_APRA/cifar10_700_Jul.02_16.35.49_avg_True_no-noise_reba/agg_records/pkl/round_0032_avg.pkl
33,avg,success,"[46, 98, 35, 5, 79, 1, 34, 83, 88, 10]","[46, 98, 35, 5, 79, 1, 34, 83, 88, 10]",[],10,10,[],re_result_6-29_APRA/cifar10_700_Jul.02_16.35.49_avg_True_no-noise_reba/agg_records/pkl/round_0033_avg.pkl
34,avg,success,"[44, 46, 43, 33, 35, 50, 58, 66, 89, 17]","[44, 46, 43, 33, 35, 50, 58, 66, 89, 17]",[],10,10,[],re_result_6-29_APRA/cifar10_700_Jul.02_16.35.49_avg_True_no-noise_reba/agg_records/pkl/round_0034_avg.pkl
35,avg,success,"[41, 47, 2, 81, 8, 57, 91, 56, 15, 60]","[41, 47, 2, 81, 8, 57, 91, 56, 15, 60]",[],10,10,[],re_result_6-29_APRA/cifar10_700_Jul.02_16.35.49_avg_True_no-noise_reba/agg_records/pkl/round_0035_avg.pkl
36,avg,success,"[45, 22, 93, 54, 60, 73, 1, 64, 18, 44]","[45, 22, 93, 54, 60, 73, 1, 64, 18, 44]",[],10,10,[],re_result_6-29_APRA/cifar10_700_Jul.02_16.35.49_avg_True_no-noise_reba/agg_records/pkl/round_0036_avg.pkl
37,avg,success,"[89, 67, 75, 63, 5, 18, 60, 15, 53, 41]","[89, 67, 75, 63, 5, 18, 60, 15, 53, 41]",[],10,10,[],re_result_6-29_APRA/cifar10_700_Jul.02_16.35.49_avg_True_no-noise_reba/agg_records/pkl/round_0037_avg.pkl
38,avg,success,"[73, 4, 31, 14, 17, 84, 65, 27, 75, 8]","[73, 4, 31, 14, 17, 84, 65, 27, 75, 8]",[],10,10,[],re_result_6-29_APRA/cifar10_700_Jul.02_16.35.49_avg_True_no-noise_reba/agg_records/pkl/round_0038_avg.pkl
39,avg,success,"[59, 53, 67, 94, 72, 38, 2, 13, 81, 24]","[59, 53, 67, 94, 72, 38, 2, 13, 81, 24]",[],10,10,[],re_result_6-29_APRA/cifar10_700_Jul.02_16.35.49_avg_True_no-noise_reba/agg_records/pkl/round_0039_avg.pkl
40,avg,success,"[92, 3, 0, 58, 11, 79, 27, 19, 14, 7]","[92, 3, 0, 58, 11, 79, 27, 19, 14, 7]",[],10,10,[],re_result_6-29_APRA/cifar10_700_Jul.02_16.35.49_avg_True_no-noise_reba/agg_records/pkl/round_0040_avg.pkl
41,avg,success,"[50, 84, 46, 2, 4, 67, 69, 16, 88, 91]","[50, 84, 46, 2, 4, 67, 69, 16, 88, 91]",[],10,10,[],re_result_6-29_APRA/cifar10_700_Jul.02_16.35.49_avg_True_no-noise_reba/agg_records/pkl/round_0041_avg.pkl
42,avg,success,"[4, 82, 74, 27, 61, 8, 49, 29, 26, 69]","[4, 82, 74, 27, 61, 8, 49, 29, 26, 69]",[],10,10,[],re_result_6-29_APRA/cifar10_700_Jul.02_16.35.49_avg_True_no-noise_reba/agg_records/pkl/round_0042_avg.pkl
43,avg,success,"[52, 61, 44, 83, 54, 92, 36, 84, 59, 16]","[52, 61, 44, 83, 54, 92, 36, 84, 59, 16]",[],10,10,[],re_result_6-29_APRA/cifar10_700_Jul.02_16.35.49_avg_True_no-noise_reba/agg_records/pkl/round_0043_avg.pkl
44,avg,success,"[34, 96, 59, 31, 9, 32, 63, 29, 95, 54]","[34, 96, 59, 31, 9, 32, 63, 29, 95, 54]",[],10,10,[],re_result_6-29_APRA/cifar10_700_Jul.02_16.35.49_avg_True_no-noise_reba/agg_records/pkl/round_0044_avg.pkl
45,avg,success,"[3, 92, 15, 71, 65, 97, 5, 40, 94, 37]","[3, 92, 15, 71, 65, 97, 5, 40, 94, 37]",[],10,10,[],re_result_6-29_APRA/cifar10_700_Jul.02_16.35.49_avg_True_no-noise_reba/agg_records/pkl/round_0045_avg.pkl
46,avg,success,"[42, 51, 46, 35, 60, 93, 83, 56, 27, 10]","[42, 51, 46, 35, 60, 93, 83, 56, 27, 10]",[],10,10,[],re_result_6-29_APRA/cifar10_700_Jul.02_16.35.49_avg_True_no-noise_reba/agg_records/pkl/round_0046_avg.pkl
47,avg,success,"[78, 89, 62, 77, 87, 44, 64, 71, 80, 18]","[78, 89, 62, 77, 87, 44, 64, 71, 80, 18]",[],10,10,[],re_result_6-29_APRA/cifar10_700_Jul.02_16.35.49_avg_True_no-noise_reba/agg_records/pkl/round_0047_avg.pkl
48,avg,success,"[59, 33, 82, 38, 55, 72, 80, 58, 0, 63]","[59, 33, 82, 38, 55, 72, 80, 58, 0, 63]",[],10,10,[],re_result_6-29_APRA/cifar10_700_Jul.02_16.35.49_avg_True_no-noise_reba/agg_records/pkl/round_0048_avg.pkl
49,avg,success,"[92, 54, 16, 38, 45, 58, 81, 82, 3, 19]","[92, 54, 16, 38, 45, 58, 81, 82, 3, 19]",[],10,10,[],re_result_6-29_APRA/cifar10_700_Jul.02_16.35.49_avg_True_no-noise_reba/agg_records/pkl/round_0049_avg.pkl
50,avg,success,"[70, 96, 62, 39, 90, 0, 12, 84, 54, 14]","[70, 96, 62, 39, 90, 0, 12, 84, 54, 14]",[],10,10,[],re_result_6-29_APRA/cifar10_700_Jul.02_16.35.49_avg_True_no-noise_reba/agg_records/pkl/round_0050_avg.pkl
51,avg,success,"[0, 84, 66, 36, 73, 32, 90, 43, 34, 80]","[0, 84, 66, 36, 73, 32, 90, 43, 34, 80]",[],10,10,[],re_result_6-29_APRA/cifar10_700_Jul.02_16.35.49_avg_True_no-noise_reba/agg_records/pkl/round_0051_avg.pkl
52,avg,success,"[10, 65, 69, 89, 94, 93, 47, 26, 33, 71]","[10, 65, 69, 89, 94, 93, 47, 26, 33, 71]",[],10,10,[],re_result_6-29_APRA/cifar10_700_Jul.02_16.35.49_avg_True_no-noise_reba/agg_records/pkl/round_0052_avg.pkl
53,avg,success,"[75, 74, 83, 12, 58, 87, 57, 44, 90, 82]","[75, 74, 83, 12, 58, 87, 57, 44, 90, 82]",[],10,10,[],re_result_6-29_APRA/cifar10_700_Jul.02_16.35.49_avg_True_no-noise_reba/agg_records/pkl/round_0053_avg.pkl
54,avg,success,"[95, 46, 64, 36, 1, 29, 96, 91, 94, 79]","[95, 46, 64, 36, 1, 29, 96, 91, 94, 79]",[],10,10,[],re_result_6-29_APRA/cifar10_700_Jul.02_16.35.49_avg_True_no-noise_reba/agg_records/pkl/round_0054_avg.pkl
55,avg,success,"[32, 41, 68, 49, 36, 15, 99, 27, 79, 25]","[32, 41, 68, 49, 36, 15, 99, 27, 79, 25]",[],10,10,[],re_result_6-29_APRA/cifar10_700_Jul.02_16.35.49_avg_True_no-noise_reba/agg_records/pkl/round_0055_avg.pkl
56,avg,success,"[30, 48, 27, 84, 85, 89, 32, 31, 39, 57]","[30, 48, 27, 84, 85, 89, 32, 31, 39, 57]",[],10,10,[],re_result_6-29_APRA/cifar10_700_Jul.02_16.35.49_avg_True_no-noise_reba/agg_records/pkl/round_0056_avg.pkl
57,avg,success,"[16, 62, 90, 65, 84, 46, 43, 38, 61, 83]","[16, 62, 90, 65, 84, 46, 43, 38, 61, 83]",[],10,10,[],re_result_6-29_APRA/cifar10_700_Jul.02_16.35.49_avg_True_no-noise_reba/agg_records/pkl/round_0057_avg.pkl
58,avg,success,"[29, 10, 94, 73, 20, 55, 12, 18, 11, 8]","[29, 10, 94, 73, 20, 55, 12, 18, 11, 8]",[],10,10,[],re_result_6-29_APRA/cifar10_700_Jul.02_16.35.49_avg_True_no-noise_reba/agg_records/pkl/round_0058_avg.pkl
59,avg,success,"[37, 79, 52, 7, 31, 19, 84, 30, 4, 28]","[37, 79, 52, 7, 31, 19, 84, 30, 4, 28]",[],10,10,[],re_result_6-29_APRA/cifar10_700_Jul.02_16.35.49_avg_True_no-noise_reba/agg_records/pkl/round_0059_avg.pkl
60,avg,success,"[72, 11, 84, 0, 21, 63, 78, 18, 31, 14]","[72, 11, 84, 0, 21, 63, 78, 18, 31, 14]",[],10,10,[],re_result_6-29_APRA/cifar10_700_Jul.02_16.35.49_avg_True_no-noise_reba/agg_records/pkl/round_0060_avg.pkl
61,avg,success,"[76, 32, 40, 72, 70, 56, 64, 98, 28, 33]","[76, 32, 40, 72, 70, 56, 64, 98, 28, 33]",[],10,10,[],re_result_6-29_APRA/cifar10_700_Jul.02_16.35.49_avg_True_no-noise_reba/agg_records/pkl/round_0061_avg.pkl
62,avg,success,"[68, 99, 88, 66, 50, 90, 34, 28, 82, 25]","[68, 99, 88, 66, 50, 90, 34, 28, 82, 25]",[],10,10,[],re_result_6-29_APRA/cifar10_700_Jul.02_16.35.49_avg_True_no-noise_reba/agg_records/pkl/round_0062_avg.pkl
63,avg,success,"[60, 68, 8, 39, 21, 29, 28, 92, 50, 6]","[60, 68, 8, 39, 21, 29, 28, 92, 50, 6]",[],10,10,[],re_result_6-29_APRA/cifar10_700_Jul.02_16.35.49_avg_True_no-noise_reba/agg_records/pkl/round_0063_avg.pkl
64,avg,success,"[69, 84, 18, 24, 38, 45, 47, 93, 46, 57]","[69, 84, 18, 24, 38, 45, 47, 93, 46, 57]",[],10,10,[],re_result_6-29_APRA/cifar10_700_Jul.02_16.35.49_avg_True_no-noise_reba/agg_records/pkl/round_0064_avg.pkl
65,avg,success,"[89, 0, 8, 78, 24, 40, 84, 17, 18, 15]","[89, 0, 8, 78, 24, 40, 84, 17, 18, 15]",[],10,10,[],re_result_6-29_APRA/cifar10_700_Jul.02_16.35.49_avg_True_no-noise_reba/agg_records/pkl/round_0065_avg.pkl
66,avg,success,"[90, 50, 31, 42, 75, 80, 64, 88, 93, 76]","[90, 50, 31, 42, 75, 80, 64, 88, 93, 76]",[],10,10,[],re_result_6-29_APRA/cifar10_700_Jul.02_16.35.49_avg_True_no-noise_reba/agg_records/pkl/round_0066_avg.pkl
67,avg,success,"[96, 76, 36, 84, 45, 29, 44, 6, 30, 28]","[96, 76, 36, 84, 45, 29, 44, 6, 30, 28]",[],10,10,[],re_result_6-29_APRA/cifar10_700_Jul.02_16.35.49_avg_True_no-noise_reba/agg_records/pkl/round_0067_avg.pkl
68,avg,success,"[60, 77, 25, 14, 27, 52, 12, 45, 79, 99]","[60, 77, 25, 14, 27, 52, 12, 45, 79, 99]",[],10,10,[],re_result_6-29_APRA/cifar10_700_Jul.02_16.35.49_avg_True_no-noise_reba/agg_records/pkl/round_0068_avg.pkl
69,avg,success,"[44, 63, 16, 30, 28, 57, 21, 37, 33, 59]","[44, 63, 16, 30, 28, 57, 21, 37, 33, 59]",[],10,10,[],re_result_6-29_APRA/cifar10_700_Jul.02_16.35.49_avg_True_no-noise_reba/agg_records/pkl/round_0069_avg.pkl
70,avg,success,"[70, 47, 72, 59, 96, 53, 8, 58, 5, 92]","[70, 47, 72, 59, 96, 53, 8, 58, 5, 92]",[],10,10,[],re_result_6-29_APRA/cifar10_700_Jul.02_16.35.49_avg_True_no-noise_reba/agg_records/pkl/round_0070_avg.pkl
71,avg,success,"[9, 6, 79, 88, 23, 34, 64, 21, 55, 90]","[9, 6, 79, 88, 23, 34, 64, 21, 55, 90]",[],10,10,[],re_result_6-29_APRA/cifar10_700_Jul.02_16.35.49_avg_True_no-noise_reba/agg_records/pkl/round_0071_avg.pkl
72,avg,success,"[80, 54, 70, 24, 20, 23, 44, 0, 42, 95]","[80, 54, 70, 24, 20, 23, 44, 0, 42, 95]",[],10,10,[],re_result_6-29_APRA/cifar10_700_Jul.02_16.35.49_avg_True_no-noise_reba/agg_records/pkl/round_0072_avg.pkl
73,avg,success,"[35, 37, 24, 92, 60, 1, 73, 59, 16, 98]","[35, 37, 24, 92, 60, 1, 73, 59, 16, 98]",[],10,10,[],re_result_6-29_APRA/cifar10_700_Jul.02_16.35.49_avg_True_no-noise_reba/agg_records/pkl/round_0073_avg.pkl
74,avg,success,"[2, 73, 39, 74, 87, 79, 50, 66, 97, 80]","[2, 73, 39, 74, 87, 79, 50, 66, 97, 80]",[],10,10,[],re_result_6-29_APRA/cifar10_700_Jul.02_16.35.49_avg_True_no-noise_reba/agg_records/pkl/round_0074_avg.pkl
75,avg,success,"[3, 76, 97, 33, 20, 43, 29, 74, 80, 48]","[3, 76, 97, 33, 20, 43, 29, 74, 80, 48]",[],10,10,[],re_result_6-29_APRA/cifar10_700_Jul.02_16.35.49_avg_True_no-noise_reba/agg_records/pkl/round_0075_avg.pkl
76,avg,success,"[77, 38, 83, 95, 24, 35, 12, 54, 86, 55]","[77, 38, 83, 95, 24, 35, 12, 54, 86, 55]",[],10,10,[],re_result_6-29_APRA/cifar10_700_Jul.02_16.35.49_avg_True_no-noise_reba/agg_records/pkl/round_0076_avg.pkl
77,avg,success,"[86, 97, 36, 83, 7, 56, 31, 78, 29, 17]","[86, 97, 36, 83, 7, 56, 31, 78, 29, 17]",[],10,10,[],re_result_6-29_APRA/cifar10_700_Jul.02_16.35.49_avg_True_no-noise_reba/agg_records/pkl/round_0077_avg.pkl
78,avg,success,"[35, 69, 26, 87, 22, 85, 70, 58, 30, 73]","[35, 69, 26, 87, 22, 85, 70, 58, 30, 73]",[],10,10,[],re_result_6-29_APRA/cifar10_700_Jul.02_16.35.49_avg_True_no-noise_reba/agg_records/pkl/round_0078_avg.pkl
79,avg,success,"[82, 96, 21, 62, 30, 83, 33, 88, 6, 40]","[82, 96, 21, 62, 30, 83, 33, 88, 6, 40]",[],10,10,[],re_result_6-29_APRA/cifar10_700_Jul.02_16.35.49_avg_True_no-noise_reba/agg_records/pkl/round_0079_avg.pkl
80,avg,success,"[61, 2, 80, 26, 0, 92, 73, 27, 81, 55]","[61, 2, 80, 26, 0, 92, 73, 27, 81, 55]",[],10,10,[],re_result_6-29_APRA/cifar10_700_Jul.02_16.35.49_avg_True_no-noise_reba/agg_records/pkl/round_0080_avg.pkl
81,avg,success,"[30, 52, 7, 43, 1, 45, 75, 33, 37, 18]","[30, 52, 7, 43, 1, 45, 75, 33, 37, 18]",[],10,10,[],re_result_6-29_APRA/cifar10_700_Jul.02_16.35.49_avg_True_no-noise_reba/agg_records/pkl/round_0081_avg.pkl
82,avg,success,"[65, 8, 82, 26, 6, 72, 15, 0, 78, 44]","[65, 8, 82, 26, 6, 72, 15, 0, 78, 44]",[],10,10,[],re_result_6-29_APRA/cifar10_700_Jul.02_16.35.49_avg_True_no-noise_reba/agg_records/pkl/round_0082_avg.pkl
83,avg,success,"[18, 74, 58, 24, 78, 8, 26, 60, 51, 2]","[18, 74, 58, 24, 78, 8, 26, 60, 51, 2]",[],10,10,[],re_result_6-29_APRA/cifar10_700_Jul.02_16.35.49_avg_True_no-noise_reba/agg_records/pkl/round_0083_avg.pkl
84,avg,success,"[63, 67, 50, 2, 24, 22, 84, 8, 18, 92]","[63, 67, 50, 2, 24, 22, 84, 8, 18, 92]",[],10,10,[],re_result_6-29_APRA/cifar10_700_Jul.02_16.35.49_avg_True_no-noise_reba/agg_records/pkl/round_0084_avg.pkl
85,avg,success,"[79, 96, 32, 47, 6, 82, 12, 34, 2, 69]","[79, 96, 32, 47, 6, 82, 12, 34, 2, 69]",[],10,10,[],re_result_6-29_APRA/cifar10_700_Jul.02_16.35.49_avg_True_no-noise_reba/agg_records/pkl/round_0085_avg.pkl
86,avg,success,"[44, 47, 20, 45, 73, 55, 30, 39, 92, 93]","[44, 47, 20, 45, 73, 55, 30, 39, 92, 93]",[],10,10,[],re_result_6-29_APRA/cifar10_700_Jul.02_16.35.49_avg_True_no-noise_reba/agg_records/pkl/round_0086_avg.pkl
87,avg,success,"[97, 34, 32, 12, 10, 76, 17, 39, 16, 24]","[97, 34, 32, 12, 10, 76, 17, 39, 16, 24]",[],10,10,[],re_result_6-29_APRA/cifar10_700_Jul.02_16.35.49_avg_True_no-noise_reba/agg_records/pkl/round_0087_avg.pkl
88,avg,success,"[61, 6, 75, 34, 88, 33, 17, 77, 36, 15]","[61, 6, 75, 34, 88, 33, 17, 77, 36, 15]",[],10,10,[],re_result_6-29_APRA/cifar10_700_Jul.02_16.35.49_avg_True_no-noise_reba/agg_records/pkl/round_0088_avg.pkl
89,avg,success,"[32, 6, 26, 84, 76, 38, 73, 74, 13, 5]","[32, 6, 26, 84, 76, 38, 73, 74, 13, 5]",[],10,10,[],re_result_6-29_APRA/cifar10_700_Jul.02_16.35.49_avg_True_no-noise_reba/agg_records/pkl/round_0089_avg.pkl
90,avg,success,"[49, 81, 52, 84, 70, 89, 87, 61, 72, 9]","[49, 81, 52, 84, 70, 89, 87, 61, 72, 9]",[],10,10,[],re_result_6-29_APRA/cifar10_700_Jul.02_16.35.49_avg_True_no-noise_reba/agg_records/pkl/round_0090_avg.pkl
91,avg,success,"[68, 73, 50, 53, 23, 77, 99, 65, 88, 55]","[68, 73, 50, 53, 23, 77, 99, 65, 88, 55]",[],10,10,[],re_result_6-29_APRA/cifar10_700_Jul.02_16.35.49_avg_True_no-noise_reba/agg_records/pkl/round_0091_avg.pkl
92,avg,success,"[0, 29, 81, 84, 44, 37, 67, 8, 34, 22]","[0, 29, 81, 84, 44, 37, 67, 8, 34, 22]",[],10,10,[],re_result_6-29_APRA/cifar10_700_Jul.02_16.35.49_avg_True_no-noise_reba/agg_records/pkl/round_0092_avg.pkl
93,avg,success,"[58, 85, 12, 29, 70, 48, 50, 62, 20, 31]","[58, 85, 12, 29, 70, 48, 50, 62, 20, 31]",[],10,10,[],re_result_6-29_APRA/cifar10_700_Jul.02_16.35.49_avg_True_no-noise_reba/agg_records/pkl/round_0093_avg.pkl
94,avg,success,"[31, 62, 65, 38, 51, 96, 28, 9, 36, 89]","[31, 62, 65, 38, 51, 96, 28, 9, 36, 89]",[],10,10,[],re_result_6-29_APRA/cifar10_700_Jul.02_16.35.49_avg_True_no-noise_reba/agg_records/pkl/round_0094_avg.pkl
95,avg,success,"[76, 70, 30, 57, 79, 96, 93, 5, 72, 78]","[76, 70, 30, 57, 79, 96, 93, 5, 72, 78]",[],10,10,[],re_result_6-29_APRA/cifar10_700_Jul.02_16.35.49_avg_True_no-noise_reba/agg_records/pkl/round_0095_avg.pkl
96,avg,success,"[98, 93, 74, 60, 73, 4, 44, 90, 30, 84]","[98, 93, 74, 60, 73, 4, 44, 90, 30, 84]",[],10,10,[],re_result_6-29_APRA/cifar10_700_Jul.02_16.35.49_avg_True_no-noise_reba/agg_records/pkl/round_0096_avg.pkl
97,avg,success,"[66, 33, 52, 68, 8, 32, 3, 18, 85, 78]","[66, 33, 52, 68, 8, 32, 3, 18, 85, 78]",[],10,10,[],re_result_6-29_APRA/cifar10_700_Jul.02_16.35.49_avg_True_no-noise_reba/agg_records/pkl/round_0097_avg.pkl
98,avg,success,"[48, 28, 6, 43, 75, 73, 30, 97, 47, 54]","[48, 28, 6, 43, 75, 73, 30, 97, 47, 54]",[],10,10,[],re_result_6-29_APRA/cifar10_700_Jul.02_16.35.49_avg_True_no-noise_reba/agg_records/pkl/round_0098_avg.pkl
99,avg,success,"[31, 29, 97, 33, 17, 46, 98, 70, 76, 87]","[31, 29, 97, 33, 17, 46, 98, 70, 76, 87]",[],10,10,[],re_result_6-29_APRA/cifar10_700_Jul.02_16.35.49_avg_True_no-noise_reba/agg_records/pkl/round_0099_avg.pkl
100,avg,success,"[85, 99, 52, 27, 0, 33, 87, 70, 51, 40]","[85, 99, 52, 27, 0, 33, 87, 70, 51, 40]",[],10,10,[],re_result_6-29_APRA/cifar10_700_Jul.02_16.35.49_avg_True_no-noise_reba/agg_records/pkl/round_0100_avg.pkl
101,avg,success,"[11, 39, 72, 94, 60, 16, 58, 86, 0, 70]","[11, 39, 72, 94, 60, 16, 58, 86, 0, 70]",[],10,10,[],re_result_6-29_APRA/cifar10_700_Jul.02_16.35.49_avg_True_no-noise_reba/agg_records/pkl/round_0101_avg.pkl
102,avg,success,"[66, 46, 0, 18, 88, 74, 89, 70, 32, 93]","[66, 46, 0, 18, 88, 74, 89, 70, 32, 93]",[],10,10,[],re_result_6-29_APRA/cifar10_700_Jul.02_16.35.49_avg_True_no-noise_reba/agg_records/pkl/round_0102_avg.pkl
103,avg,success,"[49, 52, 28, 46, 39, 8, 35, 89, 38, 20]","[49, 52, 28, 46, 39, 8, 35, 89, 38, 20]",[],10,10,[],re_result_6-29_APRA/cifar10_700_Jul.02_16.35.49_avg_True_no-noise_reba/agg_records/pkl/round_0103_avg.pkl
104,avg,success,"[89, 93, 80, 22, 98, 15, 83, 35, 44, 34]","[89, 93, 80, 22, 98, 15, 83, 35, 44, 34]",[],10,10,[],re_result_6-29_APRA/cifar10_700_Jul.02_16.35.49_avg_True_no-noise_reba/agg_records/pkl/round_0104_avg.pkl
105,avg,success,"[0, 50, 14, 36, 5, 57, 33, 66, 16, 96]","[0, 50, 14, 36, 5, 57, 33, 66, 16, 96]",[],10,10,[],re_result_6-29_APRA/cifar10_700_Jul.02_16.35.49_avg_True_no-noise_reba/agg_records/pkl/round_0105_avg.pkl
106,avg,success,"[82, 15, 94, 84, 43, 59, 52, 18, 0, 60]","[82, 15, 94, 84, 43, 59, 52, 18, 0, 60]",[],10,10,[],re_result_6-29_APRA/cifar10_700_Jul.02_16.35.49_avg_True_no-noise_reba/agg_records/pkl/round_0106_avg.pkl
107,avg,success,"[18, 86, 59, 96, 28, 37, 27, 39, 43, 62]","[18, 86, 59, 96, 28, 37, 27, 39, 43, 62]",[],10,10,[],re_result_6-29_APRA/cifar10_700_Jul.02_16.35.49_avg_True_no-noise_reba/agg_records/pkl/round_0107_avg.pkl
108,avg,success,"[11, 58, 0, 45, 70, 39, 60, 83, 76, 77]","[11, 58, 0, 45, 70, 39, 60, 83, 76, 77]",[],10,10,[],re_result_6-29_APRA/cifar10_700_Jul.02_16.35.49_avg_True_no-noise_reba/agg_records/pkl/round_0108_avg.pkl
109,avg,success,"[10, 21, 45, 16, 2, 31, 54, 61, 66, 77]","[10, 21, 45, 16, 2, 31, 54, 61, 66, 77]",[],10,10,[],re_result_6-29_APRA/cifar10_700_Jul.02_16.35.49_avg_True_no-noise_reba/agg_records/pkl/round_0109_avg.pkl
110,avg,success,"[64, 46, 51, 15, 35, 34, 39, 87, 59, 50]","[64, 46, 51, 15, 35, 34, 39, 87, 59, 50]",[],10,10,[],re_result_6-29_APRA/cifar10_700_Jul.02_16.35.49_avg_True_no-noise_reba/agg_records/pkl/round_0110_avg.pkl
111,avg,success,"[65, 43, 39, 55, 37, 42, 38, 94, 32, 11]","[65, 43, 39, 55, 37, 42, 38, 94, 32, 11]",[],10,10,[],re_result_6-29_APRA/cifar10_700_Jul.02_16.35.49_avg_True_no-noise_reba/agg_records/pkl/round_0111_avg.pkl
112,avg,success,"[26, 60, 32, 80, 41, 59, 18, 44, 57, 77]","[26, 60, 32, 80, 41, 59, 18, 44, 57, 77]",[],10,10,[],re_result_6-29_APRA/cifar10_700_Jul.02_16.35.49_avg_True_no-noise_reba/agg_records/pkl/round_0112_avg.pkl
113,avg,success,"[25, 78, 40, 6, 16, 28, 32, 15, 17, 33]","[25, 78, 40, 6, 16, 28, 32, 15, 17, 33]",[],10,10,[],re_result_6-29_APRA/cifar10_700_Jul.02_16.35.49_avg_True_no-noise_reba/agg_records/pkl/round_0113_avg.pkl
114,avg,success,"[22, 91, 59, 42, 92, 54, 11, 41, 82, 81]","[22, 91, 59, 42, 92, 54, 11, 41, 82, 81]",[],10,10,[],re_result_6-29_APRA/cifar10_700_Jul.02_16.35.49_avg_True_no-noise_reba/agg_records/pkl/round_0114_avg.pkl
115,avg,success,"[47, 92, 45, 14, 16, 55, 43, 84, 9, 38]","[47, 92, 45, 14, 16, 55, 43, 84, 9, 38]",[],10,10,[],re_result_6-29_APRA/cifar10_700_Jul.02_16.35.49_avg_True_no-noise_reba/agg_records/pkl/round_0115_avg.pkl
116,avg,success,"[1, 43, 57, 38, 78, 70, 96, 89, 24, 6]","[1, 43, 57, 38, 78, 70, 96, 89, 24, 6]",[],10,10,[],re_result_6-29_APRA/cifar10_700_Jul.02_16.35.49_avg_True_no-noise_reba/agg_records/pkl/round_0116_avg.pkl
117,avg,success,"[53, 39, 92, 40, 33, 24, 83, 86, 3, 74]","[53, 39, 92, 40, 33, 24, 83, 86, 3, 74]",[],10,10,[],re_result_6-29_APRA/cifar10_700_Jul.02_16.35.49_avg_True_no-noise_reba/agg_records/pkl/round_0117_avg.pkl
118,avg,success,"[43, 34, 65, 12, 39, 23, 75, 97, 53, 66]","[43, 34, 65, 12, 39, 23, 75, 97, 53, 66]",[],10,10,[],re_result_6-29_APRA/cifar10_700_Jul.02_16.35.49_avg_True_no-noise_reba/agg_records/pkl/round_0118_avg.pkl
119,avg,success,"[40, 61, 73, 21, 13, 70, 38, 30, 79, 41]","[40, 61, 73, 21, 13, 70, 38, 30, 79, 41]",[],10,10,[],re_result_6-29_APRA/cifar10_700_Jul.02_16.35.49_avg_True_no-noise_reba/agg_records/pkl/round_0119_avg.pkl
120,avg,success,"[90, 54, 28, 59, 94, 68, 37, 42, 25, 97]","[90, 54, 28, 59, 94, 68, 37, 42, 25, 97]",[],10,10,[],re_result_6-29_APRA/cifar10_700_Jul.02_16.35.49_avg_True_no-noise_reba/agg_records/pkl/round_0120_avg.pkl
121,avg,success,"[13, 75, 22, 43, 20, 95, 70, 85, 58, 1]","[13, 75, 22, 43, 20, 95, 70, 85, 58, 1]",[],10,10,[],re_result_6-29_APRA/cifar10_700_Jul.02_16.35.49_avg_True_no-noise_reba/agg_records/pkl/round_0121_avg.pkl
122,avg,success,"[88, 3, 60, 16, 2, 73, 90, 32, 50, 39]","[88, 3, 60, 16, 2, 73, 90, 32, 50, 39]",[],10,10,[],re_result_6-29_APRA/cifar10_700_Jul.02_16.35.49_avg_True_no-noise_reba/agg_records/pkl/round_0122_avg.pkl
123,avg,success,"[82, 14, 24, 43, 1, 97, 51, 35, 71, 44]","[82, 14, 24, 43, 1, 97, 51, 35, 71, 44]",[],10,10,[],re_result_6-29_APRA/cifar10_700_Jul.02_16.35.49_avg_True_no-noise_reba/agg_records/pkl/round_0123_avg.pkl
124,avg,success,"[43, 15, 33, 89, 11, 39, 52, 22, 1, 82]","[43, 15, 33, 89, 11, 39, 52, 22, 1, 82]",[],10,10,[],re_result_6-29_APRA/cifar10_700_Jul.02_16.35.49_avg_True_no-noise_reba/agg_records/pkl/round_0124_avg.pkl
125,avg,success,"[81, 19, 98, 78, 73, 91, 23, 68, 86, 0]","[81, 19, 98, 78, 73, 91, 23, 68, 86, 0]",[],10,10,[],re_result_6-29_APRA/cifar10_700_Jul.02_16.35.49_avg_True_no-noise_reba/agg_records/pkl/round_0125_avg.pkl
126,avg,success,"[3, 10, 32, 65, 29, 80, 49, 62, 82, 71]","[3, 10, 32, 65, 29, 80, 49, 62, 82, 71]",[],10,10,[],re_result_6-29_APRA/cifar10_700_Jul.02_16.35.49_avg_True_no-noise_reba/agg_records/pkl/round_0126_avg.pkl
127,avg,success,"[55, 37, 74, 82, 53, 60, 42, 23, 81, 87]","[55, 37, 74, 82, 53, 60, 42, 23, 81, 87]",[],10,10,[],re_result_6-29_APRA/cifar10_700_Jul.02_16.35.49_avg_True_no-noise_reba/agg_records/pkl/round_0127_avg.pkl
128,avg,success,"[83, 55, 71, 29, 19, 67, 93, 30, 12, 24]","[83, 55, 71, 29, 19, 67, 93, 30, 12, 24]",[],10,10,[],re_result_6-29_APRA/cifar10_700_Jul.02_16.35.49_avg_True_no-noise_reba/agg_records/pkl/round_0128_avg.pkl
129,avg,success,"[57, 53, 81, 29, 85, 59, 3, 94, 66, 79]","[57, 53, 81, 29, 85, 59, 3, 94, 66, 79]",[],10,10,[],re_result_6-29_APRA/cifar10_700_Jul.02_16.35.49_avg_True_no-noise_reba/agg_records/pkl/round_0129_avg.pkl
130,avg,success,"[53, 32, 72, 35, 51, 98, 83, 13, 90, 79]","[53, 32, 72, 35, 51, 98, 83, 13, 90, 79]",[],10,10,[],re_result_6-29_APRA/cifar10_700_Jul.02_16.35.49_avg_True_no-noise_reba/agg_records/pkl/round_0130_avg.pkl
131,avg,success,"[95, 24, 77, 27, 88, 65, 46, 6, 86, 43]","[95, 24, 77, 27, 88, 65, 46, 6, 86, 43]",[],10,10,[],re_result_6-29_APRA/cifar10_700_Jul.02_16.35.49_avg_True_no-noise_reba/agg_records/pkl/round_0131_avg.pkl
132,avg,success,"[70, 30, 42, 19, 89, 18, 94, 3, 72, 21]","[70, 30, 42, 19, 89, 18, 94, 3, 72, 21]",[],10,10,[],re_result_6-29_APRA/cifar10_700_Jul.02_16.35.49_avg_True_no-noise_reba/agg_records/pkl/round_0132_avg.pkl
133,avg,success,"[5, 23, 24, 3, 78, 81, 85, 42, 29, 14]","[5, 23, 24, 3, 78, 81, 85, 42, 29, 14]",[],10,10,[],re_result_6-29_APRA/cifar10_700_Jul.02_16.35.49_avg_True_no-noise_reba/agg_records/pkl/round_0133_avg.pkl
134,avg,success,"[62, 46, 94, 20, 5, 88, 54, 75, 49, 45]","[62, 46, 94, 20, 5, 88, 54, 75, 49, 45]",[],10,10,[],re_result_6-29_APRA/cifar10_700_Jul.02_16.35.49_avg_True_no-noise_reba/agg_records/pkl/round_0134_avg.pkl
135,avg,success,"[25, 73, 37, 16, 90, 39, 77, 12, 22, 29]","[25, 73, 37, 16, 90, 39, 77, 12, 22, 29]",[],10,10,[],re_result_6-29_APRA/cifar10_700_Jul.02_16.35.49_avg_True_no-noise_reba/agg_records/pkl/round_0135_avg.pkl
136,avg,success,"[95, 85, 9, 92, 60, 61, 21, 10, 24, 70]","[95, 85, 9, 92, 60, 61, 21, 10, 24, 70]",[],10,10,[],re_result_6-29_APRA/cifar10_700_Jul.02_16.35.49_avg_True_no-noise_reba/agg_records/pkl/round_0136_avg.pkl
137,avg,success,"[3, 84, 85, 21, 81, 45, 59, 38, 18, 25]","[3, 84, 85, 21, 81, 45, 59, 38, 18, 25]",[],10,10,[],re_result_6-29_APRA/cifar10_700_Jul.02_16.35.49_avg_True_no-noise_reba/agg_records/pkl/round_0137_avg.pkl
138,avg,success,"[36, 8, 91, 7, 82, 58, 69, 22, 42, 86]","[36, 8, 91, 7, 82, 58, 69, 22, 42, 86]",[],10,10,[],re_result_6-29_APRA/cifar10_700_Jul.02_16.35.49_avg_True_no-noise_reba/agg_records/pkl/round_0138_avg.pkl
139,avg,success,"[88, 37, 59, 48, 16, 50, 66, 69, 80, 62]","[88, 37, 59, 48, 16, 50, 66, 69, 80, 62]",[],10,10,[],re_result_6-29_APRA/cifar10_700_Jul.02_16.35.49_avg_True_no-noise_reba/agg_records/pkl/round_0139_avg.pkl
140,avg,success,"[91, 29, 7, 11, 83, 35, 77, 79, 96, 51]","[91, 29, 7, 11, 83, 35, 77, 79, 96, 51]",[],10,10,[],re_result_6-29_APRA/cifar10_700_Jul.02_16.35.49_avg_True_no-noise_reba/agg_records/pkl/round_0140_avg.pkl
141,avg,success,"[51, 24, 84, 71, 45, 69, 7, 72, 75, 74]","[51, 24, 84, 71, 45, 69, 7, 72, 75, 74]",[],10,10,[],re_result_6-29_APRA/cifar10_700_Jul.02_16.35.49_avg_True_no-noise_reba/agg_records/pkl/round_0141_avg.pkl
142,avg,success,"[53, 74, 20, 10, 88, 18, 90, 46, 98, 91]","[53, 74, 20, 10, 88, 18, 90, 46, 98, 91]",[],10,10,[],re_result_6-29_APRA/cifar10_700_Jul.02_16.35.49_avg_True_no-noise_reba/agg_records/pkl/round_0142_avg.pkl
143,avg,success,"[28, 21, 44, 31, 45, 32, 47, 93, 36, 27]","[28, 21, 44, 31, 45, 32, 47, 93, 36, 27]",[],10,10,[],re_result_6-29_APRA/cifar10_700_Jul.02_16.35.49_avg_True_no-noise_reba/agg_records/pkl/round_0143_avg.pkl
144,avg,success,"[79, 5, 14, 56, 2, 72, 92, 44, 25, 64]","[79, 5, 14, 56, 2, 72, 92, 44, 25, 64]",[],10,10,[],re_result_6-29_APRA/cifar10_700_Jul.02_16.35.49_avg_True_no-noise_reba/agg_records/pkl/round_0144_avg.pkl
145,avg,success,"[80, 16, 83, 88, 94, 66, 60, 82, 24, 49]","[80, 16, 83, 88, 94, 66, 60, 82, 24, 49]",[],10,10,[],re_result_6-29_APRA/cifar10_700_Jul.02_16.35.49_avg_True_no-noise_reba/agg_records/pkl/round_0145_avg.pkl
146,avg,success,"[35, 23, 89, 55, 40, 24, 78, 36, 30, 73]","[35, 23, 89, 55, 40, 24, 78, 36, 30, 73]",[],10,10,[],re_result_6-29_APRA/cifar10_700_Jul.02_16.35.49_avg_True_no-noise_reba/agg_records/pkl/round_0146_avg.pkl
147,avg,success,"[26, 97, 92, 55, 80, 87, 60, 89, 38, 19]","[26, 97, 92, 55, 80, 87, 60, 89, 38, 19]",[],10,10,[],re_result_6-29_APRA/cifar10_700_Jul.02_16.35.49_avg_True_no-noise_reba/agg_records/pkl/round_0147_avg.pkl
148,avg,success,"[9, 44, 13, 74, 36, 33, 34, 95, 67, 75]","[9, 44, 13, 74, 36, 33, 34, 95, 67, 75]",[],10,10,[],re_result_6-29_APRA/cifar10_700_Jul.02_16.35.49_avg_True_no-noise_reba/agg_records/pkl/round_0148_avg.pkl
149,avg,success,"[58, 47, 84, 27, 79, 18, 78, 26, 0, 68]","[58, 47, 84, 27, 79, 18, 78, 26, 0, 68]",[],10,10,[],re_result_6-29_APRA/cifar10_700_Jul.02_16.35.49_avg_True_no-noise_reba/agg_records/pkl/round_0149_avg.pkl
150,avg,success,"[88, 90, 46, 58, 15, 37, 93, 60, 29, 16]","[88, 90, 46, 58, 15, 37, 93, 60, 29, 16]",[],10,10,[],re_result_6-29_APRA/cifar10_700_Jul.02_16.35.49_avg_True_no-noise_reba/agg_records/pkl/round_0150_avg.pkl
151,avg,success,"[59, 23, 98, 35, 76, 4, 95, 94, 39, 22]","[59, 23, 98, 35, 76, 4, 95, 94, 39, 22]",[],10,10,[],re_result_6-29_APRA/cifar10_700_Jul.02_16.35.49_avg_True_no-noise_reba/agg_records/pkl/round_0151_avg.pkl
152,avg,success,"[5, 25, 98, 31, 34, 73, 0, 47, 91, 43]","[5, 25, 98, 31, 34, 73, 0, 47, 91, 43]",[],10,10,[],re_result_6-29_APRA/cifar10_700_Jul.02_16.35.49_avg_True_no-noise_reba/agg_records/pkl/round_0152_avg.pkl
153,avg,success,"[69, 94, 73, 9, 90, 58, 67, 5, 98, 91]","[69, 94, 73, 9, 90, 58, 67, 5, 98, 91]",[],10,10,[],re_result_6-29_APRA/cifar10_700_Jul.02_16.35.49_avg_True_no-noise_reba/agg_records/pkl/round_0153_avg.pkl
154,avg,success,"[70, 35, 27, 68, 67, 42, 41, 93, 77, 63]","[70, 35, 27, 68, 67, 42, 41, 93, 77, 63]",[],10,10,[],re_result_6-29_APRA/cifar10_700_Jul.02_16.35.49_avg_True_no-noise_reba/agg_records/pkl/round_0154_avg.pkl
155,avg,success,"[59, 97, 96, 51, 70, 8, 21, 19, 98, 53]","[59, 97, 96, 51, 70, 8, 21, 19, 98, 53]",[],10,10,[],re_result_6-29_APRA/cifar10_700_Jul.02_16.35.49_avg_True_no-noise_reba/agg_records/pkl/round_0155_avg.pkl
156,avg,success,"[22, 53, 51, 10, 55, 76, 69, 78, 64, 77]","[22, 53, 51, 10, 55, 76, 69, 78, 64, 77]",[],10,10,[],re_result_6-29_APRA/cifar10_700_Jul.02_16.35.49_avg_True_no-noise_reba/agg_records/pkl/round_0156_avg.pkl
157,avg,success,"[50, 22, 18, 20, 56, 16, 39, 9, 2, 70]","[50, 22, 18, 20, 56, 16, 39, 9, 2, 70]",[],10,10,[],re_result_6-29_APRA/cifar10_700_Jul.02_16.35.49_avg_True_no-noise_reba/agg_records/pkl/round_0157_avg.pkl
158,avg,success,"[10, 24, 36, 19, 75, 74, 82, 70, 3, 30]","[10, 24, 36, 19, 75, 74, 82, 70, 3, 30]",[],10,10,[],re_result_6-29_APRA/cifar10_700_Jul.02_16.35.49_avg_True_no-noise_reba/agg_records/pkl/round_0158_avg.pkl
159,avg,success,"[93, 57, 67, 88, 5, 42, 44, 26, 79, 18]","[93, 57, 67, 88, 5, 42, 44, 26, 79, 18]",[],10,10,[],re_result_6-29_APRA/cifar10_700_Jul.02_16.35.49_avg_True_no-noise_reba/agg_records/pkl/round_0159_avg.pkl
160,avg,success,"[45, 10, 47, 79, 86, 25, 77, 9, 94, 53]","[45, 10, 47, 79, 86, 25, 77, 9, 94, 53]",[],10,10,[],re_result_6-29_APRA/cifar10_700_Jul.02_16.35.49_avg_True_no-noise_reba/agg_records/pkl/round_0160_avg.pkl
161,avg,success,"[56, 20, 22, 8, 21, 78, 91, 64, 14, 54]","[56, 20, 22, 8, 21, 78, 91, 64, 14, 54]",[],10,10,[],re_result_6-29_APRA/cifar10_700_Jul.02_16.35.49_avg_True_no-noise_reba/agg_records/pkl/round_0161_avg.pkl
162,avg,success,"[74, 2, 26, 39, 14, 54, 80, 97, 0, 83]","[74, 2, 26, 39, 14, 54, 80, 97, 0, 83]",[],10,10,[],re_result_6-29_APRA/cifar10_700_Jul.02_16.35.49_avg_True_no-noise_reba/agg_records/pkl/round_0162_avg.pkl
163,avg,success,"[53, 22, 69, 28, 27, 47, 29, 7, 61, 84]","[53, 22, 69, 28, 27, 47, 29, 7, 61, 84]",[],10,10,[],re_result_6-29_APRA/cifar10_700_Jul.02_16.35.49_avg_True_no-noise_reba/agg_records/pkl/round_0163_avg.pkl
164,avg,success,"[80, 62, 8, 50, 79, 68, 42, 88, 72, 30]","[80, 62, 8, 50, 79, 68, 42, 88, 72, 30]",[],10,10,[],re_result_6-29_APRA/cifar10_700_Jul.02_16.35.49_avg_True_no-noise_reba/agg_records/pkl/round_0164_avg.pkl
165,avg,success,"[56, 86, 96, 17, 35, 53, 80, 30, 73, 32]","[56, 86, 96, 17, 35, 53, 80, 30, 73, 32]",[],10,10,[],re_result_6-29_APRA/cifar10_700_Jul.02_16.35.49_avg_True_no-noise_reba/agg_records/pkl/round_0165_avg.pkl
166,avg,success,"[25, 47, 34, 8, 32, 67, 98, 24, 57, 54]","[25, 47, 34, 8, 32, 67, 98, 24, 57, 54]",[],10,10,[],re_result_6-29_APRA/cifar10_700_Jul.02_16.35.49_avg_True_no-noise_reba/agg_records/pkl/round_0166_avg.pkl
167,avg,success,"[22, 30, 5, 21, 35, 28, 50, 6, 19, 75]","[22, 30, 5, 21, 35, 28, 50, 6, 19, 75]",[],10,10,[],re_result_6-29_APRA/cifar10_700_Jul.02_16.35.49_avg_True_no-noise_reba/agg_records/pkl/round_0167_avg.pkl
168,avg,success,"[29, 15, 2, 65, 53, 41, 5, 91, 86, 85]","[29, 15, 2, 65, 53, 41, 5, 91, 86, 85]",[],10,10,[],re_result_6-29_APRA/cifar10_700_Jul.02_16.35.49_avg_True_no-noise_reba/agg_records/pkl/round_0168_avg.pkl
169,avg,success,"[56, 65, 57, 21, 5, 26, 4, 59, 80, 40]","[56, 65, 57, 21, 5, 26, 4, 59, 80, 40]",[],10,10,[],re_result_6-29_APRA/cifar10_700_Jul.02_16.35.49_avg_True_no-noise_reba/agg_records/pkl/round_0169_avg.pkl
170,avg,success,"[27, 92, 51, 58, 36, 95, 23, 85, 42, 7]","[27, 92, 51, 58, 36, 95, 23, 85, 42, 7]",[],10,10,[],re_result_6-29_APRA/cifar10_700_Jul.02_16.35.49_avg_True_no-noise_reba/agg_records/pkl/round_0170_avg.pkl
171,avg,success,"[51, 95, 16, 47, 59, 24, 74, 96, 41, 81]","[51, 95, 16, 47, 59, 24, 74, 96, 41, 81]",[],10,10,[],re_result_6-29_APRA/cifar10_700_Jul.02_16.35.49_avg_True_no-noise_reba/agg_records/pkl/round_0171_avg.pkl
172,avg,success,"[62, 17, 55, 89, 37, 96, 73, 35, 22, 91]","[62, 17, 55, 89, 37, 96, 73, 35, 22, 91]",[],10,10,[],re_result_6-29_APRA/cifar10_700_Jul.02_16.35.49_avg_True_no-noise_reba/agg_records/pkl/round_0172_avg.pkl
173,avg,success,"[51, 89, 62, 52, 50, 77, 0, 20, 34, 18]","[51, 89, 62, 52, 50, 77, 0, 20, 34, 18]",[],10,10,[],re_result_6-29_APRA/cifar10_700_Jul.02_16.35.49_avg_True_no-noise_reba/agg_records/pkl/round_0173_avg.pkl
174,avg,success,"[99, 7, 87, 3, 48, 12, 9, 49, 26, 42]","[99, 7, 87, 3, 48, 12, 9, 49, 26, 42]",[],10,10,[],re_result_6-29_APRA/cifar10_700_Jul.02_16.35.49_avg_True_no-noise_reba/agg_records/pkl/round_0174_avg.pkl
175,avg,success,"[7, 52, 53, 93, 76, 12, 71, 50, 5, 23]","[7, 52, 53, 93, 76, 12, 71, 50, 5, 23]",[],10,10,[],re_result_6-29_APRA/cifar10_700_Jul.02_16.35.49_avg_True_no-noise_reba/agg_records/pkl/round_0175_avg.pkl
176,avg,success,"[37, 29, 63, 68, 42, 55, 65, 12, 15, 57]","[37, 29, 63, 68, 42, 55, 65, 12, 15, 57]",[],10,10,[],re_result_6-29_APRA/cifar10_700_Jul.02_16.35.49_avg_True_no-noise_reba/agg_records/pkl/round_0176_avg.pkl
177,avg,success,"[20, 92, 31, 32, 12, 66, 60, 76, 36, 50]","[20, 92, 31, 32, 12, 66, 60, 76, 36, 50]",[],10,10,[],re_result_6-29_APRA/cifar10_700_Jul.02_16.35.49_avg_True_no-noise_reba/agg_records/pkl/round_0177_avg.pkl
178,avg,success,"[79, 89, 11, 57, 45, 4, 90, 49, 7, 54]","[79, 89, 11, 57, 45, 4, 90, 49, 7, 54]",[],10,10,[],re_result_6-29_APRA/cifar10_700_Jul.02_16.35.49_avg_True_no-noise_reba/agg_records/pkl/round_0178_avg.pkl
179,avg,success,"[62, 64, 24, 74, 73, 48, 30, 79, 19, 38]","[62, 64, 24, 74, 73, 48, 30, 79, 19, 38]",[],10,10,[],re_result_6-29_APRA/cifar10_700_Jul.02_16.35.49_avg_True_no-noise_reba/agg_records/pkl/round_0179_avg.pkl
180,avg,success,"[66, 96, 14, 95, 6, 75, 41, 9, 27, 0]","[66, 96, 14, 95, 6, 75, 41, 9, 27, 0]",[],10,10,[],re_result_6-29_APRA/cifar10_700_Jul.02_16.35.49_avg_True_no-noise_reba/agg_records/pkl/round_0180_avg.pkl
181,avg,success,"[12, 73, 92, 79, 10, 53, 61, 8, 83, 50]","[12, 73, 92, 79, 10, 53, 61, 8, 83, 50]",[],10,10,[],re_result_6-29_APRA/cifar10_700_Jul.02_16.35.49_avg_True_no-noise_reba/agg_records/pkl/round_0181_avg.pkl
182,avg,success,"[2, 25, 79, 17, 41, 40, 70, 12, 42, 81]","[2, 25, 79, 17, 41, 40, 70, 12, 42, 81]",[],10,10,[],re_result_6-29_APRA/cifar10_700_Jul.02_16.35.49_avg_True_no-noise_reba/agg_records/pkl/round_0182_avg.pkl
183,avg,success,"[79, 18, 36, 61, 99, 97, 14, 0, 27, 6]","[79, 18, 36, 61, 99, 97, 14, 0, 27, 6]",[],10,10,[],re_result_6-29_APRA/cifar10_700_Jul.02_16.35.49_avg_True_no-noise_reba/agg_records/pkl/round_0183_avg.pkl
184,avg,success,"[59, 99, 26, 35, 37, 67, 80, 0, 29, 18]","[59, 99, 26, 35, 37, 67, 80, 0, 29, 18]",[],10,10,[],re_result_6-29_APRA/cifar10_700_Jul.02_16.35.49_avg_True_no-noise_reba/agg_records/pkl/round_0184_avg.pkl
185,avg,success,"[96, 79, 11, 80, 28, 64, 4, 72, 14, 52]","[96, 79, 11, 80, 28, 64, 4, 72, 14, 52]",[],10,10,[],re_result_6-29_APRA/cifar10_700_Jul.02_16.35.49_avg_True_no-noise_reba/agg_records/pkl/round_0185_avg.pkl
186,avg,success,"[87, 71, 32, 1, 84, 96, 30, 72, 17, 91]","[87, 71, 32, 1, 84, 96, 30, 72, 17, 91]",[],10,10,[],re_result_6-29_APRA/cifar10_700_Jul.02_16.35.49_avg_True_no-noise_reba/agg_records/pkl/round_0186_avg.pkl
187,avg,success,"[5, 12, 79, 11, 40, 66, 57, 36, 70, 13]","[5, 12, 79, 11, 40, 66, 57, 36, 70, 13]",[],10,10,[],re_result_6-29_APRA/cifar10_700_Jul.02_16.35.49_avg_True_no-noise_reba/agg_records/pkl/round_0187_avg.pkl
188,avg,success,"[66, 51, 26, 58, 29, 43, 70, 69, 87, 63]","[66, 51, 26, 58, 29, 43, 70, 69, 87, 63]",[],10,10,[],re_result_6-29_APRA/cifar10_700_Jul.02_16.35.49_avg_True_no-noise_reba/agg_records/pkl/round_0188_avg.pkl
189,avg,success,"[78, 92, 70, 12, 26, 83, 81, 30, 59, 80]","[78, 92, 70, 12, 26, 83, 81, 30, 59, 80]",[],10,10,[],re_result_6-29_APRA/cifar10_700_Jul.02_16.35.49_avg_True_no-noise_reba/agg_records/pkl/round_0189_avg.pkl
190,avg,success,"[4, 44, 71, 96, 49, 19, 79, 63, 42, 28]","[4, 44, 71, 96, 49, 19, 79, 63, 42, 28]",[],10,10,[],re_result_6-29_APRA/cifar10_700_Jul.02_16.35.49_avg_True_no-noise_reba/agg_records/pkl/round_0190_avg.pkl
191,avg,success,"[73, 23, 55, 65, 52, 66, 8, 24, 43, 61]","[73, 23, 55, 65, 52, 66, 8, 24, 43, 61]",[],10,10,[],re_result_6-29_APRA/cifar10_700_Jul.02_16.35.49_avg_True_no-noise_reba/agg_records/pkl/round_0191_avg.pkl
192,avg,success,"[6, 78, 97, 99, 42, 49, 38, 60, 26, 39]","[6, 78, 97, 99, 42, 49, 38, 60, 26, 39]",[],10,10,[],re_result_6-29_APRA/cifar10_700_Jul.02_16.35.49_avg_True_no-noise_reba/agg_records/pkl/round_0192_avg.pkl
193,avg,success,"[6, 92, 63, 33, 55, 84, 91, 28, 98, 99]","[6, 92, 63, 33, 55, 84, 91, 28, 98, 99]",[],10,10,[],re_result_6-29_APRA/cifar10_700_Jul.02_16.35.49_avg_True_no-noise_reba/agg_records/pkl/round_0193_avg.pkl
194,avg,success,"[36, 85, 24, 15, 81, 28, 56, 61, 30, 45]","[36, 85, 24, 15, 81, 28, 56, 61, 30, 45]",[],10,10,[],re_result_6-29_APRA/cifar10_700_Jul.02_16.35.49_avg_True_no-noise_reba/agg_records/pkl/round_0194_avg.pkl
195,avg,success,"[16, 45, 22, 80, 65, 99, 57, 29, 1, 75]","[16, 45, 22, 80, 65, 99, 57, 29, 1, 75]",[],10,10,[],re_result_6-29_APRA/cifar10_700_Jul.02_16.35.49_avg_True_no-noise_reba/agg_records/pkl/round_0195_avg.pkl
196,avg,success,"[8, 31, 47, 67, 75, 85, 46, 59, 21, 70]","[8, 31, 47, 67, 75, 85, 46, 59, 21, 70]",[],10,10,[],re_result_6-29_APRA/cifar10_700_Jul.02_16.35.49_avg_True_no-noise_reba/agg_records/pkl/round_0196_avg.pkl
197,avg,success,"[46, 62, 6, 65, 83, 91, 40, 31, 47, 2]","[46, 62, 6, 65, 83, 91, 40, 31, 47, 2]",[],10,10,[],re_result_6-29_APRA/cifar10_700_Jul.02_16.35.49_avg_True_no-noise_reba/agg_records/pkl/round_0197_avg.pkl
198,avg,success,"[66, 4, 86, 65, 81, 7, 91, 55, 15, 1]","[66, 4, 86, 65, 81, 7, 91, 55, 15, 1]",[],10,10,[],re_result_6-29_APRA/cifar10_700_Jul.02_16.35.49_avg_True_no-noise_reba/agg_records/pkl/round_0198_avg.pkl
199,avg,success,"[46, 98, 73, 53, 83, 86, 92, 69, 12, 43]","[46, 98, 73, 53, 83, 86, 92, 69, 12, 43]",[],10,10,[],re_result_6-29_APRA/cifar10_700_Jul.02_16.35.49_avg_True_no-noise_reba/agg_records/pkl/round_0199_avg.pkl
200,avg,success,"[37, 70, 58, 86, 57, 23, 7, 22, 19, 43]","[37, 70, 58, 86, 57, 23, 7, 22, 19, 43]",[],10,10,[],re_result_6-29_APRA/cifar10_700_Jul.02_16.35.49_avg_True_no-noise_reba/agg_records/pkl/round_0200_avg.pkl
201,avg,success,"[15, 83, 60, 14, 68, 4, 50, 69, 13, 72]","[15, 83, 60, 14, 68, 4, 50, 69, 13, 72]",[],10,10,[],re_result_6-29_APRA/cifar10_700_Jul.02_16.35.49_avg_True_no-noise_reba/agg_records/pkl/round_0201_avg.pkl
202,avg,success,"[30, 78, 10, 58, 27, 76, 24, 6, 87, 26]","[30, 78, 10, 58, 27, 76, 24, 6, 87, 26]",[],10,10,[],re_result_6-29_APRA/cifar10_700_Jul.02_16.35.49_avg_True_no-noise_reba/agg_records/pkl/round_0202_avg.pkl
203,avg,success,"[76, 55, 19, 79, 90, 2, 72, 98, 24, 10]","[76, 55, 19, 79, 90, 2, 72, 98, 24, 10]",[],10,10,[],re_result_6-29_APRA/cifar10_700_Jul.02_16.35.49_avg_True_no-noise_reba/agg_records/pkl/round_0203_avg.pkl
204,avg,success,"[20, 80, 27, 11, 23, 41, 84, 93, 19, 34]","[20, 80, 27, 11, 23, 41, 84, 93, 19, 34]",[],10,10,[],re_result_6-29_APRA/cifar10_700_Jul.02_16.35.49_avg_True_no-noise_reba/agg_records/pkl/round_0204_avg.pkl
205,avg,success,"[56, 35, 37, 58, 15, 36, 87, 1, 79, 64]","[56, 35, 37, 58, 15, 36, 87, 1, 79, 64]",[],10,10,[],re_result_6-29_APRA/cifar10_700_Jul.02_16.35.49_avg_True_no-noise_reba/agg_records/pkl/round_0205_avg.pkl
206,avg,success,"[69, 34, 1, 60, 93, 84, 9, 25, 19, 2]","[69, 34, 1, 60, 93, 84, 9, 25, 19, 2]",[],10,10,[],re_result_6-29_APRA/cifar10_700_Jul.02_16.35.49_avg_True_no-noise_reba/agg_records/pkl/round_0206_avg.pkl
207,avg,success,"[45, 16, 83, 82, 61, 68, 49, 80, 23, 72]","[45, 16, 83, 82, 61, 68, 49, 80, 23, 72]",[],10,10,[],re_result_6-29_APRA/cifar10_700_Jul.02_16.35.49_avg_True_no-noise_reba/agg_records/pkl/round_0207_avg.pkl
208,avg,success,"[2, 89, 19, 54, 49, 1, 3, 4, 66, 17]","[2, 89, 19, 54, 49, 1, 3, 4, 66, 17]",[],10,10,[],re_result_6-29_APRA/cifar10_700_Jul.02_16.35.49_avg_True_no-noise_reba/agg_records/pkl/round_0208_avg.pkl
209,avg,success,"[30, 11, 55, 47, 82, 89, 24, 16, 73, 69]","[30, 11, 55, 47, 82, 89, 24, 16, 73, 69]",[],10,10,[],re_result_6-29_APRA/cifar10_700_Jul.02_16.35.49_avg_True_no-noise_reba/agg_records/pkl/round_0209_avg.pkl
210,avg,success,"[67, 25, 53, 56, 12, 39, 75, 31, 5, 0]","[67, 25, 53, 56, 12, 39, 75, 31, 5, 0]",[],10,10,[],re_result_6-29_APRA/cifar10_700_Jul.02_16.35.49_avg_True_no-noise_reba/agg_records/pkl/round_0210_avg.pkl
211,avg,success,"[35, 34, 36, 89, 19, 46, 30, 68, 22, 29]","[35, 34, 36, 89, 19, 46, 30, 68, 22, 29]",[],10,10,[],re_result_6-29_APRA/cifar10_700_Jul.02_16.35.49_avg_True_no-noise_reba/agg_records/pkl/round_0211_avg.pkl
212,avg,success,"[67, 8, 47, 46, 77, 11, 23, 92, 27, 38]","[67, 8, 47, 46, 77, 11, 23, 92, 27, 38]",[],10,10,[],re_result_6-29_APRA/cifar10_700_Jul.02_16.35.49_avg_True_no-noise_reba/agg_records/pkl/round_0212_avg.pkl
213,avg,success,"[11, 37, 22, 47, 56, 63, 32, 74, 93, 53]","[11, 37, 22, 47, 56, 63, 32, 74, 93, 53]",[],10,10,[],re_result_6-29_APRA/cifar10_700_Jul.02_16.35.49_avg_True_no-noise_reba/agg_records/pkl/round_0213_avg.pkl
214,avg,success,"[18, 94, 39, 76, 88, 66, 37, 46, 41, 80]","[18, 94, 39, 76, 88, 66, 37, 46, 41, 80]",[],10,10,[],re_result_6-29_APRA/cifar10_700_Jul.02_16.35.49_avg_True_no-noise_reba/agg_records/pkl/round_0214_avg.pkl
215,avg,success,"[55, 94, 90, 77, 6, 12, 93, 40, 61, 81]","[55, 94, 90, 77, 6, 12, 93, 40, 61, 81]",[],10,10,[],re_result_6-29_APRA/cifar10_700_Jul.02_16.35.49_avg_True_no-noise_reba/agg_records/pkl/round_0215_avg.pkl
216,avg,success,"[58, 39, 34, 12, 47, 70, 21, 84, 90, 25]","[58, 39, 34, 12, 47, 70, 21, 84, 90, 25]",[],10,10,[],re_result_6-29_APRA/cifar10_700_Jul.02_16.35.49_avg_True_no-noise_reba/agg_records/pkl/round_0216_avg.pkl
217,avg,success,"[85, 64, 90, 72, 44, 35, 19, 9, 47, 34]","[85, 64, 90, 72, 44, 35, 19, 9, 47, 34]",[],10,10,[],re_result_6-29_APRA/cifar10_700_Jul.02_16.35.49_avg_True_no-noise_reba/agg_records/pkl/round_0217_avg.pkl
218,avg,success,"[57, 95, 65, 94, 76, 60, 80, 6, 93, 55]","[57, 95, 65, 94, 76, 60, 80, 6, 93, 55]",[],10,10,[],re_result_6-29_APRA/cifar10_700_Jul.02_16.35.49_avg_True_no-noise_reba/agg_records/pkl/round_0218_avg.pkl
219,avg,success,"[1, 35, 94, 70, 7, 5, 36, 83, 6, 72]","[1, 35, 94, 70, 7, 5, 36, 83, 6, 72]",[],10,10,[],re_result_6-29_APRA/cifar10_700_Jul.02_16.35.49_avg_True_no-noise_reba/agg_records/pkl/round_0219_avg.pkl
220,avg,success,"[62, 32, 93, 8, 96, 81, 44, 83, 10, 22]","[62, 32, 93, 8, 96, 81, 44, 83, 10, 22]",[],10,10,[],re_result_6-29_APRA/cifar10_700_Jul.02_16.35.49_avg_True_no-noise_reba/agg_records/pkl/round_0220_avg.pkl
221,avg,success,"[22, 97, 31, 62, 84, 58, 4, 23, 17, 68]","[22, 97, 31, 62, 84, 58, 4, 23, 17, 68]",[],10,10,[],re_result_6-29_APRA/cifar10_700_Jul.02_16.35.49_avg_True_no-noise_reba/agg_records/pkl/round_0221_avg.pkl
222,avg,success,"[65, 66, 19, 3, 2, 51, 69, 31, 82, 68]","[65, 66, 19, 3, 2, 51, 69, 31, 82, 68]",[],10,10,[],re_result_6-29_APRA/cifar10_700_Jul.02_16.35.49_avg_True_no-noise_reba/agg_records/pkl/round_0222_avg.pkl
223,avg,success,"[80, 76, 61, 67, 77, 69, 4, 7, 83, 16]","[80, 76, 61, 67, 77, 69, 4, 7, 83, 16]",[],10,10,[],re_result_6-29_APRA/cifar10_700_Jul.02_16.35.49_avg_True_no-noise_reba/agg_records/pkl/round_0223_avg.pkl
224,avg,success,"[88, 72, 48, 91, 93, 5, 95, 53, 4, 46]","[88, 72, 48, 91, 93, 5, 95, 53, 4, 46]",[],10,10,[],re_result_6-29_APRA/cifar10_700_Jul.02_16.35.49_avg_True_no-noise_reba/agg_records/pkl/round_0224_avg.pkl
225,avg,success,"[81, 0, 47, 29, 84, 12, 16, 40, 25, 93]","[81, 0, 47, 29, 84, 12, 16, 40, 25, 93]",[],10,10,[],re_result_6-29_APRA/cifar10_700_Jul.02_16.35.49_avg_True_no-noise_reba/agg_records/pkl/round_0225_avg.pkl
226,avg,success,"[19, 56, 89, 92, 36, 97, 26, 10, 41, 94]","[19, 56, 89, 92, 36, 97, 26, 10, 41, 94]",[],10,10,[],re_result_6-29_APRA/cifar10_700_Jul.02_16.35.49_avg_True_no-noise_reba/agg_records/pkl/round_0226_avg.pkl
227,avg,success,"[51, 5, 14, 55, 67, 44, 21, 68, 37, 86]","[51, 5, 14, 55, 67, 44, 21, 68, 37, 86]",[],10,10,[],re_result_6-29_APRA/cifar10_700_Jul.02_16.35.49_avg_True_no-noise_reba/agg_records/pkl/round_0227_avg.pkl
228,avg,success,"[5, 68, 49, 8, 91, 75, 79, 10, 87, 24]","[5, 68, 49, 8, 91, 75, 79, 10, 87, 24]",[],10,10,[],re_result_6-29_APRA/cifar10_700_Jul.02_16.35.49_avg_True_no-noise_reba/agg_records/pkl/round_0228_avg.pkl
229,avg,success,"[71, 93, 72, 84, 59, 78, 80, 26, 28, 0]","[71, 93, 72, 84, 59, 78, 80, 26, 28, 0]",[],10,10,[],re_result_6-29_APRA/cifar10_700_Jul.02_16.35.49_avg_True_no-noise_reba/agg_records/pkl/round_0229_avg.pkl
230,avg,success,"[97, 63, 38, 47, 28, 73, 20, 3, 5, 29]","[97, 63, 38, 47, 28, 73, 20, 3, 5, 29]",[],10,10,[],re_result_6-29_APRA/cifar10_700_Jul.02_16.35.49_avg_True_no-noise_reba/agg_records/pkl/round_0230_avg.pkl
231,avg,success,"[23, 7, 55, 40, 19, 32, 84, 89, 92, 39]","[23, 7, 55, 40, 19, 32, 84, 89, 92, 39]",[],10,10,[],re_result_6-29_APRA/cifar10_700_Jul.02_16.35.49_avg_True_no-noise_reba/agg_records/pkl/round_0231_avg.pkl
232,avg,success,"[43, 75, 72, 3, 45, 80, 37, 9, 59, 47]","[43, 75, 72, 3, 45, 80, 37, 9, 59, 47]",[],10,10,[],re_result_6-29_APRA/cifar10_700_Jul.02_16.35.49_avg_True_no-noise_reba/agg_records/pkl/round_0232_avg.pkl
233,avg,success,"[94, 3, 2, 27, 76, 11, 4, 79, 1, 14]","[94, 3, 2, 27, 76, 11, 4, 79, 1, 14]",[],10,10,[],re_result_6-29_APRA/cifar10_700_Jul.02_16.35.49_avg_True_no-noise_reba/agg_records/pkl/round_0233_avg.pkl
234,avg,success,"[54, 52, 99, 67, 1, 25, 2, 43, 55, 31]","[54, 52, 99, 67, 1, 25, 2, 43, 55, 31]",[],10,10,[],re_result_6-29_APRA/cifar10_700_Jul.02_16.35.49_avg_True_no-noise_reba/agg_records/pkl/round_0234_avg.pkl
235,avg,success,"[36, 13, 82, 50, 54, 27, 23, 32, 46, 14]","[36, 13, 82, 50, 54, 27, 23, 32, 46, 14]",[],10,10,[],re_result_6-29_APRA/cifar10_700_Jul.02_16.35.49_avg_True_no-noise_reba/agg_records/pkl/round_0235_avg.pkl
236,avg,success,"[59, 37, 22, 54, 60, 87, 16, 62, 61, 58]","[59, 37, 22, 54, 60, 87, 16, 62, 61, 58]",[],10,10,[],re_result_6-29_APRA/cifar10_700_Jul.02_16.35.49_avg_True_no-noise_reba/agg_records/pkl/round_0236_avg.pkl
237,avg,success,"[73, 17, 46, 89, 62, 95, 7, 77, 15, 6]","[73, 17, 46, 89, 62, 95, 7, 77, 15, 6]",[],10,10,[],re_result_6-29_APRA/cifar10_700_Jul.02_16.35.49_avg_True_no-noise_reba/agg_records/pkl/round_0237_avg.pkl
238,avg,success,"[66, 27, 83, 23, 7, 8, 63, 11, 65, 88]","[66, 27, 83, 23, 7, 8, 63, 11, 65, 88]",[],10,10,[],re_result_6-29_APRA/cifar10_700_Jul.02_16.35.49_avg_True_no-noise_reba/agg_records/pkl/round_0238_avg.pkl
239,avg,success,"[10, 84, 17, 35, 64, 42, 14, 44, 69, 75]","[10, 84, 17, 35, 64, 42, 14, 44, 69, 75]",[],10,10,[],re_result_6-29_APRA/cifar10_700_Jul.02_16.35.49_avg_True_no-noise_reba/agg_records/pkl/round_0239_avg.pkl
240,avg,success,"[84, 11, 98, 38, 93, 18, 85, 78, 34, 19]","[84, 11, 98, 38, 93, 18, 85, 78, 34, 19]",[],10,10,[],re_result_6-29_APRA/cifar10_700_Jul.02_16.35.49_avg_True_no-noise_reba/agg_records/pkl/round_0240_avg.pkl
241,avg,success,"[39, 9, 37, 52, 38, 94, 48, 47, 3, 90]","[39, 9, 37, 52, 38, 94, 48, 47, 3, 90]",[],10,10,[],re_result_6-29_APRA/cifar10_700_Jul.02_16.35.49_avg_True_no-noise_reba/agg_records/pkl/round_0241_avg.pkl
242,avg,success,"[43, 26, 86, 56, 72, 59, 55, 91, 18, 80]","[43, 26, 86, 56, 72, 59, 55, 91, 18, 80]",[],10,10,[],re_result_6-29_APRA/cifar10_700_Jul.02_16.35.49_avg_True_no-noise_reba/agg_records/pkl/round_0242_avg.pkl
243,avg,success,"[40, 35, 63, 10, 81, 86, 93, 54, 85, 77]","[40, 35, 63, 10, 81, 86, 93, 54, 85, 77]",[],10,10,[],re_result_6-29_APRA/cifar10_700_Jul.02_16.35.49_avg_True_no-noise_reba/agg_records/pkl/round_0243_avg.pkl
244,avg,success,"[80, 99, 29, 20, 27, 57, 93, 64, 91, 37]","[80, 99, 29, 20, 27, 57, 93, 64, 91, 37]",[],10,10,[],re_result_6-29_APRA/cifar10_700_Jul.02_16.35.49_avg_True_no-noise_reba/agg_records/pkl/round_0244_avg.pkl
245,avg,success,"[47, 95, 19, 65, 40, 89, 35, 99, 78, 52]","[47, 95, 19, 65, 40, 89, 35, 99, 78, 52]",[],10,10,[],re_result_6-29_APRA/cifar10_700_Jul.02_16.35.49_avg_True_no-noise_reba/agg_records/pkl/round_0245_avg.pkl
246,avg,success,"[97, 15, 51, 64, 95, 83, 69, 73, 34, 45]","[97, 15, 51, 64, 95, 83, 69, 73, 34, 45]",[],10,10,[],re_result_6-29_APRA/cifar10_700_Jul.02_16.35.49_avg_True_no-noise_reba/agg_records/pkl/round_0246_avg.pkl
247,avg,success,"[92, 21, 20, 41, 12, 0, 79, 65, 44, 75]","[92, 21, 20, 41, 12, 0, 79, 65, 44, 75]",[],10,10,[],re_result_6-29_APRA/cifar10_700_Jul.02_16.35.49_avg_True_no-noise_reba/agg_records/pkl/round_0247_avg.pkl
248,avg,success,"[66, 26, 69, 42, 38, 85, 88, 15, 91, 39]","[66, 26, 69, 42, 38, 85, 88, 15, 91, 39]",[],10,10,[],re_result_6-29_APRA/cifar10_700_Jul.02_16.35.49_avg_True_no-noise_reba/agg_records/pkl/round_0248_avg.pkl
249,avg,success,"[90, 21, 34, 53, 12, 85, 96, 48, 5, 4]","[90, 21, 34, 53, 12, 85, 96, 48, 5, 4]",[],10,10,[],re_result_6-29_APRA/cifar10_700_Jul.02_16.35.49_avg_True_no-noise_reba/agg_records/pkl/round_0249_avg.pkl
250,avg,success,"[86, 44, 90, 52, 29, 62, 70, 21, 25, 13]","[86, 44, 90, 52, 29, 62, 70, 21, 25, 13]",[],10,10,[],re_result_6-29_APRA/cifar10_700_Jul.02_16.35.49_avg_True_no-noise_reba/agg_records/pkl/round_0250_avg.pkl
251,avg,success,"[31, 59, 13, 57, 55, 37, 36, 93, 73, 75]","[31, 59, 13, 57, 55, 37, 36, 93, 73, 75]",[],10,10,[],re_result_6-29_APRA/cifar10_700_Jul.02_16.35.49_avg_True_no-noise_reba/agg_records/pkl/round_0251_avg.pkl
252,avg,success,"[2, 3, 64, 40, 63, 66, 14, 58, 8, 83]","[2, 3, 64, 40, 63, 66, 14, 58, 8, 83]",[],10,10,[],re_result_6-29_APRA/cifar10_700_Jul.02_16.35.49_avg_True_no-noise_reba/agg_records/pkl/round_0252_avg.pkl
253,avg,success,"[62, 11, 98, 30, 49, 28, 88, 24, 58, 70]","[62, 11, 98, 30, 49, 28, 88, 24, 58, 70]",[],10,10,[],re_result_6-29_APRA/cifar10_700_Jul.02_16.35.49_avg_True_no-noise_reba/agg_records/pkl/round_0253_avg.pkl
254,avg,success,"[79, 20, 26, 33, 92, 17, 74, 53, 67, 37]","[79, 20, 26, 33, 92, 17, 74, 53, 67, 37]",[],10,10,[],re_result_6-29_APRA/cifar10_700_Jul.02_16.35.49_avg_True_no-noise_reba/agg_records/pkl/round_0254_avg.pkl
255,avg,success,"[59, 60, 15, 98, 92, 78, 48, 45, 30, 35]","[59, 60, 15, 98, 92, 78, 48, 45, 30, 35]",[],10,10,[],re_result_6-29_APRA/cifar10_700_Jul.02_16.35.49_avg_True_no-noise_reba/agg_records/pkl/round_0255_avg.pkl
256,avg,success,"[61, 76, 36, 55, 24, 71, 43, 30, 50, 74]","[61, 76, 36, 55, 24, 71, 43, 30, 50, 74]",[],10,10,[],re_result_6-29_APRA/cifar10_700_Jul.02_16.35.49_avg_True_no-noise_reba/agg_records/pkl/round_0256_avg.pkl
257,avg,success,"[68, 33, 38, 62, 76, 88, 54, 19, 29, 53]","[68, 33, 38, 62, 76, 88, 54, 19, 29, 53]",[],10,10,[],re_result_6-29_APRA/cifar10_700_Jul.02_16.35.49_avg_True_no-noise_reba/agg_records/pkl/round_0257_avg.pkl
258,avg,success,"[20, 47, 97, 72, 23, 79, 60, 68, 10, 95]","[20, 47, 97, 72, 23, 79, 60, 68, 10, 95]",[],10,10,[],re_result_6-29_APRA/cifar10_700_Jul.02_16.35.49_avg_True_no-noise_reba/agg_records/pkl/round_0258_avg.pkl
259,avg,success,"[43, 20, 17, 83, 37, 13, 35, 26, 49, 61]","[43, 20, 17, 83, 37, 13, 35, 26, 49, 61]",[],10,10,[],re_result_6-29_APRA/cifar10_700_Jul.02_16.35.49_avg_True_no-noise_reba/agg_records/pkl/round_0259_avg.pkl
260,avg,success,"[34, 67, 88, 27, 97, 44, 86, 11, 26, 73]","[34, 67, 88, 27, 97, 44, 86, 11, 26, 73]",[],10,10,[],re_result_6-29_APRA/cifar10_700_Jul.02_16.35.49_avg_True_no-noise_reba/agg_records/pkl/round_0260_avg.pkl
261,avg,success,"[13, 3, 14, 11, 24, 80, 55, 33, 44, 64]","[13, 3, 14, 11, 24, 80, 55, 33, 44, 64]",[],10,10,[],re_result_6-29_APRA/cifar10_700_Jul.02_16.35.49_avg_True_no-noise_reba/agg_records/pkl/round_0261_avg.pkl
262,avg,success,"[59, 87, 43, 21, 12, 90, 84, 73, 37, 50]","[59, 87, 43, 21, 12, 90, 84, 73, 37, 50]",[],10,10,[],re_result_6-29_APRA/cifar10_700_Jul.02_16.35.49_avg_True_no-noise_reba/agg_records/pkl/round_0262_avg.pkl
263,avg,success,"[90, 7, 72, 8, 42, 50, 48, 59, 24, 45]","[90, 7, 72, 8, 42, 50, 48, 59, 24, 45]",[],10,10,[],re_result_6-29_APRA/cifar10_700_Jul.02_16.35.49_avg_True_no-noise_reba/agg_records/pkl/round_0263_avg.pkl
264,avg,success,"[8, 82, 3, 98, 31, 28, 91, 68, 27, 22]","[8, 82, 3, 98, 31, 28, 91, 68, 27, 22]",[],10,10,[],re_result_6-29_APRA/cifar10_700_Jul.02_16.35.49_avg_True_no-noise_reba/agg_records/pkl/round_0264_avg.pkl
265,avg,success,"[17, 8, 64, 29, 61, 1, 27, 86, 38, 84]","[17, 8, 64, 29, 61, 1, 27, 86, 38, 84]",[],10,10,[],re_result_6-29_APRA/cifar10_700_Jul.02_16.35.49_avg_True_no-noise_reba/agg_records/pkl/round_0265_avg.pkl
266,avg,success,"[8, 28, 40, 82, 52, 95, 15, 71, 33, 47]","[8, 28, 40, 82, 52, 95, 15, 71, 33, 47]",[],10,10,[],re_result_6-29_APRA/cifar10_700_Jul.02_16.35.49_avg_True_no-noise_reba/agg_records/pkl/round_0266_avg.pkl
267,avg,success,"[45, 76, 96, 47, 38, 59, 36, 68, 84, 19]","[45, 76, 96, 47, 38, 59, 36, 68, 84, 19]",[],10,10,[],re_result_6-29_APRA/cifar10_700_Jul.02_16.35.49_avg_True_no-noise_reba/agg_records/pkl/round_0267_avg.pkl
268,avg,success,"[66, 61, 59, 53, 63, 44, 35, 72, 21, 52]","[66, 61, 59, 53, 63, 44, 35, 72, 21, 52]",[],10,10,[],re_result_6-29_APRA/cifar10_700_Jul.02_16.35.49_avg_True_no-noise_reba/agg_records/pkl/round_0268_avg.pkl
269,avg,success,"[73, 64, 98, 23, 48, 97, 81, 67, 49, 87]","[73, 64, 98, 23, 48, 97, 81, 67, 49, 87]",[],10,10,[],re_result_6-29_APRA/cifar10_700_Jul.02_16.35.49_avg_True_no-noise_reba/agg_records/pkl/round_0269_avg.pkl
270,avg,success,"[27, 72, 11, 80, 40, 87, 78, 84, 97, 79]","[27, 72, 11, 80, 40, 87, 78, 84, 97, 79]",[],10,10,[],re_result_6-29_APRA/cifar10_700_Jul.02_16.35.49_avg_True_no-noise_reba/agg_records/pkl/round_0270_avg.pkl
271,avg,success,"[98, 31, 60, 39, 13, 63, 59, 83, 27, 14]","[98, 31, 60, 39, 13, 63, 59, 83, 27, 14]",[],10,10,[],re_result_6-29_APRA/cifar10_700_Jul.02_16.35.49_avg_True_no-noise_reba/agg_records/pkl/round_0271_avg.pkl
272,avg,success,"[91, 78, 82, 95, 89, 61, 14, 41, 15, 69]","[91, 78, 82, 95, 89, 61, 14, 41, 15, 69]",[],10,10,[],re_result_6-29_APRA/cifar10_700_Jul.02_16.35.49_avg_True_no-noise_reba/agg_records/pkl/round_0272_avg.pkl
273,avg,success,"[70, 33, 37, 73, 26, 15, 8, 90, 93, 57]","[70, 33, 37, 73, 26, 15, 8, 90, 93, 57]",[],10,10,[],re_result_6-29_APRA/cifar10_700_Jul.02_16.35.49_avg_True_no-noise_reba/agg_records/pkl/round_0273_avg.pkl
274,avg,success,"[69, 47, 82, 87, 49, 85, 26, 21, 96, 53]","[69, 47, 82, 87, 49, 85, 26, 21, 96, 53]",[],10,10,[],re_result_6-29_APRA/cifar10_700_Jul.02_16.35.49_avg_True_no-noise_reba/agg_records/pkl/round_0274_avg.pkl
275,avg,success,"[60, 61, 92, 50, 66, 16, 88, 19, 27, 20]","[60, 61, 92, 50, 66, 16, 88, 19, 27, 20]",[],10,10,[],re_result_6-29_APRA/cifar10_700_Jul.02_16.35.49_avg_True_no-noise_reba/agg_records/pkl/round_0275_avg.pkl
276,avg,success,"[68, 92, 6, 44, 13, 49, 88, 38, 26, 86]","[68, 92, 6, 44, 13, 49, 88, 38, 26, 86]",[],10,10,[],re_result_6-29_APRA/cifar10_700_Jul.02_16.35.49_avg_True_no-noise_reba/agg_records/pkl/round_0276_avg.pkl
277,avg,success,"[74, 20, 52, 89, 2, 29, 3, 57, 70, 13]","[74, 20, 52, 89, 2, 29, 3, 57, 70, 13]",[],10,10,[],re_result_6-29_APRA/cifar10_700_Jul.02_16.35.49_avg_True_no-noise_reba/agg_records/pkl/round_0277_avg.pkl
278,avg,success,"[60, 68, 12, 28, 79, 54, 86, 31, 9, 10]","[60, 68, 12, 28, 79, 54, 86, 31, 9, 10]",[],10,10,[],re_result_6-29_APRA/cifar10_700_Jul.02_16.35.49_avg_True_no-noise_reba/agg_records/pkl/round_0278_avg.pkl
279,avg,success,"[41, 10, 16, 51, 71, 75, 7, 31, 42, 25]","[41, 10, 16, 51, 71, 75, 7, 31, 42, 25]",[],10,10,[],re_result_6-29_APRA/cifar10_700_Jul.02_16.35.49_avg_True_no-noise_reba/agg_records/pkl/round_0279_avg.pkl
280,avg,success,"[77, 25, 68, 80, 10, 24, 99, 34, 95, 11]","[77, 25, 68, 80, 10, 24, 99, 34, 95, 11]",[],10,10,[],re_result_6-29_APRA/cifar10_700_Jul.02_16.35.49_avg_True_no-noise_reba/agg_records/pkl/round_0280_avg.pkl
281,avg,success,"[98, 5, 53, 99, 62, 72, 65, 0, 51, 76]","[98, 5, 53, 99, 62, 72, 65, 0, 51, 76]",[],10,10,[],re_result_6-29_APRA/cifar10_700_Jul.02_16.35.49_avg_True_no-noise_reba/agg_records/pkl/round_0281_avg.pkl
282,avg,success,"[81, 33, 29, 88, 10, 99, 48, 40, 75, 57]","[81, 33, 29, 88, 10, 99, 48, 40, 75, 57]",[],10,10,[],re_result_6-29_APRA/cifar10_700_Jul.02_16.35.49_avg_True_no-noise_reba/agg_records/pkl/round_0282_avg.pkl
283,avg,success,"[88, 53, 56, 59, 19, 36, 9, 48, 49, 16]","[88, 53, 56, 59, 19, 36, 9, 48, 49, 16]",[],10,10,[],re_result_6-29_APRA/cifar10_700_Jul.02_16.35.49_avg_True_no-noise_reba/agg_records/pkl/round_0283_avg.pkl
284,avg,success,"[7, 61, 83, 49, 29, 75, 51, 10, 9, 94]","[7, 61, 83, 49, 29, 75, 51, 10, 9, 94]",[],10,10,[],re_result_6-29_APRA/cifar10_700_Jul.02_16.35.49_avg_True_no-noise_reba/agg_records/pkl/round_0284_avg.pkl
285,avg,success,"[83, 17, 19, 54, 35, 40, 4, 62, 50, 85]","[83, 17, 19, 54, 35, 40, 4, 62, 50, 85]",[],10,10,[],re_result_6-29_APRA/cifar10_700_Jul.02_16.35.49_avg_True_no-noise_reba/agg_records/pkl/round_0285_avg.pkl
286,avg,success,"[59, 53, 24, 61, 75, 63, 6, 44, 67, 49]","[59, 53, 24, 61, 75, 63, 6, 44, 67, 49]",[],10,10,[],re_result_6-29_APRA/cifar10_700_Jul.02_16.35.49_avg_True_no-noise_reba/agg_records/pkl/round_0286_avg.pkl
287,avg,success,"[51, 43, 3, 35, 45, 83, 20, 92, 11, 40]","[51, 43, 3, 35, 45, 83, 20, 92, 11, 40]",[],10,10,[],re_result_6-29_APRA/cifar10_700_Jul.02_16.35.49_avg_True_no-noise_reba/agg_records/pkl/round_0287_avg.pkl
288,avg,success,"[93, 45, 30, 78, 85, 13, 23, 51, 12, 10]","[93, 45, 30, 78, 85, 13, 23, 51, 12, 10]",[],10,10,[],re_result_6-29_APRA/cifar10_700_Jul.02_16.35.49_avg_True_no-noise_reba/agg_records/pkl/round_0288_avg.pkl
289,avg,success,"[85, 5, 9, 1, 91, 26, 64, 0, 34, 8]","[85, 5, 9, 1, 91, 26, 64, 0, 34, 8]",[],10,10,[],re_result_6-29_APRA/cifar10_700_Jul.02_16.35.49_avg_True_no-noise_reba/agg_records/pkl/round_0289_avg.pkl
290,avg,success,"[0, 12, 11, 54, 28, 60, 24, 59, 67, 26]","[0, 12, 11, 54, 28, 60, 24, 59, 67, 26]",[],10,10,[],re_result_6-29_APRA/cifar10_700_Jul.02_16.35.49_avg_True_no-noise_reba/agg_records/pkl/round_0290_avg.pkl
291,avg,success,"[13, 69, 16, 68, 24, 51, 14, 73, 74, 87]","[13, 69, 16, 68, 24, 51, 14, 73, 74, 87]",[],10,10,[],re_result_6-29_APRA/cifar10_700_Jul.02_16.35.49_avg_True_no-noise_reba/agg_records/pkl/round_0291_avg.pkl
292,avg,success,"[79, 83, 3, 98, 38, 22, 30, 44, 35, 56]","[79, 83, 3, 98, 38, 22, 30, 44, 35, 56]",[],10,10,[],re_result_6-29_APRA/cifar10_700_Jul.02_16.35.49_avg_True_no-noise_reba/agg_records/pkl/round_0292_avg.pkl
293,avg,success,"[3, 26, 51, 92, 57, 1, 35, 67, 85, 99]","[3, 26, 51, 92, 57, 1, 35, 67, 85, 99]",[],10,10,[],re_result_6-29_APRA/cifar10_700_Jul.02_16.35.49_avg_True_no-noise_reba/agg_records/pkl/round_0293_avg.pkl
294,avg,success,"[31, 97, 71, 39, 22, 57, 82, 81, 86, 54]","[31, 97, 71, 39, 22, 57, 82, 81, 86, 54]",[],10,10,[],re_result_6-29_APRA/cifar10_700_Jul.02_16.35.49_avg_True_no-noise_reba/agg_records/pkl/round_0294_avg.pkl
295,avg,success,"[2, 19, 25, 27, 16, 69, 83, 30, 64, 44]","[2, 19, 25, 27, 16, 69, 83, 30, 64, 44]",[],10,10,[],re_result_6-29_APRA/cifar10_700_Jul.02_16.35.49_avg_True_no-noise_reba/agg_records/pkl/round_0295_avg.pkl
296,avg,success,"[31, 62, 55, 27, 82, 8, 97, 80, 79, 20]","[31, 62, 55, 27, 82, 8, 97, 80, 79, 20]",[],10,10,[],re_result_6-29_APRA/cifar10_700_Jul.02_16.35.49_avg_True_no-noise_reba/agg_records/pkl/round_0296_avg.pkl
297,avg,success,"[0, 77, 3, 2, 35, 58, 44, 4, 81, 28]","[0, 77, 3, 2, 35, 58, 44, 4, 81, 28]",[],10,10,[],re_result_6-29_APRA/cifar10_700_Jul.02_16.35.49_avg_True_no-noise_reba/agg_records/pkl/round_0297_avg.pkl
298,avg,success,"[87, 31, 85, 94, 48, 2, 25, 56, 79, 88]","[87, 31, 85, 94, 48, 2, 25, 56, 79, 88]",[],10,10,[],re_result_6-29_APRA/cifar10_700_Jul.02_16.35.49_avg_True_no-noise_reba/agg_records/pkl/round_0298_avg.pkl
299,avg,success,"[93, 81, 37, 29, 19, 72, 40, 97, 10, 8]","[93, 81, 37, 29, 19, 72, 40, 97, 10, 8]",[],10,10,[],re_result_6-29_APRA/cifar10_700_Jul.02_16.35.49_avg_True_no-noise_reba/agg_records/pkl/round_0299_avg.pkl
300,avg,success,"[8, 4, 61, 47, 6, 97, 77, 91, 46, 48]","[8, 4, 61, 47, 6, 97, 77, 91, 46, 48]",[],10,10,[],re_result_6-29_APRA/cifar10_700_Jul.02_16.35.49_avg_True_no-noise_reba/agg_records/pkl/round_0300_avg.pkl
301,avg,success,"[16, 21, 27, 57, 12, 55, 8, 85, 56, 70]","[16, 21, 27, 57, 12, 55, 8, 85, 56, 70]",[],10,10,[],re_result_6-29_APRA/cifar10_700_Jul.02_16.35.49_avg_True_no-noise_reba/agg_records/pkl/round_0301_avg.pkl
302,avg,success,"[49, 25, 88, 84, 11, 91, 76, 50, 82, 78]","[49, 25, 88, 84, 11, 91, 76, 50, 82, 78]",[],10,10,[],re_result_6-29_APRA/cifar10_700_Jul.02_16.35.49_avg_True_no-noise_reba/agg_records/pkl/round_0302_avg.pkl
303,avg,success,"[9, 72, 73, 18, 4, 88, 20, 7, 58, 17]","[9, 72, 73, 18, 4, 88, 20, 7, 58, 17]",[],10,10,[],re_result_6-29_APRA/cifar10_700_Jul.02_16.35.49_avg_True_no-noise_reba/agg_records/pkl/round_0303_avg.pkl
304,avg,success,"[30, 59, 92, 86, 61, 85, 41, 98, 16, 11]","[30, 59, 92, 86, 61, 85, 41, 98, 16, 11]",[],10,10,[],re_result_6-29_APRA/cifar10_700_Jul.02_16.35.49_avg_True_no-noise_reba/agg_records/pkl/round_0304_avg.pkl
305,avg,success,"[12, 4, 61, 29, 8, 69, 10, 90, 18, 2]","[12, 4, 61, 29, 8, 69, 10, 90, 18, 2]",[],10,10,[],re_result_6-29_APRA/cifar10_700_Jul.02_16.35.49_avg_True_no-noise_reba/agg_records/pkl/round_0305_avg.pkl
306,avg,success,"[40, 56, 36, 26, 84, 10, 14, 73, 91, 8]","[40, 56, 36, 26, 84, 10, 14, 73, 91, 8]",[],10,10,[],re_result_6-29_APRA/cifar10_700_Jul.02_16.35.49_avg_True_no-noise_reba/agg_records/pkl/round_0306_avg.pkl
307,avg,success,"[46, 93, 55, 38, 17, 56, 69, 34, 71, 97]","[46, 93, 55, 38, 17, 56, 69, 34, 71, 97]",[],10,10,[],re_result_6-29_APRA/cifar10_700_Jul.02_16.35.49_avg_True_no-noise_reba/agg_records/pkl/round_0307_avg.pkl
308,avg,success,"[60, 12, 93, 76, 46, 32, 87, 73, 40, 58]","[60, 12, 93, 76, 46, 32, 87, 73, 40, 58]",[],10,10,[],re_result_6-29_APRA/cifar10_700_Jul.02_16.35.49_avg_True_no-noise_reba/agg_records/pkl/round_0308_avg.pkl
309,avg,success,"[38, 76, 75, 6, 3, 11, 54, 47, 59, 22]","[38, 76, 75, 6, 3, 11, 54, 47, 59, 22]",[],10,10,[],re_result_6-29_APRA/cifar10_700_Jul.02_16.35.49_avg_True_no-noise_reba/agg_records/pkl/round_0309_avg.pkl
310,avg,success,"[20, 96, 28, 38, 93, 74, 61, 21, 59, 36]","[20, 96, 28, 38, 93, 74, 61, 21, 59, 36]",[],10,10,[],re_result_6-29_APRA/cifar10_700_Jul.02_16.35.49_avg_True_no-noise_reba/agg_records/pkl/round_0310_avg.pkl
311,avg,success,"[9, 20, 50, 98, 68, 84, 28, 13, 64, 43]","[9, 20, 50, 98, 68, 84, 28, 13, 64, 43]",[],10,10,[],re_result_6-29_APRA/cifar10_700_Jul.02_16.35.49_avg_True_no-noise_reba/agg_records/pkl/round_0311_avg.pkl
312,avg,success,"[94, 61, 1, 2, 66, 30, 65, 4, 21, 8]","[94, 61, 1, 2, 66, 30, 65, 4, 21, 8]",[],10,10,[],re_result_6-29_APRA/cifar10_700_Jul.02_16.35.49_avg_True_no-noise_reba/agg_records/pkl/round_0312_avg.pkl
313,avg,success,"[68, 91, 80, 61, 19, 99, 7, 67, 59, 29]","[68, 91, 80, 61, 19, 99, 7, 67, 59, 29]",[],10,10,[],re_result_6-29_APRA/cifar10_700_Jul.02_16.35.49_avg_True_no-noise_reba/agg_records/pkl/round_0313_avg.pkl
314,avg,success,"[11, 6, 70, 35, 61, 3, 34, 12, 76, 21]","[11, 6, 70, 35, 61, 3, 34, 12, 76, 21]",[],10,10,[],re_result_6-29_APRA/cifar10_700_Jul.02_16.35.49_avg_True_no-noise_reba/agg_records/pkl/round_0314_avg.pkl
315,avg,success,"[32, 19, 18, 91, 74, 16, 17, 52, 11, 10]","[32, 19, 18, 91, 74, 16, 17, 52, 11, 10]",[],10,10,[],re_result_6-29_APRA/cifar10_700_Jul.02_16.35.49_avg_True_no-noise_reba/agg_records/pkl/round_0315_avg.pkl
316,avg,success,"[96, 24, 82, 8, 53, 83, 28, 55, 69, 9]","[96, 24, 82, 8, 53, 83, 28, 55, 69, 9]",[],10,10,[],re_result_6-29_APRA/cifar10_700_Jul.02_16.35.49_avg_True_no-noise_reba/agg_records/pkl/round_0316_avg.pkl
317,avg,success,"[96, 26, 71, 81, 85, 83, 55, 17, 32, 99]","[96, 26, 71, 81, 85, 83, 55, 17, 32, 99]",[],10,10,[],re_result_6-29_APRA/cifar10_700_Jul.02_16.35.49_avg_True_no-noise_reba/agg_records/pkl/round_0317_avg.pkl
318,avg,success,"[29, 42, 64, 78, 37, 39, 7, 27, 22, 10]","[29, 42, 64, 78, 37, 39, 7, 27, 22, 10]",[],10,10,[],re_result_6-29_APRA/cifar10_700_Jul.02_16.35.49_avg_True_no-noise_reba/agg_records/pkl/round_0318_avg.pkl
319,avg,success,"[92, 65, 27, 19, 9, 62, 85, 98, 13, 33]","[92, 65, 27, 19, 9, 62, 85, 98, 13, 33]",[],10,10,[],re_result_6-29_APRA/cifar10_700_Jul.02_16.35.49_avg_True_no-noise_reba/agg_records/pkl/round_0319_avg.pkl
320,avg,success,"[96, 13, 41, 30, 59, 22, 6, 60, 14, 85]","[96, 13, 41, 30, 59, 22, 6, 60, 14, 85]",[],10,10,[],re_result_6-29_APRA/cifar10_700_Jul.02_16.35.49_avg_True_no-noise_reba/agg_records/pkl/round_0320_avg.pkl
321,avg,success,"[37, 19, 93, 64, 8, 31, 63, 1, 13, 96]","[37, 19, 93, 64, 8, 31, 63, 1, 13, 96]",[],10,10,[],re_result_6-29_APRA/cifar10_700_Jul.02_16.35.49_avg_True_no-noise_reba/agg_records/pkl/round_0321_avg.pkl
322,avg,success,"[41, 23, 18, 27, 62, 9, 11, 49, 15, 44]","[41, 23, 18, 27, 62, 9, 11, 49, 15, 44]",[],10,10,[],re_result_6-29_APRA/cifar10_700_Jul.02_16.35.49_avg_True_no-noise_reba/agg_records/pkl/round_0322_avg.pkl
323,avg,success,"[7, 20, 98, 30, 29, 72, 15, 62, 1, 94]","[7, 20, 98, 30, 29, 72, 15, 62, 1, 94]",[],10,10,[],re_result_6-29_APRA/cifar10_700_Jul.02_16.35.49_avg_True_no-noise_reba/agg_records/pkl/round_0323_avg.pkl
324,avg,success,"[91, 41, 13, 43, 10, 50, 57, 97, 58, 28]","[91, 41, 13, 43, 10, 50, 57, 97, 58, 28]",[],10,10,[],re_result_6-29_APRA/cifar10_700_Jul.02_16.35.49_avg_True_no-noise_reba/agg_records/pkl/round_0324_avg.pkl
325,avg,success,"[52, 58, 46, 10, 67, 74, 5, 27, 23, 60]","[52, 58, 46, 10, 67, 74, 5, 27, 23, 60]",[],10,10,[],re_result_6-29_APRA/cifar10_700_Jul.02_16.35.49_avg_True_no-noise_reba/agg_records/pkl/round_0325_avg.pkl
326,avg,success,"[3, 30, 26, 83, 81, 2, 77, 85, 68, 41]","[3, 30, 26, 83, 81, 2, 77, 85, 68, 41]",[],10,10,[],re_result_6-29_APRA/cifar10_700_Jul.02_16.35.49_avg_True_no-noise_reba/agg_records/pkl/round_0326_avg.pkl
327,avg,success,"[73, 61, 77, 50, 22, 58, 86, 39, 27, 31]","[73, 61, 77, 50, 22, 58, 86, 39, 27, 31]",[],10,10,[],re_result_6-29_APRA/cifar10_700_Jul.02_16.35.49_avg_True_no-noise_reba/agg_records/pkl/round_0327_avg.pkl
328,avg,success,"[60, 73, 3, 41, 86, 96, 14, 92, 55, 18]","[60, 73, 3, 41, 86, 96, 14, 92, 55, 18]",[],10,10,[],re_result_6-29_APRA/cifar10_700_Jul.02_16.35.49_avg_True_no-noise_reba/agg_records/pkl/round_0328_avg.pkl
329,avg,success,"[19, 34, 36, 23, 28, 96, 55, 53, 95, 66]","[19, 34, 36, 23, 28, 96, 55, 53, 95, 66]",[],10,10,[],re_result_6-29_APRA/cifar10_700_Jul.02_16.35.49_avg_True_no-noise_reba/agg_records/pkl/round_0329_avg.pkl
330,avg,success,"[48, 55, 13, 52, 98, 75, 2, 74, 35, 15]","[48, 55, 13, 52, 98, 75, 2, 74, 35, 15]",[],10,10,[],re_result_6-29_APRA/cifar10_700_Jul.02_16.35.49_avg_True_no-noise_reba/agg_records/pkl/round_0330_avg.pkl
331,avg,success,"[82, 16, 37, 73, 78, 28, 46, 12, 29, 75]","[82, 16, 37, 73, 78, 28, 46, 12, 29, 75]",[],10,10,[],re_result_6-29_APRA/cifar10_700_Jul.02_16.35.49_avg_True_no-noise_reba/agg_records/pkl/round_0331_avg.pkl
332,avg,success,"[46, 59, 13, 72, 42, 34, 96, 36, 88, 12]","[46, 59, 13, 72, 42, 34, 96, 36, 88, 12]",[],10,10,[],re_result_6-29_APRA/cifar10_700_Jul.02_16.35.49_avg_True_no-noise_reba/agg_records/pkl/round_0332_avg.pkl
333,avg,success,"[80, 12, 47, 30, 72, 90, 38, 86, 62, 70]","[80, 12, 47, 30, 72, 90, 38, 86, 62, 70]",[],10,10,[],re_result_6-29_APRA/cifar10_700_Jul.02_16.35.49_avg_True_no-noise_reba/agg_records/pkl/round_0333_avg.pkl
334,avg,success,"[49, 32, 37, 40, 24, 62, 92, 47, 88, 31]","[49, 32, 37, 40, 24, 62, 92, 47, 88, 31]",[],10,10,[],re_result_6-29_APRA/cifar10_700_Jul.02_16.35.49_avg_True_no-noise_reba/agg_records/pkl/round_0334_avg.pkl
335,avg,success,"[79, 53, 18, 46, 14, 75, 33, 34, 28, 30]","[79, 53, 18, 46, 14, 75, 33, 34, 28, 30]",[],10,10,[],re_result_6-29_APRA/cifar10_700_Jul.02_16.35.49_avg_True_no-noise_reba/agg_records/pkl/round_0335_avg.pkl
336,avg,success,"[33, 3, 14, 48, 21, 46, 81, 23, 98, 20]","[33, 3, 14, 48, 21, 46, 81, 23, 98, 20]",[],10,10,[],re_result_6-29_APRA/cifar10_700_Jul.02_16.35.49_avg_True_no-noise_reba/agg_records/pkl/round_0336_avg.pkl
337,avg,success,"[72, 70, 40, 45, 59, 97, 54, 98, 47, 56]","[72, 70, 40, 45, 59, 97, 54, 98, 47, 56]",[],10,10,[],re_result_6-29_APRA/cifar10_700_Jul.02_16.35.49_avg_True_no-noise_reba/agg_records/pkl/round_0337_avg.pkl
338,avg,success,"[28, 7, 90, 37, 16, 57, 86, 49, 93, 22]","[28, 7, 90, 37, 16, 57, 86, 49, 93, 22]",[],10,10,[],re_result_6-29_APRA/cifar10_700_Jul.02_16.35.49_avg_True_no-noise_reba/agg_records/pkl/round_0338_avg.pkl
339,avg,success,"[93, 2, 59, 41, 87, 64, 0, 12, 18, 45]","[93, 2, 59, 41, 87, 64, 0, 12, 18, 45]",[],10,10,[],re_result_6-29_APRA/cifar10_700_Jul.02_16.35.49_avg_True_no-noise_reba/agg_records/pkl/round_0339_avg.pkl
340,avg,success,"[73, 66, 35, 49, 69, 7, 57, 14, 71, 68]","[73, 66, 35, 49, 69, 7, 57, 14, 71, 68]",[],10,10,[],re_result_6-29_APRA/cifar10_700_Jul.02_16.35.49_avg_True_no-noise_reba/agg_records/pkl/round_0340_avg.pkl
341,avg,success,"[25, 46, 18, 3, 90, 30, 36, 91, 60, 52]","[25, 46, 18, 3, 90, 30, 36, 91, 60, 52]",[],10,10,[],re_result_6-29_APRA/cifar10_700_Jul.02_16.35.49_avg_True_no-noise_reba/agg_records/pkl/round_0341_avg.pkl
342,avg,success,"[40, 84, 51, 4, 0, 77, 80, 79, 5, 95]","[40, 84, 51, 4, 0, 77, 80, 79, 5, 95]",[],10,10,[],re_result_6-29_APRA/cifar10_700_Jul.02_16.35.49_avg_True_no-noise_reba/agg_records/pkl/round_0342_avg.pkl
343,avg,success,"[27, 18, 88, 55, 71, 82, 21, 34, 38, 44]","[27, 18, 88, 55, 71, 82, 21, 34, 38, 44]",[],10,10,[],re_result_6-29_APRA/cifar10_700_Jul.02_16.35.49_avg_True_no-noise_reba/agg_records/pkl/round_0343_avg.pkl
344,avg,success,"[29, 16, 63, 28, 26, 40, 53, 11, 69, 68]","[29, 16, 63, 28, 26, 40, 53, 11, 69, 68]",[],10,10,[],re_result_6-29_APRA/cifar10_700_Jul.02_16.35.49_avg_True_no-noise_reba/agg_records/pkl/round_0344_avg.pkl
345,avg,success,"[19, 6, 28, 55, 83, 10, 88, 30, 96, 22]","[19, 6, 28, 55, 83, 10, 88, 30, 96, 22]",[],10,10,[],re_result_6-29_APRA/cifar10_700_Jul.02_16.35.49_avg_True_no-noise_reba/agg_records/pkl/round_0345_avg.pkl
346,avg,success,"[8, 43, 37, 20, 42, 27, 51, 39, 9, 36]","[8, 43, 37, 20, 42, 27, 51, 39, 9, 36]",[],10,10,[],re_result_6-29_APRA/cifar10_700_Jul.02_16.35.49_avg_True_no-noise_reba/agg_records/pkl/round_0346_avg.pkl
347,avg,success,"[15, 19, 8, 29, 11, 70, 34, 87, 73, 25]","[15, 19, 8, 29, 11, 70, 34, 87, 73, 25]",[],10,10,[],re_result_6-29_APRA/cifar10_700_Jul.02_16.35.49_avg_True_no-noise_reba/agg_records/pkl/round_0347_avg.pkl
348,avg,success,"[73, 66, 4, 17, 89, 61, 84, 34, 1, 31]","[73, 66, 4, 17, 89, 61, 84, 34, 1, 31]",[],10,10,[],re_result_6-29_APRA/cifar10_700_Jul.02_16.35.49_avg_True_no-noise_reba/agg_records/pkl/round_0348_avg.pkl
349,avg,success,"[11, 70, 83, 72, 88, 73, 78, 17, 41, 23]","[11, 70, 83, 72, 88, 73, 78, 17, 41, 23]",[],10,10,[],re_result_6-29_APRA/cifar10_700_Jul.02_16.35.49_avg_True_no-noise_reba/agg_records/pkl/round_0349_avg.pkl
350,avg,success,"[21, 80, 60, 48, 18, 69, 2, 61, 77, 88]","[21, 80, 60, 48, 18, 69, 2, 61, 77, 88]",[],10,10,[],re_result_6-29_APRA/cifar10_700_Jul.02_16.35.49_avg_True_no-noise_reba/agg_records/pkl/round_0350_avg.pkl
351,avg,success,"[79, 99, 38, 17, 89, 16, 62, 13, 77, 78]","[79, 99, 38, 17, 89, 16, 62, 13, 77, 78]",[],10,10,[],re_result_6-29_APRA/cifar10_700_Jul.02_16.35.49_avg_True_no-noise_reba/agg_records/pkl/round_0351_avg.pkl
352,avg,success,"[94, 29, 8, 37, 10, 5, 64, 2, 93, 66]","[94, 29, 8, 37, 10, 5, 64, 2, 93, 66]",[],10,10,[],re_result_6-29_APRA/cifar10_700_Jul.02_16.35.49_avg_True_no-noise_reba/agg_records/pkl/round_0352_avg.pkl
353,avg,success,"[1, 44, 56, 55, 87, 65, 33, 62, 73, 85]","[1, 44, 56, 55, 87, 65, 33, 62, 73, 85]",[],10,10,[],re_result_6-29_APRA/cifar10_700_Jul.02_16.35.49_avg_True_no-noise_reba/agg_records/pkl/round_0353_avg.pkl
354,avg,success,"[54, 69, 33, 43, 13, 53, 29, 18, 51, 37]","[54, 69, 33, 43, 13, 53, 29, 18, 51, 37]",[],10,10,[],re_result_6-29_APRA/cifar10_700_Jul.02_16.35.49_avg_True_no-noise_reba/agg_records/pkl/round_0354_avg.pkl
355,avg,success,"[52, 60, 66, 20, 87, 15, 10, 5, 91, 51]","[52, 60, 66, 20, 87, 15, 10, 5, 91, 51]",[],10,10,[],re_result_6-29_APRA/cifar10_700_Jul.02_16.35.49_avg_True_no-noise_reba/agg_records/pkl/round_0355_avg.pkl
356,avg,success,"[62, 24, 22, 1, 74, 17, 11, 37, 79, 38]","[62, 24, 22, 1, 74, 17, 11, 37, 79, 38]",[],10,10,[],re_result_6-29_APRA/cifar10_700_Jul.02_16.35.49_avg_True_no-noise_reba/agg_records/pkl/round_0356_avg.pkl
357,avg,success,"[24, 25, 67, 50, 74, 53, 22, 2, 27, 92]","[24, 25, 67, 50, 74, 53, 22, 2, 27, 92]",[],10,10,[],re_result_6-29_APRA/cifar10_700_Jul.02_16.35.49_avg_True_no-noise_reba/agg_records/pkl/round_0357_avg.pkl
358,avg,success,"[36, 65, 53, 56, 51, 8, 98, 24, 67, 1]","[36, 65, 53, 56, 51, 8, 98, 24, 67, 1]",[],10,10,[],re_result_6-29_APRA/cifar10_700_Jul.02_16.35.49_avg_True_no-noise_reba/agg_records/pkl/round_0358_avg.pkl
359,avg,success,"[7, 26, 0, 58, 28, 24, 67, 45, 59, 71]","[7, 26, 0, 58, 28, 24, 67, 45, 59, 71]",[],10,10,[],re_result_6-29_APRA/cifar10_700_Jul.02_16.35.49_avg_True_no-noise_reba/agg_records/pkl/round_0359_avg.pkl
360,avg,success,"[91, 42, 92, 80, 83, 50, 67, 59, 30, 38]","[91, 42, 92, 80, 83, 50, 67, 59, 30, 38]",[],10,10,[],re_result_6-29_APRA/cifar10_700_Jul.02_16.35.49_avg_True_no-noise_reba/agg_records/pkl/round_0360_avg.pkl
361,avg,success,"[13, 32, 29, 34, 4, 8, 21, 55, 20, 46]","[13, 32, 29, 34, 4, 8, 21, 55, 20, 46]",[],10,10,[],re_result_6-29_APRA/cifar10_700_Jul.02_16.35.49_avg_True_no-noise_reba/agg_records/pkl/round_0361_avg.pkl
362,avg,success,"[46, 5, 39, 42, 45, 72, 0, 41, 66, 57]","[46, 5, 39, 42, 45, 72, 0, 41, 66, 57]",[],10,10,[],re_result_6-29_APRA/cifar10_700_Jul.02_16.35.49_avg_True_no-noise_reba/agg_records/pkl/round_0362_avg.pkl
363,avg,success,"[43, 44, 61, 16, 82, 93, 50, 85, 83, 5]","[43, 44, 61, 16, 82, 93, 50, 85, 83, 5]",[],10,10,[],re_result_6-29_APRA/cifar10_700_Jul.02_16.35.49_avg_True_no-noise_reba/agg_records/pkl/round_0363_avg.pkl
364,avg,success,"[11, 74, 98, 0, 70, 4, 8, 36, 22, 32]","[11, 74, 98, 0, 70, 4, 8, 36, 22, 32]",[],10,10,[],re_result_6-29_APRA/cifar10_700_Jul.02_16.35.49_avg_True_no-noise_reba/agg_records/pkl/round_0364_avg.pkl
365,avg,success,"[76, 88, 38, 56, 10, 64, 63, 6, 87, 73]","[76, 88, 38, 56, 10, 64, 63, 6, 87, 73]",[],10,10,[],re_result_6-29_APRA/cifar10_700_Jul.02_16.35.49_avg_True_no-noise_reba/agg_records/pkl/round_0365_avg.pkl
366,avg,success,"[65, 86, 18, 31, 96, 83, 82, 58, 6, 50]","[65, 86, 18, 31, 96, 83, 82, 58, 6, 50]",[],10,10,[],re_result_6-29_APRA/cifar10_700_Jul.02_16.35.49_avg_True_no-noise_reba/agg_records/pkl/round_0366_avg.pkl
367,avg,success,"[74, 65, 55, 68, 3, 66, 39, 73, 22, 77]","[74, 65, 55, 68, 3, 66, 39, 73, 22, 77]",[],10,10,[],re_result_6-29_APRA/cifar10_700_Jul.02_16.35.49_avg_True_no-noise_reba/agg_records/pkl/round_0367_avg.pkl
368,avg,success,"[64, 63, 11, 60, 6, 10, 41, 78, 29, 54]","[64, 63, 11, 60, 6, 10, 41, 78, 29, 54]",[],10,10,[],re_result_6-29_APRA/cifar10_700_Jul.02_16.35.49_avg_True_no-noise_reba/agg_records/pkl/round_0368_avg.pkl
369,avg,success,"[0, 73, 82, 45, 59, 36, 42, 4, 14, 56]","[0, 73, 82, 45, 59, 36, 42, 4, 14, 56]",[],10,10,[],re_result_6-29_APRA/cifar10_700_Jul.02_16.35.49_avg_True_no-noise_reba/agg_records/pkl/round_0369_avg.pkl
370,avg,success,"[56, 21, 37, 99, 5, 22, 54, 1, 44, 19]","[56, 21, 37, 99, 5, 22, 54, 1, 44, 19]",[],10,10,[],re_result_6-29_APRA/cifar10_700_Jul.02_16.35.49_avg_True_no-noise_reba/agg_records/pkl/round_0370_avg.pkl
371,avg,success,"[39, 73, 85, 17, 96, 45, 78, 74, 86, 3]","[39, 73, 85, 17, 96, 45, 78, 74, 86, 3]",[],10,10,[],re_result_6-29_APRA/cifar10_700_Jul.02_16.35.49_avg_True_no-noise_reba/agg_records/pkl/round_0371_avg.pkl
372,avg,success,"[77, 71, 73, 34, 13, 63, 57, 61, 10, 41]","[77, 71, 73, 34, 13, 63, 57, 61, 10, 41]",[],10,10,[],re_result_6-29_APRA/cifar10_700_Jul.02_16.35.49_avg_True_no-noise_reba/agg_records/pkl/round_0372_avg.pkl
373,avg,success,"[33, 38, 27, 80, 86, 5, 31, 20, 85, 34]","[33, 38, 27, 80, 86, 5, 31, 20, 85, 34]",[],10,10,[],re_result_6-29_APRA/cifar10_700_Jul.02_16.35.49_avg_True_no-noise_reba/agg_records/pkl/round_0373_avg.pkl
374,avg,success,"[77, 38, 73, 33, 8, 90, 71, 25, 24, 17]","[77, 38, 73, 33, 8, 90, 71, 25, 24, 17]",[],10,10,[],re_result_6-29_APRA/cifar10_700_Jul.02_16.35.49_avg_True_no-noise_reba/agg_records/pkl/round_0374_avg.pkl
375,avg,success,"[24, 86, 27, 10, 25, 70, 43, 1, 99, 15]","[24, 86, 27, 10, 25, 70, 43, 1, 99, 15]",[],10,10,[],re_result_6-29_APRA/cifar10_700_Jul.02_16.35.49_avg_True_no-noise_reba/agg_records/pkl/round_0375_avg.pkl
376,avg,success,"[6, 4, 42, 33, 14, 76, 70, 13, 62, 91]","[6, 4, 42, 33, 14, 76, 70, 13, 62, 91]",[],10,10,[],re_result_6-29_APRA/cifar10_700_Jul.02_16.35.49_avg_True_no-noise_reba/agg_records/pkl/round_0376_avg.pkl
377,avg,success,"[17, 83, 67, 63, 13, 87, 91, 47, 5, 93]","[17, 83, 67, 63, 13, 87, 91, 47, 5, 93]",[],10,10,[],re_result_6-29_APRA/cifar10_700_Jul.02_16.35.49_avg_True_no-noise_reba/agg_records/pkl/round_0377_avg.pkl
378,avg,success,"[56, 34, 21, 30, 60, 19, 8, 4, 91, 94]","[56, 34, 21, 30, 60, 19, 8, 4, 91, 94]",[],10,10,[],re_result_6-29_APRA/cifar10_700_Jul.02_16.35.49_avg_True_no-noise_reba/agg_records/pkl/round_0378_avg.pkl
379,avg,success,"[34, 38, 18, 42, 68, 17, 37, 2, 74, 86]","[34, 38, 18, 42, 68, 17, 37, 2, 74, 86]",[],10,10,[],re_result_6-29_APRA/cifar10_700_Jul.02_16.35.49_avg_True_no-noise_reba/agg_records/pkl/round_0379_avg.pkl
380,avg,success,"[9, 94, 82, 8, 23, 24, 85, 60, 35, 67]","[9, 94, 82, 8, 23, 24, 85, 60, 35, 67]",[],10,10,[],re_result_6-29_APRA/cifar10_700_Jul.02_16.35.49_avg_True_no-noise_reba/agg_records/pkl/round_0380_avg.pkl
381,avg,success,"[17, 98, 78, 65, 13, 27, 61, 39, 60, 62]","[17, 98, 78, 65, 13, 27, 61, 39, 60, 62]",[],10,10,[],re_result_6-29_APRA/cifar10_700_Jul.02_16.35.49_avg_True_no-noise_reba/agg_records/pkl/round_0381_avg.pkl
382,avg,success,"[13, 94, 87, 98, 81, 18, 82, 93, 51, 60]","[13, 94, 87, 98, 81, 18, 82, 93, 51, 60]",[],10,10,[],re_result_6-29_APRA/cifar10_700_Jul.02_16.35.49_avg_True_no-noise_reba/agg_records/pkl/round_0382_avg.pkl
383,avg,success,"[10, 21, 4, 96, 19, 47, 30, 16, 62, 92]","[10, 21, 4, 96, 19, 47, 30, 16, 62, 92]",[],10,10,[],re_result_6-29_APRA/cifar10_700_Jul.02_16.35.49_avg_True_no-noise_reba/agg_records/pkl/round_0383_avg.pkl
384,avg,success,"[18, 76, 5, 59, 47, 1, 17, 77, 74, 14]","[18, 76, 5, 59, 47, 1, 17, 77, 74, 14]",[],10,10,[],re_result_6-29_APRA/cifar10_700_Jul.02_16.35.49_avg_True_no-noise_reba/agg_records/pkl/round_0384_avg.pkl
385,avg,success,"[3, 29, 13, 38, 59, 81, 64, 76, 0, 53]","[3, 29, 13, 38, 59, 81, 64, 76, 0, 53]",[],10,10,[],re_result_6-29_APRA/cifar10_700_Jul.02_16.35.49_avg_True_no-noise_reba/agg_records/pkl/round_0385_avg.pkl
386,avg,success,"[80, 31, 40, 59, 26, 27, 49, 24, 77, 66]","[80, 31, 40, 59, 26, 27, 49, 24, 77, 66]",[],10,10,[],re_result_6-29_APRA/cifar10_700_Jul.02_16.35.49_avg_True_no-noise_reba/agg_records/pkl/round_0386_avg.pkl
387,avg,success,"[83, 73, 96, 77, 61, 63, 38, 43, 86, 90]","[83, 73, 96, 77, 61, 63, 38, 43, 86, 90]",[],10,10,[],re_result_6-29_APRA/cifar10_700_Jul.02_16.35.49_avg_True_no-noise_reba/agg_records/pkl/round_0387_avg.pkl
388,avg,success,"[80, 94, 25, 28, 36, 24, 89, 31, 81, 14]","[80, 94, 25, 28, 36, 24, 89, 31, 81, 14]",[],10,10,[],re_result_6-29_APRA/cifar10_700_Jul.02_16.35.49_avg_True_no-noise_reba/agg_records/pkl/round_0388_avg.pkl
389,avg,success,"[65, 45, 52, 43, 64, 14, 30, 69, 10, 94]","[65, 45, 52, 43, 64, 14, 30, 69, 10, 94]",[],10,10,[],re_result_6-29_APRA/cifar10_700_Jul.02_16.35.49_avg_True_no-noise_reba/agg_records/pkl/round_0389_avg.pkl
390,avg,success,"[56, 86, 2, 75, 12, 10, 67, 57, 31, 73]","[56, 86, 2, 75, 12, 10, 67, 57, 31, 73]",[],10,10,[],re_result_6-29_APRA/cifar10_700_Jul.02_16.35.49_avg_True_no-noise_reba/agg_records/pkl/round_0390_avg.pkl
391,avg,success,"[9, 80, 47, 94, 34, 90, 72, 18, 63, 42]","[9, 80, 47, 94, 34, 90, 72, 18, 63, 42]",[],10,10,[],re_result_6-29_APRA/cifar10_700_Jul.02_16.35.49_avg_True_no-noise_reba/agg_records/pkl/round_0391_avg.pkl
392,avg,success,"[58, 89, 77, 14, 92, 18, 69, 25, 28, 50]","[58, 89, 77, 14, 92, 18, 69, 25, 28, 50]",[],10,10,[],re_result_6-29_APRA/cifar10_700_Jul.02_16.35.49_avg_True_no-noise_reba/agg_records/pkl/round_0392_avg.pkl
393,avg,success,"[63, 53, 3, 61, 80, 51, 16, 40, 55, 19]","[63, 53, 3, 61, 80, 51, 16, 40, 55, 19]",[],10,10,[],re_result_6-29_APRA/cifar10_700_Jul.02_16.35.49_avg_True_no-noise_reba/agg_records/pkl/round_0393_avg.pkl
394,avg,success,"[45, 59, 10, 29, 87, 43, 40, 66, 22, 79]","[45, 59, 10, 29, 87, 43, 40, 66, 22, 79]",[],10,10,[],re_result_6-29_APRA/cifar10_700_Jul.02_16.35.49_avg_True_no-noise_reba/agg_records/pkl/round_0394_avg.pkl
395,avg,success,"[60, 28, 6, 48, 75, 31, 39, 83, 80, 49]","[60, 28, 6, 48, 75, 31, 39, 83, 80, 49]",[],10,10,[],re_result_6-29_APRA/cifar10_700_Jul.02_16.35.49_avg_True_no-noise_reba/agg_records/pkl/round_0395_avg.pkl
396,avg,success,"[91, 25, 31, 10, 73, 35, 71, 12, 44, 33]","[91, 25, 31, 10, 73, 35, 71, 12, 44, 33]",[],10,10,[],re_result_6-29_APRA/cifar10_700_Jul.02_16.35.49_avg_True_no-noise_reba/agg_records/pkl/round_0396_avg.pkl
397,avg,success,"[45, 65, 71, 34, 16, 27, 7, 54, 94, 93]","[45, 65, 71, 34, 16, 27, 7, 54, 94, 93]",[],10,10,[],re_result_6-29_APRA/cifar10_700_Jul.02_16.35.49_avg_True_no-noise_reba/agg_records/pkl/round_0397_avg.pkl
398,avg,success,"[62, 32, 80, 5, 50, 97, 71, 63, 79, 15]","[62, 32, 80, 5, 50, 97, 71, 63, 79, 15]",[],10,10,[],re_result_6-29_APRA/cifar10_700_Jul.02_16.35.49_avg_True_no-noise_reba/agg_records/pkl/round_0398_avg.pkl
399,avg,success,"[22, 83, 91, 39, 97, 68, 20, 98, 64, 14]","[22, 83, 91, 39, 97, 68, 20, 98, 64, 14]",[],10,10,[],re_result_6-29_APRA/cifar10_700_Jul.02_16.35.49_avg_True_no-noise_reba/agg_records/pkl/round_0399_avg.pkl
400,avg,success,"[37, 23, 50, 81, 80, 58, 31, 49, 48, 53]","[37, 23, 50, 81, 80, 58, 31, 49, 48, 53]",[],10,10,[],re_result_6-29_APRA/cifar10_700_Jul.02_16.35.49_avg_True_no-noise_reba/agg_records/pkl/round_0400_avg.pkl
401,avg,success,"[84, 11, 59, 48, 16, 38, 30, 83, 34, 62]","[84, 11, 59, 48, 16, 38, 30, 83, 34, 62]",[],10,10,[],re_result_6-29_APRA/cifar10_700_Jul.02_16.35.49_avg_True_no-noise_reba/agg_records/pkl/round_0401_avg.pkl
402,avg,success,"[8, 24, 19, 99, 22, 20, 4, 64, 66, 53]","[8, 24, 19, 99, 22, 20, 4, 64, 66, 53]",[],10,10,[],re_result_6-29_APRA/cifar10_700_Jul.02_16.35.49_avg_True_no-noise_reba/agg_records/pkl/round_0402_avg.pkl
403,avg,success,"[68, 81, 75, 53, 87, 89, 26, 70, 90, 32]","[68, 81, 75, 53, 87, 89, 26, 70, 90, 32]",[],10,10,[],re_result_6-29_APRA/cifar10_700_Jul.02_16.35.49_avg_True_no-noise_reba/agg_records/pkl/round_0403_avg.pkl
404,avg,success,"[53, 68, 81, 95, 58, 37, 17, 92, 38, 41]","[53, 68, 81, 95, 58, 37, 17, 92, 38, 41]",[],10,10,[],re_result_6-29_APRA/cifar10_700_Jul.02_16.35.49_avg_True_no-noise_reba/agg_records/pkl/round_0404_avg.pkl
405,avg,success,"[91, 29, 49, 93, 90, 12, 80, 2, 28, 56]","[91, 29, 49, 93, 90, 12, 80, 2, 28, 56]",[],10,10,[],re_result_6-29_APRA/cifar10_700_Jul.02_16.35.49_avg_True_no-noise_reba/agg_records/pkl/round_0405_avg.pkl
406,avg,success,"[87, 34, 13, 75, 16, 41, 15, 1, 58, 50]","[87, 34, 13, 75, 16, 41, 15, 1, 58, 50]",[],10,10,[],re_result_6-29_APRA/cifar10_700_Jul.02_16.35.49_avg_True_no-noise_reba/agg_records/pkl/round_0406_avg.pkl
407,avg,success,"[59, 22, 15, 43, 20, 49, 77, 54, 1, 37]","[59, 22, 15, 43, 20, 49, 77, 54, 1, 37]",[],10,10,[],re_result_6-29_APRA/cifar10_700_Jul.02_16.35.49_avg_True_no-noise_reba/agg_records/pkl/round_0407_avg.pkl
408,avg,success,"[31, 42, 40, 67, 76, 69, 18, 27, 87, 50]","[31, 42, 40, 67, 76, 69, 18, 27, 87, 50]",[],10,10,[],re_result_6-29_APRA/cifar10_700_Jul.02_16.35.49_avg_True_no-noise_reba/agg_records/pkl/round_0408_avg.pkl
409,avg,success,"[93, 70, 15, 77, 37, 0, 71, 98, 24, 21]","[93, 70, 15, 77, 37, 0, 71, 98, 24, 21]",[],10,10,[],re_result_6-29_APRA/cifar10_700_Jul.02_16.35.49_avg_True_no-noise_reba/agg_records/pkl/round_0409_avg.pkl
410,avg,success,"[77, 91, 21, 95, 44, 74, 84, 89, 53, 33]","[77, 91, 21, 95, 44, 74, 84, 89, 53, 33]",[],10,10,[],re_result_6-29_APRA/cifar10_700_Jul.02_16.35.49_avg_True_no-noise_reba/agg_records/pkl/round_0410_avg.pkl
411,avg,success,"[43, 68, 28, 41, 2, 60, 19, 87, 52, 78]","[43, 68, 28, 41, 2, 60, 19, 87, 52, 78]",[],10,10,[],re_result_6-29_APRA/cifar10_700_Jul.02_16.35.49_avg_True_no-noise_reba/agg_records/pkl/round_0411_avg.pkl
412,avg,success,"[30, 49, 0, 71, 22, 73, 54, 53, 15, 61]","[30, 49, 0, 71, 22, 73, 54, 53, 15, 61]",[],10,10,[],re_result_6-29_APRA/cifar10_700_Jul.02_16.35.49_avg_True_no-noise_reba/agg_records/pkl/round_0412_avg.pkl
413,avg,success,"[56, 85, 22, 48, 75, 34, 26, 92, 42, 79]","[56, 85, 22, 48, 75, 34, 26, 92, 42, 79]",[],10,10,[],re_result_6-29_APRA/cifar10_700_Jul.02_16.35.49_avg_True_no-noise_reba/agg_records/pkl/round_0413_avg.pkl
414,avg,success,"[60, 68, 1, 33, 84, 66, 7, 21, 97, 74]","[60, 68, 1, 33, 84, 66, 7, 21, 97, 74]",[],10,10,[],re_result_6-29_APRA/cifar10_700_Jul.02_16.35.49_avg_True_no-noise_reba/agg_records/pkl/round_0414_avg.pkl
415,avg,success,"[15, 48, 50, 22, 82, 59, 67, 98, 2, 96]","[15, 48, 50, 22, 82, 59, 67, 98, 2, 96]",[],10,10,[],re_result_6-29_APRA/cifar10_700_Jul.02_16.35.49_avg_True_no-noise_reba/agg_records/pkl/round_0415_avg.pkl
416,avg,success,"[0, 96, 53, 99, 89, 16, 67, 56, 97, 58]","[0, 96, 53, 99, 89, 16, 67, 56, 97, 58]",[],10,10,[],re_result_6-29_APRA/cifar10_700_Jul.02_16.35.49_avg_True_no-noise_reba/agg_records/pkl/round_0416_avg.pkl
417,avg,success,"[8, 94, 9, 54, 87, 93, 59, 85, 82, 16]","[8, 94, 9, 54, 87, 93, 59, 85, 82, 16]",[],10,10,[],re_result_6-29_APRA/cifar10_700_Jul.02_16.35.49_avg_True_no-noise_reba/agg_records/pkl/round_0417_avg.pkl
418,avg,success,"[47, 63, 38, 57, 40, 90, 8, 78, 23, 84]","[47, 63, 38, 57, 40, 90, 8, 78, 23, 84]",[],10,10,[],re_result_6-29_APRA/cifar10_700_Jul.02_16.35.49_avg_True_no-noise_reba/agg_records/pkl/round_0418_avg.pkl
419,avg,success,"[38, 97, 87, 96, 76, 11, 61, 63, 43, 62]","[38, 97, 87, 96, 76, 11, 61, 63, 43, 62]",[],10,10,[],re_result_6-29_APRA/cifar10_700_Jul.02_16.35.49_avg_True_no-noise_reba/agg_records/pkl/round_0419_avg.pkl
420,avg,success,"[27, 33, 96, 15, 48, 3, 84, 86, 39, 26]","[27, 33, 96, 15, 48, 3, 84, 86, 39, 26]",[],10,10,[],re_result_6-29_APRA/cifar10_700_Jul.02_16.35.49_avg_True_no-noise_reba/agg_records/pkl/round_0420_avg.pkl
421,avg,success,"[16, 50, 77, 70, 84, 57, 88, 26, 71, 68]","[16, 50, 77, 70, 84, 57, 88, 26, 71, 68]",[],10,10,[],re_result_6-29_APRA/cifar10_700_Jul.02_16.35.49_avg_True_no-noise_reba/agg_records/pkl/round_0421_avg.pkl
422,avg,success,"[22, 62, 45, 23, 97, 40, 16, 85, 61, 49]","[22, 62, 45, 23, 97, 40, 16, 85, 61, 49]",[],10,10,[],re_result_6-29_APRA/cifar10_700_Jul.02_16.35.49_avg_True_no-noise_reba/agg_records/pkl/round_0422_avg.pkl
423,avg,success,"[42, 95, 45, 63, 25, 77, 91, 21, 37, 43]","[42, 95, 45, 63, 25, 77, 91, 21, 37, 43]",[],10,10,[],re_result_6-29_APRA/cifar10_700_Jul.02_16.35.49_avg_True_no-noise_reba/agg_records/pkl/round_0423_avg.pkl
424,avg,success,"[60, 15, 31, 92, 44, 69, 76, 96, 90, 54]","[60, 15, 31, 92, 44, 69, 76, 96, 90, 54]",[],10,10,[],re_result_6-29_APRA/cifar10_700_Jul.02_16.35.49_avg_True_no-noise_reba/agg_records/pkl/round_0424_avg.pkl
425,avg,success,"[41, 50, 72, 53, 4, 31, 51, 60, 95, 87]","[41, 50, 72, 53, 4, 31, 51, 60, 95, 87]",[],10,10,[],re_result_6-29_APRA/cifar10_700_Jul.02_16.35.49_avg_True_no-noise_reba/agg_records/pkl/round_0425_avg.pkl
426,avg,success,"[40, 99, 18, 8, 7, 55, 43, 4, 77, 22]","[40, 99, 18, 8, 7, 55, 43, 4, 77, 22]",[],10,10,[],re_result_6-29_APRA/cifar10_700_Jul.02_16.35.49_avg_True_no-noise_reba/agg_records/pkl/round_0426_avg.pkl
427,avg,success,"[10, 85, 70, 84, 81, 18, 4, 41, 45, 6]","[10, 85, 70, 84, 81, 18, 4, 41, 45, 6]",[],10,10,[],re_result_6-29_APRA/cifar10_700_Jul.02_16.35.49_avg_True_no-noise_reba/agg_records/pkl/round_0427_avg.pkl
428,avg,success,"[61, 54, 29, 32, 2, 82, 45, 78, 79, 76]","[61, 54, 29, 32, 2, 82, 45, 78, 79, 76]",[],10,10,[],re_result_6-29_APRA/cifar10_700_Jul.02_16.35.49_avg_True_no-noise_reba/agg_records/pkl/round_0428_avg.pkl
429,avg,success,"[19, 73, 65, 16, 13, 37, 35, 33, 39, 86]","[19, 73, 65, 16, 13, 37, 35, 33, 39, 86]",[],10,10,[],re_result_6-29_APRA/cifar10_700_Jul.02_16.35.49_avg_True_no-noise_reba/agg_records/pkl/round_0429_avg.pkl
430,avg,success,"[19, 88, 11, 83, 45, 92, 17, 39, 2, 31]","[19, 88, 11, 83, 45, 92, 17, 39, 2, 31]",[],10,10,[],re_result_6-29_APRA/cifar10_700_Jul.02_16.35.49_avg_True_no-noise_reba/agg_records/pkl/round_0430_avg.pkl
431,avg,success,"[93, 55, 47, 3, 1, 85, 18, 67, 52, 41]","[93, 55, 47, 3, 1, 85, 18, 67, 52, 41]",[],10,10,[],re_result_6-29_APRA/cifar10_700_Jul.02_16.35.49_avg_True_no-noise_reba/agg_records/pkl/round_0431_avg.pkl
432,avg,success,"[19, 34, 3, 86, 38, 11, 47, 21, 67, 83]","[19, 34, 3, 86, 38, 11, 47, 21, 67, 83]",[],10,10,[],re_result_6-29_APRA/cifar10_700_Jul.02_16.35.49_avg_True_no-noise_reba/agg_records/pkl/round_0432_avg.pkl
433,avg,success,"[9, 64, 61, 40, 59, 56, 13, 6, 78, 28]","[9, 64, 61, 40, 59, 56, 13, 6, 78, 28]",[],10,10,[],re_result_6-29_APRA/cifar10_700_Jul.02_16.35.49_avg_True_no-noise_reba/agg_records/pkl/round_0433_avg.pkl
434,avg,success,"[96, 56, 57, 22, 48, 39, 45, 12, 49, 66]","[96, 56, 57, 22, 48, 39, 45, 12, 49, 66]",[],10,10,[],re_result_6-29_APRA/cifar10_700_Jul.02_16.35.49_avg_True_no-noise_reba/agg_records/pkl/round_0434_avg.pkl
435,avg,success,"[68, 54, 29, 45, 27, 31, 20, 94, 5, 37]","[68, 54, 29, 45, 27, 31, 20, 94, 5, 37]",[],10,10,[],re_result_6-29_APRA/cifar10_700_Jul.02_16.35.49_avg_True_no-noise_reba/agg_records/pkl/round_0435_avg.pkl
436,avg,success,"[90, 53, 9, 19, 69, 25, 43, 47, 3, 71]","[90, 53, 9, 19, 69, 25, 43, 47, 3, 71]",[],10,10,[],re_result_6-29_APRA/cifar10_700_Jul.02_16.35.49_avg_True_no-noise_reba/agg_records/pkl/round_0436_avg.pkl
437,avg,success,"[73, 39, 60, 49, 6, 65, 41, 91, 71, 78]","[73, 39, 60, 49, 6, 65, 41, 91, 71, 78]",[],10,10,[],re_result_6-29_APRA/cifar10_700_Jul.02_16.35.49_avg_True_no-noise_reba/agg_records/pkl/round_0437_avg.pkl
438,avg,success,"[82, 4, 89, 30, 91, 63, 60, 29, 69, 51]","[82, 4, 89, 30, 91, 63, 60, 29, 69, 51]",[],10,10,[],re_result_6-29_APRA/cifar10_700_Jul.02_16.35.49_avg_True_no-noise_reba/agg_records/pkl/round_0438_avg.pkl
439,avg,success,"[58, 26, 82, 92, 35, 69, 56, 47, 89, 62]","[58, 26, 82, 92, 35, 69, 56, 47, 89, 62]",[],10,10,[],re_result_6-29_APRA/cifar10_700_Jul.02_16.35.49_avg_True_no-noise_reba/agg_records/pkl/round_0439_avg.pkl
440,avg,success,"[13, 84, 51, 5, 24, 66, 30, 64, 53, 82]","[13, 84, 51, 5, 24, 66, 30, 64, 53, 82]",[],10,10,[],re_result_6-29_APRA/cifar10_700_Jul.02_16.35.49_avg_True_no-noise_reba/agg_records/pkl/round_0440_avg.pkl
441,avg,success,"[63, 32, 43, 51, 54, 65, 33, 45, 18, 59]","[63, 32, 43, 51, 54, 65, 33, 45, 18, 59]",[],10,10,[],re_result_6-29_APRA/cifar10_700_Jul.02_16.35.49_avg_True_no-noise_reba/agg_records/pkl/round_0441_avg.pkl
442,avg,success,"[1, 10, 55, 21, 50, 90, 23, 98, 37, 16]","[1, 10, 55, 21, 50, 90, 23, 98, 37, 16]",[],10,10,[],re_result_6-29_APRA/cifar10_700_Jul.02_16.35.49_avg_True_no-noise_reba/agg_records/pkl/round_0442_avg.pkl
443,avg,success,"[9, 43, 73, 68, 93, 11, 37, 91, 82, 97]","[9, 43, 73, 68, 93, 11, 37, 91, 82, 97]",[],10,10,[],re_result_6-29_APRA/cifar10_700_Jul.02_16.35.49_avg_True_no-noise_reba/agg_records/pkl/round_0443_avg.pkl
444,avg,success,"[58, 9, 46, 24, 82, 78, 81, 0, 67, 95]","[58, 9, 46, 24, 82, 78, 81, 0, 67, 95]",[],10,10,[],re_result_6-29_APRA/cifar10_700_Jul.02_16.35.49_avg_True_no-noise_reba/agg_records/pkl/round_0444_avg.pkl
445,avg,success,"[77, 73, 33, 34, 8, 79, 70, 68, 22, 31]","[77, 73, 33, 34, 8, 79, 70, 68, 22, 31]",[],10,10,[],re_result_6-29_APRA/cifar10_700_Jul.02_16.35.49_avg_True_no-noise_reba/agg_records/pkl/round_0445_avg.pkl
446,avg,success,"[20, 94, 31, 57, 11, 10, 0, 49, 48, 86]","[20, 94, 31, 57, 11, 10, 0, 49, 48, 86]",[],10,10,[],re_result_6-29_APRA/cifar10_700_Jul.02_16.35.49_avg_True_no-noise_reba/agg_records/pkl/round_0446_avg.pkl
447,avg,success,"[29, 13, 0, 31, 34, 78, 20, 27, 56, 39]","[29, 13, 0, 31, 34, 78, 20, 27, 56, 39]",[],10,10,[],re_result_6-29_APRA/cifar10_700_Jul.02_16.35.49_avg_True_no-noise_reba/agg_records/pkl/round_0447_avg.pkl
448,avg,success,"[98, 40, 16, 15, 28, 30, 1, 48, 70, 58]","[98, 40, 16, 15, 28, 30, 1, 48, 70, 58]",[],10,10,[],re_result_6-29_APRA/cifar10_700_Jul.02_16.35.49_avg_True_no-noise_reba/agg_records/pkl/round_0448_avg.pkl
449,avg,success,"[81, 22, 16, 59, 45, 91, 31, 37, 41, 89]","[81, 22, 16, 59, 45, 91, 31, 37, 41, 89]",[],10,10,[],re_result_6-29_APRA/cifar10_700_Jul.02_16.35.49_avg_True_no-noise_reba/agg_records/pkl/round_0449_avg.pkl
450,avg,success,"[87, 58, 51, 29, 25, 44, 98, 39, 33, 9]","[87, 58, 51, 29, 25, 44, 98, 39, 33, 9]",[],10,10,[],re_result_6-29_APRA/cifar10_700_Jul.02_16.35.49_avg_True_no-noise_reba/agg_records/pkl/round_0450_avg.pkl
451,avg,success,"[82, 34, 96, 69, 28, 76, 18, 68, 64, 62]","[82, 34, 96, 69, 28, 76, 18, 68, 64, 62]",[],10,10,[],re_result_6-29_APRA/cifar10_700_Jul.02_16.35.49_avg_True_no-noise_reba/agg_records/pkl/round_0451_avg.pkl
452,avg,success,"[98, 4, 6, 58, 30, 43, 99, 18, 33, 49]","[98, 4, 6, 58, 30, 43, 99, 18, 33, 49]",[],10,10,[],re_result_6-29_APRA/cifar10_700_Jul.02_16.35.49_avg_True_no-noise_reba/agg_records/pkl/round_0452_avg.pkl
453,avg,success,"[14, 13, 23, 70, 79, 73, 2, 94, 16, 96]","[14, 13, 23, 70, 79, 73, 2, 94, 16, 96]",[],10,10,[],re_result_6-29_APRA/cifar10_700_Jul.02_16.35.49_avg_True_no-noise_reba/agg_records/pkl/round_0453_avg.pkl
454,avg,success,"[53, 27, 73, 83, 94, 90, 4, 6, 13, 33]","[53, 27, 73, 83, 94, 90, 4, 6, 13, 33]",[],10,10,[],re_result_6-29_APRA/cifar10_700_Jul.02_16.35.49_avg_True_no-noise_reba/agg_records/pkl/round_0454_avg.pkl
455,avg,success,"[85, 21, 71, 62, 58, 17, 12, 49, 69, 38]","[85, 21, 71, 62, 58, 17, 12, 49, 69, 38]",[],10,10,[],re_result_6-29_APRA/cifar10_700_Jul.02_16.35.49_avg_True_no-noise_reba/agg_records/pkl/round_0455_avg.pkl
456,avg,success,"[78, 28, 38, 87, 97, 41, 93, 1, 60, 81]","[78, 28, 38, 87, 97, 41, 93, 1, 60, 81]",[],10,10,[],re_result_6-29_APRA/cifar10_700_Jul.02_16.35.49_avg_True_no-noise_reba/agg_records/pkl/round_0456_avg.pkl
457,avg,success,"[72, 70, 33, 48, 13, 55, 12, 61, 99, 53]","[72, 70, 33, 48, 13, 55, 12, 61, 99, 53]",[],10,10,[],re_result_6-29_APRA/cifar10_700_Jul.02_16.35.49_avg_True_no-noise_reba/agg_records/pkl/round_0457_avg.pkl
458,avg,success,"[69, 53, 14, 87, 67, 95, 55, 21, 25, 94]","[69, 53, 14, 87, 67, 95, 55, 21, 25, 94]",[],10,10,[],re_result_6-29_APRA/cifar10_700_Jul.02_16.35.49_avg_True_no-noise_reba/agg_records/pkl/round_0458_avg.pkl
459,avg,success,"[6, 95, 10, 85, 1, 29, 34, 75, 77, 60]","[6, 95, 10, 85, 1, 29, 34, 75, 77, 60]",[],10,10,[],re_result_6-29_APRA/cifar10_700_Jul.02_16.35.49_avg_True_no-noise_reba/agg_records/pkl/round_0459_avg.pkl
460,avg,success,"[79, 37, 71, 14, 28, 17, 43, 6, 78, 49]","[79, 37, 71, 14, 28, 17, 43, 6, 78, 49]",[],10,10,[],re_result_6-29_APRA/cifar10_700_Jul.02_16.35.49_avg_True_no-noise_reba/agg_records/pkl/round_0460_avg.pkl
461,avg,success,"[54, 15, 56, 5, 30, 72, 2, 57, 97, 12]","[54, 15, 56, 5, 30, 72, 2, 57, 97, 12]",[],10,10,[],re_result_6-29_APRA/cifar10_700_Jul.02_16.35.49_avg_True_no-noise_reba/agg_records/pkl/round_0461_avg.pkl
462,avg,success,"[60, 95, 82, 78, 5, 54, 37, 38, 10, 68]","[60, 95, 82, 78, 5, 54, 37, 38, 10, 68]",[],10,10,[],re_result_6-29_APRA/cifar10_700_Jul.02_16.35.49_avg_True_no-noise_reba/agg_records/pkl/round_0462_avg.pkl
463,avg,success,"[99, 52, 28, 21, 5, 89, 49, 60, 90, 42]","[99, 52, 28, 21, 5, 89, 49, 60, 90, 42]",[],10,10,[],re_result_6-29_APRA/cifar10_700_Jul.02_16.35.49_avg_True_no-noise_reba/agg_records/pkl/round_0463_avg.pkl
464,avg,success,"[72, 95, 46, 87, 55, 0, 62, 15, 58, 61]","[72, 95, 46, 87, 55, 0, 62, 15, 58, 61]",[],10,10,[],re_result_6-29_APRA/cifar10_700_Jul.02_16.35.49_avg_True_no-noise_reba/agg_records/pkl/round_0464_avg.pkl
465,avg,success,"[1, 49, 19, 87, 81, 7, 28, 40, 97, 90]","[1, 49, 19, 87, 81, 7, 28, 40, 97, 90]",[],10,10,[],re_result_6-29_APRA/cifar10_700_Jul.02_16.35.49_avg_True_no-noise_reba/agg_records/pkl/round_0465_avg.pkl
466,avg,success,"[75, 72, 61, 55, 56, 60, 15, 80, 87, 5]","[75, 72, 61, 55, 56, 60, 15, 80, 87, 5]",[],10,10,[],re_result_6-29_APRA/cifar10_700_Jul.02_16.35.49_avg_True_no-noise_reba/agg_records/pkl/round_0466_avg.pkl
467,avg,success,"[58, 21, 17, 79, 6, 31, 89, 16, 3, 10]","[58, 21, 17, 79, 6, 31, 89, 16, 3, 10]",[],10,10,[],re_result_6-29_APRA/cifar10_700_Jul.02_16.35.49_avg_True_no-noise_reba/agg_records/pkl/round_0467_avg.pkl
468,avg,success,"[68, 62, 18, 67, 5, 12, 30, 93, 11, 66]","[68, 62, 18, 67, 5, 12, 30, 93, 11, 66]",[],10,10,[],re_result_6-29_APRA/cifar10_700_Jul.02_16.35.49_avg_True_no-noise_reba/agg_records/pkl/round_0468_avg.pkl
469,avg,success,"[10, 91, 55, 95, 98, 85, 16, 60, 36, 29]","[10, 91, 55, 95, 98, 85, 16, 60, 36, 29]",[],10,10,[],re_result_6-29_APRA/cifar10_700_Jul.02_16.35.49_avg_True_no-noise_reba/agg_records/pkl/round_0469_avg.pkl
470,avg,success,"[40, 22, 30, 20, 76, 66, 79, 74, 55, 72]","[40, 22, 30, 20, 76, 66, 79, 74, 55, 72]",[],10,10,[],re_result_6-29_APRA/cifar10_700_Jul.02_16.35.49_avg_True_no-noise_reba/agg_records/pkl/round_0470_avg.pkl
471,avg,success,"[63, 41, 53, 8, 66, 93, 49, 56, 51, 11]","[63, 41, 53, 8, 66, 93, 49, 56, 51, 11]",[],10,10,[],re_result_6-29_APRA/cifar10_700_Jul.02_16.35.49_avg_True_no-noise_reba/agg_records/pkl/round_0471_avg.pkl
472,avg,success,"[22, 35, 66, 45, 0, 6, 91, 86, 44, 67]","[22, 35, 66, 45, 0, 6, 91, 86, 44, 67]",[],10,10,[],re_result_6-29_APRA/cifar10_700_Jul.02_16.35.49_avg_True_no-noise_reba/agg_records/pkl/round_0472_avg.pkl
473,avg,success,"[4, 31, 42, 93, 36, 40, 95, 81, 41, 1]","[4, 31, 42, 93, 36, 40, 95, 81, 41, 1]",[],10,10,[],re_result_6-29_APRA/cifar10_700_Jul.02_16.35.49_avg_True_no-noise_reba/agg_records/pkl/round_0473_avg.pkl
474,avg,success,"[92, 88, 53, 49, 67, 60, 71, 39, 62, 17]","[92, 88, 53, 49, 67, 60, 71, 39, 62, 17]",[],10,10,[],re_result_6-29_APRA/cifar10_700_Jul.02_16.35.49_avg_True_no-noise_reba/agg_records/pkl/round_0474_avg.pkl
475,avg,success,"[41, 96, 23, 76, 3, 40, 38, 69, 12, 19]","[41, 96, 23, 76, 3, 40, 38, 69, 12, 19]",[],10,10,[],re_result_6-29_APRA/cifar10_700_Jul.02_16.35.49_avg_True_no-noise_reba/agg_records/pkl/round_0475_avg.pkl
476,avg,success,"[92, 4, 80, 12, 82, 15, 24, 97, 39, 11]","[92, 4, 80, 12, 82, 15, 24, 97, 39, 11]",[],10,10,[],re_result_6-29_APRA/cifar10_700_Jul.02_16.35.49_avg_True_no-noise_reba/agg_records/pkl/round_0476_avg.pkl
477,avg,success,"[81, 19, 82, 48, 87, 85, 52, 63, 84, 55]","[81, 19, 82, 48, 87, 85, 52, 63, 84, 55]",[],10,10,[],re_result_6-29_APRA/cifar10_700_Jul.02_16.35.49_avg_True_no-noise_reba/agg_records/pkl/round_0477_avg.pkl
478,avg,success,"[5, 73, 23, 81, 49, 96, 72, 21, 33, 93]","[5, 73, 23, 81, 49, 96, 72, 21, 33, 93]",[],10,10,[],re_result_6-29_APRA/cifar10_700_Jul.02_16.35.49_avg_True_no-noise_reba/agg_records/pkl/round_0478_avg.pkl
479,avg,success,"[41, 56, 85, 79, 4, 75, 9, 34, 87, 84]","[41, 56, 85, 79, 4, 75, 9, 34, 87, 84]",[],10,10,[],re_result_6-29_APRA/cifar10_700_Jul.02_16.35.49_avg_True_no-noise_reba/agg_records/pkl/round_0479_avg.pkl
480,avg,success,"[68, 36, 10, 67, 54, 84, 71, 99, 29, 91]","[68, 36, 10, 67, 54, 84, 71, 99, 29, 91]",[],10,10,[],re_result_6-29_APRA/cifar10_700_Jul.02_16.35.49_avg_True_no-noise_reba/agg_records/pkl/round_0480_avg.pkl
481,avg,success,"[24, 35, 53, 1, 46, 94, 41, 51, 95, 97]","[24, 35, 53, 1, 46, 94, 41, 51, 95, 97]",[],10,10,[],re_result_6-29_APRA/cifar10_700_Jul.02_16.35.49_avg_True_no-noise_reba/agg_records/pkl/round_0481_avg.pkl
482,avg,success,"[54, 16, 88, 21, 93, 36, 24, 2, 77, 59]","[54, 16, 88, 21, 93, 36, 24, 2, 77, 59]",[],10,10,[],re_result_6-29_APRA/cifar10_700_Jul.02_16.35.49_avg_True_no-noise_reba/agg_records/pkl/round_0482_avg.pkl
483,avg,success,"[85, 91, 23, 74, 32, 78, 14, 12, 29, 62]","[85, 91, 23, 74, 32, 78, 14, 12, 29, 62]",[],10,10,[],re_result_6-29_APRA/cifar10_700_Jul.02_16.35.49_avg_True_no-noise_reba/agg_records/pkl/round_0483_avg.pkl
484,avg,success,"[67, 86, 84, 74, 30, 54, 6, 16, 93, 95]","[67, 86, 84, 74, 30, 54, 6, 16, 93, 95]",[],10,10,[],re_result_6-29_APRA/cifar10_700_Jul.02_16.35.49_avg_True_no-noise_reba/agg_records/pkl/round_0484_avg.pkl
485,avg,success,"[99, 17, 22, 14, 53, 97, 39, 59, 70, 42]","[99, 17, 22, 14, 53, 97, 39, 59, 70, 42]",[],10,10,[],re_result_6-29_APRA/cifar10_700_Jul.02_16.35.49_avg_True_no-noise_reba/agg_records/pkl/round_0485_avg.pkl
486,avg,success,"[42, 91, 48, 46, 26, 80, 58, 81, 73, 87]","[42, 91, 48, 46, 26, 80, 58, 81, 73, 87]",[],10,10,[],re_result_6-29_APRA/cifar10_700_Jul.02_16.35.49_avg_True_no-noise_reba/agg_records/pkl/round_0486_avg.pkl
487,avg,success,"[32, 13, 6, 85, 75, 89, 60, 3, 27, 29]","[32, 13, 6, 85, 75, 89, 60, 3, 27, 29]",[],10,10,[],re_result_6-29_APRA/cifar10_700_Jul.02_16.35.49_avg_True_no-noise_reba/agg_records/pkl/round_0487_avg.pkl
488,avg,success,"[65, 84, 46, 92, 42, 93, 66, 43, 31, 63]","[65, 84, 46, 92, 42, 93, 66, 43, 31, 63]",[],10,10,[],re_result_6-29_APRA/cifar10_700_Jul.02_16.35.49_avg_True_no-noise_reba/agg_records/pkl/round_0488_avg.pkl
489,avg,success,"[76, 11, 70, 15, 72, 4, 99, 51, 17, 16]","[76, 11, 70, 15, 72, 4, 99, 51, 17, 16]",[],10,10,[],re_result_6-29_APRA/cifar10_700_Jul.02_16.35.49_avg_True_no-noise_reba/agg_records/pkl/round_0489_avg.pkl
490,avg,success,"[6, 89, 81, 27, 87, 93, 30, 16, 29, 47]","[6, 89, 81, 27, 87, 93, 30, 16, 29, 47]",[],10,10,[],re_result_6-29_APRA/cifar10_700_Jul.02_16.35.49_avg_True_no-noise_reba/agg_records/pkl/round_0490_avg.pkl
491,avg,success,"[87, 48, 47, 7, 28, 24, 52, 19, 4, 5]","[87, 48, 47, 7, 28, 24, 52, 19, 4, 5]",[],10,10,[],re_result_6-29_APRA/cifar10_700_Jul.02_16.35.49_avg_True_no-noise_reba/agg_records/pkl/round_0491_avg.pkl
492,avg,success,"[77, 9, 33, 46, 0, 63, 10, 12, 89, 49]","[77, 9, 33, 46, 0, 63, 10, 12, 89, 49]",[],10,10,[],re_result_6-29_APRA/cifar10_700_Jul.02_16.35.49_avg_True_no-noise_reba/agg_records/pkl/round_0492_avg.pkl
493,avg,success,"[36, 93, 85, 57, 53, 14, 92, 52, 42, 77]","[36, 93, 85, 57, 53, 14, 92, 52, 42, 77]",[],10,10,[],re_result_6-29_APRA/cifar10_700_Jul.02_16.35.49_avg_True_no-noise_reba/agg_records/pkl/round_0493_avg.pkl
494,avg,success,"[70, 57, 78, 30, 72, 89, 58, 27, 84, 55]","[70, 57, 78, 30, 72, 89, 58, 27, 84, 55]",[],10,10,[],re_result_6-29_APRA/cifar10_700_Jul.02_16.35.49_avg_True_no-noise_reba/agg_records/pkl/round_0494_avg.pkl
495,avg,success,"[3, 20, 34, 85, 19, 13, 50, 15, 44, 90]","[3, 20, 34, 85, 19, 13, 50, 15, 44, 90]",[],10,10,[],re_result_6-29_APRA/cifar10_700_Jul.02_16.35.49_avg_True_no-noise_reba/agg_records/pkl/round_0495_avg.pkl
496,avg,success,"[80, 44, 34, 4, 45, 37, 31, 49, 46, 20]","[80, 44, 34, 4, 45, 37, 31, 49, 46, 20]",[],10,10,[],re_result_6-29_APRA/cifar10_700_Jul.02_16.35.49_avg_True_no-noise_reba/agg_records/pkl/round_0496_avg.pkl
497,avg,success,"[28, 95, 12, 19, 43, 85, 27, 8, 17, 32]","[28, 95, 12, 19, 43, 85, 27, 8, 17, 32]",[],10,10,[],re_result_6-29_APRA/cifar10_700_Jul.02_16.35.49_avg_True_no-noise_reba/agg_records/pkl/round_0497_avg.pkl
498,avg,success,"[60, 48, 38, 54, 85, 21, 31, 10, 40, 14]","[60, 48, 38, 54, 85, 21, 31, 10, 40, 14]",[],10,10,[],re_result_6-29_APRA/cifar10_700_Jul.02_16.35.49_avg_True_no-noise_reba/agg_records/pkl/round_0498_avg.pkl
499,avg,success,"[68, 3, 90, 30, 29, 36, 41, 73, 2, 87]","[68, 3, 90, 30, 29, 36, 41, 73, 2, 87]",[],10,10,[],re_result_6-29_APRA/cifar10_700_Jul.02_16.35.49_avg_True_no-noise_reba/agg_records/pkl/round_0499_avg.pkl
500,avg,success,"[47, 49, 96, 28, 27, 18, 89, 57, 42, 53]","[47, 49, 96, 28, 27, 18, 89, 57, 42, 53]",[],10,10,[],re_result_6-29_APRA/cifar10_700_Jul.02_16.35.49_avg_True_no-noise_reba/agg_records/pkl/round_0500_avg.pkl
501,avg,success,"[68, 54, 48, 53, 74, 95, 99, 55, 75, 69]","[68, 54, 48, 53, 74, 95, 99, 55, 75, 69]",[],10,10,[],re_result_6-29_APRA/cifar10_700_Jul.02_16.35.49_avg_True_no-noise_reba/agg_records/pkl/round_0501_avg.pkl
502,avg,success,"[50, 87, 34, 32, 71, 68, 90, 76, 15, 92]","[50, 87, 34, 32, 71, 68, 90, 76, 15, 92]",[],10,10,[],re_result_6-29_APRA/cifar10_700_Jul.02_16.35.49_avg_True_no-noise_reba/agg_records/pkl/round_0502_avg.pkl
503,avg,success,"[67, 80, 37, 38, 15, 63, 42, 25, 48, 94]","[67, 80, 37, 38, 15, 63, 42, 25, 48, 94]",[],10,10,[],re_result_6-29_APRA/cifar10_700_Jul.02_16.35.49_avg_True_no-noise_reba/agg_records/pkl/round_0503_avg.pkl
504,avg,success,"[23, 12, 15, 34, 13, 25, 83, 14, 86, 50]","[23, 12, 15, 34, 13, 25, 83, 14, 86, 50]",[],10,10,[],re_result_6-29_APRA/cifar10_700_Jul.02_16.35.49_avg_True_no-noise_reba/agg_records/pkl/round_0504_avg.pkl
505,avg,success,"[20, 4, 82, 86, 5, 80, 25, 2, 61, 38]","[20, 4, 82, 86, 5, 80, 25, 2, 61, 38]",[],10,10,[],re_result_6-29_APRA/cifar10_700_Jul.02_16.35.49_avg_True_no-noise_reba/agg_records/pkl/round_0505_avg.pkl
506,avg,success,"[92, 38, 77, 93, 30, 67, 65, 5, 26, 71]","[92, 38, 77, 93, 30, 67, 65, 5, 26, 71]",[],10,10,[],re_result_6-29_APRA/cifar10_700_Jul.02_16.35.49_avg_True_no-noise_reba/agg_records/pkl/round_0506_avg.pkl
507,avg,success,"[56, 85, 13, 39, 28, 62, 2, 0, 67, 97]","[56, 85, 13, 39, 28, 62, 2, 0, 67, 97]",[],10,10,[],re_result_6-29_APRA/cifar10_700_Jul.02_16.35.49_avg_True_no-noise_reba/agg_records/pkl/round_0507_avg.pkl
508,avg,success,"[11, 31, 72, 8, 45, 44, 85, 20, 26, 81]","[11, 31, 72, 8, 45, 44, 85, 20, 26, 81]",[],10,10,[],re_result_6-29_APRA/cifar10_700_Jul.02_16.35.49_avg_True_no-noise_reba/agg_records/pkl/round_0508_avg.pkl
509,avg,success,"[64, 9, 29, 33, 1, 42, 97, 62, 52, 0]","[64, 9, 29, 33, 1, 42, 97, 62, 52, 0]",[],10,10,[],re_result_6-29_APRA/cifar10_700_Jul.02_16.35.49_avg_True_no-noise_reba/agg_records/pkl/round_0509_avg.pkl
510,avg,success,"[64, 39, 41, 40, 37, 1, 62, 76, 63, 93]","[64, 39, 41, 40, 37, 1, 62, 76, 63, 93]",[],10,10,[],re_result_6-29_APRA/cifar10_700_Jul.02_16.35.49_avg_True_no-noise_reba/agg_records/pkl/round_0510_avg.pkl
511,avg,success,"[81, 78, 72, 61, 76, 17, 52, 60, 15, 41]","[81, 78, 72, 61, 76, 17, 52, 60, 15, 41]",[],10,10,[],re_result_6-29_APRA/cifar10_700_Jul.02_16.35.49_avg_True_no-noise_reba/agg_records/pkl/round_0511_avg.pkl
512,avg,success,"[56, 59, 85, 66, 30, 11, 31, 34, 90, 0]","[56, 59, 85, 66, 30, 11, 31, 34, 90, 0]",[],10,10,[],re_result_6-29_APRA/cifar10_700_Jul.02_16.35.49_avg_True_no-noise_reba/agg_records/pkl/round_0512_avg.pkl
513,avg,success,"[57, 9, 19, 48, 13, 40, 5, 45, 18, 23]","[57, 9, 19, 48, 13, 40, 5, 45, 18, 23]",[],10,10,[],re_result_6-29_APRA/cifar10_700_Jul.02_16.35.49_avg_True_no-noise_reba/agg_records/pkl/round_0513_avg.pkl
514,avg,success,"[54, 34, 13, 70, 51, 84, 19, 4, 27, 15]","[54, 34, 13, 70, 51, 84, 19, 4, 27, 15]",[],10,10,[],re_result_6-29_APRA/cifar10_700_Jul.02_16.35.49_avg_True_no-noise_reba/agg_records/pkl/round_0514_avg.pkl
515,avg,success,"[55, 0, 11, 57, 81, 4, 90, 74, 59, 17]","[55, 0, 11, 57, 81, 4, 90, 74, 59, 17]",[],10,10,[],re_result_6-29_APRA/cifar10_700_Jul.02_16.35.49_avg_True_no-noise_reba/agg_records/pkl/round_0515_avg.pkl
516,avg,success,"[73, 71, 78, 63, 6, 9, 32, 59, 17, 43]","[73, 71, 78, 63, 6, 9, 32, 59, 17, 43]",[],10,10,[],re_result_6-29_APRA/cifar10_700_Jul.02_16.35.49_avg_True_no-noise_reba/agg_records/pkl/round_0516_avg.pkl
517,avg,success,"[5, 2, 90, 66, 47, 74, 14, 7, 4, 55]","[5, 2, 90, 66, 47, 74, 14, 7, 4, 55]",[],10,10,[],re_result_6-29_APRA/cifar10_700_Jul.02_16.35.49_avg_True_no-noise_reba/agg_records/pkl/round_0517_avg.pkl
518,avg,success,"[82, 92, 80, 18, 28, 6, 9, 12, 69, 97]","[82, 92, 80, 18, 28, 6, 9, 12, 69, 97]",[],10,10,[],re_result_6-29_APRA/cifar10_700_Jul.02_16.35.49_avg_True_no-noise_reba/agg_records/pkl/round_0518_avg.pkl
519,avg,success,"[80, 54, 78, 47, 4, 43, 9, 13, 40, 67]","[80, 54, 78, 47, 4, 43, 9, 13, 40, 67]",[],10,10,[],re_result_6-29_APRA/cifar10_700_Jul.02_16.35.49_avg_True_no-noise_reba/agg_records/pkl/round_0519_avg.pkl
520,avg,success,"[17, 96, 37, 6, 71, 21, 70, 77, 52, 98]","[17, 96, 37, 6, 71, 21, 70, 77, 52, 98]",[],10,10,[],re_result_6-29_APRA/cifar10_700_Jul.02_16.35.49_avg_True_no-noise_reba/agg_records/pkl/round_0520_avg.pkl
521,avg,success,"[33, 2, 35, 8, 95, 77, 17, 89, 67, 14]","[33, 2, 35, 8, 95, 77, 17, 89, 67, 14]",[],10,10,[],re_result_6-29_APRA/cifar10_700_Jul.02_16.35.49_avg_True_no-noise_reba/agg_records/pkl/round_0521_avg.pkl
522,avg,success,"[80, 62, 97, 44, 48, 4, 24, 53, 95, 40]","[80, 62, 97, 44, 48, 4, 24, 53, 95, 40]",[],10,10,[],re_result_6-29_APRA/cifar10_700_Jul.02_16.35.49_avg_True_no-noise_reba/agg_records/pkl/round_0522_avg.pkl
523,avg,success,"[41, 38, 42, 37, 49, 97, 33, 19, 22, 72]","[41, 38, 42, 37, 49, 97, 33, 19, 22, 72]",[],10,10,[],re_result_6-29_APRA/cifar10_700_Jul.02_16.35.49_avg_True_no-noise_reba/agg_records/pkl/round_0523_avg.pkl
524,avg,success,"[14, 92, 86, 33, 7, 75, 4, 29, 2, 13]","[14, 92, 86, 33, 7, 75, 4, 29, 2, 13]",[],10,10,[],re_result_6-29_APRA/cifar10_700_Jul.02_16.35.49_avg_True_no-noise_reba/agg_records/pkl/round_0524_avg.pkl
525,avg,success,"[5, 59, 21, 95, 44, 79, 63, 50, 92, 53]","[5, 59, 21, 95, 44, 79, 63, 50, 92, 53]",[],10,10,[],re_result_6-29_APRA/cifar10_700_Jul.02_16.35.49_avg_True_no-noise_reba/agg_records/pkl/round_0525_avg.pkl
526,avg,success,"[95, 11, 0, 72, 32, 40, 57, 90, 77, 64]","[95, 11, 0, 72, 32, 40, 57, 90, 77, 64]",[],10,10,[],re_result_6-29_APRA/cifar10_700_Jul.02_16.35.49_avg_True_no-noise_reba/agg_records/pkl/round_0526_avg.pkl
527,avg,success,"[59, 72, 92, 73, 12, 31, 26, 78, 80, 97]","[59, 72, 92, 73, 12, 31, 26, 78, 80, 97]",[],10,10,[],re_result_6-29_APRA/cifar10_700_Jul.02_16.35.49_avg_True_no-noise_reba/agg_records/pkl/round_0527_avg.pkl
528,avg,success,"[60, 6, 42, 7, 77, 57, 86, 28, 75, 76]","[60, 6, 42, 7, 77, 57, 86, 28, 75, 76]",[],10,10,[],re_result_6-29_APRA/cifar10_700_Jul.02_16.35.49_avg_True_no-noise_reba/agg_records/pkl/round_0528_avg.pkl
529,avg,success,"[64, 13, 98, 86, 2, 59, 42, 91, 79, 72]","[64, 13, 98, 86, 2, 59, 42, 91, 79, 72]",[],10,10,[],re_result_6-29_APRA/cifar10_700_Jul.02_16.35.49_avg_True_no-noise_reba/agg_records/pkl/round_0529_avg.pkl
530,avg,success,"[69, 50, 84, 55, 3, 99, 34, 27, 57, 9]","[69, 50, 84, 55, 3, 99, 34, 27, 57, 9]",[],10,10,[],re_result_6-29_APRA/cifar10_700_Jul.02_16.35.49_avg_True_no-noise_reba/agg_records/pkl/round_0530_avg.pkl
531,avg,success,"[39, 63, 51, 26, 98, 50, 90, 36, 9, 79]","[39, 63, 51, 26, 98, 50, 90, 36, 9, 79]",[],10,10,[],re_result_6-29_APRA/cifar10_700_Jul.02_16.35.49_avg_True_no-noise_reba/agg_records/pkl/round_0531_avg.pkl
532,avg,success,"[27, 95, 76, 23, 17, 45, 41, 78, 90, 34]","[27, 95, 76, 23, 17, 45, 41, 78, 90, 34]",[],10,10,[],re_result_6-29_APRA/cifar10_700_Jul.02_16.35.49_avg_True_no-noise_reba/agg_records/pkl/round_0532_avg.pkl
533,avg,success,"[23, 8, 64, 57, 16, 94, 73, 63, 95, 2]","[23, 8, 64, 57, 16, 94, 73, 63, 95, 2]",[],10,10,[],re_result_6-29_APRA/cifar10_700_Jul.02_16.35.49_avg_True_no-noise_reba/agg_records/pkl/round_0533_avg.pkl
534,avg,success,"[15, 68, 22, 43, 56, 41, 48, 65, 77, 14]","[15, 68, 22, 43, 56, 41, 48, 65, 77, 14]",[],10,10,[],re_result_6-29_APRA/cifar10_700_Jul.02_16.35.49_avg_True_no-noise_reba/agg_records/pkl/round_0534_avg.pkl
535,avg,success,"[64, 25, 91, 62, 2, 28, 72, 3, 59, 23]","[64, 25, 91, 62, 2, 28, 72, 3, 59, 23]",[],10,10,[],re_result_6-29_APRA/cifar10_700_Jul.02_16.35.49_avg_True_no-noise_reba/agg_records/pkl/round_0535_avg.pkl
536,avg,success,"[22, 99, 82, 69, 44, 0, 84, 6, 38, 27]","[22, 99, 82, 69, 44, 0, 84, 6, 38, 27]",[],10,10,[],re_result_6-29_APRA/cifar10_700_Jul.02_16.35.49_avg_True_no-noise_reba/agg_records/pkl/round_0536_avg.pkl
537,avg,success,"[22, 44, 45, 78, 81, 68, 57, 21, 75, 49]","[22, 44, 45, 78, 81, 68, 57, 21, 75, 49]",[],10,10,[],re_result_6-29_APRA/cifar10_700_Jul.02_16.35.49_avg_True_no-noise_reba/agg_records/pkl/round_0537_avg.pkl
538,avg,success,"[98, 42, 89, 17, 81, 79, 48, 62, 99, 43]","[98, 42, 89, 17, 81, 79, 48, 62, 99, 43]",[],10,10,[],re_result_6-29_APRA/cifar10_700_Jul.02_16.35.49_avg_True_no-noise_reba/agg_records/pkl/round_0538_avg.pkl
539,avg,success,"[76, 30, 20, 85, 54, 94, 22, 90, 26, 10]","[76, 30, 20, 85, 54, 94, 22, 90, 26, 10]",[],10,10,[],re_result_6-29_APRA/cifar10_700_Jul.02_16.35.49_avg_True_no-noise_reba/agg_records/pkl/round_0539_avg.pkl
540,avg,success,"[67, 31, 65, 77, 17, 36, 37, 0, 15, 93]","[67, 31, 65, 77, 17, 36, 37, 0, 15, 93]",[],10,10,[],re_result_6-29_APRA/cifar10_700_Jul.02_16.35.49_avg_True_no-noise_reba/agg_records/pkl/round_0540_avg.pkl
541,avg,success,"[32, 59, 34, 72, 50, 30, 66, 82, 2, 67]","[32, 59, 34, 72, 50, 30, 66, 82, 2, 67]",[],10,10,[],re_result_6-29_APRA/cifar10_700_Jul.02_16.35.49_avg_True_no-noise_reba/agg_records/pkl/round_0541_avg.pkl
542,avg,success,"[88, 31, 66, 6, 26, 13, 34, 98, 54, 81]","[88, 31, 66, 6, 26, 13, 34, 98, 54, 81]",[],10,10,[],re_result_6-29_APRA/cifar10_700_Jul.02_16.35.49_avg_True_no-noise_reba/agg_records/pkl/round_0542_avg.pkl
543,avg,success,"[65, 49, 32, 3, 72, 39, 60, 89, 22, 94]","[65, 49, 32, 3, 72, 39, 60, 89, 22, 94]",[],10,10,[],re_result_6-29_APRA/cifar10_700_Jul.02_16.35.49_avg_True_no-noise_reba/agg_records/pkl/round_0543_avg.pkl
544,avg,success,"[17, 29, 43, 48, 56, 88, 93, 52, 83, 13]","[17, 29, 43, 48, 56, 88, 93, 52, 83, 13]",[],10,10,[],re_result_6-29_APRA/cifar10_700_Jul.02_16.35.49_avg_True_no-noise_reba/agg_records/pkl/round_0544_avg.pkl
545,avg,success,"[70, 41, 85, 61, 10, 48, 76, 90, 96, 49]","[70, 41, 85, 61, 10, 48, 76, 90, 96, 49]",[],10,10,[],re_result_6-29_APRA/cifar10_700_Jul.02_16.35.49_avg_True_no-noise_reba/agg_records/pkl/round_0545_avg.pkl
546,avg,success,"[35, 86, 59, 10, 18, 57, 73, 40, 68, 46]","[35, 86, 59, 10, 18, 57, 73, 40, 68, 46]",[],10,10,[],re_result_6-29_APRA/cifar10_700_Jul.02_16.35.49_avg_True_no-noise_reba/agg_records/pkl/round_0546_avg.pkl
547,avg,success,"[14, 63, 97, 94, 61, 27, 83, 64, 72, 4]","[14, 63, 97, 94, 61, 27, 83, 64, 72, 4]",[],10,10,[],re_result_6-29_APRA/cifar10_700_Jul.02_16.35.49_avg_True_no-noise_reba/agg_records/pkl/round_0547_avg.pkl
548,avg,success,"[58, 90, 7, 20, 0, 26, 93, 99, 49, 8]","[58, 90, 7, 20, 0, 26, 93, 99, 49, 8]",[],10,10,[],re_result_6-29_APRA/cifar10_700_Jul.02_16.35.49_avg_True_no-noise_reba/agg_records/pkl/round_0548_avg.pkl
549,avg,success,"[97, 47, 86, 78, 9, 71, 56, 54, 55, 6]","[97, 47, 86, 78, 9, 71, 56, 54, 55, 6]",[],10,10,[],re_result_6-29_APRA/cifar10_700_Jul.02_16.35.49_avg_True_no-noise_reba/agg_records/pkl/round_0549_avg.pkl
550,avg,success,"[10, 0, 95, 33, 11, 17, 81, 67, 69, 93]","[10, 0, 95, 33, 11, 17, 81, 67, 69, 93]",[],10,10,[],re_result_6-29_APRA/cifar10_700_Jul.02_16.35.49_avg_True_no-noise_reba/agg_records/pkl/round_0550_avg.pkl
551,avg,success,"[52, 77, 87, 3, 18, 79, 45, 57, 71, 28]","[52, 77, 87, 3, 18, 79, 45, 57, 71, 28]",[],10,10,[],re_result_6-29_APRA/cifar10_700_Jul.02_16.35.49_avg_True_no-noise_reba/agg_records/pkl/round_0551_avg.pkl
552,avg,success,"[31, 97, 5, 75, 8, 83, 27, 62, 93, 10]","[31, 97, 5, 75, 8, 83, 27, 62, 93, 10]",[],10,10,[],re_result_6-29_APRA/cifar10_700_Jul.02_16.35.49_avg_True_no-noise_reba/agg_records/pkl/round_0552_avg.pkl
553,avg,success,"[59, 14, 95, 31, 21, 99, 48, 61, 20, 42]","[59, 14, 95, 31, 21, 99, 48, 61, 20, 42]",[],10,10,[],re_result_6-29_APRA/cifar10_700_Jul.02_16.35.49_avg_True_no-noise_reba/agg_records/pkl/round_0553_avg.pkl
554,avg,success,"[16, 15, 47, 22, 66, 69, 79, 13, 70, 39]","[16, 15, 47, 22, 66, 69, 79, 13, 70, 39]",[],10,10,[],re_result_6-29_APRA/cifar10_700_Jul.02_16.35.49_avg_True_no-noise_reba/agg_records/pkl/round_0554_avg.pkl
555,avg,success,"[50, 73, 58, 76, 61, 47, 85, 98, 97, 26]","[50, 73, 58, 76, 61, 47, 85, 98, 97, 26]",[],10,10,[],re_result_6-29_APRA/cifar10_700_Jul.02_16.35.49_avg_True_no-noise_reba/agg_records/pkl/round_0555_avg.pkl
556,avg,success,"[54, 27, 85, 75, 79, 99, 43, 5, 81, 20]","[54, 27, 85, 75, 79, 99, 43, 5, 81, 20]",[],10,10,[],re_result_6-29_APRA/cifar10_700_Jul.02_16.35.49_avg_True_no-noise_reba/agg_records/pkl/round_0556_avg.pkl
557,avg,success,"[10, 17, 4, 55, 97, 64, 25, 45, 18, 52]","[10, 17, 4, 55, 97, 64, 25, 45, 18, 52]",[],10,10,[],re_result_6-29_APRA/cifar10_700_Jul.02_16.35.49_avg_True_no-noise_reba/agg_records/pkl/round_0557_avg.pkl
558,avg,success,"[2, 23, 37, 38, 88, 74, 51, 92, 84, 47]","[2, 23, 37, 38, 88, 74, 51, 92, 84, 47]",[],10,10,[],re_result_6-29_APRA/cifar10_700_Jul.02_16.35.49_avg_True_no-noise_reba/agg_records/pkl/round_0558_avg.pkl
559,avg,success,"[62, 73, 53, 19, 37, 83, 81, 15, 22, 0]","[62, 73, 53, 19, 37, 83, 81, 15, 22, 0]",[],10,10,[],re_result_6-29_APRA/cifar10_700_Jul.02_16.35.49_avg_True_no-noise_reba/agg_records/pkl/round_0559_avg.pkl
560,avg,success,"[99, 93, 43, 39, 61, 74, 9, 49, 4, 90]","[99, 93, 43, 39, 61, 74, 9, 49, 4, 90]",[],10,10,[],re_result_6-29_APRA/cifar10_700_Jul.02_16.35.49_avg_True_no-noise_reba/agg_records/pkl/round_0560_avg.pkl
561,avg,success,"[51, 68, 57, 5, 63, 58, 19, 43, 9, 78]","[51, 68, 57, 5, 63, 58, 19, 43, 9, 78]",[],10,10,[],re_result_6-29_APRA/cifar10_700_Jul.02_16.35.49_avg_True_no-noise_reba/agg_records/pkl/round_0561_avg.pkl
562,avg,success,"[78, 15, 85, 1, 96, 20, 9, 27, 49, 23]","[78, 15, 85, 1, 96, 20, 9, 27, 49, 23]",[],10,10,[],re_result_6-29_APRA/cifar10_700_Jul.02_16.35.49_avg_True_no-noise_reba/agg_records/pkl/round_0562_avg.pkl
563,avg,success,"[42, 90, 97, 40, 30, 87, 24, 95, 69, 86]","[42, 90, 97, 40, 30, 87, 24, 95, 69, 86]",[],10,10,[],re_result_6-29_APRA/cifar10_700_Jul.02_16.35.49_avg_True_no-noise_reba/agg_records/pkl/round_0563_avg.pkl
564,avg,success,"[5, 28, 4, 9, 47, 38, 7, 54, 98, 1]","[5, 28, 4, 9, 47, 38, 7, 54, 98, 1]",[],10,10,[],re_result_6-29_APRA/cifar10_700_Jul.02_16.35.49_avg_True_no-noise_reba/agg_records/pkl/round_0564_avg.pkl
565,avg,success,"[67, 42, 92, 57, 26, 55, 53, 96, 20, 48]","[67, 42, 92, 57, 26, 55, 53, 96, 20, 48]",[],10,10,[],re_result_6-29_APRA/cifar10_700_Jul.02_16.35.49_avg_True_no-noise_reba/agg_records/pkl/round_0565_avg.pkl
566,avg,success,"[39, 82, 95, 68, 4, 9, 64, 38, 51, 60]","[39, 82, 95, 68, 4, 9, 64, 38, 51, 60]",[],10,10,[],re_result_6-29_APRA/cifar10_700_Jul.02_16.35.49_avg_True_no-noise_reba/agg_records/pkl/round_0566_avg.pkl
567,avg,success,"[96, 80, 84, 68, 57, 83, 26, 37, 72, 59]","[96, 80, 84, 68, 57, 83, 26, 37, 72, 59]",[],10,10,[],re_result_6-29_APRA/cifar10_700_Jul.02_16.35.49_avg_True_no-noise_reba/agg_records/pkl/round_0567_avg.pkl
568,avg,success,"[48, 8, 98, 4, 17, 7, 88, 44, 28, 19]","[48, 8, 98, 4, 17, 7, 88, 44, 28, 19]",[],10,10,[],re_result_6-29_APRA/cifar10_700_Jul.02_16.35.49_avg_True_no-noise_reba/agg_records/pkl/round_0568_avg.pkl
569,avg,success,"[2, 92, 78, 11, 39, 49, 17, 20, 60, 97]","[2, 92, 78, 11, 39, 49, 17, 20, 60, 97]",[],10,10,[],re_result_6-29_APRA/cifar10_700_Jul.02_16.35.49_avg_True_no-noise_reba/agg_records/pkl/round_0569_avg.pkl
570,avg,success,"[56, 33, 60, 14, 92, 69, 59, 26, 84, 25]","[56, 33, 60, 14, 92, 69, 59, 26, 84, 25]",[],10,10,[],re_result_6-29_APRA/cifar10_700_Jul.02_16.35.49_avg_True_no-noise_reba/agg_records/pkl/round_0570_avg.pkl
571,avg,success,"[41, 77, 6, 59, 49, 39, 7, 31, 27, 11]","[41, 77, 6, 59, 49, 39, 7, 31, 27, 11]",[],10,10,[],re_result_6-29_APRA/cifar10_700_Jul.02_16.35.49_avg_True_no-noise_reba/agg_records/pkl/round_0571_avg.pkl
572,avg,success,"[40, 39, 71, 53, 24, 48, 9, 11, 14, 60]","[40, 39, 71, 53, 24, 48, 9, 11, 14, 60]",[],10,10,[],re_result_6-29_APRA/cifar10_700_Jul.02_16.35.49_avg_True_no-noise_reba/agg_records/pkl/round_0572_avg.pkl
573,avg,success,"[38, 6, 46, 97, 7, 54, 83, 48, 14, 35]","[38, 6, 46, 97, 7, 54, 83, 48, 14, 35]",[],10,10,[],re_result_6-29_APRA/cifar10_700_Jul.02_16.35.49_avg_True_no-noise_reba/agg_records/pkl/round_0573_avg.pkl
574,avg,success,"[47, 56, 61, 24, 89, 33, 44, 55, 85, 34]","[47, 56, 61, 24, 89, 33, 44, 55, 85, 34]",[],10,10,[],re_result_6-29_APRA/cifar10_700_Jul.02_16.35.49_avg_True_no-noise_reba/agg_records/pkl/round_0574_avg.pkl
575,avg,success,"[19, 3, 37, 89, 39, 52, 33, 2, 65, 21]","[19, 3, 37, 89, 39, 52, 33, 2, 65, 21]",[],10,10,[],re_result_6-29_APRA/cifar10_700_Jul.02_16.35.49_avg_True_no-noise_reba/agg_records/pkl/round_0575_avg.pkl
576,avg,success,"[23, 67, 31, 22, 77, 25, 37, 52, 2, 38]","[23, 67, 31, 22, 77, 25, 37, 52, 2, 38]",[],10,10,[],re_result_6-29_APRA/cifar10_700_Jul.02_16.35.49_avg_True_no-noise_reba/agg_records/pkl/round_0576_avg.pkl
577,avg,success,"[60, 40, 4, 6, 55, 41, 92, 71, 52, 26]","[60, 40, 4, 6, 55, 41, 92, 71, 52, 26]",[],10,10,[],re_result_6-29_APRA/cifar10_700_Jul.02_16.35.49_avg_True_no-noise_reba/agg_records/pkl/round_0577_avg.pkl
578,avg,success,"[99, 28, 96, 19, 97, 60, 27, 43, 56, 33]","[99, 28, 96, 19, 97, 60, 27, 43, 56, 33]",[],10,10,[],re_result_6-29_APRA/cifar10_700_Jul.02_16.35.49_avg_True_no-noise_reba/agg_records/pkl/round_0578_avg.pkl
579,avg,success,"[25, 64, 75, 98, 32, 41, 61, 68, 44, 53]","[25, 64, 75, 98, 32, 41, 61, 68, 44, 53]",[],10,10,[],re_result_6-29_APRA/cifar10_700_Jul.02_16.35.49_avg_True_no-noise_reba/agg_records/pkl/round_0579_avg.pkl
580,avg,success,"[58, 69, 61, 57, 85, 94, 93, 14, 80, 70]","[58, 69, 61, 57, 85, 94, 93, 14, 80, 70]",[],10,10,[],re_result_6-29_APRA/cifar10_700_Jul.02_16.35.49_avg_True_no-noise_reba/agg_records/pkl/round_0580_avg.pkl
581,avg,success,"[77, 19, 81, 82, 85, 1, 37, 69, 78, 20]","[77, 19, 81, 82, 85, 1, 37, 69, 78, 20]",[],10,10,[],re_result_6-29_APRA/cifar10_700_Jul.02_16.35.49_avg_True_no-noise_reba/agg_records/pkl/round_0581_avg.pkl
582,avg,success,"[21, 7, 19, 78, 9, 25, 72, 41, 8, 65]","[21, 7, 19, 78, 9, 25, 72, 41, 8, 65]",[],10,10,[],re_result_6-29_APRA/cifar10_700_Jul.02_16.35.49_avg_True_no-noise_reba/agg_records/pkl/round_0582_avg.pkl
583,avg,success,"[85, 54, 66, 34, 2, 1, 57, 41, 59, 13]","[85, 54, 66, 34, 2, 1, 57, 41, 59, 13]",[],10,10,[],re_result_6-29_APRA/cifar10_700_Jul.02_16.35.49_avg_True_no-noise_reba/agg_records/pkl/round_0583_avg.pkl
584,avg,success,"[1, 34, 68, 90, 95, 7, 76, 25, 10, 24]","[1, 34, 68, 90, 95, 7, 76, 25, 10, 24]",[],10,10,[],re_result_6-29_APRA/cifar10_700_Jul.02_16.35.49_avg_True_no-noise_reba/agg_records/pkl/round_0584_avg.pkl
585,avg,success,"[4, 62, 47, 11, 67, 84, 59, 42, 60, 63]","[4, 62, 47, 11, 67, 84, 59, 42, 60, 63]",[],10,10,[],re_result_6-29_APRA/cifar10_700_Jul.02_16.35.49_avg_True_no-noise_reba/agg_records/pkl/round_0585_avg.pkl
586,avg,success,"[26, 31, 71, 16, 64, 66, 90, 54, 43, 8]","[26, 31, 71, 16, 64, 66, 90, 54, 43, 8]",[],10,10,[],re_result_6-29_APRA/cifar10_700_Jul.02_16.35.49_avg_True_no-noise_reba/agg_records/pkl/round_0586_avg.pkl
587,avg,success,"[62, 87, 95, 68, 30, 83, 26, 41, 35, 29]","[62, 87, 95, 68, 30, 83, 26, 41, 35, 29]",[],10,10,[],re_result_6-29_APRA/cifar10_700_Jul.02_16.35.49_avg_True_no-noise_reba/agg_records/pkl/round_0587_avg.pkl
588,avg,success,"[77, 20, 40, 70, 80, 46, 50, 67, 16, 60]","[77, 20, 40, 70, 80, 46, 50, 67, 16, 60]",[],10,10,[],re_result_6-29_APRA/cifar10_700_Jul.02_16.35.49_avg_True_no-noise_reba/agg_records/pkl/round_0588_avg.pkl
589,avg,success,"[78, 41, 79, 68, 40, 16, 42, 20, 18, 23]","[78, 41, 79, 68, 40, 16, 42, 20, 18, 23]",[],10,10,[],re_result_6-29_APRA/cifar10_700_Jul.02_16.35.49_avg_True_no-noise_reba/agg_records/pkl/round_0589_avg.pkl
590,avg,success,"[93, 73, 88, 37, 82, 35, 72, 30, 71, 15]","[93, 73, 88, 37, 82, 35, 72, 30, 71, 15]",[],10,10,[],re_result_6-29_APRA/cifar10_700_Jul.02_16.35.49_avg_True_no-noise_reba/agg_records/pkl/round_0590_avg.pkl
591,avg,success,"[27, 21, 64, 47, 32, 39, 76, 41, 98, 40]","[27, 21, 64, 47, 32, 39, 76, 41, 98, 40]",[],10,10,[],re_result_6-29_APRA/cifar10_700_Jul.02_16.35.49_avg_True_no-noise_reba/agg_records/pkl/round_0591_avg.pkl
592,avg,success,"[24, 54, 67, 73, 84, 0, 12, 43, 44, 74]","[24, 54, 67, 73, 84, 0, 12, 43, 44, 74]",[],10,10,[],re_result_6-29_APRA/cifar10_700_Jul.02_16.35.49_avg_True_no-noise_reba/agg_records/pkl/round_0592_avg.pkl
593,avg,success,"[97, 62, 55, 41, 15, 30, 50, 10, 70, 16]","[97, 62, 55, 41, 15, 30, 50, 10, 70, 16]",[],10,10,[],re_result_6-29_APRA/cifar10_700_Jul.02_16.35.49_avg_True_no-noise_reba/agg_records/pkl/round_0593_avg.pkl
594,avg,success,"[46, 73, 57, 50, 20, 70, 88, 77, 65, 90]","[46, 73, 57, 50, 20, 70, 88, 77, 65, 90]",[],10,10,[],re_result_6-29_APRA/cifar10_700_Jul.02_16.35.49_avg_True_no-noise_reba/agg_records/pkl/round_0594_avg.pkl
595,avg,success,"[84, 83, 34, 31, 28, 16, 32, 71, 30, 9]","[84, 83, 34, 31, 28, 16, 32, 71, 30, 9]",[],10,10,[],re_result_6-29_APRA/cifar10_700_Jul.02_16.35.49_avg_True_no-noise_reba/agg_records/pkl/round_0595_avg.pkl
596,avg,success,"[43, 66, 1, 22, 0, 34, 11, 83, 98, 8]","[43, 66, 1, 22, 0, 34, 11, 83, 98, 8]",[],10,10,[],re_result_6-29_APRA/cifar10_700_Jul.02_16.35.49_avg_True_no-noise_reba/agg_records/pkl/round_0596_avg.pkl
597,avg,success,"[25, 92, 61, 93, 87, 98, 63, 43, 64, 28]","[25, 92, 61, 93, 87, 98, 63, 43, 64, 28]",[],10,10,[],re_result_6-29_APRA/cifar10_700_Jul.02_16.35.49_avg_True_no-noise_reba/agg_records/pkl/round_0597_avg.pkl
598,avg,success,"[73, 47, 83, 28, 12, 89, 66, 95, 39, 55]","[73, 47, 83, 28, 12, 89, 66, 95, 39, 55]",[],10,10,[],re_result_6-29_APRA/cifar10_700_Jul.02_16.35.49_avg_True_no-noise_reba/agg_records/pkl/round_0598_avg.pkl
599,avg,success,"[11, 81, 31, 28, 49, 88, 27, 57, 64, 77]","[11, 81, 31, 28, 49, 88, 27, 57, 64, 77]",[],10,10,[],re_result_6-29_APRA/cifar10_700_Jul.02_16.35.49_avg_True_no-noise_reba/agg_records/pkl/round_0599_avg.pkl
600,avg,success,"[2, 19, 97, 21, 27, 91, 48, 4, 8, 58]","[2, 19, 97, 21, 27, 91, 48, 4, 8, 58]",[],10,10,[],re_result_6-29_APRA/cifar10_700_Jul.02_16.35.49_avg_True_no-noise_reba/agg_records/pkl/round_0600_avg.pkl
601,avg,success,"[83, 46, 36, 72, 53, 89, 64, 95, 66, 57]","[83, 46, 36, 72, 53, 89, 64, 95, 66, 57]",[],10,10,[],re_result_6-29_APRA/cifar10_700_Jul.02_16.35.49_avg_True_no-noise_reba/agg_records/pkl/round_0601_avg.pkl
602,avg,success,"[49, 98, 76, 25, 99, 85, 3, 88, 95, 90]","[49, 98, 76, 25, 99, 85, 3, 88, 95, 90]",[],10,10,[],re_result_6-29_APRA/cifar10_700_Jul.02_16.35.49_avg_True_no-noise_reba/agg_records/pkl/round_0602_avg.pkl
603,avg,success,"[20, 3, 40, 68, 39, 38, 98, 11, 77, 7]","[20, 3, 40, 68, 39, 38, 98, 11, 77, 7]",[],10,10,[],re_result_6-29_APRA/cifar10_700_Jul.02_16.35.49_avg_True_no-noise_reba/agg_records/pkl/round_0603_avg.pkl
604,avg,success,"[24, 98, 83, 48, 12, 67, 55, 85, 15, 87]","[24, 98, 83, 48, 12, 67, 55, 85, 15, 87]",[],10,10,[],re_result_6-29_APRA/cifar10_700_Jul.02_16.35.49_avg_True_no-noise_reba/agg_records/pkl/round_0604_avg.pkl
605,avg,success,"[17, 32, 35, 40, 22, 3, 44, 81, 15, 12]","[17, 32, 35, 40, 22, 3, 44, 81, 15, 12]",[],10,10,[],re_result_6-29_APRA/cifar10_700_Jul.02_16.35.49_avg_True_no-noise_reba/agg_records/pkl/round_0605_avg.pkl
606,avg,success,"[33, 54, 79, 24, 23, 8, 76, 43, 83, 38]","[33, 54, 79, 24, 23, 8, 76, 43, 83, 38]",[],10,10,[],re_result_6-29_APRA/cifar10_700_Jul.02_16.35.49_avg_True_no-noise_reba/agg_records/pkl/round_0606_avg.pkl
607,avg,success,"[47, 92, 76, 84, 90, 43, 70, 36, 15, 72]","[47, 92, 76, 84, 90, 43, 70, 36, 15, 72]",[],10,10,[],re_result_6-29_APRA/cifar10_700_Jul.02_16.35.49_avg_True_no-noise_reba/agg_records/pkl/round_0607_avg.pkl
608,avg,success,"[83, 26, 23, 93, 86, 55, 50, 64, 63, 13]","[83, 26, 23, 93, 86, 55, 50, 64, 63, 13]",[],10,10,[],re_result_6-29_APRA/cifar10_700_Jul.02_16.35.49_avg_True_no-noise_reba/agg_records/pkl/round_0608_avg.pkl
609,avg,success,"[18, 45, 19, 59, 48, 17, 64, 23, 29, 70]","[18, 45, 19, 59, 48, 17, 64, 23, 29, 70]",[],10,10,[],re_result_6-29_APRA/cifar10_700_Jul.02_16.35.49_avg_True_no-noise_reba/agg_records/pkl/round_0609_avg.pkl
610,avg,success,"[6, 90, 64, 83, 77, 21, 71, 58, 87, 88]","[6, 90, 64, 83, 77, 21, 71, 58, 87, 88]",[],10,10,[],re_result_6-29_APRA/cifar10_700_Jul.02_16.35.49_avg_True_no-noise_reba/agg_records/pkl/round_0610_avg.pkl
611,avg,success,"[30, 75, 91, 96, 13, 32, 31, 57, 86, 73]","[30, 75, 91, 96, 13, 32, 31, 57, 86, 73]",[],10,10,[],re_result_6-29_APRA/cifar10_700_Jul.02_16.35.49_avg_True_no-noise_reba/agg_records/pkl/round_0611_avg.pkl
612,avg,success,"[27, 78, 50, 73, 23, 75, 11, 13, 38, 58]","[27, 78, 50, 73, 23, 75, 11, 13, 38, 58]",[],10,10,[],re_result_6-29_APRA/cifar10_700_Jul.02_16.35.49_avg_True_no-noise_reba/agg_records/pkl/round_0612_avg.pkl
613,avg,success,"[46, 95, 83, 76, 53, 47, 42, 31, 56, 79]","[46, 95, 83, 76, 53, 47, 42, 31, 56, 79]",[],10,10,[],re_result_6-29_APRA/cifar10_700_Jul.02_16.35.49_avg_True_no-noise_reba/agg_records/pkl/round_0613_avg.pkl
614,avg,success,"[25, 64, 78, 56, 87, 8, 6, 62, 15, 71]","[25, 64, 78, 56, 87, 8, 6, 62, 15, 71]",[],10,10,[],re_result_6-29_APRA/cifar10_700_Jul.02_16.35.49_avg_True_no-noise_reba/agg_records/pkl/round_0614_avg.pkl
615,avg,success,"[70, 7, 26, 66, 12, 36, 20, 46, 88, 97]","[70, 7, 26, 66, 12, 36, 20, 46, 88, 97]",[],10,10,[],re_result_6-29_APRA/cifar10_700_Jul.02_16.35.49_avg_True_no-noise_reba/agg_records/pkl/round_0615_avg.pkl
616,avg,success,"[53, 61, 47, 75, 39, 59, 62, 38, 26, 77]","[53, 61, 47, 75, 39, 59, 62, 38, 26, 77]",[],10,10,[],re_result_6-29_APRA/cifar10_700_Jul.02_16.35.49_avg_True_no-noise_reba/agg_records/pkl/round_0616_avg.pkl
617,avg,success,"[9, 34, 72, 5, 31, 15, 26, 4, 81, 21]","[9, 34, 72, 5, 31, 15, 26, 4, 81, 21]",[],10,10,[],re_result_6-29_APRA/cifar10_700_Jul.02_16.35.49_avg_True_no-noise_reba/agg_records/pkl/round_0617_avg.pkl
618,avg,success,"[76, 9, 64, 2, 65, 37, 69, 55, 83, 31]","[76, 9, 64, 2, 65, 37, 69, 55, 83, 31]",[],10,10,[],re_result_6-29_APRA/cifar10_700_Jul.02_16.35.49_avg_True_no-noise_reba/agg_records/pkl/round_0618_avg.pkl
619,avg,success,"[23, 31, 68, 27, 45, 83, 37, 78, 49, 59]","[23, 31, 68, 27, 45, 83, 37, 78, 49, 59]",[],10,10,[],re_result_6-29_APRA/cifar10_700_Jul.02_16.35.49_avg_True_no-noise_reba/agg_records/pkl/round_0619_avg.pkl
620,avg,success,"[20, 99, 47, 67, 13, 11, 72, 65, 41, 85]","[20, 99, 47, 67, 13, 11, 72, 65, 41, 85]",[],10,10,[],re_result_6-29_APRA/cifar10_700_Jul.02_16.35.49_avg_True_no-noise_reba/agg_records/pkl/round_0620_avg.pkl
621,avg,success,"[6, 36, 60, 93, 50, 13, 20, 73, 3, 31]","[6, 36, 60, 93, 50, 13, 20, 73, 3, 31]",[],10,10,[],re_result_6-29_APRA/cifar10_700_Jul.02_16.35.49_avg_True_no-noise_reba/agg_records/pkl/round_0621_avg.pkl
622,avg,success,"[61, 72, 57, 81, 86, 21, 32, 33, 8, 19]","[61, 72, 57, 81, 86, 21, 32, 33, 8, 19]",[],10,10,[],re_result_6-29_APRA/cifar10_700_Jul.02_16.35.49_avg_True_no-noise_reba/agg_records/pkl/round_0622_avg.pkl
623,avg,success,"[3, 72, 66, 28, 97, 62, 4, 75, 71, 33]","[3, 72, 66, 28, 97, 62, 4, 75, 71, 33]",[],10,10,[],re_result_6-29_APRA/cifar10_700_Jul.02_16.35.49_avg_True_no-noise_reba/agg_records/pkl/round_0623_avg.pkl
624,avg,success,"[26, 32, 64, 70, 87, 78, 1, 66, 74, 37]","[26, 32, 64, 70, 87, 78, 1, 66, 74, 37]",[],10,10,[],re_result_6-29_APRA/cifar10_700_Jul.02_16.35.49_avg_True_no-noise_reba/agg_records/pkl/round_0624_avg.pkl
625,avg,success,"[50, 37, 74, 5, 78, 27, 60, 26, 19, 34]","[50, 37, 74, 5, 78, 27, 60, 26, 19, 34]",[],10,10,[],re_result_6-29_APRA/cifar10_700_Jul.02_16.35.49_avg_True_no-noise_reba/agg_records/pkl/round_0625_avg.pkl
626,avg,success,"[93, 65, 49, 2, 31, 26, 53, 95, 9, 77]","[93, 65, 49, 2, 31, 26, 53, 95, 9, 77]",[],10,10,[],re_result_6-29_APRA/cifar10_700_Jul.02_16.35.49_avg_True_no-noise_reba/agg_records/pkl/round_0626_avg.pkl
627,avg,success,"[68, 64, 99, 12, 36, 20, 9, 29, 25, 52]","[68, 64, 99, 12, 36, 20, 9, 29, 25, 52]",[],10,10,[],re_result_6-29_APRA/cifar10_700_Jul.02_16.35.49_avg_True_no-noise_reba/agg_records/pkl/round_0627_avg.pkl
628,avg,success,"[11, 94, 25, 73, 38, 29, 47, 64, 30, 48]","[11, 94, 25, 73, 38, 29, 47, 64, 30, 48]",[],10,10,[],re_result_6-29_APRA/cifar10_700_Jul.02_16.35.49_avg_True_no-noise_reba/agg_records/pkl/round_0628_avg.pkl
629,avg,success,"[63, 44, 77, 81, 43, 76, 95, 91, 80, 65]","[63, 44, 77, 81, 43, 76, 95, 91, 80, 65]",[],10,10,[],re_result_6-29_APRA/cifar10_700_Jul.02_16.35.49_avg_True_no-noise_reba/agg_records/pkl/round_0629_avg.pkl
630,avg,success,"[20, 73, 12, 9, 50, 28, 74, 46, 70, 26]","[20, 73, 12, 9, 50, 28, 74, 46, 70, 26]",[],10,10,[],re_result_6-29_APRA/cifar10_700_Jul.02_16.35.49_avg_True_no-noise_reba/agg_records/pkl/round_0630_avg.pkl
631,avg,success,"[69, 55, 41, 29, 82, 11, 58, 99, 67, 34]","[69, 55, 41, 29, 82, 11, 58, 99, 67, 34]",[],10,10,[],re_result_6-29_APRA/cifar10_700_Jul.02_16.35.49_avg_True_no-noise_reba/agg_records/pkl/round_0631_avg.pkl
632,avg,success,"[68, 32, 90, 45, 41, 26, 25, 89, 17, 62]","[68, 32, 90, 45, 41, 26, 25, 89, 17, 62]",[],10,10,[],re_result_6-29_APRA/cifar10_700_Jul.02_16.35.49_avg_True_no-noise_reba/agg_records/pkl/round_0632_avg.pkl
633,avg,success,"[88, 35, 65, 33, 29, 6, 47, 59, 62, 24]","[88, 35, 65, 33, 29, 6, 47, 59, 62, 24]",[],10,10,[],re_result_6-29_APRA/cifar10_700_Jul.02_16.35.49_avg_True_no-noise_reba/agg_records/pkl/round_0633_avg.pkl
634,avg,success,"[26, 81, 7, 49, 71, 6, 10, 28, 52, 90]","[26, 81, 7, 49, 71, 6, 10, 28, 52, 90]",[],10,10,[],re_result_6-29_APRA/cifar10_700_Jul.02_16.35.49_avg_True_no-noise_reba/agg_records/pkl/round_0634_avg.pkl
635,avg,success,"[26, 63, 25, 50, 22, 75, 57, 90, 14, 19]","[26, 63, 25, 50, 22, 75, 57, 90, 14, 19]",[],10,10,[],re_result_6-29_APRA/cifar10_700_Jul.02_16.35.49_avg_True_no-noise_reba/agg_records/pkl/round_0635_avg.pkl
636,avg,success,"[74, 66, 73, 40, 25, 86, 11, 64, 59, 48]","[74, 66, 73, 40, 25, 86, 11, 64, 59, 48]",[],10,10,[],re_result_6-29_APRA/cifar10_700_Jul.02_16.35.49_avg_True_no-noise_reba/agg_records/pkl/round_0636_avg.pkl
637,avg,success,"[39, 36, 51, 64, 18, 29, 19, 79, 50, 28]","[39, 36, 51, 64, 18, 29, 19, 79, 50, 28]",[],10,10,[],re_result_6-29_APRA/cifar10_700_Jul.02_16.35.49_avg_True_no-noise_reba/agg_records/pkl/round_0637_avg.pkl
638,avg,success,"[38, 66, 55, 73, 39, 78, 6, 90, 41, 60]","[38, 66, 55, 73, 39, 78, 6, 90, 41, 60]",[],10,10,[],re_result_6-29_APRA/cifar10_700_Jul.02_16.35.49_avg_True_no-noise_reba/agg_records/pkl/round_0638_avg.pkl
639,avg,success,"[86, 95, 70, 19, 5, 41, 26, 91, 82, 47]","[86, 95, 70, 19, 5, 41, 26, 91, 82, 47]",[],10,10,[],re_result_6-29_APRA/cifar10_700_Jul.02_16.35.49_avg_True_no-noise_reba/agg_records/pkl/round_0639_avg.pkl
640,avg,success,"[27, 15, 53, 85, 90, 58, 82, 49, 50, 93]","[27, 15, 53, 85, 90, 58, 82, 49, 50, 93]",[],10,10,[],re_result_6-29_APRA/cifar10_700_Jul.02_16.35.49_avg_True_no-noise_reba/agg_records/pkl/round_0640_avg.pkl
641,avg,success,"[77, 6, 45, 70, 53, 40, 81, 34, 22, 97]","[77, 6, 45, 70, 53, 40, 81, 34, 22, 97]",[],10,10,[],re_result_6-29_APRA/cifar10_700_Jul.02_16.35.49_avg_True_no-noise_reba/agg_records/pkl/round_0641_avg.pkl
642,avg,success,"[70, 49, 85, 38, 59, 41, 51, 54, 92, 16]","[70, 49, 85, 38, 59, 41, 51, 54, 92, 16]",[],10,10,[],re_result_6-29_APRA/cifar10_700_Jul.02_16.35.49_avg_True_no-noise_reba/agg_records/pkl/round_0642_avg.pkl
643,avg,success,"[25, 83, 71, 80, 48, 95, 90, 37, 28, 4]","[25, 83, 71, 80, 48, 95, 90, 37, 28, 4]",[],10,10,[],re_result_6-29_APRA/cifar10_700_Jul.02_16.35.49_avg_True_no-noise_reba/agg_records/pkl/round_0643_avg.pkl
644,avg,success,"[65, 97, 26, 17, 72, 16, 22, 48, 32, 13]","[65, 97, 26, 17, 72, 16, 22, 48, 32, 13]",[],10,10,[],re_result_6-29_APRA/cifar10_700_Jul.02_16.35.49_avg_True_no-noise_reba/agg_records/pkl/round_0644_avg.pkl
645,avg,success,"[23, 47, 77, 52, 2, 65, 26, 76, 68, 44]","[23, 47, 77, 52, 2, 65, 26, 76, 68, 44]",[],10,10,[],re_result_6-29_APRA/cifar10_700_Jul.02_16.35.49_avg_True_no-noise_reba/agg_records/pkl/round_0645_avg.pkl
646,avg,success,"[24, 6, 70, 96, 97, 0, 72, 91, 58, 85]","[24, 6, 70, 96, 97, 0, 72, 91, 58, 85]",[],10,10,[],re_result_6-29_APRA/cifar10_700_Jul.02_16.35.49_avg_True_no-noise_reba/agg_records/pkl/round_0646_avg.pkl
647,avg,success,"[53, 19, 2, 51, 13, 32, 84, 73, 74, 92]","[53, 19, 2, 51, 13, 32, 84, 73, 74, 92]",[],10,10,[],re_result_6-29_APRA/cifar10_700_Jul.02_16.35.49_avg_True_no-noise_reba/agg_records/pkl/round_0647_avg.pkl
648,avg,success,"[8, 45, 93, 15, 79, 78, 29, 11, 80, 99]","[8, 45, 93, 15, 79, 78, 29, 11, 80, 99]",[],10,10,[],re_result_6-29_APRA/cifar10_700_Jul.02_16.35.49_avg_True_no-noise_reba/agg_records/pkl/round_0648_avg.pkl
649,avg,success,"[86, 42, 69, 44, 56, 41, 8, 74, 35, 5]","[86, 42, 69, 44, 56, 41, 8, 74, 35, 5]",[],10,10,[],re_result_6-29_APRA/cifar10_700_Jul.02_16.35.49_avg_True_no-noise_reba/agg_records/pkl/round_0649_avg.pkl
650,avg,success,"[65, 61, 0, 94, 93, 60, 51, 70, 19, 11]","[65, 61, 0, 94, 93, 60, 51, 70, 19, 11]",[],10,10,[],re_result_6-29_APRA/cifar10_700_Jul.02_16.35.49_avg_True_no-noise_reba/agg_records/pkl/round_0650_avg.pkl
651,avg,success,"[91, 48, 10, 95, 59, 4, 85, 66, 18, 92]","[91, 48, 10, 95, 59, 4, 85, 66, 18, 92]",[],10,10,[],re_result_6-29_APRA/cifar10_700_Jul.02_16.35.49_avg_True_no-noise_reba/agg_records/pkl/round_0651_avg.pkl
652,avg,success,"[56, 35, 23, 65, 37, 81, 24, 21, 91, 88]","[56, 35, 23, 65, 37, 81, 24, 21, 91, 88]",[],10,10,[],re_result_6-29_APRA/cifar10_700_Jul.02_16.35.49_avg_True_no-noise_reba/agg_records/pkl/round_0652_avg.pkl
653,avg,success,"[27, 99, 54, 86, 43, 76, 82, 71, 22, 59]","[27, 99, 54, 86, 43, 76, 82, 71, 22, 59]",[],10,10,[],re_result_6-29_APRA/cifar10_700_Jul.02_16.35.49_avg_True_no-noise_reba/agg_records/pkl/round_0653_avg.pkl
654,avg,success,"[42, 73, 66, 20, 29, 6, 58, 79, 65, 8]","[42, 73, 66, 20, 29, 6, 58, 79, 65, 8]",[],10,10,[],re_result_6-29_APRA/cifar10_700_Jul.02_16.35.49_avg_True_no-noise_reba/agg_records/pkl/round_0654_avg.pkl
655,avg,success,"[86, 39, 99, 27, 56, 91, 50, 21, 48, 47]","[86, 39, 99, 27, 56, 91, 50, 21, 48, 47]",[],10,10,[],re_result_6-29_APRA/cifar10_700_Jul.02_16.35.49_avg_True_no-noise_reba/agg_records/pkl/round_0655_avg.pkl
656,avg,success,"[47, 80, 53, 78, 30, 72, 49, 99, 33, 50]","[47, 80, 53, 78, 30, 72, 49, 99, 33, 50]",[],10,10,[],re_result_6-29_APRA/cifar10_700_Jul.02_16.35.49_avg_True_no-noise_reba/agg_records/pkl/round_0656_avg.pkl
657,avg,success,"[7, 68, 24, 78, 17, 52, 22, 99, 14, 55]","[7, 68, 24, 78, 17, 52, 22, 99, 14, 55]",[],10,10,[],re_result_6-29_APRA/cifar10_700_Jul.02_16.35.49_avg_True_no-noise_reba/agg_records/pkl/round_0657_avg.pkl
658,avg,success,"[26, 54, 99, 74, 1, 73, 68, 52, 29, 13]","[26, 54, 99, 74, 1, 73, 68, 52, 29, 13]",[],10,10,[],re_result_6-29_APRA/cifar10_700_Jul.02_16.35.49_avg_True_no-noise_reba/agg_records/pkl/round_0658_avg.pkl
659,avg,success,"[52, 19, 43, 37, 47, 1, 28, 75, 88, 63]","[52, 19, 43, 37, 47, 1, 28, 75, 88, 63]",[],10,10,[],re_result_6-29_APRA/cifar10_700_Jul.02_16.35.49_avg_True_no-noise_reba/agg_records/pkl/round_0659_avg.pkl
660,avg,success,"[28, 10, 75, 87, 86, 97, 40, 54, 64, 29]","[28, 10, 75, 87, 86, 97, 40, 54, 64, 29]",[],10,10,[],re_result_6-29_APRA/cifar10_700_Jul.02_16.35.49_avg_True_no-noise_reba/agg_records/pkl/round_0660_avg.pkl
661,avg,success,"[55, 21, 33, 47, 91, 48, 41, 5, 19, 32]","[55, 21, 33, 47, 91, 48, 41, 5, 19, 32]",[],10,10,[],re_result_6-29_APRA/cifar10_700_Jul.02_16.35.49_avg_True_no-noise_reba/agg_records/pkl/round_0661_avg.pkl
662,avg,success,"[47, 6, 1, 7, 55, 65, 31, 48, 69, 21]","[47, 6, 1, 7, 55, 65, 31, 48, 69, 21]",[],10,10,[],re_result_6-29_APRA/cifar10_700_Jul.02_16.35.49_avg_True_no-noise_reba/agg_records/pkl/round_0662_avg.pkl
663,avg,success,"[9, 55, 21, 58, 33, 97, 88, 34, 65, 84]","[9, 55, 21, 58, 33, 97, 88, 34, 65, 84]",[],10,10,[],re_result_6-29_APRA/cifar10_700_Jul.02_16.35.49_avg_True_no-noise_reba/agg_records/pkl/round_0663_avg.pkl
664,avg,success,"[5, 33, 14, 50, 91, 89, 21, 28, 27, 85]","[5, 33, 14, 50, 91, 89, 21, 28, 27, 85]",[],10,10,[],re_result_6-29_APRA/cifar10_700_Jul.02_16.35.49_avg_True_no-noise_reba/agg_records/pkl/round_0664_avg.pkl
665,avg,success,"[51, 93, 86, 38, 72, 71, 81, 73, 14, 26]","[51, 93, 86, 38, 72, 71, 81, 73, 14, 26]",[],10,10,[],re_result_6-29_APRA/cifar10_700_Jul.02_16.35.49_avg_True_no-noise_reba/agg_records/pkl/round_0665_avg.pkl
666,avg,success,"[51, 45, 76, 79, 31, 67, 48, 69, 78, 21]","[51, 45, 76, 79, 31, 67, 48, 69, 78, 21]",[],10,10,[],re_result_6-29_APRA/cifar10_700_Jul.02_16.35.49_avg_True_no-noise_reba/agg_records/pkl/round_0666_avg.pkl
667,avg,success,"[61, 17, 21, 84, 5, 67, 97, 27, 35, 34]","[61, 17, 21, 84, 5, 67, 97, 27, 35, 34]",[],10,10,[],re_result_6-29_APRA/cifar10_700_Jul.02_16.35.49_avg_True_no-noise_reba/agg_records/pkl/round_0667_avg.pkl
668,avg,success,"[83, 68, 16, 82, 78, 73, 96, 66, 24, 7]","[83, 68, 16, 82, 78, 73, 96, 66, 24, 7]",[],10,10,[],re_result_6-29_APRA/cifar10_700_Jul.02_16.35.49_avg_True_no-noise_reba/agg_records/pkl/round_0668_avg.pkl
669,avg,success,"[81, 49, 77, 37, 2, 95, 28, 20, 1, 80]","[81, 49, 77, 37, 2, 95, 28, 20, 1, 80]",[],10,10,[],re_result_6-29_APRA/cifar10_700_Jul.02_16.35.49_avg_True_no-noise_reba/agg_records/pkl/round_0669_avg.pkl
670,avg,success,"[6, 51, 49, 19, 38, 10, 67, 39, 97, 96]","[6, 51, 49, 19, 38, 10, 67, 39, 97, 96]",[],10,10,[],re_result_6-29_APRA/cifar10_700_Jul.02_16.35.49_avg_True_no-noise_reba/agg_records/pkl/round_0670_avg.pkl
671,avg,success,"[43, 12, 18, 91, 59, 64, 9, 44, 7, 72]","[43, 12, 18, 91, 59, 64, 9, 44, 7, 72]",[],10,10,[],re_result_6-29_APRA/cifar10_700_Jul.02_16.35.49_avg_True_no-noise_reba/agg_records/pkl/round_0671_avg.pkl
672,avg,success,"[4, 15, 24, 39, 89, 78, 56, 21, 67, 42]","[4, 15, 24, 39, 89, 78, 56, 21, 67, 42]",[],10,10,[],re_result_6-29_APRA/cifar10_700_Jul.02_16.35.49_avg_True_no-noise_reba/agg_records/pkl/round_0672_avg.pkl
673,avg,success,"[18, 66, 8, 20, 33, 97, 21, 68, 78, 19]","[18, 66, 8, 20, 33, 97, 21, 68, 78, 19]",[],10,10,[],re_result_6-29_APRA/cifar10_700_Jul.02_16.35.49_avg_True_no-noise_reba/agg_records/pkl/round_0673_avg.pkl
674,avg,success,"[7, 72, 53, 40, 46, 51, 97, 63, 56, 2]","[7, 72, 53, 40, 46, 51, 97, 63, 56, 2]",[],10,10,[],re_result_6-29_APRA/cifar10_700_Jul.02_16.35.49_avg_True_no-noise_reba/agg_records/pkl/round_0674_avg.pkl
675,avg,success,"[41, 83, 54, 59, 81, 30, 65, 17, 37, 51]","[41, 83, 54, 59, 81, 30, 65, 17, 37, 51]",[],10,10,[],re_result_6-29_APRA/cifar10_700_Jul.02_16.35.49_avg_True_no-noise_reba/agg_records/pkl/round_0675_avg.pkl
676,avg,success,"[95, 84, 13, 88, 45, 94, 18, 64, 48, 28]","[95, 84, 13, 88, 45, 94, 18, 64, 48, 28]",[],10,10,[],re_result_6-29_APRA/cifar10_700_Jul.02_16.35.49_avg_True_no-noise_reba/agg_records/pkl/round_0676_avg.pkl
677,avg,success,"[65, 12, 83, 47, 61, 69, 78, 71, 62, 70]","[65, 12, 83, 47, 61, 69, 78, 71, 62, 70]",[],10,10,[],re_result_6-29_APRA/cifar10_700_Jul.02_16.35.49_avg_True_no-noise_reba/agg_records/pkl/round_0677_avg.pkl
678,avg,success,"[4, 89, 40, 50, 84, 11, 49, 88, 53, 27]","[4, 89, 40, 50, 84, 11, 49, 88, 53, 27]",[],10,10,[],re_result_6-29_APRA/cifar10_700_Jul.02_16.35.49_avg_True_no-noise_reba/agg_records/pkl/round_0678_avg.pkl
679,avg,success,"[51, 89, 57, 64, 52, 66, 13, 17, 16, 80]","[51, 89, 57, 64, 52, 66, 13, 17, 16, 80]",[],10,10,[],re_result_6-29_APRA/cifar10_700_Jul.02_16.35.49_avg_True_no-noise_reba/agg_records/pkl/round_0679_avg.pkl
680,avg,success,"[57, 59, 76, 60, 36, 35, 1, 72, 98, 74]","[57, 59, 76, 60, 36, 35, 1, 72, 98, 74]",[],10,10,[],re_result_6-29_APRA/cifar10_700_Jul.02_16.35.49_avg_True_no-noise_reba/agg_records/pkl/round_0680_avg.pkl
681,avg,success,"[42, 68, 38, 25, 67, 54, 47, 13, 4, 91]","[42, 68, 38, 25, 67, 54, 47, 13, 4, 91]",[],10,10,[],re_result_6-29_APRA/cifar10_700_Jul.02_16.35.49_avg_True_no-noise_reba/agg_records/pkl/round_0681_avg.pkl
682,avg,success,"[80, 18, 63, 67, 72, 6, 24, 98, 76, 13]","[80, 18, 63, 67, 72, 6, 24, 98, 76, 13]",[],10,10,[],re_result_6-29_APRA/cifar10_700_Jul.02_16.35.49_avg_True_no-noise_reba/agg_records/pkl/round_0682_avg.pkl
683,avg,success,"[71, 84, 37, 20, 91, 78, 54, 46, 10, 89]","[71, 84, 37, 20, 91, 78, 54, 46, 10, 89]",[],10,10,[],re_result_6-29_APRA/cifar10_700_Jul.02_16.35.49_avg_True_no-noise_reba/agg_records/pkl/round_0683_avg.pkl
684,avg,success,"[75, 80, 74, 7, 96, 81, 89, 66, 85, 87]","[75, 80, 74, 7, 96, 81, 89, 66, 85, 87]",[],10,10,[],re_result_6-29_APRA/cifar10_700_Jul.02_16.35.49_avg_True_no-noise_reba/agg_records/pkl/round_0684_avg.pkl
685,avg,success,"[63, 32, 72, 60, 33, 86, 42, 68, 16, 84]","[63, 32, 72, 60, 33, 86, 42, 68, 16, 84]",[],10,10,[],re_result_6-29_APRA/cifar10_700_Jul.02_16.35.49_avg_True_no-noise_reba/agg_records/pkl/round_0685_avg.pkl
686,avg,success,"[30, 3, 72, 4, 57, 27, 88, 25, 5, 83]","[30, 3, 72, 4, 57, 27, 88, 25, 5, 83]",[],10,10,[],re_result_6-29_APRA/cifar10_700_Jul.02_16.35.49_avg_True_no-noise_reba/agg_records/pkl/round_0686_avg.pkl
687,avg,success,"[72, 51, 68, 89, 74, 94, 52, 33, 54, 9]","[72, 51, 68, 89, 74, 94, 52, 33, 54, 9]",[],10,10,[],re_result_6-29_APRA/cifar10_700_Jul.02_16.35.49_avg_True_no-noise_reba/agg_records/pkl/round_0687_avg.pkl
688,avg,success,"[25, 82, 89, 78, 44, 28, 57, 61, 29, 65]","[25, 82, 89, 78, 44, 28, 57, 61, 29, 65]",[],10,10,[],re_result_6-29_APRA/cifar10_700_Jul.02_16.35.49_avg_True_no-noise_reba/agg_records/pkl/round_0688_avg.pkl
689,avg,success,"[25, 53, 67, 22, 28, 44, 1, 72, 14, 69]","[25, 53, 67, 22, 28, 44, 1, 72, 14, 69]",[],10,10,[],re_result_6-29_APRA/cifar10_700_Jul.02_16.35.49_avg_True_no-noise_reba/agg_records/pkl/round_0689_avg.pkl
690,avg,success,"[2, 71, 6, 60, 63, 89, 46, 87, 62, 18]","[2, 71, 6, 60, 63, 89, 46, 87, 62, 18]",[],10,10,[],re_result_6-29_APRA/cifar10_700_Jul.02_16.35.49_avg_True_no-noise_reba/agg_records/pkl/round_0690_avg.pkl
691,avg,success,"[95, 45, 16, 5, 34, 55, 42, 8, 79, 27]","[95, 45, 16, 5, 34, 55, 42, 8, 79, 27]",[],10,10,[],re_result_6-29_APRA/cifar10_700_Jul.02_16.35.49_avg_True_no-noise_reba/agg_records/pkl/round_0691_avg.pkl
692,avg,success,"[44, 37, 50, 94, 90, 88, 67, 57, 6, 73]","[44, 37, 50, 94, 90, 88, 67, 57, 6, 73]",[],10,10,[],re_result_6-29_APRA/cifar10_700_Jul.02_16.35.49_avg_True_no-noise_reba/agg_records/pkl/round_0692_avg.pkl
693,avg,success,"[98, 52, 38, 21, 93, 67, 84, 28, 3, 80]","[98, 52, 38, 21, 93, 67, 84, 28, 3, 80]",[],10,10,[],re_result_6-29_APRA/cifar10_700_Jul.02_16.35.49_avg_True_no-noise_reba/agg_records/pkl/round_0693_avg.pkl
694,avg,success,"[37, 96, 95, 42, 50, 85, 49, 12, 7, 97]","[37, 96, 95, 42, 50, 85, 49, 12, 7, 97]",[],10,10,[],re_result_6-29_APRA/cifar10_700_Jul.02_16.35.49_avg_True_no-noise_reba/agg_records/pkl/round_0694_avg.pkl
695,avg,success,"[94, 82, 11, 54, 19, 48, 39, 5, 29, 90]","[94, 82, 11, 54, 19, 48, 39, 5, 29, 90]",[],10,10,[],re_result_6-29_APRA/cifar10_700_Jul.02_16.35.49_avg_True_no-noise_reba/agg_records/pkl/round_0695_avg.pkl
696,avg,success,"[87, 30, 91, 18, 92, 90, 16, 34, 53, 27]","[87, 30, 91, 18, 92, 90, 16, 34, 53, 27]",[],10,10,[],re_result_6-29_APRA/cifar10_700_Jul.02_16.35.49_avg_True_no-noise_reba/agg_records/pkl/round_0696_avg.pkl
697,avg,success,"[65, 98, 94, 89, 3, 27, 68, 87, 96, 80]","[65, 98, 94, 89, 3, 27, 68, 87, 96, 80]",[],10,10,[],re_result_6-29_APRA/cifar10_700_Jul.02_16.35.49_avg_True_no-noise_reba/agg_records/pkl/round_0697_avg.pkl
698,avg,success,"[90, 50, 4, 87, 45, 58, 79, 55, 99, 30]","[90, 50, 4, 87, 45, 58, 79, 55, 99, 30]",[],10,10,[],re_result_6-29_APRA/cifar10_700_Jul.02_16.35.49_avg_True_no-noise_reba/agg_records/pkl/round_0698_avg.pkl
699,avg,success,"[9, 61, 40, 67, 84, 92, 55, 30, 1, 41]","[9, 61, 40, 67, 84, 92, 55, 30, 1, 41]",[],10,10,[],re_result_6-29_APRA/cifar10_700_Jul.02_16.35.49_avg_True_no-noise_reba/agg_records/pkl/round_0699_avg.pkl
