epoch,method,stage,selected,rejected,human
1,foolsgold,foolsgold,"[10, 51, 26, 32, 71, 38, 50, 6]","[1, 3]","{""layer_name"": ""linear"", ""weights_by_client"": {""1"": 0.0, ""10"": 1.0, ""51"": 1.0, ""26"": 1.0, ""32"": 1.0, ""3"": 0.0, ""71"": 1.0, ""38"": 1.0, ""50"": 1.0, ""6"": 1.0}}"
2,foolsgold,foolsgold,"[61, 21, 96, 51, 20, 66, 99, 31]","[0, 2]","{""layer_name"": ""linear"", ""weights_by_client"": {""0"": 0.0, ""61"": 1.0, ""21"": 1.0, ""96"": 1.0, ""51"": 1.0, ""20"": 1.0, ""66"": 1.0, ""99"": 1.0, ""2"": 0.0, ""31"": 1.0}}"
3,foolsgold,foolsgold,"[1, 90, 52, 40, 78, 7, 66, 37, 86, 64]",[],"{""layer_name"": ""linear"", ""weights_by_client"": {""1"": 1.0, ""90"": 1.0, ""52"": 1.0, ""40"": 1.0, ""78"": 1.0, ""7"": 1.0, ""66"": 1.0, ""37"": 1.0, ""86"": 1.0, ""64"": 1.0}}"
4,foolsgold,foolsgold,"[2, 74, 11, 81, 12, 56, 31, 33, 84, 91]",[],"{""layer_name"": ""linear"", ""weights_by_client"": {""2"": 1.0, ""74"": 1.0, ""11"": 1.0, ""81"": 1.0, ""12"": 1.0, ""56"": 1.0, ""31"": 1.0, ""33"": 1.0, ""84"": 1.0, ""91"": 1.0}}"
5,foolsgold,foolsgold,"[1, 88, 5, 30, 13, 8, 92, 89, 50, 53]",[],"{""layer_name"": ""linear"", ""weights_by_client"": {""1"": 1.0, ""88"": 1.0, ""5"": 1.0, ""30"": 1.0, ""13"": 1.0, ""8"": 1.0, ""92"": 1.0, ""89"": 1.0, ""50"": 1.0, ""53"": 1.0}}"
6,foolsgold,foolsgold,"[1, 99, 49, 56, 23, 97, 19, 68, 36, 47]",[],"{""layer_name"": ""linear"", ""weights_by_client"": {""1"": 1.0, ""99"": 0.7095355814502706, ""49"": 0.7095355814502706, ""56"": 1.0, ""23"": 1.0, ""97"": 0.9152832487548748, ""19"": 0.3202165681927119, ""68"": 1.0, ""36"": 1.0, ""47"": 0.3202165681927119}}"
7,foolsgold,foolsgold,"[40, 10, 38, 97, 69, 82, 43, 59]","[2, 0]","{""layer_name"": ""linear"", ""weights_by_client"": {""2"": 0.0, ""40"": 1.0, ""10"": 0.6447998679695943, ""38"": 1.0, ""97"": 0.5055984032549666, ""0"": 0.0, ""69"": 0.5055984032549666, ""82"": 0.20831466493173512, ""43"": 0.20831466493173512, ""59"": 1.0}}"
8,foolsgold,foolsgold,"[4, 49, 20, 21, 74, 46, 10, 82]","[98, 14]","{""layer_name"": ""linear"", ""weights_by_client"": {""4"": 1.0, ""49"": 0.5800759802158622, ""20"": 1.0, ""21"": 1.0, ""74"": 0.5906325372804812, ""46"": 0.04718163742363474, ""10"": 0.3933742482550744, ""98"": 0.0, ""14"": 0.0, ""82"": 0.10803954867379084}}"
9,foolsgold,foolsgold,"[0, 66, 40, 68, 11]","[55, 5, 49, 94, 54]","{""layer_name"": ""linear"", ""weights_by_client"": {""0"": 1.0, ""66"": 1.0, ""40"": 0.6946296901214799, ""68"": 0.15969876567206226, ""55"": 0.0, ""11"": 0.3355764775636749, ""5"": 0.0, ""49"": 0.0, ""94"": 0.0, ""54"": 0.0}}"
10,foolsgold,foolsgold,"[95, 85, 8, 24, 50, 38, 54, 76]","[0, 1]","{""layer_name"": ""linear"", ""weights_by_client"": {""0"": 0.0, ""95"": 0.13990105649604823, ""85"": 0.24126123756500611, ""8"": 1.0, ""24"": 0.24126123756500611, ""50"": 1.0, ""1"": 0.0, ""38"": 0.6597563413320736, ""54"": 0.13990105649604823, ""76"": 0.4752150272419093}}"
11,foolsgold,foolsgold,"[0, 26, 66]","[82, 14, 57, 34, 79, 85, 43]","{""layer_name"": ""linear"", ""weights_by_client"": {""0"": 1.0, ""82"": 0.0, ""14"": 0.0, ""57"": 0.0, ""34"": 0.0, ""79"": 0.0, ""85"": 0.0, ""43"": 0.0, ""26"": 0.2295379899271794, ""66"": 0.4989721397621028}}"
12,foolsgold,foolsgold,"[4, 14, 93, 49, 18, 40, 36, 10, 3, 54]",[],"{""layer_name"": ""linear"", ""weights_by_client"": {""4"": 0.6079350276474872, ""14"": 0.9096231602252169, ""93"": 0.2172743694290632, ""49"": 1.0, ""18"": 0.2172743694290632, ""40"": 1.0, ""36"": 1.0, ""10"": 1.0, ""3"": 0.6079350276474872, ""54"": 0.7693516558739169}}"
13,foolsgold,foolsgold,[3],"[81, 63, 70, 37, 41, 61, 29, 19, 10]","{""layer_name"": ""linear"", ""weights_by_client"": {""3"": 1.0, ""81"": 0.0, ""63"": 0.0, ""70"": 0.0, ""37"": 0.0, ""41"": 0.0, ""61"": 0.0, ""29"": 0.0, ""19"": 0.0, ""10"": 0.0}}"
14,foolsgold,foolsgold,"[3, 20]","[45, 8, 23, 88, 36, 28, 68, 74]","{""layer_name"": ""linear"", ""weights_by_client"": {""3"": 1.0, ""45"": 0.0, ""8"": 0.0, ""23"": 0.0, ""88"": 0.0, ""36"": 0.0, ""20"": 0.6725858122978865, ""28"": 0.0, ""68"": 0.0, ""74"": 0.0}}"
15,foolsgold,foolsgold,"[35, 96, 33, 59, 10]","[1, 45, 2, 9, 83]","{""layer_name"": ""linear"", ""weights_by_client"": {""1"": 0.0, ""45"": 0.0, ""35"": 0.637895315664607, ""96"": 0.8771152436473717, ""33"": 1.0, ""2"": 0.0, ""59"": 1.0, ""10"": 0.7323606936630161, ""9"": 0.0, ""83"": 0.0}}"
16,foolsgold,foolsgold,"[0, 88, 97, 48, 4, 32]","[60, 22, 79, 67]","{""layer_name"": ""linear"", ""weights_by_client"": {""0"": 0.3655180064356369, ""88"": 0.9532761579472957, ""60"": 0.0, ""97"": 0.693352359838264, ""22"": 0.0, ""79"": 0.0, ""67"": 0.0, ""48"": 0.2894939936498009, ""4"": 0.3655180064356369, ""32"": 1.0}}"
17,foolsgold,foolsgold,"[0, 82, 4, 55, 56, 13, 33]","[45, 96, 57]","{""layer_name"": ""linear"", ""weights_by_client"": {""0"": 0.8473586970814122, ""45"": 0.0, ""82"": 0.36851113014564935, ""96"": 0.0, ""4"": 0.8473586970814122, ""55"": 0.041854927853502866, ""56"": 1.0, ""57"": 0.0, ""13"": 1.0, ""33"": 1.0}}"
18,foolsgold,foolsgold,"[4, 30]","[44, 29, 85, 26, 16, 64, 98, 11]","{""layer_name"": ""linear"", ""weights_by_client"": {""4"": 1.0, ""44"": 0.0, ""30"": 0.38986890699770943, ""29"": 0.0, ""85"": 0.0, ""26"": 0.0, ""16"": 0.0, ""64"": 0.0, ""98"": 0.0, ""11"": 0.0}}"
19,foolsgold,foolsgold,"[2, 59]","[74, 98, 41, 46, 33, 95, 9, 22]","{""layer_name"": ""linear"", ""weights_by_client"": {""2"": 1.0, ""59"": 0.15363028987932215, ""74"": 0.0, ""98"": 0.0, ""41"": 0.0, ""46"": 0.0, ""33"": 0.0, ""95"": 0.0, ""9"": 0.0, ""22"": 0.0}}"
20,foolsgold,foolsgold,"[4, 71]","[89, 22, 38, 97, 98, 75, 23, 21]","{""layer_name"": ""linear"", ""weights_by_client"": {""4"": 1.0, ""71"": 0.19773635820408397, ""89"": 0.0, ""22"": 0.0, ""38"": 0.0, ""97"": 0.0, ""98"": 0.0, ""75"": 0.0, ""23"": 0.0, ""21"": 0.0}}"
21,foolsgold,foolsgold,[0],"[24, 65, 86, 71, 10, 46, 84, 7, 66]","{""layer_name"": ""linear"", ""weights_by_client"": {""0"": 1.0, ""24"": 0.0, ""65"": 0.0, ""86"": 0.0, ""71"": 0.0, ""10"": 0.0, ""46"": 0.0, ""84"": 0.0, ""7"": 0.0, ""66"": 0.0}}"
22,foolsgold,foolsgold,"[4, 88, 51, 0]","[46, 18, 15, 57, 71, 16]","{""layer_name"": ""linear"", ""weights_by_client"": {""4"": 0.5641218740709459, ""88"": 0.018413440956938698, ""46"": 0.0, ""18"": 0.0, ""15"": 0.0, ""57"": 0.0, ""51"": 1.0, ""71"": 0.0, ""0"": 0.5641218740709459, ""16"": 0.0}}"
23,foolsgold,foolsgold,[1],"[54, 78, 56, 22, 43, 6, 42, 98, 8]","{""layer_name"": ""linear"", ""weights_by_client"": {""1"": 1.0, ""54"": 0.0, ""78"": 0.0, ""56"": 0.0, ""22"": 0.0, ""43"": 0.0, ""6"": 0.0, ""42"": 0.0, ""98"": 0.0, ""8"": 0.0}}"
24,foolsgold,foolsgold,[3],"[95, 30, 92, 18, 36, 96, 77, 9, 38]","{""layer_name"": ""linear"", ""weights_by_client"": {""3"": 1.0, ""95"": 0.0, ""30"": 0.0, ""92"": 0.0, ""18"": 0.0, ""36"": 0.0, ""96"": 0.0, ""77"": 0.0, ""9"": 0.0, ""38"": 0.0}}"
25,foolsgold,foolsgold,[1],"[7, 32, 89, 97, 22, 47, 6, 95, 63]","{""layer_name"": ""linear"", ""weights_by_client"": {""1"": 1.0, ""7"": 0.0, ""32"": 0.0, ""89"": 0.0, ""97"": 0.0, ""22"": 0.0, ""47"": 0.0, ""6"": 0.0, ""95"": 0.0, ""63"": 0.0}}"
26,foolsgold,foolsgold,"[2, 51, 31]","[77, 20, 72, 30, 65, 37, 38]","{""layer_name"": ""linear"", ""weights_by_client"": {""2"": 1.0, ""77"": 0.0, ""51"": 0.3191733906921649, ""20"": 0.0, ""31"": 0.05478865726784454, ""72"": 0.0, ""30"": 0.0, ""65"": 0.0, ""37"": 0.0, ""38"": 0.0}}"
27,foolsgold,foolsgold,"[0, 51]","[98, 87, 30, 62, 83, 46, 33, 27]","{""layer_name"": ""linear"", ""weights_by_client"": {""0"": 1.0, ""98"": 0.0, ""87"": 0.0, ""30"": 0.0, ""62"": 0.0, ""83"": 0.0, ""51"": 0.0032937198803409395, ""46"": 0.0, ""33"": 0.0, ""27"": 0.0}}"
28,foolsgold,foolsgold,[4],"[75, 76, 35, 20, 94, 72, 97, 46, 95]","{""layer_name"": ""linear"", ""weights_by_client"": {""4"": 1.0, ""75"": 0.0, ""76"": 0.0, ""35"": 0.0, ""20"": 0.0, ""94"": 0.0, ""72"": 0.0, ""97"": 0.0, ""46"": 0.0, ""95"": 0.0}}"
29,foolsgold,foolsgold,"[4, 2, 3, 13]","[25, 29, 67, 53, 82, 33]","{""layer_name"": ""linear"", ""weights_by_client"": {""4"": 1.0, ""2"": 0.1624949334476259, ""25"": 0.0, ""29"": 0.0, ""3"": 0.1624949334476259, ""67"": 0.0, ""53"": 0.0, ""82"": 0.0, ""33"": 0.0, ""13"": 0.43661192422253986}}"
30,foolsgold,foolsgold,[2],"[72, 53, 84, 32, 17, 76, 6, 66, 41]","{""layer_name"": ""linear"", ""weights_by_client"": {""2"": 1.0, ""72"": 0.0, ""53"": 0.0, ""84"": 0.0, ""32"": 0.0, ""17"": 0.0, ""76"": 0.0, ""6"": 0.0, ""66"": 0.0, ""41"": 0.0}}"
31,foolsgold,foolsgold,[0],"[43, 8, 97, 35, 86, 66, 64, 85, 14]","{""layer_name"": ""linear"", ""weights_by_client"": {""0"": 1.0, ""43"": 0.0, ""8"": 0.0, ""97"": 0.0, ""35"": 0.0, ""86"": 0.0, ""66"": 0.0, ""64"": 0.0, ""85"": 0.0, ""14"": 0.0}}"
32,foolsgold,foolsgold,"[2, 4, 41, 16]","[75, 72, 17, 28, 60, 63]","{""layer_name"": ""linear"", ""weights_by_client"": {""2"": 1.0, ""75"": 0.0, ""4"": 1.0, ""41"": 0.019766232521225557, ""16"": 0.061008590104892624, ""72"": 0.0, ""17"": 0.0, ""28"": 0.0, ""60"": 0.0, ""63"": 0.0}}"
33,foolsgold,foolsgold,[1],"[14, 8, 79, 7, 62, 33, 37, 61, 74]","{""layer_name"": ""linear"", ""weights_by_client"": {""1"": 1.0, ""14"": 0.0, ""8"": 0.0, ""79"": 0.0, ""7"": 0.0, ""62"": 0.0, ""33"": 0.0, ""37"": 0.0, ""61"": 0.0, ""74"": 0.0}}"
34,foolsgold,foolsgold,[1],"[73, 14, 89, 10, 61, 16, 63, 33, 92]","{""layer_name"": ""linear"", ""weights_by_client"": {""1"": 1.0, ""73"": 0.0, ""14"": 0.0, ""89"": 0.0, ""10"": 0.0, ""61"": 0.0, ""16"": 0.0, ""63"": 0.0, ""33"": 0.0, ""92"": 0.0}}"
35,foolsgold,foolsgold,"[0, 4, 26, 91, 51, 68]","[33, 46, 87, 65]","{""layer_name"": ""linear"", ""weights_by_client"": {""0"": 1.0, ""4"": 1.0, ""26"": 0.06353920574657501, ""91"": 0.4790975213836848, ""33"": 0.0, ""46"": 0.0, ""51"": 1.0, ""68"": 0.1297406317864272, ""87"": 0.0, ""65"": 0.0}}"
36,foolsgold,foolsgold,[2],"[68, 51, 43, 87, 63, 97, 27, 62, 38]","{""layer_name"": ""linear"", ""weights_by_client"": {""2"": 1.0, ""68"": 0.0, ""51"": 0.0, ""43"": 0.0, ""87"": 0.0, ""63"": 0.0, ""97"": 0.0, ""27"": 0.0, ""62"": 0.0, ""38"": 0.0}}"
37,foolsgold,foolsgold,"[2, 77, 49, 52, 0, 57, 18, 29, 51, 94]",[],"{""layer_name"": ""linear"", ""weights_by_client"": {""2"": 1.0, ""77"": 0.20566526124700119, ""49"": 1.0, ""52"": 1.0, ""0"": 1.0, ""57"": 0.7161725472782503, ""18"": 0.20566526124700119, ""29"": 0.873668957996184, ""51"": 1.0, ""94"": 0.9336059619239522}}"
38,foolsgold,foolsgold,"[0, 99, 38, 61, 34, 14, 19, 1, 72, 70]",[],"{""layer_name"": ""linear"", ""weights_by_client"": {""0"": 1.0, ""99"": 1.0, ""38"": 0.9919471445570587, ""61"": 1.0, ""34"": 1.0, ""14"": 0.9919471445570587, ""19"": 1.0, ""1"": 1.0, ""72"": 1.0, ""70"": 1.0}}"
39,foolsgold,foolsgold,[0],"[25, 56, 67, 77, 27, 65, 82, 20, 46]","{""layer_name"": ""linear"", ""weights_by_client"": {""0"": 1.0, ""25"": 0.0, ""56"": 0.0, ""67"": 0.0, ""77"": 0.0, ""27"": 0.0, ""65"": 0.0, ""82"": 0.0, ""20"": 0.0, ""46"": 0.0}}"
40,foolsgold,foolsgold,"[1, 69, 87, 75, 81, 37, 0, 40, 28, 32]",[],"{""layer_name"": ""linear"", ""weights_by_client"": {""1"": 1.0, ""69"": 1.0, ""87"": 0.27799752006359557, ""75"": 1.0, ""81"": 1.0, ""37"": 1.0, ""0"": 1.0, ""40"": 1.0, ""28"": 0.27799752006359557, ""32"": 1.0}}"
41,foolsgold,foolsgold,"[2, 15, 52, 3, 18, 51, 78, 91, 43, 62]",[],"{""layer_name"": ""linear"", ""weights_by_client"": {""2"": 1.0, ""15"": 0.962273966337629, ""52"": 1.0, ""3"": 1.0, ""18"": 0.7425504569160805, ""51"": 1.0, ""78"": 1.0, ""91"": 1.0, ""43"": 0.5260045320756253, ""62"": 0.5260045320756253}}"
42,foolsgold,foolsgold,[3],"[48, 17, 89, 56, 54, 72, 38, 7, 28]","{""layer_name"": ""linear"", ""weights_by_client"": {""3"": 1.0, ""48"": 0.0, ""17"": 0.0, ""89"": 0.0, ""56"": 0.0, ""54"": 0.0, ""72"": 0.0, ""38"": 0.0, ""7"": 0.0, ""28"": 0.0}}"
43,foolsgold,foolsgold,"[0, 20]","[55, 26, 52, 61, 67, 9, 59, 41]","{""layer_name"": ""linear"", ""weights_by_client"": {""0"": 1.0, ""55"": 0.0, ""26"": 0.0, ""52"": 0.0, ""61"": 0.0, ""67"": 0.0, ""9"": 0.0, ""59"": 0.0, ""41"": 0.0, ""20"": 0.0118095071013537}}"
44,foolsgold,foolsgold,"[2, 50]","[83, 71, 9, 32, 44, 63, 35, 21]","{""layer_name"": ""linear"", ""weights_by_client"": {""2"": 1.0, ""83"": 0.0, ""71"": 0.0, ""9"": 0.0, ""32"": 0.0, ""44"": 0.0, ""63"": 0.0, ""50"": 0.31158296734504415, ""35"": 0.0, ""21"": 0.0}}"
45,foolsgold,foolsgold,"[4, 66, 30, 1]","[97, 79, 29, 27, 80, 98]","{""layer_name"": ""linear"", ""weights_by_client"": {""4"": 1.0, ""66"": 0.23101292674615875, ""30"": 0.3072080921754221, ""97"": 0.0, ""79"": 0.0, ""29"": 0.0, ""1"": 1.0, ""27"": 0.0, ""80"": 0.0, ""98"": 0.0}}"
46,foolsgold,foolsgold,[2],"[31, 77, 47, 18, 95, 90, 51, 6, 67]","{""layer_name"": ""linear"", ""weights_by_client"": {""2"": 1.0, ""31"": 0.0, ""77"": 0.0, ""47"": 0.0, ""18"": 0.0, ""95"": 0.0, ""90"": 0.0, ""51"": 0.0, ""6"": 0.0, ""67"": 0.0}}"
47,foolsgold,foolsgold,[4],"[45, 25, 24, 77, 72, 60, 31, 38, 91]","{""layer_name"": ""linear"", ""weights_by_client"": {""4"": 1.0, ""45"": 0.0, ""25"": 0.0, ""24"": 0.0, ""77"": 0.0, ""72"": 0.0, ""60"": 0.0, ""31"": 0.0, ""38"": 0.0, ""91"": 0.0}}"
48,foolsgold,foolsgold,[0],"[12, 11, 33, 80, 78, 63, 93, 39, 59]","{""layer_name"": ""linear"", ""weights_by_client"": {""0"": 1.0, ""12"": 0.0, ""11"": 0.0, ""33"": 0.0, ""80"": 0.0, ""78"": 0.0, ""63"": 0.0, ""93"": 0.0, ""39"": 0.0, ""59"": 0.0}}"
49,foolsgold,foolsgold,[2],"[35, 94, 63, 26, 87, 84, 58, 60, 5]","{""layer_name"": ""linear"", ""weights_by_client"": {""2"": 1.0, ""35"": 0.0, ""94"": 0.0, ""63"": 0.0, ""26"": 0.0, ""87"": 0.0, ""84"": 0.0, ""58"": 0.0, ""60"": 0.0, ""5"": 0.0}}"
50,foolsgold,foolsgold,[2],"[98, 76, 79, 6, 74, 54, 59, 69, 9]","{""layer_name"": ""linear"", ""weights_by_client"": {""2"": 1.0, ""98"": 0.0, ""76"": 0.0, ""79"": 0.0, ""6"": 0.0, ""74"": 0.0, ""54"": 0.0, ""59"": 0.0, ""69"": 0.0, ""9"": 0.0}}"
51,foolsgold,foolsgold,[4],"[40, 47, 50, 44, 74, 62, 58, 30, 79]","{""layer_name"": ""linear"", ""weights_by_client"": {""4"": 1.0, ""40"": 0.0, ""47"": 0.0, ""50"": 0.0, ""44"": 0.0, ""74"": 0.0, ""62"": 0.0, ""58"": 0.0, ""30"": 0.0, ""79"": 0.0}}"
52,foolsgold,foolsgold,"[3, 13, 5, 26, 99, 88, 2, 44]","[85, 33]","{""layer_name"": ""linear"", ""weights_by_client"": {""3"": 1.0, ""13"": 0.35322145581763853, ""5"": 0.19807179260135271, ""85"": 0.0, ""26"": 0.017644579691731888, ""99"": 1.0, ""88"": 0.5347275616747418, ""33"": 0.0, ""2"": 1.0, ""44"": 0.5113521858837301}}"
53,foolsgold,foolsgold,[3],"[27, 52, 70, 94, 75, 13, 7, 67, 96]","{""layer_name"": ""linear"", ""weights_by_client"": {""3"": 1.0, ""27"": 0.0, ""52"": 0.0, ""70"": 0.0, ""94"": 0.0, ""75"": 0.0, ""13"": 0.0, ""7"": 0.0, ""67"": 0.0, ""96"": 0.0}}"
54,foolsgold,foolsgold,[0],"[38, 15, 91, 87, 64, 41, 55, 80, 82]","{""layer_name"": ""linear"", ""weights_by_client"": {""0"": 1.0, ""38"": 0.0, ""15"": 0.0, ""91"": 0.0, ""87"": 0.0, ""64"": 0.0, ""41"": 0.0, ""55"": 0.0, ""80"": 0.0, ""82"": 0.0}}"
55,foolsgold,foolsgold,[2],"[28, 5, 61, 92, 21, 14, 88, 65, 85]","{""layer_name"": ""linear"", ""weights_by_client"": {""2"": 1.0, ""28"": 0.0, ""5"": 0.0, ""61"": 0.0, ""92"": 0.0, ""21"": 0.0, ""14"": 0.0, ""88"": 0.0, ""65"": 0.0, ""85"": 0.0}}"
56,foolsgold,foolsgold,[4],"[59, 85, 9, 87, 93, 55, 74, 76, 13]","{""layer_name"": ""linear"", ""weights_by_client"": {""4"": 1.0, ""59"": 0.0, ""85"": 0.0, ""9"": 0.0, ""87"": 0.0, ""93"": 0.0, ""55"": 0.0, ""74"": 0.0, ""76"": 0.0, ""13"": 0.0}}"
57,foolsgold,foolsgold,[3],"[41, 65, 60, 24, 30, 53, 32, 40, 98]","{""layer_name"": ""linear"", ""weights_by_client"": {""3"": 1.0, ""41"": 0.0, ""65"": 0.0, ""60"": 0.0, ""24"": 0.0, ""30"": 0.0, ""53"": 0.0, ""32"": 0.0, ""40"": 0.0, ""98"": 0.0}}"
58,foolsgold,foolsgold,[0],"[16, 5, 34, 69, 43, 57, 72, 92, 54]","{""layer_name"": ""linear"", ""weights_by_client"": {""0"": 1.0, ""16"": 0.0, ""5"": 0.0, ""34"": 0.0, ""69"": 0.0, ""43"": 0.0, ""57"": 0.0, ""72"": 0.0, ""92"": 0.0, ""54"": 0.0}}"
59,foolsgold,foolsgold,[3],"[15, 19, 50, 42, 62, 89, 21, 71, 9]","{""layer_name"": ""linear"", ""weights_by_client"": {""3"": 1.0, ""15"": 0.0, ""19"": 0.0, ""50"": 0.0, ""42"": 0.0, ""62"": 0.0, ""89"": 0.0, ""21"": 0.0, ""71"": 0.0, ""9"": 0.0}}"
60,foolsgold,foolsgold,[4],"[19, 99, 76, 16, 22, 63, 98, 72, 80]","{""layer_name"": ""linear"", ""weights_by_client"": {""4"": 1.0, ""19"": 0.0, ""99"": 0.0, ""76"": 0.0, ""16"": 0.0, ""22"": 0.0, ""63"": 0.0, ""98"": 0.0, ""72"": 0.0, ""80"": 0.0}}"
61,foolsgold,foolsgold,[4],"[66, 47, 84, 22, 34, 74, 87, 75, 9]","{""layer_name"": ""linear"", ""weights_by_client"": {""4"": 1.0, ""66"": 0.0, ""47"": 0.0, ""84"": 0.0, ""22"": 0.0, ""34"": 0.0, ""74"": 0.0, ""87"": 0.0, ""75"": 0.0, ""9"": 0.0}}"
62,foolsgold,foolsgold,"[4, 3]","[52, 82, 68, 38, 13, 93, 90, 45]","{""layer_name"": ""linear"", ""weights_by_client"": {""4"": 1.0, ""52"": 0.0, ""3"": 1.0, ""82"": 0.0, ""68"": 0.0, ""38"": 0.0, ""13"": 0.0, ""93"": 0.0, ""90"": 0.0, ""45"": 0.0}}"
63,foolsgold,foolsgold,[4],"[43, 48, 25, 60, 92, 30, 8, 91, 36]","{""layer_name"": ""linear"", ""weights_by_client"": {""4"": 1.0, ""43"": 0.0, ""48"": 0.0, ""25"": 0.0, ""60"": 0.0, ""92"": 0.0, ""30"": 0.0, ""8"": 0.0, ""91"": 0.0, ""36"": 0.0}}"
64,foolsgold,foolsgold,[1],"[59, 54, 27, 16, 68, 42, 48, 73, 52]","{""layer_name"": ""linear"", ""weights_by_client"": {""1"": 1.0, ""59"": 0.0, ""54"": 0.0, ""27"": 0.0, ""16"": 0.0, ""68"": 0.0, ""42"": 0.0, ""48"": 0.0, ""73"": 0.0, ""52"": 0.0}}"
65,foolsgold,foolsgold,"[3, 2]","[64, 16, 56, 97, 80, 33, 71, 91]","{""layer_name"": ""linear"", ""weights_by_client"": {""3"": 1.0, ""2"": 1.0, ""64"": 0.0, ""16"": 0.0, ""56"": 0.0, ""97"": 0.0, ""80"": 0.0, ""33"": 0.0, ""71"": 0.0, ""91"": 0.0}}"
66,foolsgold,foolsgold,"[0, 35, 96, 40, 1, 8, 94, 5, 57, 48]",[],"{""layer_name"": ""linear"", ""weights_by_client"": {""0"": 1.0, ""35"": 1.0, ""96"": 0.9607475092064985, ""40"": 1.0, ""1"": 1.0, ""8"": 0.813960426727701, ""94"": 1.0, ""5"": 1.0, ""57"": 0.9607475092064985, ""48"": 0.813960426727701}}"
67,foolsgold,foolsgold,[3],"[6, 20, 31, 16, 7, 94, 55, 40, 57]","{""layer_name"": ""linear"", ""weights_by_client"": {""3"": 1.0, ""6"": 0.0, ""20"": 0.0, ""31"": 0.0, ""16"": 0.0, ""7"": 0.0, ""94"": 0.0, ""55"": 0.0, ""40"": 0.0, ""57"": 0.0}}"
68,foolsgold,foolsgold,[4],"[63, 21, 75, 53, 68, 95, 23, 94, 72]","{""layer_name"": ""linear"", ""weights_by_client"": {""4"": 1.0, ""63"": 0.0, ""21"": 0.0, ""75"": 0.0, ""53"": 0.0, ""68"": 0.0, ""95"": 0.0, ""23"": 0.0, ""94"": 0.0, ""72"": 0.0}}"
69,foolsgold,foolsgold,"[4, 59]","[85, 43, 96, 40, 20, 27, 35, 34]","{""layer_name"": ""linear"", ""weights_by_client"": {""4"": 1.0, ""85"": 0.0, ""43"": 0.0, ""96"": 0.0, ""40"": 0.0, ""20"": 0.0, ""59"": 0.025679050447798668, ""27"": 0.0, ""35"": 0.0, ""34"": 0.0}}"
70,foolsgold,foolsgold,[4],"[92, 63, 74, 95, 77, 20, 48, 15, 83]","{""layer_name"": ""linear"", ""weights_by_client"": {""4"": 1.0, ""92"": 0.0, ""63"": 0.0, ""74"": 0.0, ""95"": 0.0, ""77"": 0.0, ""20"": 0.0, ""48"": 0.0, ""15"": 0.0, ""83"": 0.0}}"
71,foolsgold,foolsgold,[4],"[62, 89, 25, 53, 81, 42, 36, 58, 94]","{""layer_name"": ""linear"", ""weights_by_client"": {""4"": 1.0, ""62"": 0.0, ""89"": 0.0, ""25"": 0.0, ""53"": 0.0, ""81"": 0.0, ""42"": 0.0, ""36"": 0.0, ""58"": 0.0, ""94"": 0.0}}"
72,foolsgold,foolsgold,[2],"[66, 60, 72, 90, 86, 94, 32, 62, 9]","{""layer_name"": ""linear"", ""weights_by_client"": {""2"": 1.0, ""66"": 0.0, ""60"": 0.0, ""72"": 0.0, ""90"": 0.0, ""86"": 0.0, ""94"": 0.0, ""32"": 0.0, ""62"": 0.0, ""9"": 0.0}}"
73,foolsgold,foolsgold,[0],"[90, 42, 25, 76, 96, 19, 46, 83, 92]","{""layer_name"": ""linear"", ""weights_by_client"": {""0"": 1.0, ""90"": 0.0, ""42"": 0.0, ""25"": 0.0, ""76"": 0.0, ""96"": 0.0, ""19"": 0.0, ""46"": 0.0, ""83"": 0.0, ""92"": 0.0}}"
74,foolsgold,foolsgold,"[4, 59]","[8, 56, 89, 64, 16, 72, 42, 25]","{""layer_name"": ""linear"", ""weights_by_client"": {""4"": 1.0, ""8"": 0.0, ""56"": 0.0, ""89"": 0.0, ""64"": 0.0, ""59"": 0.12589683733033052, ""16"": 0.0, ""72"": 0.0, ""42"": 0.0, ""25"": 0.0}}"
75,foolsgold,foolsgold,"[3, 0, 99, 90, 2]","[82, 14, 61, 38, 29]","{""layer_name"": ""linear"", ""weights_by_client"": {""3"": 1.0, ""0"": 1.0, ""99"": 0.5596050530261851, ""82"": 0.0, ""14"": 0.0, ""61"": 0.0, ""38"": 0.0, ""29"": 0.0, ""90"": 0.005831049037590019, ""2"": 1.0}}"
76,foolsgold,foolsgold,[2],"[8, 21, 45, 49, 6, 38, 16, 26, 13]","{""layer_name"": ""linear"", ""weights_by_client"": {""2"": 1.0, ""8"": 0.0, ""21"": 0.0, ""45"": 0.0, ""49"": 0.0, ""6"": 0.0, ""38"": 0.0, ""16"": 0.0, ""26"": 0.0, ""13"": 0.0}}"
77,foolsgold,foolsgold,"[3, 88, 51, 0]","[64, 60, 46, 19, 62, 57]","{""layer_name"": ""linear"", ""weights_by_client"": {""3"": 1.0, ""88"": 0.02614673631806458, ""51"": 0.24775137567924488, ""64"": 0.0, ""60"": 0.0, ""46"": 0.0, ""19"": 0.0, ""62"": 0.0, ""0"": 1.0, ""57"": 0.0}}"
78,foolsgold,foolsgold,[0],"[20, 58, 74, 91, 95, 89, 60, 14, 57]","{""layer_name"": ""linear"", ""weights_by_client"": {""0"": 1.0, ""20"": 0.0, ""58"": 0.0, ""74"": 0.0, ""91"": 0.0, ""95"": 0.0, ""89"": 0.0, ""60"": 0.0, ""14"": 0.0, ""57"": 0.0}}"
79,foolsgold,foolsgold,"[3, 28, 1, 23, 90]","[95, 42, 53, 98, 38]","{""layer_name"": ""linear"", ""weights_by_client"": {""3"": 1.0, ""28"": 0.27218334438754854, ""95"": 0.0, ""42"": 0.0, ""1"": 1.0, ""53"": 0.0, ""98"": 0.0, ""38"": 0.0, ""23"": 0.5811157078172116, ""90"": 0.2405508384166402}}"
80,foolsgold,foolsgold,"[3, 4]","[21, 73, 93, 78, 89, 38, 27, 66]","{""layer_name"": ""linear"", ""weights_by_client"": {""3"": 1.0, ""21"": 0.0, ""73"": 0.0, ""93"": 0.0, ""78"": 0.0, ""4"": 1.0, ""89"": 0.0, ""38"": 0.0, ""27"": 0.0, ""66"": 0.0}}"
81,foolsgold,foolsgold,[4],"[81, 13, 63, 93, 53, 60, 51, 18, 22]","{""layer_name"": ""linear"", ""weights_by_client"": {""4"": 1.0, ""81"": 0.0, ""13"": 0.0, ""63"": 0.0, ""93"": 0.0, ""53"": 0.0, ""60"": 0.0, ""51"": 0.0, ""18"": 0.0, ""22"": 0.0}}"
82,foolsgold,foolsgold,[3],"[5, 19, 95, 45, 40, 32, 10, 51, 82]","{""layer_name"": ""linear"", ""weights_by_client"": {""3"": 1.0, ""5"": 0.0, ""19"": 0.0, ""95"": 0.0, ""45"": 0.0, ""40"": 0.0, ""32"": 0.0, ""10"": 0.0, ""51"": 0.0, ""82"": 0.0}}"
83,foolsgold,foolsgold,[1],"[74, 9, 41, 66, 40, 54, 35, 62, 17]","{""layer_name"": ""linear"", ""weights_by_client"": {""1"": 1.0, ""74"": 0.0, ""9"": 0.0, ""41"": 0.0, ""66"": 0.0, ""40"": 0.0, ""54"": 0.0, ""35"": 0.0, ""62"": 0.0, ""17"": 0.0}}"
84,foolsgold,foolsgold,[2],"[54, 7, 37, 50, 60, 66, 21, 84, 6]","{""layer_name"": ""linear"", ""weights_by_client"": {""2"": 1.0, ""54"": 0.0, ""7"": 0.0, ""37"": 0.0, ""50"": 0.0, ""60"": 0.0, ""66"": 0.0, ""21"": 0.0, ""84"": 0.0, ""6"": 0.0}}"
85,foolsgold,foolsgold,"[1, 56, 80, 3, 51, 91]","[89, 14, 41, 90]","{""layer_name"": ""linear"", ""weights_by_client"": {""1"": 1.0, ""56"": 0.4555853297922672, ""80"": 0.04711367725876553, ""3"": 1.0, ""51"": 0.6753910686084267, ""89"": 0.0, ""14"": 0.0, ""41"": 0.0, ""91"": 0.10733834281732552, ""90"": 0.0}}"
86,foolsgold,foolsgold,"[2, 4]","[5, 85, 24, 51, 9, 31, 33, 90]","{""layer_name"": ""linear"", ""weights_by_client"": {""2"": 1.0, ""5"": 0.0, ""85"": 0.0, ""24"": 0.0, ""51"": 0.0, ""9"": 0.0, ""31"": 0.0, ""33"": 0.0, ""4"": 1.0, ""90"": 0.0}}"
87,foolsgold,foolsgold,[4],"[61, 29, 12, 18, 20, 99, 87, 8, 92]","{""layer_name"": ""linear"", ""weights_by_client"": {""4"": 1.0, ""61"": 0.0, ""29"": 0.0, ""12"": 0.0, ""18"": 0.0, ""20"": 0.0, ""99"": 0.0, ""87"": 0.0, ""8"": 0.0, ""92"": 0.0}}"
88,foolsgold,foolsgold,"[3, 50, 0]","[57, 56, 52, 42, 37, 84, 30]","{""layer_name"": ""linear"", ""weights_by_client"": {""3"": 1.0, ""50"": 0.3359427483800538, ""57"": 0.0, ""56"": 0.0, ""52"": 0.0, ""42"": 0.0, ""37"": 0.0, ""84"": 0.0, ""0"": 1.0, ""30"": 0.0}}"
89,foolsgold,foolsgold,[1],"[36, 21, 81, 84, 15, 89, 53, 73, 29]","{""layer_name"": ""linear"", ""weights_by_client"": {""1"": 1.0, ""36"": 0.0, ""21"": 0.0, ""81"": 0.0, ""84"": 0.0, ""15"": 0.0, ""89"": 0.0, ""53"": 0.0, ""73"": 0.0, ""29"": 0.0}}"
90,foolsgold,foolsgold,[2],"[29, 90, 22, 65, 96, 56, 10, 60, 71]","{""layer_name"": ""linear"", ""weights_by_client"": {""2"": 1.0, ""29"": 0.0, ""90"": 0.0, ""22"": 0.0, ""65"": 0.0, ""96"": 0.0, ""56"": 0.0, ""10"": 0.0, ""60"": 0.0, ""71"": 0.0}}"
91,foolsgold,foolsgold,[0],"[47, 71, 9, 31, 67, 5, 43, 58, 29]","{""layer_name"": ""linear"", ""weights_by_client"": {""0"": 1.0, ""47"": 0.0, ""71"": 0.0, ""9"": 0.0, ""31"": 0.0, ""67"": 0.0, ""5"": 0.0, ""43"": 0.0, ""58"": 0.0, ""29"": 0.0}}"
92,foolsgold,foolsgold,[1],"[15, 29, 49, 57, 72, 97, 84, 50, 38]","{""layer_name"": ""linear"", ""weights_by_client"": {""1"": 1.0, ""15"": 0.0, ""29"": 0.0, ""49"": 0.0, ""57"": 0.0, ""72"": 0.0, ""97"": 0.0, ""84"": 0.0, ""50"": 0.0, ""38"": 0.0}}"
93,foolsgold,foolsgold,"[2, 4]","[43, 48, 18, 53, 15, 41, 16, 57]","{""layer_name"": ""linear"", ""weights_by_client"": {""2"": 1.0, ""43"": 0.0, ""48"": 0.0, ""18"": 0.0, ""53"": 0.0, ""15"": 0.0, ""41"": 0.0, ""16"": 0.0, ""4"": 1.0, ""57"": 0.0}}"
94,foolsgold,foolsgold,"[0, 2]","[95, 45, 86, 47, 64, 21, 80, 48]","{""layer_name"": ""linear"", ""weights_by_client"": {""0"": 1.0, ""95"": 0.0, ""45"": 0.0, ""86"": 0.0, ""47"": 0.0, ""64"": 0.0, ""2"": 1.0, ""21"": 0.0, ""80"": 0.0, ""48"": 0.0}}"
95,foolsgold,foolsgold,[0],"[72, 52, 69, 64, 35, 38, 12, 17, 99]","{""layer_name"": ""linear"", ""weights_by_client"": {""0"": 1.0, ""72"": 0.0, ""52"": 0.0, ""69"": 0.0, ""64"": 0.0, ""35"": 0.0, ""38"": 0.0, ""12"": 0.0, ""17"": 0.0, ""99"": 0.0}}"
96,foolsgold,foolsgold,[1],"[44, 87, 76, 75, 90, 70, 56, 84, 23]","{""layer_name"": ""linear"", ""weights_by_client"": {""1"": 1.0, ""44"": 0.0, ""87"": 0.0, ""76"": 0.0, ""75"": 0.0, ""90"": 0.0, ""70"": 0.0, ""56"": 0.0, ""84"": 0.0, ""23"": 0.0}}"
97,foolsgold,foolsgold,"[2, 4]","[72, 51, 77, 20, 52, 32, 41, 56]","{""layer_name"": ""linear"", ""weights_by_client"": {""2"": 1.0, ""72"": 0.0, ""51"": 0.0, ""77"": 0.0, ""20"": 0.0, ""52"": 0.0, ""32"": 0.0, ""41"": 0.0, ""56"": 0.0, ""4"": 1.0}}"
98,foolsgold,foolsgold,[0],"[50, 83, 24, 43, 86, 45, 9, 47, 12]","{""layer_name"": ""linear"", ""weights_by_client"": {""0"": 1.0, ""50"": 0.0, ""83"": 0.0, ""24"": 0.0, ""43"": 0.0, ""86"": 0.0, ""45"": 0.0, ""9"": 0.0, ""47"": 0.0, ""12"": 0.0}}"
99,foolsgold,foolsgold,[3],"[98, 76, 97, 58, 89, 47, 10, 75, 26]","{""layer_name"": ""linear"", ""weights_by_client"": {""3"": 1.0, ""98"": 0.0, ""76"": 0.0, ""97"": 0.0, ""58"": 0.0, ""89"": 0.0, ""47"": 0.0, ""10"": 0.0, ""75"": 0.0, ""26"": 0.0}}"
100,foolsgold,foolsgold,[3],"[67, 33, 76, 43, 28, 9, 23, 59, 26]","{""layer_name"": ""linear"", ""weights_by_client"": {""3"": 1.0, ""67"": 0.0, ""33"": 0.0, ""76"": 0.0, ""43"": 0.0, ""28"": 0.0, ""9"": 0.0, ""23"": 0.0, ""59"": 0.0, ""26"": 0.0}}"
101,foolsgold,foolsgold,"[2, 3]","[98, 33, 43, 68, 83, 86, 9, 80]","{""layer_name"": ""linear"", ""weights_by_client"": {""2"": 1.0, ""98"": 0.0, ""33"": 0.0, ""43"": 0.0, ""68"": 0.0, ""83"": 0.0, ""3"": 1.0, ""86"": 0.0, ""9"": 0.0, ""80"": 0.0}}"
102,foolsgold,foolsgold,[3],"[55, 89, 21, 15, 26, 35, 54, 98, 12]","{""layer_name"": ""linear"", ""weights_by_client"": {""3"": 1.0, ""55"": 0.0, ""89"": 0.0, ""21"": 0.0, ""15"": 0.0, ""26"": 0.0, ""35"": 0.0, ""54"": 0.0, ""98"": 0.0, ""12"": 0.0}}"
103,foolsgold,foolsgold,[3],"[36, 88, 49, 10, 41, 20, 90, 56, 99]","{""layer_name"": ""linear"", ""weights_by_client"": {""3"": 1.0, ""36"": 0.0, ""88"": 0.0, ""49"": 0.0, ""10"": 0.0, ""41"": 0.0, ""20"": 0.0, ""90"": 0.0, ""56"": 0.0, ""99"": 0.0}}"
104,foolsgold,foolsgold,[2],"[32, 20, 19, 17, 87, 34, 58, 6, 95]","{""layer_name"": ""linear"", ""weights_by_client"": {""2"": 1.0, ""32"": 0.0, ""20"": 0.0, ""19"": 0.0, ""17"": 0.0, ""87"": 0.0, ""34"": 0.0, ""58"": 0.0, ""6"": 0.0, ""95"": 0.0}}"
105,foolsgold,foolsgold,"[4, 0]","[13, 14, 35, 68, 89, 22, 75, 93]","{""layer_name"": ""linear"", ""weights_by_client"": {""4"": 1.0, ""13"": 0.0, ""0"": 1.0, ""14"": 0.0, ""35"": 0.0, ""68"": 0.0, ""89"": 0.0, ""22"": 0.0, ""75"": 0.0, ""93"": 0.0}}"
106,foolsgold,foolsgold,[3],"[10, 79, 72, 69, 35, 6, 77, 85, 33]","{""layer_name"": ""linear"", ""weights_by_client"": {""3"": 1.0, ""10"": 0.0, ""79"": 0.0, ""72"": 0.0, ""69"": 0.0, ""35"": 0.0, ""6"": 0.0, ""77"": 0.0, ""85"": 0.0, ""33"": 0.0}}"
107,foolsgold,foolsgold,[1],"[58, 99, 39, 71, 86, 98, 83, 94, 16]","{""layer_name"": ""linear"", ""weights_by_client"": {""1"": 1.0, ""58"": 0.0, ""99"": 0.0, ""39"": 0.0, ""71"": 0.0, ""86"": 0.0, ""98"": 0.0, ""83"": 0.0, ""94"": 0.0, ""16"": 0.0}}"
108,foolsgold,foolsgold,"[1, 15, 32, 2, 94]","[52, 66, 63, 97, 77]","{""layer_name"": ""linear"", ""weights_by_client"": {""1"": 1.0, ""52"": 0.0, ""66"": 0.0, ""15"": 0.12670668120215872, ""63"": 0.0, ""97"": 0.0, ""77"": 0.0, ""32"": 0.5620544059895863, ""2"": 1.0, ""94"": 0.700408829638636}}"
109,foolsgold,foolsgold,"[0, 3, 2]","[67, 42, 66, 70, 76, 78, 43]","{""layer_name"": ""linear"", ""weights_by_client"": {""0"": 1.0, ""67"": 0.0, ""3"": 1.0, ""42"": 0.0, ""66"": 0.0, ""70"": 0.0, ""76"": 0.0, ""78"": 0.0, ""2"": 1.0, ""43"": 0.0}}"
110,foolsgold,foolsgold,"[4, 2]","[6, 70, 16, 35, 25, 28, 37, 92]","{""layer_name"": ""linear"", ""weights_by_client"": {""4"": 1.0, ""6"": 0.0, ""70"": 0.0, ""16"": 0.0, ""35"": 0.0, ""2"": 1.0, ""25"": 0.0, ""28"": 0.0, ""37"": 0.0, ""92"": 0.0}}"
111,foolsgold,foolsgold,[0],"[44, 5, 71, 95, 15, 89, 93, 7, 49]","{""layer_name"": ""linear"", ""weights_by_client"": {""0"": 1.0, ""44"": 0.0, ""5"": 0.0, ""71"": 0.0, ""95"": 0.0, ""15"": 0.0, ""89"": 0.0, ""93"": 0.0, ""7"": 0.0, ""49"": 0.0}}"
112,foolsgold,foolsgold,[1],"[44, 83, 67, 93, 85, 56, 76, 5, 82]","{""layer_name"": ""linear"", ""weights_by_client"": {""1"": 1.0, ""44"": 0.0, ""83"": 0.0, ""67"": 0.0, ""93"": 0.0, ""85"": 0.0, ""56"": 0.0, ""76"": 0.0, ""5"": 0.0, ""82"": 0.0}}"
113,foolsgold,foolsgold,[1],"[14, 31, 9, 13, 53, 90, 54, 73, 39]","{""layer_name"": ""linear"", ""weights_by_client"": {""1"": 1.0, ""14"": 0.0, ""31"": 0.0, ""9"": 0.0, ""13"": 0.0, ""53"": 0.0, ""90"": 0.0, ""54"": 0.0, ""73"": 0.0, ""39"": 0.0}}"
114,foolsgold,foolsgold,"[3, 2]","[18, 82, 10, 21, 38, 56, 58, 55]","{""layer_name"": ""linear"", ""weights_by_client"": {""3"": 1.0, ""2"": 1.0, ""18"": 0.0, ""82"": 0.0, ""10"": 0.0, ""21"": 0.0, ""38"": 0.0, ""56"": 0.0, ""58"": 0.0, ""55"": 0.0}}"
115,foolsgold,foolsgold,[2],"[19, 65, 15, 20, 91, 88, 93, 94, 45]","{""layer_name"": ""linear"", ""weights_by_client"": {""2"": 1.0, ""19"": 0.0, ""65"": 0.0, ""15"": 0.0, ""20"": 0.0, ""91"": 0.0, ""88"": 0.0, ""93"": 0.0, ""94"": 0.0, ""45"": 0.0}}"
116,foolsgold,foolsgold,[4],"[68, 25, 51, 21, 7, 59, 35, 80, 66]","{""layer_name"": ""linear"", ""weights_by_client"": {""4"": 1.0, ""68"": 0.0, ""25"": 0.0, ""51"": 0.0, ""21"": 0.0, ""7"": 0.0, ""59"": 0.0, ""35"": 0.0, ""80"": 0.0, ""66"": 0.0}}"
117,foolsgold,foolsgold,[4],"[34, 75, 89, 93, 42, 77, 10, 23, 50]","{""layer_name"": ""linear"", ""weights_by_client"": {""4"": 1.0, ""34"": 0.0, ""75"": 0.0, ""89"": 0.0, ""93"": 0.0, ""42"": 0.0, ""77"": 0.0, ""10"": 0.0, ""23"": 0.0, ""50"": 0.0}}"
118,foolsgold,foolsgold,"[0, 75, 20, 1, 32, 29, 11, 93, 34, 96]",[],"{""layer_name"": ""linear"", ""weights_by_client"": {""0"": 1.0, ""75"": 0.5972865673228899, ""20"": 1.0, ""1"": 1.0, ""32"": 1.0, ""29"": 0.31804883017287866, ""11"": 1.0, ""93"": 1.0, ""34"": 0.5972865673228899, ""96"": 0.31804883017287866}}"
119,foolsgold,foolsgold,[3],"[48, 54, 88, 46, 64, 92, 16, 98, 51]","{""layer_name"": ""linear"", ""weights_by_client"": {""3"": 1.0, ""48"": 0.0, ""54"": 0.0, ""88"": 0.0, ""46"": 0.0, ""64"": 0.0, ""92"": 0.0, ""16"": 0.0, ""98"": 0.0, ""51"": 0.0}}"
120,foolsgold,foolsgold,"[2, 3]","[63, 66, 81, 13, 28, 37, 74, 80]","{""layer_name"": ""linear"", ""weights_by_client"": {""2"": 1.0, ""63"": 0.0, ""66"": 0.0, ""81"": 0.0, ""13"": 0.0, ""28"": 0.0, ""3"": 1.0, ""37"": 0.0, ""74"": 0.0, ""80"": 0.0}}"
121,foolsgold,foolsgold,[2],"[8, 39, 31, 65, 73, 87, 97, 51, 38]","{""layer_name"": ""linear"", ""weights_by_client"": {""2"": 1.0, ""8"": 0.0, ""39"": 0.0, ""31"": 0.0, ""65"": 0.0, ""73"": 0.0, ""87"": 0.0, ""97"": 0.0, ""51"": 0.0, ""38"": 0.0}}"
122,foolsgold,foolsgold,[0],"[51, 35, 46, 6, 68, 50, 19, 93, 91]","{""layer_name"": ""linear"", ""weights_by_client"": {""0"": 1.0, ""51"": 0.0, ""35"": 0.0, ""46"": 0.0, ""6"": 0.0, ""68"": 0.0, ""50"": 0.0, ""19"": 0.0, ""93"": 0.0, ""91"": 0.0}}"
123,foolsgold,foolsgold,"[4, 2]","[42, 25, 17, 99, 29, 61, 19, 35]","{""layer_name"": ""linear"", ""weights_by_client"": {""4"": 1.0, ""42"": 0.0, ""25"": 0.0, ""17"": 0.0, ""99"": 0.0, ""29"": 0.0, ""2"": 1.0, ""61"": 0.0, ""19"": 0.0, ""35"": 0.0}}"
124,foolsgold,foolsgold,[4],"[63, 50, 33, 13, 24, 53, 28, 86, 73]","{""layer_name"": ""linear"", ""weights_by_client"": {""4"": 1.0, ""63"": 0.0, ""50"": 0.0, ""33"": 0.0, ""13"": 0.0, ""24"": 0.0, ""53"": 0.0, ""28"": 0.0, ""86"": 0.0, ""73"": 0.0}}"
125,foolsgold,foolsgold,[2],"[47, 63, 33, 42, 70, 51, 16, 65, 96]","{""layer_name"": ""linear"", ""weights_by_client"": {""2"": 1.0, ""47"": 0.0, ""63"": 0.0, ""33"": 0.0, ""42"": 0.0, ""70"": 0.0, ""51"": 0.0, ""16"": 0.0, ""65"": 0.0, ""96"": 0.0}}"
126,foolsgold,foolsgold,[0],"[89, 42, 65, 26, 74, 32, 40, 5, 67]","{""layer_name"": ""linear"", ""weights_by_client"": {""0"": 1.0, ""89"": 0.0, ""42"": 0.0, ""65"": 0.0, ""26"": 0.0, ""74"": 0.0, ""32"": 0.0, ""40"": 0.0, ""5"": 0.0, ""67"": 0.0}}"
127,foolsgold,foolsgold,[1],"[48, 35, 82, 36, 19, 87, 61, 66, 68]","{""layer_name"": ""linear"", ""weights_by_client"": {""1"": 1.0, ""48"": 0.0, ""35"": 0.0, ""82"": 0.0, ""36"": 0.0, ""19"": 0.0, ""87"": 0.0, ""61"": 0.0, ""66"": 0.0, ""68"": 0.0}}"
128,foolsgold,foolsgold,"[2, 73, 70, 66, 16, 76, 23, 1]","[56, 79]","{""layer_name"": ""linear"", ""weights_by_client"": {""2"": 1.0, ""73"": 0.22120103273024816, ""70"": 0.558769683690181, ""66"": 0.16801104686566937, ""16"": 0.029373202414308963, ""76"": 0.49243271853804027, ""23"": 0.16759015545013362, ""1"": 1.0, ""56"": 0.0, ""79"": 0.0}}"
129,foolsgold,foolsgold,[3],"[48, 49, 79, 26, 23, 86, 77, 54, 19]","{""layer_name"": ""linear"", ""weights_by_client"": {""3"": 1.0, ""48"": 0.0, ""49"": 0.0, ""79"": 0.0, ""26"": 0.0, ""23"": 0.0, ""86"": 0.0, ""77"": 0.0, ""54"": 0.0, ""19"": 0.0}}"
130,foolsgold,foolsgold,[3],"[56, 89, 21, 18, 31, 54, 69, 11, 23]","{""layer_name"": ""linear"", ""weights_by_client"": {""3"": 1.0, ""56"": 0.0, ""89"": 0.0, ""21"": 0.0, ""18"": 0.0, ""31"": 0.0, ""54"": 0.0, ""69"": 0.0, ""11"": 0.0, ""23"": 0.0}}"
131,foolsgold,foolsgold,"[3, 44]","[30, 33, 16, 69, 27, 79, 95, 78]","{""layer_name"": ""linear"", ""weights_by_client"": {""3"": 1.0, ""44"": 0.04648571772613136, ""30"": 0.0, ""33"": 0.0, ""16"": 0.0, ""69"": 0.0, ""27"": 0.0, ""79"": 0.0, ""95"": 0.0, ""78"": 0.0}}"
132,foolsgold,foolsgold,[2],"[44, 82, 61, 72, 96, 5, 21, 18, 66]","{""layer_name"": ""linear"", ""weights_by_client"": {""2"": 1.0, ""44"": 0.0, ""82"": 0.0, ""61"": 0.0, ""72"": 0.0, ""96"": 0.0, ""5"": 0.0, ""21"": 0.0, ""18"": 0.0, ""66"": 0.0}}"
133,foolsgold,foolsgold,"[0, 59, 11, 4, 73]","[12, 64, 87, 54, 17]","{""layer_name"": ""linear"", ""weights_by_client"": {""0"": 1.0, ""12"": 0.0, ""59"": 0.5319603389871458, ""64"": 0.0, ""11"": 0.10823561349127286, ""87"": 0.0, ""4"": 1.0, ""54"": 0.0, ""17"": 0.0, ""73"": 0.030921208932438937}}"
134,foolsgold,foolsgold,"[2, 3]","[47, 18, 96, 50, 85, 98, 74, 37]","{""layer_name"": ""linear"", ""weights_by_client"": {""2"": 1.0, ""47"": 0.0, ""3"": 1.0, ""18"": 0.0, ""96"": 0.0, ""50"": 0.0, ""85"": 0.0, ""98"": 0.0, ""74"": 0.0, ""37"": 0.0}}"
135,foolsgold,foolsgold,"[2, 59]","[29, 47, 86, 28, 36, 13, 83, 37]","{""layer_name"": ""linear"", ""weights_by_client"": {""2"": 1.0, ""59"": 0.3072520167080748, ""29"": 0.0, ""47"": 0.0, ""86"": 0.0, ""28"": 0.0, ""36"": 0.0, ""13"": 0.0, ""83"": 0.0, ""37"": 0.0}}"
136,foolsgold,foolsgold,"[1, 10, 4]","[80, 96, 28, 24, 31, 95, 90]","{""layer_name"": ""linear"", ""weights_by_client"": {""1"": 1.0, ""80"": 0.0, ""10"": 0.11421642622267308, ""4"": 1.0, ""96"": 0.0, ""28"": 0.0, ""24"": 0.0, ""31"": 0.0, ""95"": 0.0, ""90"": 0.0}}"
137,foolsgold,foolsgold,[0],"[68, 56, 85, 96, 55, 60, 74, 82, 7]","{""layer_name"": ""linear"", ""weights_by_client"": {""0"": 1.0, ""68"": 0.0, ""56"": 0.0, ""85"": 0.0, ""96"": 0.0, ""55"": 0.0, ""60"": 0.0, ""74"": 0.0, ""82"": 0.0, ""7"": 0.0}}"
138,foolsgold,foolsgold,[3],"[55, 82, 63, 96, 33, 61, 62, 83, 18]","{""layer_name"": ""linear"", ""weights_by_client"": {""3"": 1.0, ""55"": 0.0, ""82"": 0.0, ""63"": 0.0, ""96"": 0.0, ""33"": 0.0, ""61"": 0.0, ""62"": 0.0, ""83"": 0.0, ""18"": 0.0}}"
139,foolsgold,foolsgold,"[0, 92, 13, 11, 85, 8, 1, 30]","[38, 71]","{""layer_name"": ""linear"", ""weights_by_client"": {""0"": 1.0, ""92"": 0.8105134065045725, ""13"": 0.5469966707127738, ""11"": 1.0, ""85"": 0.7105031021419249, ""8"": 0.7195951885631516, ""38"": 0.0, ""1"": 1.0, ""71"": 0.0, ""30"": 1.0}}"
140,foolsgold,foolsgold,"[4, 2, 11]","[33, 32, 95, 60, 72, 23, 51]","{""layer_name"": ""linear"", ""weights_by_client"": {""4"": 1.0, ""33"": 0.0, ""32"": 0.0, ""95"": 0.0, ""60"": 0.0, ""72"": 0.0, ""23"": 0.0, ""51"": 0.0, ""2"": 1.0, ""11"": 0.3623356888482814}}"
141,foolsgold,foolsgold,[4],"[58, 61, 92, 80, 97, 45, 83, 29, 25]","{""layer_name"": ""linear"", ""weights_by_client"": {""4"": 1.0, ""58"": 0.0, ""61"": 0.0, ""92"": 0.0, ""80"": 0.0, ""97"": 0.0, ""45"": 0.0, ""83"": 0.0, ""29"": 0.0, ""25"": 0.0}}"
142,foolsgold,foolsgold,[2],"[19, 18, 42, 28, 76, 29, 79, 17, 34]","{""layer_name"": ""linear"", ""weights_by_client"": {""2"": 1.0, ""19"": 0.0, ""18"": 0.0, ""42"": 0.0, ""28"": 0.0, ""76"": 0.0, ""29"": 0.0, ""79"": 0.0, ""17"": 0.0, ""34"": 0.0}}"
143,foolsgold,foolsgold,"[1, 59]","[47, 98, 64, 62, 58, 99, 24, 33]","{""layer_name"": ""linear"", ""weights_by_client"": {""1"": 1.0, ""47"": 0.0, ""98"": 0.0, ""64"": 0.0, ""62"": 0.0, ""58"": 0.0, ""99"": 0.0, ""24"": 0.0, ""59"": 0.3254709714734181, ""33"": 0.0}}"
144,foolsgold,foolsgold,"[2, 44]","[58, 87, 7, 22, 14, 85, 67, 68]","{""layer_name"": ""linear"", ""weights_by_client"": {""2"": 1.0, ""58"": 0.0, ""87"": 0.0, ""44"": 0.2830973423280737, ""7"": 0.0, ""22"": 0.0, ""14"": 0.0, ""85"": 0.0, ""67"": 0.0, ""68"": 0.0}}"
145,foolsgold,foolsgold,[2],"[24, 12, 13, 37, 68, 40, 56, 5, 30]","{""layer_name"": ""linear"", ""weights_by_client"": {""2"": 1.0, ""24"": 0.0, ""12"": 0.0, ""13"": 0.0, ""37"": 0.0, ""68"": 0.0, ""40"": 0.0, ""56"": 0.0, ""5"": 0.0, ""30"": 0.0}}"
146,foolsgold,foolsgold,[3],"[25, 68, 30, 75, 51, 92, 99, 69, 63]","{""layer_name"": ""linear"", ""weights_by_client"": {""3"": 1.0, ""25"": 0.0, ""68"": 0.0, ""30"": 0.0, ""75"": 0.0, ""51"": 0.0, ""92"": 0.0, ""99"": 0.0, ""69"": 0.0, ""63"": 0.0}}"
147,foolsgold,foolsgold,"[4, 39, 23, 2]","[65, 98, 96, 86, 37, 60]","{""layer_name"": ""linear"", ""weights_by_client"": {""4"": 1.0, ""65"": 0.0, ""39"": 0.18068694595023477, ""23"": 0.20749313818588655, ""2"": 1.0, ""98"": 0.0, ""96"": 0.0, ""86"": 0.0, ""37"": 0.0, ""60"": 0.0}}"
148,foolsgold,foolsgold,[2],"[89, 81, 76, 99, 72, 32, 48, 85, 65]","{""layer_name"": ""linear"", ""weights_by_client"": {""2"": 1.0, ""89"": 0.0, ""81"": 0.0, ""76"": 0.0, ""99"": 0.0, ""72"": 0.0, ""32"": 0.0, ""48"": 0.0, ""85"": 0.0, ""65"": 0.0}}"
149,foolsgold,foolsgold,"[4, 50]","[40, 58, 97, 61, 8, 74, 90, 93]","{""layer_name"": ""linear"", ""weights_by_client"": {""4"": 1.0, ""40"": 0.0, ""58"": 0.0, ""97"": 0.0, ""61"": 0.0, ""8"": 0.0, ""50"": 0.0073791175408272625, ""74"": 0.0, ""90"": 0.0, ""93"": 0.0}}"
150,foolsgold,foolsgold,"[1, 76, 23, 44]","[88, 68, 31, 17, 83, 82]","{""layer_name"": ""linear"", ""weights_by_client"": {""1"": 1.0, ""88"": 0.0, ""76"": 0.03617280716327692, ""23"": 0.029478634914687274, ""68"": 0.0, ""44"": 0.0748053033587271, ""31"": 0.0, ""17"": 0.0, ""83"": 0.0, ""82"": 0.0}}"
151,foolsgold,foolsgold,"[0, 11]","[20, 41, 40, 53, 54, 92, 86, 91]","{""layer_name"": ""linear"", ""weights_by_client"": {""0"": 1.0, ""20"": 0.0, ""41"": 0.0, ""40"": 0.0, ""53"": 0.0, ""11"": 0.38973648808588346, ""54"": 0.0, ""92"": 0.0, ""86"": 0.0, ""91"": 0.0}}"
152,foolsgold,foolsgold,[3],"[76, 38, 53, 96, 57, 83, 58, 68, 86]","{""layer_name"": ""linear"", ""weights_by_client"": {""3"": 1.0, ""76"": 0.0, ""38"": 0.0, ""53"": 0.0, ""96"": 0.0, ""57"": 0.0, ""83"": 0.0, ""58"": 0.0, ""68"": 0.0, ""86"": 0.0}}"
153,foolsgold,foolsgold,"[0, 73, 11]","[67, 98, 56, 28, 92, 54, 96]","{""layer_name"": ""linear"", ""weights_by_client"": {""0"": 1.0, ""67"": 0.0, ""98"": 0.0, ""73"": 0.005334658586859109, ""56"": 0.0, ""28"": 0.0, ""92"": 0.0, ""54"": 0.0, ""96"": 0.0, ""11"": 0.26411970442544963}}"
154,foolsgold,foolsgold,[1],"[74, 42, 80, 92, 38, 82, 75, 18, 91]","{""layer_name"": ""linear"", ""weights_by_client"": {""1"": 1.0, ""74"": 0.0, ""42"": 0.0, ""80"": 0.0, ""92"": 0.0, ""38"": 0.0, ""82"": 0.0, ""75"": 0.0, ""18"": 0.0, ""91"": 0.0}}"
155,foolsgold,foolsgold,[0],"[15, 92, 72, 43, 96, 57, 23, 30, 81]","{""layer_name"": ""linear"", ""weights_by_client"": {""0"": 1.0, ""15"": 0.0, ""92"": 0.0, ""72"": 0.0, ""43"": 0.0, ""96"": 0.0, ""57"": 0.0, ""23"": 0.0, ""30"": 0.0, ""81"": 0.0}}"
156,foolsgold,foolsgold,"[2, 59]","[81, 7, 12, 80, 36, 28, 64, 63]","{""layer_name"": ""linear"", ""weights_by_client"": {""2"": 1.0, ""81"": 0.0, ""7"": 0.0, ""12"": 0.0, ""80"": 0.0, ""36"": 0.0, ""59"": 0.2907060198151311, ""28"": 0.0, ""64"": 0.0, ""63"": 0.0}}"
157,foolsgold,foolsgold,"[4, 18]","[55, 52, 87, 26, 65, 75, 49, 46]","{""layer_name"": ""linear"", ""weights_by_client"": {""4"": 1.0, ""55"": 0.0, ""18"": 0.034350426330050865, ""52"": 0.0, ""87"": 0.0, ""26"": 0.0, ""65"": 0.0, ""75"": 0.0, ""49"": 0.0, ""46"": 0.0}}"
158,foolsgold,foolsgold,"[2, 73, 11]","[99, 80, 64, 87, 60, 91, 62]","{""layer_name"": ""linear"", ""weights_by_client"": {""2"": 1.0, ""99"": 0.0, ""73"": 0.07047854472569859, ""80"": 0.0, ""64"": 0.0, ""87"": 0.0, ""60"": 0.0, ""11"": 0.13008301240970743, ""91"": 0.0, ""62"": 0.0}}"
159,foolsgold,foolsgold,"[4, 20, 2, 16]","[81, 18, 6, 71, 92, 83]","{""layer_name"": ""linear"", ""weights_by_client"": {""4"": 1.0, ""81"": 0.0, ""20"": 0.24796986166924306, ""18"": 0.0, ""2"": 1.0, ""6"": 0.0, ""71"": 0.0, ""92"": 0.0, ""83"": 0.0, ""16"": 0.015514552128357617}}"
160,foolsgold,foolsgold,"[0, 4, 13, 96, 23, 86]","[33, 65, 53, 54]","{""layer_name"": ""linear"", ""weights_by_client"": {""0"": 1.0, ""4"": 1.0, ""13"": 0.16110823596618118, ""96"": 0.07913994252561435, ""33"": 0.0, ""23"": 0.5468304482925824, ""65"": 0.0, ""53"": 0.0, ""86"": 0.4384322214507964, ""54"": 0.0}}"
161,foolsgold,foolsgold,"[4, 11, 44]","[8, 51, 24, 41, 42, 63, 76]","{""layer_name"": ""linear"", ""weights_by_client"": {""4"": 1.0, ""8"": 0.0, ""51"": 0.0, ""24"": 0.0, ""41"": 0.0, ""11"": 0.5764449347214837, ""42"": 0.0, ""63"": 0.0, ""76"": 0.0, ""44"": 0.4986898589991011}}"
162,foolsgold,foolsgold,"[0, 99]","[33, 75, 97, 98, 6, 73, 90, 51]","{""layer_name"": ""linear"", ""weights_by_client"": {""0"": 1.0, ""33"": 0.0, ""75"": 0.0, ""99"": 0.1812733484219876, ""97"": 0.0, ""98"": 0.0, ""6"": 0.0, ""73"": 0.0, ""90"": 0.0, ""51"": 0.0}}"
163,foolsgold,foolsgold,"[3, 86, 1, 0]","[13, 81, 90, 85, 66, 92]","{""layer_name"": ""linear"", ""weights_by_client"": {""3"": 1.0, ""13"": 0.0, ""81"": 0.0, ""90"": 0.0, ""86"": 0.17598913198040234, ""1"": 0.28357322969518683, ""85"": 0.0, ""66"": 0.0, ""0"": 0.28357322969518683, ""92"": 0.0}}"
164,foolsgold,foolsgold,[2],"[81, 46, 66, 89, 62, 24, 35, 21, 85]","{""layer_name"": ""linear"", ""weights_by_client"": {""2"": 1.0, ""81"": 0.0, ""46"": 0.0, ""66"": 0.0, ""89"": 0.0, ""62"": 0.0, ""24"": 0.0, ""35"": 0.0, ""21"": 0.0, ""85"": 0.0}}"
165,foolsgold,foolsgold,[1],"[62, 87, 83, 38, 93, 89, 76, 51, 55]","{""layer_name"": ""linear"", ""weights_by_client"": {""1"": 1.0, ""62"": 0.0, ""87"": 0.0, ""83"": 0.0, ""38"": 0.0, ""93"": 0.0, ""89"": 0.0, ""76"": 0.0, ""51"": 0.0, ""55"": 0.0}}"
166,foolsgold,foolsgold,[2],"[91, 85, 17, 80, 39, 67, 26, 6, 45]","{""layer_name"": ""linear"", ""weights_by_client"": {""2"": 1.0, ""91"": 0.0, ""85"": 0.0, ""17"": 0.0, ""80"": 0.0, ""39"": 0.0, ""67"": 0.0, ""26"": 0.0, ""6"": 0.0, ""45"": 0.0}}"
167,foolsgold,foolsgold,"[0, 24]","[59, 16, 76, 60, 20, 96, 43, 9]","{""layer_name"": ""linear"", ""weights_by_client"": {""0"": 1.0, ""59"": 0.0, ""16"": 0.0, ""76"": 0.0, ""60"": 0.0, ""20"": 0.0, ""96"": 0.0, ""43"": 0.0, ""9"": 0.0, ""24"": 0.03958191763748875}}"
168,foolsgold,foolsgold,"[1, 30]","[33, 27, 98, 31, 42, 56, 60, 48]","{""layer_name"": ""linear"", ""weights_by_client"": {""1"": 1.0, ""33"": 0.0, ""27"": 0.0, ""98"": 0.0, ""31"": 0.0, ""42"": 0.0, ""30"": 0.04405004534076107, ""56"": 0.0, ""60"": 0.0, ""48"": 0.0}}"
169,foolsgold,foolsgold,[3],"[88, 62, 64, 57, 28, 33, 93, 17, 50]","{""layer_name"": ""linear"", ""weights_by_client"": {""3"": 1.0, ""88"": 0.0, ""62"": 0.0, ""64"": 0.0, ""57"": 0.0, ""28"": 0.0, ""33"": 0.0, ""93"": 0.0, ""17"": 0.0, ""50"": 0.0}}"
170,foolsgold,foolsgold,"[2, 69, 62, 42, 7, 27, 86, 9, 1, 39]",[],"{""layer_name"": ""linear"", ""weights_by_client"": {""2"": 1.0, ""69"": 0.35028672582719667, ""62"": 0.4310363383101517, ""42"": 0.49254114725096426, ""7"": 0.33493021382059784, ""27"": 0.0026975941614900134, ""86"": 1.0, ""9"": 0.0026975941614900134, ""1"": 1.0, ""39"": 1.0}}"
171,foolsgold,foolsgold,"[4, 0, 81]","[57, 77, 12, 33, 61, 62, 10]","{""layer_name"": ""linear"", ""weights_by_client"": {""4"": 1.0, ""57"": 0.0, ""77"": 0.0, ""12"": 0.0, ""33"": 0.0, ""0"": 1.0, ""61"": 0.0, ""62"": 0.0, ""10"": 0.0, ""81"": 0.2621409299035925}}"
172,foolsgold,foolsgold,"[1, 4, 11]","[66, 53, 85, 74, 77, 5, 62]","{""layer_name"": ""linear"", ""weights_by_client"": {""1"": 1.0, ""66"": 0.0, ""4"": 1.0, ""53"": 0.0, ""11"": 0.8421223550315504, ""85"": 0.0, ""74"": 0.0, ""77"": 0.0, ""5"": 0.0, ""62"": 0.0}}"
173,foolsgold,foolsgold,"[2, 51, 86]","[91, 53, 78, 98, 64, 35, 61]","{""layer_name"": ""linear"", ""weights_by_client"": {""2"": 1.0, ""51"": 0.32632196879260555, ""91"": 0.0, ""53"": 0.0, ""78"": 0.0, ""98"": 0.0, ""64"": 0.0, ""86"": 0.6931440888735233, ""35"": 0.0, ""61"": 0.0}}"
174,foolsgold,foolsgold,"[1, 59, 99]","[96, 12, 16, 97, 22, 38, 30]","{""layer_name"": ""linear"", ""weights_by_client"": {""1"": 1.0, ""96"": 0.0, ""12"": 0.0, ""59"": 0.5076802582866743, ""16"": 0.0, ""97"": 0.0, ""22"": 0.0, ""38"": 0.0, ""99"": 0.24228071930980444, ""30"": 0.0}}"
175,foolsgold,foolsgold,"[2, 32, 28]","[50, 55, 65, 85, 95, 7, 20]","{""layer_name"": ""linear"", ""weights_by_client"": {""2"": 1.0, ""50"": 0.0, ""55"": 0.0, ""65"": 0.0, ""85"": 0.0, ""32"": 0.3362565579097433, ""95"": 0.0, ""7"": 0.0, ""28"": 0.16788084725569485, ""20"": 0.0}}"
176,foolsgold,foolsgold,"[2, 50]","[97, 26, 74, 48, 92, 19, 47, 42]","{""layer_name"": ""linear"", ""weights_by_client"": {""2"": 1.0, ""97"": 0.0, ""26"": 0.0, ""50"": 0.01943251855382422, ""74"": 0.0, ""48"": 0.0, ""92"": 0.0, ""19"": 0.0, ""47"": 0.0, ""42"": 0.0}}"
177,foolsgold,foolsgold,"[4, 1]","[58, 94, 95, 49, 63, 27, 41, 61]","{""layer_name"": ""linear"", ""weights_by_client"": {""4"": 1.0, ""58"": 0.0, ""94"": 0.0, ""95"": 0.0, ""49"": 0.0, ""63"": 0.0, ""27"": 0.0, ""41"": 0.0, ""1"": 1.0, ""61"": 0.0}}"
178,foolsgold,foolsgold,"[4, 85]","[98, 12, 96, 8, 64, 23, 67, 89]","{""layer_name"": ""linear"", ""weights_by_client"": {""4"": 1.0, ""98"": 0.0, ""12"": 0.0, ""96"": 0.0, ""8"": 0.0, ""85"": 0.01161866271921258, ""64"": 0.0, ""23"": 0.0, ""67"": 0.0, ""89"": 0.0}}"
179,foolsgold,foolsgold,"[1, 39, 35]","[84, 77, 60, 50, 93, 54, 96]","{""layer_name"": ""linear"", ""weights_by_client"": {""1"": 1.0, ""84"": 0.0, ""77"": 0.0, ""39"": 0.6658923967731971, ""60"": 0.0, ""50"": 0.0, ""35"": 0.04866479948034036, ""93"": 0.0, ""54"": 0.0, ""96"": 0.0}}"
180,foolsgold,foolsgold,"[0, 24, 78]","[88, 49, 12, 34, 79, 90, 82]","{""layer_name"": ""linear"", ""weights_by_client"": {""0"": 1.0, ""24"": 0.10892789386349999, ""88"": 0.0, ""49"": 0.0, ""12"": 0.0, ""34"": 0.0, ""79"": 0.0, ""90"": 0.0, ""82"": 0.0, ""78"": 0.10138926101119394}}"
181,foolsgold,foolsgold,"[1, 85, 86, 99, 51, 23]","[52, 31, 14, 74]","{""layer_name"": ""linear"", ""weights_by_client"": {""1"": 1.0, ""85"": 0.0007196121830216895, ""52"": 0.0, ""86"": 0.5158422731158537, ""31"": 0.0, ""14"": 0.0, ""99"": 0.43041949199494567, ""74"": 0.0, ""51"": 0.20335458470343082, ""23"": 0.4811611091610268}}"
182,foolsgold,foolsgold,"[3, 51, 39]","[43, 90, 33, 29, 75, 98, 5]","{""layer_name"": ""linear"", ""weights_by_client"": {""3"": 1.0, ""43"": 0.0, ""51"": 0.08531579699710506, ""90"": 0.0, ""39"": 0.40869182241131086, ""33"": 0.0, ""29"": 0.0, ""75"": 0.0, ""98"": 0.0, ""5"": 0.0}}"
183,foolsgold,foolsgold,"[4, 81, 44, 51, 28, 2]","[41, 9, 78, 52]","{""layer_name"": ""linear"", ""weights_by_client"": {""4"": 1.0, ""41"": 0.0, ""9"": 0.0, ""81"": 0.1169500649588962, ""78"": 0.0, ""44"": 0.7917991619721862, ""51"": 0.47083241446451307, ""52"": 0.0, ""28"": 0.03571830577615853, ""2"": 1.0}}"
184,foolsgold,foolsgold,"[0, 51, 50, 92]","[84, 26, 19, 16, 7, 46]","{""layer_name"": ""linear"", ""weights_by_client"": {""0"": 1.0, ""84"": 0.0, ""51"": 0.2734048894936052, ""26"": 0.0, ""50"": 0.12282099032686389, ""19"": 0.0, ""92"": 0.049310453950165645, ""16"": 0.0, ""7"": 0.0, ""46"": 0.0}}"
185,foolsgold,foolsgold,"[0, 92]","[50, 34, 8, 58, 66, 60, 95, 83]","{""layer_name"": ""linear"", ""weights_by_client"": {""0"": 1.0, ""50"": 0.0, ""34"": 0.0, ""8"": 0.0, ""58"": 0.0, ""66"": 0.0, ""60"": 0.0, ""95"": 0.0, ""92"": 0.03301937710559927, ""83"": 0.0}}"
186,foolsgold,foolsgold,"[0, 39]","[65, 14, 12, 27, 95, 84, 47, 98]","{""layer_name"": ""linear"", ""weights_by_client"": {""0"": 1.0, ""39"": 0.6707847281184379, ""65"": 0.0, ""14"": 0.0, ""12"": 0.0, ""27"": 0.0, ""95"": 0.0, ""84"": 0.0, ""47"": 0.0, ""98"": 0.0}}"
187,foolsgold,foolsgold,"[1, 96, 81, 86, 78]","[89, 94, 61, 32, 54]","{""layer_name"": ""linear"", ""weights_by_client"": {""1"": 1.0, ""89"": 0.0, ""94"": 0.0, ""61"": 0.0, ""96"": 0.2372787370032785, ""81"": 0.20663878688725323, ""86"": 0.5128677079714592, ""32"": 0.0, ""78"": 0.11233833299044577, ""54"": 0.0}}"
188,foolsgold,foolsgold,"[2, 81, 70]","[21, 62, 98, 77, 41, 75, 96]","{""layer_name"": ""linear"", ""weights_by_client"": {""2"": 1.0, ""21"": 0.0, ""62"": 0.0, ""81"": 0.3178712028441284, ""98"": 0.0, ""77"": 0.0, ""41"": 0.0, ""75"": 0.0, ""96"": 0.0, ""70"": 0.23201303500924886}}"
189,foolsgold,foolsgold,"[3, 59, 39]","[57, 61, 90, 8, 43, 47, 67]","{""layer_name"": ""linear"", ""weights_by_client"": {""3"": 1.0, ""57"": 0.0, ""59"": 0.8955967012952566, ""61"": 0.0, ""90"": 0.0, ""8"": 0.0, ""43"": 0.0, ""47"": 0.0, ""39"": 0.7993434694352097, ""67"": 0.0}}"
190,foolsgold,foolsgold,"[4, 92, 99, 12, 24, 76]","[75, 5, 61, 89]","{""layer_name"": ""linear"", ""weights_by_client"": {""4"": 1.0, ""75"": 0.0, ""92"": 0.06874266814668484, ""99"": 0.4788402697110147, ""5"": 0.0, ""61"": 0.0, ""12"": 0.04233379734023612, ""24"": 0.09124341751417914, ""89"": 0.0, ""76"": 0.11520601694766708}}"
191,foolsgold,foolsgold,"[4, 50, 78]","[98, 77, 13, 42, 38, 91, 71]","{""layer_name"": ""linear"", ""weights_by_client"": {""4"": 1.0, ""50"": 0.1364605057380146, ""78"": 0.029640538794075355, ""98"": 0.0, ""77"": 0.0, ""13"": 0.0, ""42"": 0.0, ""38"": 0.0, ""91"": 0.0, ""71"": 0.0}}"
192,foolsgold,foolsgold,"[1, 62, 2, 7, 85, 17, 74, 32, 28, 90]",[],"{""layer_name"": ""linear"", ""weights_by_client"": {""1"": 1.0, ""62"": 0.16319413115898496, ""2"": 1.0, ""7"": 0.3390695664238032, ""85"": 0.9599660206602175, ""17"": 0.10436115042371191, ""74"": 0.10436115042371191, ""32"": 0.9651603853275632, ""28"": 0.7530968827549395, ""90"": 0.3390695664238032}}"
193,foolsgold,foolsgold,"[0, 28, 51, 66, 54]","[17, 74, 25, 61, 34]","{""layer_name"": ""linear"", ""weights_by_client"": {""0"": 1.0, ""28"": 0.21345572565644305, ""17"": 0.0, ""51"": 0.4403267474764379, ""66"": 0.024396153349381333, ""74"": 0.0, ""25"": 0.0, ""61"": 0.0, ""34"": 0.0, ""54"": 0.06695726380247413}}"
194,foolsgold,foolsgold,"[0, 32, 69]","[21, 9, 56, 98, 70, 37, 10]","{""layer_name"": ""linear"", ""weights_by_client"": {""0"": 1.0, ""21"": 0.0, ""9"": 0.0, ""32"": 0.45808450594777095, ""56"": 0.0, ""98"": 0.0, ""70"": 0.0, ""69"": 0.12355295444352055, ""37"": 0.0, ""10"": 0.0}}"
195,foolsgold,foolsgold,"[2, 11, 78]","[64, 62, 89, 18, 95, 9, 68]","{""layer_name"": ""linear"", ""weights_by_client"": {""2"": 1.0, ""64"": 0.0, ""62"": 0.0, ""11"": 0.856516345963354, ""89"": 0.0, ""18"": 0.0, ""95"": 0.0, ""78"": 0.3722351248346528, ""9"": 0.0, ""68"": 0.0}}"
196,foolsgold,foolsgold,"[2, 23, 81, 76]","[90, 83, 48, 9, 93, 46]","{""layer_name"": ""linear"", ""weights_by_client"": {""2"": 1.0, ""23"": 0.3016680861120894, ""90"": 0.0, ""81"": 0.3521207291645358, ""83"": 0.0, ""48"": 0.0, ""9"": 0.0, ""93"": 0.0, ""76"": 0.2793790471795862, ""46"": 0.0}}"
197,foolsgold,foolsgold,"[3, 11, 56, 86, 44]","[97, 61, 47, 72, 77]","{""layer_name"": ""linear"", ""weights_by_client"": {""3"": 1.0, ""97"": 0.0, ""11"": 0.6204316928398388, ""61"": 0.0, ""56"": 0.015948904412800058, ""86"": 0.25526080232857096, ""47"": 0.0, ""44"": 0.8192827182015926, ""72"": 0.0, ""77"": 0.0}}"
198,foolsgold,foolsgold,"[1, 42]","[20, 29, 89, 48, 47, 17, 70, 72]","{""layer_name"": ""linear"", ""weights_by_client"": {""1"": 1.0, ""20"": 0.0, ""29"": 0.0, ""89"": 0.0, ""48"": 0.0, ""47"": 0.0, ""17"": 0.0, ""70"": 0.0, ""42"": 0.09228448754757845, ""72"": 0.0}}"
199,foolsgold,foolsgold,"[3, 86, 4, 0]","[56, 25, 20, 99, 19, 71]","{""layer_name"": ""linear"", ""weights_by_client"": {""3"": 1.0, ""86"": 0.5408753231431364, ""4"": 1.0, ""56"": 0.0, ""25"": 0.0, ""0"": 1.0, ""20"": 0.0, ""99"": 0.0, ""19"": 0.0, ""71"": 0.0}}"
200,foolsgold,foolsgold,"[1, 78]","[29, 31, 46, 19, 70, 57, 68, 79]","{""layer_name"": ""linear"", ""weights_by_client"": {""1"": 1.0, ""78"": 0.5054590628290341, ""29"": 0.0, ""31"": 0.0, ""46"": 0.0, ""19"": 0.0, ""70"": 0.0, ""57"": 0.0, ""68"": 0.0, ""79"": 0.0}}"
201,foolsgold,foolsgold,"[3, 77, 39]","[14, 48, 93, 25, 45, 84, 53]","{""layer_name"": ""linear"", ""weights_by_client"": {""3"": 1.0, ""14"": 0.0, ""48"": 0.0, ""93"": 0.0, ""25"": 0.0, ""45"": 0.0, ""77"": 0.13415757066697465, ""84"": 0.0, ""53"": 0.0, ""39"": 1.0}}"
202,foolsgold,foolsgold,"[3, 86]","[21, 53, 68, 40, 95, 64, 35, 36]","{""layer_name"": ""linear"", ""weights_by_client"": {""3"": 1.0, ""21"": 0.0, ""53"": 0.0, ""68"": 0.0, ""86"": 0.43154365425698027, ""40"": 0.0, ""95"": 0.0, ""64"": 0.0, ""35"": 0.0, ""36"": 0.0}}"
203,foolsgold,foolsgold,"[2, 59, 88, 20, 32]","[42, 5, 67, 14, 98]","{""layer_name"": ""linear"", ""weights_by_client"": {""2"": 1.0, ""42"": 0.0, ""5"": 0.0, ""59"": 0.7671840013734403, ""88"": 0.056822542458164815, ""20"": 0.5292434009650722, ""67"": 0.0, ""32"": 0.2921006656312155, ""14"": 0.0, ""98"": 0.0}}"
204,foolsgold,foolsgold,"[0, 16, 88, 70, 62]","[71, 46, 93, 7, 68]","{""layer_name"": ""linear"", ""weights_by_client"": {""0"": 1.0, ""16"": 0.15985422632849322, ""71"": 0.0, ""46"": 0.0, ""93"": 0.0, ""88"": 0.06313717677696945, ""7"": 0.0, ""68"": 0.0, ""70"": 0.10999340279873493, ""62"": 0.03393885914210926}}"
205,foolsgold,foolsgold,"[2, 4, 44]","[52, 95, 40, 45, 97, 96, 87]","{""layer_name"": ""linear"", ""weights_by_client"": {""2"": 1.0, ""52"": 0.0, ""95"": 0.0, ""40"": 0.0, ""45"": 0.0, ""97"": 0.0, ""4"": 1.0, ""96"": 0.0, ""87"": 0.0, ""44"": 0.9214439559773169}}"
206,foolsgold,foolsgold,"[4, 15, 1, 68, 0]","[84, 41, 14, 72, 83]","{""layer_name"": ""linear"", ""weights_by_client"": {""4"": 1.0, ""15"": 0.21067839996050114, ""84"": 0.0, ""1"": 0.2949214014012328, ""41"": 0.0, ""68"": 0.02309421072684209, ""14"": 0.0, ""0"": 0.2949214014012328, ""72"": 0.0, ""83"": 0.0}}"
207,foolsgold,foolsgold,"[4, 88, 54, 56, 11]","[63, 77, 34, 33, 64]","{""layer_name"": ""linear"", ""weights_by_client"": {""4"": 1.0, ""88"": 0.42194381320841595, ""54"": 0.07029906819988102, ""63"": 0.0, ""77"": 0.0, ""34"": 0.0, ""33"": 0.0, ""64"": 0.0, ""56"": 0.022323151506677352, ""11"": 0.46447303399758644}}"
208,foolsgold,foolsgold,"[4, 28]","[58, 69, 99, 94, 71, 55, 49, 25]","{""layer_name"": ""linear"", ""weights_by_client"": {""4"": 1.0, ""28"": 0.28348051850252853, ""58"": 0.0, ""69"": 0.0, ""99"": 0.0, ""94"": 0.0, ""71"": 0.0, ""55"": 0.0, ""49"": 0.0, ""25"": 0.0}}"
209,foolsgold,foolsgold,"[3, 50, 32, 30, 39]","[82, 38, 98, 43, 29]","{""layer_name"": ""linear"", ""weights_by_client"": {""3"": 1.0, ""82"": 0.0, ""38"": 0.0, ""50"": 0.030861097357766654, ""98"": 0.0, ""43"": 0.0, ""32"": 0.7222808457738341, ""29"": 0.0, ""30"": 0.15549661011758864, ""39"": 1.0}}"
210,foolsgold,foolsgold,"[3, 30]","[57, 36, 96, 74, 53, 26, 62, 19]","{""layer_name"": ""linear"", ""weights_by_client"": {""3"": 1.0, ""57"": 0.0, ""36"": 0.0, ""96"": 0.0, ""74"": 0.0, ""53"": 0.0, ""30"": 0.0372309457467217, ""26"": 0.0, ""62"": 0.0, ""19"": 0.0}}"
211,foolsgold,foolsgold,"[1, 89, 56, 22, 65, 15, 79, 10, 45, 0]",[],"{""layer_name"": ""linear"", ""weights_by_client"": {""1"": 1.0, ""89"": 0.6960209849616005, ""56"": 1.0, ""22"": 0.3163759464886306, ""65"": 1.0, ""15"": 1.0, ""79"": 0.6960209849616005, ""10"": 1.0, ""45"": 0.3163759464886306, ""0"": 1.0}}"
212,foolsgold,foolsgold,"[1, 28, 64, 32]","[63, 38, 27, 71, 82, 37]","{""layer_name"": ""linear"", ""weights_by_client"": {""1"": 1.0, ""28"": 0.5178818408581892, ""63"": 0.0, ""38"": 0.0, ""27"": 0.0, ""71"": 0.0, ""82"": 0.0, ""64"": 0.050616862077476066, ""32"": 0.7351391660706235, ""37"": 0.0}}"
213,foolsgold,foolsgold,"[2, 7, 42, 15, 77, 1, 41, 82]","[22, 38]","{""layer_name"": ""linear"", ""weights_by_client"": {""2"": 1.0, ""7"": 0.8892072639702957, ""42"": 0.6687267912583004, ""22"": 0.0, ""15"": 0.8319362148373535, ""77"": 0.9781649899552181, ""38"": 0.0, ""1"": 1.0, ""41"": 0.41151835254613045, ""82"": 0.7522135793631255}}"
214,foolsgold,foolsgold,"[0, 61, 54, 4, 80, 83]","[33, 17, 97, 62]","{""layer_name"": ""linear"", ""weights_by_client"": {""0"": 1.0, ""33"": 0.0, ""61"": 0.01071766430260812, ""17"": 0.0, ""97"": 0.0, ""54"": 0.06052411218489645, ""4"": 1.0, ""80"": 0.24392859521658417, ""62"": 0.0, ""83"": 0.06769833471529013}}"
215,foolsgold,foolsgold,"[4, 55, 77, 76]","[21, 10, 35, 46, 63, 58]","{""layer_name"": ""linear"", ""weights_by_client"": {""4"": 1.0, ""55"": 0.19598202035670542, ""21"": 0.0, ""77"": 0.2545372512048949, ""10"": 0.0, ""35"": 0.0, ""46"": 0.0, ""76"": 0.16222813911098855, ""63"": 0.0, ""58"": 0.0}}"
216,foolsgold,foolsgold,"[1, 53, 49, 3, 74, 69, 97, 95, 41, 75]",[],"{""layer_name"": ""linear"", ""weights_by_client"": {""1"": 1.0, ""53"": 0.023352915808346364, ""49"": 0.023352915808346364, ""3"": 1.0, ""74"": 0.1342627742697607, ""69"": 0.34111417791734694, ""97"": 0.3068714059884483, ""95"": 0.025149013711449453, ""41"": 0.20800521743626005, ""75"": 0.33412667366270626}}"
217,foolsgold,foolsgold,"[0, 39, 30]","[78, 72, 12, 57, 97, 63, 93]","{""layer_name"": ""linear"", ""weights_by_client"": {""0"": 1.0, ""78"": 0.0, ""72"": 0.0, ""12"": 0.0, ""57"": 0.0, ""97"": 0.0, ""39"": 0.9979804373608117, ""63"": 0.0, ""93"": 0.0, ""30"": 0.21659649261768982}}"
218,foolsgold,foolsgold,"[3, 56]","[47, 27, 79, 57, 83, 68, 45, 58]","{""layer_name"": ""linear"", ""weights_by_client"": {""3"": 1.0, ""56"": 0.16408212553351093, ""47"": 0.0, ""27"": 0.0, ""79"": 0.0, ""57"": 0.0, ""83"": 0.0, ""68"": 0.0, ""45"": 0.0, ""58"": 0.0}}"
219,foolsgold,foolsgold,"[2, 65, 77, 88, 58, 15]","[96, 45, 84, 47]","{""layer_name"": ""linear"", ""weights_by_client"": {""2"": 1.0, ""65"": 0.06571063571956293, ""96"": 0.0, ""77"": 0.5246944260335946, ""88"": 0.09190715603893757, ""45"": 0.0, ""84"": 0.0, ""47"": 0.0, ""58"": 0.1237993260834489, ""15"": 0.25239146803298096}}"
220,foolsgold,foolsgold,"[1, 15, 69, 77, 50]","[81, 79, 33, 34, 93]","{""layer_name"": ""linear"", ""weights_by_client"": {""1"": 1.0, ""15"": 0.3511931746384893, ""81"": 0.0, ""79"": 0.0, ""69"": 0.3124681155389521, ""33"": 0.0, ""34"": 0.0, ""93"": 0.0, ""77"": 0.22952339237766217, ""50"": 0.23846076702624203}}"
221,foolsgold,foolsgold,"[0, 56, 32, 73, 24, 44, 62, 36]","[41, 33]","{""layer_name"": ""linear"", ""weights_by_client"": {""0"": 1.0, ""56"": 0.18099125316290127, ""32"": 0.5044734245365047, ""73"": 0.3069809205762208, ""41"": 0.0, ""24"": 0.2440096254277348, ""44"": 0.8554747529659276, ""62"": 0.22040914135590334, ""33"": 0.0, ""36"": 0.1901732743654762}}"
222,foolsgold,foolsgold,"[1, 82, 11, 19, 36, 66]","[57, 21, 29, 65]","{""layer_name"": ""linear"", ""weights_by_client"": {""1"": 1.0, ""57"": 0.0, ""82"": 0.10114473330182416, ""21"": 0.0, ""11"": 0.7595216361730722, ""19"": 0.06563412366528698, ""29"": 0.0, ""65"": 0.0, ""36"": 0.0269228956679205, ""66"": 0.13691362234548698}}"
223,foolsgold,foolsgold,"[3, 50, 80, 11]","[57, 48, 10, 71, 97, 73]","{""layer_name"": ""linear"", ""weights_by_client"": {""3"": 1.0, ""57"": 0.0, ""48"": 0.0, ""50"": 0.4694700387582823, ""10"": 0.0, ""80"": 0.02040774392505118, ""11"": 0.9243284930336242, ""71"": 0.0, ""97"": 0.0, ""73"": 0.0}}"
224,foolsgold,foolsgold,"[4, 61, 76, 86, 69, 17]","[43, 48, 64, 29]","{""layer_name"": ""linear"", ""weights_by_client"": {""4"": 1.0, ""61"": 0.1462399985041557, ""43"": 0.0, ""48"": 0.0, ""64"": 0.0, ""76"": 0.3351755896567107, ""86"": 0.9212998569831025, ""69"": 0.20249648229746164, ""29"": 0.0, ""17"": 0.06165084133066889}}"
225,foolsgold,foolsgold,"[1, 77, 82, 4, 42, 2]","[6, 8, 76, 41]","{""layer_name"": ""linear"", ""weights_by_client"": {""1"": 1.0, ""77"": 0.5220995861422251, ""6"": 0.0, ""82"": 0.18086041883631865, ""4"": 1.0, ""8"": 0.0, ""42"": 0.47401735069354634, ""76"": 0.0, ""2"": 1.0, ""41"": 0.0}}"
226,foolsgold,foolsgold,"[2, 15, 30, 49, 42]","[45, 95, 57, 71, 47]","{""layer_name"": ""linear"", ""weights_by_client"": {""2"": 1.0, ""45"": 0.0, ""95"": 0.0, ""15"": 0.1955279628226128, ""57"": 0.0, ""30"": 0.1812204137594005, ""49"": 0.1384555477632486, ""42"": 0.07527040574443372, ""71"": 0.0, ""47"": 0.0}}"
227,foolsgold,foolsgold,"[2, 42, 73, 29, 36, 39]","[5, 94, 9, 74]","{""layer_name"": ""linear"", ""weights_by_client"": {""2"": 1.0, ""5"": 0.0, ""42"": 0.1485318926183724, ""94"": 0.0, ""73"": 0.1485318926183724, ""9"": 0.0, ""74"": 0.0, ""29"": 0.33615234795555826, ""36"": 0.21814479213153393, ""39"": 0.6240585831106759}}"
228,foolsgold,foolsgold,"[1, 85, 61]","[38, 53, 17, 95, 14, 18, 25]","{""layer_name"": ""linear"", ""weights_by_client"": {""1"": 1.0, ""38"": 0.0, ""53"": 0.0, ""17"": 0.0, ""85"": 0.18549086077532395, ""95"": 0.0, ""61"": 0.11740936836725979, ""14"": 0.0, ""18"": 0.0, ""25"": 0.0}}"
229,foolsgold,foolsgold,"[4, 30, 32, 44]","[8, 98, 53, 31, 26, 48]","{""layer_name"": ""linear"", ""weights_by_client"": {""4"": 1.0, ""30"": 0.5713002690053037, ""32"": 0.6348743042543051, ""8"": 0.0, ""98"": 0.0, ""53"": 0.0, ""44"": 0.572243298308597, ""31"": 0.0, ""26"": 0.0, ""48"": 0.0}}"
230,foolsgold,foolsgold,"[1, 92, 48, 79, 61, 41, 75, 86, 70, 3]",[],"{""layer_name"": ""linear"", ""weights_by_client"": {""1"": 1.0, ""92"": 0.5432328849707947, ""48"": 0.588681799083646, ""79"": 0.34148176752551074, ""61"": 0.5432328849707947, ""41"": 0.34148176752551074, ""75"": 0.3664331397030056, ""86"": 1.0, ""70"": 0.5636179195762621, ""3"": 1.0}}"
231,foolsgold,foolsgold,"[4, 51, 91, 16, 77]","[21, 65, 24, 94, 52]","{""layer_name"": ""linear"", ""weights_by_client"": {""4"": 1.0, ""51"": 0.3997254782822924, ""21"": 0.0, ""65"": 0.0, ""24"": 0.0, ""94"": 0.0, ""91"": 0.10765098505165532, ""16"": 0.1836842077029061, ""77"": 0.13037606344411207, ""52"": 0.0}}"
232,foolsgold,foolsgold,"[0, 68, 81, 42, 82, 61, 65]","[63, 72, 98]","{""layer_name"": ""linear"", ""weights_by_client"": {""0"": 1.0, ""68"": 0.04384265251993874, ""63"": 0.0, ""72"": 0.0, ""98"": 0.0, ""81"": 0.37154710602264635, ""42"": 0.023386713807581727, ""82"": 0.11604782458840912, ""61"": 0.22318134184341198, ""65"": 0.29411509192516755}}"
233,foolsgold,foolsgold,"[4, 90, 61, 25, 55, 32, 76]","[19, 60, 7]","{""layer_name"": ""linear"", ""weights_by_client"": {""4"": 1.0, ""19"": 0.0, ""90"": 0.08119638860711742, ""61"": 0.23506470490649173, ""25"": 0.023290898311103814, ""60"": 0.0, ""55"": 0.2351552000081017, ""32"": 0.3568754633390906, ""7"": 0.0, ""76"": 0.3637172763298562}}"
234,foolsgold,foolsgold,"[3, 59, 29, 83, 32, 56, 50]","[75, 66, 93]","{""layer_name"": ""linear"", ""weights_by_client"": {""3"": 1.0, ""59"": 0.6175925717469358, ""29"": 0.2232471623384431, ""75"": 0.0, ""83"": 0.3414410454353133, ""66"": 0.0, ""93"": 0.0, ""32"": 0.9430273646842198, ""56"": 0.2498944800049248, ""50"": 0.8069129305088305}}"
235,foolsgold,foolsgold,"[3, 4, 64, 65, 42, 1]","[73, 85, 43, 97]","{""layer_name"": ""linear"", ""weights_by_client"": {""3"": 1.0, ""4"": 1.0, ""73"": 0.0, ""64"": 0.0452132190651528, ""85"": 0.0, ""65"": 0.5120769112434692, ""42"": 0.0715861612175892, ""43"": 0.0, ""1"": 1.0, ""97"": 0.0}}"
236,foolsgold,foolsgold,"[0, 83, 36, 85, 91]","[88, 38, 47, 6, 57]","{""layer_name"": ""linear"", ""weights_by_client"": {""0"": 1.0, ""88"": 0.0, ""83"": 0.22540371085858973, ""38"": 0.0, ""36"": 0.11642574965565872, ""47"": 0.0, ""85"": 0.42163084456976174, ""6"": 0.0, ""57"": 0.0, ""91"": 0.03296158902817897}}"
237,foolsgold,foolsgold,"[1, 77, 79, 94, 99, 95, 4, 88]","[52, 21]","{""layer_name"": ""linear"", ""weights_by_client"": {""1"": 1.0, ""77"": 0.8429471096915794, ""52"": 0.0, ""21"": 0.0, ""79"": 0.1173858338801495, ""94"": 0.0021116072166740274, ""99"": 0.32855220762737847, ""95"": 0.04298703680441124, ""4"": 1.0, ""88"": 0.4635066587429343}}"
238,foolsgold,foolsgold,"[0, 3, 30, 91, 24, 19]","[57, 79, 89, 52]","{""layer_name"": ""linear"", ""weights_by_client"": {""0"": 1.0, ""3"": 1.0, ""57"": 0.0, ""79"": 0.0, ""30"": 0.3907981875495735, ""91"": 0.3991193451992267, ""24"": 0.5293158407646784, ""89"": 0.0, ""19"": 0.19757756909573682, ""52"": 0.0}}"
239,foolsgold,foolsgold,"[2, 19, 58, 50, 3]","[67, 21, 45, 38, 31]","{""layer_name"": ""linear"", ""weights_by_client"": {""2"": 1.0, ""19"": 0.06944224545890731, ""58"": 0.23037191438905263, ""67"": 0.0, ""21"": 0.0, ""45"": 0.0, ""38"": 0.0, ""50"": 0.16814278143254335, ""31"": 0.0, ""3"": 1.0}}"
240,foolsgold,foolsgold,"[2, 39, 86, 11, 55, 64, 16]","[80, 95, 45]","{""layer_name"": ""linear"", ""weights_by_client"": {""2"": 1.0, ""80"": 0.0, ""39"": 0.9689321680241408, ""86"": 0.9934147181752457, ""11"": 0.7301270832930399, ""95"": 0.0, ""45"": 0.0, ""55"": 0.3333430221203781, ""64"": 0.2770805635949219, ""16"": 0.07524389288817324}}"
241,foolsgold,foolsgold,"[0, 59, 41, 99, 93]","[57, 27, 75, 71, 22]","{""layer_name"": ""linear"", ""weights_by_client"": {""0"": 1.0, ""59"": 0.7621296803874626, ""57"": 0.0, ""41"": 0.016561866740962994, ""27"": 0.0, ""75"": 0.0, ""71"": 0.0, ""99"": 0.5373059774759037, ""93"": 0.15108746091986436, ""22"": 0.0}}"
242,foolsgold,foolsgold,"[2, 41, 92, 86]","[82, 71, 12, 76, 59, 5]","{""layer_name"": ""linear"", ""weights_by_client"": {""2"": 1.0, ""82"": 0.0, ""41"": 0.06274688424114894, ""71"": 0.0, ""12"": 0.0, ""92"": 0.27317406454671966, ""76"": 0.0, ""59"": 0.0, ""86"": 0.6688453600976112, ""5"": 0.0}}"
243,foolsgold,foolsgold,"[4, 86, 65, 39, 0, 43, 41]","[64, 92, 98]","{""layer_name"": ""linear"", ""weights_by_client"": {""4"": 1.0, ""86"": 1.0, ""65"": 0.2193409016504949, ""39"": 1.0, ""0"": 1.0, ""64"": 0.0, ""43"": 0.24123558321534788, ""92"": 0.0, ""41"": 0.17659765788942616, ""98"": 0.0}}"
244,foolsgold,foolsgold,"[1, 89, 71, 0, 47, 26, 95, 51, 44, 80]",[],"{""layer_name"": ""linear"", ""weights_by_client"": {""1"": 1.0, ""89"": 0.2611786853202078, ""71"": 0.07416629639161793, ""0"": 1.0, ""47"": 0.07416629639161793, ""26"": 0.14481555096537896, ""95"": 0.5321142434004276, ""51"": 0.8388391069350714, ""44"": 1.0, ""80"": 0.8580191525895208}}"
245,foolsgold,foolsgold,"[3, 67, 28, 80, 48, 5, 99, 59]","[19, 56]","{""layer_name"": ""linear"", ""weights_by_client"": {""3"": 1.0, ""19"": 0.0, ""56"": 0.0, ""67"": 0.026501597028308843, ""28"": 0.5371369314455107, ""80"": 0.5446671544126374, ""48"": 0.1801987009106703, ""5"": 0.026501597028308843, ""99"": 0.18630151700586234, ""59"": 0.968041685111047}}"
246,foolsgold,foolsgold,"[0, 11, 25, 53, 78, 54, 58, 24]","[45, 6]","{""layer_name"": ""linear"", ""weights_by_client"": {""0"": 1.0, ""45"": 0.0, ""11"": 0.8690455428823227, ""25"": 0.2785016299342976, ""6"": 0.0, ""53"": 0.04097883844623579, ""78"": 0.8178644617453987, ""54"": 0.05521312078374102, ""58"": 0.28143400501994437, ""24"": 0.47268583300943023}}"
247,foolsgold,foolsgold,"[0, 17, 69, 41, 50, 32, 58, 4]","[14, 71]","{""layer_name"": ""linear"", ""weights_by_client"": {""0"": 1.0, ""17"": 0.24966300251511547, ""69"": 0.6115962728209436, ""14"": 0.0, ""41"": 0.466205898123353, ""50"": 0.8367255729406428, ""71"": 0.0, ""32"": 1.0, ""58"": 0.5360760578387589, ""4"": 1.0}}"
248,foolsgold,foolsgold,"[1, 62, 29, 58, 73]","[67, 43, 72, 99, 20]","{""layer_name"": ""linear"", ""weights_by_client"": {""1"": 1.0, ""62"": 0.24183337514901604, ""67"": 0.0, ""43"": 0.0, ""29"": 0.37942349042512374, ""58"": 0.18376329719526385, ""73"": 0.6216131394015103, ""72"": 0.0, ""99"": 0.0, ""20"": 0.0}}"
249,foolsgold,foolsgold,"[0, 40, 11, 29, 61]","[37, 93, 74, 22, 14]","{""layer_name"": ""linear"", ""weights_by_client"": {""0"": 1.0, ""37"": 0.0, ""93"": 0.0, ""74"": 0.0, ""22"": 0.0, ""40"": 0.07870325440481446, ""11"": 1.0, ""29"": 0.16124186605530483, ""61"": 0.35744469054923267, ""14"": 0.0}}"
250,foolsgold,foolsgold,"[3, 0, 55, 89, 73, 68]","[31, 25, 5, 48]","{""layer_name"": ""linear"", ""weights_by_client"": {""3"": 1.0, ""31"": 0.0, ""0"": 1.0, ""55"": 0.02528108267888851, ""89"": 0.0006400386262110369, ""25"": 0.0, ""73"": 0.6816050623124617, ""5"": 0.0, ""68"": 0.02528108267888851, ""48"": 0.0}}"
251,foolsgold,foolsgold,"[4, 28, 5, 88, 65, 55]","[53, 72, 34, 27]","{""layer_name"": ""linear"", ""weights_by_client"": {""4"": 1.0, ""28"": 0.360322801474579, ""5"": 0.021052679820680098, ""53"": 0.0, ""72"": 0.0, ""34"": 0.0, ""88"": 0.3064025373222835, ""65"": 0.34824069015015924, ""27"": 0.0, ""55"": 0.48062505149146323}}"
252,foolsgold,foolsgold,"[4, 16, 69, 51, 44, 86]","[55, 57, 21, 26]","{""layer_name"": ""linear"", ""weights_by_client"": {""4"": 1.0, ""16"": 0.08121471428746496, ""55"": 0.0, ""57"": 0.0, ""21"": 0.0, ""26"": 0.0, ""69"": 0.604152036079495, ""51"": 0.7851180604130269, ""44"": 1.0, ""86"": 0.9152532637462287}}"
253,foolsgold,foolsgold,"[3, 61, 62, 48, 73, 58]","[6, 52, 45, 46]","{""layer_name"": ""linear"", ""weights_by_client"": {""3"": 1.0, ""6"": 0.0, ""52"": 0.0, ""61"": 0.0954012845279874, ""62"": 0.014958290486379366, ""48"": 0.2116801882044025, ""45"": 0.0, ""73"": 0.0963888153182943, ""46"": 0.0, ""58"": 0.21817400698301803}}"
254,foolsgold,foolsgold,"[1, 95, 97, 42, 38, 13, 0, 41, 96, 82]",[],"{""layer_name"": ""linear"", ""weights_by_client"": {""1"": 1.0, ""95"": 1.0, ""97"": 0.8899621417818067, ""42"": 1.0, ""38"": 0.8899621417818067, ""13"": 1.0, ""0"": 1.0, ""41"": 1.0, ""96"": 1.0, ""82"": 1.0}}"
255,foolsgold,foolsgold,"[3, 62, 85, 17, 1, 23]","[46, 38, 6, 43]","{""layer_name"": ""linear"", ""weights_by_client"": {""3"": 1.0, ""62"": 0.47587898952665586, ""85"": 0.8839240583113543, ""17"": 0.32150856241480563, ""46"": 0.0, ""1"": 1.0, ""38"": 0.0, ""6"": 0.0, ""23"": 1.0, ""43"": 0.0}}"
256,foolsgold,foolsgold,"[4, 65, 3, 81, 70]","[84, 79, 95, 71, 9]","{""layer_name"": ""linear"", ""weights_by_client"": {""4"": 1.0, ""84"": 0.0, ""79"": 0.0, ""95"": 0.0, ""65"": 0.1336116122248876, ""71"": 0.0, ""9"": 0.0, ""3"": 1.0, ""81"": 0.27492347079209356, ""70"": 0.18576185552455626}}"
257,foolsgold,foolsgold,"[2, 42, 58, 20, 28, 44, 65]","[68, 63, 38]","{""layer_name"": ""linear"", ""weights_by_client"": {""2"": 1.0, ""42"": 0.2988683277923132, ""68"": 0.0, ""58"": 0.46177692348071525, ""20"": 0.6334083083320983, ""28"": 0.46576184147874433, ""44"": 1.0, ""63"": 0.0, ""65"": 0.4091046466689056, ""38"": 0.0}}"
258,foolsgold,foolsgold,"[2, 61, 81, 20, 3, 15, 11]","[6, 68, 37]","{""layer_name"": ""linear"", ""weights_by_client"": {""2"": 1.0, ""61"": 0.3555362695443364, ""81"": 0.5923014679562095, ""20"": 0.7276414816281565, ""6"": 0.0, ""68"": 0.0, ""3"": 1.0, ""37"": 0.0, ""15"": 0.6543677732447304, ""11"": 0.9933908198812846}}"
259,foolsgold,foolsgold,"[2, 95, 39, 75, 32, 15]","[8, 60, 98, 52]","{""layer_name"": ""linear"", ""weights_by_client"": {""2"": 1.0, ""8"": 0.0, ""60"": 0.0, ""95"": 0.31942277690887244, ""98"": 0.0, ""39"": 0.6161402612173865, ""75"": 0.34951363474528657, ""32"": 1.0, ""15"": 0.7414417815877563, ""52"": 0.0}}"
260,foolsgold,foolsgold,"[3, 1, 67, 86, 16, 55, 99, 88, 15, 12]",[],"{""layer_name"": ""linear"", ""weights_by_client"": {""3"": 1.0, ""1"": 1.0, ""67"": 0.10902700406979954, ""86"": 1.0, ""16"": 0.9820104906272608, ""55"": 1.0, ""99"": 1.0, ""88"": 1.0, ""15"": 1.0, ""12"": 0.10902700406979954}}"
261,foolsgold,foolsgold,"[2, 82, 47, 81, 49, 56, 12, 30, 83, 37]",[],"{""layer_name"": ""linear"", ""weights_by_client"": {""2"": 1.0, ""82"": 0.2571514273164156, ""47"": 0.23118432698086083, ""81"": 0.3882294525653297, ""49"": 0.18348669362618025, ""56"": 0.15377710619554102, ""12"": 0.15377710619554102, ""30"": 0.41450849508648413, ""83"": 0.18348669362618025, ""37"": 0.21415003243778447}}"
262,foolsgold,foolsgold,"[0, 91, 36, 85, 6]","[57, 84, 46, 40, 43]","{""layer_name"": ""linear"", ""weights_by_client"": {""0"": 1.0, ""91"": 0.14946415945298896, ""36"": 0.22679490753345055, ""57"": 0.0, ""85"": 0.33406585598773925, ""84"": 0.0, ""46"": 0.0, ""6"": 0.013637289733116564, ""40"": 0.0, ""43"": 0.0}}"
263,foolsgold,foolsgold,"[4, 39, 83, 76, 18, 81, 62]","[5, 71, 17]","{""layer_name"": ""linear"", ""weights_by_client"": {""4"": 1.0, ""39"": 0.5365147645452647, ""5"": 0.0, ""83"": 0.23215377144366867, ""71"": 0.0, ""76"": 0.07960029881448816, ""18"": 0.06094305162298591, ""17"": 0.0, ""81"": 0.23490180546756578, ""62"": 0.08600751768013076}}"
264,foolsgold,foolsgold,"[0, 52, 80, 88, 50, 78]","[74, 5, 84, 40]","{""layer_name"": ""linear"", ""weights_by_client"": {""0"": 1.0, ""52"": 0.09321503599909187, ""74"": 0.0, ""80"": 0.5067923081648613, ""88"": 0.5009842115530101, ""5"": 0.0, ""84"": 0.0, ""50"": 0.7392816165163152, ""40"": 0.0, ""78"": 0.5858651651929463}}"
265,foolsgold,foolsgold,"[2, 80, 56, 95, 65]","[31, 43, 84, 45, 90]","{""layer_name"": ""linear"", ""weights_by_client"": {""2"": 1.0, ""80"": 0.15374107925883423, ""31"": 0.0, ""43"": 0.0, ""56"": 0.5109174929195277, ""84"": 0.0, ""45"": 0.0, ""95"": 0.050216494001516565, ""90"": 0.0, ""65"": 0.5641461433454737}}"
266,foolsgold,foolsgold,"[0, 29, 51, 28]","[87, 84, 72, 52, 38, 63]","{""layer_name"": ""linear"", ""weights_by_client"": {""0"": 1.0, ""87"": 0.0, ""29"": 0.2131211079332087, ""84"": 0.0, ""51"": 0.6082694243859936, ""28"": 0.1330977425849048, ""72"": 0.0, ""52"": 0.0, ""38"": 0.0, ""63"": 0.0}}"
267,foolsgold,foolsgold,"[1, 39, 42, 99, 96]","[22, 47, 66, 13, 63]","{""layer_name"": ""linear"", ""weights_by_client"": {""1"": 1.0, ""22"": 0.0, ""39"": 1.0, ""47"": 0.0, ""42"": 0.2067629941704487, ""99"": 0.5191381412762678, ""66"": 0.0, ""96"": 0.07655228908014194, ""13"": 0.0, ""63"": 0.0}}"
268,foolsgold,foolsgold,"[0, 29, 99]","[68, 94, 31, 45, 9, 98, 38]","{""layer_name"": ""linear"", ""weights_by_client"": {""0"": 1.0, ""68"": 0.0, ""94"": 0.0, ""29"": 0.07853900781290707, ""31"": 0.0, ""45"": 0.0, ""9"": 0.0, ""98"": 0.0, ""99"": 0.5236683382507904, ""38"": 0.0}}"
269,foolsgold,foolsgold,"[1, 83, 82, 81, 91]","[34, 35, 79, 53, 52]","{""layer_name"": ""linear"", ""weights_by_client"": {""1"": 1.0, ""34"": 0.0, ""35"": 0.0, ""83"": 0.26352555930663185, ""82"": 0.6871950110660315, ""79"": 0.0, ""81"": 0.11182718079040299, ""91"": 0.4669339594400703, ""53"": 0.0, ""52"": 0.0}}"
270,foolsgold,foolsgold,"[1, 86, 78, 5, 99, 94, 34, 28]","[6, 46]","{""layer_name"": ""linear"", ""weights_by_client"": {""1"": 1.0, ""86"": 0.7708704467124439, ""78"": 0.4158551980898971, ""5"": 0.28982589166938966, ""99"": 0.45585525500179974, ""6"": 0.0, ""94"": 0.19822524144000903, ""34"": 0.19822524144000903, ""46"": 0.0, ""28"": 0.439129743355221}}"
271,foolsgold,foolsgold,"[4, 91, 2, 70]","[71, 35, 90, 93, 98, 95]","{""layer_name"": ""linear"", ""weights_by_client"": {""4"": 1.0, ""91"": 0.24427887684450744, ""71"": 0.0, ""2"": 1.0, ""35"": 0.0, ""90"": 0.0, ""93"": 0.0, ""98"": 0.0, ""70"": 0.14104431037741105, ""95"": 0.0}}"
272,foolsgold,foolsgold,"[3, 64, 81, 22, 41, 14, 39, 1, 88, 74]",[],"{""layer_name"": ""linear"", ""weights_by_client"": {""3"": 1.0, ""64"": 0.24771098675200498, ""81"": 1.0, ""22"": 0.004523253964509977, ""41"": 0.6641495076658216, ""14"": 0.004523253964509977, ""39"": 1.0, ""1"": 1.0, ""88"": 1.0, ""74"": 0.13072129196744053}}"
273,foolsgold,foolsgold,"[3, 15, 57, 7, 73, 75, 65, 58]","[95, 27]","{""layer_name"": ""linear"", ""weights_by_client"": {""3"": 1.0, ""15"": 0.649631065148616, ""95"": 0.0, ""57"": 0.08756097445307587, ""7"": 0.1331345390341898, ""73"": 0.1325073321955444, ""75"": 0.1325073321955444, ""65"": 0.6191585077873465, ""58"": 0.4334695186481741, ""27"": 0.0}}"
274,foolsgold,foolsgold,"[0, 64, 2, 76, 65, 15, 51, 53, 69, 72]",[],"{""layer_name"": ""linear"", ""weights_by_client"": {""0"": 1.0, ""64"": 0.5467226476259777, ""2"": 1.0, ""76"": 0.39772188338036474, ""65"": 0.6354151459321193, ""15"": 1.0, ""51"": 0.39772188338036474, ""53"": 0.08921200759339515, ""69"": 1.0, ""72"": 0.08921200759339515}}"
275,foolsgold,foolsgold,"[0, 29, 3, 30, 81, 70, 49, 78]","[38, 14]","{""layer_name"": ""linear"", ""weights_by_client"": {""0"": 1.0, ""29"": 0.5878841059365331, ""3"": 1.0, ""30"": 0.48640933135703673, ""81"": 0.9171310058500067, ""70"": 0.9166902109478917, ""38"": 0.0, ""49"": 0.3737535927230597, ""78"": 0.36275164229266615, ""14"": 0.0}}"
276,foolsgold,foolsgold,"[1, 7, 49, 42, 34]","[71, 13, 47, 33, 53]","{""layer_name"": ""linear"", ""weights_by_client"": {""1"": 1.0, ""71"": 0.0, ""13"": 0.0, ""47"": 0.0, ""7"": 0.08742999729174855, ""49"": 0.059319264979607045, ""33"": 0.0, ""42"": 0.45994955527854314, ""34"": 0.044432072448999715, ""53"": 0.0}}"
277,foolsgold,foolsgold,"[3, 20, 48, 57, 30, 15, 29, 54]","[45, 14]","{""layer_name"": ""linear"", ""weights_by_client"": {""3"": 1.0, ""20"": 0.33714327372140085, ""48"": 0.026680858770487814, ""57"": 0.2481315422737677, ""30"": 0.5433513064200596, ""15"": 0.6754178438598468, ""45"": 0.0, ""29"": 0.24807276478608098, ""54"": 0.03259349724382199, ""14"": 0.0}}"
278,foolsgold,foolsgold,"[1, 76, 65, 58, 51, 99]","[57, 52, 23, 21]","{""layer_name"": ""linear"", ""weights_by_client"": {""1"": 1.0, ""57"": 0.0, ""52"": 0.0, ""76"": 0.20075977422082286, ""65"": 0.4107703571895149, ""58"": 0.5130125983448538, ""51"": 0.20075977422082286, ""23"": 0.0, ""99"": 0.8119710762357337, ""21"": 0.0}}"
279,foolsgold,foolsgold,"[4, 64, 96, 82, 36]","[46, 75, 40, 63, 47]","{""layer_name"": ""linear"", ""weights_by_client"": {""4"": 1.0, ""46"": 0.0, ""64"": 0.2962173518277744, ""96"": 0.17887748423804334, ""82"": 0.2963847588051094, ""75"": 0.0, ""40"": 0.0, ""63"": 0.0, ""36"": 0.5500613681365425, ""47"": 0.0}}"
280,foolsgold,foolsgold,"[0, 72, 81, 73, 65, 79, 58, 16]","[8, 83]","{""layer_name"": ""linear"", ""weights_by_client"": {""0"": 1.0, ""72"": 0.21743073605608476, ""8"": 0.0, ""81"": 0.8401041790995587, ""73"": 0.5363229132576641, ""83"": 0.0, ""65"": 0.7630795249056248, ""79"": 0.06158363918746418, ""58"": 0.48676961879940994, ""16"": 0.06158363918746418}}"
281,foolsgold,foolsgold,"[3, 30, 84, 29, 12, 44, 13, 55]","[98, 64]","{""layer_name"": ""linear"", ""weights_by_client"": {""3"": 1.0, ""30"": 0.954326474806792, ""84"": 0.1842851068155661, ""29"": 0.25422575387582513, ""12"": 0.32775722304100285, ""98"": 0.0, ""44"": 1.0, ""64"": 0.0, ""13"": 0.5278719230038795, ""55"": 0.7054753370665091}}"
282,foolsgold,foolsgold,"[0, 36, 23, 49, 11, 34, 99, 58]","[33, 12]","{""layer_name"": ""linear"", ""weights_by_client"": {""0"": 1.0, ""36"": 0.6491582561097587, ""23"": 0.6027130892003112, ""49"": 0.04048796910536312, ""11"": 0.5900247311460809, ""34"": 0.19780234221974102, ""99"": 0.44183120966556466, ""33"": 0.0, ""58"": 0.5786007665525772, ""12"": 0.0}}"
283,foolsgold,foolsgold,"[3, 5, 99, 24, 56, 37]","[43, 34, 14, 48]","{""layer_name"": ""linear"", ""weights_by_client"": {""3"": 1.0, ""43"": 0.0, ""5"": 0.3165535755863114, ""34"": 0.0, ""99"": 0.5734226136524783, ""14"": 0.0, ""48"": 0.0, ""24"": 0.7845048468705101, ""56"": 0.5365435896692613, ""37"": 0.5138998224705706}}"
284,foolsgold,foolsgold,"[2, 88, 85, 65, 82, 19, 77]","[95, 54, 37]","{""layer_name"": ""linear"", ""weights_by_client"": {""2"": 1.0, ""88"": 0.6105257435933426, ""85"": 0.3881303794430423, ""65"": 0.5592919497612032, ""95"": 0.0, ""82"": 0.16631637770674734, ""19"": 0.003197260385673306, ""77"": 0.9703021166542172, ""54"": 0.0, ""37"": 0.0}}"
285,foolsgold,foolsgold,"[2, 85, 74, 15, 29, 94]","[33, 12, 87, 60]","{""layer_name"": ""linear"", ""weights_by_client"": {""2"": 1.0, ""33"": 0.0, ""12"": 0.0, ""85"": 0.4348767374270031, ""87"": 0.0, ""74"": 0.34413582739151016, ""15"": 1.0, ""29"": 0.7031966229125369, ""94"": 0.2263594522825037, ""60"": 0.0}}"
286,foolsgold,foolsgold,"[4, 77, 65, 55, 18, 2, 78]","[6, 33, 63]","{""layer_name"": ""linear"", ""weights_by_client"": {""4"": 1.0, ""6"": 0.0, ""33"": 0.0, ""77"": 0.21644086912174482, ""65"": 0.3556531682869376, ""63"": 0.0, ""55"": 1.0, ""18"": 0.09213858571499683, ""2"": 1.0, ""78"": 0.6399655778301423}}"
287,foolsgold,foolsgold,"[1, 32, 77, 51, 42, 95]","[71, 25, 57, 22]","{""layer_name"": ""linear"", ""weights_by_client"": {""1"": 1.0, ""71"": 0.0, ""25"": 0.0, ""57"": 0.0, ""32"": 0.5668744001875149, ""77"": 0.7918372036456547, ""51"": 0.303553607264053, ""42"": 0.49635368092316534, ""95"": 0.23365714144695043, ""22"": 0.0}}"
288,foolsgold,foolsgold,"[2, 23, 61, 86, 54, 0, 91, 63, 37, 85]",[],"{""layer_name"": ""linear"", ""weights_by_client"": {""2"": 1.0, ""23"": 0.5500629652961267, ""61"": 0.5019159873618774, ""86"": 1.0, ""54"": 0.23783091481183105, ""0"": 1.0, ""91"": 0.5500629652961267, ""63"": 0.23783091481183105, ""37"": 0.5916203131520077, ""85"": 0.9398368575898279}}"
289,foolsgold,foolsgold,"[0, 40, 56, 34, 98, 35, 1, 22, 89, 16]",[],"{""layer_name"": ""linear"", ""weights_by_client"": {""0"": 1.0, ""40"": 1.0, ""56"": 1.0, ""34"": 1.0, ""98"": 1.0, ""35"": 1.0, ""1"": 1.0, ""22"": 1.0, ""89"": 1.0, ""16"": 1.0}}"
290,foolsgold,foolsgold,"[1, 46, 25, 37, 42, 44, 50, 12]","[20, 72]","{""layer_name"": ""linear"", ""weights_by_client"": {""1"": 1.0, ""46"": 0.1566693071167536, ""25"": 0.1385973244771167, ""37"": 0.17455192251144497, ""20"": 0.0, ""42"": 0.35882533102312786, ""44"": 0.7824799810577134, ""50"": 0.5342851616241362, ""12"": 0.5152928816737, ""72"": 0.0}}"
291,foolsgold,foolsgold,"[1, 56, 20, 12, 27, 69, 16]","[19, 93, 33]","{""layer_name"": ""linear"", ""weights_by_client"": {""1"": 1.0, ""19"": 0.0, ""56"": 0.3580659139360275, ""93"": 0.0, ""20"": 0.9719100719421139, ""12"": 0.031147303987597907, ""27"": 0.060186002233543257, ""69"": 0.9398641879597419, ""33"": 0.0, ""16"": 0.1491084131611627}}"
292,foolsgold,foolsgold,"[2, 45, 10, 1, 74, 86, 46, 35, 17, 81]",[],"{""layer_name"": ""linear"", ""weights_by_client"": {""2"": 1.0, ""45"": 0.6741020696255389, ""10"": 0.7150057740670737, ""1"": 1.0, ""74"": 0.07199563432001499, ""86"": 1.0, ""46"": 0.36604731226399295, ""35"": 0.07199563432001499, ""17"": 0.36604731226399295, ""81"": 1.0}}"
293,foolsgold,foolsgold,"[2, 99, 19, 62, 44, 0, 48, 52, 70, 65]",[],"{""layer_name"": ""linear"", ""weights_by_client"": {""2"": 1.0, ""99"": 0.7572124836997807, ""19"": 0.37936305243501145, ""62"": 0.3215097957960366, ""44"": 1.0, ""0"": 1.0, ""48"": 0.5875342722883379, ""52"": 0.3215097957960366, ""70"": 0.37936305243501145, ""65"": 1.0}}"
294,foolsgold,foolsgold,"[0, 66, 36, 83, 68, 23, 90, 2, 57, 21]",[],"{""layer_name"": ""linear"", ""weights_by_client"": {""0"": 1.0, ""66"": 0.2288743107107769, ""36"": 0.9197815908621005, ""83"": 0.7400567369026082, ""68"": 0.2288743107107769, ""23"": 0.20508531067986047, ""90"": 0.019613276296990445, ""2"": 1.0, ""57"": 0.20508531067986047, ""21"": 0.019613276296990445}}"
295,foolsgold,foolsgold,"[3, 20, 51, 25, 27, 40, 5, 89]","[10, 85]","{""layer_name"": ""linear"", ""weights_by_client"": {""3"": 1.0, ""10"": 0.0, ""20"": 0.39037500670220887, ""51"": 0.6450023466029325, ""25"": 0.08972612378789091, ""27"": 0.1578937727060582, ""40"": 0.08972612378789091, ""5"": 0.19178512596210323, ""89"": 0.19178512596210323, ""85"": 0.0}}"
296,foolsgold,foolsgold,"[1, 85, 80, 28, 68, 94, 32, 20]","[63, 14]","{""layer_name"": ""linear"", ""weights_by_client"": {""1"": 1.0, ""85"": 0.35113771490329954, ""80"": 0.49944123399302853, ""28"": 0.7655969791852878, ""63"": 0.0, ""68"": 0.36810622819330696, ""14"": 0.0, ""94"": 0.6183720901592771, ""32"": 0.9667468461182143, ""20"": 0.5778407773994105}}"
297,foolsgold,foolsgold,"[3, 61, 21, 58, 32, 20, 53, 17, 93, 55]",[],"{""layer_name"": ""linear"", ""weights_by_client"": {""3"": 1.0, ""61"": 0.391526948966076, ""21"": 0.3559469895353051, ""58"": 0.7092701723038036, ""32"": 0.9356138405884491, ""20"": 0.8880969344434593, ""53"": 0.06710772425505246, ""17"": 0.38762077660647476, ""93"": 0.06710772425505246, ""55"": 0.6597917316451142}}"
298,foolsgold,foolsgold,"[3, 56, 65, 66, 16, 75, 82]","[38, 79, 43]","{""layer_name"": ""linear"", ""weights_by_client"": {""3"": 1.0, ""38"": 0.0, ""56"": 0.5435675194766248, ""79"": 0.0, ""43"": 0.0, ""65"": 0.9841049547461914, ""66"": 0.1534064953539273, ""16"": 0.4056000614239071, ""75"": 0.1582842930138127, ""82"": 0.3359517747470853}}"
299,foolsgold,foolsgold,"[2, 50, 69, 58, 82, 91, 59]","[98, 97, 38]","{""layer_name"": ""linear"", ""weights_by_client"": {""2"": 1.0, ""98"": 0.0, ""50"": 0.2518161031568058, ""69"": 0.6824173080030173, ""58"": 0.7807518054723669, ""82"": 0.5501145343028727, ""91"": 0.6702914075610077, ""59"": 0.8240925997521811, ""97"": 0.0, ""38"": 0.0}}"
300,foolsgold,foolsgold,"[4, 88, 20, 78, 25, 10]","[74, 38, 35, 79]","{""layer_name"": ""linear"", ""weights_by_client"": {""4"": 1.0, ""88"": 0.4743739241267798, ""20"": 0.4662390441623683, ""74"": 0.0, ""38"": 0.0, ""35"": 0.0, ""78"": 0.9026042733992868, ""79"": 0.0, ""25"": 0.3217848923411307, ""10"": 0.19087697226523404}}"
301,foolsgold,foolsgold,"[1, 54, 45, 82, 64, 94]","[63, 21, 97, 52]","{""layer_name"": ""linear"", ""weights_by_client"": {""1"": 1.0, ""54"": 0.18058325924005653, ""63"": 0.0, ""45"": 0.03393520375192094, ""82"": 0.2341297895336334, ""64"": 0.2735908762543403, ""21"": 0.0, ""94"": 0.19814329820693155, ""97"": 0.0, ""52"": 0.0}}"
302,foolsgold,foolsgold,"[3, 65, 91, 78, 0, 88, 43, 30]","[34, 52]","{""layer_name"": ""linear"", ""weights_by_client"": {""3"": 1.0, ""65"": 0.6638201384906045, ""34"": 0.0, ""91"": 0.6677626223614972, ""78"": 0.5970746525771318, ""0"": 1.0, ""88"": 0.6585994431174641, ""43"": 0.4236651174919884, ""30"": 0.449817747115105, ""52"": 0.0}}"
303,foolsgold,foolsgold,"[3, 57, 83, 65, 27, 24, 5, 25]","[98, 10]","{""layer_name"": ""linear"", ""weights_by_client"": {""3"": 1.0, ""57"": 0.08142032424973006, ""83"": 0.29418826808547893, ""65"": 0.11698914994087839, ""27"": 0.1975994810313309, ""98"": 0.0, ""24"": 0.11698914994087839, ""5"": 0.3960628362378585, ""25"": 0.08142032424973006, ""10"": 0.0}}"
304,foolsgold,foolsgold,"[3, 16, 92, 27, 14, 62, 58, 77, 1, 44]",[],"{""layer_name"": ""linear"", ""weights_by_client"": {""3"": 1.0, ""16"": 0.9569249179611461, ""92"": 0.660173071451367, ""27"": 0.7162804399809691, ""14"": 0.38429787334495574, ""62"": 0.38429787334495574, ""58"": 1.0, ""77"": 1.0, ""1"": 1.0, ""44"": 1.0}}"
305,foolsgold,foolsgold,"[1, 39, 88, 69, 29, 25]","[6, 27, 71, 26]","{""layer_name"": ""linear"", ""weights_by_client"": {""1"": 1.0, ""39"": 0.8021691180183237, ""6"": 0.0, ""27"": 0.0, ""71"": 0.0, ""88"": 0.8046826017360015, ""69"": 0.9887261539280632, ""29"": 0.4432522428070988, ""25"": 0.7175833140000057, ""26"": 0.0}}"
306,foolsgold,foolsgold,"[0, 84, 41, 86, 94, 13, 66, 3, 14, 51]",[],"{""layer_name"": ""linear"", ""weights_by_client"": {""0"": 1.0, ""84"": 0.14312751314820604, ""41"": 0.1458320259560441, ""86"": 0.6825061171120268, ""94"": 0.5952949599405465, ""13"": 0.08250890307911318, ""66"": 0.08250890307911318, ""3"": 1.0, ""14"": 0.14312751314820604, ""51"": 0.9370668229619542}}"
307,foolsgold,foolsgold,"[3, 36, 70, 1, 21, 32, 55, 18, 69, 8]",[],"{""layer_name"": ""linear"", ""weights_by_client"": {""3"": 1.0, ""36"": 0.9583983101331848, ""70"": 1.0, ""1"": 1.0, ""21"": 0.5628964511260259, ""32"": 1.0, ""55"": 1.0, ""18"": 0.5628964511260259, ""69"": 1.0, ""8"": 0.6990218937679691}}"
308,foolsgold,foolsgold,"[0, 77, 29, 65, 68, 95, 83, 47]","[89, 79]","{""layer_name"": ""linear"", ""weights_by_client"": {""0"": 1.0, ""77"": 0.2943764996973809, ""29"": 0.6289623312574274, ""65"": 0.6358260267632035, ""68"": 0.12204743109452176, ""89"": 0.0, ""95"": 0.2888313815860691, ""79"": 0.0, ""83"": 0.5595881919364059, ""47"": 0.12204743109452176}}"
309,foolsgold,foolsgold,"[1, 15, 46, 36, 86, 31, 62, 70]","[10, 73]","{""layer_name"": ""linear"", ""weights_by_client"": {""1"": 1.0, ""10"": 0.0, ""15"": 0.8793711144574005, ""46"": 0.11866463465272137, ""36"": 0.5990733705931797, ""86"": 0.6344472409224673, ""31"": 0.11866463465272137, ""73"": 0.0, ""62"": 0.7108435390684262, ""70"": 0.7006257905286614}}"
310,foolsgold,foolsgold,"[0, 47, 63, 32, 34, 12, 41, 75, 11, 3]",[],"{""layer_name"": ""linear"", ""weights_by_client"": {""0"": 1.0, ""47"": 0.16448462954689597, ""63"": 0.16448462954689597, ""32"": 0.9764047170913859, ""34"": 0.1701802032495785, ""12"": 0.6678369256398404, ""41"": 0.4204975669728785, ""75"": 0.1701802032495785, ""11"": 0.5757048072993345, ""3"": 1.0}}"
311,foolsgold,foolsgold,"[3, 55, 1, 65, 54, 24, 31, 92, 49, 46]",[],"{""layer_name"": ""linear"", ""weights_by_client"": {""3"": 1.0, ""55"": 0.6453323513667384, ""1"": 1.0, ""65"": 0.4821373209916008, ""54"": 0.8652080964103677, ""24"": 0.4821373209916008, ""31"": 0.18978412149724422, ""92"": 0.18978412149724422, ""49"": 0.6453323513667384, ""46"": 0.6883496503311248}}"
312,foolsgold,foolsgold,"[0, 51, 5, 19, 84, 23, 40, 64]","[38, 53]","{""layer_name"": ""linear"", ""weights_by_client"": {""0"": 1.0, ""38"": 0.0, ""51"": 0.6352915791435791, ""5"": 0.47501285117390996, ""19"": 0.3726676550912327, ""53"": 0.0, ""84"": 0.08448181689499706, ""23"": 0.896319914571057, ""40"": 0.08448181689499706, ""64"": 0.4736880455018214}}"
313,foolsgold,foolsgold,"[4, 82, 78, 17, 44, 90, 55]","[19, 14, 71]","{""layer_name"": ""linear"", ""weights_by_client"": {""4"": 1.0, ""82"": 0.4725615598079871, ""78"": 0.8254327772737304, ""17"": 0.3239058585107531, ""19"": 0.0, ""44"": 1.0, ""14"": 0.0, ""71"": 0.0, ""90"": 0.0387492787288109, ""55"": 0.9607806777340042}}"
314,foolsgold,foolsgold,"[0, 32, 44, 54, 17, 8, 68]","[6, 9, 38]","{""layer_name"": ""linear"", ""weights_by_client"": {""0"": 1.0, ""32"": 1.0, ""44"": 1.0, ""6"": 0.0, ""54"": 0.3743409922075131, ""17"": 0.7617738038172924, ""9"": 0.0, ""8"": 0.4020369994838923, ""68"": 0.12512872061857622, ""38"": 0.0}}"
315,foolsgold,foolsgold,"[0, 10, 42, 62, 79, 75, 64, 84, 3, 51]",[],"{""layer_name"": ""linear"", ""weights_by_client"": {""0"": 1.0, ""10"": 0.1582509487048382, ""42"": 0.30520913329021626, ""62"": 0.5110789306762695, ""79"": 0.448553395387728, ""75"": 0.3066204270366847, ""64"": 0.1582509487048382, ""84"": 0.37205989032288367, ""3"": 1.0, ""51"": 0.39227456131675775}}"
316,foolsgold,foolsgold,"[1, 91, 79, 5, 73, 62, 83, 46]","[68, 9]","{""layer_name"": ""linear"", ""weights_by_client"": {""1"": 1.0, ""91"": 0.16816165790692517, ""79"": 0.2417262086458264, ""68"": 0.0, ""9"": 0.0, ""5"": 0.03175820458372808, ""73"": 0.7316087058053603, ""62"": 0.5572697789493138, ""83"": 0.5597038163690417, ""46"": 0.40364854308894194}}"
317,foolsgold,foolsgold,"[1, 55, 68, 51, 54, 48, 7, 69, 28, 71]",[],"{""layer_name"": ""linear"", ""weights_by_client"": {""1"": 1.0, ""55"": 0.6580592054096857, ""68"": 0.0736720951842546, ""51"": 0.09298260831423028, ""54"": 0.0461711119413481, ""48"": 0.3665020640608031, ""7"": 0.19239814383356213, ""69"": 0.83282587612767, ""28"": 0.8538172382896903, ""71"": 0.0461711119413481}}"
318,foolsgold,foolsgold,"[0, 51, 21, 15]","[98, 72, 87, 38, 6, 57]","{""layer_name"": ""linear"", ""weights_by_client"": {""0"": 1.0, ""98"": 0.0, ""51"": 0.9288323771427744, ""72"": 0.0, ""87"": 0.0, ""21"": 0.09836071329789953, ""15"": 1.0, ""38"": 0.0, ""6"": 0.0, ""57"": 0.0}}"
319,foolsgold,foolsgold,"[1, 61, 26, 7, 68, 88, 59, 11, 36, 97]",[],"{""layer_name"": ""linear"", ""weights_by_client"": {""1"": 1.0, ""61"": 0.0477648616423651, ""26"": 0.19824923798396904, ""7"": 0.2972992600643626, ""68"": 0.5042634932440055, ""88"": 0.5257017292720633, ""59"": 0.44929729673295044, ""11"": 0.7118920006413856, ""36"": 0.45044236295538037, ""97"": 0.0477648616423651}}"
320,foolsgold,foolsgold,"[1, 75, 3, 25, 80, 2, 78, 4]","[20, 7]","{""layer_name"": ""linear"", ""weights_by_client"": {""1"": 1.0, ""75"": 1.0, ""3"": 1.0, ""25"": 0.5849476375776629, ""80"": 0.741975922561086, ""2"": 1.0, ""78"": 1.0, ""20"": 0.0, ""4"": 1.0, ""7"": 0.0}}"
321,foolsgold,foolsgold,"[2, 95, 86, 51, 23, 6, 62, 0, 81, 84]",[],"{""layer_name"": ""linear"", ""weights_by_client"": {""2"": 1.0, ""95"": 0.11969903328843146, ""86"": 1.0, ""51"": 1.0, ""23"": 0.9991207252811655, ""6"": 0.11969903328843146, ""62"": 0.874410424881634, ""0"": 1.0, ""81"": 0.9372917546330888, ""84"": 0.8962571561506603}}"
322,foolsgold,foolsgold,"[2, 64, 37, 66, 42, 84, 58, 80, 67, 92]",[],"{""layer_name"": ""linear"", ""weights_by_client"": {""2"": 1.0, ""64"": 0.3823561962978399, ""37"": 0.5826102446096844, ""66"": 0.10933127121988073, ""42"": 0.44753194272111235, ""84"": 0.48899914312468085, ""58"": 0.8419185268162979, ""80"": 0.5213312417647694, ""67"": 0.10933127121988073, ""92"": 0.2366347814132862}}"
323,foolsgold,foolsgold,"[4, 79, 9, 30, 69, 16, 43]","[68, 22, 60]","{""layer_name"": ""linear"", ""weights_by_client"": {""4"": 1.0, ""68"": 0.0, ""79"": 0.2581728197468607, ""22"": 0.0, ""9"": 0.11446838847578383, ""30"": 0.9120360510881953, ""60"": 0.0, ""69"": 1.0, ""16"": 0.34865769656499884, ""43"": 0.03007278294299165}}"
324,foolsgold,foolsgold,"[1, 20, 77, 27, 23, 18, 74, 59, 86, 87]",[],"{""layer_name"": ""linear"", ""weights_by_client"": {""1"": 1.0, ""20"": 0.7369221084592711, ""77"": 0.2183973872190434, ""27"": 0.16585485752822415, ""23"": 0.8768598546540227, ""18"": 0.2183973872190434, ""74"": 0.20426798464366158, ""59"": 1.0, ""86"": 1.0, ""87"": 0.16585485752822415}}"
325,foolsgold,foolsgold,"[1, 99, 42, 5, 15, 76, 86]","[33, 38, 87]","{""layer_name"": ""linear"", ""weights_by_client"": {""1"": 1.0, ""99"": 0.7025168455036681, ""42"": 0.8134004708205935, ""33"": 0.0, ""5"": 0.7316125730750009, ""15"": 1.0, ""38"": 0.0, ""76"": 0.571315470797429, ""86"": 1.0, ""87"": 0.0}}"
326,foolsgold,foolsgold,"[1, 88, 99, 48, 31, 83, 11]","[71, 38, 63]","{""layer_name"": ""linear"", ""weights_by_client"": {""1"": 1.0, ""71"": 0.0, ""88"": 0.7294249424078254, ""38"": 0.0, ""63"": 0.0, ""99"": 0.6503962533746643, ""48"": 0.43832251638234565, ""31"": 0.4464278323562955, ""83"": 0.42534223695027573, ""11"": 0.5619992410153704}}"
327,foolsgold,foolsgold,"[4, 69, 52, 40, 47, 77, 35, 59, 70, 7]",[],"{""layer_name"": ""linear"", ""weights_by_client"": {""4"": 1.0, ""69"": 1.0, ""52"": 0.13401866622390318, ""40"": 0.5591622395206279, ""47"": 0.1447222121585185, ""77"": 1.0, ""35"": 0.13401866622390318, ""59"": 1.0, ""70"": 0.6718887416768531, ""7"": 0.1447222121585185}}"
328,foolsgold,foolsgold,"[0, 61, 81, 23, 95, 97, 55, 28]","[74, 35]","{""layer_name"": ""linear"", ""weights_by_client"": {""0"": 1.0, ""61"": 0.07808789752875767, ""81"": 0.17248570764611604, ""74"": 0.0, ""23"": 1.0, ""95"": 0.5345168445083569, ""35"": 0.0, ""97"": 0.07808789752875767, ""55"": 0.5402900790708894, ""28"": 0.4957610674472567}}"
329,foolsgold,foolsgold,"[3, 53, 77, 67, 31, 62, 82, 84]","[45, 47]","{""layer_name"": ""linear"", ""weights_by_client"": {""3"": 1.0, ""53"": 0.020164067287651022, ""77"": 1.0, ""67"": 0.020164067287651022, ""31"": 0.19005993370299712, ""62"": 0.7286422760517717, ""45"": 0.0, ""47"": 0.0, ""82"": 0.4113430905019364, ""84"": 0.313024998672191}}"
330,foolsgold,foolsgold,"[2, 83, 3, 36, 44, 70, 32, 64, 47, 5]",[],"{""layer_name"": ""linear"", ""weights_by_client"": {""2"": 1.0, ""83"": 0.7491909314273573, ""3"": 1.0, ""36"": 0.6682908768631892, ""44"": 1.0, ""70"": 0.5257426109911338, ""32"": 1.0, ""64"": 0.4238336590855857, ""47"": 0.4238336590855857, ""5"": 0.5739959089099969}}"
331,foolsgold,foolsgold,"[0, 95, 64, 96, 5, 79, 75, 94]","[60, 7]","{""layer_name"": ""linear"", ""weights_by_client"": {""0"": 1.0, ""95"": 0.15572927594741398, ""64"": 0.5391817180425119, ""96"": 0.15572927594741398, ""60"": 0.0, ""5"": 0.492355418518718, ""79"": 0.29442264025928777, ""75"": 0.6086074350197278, ""7"": 0.0, ""94"": 0.6819567091188433}}"
332,foolsgold,foolsgold,"[1, 15, 57, 19, 13, 81, 10, 30, 99, 47]",[],"{""layer_name"": ""linear"", ""weights_by_client"": {""1"": 1.0, ""15"": 0.7509595110214864, ""57"": 0.5560050388112303, ""19"": 0.11333390215497291, ""13"": 0.19994178527905015, ""81"": 0.5822624995009474, ""10"": 0.1577555948220738, ""30"": 0.8353810202591279, ""99"": 0.8378307887429143, ""47"": 0.11333390215497291}}"
333,foolsgold,foolsgold,"[4, 91, 65, 0, 37, 25, 27, 31, 15, 97]",[],"{""layer_name"": ""linear"", ""weights_by_client"": {""4"": 1.0, ""91"": 0.7592154984476137, ""65"": 1.0, ""0"": 1.0, ""37"": 0.4495459266748771, ""25"": 0.44587181883867427, ""27"": 0.0661624503042309, ""31"": 0.0661624503042309, ""15"": 1.0, ""97"": 0.6337781867113672}}"
334,foolsgold,foolsgold,"[2, 87, 54, 75, 34, 3, 15, 7, 11, 40]",[],"{""layer_name"": ""linear"", ""weights_by_client"": {""2"": 1.0, ""87"": 0.016944602296106004, ""54"": 0.016944602296106004, ""75"": 0.2461883105629708, ""34"": 0.2715900226716904, ""3"": 1.0, ""15"": 1.0, ""7"": 0.15586613488059342, ""11"": 0.6275726510500257, ""40"": 0.19061552815397548}}"
335,foolsgold,foolsgold,"[3, 4, 12, 80, 27, 42, 24, 0]","[87, 26]","{""layer_name"": ""linear"", ""weights_by_client"": {""3"": 1.0, ""4"": 1.0, ""12"": 0.22243181503978537, ""80"": 0.11716745571285009, ""87"": 0.0, ""26"": 0.0, ""27"": 0.11716745571285009, ""42"": 1.0, ""24"": 0.7490908125005298, ""0"": 1.0}}"
336,foolsgold,foolsgold,"[3, 22, 23, 50, 7, 88, 27, 96]","[73, 10]","{""layer_name"": ""linear"", ""weights_by_client"": {""3"": 1.0, ""22"": 0.06226470945253243, ""23"": 1.0, ""50"": 0.7398767010804733, ""7"": 0.5389574772303195, ""88"": 0.7221495809754856, ""73"": 0.0, ""27"": 0.06226470945253243, ""10"": 0.0, ""96"": 0.551667167705604}}"
337,foolsgold,foolsgold,"[2, 17, 50, 30, 15, 49, 13]","[98, 52, 38]","{""layer_name"": ""linear"", ""weights_by_client"": {""2"": 1.0, ""17"": 0.2059935577370382, ""98"": 0.0, ""50"": 0.18162124284818992, ""52"": 0.0, ""30"": 0.8338360624642003, ""15"": 1.0, ""49"": 0.2059935577370382, ""13"": 0.8939430890669371, ""38"": 0.0}}"
338,foolsgold,foolsgold,"[0, 71, 20, 25, 14, 1, 9, 61, 11, 89]",[],"{""layer_name"": ""linear"", ""weights_by_client"": {""0"": 1.0, ""71"": 0.28872809641876385, ""20"": 1.0, ""25"": 1.0, ""14"": 0.7902563898454684, ""1"": 1.0, ""9"": 0.271796846438005, ""61"": 1.0, ""11"": 1.0, ""89"": 0.271796846438005}}"
339,foolsgold,foolsgold,"[3, 16, 78, 75, 95]","[38, 41, 60, 33, 6]","{""layer_name"": ""linear"", ""weights_by_client"": {""3"": 1.0, ""16"": 0.48964787587980474, ""78"": 1.0, ""75"": 0.7140549237759627, ""38"": 0.0, ""41"": 0.0, ""60"": 0.0, ""95"": 0.2720500346768232, ""33"": 0.0, ""6"": 0.0}}"
340,foolsgold,foolsgold,"[2, 98, 15, 78, 86, 82, 74, 4]","[47, 71]","{""layer_name"": ""linear"", ""weights_by_client"": {""2"": 1.0, ""98"": 0.3146859655178771, ""15"": 1.0, ""78"": 1.0, ""86"": 1.0, ""82"": 0.49559657755171876, ""74"": 0.45175780620345657, ""47"": 0.0, ""4"": 1.0, ""71"": 0.0}}"
341,foolsgold,foolsgold,"[0, 77, 91, 2, 1, 97, 43, 53, 99, 57]",[],"{""layer_name"": ""linear"", ""weights_by_client"": {""0"": 0.7956218010228551, ""77"": 0.7646113906969654, ""91"": 0.7466741884751078, ""2"": 1.0, ""1"": 0.7956218010228551, ""97"": 0.2270929796238243, ""43"": 0.2270929796238243, ""53"": 0.5824201583957629, ""99"": 0.8662153944071755, ""57"": 0.5282443339153968}}"
342,foolsgold,foolsgold,"[1, 82, 46, 21, 54, 29, 47, 77, 48, 12]",[],"{""layer_name"": ""linear"", ""weights_by_client"": {""1"": 1.0, ""82"": 0.8159839367251323, ""46"": 0.14411076237204906, ""21"": 0.18688436282815174, ""54"": 0.2005590257443322, ""29"": 0.8237484808775857, ""47"": 0.14411076237204906, ""77"": 1.0, ""48"": 0.7318273598732976, ""12"": 0.18688436282815174}}"
343,foolsgold,foolsgold,"[3, 56, 31, 47, 24, 34, 15, 84, 4, 20]",[],"{""layer_name"": ""linear"", ""weights_by_client"": {""3"": 1.0, ""56"": 0.4748066053730729, ""31"": 0.4196958626423719, ""47"": 0.6440570786359967, ""24"": 0.8208089998285871, ""34"": 0.8719631215956344, ""15"": 1.0, ""84"": 0.4196958626423719, ""4"": 1.0, ""20"": 0.5644743519385333}}"
344,foolsgold,foolsgold,"[1, 68, 97, 49, 62, 13, 7, 51, 54, 42]",[],"{""layer_name"": ""linear"", ""weights_by_client"": {""1"": 1.0, ""68"": 0.49028620670389483, ""97"": 0.41502282174622557, ""49"": 0.3687387847041306, ""62"": 0.3687387847041306, ""13"": 0.6782346523710595, ""7"": 0.6236257730155806, ""51"": 1.0, ""54"": 0.507450221476623, ""42"": 0.41502282174622557}}"
345,foolsgold,foolsgold,"[3, 2, 75, 25, 47, 58, 57, 37]","[22, 38]","{""layer_name"": ""linear"", ""weights_by_client"": {""3"": 1.0, ""2"": 1.0, ""22"": 0.0, ""38"": 0.0, ""75"": 0.6273322457218399, ""25"": 0.2623457469568081, ""47"": 0.5468622412975872, ""58"": 0.7176318783634609, ""57"": 0.2228435088337039, ""37"": 0.5441831722610815}}"
346,foolsgold,foolsgold,"[0, 86, 39, 75, 6, 48, 61, 11, 64, 44]",[],"{""layer_name"": ""linear"", ""weights_by_client"": {""0"": 1.0, ""86"": 1.0, ""39"": 0.5273540329448201, ""75"": 0.5273540329448201, ""6"": 0.3344490212022987, ""48"": 0.4075480289278609, ""61"": 0.3344490212022987, ""11"": 0.9518181016570246, ""64"": 0.4075480289278609, ""44"": 1.0}}"
347,foolsgold,foolsgold,"[1, 20, 17, 92, 64, 88, 80, 89, 87, 99]",[],"{""layer_name"": ""linear"", ""weights_by_client"": {""1"": 1.0, ""20"": 0.002184351636974613, ""17"": 0.5207800425037146, ""92"": 0.4073296599123504, ""64"": 0.49959158607949994, ""88"": 0.5180061886518166, ""80"": 0.5046483578753367, ""89"": 0.10614737117583678, ""87"": 0.10614737117583678, ""99"": 0.002184351636974613}}"
348,foolsgold,foolsgold,"[2, 21, 51, 16, 41, 68, 60, 67, 80, 91]",[],"{""layer_name"": ""linear"", ""weights_by_client"": {""2"": 1.0, ""21"": 0.11770077570887733, ""51"": 1.0, ""16"": 0.6350881006188374, ""41"": 0.4407400355687113, ""68"": 0.19069195426446012, ""60"": 0.18365292594632943, ""67"": 0.11770077570887733, ""80"": 0.8151245510354024, ""91"": 0.22038717906126948}}"
349,foolsgold,foolsgold,"[4, 77, 92, 15, 52, 94, 32, 62]","[71, 13]","{""layer_name"": ""linear"", ""weights_by_client"": {""4"": 1.0, ""77"": 1.0, ""92"": 0.06017243000294037, ""15"": 1.0, ""52"": 0.06017243000294037, ""94"": 0.9069992012064744, ""71"": 0.0, ""32"": 1.0, ""13"": 0.0, ""62"": 0.6417568050919957}}"
350,foolsgold,foolsgold,"[0, 41, 15, 12, 34, 21, 38, 90]","[9, 93]","{""layer_name"": ""linear"", ""weights_by_client"": {""0"": 1.0, ""41"": 0.47718854023797214, ""15"": 1.0, ""12"": 0.22731668174101077, ""9"": 0.0, ""34"": 0.859868774556825, ""21"": 0.021287033768568553, ""93"": 0.0, ""38"": 0.08482378892916587, ""90"": 0.021287033768568553}}"
351,foolsgold,foolsgold,"[4, 40, 47, 54, 57, 28, 10, 87, 27, 95]",[],"{""layer_name"": ""linear"", ""weights_by_client"": {""4"": 1.0, ""40"": 0.3580274524245716, ""47"": 0.23858688946623946, ""54"": 0.1740994887731443, ""57"": 0.0891568196525484, ""28"": 0.2928843100254736, ""10"": 0.23858688946623946, ""87"": 0.0891568196525484, ""27"": 0.4133199949608766, ""95"": 0.20356164204761462}}"
352,foolsgold,foolsgold,"[3, 92, 34, 12, 74, 0, 88, 53, 52, 77]",[],"{""layer_name"": ""linear"", ""weights_by_client"": {""3"": 1.0, ""92"": 0.020269124483572487, ""34"": 0.16737742545207607, ""12"": 0.7531882396552242, ""74"": 0.1731196033897205, ""0"": 1.0, ""88"": 0.8024492522741637, ""53"": 0.1731196033897205, ""52"": 0.020269124483572487, ""77"": 0.6675424529388736}}"
353,foolsgold,foolsgold,"[2, 40, 41, 84, 7, 70, 46, 61, 95, 0]",[],"{""layer_name"": ""linear"", ""weights_by_client"": {""2"": 1.0, ""40"": 0.03413714218106134, ""41"": 0.03413714218106134, ""84"": 0.5927339178648554, ""7"": 0.1486854228256218, ""70"": 0.47043486557699266, ""46"": 0.1486854228256218, ""61"": 1.0, ""95"": 0.47043486557699266, ""0"": 1.0}}"
354,foolsgold,foolsgold,"[1, 0, 16, 84, 12, 64, 52, 4]","[33, 60]","{""layer_name"": ""linear"", ""weights_by_client"": {""1"": 0.6789393845997842, ""33"": 0.0, ""0"": 0.6789393845997842, ""16"": 0.4451370293009357, ""84"": 0.5146368433312546, ""12"": 0.016317037885220043, ""64"": 0.4458541442267052, ""52"": 0.4997510392274477, ""60"": 0.0, ""4"": 1.0}}"
355,foolsgold,foolsgold,"[3, 14, 27, 84, 5, 15, 87, 17, 58, 28]",[],"{""layer_name"": ""linear"", ""weights_by_client"": {""3"": 1.0, ""14"": 0.060060643393869906, ""27"": 0.2564705722635567, ""84"": 0.2564705722635567, ""5"": 0.6571878296258491, ""15"": 1.0, ""87"": 0.060060643393869906, ""17"": 0.6603232797358601, ""58"": 0.847232829032964, ""28"": 0.4058377578281358}}"
356,foolsgold,foolsgold,"[4, 29, 12, 86, 67, 81, 84, 59, 21, 3]",[],"{""layer_name"": ""linear"", ""weights_by_client"": {""4"": 1.0, ""29"": 0.46301691375760134, ""12"": 0.13420661108426302, ""86"": 1.0, ""67"": 0.13420661108426302, ""81"": 0.5420298221956961, ""84"": 0.46301691375760134, ""59"": 1.0, ""21"": 0.21592726609533358, ""3"": 1.0}}"
357,foolsgold,foolsgold,"[1, 41, 61, 76, 49, 46, 55, 34, 2, 4]",[],"{""layer_name"": ""linear"", ""weights_by_client"": {""1"": 1.0, ""41"": 0.7543837319067368, ""61"": 0.6423255837855326, ""76"": 0.2093636655753719, ""49"": 0.2093636655753719, ""46"": 0.5868419887414775, ""55"": 0.5298442387234332, ""34"": 0.667729019492268, ""2"": 1.0, ""4"": 1.0}}"
358,foolsgold,foolsgold,"[0, 73, 86, 84, 95, 41, 17, 52]","[9, 38]","{""layer_name"": ""linear"", ""weights_by_client"": {""0"": 1.0, ""73"": 0.3805226237835361, ""9"": 0.0, ""86"": 1.0, ""84"": 0.5862411964219609, ""95"": 0.12394747105403053, ""41"": 0.4498159564846158, ""38"": 0.0, ""17"": 0.4480949015410391, ""52"": 0.3104389469506713}}"
359,foolsgold,foolsgold,"[0, 91, 57, 20, 10, 16, 54, 36]","[71, 38]","{""layer_name"": ""linear"", ""weights_by_client"": {""0"": 1.0, ""91"": 0.5717504187102621, ""57"": 0.580437479937958, ""71"": 0.0, ""20"": 0.6797716487721811, ""38"": 0.0, ""10"": 0.04630439518149804, ""16"": 0.5258824398603565, ""54"": 0.3750768779202629, ""36"": 0.6018875136121188}}"
360,foolsgold,foolsgold,"[1, 23, 39, 85, 91, 16]","[35, 98, 89, 9]","{""layer_name"": ""linear"", ""weights_by_client"": {""1"": 1.0, ""35"": 0.0, ""98"": 0.0, ""89"": 0.0, ""23"": 0.6236628338481924, ""39"": 1.0, ""85"": 0.7036587822325238, ""91"": 0.6876774087869318, ""9"": 0.0, ""16"": 0.847819905222434}}"
361,foolsgold,foolsgold,"[2, 61, 41, 85, 51, 56, 19, 36]","[38, 97]","{""layer_name"": ""linear"", ""weights_by_client"": {""2"": 1.0, ""61"": 0.3881225757182423, ""41"": 0.647457650890664, ""38"": 0.0, ""85"": 0.4228501467793556, ""51"": 0.7382049178075976, ""56"": 0.19125942770165472, ""19"": 0.19125942770165472, ""36"": 0.9653100720042622, ""97"": 0.0}}"
362,foolsgold,foolsgold,"[4, 19, 17, 30, 8, 83, 55, 38, 96, 10]",[],"{""layer_name"": ""linear"", ""weights_by_client"": {""4"": 1.0, ""19"": 0.43682104336125105, ""17"": 0.8866427812125893, ""30"": 1.0, ""8"": 0.14307771084998705, ""83"": 0.14307771084998705, ""55"": 0.18420819018945872, ""38"": 0.31916366886244485, ""96"": 0.18420819018945872, ""10"": 0.4171541437622356}}"
363,foolsgold,foolsgold,"[0, 55, 66, 34, 29, 67, 77, 45]","[52, 8]","{""layer_name"": ""linear"", ""weights_by_client"": {""0"": 1.0, ""55"": 1.0, ""66"": 0.23500791800099413, ""34"": 0.42343158087990224, ""52"": 0.0, ""8"": 0.0, ""29"": 0.2342670149110127, ""67"": 0.23500791800099413, ""77"": 0.9186085367432013, ""45"": 0.2342670149110127}}"
364,foolsgold,foolsgold,"[0, 81, 44, 20, 31, 36, 55]","[90, 79, 89]","{""layer_name"": ""linear"", ""weights_by_client"": {""0"": 1.0, ""81"": 1.0, ""90"": 0.0, ""44"": 1.0, ""79"": 0.0, ""20"": 0.7612516641724612, ""31"": 0.08543643511110505, ""36"": 0.9144410652687052, ""89"": 0.0, ""55"": 0.9444372157030212}}"
365,foolsgold,foolsgold,"[3, 9, 97, 64, 37, 55, 42]","[41, 19, 33]","{""layer_name"": ""linear"", ""weights_by_client"": {""3"": 1.0, ""41"": 0.0, ""19"": 0.0, ""9"": 0.20233476413471763, ""97"": 0.23612074505196906, ""64"": 0.30866726433877967, ""37"": 0.7627562123051869, ""55"": 0.7930832116309674, ""33"": 0.0, ""42"": 0.7998267544919311}}"
366,foolsgold,foolsgold,"[1, 98, 30, 13, 56, 97, 35, 75, 41, 2]",[],"{""layer_name"": ""linear"", ""weights_by_client"": {""1"": 1.0, ""98"": 0.27932881212365773, ""30"": 1.0, ""13"": 0.8777096287999087, ""56"": 1.0, ""97"": 0.8026936651484731, ""35"": 0.27932881212365773, ""75"": 1.0, ""41"": 0.9883642209765409, ""2"": 1.0}}"
367,foolsgold,foolsgold,"[3, 5, 42, 83, 37, 14, 13, 89, 28, 61]",[],"{""layer_name"": ""linear"", ""weights_by_client"": {""3"": 1.0, ""5"": 0.5934277295299635, ""42"": 0.7121598444391919, ""83"": 0.008870279462936503, ""37"": 1.0, ""14"": 0.008870279462936503, ""13"": 0.6444835660813999, ""89"": 0.4482167328194356, ""28"": 0.7978650262137604, ""61"": 0.5765312370238311}}"
368,foolsgold,foolsgold,"[0, 29, 83, 87, 38, 55, 96, 31, 81, 14]",[],"{""layer_name"": ""linear"", ""weights_by_client"": {""0"": 1.0, ""29"": 0.7423843927597774, ""83"": 0.030030974358131957, ""87"": 0.14243423363030178, ""38"": 0.15089045407148965, ""55"": 0.21617557135347054, ""96"": 0.21617557135347054, ""31"": 0.4626681931613667, ""81"": 1.0, ""14"": 0.030030974358131957}}"
369,foolsgold,foolsgold,"[0, 64, 70, 77, 88, 6, 82, 62, 69, 55]",[],"{""layer_name"": ""linear"", ""weights_by_client"": {""0"": 1.0, ""64"": 0.517362167516811, ""70"": 0.7797760909420357, ""77"": 1.0, ""88"": 0.8273207653170972, ""6"": 0.5192153230133416, ""82"": 0.7243918406141998, ""62"": 0.517362167516811, ""69"": 0.8164160651410822, ""55"": 0.8421836145220432}}"
370,foolsgold,foolsgold,"[4, 88, 96, 42, 58, 49, 7, 15]","[72, 99]","{""layer_name"": ""linear"", ""weights_by_client"": {""4"": 1.0, ""88"": 0.8832814515750183, ""96"": 0.6214389838614394, ""42"": 1.0, ""58"": 0.7879389971792156, ""49"": 0.6746103089566843, ""7"": 0.32447078833312404, ""15"": 1.0, ""72"": 0.0, ""99"": 0.0}}"
371,foolsgold,foolsgold,"[4, 30, 1, 36, 14, 90, 87, 42, 82, 37]",[],"{""layer_name"": ""linear"", ""weights_by_client"": {""4"": 1.0, ""30"": 1.0, ""1"": 1.0, ""36"": 0.7186379624094785, ""14"": 0.11819468689453572, ""90"": 0.3528054565010157, ""87"": 0.11819468689453572, ""42"": 0.990357668869675, ""82"": 0.8057875907019957, ""37"": 0.6440608103424756}}"
372,foolsgold,foolsgold,"[3, 40, 64, 31, 35, 90, 29, 48, 84, 78]",[],"{""layer_name"": ""linear"", ""weights_by_client"": {""3"": 1.0, ""40"": 0.20248060467729856, ""64"": 0.45355117717576854, ""31"": 0.10192289797392712, ""35"": 0.21297511843474354, ""90"": 0.10192289797392712, ""29"": 0.7407389809462186, ""48"": 0.2934548366049912, ""84"": 0.5502106332346283, ""78"": 1.0}}"
373,foolsgold,foolsgold,"[3, 32, 56, 78, 5, 13, 86, 55]","[98, 62]","{""layer_name"": ""linear"", ""weights_by_client"": {""3"": 1.0, ""32"": 1.0, ""56"": 0.8045761997849432, ""98"": 0.0, ""78"": 1.0, ""62"": 0.0, ""5"": 0.8929902718295748, ""13"": 0.9057633958111155, ""86"": 1.0, ""55"": 1.0}}"
374,foolsgold,foolsgold,"[4, 99, 47, 20, 31, 10, 86, 90, 62, 41]",[],"{""layer_name"": ""linear"", ""weights_by_client"": {""4"": 1.0, ""99"": 0.03824484380243298, ""47"": 0.27986922160827865, ""20"": 0.03824484380243298, ""31"": 0.1284525362772987, ""10"": 0.27986922160827865, ""86"": 1.0, ""90"": 0.1284525362772987, ""62"": 0.9672642043704122, ""41"": 0.7977003941483595}}"
375,foolsgold,foolsgold,"[0, 33, 1, 73, 28, 61, 3, 11, 96, 15]",[],"{""layer_name"": ""linear"", ""weights_by_client"": {""0"": 0.8110541054715865, ""33"": 0.2724691624668537, ""1"": 0.8110541054715865, ""73"": 0.3766965962472808, ""28"": 0.6558852960963464, ""61"": 0.3766965962472808, ""3"": 1.0, ""11"": 0.9369231558009111, ""96"": 0.2724691624668537, ""15"": 1.0}}"
376,foolsgold,foolsgold,"[4, 42, 80, 51, 72, 90, 58, 83]","[74, 35]","{""layer_name"": ""linear"", ""weights_by_client"": {""4"": 1.0, ""42"": 1.0, ""80"": 0.9437079149881014, ""51"": 1.0, ""72"": 0.18641143785311687, ""74"": 0.0, ""90"": 0.18641143785311687, ""58"": 0.8670504033317168, ""35"": 0.0, ""83"": 0.7486323179905401}}"
377,foolsgold,foolsgold,"[0, 95, 80, 46, 22, 73, 3, 42, 93, 85]",[],"{""layer_name"": ""linear"", ""weights_by_client"": {""0"": 1.0, ""95"": 0.1746612905708661, ""80"": 0.6227360717399084, ""46"": 0.2725416769802461, ""22"": 0.16626714526121728, ""73"": 0.2128954020538768, ""3"": 1.0, ""42"": 0.8492071299508266, ""93"": 0.16626714526121728, ""85"": 0.2128954020538768}}"
378,foolsgold,foolsgold,"[2, 77, 62, 74, 20, 65, 9, 68]","[5, 45]","{""layer_name"": ""linear"", ""weights_by_client"": {""2"": 1.0, ""5"": 0.0, ""77"": 0.7155756149342979, ""45"": 0.0, ""62"": 0.24196012685823354, ""74"": 0.1306228892810562, ""20"": 1.0, ""65"": 0.4432949829840843, ""9"": 0.1306228892810562, ""68"": 0.2652092688050016}}"
379,foolsgold,foolsgold,"[2, 58, 94, 50, 51, 65, 27, 95]","[20, 7]","{""layer_name"": ""linear"", ""weights_by_client"": {""2"": 1.0, ""58"": 0.8345212419308421, ""94"": 0.6908976840414467, ""20"": 0.0, ""50"": 0.6908976840414467, ""51"": 1.0, ""65"": 0.8583729656054763, ""7"": 0.0, ""27"": 0.40077265799687456, ""95"": 0.40077265799687456}}"
380,foolsgold,foolsgold,"[4, 78, 82, 23, 37, 10, 55, 13, 12, 77]",[],"{""layer_name"": ""linear"", ""weights_by_client"": {""4"": 1.0, ""78"": 0.7673908356458468, ""82"": 0.6313773638173307, ""23"": 0.8776599862365595, ""37"": 0.7476304476929019, ""10"": 0.39456587682676536, ""55"": 0.951852428379016, ""13"": 0.39456587682676536, ""12"": 0.6313773638173307, ""77"": 0.7673908356458468}}"
381,foolsgold,foolsgold,"[2, 35, 5, 89, 93, 82, 49, 23, 95, 63]",[],"{""layer_name"": ""linear"", ""weights_by_client"": {""2"": 1.0, ""35"": 0.5800328845099656, ""5"": 0.1055231381916516, ""89"": 0.09530683380536598, ""93"": 0.1055231381916516, ""82"": 0.446381085788428, ""49"": 0.6648645759243101, ""23"": 0.8759615260567273, ""95"": 0.3148212876867914, ""63"": 0.09530683380536598}}"
382,foolsgold,foolsgold,"[4, 83, 79, 3, 66, 69, 95, 96, 84, 7]",[],"{""layer_name"": ""linear"", ""weights_by_client"": {""4"": 1.0, ""83"": 0.8520812370963139, ""79"": 0.22455867224571024, ""3"": 1.0, ""66"": 0.6375812149426037, ""69"": 1.0, ""95"": 0.32362684281182685, ""96"": 0.32362684281182685, ""84"": 0.4987794277553532, ""7"": 0.22455867224571024}}"
383,foolsgold,foolsgold,"[3, 65, 26, 12, 98, 16, 20, 86, 59, 75]",[],"{""layer_name"": ""linear"", ""weights_by_client"": {""3"": 1.0, ""65"": 0.8406970510248313, ""26"": 0.12217353239325202, ""12"": 0.12612638914911978, ""98"": 0.12217353239325202, ""16"": 0.5174541019882528, ""20"": 1.0, ""86"": 1.0, ""59"": 0.675903211296899, ""75"": 0.8923652623316214}}"
384,foolsgold,foolsgold,"[2, 78, 18, 71, 20, 21, 27, 31, 11, 24]",[],"{""layer_name"": ""linear"", ""weights_by_client"": {""2"": 1.0, ""78"": 1.0, ""18"": 0.388325477332873, ""71"": 0.10784979196503552, ""20"": 1.0, ""21"": 0.3805995989343081, ""27"": 0.10784979196503552, ""31"": 0.37541465167073096, ""11"": 1.0, ""24"": 0.6918325643538779}}"
385,foolsgold,foolsgold,"[2, 50, 63, 64, 18, 45, 0, 89, 91, 28]",[],"{""layer_name"": ""linear"", ""weights_by_client"": {""2"": 1.0, ""50"": 0.8881216685813007, ""63"": 0.2234855162524409, ""64"": 0.8307069374003484, ""18"": 0.4423186152449262, ""45"": 0.3194529903552864, ""0"": 1.0, ""89"": 0.2234855162524409, ""91"": 1.0, ""28"": 1.0}}"
386,foolsgold,foolsgold,"[4, 45, 97, 55, 16, 23, 89, 59, 90, 15]",[],"{""layer_name"": ""linear"", ""weights_by_client"": {""4"": 1.0, ""45"": 0.4453238851282213, ""97"": 0.526982757390532, ""55"": 1.0, ""16"": 0.9113986089727169, ""23"": 1.0, ""89"": 0.23978997774861477, ""59"": 1.0, ""90"": 0.23978997774861477, ""15"": 1.0}}"
387,foolsgold,foolsgold,"[2, 12, 25, 36, 23, 64, 84, 91, 19, 26]",[],"{""layer_name"": ""linear"", ""weights_by_client"": {""2"": 1.0, ""12"": 0.14870981249584486, ""25"": 0.6032652981532549, ""36"": 0.7588643305830505, ""23"": 0.7932740902977188, ""64"": 0.6528866478447582, ""84"": 0.729245536572702, ""91"": 0.7234546106650136, ""19"": 0.4369360607329861, ""26"": 0.14870981249584486}}"
388,foolsgold,foolsgold,"[2, 84, 30, 90, 24, 13, 87, 40]","[63, 33]","{""layer_name"": ""linear"", ""weights_by_client"": {""2"": 1.0, ""84"": 0.6605728321003695, ""63"": 0.0, ""30"": 1.0, ""90"": 0.3160654258363933, ""33"": 0.0, ""24"": 0.7780202127966256, ""13"": 0.7897411663349088, ""87"": 0.0013298283646789866, ""40"": 0.14485798290939683}}"
389,foolsgold,foolsgold,"[1, 2, 78, 33, 24, 5, 57, 77, 31, 62]",[],"{""layer_name"": ""linear"", ""weights_by_client"": {""1"": 1.0, ""2"": 1.0, ""78"": 1.0, ""33"": 0.6545940085796398, ""24"": 1.0, ""5"": 1.0, ""57"": 0.6545940085796398, ""77"": 1.0, ""31"": 0.9510155866495201, ""62"": 1.0}}"
390,foolsgold,foolsgold,"[2, 15, 48, 84, 66, 59, 9, 80, 91, 79]",[],"{""layer_name"": ""linear"", ""weights_by_client"": {""2"": 1.0, ""15"": 1.0, ""48"": 0.6677622115306198, ""84"": 0.758479165199577, ""66"": 0.43117820953858993, ""59"": 1.0, ""9"": 0.35390110517441964, ""80"": 0.8926234069834273, ""91"": 0.43117820953858993, ""79"": 0.35390110517441964}}"
391,foolsgold,foolsgold,"[2, 19, 44, 7, 85, 43, 73, 18, 29, 83]",[],"{""layer_name"": ""linear"", ""weights_by_client"": {""2"": 1.0, ""19"": 0.4952251057963587, ""44"": 1.0, ""7"": 0.4664444330669254, ""85"": 0.2316073085829254, ""43"": 0.43453863273166643, ""73"": 0.2316073085829254, ""18"": 0.779406760987718, ""29"": 1.0, ""83"": 0.43453863273166643}}"
392,foolsgold,foolsgold,"[0, 99, 74, 46, 89, 95, 88]","[47, 71, 63]","{""layer_name"": ""linear"", ""weights_by_client"": {""0"": 1.0, ""99"": 1.0, ""74"": 0.585341040829245, ""47"": 0.0, ""46"": 0.19246362454188187, ""89"": 0.11408391428142522, ""95"": 0.4773832396210709, ""88"": 0.7226782305512103, ""71"": 0.0, ""63"": 0.0}}"
393,foolsgold,foolsgold,"[3, 78, 91, 29, 51, 38, 86, 24, 63, 27]",[],"{""layer_name"": ""linear"", ""weights_by_client"": {""3"": 1.0, ""78"": 1.0, ""91"": 0.7593508078572937, ""29"": 0.7522654803543974, ""51"": 0.6550132952674936, ""38"": 0.19280944555634705, ""86"": 1.0, ""24"": 0.6550132952674936, ""63"": 0.19280944555634705, ""27"": 0.3558799355721781}}"
394,foolsgold,foolsgold,"[3, 75, 45, 59, 20, 29, 67, 93, 81, 13]",[],"{""layer_name"": ""linear"", ""weights_by_client"": {""3"": 1.0, ""75"": 0.7284698252730817, ""45"": 0.043342425212842706, ""59"": 1.0, ""20"": 1.0, ""29"": 0.6746969150025028, ""67"": 0.40970693788727364, ""93"": 0.043342425212842706, ""81"": 0.4322589534860505, ""13"": 0.662895772971756}}"
395,foolsgold,foolsgold,"[3, 88, 10, 17, 75, 20, 11, 31, 42, 14]",[],"{""layer_name"": ""linear"", ""weights_by_client"": {""3"": 1.0, ""88"": 1.0, ""10"": 0.09707260153036734, ""17"": 0.49753322088166363, ""75"": 0.5788966790222151, ""20"": 1.0, ""11"": 0.9416857916949999, ""31"": 0.49753322088166363, ""42"": 0.7874468317253345, ""14"": 0.09707260153036734}}"
396,foolsgold,foolsgold,"[0, 85, 82, 10, 31, 84, 27, 7, 14, 4]",[],"{""layer_name"": ""linear"", ""weights_by_client"": {""0"": 1.0, ""85"": 0.05067060270876911, ""82"": 0.6599774716984718, ""10"": 0.05067060270876911, ""31"": 0.3519139018808309, ""84"": 0.5290439795122456, ""27"": 0.3519139018808309, ""7"": 1.0, ""14"": 0.2014844444567327, ""4"": 1.0}}"
397,foolsgold,foolsgold,"[3, 43, 25, 48, 98, 87, 6, 23, 34, 52]",[],"{""layer_name"": ""linear"", ""weights_by_client"": {""3"": 1.0, ""43"": 0.10102295573510278, ""25"": 0.2672022063767777, ""48"": 0.2672022063767777, ""98"": 0.03269501934866281, ""87"": 0.10102295573510278, ""6"": 0.16736092562204474, ""23"": 1.0, ""34"": 0.28758733140090775, ""52"": 0.03269501934866281}}"
398,foolsgold,foolsgold,"[4, 36, 37, 92, 94, 14, 28, 18]","[68, 22]","{""layer_name"": ""linear"", ""weights_by_client"": {""4"": 1.0, ""36"": 0.9282095228502859, ""68"": 0.0, ""37"": 0.5555115460075755, ""92"": 0.5331731386708094, ""94"": 0.62785003653574, ""14"": 0.4338677151354373, ""22"": 0.0, ""28"": 0.7283585621247106, ""18"": 0.6645375002502723}}"
399,foolsgold,foolsgold,"[1, 24, 30, 5, 72, 62, 32, 97]","[22, 68]","{""layer_name"": ""linear"", ""weights_by_client"": {""1"": 1.0, ""24"": 1.0, ""30"": 0.7941254657976977, ""22"": 0.0, ""5"": 0.6352103128653572, ""72"": 0.5049696383001421, ""62"": 0.661282321359336, ""32"": 1.0, ""68"": 0.0, ""97"": 0.6796614643807476}}"
400,foolsgold,foolsgold,"[2, 91, 61, 8, 99, 97, 98, 93, 74, 39]",[],"{""layer_name"": ""linear"", ""weights_by_client"": {""2"": 1.0, ""91"": 0.9834187917961196, ""61"": 0.4142092309018732, ""8"": 0.12965528658736802, ""99"": 0.5404345182861287, ""97"": 0.12965528658736802, ""98"": 0.41627229777606, ""93"": 0.045146623148965837, ""74"": 0.045146623148965837, ""39"": 0.8444129907459641}}"
401,foolsgold,foolsgold,"[1, 75, 14, 32, 62, 2, 68, 46, 72, 57]",[],"{""layer_name"": ""linear"", ""weights_by_client"": {""1"": 1.0, ""75"": 0.7123707103592463, ""14"": 0.7123707103592463, ""32"": 1.0, ""62"": 0.7754185702656093, ""2"": 1.0, ""68"": 0.8872019402042197, ""46"": 0.4079657104618926, ""72"": 0.6856821601741024, ""57"": 0.4079657104618926}}"
402,foolsgold,foolsgold,"[4, 27, 62, 80, 22, 16, 29, 15, 55, 95]",[],"{""layer_name"": ""linear"", ""weights_by_client"": {""4"": 1.0, ""27"": 0.5105358569794483, ""62"": 1.0, ""80"": 0.5657746079086348, ""22"": 0.5105358569794483, ""16"": 1.0, ""29"": 1.0, ""15"": 1.0, ""55"": 1.0, ""95"": 0.764279732552103}}"
403,foolsgold,foolsgold,"[4, 24, 18, 49, 84, 7, 67, 0, 80, 77]",[],"{""layer_name"": ""linear"", ""weights_by_client"": {""4"": 1.0, ""24"": 1.0, ""18"": 0.46236999118243766, ""49"": 0.6974003176318835, ""84"": 0.6974003176318835, ""7"": 0.873537916469332, ""67"": 0.46236999118243766, ""0"": 1.0, ""80"": 0.8135331764519129, ""77"": 0.6170518320704326}}"
404,foolsgold,foolsgold,"[1, 58, 9, 48, 14, 80, 30, 10, 70, 39]",[],"{""layer_name"": ""linear"", ""weights_by_client"": {""1"": 1.0, ""58"": 0.8849788807633758, ""9"": 0.7499576198914003, ""48"": 0.2722948861683645, ""14"": 0.1476866377746504, ""80"": 1.0, ""30"": 1.0, ""10"": 0.1476866377746504, ""70"": 1.0, ""39"": 0.7553306715574952}}"
405,foolsgold,foolsgold,"[2, 92, 77, 70, 32, 0, 26, 57]","[72, 99]","{""layer_name"": ""linear"", ""weights_by_client"": {""2"": 1.0, ""92"": 0.5105468063301597, ""77"": 1.0, ""70"": 0.8644527868445806, ""72"": 0.0, ""99"": 0.0, ""32"": 1.0, ""0"": 1.0, ""26"": 0.40786522358260724, ""57"": 0.6310727101211319}}"
406,foolsgold,foolsgold,"[2, 84, 57, 95, 30, 70, 16, 13, 29, 27]",[],"{""layer_name"": ""linear"", ""weights_by_client"": {""2"": 1.0, ""84"": 0.2965621069376909, ""57"": 0.2965621069376909, ""95"": 0.4562299679248462, ""30"": 1.0, ""70"": 0.4562299679248462, ""16"": 0.8822053792268227, ""13"": 0.8889180921136453, ""29"": 1.0, ""27"": 0.5650064741669398}}"
407,foolsgold,foolsgold,"[3, 8, 86, 51, 40, 47]","[33, 74, 35, 22]","{""layer_name"": ""linear"", ""weights_by_client"": {""3"": 1.0, ""8"": 0.9173038497149061, ""86"": 1.0, ""33"": 0.0, ""74"": 0.0, ""35"": 0.0, ""51"": 1.0, ""22"": 0.0, ""40"": 0.07559438948138031, ""47"": 0.647956853514761}}"
408,foolsgold,foolsgold,"[2, 40, 4, 57, 63, 1, 42, 30, 46, 84]",[],"{""layer_name"": ""linear"", ""weights_by_client"": {""2"": 1.0, ""40"": 0.7240210676228431, ""4"": 1.0, ""57"": 0.21025828673243668, ""63"": 0.42618679580391916, ""1"": 1.0, ""42"": 0.6861099683636892, ""30"": 1.0, ""46"": 0.21025828673243668, ""84"": 0.5155858787753176}}"
409,foolsgold,foolsgold,"[4, 67, 17, 27, 34, 71, 93, 13, 86, 16]",[],"{""layer_name"": ""linear"", ""weights_by_client"": {""4"": 1.0, ""67"": 0.24882217481365887, ""17"": 0.5972163086154856, ""27"": 0.43376338254940344, ""34"": 0.6904873297087344, ""71"": 0.1304723472343685, ""93"": 0.24483983466287795, ""13"": 0.1304723472343685, ""86"": 1.0, ""16"": 1.0}}"
410,foolsgold,foolsgold,"[4, 3, 86, 72, 23, 73, 84, 96, 30, 67]",[],"{""layer_name"": ""linear"", ""weights_by_client"": {""4"": 1.0, ""3"": 1.0, ""86"": 1.0, ""72"": 0.3917852844946765, ""23"": 0.3087442356531064, ""73"": 1.0, ""84"": 0.3917852844946765, ""96"": 0.521253476893107, ""30"": 1.0, ""67"": 0.3087442356531064}}"
411,foolsgold,foolsgold,"[2, 8, 18, 94, 69, 36, 62, 76]","[63, 71]","{""layer_name"": ""linear"", ""weights_by_client"": {""2"": 1.0, ""8"": 0.6985885663122405, ""18"": 0.33849130127847793, ""94"": 0.9227913188252168, ""69"": 1.0, ""36"": 1.0, ""63"": 0.0, ""62"": 0.8938315341512187, ""76"": 0.33849130127847793, ""71"": 0.0}}"
412,foolsgold,foolsgold,"[1, 44, 66, 63, 95, 46, 29, 60, 9, 48]",[],"{""layer_name"": ""linear"", ""weights_by_client"": {""1"": 1.0, ""44"": 0.8465359954875091, ""66"": 0.22228918999506342, ""63"": 0.32033063638560333, ""95"": 0.2315660389835078, ""46"": 0.32033063638560333, ""29"": 1.0, ""60"": 0.22228918999506342, ""9"": 0.2315660389835078, ""48"": 0.9161869367659774}}"
413,foolsgold,foolsgold,"[3, 99, 38, 13, 42, 31, 28, 96, 5, 58]",[],"{""layer_name"": ""linear"", ""weights_by_client"": {""3"": 1.0, ""99"": 1.0, ""38"": 0.3927006174641528, ""13"": 0.9932209853097551, ""42"": 0.8832221637945793, ""31"": 0.6810859964386099, ""28"": 0.9902475731242377, ""96"": 0.3927006174641528, ""5"": 0.7407562784334876, ""58"": 0.8956955006425626}}"
414,foolsgold,foolsgold,"[0, 49, 53, 54, 88, 64, 8, 83, 85, 90]",[],"{""layer_name"": ""linear"", ""weights_by_client"": {""0"": 1.0, ""49"": 0.28194524494869544, ""53"": 0.28194524494869544, ""54"": 0.45811338848972605, ""88"": 1.0, ""64"": 0.4069344290679552, ""8"": 0.2863879692701057, ""83"": 0.2863879692701057, ""85"": 0.7317815748724759, ""90"": 0.4069344290679552}}"
415,foolsgold,foolsgold,"[3, 28, 30, 12, 13, 74, 9, 56]","[98, 92]","{""layer_name"": ""linear"", ""weights_by_client"": {""3"": 1.0, ""28"": 0.884184040157223, ""98"": 0.0, ""30"": 1.0, ""12"": 0.6366137035750968, ""13"": 1.0, ""74"": 0.25077874759650154, ""9"": 0.25077874759650154, ""92"": 0.0, ""56"": 0.5830255158550023}}"
416,foolsgold,foolsgold,"[0, 14, 76, 43, 44, 96, 29, 4, 77, 32]",[],"{""layer_name"": ""linear"", ""weights_by_client"": {""0"": 1.0, ""14"": 0.2668609928326767, ""76"": 0.9385869186369017, ""43"": 0.2668609928326767, ""44"": 1.0, ""96"": 0.7377521613722096, ""29"": 0.7807043647184861, ""4"": 1.0, ""77"": 1.0, ""32"": 1.0}}"
417,foolsgold,foolsgold,"[3, 27, 93, 15, 25, 88, 8, 30]","[33, 63]","{""layer_name"": ""linear"", ""weights_by_client"": {""3"": 1.0, ""27"": 0.9893995452774227, ""93"": 0.5491650070512648, ""15"": 1.0, ""25"": 0.9753248413116593, ""33"": 0.0, ""88"": 1.0, ""8"": 0.8881966977806197, ""30"": 1.0, ""63"": 0.0}}"
418,foolsgold,foolsgold,"[3, 80, 10, 60, 1, 28, 63, 74, 81, 84]",[],"{""layer_name"": ""linear"", ""weights_by_client"": {""3"": 1.0, ""80"": 1.0, ""10"": 0.8096501861948278, ""60"": 0.6903303248250803, ""1"": 1.0, ""28"": 1.0, ""63"": 0.6903303248250803, ""74"": 1.0, ""81"": 0.8096501861948278, ""84"": 1.0}}"
419,foolsgold,foolsgold,"[1, 4, 54, 13, 69, 75, 18, 7, 2, 37]",[],"{""layer_name"": ""linear"", ""weights_by_client"": {""1"": 1.0, ""4"": 1.0, ""54"": 0.6605187979314943, ""13"": 0.887321764677277, ""69"": 1.0, ""75"": 0.6605187979314943, ""18"": 0.7827897058541606, ""7"": 0.7049653190155922, ""2"": 1.0, ""37"": 0.7049653190155922}}"
420,foolsgold,foolsgold,"[2, 67, 17, 6, 62, 19, 13, 51, 24, 35]",[],"{""layer_name"": ""linear"", ""weights_by_client"": {""2"": 1.0, ""67"": 0.7358610732532249, ""17"": 0.6574478878418982, ""6"": 0.3001186402136271, ""62"": 0.13430014056680228, ""19"": 0.3001186402136271, ""13"": 0.8283247579223381, ""51"": 0.7065237240798736, ""24"": 0.7122107612854546, ""35"": 0.13430014056680228}}"
421,foolsgold,foolsgold,"[3, 89, 39, 17, 56, 72, 35, 62, 32, 19]",[],"{""layer_name"": ""linear"", ""weights_by_client"": {""3"": 1.0, ""89"": 0.4924664281781816, ""39"": 0.5340664903538733, ""17"": 0.4628449109365101, ""56"": 0.3352774344142303, ""72"": 0.47351806304855226, ""35"": 0.16885817716183915, ""62"": 0.16885817716183915, ""32"": 1.0, ""19"": 0.3352774344142303}}"
422,foolsgold,foolsgold,"[2, 42, 8, 99, 55, 43, 18, 74, 85, 78]",[],"{""layer_name"": ""linear"", ""weights_by_client"": {""2"": 1.0, ""42"": 0.5518418087640342, ""8"": 0.44952563243264293, ""99"": 0.7184379463282093, ""55"": 0.8258925246778226, ""43"": 0.44952563243264293, ""18"": 0.6401367722430609, ""74"": 0.7649521853555752, ""85"": 0.6401367722430609, ""78"": 1.0}}"
423,foolsgold,foolsgold,"[0, 43, 92, 29, 50, 57, 80, 82, 16, 17]",[],"{""layer_name"": ""linear"", ""weights_by_client"": {""0"": 1.0, ""43"": 0.6154852565056131, ""92"": 0.5569104046548805, ""29"": 1.0, ""50"": 0.5569104046548805, ""57"": 0.41298565511623614, ""80"": 0.06671758922062399, ""82"": 0.06671758922062399, ""16"": 0.7394101430530501, ""17"": 0.41298565511623614}}"
424,foolsgold,foolsgold,"[0, 58, 21, 96, 94, 5, 80, 45, 62, 71]",[],"{""layer_name"": ""linear"", ""weights_by_client"": {""0"": 1.0, ""58"": 0.9820814698948324, ""21"": 0.31647406955616963, ""96"": 0.3054541088201483, ""94"": 0.31647406955616963, ""5"": 0.07871769462883815, ""80"": 0.8780089128652278, ""45"": 0.03937962334770101, ""62"": 0.930546736695999, ""71"": 0.03937962334770101}}"
425,foolsgold,foolsgold,"[4, 2, 30, 41, 90, 42, 1, 69, 13, 73]",[],"{""layer_name"": ""linear"", ""weights_by_client"": {""4"": 1.0, ""2"": 1.0, ""30"": 1.0, ""41"": 0.6750620418702725, ""90"": 0.6750620418702725, ""42"": 0.8363944755676109, ""1"": 1.0, ""69"": 1.0, ""13"": 0.7092038284789159, ""73"": 0.7092038284789159}}"
426,foolsgold,foolsgold,"[4, 54, 70, 96, 36, 42, 56, 91]","[97, 34]","{""layer_name"": ""linear"", ""weights_by_client"": {""4"": 1.0, ""97"": 0.0, ""54"": 0.7293185049858695, ""70"": 0.7212533302627608, ""96"": 0.7790026081634984, ""34"": 0.0, ""36"": 0.7293185049858695, ""42"": 1.0, ""56"": 0.7212533302627608, ""91"": 1.0}}"
427,foolsgold,foolsgold,"[3, 96, 90, 93, 69, 11, 94, 58, 34, 38]",[],"{""layer_name"": ""linear"", ""weights_by_client"": {""3"": 1.0, ""96"": 0.5546735739902254, ""90"": 0.4954544059310313, ""93"": 0.3844413383363007, ""69"": 1.0, ""11"": 0.6210388242619865, ""94"": 0.8815685521730188, ""58"": 0.9505009317654299, ""34"": 0.6210388242619865, ""38"": 0.3844413383363007}}"
428,foolsgold,foolsgold,"[1, 5, 41, 34, 8, 82, 47, 11, 48, 89]",[],"{""layer_name"": ""linear"", ""weights_by_client"": {""1"": 1.0, ""5"": 0.6703950139002777, ""41"": 0.4271304353388437, ""34"": 0.5789752277445724, ""8"": 0.14678549766760673, ""82"": 0.6732484457013741, ""47"": 0.8194480356349152, ""11"": 0.6670169650762603, ""48"": 0.14678549766760673, ""89"": 0.4271304353388437}}"
429,foolsgold,foolsgold,"[2, 54, 62, 36, 1, 73, 23, 7, 15, 94]",[],"{""layer_name"": ""linear"", ""weights_by_client"": {""2"": 1.0, ""54"": 1.0, ""62"": 1.0, ""36"": 1.0, ""1"": 1.0, ""73"": 1.0, ""23"": 1.0, ""7"": 1.0, ""15"": 1.0, ""94"": 1.0}}"
430,foolsgold,foolsgold,"[3, 83, 64, 41, 77, 95, 87, 32, 5, 4]",[],"{""layer_name"": ""linear"", ""weights_by_client"": {""3"": 1.0, ""83"": 0.2969044858600035, ""64"": 0.8691163985105154, ""41"": 0.7243176853284771, ""77"": 1.0, ""95"": 0.6792759406573663, ""87"": 0.2969044858600035, ""32"": 1.0, ""5"": 0.7254534523093932, ""4"": 1.0}}"
431,foolsgold,foolsgold,"[0, 29, 33, 81, 11, 39, 5, 45, 95, 69]",[],"{""layer_name"": ""linear"", ""weights_by_client"": {""0"": 1.0, ""29"": 0.865290503560483, ""33"": 0.10789981374425384, ""81"": 0.8300382738495602, ""11"": 1.0, ""39"": 0.8300382738495602, ""5"": 0.10301518968900769, ""45"": 0.10301518968900769, ""95"": 0.7956478965306373, ""69"": 1.0}}"
432,foolsgold,foolsgold,"[0, 50, 81, 62, 3, 74, 10, 33, 35, 56]",[],"{""layer_name"": ""linear"", ""weights_by_client"": {""0"": 1.0, ""50"": 0.29951507080716133, ""81"": 0.555270076286358, ""62"": 0.32334743987675607, ""3"": 1.0, ""74"": 0.040553600058537476, ""10"": 0.5271528311127103, ""33"": 0.29951507080716133, ""35"": 0.040553600058537476, ""56"": 0.4256881888200621}}"
433,foolsgold,foolsgold,"[2, 40, 67, 0, 7, 1, 6, 5]","[33, 38]","{""layer_name"": ""linear"", ""weights_by_client"": {""2"": 1.0, ""40"": 0.448583304201878, ""67"": 0.20734458704139075, ""33"": 0.0, ""0"": 0.9081743648273931, ""7"": 1.0, ""1"": 0.9081743648273931, ""6"": 0.25089105155610114, ""38"": 0.0, ""5"": 1.0}}"
434,foolsgold,foolsgold,"[0, 92, 53, 46, 80, 50, 68]","[38, 33, 60]","{""layer_name"": ""linear"", ""weights_by_client"": {""0"": 1.0, ""38"": 0.0, ""92"": 0.5869672412854956, ""53"": 0.4486548708979755, ""33"": 0.0, ""46"": 0.49352741225227154, ""80"": 1.0, ""60"": 0.0, ""50"": 0.2737104153773505, ""68"": 0.610251151099437}}"
435,foolsgold,foolsgold,"[1, 38, 94, 69, 57, 45, 22, 47, 53, 3]",[],"{""layer_name"": ""linear"", ""weights_by_client"": {""1"": 1.0, ""38"": 0.2014877742164745, ""94"": 1.0, ""69"": 1.0, ""57"": 0.9018453811023381, ""45"": 0.46205853825625864, ""22"": 0.2014877742164745, ""47"": 0.46205853825625864, ""53"": 0.6346939113493446, ""3"": 1.0}}"
436,foolsgold,foolsgold,"[2, 71, 75, 78, 19, 37, 51, 55, 18, 41]",[],"{""layer_name"": ""linear"", ""weights_by_client"": {""2"": 1.0, ""71"": 0.10534280805751539, ""75"": 0.3524249441831546, ""78"": 1.0, ""19"": 0.10534280805751539, ""37"": 0.9112652077241503, ""51"": 0.5218283206918543, ""55"": 1.0, ""18"": 0.7963081218087681, ""41"": 0.8270480704807887}}"
437,foolsgold,foolsgold,"[3, 55, 8, 11, 25, 68, 6, 90, 61, 78]",[],"{""layer_name"": ""linear"", ""weights_by_client"": {""3"": 1.0, ""55"": 0.9465052974663357, ""8"": 1.0, ""11"": 1.0, ""25"": 0.7114875229209363, ""68"": 0.37464496429801286, ""6"": 0.37464496429801286, ""90"": 0.8499019507749401, ""61"": 0.61392703309876, ""78"": 1.0}}"
438,foolsgold,foolsgold,"[2, 95, 11, 12, 65, 15, 22, 86, 14, 50]",[],"{""layer_name"": ""linear"", ""weights_by_client"": {""2"": 1.0, ""95"": 1.0, ""11"": 1.0, ""12"": 0.21260227387862735, ""65"": 0.9166737554587949, ""15"": 1.0, ""22"": 0.21260227387862735, ""86"": 0.9911508998162237, ""14"": 0.626098558117911, ""50"": 0.8866310771110366}}"
439,foolsgold,foolsgold,"[2, 23, 88, 85, 48, 8, 72, 87, 16, 73]",[],"{""layer_name"": ""linear"", ""weights_by_client"": {""2"": 1.0, ""23"": 1.0, ""88"": 0.7532659854565429, ""85"": 0.30762481106009887, ""48"": 0.18881707554888738, ""8"": 0.18881707554888738, ""72"": 0.28557148536083965, ""87"": 0.28557148536083965, ""16"": 1.0, ""73"": 0.30762481106009887}}"
440,foolsgold,foolsgold,"[2, 78, 3, 40, 31, 14, 44, 57, 10, 64]",[],"{""layer_name"": ""linear"", ""weights_by_client"": {""2"": 1.0, ""78"": 1.0, ""3"": 1.0, ""40"": 0.7335613798412293, ""31"": 0.7591976087407688, ""14"": 0.21175337011553746, ""44"": 0.7875389753429635, ""57"": 0.7906347328179907, ""10"": 0.21175337011553746, ""64"": 0.49033397223636854}}"
441,foolsgold,foolsgold,"[2, 10, 81, 56, 88, 36, 62, 99, 93, 85]",[],"{""layer_name"": ""linear"", ""weights_by_client"": {""2"": 1.0, ""10"": 0.10153442038993621, ""81"": 0.754546115265794, ""56"": 0.8395641815566537, ""88"": 0.9774146289261476, ""36"": 0.6173368829456252, ""62"": 0.8483886413065209, ""99"": 0.9893184284919037, ""93"": 0.5385881883524422, ""85"": 0.10153442038993621}}"
442,foolsgold,foolsgold,"[3, 25, 99, 13, 81, 6, 89, 30, 21, 90]",[],"{""layer_name"": ""linear"", ""weights_by_client"": {""3"": 1.0, ""25"": 0.32681118788737396, ""99"": 0.32681118788737396, ""13"": 1.0, ""81"": 1.0, ""6"": 0.22662949720615627, ""89"": 0.22662949720615627, ""30"": 1.0, ""21"": 0.2948649817810848, ""90"": 0.2917729726299987}}"
443,foolsgold,foolsgold,"[1, 16, 75, 59, 52, 61, 8, 21, 47, 40]",[],"{""layer_name"": ""linear"", ""weights_by_client"": {""1"": 1.0, ""16"": 0.8544353757723313, ""75"": 0.4446373099396136, ""59"": 1.0, ""52"": 0.03312101771145931, ""61"": 0.9054972501402214, ""8"": 0.03312101771145931, ""21"": 0.27350788276829086, ""47"": 1.0, ""40"": 0.4446373099396136}}"
444,foolsgold,foolsgold,"[3, 13, 53, 66, 36, 49, 76, 54]","[33, 38]","{""layer_name"": ""linear"", ""weights_by_client"": {""3"": 1.0, ""13"": 0.9326003738810487, ""53"": 0.3594683005590447, ""66"": 0.48230544302141937, ""33"": 0.0, ""38"": 0.0, ""36"": 1.0, ""49"": 0.3853776438241287, ""76"": 0.35934872240359417, ""54"": 0.7966961254947291}}"
445,foolsgold,foolsgold,"[2, 47, 83, 65, 78, 24, 88, 40]","[98, 33]","{""layer_name"": ""linear"", ""weights_by_client"": {""2"": 1.0, ""47"": 0.5582344970927079, ""98"": 0.0, ""83"": 1.0, ""65"": 0.3678062398097002, ""78"": 1.0, ""24"": 0.44782662177636745, ""33"": 0.0, ""88"": 0.6407332393257716, ""40"": 0.4271832882578659}}"
446,foolsgold,foolsgold,"[0, 86, 70, 30, 24, 66, 99, 9, 12, 31]",[],"{""layer_name"": ""linear"", ""weights_by_client"": {""0"": 1.0, ""86"": 0.8798835385335455, ""70"": 1.0, ""30"": 1.0, ""24"": 1.0, ""66"": 0.5479723850208963, ""99"": 0.7044237650723897, ""9"": 0.7170911006639354, ""12"": 0.7170911006639354, ""31"": 0.5479723850208963}}"
447,foolsgold,foolsgold,"[3, 81, 17, 35, 96, 88, 36, 99, 64, 92]",[],"{""layer_name"": ""linear"", ""weights_by_client"": {""3"": 1.0, ""81"": 0.9220823008412324, ""17"": 0.8412709734914621, ""35"": 0.47300703888938905, ""96"": 0.19273949868814755, ""88"": 0.5905595269258583, ""36"": 1.0, ""99"": 1.0, ""64"": 0.47300703888938905, ""92"": 0.19273949868814755}}"
448,foolsgold,foolsgold,"[4, 91, 21, 75, 59, 96, 92, 42, 74, 12]",[],"{""layer_name"": ""linear"", ""weights_by_client"": {""4"": 1.0, ""91"": 1.0, ""21"": 0.43396585309258523, ""75"": 1.0, ""59"": 1.0, ""96"": 0.19205737932482186, ""92"": 0.19205737932482186, ""42"": 1.0, ""74"": 0.5857865084638024, ""12"": 0.43396585309258523}}"
449,foolsgold,foolsgold,"[2, 39, 68, 74, 40, 3, 0, 85, 50, 44]",[],"{""layer_name"": ""linear"", ""weights_by_client"": {""2"": 1.0, ""39"": 0.5879580198202199, ""68"": 0.681214719085587, ""74"": 0.5879580198202199, ""40"": 0.6516231183243625, ""3"": 1.0, ""0"": 1.0, ""85"": 0.6516231183243625, ""50"": 1.0, ""44"": 1.0}}"
450,foolsgold,foolsgold,"[4, 52, 31, 75, 83, 96]","[33, 20, 38, 72]","{""layer_name"": ""linear"", ""weights_by_client"": {""4"": 1.0, ""33"": 0.0, ""52"": 0.6323146623449838, ""31"": 0.8255021532167164, ""75"": 0.9223651628050629, ""20"": 0.0, ""83"": 0.8842631076708453, ""96"": 0.6548403005737434, ""38"": 0.0, ""72"": 0.0}}"
451,foolsgold,foolsgold,"[4, 64, 72, 2, 83, 62, 97, 32, 51, 86]",[],"{""layer_name"": ""linear"", ""weights_by_client"": {""4"": 1.0, ""64"": 0.5094438372886695, ""72"": 0.6646854986243991, ""2"": 1.0, ""83"": 0.44355002875176974, ""62"": 0.8706599651339508, ""97"": 0.44355002875176974, ""32"": 1.0, ""51"": 1.0, ""86"": 1.0}}"
452,foolsgold,foolsgold,"[3, 54, 33, 74, 61, 27, 58, 68, 6, 42]",[],"{""layer_name"": ""linear"", ""weights_by_client"": {""3"": 1.0, ""54"": 0.7829838763510905, ""33"": 0.14591850769172782, ""74"": 0.8603059939113606, ""61"": 0.8192709501207407, ""27"": 0.8559399165188957, ""58"": 1.0, ""68"": 0.6008826046139814, ""6"": 0.14591850769172782, ""42"": 1.0}}"
453,foolsgold,foolsgold,"[1, 36, 19, 45, 15, 73, 13, 69, 59, 16]",[],"{""layer_name"": ""linear"", ""weights_by_client"": {""1"": 1.0, ""36"": 1.0, ""19"": 0.47069703366026955, ""45"": 0.47069703366026955, ""15"": 1.0, ""73"": 0.6525374557434462, ""13"": 0.6525374557434462, ""69"": 1.0, ""59"": 1.0, ""16"": 0.9439280373898981}}"
454,foolsgold,foolsgold,"[3, 17, 69, 74, 58, 40, 57, 56, 59, 55]",[],"{""layer_name"": ""linear"", ""weights_by_client"": {""3"": 1.0, ""17"": 0.5125422702322477, ""69"": 1.0, ""74"": 0.5125422702322477, ""58"": 1.0, ""40"": 0.7992747056008821, ""57"": 0.5450775101105044, ""56"": 0.7992747056008821, ""59"": 1.0, ""55"": 0.593508321117452}}"
455,foolsgold,foolsgold,"[3, 97, 8, 89, 79, 11, 76, 16, 77, 25]",[],"{""layer_name"": ""linear"", ""weights_by_client"": {""3"": 1.0, ""97"": 0.4436902559051792, ""8"": 0.4436902559051792, ""89"": 0.15238577716512847, ""79"": 0.15238577716512847, ""11"": 1.0, ""76"": 1.0, ""16"": 0.9192489646995425, ""77"": 1.0, ""25"": 0.9418473352903716}}"
456,foolsgold,foolsgold,"[2, 21, 49, 17, 44, 74, 85, 84]","[33, 79]","{""layer_name"": ""linear"", ""weights_by_client"": {""2"": 1.0, ""21"": 0.5330599043615527, ""49"": 0.5535200926349815, ""33"": 0.0, ""17"": 0.46934441913910435, ""44"": 1.0, ""74"": 0.46934441913910435, ""85"": 0.7583180920225852, ""84"": 0.7981330042273058, ""79"": 0.0}}"
457,foolsgold,foolsgold,"[1, 15, 58, 56, 75, 64, 2, 68, 46, 54]",[],"{""layer_name"": ""linear"", ""weights_by_client"": {""1"": 1.0, ""15"": 1.0, ""58"": 1.0, ""56"": 1.0, ""75"": 1.0, ""64"": 0.9348359600199272, ""2"": 1.0, ""68"": 1.0, ""46"": 0.9348359600199272, ""54"": 1.0}}"
458,foolsgold,foolsgold,"[3, 41, 74, 15, 4, 81, 48, 84, 56, 94]",[],"{""layer_name"": ""linear"", ""weights_by_client"": {""3"": 1.0, ""41"": 0.7442217661064786, ""74"": 0.9752964792651377, ""15"": 1.0, ""4"": 1.0, ""81"": 1.0, ""48"": 0.7639408689645927, ""84"": 0.7442217661064786, ""56"": 1.0, ""94"": 0.7639408689645927}}"
459,foolsgold,foolsgold,"[1, 94, 76, 84, 86, 54, 63, 6, 85, 39]",[],"{""layer_name"": ""linear"", ""weights_by_client"": {""1"": 1.0, ""94"": 0.8280918730709299, ""76"": 0.26083679814659466, ""84"": 0.837533223215776, ""86"": 1.0, ""54"": 0.6733532016569157, ""63"": 0.26842284736891303, ""6"": 0.26083679814659466, ""85"": 1.0, ""39"": 0.8280918730709299}}"
460,foolsgold,foolsgold,"[2, 58, 62, 15, 35, 5, 46, 60, 8, 18]",[],"{""layer_name"": ""linear"", ""weights_by_client"": {""2"": 1.0, ""58"": 0.8174807038983034, ""62"": 0.22503920862093857, ""15"": 1.0, ""35"": 0.22503920862093857, ""5"": 0.9614799637399126, ""46"": 0.6494113785088789, ""60"": 0.5117847493575636, ""8"": 0.9105456677792043, ""18"": 0.7403296073437561}}"
461,foolsgold,foolsgold,"[2, 96, 3, 90, 11, 47, 48, 37, 33, 80]",[],"{""layer_name"": ""linear"", ""weights_by_client"": {""2"": 1.0, ""96"": 0.4799599605032231, ""3"": 1.0, ""90"": 0.3138964680747348, ""11"": 1.0, ""47"": 0.4799599605032231, ""48"": 0.7651775180910234, ""37"": 1.0, ""33"": 0.3138964680747348, ""80"": 0.7848535306094198}}"
462,foolsgold,foolsgold,"[2, 5, 82, 80, 89, 69, 42, 59, 17, 48]",[],"{""layer_name"": ""linear"", ""weights_by_client"": {""2"": 1.0, ""5"": 0.7733968873739133, ""82"": 0.1236470882218858, ""80"": 0.1236470882218858, ""89"": 0.8091267831267555, ""69"": 1.0, ""42"": 1.0, ""59"": 1.0, ""17"": 0.9890908989095353, ""48"": 0.8443234312859351}}"
463,foolsgold,foolsgold,"[3, 81, 28, 63, 34, 35, 96, 71, 46, 44]",[],"{""layer_name"": ""linear"", ""weights_by_client"": {""3"": 1.0, ""81"": 0.33255851118566127, ""28"": 0.7480222086965134, ""63"": 0.04444172204024888, ""34"": 0.17542226619477447, ""35"": 0.17542226619477447, ""96"": 0.7557521664493045, ""71"": 0.04444172204024888, ""46"": 0.4057742114991735, ""44"": 1.0}}"
464,foolsgold,foolsgold,"[2, 91, 86, 84, 61, 50, 97, 87, 53, 27]",[],"{""layer_name"": ""linear"", ""weights_by_client"": {""2"": 1.0, ""91"": 1.0, ""86"": 1.0, ""84"": 0.6030697914908085, ""61"": 0.361205380911054, ""50"": 0.9307277082978189, ""97"": 0.361205380911054, ""87"": 0.3018088755001812, ""53"": 0.3018088755001812, ""27"": 0.6030697914908085}}"
465,foolsgold,foolsgold,"[1, 44, 89, 35, 24, 0, 91, 43, 4, 73]",[],"{""layer_name"": ""linear"", ""weights_by_client"": {""1"": 0.8417362491808849, ""44"": 1.0, ""89"": 0.3098051769228736, ""35"": 0.7947841894738483, ""24"": 1.0, ""0"": 0.8417362491808849, ""91"": 1.0, ""43"": 0.3098051769228736, ""4"": 1.0, ""73"": 0.8148446956678683}}"
466,foolsgold,foolsgold,"[2, 28, 1, 88, 58, 21, 61, 94, 17, 68]",[],"{""layer_name"": ""linear"", ""weights_by_client"": {""2"": 1.0, ""28"": 1.0, ""1"": 1.0, ""88"": 1.0, ""58"": 1.0, ""21"": 0.861859969283626, ""61"": 0.638261904224302, ""94"": 0.638261904224302, ""17"": 1.0, ""68"": 1.0}}"
467,foolsgold,foolsgold,"[1, 61, 50, 74, 42, 87, 65, 72, 64, 8]",[],"{""layer_name"": ""linear"", ""weights_by_client"": {""1"": 1.0, ""61"": 0.8342655128493341, ""50"": 1.0, ""74"": 0.8285858555997077, ""42"": 0.8450691881388492, ""87"": 0.36059938519518087, ""65"": 0.832722881728318, ""72"": 0.36059938519518087, ""64"": 0.829544505360232, ""8"": 1.0}}"
468,foolsgold,foolsgold,"[4, 75, 35, 21, 95, 83, 55, 52, 2, 31]",[],"{""layer_name"": ""linear"", ""weights_by_client"": {""4"": 1.0, ""75"": 1.0, ""35"": 0.7434873387745605, ""21"": 0.22921242645642337, ""95"": 0.8912799202285346, ""83"": 0.9143779316465226, ""55"": 0.9383264553367819, ""52"": 0.22921242645642337, ""2"": 1.0, ""31"": 0.9279564759825869}}"
469,foolsgold,foolsgold,"[3, 55, 79, 70, 4, 82, 24, 60, 56, 88]",[],"{""layer_name"": ""linear"", ""weights_by_client"": {""3"": 1.0, ""55"": 1.0, ""79"": 0.7112652715044239, ""70"": 0.9106512454816074, ""4"": 1.0, ""82"": 0.9548954026424998, ""24"": 1.0, ""60"": 0.13503342927000594, ""56"": 0.13503342927000594, ""88"": 1.0}}"
470,foolsgold,foolsgold,"[2, 34, 70, 23, 83, 99, 77, 37, 26, 89]",[],"{""layer_name"": ""linear"", ""weights_by_client"": {""2"": 1.0, ""34"": 0.5196435440760003, ""70"": 0.6145390199676859, ""23"": 1.0, ""83"": 0.6251170308134547, ""99"": 1.0, ""77"": 1.0, ""37"": 0.6145390199676859, ""26"": 0.4676683823292894, ""89"": 0.4676683823292894}}"
471,foolsgold,foolsgold,"[2, 6, 8, 62, 78, 51, 14, 56, 46, 29]",[],"{""layer_name"": ""linear"", ""weights_by_client"": {""2"": 1.0, ""6"": 0.5967443656300674, ""8"": 0.5056122343991956, ""62"": 0.6338499134265673, ""78"": 1.0, ""51"": 1.0, ""14"": 0.5056122343991956, ""56"": 0.6949715931135487, ""46"": 0.5967443656300674, ""29"": 0.6821191752218776}}"
472,foolsgold,foolsgold,"[3, 64, 88, 68, 18, 36, 63, 14]","[60, 33]","{""layer_name"": ""linear"", ""weights_by_client"": {""3"": 1.0, ""64"": 0.7727846460539789, ""60"": 0.0, ""88"": 0.9429956471167493, ""68"": 0.8239979606779755, ""33"": 0.0, ""18"": 1.0, ""36"": 0.9429956471167493, ""63"": 0.37275698475610686, ""14"": 0.09229704105221043}}"
473,foolsgold,foolsgold,"[3, 37, 73, 9, 76, 15, 50, 25, 88, 55]",[],"{""layer_name"": ""linear"", ""weights_by_client"": {""3"": 1.0, ""37"": 0.8589110423634303, ""73"": 0.9502110917018705, ""9"": 0.8037936496294658, ""76"": 1.0, ""15"": 1.0, ""50"": 0.8605288109167785, ""25"": 0.9502110917018705, ""88"": 1.0, ""55"": 0.8037936496294658}}"
474,foolsgold,foolsgold,"[4, 43, 2, 88, 61, 23, 44, 78, 45, 5]",[],"{""layer_name"": ""linear"", ""weights_by_client"": {""4"": 1.0, ""43"": 0.2596134812747619, ""2"": 1.0, ""88"": 1.0, ""61"": 1.0, ""23"": 1.0, ""44"": 1.0, ""78"": 1.0, ""45"": 0.17704844623795635, ""5"": 0.17704844623795635}}"
475,foolsgold,foolsgold,"[0, 50, 78, 10, 45, 55, 79, 61, 68, 8]",[],"{""layer_name"": ""linear"", ""weights_by_client"": {""0"": 1.0, ""50"": 1.0, ""78"": 1.0, ""10"": 0.33210876957281477, ""45"": 0.6551118937216551, ""55"": 0.8714343847812067, ""79"": 0.8468821431056521, ""61"": 0.33210876957281477, ""68"": 0.6551118937216551, ""8"": 1.0}}"
476,foolsgold,foolsgold,"[3, 80, 66, 19, 27, 7, 62, 86, 6, 2]",[],"{""layer_name"": ""linear"", ""weights_by_client"": {""3"": 1.0, ""80"": 0.6083541224218423, ""66"": 0.6209201297483111, ""19"": 0.44024484174315875, ""27"": 0.6083541224218423, ""7"": 0.9157038249331715, ""62"": 1.0, ""86"": 0.9121153563793183, ""6"": 0.44024484174315875, ""2"": 1.0}}"
477,foolsgold,foolsgold,"[4, 9, 26, 28, 97, 96, 40, 95, 75, 2]",[],"{""layer_name"": ""linear"", ""weights_by_client"": {""4"": 1.0, ""9"": 0.33509758238946247, ""26"": 0.45745068669104627, ""28"": 0.7263164948130665, ""97"": 0.5467720128113748, ""96"": 0.535028539470113, ""40"": 0.5485551138364333, ""95"": 0.33509758238946247, ""75"": 0.5485551138364333, ""2"": 1.0}}"
478,foolsgold,foolsgold,"[1, 27, 99, 62, 39, 30, 23, 56, 74, 92]",[],"{""layer_name"": ""linear"", ""weights_by_client"": {""1"": 1.0, ""27"": 1.0, ""99"": 1.0, ""62"": 0.47337829684423555, ""39"": 0.748672881067572, ""30"": 1.0, ""23"": 1.0, ""56"": 1.0, ""74"": 0.4659703782189524, ""92"": 0.4659703782189524}}"
479,foolsgold,foolsgold,"[1, 98, 36, 80, 37, 13, 71, 0, 12, 90]",[],"{""layer_name"": ""linear"", ""weights_by_client"": {""1"": 1.0, ""98"": 1.0, ""36"": 1.0, ""80"": 1.0, ""37"": 1.0, ""13"": 1.0, ""71"": 1.0, ""0"": 1.0, ""12"": 1.0, ""90"": 1.0}}"
480,foolsgold,foolsgold,"[3, 87, 74, 82, 46, 79, 16, 83, 89, 23]",[],"{""layer_name"": ""linear"", ""weights_by_client"": {""3"": 1.0, ""87"": 0.3811902838677521, ""74"": 1.0, ""82"": 0.9966353632986182, ""46"": 0.3811902838677521, ""79"": 0.21797721467322068, ""16"": 0.8692403631805314, ""83"": 0.4547466278875878, ""89"": 0.21797721467322068, ""23"": 1.0}}"
481,foolsgold,foolsgold,"[4, 39, 54, 34, 6, 32, 9, 14, 70, 20]",[],"{""layer_name"": ""linear"", ""weights_by_client"": {""4"": 1.0, ""39"": 1.0, ""54"": 0.5441204260445652, ""34"": 0.3319447719915424, ""6"": 0.5430974704782052, ""32"": 1.0, ""9"": 0.5430974704782052, ""14"": 0.3319447719915424, ""70"": 1.0, ""20"": 0.8562985629525388}}"
482,foolsgold,foolsgold,"[4, 60, 77, 13, 34, 56, 46, 76, 45, 11]",[],"{""layer_name"": ""linear"", ""weights_by_client"": {""4"": 1.0, ""60"": 0.19198342446932387, ""77"": 1.0, ""13"": 1.0, ""34"": 0.6587236507202291, ""56"": 0.19198342446932387, ""46"": 0.7512253143415555, ""76"": 0.9816358191530428, ""45"": 0.842940861347802, ""11"": 0.6587236507202291}}"
483,foolsgold,foolsgold,"[1, 4, 25, 30, 73, 96, 8, 48, 78, 50]",[],"{""layer_name"": ""linear"", ""weights_by_client"": {""1"": 1.0, ""4"": 1.0, ""25"": 0.5257809266638368, ""30"": 1.0, ""73"": 1.0, ""96"": 1.0, ""8"": 0.33280061460393073, ""48"": 0.33280061460393073, ""78"": 1.0, ""50"": 1.0}}"
484,foolsgold,foolsgold,"[3, 88, 56, 83, 75, 20, 28, 74]","[33, 38]","{""layer_name"": ""linear"", ""weights_by_client"": {""3"": 1.0, ""88"": 1.0, ""56"": 1.0, ""83"": 1.0, ""75"": 1.0, ""33"": 0.0, ""20"": 1.0, ""28"": 1.0, ""74"": 0.7949988808365218, ""38"": 0.0}}"
485,foolsgold,foolsgold,"[1, 72, 87, 27, 93, 62, 46, 96, 37, 21]",[],"{""layer_name"": ""linear"", ""weights_by_client"": {""1"": 1.0, ""72"": 0.41005742083172586, ""87"": 0.41005742083172586, ""27"": 0.7055003929825185, ""93"": 0.6153105086459167, ""62"": 1.0, ""46"": 0.4482664933995035, ""96"": 0.7370017612283369, ""37"": 0.7055003929825185, ""21"": 0.7761803844210462}}"
486,foolsgold,foolsgold,"[4, 65, 39, 50, 32, 61, 93, 62, 31, 40]",[],"{""layer_name"": ""linear"", ""weights_by_client"": {""4"": 1.0, ""65"": 0.6780711835464374, ""39"": 1.0, ""50"": 1.0, ""32"": 1.0, ""61"": 0.8828605384724619, ""93"": 0.8583789145062306, ""62"": 1.0, ""31"": 0.8706489549869167, ""40"": 0.6780711835464374}}"
487,foolsgold,foolsgold,"[4, 81, 42, 7, 95, 32, 1, 94, 23, 58]",[],"{""layer_name"": ""linear"", ""weights_by_client"": {""4"": 1.0, ""81"": 1.0, ""42"": 1.0, ""7"": 1.0, ""95"": 1.0, ""32"": 1.0, ""1"": 1.0, ""94"": 1.0, ""23"": 1.0, ""58"": 1.0}}"
488,foolsgold,foolsgold,"[3, 18, 88, 11, 59, 74, 27, 10, 52, 21]",[],"{""layer_name"": ""linear"", ""weights_by_client"": {""3"": 1.0, ""18"": 1.0, ""88"": 1.0, ""11"": 0.9284587378531315, ""59"": 1.0, ""74"": 0.9275907225589113, ""27"": 1.0, ""10"": 0.6284063644119349, ""52"": 0.2974784274249266, ""21"": 0.2974784274249266}}"
489,foolsgold,foolsgold,"[2, 6, 43, 46, 26, 21, 55, 57, 80, 78]",[],"{""layer_name"": ""linear"", ""weights_by_client"": {""2"": 1.0, ""6"": 0.38625910150547516, ""43"": 0.4058772476962005, ""46"": 0.34030093683303686, ""26"": 0.33296873813109484, ""21"": 0.33296873813109484, ""55"": 0.7411466565227715, ""57"": 0.34030093683303686, ""80"": 1.0, ""78"": 1.0}}"
490,foolsgold,foolsgold,"[1, 36, 84, 82, 40, 87, 90, 66, 32, 89]",[],"{""layer_name"": ""linear"", ""weights_by_client"": {""1"": 1.0, ""36"": 1.0, ""84"": 0.892311920778722, ""82"": 1.0, ""40"": 0.6173000238974595, ""87"": 0.44778726726409684, ""90"": 0.3954114542791483, ""66"": 0.44778726726409684, ""32"": 1.0, ""89"": 0.3954114542791483}}"
491,foolsgold,foolsgold,"[3, 19, 51, 92, 60, 91, 63, 76]","[72, 98]","{""layer_name"": ""linear"", ""weights_by_client"": {""3"": 1.0, ""19"": 0.5259503819176354, ""51"": 0.6129544364786911, ""72"": 0.0, ""92"": 0.1540117793136817, ""60"": 0.3820365651424026, ""98"": 0.0, ""91"": 1.0, ""63"": 0.6799674110549156, ""76"": 0.5621411540543588}}"
492,foolsgold,foolsgold,"[1, 94, 66, 86, 68, 73, 35, 77, 11, 22]",[],"{""layer_name"": ""linear"", ""weights_by_client"": {""1"": 1.0, ""94"": 1.0, ""66"": 0.39304859864600156, ""86"": 1.0, ""68"": 0.07176628737738999, ""73"": 0.39304859864600156, ""35"": 1.0, ""77"": 1.0, ""11"": 1.0, ""22"": 0.07176628737738999}}"
493,foolsgold,foolsgold,"[4, 56, 57, 22, 65, 63, 62, 33, 64, 69]",[],"{""layer_name"": ""linear"", ""weights_by_client"": {""4"": 1.0, ""56"": 1.0, ""57"": 0.889942253189989, ""22"": 0.23484991543502287, ""65"": 0.5723679305653246, ""63"": 0.22518814715772623, ""62"": 1.0, ""33"": 0.22518814715772623, ""64"": 0.6062754699288402, ""69"": 1.0}}"
494,foolsgold,foolsgold,"[3, 79, 11, 7, 38, 2, 57, 49, 91, 22]",[],"{""layer_name"": ""linear"", ""weights_by_client"": {""3"": 1.0, ""79"": 0.42556046687465793, ""11"": 1.0, ""7"": 0.4752892373494195, ""38"": 0.09100077905673365, ""2"": 1.0, ""57"": 0.8185974425326963, ""49"": 1.0, ""91"": 0.7529665222143243, ""22"": 0.09100077905673365}}"
495,foolsgold,foolsgold,"[4, 49, 80, 41, 24, 96, 37, 13, 63, 29]",[],"{""layer_name"": ""linear"", ""weights_by_client"": {""4"": 1.0, ""49"": 1.0, ""80"": 1.0, ""41"": 0.3997047168722042, ""24"": 1.0, ""96"": 0.3997047168722042, ""37"": 1.0, ""13"": 1.0, ""63"": 1.0, ""29"": 1.0}}"
496,foolsgold,foolsgold,"[0, 86, 66, 7, 19, 3, 37, 34, 10, 91]",[],"{""layer_name"": ""linear"", ""weights_by_client"": {""0"": 1.0, ""86"": 1.0, ""66"": 0.6530804389561272, ""7"": 0.6931162863659288, ""19"": 0.9784189486695446, ""3"": 1.0, ""37"": 1.0, ""34"": 0.14762719479282893, ""10"": 0.14762719479282893, ""91"": 0.7189069732787133}}"
497,foolsgold,foolsgold,"[0, 59, 14, 73, 9, 18, 77, 36, 32, 89]",[],"{""layer_name"": ""linear"", ""weights_by_client"": {""0"": 1.0, ""59"": 1.0, ""14"": 0.41235373873198, ""73"": 0.41235373873198, ""9"": 0.21805395177032583, ""18"": 0.6749770068105914, ""77"": 0.6749770068105914, ""36"": 1.0, ""32"": 1.0, ""89"": 0.21805395177032583}}"
498,foolsgold,foolsgold,"[1, 59, 8, 24, 55, 47, 57, 68, 13, 38]",[],"{""layer_name"": ""linear"", ""weights_by_client"": {""1"": 1.0, ""59"": 1.0, ""8"": 1.0, ""24"": 1.0, ""55"": 0.6053873618347917, ""47"": 0.7501139966851413, ""57"": 0.5633782802786672, ""68"": 0.5286203439403075, ""13"": 1.0, ""38"": 0.5286203439403075}}"
499,foolsgold,foolsgold,"[4, 51, 29, 46, 41, 3, 11, 75, 27, 48]",[],"{""layer_name"": ""linear"", ""weights_by_client"": {""4"": 1.0, ""51"": 0.7211040811007264, ""29"": 1.0, ""46"": 0.8149753412193663, ""41"": 0.9043634608770719, ""3"": 1.0, ""11"": 0.8149753412193663, ""75"": 0.7211040811007264, ""27"": 1.0, ""48"": 1.0}}"
500,foolsgold,foolsgold,"[1, 9, 85, 11, 4, 15, 93, 42, 66, 39]",[],"{""layer_name"": ""linear"", ""weights_by_client"": {""1"": 1.0, ""9"": 0.05313848337746507, ""85"": 0.4321961508453133, ""11"": 1.0, ""4"": 1.0, ""15"": 1.0, ""93"": 0.05313848337746507, ""42"": 1.0, ""66"": 0.4321961508453133, ""39"": 1.0}}"
