epoch,method,status,initial_participants,final_selected,rejected,num_initial,num_final,stage_names,pkl_path
1,foolsgold,success,"[1, 10, 51, 26, 32, 3, 71, 38, 50, 6]","[10, 51, 26, 32, 71, 38, 50, 6]","[1, 3]",10,8,"[""foolsgold""]",../main/re_result_6-29_APRA/cifar100_500_Jul.02_15.36.04_foolsgold_fix_True_no-mia_no-mia-class_no-noise_modelreplace_5/agg_records/pkl/round_0001_foolsgold.pkl
2,foolsgold,success,"[0, 61, 21, 96, 51, 20, 66, 99, 2, 31]","[61, 21, 96, 51, 20, 66, 99, 31]","[0, 2]",10,8,"[""foolsgold""]",../main/re_result_6-29_APRA/cifar100_500_Jul.02_15.36.04_foolsgold_fix_True_no-mia_no-mia-class_no-noise_modelreplace_5/agg_records/pkl/round_0002_foolsgold.pkl
3,foolsgold,success,"[1, 90, 52, 40, 78, 7, 66, 37, 86, 64]","[1, 90, 52, 40, 78, 7, 66, 37, 86, 64]",[],10,10,"[""foolsgold""]",../main/re_result_6-29_APRA/cifar100_500_Jul.02_15.36.04_foolsgold_fix_True_no-mia_no-mia-class_no-noise_modelreplace_5/agg_records/pkl/round_0003_foolsgold.pkl
4,foolsgold,success,"[2, 74, 11, 81, 12, 56, 31, 33, 84, 91]","[2, 74, 11, 81, 12, 56, 31, 33, 84, 91]",[],10,10,"[""foolsgold""]",../main/re_result_6-29_APRA/cifar100_500_Jul.02_15.36.04_foolsgold_fix_True_no-mia_no-mia-class_no-noise_modelreplace_5/agg_records/pkl/round_0004_foolsgold.pkl
5,foolsgold,success,"[1, 88, 5, 30, 13, 8, 92, 89, 50, 53]","[1, 88, 5, 30, 13, 8, 92, 89, 50, 53]",[],10,10,"[""foolsgold""]",../main/re_result_6-29_APRA/cifar100_500_Jul.02_15.36.04_foolsgold_fix_True_no-mia_no-mia-class_no-noise_modelreplace_5/agg_records/pkl/round_0005_foolsgold.pkl
6,foolsgold,success,"[1, 99, 49, 56, 23, 97, 19, 68, 36, 47]","[1, 99, 49, 56, 23, 97, 19, 68, 36, 47]",[],10,10,"[""foolsgold""]",../main/re_result_6-29_APRA/cifar100_500_Jul.02_15.36.04_foolsgold_fix_True_no-mia_no-mia-class_no-noise_modelreplace_5/agg_records/pkl/round_0006_foolsgold.pkl
7,foolsgold,success,"[2, 40, 10, 38, 97, 0, 69, 82, 43, 59]","[40, 10, 38, 97, 69, 82, 43, 59]","[2, 0]",10,8,"[""foolsgold""]",../main/re_result_6-29_APRA/cifar100_500_Jul.02_15.36.04_foolsgold_fix_True_no-mia_no-mia-class_no-noise_modelreplace_5/agg_records/pkl/round_0007_foolsgold.pkl
8,foolsgold,success,"[4, 49, 20, 21, 74, 46, 10, 98, 14, 82]","[4, 49, 20, 21, 74, 46, 10, 82]","[98, 14]",10,8,"[""foolsgold""]",../main/re_result_6-29_APRA/cifar100_500_Jul.02_15.36.04_foolsgold_fix_True_no-mia_no-mia-class_no-noise_modelreplace_5/agg_records/pkl/round_0008_foolsgold.pkl
9,foolsgold,success,"[0, 66, 40, 68, 55, 11, 5, 49, 94, 54]","[0, 66, 40, 68, 11]","[55, 5, 49, 94, 54]",10,5,"[""foolsgold""]",../main/re_result_6-29_APRA/cifar100_500_Jul.02_15.36.04_foolsgold_fix_True_no-mia_no-mia-class_no-noise_modelreplace_5/agg_records/pkl/round_0009_foolsgold.pkl
10,foolsgold,success,"[0, 95, 85, 8, 24, 50, 1, 38, 54, 76]","[95, 85, 8, 24, 50, 38, 54, 76]","[0, 1]",10,8,"[""foolsgold""]",../main/re_result_6-29_APRA/cifar100_500_Jul.02_15.36.04_foolsgold_fix_True_no-mia_no-mia-class_no-noise_modelreplace_5/agg_records/pkl/round_0010_foolsgold.pkl
11,foolsgold,success,"[0, 82, 14, 57, 34, 79, 85, 43, 26, 66]","[0, 26, 66]","[82, 14, 57, 34, 79, 85, 43]",10,3,"[""foolsgold""]",../main/re_result_6-29_APRA/cifar100_500_Jul.02_15.36.04_foolsgold_fix_True_no-mia_no-mia-class_no-noise_modelreplace_5/agg_records/pkl/round_0011_foolsgold.pkl
12,foolsgold,success,"[4, 14, 93, 49, 18, 40, 36, 10, 3, 54]","[4, 14, 93, 49, 18, 40, 36, 10, 3, 54]",[],10,10,"[""foolsgold""]",../main/re_result_6-29_APRA/cifar100_500_Jul.02_15.36.04_foolsgold_fix_True_no-mia_no-mia-class_no-noise_modelreplace_5/agg_records/pkl/round_0012_foolsgold.pkl
13,foolsgold,success,"[3, 81, 63, 70, 37, 41, 61, 29, 19, 10]",[3],"[81, 63, 70, 37, 41, 61, 29, 19, 10]",10,1,"[""foolsgold""]",../main/re_result_6-29_APRA/cifar100_500_Jul.02_15.36.04_foolsgold_fix_True_no-mia_no-mia-class_no-noise_modelreplace_5/agg_records/pkl/round_0013_foolsgold.pkl
14,foolsgold,success,"[3, 45, 8, 23, 88, 36, 20, 28, 68, 74]","[3, 20]","[45, 8, 23, 88, 36, 28, 68, 74]",10,2,"[""foolsgold""]",../main/re_result_6-29_APRA/cifar100_500_Jul.02_15.36.04_foolsgold_fix_True_no-mia_no-mia-class_no-noise_modelreplace_5/agg_records/pkl/round_0014_foolsgold.pkl
15,foolsgold,success,"[1, 45, 35, 96, 33, 2, 59, 10, 9, 83]","[35, 96, 33, 59, 10]","[1, 45, 2, 9, 83]",10,5,"[""foolsgold""]",../main/re_result_6-29_APRA/cifar100_500_Jul.02_15.36.04_foolsgold_fix_True_no-mia_no-mia-class_no-noise_modelreplace_5/agg_records/pkl/round_0015_foolsgold.pkl
16,foolsgold,success,"[0, 88, 60, 97, 22, 79, 67, 48, 4, 32]","[0, 88, 97, 48, 4, 32]","[60, 22, 79, 67]",10,6,"[""foolsgold""]",../main/re_result_6-29_APRA/cifar100_500_Jul.02_15.36.04_foolsgold_fix_True_no-mia_no-mia-class_no-noise_modelreplace_5/agg_records/pkl/round_0016_foolsgold.pkl
17,foolsgold,success,"[0, 45, 82, 96, 4, 55, 56, 57, 13, 33]","[0, 82, 4, 55, 56, 13, 33]","[45, 96, 57]",10,7,"[""foolsgold""]",../main/re_result_6-29_APRA/cifar100_500_Jul.02_15.36.04_foolsgold_fix_True_no-mia_no-mia-class_no-noise_modelreplace_5/agg_records/pkl/round_0017_foolsgold.pkl
18,foolsgold,success,"[4, 44, 30, 29, 85, 26, 16, 64, 98, 11]","[4, 30]","[44, 29, 85, 26, 16, 64, 98, 11]",10,2,"[""foolsgold""]",../main/re_result_6-29_APRA/cifar100_500_Jul.02_15.36.04_foolsgold_fix_True_no-mia_no-mia-class_no-noise_modelreplace_5/agg_records/pkl/round_0018_foolsgold.pkl
19,foolsgold,success,"[2, 59, 74, 98, 41, 46, 33, 95, 9, 22]","[2, 59]","[74, 98, 41, 46, 33, 95, 9, 22]",10,2,"[""foolsgold""]",../main/re_result_6-29_APRA/cifar100_500_Jul.02_15.36.04_foolsgold_fix_True_no-mia_no-mia-class_no-noise_modelreplace_5/agg_records/pkl/round_0019_foolsgold.pkl
20,foolsgold,success,"[4, 71, 89, 22, 38, 97, 98, 75, 23, 21]","[4, 71]","[89, 22, 38, 97, 98, 75, 23, 21]",10,2,"[""foolsgold""]",../main/re_result_6-29_APRA/cifar100_500_Jul.02_15.36.04_foolsgold_fix_True_no-mia_no-mia-class_no-noise_modelreplace_5/agg_records/pkl/round_0020_foolsgold.pkl
21,foolsgold,success,"[0, 24, 65, 86, 71, 10, 46, 84, 7, 66]",[0],"[24, 65, 86, 71, 10, 46, 84, 7, 66]",10,1,"[""foolsgold""]",../main/re_result_6-29_APRA/cifar100_500_Jul.02_15.36.04_foolsgold_fix_True_no-mia_no-mia-class_no-noise_modelreplace_5/agg_records/pkl/round_0021_foolsgold.pkl
22,foolsgold,success,"[4, 88, 46, 18, 15, 57, 51, 71, 0, 16]","[4, 88, 51, 0]","[46, 18, 15, 57, 71, 16]",10,4,"[""foolsgold""]",../main/re_result_6-29_APRA/cifar100_500_Jul.02_15.36.04_foolsgold_fix_True_no-mia_no-mia-class_no-noise_modelreplace_5/agg_records/pkl/round_0022_foolsgold.pkl
23,foolsgold,success,"[1, 54, 78, 56, 22, 43, 6, 42, 98, 8]",[1],"[54, 78, 56, 22, 43, 6, 42, 98, 8]",10,1,"[""foolsgold""]",../main/re_result_6-29_APRA/cifar100_500_Jul.02_15.36.04_foolsgold_fix_True_no-mia_no-mia-class_no-noise_modelreplace_5/agg_records/pkl/round_0023_foolsgold.pkl
24,foolsgold,success,"[3, 95, 30, 92, 18, 36, 96, 77, 9, 38]",[3],"[95, 30, 92, 18, 36, 96, 77, 9, 38]",10,1,"[""foolsgold""]",../main/re_result_6-29_APRA/cifar100_500_Jul.02_15.36.04_foolsgold_fix_True_no-mia_no-mia-class_no-noise_modelreplace_5/agg_records/pkl/round_0024_foolsgold.pkl
25,foolsgold,success,"[1, 7, 32, 89, 97, 22, 47, 6, 95, 63]",[1],"[7, 32, 89, 97, 22, 47, 6, 95, 63]",10,1,"[""foolsgold""]",../main/re_result_6-29_APRA/cifar100_500_Jul.02_15.36.04_foolsgold_fix_True_no-mia_no-mia-class_no-noise_modelreplace_5/agg_records/pkl/round_0025_foolsgold.pkl
26,foolsgold,success,"[2, 77, 51, 20, 31, 72, 30, 65, 37, 38]","[2, 51, 31]","[77, 20, 72, 30, 65, 37, 38]",10,3,"[""foolsgold""]",../main/re_result_6-29_APRA/cifar100_500_Jul.02_15.36.04_foolsgold_fix_True_no-mia_no-mia-class_no-noise_modelreplace_5/agg_records/pkl/round_0026_foolsgold.pkl
27,foolsgold,success,"[0, 98, 87, 30, 62, 83, 51, 46, 33, 27]","[0, 51]","[98, 87, 30, 62, 83, 46, 33, 27]",10,2,"[""foolsgold""]",../main/re_result_6-29_APRA/cifar100_500_Jul.02_15.36.04_foolsgold_fix_True_no-mia_no-mia-class_no-noise_modelreplace_5/agg_records/pkl/round_0027_foolsgold.pkl
28,foolsgold,success,"[4, 75, 76, 35, 20, 94, 72, 97, 46, 95]",[4],"[75, 76, 35, 20, 94, 72, 97, 46, 95]",10,1,"[""foolsgold""]",../main/re_result_6-29_APRA/cifar100_500_Jul.02_15.36.04_foolsgold_fix_True_no-mia_no-mia-class_no-noise_modelreplace_5/agg_records/pkl/round_0028_foolsgold.pkl
29,foolsgold,success,"[4, 2, 25, 29, 3, 67, 53, 82, 33, 13]","[4, 2, 3, 13]","[25, 29, 67, 53, 82, 33]",10,4,"[""foolsgold""]",../main/re_result_6-29_APRA/cifar100_500_Jul.02_15.36.04_foolsgold_fix_True_no-mia_no-mia-class_no-noise_modelreplace_5/agg_records/pkl/round_0029_foolsgold.pkl
30,foolsgold,success,"[2, 72, 53, 84, 32, 17, 76, 6, 66, 41]",[2],"[72, 53, 84, 32, 17, 76, 6, 66, 41]",10,1,"[""foolsgold""]",../main/re_result_6-29_APRA/cifar100_500_Jul.02_15.36.04_foolsgold_fix_True_no-mia_no-mia-class_no-noise_modelreplace_5/agg_records/pkl/round_0030_foolsgold.pkl
31,foolsgold,success,"[0, 43, 8, 97, 35, 86, 66, 64, 85, 14]",[0],"[43, 8, 97, 35, 86, 66, 64, 85, 14]",10,1,"[""foolsgold""]",../main/re_result_6-29_APRA/cifar100_500_Jul.02_15.36.04_foolsgold_fix_True_no-mia_no-mia-class_no-noise_modelreplace_5/agg_records/pkl/round_0031_foolsgold.pkl
32,foolsgold,success,"[2, 75, 4, 41, 16, 72, 17, 28, 60, 63]","[2, 4, 41, 16]","[75, 72, 17, 28, 60, 63]",10,4,"[""foolsgold""]",../main/re_result_6-29_APRA/cifar100_500_Jul.02_15.36.04_foolsgold_fix_True_no-mia_no-mia-class_no-noise_modelreplace_5/agg_records/pkl/round_0032_foolsgold.pkl
33,foolsgold,success,"[1, 14, 8, 79, 7, 62, 33, 37, 61, 74]",[1],"[14, 8, 79, 7, 62, 33, 37, 61, 74]",10,1,"[""foolsgold""]",../main/re_result_6-29_APRA/cifar100_500_Jul.02_15.36.04_foolsgold_fix_True_no-mia_no-mia-class_no-noise_modelreplace_5/agg_records/pkl/round_0033_foolsgold.pkl
34,foolsgold,success,"[1, 73, 14, 89, 10, 61, 16, 63, 33, 92]",[1],"[73, 14, 89, 10, 61, 16, 63, 33, 92]",10,1,"[""foolsgold""]",../main/re_result_6-29_APRA/cifar100_500_Jul.02_15.36.04_foolsgold_fix_True_no-mia_no-mia-class_no-noise_modelreplace_5/agg_records/pkl/round_0034_foolsgold.pkl
35,foolsgold,success,"[0, 4, 26, 91, 33, 46, 51, 68, 87, 65]","[0, 4, 26, 91, 51, 68]","[33, 46, 87, 65]",10,6,"[""foolsgold""]",../main/re_result_6-29_APRA/cifar100_500_Jul.02_15.36.04_foolsgold_fix_True_no-mia_no-mia-class_no-noise_modelreplace_5/agg_records/pkl/round_0035_foolsgold.pkl
36,foolsgold,success,"[2, 68, 51, 43, 87, 63, 97, 27, 62, 38]",[2],"[68, 51, 43, 87, 63, 97, 27, 62, 38]",10,1,"[""foolsgold""]",../main/re_result_6-29_APRA/cifar100_500_Jul.02_15.36.04_foolsgold_fix_True_no-mia_no-mia-class_no-noise_modelreplace_5/agg_records/pkl/round_0036_foolsgold.pkl
37,foolsgold,success,"[2, 77, 49, 52, 0, 57, 18, 29, 51, 94]","[2, 77, 49, 52, 0, 57, 18, 29, 51, 94]",[],10,10,"[""foolsgold""]",../main/re_result_6-29_APRA/cifar100_500_Jul.02_15.36.04_foolsgold_fix_True_no-mia_no-mia-class_no-noise_modelreplace_5/agg_records/pkl/round_0037_foolsgold.pkl
38,foolsgold,success,"[0, 99, 38, 61, 34, 14, 19, 1, 72, 70]","[0, 99, 38, 61, 34, 14, 19, 1, 72, 70]",[],10,10,"[""foolsgold""]",../main/re_result_6-29_APRA/cifar100_500_Jul.02_15.36.04_foolsgold_fix_True_no-mia_no-mia-class_no-noise_modelreplace_5/agg_records/pkl/round_0038_foolsgold.pkl
39,foolsgold,success,"[0, 25, 56, 67, 77, 27, 65, 82, 20, 46]",[0],"[25, 56, 67, 77, 27, 65, 82, 20, 46]",10,1,"[""foolsgold""]",../main/re_result_6-29_APRA/cifar100_500_Jul.02_15.36.04_foolsgold_fix_True_no-mia_no-mia-class_no-noise_modelreplace_5/agg_records/pkl/round_0039_foolsgold.pkl
40,foolsgold,success,"[1, 69, 87, 75, 81, 37, 0, 40, 28, 32]","[1, 69, 87, 75, 81, 37, 0, 40, 28, 32]",[],10,10,"[""foolsgold""]",../main/re_result_6-29_APRA/cifar100_500_Jul.02_15.36.04_foolsgold_fix_True_no-mia_no-mia-class_no-noise_modelreplace_5/agg_records/pkl/round_0040_foolsgold.pkl
41,foolsgold,success,"[2, 15, 52, 3, 18, 51, 78, 91, 43, 62]","[2, 15, 52, 3, 18, 51, 78, 91, 43, 62]",[],10,10,"[""foolsgold""]",../main/re_result_6-29_APRA/cifar100_500_Jul.02_15.36.04_foolsgold_fix_True_no-mia_no-mia-class_no-noise_modelreplace_5/agg_records/pkl/round_0041_foolsgold.pkl
42,foolsgold,success,"[3, 48, 17, 89, 56, 54, 72, 38, 7, 28]",[3],"[48, 17, 89, 56, 54, 72, 38, 7, 28]",10,1,"[""foolsgold""]",../main/re_result_6-29_APRA/cifar100_500_Jul.02_15.36.04_foolsgold_fix_True_no-mia_no-mia-class_no-noise_modelreplace_5/agg_records/pkl/round_0042_foolsgold.pkl
43,foolsgold,success,"[0, 55, 26, 52, 61, 67, 9, 59, 41, 20]","[0, 20]","[55, 26, 52, 61, 67, 9, 59, 41]",10,2,"[""foolsgold""]",../main/re_result_6-29_APRA/cifar100_500_Jul.02_15.36.04_foolsgold_fix_True_no-mia_no-mia-class_no-noise_modelreplace_5/agg_records/pkl/round_0043_foolsgold.pkl
44,foolsgold,success,"[2, 83, 71, 9, 32, 44, 63, 50, 35, 21]","[2, 50]","[83, 71, 9, 32, 44, 63, 35, 21]",10,2,"[""foolsgold""]",../main/re_result_6-29_APRA/cifar100_500_Jul.02_15.36.04_foolsgold_fix_True_no-mia_no-mia-class_no-noise_modelreplace_5/agg_records/pkl/round_0044_foolsgold.pkl
45,foolsgold,success,"[4, 66, 30, 97, 79, 29, 1, 27, 80, 98]","[4, 66, 30, 1]","[97, 79, 29, 27, 80, 98]",10,4,"[""foolsgold""]",../main/re_result_6-29_APRA/cifar100_500_Jul.02_15.36.04_foolsgold_fix_True_no-mia_no-mia-class_no-noise_modelreplace_5/agg_records/pkl/round_0045_foolsgold.pkl
46,foolsgold,success,"[2, 31, 77, 47, 18, 95, 90, 51, 6, 67]",[2],"[31, 77, 47, 18, 95, 90, 51, 6, 67]",10,1,"[""foolsgold""]",../main/re_result_6-29_APRA/cifar100_500_Jul.02_15.36.04_foolsgold_fix_True_no-mia_no-mia-class_no-noise_modelreplace_5/agg_records/pkl/round_0046_foolsgold.pkl
47,foolsgold,success,"[4, 45, 25, 24, 77, 72, 60, 31, 38, 91]",[4],"[45, 25, 24, 77, 72, 60, 31, 38, 91]",10,1,"[""foolsgold""]",../main/re_result_6-29_APRA/cifar100_500_Jul.02_15.36.04_foolsgold_fix_True_no-mia_no-mia-class_no-noise_modelreplace_5/agg_records/pkl/round_0047_foolsgold.pkl
48,foolsgold,success,"[0, 12, 11, 33, 80, 78, 63, 93, 39, 59]",[0],"[12, 11, 33, 80, 78, 63, 93, 39, 59]",10,1,"[""foolsgold""]",../main/re_result_6-29_APRA/cifar100_500_Jul.02_15.36.04_foolsgold_fix_True_no-mia_no-mia-class_no-noise_modelreplace_5/agg_records/pkl/round_0048_foolsgold.pkl
49,foolsgold,success,"[2, 35, 94, 63, 26, 87, 84, 58, 60, 5]",[2],"[35, 94, 63, 26, 87, 84, 58, 60, 5]",10,1,"[""foolsgold""]",../main/re_result_6-29_APRA/cifar100_500_Jul.02_15.36.04_foolsgold_fix_True_no-mia_no-mia-class_no-noise_modelreplace_5/agg_records/pkl/round_0049_foolsgold.pkl
50,foolsgold,success,"[2, 98, 76, 79, 6, 74, 54, 59, 69, 9]",[2],"[98, 76, 79, 6, 74, 54, 59, 69, 9]",10,1,"[""foolsgold""]",../main/re_result_6-29_APRA/cifar100_500_Jul.02_15.36.04_foolsgold_fix_True_no-mia_no-mia-class_no-noise_modelreplace_5/agg_records/pkl/round_0050_foolsgold.pkl
51,foolsgold,success,"[4, 40, 47, 50, 44, 74, 62, 58, 30, 79]",[4],"[40, 47, 50, 44, 74, 62, 58, 30, 79]",10,1,"[""foolsgold""]",../main/re_result_6-29_APRA/cifar100_500_Jul.02_15.36.04_foolsgold_fix_True_no-mia_no-mia-class_no-noise_modelreplace_5/agg_records/pkl/round_0051_foolsgold.pkl
52,foolsgold,success,"[3, 13, 5, 85, 26, 99, 88, 33, 2, 44]","[3, 13, 5, 26, 99, 88, 2, 44]","[85, 33]",10,8,"[""foolsgold""]",../main/re_result_6-29_APRA/cifar100_500_Jul.02_15.36.04_foolsgold_fix_True_no-mia_no-mia-class_no-noise_modelreplace_5/agg_records/pkl/round_0052_foolsgold.pkl
53,foolsgold,success,"[3, 27, 52, 70, 94, 75, 13, 7, 67, 96]",[3],"[27, 52, 70, 94, 75, 13, 7, 67, 96]",10,1,"[""foolsgold""]",../main/re_result_6-29_APRA/cifar100_500_Jul.02_15.36.04_foolsgold_fix_True_no-mia_no-mia-class_no-noise_modelreplace_5/agg_records/pkl/round_0053_foolsgold.pkl
54,foolsgold,success,"[0, 38, 15, 91, 87, 64, 41, 55, 80, 82]",[0],"[38, 15, 91, 87, 64, 41, 55, 80, 82]",10,1,"[""foolsgold""]",../main/re_result_6-29_APRA/cifar100_500_Jul.02_15.36.04_foolsgold_fix_True_no-mia_no-mia-class_no-noise_modelreplace_5/agg_records/pkl/round_0054_foolsgold.pkl
55,foolsgold,success,"[2, 28, 5, 61, 92, 21, 14, 88, 65, 85]",[2],"[28, 5, 61, 92, 21, 14, 88, 65, 85]",10,1,"[""foolsgold""]",../main/re_result_6-29_APRA/cifar100_500_Jul.02_15.36.04_foolsgold_fix_True_no-mia_no-mia-class_no-noise_modelreplace_5/agg_records/pkl/round_0055_foolsgold.pkl
56,foolsgold,success,"[4, 59, 85, 9, 87, 93, 55, 74, 76, 13]",[4],"[59, 85, 9, 87, 93, 55, 74, 76, 13]",10,1,"[""foolsgold""]",../main/re_result_6-29_APRA/cifar100_500_Jul.02_15.36.04_foolsgold_fix_True_no-mia_no-mia-class_no-noise_modelreplace_5/agg_records/pkl/round_0056_foolsgold.pkl
57,foolsgold,success,"[3, 41, 65, 60, 24, 30, 53, 32, 40, 98]",[3],"[41, 65, 60, 24, 30, 53, 32, 40, 98]",10,1,"[""foolsgold""]",../main/re_result_6-29_APRA/cifar100_500_Jul.02_15.36.04_foolsgold_fix_True_no-mia_no-mia-class_no-noise_modelreplace_5/agg_records/pkl/round_0057_foolsgold.pkl
58,foolsgold,success,"[0, 16, 5, 34, 69, 43, 57, 72, 92, 54]",[0],"[16, 5, 34, 69, 43, 57, 72, 92, 54]",10,1,"[""foolsgold""]",../main/re_result_6-29_APRA/cifar100_500_Jul.02_15.36.04_foolsgold_fix_True_no-mia_no-mia-class_no-noise_modelreplace_5/agg_records/pkl/round_0058_foolsgold.pkl
59,foolsgold,success,"[3, 15, 19, 50, 42, 62, 89, 21, 71, 9]",[3],"[15, 19, 50, 42, 62, 89, 21, 71, 9]",10,1,"[""foolsgold""]",../main/re_result_6-29_APRA/cifar100_500_Jul.02_15.36.04_foolsgold_fix_True_no-mia_no-mia-class_no-noise_modelreplace_5/agg_records/pkl/round_0059_foolsgold.pkl
60,foolsgold,success,"[4, 19, 99, 76, 16, 22, 63, 98, 72, 80]",[4],"[19, 99, 76, 16, 22, 63, 98, 72, 80]",10,1,"[""foolsgold""]",../main/re_result_6-29_APRA/cifar100_500_Jul.02_15.36.04_foolsgold_fix_True_no-mia_no-mia-class_no-noise_modelreplace_5/agg_records/pkl/round_0060_foolsgold.pkl
61,foolsgold,success,"[4, 66, 47, 84, 22, 34, 74, 87, 75, 9]",[4],"[66, 47, 84, 22, 34, 74, 87, 75, 9]",10,1,"[""foolsgold""]",../main/re_result_6-29_APRA/cifar100_500_Jul.02_15.36.04_foolsgold_fix_True_no-mia_no-mia-class_no-noise_modelreplace_5/agg_records/pkl/round_0061_foolsgold.pkl
62,foolsgold,success,"[4, 52, 3, 82, 68, 38, 13, 93, 90, 45]","[4, 3]","[52, 82, 68, 38, 13, 93, 90, 45]",10,2,"[""foolsgold""]",../main/re_result_6-29_APRA/cifar100_500_Jul.02_15.36.04_foolsgold_fix_True_no-mia_no-mia-class_no-noise_modelreplace_5/agg_records/pkl/round_0062_foolsgold.pkl
63,foolsgold,success,"[4, 43, 48, 25, 60, 92, 30, 8, 91, 36]",[4],"[43, 48, 25, 60, 92, 30, 8, 91, 36]",10,1,"[""foolsgold""]",../main/re_result_6-29_APRA/cifar100_500_Jul.02_15.36.04_foolsgold_fix_True_no-mia_no-mia-class_no-noise_modelreplace_5/agg_records/pkl/round_0063_foolsgold.pkl
64,foolsgold,success,"[1, 59, 54, 27, 16, 68, 42, 48, 73, 52]",[1],"[59, 54, 27, 16, 68, 42, 48, 73, 52]",10,1,"[""foolsgold""]",../main/re_result_6-29_APRA/cifar100_500_Jul.02_15.36.04_foolsgold_fix_True_no-mia_no-mia-class_no-noise_modelreplace_5/agg_records/pkl/round_0064_foolsgold.pkl
65,foolsgold,success,"[3, 2, 64, 16, 56, 97, 80, 33, 71, 91]","[3, 2]","[64, 16, 56, 97, 80, 33, 71, 91]",10,2,"[""foolsgold""]",../main/re_result_6-29_APRA/cifar100_500_Jul.02_15.36.04_foolsgold_fix_True_no-mia_no-mia-class_no-noise_modelreplace_5/agg_records/pkl/round_0065_foolsgold.pkl
66,foolsgold,success,"[0, 35, 96, 40, 1, 8, 94, 5, 57, 48]","[0, 35, 96, 40, 1, 8, 94, 5, 57, 48]",[],10,10,"[""foolsgold""]",../main/re_result_6-29_APRA/cifar100_500_Jul.02_15.36.04_foolsgold_fix_True_no-mia_no-mia-class_no-noise_modelreplace_5/agg_records/pkl/round_0066_foolsgold.pkl
67,foolsgold,success,"[3, 6, 20, 31, 16, 7, 94, 55, 40, 57]",[3],"[6, 20, 31, 16, 7, 94, 55, 40, 57]",10,1,"[""foolsgold""]",../main/re_result_6-29_APRA/cifar100_500_Jul.02_15.36.04_foolsgold_fix_True_no-mia_no-mia-class_no-noise_modelreplace_5/agg_records/pkl/round_0067_foolsgold.pkl
68,foolsgold,success,"[4, 63, 21, 75, 53, 68, 95, 23, 94, 72]",[4],"[63, 21, 75, 53, 68, 95, 23, 94, 72]",10,1,"[""foolsgold""]",../main/re_result_6-29_APRA/cifar100_500_Jul.02_15.36.04_foolsgold_fix_True_no-mia_no-mia-class_no-noise_modelreplace_5/agg_records/pkl/round_0068_foolsgold.pkl
69,foolsgold,success,"[4, 85, 43, 96, 40, 20, 59, 27, 35, 34]","[4, 59]","[85, 43, 96, 40, 20, 27, 35, 34]",10,2,"[""foolsgold""]",../main/re_result_6-29_APRA/cifar100_500_Jul.02_15.36.04_foolsgold_fix_True_no-mia_no-mia-class_no-noise_modelreplace_5/agg_records/pkl/round_0069_foolsgold.pkl
70,foolsgold,success,"[4, 92, 63, 74, 95, 77, 20, 48, 15, 83]",[4],"[92, 63, 74, 95, 77, 20, 48, 15, 83]",10,1,"[""foolsgold""]",../main/re_result_6-29_APRA/cifar100_500_Jul.02_15.36.04_foolsgold_fix_True_no-mia_no-mia-class_no-noise_modelreplace_5/agg_records/pkl/round_0070_foolsgold.pkl
71,foolsgold,success,"[4, 62, 89, 25, 53, 81, 42, 36, 58, 94]",[4],"[62, 89, 25, 53, 81, 42, 36, 58, 94]",10,1,"[""foolsgold""]",../main/re_result_6-29_APRA/cifar100_500_Jul.02_15.36.04_foolsgold_fix_True_no-mia_no-mia-class_no-noise_modelreplace_5/agg_records/pkl/round_0071_foolsgold.pkl
72,foolsgold,success,"[2, 66, 60, 72, 90, 86, 94, 32, 62, 9]",[2],"[66, 60, 72, 90, 86, 94, 32, 62, 9]",10,1,"[""foolsgold""]",../main/re_result_6-29_APRA/cifar100_500_Jul.02_15.36.04_foolsgold_fix_True_no-mia_no-mia-class_no-noise_modelreplace_5/agg_records/pkl/round_0072_foolsgold.pkl
73,foolsgold,success,"[0, 90, 42, 25, 76, 96, 19, 46, 83, 92]",[0],"[90, 42, 25, 76, 96, 19, 46, 83, 92]",10,1,"[""foolsgold""]",../main/re_result_6-29_APRA/cifar100_500_Jul.02_15.36.04_foolsgold_fix_True_no-mia_no-mia-class_no-noise_modelreplace_5/agg_records/pkl/round_0073_foolsgold.pkl
74,foolsgold,success,"[4, 8, 56, 89, 64, 59, 16, 72, 42, 25]","[4, 59]","[8, 56, 89, 64, 16, 72, 42, 25]",10,2,"[""foolsgold""]",../main/re_result_6-29_APRA/cifar100_500_Jul.02_15.36.04_foolsgold_fix_True_no-mia_no-mia-class_no-noise_modelreplace_5/agg_records/pkl/round_0074_foolsgold.pkl
75,foolsgold,success,"[3, 0, 99, 82, 14, 61, 38, 29, 90, 2]","[3, 0, 99, 90, 2]","[82, 14, 61, 38, 29]",10,5,"[""foolsgold""]",../main/re_result_6-29_APRA/cifar100_500_Jul.02_15.36.04_foolsgold_fix_True_no-mia_no-mia-class_no-noise_modelreplace_5/agg_records/pkl/round_0075_foolsgold.pkl
76,foolsgold,success,"[2, 8, 21, 45, 49, 6, 38, 16, 26, 13]",[2],"[8, 21, 45, 49, 6, 38, 16, 26, 13]",10,1,"[""foolsgold""]",../main/re_result_6-29_APRA/cifar100_500_Jul.02_15.36.04_foolsgold_fix_True_no-mia_no-mia-class_no-noise_modelreplace_5/agg_records/pkl/round_0076_foolsgold.pkl
77,foolsgold,success,"[3, 88, 51, 64, 60, 46, 19, 62, 0, 57]","[3, 88, 51, 0]","[64, 60, 46, 19, 62, 57]",10,4,"[""foolsgold""]",../main/re_result_6-29_APRA/cifar100_500_Jul.02_15.36.04_foolsgold_fix_True_no-mia_no-mia-class_no-noise_modelreplace_5/agg_records/pkl/round_0077_foolsgold.pkl
78,foolsgold,success,"[0, 20, 58, 74, 91, 95, 89, 60, 14, 57]",[0],"[20, 58, 74, 91, 95, 89, 60, 14, 57]",10,1,"[""foolsgold""]",../main/re_result_6-29_APRA/cifar100_500_Jul.02_15.36.04_foolsgold_fix_True_no-mia_no-mia-class_no-noise_modelreplace_5/agg_records/pkl/round_0078_foolsgold.pkl
79,foolsgold,success,"[3, 28, 95, 42, 1, 53, 98, 38, 23, 90]","[3, 28, 1, 23, 90]","[95, 42, 53, 98, 38]",10,5,"[""foolsgold""]",../main/re_result_6-29_APRA/cifar100_500_Jul.02_15.36.04_foolsgold_fix_True_no-mia_no-mia-class_no-noise_modelreplace_5/agg_records/pkl/round_0079_foolsgold.pkl
80,foolsgold,success,"[3, 21, 73, 93, 78, 4, 89, 38, 27, 66]","[3, 4]","[21, 73, 93, 78, 89, 38, 27, 66]",10,2,"[""foolsgold""]",../main/re_result_6-29_APRA/cifar100_500_Jul.02_15.36.04_foolsgold_fix_True_no-mia_no-mia-class_no-noise_modelreplace_5/agg_records/pkl/round_0080_foolsgold.pkl
81,foolsgold,success,"[4, 81, 13, 63, 93, 53, 60, 51, 18, 22]",[4],"[81, 13, 63, 93, 53, 60, 51, 18, 22]",10,1,"[""foolsgold""]",../main/re_result_6-29_APRA/cifar100_500_Jul.02_15.36.04_foolsgold_fix_True_no-mia_no-mia-class_no-noise_modelreplace_5/agg_records/pkl/round_0081_foolsgold.pkl
82,foolsgold,success,"[3, 5, 19, 95, 45, 40, 32, 10, 51, 82]",[3],"[5, 19, 95, 45, 40, 32, 10, 51, 82]",10,1,"[""foolsgold""]",../main/re_result_6-29_APRA/cifar100_500_Jul.02_15.36.04_foolsgold_fix_True_no-mia_no-mia-class_no-noise_modelreplace_5/agg_records/pkl/round_0082_foolsgold.pkl
83,foolsgold,success,"[1, 74, 9, 41, 66, 40, 54, 35, 62, 17]",[1],"[74, 9, 41, 66, 40, 54, 35, 62, 17]",10,1,"[""foolsgold""]",../main/re_result_6-29_APRA/cifar100_500_Jul.02_15.36.04_foolsgold_fix_True_no-mia_no-mia-class_no-noise_modelreplace_5/agg_records/pkl/round_0083_foolsgold.pkl
84,foolsgold,success,"[2, 54, 7, 37, 50, 60, 66, 21, 84, 6]",[2],"[54, 7, 37, 50, 60, 66, 21, 84, 6]",10,1,"[""foolsgold""]",../main/re_result_6-29_APRA/cifar100_500_Jul.02_15.36.04_foolsgold_fix_True_no-mia_no-mia-class_no-noise_modelreplace_5/agg_records/pkl/round_0084_foolsgold.pkl
85,foolsgold,success,"[1, 56, 80, 3, 51, 89, 14, 41, 91, 90]","[1, 56, 80, 3, 51, 91]","[89, 14, 41, 90]",10,6,"[""foolsgold""]",../main/re_result_6-29_APRA/cifar100_500_Jul.02_15.36.04_foolsgold_fix_True_no-mia_no-mia-class_no-noise_modelreplace_5/agg_records/pkl/round_0085_foolsgold.pkl
86,foolsgold,success,"[2, 5, 85, 24, 51, 9, 31, 33, 4, 90]","[2, 4]","[5, 85, 24, 51, 9, 31, 33, 90]",10,2,"[""foolsgold""]",../main/re_result_6-29_APRA/cifar100_500_Jul.02_15.36.04_foolsgold_fix_True_no-mia_no-mia-class_no-noise_modelreplace_5/agg_records/pkl/round_0086_foolsgold.pkl
87,foolsgold,success,"[4, 61, 29, 12, 18, 20, 99, 87, 8, 92]",[4],"[61, 29, 12, 18, 20, 99, 87, 8, 92]",10,1,"[""foolsgold""]",../main/re_result_6-29_APRA/cifar100_500_Jul.02_15.36.04_foolsgold_fix_True_no-mia_no-mia-class_no-noise_modelreplace_5/agg_records/pkl/round_0087_foolsgold.pkl
88,foolsgold,success,"[3, 50, 57, 56, 52, 42, 37, 84, 0, 30]","[3, 50, 0]","[57, 56, 52, 42, 37, 84, 30]",10,3,"[""foolsgold""]",../main/re_result_6-29_APRA/cifar100_500_Jul.02_15.36.04_foolsgold_fix_True_no-mia_no-mia-class_no-noise_modelreplace_5/agg_records/pkl/round_0088_foolsgold.pkl
89,foolsgold,success,"[1, 36, 21, 81, 84, 15, 89, 53, 73, 29]",[1],"[36, 21, 81, 84, 15, 89, 53, 73, 29]",10,1,"[""foolsgold""]",../main/re_result_6-29_APRA/cifar100_500_Jul.02_15.36.04_foolsgold_fix_True_no-mia_no-mia-class_no-noise_modelreplace_5/agg_records/pkl/round_0089_foolsgold.pkl
90,foolsgold,success,"[2, 29, 90, 22, 65, 96, 56, 10, 60, 71]",[2],"[29, 90, 22, 65, 96, 56, 10, 60, 71]",10,1,"[""foolsgold""]",../main/re_result_6-29_APRA/cifar100_500_Jul.02_15.36.04_foolsgold_fix_True_no-mia_no-mia-class_no-noise_modelreplace_5/agg_records/pkl/round_0090_foolsgold.pkl
91,foolsgold,success,"[0, 47, 71, 9, 31, 67, 5, 43, 58, 29]",[0],"[47, 71, 9, 31, 67, 5, 43, 58, 29]",10,1,"[""foolsgold""]",../main/re_result_6-29_APRA/cifar100_500_Jul.02_15.36.04_foolsgold_fix_True_no-mia_no-mia-class_no-noise_modelreplace_5/agg_records/pkl/round_0091_foolsgold.pkl
92,foolsgold,success,"[1, 15, 29, 49, 57, 72, 97, 84, 50, 38]",[1],"[15, 29, 49, 57, 72, 97, 84, 50, 38]",10,1,"[""foolsgold""]",../main/re_result_6-29_APRA/cifar100_500_Jul.02_15.36.04_foolsgold_fix_True_no-mia_no-mia-class_no-noise_modelreplace_5/agg_records/pkl/round_0092_foolsgold.pkl
93,foolsgold,success,"[2, 43, 48, 18, 53, 15, 41, 16, 4, 57]","[2, 4]","[43, 48, 18, 53, 15, 41, 16, 57]",10,2,"[""foolsgold""]",../main/re_result_6-29_APRA/cifar100_500_Jul.02_15.36.04_foolsgold_fix_True_no-mia_no-mia-class_no-noise_modelreplace_5/agg_records/pkl/round_0093_foolsgold.pkl
94,foolsgold,success,"[0, 95, 45, 86, 47, 64, 2, 21, 80, 48]","[0, 2]","[95, 45, 86, 47, 64, 21, 80, 48]",10,2,"[""foolsgold""]",../main/re_result_6-29_APRA/cifar100_500_Jul.02_15.36.04_foolsgold_fix_True_no-mia_no-mia-class_no-noise_modelreplace_5/agg_records/pkl/round_0094_foolsgold.pkl
95,foolsgold,success,"[0, 72, 52, 69, 64, 35, 38, 12, 17, 99]",[0],"[72, 52, 69, 64, 35, 38, 12, 17, 99]",10,1,"[""foolsgold""]",../main/re_result_6-29_APRA/cifar100_500_Jul.02_15.36.04_foolsgold_fix_True_no-mia_no-mia-class_no-noise_modelreplace_5/agg_records/pkl/round_0095_foolsgold.pkl
96,foolsgold,success,"[1, 44, 87, 76, 75, 90, 70, 56, 84, 23]",[1],"[44, 87, 76, 75, 90, 70, 56, 84, 23]",10,1,"[""foolsgold""]",../main/re_result_6-29_APRA/cifar100_500_Jul.02_15.36.04_foolsgold_fix_True_no-mia_no-mia-class_no-noise_modelreplace_5/agg_records/pkl/round_0096_foolsgold.pkl
97,foolsgold,success,"[2, 72, 51, 77, 20, 52, 32, 41, 56, 4]","[2, 4]","[72, 51, 77, 20, 52, 32, 41, 56]",10,2,"[""foolsgold""]",../main/re_result_6-29_APRA/cifar100_500_Jul.02_15.36.04_foolsgold_fix_True_no-mia_no-mia-class_no-noise_modelreplace_5/agg_records/pkl/round_0097_foolsgold.pkl
98,foolsgold,success,"[0, 50, 83, 24, 43, 86, 45, 9, 47, 12]",[0],"[50, 83, 24, 43, 86, 45, 9, 47, 12]",10,1,"[""foolsgold""]",../main/re_result_6-29_APRA/cifar100_500_Jul.02_15.36.04_foolsgold_fix_True_no-mia_no-mia-class_no-noise_modelreplace_5/agg_records/pkl/round_0098_foolsgold.pkl
99,foolsgold,success,"[3, 98, 76, 97, 58, 89, 47, 10, 75, 26]",[3],"[98, 76, 97, 58, 89, 47, 10, 75, 26]",10,1,"[""foolsgold""]",../main/re_result_6-29_APRA/cifar100_500_Jul.02_15.36.04_foolsgold_fix_True_no-mia_no-mia-class_no-noise_modelreplace_5/agg_records/pkl/round_0099_foolsgold.pkl
100,foolsgold,success,"[3, 67, 33, 76, 43, 28, 9, 23, 59, 26]",[3],"[67, 33, 76, 43, 28, 9, 23, 59, 26]",10,1,"[""foolsgold""]",../main/re_result_6-29_APRA/cifar100_500_Jul.02_15.36.04_foolsgold_fix_True_no-mia_no-mia-class_no-noise_modelreplace_5/agg_records/pkl/round_0100_foolsgold.pkl
101,foolsgold,success,"[2, 98, 33, 43, 68, 83, 3, 86, 9, 80]","[2, 3]","[98, 33, 43, 68, 83, 86, 9, 80]",10,2,"[""foolsgold""]",../main/re_result_6-29_APRA/cifar100_500_Jul.02_15.36.04_foolsgold_fix_True_no-mia_no-mia-class_no-noise_modelreplace_5/agg_records/pkl/round_0101_foolsgold.pkl
102,foolsgold,success,"[3, 55, 89, 21, 15, 26, 35, 54, 98, 12]",[3],"[55, 89, 21, 15, 26, 35, 54, 98, 12]",10,1,"[""foolsgold""]",../main/re_result_6-29_APRA/cifar100_500_Jul.02_15.36.04_foolsgold_fix_True_no-mia_no-mia-class_no-noise_modelreplace_5/agg_records/pkl/round_0102_foolsgold.pkl
103,foolsgold,success,"[3, 36, 88, 49, 10, 41, 20, 90, 56, 99]",[3],"[36, 88, 49, 10, 41, 20, 90, 56, 99]",10,1,"[""foolsgold""]",../main/re_result_6-29_APRA/cifar100_500_Jul.02_15.36.04_foolsgold_fix_True_no-mia_no-mia-class_no-noise_modelreplace_5/agg_records/pkl/round_0103_foolsgold.pkl
104,foolsgold,success,"[2, 32, 20, 19, 17, 87, 34, 58, 6, 95]",[2],"[32, 20, 19, 17, 87, 34, 58, 6, 95]",10,1,"[""foolsgold""]",../main/re_result_6-29_APRA/cifar100_500_Jul.02_15.36.04_foolsgold_fix_True_no-mia_no-mia-class_no-noise_modelreplace_5/agg_records/pkl/round_0104_foolsgold.pkl
105,foolsgold,success,"[4, 13, 0, 14, 35, 68, 89, 22, 75, 93]","[4, 0]","[13, 14, 35, 68, 89, 22, 75, 93]",10,2,"[""foolsgold""]",../main/re_result_6-29_APRA/cifar100_500_Jul.02_15.36.04_foolsgold_fix_True_no-mia_no-mia-class_no-noise_modelreplace_5/agg_records/pkl/round_0105_foolsgold.pkl
106,foolsgold,success,"[3, 10, 79, 72, 69, 35, 6, 77, 85, 33]",[3],"[10, 79, 72, 69, 35, 6, 77, 85, 33]",10,1,"[""foolsgold""]",../main/re_result_6-29_APRA/cifar100_500_Jul.02_15.36.04_foolsgold_fix_True_no-mia_no-mia-class_no-noise_modelreplace_5/agg_records/pkl/round_0106_foolsgold.pkl
107,foolsgold,success,"[1, 58, 99, 39, 71, 86, 98, 83, 94, 16]",[1],"[58, 99, 39, 71, 86, 98, 83, 94, 16]",10,1,"[""foolsgold""]",../main/re_result_6-29_APRA/cifar100_500_Jul.02_15.36.04_foolsgold_fix_True_no-mia_no-mia-class_no-noise_modelreplace_5/agg_records/pkl/round_0107_foolsgold.pkl
108,foolsgold,success,"[1, 52, 66, 15, 63, 97, 77, 32, 2, 94]","[1, 15, 32, 2, 94]","[52, 66, 63, 97, 77]",10,5,"[""foolsgold""]",../main/re_result_6-29_APRA/cifar100_500_Jul.02_15.36.04_foolsgold_fix_True_no-mia_no-mia-class_no-noise_modelreplace_5/agg_records/pkl/round_0108_foolsgold.pkl
109,foolsgold,success,"[0, 67, 3, 42, 66, 70, 76, 78, 2, 43]","[0, 3, 2]","[67, 42, 66, 70, 76, 78, 43]",10,3,"[""foolsgold""]",../main/re_result_6-29_APRA/cifar100_500_Jul.02_15.36.04_foolsgold_fix_True_no-mia_no-mia-class_no-noise_modelreplace_5/agg_records/pkl/round_0109_foolsgold.pkl
110,foolsgold,success,"[4, 6, 70, 16, 35, 2, 25, 28, 37, 92]","[4, 2]","[6, 70, 16, 35, 25, 28, 37, 92]",10,2,"[""foolsgold""]",../main/re_result_6-29_APRA/cifar100_500_Jul.02_15.36.04_foolsgold_fix_True_no-mia_no-mia-class_no-noise_modelreplace_5/agg_records/pkl/round_0110_foolsgold.pkl
111,foolsgold,success,"[0, 44, 5, 71, 95, 15, 89, 93, 7, 49]",[0],"[44, 5, 71, 95, 15, 89, 93, 7, 49]",10,1,"[""foolsgold""]",../main/re_result_6-29_APRA/cifar100_500_Jul.02_15.36.04_foolsgold_fix_True_no-mia_no-mia-class_no-noise_modelreplace_5/agg_records/pkl/round_0111_foolsgold.pkl
112,foolsgold,success,"[1, 44, 83, 67, 93, 85, 56, 76, 5, 82]",[1],"[44, 83, 67, 93, 85, 56, 76, 5, 82]",10,1,"[""foolsgold""]",../main/re_result_6-29_APRA/cifar100_500_Jul.02_15.36.04_foolsgold_fix_True_no-mia_no-mia-class_no-noise_modelreplace_5/agg_records/pkl/round_0112_foolsgold.pkl
113,foolsgold,success,"[1, 14, 31, 9, 13, 53, 90, 54, 73, 39]",[1],"[14, 31, 9, 13, 53, 90, 54, 73, 39]",10,1,"[""foolsgold""]",../main/re_result_6-29_APRA/cifar100_500_Jul.02_15.36.04_foolsgold_fix_True_no-mia_no-mia-class_no-noise_modelreplace_5/agg_records/pkl/round_0113_foolsgold.pkl
114,foolsgold,success,"[3, 2, 18, 82, 10, 21, 38, 56, 58, 55]","[3, 2]","[18, 82, 10, 21, 38, 56, 58, 55]",10,2,"[""foolsgold""]",../main/re_result_6-29_APRA/cifar100_500_Jul.02_15.36.04_foolsgold_fix_True_no-mia_no-mia-class_no-noise_modelreplace_5/agg_records/pkl/round_0114_foolsgold.pkl
115,foolsgold,success,"[2, 19, 65, 15, 20, 91, 88, 93, 94, 45]",[2],"[19, 65, 15, 20, 91, 88, 93, 94, 45]",10,1,"[""foolsgold""]",../main/re_result_6-29_APRA/cifar100_500_Jul.02_15.36.04_foolsgold_fix_True_no-mia_no-mia-class_no-noise_modelreplace_5/agg_records/pkl/round_0115_foolsgold.pkl
116,foolsgold,success,"[4, 68, 25, 51, 21, 7, 59, 35, 80, 66]",[4],"[68, 25, 51, 21, 7, 59, 35, 80, 66]",10,1,"[""foolsgold""]",../main/re_result_6-29_APRA/cifar100_500_Jul.02_15.36.04_foolsgold_fix_True_no-mia_no-mia-class_no-noise_modelreplace_5/agg_records/pkl/round_0116_foolsgold.pkl
117,foolsgold,success,"[4, 34, 75, 89, 93, 42, 77, 10, 23, 50]",[4],"[34, 75, 89, 93, 42, 77, 10, 23, 50]",10,1,"[""foolsgold""]",../main/re_result_6-29_APRA/cifar100_500_Jul.02_15.36.04_foolsgold_fix_True_no-mia_no-mia-class_no-noise_modelreplace_5/agg_records/pkl/round_0117_foolsgold.pkl
118,foolsgold,success,"[0, 75, 20, 1, 32, 29, 11, 93, 34, 96]","[0, 75, 20, 1, 32, 29, 11, 93, 34, 96]",[],10,10,"[""foolsgold""]",../main/re_result_6-29_APRA/cifar100_500_Jul.02_15.36.04_foolsgold_fix_True_no-mia_no-mia-class_no-noise_modelreplace_5/agg_records/pkl/round_0118_foolsgold.pkl
119,foolsgold,success,"[3, 48, 54, 88, 46, 64, 92, 16, 98, 51]",[3],"[48, 54, 88, 46, 64, 92, 16, 98, 51]",10,1,"[""foolsgold""]",../main/re_result_6-29_APRA/cifar100_500_Jul.02_15.36.04_foolsgold_fix_True_no-mia_no-mia-class_no-noise_modelreplace_5/agg_records/pkl/round_0119_foolsgold.pkl
120,foolsgold,success,"[2, 63, 66, 81, 13, 28, 3, 37, 74, 80]","[2, 3]","[63, 66, 81, 13, 28, 37, 74, 80]",10,2,"[""foolsgold""]",../main/re_result_6-29_APRA/cifar100_500_Jul.02_15.36.04_foolsgold_fix_True_no-mia_no-mia-class_no-noise_modelreplace_5/agg_records/pkl/round_0120_foolsgold.pkl
121,foolsgold,success,"[2, 8, 39, 31, 65, 73, 87, 97, 51, 38]",[2],"[8, 39, 31, 65, 73, 87, 97, 51, 38]",10,1,"[""foolsgold""]",../main/re_result_6-29_APRA/cifar100_500_Jul.02_15.36.04_foolsgold_fix_True_no-mia_no-mia-class_no-noise_modelreplace_5/agg_records/pkl/round_0121_foolsgold.pkl
122,foolsgold,success,"[0, 51, 35, 46, 6, 68, 50, 19, 93, 91]",[0],"[51, 35, 46, 6, 68, 50, 19, 93, 91]",10,1,"[""foolsgold""]",../main/re_result_6-29_APRA/cifar100_500_Jul.02_15.36.04_foolsgold_fix_True_no-mia_no-mia-class_no-noise_modelreplace_5/agg_records/pkl/round_0122_foolsgold.pkl
123,foolsgold,success,"[4, 42, 25, 17, 99, 29, 2, 61, 19, 35]","[4, 2]","[42, 25, 17, 99, 29, 61, 19, 35]",10,2,"[""foolsgold""]",../main/re_result_6-29_APRA/cifar100_500_Jul.02_15.36.04_foolsgold_fix_True_no-mia_no-mia-class_no-noise_modelreplace_5/agg_records/pkl/round_0123_foolsgold.pkl
124,foolsgold,success,"[4, 63, 50, 33, 13, 24, 53, 28, 86, 73]",[4],"[63, 50, 33, 13, 24, 53, 28, 86, 73]",10,1,"[""foolsgold""]",../main/re_result_6-29_APRA/cifar100_500_Jul.02_15.36.04_foolsgold_fix_True_no-mia_no-mia-class_no-noise_modelreplace_5/agg_records/pkl/round_0124_foolsgold.pkl
125,foolsgold,success,"[2, 47, 63, 33, 42, 70, 51, 16, 65, 96]",[2],"[47, 63, 33, 42, 70, 51, 16, 65, 96]",10,1,"[""foolsgold""]",../main/re_result_6-29_APRA/cifar100_500_Jul.02_15.36.04_foolsgold_fix_True_no-mia_no-mia-class_no-noise_modelreplace_5/agg_records/pkl/round_0125_foolsgold.pkl
126,foolsgold,success,"[0, 89, 42, 65, 26, 74, 32, 40, 5, 67]",[0],"[89, 42, 65, 26, 74, 32, 40, 5, 67]",10,1,"[""foolsgold""]",../main/re_result_6-29_APRA/cifar100_500_Jul.02_15.36.04_foolsgold_fix_True_no-mia_no-mia-class_no-noise_modelreplace_5/agg_records/pkl/round_0126_foolsgold.pkl
127,foolsgold,success,"[1, 48, 35, 82, 36, 19, 87, 61, 66, 68]",[1],"[48, 35, 82, 36, 19, 87, 61, 66, 68]",10,1,"[""foolsgold""]",../main/re_result_6-29_APRA/cifar100_500_Jul.02_15.36.04_foolsgold_fix_True_no-mia_no-mia-class_no-noise_modelreplace_5/agg_records/pkl/round_0127_foolsgold.pkl
128,foolsgold,success,"[2, 73, 70, 66, 16, 76, 23, 1, 56, 79]","[2, 73, 70, 66, 16, 76, 23, 1]","[56, 79]",10,8,"[""foolsgold""]",../main/re_result_6-29_APRA/cifar100_500_Jul.02_15.36.04_foolsgold_fix_True_no-mia_no-mia-class_no-noise_modelreplace_5/agg_records/pkl/round_0128_foolsgold.pkl
129,foolsgold,success,"[3, 48, 49, 79, 26, 23, 86, 77, 54, 19]",[3],"[48, 49, 79, 26, 23, 86, 77, 54, 19]",10,1,"[""foolsgold""]",../main/re_result_6-29_APRA/cifar100_500_Jul.02_15.36.04_foolsgold_fix_True_no-mia_no-mia-class_no-noise_modelreplace_5/agg_records/pkl/round_0129_foolsgold.pkl
130,foolsgold,success,"[3, 56, 89, 21, 18, 31, 54, 69, 11, 23]",[3],"[56, 89, 21, 18, 31, 54, 69, 11, 23]",10,1,"[""foolsgold""]",../main/re_result_6-29_APRA/cifar100_500_Jul.02_15.36.04_foolsgold_fix_True_no-mia_no-mia-class_no-noise_modelreplace_5/agg_records/pkl/round_0130_foolsgold.pkl
131,foolsgold,success,"[3, 44, 30, 33, 16, 69, 27, 79, 95, 78]","[3, 44]","[30, 33, 16, 69, 27, 79, 95, 78]",10,2,"[""foolsgold""]",../main/re_result_6-29_APRA/cifar100_500_Jul.02_15.36.04_foolsgold_fix_True_no-mia_no-mia-class_no-noise_modelreplace_5/agg_records/pkl/round_0131_foolsgold.pkl
132,foolsgold,success,"[2, 44, 82, 61, 72, 96, 5, 21, 18, 66]",[2],"[44, 82, 61, 72, 96, 5, 21, 18, 66]",10,1,"[""foolsgold""]",../main/re_result_6-29_APRA/cifar100_500_Jul.02_15.36.04_foolsgold_fix_True_no-mia_no-mia-class_no-noise_modelreplace_5/agg_records/pkl/round_0132_foolsgold.pkl
133,foolsgold,success,"[0, 12, 59, 64, 11, 87, 4, 54, 17, 73]","[0, 59, 11, 4, 73]","[12, 64, 87, 54, 17]",10,5,"[""foolsgold""]",../main/re_result_6-29_APRA/cifar100_500_Jul.02_15.36.04_foolsgold_fix_True_no-mia_no-mia-class_no-noise_modelreplace_5/agg_records/pkl/round_0133_foolsgold.pkl
134,foolsgold,success,"[2, 47, 3, 18, 96, 50, 85, 98, 74, 37]","[2, 3]","[47, 18, 96, 50, 85, 98, 74, 37]",10,2,"[""foolsgold""]",../main/re_result_6-29_APRA/cifar100_500_Jul.02_15.36.04_foolsgold_fix_True_no-mia_no-mia-class_no-noise_modelreplace_5/agg_records/pkl/round_0134_foolsgold.pkl
135,foolsgold,success,"[2, 59, 29, 47, 86, 28, 36, 13, 83, 37]","[2, 59]","[29, 47, 86, 28, 36, 13, 83, 37]",10,2,"[""foolsgold""]",../main/re_result_6-29_APRA/cifar100_500_Jul.02_15.36.04_foolsgold_fix_True_no-mia_no-mia-class_no-noise_modelreplace_5/agg_records/pkl/round_0135_foolsgold.pkl
136,foolsgold,success,"[1, 80, 10, 4, 96, 28, 24, 31, 95, 90]","[1, 10, 4]","[80, 96, 28, 24, 31, 95, 90]",10,3,"[""foolsgold""]",../main/re_result_6-29_APRA/cifar100_500_Jul.02_15.36.04_foolsgold_fix_True_no-mia_no-mia-class_no-noise_modelreplace_5/agg_records/pkl/round_0136_foolsgold.pkl
137,foolsgold,success,"[0, 68, 56, 85, 96, 55, 60, 74, 82, 7]",[0],"[68, 56, 85, 96, 55, 60, 74, 82, 7]",10,1,"[""foolsgold""]",../main/re_result_6-29_APRA/cifar100_500_Jul.02_15.36.04_foolsgold_fix_True_no-mia_no-mia-class_no-noise_modelreplace_5/agg_records/pkl/round_0137_foolsgold.pkl
138,foolsgold,success,"[3, 55, 82, 63, 96, 33, 61, 62, 83, 18]",[3],"[55, 82, 63, 96, 33, 61, 62, 83, 18]",10,1,"[""foolsgold""]",../main/re_result_6-29_APRA/cifar100_500_Jul.02_15.36.04_foolsgold_fix_True_no-mia_no-mia-class_no-noise_modelreplace_5/agg_records/pkl/round_0138_foolsgold.pkl
139,foolsgold,success,"[0, 92, 13, 11, 85, 8, 38, 1, 71, 30]","[0, 92, 13, 11, 85, 8, 1, 30]","[38, 71]",10,8,"[""foolsgold""]",../main/re_result_6-29_APRA/cifar100_500_Jul.02_15.36.04_foolsgold_fix_True_no-mia_no-mia-class_no-noise_modelreplace_5/agg_records/pkl/round_0139_foolsgold.pkl
140,foolsgold,success,"[4, 33, 32, 95, 60, 72, 23, 51, 2, 11]","[4, 2, 11]","[33, 32, 95, 60, 72, 23, 51]",10,3,"[""foolsgold""]",../main/re_result_6-29_APRA/cifar100_500_Jul.02_15.36.04_foolsgold_fix_True_no-mia_no-mia-class_no-noise_modelreplace_5/agg_records/pkl/round_0140_foolsgold.pkl
141,foolsgold,success,"[4, 58, 61, 92, 80, 97, 45, 83, 29, 25]",[4],"[58, 61, 92, 80, 97, 45, 83, 29, 25]",10,1,"[""foolsgold""]",../main/re_result_6-29_APRA/cifar100_500_Jul.02_15.36.04_foolsgold_fix_True_no-mia_no-mia-class_no-noise_modelreplace_5/agg_records/pkl/round_0141_foolsgold.pkl
142,foolsgold,success,"[2, 19, 18, 42, 28, 76, 29, 79, 17, 34]",[2],"[19, 18, 42, 28, 76, 29, 79, 17, 34]",10,1,"[""foolsgold""]",../main/re_result_6-29_APRA/cifar100_500_Jul.02_15.36.04_foolsgold_fix_True_no-mia_no-mia-class_no-noise_modelreplace_5/agg_records/pkl/round_0142_foolsgold.pkl
143,foolsgold,success,"[1, 47, 98, 64, 62, 58, 99, 24, 59, 33]","[1, 59]","[47, 98, 64, 62, 58, 99, 24, 33]",10,2,"[""foolsgold""]",../main/re_result_6-29_APRA/cifar100_500_Jul.02_15.36.04_foolsgold_fix_True_no-mia_no-mia-class_no-noise_modelreplace_5/agg_records/pkl/round_0143_foolsgold.pkl
144,foolsgold,success,"[2, 58, 87, 44, 7, 22, 14, 85, 67, 68]","[2, 44]","[58, 87, 7, 22, 14, 85, 67, 68]",10,2,"[""foolsgold""]",../main/re_result_6-29_APRA/cifar100_500_Jul.02_15.36.04_foolsgold_fix_True_no-mia_no-mia-class_no-noise_modelreplace_5/agg_records/pkl/round_0144_foolsgold.pkl
145,foolsgold,success,"[2, 24, 12, 13, 37, 68, 40, 56, 5, 30]",[2],"[24, 12, 13, 37, 68, 40, 56, 5, 30]",10,1,"[""foolsgold""]",../main/re_result_6-29_APRA/cifar100_500_Jul.02_15.36.04_foolsgold_fix_True_no-mia_no-mia-class_no-noise_modelreplace_5/agg_records/pkl/round_0145_foolsgold.pkl
146,foolsgold,success,"[3, 25, 68, 30, 75, 51, 92, 99, 69, 63]",[3],"[25, 68, 30, 75, 51, 92, 99, 69, 63]",10,1,"[""foolsgold""]",../main/re_result_6-29_APRA/cifar100_500_Jul.02_15.36.04_foolsgold_fix_True_no-mia_no-mia-class_no-noise_modelreplace_5/agg_records/pkl/round_0146_foolsgold.pkl
147,foolsgold,success,"[4, 65, 39, 23, 2, 98, 96, 86, 37, 60]","[4, 39, 23, 2]","[65, 98, 96, 86, 37, 60]",10,4,"[""foolsgold""]",../main/re_result_6-29_APRA/cifar100_500_Jul.02_15.36.04_foolsgold_fix_True_no-mia_no-mia-class_no-noise_modelreplace_5/agg_records/pkl/round_0147_foolsgold.pkl
148,foolsgold,success,"[2, 89, 81, 76, 99, 72, 32, 48, 85, 65]",[2],"[89, 81, 76, 99, 72, 32, 48, 85, 65]",10,1,"[""foolsgold""]",../main/re_result_6-29_APRA/cifar100_500_Jul.02_15.36.04_foolsgold_fix_True_no-mia_no-mia-class_no-noise_modelreplace_5/agg_records/pkl/round_0148_foolsgold.pkl
149,foolsgold,success,"[4, 40, 58, 97, 61, 8, 50, 74, 90, 93]","[4, 50]","[40, 58, 97, 61, 8, 74, 90, 93]",10,2,"[""foolsgold""]",../main/re_result_6-29_APRA/cifar100_500_Jul.02_15.36.04_foolsgold_fix_True_no-mia_no-mia-class_no-noise_modelreplace_5/agg_records/pkl/round_0149_foolsgold.pkl
150,foolsgold,success,"[1, 88, 76, 23, 68, 44, 31, 17, 83, 82]","[1, 76, 23, 44]","[88, 68, 31, 17, 83, 82]",10,4,"[""foolsgold""]",../main/re_result_6-29_APRA/cifar100_500_Jul.02_15.36.04_foolsgold_fix_True_no-mia_no-mia-class_no-noise_modelreplace_5/agg_records/pkl/round_0150_foolsgold.pkl
151,foolsgold,success,"[0, 20, 41, 40, 53, 11, 54, 92, 86, 91]","[0, 11]","[20, 41, 40, 53, 54, 92, 86, 91]",10,2,"[""foolsgold""]",../main/re_result_6-29_APRA/cifar100_500_Jul.02_15.36.04_foolsgold_fix_True_no-mia_no-mia-class_no-noise_modelreplace_5/agg_records/pkl/round_0151_foolsgold.pkl
152,foolsgold,success,"[3, 76, 38, 53, 96, 57, 83, 58, 68, 86]",[3],"[76, 38, 53, 96, 57, 83, 58, 68, 86]",10,1,"[""foolsgold""]",../main/re_result_6-29_APRA/cifar100_500_Jul.02_15.36.04_foolsgold_fix_True_no-mia_no-mia-class_no-noise_modelreplace_5/agg_records/pkl/round_0152_foolsgold.pkl
153,foolsgold,success,"[0, 67, 98, 73, 56, 28, 92, 54, 96, 11]","[0, 73, 11]","[67, 98, 56, 28, 92, 54, 96]",10,3,"[""foolsgold""]",../main/re_result_6-29_APRA/cifar100_500_Jul.02_15.36.04_foolsgold_fix_True_no-mia_no-mia-class_no-noise_modelreplace_5/agg_records/pkl/round_0153_foolsgold.pkl
154,foolsgold,success,"[1, 74, 42, 80, 92, 38, 82, 75, 18, 91]",[1],"[74, 42, 80, 92, 38, 82, 75, 18, 91]",10,1,"[""foolsgold""]",../main/re_result_6-29_APRA/cifar100_500_Jul.02_15.36.04_foolsgold_fix_True_no-mia_no-mia-class_no-noise_modelreplace_5/agg_records/pkl/round_0154_foolsgold.pkl
155,foolsgold,success,"[0, 15, 92, 72, 43, 96, 57, 23, 30, 81]",[0],"[15, 92, 72, 43, 96, 57, 23, 30, 81]",10,1,"[""foolsgold""]",../main/re_result_6-29_APRA/cifar100_500_Jul.02_15.36.04_foolsgold_fix_True_no-mia_no-mia-class_no-noise_modelreplace_5/agg_records/pkl/round_0155_foolsgold.pkl
156,foolsgold,success,"[2, 81, 7, 12, 80, 36, 59, 28, 64, 63]","[2, 59]","[81, 7, 12, 80, 36, 28, 64, 63]",10,2,"[""foolsgold""]",../main/re_result_6-29_APRA/cifar100_500_Jul.02_15.36.04_foolsgold_fix_True_no-mia_no-mia-class_no-noise_modelreplace_5/agg_records/pkl/round_0156_foolsgold.pkl
157,foolsgold,success,"[4, 55, 18, 52, 87, 26, 65, 75, 49, 46]","[4, 18]","[55, 52, 87, 26, 65, 75, 49, 46]",10,2,"[""foolsgold""]",../main/re_result_6-29_APRA/cifar100_500_Jul.02_15.36.04_foolsgold_fix_True_no-mia_no-mia-class_no-noise_modelreplace_5/agg_records/pkl/round_0157_foolsgold.pkl
158,foolsgold,success,"[2, 99, 73, 80, 64, 87, 60, 11, 91, 62]","[2, 73, 11]","[99, 80, 64, 87, 60, 91, 62]",10,3,"[""foolsgold""]",../main/re_result_6-29_APRA/cifar100_500_Jul.02_15.36.04_foolsgold_fix_True_no-mia_no-mia-class_no-noise_modelreplace_5/agg_records/pkl/round_0158_foolsgold.pkl
159,foolsgold,success,"[4, 81, 20, 18, 2, 6, 71, 92, 83, 16]","[4, 20, 2, 16]","[81, 18, 6, 71, 92, 83]",10,4,"[""foolsgold""]",../main/re_result_6-29_APRA/cifar100_500_Jul.02_15.36.04_foolsgold_fix_True_no-mia_no-mia-class_no-noise_modelreplace_5/agg_records/pkl/round_0159_foolsgold.pkl
160,foolsgold,success,"[0, 4, 13, 96, 33, 23, 65, 53, 86, 54]","[0, 4, 13, 96, 23, 86]","[33, 65, 53, 54]",10,6,"[""foolsgold""]",../main/re_result_6-29_APRA/cifar100_500_Jul.02_15.36.04_foolsgold_fix_True_no-mia_no-mia-class_no-noise_modelreplace_5/agg_records/pkl/round_0160_foolsgold.pkl
161,foolsgold,success,"[4, 8, 51, 24, 41, 11, 42, 63, 76, 44]","[4, 11, 44]","[8, 51, 24, 41, 42, 63, 76]",10,3,"[""foolsgold""]",../main/re_result_6-29_APRA/cifar100_500_Jul.02_15.36.04_foolsgold_fix_True_no-mia_no-mia-class_no-noise_modelreplace_5/agg_records/pkl/round_0161_foolsgold.pkl
162,foolsgold,success,"[0, 33, 75, 99, 97, 98, 6, 73, 90, 51]","[0, 99]","[33, 75, 97, 98, 6, 73, 90, 51]",10,2,"[""foolsgold""]",../main/re_result_6-29_APRA/cifar100_500_Jul.02_15.36.04_foolsgold_fix_True_no-mia_no-mia-class_no-noise_modelreplace_5/agg_records/pkl/round_0162_foolsgold.pkl
163,foolsgold,success,"[3, 13, 81, 90, 86, 1, 85, 66, 0, 92]","[3, 86, 1, 0]","[13, 81, 90, 85, 66, 92]",10,4,"[""foolsgold""]",../main/re_result_6-29_APRA/cifar100_500_Jul.02_15.36.04_foolsgold_fix_True_no-mia_no-mia-class_no-noise_modelreplace_5/agg_records/pkl/round_0163_foolsgold.pkl
164,foolsgold,success,"[2, 81, 46, 66, 89, 62, 24, 35, 21, 85]",[2],"[81, 46, 66, 89, 62, 24, 35, 21, 85]",10,1,"[""foolsgold""]",../main/re_result_6-29_APRA/cifar100_500_Jul.02_15.36.04_foolsgold_fix_True_no-mia_no-mia-class_no-noise_modelreplace_5/agg_records/pkl/round_0164_foolsgold.pkl
165,foolsgold,success,"[1, 62, 87, 83, 38, 93, 89, 76, 51, 55]",[1],"[62, 87, 83, 38, 93, 89, 76, 51, 55]",10,1,"[""foolsgold""]",../main/re_result_6-29_APRA/cifar100_500_Jul.02_15.36.04_foolsgold_fix_True_no-mia_no-mia-class_no-noise_modelreplace_5/agg_records/pkl/round_0165_foolsgold.pkl
166,foolsgold,success,"[2, 91, 85, 17, 80, 39, 67, 26, 6, 45]",[2],"[91, 85, 17, 80, 39, 67, 26, 6, 45]",10,1,"[""foolsgold""]",../main/re_result_6-29_APRA/cifar100_500_Jul.02_15.36.04_foolsgold_fix_True_no-mia_no-mia-class_no-noise_modelreplace_5/agg_records/pkl/round_0166_foolsgold.pkl
167,foolsgold,success,"[0, 59, 16, 76, 60, 20, 96, 43, 9, 24]","[0, 24]","[59, 16, 76, 60, 20, 96, 43, 9]",10,2,"[""foolsgold""]",../main/re_result_6-29_APRA/cifar100_500_Jul.02_15.36.04_foolsgold_fix_True_no-mia_no-mia-class_no-noise_modelreplace_5/agg_records/pkl/round_0167_foolsgold.pkl
168,foolsgold,success,"[1, 33, 27, 98, 31, 42, 30, 56, 60, 48]","[1, 30]","[33, 27, 98, 31, 42, 56, 60, 48]",10,2,"[""foolsgold""]",../main/re_result_6-29_APRA/cifar100_500_Jul.02_15.36.04_foolsgold_fix_True_no-mia_no-mia-class_no-noise_modelreplace_5/agg_records/pkl/round_0168_foolsgold.pkl
169,foolsgold,success,"[3, 88, 62, 64, 57, 28, 33, 93, 17, 50]",[3],"[88, 62, 64, 57, 28, 33, 93, 17, 50]",10,1,"[""foolsgold""]",../main/re_result_6-29_APRA/cifar100_500_Jul.02_15.36.04_foolsgold_fix_True_no-mia_no-mia-class_no-noise_modelreplace_5/agg_records/pkl/round_0169_foolsgold.pkl
170,foolsgold,success,"[2, 69, 62, 42, 7, 27, 86, 9, 1, 39]","[2, 69, 62, 42, 7, 27, 86, 9, 1, 39]",[],10,10,"[""foolsgold""]",../main/re_result_6-29_APRA/cifar100_500_Jul.02_15.36.04_foolsgold_fix_True_no-mia_no-mia-class_no-noise_modelreplace_5/agg_records/pkl/round_0170_foolsgold.pkl
171,foolsgold,success,"[4, 57, 77, 12, 33, 0, 61, 62, 10, 81]","[4, 0, 81]","[57, 77, 12, 33, 61, 62, 10]",10,3,"[""foolsgold""]",../main/re_result_6-29_APRA/cifar100_500_Jul.02_15.36.04_foolsgold_fix_True_no-mia_no-mia-class_no-noise_modelreplace_5/agg_records/pkl/round_0171_foolsgold.pkl
172,foolsgold,success,"[1, 66, 4, 53, 11, 85, 74, 77, 5, 62]","[1, 4, 11]","[66, 53, 85, 74, 77, 5, 62]",10,3,"[""foolsgold""]",../main/re_result_6-29_APRA/cifar100_500_Jul.02_15.36.04_foolsgold_fix_True_no-mia_no-mia-class_no-noise_modelreplace_5/agg_records/pkl/round_0172_foolsgold.pkl
173,foolsgold,success,"[2, 51, 91, 53, 78, 98, 64, 86, 35, 61]","[2, 51, 86]","[91, 53, 78, 98, 64, 35, 61]",10,3,"[""foolsgold""]",../main/re_result_6-29_APRA/cifar100_500_Jul.02_15.36.04_foolsgold_fix_True_no-mia_no-mia-class_no-noise_modelreplace_5/agg_records/pkl/round_0173_foolsgold.pkl
174,foolsgold,success,"[1, 96, 12, 59, 16, 97, 22, 38, 99, 30]","[1, 59, 99]","[96, 12, 16, 97, 22, 38, 30]",10,3,"[""foolsgold""]",../main/re_result_6-29_APRA/cifar100_500_Jul.02_15.36.04_foolsgold_fix_True_no-mia_no-mia-class_no-noise_modelreplace_5/agg_records/pkl/round_0174_foolsgold.pkl
175,foolsgold,success,"[2, 50, 55, 65, 85, 32, 95, 7, 28, 20]","[2, 32, 28]","[50, 55, 65, 85, 95, 7, 20]",10,3,"[""foolsgold""]",../main/re_result_6-29_APRA/cifar100_500_Jul.02_15.36.04_foolsgold_fix_True_no-mia_no-mia-class_no-noise_modelreplace_5/agg_records/pkl/round_0175_foolsgold.pkl
176,foolsgold,success,"[2, 97, 26, 50, 74, 48, 92, 19, 47, 42]","[2, 50]","[97, 26, 74, 48, 92, 19, 47, 42]",10,2,"[""foolsgold""]",../main/re_result_6-29_APRA/cifar100_500_Jul.02_15.36.04_foolsgold_fix_True_no-mia_no-mia-class_no-noise_modelreplace_5/agg_records/pkl/round_0176_foolsgold.pkl
177,foolsgold,success,"[4, 58, 94, 95, 49, 63, 27, 41, 1, 61]","[4, 1]","[58, 94, 95, 49, 63, 27, 41, 61]",10,2,"[""foolsgold""]",../main/re_result_6-29_APRA/cifar100_500_Jul.02_15.36.04_foolsgold_fix_True_no-mia_no-mia-class_no-noise_modelreplace_5/agg_records/pkl/round_0177_foolsgold.pkl
178,foolsgold,success,"[4, 98, 12, 96, 8, 85, 64, 23, 67, 89]","[4, 85]","[98, 12, 96, 8, 64, 23, 67, 89]",10,2,"[""foolsgold""]",../main/re_result_6-29_APRA/cifar100_500_Jul.02_15.36.04_foolsgold_fix_True_no-mia_no-mia-class_no-noise_modelreplace_5/agg_records/pkl/round_0178_foolsgold.pkl
179,foolsgold,success,"[1, 84, 77, 39, 60, 50, 35, 93, 54, 96]","[1, 39, 35]","[84, 77, 60, 50, 93, 54, 96]",10,3,"[""foolsgold""]",../main/re_result_6-29_APRA/cifar100_500_Jul.02_15.36.04_foolsgold_fix_True_no-mia_no-mia-class_no-noise_modelreplace_5/agg_records/pkl/round_0179_foolsgold.pkl
180,foolsgold,success,"[0, 24, 88, 49, 12, 34, 79, 90, 82, 78]","[0, 24, 78]","[88, 49, 12, 34, 79, 90, 82]",10,3,"[""foolsgold""]",../main/re_result_6-29_APRA/cifar100_500_Jul.02_15.36.04_foolsgold_fix_True_no-mia_no-mia-class_no-noise_modelreplace_5/agg_records/pkl/round_0180_foolsgold.pkl
181,foolsgold,success,"[1, 85, 52, 86, 31, 14, 99, 74, 51, 23]","[1, 85, 86, 99, 51, 23]","[52, 31, 14, 74]",10,6,"[""foolsgold""]",../main/re_result_6-29_APRA/cifar100_500_Jul.02_15.36.04_foolsgold_fix_True_no-mia_no-mia-class_no-noise_modelreplace_5/agg_records/pkl/round_0181_foolsgold.pkl
182,foolsgold,success,"[3, 43, 51, 90, 39, 33, 29, 75, 98, 5]","[3, 51, 39]","[43, 90, 33, 29, 75, 98, 5]",10,3,"[""foolsgold""]",../main/re_result_6-29_APRA/cifar100_500_Jul.02_15.36.04_foolsgold_fix_True_no-mia_no-mia-class_no-noise_modelreplace_5/agg_records/pkl/round_0182_foolsgold.pkl
183,foolsgold,success,"[4, 41, 9, 81, 78, 44, 51, 52, 28, 2]","[4, 81, 44, 51, 28, 2]","[41, 9, 78, 52]",10,6,"[""foolsgold""]",../main/re_result_6-29_APRA/cifar100_500_Jul.02_15.36.04_foolsgold_fix_True_no-mia_no-mia-class_no-noise_modelreplace_5/agg_records/pkl/round_0183_foolsgold.pkl
184,foolsgold,success,"[0, 84, 51, 26, 50, 19, 92, 16, 7, 46]","[0, 51, 50, 92]","[84, 26, 19, 16, 7, 46]",10,4,"[""foolsgold""]",../main/re_result_6-29_APRA/cifar100_500_Jul.02_15.36.04_foolsgold_fix_True_no-mia_no-mia-class_no-noise_modelreplace_5/agg_records/pkl/round_0184_foolsgold.pkl
185,foolsgold,success,"[0, 50, 34, 8, 58, 66, 60, 95, 92, 83]","[0, 92]","[50, 34, 8, 58, 66, 60, 95, 83]",10,2,"[""foolsgold""]",../main/re_result_6-29_APRA/cifar100_500_Jul.02_15.36.04_foolsgold_fix_True_no-mia_no-mia-class_no-noise_modelreplace_5/agg_records/pkl/round_0185_foolsgold.pkl
186,foolsgold,success,"[0, 39, 65, 14, 12, 27, 95, 84, 47, 98]","[0, 39]","[65, 14, 12, 27, 95, 84, 47, 98]",10,2,"[""foolsgold""]",../main/re_result_6-29_APRA/cifar100_500_Jul.02_15.36.04_foolsgold_fix_True_no-mia_no-mia-class_no-noise_modelreplace_5/agg_records/pkl/round_0186_foolsgold.pkl
187,foolsgold,success,"[1, 89, 94, 61, 96, 81, 86, 32, 78, 54]","[1, 96, 81, 86, 78]","[89, 94, 61, 32, 54]",10,5,"[""foolsgold""]",../main/re_result_6-29_APRA/cifar100_500_Jul.02_15.36.04_foolsgold_fix_True_no-mia_no-mia-class_no-noise_modelreplace_5/agg_records/pkl/round_0187_foolsgold.pkl
188,foolsgold,success,"[2, 21, 62, 81, 98, 77, 41, 75, 96, 70]","[2, 81, 70]","[21, 62, 98, 77, 41, 75, 96]",10,3,"[""foolsgold""]",../main/re_result_6-29_APRA/cifar100_500_Jul.02_15.36.04_foolsgold_fix_True_no-mia_no-mia-class_no-noise_modelreplace_5/agg_records/pkl/round_0188_foolsgold.pkl
189,foolsgold,success,"[3, 57, 59, 61, 90, 8, 43, 47, 39, 67]","[3, 59, 39]","[57, 61, 90, 8, 43, 47, 67]",10,3,"[""foolsgold""]",../main/re_result_6-29_APRA/cifar100_500_Jul.02_15.36.04_foolsgold_fix_True_no-mia_no-mia-class_no-noise_modelreplace_5/agg_records/pkl/round_0189_foolsgold.pkl
190,foolsgold,success,"[4, 75, 92, 99, 5, 61, 12, 24, 89, 76]","[4, 92, 99, 12, 24, 76]","[75, 5, 61, 89]",10,6,"[""foolsgold""]",../main/re_result_6-29_APRA/cifar100_500_Jul.02_15.36.04_foolsgold_fix_True_no-mia_no-mia-class_no-noise_modelreplace_5/agg_records/pkl/round_0190_foolsgold.pkl
191,foolsgold,success,"[4, 50, 78, 98, 77, 13, 42, 38, 91, 71]","[4, 50, 78]","[98, 77, 13, 42, 38, 91, 71]",10,3,"[""foolsgold""]",../main/re_result_6-29_APRA/cifar100_500_Jul.02_15.36.04_foolsgold_fix_True_no-mia_no-mia-class_no-noise_modelreplace_5/agg_records/pkl/round_0191_foolsgold.pkl
192,foolsgold,success,"[1, 62, 2, 7, 85, 17, 74, 32, 28, 90]","[1, 62, 2, 7, 85, 17, 74, 32, 28, 90]",[],10,10,"[""foolsgold""]",../main/re_result_6-29_APRA/cifar100_500_Jul.02_15.36.04_foolsgold_fix_True_no-mia_no-mia-class_no-noise_modelreplace_5/agg_records/pkl/round_0192_foolsgold.pkl
193,foolsgold,success,"[0, 28, 17, 51, 66, 74, 25, 61, 34, 54]","[0, 28, 51, 66, 54]","[17, 74, 25, 61, 34]",10,5,"[""foolsgold""]",../main/re_result_6-29_APRA/cifar100_500_Jul.02_15.36.04_foolsgold_fix_True_no-mia_no-mia-class_no-noise_modelreplace_5/agg_records/pkl/round_0193_foolsgold.pkl
194,foolsgold,success,"[0, 21, 9, 32, 56, 98, 70, 69, 37, 10]","[0, 32, 69]","[21, 9, 56, 98, 70, 37, 10]",10,3,"[""foolsgold""]",../main/re_result_6-29_APRA/cifar100_500_Jul.02_15.36.04_foolsgold_fix_True_no-mia_no-mia-class_no-noise_modelreplace_5/agg_records/pkl/round_0194_foolsgold.pkl
195,foolsgold,success,"[2, 64, 62, 11, 89, 18, 95, 78, 9, 68]","[2, 11, 78]","[64, 62, 89, 18, 95, 9, 68]",10,3,"[""foolsgold""]",../main/re_result_6-29_APRA/cifar100_500_Jul.02_15.36.04_foolsgold_fix_True_no-mia_no-mia-class_no-noise_modelreplace_5/agg_records/pkl/round_0195_foolsgold.pkl
196,foolsgold,success,"[2, 23, 90, 81, 83, 48, 9, 93, 76, 46]","[2, 23, 81, 76]","[90, 83, 48, 9, 93, 46]",10,4,"[""foolsgold""]",../main/re_result_6-29_APRA/cifar100_500_Jul.02_15.36.04_foolsgold_fix_True_no-mia_no-mia-class_no-noise_modelreplace_5/agg_records/pkl/round_0196_foolsgold.pkl
197,foolsgold,success,"[3, 97, 11, 61, 56, 86, 47, 44, 72, 77]","[3, 11, 56, 86, 44]","[97, 61, 47, 72, 77]",10,5,"[""foolsgold""]",../main/re_result_6-29_APRA/cifar100_500_Jul.02_15.36.04_foolsgold_fix_True_no-mia_no-mia-class_no-noise_modelreplace_5/agg_records/pkl/round_0197_foolsgold.pkl
198,foolsgold,success,"[1, 20, 29, 89, 48, 47, 17, 70, 42, 72]","[1, 42]","[20, 29, 89, 48, 47, 17, 70, 72]",10,2,"[""foolsgold""]",../main/re_result_6-29_APRA/cifar100_500_Jul.02_15.36.04_foolsgold_fix_True_no-mia_no-mia-class_no-noise_modelreplace_5/agg_records/pkl/round_0198_foolsgold.pkl
199,foolsgold,success,"[3, 86, 4, 56, 25, 0, 20, 99, 19, 71]","[3, 86, 4, 0]","[56, 25, 20, 99, 19, 71]",10,4,"[""foolsgold""]",../main/re_result_6-29_APRA/cifar100_500_Jul.02_15.36.04_foolsgold_fix_True_no-mia_no-mia-class_no-noise_modelreplace_5/agg_records/pkl/round_0199_foolsgold.pkl
200,foolsgold,success,"[1, 78, 29, 31, 46, 19, 70, 57, 68, 79]","[1, 78]","[29, 31, 46, 19, 70, 57, 68, 79]",10,2,"[""foolsgold""]",../main/re_result_6-29_APRA/cifar100_500_Jul.02_15.36.04_foolsgold_fix_True_no-mia_no-mia-class_no-noise_modelreplace_5/agg_records/pkl/round_0200_foolsgold.pkl
201,foolsgold,success,"[3, 14, 48, 93, 25, 45, 77, 84, 53, 39]","[3, 77, 39]","[14, 48, 93, 25, 45, 84, 53]",10,3,"[""foolsgold""]",../main/re_result_6-29_APRA/cifar100_500_Jul.02_15.36.04_foolsgold_fix_True_no-mia_no-mia-class_no-noise_modelreplace_5/agg_records/pkl/round_0201_foolsgold.pkl
202,foolsgold,success,"[3, 21, 53, 68, 86, 40, 95, 64, 35, 36]","[3, 86]","[21, 53, 68, 40, 95, 64, 35, 36]",10,2,"[""foolsgold""]",../main/re_result_6-29_APRA/cifar100_500_Jul.02_15.36.04_foolsgold_fix_True_no-mia_no-mia-class_no-noise_modelreplace_5/agg_records/pkl/round_0202_foolsgold.pkl
203,foolsgold,success,"[2, 42, 5, 59, 88, 20, 67, 32, 14, 98]","[2, 59, 88, 20, 32]","[42, 5, 67, 14, 98]",10,5,"[""foolsgold""]",../main/re_result_6-29_APRA/cifar100_500_Jul.02_15.36.04_foolsgold_fix_True_no-mia_no-mia-class_no-noise_modelreplace_5/agg_records/pkl/round_0203_foolsgold.pkl
204,foolsgold,success,"[0, 16, 71, 46, 93, 88, 7, 68, 70, 62]","[0, 16, 88, 70, 62]","[71, 46, 93, 7, 68]",10,5,"[""foolsgold""]",../main/re_result_6-29_APRA/cifar100_500_Jul.02_15.36.04_foolsgold_fix_True_no-mia_no-mia-class_no-noise_modelreplace_5/agg_records/pkl/round_0204_foolsgold.pkl
205,foolsgold,success,"[2, 52, 95, 40, 45, 97, 4, 96, 87, 44]","[2, 4, 44]","[52, 95, 40, 45, 97, 96, 87]",10,3,"[""foolsgold""]",../main/re_result_6-29_APRA/cifar100_500_Jul.02_15.36.04_foolsgold_fix_True_no-mia_no-mia-class_no-noise_modelreplace_5/agg_records/pkl/round_0205_foolsgold.pkl
206,foolsgold,success,"[4, 15, 84, 1, 41, 68, 14, 0, 72, 83]","[4, 15, 1, 68, 0]","[84, 41, 14, 72, 83]",10,5,"[""foolsgold""]",../main/re_result_6-29_APRA/cifar100_500_Jul.02_15.36.04_foolsgold_fix_True_no-mia_no-mia-class_no-noise_modelreplace_5/agg_records/pkl/round_0206_foolsgold.pkl
207,foolsgold,success,"[4, 88, 54, 63, 77, 34, 33, 64, 56, 11]","[4, 88, 54, 56, 11]","[63, 77, 34, 33, 64]",10,5,"[""foolsgold""]",../main/re_result_6-29_APRA/cifar100_500_Jul.02_15.36.04_foolsgold_fix_True_no-mia_no-mia-class_no-noise_modelreplace_5/agg_records/pkl/round_0207_foolsgold.pkl
208,foolsgold,success,"[4, 28, 58, 69, 99, 94, 71, 55, 49, 25]","[4, 28]","[58, 69, 99, 94, 71, 55, 49, 25]",10,2,"[""foolsgold""]",../main/re_result_6-29_APRA/cifar100_500_Jul.02_15.36.04_foolsgold_fix_True_no-mia_no-mia-class_no-noise_modelreplace_5/agg_records/pkl/round_0208_foolsgold.pkl
209,foolsgold,success,"[3, 82, 38, 50, 98, 43, 32, 29, 30, 39]","[3, 50, 32, 30, 39]","[82, 38, 98, 43, 29]",10,5,"[""foolsgold""]",../main/re_result_6-29_APRA/cifar100_500_Jul.02_15.36.04_foolsgold_fix_True_no-mia_no-mia-class_no-noise_modelreplace_5/agg_records/pkl/round_0209_foolsgold.pkl
210,foolsgold,success,"[3, 57, 36, 96, 74, 53, 30, 26, 62, 19]","[3, 30]","[57, 36, 96, 74, 53, 26, 62, 19]",10,2,"[""foolsgold""]",../main/re_result_6-29_APRA/cifar100_500_Jul.02_15.36.04_foolsgold_fix_True_no-mia_no-mia-class_no-noise_modelreplace_5/agg_records/pkl/round_0210_foolsgold.pkl
211,foolsgold,success,"[1, 89, 56, 22, 65, 15, 79, 10, 45, 0]","[1, 89, 56, 22, 65, 15, 79, 10, 45, 0]",[],10,10,"[""foolsgold""]",../main/re_result_6-29_APRA/cifar100_500_Jul.02_15.36.04_foolsgold_fix_True_no-mia_no-mia-class_no-noise_modelreplace_5/agg_records/pkl/round_0211_foolsgold.pkl
212,foolsgold,success,"[1, 28, 63, 38, 27, 71, 82, 64, 32, 37]","[1, 28, 64, 32]","[63, 38, 27, 71, 82, 37]",10,4,"[""foolsgold""]",../main/re_result_6-29_APRA/cifar100_500_Jul.02_15.36.04_foolsgold_fix_True_no-mia_no-mia-class_no-noise_modelreplace_5/agg_records/pkl/round_0212_foolsgold.pkl
213,foolsgold,success,"[2, 7, 42, 22, 15, 77, 38, 1, 41, 82]","[2, 7, 42, 15, 77, 1, 41, 82]","[22, 38]",10,8,"[""foolsgold""]",../main/re_result_6-29_APRA/cifar100_500_Jul.02_15.36.04_foolsgold_fix_True_no-mia_no-mia-class_no-noise_modelreplace_5/agg_records/pkl/round_0213_foolsgold.pkl
214,foolsgold,success,"[0, 33, 61, 17, 97, 54, 4, 80, 62, 83]","[0, 61, 54, 4, 80, 83]","[33, 17, 97, 62]",10,6,"[""foolsgold""]",../main/re_result_6-29_APRA/cifar100_500_Jul.02_15.36.04_foolsgold_fix_True_no-mia_no-mia-class_no-noise_modelreplace_5/agg_records/pkl/round_0214_foolsgold.pkl
215,foolsgold,success,"[4, 55, 21, 77, 10, 35, 46, 76, 63, 58]","[4, 55, 77, 76]","[21, 10, 35, 46, 63, 58]",10,4,"[""foolsgold""]",../main/re_result_6-29_APRA/cifar100_500_Jul.02_15.36.04_foolsgold_fix_True_no-mia_no-mia-class_no-noise_modelreplace_5/agg_records/pkl/round_0215_foolsgold.pkl
216,foolsgold,success,"[1, 53, 49, 3, 74, 69, 97, 95, 41, 75]","[1, 53, 49, 3, 74, 69, 97, 95, 41, 75]",[],10,10,"[""foolsgold""]",../main/re_result_6-29_APRA/cifar100_500_Jul.02_15.36.04_foolsgold_fix_True_no-mia_no-mia-class_no-noise_modelreplace_5/agg_records/pkl/round_0216_foolsgold.pkl
217,foolsgold,success,"[0, 78, 72, 12, 57, 97, 39, 63, 93, 30]","[0, 39, 30]","[78, 72, 12, 57, 97, 63, 93]",10,3,"[""foolsgold""]",../main/re_result_6-29_APRA/cifar100_500_Jul.02_15.36.04_foolsgold_fix_True_no-mia_no-mia-class_no-noise_modelreplace_5/agg_records/pkl/round_0217_foolsgold.pkl
218,foolsgold,success,"[3, 56, 47, 27, 79, 57, 83, 68, 45, 58]","[3, 56]","[47, 27, 79, 57, 83, 68, 45, 58]",10,2,"[""foolsgold""]",../main/re_result_6-29_APRA/cifar100_500_Jul.02_15.36.04_foolsgold_fix_True_no-mia_no-mia-class_no-noise_modelreplace_5/agg_records/pkl/round_0218_foolsgold.pkl
219,foolsgold,success,"[2, 65, 96, 77, 88, 45, 84, 47, 58, 15]","[2, 65, 77, 88, 58, 15]","[96, 45, 84, 47]",10,6,"[""foolsgold""]",../main/re_result_6-29_APRA/cifar100_500_Jul.02_15.36.04_foolsgold_fix_True_no-mia_no-mia-class_no-noise_modelreplace_5/agg_records/pkl/round_0219_foolsgold.pkl
220,foolsgold,success,"[1, 15, 81, 79, 69, 33, 34, 93, 77, 50]","[1, 15, 69, 77, 50]","[81, 79, 33, 34, 93]",10,5,"[""foolsgold""]",../main/re_result_6-29_APRA/cifar100_500_Jul.02_15.36.04_foolsgold_fix_True_no-mia_no-mia-class_no-noise_modelreplace_5/agg_records/pkl/round_0220_foolsgold.pkl
221,foolsgold,success,"[0, 56, 32, 73, 41, 24, 44, 62, 33, 36]","[0, 56, 32, 73, 24, 44, 62, 36]","[41, 33]",10,8,"[""foolsgold""]",../main/re_result_6-29_APRA/cifar100_500_Jul.02_15.36.04_foolsgold_fix_True_no-mia_no-mia-class_no-noise_modelreplace_5/agg_records/pkl/round_0221_foolsgold.pkl
222,foolsgold,success,"[1, 57, 82, 21, 11, 19, 29, 65, 36, 66]","[1, 82, 11, 19, 36, 66]","[57, 21, 29, 65]",10,6,"[""foolsgold""]",../main/re_result_6-29_APRA/cifar100_500_Jul.02_15.36.04_foolsgold_fix_True_no-mia_no-mia-class_no-noise_modelreplace_5/agg_records/pkl/round_0222_foolsgold.pkl
223,foolsgold,success,"[3, 57, 48, 50, 10, 80, 11, 71, 97, 73]","[3, 50, 80, 11]","[57, 48, 10, 71, 97, 73]",10,4,"[""foolsgold""]",../main/re_result_6-29_APRA/cifar100_500_Jul.02_15.36.04_foolsgold_fix_True_no-mia_no-mia-class_no-noise_modelreplace_5/agg_records/pkl/round_0223_foolsgold.pkl
224,foolsgold,success,"[4, 61, 43, 48, 64, 76, 86, 69, 29, 17]","[4, 61, 76, 86, 69, 17]","[43, 48, 64, 29]",10,6,"[""foolsgold""]",../main/re_result_6-29_APRA/cifar100_500_Jul.02_15.36.04_foolsgold_fix_True_no-mia_no-mia-class_no-noise_modelreplace_5/agg_records/pkl/round_0224_foolsgold.pkl
225,foolsgold,success,"[1, 77, 6, 82, 4, 8, 42, 76, 2, 41]","[1, 77, 82, 4, 42, 2]","[6, 8, 76, 41]",10,6,"[""foolsgold""]",../main/re_result_6-29_APRA/cifar100_500_Jul.02_15.36.04_foolsgold_fix_True_no-mia_no-mia-class_no-noise_modelreplace_5/agg_records/pkl/round_0225_foolsgold.pkl
226,foolsgold,success,"[2, 45, 95, 15, 57, 30, 49, 42, 71, 47]","[2, 15, 30, 49, 42]","[45, 95, 57, 71, 47]",10,5,"[""foolsgold""]",../main/re_result_6-29_APRA/cifar100_500_Jul.02_15.36.04_foolsgold_fix_True_no-mia_no-mia-class_no-noise_modelreplace_5/agg_records/pkl/round_0226_foolsgold.pkl
227,foolsgold,success,"[2, 5, 42, 94, 73, 9, 74, 29, 36, 39]","[2, 42, 73, 29, 36, 39]","[5, 94, 9, 74]",10,6,"[""foolsgold""]",../main/re_result_6-29_APRA/cifar100_500_Jul.02_15.36.04_foolsgold_fix_True_no-mia_no-mia-class_no-noise_modelreplace_5/agg_records/pkl/round_0227_foolsgold.pkl
228,foolsgold,success,"[1, 38, 53, 17, 85, 95, 61, 14, 18, 25]","[1, 85, 61]","[38, 53, 17, 95, 14, 18, 25]",10,3,"[""foolsgold""]",../main/re_result_6-29_APRA/cifar100_500_Jul.02_15.36.04_foolsgold_fix_True_no-mia_no-mia-class_no-noise_modelreplace_5/agg_records/pkl/round_0228_foolsgold.pkl
229,foolsgold,success,"[4, 30, 32, 8, 98, 53, 44, 31, 26, 48]","[4, 30, 32, 44]","[8, 98, 53, 31, 26, 48]",10,4,"[""foolsgold""]",../main/re_result_6-29_APRA/cifar100_500_Jul.02_15.36.04_foolsgold_fix_True_no-mia_no-mia-class_no-noise_modelreplace_5/agg_records/pkl/round_0229_foolsgold.pkl
230,foolsgold,success,"[1, 92, 48, 79, 61, 41, 75, 86, 70, 3]","[1, 92, 48, 79, 61, 41, 75, 86, 70, 3]",[],10,10,"[""foolsgold""]",../main/re_result_6-29_APRA/cifar100_500_Jul.02_15.36.04_foolsgold_fix_True_no-mia_no-mia-class_no-noise_modelreplace_5/agg_records/pkl/round_0230_foolsgold.pkl
231,foolsgold,success,"[4, 51, 21, 65, 24, 94, 91, 16, 77, 52]","[4, 51, 91, 16, 77]","[21, 65, 24, 94, 52]",10,5,"[""foolsgold""]",../main/re_result_6-29_APRA/cifar100_500_Jul.02_15.36.04_foolsgold_fix_True_no-mia_no-mia-class_no-noise_modelreplace_5/agg_records/pkl/round_0231_foolsgold.pkl
232,foolsgold,success,"[0, 68, 63, 72, 98, 81, 42, 82, 61, 65]","[0, 68, 81, 42, 82, 61, 65]","[63, 72, 98]",10,7,"[""foolsgold""]",../main/re_result_6-29_APRA/cifar100_500_Jul.02_15.36.04_foolsgold_fix_True_no-mia_no-mia-class_no-noise_modelreplace_5/agg_records/pkl/round_0232_foolsgold.pkl
233,foolsgold,success,"[4, 19, 90, 61, 25, 60, 55, 32, 7, 76]","[4, 90, 61, 25, 55, 32, 76]","[19, 60, 7]",10,7,"[""foolsgold""]",../main/re_result_6-29_APRA/cifar100_500_Jul.02_15.36.04_foolsgold_fix_True_no-mia_no-mia-class_no-noise_modelreplace_5/agg_records/pkl/round_0233_foolsgold.pkl
234,foolsgold,success,"[3, 59, 29, 75, 83, 66, 93, 32, 56, 50]","[3, 59, 29, 83, 32, 56, 50]","[75, 66, 93]",10,7,"[""foolsgold""]",../main/re_result_6-29_APRA/cifar100_500_Jul.02_15.36.04_foolsgold_fix_True_no-mia_no-mia-class_no-noise_modelreplace_5/agg_records/pkl/round_0234_foolsgold.pkl
235,foolsgold,success,"[3, 4, 73, 64, 85, 65, 42, 43, 1, 97]","[3, 4, 64, 65, 42, 1]","[73, 85, 43, 97]",10,6,"[""foolsgold""]",../main/re_result_6-29_APRA/cifar100_500_Jul.02_15.36.04_foolsgold_fix_True_no-mia_no-mia-class_no-noise_modelreplace_5/agg_records/pkl/round_0235_foolsgold.pkl
236,foolsgold,success,"[0, 88, 83, 38, 36, 47, 85, 6, 57, 91]","[0, 83, 36, 85, 91]","[88, 38, 47, 6, 57]",10,5,"[""foolsgold""]",../main/re_result_6-29_APRA/cifar100_500_Jul.02_15.36.04_foolsgold_fix_True_no-mia_no-mia-class_no-noise_modelreplace_5/agg_records/pkl/round_0236_foolsgold.pkl
237,foolsgold,success,"[1, 77, 52, 21, 79, 94, 99, 95, 4, 88]","[1, 77, 79, 94, 99, 95, 4, 88]","[52, 21]",10,8,"[""foolsgold""]",../main/re_result_6-29_APRA/cifar100_500_Jul.02_15.36.04_foolsgold_fix_True_no-mia_no-mia-class_no-noise_modelreplace_5/agg_records/pkl/round_0237_foolsgold.pkl
238,foolsgold,success,"[0, 3, 57, 79, 30, 91, 24, 89, 19, 52]","[0, 3, 30, 91, 24, 19]","[57, 79, 89, 52]",10,6,"[""foolsgold""]",../main/re_result_6-29_APRA/cifar100_500_Jul.02_15.36.04_foolsgold_fix_True_no-mia_no-mia-class_no-noise_modelreplace_5/agg_records/pkl/round_0238_foolsgold.pkl
239,foolsgold,success,"[2, 19, 58, 67, 21, 45, 38, 50, 31, 3]","[2, 19, 58, 50, 3]","[67, 21, 45, 38, 31]",10,5,"[""foolsgold""]",../main/re_result_6-29_APRA/cifar100_500_Jul.02_15.36.04_foolsgold_fix_True_no-mia_no-mia-class_no-noise_modelreplace_5/agg_records/pkl/round_0239_foolsgold.pkl
240,foolsgold,success,"[2, 80, 39, 86, 11, 95, 45, 55, 64, 16]","[2, 39, 86, 11, 55, 64, 16]","[80, 95, 45]",10,7,"[""foolsgold""]",../main/re_result_6-29_APRA/cifar100_500_Jul.02_15.36.04_foolsgold_fix_True_no-mia_no-mia-class_no-noise_modelreplace_5/agg_records/pkl/round_0240_foolsgold.pkl
241,foolsgold,success,"[0, 59, 57, 41, 27, 75, 71, 99, 93, 22]","[0, 59, 41, 99, 93]","[57, 27, 75, 71, 22]",10,5,"[""foolsgold""]",../main/re_result_6-29_APRA/cifar100_500_Jul.02_15.36.04_foolsgold_fix_True_no-mia_no-mia-class_no-noise_modelreplace_5/agg_records/pkl/round_0241_foolsgold.pkl
242,foolsgold,success,"[2, 82, 41, 71, 12, 92, 76, 59, 86, 5]","[2, 41, 92, 86]","[82, 71, 12, 76, 59, 5]",10,4,"[""foolsgold""]",../main/re_result_6-29_APRA/cifar100_500_Jul.02_15.36.04_foolsgold_fix_True_no-mia_no-mia-class_no-noise_modelreplace_5/agg_records/pkl/round_0242_foolsgold.pkl
243,foolsgold,success,"[4, 86, 65, 39, 0, 64, 43, 92, 41, 98]","[4, 86, 65, 39, 0, 43, 41]","[64, 92, 98]",10,7,"[""foolsgold""]",../main/re_result_6-29_APRA/cifar100_500_Jul.02_15.36.04_foolsgold_fix_True_no-mia_no-mia-class_no-noise_modelreplace_5/agg_records/pkl/round_0243_foolsgold.pkl
244,foolsgold,success,"[1, 89, 71, 0, 47, 26, 95, 51, 44, 80]","[1, 89, 71, 0, 47, 26, 95, 51, 44, 80]",[],10,10,"[""foolsgold""]",../main/re_result_6-29_APRA/cifar100_500_Jul.02_15.36.04_foolsgold_fix_True_no-mia_no-mia-class_no-noise_modelreplace_5/agg_records/pkl/round_0244_foolsgold.pkl
245,foolsgold,success,"[3, 19, 56, 67, 28, 80, 48, 5, 99, 59]","[3, 67, 28, 80, 48, 5, 99, 59]","[19, 56]",10,8,"[""foolsgold""]",../main/re_result_6-29_APRA/cifar100_500_Jul.02_15.36.04_foolsgold_fix_True_no-mia_no-mia-class_no-noise_modelreplace_5/agg_records/pkl/round_0245_foolsgold.pkl
246,foolsgold,success,"[0, 45, 11, 25, 6, 53, 78, 54, 58, 24]","[0, 11, 25, 53, 78, 54, 58, 24]","[45, 6]",10,8,"[""foolsgold""]",../main/re_result_6-29_APRA/cifar100_500_Jul.02_15.36.04_foolsgold_fix_True_no-mia_no-mia-class_no-noise_modelreplace_5/agg_records/pkl/round_0246_foolsgold.pkl
247,foolsgold,success,"[0, 17, 69, 14, 41, 50, 71, 32, 58, 4]","[0, 17, 69, 41, 50, 32, 58, 4]","[14, 71]",10,8,"[""foolsgold""]",../main/re_result_6-29_APRA/cifar100_500_Jul.02_15.36.04_foolsgold_fix_True_no-mia_no-mia-class_no-noise_modelreplace_5/agg_records/pkl/round_0247_foolsgold.pkl
248,foolsgold,success,"[1, 62, 67, 43, 29, 58, 73, 72, 99, 20]","[1, 62, 29, 58, 73]","[67, 43, 72, 99, 20]",10,5,"[""foolsgold""]",../main/re_result_6-29_APRA/cifar100_500_Jul.02_15.36.04_foolsgold_fix_True_no-mia_no-mia-class_no-noise_modelreplace_5/agg_records/pkl/round_0248_foolsgold.pkl
249,foolsgold,success,"[0, 37, 93, 74, 22, 40, 11, 29, 61, 14]","[0, 40, 11, 29, 61]","[37, 93, 74, 22, 14]",10,5,"[""foolsgold""]",../main/re_result_6-29_APRA/cifar100_500_Jul.02_15.36.04_foolsgold_fix_True_no-mia_no-mia-class_no-noise_modelreplace_5/agg_records/pkl/round_0249_foolsgold.pkl
250,foolsgold,success,"[3, 31, 0, 55, 89, 25, 73, 5, 68, 48]","[3, 0, 55, 89, 73, 68]","[31, 25, 5, 48]",10,6,"[""foolsgold""]",../main/re_result_6-29_APRA/cifar100_500_Jul.02_15.36.04_foolsgold_fix_True_no-mia_no-mia-class_no-noise_modelreplace_5/agg_records/pkl/round_0250_foolsgold.pkl
251,foolsgold,success,"[4, 28, 5, 53, 72, 34, 88, 65, 27, 55]","[4, 28, 5, 88, 65, 55]","[53, 72, 34, 27]",10,6,"[""foolsgold""]",../main/re_result_6-29_APRA/cifar100_500_Jul.02_15.36.04_foolsgold_fix_True_no-mia_no-mia-class_no-noise_modelreplace_5/agg_records/pkl/round_0251_foolsgold.pkl
252,foolsgold,success,"[4, 16, 55, 57, 21, 26, 69, 51, 44, 86]","[4, 16, 69, 51, 44, 86]","[55, 57, 21, 26]",10,6,"[""foolsgold""]",../main/re_result_6-29_APRA/cifar100_500_Jul.02_15.36.04_foolsgold_fix_True_no-mia_no-mia-class_no-noise_modelreplace_5/agg_records/pkl/round_0252_foolsgold.pkl
253,foolsgold,success,"[3, 6, 52, 61, 62, 48, 45, 73, 46, 58]","[3, 61, 62, 48, 73, 58]","[6, 52, 45, 46]",10,6,"[""foolsgold""]",../main/re_result_6-29_APRA/cifar100_500_Jul.02_15.36.04_foolsgold_fix_True_no-mia_no-mia-class_no-noise_modelreplace_5/agg_records/pkl/round_0253_foolsgold.pkl
254,foolsgold,success,"[1, 95, 97, 42, 38, 13, 0, 41, 96, 82]","[1, 95, 97, 42, 38, 13, 0, 41, 96, 82]",[],10,10,"[""foolsgold""]",../main/re_result_6-29_APRA/cifar100_500_Jul.02_15.36.04_foolsgold_fix_True_no-mia_no-mia-class_no-noise_modelreplace_5/agg_records/pkl/round_0254_foolsgold.pkl
255,foolsgold,success,"[3, 62, 85, 17, 46, 1, 38, 6, 23, 43]","[3, 62, 85, 17, 1, 23]","[46, 38, 6, 43]",10,6,"[""foolsgold""]",../main/re_result_6-29_APRA/cifar100_500_Jul.02_15.36.04_foolsgold_fix_True_no-mia_no-mia-class_no-noise_modelreplace_5/agg_records/pkl/round_0255_foolsgold.pkl
256,foolsgold,success,"[4, 84, 79, 95, 65, 71, 9, 3, 81, 70]","[4, 65, 3, 81, 70]","[84, 79, 95, 71, 9]",10,5,"[""foolsgold""]",../main/re_result_6-29_APRA/cifar100_500_Jul.02_15.36.04_foolsgold_fix_True_no-mia_no-mia-class_no-noise_modelreplace_5/agg_records/pkl/round_0256_foolsgold.pkl
257,foolsgold,success,"[2, 42, 68, 58, 20, 28, 44, 63, 65, 38]","[2, 42, 58, 20, 28, 44, 65]","[68, 63, 38]",10,7,"[""foolsgold""]",../main/re_result_6-29_APRA/cifar100_500_Jul.02_15.36.04_foolsgold_fix_True_no-mia_no-mia-class_no-noise_modelreplace_5/agg_records/pkl/round_0257_foolsgold.pkl
258,foolsgold,success,"[2, 61, 81, 20, 6, 68, 3, 37, 15, 11]","[2, 61, 81, 20, 3, 15, 11]","[6, 68, 37]",10,7,"[""foolsgold""]",../main/re_result_6-29_APRA/cifar100_500_Jul.02_15.36.04_foolsgold_fix_True_no-mia_no-mia-class_no-noise_modelreplace_5/agg_records/pkl/round_0258_foolsgold.pkl
259,foolsgold,success,"[2, 8, 60, 95, 98, 39, 75, 32, 15, 52]","[2, 95, 39, 75, 32, 15]","[8, 60, 98, 52]",10,6,"[""foolsgold""]",../main/re_result_6-29_APRA/cifar100_500_Jul.02_15.36.04_foolsgold_fix_True_no-mia_no-mia-class_no-noise_modelreplace_5/agg_records/pkl/round_0259_foolsgold.pkl
260,foolsgold,success,"[3, 1, 67, 86, 16, 55, 99, 88, 15, 12]","[3, 1, 67, 86, 16, 55, 99, 88, 15, 12]",[],10,10,"[""foolsgold""]",../main/re_result_6-29_APRA/cifar100_500_Jul.02_15.36.04_foolsgold_fix_True_no-mia_no-mia-class_no-noise_modelreplace_5/agg_records/pkl/round_0260_foolsgold.pkl
261,foolsgold,success,"[2, 82, 47, 81, 49, 56, 12, 30, 83, 37]","[2, 82, 47, 81, 49, 56, 12, 30, 83, 37]",[],10,10,"[""foolsgold""]",../main/re_result_6-29_APRA/cifar100_500_Jul.02_15.36.04_foolsgold_fix_True_no-mia_no-mia-class_no-noise_modelreplace_5/agg_records/pkl/round_0261_foolsgold.pkl
262,foolsgold,success,"[0, 91, 36, 57, 85, 84, 46, 6, 40, 43]","[0, 91, 36, 85, 6]","[57, 84, 46, 40, 43]",10,5,"[""foolsgold""]",../main/re_result_6-29_APRA/cifar100_500_Jul.02_15.36.04_foolsgold_fix_True_no-mia_no-mia-class_no-noise_modelreplace_5/agg_records/pkl/round_0262_foolsgold.pkl
263,foolsgold,success,"[4, 39, 5, 83, 71, 76, 18, 17, 81, 62]","[4, 39, 83, 76, 18, 81, 62]","[5, 71, 17]",10,7,"[""foolsgold""]",../main/re_result_6-29_APRA/cifar100_500_Jul.02_15.36.04_foolsgold_fix_True_no-mia_no-mia-class_no-noise_modelreplace_5/agg_records/pkl/round_0263_foolsgold.pkl
264,foolsgold,success,"[0, 52, 74, 80, 88, 5, 84, 50, 40, 78]","[0, 52, 80, 88, 50, 78]","[74, 5, 84, 40]",10,6,"[""foolsgold""]",../main/re_result_6-29_APRA/cifar100_500_Jul.02_15.36.04_foolsgold_fix_True_no-mia_no-mia-class_no-noise_modelreplace_5/agg_records/pkl/round_0264_foolsgold.pkl
265,foolsgold,success,"[2, 80, 31, 43, 56, 84, 45, 95, 90, 65]","[2, 80, 56, 95, 65]","[31, 43, 84, 45, 90]",10,5,"[""foolsgold""]",../main/re_result_6-29_APRA/cifar100_500_Jul.02_15.36.04_foolsgold_fix_True_no-mia_no-mia-class_no-noise_modelreplace_5/agg_records/pkl/round_0265_foolsgold.pkl
266,foolsgold,success,"[0, 87, 29, 84, 51, 28, 72, 52, 38, 63]","[0, 29, 51, 28]","[87, 84, 72, 52, 38, 63]",10,4,"[""foolsgold""]",../main/re_result_6-29_APRA/cifar100_500_Jul.02_15.36.04_foolsgold_fix_True_no-mia_no-mia-class_no-noise_modelreplace_5/agg_records/pkl/round_0266_foolsgold.pkl
267,foolsgold,success,"[1, 22, 39, 47, 42, 99, 66, 96, 13, 63]","[1, 39, 42, 99, 96]","[22, 47, 66, 13, 63]",10,5,"[""foolsgold""]",../main/re_result_6-29_APRA/cifar100_500_Jul.02_15.36.04_foolsgold_fix_True_no-mia_no-mia-class_no-noise_modelreplace_5/agg_records/pkl/round_0267_foolsgold.pkl
268,foolsgold,success,"[0, 68, 94, 29, 31, 45, 9, 98, 99, 38]","[0, 29, 99]","[68, 94, 31, 45, 9, 98, 38]",10,3,"[""foolsgold""]",../main/re_result_6-29_APRA/cifar100_500_Jul.02_15.36.04_foolsgold_fix_True_no-mia_no-mia-class_no-noise_modelreplace_5/agg_records/pkl/round_0268_foolsgold.pkl
269,foolsgold,success,"[1, 34, 35, 83, 82, 79, 81, 91, 53, 52]","[1, 83, 82, 81, 91]","[34, 35, 79, 53, 52]",10,5,"[""foolsgold""]",../main/re_result_6-29_APRA/cifar100_500_Jul.02_15.36.04_foolsgold_fix_True_no-mia_no-mia-class_no-noise_modelreplace_5/agg_records/pkl/round_0269_foolsgold.pkl
270,foolsgold,success,"[1, 86, 78, 5, 99, 6, 94, 34, 46, 28]","[1, 86, 78, 5, 99, 94, 34, 28]","[6, 46]",10,8,"[""foolsgold""]",../main/re_result_6-29_APRA/cifar100_500_Jul.02_15.36.04_foolsgold_fix_True_no-mia_no-mia-class_no-noise_modelreplace_5/agg_records/pkl/round_0270_foolsgold.pkl
271,foolsgold,success,"[4, 91, 71, 2, 35, 90, 93, 98, 70, 95]","[4, 91, 2, 70]","[71, 35, 90, 93, 98, 95]",10,4,"[""foolsgold""]",../main/re_result_6-29_APRA/cifar100_500_Jul.02_15.36.04_foolsgold_fix_True_no-mia_no-mia-class_no-noise_modelreplace_5/agg_records/pkl/round_0271_foolsgold.pkl
272,foolsgold,success,"[3, 64, 81, 22, 41, 14, 39, 1, 88, 74]","[3, 64, 81, 22, 41, 14, 39, 1, 88, 74]",[],10,10,"[""foolsgold""]",../main/re_result_6-29_APRA/cifar100_500_Jul.02_15.36.04_foolsgold_fix_True_no-mia_no-mia-class_no-noise_modelreplace_5/agg_records/pkl/round_0272_foolsgold.pkl
273,foolsgold,success,"[3, 15, 95, 57, 7, 73, 75, 65, 58, 27]","[3, 15, 57, 7, 73, 75, 65, 58]","[95, 27]",10,8,"[""foolsgold""]",../main/re_result_6-29_APRA/cifar100_500_Jul.02_15.36.04_foolsgold_fix_True_no-mia_no-mia-class_no-noise_modelreplace_5/agg_records/pkl/round_0273_foolsgold.pkl
274,foolsgold,success,"[0, 64, 2, 76, 65, 15, 51, 53, 69, 72]","[0, 64, 2, 76, 65, 15, 51, 53, 69, 72]",[],10,10,"[""foolsgold""]",../main/re_result_6-29_APRA/cifar100_500_Jul.02_15.36.04_foolsgold_fix_True_no-mia_no-mia-class_no-noise_modelreplace_5/agg_records/pkl/round_0274_foolsgold.pkl
275,foolsgold,success,"[0, 29, 3, 30, 81, 70, 38, 49, 78, 14]","[0, 29, 3, 30, 81, 70, 49, 78]","[38, 14]",10,8,"[""foolsgold""]",../main/re_result_6-29_APRA/cifar100_500_Jul.02_15.36.04_foolsgold_fix_True_no-mia_no-mia-class_no-noise_modelreplace_5/agg_records/pkl/round_0275_foolsgold.pkl
276,foolsgold,success,"[1, 71, 13, 47, 7, 49, 33, 42, 34, 53]","[1, 7, 49, 42, 34]","[71, 13, 47, 33, 53]",10,5,"[""foolsgold""]",../main/re_result_6-29_APRA/cifar100_500_Jul.02_15.36.04_foolsgold_fix_True_no-mia_no-mia-class_no-noise_modelreplace_5/agg_records/pkl/round_0276_foolsgold.pkl
277,foolsgold,success,"[3, 20, 48, 57, 30, 15, 45, 29, 54, 14]","[3, 20, 48, 57, 30, 15, 29, 54]","[45, 14]",10,8,"[""foolsgold""]",../main/re_result_6-29_APRA/cifar100_500_Jul.02_15.36.04_foolsgold_fix_True_no-mia_no-mia-class_no-noise_modelreplace_5/agg_records/pkl/round_0277_foolsgold.pkl
278,foolsgold,success,"[1, 57, 52, 76, 65, 58, 51, 23, 99, 21]","[1, 76, 65, 58, 51, 99]","[57, 52, 23, 21]",10,6,"[""foolsgold""]",../main/re_result_6-29_APRA/cifar100_500_Jul.02_15.36.04_foolsgold_fix_True_no-mia_no-mia-class_no-noise_modelreplace_5/agg_records/pkl/round_0278_foolsgold.pkl
279,foolsgold,success,"[4, 46, 64, 96, 82, 75, 40, 63, 36, 47]","[4, 64, 96, 82, 36]","[46, 75, 40, 63, 47]",10,5,"[""foolsgold""]",../main/re_result_6-29_APRA/cifar100_500_Jul.02_15.36.04_foolsgold_fix_True_no-mia_no-mia-class_no-noise_modelreplace_5/agg_records/pkl/round_0279_foolsgold.pkl
280,foolsgold,success,"[0, 72, 8, 81, 73, 83, 65, 79, 58, 16]","[0, 72, 81, 73, 65, 79, 58, 16]","[8, 83]",10,8,"[""foolsgold""]",../main/re_result_6-29_APRA/cifar100_500_Jul.02_15.36.04_foolsgold_fix_True_no-mia_no-mia-class_no-noise_modelreplace_5/agg_records/pkl/round_0280_foolsgold.pkl
281,foolsgold,success,"[3, 30, 84, 29, 12, 98, 44, 64, 13, 55]","[3, 30, 84, 29, 12, 44, 13, 55]","[98, 64]",10,8,"[""foolsgold""]",../main/re_result_6-29_APRA/cifar100_500_Jul.02_15.36.04_foolsgold_fix_True_no-mia_no-mia-class_no-noise_modelreplace_5/agg_records/pkl/round_0281_foolsgold.pkl
282,foolsgold,success,"[0, 36, 23, 49, 11, 34, 99, 33, 58, 12]","[0, 36, 23, 49, 11, 34, 99, 58]","[33, 12]",10,8,"[""foolsgold""]",../main/re_result_6-29_APRA/cifar100_500_Jul.02_15.36.04_foolsgold_fix_True_no-mia_no-mia-class_no-noise_modelreplace_5/agg_records/pkl/round_0282_foolsgold.pkl
283,foolsgold,success,"[3, 43, 5, 34, 99, 14, 48, 24, 56, 37]","[3, 5, 99, 24, 56, 37]","[43, 34, 14, 48]",10,6,"[""foolsgold""]",../main/re_result_6-29_APRA/cifar100_500_Jul.02_15.36.04_foolsgold_fix_True_no-mia_no-mia-class_no-noise_modelreplace_5/agg_records/pkl/round_0283_foolsgold.pkl
284,foolsgold,success,"[2, 88, 85, 65, 95, 82, 19, 77, 54, 37]","[2, 88, 85, 65, 82, 19, 77]","[95, 54, 37]",10,7,"[""foolsgold""]",../main/re_result_6-29_APRA/cifar100_500_Jul.02_15.36.04_foolsgold_fix_True_no-mia_no-mia-class_no-noise_modelreplace_5/agg_records/pkl/round_0284_foolsgold.pkl
285,foolsgold,success,"[2, 33, 12, 85, 87, 74, 15, 29, 94, 60]","[2, 85, 74, 15, 29, 94]","[33, 12, 87, 60]",10,6,"[""foolsgold""]",../main/re_result_6-29_APRA/cifar100_500_Jul.02_15.36.04_foolsgold_fix_True_no-mia_no-mia-class_no-noise_modelreplace_5/agg_records/pkl/round_0285_foolsgold.pkl
286,foolsgold,success,"[4, 6, 33, 77, 65, 63, 55, 18, 2, 78]","[4, 77, 65, 55, 18, 2, 78]","[6, 33, 63]",10,7,"[""foolsgold""]",../main/re_result_6-29_APRA/cifar100_500_Jul.02_15.36.04_foolsgold_fix_True_no-mia_no-mia-class_no-noise_modelreplace_5/agg_records/pkl/round_0286_foolsgold.pkl
287,foolsgold,success,"[1, 71, 25, 57, 32, 77, 51, 42, 95, 22]","[1, 32, 77, 51, 42, 95]","[71, 25, 57, 22]",10,6,"[""foolsgold""]",../main/re_result_6-29_APRA/cifar100_500_Jul.02_15.36.04_foolsgold_fix_True_no-mia_no-mia-class_no-noise_modelreplace_5/agg_records/pkl/round_0287_foolsgold.pkl
288,foolsgold,success,"[2, 23, 61, 86, 54, 0, 91, 63, 37, 85]","[2, 23, 61, 86, 54, 0, 91, 63, 37, 85]",[],10,10,"[""foolsgold""]",../main/re_result_6-29_APRA/cifar100_500_Jul.02_15.36.04_foolsgold_fix_True_no-mia_no-mia-class_no-noise_modelreplace_5/agg_records/pkl/round_0288_foolsgold.pkl
289,foolsgold,success,"[0, 40, 56, 34, 98, 35, 1, 22, 89, 16]","[0, 40, 56, 34, 98, 35, 1, 22, 89, 16]",[],10,10,"[""foolsgold""]",../main/re_result_6-29_APRA/cifar100_500_Jul.02_15.36.04_foolsgold_fix_True_no-mia_no-mia-class_no-noise_modelreplace_5/agg_records/pkl/round_0289_foolsgold.pkl
290,foolsgold,success,"[1, 46, 25, 37, 20, 42, 44, 50, 12, 72]","[1, 46, 25, 37, 42, 44, 50, 12]","[20, 72]",10,8,"[""foolsgold""]",../main/re_result_6-29_APRA/cifar100_500_Jul.02_15.36.04_foolsgold_fix_True_no-mia_no-mia-class_no-noise_modelreplace_5/agg_records/pkl/round_0290_foolsgold.pkl
291,foolsgold,success,"[1, 19, 56, 93, 20, 12, 27, 69, 33, 16]","[1, 56, 20, 12, 27, 69, 16]","[19, 93, 33]",10,7,"[""foolsgold""]",../main/re_result_6-29_APRA/cifar100_500_Jul.02_15.36.04_foolsgold_fix_True_no-mia_no-mia-class_no-noise_modelreplace_5/agg_records/pkl/round_0291_foolsgold.pkl
292,foolsgold,success,"[2, 45, 10, 1, 74, 86, 46, 35, 17, 81]","[2, 45, 10, 1, 74, 86, 46, 35, 17, 81]",[],10,10,"[""foolsgold""]",../main/re_result_6-29_APRA/cifar100_500_Jul.02_15.36.04_foolsgold_fix_True_no-mia_no-mia-class_no-noise_modelreplace_5/agg_records/pkl/round_0292_foolsgold.pkl
293,foolsgold,success,"[2, 99, 19, 62, 44, 0, 48, 52, 70, 65]","[2, 99, 19, 62, 44, 0, 48, 52, 70, 65]",[],10,10,"[""foolsgold""]",../main/re_result_6-29_APRA/cifar100_500_Jul.02_15.36.04_foolsgold_fix_True_no-mia_no-mia-class_no-noise_modelreplace_5/agg_records/pkl/round_0293_foolsgold.pkl
294,foolsgold,success,"[0, 66, 36, 83, 68, 23, 90, 2, 57, 21]","[0, 66, 36, 83, 68, 23, 90, 2, 57, 21]",[],10,10,"[""foolsgold""]",../main/re_result_6-29_APRA/cifar100_500_Jul.02_15.36.04_foolsgold_fix_True_no-mia_no-mia-class_no-noise_modelreplace_5/agg_records/pkl/round_0294_foolsgold.pkl
295,foolsgold,success,"[3, 10, 20, 51, 25, 27, 40, 5, 89, 85]","[3, 20, 51, 25, 27, 40, 5, 89]","[10, 85]",10,8,"[""foolsgold""]",../main/re_result_6-29_APRA/cifar100_500_Jul.02_15.36.04_foolsgold_fix_True_no-mia_no-mia-class_no-noise_modelreplace_5/agg_records/pkl/round_0295_foolsgold.pkl
296,foolsgold,success,"[1, 85, 80, 28, 63, 68, 14, 94, 32, 20]","[1, 85, 80, 28, 68, 94, 32, 20]","[63, 14]",10,8,"[""foolsgold""]",../main/re_result_6-29_APRA/cifar100_500_Jul.02_15.36.04_foolsgold_fix_True_no-mia_no-mia-class_no-noise_modelreplace_5/agg_records/pkl/round_0296_foolsgold.pkl
297,foolsgold,success,"[3, 61, 21, 58, 32, 20, 53, 17, 93, 55]","[3, 61, 21, 58, 32, 20, 53, 17, 93, 55]",[],10,10,"[""foolsgold""]",../main/re_result_6-29_APRA/cifar100_500_Jul.02_15.36.04_foolsgold_fix_True_no-mia_no-mia-class_no-noise_modelreplace_5/agg_records/pkl/round_0297_foolsgold.pkl
298,foolsgold,success,"[3, 38, 56, 79, 43, 65, 66, 16, 75, 82]","[3, 56, 65, 66, 16, 75, 82]","[38, 79, 43]",10,7,"[""foolsgold""]",../main/re_result_6-29_APRA/cifar100_500_Jul.02_15.36.04_foolsgold_fix_True_no-mia_no-mia-class_no-noise_modelreplace_5/agg_records/pkl/round_0298_foolsgold.pkl
299,foolsgold,success,"[2, 98, 50, 69, 58, 82, 91, 59, 97, 38]","[2, 50, 69, 58, 82, 91, 59]","[98, 97, 38]",10,7,"[""foolsgold""]",../main/re_result_6-29_APRA/cifar100_500_Jul.02_15.36.04_foolsgold_fix_True_no-mia_no-mia-class_no-noise_modelreplace_5/agg_records/pkl/round_0299_foolsgold.pkl
300,foolsgold,success,"[4, 88, 20, 74, 38, 35, 78, 79, 25, 10]","[4, 88, 20, 78, 25, 10]","[74, 38, 35, 79]",10,6,"[""foolsgold""]",../main/re_result_6-29_APRA/cifar100_500_Jul.02_15.36.04_foolsgold_fix_True_no-mia_no-mia-class_no-noise_modelreplace_5/agg_records/pkl/round_0300_foolsgold.pkl
301,foolsgold,success,"[1, 54, 63, 45, 82, 64, 21, 94, 97, 52]","[1, 54, 45, 82, 64, 94]","[63, 21, 97, 52]",10,6,"[""foolsgold""]",../main/re_result_6-29_APRA/cifar100_500_Jul.02_15.36.04_foolsgold_fix_True_no-mia_no-mia-class_no-noise_modelreplace_5/agg_records/pkl/round_0301_foolsgold.pkl
302,foolsgold,success,"[3, 65, 34, 91, 78, 0, 88, 43, 30, 52]","[3, 65, 91, 78, 0, 88, 43, 30]","[34, 52]",10,8,"[""foolsgold""]",../main/re_result_6-29_APRA/cifar100_500_Jul.02_15.36.04_foolsgold_fix_True_no-mia_no-mia-class_no-noise_modelreplace_5/agg_records/pkl/round_0302_foolsgold.pkl
303,foolsgold,success,"[3, 57, 83, 65, 27, 98, 24, 5, 25, 10]","[3, 57, 83, 65, 27, 24, 5, 25]","[98, 10]",10,8,"[""foolsgold""]",../main/re_result_6-29_APRA/cifar100_500_Jul.02_15.36.04_foolsgold_fix_True_no-mia_no-mia-class_no-noise_modelreplace_5/agg_records/pkl/round_0303_foolsgold.pkl
304,foolsgold,success,"[3, 16, 92, 27, 14, 62, 58, 77, 1, 44]","[3, 16, 92, 27, 14, 62, 58, 77, 1, 44]",[],10,10,"[""foolsgold""]",../main/re_result_6-29_APRA/cifar100_500_Jul.02_15.36.04_foolsgold_fix_True_no-mia_no-mia-class_no-noise_modelreplace_5/agg_records/pkl/round_0304_foolsgold.pkl
305,foolsgold,success,"[1, 39, 6, 27, 71, 88, 69, 29, 25, 26]","[1, 39, 88, 69, 29, 25]","[6, 27, 71, 26]",10,6,"[""foolsgold""]",../main/re_result_6-29_APRA/cifar100_500_Jul.02_15.36.04_foolsgold_fix_True_no-mia_no-mia-class_no-noise_modelreplace_5/agg_records/pkl/round_0305_foolsgold.pkl
306,foolsgold,success,"[0, 84, 41, 86, 94, 13, 66, 3, 14, 51]","[0, 84, 41, 86, 94, 13, 66, 3, 14, 51]",[],10,10,"[""foolsgold""]",../main/re_result_6-29_APRA/cifar100_500_Jul.02_15.36.04_foolsgold_fix_True_no-mia_no-mia-class_no-noise_modelreplace_5/agg_records/pkl/round_0306_foolsgold.pkl
307,foolsgold,success,"[3, 36, 70, 1, 21, 32, 55, 18, 69, 8]","[3, 36, 70, 1, 21, 32, 55, 18, 69, 8]",[],10,10,"[""foolsgold""]",../main/re_result_6-29_APRA/cifar100_500_Jul.02_15.36.04_foolsgold_fix_True_no-mia_no-mia-class_no-noise_modelreplace_5/agg_records/pkl/round_0307_foolsgold.pkl
308,foolsgold,success,"[0, 77, 29, 65, 68, 89, 95, 79, 83, 47]","[0, 77, 29, 65, 68, 95, 83, 47]","[89, 79]",10,8,"[""foolsgold""]",../main/re_result_6-29_APRA/cifar100_500_Jul.02_15.36.04_foolsgold_fix_True_no-mia_no-mia-class_no-noise_modelreplace_5/agg_records/pkl/round_0308_foolsgold.pkl
309,foolsgold,success,"[1, 10, 15, 46, 36, 86, 31, 73, 62, 70]","[1, 15, 46, 36, 86, 31, 62, 70]","[10, 73]",10,8,"[""foolsgold""]",../main/re_result_6-29_APRA/cifar100_500_Jul.02_15.36.04_foolsgold_fix_True_no-mia_no-mia-class_no-noise_modelreplace_5/agg_records/pkl/round_0309_foolsgold.pkl
310,foolsgold,success,"[0, 47, 63, 32, 34, 12, 41, 75, 11, 3]","[0, 47, 63, 32, 34, 12, 41, 75, 11, 3]",[],10,10,"[""foolsgold""]",../main/re_result_6-29_APRA/cifar100_500_Jul.02_15.36.04_foolsgold_fix_True_no-mia_no-mia-class_no-noise_modelreplace_5/agg_records/pkl/round_0310_foolsgold.pkl
311,foolsgold,success,"[3, 55, 1, 65, 54, 24, 31, 92, 49, 46]","[3, 55, 1, 65, 54, 24, 31, 92, 49, 46]",[],10,10,"[""foolsgold""]",../main/re_result_6-29_APRA/cifar100_500_Jul.02_15.36.04_foolsgold_fix_True_no-mia_no-mia-class_no-noise_modelreplace_5/agg_records/pkl/round_0311_foolsgold.pkl
312,foolsgold,success,"[0, 38, 51, 5, 19, 53, 84, 23, 40, 64]","[0, 51, 5, 19, 84, 23, 40, 64]","[38, 53]",10,8,"[""foolsgold""]",../main/re_result_6-29_APRA/cifar100_500_Jul.02_15.36.04_foolsgold_fix_True_no-mia_no-mia-class_no-noise_modelreplace_5/agg_records/pkl/round_0312_foolsgold.pkl
313,foolsgold,success,"[4, 82, 78, 17, 19, 44, 14, 71, 90, 55]","[4, 82, 78, 17, 44, 90, 55]","[19, 14, 71]",10,7,"[""foolsgold""]",../main/re_result_6-29_APRA/cifar100_500_Jul.02_15.36.04_foolsgold_fix_True_no-mia_no-mia-class_no-noise_modelreplace_5/agg_records/pkl/round_0313_foolsgold.pkl
314,foolsgold,success,"[0, 32, 44, 6, 54, 17, 9, 8, 68, 38]","[0, 32, 44, 54, 17, 8, 68]","[6, 9, 38]",10,7,"[""foolsgold""]",../main/re_result_6-29_APRA/cifar100_500_Jul.02_15.36.04_foolsgold_fix_True_no-mia_no-mia-class_no-noise_modelreplace_5/agg_records/pkl/round_0314_foolsgold.pkl
315,foolsgold,success,"[0, 10, 42, 62, 79, 75, 64, 84, 3, 51]","[0, 10, 42, 62, 79, 75, 64, 84, 3, 51]",[],10,10,"[""foolsgold""]",../main/re_result_6-29_APRA/cifar100_500_Jul.02_15.36.04_foolsgold_fix_True_no-mia_no-mia-class_no-noise_modelreplace_5/agg_records/pkl/round_0315_foolsgold.pkl
316,foolsgold,success,"[1, 91, 79, 68, 9, 5, 73, 62, 83, 46]","[1, 91, 79, 5, 73, 62, 83, 46]","[68, 9]",10,8,"[""foolsgold""]",../main/re_result_6-29_APRA/cifar100_500_Jul.02_15.36.04_foolsgold_fix_True_no-mia_no-mia-class_no-noise_modelreplace_5/agg_records/pkl/round_0316_foolsgold.pkl
317,foolsgold,success,"[1, 55, 68, 51, 54, 48, 7, 69, 28, 71]","[1, 55, 68, 51, 54, 48, 7, 69, 28, 71]",[],10,10,"[""foolsgold""]",../main/re_result_6-29_APRA/cifar100_500_Jul.02_15.36.04_foolsgold_fix_True_no-mia_no-mia-class_no-noise_modelreplace_5/agg_records/pkl/round_0317_foolsgold.pkl
318,foolsgold,success,"[0, 98, 51, 72, 87, 21, 15, 38, 6, 57]","[0, 51, 21, 15]","[98, 72, 87, 38, 6, 57]",10,4,"[""foolsgold""]",../main/re_result_6-29_APRA/cifar100_500_Jul.02_15.36.04_foolsgold_fix_True_no-mia_no-mia-class_no-noise_modelreplace_5/agg_records/pkl/round_0318_foolsgold.pkl
319,foolsgold,success,"[1, 61, 26, 7, 68, 88, 59, 11, 36, 97]","[1, 61, 26, 7, 68, 88, 59, 11, 36, 97]",[],10,10,"[""foolsgold""]",../main/re_result_6-29_APRA/cifar100_500_Jul.02_15.36.04_foolsgold_fix_True_no-mia_no-mia-class_no-noise_modelreplace_5/agg_records/pkl/round_0319_foolsgold.pkl
320,foolsgold,success,"[1, 75, 3, 25, 80, 2, 78, 20, 4, 7]","[1, 75, 3, 25, 80, 2, 78, 4]","[20, 7]",10,8,"[""foolsgold""]",../main/re_result_6-29_APRA/cifar100_500_Jul.02_15.36.04_foolsgold_fix_True_no-mia_no-mia-class_no-noise_modelreplace_5/agg_records/pkl/round_0320_foolsgold.pkl
321,foolsgold,success,"[2, 95, 86, 51, 23, 6, 62, 0, 81, 84]","[2, 95, 86, 51, 23, 6, 62, 0, 81, 84]",[],10,10,"[""foolsgold""]",../main/re_result_6-29_APRA/cifar100_500_Jul.02_15.36.04_foolsgold_fix_True_no-mia_no-mia-class_no-noise_modelreplace_5/agg_records/pkl/round_0321_foolsgold.pkl
322,foolsgold,success,"[2, 64, 37, 66, 42, 84, 58, 80, 67, 92]","[2, 64, 37, 66, 42, 84, 58, 80, 67, 92]",[],10,10,"[""foolsgold""]",../main/re_result_6-29_APRA/cifar100_500_Jul.02_15.36.04_foolsgold_fix_True_no-mia_no-mia-class_no-noise_modelreplace_5/agg_records/pkl/round_0322_foolsgold.pkl
323,foolsgold,success,"[4, 68, 79, 22, 9, 30, 60, 69, 16, 43]","[4, 79, 9, 30, 69, 16, 43]","[68, 22, 60]",10,7,"[""foolsgold""]",../main/re_result_6-29_APRA/cifar100_500_Jul.02_15.36.04_foolsgold_fix_True_no-mia_no-mia-class_no-noise_modelreplace_5/agg_records/pkl/round_0323_foolsgold.pkl
324,foolsgold,success,"[1, 20, 77, 27, 23, 18, 74, 59, 86, 87]","[1, 20, 77, 27, 23, 18, 74, 59, 86, 87]",[],10,10,"[""foolsgold""]",../main/re_result_6-29_APRA/cifar100_500_Jul.02_15.36.04_foolsgold_fix_True_no-mia_no-mia-class_no-noise_modelreplace_5/agg_records/pkl/round_0324_foolsgold.pkl
325,foolsgold,success,"[1, 99, 42, 33, 5, 15, 38, 76, 86, 87]","[1, 99, 42, 5, 15, 76, 86]","[33, 38, 87]",10,7,"[""foolsgold""]",../main/re_result_6-29_APRA/cifar100_500_Jul.02_15.36.04_foolsgold_fix_True_no-mia_no-mia-class_no-noise_modelreplace_5/agg_records/pkl/round_0325_foolsgold.pkl
326,foolsgold,success,"[1, 71, 88, 38, 63, 99, 48, 31, 83, 11]","[1, 88, 99, 48, 31, 83, 11]","[71, 38, 63]",10,7,"[""foolsgold""]",../main/re_result_6-29_APRA/cifar100_500_Jul.02_15.36.04_foolsgold_fix_True_no-mia_no-mia-class_no-noise_modelreplace_5/agg_records/pkl/round_0326_foolsgold.pkl
327,foolsgold,success,"[4, 69, 52, 40, 47, 77, 35, 59, 70, 7]","[4, 69, 52, 40, 47, 77, 35, 59, 70, 7]",[],10,10,"[""foolsgold""]",../main/re_result_6-29_APRA/cifar100_500_Jul.02_15.36.04_foolsgold_fix_True_no-mia_no-mia-class_no-noise_modelreplace_5/agg_records/pkl/round_0327_foolsgold.pkl
328,foolsgold,success,"[0, 61, 81, 74, 23, 95, 35, 97, 55, 28]","[0, 61, 81, 23, 95, 97, 55, 28]","[74, 35]",10,8,"[""foolsgold""]",../main/re_result_6-29_APRA/cifar100_500_Jul.02_15.36.04_foolsgold_fix_True_no-mia_no-mia-class_no-noise_modelreplace_5/agg_records/pkl/round_0328_foolsgold.pkl
329,foolsgold,success,"[3, 53, 77, 67, 31, 62, 45, 47, 82, 84]","[3, 53, 77, 67, 31, 62, 82, 84]","[45, 47]",10,8,"[""foolsgold""]",../main/re_result_6-29_APRA/cifar100_500_Jul.02_15.36.04_foolsgold_fix_True_no-mia_no-mia-class_no-noise_modelreplace_5/agg_records/pkl/round_0329_foolsgold.pkl
330,foolsgold,success,"[2, 83, 3, 36, 44, 70, 32, 64, 47, 5]","[2, 83, 3, 36, 44, 70, 32, 64, 47, 5]",[],10,10,"[""foolsgold""]",../main/re_result_6-29_APRA/cifar100_500_Jul.02_15.36.04_foolsgold_fix_True_no-mia_no-mia-class_no-noise_modelreplace_5/agg_records/pkl/round_0330_foolsgold.pkl
331,foolsgold,success,"[0, 95, 64, 96, 60, 5, 79, 75, 7, 94]","[0, 95, 64, 96, 5, 79, 75, 94]","[60, 7]",10,8,"[""foolsgold""]",../main/re_result_6-29_APRA/cifar100_500_Jul.02_15.36.04_foolsgold_fix_True_no-mia_no-mia-class_no-noise_modelreplace_5/agg_records/pkl/round_0331_foolsgold.pkl
332,foolsgold,success,"[1, 15, 57, 19, 13, 81, 10, 30, 99, 47]","[1, 15, 57, 19, 13, 81, 10, 30, 99, 47]",[],10,10,"[""foolsgold""]",../main/re_result_6-29_APRA/cifar100_500_Jul.02_15.36.04_foolsgold_fix_True_no-mia_no-mia-class_no-noise_modelreplace_5/agg_records/pkl/round_0332_foolsgold.pkl
333,foolsgold,success,"[4, 91, 65, 0, 37, 25, 27, 31, 15, 97]","[4, 91, 65, 0, 37, 25, 27, 31, 15, 97]",[],10,10,"[""foolsgold""]",../main/re_result_6-29_APRA/cifar100_500_Jul.02_15.36.04_foolsgold_fix_True_no-mia_no-mia-class_no-noise_modelreplace_5/agg_records/pkl/round_0333_foolsgold.pkl
334,foolsgold,success,"[2, 87, 54, 75, 34, 3, 15, 7, 11, 40]","[2, 87, 54, 75, 34, 3, 15, 7, 11, 40]",[],10,10,"[""foolsgold""]",../main/re_result_6-29_APRA/cifar100_500_Jul.02_15.36.04_foolsgold_fix_True_no-mia_no-mia-class_no-noise_modelreplace_5/agg_records/pkl/round_0334_foolsgold.pkl
335,foolsgold,success,"[3, 4, 12, 80, 87, 26, 27, 42, 24, 0]","[3, 4, 12, 80, 27, 42, 24, 0]","[87, 26]",10,8,"[""foolsgold""]",../main/re_result_6-29_APRA/cifar100_500_Jul.02_15.36.04_foolsgold_fix_True_no-mia_no-mia-class_no-noise_modelreplace_5/agg_records/pkl/round_0335_foolsgold.pkl
336,foolsgold,success,"[3, 22, 23, 50, 7, 88, 73, 27, 10, 96]","[3, 22, 23, 50, 7, 88, 27, 96]","[73, 10]",10,8,"[""foolsgold""]",../main/re_result_6-29_APRA/cifar100_500_Jul.02_15.36.04_foolsgold_fix_True_no-mia_no-mia-class_no-noise_modelreplace_5/agg_records/pkl/round_0336_foolsgold.pkl
337,foolsgold,success,"[2, 17, 98, 50, 52, 30, 15, 49, 13, 38]","[2, 17, 50, 30, 15, 49, 13]","[98, 52, 38]",10,7,"[""foolsgold""]",../main/re_result_6-29_APRA/cifar100_500_Jul.02_15.36.04_foolsgold_fix_True_no-mia_no-mia-class_no-noise_modelreplace_5/agg_records/pkl/round_0337_foolsgold.pkl
338,foolsgold,success,"[0, 71, 20, 25, 14, 1, 9, 61, 11, 89]","[0, 71, 20, 25, 14, 1, 9, 61, 11, 89]",[],10,10,"[""foolsgold""]",../main/re_result_6-29_APRA/cifar100_500_Jul.02_15.36.04_foolsgold_fix_True_no-mia_no-mia-class_no-noise_modelreplace_5/agg_records/pkl/round_0338_foolsgold.pkl
339,foolsgold,success,"[3, 16, 78, 75, 38, 41, 60, 95, 33, 6]","[3, 16, 78, 75, 95]","[38, 41, 60, 33, 6]",10,5,"[""foolsgold""]",../main/re_result_6-29_APRA/cifar100_500_Jul.02_15.36.04_foolsgold_fix_True_no-mia_no-mia-class_no-noise_modelreplace_5/agg_records/pkl/round_0339_foolsgold.pkl
340,foolsgold,success,"[2, 98, 15, 78, 86, 82, 74, 47, 4, 71]","[2, 98, 15, 78, 86, 82, 74, 4]","[47, 71]",10,8,"[""foolsgold""]",../main/re_result_6-29_APRA/cifar100_500_Jul.02_15.36.04_foolsgold_fix_True_no-mia_no-mia-class_no-noise_modelreplace_5/agg_records/pkl/round_0340_foolsgold.pkl
341,foolsgold,success,"[0, 77, 91, 2, 1, 97, 43, 53, 99, 57]","[0, 77, 91, 2, 1, 97, 43, 53, 99, 57]",[],10,10,"[""foolsgold""]",../main/re_result_6-29_APRA/cifar100_500_Jul.02_15.36.04_foolsgold_fix_True_no-mia_no-mia-class_no-noise_modelreplace_5/agg_records/pkl/round_0341_foolsgold.pkl
342,foolsgold,success,"[1, 82, 46, 21, 54, 29, 47, 77, 48, 12]","[1, 82, 46, 21, 54, 29, 47, 77, 48, 12]",[],10,10,"[""foolsgold""]",../main/re_result_6-29_APRA/cifar100_500_Jul.02_15.36.04_foolsgold_fix_True_no-mia_no-mia-class_no-noise_modelreplace_5/agg_records/pkl/round_0342_foolsgold.pkl
343,foolsgold,success,"[3, 56, 31, 47, 24, 34, 15, 84, 4, 20]","[3, 56, 31, 47, 24, 34, 15, 84, 4, 20]",[],10,10,"[""foolsgold""]",../main/re_result_6-29_APRA/cifar100_500_Jul.02_15.36.04_foolsgold_fix_True_no-mia_no-mia-class_no-noise_modelreplace_5/agg_records/pkl/round_0343_foolsgold.pkl
344,foolsgold,success,"[1, 68, 97, 49, 62, 13, 7, 51, 54, 42]","[1, 68, 97, 49, 62, 13, 7, 51, 54, 42]",[],10,10,"[""foolsgold""]",../main/re_result_6-29_APRA/cifar100_500_Jul.02_15.36.04_foolsgold_fix_True_no-mia_no-mia-class_no-noise_modelreplace_5/agg_records/pkl/round_0344_foolsgold.pkl
345,foolsgold,success,"[3, 2, 22, 38, 75, 25, 47, 58, 57, 37]","[3, 2, 75, 25, 47, 58, 57, 37]","[22, 38]",10,8,"[""foolsgold""]",../main/re_result_6-29_APRA/cifar100_500_Jul.02_15.36.04_foolsgold_fix_True_no-mia_no-mia-class_no-noise_modelreplace_5/agg_records/pkl/round_0345_foolsgold.pkl
346,foolsgold,success,"[0, 86, 39, 75, 6, 48, 61, 11, 64, 44]","[0, 86, 39, 75, 6, 48, 61, 11, 64, 44]",[],10,10,"[""foolsgold""]",../main/re_result_6-29_APRA/cifar100_500_Jul.02_15.36.04_foolsgold_fix_True_no-mia_no-mia-class_no-noise_modelreplace_5/agg_records/pkl/round_0346_foolsgold.pkl
347,foolsgold,success,"[1, 20, 17, 92, 64, 88, 80, 89, 87, 99]","[1, 20, 17, 92, 64, 88, 80, 89, 87, 99]",[],10,10,"[""foolsgold""]",../main/re_result_6-29_APRA/cifar100_500_Jul.02_15.36.04_foolsgold_fix_True_no-mia_no-mia-class_no-noise_modelreplace_5/agg_records/pkl/round_0347_foolsgold.pkl
348,foolsgold,success,"[2, 21, 51, 16, 41, 68, 60, 67, 80, 91]","[2, 21, 51, 16, 41, 68, 60, 67, 80, 91]",[],10,10,"[""foolsgold""]",../main/re_result_6-29_APRA/cifar100_500_Jul.02_15.36.04_foolsgold_fix_True_no-mia_no-mia-class_no-noise_modelreplace_5/agg_records/pkl/round_0348_foolsgold.pkl
349,foolsgold,success,"[4, 77, 92, 15, 52, 94, 71, 32, 13, 62]","[4, 77, 92, 15, 52, 94, 32, 62]","[71, 13]",10,8,"[""foolsgold""]",../main/re_result_6-29_APRA/cifar100_500_Jul.02_15.36.04_foolsgold_fix_True_no-mia_no-mia-class_no-noise_modelreplace_5/agg_records/pkl/round_0349_foolsgold.pkl
350,foolsgold,success,"[0, 41, 15, 12, 9, 34, 21, 93, 38, 90]","[0, 41, 15, 12, 34, 21, 38, 90]","[9, 93]",10,8,"[""foolsgold""]",../main/re_result_6-29_APRA/cifar100_500_Jul.02_15.36.04_foolsgold_fix_True_no-mia_no-mia-class_no-noise_modelreplace_5/agg_records/pkl/round_0350_foolsgold.pkl
351,foolsgold,success,"[4, 40, 47, 54, 57, 28, 10, 87, 27, 95]","[4, 40, 47, 54, 57, 28, 10, 87, 27, 95]",[],10,10,"[""foolsgold""]",../main/re_result_6-29_APRA/cifar100_500_Jul.02_15.36.04_foolsgold_fix_True_no-mia_no-mia-class_no-noise_modelreplace_5/agg_records/pkl/round_0351_foolsgold.pkl
352,foolsgold,success,"[3, 92, 34, 12, 74, 0, 88, 53, 52, 77]","[3, 92, 34, 12, 74, 0, 88, 53, 52, 77]",[],10,10,"[""foolsgold""]",../main/re_result_6-29_APRA/cifar100_500_Jul.02_15.36.04_foolsgold_fix_True_no-mia_no-mia-class_no-noise_modelreplace_5/agg_records/pkl/round_0352_foolsgold.pkl
353,foolsgold,success,"[2, 40, 41, 84, 7, 70, 46, 61, 95, 0]","[2, 40, 41, 84, 7, 70, 46, 61, 95, 0]",[],10,10,"[""foolsgold""]",../main/re_result_6-29_APRA/cifar100_500_Jul.02_15.36.04_foolsgold_fix_True_no-mia_no-mia-class_no-noise_modelreplace_5/agg_records/pkl/round_0353_foolsgold.pkl
354,foolsgold,success,"[1, 33, 0, 16, 84, 12, 64, 52, 60, 4]","[1, 0, 16, 84, 12, 64, 52, 4]","[33, 60]",10,8,"[""foolsgold""]",../main/re_result_6-29_APRA/cifar100_500_Jul.02_15.36.04_foolsgold_fix_True_no-mia_no-mia-class_no-noise_modelreplace_5/agg_records/pkl/round_0354_foolsgold.pkl
355,foolsgold,success,"[3, 14, 27, 84, 5, 15, 87, 17, 58, 28]","[3, 14, 27, 84, 5, 15, 87, 17, 58, 28]",[],10,10,"[""foolsgold""]",../main/re_result_6-29_APRA/cifar100_500_Jul.02_15.36.04_foolsgold_fix_True_no-mia_no-mia-class_no-noise_modelreplace_5/agg_records/pkl/round_0355_foolsgold.pkl
356,foolsgold,success,"[4, 29, 12, 86, 67, 81, 84, 59, 21, 3]","[4, 29, 12, 86, 67, 81, 84, 59, 21, 3]",[],10,10,"[""foolsgold""]",../main/re_result_6-29_APRA/cifar100_500_Jul.02_15.36.04_foolsgold_fix_True_no-mia_no-mia-class_no-noise_modelreplace_5/agg_records/pkl/round_0356_foolsgold.pkl
357,foolsgold,success,"[1, 41, 61, 76, 49, 46, 55, 34, 2, 4]","[1, 41, 61, 76, 49, 46, 55, 34, 2, 4]",[],10,10,"[""foolsgold""]",../main/re_result_6-29_APRA/cifar100_500_Jul.02_15.36.04_foolsgold_fix_True_no-mia_no-mia-class_no-noise_modelreplace_5/agg_records/pkl/round_0357_foolsgold.pkl
358,foolsgold,success,"[0, 73, 9, 86, 84, 95, 41, 38, 17, 52]","[0, 73, 86, 84, 95, 41, 17, 52]","[9, 38]",10,8,"[""foolsgold""]",../main/re_result_6-29_APRA/cifar100_500_Jul.02_15.36.04_foolsgold_fix_True_no-mia_no-mia-class_no-noise_modelreplace_5/agg_records/pkl/round_0358_foolsgold.pkl
359,foolsgold,success,"[0, 91, 57, 71, 20, 38, 10, 16, 54, 36]","[0, 91, 57, 20, 10, 16, 54, 36]","[71, 38]",10,8,"[""foolsgold""]",../main/re_result_6-29_APRA/cifar100_500_Jul.02_15.36.04_foolsgold_fix_True_no-mia_no-mia-class_no-noise_modelreplace_5/agg_records/pkl/round_0359_foolsgold.pkl
360,foolsgold,success,"[1, 35, 98, 89, 23, 39, 85, 91, 9, 16]","[1, 23, 39, 85, 91, 16]","[35, 98, 89, 9]",10,6,"[""foolsgold""]",../main/re_result_6-29_APRA/cifar100_500_Jul.02_15.36.04_foolsgold_fix_True_no-mia_no-mia-class_no-noise_modelreplace_5/agg_records/pkl/round_0360_foolsgold.pkl
361,foolsgold,success,"[2, 61, 41, 38, 85, 51, 56, 19, 36, 97]","[2, 61, 41, 85, 51, 56, 19, 36]","[38, 97]",10,8,"[""foolsgold""]",../main/re_result_6-29_APRA/cifar100_500_Jul.02_15.36.04_foolsgold_fix_True_no-mia_no-mia-class_no-noise_modelreplace_5/agg_records/pkl/round_0361_foolsgold.pkl
362,foolsgold,success,"[4, 19, 17, 30, 8, 83, 55, 38, 96, 10]","[4, 19, 17, 30, 8, 83, 55, 38, 96, 10]",[],10,10,"[""foolsgold""]",../main/re_result_6-29_APRA/cifar100_500_Jul.02_15.36.04_foolsgold_fix_True_no-mia_no-mia-class_no-noise_modelreplace_5/agg_records/pkl/round_0362_foolsgold.pkl
363,foolsgold,success,"[0, 55, 66, 34, 52, 8, 29, 67, 77, 45]","[0, 55, 66, 34, 29, 67, 77, 45]","[52, 8]",10,8,"[""foolsgold""]",../main/re_result_6-29_APRA/cifar100_500_Jul.02_15.36.04_foolsgold_fix_True_no-mia_no-mia-class_no-noise_modelreplace_5/agg_records/pkl/round_0363_foolsgold.pkl
364,foolsgold,success,"[0, 81, 90, 44, 79, 20, 31, 36, 89, 55]","[0, 81, 44, 20, 31, 36, 55]","[90, 79, 89]",10,7,"[""foolsgold""]",../main/re_result_6-29_APRA/cifar100_500_Jul.02_15.36.04_foolsgold_fix_True_no-mia_no-mia-class_no-noise_modelreplace_5/agg_records/pkl/round_0364_foolsgold.pkl
365,foolsgold,success,"[3, 41, 19, 9, 97, 64, 37, 55, 33, 42]","[3, 9, 97, 64, 37, 55, 42]","[41, 19, 33]",10,7,"[""foolsgold""]",../main/re_result_6-29_APRA/cifar100_500_Jul.02_15.36.04_foolsgold_fix_True_no-mia_no-mia-class_no-noise_modelreplace_5/agg_records/pkl/round_0365_foolsgold.pkl
366,foolsgold,success,"[1, 98, 30, 13, 56, 97, 35, 75, 41, 2]","[1, 98, 30, 13, 56, 97, 35, 75, 41, 2]",[],10,10,"[""foolsgold""]",../main/re_result_6-29_APRA/cifar100_500_Jul.02_15.36.04_foolsgold_fix_True_no-mia_no-mia-class_no-noise_modelreplace_5/agg_records/pkl/round_0366_foolsgold.pkl
367,foolsgold,success,"[3, 5, 42, 83, 37, 14, 13, 89, 28, 61]","[3, 5, 42, 83, 37, 14, 13, 89, 28, 61]",[],10,10,"[""foolsgold""]",../main/re_result_6-29_APRA/cifar100_500_Jul.02_15.36.04_foolsgold_fix_True_no-mia_no-mia-class_no-noise_modelreplace_5/agg_records/pkl/round_0367_foolsgold.pkl
368,foolsgold,success,"[0, 29, 83, 87, 38, 55, 96, 31, 81, 14]","[0, 29, 83, 87, 38, 55, 96, 31, 81, 14]",[],10,10,"[""foolsgold""]",../main/re_result_6-29_APRA/cifar100_500_Jul.02_15.36.04_foolsgold_fix_True_no-mia_no-mia-class_no-noise_modelreplace_5/agg_records/pkl/round_0368_foolsgold.pkl
369,foolsgold,success,"[0, 64, 70, 77, 88, 6, 82, 62, 69, 55]","[0, 64, 70, 77, 88, 6, 82, 62, 69, 55]",[],10,10,"[""foolsgold""]",../main/re_result_6-29_APRA/cifar100_500_Jul.02_15.36.04_foolsgold_fix_True_no-mia_no-mia-class_no-noise_modelreplace_5/agg_records/pkl/round_0369_foolsgold.pkl
370,foolsgold,success,"[4, 88, 96, 42, 58, 49, 7, 15, 72, 99]","[4, 88, 96, 42, 58, 49, 7, 15]","[72, 99]",10,8,"[""foolsgold""]",../main/re_result_6-29_APRA/cifar100_500_Jul.02_15.36.04_foolsgold_fix_True_no-mia_no-mia-class_no-noise_modelreplace_5/agg_records/pkl/round_0370_foolsgold.pkl
371,foolsgold,success,"[4, 30, 1, 36, 14, 90, 87, 42, 82, 37]","[4, 30, 1, 36, 14, 90, 87, 42, 82, 37]",[],10,10,"[""foolsgold""]",../main/re_result_6-29_APRA/cifar100_500_Jul.02_15.36.04_foolsgold_fix_True_no-mia_no-mia-class_no-noise_modelreplace_5/agg_records/pkl/round_0371_foolsgold.pkl
372,foolsgold,success,"[3, 40, 64, 31, 35, 90, 29, 48, 84, 78]","[3, 40, 64, 31, 35, 90, 29, 48, 84, 78]",[],10,10,"[""foolsgold""]",../main/re_result_6-29_APRA/cifar100_500_Jul.02_15.36.04_foolsgold_fix_True_no-mia_no-mia-class_no-noise_modelreplace_5/agg_records/pkl/round_0372_foolsgold.pkl
373,foolsgold,success,"[3, 32, 56, 98, 78, 62, 5, 13, 86, 55]","[3, 32, 56, 78, 5, 13, 86, 55]","[98, 62]",10,8,"[""foolsgold""]",../main/re_result_6-29_APRA/cifar100_500_Jul.02_15.36.04_foolsgold_fix_True_no-mia_no-mia-class_no-noise_modelreplace_5/agg_records/pkl/round_0373_foolsgold.pkl
374,foolsgold,success,"[4, 99, 47, 20, 31, 10, 86, 90, 62, 41]","[4, 99, 47, 20, 31, 10, 86, 90, 62, 41]",[],10,10,"[""foolsgold""]",../main/re_result_6-29_APRA/cifar100_500_Jul.02_15.36.04_foolsgold_fix_True_no-mia_no-mia-class_no-noise_modelreplace_5/agg_records/pkl/round_0374_foolsgold.pkl
375,foolsgold,success,"[0, 33, 1, 73, 28, 61, 3, 11, 96, 15]","[0, 33, 1, 73, 28, 61, 3, 11, 96, 15]",[],10,10,"[""foolsgold""]",../main/re_result_6-29_APRA/cifar100_500_Jul.02_15.36.04_foolsgold_fix_True_no-mia_no-mia-class_no-noise_modelreplace_5/agg_records/pkl/round_0375_foolsgold.pkl
376,foolsgold,success,"[4, 42, 80, 51, 72, 74, 90, 58, 35, 83]","[4, 42, 80, 51, 72, 90, 58, 83]","[74, 35]",10,8,"[""foolsgold""]",../main/re_result_6-29_APRA/cifar100_500_Jul.02_15.36.04_foolsgold_fix_True_no-mia_no-mia-class_no-noise_modelreplace_5/agg_records/pkl/round_0376_foolsgold.pkl
377,foolsgold,success,"[0, 95, 80, 46, 22, 73, 3, 42, 93, 85]","[0, 95, 80, 46, 22, 73, 3, 42, 93, 85]",[],10,10,"[""foolsgold""]",../main/re_result_6-29_APRA/cifar100_500_Jul.02_15.36.04_foolsgold_fix_True_no-mia_no-mia-class_no-noise_modelreplace_5/agg_records/pkl/round_0377_foolsgold.pkl
378,foolsgold,success,"[2, 5, 77, 45, 62, 74, 20, 65, 9, 68]","[2, 77, 62, 74, 20, 65, 9, 68]","[5, 45]",10,8,"[""foolsgold""]",../main/re_result_6-29_APRA/cifar100_500_Jul.02_15.36.04_foolsgold_fix_True_no-mia_no-mia-class_no-noise_modelreplace_5/agg_records/pkl/round_0378_foolsgold.pkl
379,foolsgold,success,"[2, 58, 94, 20, 50, 51, 65, 7, 27, 95]","[2, 58, 94, 50, 51, 65, 27, 95]","[20, 7]",10,8,"[""foolsgold""]",../main/re_result_6-29_APRA/cifar100_500_Jul.02_15.36.04_foolsgold_fix_True_no-mia_no-mia-class_no-noise_modelreplace_5/agg_records/pkl/round_0379_foolsgold.pkl
380,foolsgold,success,"[4, 78, 82, 23, 37, 10, 55, 13, 12, 77]","[4, 78, 82, 23, 37, 10, 55, 13, 12, 77]",[],10,10,"[""foolsgold""]",../main/re_result_6-29_APRA/cifar100_500_Jul.02_15.36.04_foolsgold_fix_True_no-mia_no-mia-class_no-noise_modelreplace_5/agg_records/pkl/round_0380_foolsgold.pkl
381,foolsgold,success,"[2, 35, 5, 89, 93, 82, 49, 23, 95, 63]","[2, 35, 5, 89, 93, 82, 49, 23, 95, 63]",[],10,10,"[""foolsgold""]",../main/re_result_6-29_APRA/cifar100_500_Jul.02_15.36.04_foolsgold_fix_True_no-mia_no-mia-class_no-noise_modelreplace_5/agg_records/pkl/round_0381_foolsgold.pkl
382,foolsgold,success,"[4, 83, 79, 3, 66, 69, 95, 96, 84, 7]","[4, 83, 79, 3, 66, 69, 95, 96, 84, 7]",[],10,10,"[""foolsgold""]",../main/re_result_6-29_APRA/cifar100_500_Jul.02_15.36.04_foolsgold_fix_True_no-mia_no-mia-class_no-noise_modelreplace_5/agg_records/pkl/round_0382_foolsgold.pkl
383,foolsgold,success,"[3, 65, 26, 12, 98, 16, 20, 86, 59, 75]","[3, 65, 26, 12, 98, 16, 20, 86, 59, 75]",[],10,10,"[""foolsgold""]",../main/re_result_6-29_APRA/cifar100_500_Jul.02_15.36.04_foolsgold_fix_True_no-mia_no-mia-class_no-noise_modelreplace_5/agg_records/pkl/round_0383_foolsgold.pkl
384,foolsgold,success,"[2, 78, 18, 71, 20, 21, 27, 31, 11, 24]","[2, 78, 18, 71, 20, 21, 27, 31, 11, 24]",[],10,10,"[""foolsgold""]",../main/re_result_6-29_APRA/cifar100_500_Jul.02_15.36.04_foolsgold_fix_True_no-mia_no-mia-class_no-noise_modelreplace_5/agg_records/pkl/round_0384_foolsgold.pkl
385,foolsgold,success,"[2, 50, 63, 64, 18, 45, 0, 89, 91, 28]","[2, 50, 63, 64, 18, 45, 0, 89, 91, 28]",[],10,10,"[""foolsgold""]",../main/re_result_6-29_APRA/cifar100_500_Jul.02_15.36.04_foolsgold_fix_True_no-mia_no-mia-class_no-noise_modelreplace_5/agg_records/pkl/round_0385_foolsgold.pkl
386,foolsgold,success,"[4, 45, 97, 55, 16, 23, 89, 59, 90, 15]","[4, 45, 97, 55, 16, 23, 89, 59, 90, 15]",[],10,10,"[""foolsgold""]",../main/re_result_6-29_APRA/cifar100_500_Jul.02_15.36.04_foolsgold_fix_True_no-mia_no-mia-class_no-noise_modelreplace_5/agg_records/pkl/round_0386_foolsgold.pkl
387,foolsgold,success,"[2, 12, 25, 36, 23, 64, 84, 91, 19, 26]","[2, 12, 25, 36, 23, 64, 84, 91, 19, 26]",[],10,10,"[""foolsgold""]",../main/re_result_6-29_APRA/cifar100_500_Jul.02_15.36.04_foolsgold_fix_True_no-mia_no-mia-class_no-noise_modelreplace_5/agg_records/pkl/round_0387_foolsgold.pkl
388,foolsgold,success,"[2, 84, 63, 30, 90, 33, 24, 13, 87, 40]","[2, 84, 30, 90, 24, 13, 87, 40]","[63, 33]",10,8,"[""foolsgold""]",../main/re_result_6-29_APRA/cifar100_500_Jul.02_15.36.04_foolsgold_fix_True_no-mia_no-mia-class_no-noise_modelreplace_5/agg_records/pkl/round_0388_foolsgold.pkl
389,foolsgold,success,"[1, 2, 78, 33, 24, 5, 57, 77, 31, 62]","[1, 2, 78, 33, 24, 5, 57, 77, 31, 62]",[],10,10,"[""foolsgold""]",../main/re_result_6-29_APRA/cifar100_500_Jul.02_15.36.04_foolsgold_fix_True_no-mia_no-mia-class_no-noise_modelreplace_5/agg_records/pkl/round_0389_foolsgold.pkl
390,foolsgold,success,"[2, 15, 48, 84, 66, 59, 9, 80, 91, 79]","[2, 15, 48, 84, 66, 59, 9, 80, 91, 79]",[],10,10,"[""foolsgold""]",../main/re_result_6-29_APRA/cifar100_500_Jul.02_15.36.04_foolsgold_fix_True_no-mia_no-mia-class_no-noise_modelreplace_5/agg_records/pkl/round_0390_foolsgold.pkl
391,foolsgold,success,"[2, 19, 44, 7, 85, 43, 73, 18, 29, 83]","[2, 19, 44, 7, 85, 43, 73, 18, 29, 83]",[],10,10,"[""foolsgold""]",../main/re_result_6-29_APRA/cifar100_500_Jul.02_15.36.04_foolsgold_fix_True_no-mia_no-mia-class_no-noise_modelreplace_5/agg_records/pkl/round_0391_foolsgold.pkl
392,foolsgold,success,"[0, 99, 74, 47, 46, 89, 95, 88, 71, 63]","[0, 99, 74, 46, 89, 95, 88]","[47, 71, 63]",10,7,"[""foolsgold""]",../main/re_result_6-29_APRA/cifar100_500_Jul.02_15.36.04_foolsgold_fix_True_no-mia_no-mia-class_no-noise_modelreplace_5/agg_records/pkl/round_0392_foolsgold.pkl
393,foolsgold,success,"[3, 78, 91, 29, 51, 38, 86, 24, 63, 27]","[3, 78, 91, 29, 51, 38, 86, 24, 63, 27]",[],10,10,"[""foolsgold""]",../main/re_result_6-29_APRA/cifar100_500_Jul.02_15.36.04_foolsgold_fix_True_no-mia_no-mia-class_no-noise_modelreplace_5/agg_records/pkl/round_0393_foolsgold.pkl
394,foolsgold,success,"[3, 75, 45, 59, 20, 29, 67, 93, 81, 13]","[3, 75, 45, 59, 20, 29, 67, 93, 81, 13]",[],10,10,"[""foolsgold""]",../main/re_result_6-29_APRA/cifar100_500_Jul.02_15.36.04_foolsgold_fix_True_no-mia_no-mia-class_no-noise_modelreplace_5/agg_records/pkl/round_0394_foolsgold.pkl
395,foolsgold,success,"[3, 88, 10, 17, 75, 20, 11, 31, 42, 14]","[3, 88, 10, 17, 75, 20, 11, 31, 42, 14]",[],10,10,"[""foolsgold""]",../main/re_result_6-29_APRA/cifar100_500_Jul.02_15.36.04_foolsgold_fix_True_no-mia_no-mia-class_no-noise_modelreplace_5/agg_records/pkl/round_0395_foolsgold.pkl
396,foolsgold,success,"[0, 85, 82, 10, 31, 84, 27, 7, 14, 4]","[0, 85, 82, 10, 31, 84, 27, 7, 14, 4]",[],10,10,"[""foolsgold""]",../main/re_result_6-29_APRA/cifar100_500_Jul.02_15.36.04_foolsgold_fix_True_no-mia_no-mia-class_no-noise_modelreplace_5/agg_records/pkl/round_0396_foolsgold.pkl
397,foolsgold,success,"[3, 43, 25, 48, 98, 87, 6, 23, 34, 52]","[3, 43, 25, 48, 98, 87, 6, 23, 34, 52]",[],10,10,"[""foolsgold""]",../main/re_result_6-29_APRA/cifar100_500_Jul.02_15.36.04_foolsgold_fix_True_no-mia_no-mia-class_no-noise_modelreplace_5/agg_records/pkl/round_0397_foolsgold.pkl
398,foolsgold,success,"[4, 36, 68, 37, 92, 94, 14, 22, 28, 18]","[4, 36, 37, 92, 94, 14, 28, 18]","[68, 22]",10,8,"[""foolsgold""]",../main/re_result_6-29_APRA/cifar100_500_Jul.02_15.36.04_foolsgold_fix_True_no-mia_no-mia-class_no-noise_modelreplace_5/agg_records/pkl/round_0398_foolsgold.pkl
399,foolsgold,success,"[1, 24, 30, 22, 5, 72, 62, 32, 68, 97]","[1, 24, 30, 5, 72, 62, 32, 97]","[22, 68]",10,8,"[""foolsgold""]",../main/re_result_6-29_APRA/cifar100_500_Jul.02_15.36.04_foolsgold_fix_True_no-mia_no-mia-class_no-noise_modelreplace_5/agg_records/pkl/round_0399_foolsgold.pkl
400,foolsgold,success,"[2, 91, 61, 8, 99, 97, 98, 93, 74, 39]","[2, 91, 61, 8, 99, 97, 98, 93, 74, 39]",[],10,10,"[""foolsgold""]",../main/re_result_6-29_APRA/cifar100_500_Jul.02_15.36.04_foolsgold_fix_True_no-mia_no-mia-class_no-noise_modelreplace_5/agg_records/pkl/round_0400_foolsgold.pkl
401,foolsgold,success,"[1, 75, 14, 32, 62, 2, 68, 46, 72, 57]","[1, 75, 14, 32, 62, 2, 68, 46, 72, 57]",[],10,10,"[""foolsgold""]",../main/re_result_6-29_APRA/cifar100_500_Jul.02_15.36.04_foolsgold_fix_True_no-mia_no-mia-class_no-noise_modelreplace_5/agg_records/pkl/round_0401_foolsgold.pkl
402,foolsgold,success,"[4, 27, 62, 80, 22, 16, 29, 15, 55, 95]","[4, 27, 62, 80, 22, 16, 29, 15, 55, 95]",[],10,10,"[""foolsgold""]",../main/re_result_6-29_APRA/cifar100_500_Jul.02_15.36.04_foolsgold_fix_True_no-mia_no-mia-class_no-noise_modelreplace_5/agg_records/pkl/round_0402_foolsgold.pkl
403,foolsgold,success,"[4, 24, 18, 49, 84, 7, 67, 0, 80, 77]","[4, 24, 18, 49, 84, 7, 67, 0, 80, 77]",[],10,10,"[""foolsgold""]",../main/re_result_6-29_APRA/cifar100_500_Jul.02_15.36.04_foolsgold_fix_True_no-mia_no-mia-class_no-noise_modelreplace_5/agg_records/pkl/round_0403_foolsgold.pkl
404,foolsgold,success,"[1, 58, 9, 48, 14, 80, 30, 10, 70, 39]","[1, 58, 9, 48, 14, 80, 30, 10, 70, 39]",[],10,10,"[""foolsgold""]",../main/re_result_6-29_APRA/cifar100_500_Jul.02_15.36.04_foolsgold_fix_True_no-mia_no-mia-class_no-noise_modelreplace_5/agg_records/pkl/round_0404_foolsgold.pkl
405,foolsgold,success,"[2, 92, 77, 70, 72, 99, 32, 0, 26, 57]","[2, 92, 77, 70, 32, 0, 26, 57]","[72, 99]",10,8,"[""foolsgold""]",../main/re_result_6-29_APRA/cifar100_500_Jul.02_15.36.04_foolsgold_fix_True_no-mia_no-mia-class_no-noise_modelreplace_5/agg_records/pkl/round_0405_foolsgold.pkl
406,foolsgold,success,"[2, 84, 57, 95, 30, 70, 16, 13, 29, 27]","[2, 84, 57, 95, 30, 70, 16, 13, 29, 27]",[],10,10,"[""foolsgold""]",../main/re_result_6-29_APRA/cifar100_500_Jul.02_15.36.04_foolsgold_fix_True_no-mia_no-mia-class_no-noise_modelreplace_5/agg_records/pkl/round_0406_foolsgold.pkl
407,foolsgold,success,"[3, 8, 86, 33, 74, 35, 51, 22, 40, 47]","[3, 8, 86, 51, 40, 47]","[33, 74, 35, 22]",10,6,"[""foolsgold""]",../main/re_result_6-29_APRA/cifar100_500_Jul.02_15.36.04_foolsgold_fix_True_no-mia_no-mia-class_no-noise_modelreplace_5/agg_records/pkl/round_0407_foolsgold.pkl
408,foolsgold,success,"[2, 40, 4, 57, 63, 1, 42, 30, 46, 84]","[2, 40, 4, 57, 63, 1, 42, 30, 46, 84]",[],10,10,"[""foolsgold""]",../main/re_result_6-29_APRA/cifar100_500_Jul.02_15.36.04_foolsgold_fix_True_no-mia_no-mia-class_no-noise_modelreplace_5/agg_records/pkl/round_0408_foolsgold.pkl
409,foolsgold,success,"[4, 67, 17, 27, 34, 71, 93, 13, 86, 16]","[4, 67, 17, 27, 34, 71, 93, 13, 86, 16]",[],10,10,"[""foolsgold""]",../main/re_result_6-29_APRA/cifar100_500_Jul.02_15.36.04_foolsgold_fix_True_no-mia_no-mia-class_no-noise_modelreplace_5/agg_records/pkl/round_0409_foolsgold.pkl
410,foolsgold,success,"[4, 3, 86, 72, 23, 73, 84, 96, 30, 67]","[4, 3, 86, 72, 23, 73, 84, 96, 30, 67]",[],10,10,"[""foolsgold""]",../main/re_result_6-29_APRA/cifar100_500_Jul.02_15.36.04_foolsgold_fix_True_no-mia_no-mia-class_no-noise_modelreplace_5/agg_records/pkl/round_0410_foolsgold.pkl
411,foolsgold,success,"[2, 8, 18, 94, 69, 36, 63, 62, 76, 71]","[2, 8, 18, 94, 69, 36, 62, 76]","[63, 71]",10,8,"[""foolsgold""]",../main/re_result_6-29_APRA/cifar100_500_Jul.02_15.36.04_foolsgold_fix_True_no-mia_no-mia-class_no-noise_modelreplace_5/agg_records/pkl/round_0411_foolsgold.pkl
412,foolsgold,success,"[1, 44, 66, 63, 95, 46, 29, 60, 9, 48]","[1, 44, 66, 63, 95, 46, 29, 60, 9, 48]",[],10,10,"[""foolsgold""]",../main/re_result_6-29_APRA/cifar100_500_Jul.02_15.36.04_foolsgold_fix_True_no-mia_no-mia-class_no-noise_modelreplace_5/agg_records/pkl/round_0412_foolsgold.pkl
413,foolsgold,success,"[3, 99, 38, 13, 42, 31, 28, 96, 5, 58]","[3, 99, 38, 13, 42, 31, 28, 96, 5, 58]",[],10,10,"[""foolsgold""]",../main/re_result_6-29_APRA/cifar100_500_Jul.02_15.36.04_foolsgold_fix_True_no-mia_no-mia-class_no-noise_modelreplace_5/agg_records/pkl/round_0413_foolsgold.pkl
414,foolsgold,success,"[0, 49, 53, 54, 88, 64, 8, 83, 85, 90]","[0, 49, 53, 54, 88, 64, 8, 83, 85, 90]",[],10,10,"[""foolsgold""]",../main/re_result_6-29_APRA/cifar100_500_Jul.02_15.36.04_foolsgold_fix_True_no-mia_no-mia-class_no-noise_modelreplace_5/agg_records/pkl/round_0414_foolsgold.pkl
415,foolsgold,success,"[3, 28, 98, 30, 12, 13, 74, 9, 92, 56]","[3, 28, 30, 12, 13, 74, 9, 56]","[98, 92]",10,8,"[""foolsgold""]",../main/re_result_6-29_APRA/cifar100_500_Jul.02_15.36.04_foolsgold_fix_True_no-mia_no-mia-class_no-noise_modelreplace_5/agg_records/pkl/round_0415_foolsgold.pkl
416,foolsgold,success,"[0, 14, 76, 43, 44, 96, 29, 4, 77, 32]","[0, 14, 76, 43, 44, 96, 29, 4, 77, 32]",[],10,10,"[""foolsgold""]",../main/re_result_6-29_APRA/cifar100_500_Jul.02_15.36.04_foolsgold_fix_True_no-mia_no-mia-class_no-noise_modelreplace_5/agg_records/pkl/round_0416_foolsgold.pkl
417,foolsgold,success,"[3, 27, 93, 15, 25, 33, 88, 8, 30, 63]","[3, 27, 93, 15, 25, 88, 8, 30]","[33, 63]",10,8,"[""foolsgold""]",../main/re_result_6-29_APRA/cifar100_500_Jul.02_15.36.04_foolsgold_fix_True_no-mia_no-mia-class_no-noise_modelreplace_5/agg_records/pkl/round_0417_foolsgold.pkl
418,foolsgold,success,"[3, 80, 10, 60, 1, 28, 63, 74, 81, 84]","[3, 80, 10, 60, 1, 28, 63, 74, 81, 84]",[],10,10,"[""foolsgold""]",../main/re_result_6-29_APRA/cifar100_500_Jul.02_15.36.04_foolsgold_fix_True_no-mia_no-mia-class_no-noise_modelreplace_5/agg_records/pkl/round_0418_foolsgold.pkl
419,foolsgold,success,"[1, 4, 54, 13, 69, 75, 18, 7, 2, 37]","[1, 4, 54, 13, 69, 75, 18, 7, 2, 37]",[],10,10,"[""foolsgold""]",../main/re_result_6-29_APRA/cifar100_500_Jul.02_15.36.04_foolsgold_fix_True_no-mia_no-mia-class_no-noise_modelreplace_5/agg_records/pkl/round_0419_foolsgold.pkl
420,foolsgold,success,"[2, 67, 17, 6, 62, 19, 13, 51, 24, 35]","[2, 67, 17, 6, 62, 19, 13, 51, 24, 35]",[],10,10,"[""foolsgold""]",../main/re_result_6-29_APRA/cifar100_500_Jul.02_15.36.04_foolsgold_fix_True_no-mia_no-mia-class_no-noise_modelreplace_5/agg_records/pkl/round_0420_foolsgold.pkl
421,foolsgold,success,"[3, 89, 39, 17, 56, 72, 35, 62, 32, 19]","[3, 89, 39, 17, 56, 72, 35, 62, 32, 19]",[],10,10,"[""foolsgold""]",../main/re_result_6-29_APRA/cifar100_500_Jul.02_15.36.04_foolsgold_fix_True_no-mia_no-mia-class_no-noise_modelreplace_5/agg_records/pkl/round_0421_foolsgold.pkl
422,foolsgold,success,"[2, 42, 8, 99, 55, 43, 18, 74, 85, 78]","[2, 42, 8, 99, 55, 43, 18, 74, 85, 78]",[],10,10,"[""foolsgold""]",../main/re_result_6-29_APRA/cifar100_500_Jul.02_15.36.04_foolsgold_fix_True_no-mia_no-mia-class_no-noise_modelreplace_5/agg_records/pkl/round_0422_foolsgold.pkl
423,foolsgold,success,"[0, 43, 92, 29, 50, 57, 80, 82, 16, 17]","[0, 43, 92, 29, 50, 57, 80, 82, 16, 17]",[],10,10,"[""foolsgold""]",../main/re_result_6-29_APRA/cifar100_500_Jul.02_15.36.04_foolsgold_fix_True_no-mia_no-mia-class_no-noise_modelreplace_5/agg_records/pkl/round_0423_foolsgold.pkl
424,foolsgold,success,"[0, 58, 21, 96, 94, 5, 80, 45, 62, 71]","[0, 58, 21, 96, 94, 5, 80, 45, 62, 71]",[],10,10,"[""foolsgold""]",../main/re_result_6-29_APRA/cifar100_500_Jul.02_15.36.04_foolsgold_fix_True_no-mia_no-mia-class_no-noise_modelreplace_5/agg_records/pkl/round_0424_foolsgold.pkl
425,foolsgold,success,"[4, 2, 30, 41, 90, 42, 1, 69, 13, 73]","[4, 2, 30, 41, 90, 42, 1, 69, 13, 73]",[],10,10,"[""foolsgold""]",../main/re_result_6-29_APRA/cifar100_500_Jul.02_15.36.04_foolsgold_fix_True_no-mia_no-mia-class_no-noise_modelreplace_5/agg_records/pkl/round_0425_foolsgold.pkl
426,foolsgold,success,"[4, 97, 54, 70, 96, 34, 36, 42, 56, 91]","[4, 54, 70, 96, 36, 42, 56, 91]","[97, 34]",10,8,"[""foolsgold""]",../main/re_result_6-29_APRA/cifar100_500_Jul.02_15.36.04_foolsgold_fix_True_no-mia_no-mia-class_no-noise_modelreplace_5/agg_records/pkl/round_0426_foolsgold.pkl
427,foolsgold,success,"[3, 96, 90, 93, 69, 11, 94, 58, 34, 38]","[3, 96, 90, 93, 69, 11, 94, 58, 34, 38]",[],10,10,"[""foolsgold""]",../main/re_result_6-29_APRA/cifar100_500_Jul.02_15.36.04_foolsgold_fix_True_no-mia_no-mia-class_no-noise_modelreplace_5/agg_records/pkl/round_0427_foolsgold.pkl
428,foolsgold,success,"[1, 5, 41, 34, 8, 82, 47, 11, 48, 89]","[1, 5, 41, 34, 8, 82, 47, 11, 48, 89]",[],10,10,"[""foolsgold""]",../main/re_result_6-29_APRA/cifar100_500_Jul.02_15.36.04_foolsgold_fix_True_no-mia_no-mia-class_no-noise_modelreplace_5/agg_records/pkl/round_0428_foolsgold.pkl
429,foolsgold,success,"[2, 54, 62, 36, 1, 73, 23, 7, 15, 94]","[2, 54, 62, 36, 1, 73, 23, 7, 15, 94]",[],10,10,"[""foolsgold""]",../main/re_result_6-29_APRA/cifar100_500_Jul.02_15.36.04_foolsgold_fix_True_no-mia_no-mia-class_no-noise_modelreplace_5/agg_records/pkl/round_0429_foolsgold.pkl
430,foolsgold,success,"[3, 83, 64, 41, 77, 95, 87, 32, 5, 4]","[3, 83, 64, 41, 77, 95, 87, 32, 5, 4]",[],10,10,"[""foolsgold""]",../main/re_result_6-29_APRA/cifar100_500_Jul.02_15.36.04_foolsgold_fix_True_no-mia_no-mia-class_no-noise_modelreplace_5/agg_records/pkl/round_0430_foolsgold.pkl
431,foolsgold,success,"[0, 29, 33, 81, 11, 39, 5, 45, 95, 69]","[0, 29, 33, 81, 11, 39, 5, 45, 95, 69]",[],10,10,"[""foolsgold""]",../main/re_result_6-29_APRA/cifar100_500_Jul.02_15.36.04_foolsgold_fix_True_no-mia_no-mia-class_no-noise_modelreplace_5/agg_records/pkl/round_0431_foolsgold.pkl
432,foolsgold,success,"[0, 50, 81, 62, 3, 74, 10, 33, 35, 56]","[0, 50, 81, 62, 3, 74, 10, 33, 35, 56]",[],10,10,"[""foolsgold""]",../main/re_result_6-29_APRA/cifar100_500_Jul.02_15.36.04_foolsgold_fix_True_no-mia_no-mia-class_no-noise_modelreplace_5/agg_records/pkl/round_0432_foolsgold.pkl
433,foolsgold,success,"[2, 40, 67, 33, 0, 7, 1, 6, 38, 5]","[2, 40, 67, 0, 7, 1, 6, 5]","[33, 38]",10,8,"[""foolsgold""]",../main/re_result_6-29_APRA/cifar100_500_Jul.02_15.36.04_foolsgold_fix_True_no-mia_no-mia-class_no-noise_modelreplace_5/agg_records/pkl/round_0433_foolsgold.pkl
434,foolsgold,success,"[0, 38, 92, 53, 33, 46, 80, 60, 50, 68]","[0, 92, 53, 46, 80, 50, 68]","[38, 33, 60]",10,7,"[""foolsgold""]",../main/re_result_6-29_APRA/cifar100_500_Jul.02_15.36.04_foolsgold_fix_True_no-mia_no-mia-class_no-noise_modelreplace_5/agg_records/pkl/round_0434_foolsgold.pkl
435,foolsgold,success,"[1, 38, 94, 69, 57, 45, 22, 47, 53, 3]","[1, 38, 94, 69, 57, 45, 22, 47, 53, 3]",[],10,10,"[""foolsgold""]",../main/re_result_6-29_APRA/cifar100_500_Jul.02_15.36.04_foolsgold_fix_True_no-mia_no-mia-class_no-noise_modelreplace_5/agg_records/pkl/round_0435_foolsgold.pkl
436,foolsgold,success,"[2, 71, 75, 78, 19, 37, 51, 55, 18, 41]","[2, 71, 75, 78, 19, 37, 51, 55, 18, 41]",[],10,10,"[""foolsgold""]",../main/re_result_6-29_APRA/cifar100_500_Jul.02_15.36.04_foolsgold_fix_True_no-mia_no-mia-class_no-noise_modelreplace_5/agg_records/pkl/round_0436_foolsgold.pkl
437,foolsgold,success,"[3, 55, 8, 11, 25, 68, 6, 90, 61, 78]","[3, 55, 8, 11, 25, 68, 6, 90, 61, 78]",[],10,10,"[""foolsgold""]",../main/re_result_6-29_APRA/cifar100_500_Jul.02_15.36.04_foolsgold_fix_True_no-mia_no-mia-class_no-noise_modelreplace_5/agg_records/pkl/round_0437_foolsgold.pkl
438,foolsgold,success,"[2, 95, 11, 12, 65, 15, 22, 86, 14, 50]","[2, 95, 11, 12, 65, 15, 22, 86, 14, 50]",[],10,10,"[""foolsgold""]",../main/re_result_6-29_APRA/cifar100_500_Jul.02_15.36.04_foolsgold_fix_True_no-mia_no-mia-class_no-noise_modelreplace_5/agg_records/pkl/round_0438_foolsgold.pkl
439,foolsgold,success,"[2, 23, 88, 85, 48, 8, 72, 87, 16, 73]","[2, 23, 88, 85, 48, 8, 72, 87, 16, 73]",[],10,10,"[""foolsgold""]",../main/re_result_6-29_APRA/cifar100_500_Jul.02_15.36.04_foolsgold_fix_True_no-mia_no-mia-class_no-noise_modelreplace_5/agg_records/pkl/round_0439_foolsgold.pkl
440,foolsgold,success,"[2, 78, 3, 40, 31, 14, 44, 57, 10, 64]","[2, 78, 3, 40, 31, 14, 44, 57, 10, 64]",[],10,10,"[""foolsgold""]",../main/re_result_6-29_APRA/cifar100_500_Jul.02_15.36.04_foolsgold_fix_True_no-mia_no-mia-class_no-noise_modelreplace_5/agg_records/pkl/round_0440_foolsgold.pkl
441,foolsgold,success,"[2, 10, 81, 56, 88, 36, 62, 99, 93, 85]","[2, 10, 81, 56, 88, 36, 62, 99, 93, 85]",[],10,10,"[""foolsgold""]",../main/re_result_6-29_APRA/cifar100_500_Jul.02_15.36.04_foolsgold_fix_True_no-mia_no-mia-class_no-noise_modelreplace_5/agg_records/pkl/round_0441_foolsgold.pkl
442,foolsgold,success,"[3, 25, 99, 13, 81, 6, 89, 30, 21, 90]","[3, 25, 99, 13, 81, 6, 89, 30, 21, 90]",[],10,10,"[""foolsgold""]",../main/re_result_6-29_APRA/cifar100_500_Jul.02_15.36.04_foolsgold_fix_True_no-mia_no-mia-class_no-noise_modelreplace_5/agg_records/pkl/round_0442_foolsgold.pkl
443,foolsgold,success,"[1, 16, 75, 59, 52, 61, 8, 21, 47, 40]","[1, 16, 75, 59, 52, 61, 8, 21, 47, 40]",[],10,10,"[""foolsgold""]",../main/re_result_6-29_APRA/cifar100_500_Jul.02_15.36.04_foolsgold_fix_True_no-mia_no-mia-class_no-noise_modelreplace_5/agg_records/pkl/round_0443_foolsgold.pkl
444,foolsgold,success,"[3, 13, 53, 66, 33, 38, 36, 49, 76, 54]","[3, 13, 53, 66, 36, 49, 76, 54]","[33, 38]",10,8,"[""foolsgold""]",../main/re_result_6-29_APRA/cifar100_500_Jul.02_15.36.04_foolsgold_fix_True_no-mia_no-mia-class_no-noise_modelreplace_5/agg_records/pkl/round_0444_foolsgold.pkl
445,foolsgold,success,"[2, 47, 98, 83, 65, 78, 24, 33, 88, 40]","[2, 47, 83, 65, 78, 24, 88, 40]","[98, 33]",10,8,"[""foolsgold""]",../main/re_result_6-29_APRA/cifar100_500_Jul.02_15.36.04_foolsgold_fix_True_no-mia_no-mia-class_no-noise_modelreplace_5/agg_records/pkl/round_0445_foolsgold.pkl
446,foolsgold,success,"[0, 86, 70, 30, 24, 66, 99, 9, 12, 31]","[0, 86, 70, 30, 24, 66, 99, 9, 12, 31]",[],10,10,"[""foolsgold""]",../main/re_result_6-29_APRA/cifar100_500_Jul.02_15.36.04_foolsgold_fix_True_no-mia_no-mia-class_no-noise_modelreplace_5/agg_records/pkl/round_0446_foolsgold.pkl
447,foolsgold,success,"[3, 81, 17, 35, 96, 88, 36, 99, 64, 92]","[3, 81, 17, 35, 96, 88, 36, 99, 64, 92]",[],10,10,"[""foolsgold""]",../main/re_result_6-29_APRA/cifar100_500_Jul.02_15.36.04_foolsgold_fix_True_no-mia_no-mia-class_no-noise_modelreplace_5/agg_records/pkl/round_0447_foolsgold.pkl
448,foolsgold,success,"[4, 91, 21, 75, 59, 96, 92, 42, 74, 12]","[4, 91, 21, 75, 59, 96, 92, 42, 74, 12]",[],10,10,"[""foolsgold""]",../main/re_result_6-29_APRA/cifar100_500_Jul.02_15.36.04_foolsgold_fix_True_no-mia_no-mia-class_no-noise_modelreplace_5/agg_records/pkl/round_0448_foolsgold.pkl
449,foolsgold,success,"[2, 39, 68, 74, 40, 3, 0, 85, 50, 44]","[2, 39, 68, 74, 40, 3, 0, 85, 50, 44]",[],10,10,"[""foolsgold""]",../main/re_result_6-29_APRA/cifar100_500_Jul.02_15.36.04_foolsgold_fix_True_no-mia_no-mia-class_no-noise_modelreplace_5/agg_records/pkl/round_0449_foolsgold.pkl
450,foolsgold,success,"[4, 33, 52, 31, 75, 20, 83, 96, 38, 72]","[4, 52, 31, 75, 83, 96]","[33, 20, 38, 72]",10,6,"[""foolsgold""]",../main/re_result_6-29_APRA/cifar100_500_Jul.02_15.36.04_foolsgold_fix_True_no-mia_no-mia-class_no-noise_modelreplace_5/agg_records/pkl/round_0450_foolsgold.pkl
451,foolsgold,success,"[4, 64, 72, 2, 83, 62, 97, 32, 51, 86]","[4, 64, 72, 2, 83, 62, 97, 32, 51, 86]",[],10,10,"[""foolsgold""]",../main/re_result_6-29_APRA/cifar100_500_Jul.02_15.36.04_foolsgold_fix_True_no-mia_no-mia-class_no-noise_modelreplace_5/agg_records/pkl/round_0451_foolsgold.pkl
452,foolsgold,success,"[3, 54, 33, 74, 61, 27, 58, 68, 6, 42]","[3, 54, 33, 74, 61, 27, 58, 68, 6, 42]",[],10,10,"[""foolsgold""]",../main/re_result_6-29_APRA/cifar100_500_Jul.02_15.36.04_foolsgold_fix_True_no-mia_no-mia-class_no-noise_modelreplace_5/agg_records/pkl/round_0452_foolsgold.pkl
453,foolsgold,success,"[1, 36, 19, 45, 15, 73, 13, 69, 59, 16]","[1, 36, 19, 45, 15, 73, 13, 69, 59, 16]",[],10,10,"[""foolsgold""]",../main/re_result_6-29_APRA/cifar100_500_Jul.02_15.36.04_foolsgold_fix_True_no-mia_no-mia-class_no-noise_modelreplace_5/agg_records/pkl/round_0453_foolsgold.pkl
454,foolsgold,success,"[3, 17, 69, 74, 58, 40, 57, 56, 59, 55]","[3, 17, 69, 74, 58, 40, 57, 56, 59, 55]",[],10,10,"[""foolsgold""]",../main/re_result_6-29_APRA/cifar100_500_Jul.02_15.36.04_foolsgold_fix_True_no-mia_no-mia-class_no-noise_modelreplace_5/agg_records/pkl/round_0454_foolsgold.pkl
455,foolsgold,success,"[3, 97, 8, 89, 79, 11, 76, 16, 77, 25]","[3, 97, 8, 89, 79, 11, 76, 16, 77, 25]",[],10,10,"[""foolsgold""]",../main/re_result_6-29_APRA/cifar100_500_Jul.02_15.36.04_foolsgold_fix_True_no-mia_no-mia-class_no-noise_modelreplace_5/agg_records/pkl/round_0455_foolsgold.pkl
456,foolsgold,success,"[2, 21, 49, 33, 17, 44, 74, 85, 84, 79]","[2, 21, 49, 17, 44, 74, 85, 84]","[33, 79]",10,8,"[""foolsgold""]",../main/re_result_6-29_APRA/cifar100_500_Jul.02_15.36.04_foolsgold_fix_True_no-mia_no-mia-class_no-noise_modelreplace_5/agg_records/pkl/round_0456_foolsgold.pkl
457,foolsgold,success,"[1, 15, 58, 56, 75, 64, 2, 68, 46, 54]","[1, 15, 58, 56, 75, 64, 2, 68, 46, 54]",[],10,10,"[""foolsgold""]",../main/re_result_6-29_APRA/cifar100_500_Jul.02_15.36.04_foolsgold_fix_True_no-mia_no-mia-class_no-noise_modelreplace_5/agg_records/pkl/round_0457_foolsgold.pkl
458,foolsgold,success,"[3, 41, 74, 15, 4, 81, 48, 84, 56, 94]","[3, 41, 74, 15, 4, 81, 48, 84, 56, 94]",[],10,10,"[""foolsgold""]",../main/re_result_6-29_APRA/cifar100_500_Jul.02_15.36.04_foolsgold_fix_True_no-mia_no-mia-class_no-noise_modelreplace_5/agg_records/pkl/round_0458_foolsgold.pkl
459,foolsgold,success,"[1, 94, 76, 84, 86, 54, 63, 6, 85, 39]","[1, 94, 76, 84, 86, 54, 63, 6, 85, 39]",[],10,10,"[""foolsgold""]",../main/re_result_6-29_APRA/cifar100_500_Jul.02_15.36.04_foolsgold_fix_True_no-mia_no-mia-class_no-noise_modelreplace_5/agg_records/pkl/round_0459_foolsgold.pkl
460,foolsgold,success,"[2, 58, 62, 15, 35, 5, 46, 60, 8, 18]","[2, 58, 62, 15, 35, 5, 46, 60, 8, 18]",[],10,10,"[""foolsgold""]",../main/re_result_6-29_APRA/cifar100_500_Jul.02_15.36.04_foolsgold_fix_True_no-mia_no-mia-class_no-noise_modelreplace_5/agg_records/pkl/round_0460_foolsgold.pkl
461,foolsgold,success,"[2, 96, 3, 90, 11, 47, 48, 37, 33, 80]","[2, 96, 3, 90, 11, 47, 48, 37, 33, 80]",[],10,10,"[""foolsgold""]",../main/re_result_6-29_APRA/cifar100_500_Jul.02_15.36.04_foolsgold_fix_True_no-mia_no-mia-class_no-noise_modelreplace_5/agg_records/pkl/round_0461_foolsgold.pkl
462,foolsgold,success,"[2, 5, 82, 80, 89, 69, 42, 59, 17, 48]","[2, 5, 82, 80, 89, 69, 42, 59, 17, 48]",[],10,10,"[""foolsgold""]",../main/re_result_6-29_APRA/cifar100_500_Jul.02_15.36.04_foolsgold_fix_True_no-mia_no-mia-class_no-noise_modelreplace_5/agg_records/pkl/round_0462_foolsgold.pkl
463,foolsgold,success,"[3, 81, 28, 63, 34, 35, 96, 71, 46, 44]","[3, 81, 28, 63, 34, 35, 96, 71, 46, 44]",[],10,10,"[""foolsgold""]",../main/re_result_6-29_APRA/cifar100_500_Jul.02_15.36.04_foolsgold_fix_True_no-mia_no-mia-class_no-noise_modelreplace_5/agg_records/pkl/round_0463_foolsgold.pkl
464,foolsgold,success,"[2, 91, 86, 84, 61, 50, 97, 87, 53, 27]","[2, 91, 86, 84, 61, 50, 97, 87, 53, 27]",[],10,10,"[""foolsgold""]",../main/re_result_6-29_APRA/cifar100_500_Jul.02_15.36.04_foolsgold_fix_True_no-mia_no-mia-class_no-noise_modelreplace_5/agg_records/pkl/round_0464_foolsgold.pkl
465,foolsgold,success,"[1, 44, 89, 35, 24, 0, 91, 43, 4, 73]","[1, 44, 89, 35, 24, 0, 91, 43, 4, 73]",[],10,10,"[""foolsgold""]",../main/re_result_6-29_APRA/cifar100_500_Jul.02_15.36.04_foolsgold_fix_True_no-mia_no-mia-class_no-noise_modelreplace_5/agg_records/pkl/round_0465_foolsgold.pkl
466,foolsgold,success,"[2, 28, 1, 88, 58, 21, 61, 94, 17, 68]","[2, 28, 1, 88, 58, 21, 61, 94, 17, 68]",[],10,10,"[""foolsgold""]",../main/re_result_6-29_APRA/cifar100_500_Jul.02_15.36.04_foolsgold_fix_True_no-mia_no-mia-class_no-noise_modelreplace_5/agg_records/pkl/round_0466_foolsgold.pkl
467,foolsgold,success,"[1, 61, 50, 74, 42, 87, 65, 72, 64, 8]","[1, 61, 50, 74, 42, 87, 65, 72, 64, 8]",[],10,10,"[""foolsgold""]",../main/re_result_6-29_APRA/cifar100_500_Jul.02_15.36.04_foolsgold_fix_True_no-mia_no-mia-class_no-noise_modelreplace_5/agg_records/pkl/round_0467_foolsgold.pkl
468,foolsgold,success,"[4, 75, 35, 21, 95, 83, 55, 52, 2, 31]","[4, 75, 35, 21, 95, 83, 55, 52, 2, 31]",[],10,10,"[""foolsgold""]",../main/re_result_6-29_APRA/cifar100_500_Jul.02_15.36.04_foolsgold_fix_True_no-mia_no-mia-class_no-noise_modelreplace_5/agg_records/pkl/round_0468_foolsgold.pkl
469,foolsgold,success,"[3, 55, 79, 70, 4, 82, 24, 60, 56, 88]","[3, 55, 79, 70, 4, 82, 24, 60, 56, 88]",[],10,10,"[""foolsgold""]",../main/re_result_6-29_APRA/cifar100_500_Jul.02_15.36.04_foolsgold_fix_True_no-mia_no-mia-class_no-noise_modelreplace_5/agg_records/pkl/round_0469_foolsgold.pkl
470,foolsgold,success,"[2, 34, 70, 23, 83, 99, 77, 37, 26, 89]","[2, 34, 70, 23, 83, 99, 77, 37, 26, 89]",[],10,10,"[""foolsgold""]",../main/re_result_6-29_APRA/cifar100_500_Jul.02_15.36.04_foolsgold_fix_True_no-mia_no-mia-class_no-noise_modelreplace_5/agg_records/pkl/round_0470_foolsgold.pkl
471,foolsgold,success,"[2, 6, 8, 62, 78, 51, 14, 56, 46, 29]","[2, 6, 8, 62, 78, 51, 14, 56, 46, 29]",[],10,10,"[""foolsgold""]",../main/re_result_6-29_APRA/cifar100_500_Jul.02_15.36.04_foolsgold_fix_True_no-mia_no-mia-class_no-noise_modelreplace_5/agg_records/pkl/round_0471_foolsgold.pkl
472,foolsgold,success,"[3, 64, 60, 88, 68, 33, 18, 36, 63, 14]","[3, 64, 88, 68, 18, 36, 63, 14]","[60, 33]",10,8,"[""foolsgold""]",../main/re_result_6-29_APRA/cifar100_500_Jul.02_15.36.04_foolsgold_fix_True_no-mia_no-mia-class_no-noise_modelreplace_5/agg_records/pkl/round_0472_foolsgold.pkl
473,foolsgold,success,"[3, 37, 73, 9, 76, 15, 50, 25, 88, 55]","[3, 37, 73, 9, 76, 15, 50, 25, 88, 55]",[],10,10,"[""foolsgold""]",../main/re_result_6-29_APRA/cifar100_500_Jul.02_15.36.04_foolsgold_fix_True_no-mia_no-mia-class_no-noise_modelreplace_5/agg_records/pkl/round_0473_foolsgold.pkl
474,foolsgold,success,"[4, 43, 2, 88, 61, 23, 44, 78, 45, 5]","[4, 43, 2, 88, 61, 23, 44, 78, 45, 5]",[],10,10,"[""foolsgold""]",../main/re_result_6-29_APRA/cifar100_500_Jul.02_15.36.04_foolsgold_fix_True_no-mia_no-mia-class_no-noise_modelreplace_5/agg_records/pkl/round_0474_foolsgold.pkl
475,foolsgold,success,"[0, 50, 78, 10, 45, 55, 79, 61, 68, 8]","[0, 50, 78, 10, 45, 55, 79, 61, 68, 8]",[],10,10,"[""foolsgold""]",../main/re_result_6-29_APRA/cifar100_500_Jul.02_15.36.04_foolsgold_fix_True_no-mia_no-mia-class_no-noise_modelreplace_5/agg_records/pkl/round_0475_foolsgold.pkl
476,foolsgold,success,"[3, 80, 66, 19, 27, 7, 62, 86, 6, 2]","[3, 80, 66, 19, 27, 7, 62, 86, 6, 2]",[],10,10,"[""foolsgold""]",../main/re_result_6-29_APRA/cifar100_500_Jul.02_15.36.04_foolsgold_fix_True_no-mia_no-mia-class_no-noise_modelreplace_5/agg_records/pkl/round_0476_foolsgold.pkl
477,foolsgold,success,"[4, 9, 26, 28, 97, 96, 40, 95, 75, 2]","[4, 9, 26, 28, 97, 96, 40, 95, 75, 2]",[],10,10,"[""foolsgold""]",../main/re_result_6-29_APRA/cifar100_500_Jul.02_15.36.04_foolsgold_fix_True_no-mia_no-mia-class_no-noise_modelreplace_5/agg_records/pkl/round_0477_foolsgold.pkl
478,foolsgold,success,"[1, 27, 99, 62, 39, 30, 23, 56, 74, 92]","[1, 27, 99, 62, 39, 30, 23, 56, 74, 92]",[],10,10,"[""foolsgold""]",../main/re_result_6-29_APRA/cifar100_500_Jul.02_15.36.04_foolsgold_fix_True_no-mia_no-mia-class_no-noise_modelreplace_5/agg_records/pkl/round_0478_foolsgold.pkl
479,foolsgold,success,"[1, 98, 36, 80, 37, 13, 71, 0, 12, 90]","[1, 98, 36, 80, 37, 13, 71, 0, 12, 90]",[],10,10,"[""foolsgold""]",../main/re_result_6-29_APRA/cifar100_500_Jul.02_15.36.04_foolsgold_fix_True_no-mia_no-mia-class_no-noise_modelreplace_5/agg_records/pkl/round_0479_foolsgold.pkl
480,foolsgold,success,"[3, 87, 74, 82, 46, 79, 16, 83, 89, 23]","[3, 87, 74, 82, 46, 79, 16, 83, 89, 23]",[],10,10,"[""foolsgold""]",../main/re_result_6-29_APRA/cifar100_500_Jul.02_15.36.04_foolsgold_fix_True_no-mia_no-mia-class_no-noise_modelreplace_5/agg_records/pkl/round_0480_foolsgold.pkl
481,foolsgold,success,"[4, 39, 54, 34, 6, 32, 9, 14, 70, 20]","[4, 39, 54, 34, 6, 32, 9, 14, 70, 20]",[],10,10,"[""foolsgold""]",../main/re_result_6-29_APRA/cifar100_500_Jul.02_15.36.04_foolsgold_fix_True_no-mia_no-mia-class_no-noise_modelreplace_5/agg_records/pkl/round_0481_foolsgold.pkl
482,foolsgold,success,"[4, 60, 77, 13, 34, 56, 46, 76, 45, 11]","[4, 60, 77, 13, 34, 56, 46, 76, 45, 11]",[],10,10,"[""foolsgold""]",../main/re_result_6-29_APRA/cifar100_500_Jul.02_15.36.04_foolsgold_fix_True_no-mia_no-mia-class_no-noise_modelreplace_5/agg_records/pkl/round_0482_foolsgold.pkl
483,foolsgold,success,"[1, 4, 25, 30, 73, 96, 8, 48, 78, 50]","[1, 4, 25, 30, 73, 96, 8, 48, 78, 50]",[],10,10,"[""foolsgold""]",../main/re_result_6-29_APRA/cifar100_500_Jul.02_15.36.04_foolsgold_fix_True_no-mia_no-mia-class_no-noise_modelreplace_5/agg_records/pkl/round_0483_foolsgold.pkl
484,foolsgold,success,"[3, 88, 56, 83, 75, 33, 20, 28, 74, 38]","[3, 88, 56, 83, 75, 20, 28, 74]","[33, 38]",10,8,"[""foolsgold""]",../main/re_result_6-29_APRA/cifar100_500_Jul.02_15.36.04_foolsgold_fix_True_no-mia_no-mia-class_no-noise_modelreplace_5/agg_records/pkl/round_0484_foolsgold.pkl
485,foolsgold,success,"[1, 72, 87, 27, 93, 62, 46, 96, 37, 21]","[1, 72, 87, 27, 93, 62, 46, 96, 37, 21]",[],10,10,"[""foolsgold""]",../main/re_result_6-29_APRA/cifar100_500_Jul.02_15.36.04_foolsgold_fix_True_no-mia_no-mia-class_no-noise_modelreplace_5/agg_records/pkl/round_0485_foolsgold.pkl
486,foolsgold,success,"[4, 65, 39, 50, 32, 61, 93, 62, 31, 40]","[4, 65, 39, 50, 32, 61, 93, 62, 31, 40]",[],10,10,"[""foolsgold""]",../main/re_result_6-29_APRA/cifar100_500_Jul.02_15.36.04_foolsgold_fix_True_no-mia_no-mia-class_no-noise_modelreplace_5/agg_records/pkl/round_0486_foolsgold.pkl
487,foolsgold,success,"[4, 81, 42, 7, 95, 32, 1, 94, 23, 58]","[4, 81, 42, 7, 95, 32, 1, 94, 23, 58]",[],10,10,"[""foolsgold""]",../main/re_result_6-29_APRA/cifar100_500_Jul.02_15.36.04_foolsgold_fix_True_no-mia_no-mia-class_no-noise_modelreplace_5/agg_records/pkl/round_0487_foolsgold.pkl
488,foolsgold,success,"[3, 18, 88, 11, 59, 74, 27, 10, 52, 21]","[3, 18, 88, 11, 59, 74, 27, 10, 52, 21]",[],10,10,"[""foolsgold""]",../main/re_result_6-29_APRA/cifar100_500_Jul.02_15.36.04_foolsgold_fix_True_no-mia_no-mia-class_no-noise_modelreplace_5/agg_records/pkl/round_0488_foolsgold.pkl
489,foolsgold,success,"[2, 6, 43, 46, 26, 21, 55, 57, 80, 78]","[2, 6, 43, 46, 26, 21, 55, 57, 80, 78]",[],10,10,"[""foolsgold""]",../main/re_result_6-29_APRA/cifar100_500_Jul.02_15.36.04_foolsgold_fix_True_no-mia_no-mia-class_no-noise_modelreplace_5/agg_records/pkl/round_0489_foolsgold.pkl
490,foolsgold,success,"[1, 36, 84, 82, 40, 87, 90, 66, 32, 89]","[1, 36, 84, 82, 40, 87, 90, 66, 32, 89]",[],10,10,"[""foolsgold""]",../main/re_result_6-29_APRA/cifar100_500_Jul.02_15.36.04_foolsgold_fix_True_no-mia_no-mia-class_no-noise_modelreplace_5/agg_records/pkl/round_0490_foolsgold.pkl
491,foolsgold,success,"[3, 19, 51, 72, 92, 60, 98, 91, 63, 76]","[3, 19, 51, 92, 60, 91, 63, 76]","[72, 98]",10,8,"[""foolsgold""]",../main/re_result_6-29_APRA/cifar100_500_Jul.02_15.36.04_foolsgold_fix_True_no-mia_no-mia-class_no-noise_modelreplace_5/agg_records/pkl/round_0491_foolsgold.pkl
492,foolsgold,success,"[1, 94, 66, 86, 68, 73, 35, 77, 11, 22]","[1, 94, 66, 86, 68, 73, 35, 77, 11, 22]",[],10,10,"[""foolsgold""]",../main/re_result_6-29_APRA/cifar100_500_Jul.02_15.36.04_foolsgold_fix_True_no-mia_no-mia-class_no-noise_modelreplace_5/agg_records/pkl/round_0492_foolsgold.pkl
493,foolsgold,success,"[4, 56, 57, 22, 65, 63, 62, 33, 64, 69]","[4, 56, 57, 22, 65, 63, 62, 33, 64, 69]",[],10,10,"[""foolsgold""]",../main/re_result_6-29_APRA/cifar100_500_Jul.02_15.36.04_foolsgold_fix_True_no-mia_no-mia-class_no-noise_modelreplace_5/agg_records/pkl/round_0493_foolsgold.pkl
494,foolsgold,success,"[3, 79, 11, 7, 38, 2, 57, 49, 91, 22]","[3, 79, 11, 7, 38, 2, 57, 49, 91, 22]",[],10,10,"[""foolsgold""]",../main/re_result_6-29_APRA/cifar100_500_Jul.02_15.36.04_foolsgold_fix_True_no-mia_no-mia-class_no-noise_modelreplace_5/agg_records/pkl/round_0494_foolsgold.pkl
495,foolsgold,success,"[4, 49, 80, 41, 24, 96, 37, 13, 63, 29]","[4, 49, 80, 41, 24, 96, 37, 13, 63, 29]",[],10,10,"[""foolsgold""]",../main/re_result_6-29_APRA/cifar100_500_Jul.02_15.36.04_foolsgold_fix_True_no-mia_no-mia-class_no-noise_modelreplace_5/agg_records/pkl/round_0495_foolsgold.pkl
496,foolsgold,success,"[0, 86, 66, 7, 19, 3, 37, 34, 10, 91]","[0, 86, 66, 7, 19, 3, 37, 34, 10, 91]",[],10,10,"[""foolsgold""]",../main/re_result_6-29_APRA/cifar100_500_Jul.02_15.36.04_foolsgold_fix_True_no-mia_no-mia-class_no-noise_modelreplace_5/agg_records/pkl/round_0496_foolsgold.pkl
497,foolsgold,success,"[0, 59, 14, 73, 9, 18, 77, 36, 32, 89]","[0, 59, 14, 73, 9, 18, 77, 36, 32, 89]",[],10,10,"[""foolsgold""]",../main/re_result_6-29_APRA/cifar100_500_Jul.02_15.36.04_foolsgold_fix_True_no-mia_no-mia-class_no-noise_modelreplace_5/agg_records/pkl/round_0497_foolsgold.pkl
498,foolsgold,success,"[1, 59, 8, 24, 55, 47, 57, 68, 13, 38]","[1, 59, 8, 24, 55, 47, 57, 68, 13, 38]",[],10,10,"[""foolsgold""]",../main/re_result_6-29_APRA/cifar100_500_Jul.02_15.36.04_foolsgold_fix_True_no-mia_no-mia-class_no-noise_modelreplace_5/agg_records/pkl/round_0498_foolsgold.pkl
499,foolsgold,success,"[4, 51, 29, 46, 41, 3, 11, 75, 27, 48]","[4, 51, 29, 46, 41, 3, 11, 75, 27, 48]",[],10,10,"[""foolsgold""]",../main/re_result_6-29_APRA/cifar100_500_Jul.02_15.36.04_foolsgold_fix_True_no-mia_no-mia-class_no-noise_modelreplace_5/agg_records/pkl/round_0499_foolsgold.pkl
500,foolsgold,success,"[1, 9, 85, 11, 4, 15, 93, 42, 66, 39]","[1, 9, 85, 11, 4, 15, 93, 42, 66, 39]",[],10,10,"[""foolsgold""]",../main/re_result_6-29_APRA/cifar100_500_Jul.02_15.36.04_foolsgold_fix_True_no-mia_no-mia-class_no-noise_modelreplace_5/agg_records/pkl/round_0500_foolsgold.pkl
