epoch,method,status,initial_participants,final_selected,rejected,num_initial,num_final,stage_names,pkl_path
-2,rflbat,success,"[4, 31, 50, 89, 20, 52, 21, 76, 28, 26]","[4, 31, 50, 89, 20, 52, 21, 76, 28, 26]",[],10,10,[],re_result_6-29_APRA/cifar10_700_Jul.02_20.31.33_rflbat_True_no-noise_reba/agg_records/pkl/round_-002_rflbat.pkl
-1,rflbat,success,"[54, 75, 49, 45, 25, 73, 37, 16, 90, 39]","[54, 75, 49, 45, 25, 73, 37, 16, 90, 39]",[],10,10,[],re_result_6-29_APRA/cifar10_700_Jul.02_20.31.33_rflbat_True_no-noise_reba/agg_records/pkl/round_-001_rflbat.pkl
0,rflbat,success,"[98, 23, 48, 97, 81, 67, 49, 87, 27, 72]","[23, 48, 97, 81, 67, 49, 87, 27, 72]",[98],10,9,[],re_result_6-29_APRA/cifar10_700_Jul.02_20.31.33_rflbat_True_no-noise_reba/agg_records/pkl/round_0000_rflbat.pkl
1,rflbat,success,"[92, 38, 41, 91, 29, 49, 93, 90, 12, 80]","[92, 38, 41, 91, 49, 93, 80]","[29, 90, 12]",10,7,[],re_result_6-29_APRA/cifar10_700_Jul.02_20.31.33_rflbat_True_no-noise_reba/agg_records/pkl/round_0001_rflbat.pkl
2,rflbat,success,"[77, 37, 0, 17, 15, 93, 32, 59, 34, 72]","[77, 37, 17, 15, 93, 32, 59, 34, 72]",[0],10,9,[],re_result_6-29_APRA/cifar10_700_Jul.02_20.31.33_rflbat_True_no-noise_reba/agg_records/pkl/round_0002_rflbat.pkl
3,rflbat,success,"[64, 48, 28, 65, 12, 83, 47, 61, 69, 78]","[64, 48, 28, 65, 12, 83, 47, 61, 78]",[69],10,9,[],re_result_6-29_APRA/cifar10_700_Jul.02_20.31.33_rflbat_True_no-noise_reba/agg_records/pkl/round_0003_rflbat.pkl
4,rflbat,success,"[77, 62, 45, 74, 5, 36, 70, 50, 51, 23]","[77, 62, 45, 74, 5, 36, 70, 50, 51, 23]",[],10,10,[],re_result_6-29_APRA/cifar10_700_Jul.02_20.31.33_rflbat_True_no-noise_reba/agg_records/pkl/round_0004_rflbat.pkl
5,rflbat,success,"[4, 52, 63, 66, 76, 54, 67, 39, 81, 7]","[4, 52, 63, 66, 76, 54, 67, 39, 81, 7]",[],10,10,[],re_result_6-29_APRA/cifar10_700_Jul.02_20.31.33_rflbat_True_no-noise_reba/agg_records/pkl/round_0005_rflbat.pkl
6,rflbat,success,"[89, 25, 32, 10, 28, 98, 23, 11, 3, 39]","[89, 25, 32, 10, 28, 98, 23, 11, 3, 39]",[],10,10,[],re_result_6-29_APRA/cifar10_700_Jul.02_20.31.33_rflbat_True_no-noise_reba/agg_records/pkl/round_0006_rflbat.pkl
7,rflbat,success,"[4, 67, 27, 8, 78, 36, 98, 37, 15, 43]","[4, 67, 27, 8, 78, 36, 98, 37, 15, 43]",[],10,10,[],re_result_6-29_APRA/cifar10_700_Jul.02_20.31.33_rflbat_True_no-noise_reba/agg_records/pkl/round_0007_rflbat.pkl
8,rflbat,success,"[45, 54, 28, 38, 32, 68, 96, 18, 39, 47]","[45, 54, 28, 38, 32, 68, 96, 18, 39, 47]",[],10,10,[],re_result_6-29_APRA/cifar10_700_Jul.02_20.31.33_rflbat_True_no-noise_reba/agg_records/pkl/round_0008_rflbat.pkl
9,rflbat,success,"[0, 32, 71, 87, 18, 20, 38, 57, 51, 35]","[32, 87, 18, 20, 38, 35]","[0, 71, 57, 51]",10,6,[],re_result_6-29_APRA/cifar10_700_Jul.02_20.31.33_rflbat_True_no-noise_reba/agg_records/pkl/round_0009_rflbat.pkl
10,rflbat,success,"[84, 54, 80, 58, 32, 53, 14, 98, 57, 36]","[84, 54, 80, 58, 32, 53, 14, 98, 57, 36]",[],10,10,[],re_result_6-29_APRA/cifar10_700_Jul.02_20.31.33_rflbat_True_no-noise_reba/agg_records/pkl/round_0010_rflbat.pkl
11,rflbat,success,"[41, 92, 89, 69, 71, 14, 61, 19, 42, 63]","[41, 92, 89, 71, 14, 61, 19, 42, 63]",[69],10,9,[],re_result_6-29_APRA/cifar10_700_Jul.02_20.31.33_rflbat_True_no-noise_reba/agg_records/pkl/round_0011_rflbat.pkl
12,rflbat,success,"[6, 79, 7, 4, 34, 43, 89, 5, 60, 49]","[6, 79, 7, 4, 34, 89, 5, 60, 49]",[43],10,9,[],re_result_6-29_APRA/cifar10_700_Jul.02_20.31.33_rflbat_True_no-noise_reba/agg_records/pkl/round_0012_rflbat.pkl
13,rflbat,success,"[73, 94, 58, 9, 49, 22, 26, 45, 80, 97]","[73, 94, 58, 9, 49, 22, 26, 45, 80, 97]",[],10,10,[],re_result_6-29_APRA/cifar10_700_Jul.02_20.31.33_rflbat_True_no-noise_reba/agg_records/pkl/round_0013_rflbat.pkl
14,rflbat,success,"[86, 65, 41, 96, 98, 26, 53, 64, 5, 21]","[86, 65, 41, 96, 98, 26, 53, 64, 5, 21]",[],10,10,[],re_result_6-29_APRA/cifar10_700_Jul.02_20.31.33_rflbat_True_no-noise_reba/agg_records/pkl/round_0014_rflbat.pkl
15,rflbat,success,"[87, 42, 98, 62, 94, 46, 41, 47, 17, 1]","[87, 42, 98, 62, 94, 46, 41, 47, 17, 1]",[],10,10,[],re_result_6-29_APRA/cifar10_700_Jul.02_20.31.33_rflbat_True_no-noise_reba/agg_records/pkl/round_0015_rflbat.pkl
16,rflbat,success,"[8, 92, 69, 98, 5, 18, 99, 61, 46, 49]","[8, 92, 69, 98, 5, 18, 99, 61, 46, 49]",[],10,10,[],re_result_6-29_APRA/cifar10_700_Jul.02_20.31.33_rflbat_True_no-noise_reba/agg_records/pkl/round_0016_rflbat.pkl
17,rflbat,success,"[70, 15, 88, 63, 65, 46, 96, 58, 66, 7]","[70, 15, 88, 63, 65, 46, 96, 58, 66, 7]",[],10,10,[],re_result_6-29_APRA/cifar10_700_Jul.02_20.31.33_rflbat_True_no-noise_reba/agg_records/pkl/round_0017_rflbat.pkl
18,rflbat,success,"[71, 13, 52, 18, 41, 10, 3, 90, 47, 91]","[71, 13, 52, 18, 41, 10, 3, 90, 47, 91]",[],10,10,[],re_result_6-29_APRA/cifar10_700_Jul.02_20.31.33_rflbat_True_no-noise_reba/agg_records/pkl/round_0018_rflbat.pkl
19,rflbat,success,"[67, 32, 90, 69, 94, 92, 45, 18, 77, 14]","[67, 32, 90, 69, 94, 92, 45, 18, 77, 14]",[],10,10,[],re_result_6-29_APRA/cifar10_700_Jul.02_20.31.33_rflbat_True_no-noise_reba/agg_records/pkl/round_0019_rflbat.pkl
20,rflbat,success,"[82, 17, 48, 49, 39, 20, 46, 15, 69, 89]","[82, 17, 48, 49, 39, 20, 46, 15, 69, 89]",[],10,10,[],re_result_6-29_APRA/cifar10_700_Jul.02_20.31.33_rflbat_True_no-noise_reba/agg_records/pkl/round_0020_rflbat.pkl
21,rflbat,success,"[8, 7, 15, 24, 58, 23, 26, 20, 14, 39]","[8, 7, 15, 24, 58, 23, 26, 20, 14, 39]",[],10,10,[],re_result_6-29_APRA/cifar10_700_Jul.02_20.31.33_rflbat_True_no-noise_reba/agg_records/pkl/round_0021_rflbat.pkl
22,rflbat,success,"[46, 26, 93, 63, 23, 58, 66, 95, 36, 83]","[46, 26, 93, 63, 23, 58, 66, 95, 36, 83]",[],10,10,[],re_result_6-29_APRA/cifar10_700_Jul.02_20.31.33_rflbat_True_no-noise_reba/agg_records/pkl/round_0022_rflbat.pkl
23,rflbat,success,"[23, 70, 9, 69, 27, 89, 46, 74, 62, 26]","[23, 70, 9, 69, 27, 89, 46, 74, 62, 26]",[],10,10,[],re_result_6-29_APRA/cifar10_700_Jul.02_20.31.33_rflbat_True_no-noise_reba/agg_records/pkl/round_0023_rflbat.pkl
24,rflbat,success,"[55, 73, 31, 0, 80, 67, 42, 62, 63, 58]","[55, 73, 31, 80, 67, 42, 62, 63, 58]",[0],10,9,[],re_result_6-29_APRA/cifar10_700_Jul.02_20.31.33_rflbat_True_no-noise_reba/agg_records/pkl/round_0024_rflbat.pkl
25,rflbat,success,"[69, 42, 2, 7, 82, 1, 93, 65, 24, 5]","[42, 2, 7, 82, 1, 93, 65, 24, 5]",[69],10,9,[],re_result_6-29_APRA/cifar10_700_Jul.02_20.31.33_rflbat_True_no-noise_reba/agg_records/pkl/round_0025_rflbat.pkl
26,rflbat,success,"[0, 18, 15, 94, 5, 88, 43, 34, 61, 72]","[18, 15, 94, 5, 88, 34, 61]","[0, 43, 72]",10,7,[],re_result_6-29_APRA/cifar10_700_Jul.02_20.31.33_rflbat_True_no-noise_reba/agg_records/pkl/round_0026_rflbat.pkl
27,rflbat,success,"[39, 67, 53, 73, 9, 52, 18, 55, 93, 27]","[39, 67, 53, 73, 9, 52, 18, 55, 93, 27]",[],10,10,[],re_result_6-29_APRA/cifar10_700_Jul.02_20.31.33_rflbat_True_no-noise_reba/agg_records/pkl/round_0027_rflbat.pkl
28,rflbat,success,"[23, 24, 67, 73, 51, 38, 60, 37, 45, 88]","[23, 24, 67, 73, 51, 38, 60, 37, 45, 88]",[],10,10,[],re_result_6-29_APRA/cifar10_700_Jul.02_20.31.33_rflbat_True_no-noise_reba/agg_records/pkl/round_0028_rflbat.pkl
29,rflbat,success,"[52, 83, 85, 68, 39, 73, 40, 62, 63, 7]","[52, 83, 85, 39, 73, 40, 62, 63, 7]",[68],10,9,[],re_result_6-29_APRA/cifar10_700_Jul.02_20.31.33_rflbat_True_no-noise_reba/agg_records/pkl/round_0029_rflbat.pkl
30,rflbat,success,"[34, 63, 8, 3, 5, 56, 53, 70, 92, 66]","[34, 63, 8, 3, 5, 56, 53, 70, 92, 66]",[],10,10,[],re_result_6-29_APRA/cifar10_700_Jul.02_20.31.33_rflbat_True_no-noise_reba/agg_records/pkl/round_0030_rflbat.pkl
31,rflbat,success,"[90, 77, 28, 37, 85, 79, 47, 17, 88, 12]","[90, 28, 37, 85, 79, 47, 17, 88, 12]",[77],10,9,[],re_result_6-29_APRA/cifar10_700_Jul.02_20.31.33_rflbat_True_no-noise_reba/agg_records/pkl/round_0031_rflbat.pkl
32,rflbat,success,"[19, 50, 35, 17, 44, 91, 78, 83, 40, 82]","[19, 50, 35, 17, 44, 91, 78, 83, 40, 82]",[],10,10,[],re_result_6-29_APRA/cifar10_700_Jul.02_20.31.33_rflbat_True_no-noise_reba/agg_records/pkl/round_0032_rflbat.pkl
33,rflbat,success,"[89, 51, 77, 65, 70, 94, 80, 25, 72, 18]","[89, 51, 77, 65, 70, 94, 80, 25, 72, 18]",[],10,10,[],re_result_6-29_APRA/cifar10_700_Jul.02_20.31.33_rflbat_True_no-noise_reba/agg_records/pkl/round_0033_rflbat.pkl
34,rflbat,success,"[41, 90, 81, 7, 95, 85, 25, 10, 94, 6]","[41, 90, 81, 7, 95, 85, 25, 10, 94, 6]",[],10,10,[],re_result_6-29_APRA/cifar10_700_Jul.02_20.31.33_rflbat_True_no-noise_reba/agg_records/pkl/round_0034_rflbat.pkl
35,rflbat,success,"[63, 20, 3, 50, 13, 18, 34, 97, 14, 57]","[63, 20, 3, 50, 13, 18, 34, 97, 14, 57]",[],10,10,[],re_result_6-29_APRA/cifar10_700_Jul.02_20.31.33_rflbat_True_no-noise_reba/agg_records/pkl/round_0035_rflbat.pkl
36,rflbat,success,"[5, 79, 89, 10, 9, 50, 59, 77, 87, 3]","[5, 79, 89, 10, 9, 50, 59, 87, 3]",[77],10,9,[],re_result_6-29_APRA/cifar10_700_Jul.02_20.31.33_rflbat_True_no-noise_reba/agg_records/pkl/round_0036_rflbat.pkl
37,rflbat,success,"[80, 32, 3, 97, 87, 12, 36, 69, 37, 16]","[80, 32, 3, 97, 87, 12, 36, 69, 37, 16]",[],10,10,[],re_result_6-29_APRA/cifar10_700_Jul.02_20.31.33_rflbat_True_no-noise_reba/agg_records/pkl/round_0037_rflbat.pkl
38,rflbat,success,"[51, 29, 80, 94, 58, 93, 15, 61, 90, 48]","[94, 58, 93, 15, 61, 48]","[51, 29, 80, 90]",10,6,[],re_result_6-29_APRA/cifar10_700_Jul.02_20.31.33_rflbat_True_no-noise_reba/agg_records/pkl/round_0038_rflbat.pkl
39,rflbat,success,"[82, 52, 76, 49, 83, 88, 80, 87, 33, 45]","[82, 52, 76, 49, 83, 88, 80, 87, 33, 45]",[],10,10,[],re_result_6-29_APRA/cifar10_700_Jul.02_20.31.33_rflbat_True_no-noise_reba/agg_records/pkl/round_0039_rflbat.pkl
40,rflbat,success,"[64, 55, 1, 63, 10, 16, 66, 67, 3, 36]","[64, 55, 1, 63, 10, 16, 66, 67, 3, 36]",[],10,10,[],re_result_6-29_APRA/cifar10_700_Jul.02_20.31.33_rflbat_True_no-noise_reba/agg_records/pkl/round_0040_rflbat.pkl
41,rflbat,success,"[38, 84, 24, 52, 81, 25, 91, 49, 60, 88]","[38, 84, 24, 52, 81, 25, 91, 49, 60, 88]",[],10,10,[],re_result_6-29_APRA/cifar10_700_Jul.02_20.31.33_rflbat_True_no-noise_reba/agg_records/pkl/round_0041_rflbat.pkl
42,rflbat,success,"[27, 96, 81, 48, 5, 76, 61, 43, 29, 47]","[27, 96, 81, 48, 5, 76, 61, 43, 29, 47]",[],10,10,[],re_result_6-29_APRA/cifar10_700_Jul.02_20.31.33_rflbat_True_no-noise_reba/agg_records/pkl/round_0042_rflbat.pkl
43,rflbat,success,"[74, 88, 92, 90, 16, 6, 2, 79, 97, 20]","[74, 88, 92, 90, 16, 6, 2, 79, 97, 20]",[],10,10,[],re_result_6-29_APRA/cifar10_700_Jul.02_20.31.33_rflbat_True_no-noise_reba/agg_records/pkl/round_0043_rflbat.pkl
44,rflbat,success,"[10, 99, 59, 5, 78, 9, 98, 7, 42, 68]","[10, 99, 59, 5, 78, 9, 98, 7, 42]",[68],10,9,[],re_result_6-29_APRA/cifar10_700_Jul.02_20.31.33_rflbat_True_no-noise_reba/agg_records/pkl/round_0044_rflbat.pkl
45,rflbat,success,"[90, 86, 20, 98, 18, 45, 42, 9, 53, 6]","[90, 86, 20, 98, 18, 45, 42, 9, 53, 6]",[],10,10,[],re_result_6-29_APRA/cifar10_700_Jul.02_20.31.33_rflbat_True_no-noise_reba/agg_records/pkl/round_0045_rflbat.pkl
46,rflbat,success,"[33, 34, 87, 43, 50, 21, 5, 70, 65, 79]","[33, 34, 87, 43, 50, 21, 5, 70, 65, 79]",[],10,10,[],re_result_6-29_APRA/cifar10_700_Jul.02_20.31.33_rflbat_True_no-noise_reba/agg_records/pkl/round_0046_rflbat.pkl
47,rflbat,success,"[87, 88, 56, 70, 44, 13, 16, 45, 9, 92]","[87, 88, 56, 70, 44, 13, 16, 45, 9, 92]",[],10,10,[],re_result_6-29_APRA/cifar10_700_Jul.02_20.31.33_rflbat_True_no-noise_reba/agg_records/pkl/round_0047_rflbat.pkl
48,rflbat,success,"[71, 15, 40, 35, 84, 99, 49, 48, 18, 14]","[71, 15, 40, 35, 84, 99, 49, 48, 18, 14]",[],10,10,[],re_result_6-29_APRA/cifar10_700_Jul.02_20.31.33_rflbat_True_no-noise_reba/agg_records/pkl/round_0048_rflbat.pkl
49,rflbat,success,"[52, 76, 70, 66, 16, 15, 95, 19, 17, 71]","[70, 66, 16, 15, 95, 17, 71]","[52, 76, 19]",10,7,[],re_result_6-29_APRA/cifar10_700_Jul.02_20.31.33_rflbat_True_no-noise_reba/agg_records/pkl/round_0049_rflbat.pkl
50,rflbat,success,"[23, 94, 40, 35, 76, 45, 89, 36, 43, 25]","[23, 94, 40, 35, 76, 45, 89, 36, 43, 25]",[],10,10,[],re_result_6-29_APRA/cifar10_700_Jul.02_20.31.33_rflbat_True_no-noise_reba/agg_records/pkl/round_0050_rflbat.pkl
51,rflbat,success,"[88, 91, 16, 41, 25, 13, 93, 70, 55, 53]","[88, 91, 16, 41, 25, 13, 93, 70, 53]",[55],10,9,[],re_result_6-29_APRA/cifar10_700_Jul.02_20.31.33_rflbat_True_no-noise_reba/agg_records/pkl/round_0051_rflbat.pkl
52,rflbat,success,"[19, 43, 56, 83, 2, 51, 90, 86, 64, 10]","[19, 43, 56, 83, 2, 51, 90, 86, 64, 10]",[],10,10,[],re_result_6-29_APRA/cifar10_700_Jul.02_20.31.33_rflbat_True_no-noise_reba/agg_records/pkl/round_0052_rflbat.pkl
53,rflbat,success,"[31, 65, 92, 43, 89, 41, 22, 83, 84, 38]","[31, 65, 92, 43, 89, 41, 22, 83, 84, 38]",[],10,10,[],re_result_6-29_APRA/cifar10_700_Jul.02_20.31.33_rflbat_True_no-noise_reba/agg_records/pkl/round_0053_rflbat.pkl
54,rflbat,success,"[49, 69, 36, 48, 80, 84, 42, 96, 65, 87]","[49, 69, 36, 48, 80, 84, 42, 96, 65, 87]",[],10,10,[],re_result_6-29_APRA/cifar10_700_Jul.02_20.31.33_rflbat_True_no-noise_reba/agg_records/pkl/round_0054_rflbat.pkl
55,rflbat,success,"[81, 33, 5, 79, 86, 98, 66, 56, 20, 88]","[81, 33, 5, 79, 86, 98, 66, 56, 20, 88]",[],10,10,[],re_result_6-29_APRA/cifar10_700_Jul.02_20.31.33_rflbat_True_no-noise_reba/agg_records/pkl/round_0055_rflbat.pkl
56,rflbat,success,"[10, 37, 34, 79, 11, 54, 88, 98, 47, 73]","[10, 37, 34, 79, 11, 54, 88, 98, 47, 73]",[],10,10,[],re_result_6-29_APRA/cifar10_700_Jul.02_20.31.33_rflbat_True_no-noise_reba/agg_records/pkl/round_0056_rflbat.pkl
57,rflbat,success,"[79, 27, 71, 8, 64, 24, 87, 38, 0, 63]","[79, 27, 71, 8, 64, 24, 87, 38, 63]",[0],10,9,[],re_result_6-29_APRA/cifar10_700_Jul.02_20.31.33_rflbat_True_no-noise_reba/agg_records/pkl/round_0057_rflbat.pkl
58,rflbat,success,"[4, 13, 71, 39, 6, 47, 41, 18, 99, 90]","[4, 13, 71, 39, 6, 47, 41, 18, 99, 90]",[],10,10,[],re_result_6-29_APRA/cifar10_700_Jul.02_20.31.33_rflbat_True_no-noise_reba/agg_records/pkl/round_0058_rflbat.pkl
59,rflbat,success,"[86, 73, 13, 49, 62, 96, 69, 78, 32, 53]","[86, 73, 49, 62, 96, 78, 32, 53]","[13, 69]",10,8,[],re_result_6-29_APRA/cifar10_700_Jul.02_20.31.33_rflbat_True_no-noise_reba/agg_records/pkl/round_0059_rflbat.pkl
60,rflbat,success,"[42, 8, 32, 98, 34, 97, 80, 62, 22, 19]","[42, 8, 32, 98, 34, 97, 80, 62, 22, 19]",[],10,10,[],re_result_6-29_APRA/cifar10_700_Jul.02_20.31.33_rflbat_True_no-noise_reba/agg_records/pkl/round_0060_rflbat.pkl
61,rflbat,success,"[28, 29, 18, 30, 87, 27, 93, 73, 26, 63]","[28, 29, 18, 30, 87, 27, 93, 73, 26, 63]",[],10,10,[],re_result_6-29_APRA/cifar10_700_Jul.02_20.31.33_rflbat_True_no-noise_reba/agg_records/pkl/round_0061_rflbat.pkl
62,rflbat,success,"[93, 24, 65, 34, 55, 63, 48, 71, 60, 67]","[93, 24, 65, 34, 55, 63, 48, 71, 60, 67]",[],10,10,[],re_result_6-29_APRA/cifar10_700_Jul.02_20.31.33_rflbat_True_no-noise_reba/agg_records/pkl/round_0062_rflbat.pkl
63,rflbat,success,"[38, 28, 79, 47, 19, 42, 41, 25, 90, 7]","[38, 28, 79, 47, 19, 42, 41, 25, 90, 7]",[],10,10,[],re_result_6-29_APRA/cifar10_700_Jul.02_20.31.33_rflbat_True_no-noise_reba/agg_records/pkl/round_0063_rflbat.pkl
64,rflbat,success,"[4, 95, 32, 83, 70, 42, 48, 68, 82, 9]","[4, 95, 32, 83, 70, 42, 48, 82, 9]",[68],10,9,[],re_result_6-29_APRA/cifar10_700_Jul.02_20.31.33_rflbat_True_no-noise_reba/agg_records/pkl/round_0064_rflbat.pkl
65,rflbat,success,"[89, 84, 14, 20, 67, 82, 98, 32, 12, 80]","[89, 84, 14, 20, 67, 82, 98, 32, 12, 80]",[],10,10,[],re_result_6-29_APRA/cifar10_700_Jul.02_20.31.33_rflbat_True_no-noise_reba/agg_records/pkl/round_0065_rflbat.pkl
66,rflbat,success,"[52, 53, 6, 60, 31, 83, 56, 76, 48, 41]","[52, 53, 6, 60, 31, 83, 56, 76, 48, 41]",[],10,10,[],re_result_6-29_APRA/cifar10_700_Jul.02_20.31.33_rflbat_True_no-noise_reba/agg_records/pkl/round_0066_rflbat.pkl
67,rflbat,success,"[42, 5, 84, 72, 31, 41, 20, 73, 13, 91]","[42, 5, 84, 72, 31, 41, 20, 73, 13, 91]",[],10,10,[],re_result_6-29_APRA/cifar10_700_Jul.02_20.31.33_rflbat_True_no-noise_reba/agg_records/pkl/round_0067_rflbat.pkl
68,rflbat,success,"[39, 99, 76, 1, 47, 21, 19, 94, 59, 98]","[39, 99, 76, 1, 47, 21, 19, 94, 59, 98]",[],10,10,[],re_result_6-29_APRA/cifar10_700_Jul.02_20.31.33_rflbat_True_no-noise_reba/agg_records/pkl/round_0068_rflbat.pkl
69,rflbat,success,"[66, 6, 70, 84, 31, 63, 8, 46, 43, 59]","[66, 6, 70, 84, 31, 63, 8, 46, 43, 59]",[],10,10,[],re_result_6-29_APRA/cifar10_700_Jul.02_20.31.33_rflbat_True_no-noise_reba/agg_records/pkl/round_0069_rflbat.pkl
70,rflbat,success,"[55, 42, 76, 2, 92, 26, 49, 65, 79, 39]","[55, 42, 76, 2, 92, 49, 65, 79, 39]",[26],10,9,[],re_result_6-29_APRA/cifar10_700_Jul.02_20.31.33_rflbat_True_no-noise_reba/agg_records/pkl/round_0070_rflbat.pkl
71,rflbat,success,"[27, 20, 56, 63, 67, 33, 43, 9, 28, 2]","[27, 20, 56, 63, 67, 33, 43, 9, 28, 2]",[],10,10,[],re_result_6-29_APRA/cifar10_700_Jul.02_20.31.33_rflbat_True_no-noise_reba/agg_records/pkl/round_0071_rflbat.pkl
72,rflbat,success,"[31, 60, 97, 13, 32, 80, 21, 17, 23, 69]","[31, 60, 97, 13, 32, 80, 21, 17, 23, 69]",[],10,10,[],re_result_6-29_APRA/cifar10_700_Jul.02_20.31.33_rflbat_True_no-noise_reba/agg_records/pkl/round_0072_rflbat.pkl
73,rflbat,success,"[3, 25, 2, 53, 35, 6, 7, 95, 34, 74]","[3, 25, 2, 53, 35, 6, 7, 95, 34, 74]",[],10,10,[],re_result_6-29_APRA/cifar10_700_Jul.02_20.31.33_rflbat_True_no-noise_reba/agg_records/pkl/round_0073_rflbat.pkl
74,rflbat,success,"[56, 86, 97, 54, 36, 52, 1, 79, 53, 28]","[86, 97, 54, 36, 52, 1, 79, 53, 28]",[56],10,9,[],re_result_6-29_APRA/cifar10_700_Jul.02_20.31.33_rflbat_True_no-noise_reba/agg_records/pkl/round_0074_rflbat.pkl
75,rflbat,success,"[28, 26, 6, 5, 29, 34, 35, 11, 24, 8]","[28, 26, 6, 5, 29, 34, 35, 11, 24, 8]",[],10,10,[],re_result_6-29_APRA/cifar10_700_Jul.02_20.31.33_rflbat_True_no-noise_reba/agg_records/pkl/round_0075_rflbat.pkl
76,rflbat,success,"[89, 1, 9, 52, 88, 56, 79, 63, 81, 71]","[89, 1, 9, 52, 88, 56, 79, 63, 81, 71]",[],10,10,[],re_result_6-29_APRA/cifar10_700_Jul.02_20.31.33_rflbat_True_no-noise_reba/agg_records/pkl/round_0076_rflbat.pkl
77,rflbat,success,"[60, 33, 19, 23, 47, 12, 39, 65, 58, 45]","[60, 33, 19, 23, 47, 12, 39, 65, 58, 45]",[],10,10,[],re_result_6-29_APRA/cifar10_700_Jul.02_20.31.33_rflbat_True_no-noise_reba/agg_records/pkl/round_0077_rflbat.pkl
78,rflbat,success,"[94, 60, 81, 22, 51, 27, 28, 43, 85, 23]","[94, 60, 81, 22, 51, 27, 28, 43, 85, 23]",[],10,10,[],re_result_6-29_APRA/cifar10_700_Jul.02_20.31.33_rflbat_True_no-noise_reba/agg_records/pkl/round_0078_rflbat.pkl
79,rflbat,success,"[26, 90, 4, 54, 19, 98, 68, 17, 34, 56]","[26, 90, 4, 54, 19, 98, 17, 34, 56]",[68],10,9,[],re_result_6-29_APRA/cifar10_700_Jul.02_20.31.33_rflbat_True_no-noise_reba/agg_records/pkl/round_0079_rflbat.pkl
80,rflbat,success,"[84, 56, 94, 47, 2, 55, 53, 93, 21, 81]","[84, 56, 94, 47, 2, 55, 53, 93, 21, 81]",[],10,10,[],re_result_6-29_APRA/cifar10_700_Jul.02_20.31.33_rflbat_True_no-noise_reba/agg_records/pkl/round_0080_rflbat.pkl
81,rflbat,success,"[16, 76, 69, 32, 25, 98, 9, 89, 96, 53]","[16, 76, 69, 32, 25, 98, 9, 89, 96, 53]",[],10,10,[],re_result_6-29_APRA/cifar10_700_Jul.02_20.31.33_rflbat_True_no-noise_reba/agg_records/pkl/round_0081_rflbat.pkl
82,rflbat,success,"[45, 62, 68, 9, 30, 47, 0, 91, 95, 33]","[45, 62, 68, 9, 30, 47, 0, 91, 95, 33]",[],10,10,[],re_result_6-29_APRA/cifar10_700_Jul.02_20.31.33_rflbat_True_no-noise_reba/agg_records/pkl/round_0082_rflbat.pkl
83,rflbat,success,"[73, 27, 42, 56, 26, 24, 5, 35, 66, 74]","[73, 27, 42, 56, 26, 24, 5, 35, 66, 74]",[],10,10,[],re_result_6-29_APRA/cifar10_700_Jul.02_20.31.33_rflbat_True_no-noise_reba/agg_records/pkl/round_0083_rflbat.pkl
84,rflbat,success,"[91, 22, 46, 10, 32, 5, 14, 9, 30, 13]","[91, 22, 46, 10, 32, 5, 14, 9, 30, 13]",[],10,10,[],re_result_6-29_APRA/cifar10_700_Jul.02_20.31.33_rflbat_True_no-noise_reba/agg_records/pkl/round_0084_rflbat.pkl
85,rflbat,success,"[35, 92, 1, 16, 73, 11, 53, 42, 45, 47]","[35, 92, 1, 16, 73, 11, 53, 42, 45, 47]",[],10,10,[],re_result_6-29_APRA/cifar10_700_Jul.02_20.31.33_rflbat_True_no-noise_reba/agg_records/pkl/round_0085_rflbat.pkl
86,rflbat,success,"[58, 57, 6, 79, 91, 16, 81, 7, 96, 86]","[58, 57, 6, 79, 91, 16, 81, 7, 96, 86]",[],10,10,[],re_result_6-29_APRA/cifar10_700_Jul.02_20.31.33_rflbat_True_no-noise_reba/agg_records/pkl/round_0086_rflbat.pkl
87,rflbat,success,"[6, 82, 19, 95, 45, 51, 23, 81, 43, 91]","[6, 82, 19, 95, 45, 51, 23, 81, 43, 91]",[],10,10,[],re_result_6-29_APRA/cifar10_700_Jul.02_20.31.33_rflbat_True_no-noise_reba/agg_records/pkl/round_0087_rflbat.pkl
88,rflbat,success,"[52, 15, 21, 16, 44, 38, 14, 59, 71, 12]","[52, 15, 21, 16, 44, 38, 14, 59, 71, 12]",[],10,10,[],re_result_6-29_APRA/cifar10_700_Jul.02_20.31.33_rflbat_True_no-noise_reba/agg_records/pkl/round_0088_rflbat.pkl
89,rflbat,success,"[78, 16, 54, 65, 7, 22, 29, 73, 97, 63]","[78, 16, 54, 65, 7, 22, 29, 73, 97, 63]",[],10,10,[],re_result_6-29_APRA/cifar10_700_Jul.02_20.31.33_rflbat_True_no-noise_reba/agg_records/pkl/round_0089_rflbat.pkl
90,rflbat,success,"[94, 32, 40, 68, 13, 18, 92, 28, 8, 73]","[94, 32, 40, 18, 92, 28, 8, 73]","[68, 13]",10,8,[],re_result_6-29_APRA/cifar10_700_Jul.02_20.31.33_rflbat_True_no-noise_reba/agg_records/pkl/round_0090_rflbat.pkl
91,rflbat,success,"[16, 10, 88, 86, 79, 45, 98, 99, 40, 83]","[16, 10, 88, 86, 79, 45, 98, 99, 40, 83]",[],10,10,[],re_result_6-29_APRA/cifar10_700_Jul.02_20.31.33_rflbat_True_no-noise_reba/agg_records/pkl/round_0091_rflbat.pkl
92,rflbat,success,"[68, 96, 43, 12, 75, 46, 94, 99, 20, 51]","[96, 43, 12, 75, 46, 94, 99, 20]","[68, 51]",10,8,[],re_result_6-29_APRA/cifar10_700_Jul.02_20.31.33_rflbat_True_no-noise_reba/agg_records/pkl/round_0092_rflbat.pkl
93,rflbat,success,"[69, 33, 34, 57, 66, 83, 1, 22, 58, 47]","[33, 34, 57, 66, 83, 1, 22, 58, 47]",[69],10,9,[],re_result_6-29_APRA/cifar10_700_Jul.02_20.31.33_rflbat_True_no-noise_reba/agg_records/pkl/round_0093_rflbat.pkl
94,rflbat,success,"[41, 68, 81, 99, 10, 20, 11, 33, 88, 74]","[41, 81, 99, 10, 20, 11, 33, 88, 74]",[68],10,9,[],re_result_6-29_APRA/cifar10_700_Jul.02_20.31.33_rflbat_True_no-noise_reba/agg_records/pkl/round_0094_rflbat.pkl
95,rflbat,success,"[94, 95, 71, 6, 22, 78, 85, 54, 9, 20]","[94, 95, 6, 22, 78, 85, 54, 9, 20]",[71],10,9,[],re_result_6-29_APRA/cifar10_700_Jul.02_20.31.33_rflbat_True_no-noise_reba/agg_records/pkl/round_0095_rflbat.pkl
96,rflbat,success,"[62, 99, 40, 60, 7, 97, 98, 0, 69, 23]","[62, 99, 40, 60, 7, 97, 98, 69, 23]",[0],10,9,[],re_result_6-29_APRA/cifar10_700_Jul.02_20.31.33_rflbat_True_no-noise_reba/agg_records/pkl/round_0096_rflbat.pkl
97,rflbat,success,"[70, 14, 74, 83, 90, 39, 55, 24, 49, 45]","[70, 14, 74, 83, 90, 39, 55, 24, 49, 45]",[],10,10,[],re_result_6-29_APRA/cifar10_700_Jul.02_20.31.33_rflbat_True_no-noise_reba/agg_records/pkl/round_0097_rflbat.pkl
98,rflbat,success,"[39, 76, 46, 10, 77, 73, 38, 81, 53, 41]","[39, 76, 46, 10, 77, 73, 38, 81, 53, 41]",[],10,10,[],re_result_6-29_APRA/cifar10_700_Jul.02_20.31.33_rflbat_True_no-noise_reba/agg_records/pkl/round_0098_rflbat.pkl
99,rflbat,success,"[71, 70, 38, 18, 65, 41, 24, 67, 66, 43]","[71, 70, 38, 18, 65, 41, 24, 67, 66, 43]",[],10,10,[],re_result_6-29_APRA/cifar10_700_Jul.02_20.31.33_rflbat_True_no-noise_reba/agg_records/pkl/round_0099_rflbat.pkl
100,rflbat,success,"[20, 22, 95, 76, 48, 96, 72, 88, 86, 21]","[20, 22, 95, 76, 48, 96, 72, 88, 86, 21]",[],10,10,[],re_result_6-29_APRA/cifar10_700_Jul.02_20.31.33_rflbat_True_no-noise_reba/agg_records/pkl/round_0100_rflbat.pkl
101,rflbat,success,"[10, 15, 28, 92, 55, 63, 83, 22, 26, 91]","[10, 15, 28, 92, 55, 63, 83, 22, 26, 91]",[],10,10,[],re_result_6-29_APRA/cifar10_700_Jul.02_20.31.33_rflbat_True_no-noise_reba/agg_records/pkl/round_0101_rflbat.pkl
102,rflbat,success,"[42, 76, 7, 37, 34, 0, 53, 84, 47, 14]","[42, 76, 7, 37, 34, 0, 53, 84, 47, 14]",[],10,10,[],re_result_6-29_APRA/cifar10_700_Jul.02_20.31.33_rflbat_True_no-noise_reba/agg_records/pkl/round_0102_rflbat.pkl
103,rflbat,success,"[60, 25, 13, 27, 21, 47, 59, 1, 95, 74]","[60, 25, 13, 27, 21, 47, 59, 1, 95, 74]",[],10,10,[],re_result_6-29_APRA/cifar10_700_Jul.02_20.31.33_rflbat_True_no-noise_reba/agg_records/pkl/round_0103_rflbat.pkl
104,rflbat,success,"[5, 86, 37, 13, 21, 48, 0, 20, 24, 32]","[5, 86, 37, 13, 21, 48, 0, 20, 24, 32]",[],10,10,[],re_result_6-29_APRA/cifar10_700_Jul.02_20.31.33_rflbat_True_no-noise_reba/agg_records/pkl/round_0104_rflbat.pkl
105,rflbat,success,"[77, 74, 89, 44, 41, 37, 27, 23, 51, 24]","[74, 89, 44, 41, 37, 27, 23, 24]","[77, 51]",10,8,[],re_result_6-29_APRA/cifar10_700_Jul.02_20.31.33_rflbat_True_no-noise_reba/agg_records/pkl/round_0105_rflbat.pkl
106,rflbat,success,"[80, 37, 74, 40, 52, 7, 86, 47, 88, 27]","[80, 37, 74, 40, 52, 7, 86, 88, 27]",[47],10,9,[],re_result_6-29_APRA/cifar10_700_Jul.02_20.31.33_rflbat_True_no-noise_reba/agg_records/pkl/round_0106_rflbat.pkl
107,rflbat,success,"[55, 98, 24, 85, 49, 45, 17, 62, 1, 52]","[55, 98, 24, 85, 49, 45, 17, 62, 1, 52]",[],10,10,[],re_result_6-29_APRA/cifar10_700_Jul.02_20.31.33_rflbat_True_no-noise_reba/agg_records/pkl/round_0107_rflbat.pkl
108,rflbat,success,"[0, 90, 26, 32, 33, 39, 31, 41, 14, 77]","[0, 90, 26, 32, 33, 39, 31, 41, 14, 77]",[],10,10,[],re_result_6-29_APRA/cifar10_700_Jul.02_20.31.33_rflbat_True_no-noise_reba/agg_records/pkl/round_0108_rflbat.pkl
109,rflbat,success,"[95, 46, 31, 70, 90, 5, 94, 1, 4, 33]","[95, 46, 31, 70, 90, 5, 94, 1, 4, 33]",[],10,10,[],re_result_6-29_APRA/cifar10_700_Jul.02_20.31.33_rflbat_True_no-noise_reba/agg_records/pkl/round_0109_rflbat.pkl
110,rflbat,success,"[44, 85, 6, 25, 58, 20, 48, 38, 49, 96]","[44, 85, 6, 25, 58, 20, 48, 38, 49, 96]",[],10,10,[],re_result_6-29_APRA/cifar10_700_Jul.02_20.31.33_rflbat_True_no-noise_reba/agg_records/pkl/round_0110_rflbat.pkl
111,rflbat,success,"[13, 90, 37, 48, 98, 11, 85, 78, 61, 33]","[13, 90, 37, 48, 11, 85, 78, 61, 33]",[98],10,9,[],re_result_6-29_APRA/cifar10_700_Jul.02_20.31.33_rflbat_True_no-noise_reba/agg_records/pkl/round_0111_rflbat.pkl
112,rflbat,success,"[93, 82, 84, 55, 40, 57, 17, 29, 59, 51]","[93, 82, 84, 55, 40, 57, 17, 29, 59, 51]",[],10,10,[],re_result_6-29_APRA/cifar10_700_Jul.02_20.31.33_rflbat_True_no-noise_reba/agg_records/pkl/round_0112_rflbat.pkl
113,rflbat,success,"[85, 97, 73, 46, 39, 61, 80, 10, 63, 64]","[85, 97, 73, 46, 39, 61, 80, 10, 63, 64]",[],10,10,[],re_result_6-29_APRA/cifar10_700_Jul.02_20.31.33_rflbat_True_no-noise_reba/agg_records/pkl/round_0113_rflbat.pkl
114,rflbat,success,"[90, 91, 85, 18, 22, 41, 46, 16, 47, 2]","[91, 85, 18, 41, 46, 16, 47, 2]","[90, 22]",10,8,[],re_result_6-29_APRA/cifar10_700_Jul.02_20.31.33_rflbat_True_no-noise_reba/agg_records/pkl/round_0114_rflbat.pkl
115,rflbat,success,"[35, 50, 46, 78, 40, 81, 41, 91, 61, 87]","[35, 50, 46, 78, 40, 81, 41, 91, 61, 87]",[],10,10,[],re_result_6-29_APRA/cifar10_700_Jul.02_20.31.33_rflbat_True_no-noise_reba/agg_records/pkl/round_0115_rflbat.pkl
116,rflbat,success,"[41, 42, 35, 56, 19, 39, 43, 67, 70, 89]","[41, 42, 35, 56, 19, 39, 43, 67, 70, 89]",[],10,10,[],re_result_6-29_APRA/cifar10_700_Jul.02_20.31.33_rflbat_True_no-noise_reba/agg_records/pkl/round_0116_rflbat.pkl
117,rflbat,success,"[8, 27, 28, 59, 18, 45, 61, 77, 93, 72]","[8, 27, 28, 59, 18, 61, 93, 72]","[45, 77]",10,8,[],re_result_6-29_APRA/cifar10_700_Jul.02_20.31.33_rflbat_True_no-noise_reba/agg_records/pkl/round_0117_rflbat.pkl
118,rflbat,success,"[80, 24, 69, 92, 48, 26, 5, 1, 6, 17]","[80, 24, 69, 92, 48, 26, 5, 1, 6, 17]",[],10,10,[],re_result_6-29_APRA/cifar10_700_Jul.02_20.31.33_rflbat_True_no-noise_reba/agg_records/pkl/round_0118_rflbat.pkl
119,rflbat,success,"[80, 58, 51, 68, 28, 33, 21, 92, 94, 66]","[80, 58, 51, 28, 33, 21, 92, 94, 66]",[68],10,9,[],re_result_6-29_APRA/cifar10_700_Jul.02_20.31.33_rflbat_True_no-noise_reba/agg_records/pkl/round_0119_rflbat.pkl
120,rflbat,success,"[10, 20, 4, 29, 2, 67, 32, 46, 59, 3]","[10, 20, 4, 29, 2, 67, 32, 46, 59, 3]",[],10,10,[],re_result_6-29_APRA/cifar10_700_Jul.02_20.31.33_rflbat_True_no-noise_reba/agg_records/pkl/round_0120_rflbat.pkl
121,rflbat,success,"[41, 51, 62, 34, 31, 21, 55, 13, 79, 30]","[41, 51, 62, 34, 31, 21, 55, 13, 79, 30]",[],10,10,[],re_result_6-29_APRA/cifar10_700_Jul.02_20.31.33_rflbat_True_no-noise_reba/agg_records/pkl/round_0121_rflbat.pkl
122,rflbat,success,"[17, 58, 73, 71, 74, 9, 47, 35, 21, 16]","[17, 58, 73, 71, 74, 9, 47, 35, 21, 16]",[],10,10,[],re_result_6-29_APRA/cifar10_700_Jul.02_20.31.33_rflbat_True_no-noise_reba/agg_records/pkl/round_0122_rflbat.pkl
123,rflbat,success,"[18, 25, 0, 91, 71, 27, 87, 70, 58, 49]","[18, 25, 0, 91, 71, 27, 87, 70, 58, 49]",[],10,10,[],re_result_6-29_APRA/cifar10_700_Jul.02_20.31.33_rflbat_True_no-noise_reba/agg_records/pkl/round_0123_rflbat.pkl
124,rflbat,success,"[87, 7, 63, 27, 0, 83, 9, 16, 28, 17]","[87, 7, 63, 27, 0, 83, 9, 16, 28, 17]",[],10,10,[],re_result_6-29_APRA/cifar10_700_Jul.02_20.31.33_rflbat_True_no-noise_reba/agg_records/pkl/round_0124_rflbat.pkl
125,rflbat,success,"[23, 59, 66, 12, 36, 3, 45, 85, 88, 50]","[23, 59, 66, 12, 36, 3, 85, 88, 50]",[45],10,9,[],re_result_6-29_APRA/cifar10_700_Jul.02_20.31.33_rflbat_True_no-noise_reba/agg_records/pkl/round_0125_rflbat.pkl
126,rflbat,success,"[84, 87, 91, 82, 79, 14, 2, 25, 65, 32]","[84, 87, 91, 82, 79, 14, 2, 25, 65, 32]",[],10,10,[],re_result_6-29_APRA/cifar10_700_Jul.02_20.31.33_rflbat_True_no-noise_reba/agg_records/pkl/round_0126_rflbat.pkl
127,rflbat,success,"[66, 87, 79, 10, 20, 3, 71, 22, 69, 53]","[66, 87, 79, 10, 20, 3, 71, 22, 53]",[69],10,9,[],re_result_6-29_APRA/cifar10_700_Jul.02_20.31.33_rflbat_True_no-noise_reba/agg_records/pkl/round_0127_rflbat.pkl
128,rflbat,success,"[22, 93, 54, 49, 14, 13, 40, 95, 35, 99]","[22, 93, 54, 49, 14, 40, 95, 35, 99]",[13],10,9,[],re_result_6-29_APRA/cifar10_700_Jul.02_20.31.33_rflbat_True_no-noise_reba/agg_records/pkl/round_0128_rflbat.pkl
129,rflbat,success,"[35, 86, 75, 10, 44, 48, 85, 68, 16, 76]","[35, 86, 75, 10, 44, 48, 85, 16, 76]",[68],10,9,[],re_result_6-29_APRA/cifar10_700_Jul.02_20.31.33_rflbat_True_no-noise_reba/agg_records/pkl/round_0129_rflbat.pkl
130,rflbat,success,"[26, 23, 95, 30, 21, 47, 31, 77, 81, 89]","[26, 23, 95, 30, 21, 47, 31, 77, 81, 89]",[],10,10,[],re_result_6-29_APRA/cifar10_700_Jul.02_20.31.33_rflbat_True_no-noise_reba/agg_records/pkl/round_0130_rflbat.pkl
131,rflbat,success,"[43, 51, 1, 31, 18, 46, 58, 85, 52, 53]","[43, 51, 1, 31, 18, 46, 58, 85, 52, 53]",[],10,10,[],re_result_6-29_APRA/cifar10_700_Jul.02_20.31.33_rflbat_True_no-noise_reba/agg_records/pkl/round_0131_rflbat.pkl
132,rflbat,success,"[13, 59, 50, 53, 14, 19, 42, 27, 0, 62]","[13, 59, 50, 53, 14, 19, 42, 27, 0, 62]",[],10,10,[],re_result_6-29_APRA/cifar10_700_Jul.02_20.31.33_rflbat_True_no-noise_reba/agg_records/pkl/round_0132_rflbat.pkl
133,rflbat,success,"[98, 4, 10, 34, 13, 56, 0, 83, 95, 79]","[98, 4, 10, 34, 13, 56, 0, 83, 95, 79]",[],10,10,[],re_result_6-29_APRA/cifar10_700_Jul.02_20.31.33_rflbat_True_no-noise_reba/agg_records/pkl/round_0133_rflbat.pkl
134,rflbat,success,"[3, 18, 21, 99, 49, 10, 87, 61, 73, 24]","[3, 18, 21, 99, 49, 10, 87, 61, 73, 24]",[],10,10,[],re_result_6-29_APRA/cifar10_700_Jul.02_20.31.33_rflbat_True_no-noise_reba/agg_records/pkl/round_0134_rflbat.pkl
135,rflbat,success,"[29, 3, 55, 64, 50, 80, 41, 70, 38, 75]","[29, 3, 55, 64, 50, 80, 41, 70, 38, 75]",[],10,10,[],re_result_6-29_APRA/cifar10_700_Jul.02_20.31.33_rflbat_True_no-noise_reba/agg_records/pkl/round_0135_rflbat.pkl
136,rflbat,success,"[90, 25, 74, 64, 16, 10, 58, 81, 33, 1]","[90, 25, 74, 64, 16, 10, 58, 81, 1]",[33],10,9,[],re_result_6-29_APRA/cifar10_700_Jul.02_20.31.33_rflbat_True_no-noise_reba/agg_records/pkl/round_0136_rflbat.pkl
137,rflbat,success,"[3, 87, 44, 13, 1, 57, 33, 32, 59, 17]","[3, 87, 44, 13, 1, 57, 33, 32, 59, 17]",[],10,10,[],re_result_6-29_APRA/cifar10_700_Jul.02_20.31.33_rflbat_True_no-noise_reba/agg_records/pkl/round_0137_rflbat.pkl
138,rflbat,success,"[82, 34, 69, 13, 88, 3, 99, 65, 50, 39]","[82, 34, 69, 13, 88, 3, 99, 65, 50, 39]",[],10,10,[],re_result_6-29_APRA/cifar10_700_Jul.02_20.31.33_rflbat_True_no-noise_reba/agg_records/pkl/round_0138_rflbat.pkl
139,rflbat,success,"[64, 38, 93, 83, 11, 37, 12, 96, 9, 67]","[64, 38, 93, 83, 11, 37, 12, 96, 9, 67]",[],10,10,[],re_result_6-29_APRA/cifar10_700_Jul.02_20.31.33_rflbat_True_no-noise_reba/agg_records/pkl/round_0139_rflbat.pkl
140,rflbat,success,"[90, 32, 17, 81, 96, 93, 92, 62, 45, 50]","[90, 32, 17, 81, 96, 93, 92, 62, 45, 50]",[],10,10,[],re_result_6-29_APRA/cifar10_700_Jul.02_20.31.33_rflbat_True_no-noise_reba/agg_records/pkl/round_0140_rflbat.pkl
141,rflbat,success,"[24, 51, 49, 27, 30, 45, 50, 43, 12, 21]","[24, 51, 49, 27, 30, 45, 50, 43, 12, 21]",[],10,10,[],re_result_6-29_APRA/cifar10_700_Jul.02_20.31.33_rflbat_True_no-noise_reba/agg_records/pkl/round_0141_rflbat.pkl
142,rflbat,success,"[89, 88, 78, 77, 38, 3, 21, 17, 13, 69]","[89, 88, 78, 38, 3, 21, 17, 13, 69]",[77],10,9,[],re_result_6-29_APRA/cifar10_700_Jul.02_20.31.33_rflbat_True_no-noise_reba/agg_records/pkl/round_0142_rflbat.pkl
143,rflbat,success,"[8, 58, 33, 6, 94, 78, 27, 66, 65, 86]","[8, 58, 33, 6, 94, 78, 27, 66, 65, 86]",[],10,10,[],re_result_6-29_APRA/cifar10_700_Jul.02_20.31.33_rflbat_True_no-noise_reba/agg_records/pkl/round_0143_rflbat.pkl
144,rflbat,success,"[42, 60, 18, 6, 86, 64, 81, 37, 41, 85]","[42, 60, 18, 6, 86, 64, 81, 37, 41, 85]",[],10,10,[],re_result_6-29_APRA/cifar10_700_Jul.02_20.31.33_rflbat_True_no-noise_reba/agg_records/pkl/round_0144_rflbat.pkl
145,rflbat,success,"[24, 37, 42, 5, 43, 80, 11, 86, 98, 77]","[24, 37, 42, 5, 43, 80, 11, 86, 98, 77]",[],10,10,[],re_result_6-29_APRA/cifar10_700_Jul.02_20.31.33_rflbat_True_no-noise_reba/agg_records/pkl/round_0145_rflbat.pkl
146,rflbat,success,"[25, 22, 99, 4, 80, 35, 84, 76, 55, 40]","[25, 22, 99, 4, 80, 35, 84, 76, 55, 40]",[],10,10,[],re_result_6-29_APRA/cifar10_700_Jul.02_20.31.33_rflbat_True_no-noise_reba/agg_records/pkl/round_0146_rflbat.pkl
147,rflbat,success,"[63, 80, 26, 0, 39, 29, 37, 47, 68, 53]","[63, 80, 26, 0, 39, 29, 37, 47, 68, 53]",[],10,10,[],re_result_6-29_APRA/cifar10_700_Jul.02_20.31.33_rflbat_True_no-noise_reba/agg_records/pkl/round_0147_rflbat.pkl
148,rflbat,success,"[71, 24, 15, 66, 43, 69, 27, 99, 42, 90]","[71, 24, 15, 66, 43, 69, 27, 99, 42, 90]",[],10,10,[],re_result_6-29_APRA/cifar10_700_Jul.02_20.31.33_rflbat_True_no-noise_reba/agg_records/pkl/round_0148_rflbat.pkl
149,rflbat,success,"[89, 16, 72, 69, 6, 62, 3, 11, 18, 43]","[89, 16, 72, 69, 6, 62, 3, 11, 18, 43]",[],10,10,[],re_result_6-29_APRA/cifar10_700_Jul.02_20.31.33_rflbat_True_no-noise_reba/agg_records/pkl/round_0149_rflbat.pkl
150,rflbat,success,"[8, 38, 26, 33, 15, 7, 48, 57, 75, 3]","[8, 38, 33, 15, 7, 48, 57, 3]","[26, 75]",10,8,[],re_result_6-29_APRA/cifar10_700_Jul.02_20.31.33_rflbat_True_no-noise_reba/agg_records/pkl/round_0150_rflbat.pkl
151,rflbat,success,"[46, 54, 48, 52, 16, 12, 73, 85, 82, 60]","[46, 54, 48, 52, 16, 12, 73, 85, 82, 60]",[],10,10,[],re_result_6-29_APRA/cifar10_700_Jul.02_20.31.33_rflbat_True_no-noise_reba/agg_records/pkl/round_0151_rflbat.pkl
152,rflbat,success,"[51, 98, 13, 5, 35, 90, 71, 86, 93, 80]","[51, 98, 13, 5, 35, 90, 71, 86, 93, 80]",[],10,10,[],re_result_6-29_APRA/cifar10_700_Jul.02_20.31.33_rflbat_True_no-noise_reba/agg_records/pkl/round_0152_rflbat.pkl
153,rflbat,success,"[38, 55, 4, 15, 8, 3, 37, 86, 21, 77]","[38, 55, 4, 15, 8, 3, 37, 86, 21, 77]",[],10,10,[],re_result_6-29_APRA/cifar10_700_Jul.02_20.31.33_rflbat_True_no-noise_reba/agg_records/pkl/round_0153_rflbat.pkl
154,rflbat,success,"[24, 90, 48, 50, 80, 14, 83, 12, 59, 6]","[24, 90, 48, 50, 80, 14, 83, 12, 59, 6]",[],10,10,[],re_result_6-29_APRA/cifar10_700_Jul.02_20.31.33_rflbat_True_no-noise_reba/agg_records/pkl/round_0154_rflbat.pkl
155,rflbat,success,"[79, 18, 65, 14, 13, 39, 54, 1, 47, 86]","[79, 18, 65, 14, 39, 54, 1, 47, 86]",[13],10,9,[],re_result_6-29_APRA/cifar10_700_Jul.02_20.31.33_rflbat_True_no-noise_reba/agg_records/pkl/round_0155_rflbat.pkl
156,rflbat,success,"[65, 40, 88, 19, 58, 24, 60, 22, 44, 67]","[65, 40, 88, 58, 24, 60, 22, 44, 67]",[19],10,9,[],re_result_6-29_APRA/cifar10_700_Jul.02_20.31.33_rflbat_True_no-noise_reba/agg_records/pkl/round_0156_rflbat.pkl
157,rflbat,success,"[49, 88, 59, 18, 91, 30, 2, 35, 58, 27]","[49, 88, 59, 18, 91, 30, 2, 35, 58, 27]",[],10,10,[],re_result_6-29_APRA/cifar10_700_Jul.02_20.31.33_rflbat_True_no-noise_reba/agg_records/pkl/round_0157_rflbat.pkl
158,rflbat,success,"[66, 58, 16, 86, 9, 92, 36, 69, 6, 83]","[66, 58, 16, 86, 9, 92, 36, 6, 83]",[69],10,9,[],re_result_6-29_APRA/cifar10_700_Jul.02_20.31.33_rflbat_True_no-noise_reba/agg_records/pkl/round_0158_rflbat.pkl
159,rflbat,success,"[0, 19, 25, 75, 49, 50, 27, 22, 18, 5]","[0, 19, 25, 75, 49, 50, 27, 22, 18, 5]",[],10,10,[],re_result_6-29_APRA/cifar10_700_Jul.02_20.31.33_rflbat_True_no-noise_reba/agg_records/pkl/round_0159_rflbat.pkl
160,rflbat,success,"[61, 30, 75, 51, 73, 38, 93, 3, 42, 33]","[61, 30, 75, 73, 38, 93, 3, 42, 33]",[51],10,9,[],re_result_6-29_APRA/cifar10_700_Jul.02_20.31.33_rflbat_True_no-noise_reba/agg_records/pkl/round_0160_rflbat.pkl
161,rflbat,success,"[98, 72, 86, 2, 50, 96, 62, 59, 58, 56]","[98, 72, 86, 2, 50, 96, 62, 59, 58, 56]",[],10,10,[],re_result_6-29_APRA/cifar10_700_Jul.02_20.31.33_rflbat_True_no-noise_reba/agg_records/pkl/round_0161_rflbat.pkl
162,rflbat,success,"[89, 76, 78, 71, 35, 39, 45, 18, 41, 73]","[89, 76, 78, 71, 35, 39, 45, 18, 41, 73]",[],10,10,[],re_result_6-29_APRA/cifar10_700_Jul.02_20.31.33_rflbat_True_no-noise_reba/agg_records/pkl/round_0162_rflbat.pkl
163,rflbat,success,"[14, 3, 26, 2, 13, 8, 59, 84, 91, 37]","[14, 3, 26, 2, 13, 8, 59, 84, 91, 37]",[],10,10,[],re_result_6-29_APRA/cifar10_700_Jul.02_20.31.33_rflbat_True_no-noise_reba/agg_records/pkl/round_0163_rflbat.pkl
164,rflbat,success,"[99, 60, 25, 4, 93, 8, 20, 35, 42, 50]","[99, 60, 4, 93, 8, 20, 35, 42, 50]",[25],10,9,[],re_result_6-29_APRA/cifar10_700_Jul.02_20.31.33_rflbat_True_no-noise_reba/agg_records/pkl/round_0164_rflbat.pkl
165,rflbat,success,"[43, 59, 98, 19, 50, 58, 79, 31, 28, 41]","[43, 59, 98, 19, 50, 58, 79, 31, 28, 41]",[],10,10,[],re_result_6-29_APRA/cifar10_700_Jul.02_20.31.33_rflbat_True_no-noise_reba/agg_records/pkl/round_0165_rflbat.pkl
166,rflbat,success,"[75, 90, 68, 34, 13, 50, 44, 4, 58, 48]","[75, 90, 34, 13, 50, 44, 4, 58, 48]",[68],10,9,[],re_result_6-29_APRA/cifar10_700_Jul.02_20.31.33_rflbat_True_no-noise_reba/agg_records/pkl/round_0166_rflbat.pkl
167,rflbat,success,"[93, 8, 33, 3, 63, 62, 71, 83, 54, 79]","[93, 8, 33, 3, 63, 62, 71, 83, 54, 79]",[],10,10,[],re_result_6-29_APRA/cifar10_700_Jul.02_20.31.33_rflbat_True_no-noise_reba/agg_records/pkl/round_0167_rflbat.pkl
168,rflbat,success,"[36, 87, 21, 28, 39, 52, 30, 79, 80, 24]","[36, 87, 21, 28, 39, 52, 30, 79, 80, 24]",[],10,10,[],re_result_6-29_APRA/cifar10_700_Jul.02_20.31.33_rflbat_True_no-noise_reba/agg_records/pkl/round_0168_rflbat.pkl
169,rflbat,success,"[34, 94, 80, 35, 26, 59, 55, 3, 33, 77]","[34, 94, 80, 35, 26, 59, 55, 3, 33, 77]",[],10,10,[],re_result_6-29_APRA/cifar10_700_Jul.02_20.31.33_rflbat_True_no-noise_reba/agg_records/pkl/round_0169_rflbat.pkl
170,rflbat,success,"[91, 16, 49, 20, 29, 18, 38, 83, 67, 37]","[91, 16, 49, 20, 29, 18, 38, 83, 67, 37]",[],10,10,[],re_result_6-29_APRA/cifar10_700_Jul.02_20.31.33_rflbat_True_no-noise_reba/agg_records/pkl/round_0170_rflbat.pkl
171,rflbat,success,"[2, 90, 5, 96, 42, 71, 89, 53, 48, 25]","[2, 90, 5, 96, 42, 71, 89, 48, 25]",[53],10,9,[],re_result_6-29_APRA/cifar10_700_Jul.02_20.31.33_rflbat_True_no-noise_reba/agg_records/pkl/round_0171_rflbat.pkl
172,rflbat,success,"[31, 69, 98, 48, 51, 45, 85, 95, 35, 50]","[31, 98, 48, 51, 45, 85, 95, 35, 50]",[69],10,9,[],re_result_6-29_APRA/cifar10_700_Jul.02_20.31.33_rflbat_True_no-noise_reba/agg_records/pkl/round_0172_rflbat.pkl
173,rflbat,success,"[41, 54, 93, 80, 84, 47, 44, 96, 22, 76]","[41, 54, 93, 80, 84, 47, 44, 96, 22, 76]",[],10,10,[],re_result_6-29_APRA/cifar10_700_Jul.02_20.31.33_rflbat_True_no-noise_reba/agg_records/pkl/round_0173_rflbat.pkl
174,rflbat,success,"[21, 51, 19, 15, 55, 64, 39, 53, 72, 22]","[21, 19, 15, 55, 64, 39, 53, 72, 22]",[51],10,9,[],re_result_6-29_APRA/cifar10_700_Jul.02_20.31.33_rflbat_True_no-noise_reba/agg_records/pkl/round_0174_rflbat.pkl
175,rflbat,success,"[46, 75, 68, 85, 87, 37, 71, 33, 38, 32]","[46, 75, 85, 87, 37, 71, 33, 38, 32]",[68],10,9,[],re_result_6-29_APRA/cifar10_700_Jul.02_20.31.33_rflbat_True_no-noise_reba/agg_records/pkl/round_0175_rflbat.pkl
176,rflbat,success,"[69, 62, 16, 68, 57, 81, 88, 48, 60, 53]","[69, 62, 16, 68, 57, 81, 88, 48, 60, 53]",[],10,10,[],re_result_6-29_APRA/cifar10_700_Jul.02_20.31.33_rflbat_True_no-noise_reba/agg_records/pkl/round_0176_rflbat.pkl
177,rflbat,success,"[75, 52, 29, 77, 65, 70, 53, 23, 27, 43]","[75, 52, 29, 77, 65, 70, 53, 23, 27, 43]",[],10,10,[],re_result_6-29_APRA/cifar10_700_Jul.02_20.31.33_rflbat_True_no-noise_reba/agg_records/pkl/round_0177_rflbat.pkl
178,rflbat,success,"[48, 68, 70, 45, 59, 69, 72, 5, 47, 77]","[48, 70, 45, 59, 69, 72, 5, 47, 77]",[68],10,9,[],re_result_6-29_APRA/cifar10_700_Jul.02_20.31.33_rflbat_True_no-noise_reba/agg_records/pkl/round_0178_rflbat.pkl
179,rflbat,success,"[95, 33, 39, 29, 55, 83, 65, 48, 70, 78]","[95, 33, 39, 55, 83, 65, 48, 70, 78]",[29],10,9,[],re_result_6-29_APRA/cifar10_700_Jul.02_20.31.33_rflbat_True_no-noise_reba/agg_records/pkl/round_0179_rflbat.pkl
180,rflbat,success,"[21, 56, 13, 10, 67, 98, 53, 17, 8, 24]","[21, 56, 13, 10, 67, 98, 53, 17, 8, 24]",[],10,10,[],re_result_6-29_APRA/cifar10_700_Jul.02_20.31.33_rflbat_True_no-noise_reba/agg_records/pkl/round_0180_rflbat.pkl
181,rflbat,success,"[96, 78, 88, 45, 34, 44, 61, 93, 86, 22]","[96, 78, 88, 45, 34, 44, 61, 93, 86, 22]",[],10,10,[],re_result_6-29_APRA/cifar10_700_Jul.02_20.31.33_rflbat_True_no-noise_reba/agg_records/pkl/round_0181_rflbat.pkl
182,rflbat,success,"[97, 47, 67, 82, 31, 43, 76, 13, 39, 29]","[97, 47, 67, 82, 31, 43, 76, 13, 39, 29]",[],10,10,[],re_result_6-29_APRA/cifar10_700_Jul.02_20.31.33_rflbat_True_no-noise_reba/agg_records/pkl/round_0182_rflbat.pkl
183,rflbat,success,"[8, 34, 52, 95, 9, 46, 78, 45, 22, 14]","[8, 34, 52, 95, 9, 46, 78, 45, 22, 14]",[],10,10,[],re_result_6-29_APRA/cifar10_700_Jul.02_20.31.33_rflbat_True_no-noise_reba/agg_records/pkl/round_0183_rflbat.pkl
184,rflbat,success,"[61, 6, 52, 54, 80, 49, 43, 9, 2, 89]","[61, 6, 52, 54, 80, 49, 43, 9, 2, 89]",[],10,10,[],re_result_6-29_APRA/cifar10_700_Jul.02_20.31.33_rflbat_True_no-noise_reba/agg_records/pkl/round_0184_rflbat.pkl
185,rflbat,success,"[33, 82, 99, 28, 22, 4, 41, 11, 17, 52]","[33, 82, 99, 28, 22, 4, 41, 11, 17, 52]",[],10,10,[],re_result_6-29_APRA/cifar10_700_Jul.02_20.31.33_rflbat_True_no-noise_reba/agg_records/pkl/round_0185_rflbat.pkl
186,rflbat,success,"[69, 20, 84, 18, 75, 45, 87, 33, 40, 21]","[20, 84, 18, 75, 45, 87, 33, 40, 21]",[69],10,9,[],re_result_6-29_APRA/cifar10_700_Jul.02_20.31.33_rflbat_True_no-noise_reba/agg_records/pkl/round_0186_rflbat.pkl
187,rflbat,success,"[30, 89, 74, 45, 86, 6, 93, 42, 15, 84]","[30, 89, 74, 45, 86, 6, 93, 42, 15, 84]",[],10,10,[],re_result_6-29_APRA/cifar10_700_Jul.02_20.31.33_rflbat_True_no-noise_reba/agg_records/pkl/round_0187_rflbat.pkl
188,rflbat,success,"[67, 11, 70, 30, 87, 83, 36, 35, 18, 97]","[67, 11, 70, 30, 87, 83, 36, 35, 18, 97]",[],10,10,[],re_result_6-29_APRA/cifar10_700_Jul.02_20.31.33_rflbat_True_no-noise_reba/agg_records/pkl/round_0188_rflbat.pkl
189,rflbat,success,"[0, 50, 74, 29, 24, 93, 12, 51, 77, 81]","[0, 50, 74, 29, 24, 93, 12, 51, 77, 81]",[],10,10,[],re_result_6-29_APRA/cifar10_700_Jul.02_20.31.33_rflbat_True_no-noise_reba/agg_records/pkl/round_0189_rflbat.pkl
190,rflbat,success,"[37, 61, 7, 69, 93, 67, 56, 87, 28, 27]","[37, 61, 7, 69, 93, 67, 56, 87, 28, 27]",[],10,10,[],re_result_6-29_APRA/cifar10_700_Jul.02_20.31.33_rflbat_True_no-noise_reba/agg_records/pkl/round_0190_rflbat.pkl
191,rflbat,success,"[94, 50, 63, 66, 54, 89, 43, 30, 16, 67]","[94, 50, 63, 66, 54, 89, 43, 30, 16, 67]",[],10,10,[],re_result_6-29_APRA/cifar10_700_Jul.02_20.31.33_rflbat_True_no-noise_reba/agg_records/pkl/round_0191_rflbat.pkl
192,rflbat,success,"[18, 10, 3, 63, 61, 25, 32, 14, 50, 91]","[18, 10, 3, 63, 61, 25, 32, 14, 50, 91]",[],10,10,[],re_result_6-29_APRA/cifar10_700_Jul.02_20.31.33_rflbat_True_no-noise_reba/agg_records/pkl/round_0192_rflbat.pkl
193,rflbat,success,"[66, 72, 85, 83, 45, 39, 94, 71, 30, 40]","[66, 72, 85, 83, 45, 39, 94, 71, 30, 40]",[],10,10,[],re_result_6-29_APRA/cifar10_700_Jul.02_20.31.33_rflbat_True_no-noise_reba/agg_records/pkl/round_0193_rflbat.pkl
194,rflbat,success,"[69, 67, 44, 5, 15, 98, 66, 27, 88, 33]","[67, 5, 15, 66, 27, 88, 33]","[69, 44, 98]",10,7,[],re_result_6-29_APRA/cifar10_700_Jul.02_20.31.33_rflbat_True_no-noise_reba/agg_records/pkl/round_0194_rflbat.pkl
195,rflbat,success,"[56, 72, 3, 1, 15, 65, 7, 94, 63, 41]","[72, 1, 15, 65, 7, 94, 63, 41]","[56, 3]",10,8,[],re_result_6-29_APRA/cifar10_700_Jul.02_20.31.33_rflbat_True_no-noise_reba/agg_records/pkl/round_0195_rflbat.pkl
196,rflbat,success,"[8, 53, 44, 63, 69, 14, 2, 90, 0, 49]","[8, 53, 44, 63, 69, 14, 2, 90, 0, 49]",[],10,10,[],re_result_6-29_APRA/cifar10_700_Jul.02_20.31.33_rflbat_True_no-noise_reba/agg_records/pkl/round_0196_rflbat.pkl
197,rflbat,success,"[64, 12, 71, 38, 29, 55, 96, 77, 90, 78]","[64, 12, 71, 38, 29, 55, 96, 77, 90, 78]",[],10,10,[],re_result_6-29_APRA/cifar10_700_Jul.02_20.31.33_rflbat_True_no-noise_reba/agg_records/pkl/round_0197_rflbat.pkl
198,rflbat,success,"[32, 54, 2, 35, 37, 18, 97, 28, 11, 4]","[32, 54, 2, 35, 37, 18, 97, 28, 11, 4]",[],10,10,[],re_result_6-29_APRA/cifar10_700_Jul.02_20.31.33_rflbat_True_no-noise_reba/agg_records/pkl/round_0198_rflbat.pkl
199,rflbat,success,"[85, 68, 45, 33, 41, 78, 19, 75, 1, 23]","[85, 68, 45, 33, 41, 78, 19, 75, 1, 23]",[],10,10,[],re_result_6-29_APRA/cifar10_700_Jul.02_20.31.33_rflbat_True_no-noise_reba/agg_records/pkl/round_0199_rflbat.pkl
200,rflbat,success,"[29, 9, 41, 59, 73, 85, 25, 45, 16, 89]","[29, 9, 41, 59, 73, 85, 25, 45, 16, 89]",[],10,10,[],re_result_6-29_APRA/cifar10_700_Jul.02_20.31.33_rflbat_True_no-noise_reba/agg_records/pkl/round_0200_rflbat.pkl
201,rflbat,success,"[13, 2, 71, 66, 81, 9, 83, 39, 24, 92]","[2, 71, 66, 81, 9, 83, 39, 24, 92]",[13],10,9,[],re_result_6-29_APRA/cifar10_700_Jul.02_20.31.33_rflbat_True_no-noise_reba/agg_records/pkl/round_0201_rflbat.pkl
202,rflbat,success,"[70, 23, 38, 80, 22, 37, 59, 44, 27, 15]","[70, 23, 38, 80, 22, 37, 59, 44, 27, 15]",[],10,10,[],re_result_6-29_APRA/cifar10_700_Jul.02_20.31.33_rflbat_True_no-noise_reba/agg_records/pkl/round_0202_rflbat.pkl
203,rflbat,success,"[11, 56, 77, 53, 27, 75, 49, 57, 36, 35]","[11, 56, 77, 53, 27, 75, 49, 57, 36, 35]",[],10,10,[],re_result_6-29_APRA/cifar10_700_Jul.02_20.31.33_rflbat_True_no-noise_reba/agg_records/pkl/round_0203_rflbat.pkl
204,rflbat,success,"[74, 97, 16, 53, 20, 25, 81, 5, 80, 21]","[74, 97, 16, 53, 20, 25, 81, 5, 80, 21]",[],10,10,[],re_result_6-29_APRA/cifar10_700_Jul.02_20.31.33_rflbat_True_no-noise_reba/agg_records/pkl/round_0204_rflbat.pkl
205,rflbat,success,"[45, 63, 6, 69, 26, 71, 9, 98, 90, 94]","[45, 63, 6, 69, 26, 71, 9, 98, 90, 94]",[],10,10,[],re_result_6-29_APRA/cifar10_700_Jul.02_20.31.33_rflbat_True_no-noise_reba/agg_records/pkl/round_0205_rflbat.pkl
206,rflbat,success,"[1, 64, 74, 34, 23, 95, 99, 65, 62, 89]","[1, 64, 74, 34, 23, 95, 99, 65, 62, 89]",[],10,10,[],re_result_6-29_APRA/cifar10_700_Jul.02_20.31.33_rflbat_True_no-noise_reba/agg_records/pkl/round_0206_rflbat.pkl
207,rflbat,success,"[43, 64, 55, 24, 94, 78, 91, 18, 59, 97]","[43, 64, 55, 24, 94, 78, 91, 18, 59, 97]",[],10,10,[],re_result_6-29_APRA/cifar10_700_Jul.02_20.31.33_rflbat_True_no-noise_reba/agg_records/pkl/round_0207_rflbat.pkl
208,rflbat,success,"[13, 86, 36, 44, 83, 6, 21, 93, 20, 33]","[86, 36, 44, 83, 6, 21, 93, 20, 33]",[13],10,9,[],re_result_6-29_APRA/cifar10_700_Jul.02_20.31.33_rflbat_True_no-noise_reba/agg_records/pkl/round_0208_rflbat.pkl
209,rflbat,success,"[19, 41, 34, 47, 45, 8, 33, 14, 48, 12]","[41, 34, 45, 8, 33, 14, 48, 12]","[19, 47]",10,8,[],re_result_6-29_APRA/cifar10_700_Jul.02_20.31.33_rflbat_True_no-noise_reba/agg_records/pkl/round_0209_rflbat.pkl
210,rflbat,success,"[71, 23, 29, 15, 73, 20, 84, 57, 88, 65]","[71, 23, 29, 15, 73, 20, 84, 57, 88, 65]",[],10,10,[],re_result_6-29_APRA/cifar10_700_Jul.02_20.31.33_rflbat_True_no-noise_reba/agg_records/pkl/round_0210_rflbat.pkl
211,rflbat,success,"[92, 6, 61, 77, 22, 65, 74, 55, 53, 44]","[92, 6, 61, 77, 22, 65, 74, 55, 53, 44]",[],10,10,[],re_result_6-29_APRA/cifar10_700_Jul.02_20.31.33_rflbat_True_no-noise_reba/agg_records/pkl/round_0211_rflbat.pkl
212,rflbat,success,"[59, 55, 57, 93, 21, 19, 6, 61, 30, 8]","[59, 55, 57, 93, 21, 19, 6, 61, 30, 8]",[],10,10,[],re_result_6-29_APRA/cifar10_700_Jul.02_20.31.33_rflbat_True_no-noise_reba/agg_records/pkl/round_0212_rflbat.pkl
213,rflbat,success,"[57, 31, 16, 62, 20, 46, 24, 3, 59, 39]","[57, 31, 16, 62, 20, 46, 24, 3, 39]",[59],10,9,[],re_result_6-29_APRA/cifar10_700_Jul.02_20.31.33_rflbat_True_no-noise_reba/agg_records/pkl/round_0213_rflbat.pkl
214,rflbat,success,"[66, 19, 78, 84, 70, 9, 0, 73, 86, 49]","[66, 19, 78, 84, 70, 9, 0, 73, 86, 49]",[],10,10,[],re_result_6-29_APRA/cifar10_700_Jul.02_20.31.33_rflbat_True_no-noise_reba/agg_records/pkl/round_0214_rflbat.pkl
215,rflbat,success,"[99, 42, 30, 57, 9, 50, 90, 95, 52, 26]","[99, 42, 30, 57, 9, 50, 90, 95, 52, 26]",[],10,10,[],re_result_6-29_APRA/cifar10_700_Jul.02_20.31.33_rflbat_True_no-noise_reba/agg_records/pkl/round_0215_rflbat.pkl
216,rflbat,success,"[48, 3, 9, 45, 77, 70, 76, 1, 53, 74]","[48, 3, 9, 45, 77, 70, 76, 1, 53, 74]",[],10,10,[],re_result_6-29_APRA/cifar10_700_Jul.02_20.31.33_rflbat_True_no-noise_reba/agg_records/pkl/round_0216_rflbat.pkl
217,rflbat,success,"[41, 84, 23, 61, 25, 45, 43, 37, 38, 24]","[41, 84, 23, 61, 25, 45, 43, 37, 38, 24]",[],10,10,[],re_result_6-29_APRA/cifar10_700_Jul.02_20.31.33_rflbat_True_no-noise_reba/agg_records/pkl/round_0217_rflbat.pkl
218,rflbat,success,"[99, 51, 71, 41, 80, 75, 73, 69, 17, 72]","[99, 51, 71, 41, 80, 75, 73, 69, 17, 72]",[],10,10,[],re_result_6-29_APRA/cifar10_700_Jul.02_20.31.33_rflbat_True_no-noise_reba/agg_records/pkl/round_0218_rflbat.pkl
219,rflbat,success,"[24, 78, 62, 96, 54, 4, 63, 30, 58, 20]","[24, 78, 62, 96, 54, 4, 63, 30, 58, 20]",[],10,10,[],re_result_6-29_APRA/cifar10_700_Jul.02_20.31.33_rflbat_True_no-noise_reba/agg_records/pkl/round_0219_rflbat.pkl
220,rflbat,success,"[85, 90, 40, 95, 45, 46, 5, 44, 91, 59]","[85, 40, 95, 45, 46, 5, 44, 91, 59]",[90],10,9,[],re_result_6-29_APRA/cifar10_700_Jul.02_20.31.33_rflbat_True_no-noise_reba/agg_records/pkl/round_0220_rflbat.pkl
221,rflbat,success,"[24, 27, 37, 52, 74, 7, 86, 67, 82, 66]","[24, 27, 37, 52, 74, 7, 86, 67, 82, 66]",[],10,10,[],re_result_6-29_APRA/cifar10_700_Jul.02_20.31.33_rflbat_True_no-noise_reba/agg_records/pkl/round_0221_rflbat.pkl
222,rflbat,success,"[98, 0, 93, 38, 29, 87, 19, 8, 53, 34]","[98, 0, 93, 38, 29, 87, 19, 8, 53, 34]",[],10,10,[],re_result_6-29_APRA/cifar10_700_Jul.02_20.31.33_rflbat_True_no-noise_reba/agg_records/pkl/round_0222_rflbat.pkl
223,rflbat,success,"[18, 63, 16, 79, 50, 98, 74, 47, 30, 44]","[18, 63, 16, 79, 50, 74, 47, 30, 44]",[98],10,9,[],re_result_6-29_APRA/cifar10_700_Jul.02_20.31.33_rflbat_True_no-noise_reba/agg_records/pkl/round_0223_rflbat.pkl
224,rflbat,success,"[36, 67, 3, 58, 35, 39, 74, 41, 27, 70]","[36, 67, 3, 58, 35, 39, 74, 41, 27, 70]",[],10,10,[],re_result_6-29_APRA/cifar10_700_Jul.02_20.31.33_rflbat_True_no-noise_reba/agg_records/pkl/round_0224_rflbat.pkl
225,rflbat,success,"[47, 41, 57, 19, 39, 11, 50, 86, 37, 91]","[47, 41, 57, 19, 39, 11, 50, 86, 37, 91]",[],10,10,[],re_result_6-29_APRA/cifar10_700_Jul.02_20.31.33_rflbat_True_no-noise_reba/agg_records/pkl/round_0225_rflbat.pkl
226,rflbat,success,"[0, 12, 44, 97, 82, 89, 76, 47, 93, 99]","[0, 12, 44, 97, 82, 89, 76, 47, 93, 99]",[],10,10,[],re_result_6-29_APRA/cifar10_700_Jul.02_20.31.33_rflbat_True_no-noise_reba/agg_records/pkl/round_0226_rflbat.pkl
227,rflbat,success,"[68, 36, 25, 11, 85, 8, 59, 90, 18, 73]","[36, 11, 85, 8, 59, 90, 18, 73]","[68, 25]",10,8,[],re_result_6-29_APRA/cifar10_700_Jul.02_20.31.33_rflbat_True_no-noise_reba/agg_records/pkl/round_0227_rflbat.pkl
228,rflbat,success,"[2, 20, 89, 3, 56, 6, 21, 49, 45, 57]","[2, 20, 89, 3, 56, 6, 21, 49, 45, 57]",[],10,10,[],re_result_6-29_APRA/cifar10_700_Jul.02_20.31.33_rflbat_True_no-noise_reba/agg_records/pkl/round_0228_rflbat.pkl
229,rflbat,success,"[18, 8, 48, 75, 14, 64, 19, 87, 57, 56]","[18, 8, 48, 75, 14, 64, 19, 87, 57, 56]",[],10,10,[],re_result_6-29_APRA/cifar10_700_Jul.02_20.31.33_rflbat_True_no-noise_reba/agg_records/pkl/round_0229_rflbat.pkl
230,rflbat,success,"[55, 91, 60, 13, 11, 53, 28, 80, 41, 25]","[55, 91, 60, 13, 11, 53, 28, 80, 25]",[41],10,9,[],re_result_6-29_APRA/cifar10_700_Jul.02_20.31.33_rflbat_True_no-noise_reba/agg_records/pkl/round_0230_rflbat.pkl
231,rflbat,success,"[72, 75, 31, 35, 41, 20, 7, 23, 21, 29]","[72, 75, 31, 35, 41, 20, 7, 23, 21]",[29],10,9,[],re_result_6-29_APRA/cifar10_700_Jul.02_20.31.33_rflbat_True_no-noise_reba/agg_records/pkl/round_0231_rflbat.pkl
232,rflbat,success,"[14, 74, 49, 66, 23, 63, 2, 44, 16, 15]","[14, 74, 49, 66, 23, 63, 2, 44, 16, 15]",[],10,10,[],re_result_6-29_APRA/cifar10_700_Jul.02_20.31.33_rflbat_True_no-noise_reba/agg_records/pkl/round_0232_rflbat.pkl
233,rflbat,success,"[83, 84, 56, 69, 40, 41, 79, 87, 18, 19]","[83, 84, 56, 69, 40, 41, 79, 87, 18, 19]",[],10,10,[],re_result_6-29_APRA/cifar10_700_Jul.02_20.31.33_rflbat_True_no-noise_reba/agg_records/pkl/round_0233_rflbat.pkl
234,rflbat,success,"[1, 77, 36, 32, 87, 33, 91, 9, 50, 45]","[1, 77, 36, 32, 87, 33, 91, 9, 50, 45]",[],10,10,[],re_result_6-29_APRA/cifar10_700_Jul.02_20.31.33_rflbat_True_no-noise_reba/agg_records/pkl/round_0234_rflbat.pkl
235,rflbat,success,"[7, 58, 22, 16, 74, 62, 39, 93, 51, 61]","[7, 58, 22, 16, 74, 62, 39, 93, 51, 61]",[],10,10,[],re_result_6-29_APRA/cifar10_700_Jul.02_20.31.33_rflbat_True_no-noise_reba/agg_records/pkl/round_0235_rflbat.pkl
236,rflbat,success,"[74, 27, 28, 4, 56, 44, 26, 8, 91, 65]","[74, 27, 28, 4, 56, 44, 26, 8, 91, 65]",[],10,10,[],re_result_6-29_APRA/cifar10_700_Jul.02_20.31.33_rflbat_True_no-noise_reba/agg_records/pkl/round_0236_rflbat.pkl
237,rflbat,success,"[45, 98, 82, 41, 37, 5, 34, 30, 39, 89]","[45, 98, 82, 41, 37, 5, 34, 30, 39, 89]",[],10,10,[],re_result_6-29_APRA/cifar10_700_Jul.02_20.31.33_rflbat_True_no-noise_reba/agg_records/pkl/round_0237_rflbat.pkl
238,rflbat,success,"[75, 34, 8, 82, 3, 1, 50, 37, 44, 98]","[75, 34, 8, 82, 3, 1, 50, 37, 44, 98]",[],10,10,[],re_result_6-29_APRA/cifar10_700_Jul.02_20.31.33_rflbat_True_no-noise_reba/agg_records/pkl/round_0238_rflbat.pkl
239,rflbat,success,"[75, 48, 95, 97, 14, 86, 23, 36, 44, 43]","[48, 95, 97, 14, 86, 23, 36, 44, 43]",[75],10,9,[],re_result_6-29_APRA/cifar10_700_Jul.02_20.31.33_rflbat_True_no-noise_reba/agg_records/pkl/round_0239_rflbat.pkl
240,rflbat,success,"[17, 77, 32, 79, 8, 14, 91, 59, 96, 92]","[17, 77, 32, 79, 8, 14, 91, 59, 96, 92]",[],10,10,[],re_result_6-29_APRA/cifar10_700_Jul.02_20.31.33_rflbat_True_no-noise_reba/agg_records/pkl/round_0240_rflbat.pkl
241,rflbat,success,"[73, 94, 87, 13, 16, 98, 26, 34, 42, 37]","[73, 94, 87, 13, 16, 98, 34, 42, 37]",[26],10,9,[],re_result_6-29_APRA/cifar10_700_Jul.02_20.31.33_rflbat_True_no-noise_reba/agg_records/pkl/round_0241_rflbat.pkl
242,rflbat,success,"[3, 19, 98, 27, 54, 90, 60, 85, 40, 30]","[3, 19, 98, 27, 54, 90, 60, 85, 40, 30]",[],10,10,[],re_result_6-29_APRA/cifar10_700_Jul.02_20.31.33_rflbat_True_no-noise_reba/agg_records/pkl/round_0242_rflbat.pkl
243,rflbat,success,"[0, 61, 59, 13, 17, 30, 7, 19, 89, 11]","[0, 61, 59, 13, 17, 30, 7, 19, 89, 11]",[],10,10,[],re_result_6-29_APRA/cifar10_700_Jul.02_20.31.33_rflbat_True_no-noise_reba/agg_records/pkl/round_0243_rflbat.pkl
244,rflbat,success,"[35, 78, 51, 9, 32, 97, 54, 67, 5, 68]","[35, 78, 51, 9, 32, 97, 54, 67, 5]",[68],10,9,[],re_result_6-29_APRA/cifar10_700_Jul.02_20.31.33_rflbat_True_no-noise_reba/agg_records/pkl/round_0244_rflbat.pkl
245,rflbat,success,"[77, 78, 87, 31, 94, 3, 17, 8, 65, 47]","[78, 87, 31, 94, 3, 17, 8, 65, 47]",[77],10,9,[],re_result_6-29_APRA/cifar10_700_Jul.02_20.31.33_rflbat_True_no-noise_reba/agg_records/pkl/round_0245_rflbat.pkl
246,rflbat,success,"[22, 39, 9, 81, 75, 60, 6, 38, 1, 46]","[22, 39, 9, 81, 60, 6, 38, 1]","[75, 46]",10,8,[],re_result_6-29_APRA/cifar10_700_Jul.02_20.31.33_rflbat_True_no-noise_reba/agg_records/pkl/round_0246_rflbat.pkl
247,rflbat,success,"[32, 59, 75, 10, 67, 16, 55, 72, 8, 9]","[32, 59, 75, 10, 67, 16, 55, 72, 8, 9]",[],10,10,[],re_result_6-29_APRA/cifar10_700_Jul.02_20.31.33_rflbat_True_no-noise_reba/agg_records/pkl/round_0247_rflbat.pkl
248,rflbat,success,"[46, 32, 94, 81, 10, 7, 96, 31, 0, 75]","[46, 32, 94, 81, 10, 7, 96, 31, 0, 75]",[],10,10,[],re_result_6-29_APRA/cifar10_700_Jul.02_20.31.33_rflbat_True_no-noise_reba/agg_records/pkl/round_0248_rflbat.pkl
249,rflbat,success,"[55, 88, 10, 99, 86, 3, 87, 24, 38, 9]","[55, 88, 10, 99, 86, 3, 87, 24, 38, 9]",[],10,10,[],re_result_6-29_APRA/cifar10_700_Jul.02_20.31.33_rflbat_True_no-noise_reba/agg_records/pkl/round_0249_rflbat.pkl
250,rflbat,success,"[16, 98, 46, 77, 70, 57, 78, 23, 64, 59]","[16, 46, 77, 70, 57, 78, 23, 64, 59]",[98],10,9,[],re_result_6-29_APRA/cifar10_700_Jul.02_20.31.33_rflbat_True_no-noise_reba/agg_records/pkl/round_0250_rflbat.pkl
251,rflbat,success,"[90, 60, 57, 10, 68, 11, 40, 8, 24, 29]","[90, 60, 57, 10, 11, 40, 8, 24, 29]",[68],10,9,[],re_result_6-29_APRA/cifar10_700_Jul.02_20.31.33_rflbat_True_no-noise_reba/agg_records/pkl/round_0251_rflbat.pkl
252,rflbat,success,"[37, 10, 64, 6, 31, 94, 59, 69, 80, 48]","[37, 10, 64, 6, 31, 94, 59, 69, 80, 48]",[],10,10,[],re_result_6-29_APRA/cifar10_700_Jul.02_20.31.33_rflbat_True_no-noise_reba/agg_records/pkl/round_0252_rflbat.pkl
253,rflbat,success,"[31, 46, 4, 72, 5, 85, 12, 89, 2, 91]","[31, 46, 4, 72, 5, 85, 12, 89, 2, 91]",[],10,10,[],re_result_6-29_APRA/cifar10_700_Jul.02_20.31.33_rflbat_True_no-noise_reba/agg_records/pkl/round_0253_rflbat.pkl
254,rflbat,success,"[82, 41, 13, 52, 50, 31, 38, 84, 54, 16]","[82, 41, 13, 52, 50, 31, 38, 84, 54, 16]",[],10,10,[],re_result_6-29_APRA/cifar10_700_Jul.02_20.31.33_rflbat_True_no-noise_reba/agg_records/pkl/round_0254_rflbat.pkl
255,rflbat,success,"[4, 36, 88, 92, 80, 45, 74, 33, 1, 23]","[4, 36, 88, 92, 80, 45, 74, 33, 1, 23]",[],10,10,[],re_result_6-29_APRA/cifar10_700_Jul.02_20.31.33_rflbat_True_no-noise_reba/agg_records/pkl/round_0255_rflbat.pkl
256,rflbat,success,"[45, 68, 97, 56, 60, 41, 82, 6, 23, 37]","[45, 97, 56, 60, 41, 82, 6, 23, 37]",[68],10,9,[],re_result_6-29_APRA/cifar10_700_Jul.02_20.31.33_rflbat_True_no-noise_reba/agg_records/pkl/round_0256_rflbat.pkl
257,rflbat,success,"[41, 2, 54, 18, 68, 87, 8, 27, 66, 14]","[41, 2, 54, 18, 87, 8, 27, 66, 14]",[68],10,9,[],re_result_6-29_APRA/cifar10_700_Jul.02_20.31.33_rflbat_True_no-noise_reba/agg_records/pkl/round_0257_rflbat.pkl
258,rflbat,success,"[30, 67, 12, 79, 80, 57, 44, 0, 23, 47]","[30, 67, 12, 79, 80, 57, 44, 0, 23, 47]",[],10,10,[],re_result_6-29_APRA/cifar10_700_Jul.02_20.31.33_rflbat_True_no-noise_reba/agg_records/pkl/round_0258_rflbat.pkl
259,rflbat,success,"[17, 85, 89, 68, 56, 93, 71, 15, 73, 14]","[17, 85, 89, 56, 93, 71, 15, 73, 14]",[68],10,9,[],re_result_6-29_APRA/cifar10_700_Jul.02_20.31.33_rflbat_True_no-noise_reba/agg_records/pkl/round_0259_rflbat.pkl
260,rflbat,success,"[43, 41, 46, 56, 95, 26, 68, 27, 86, 93]","[43, 41, 46, 56, 95, 26, 68, 27, 86, 93]",[],10,10,[],re_result_6-29_APRA/cifar10_700_Jul.02_20.31.33_rflbat_True_no-noise_reba/agg_records/pkl/round_0260_rflbat.pkl
261,rflbat,success,"[78, 9, 93, 72, 83, 35, 89, 94, 6, 87]","[78, 9, 93, 72, 83, 35, 89, 94, 6, 87]",[],10,10,[],re_result_6-29_APRA/cifar10_700_Jul.02_20.31.33_rflbat_True_no-noise_reba/agg_records/pkl/round_0261_rflbat.pkl
262,rflbat,success,"[49, 85, 40, 91, 0, 86, 66, 78, 20, 47]","[49, 85, 40, 91, 0, 86, 66, 20]","[78, 47]",10,8,[],re_result_6-29_APRA/cifar10_700_Jul.02_20.31.33_rflbat_True_no-noise_reba/agg_records/pkl/round_0262_rflbat.pkl
263,rflbat,success,"[18, 89, 19, 20, 56, 17, 21, 72, 99, 2]","[18, 89, 19, 20, 56, 17, 21, 72, 99, 2]",[],10,10,[],re_result_6-29_APRA/cifar10_700_Jul.02_20.31.33_rflbat_True_no-noise_reba/agg_records/pkl/round_0263_rflbat.pkl
264,rflbat,success,"[58, 26, 42, 9, 74, 34, 70, 66, 94, 27]","[58, 26, 42, 9, 74, 34, 70, 66, 94, 27]",[],10,10,[],re_result_6-29_APRA/cifar10_700_Jul.02_20.31.33_rflbat_True_no-noise_reba/agg_records/pkl/round_0264_rflbat.pkl
265,rflbat,success,"[74, 54, 80, 59, 21, 82, 78, 95, 39, 84]","[74, 54, 80, 59, 21, 82, 78, 95, 39, 84]",[],10,10,[],re_result_6-29_APRA/cifar10_700_Jul.02_20.31.33_rflbat_True_no-noise_reba/agg_records/pkl/round_0265_rflbat.pkl
266,rflbat,success,"[83, 61, 90, 50, 85, 55, 11, 18, 33, 15]","[83, 61, 90, 50, 85, 55, 11, 18, 33, 15]",[],10,10,[],re_result_6-29_APRA/cifar10_700_Jul.02_20.31.33_rflbat_True_no-noise_reba/agg_records/pkl/round_0266_rflbat.pkl
267,rflbat,success,"[34, 76, 67, 19, 99, 2, 9, 12, 39, 29]","[34, 76, 67, 19, 99, 2, 9, 12, 39, 29]",[],10,10,[],re_result_6-29_APRA/cifar10_700_Jul.02_20.31.33_rflbat_True_no-noise_reba/agg_records/pkl/round_0267_rflbat.pkl
268,rflbat,success,"[1, 28, 29, 76, 69, 21, 70, 50, 78, 11]","[1, 28, 29, 76, 69, 21, 70, 50, 78, 11]",[],10,10,[],re_result_6-29_APRA/cifar10_700_Jul.02_20.31.33_rflbat_True_no-noise_reba/agg_records/pkl/round_0268_rflbat.pkl
269,rflbat,success,"[46, 61, 3, 17, 23, 96, 82, 8, 9, 85]","[46, 61, 3, 17, 23, 96, 82, 8, 9, 85]",[],10,10,[],re_result_6-29_APRA/cifar10_700_Jul.02_20.31.33_rflbat_True_no-noise_reba/agg_records/pkl/round_0269_rflbat.pkl
270,rflbat,success,"[11, 33, 9, 10, 47, 58, 16, 5, 54, 61]","[11, 33, 9, 10, 58, 16, 5, 54, 61]",[47],10,9,[],re_result_6-29_APRA/cifar10_700_Jul.02_20.31.33_rflbat_True_no-noise_reba/agg_records/pkl/round_0270_rflbat.pkl
271,rflbat,success,"[37, 49, 80, 11, 38, 33, 58, 66, 45, 70]","[37, 49, 11, 38, 33, 58, 66, 45, 70]",[80],10,9,[],re_result_6-29_APRA/cifar10_700_Jul.02_20.31.33_rflbat_True_no-noise_reba/agg_records/pkl/round_0271_rflbat.pkl
272,rflbat,success,"[23, 50, 15, 17, 74, 63, 82, 56, 32, 44]","[23, 50, 15, 17, 74, 63, 82, 56, 32, 44]",[],10,10,[],re_result_6-29_APRA/cifar10_700_Jul.02_20.31.33_rflbat_True_no-noise_reba/agg_records/pkl/round_0272_rflbat.pkl
273,rflbat,success,"[25, 4, 21, 6, 43, 35, 67, 62, 27, 87]","[25, 4, 21, 6, 43, 35, 67, 62, 27, 87]",[],10,10,[],re_result_6-29_APRA/cifar10_700_Jul.02_20.31.33_rflbat_True_no-noise_reba/agg_records/pkl/round_0273_rflbat.pkl
274,rflbat,success,"[59, 70, 22, 98, 86, 78, 54, 89, 52, 5]","[59, 70, 22, 98, 86, 78, 54, 89, 52, 5]",[],10,10,[],re_result_6-29_APRA/cifar10_700_Jul.02_20.31.33_rflbat_True_no-noise_reba/agg_records/pkl/round_0274_rflbat.pkl
275,rflbat,success,"[1, 40, 11, 9, 42, 76, 74, 90, 50, 63]","[1, 40, 11, 9, 42, 76, 90, 50, 63]",[74],10,9,[],re_result_6-29_APRA/cifar10_700_Jul.02_20.31.33_rflbat_True_no-noise_reba/agg_records/pkl/round_0275_rflbat.pkl
276,rflbat,success,"[38, 9, 40, 10, 6, 13, 75, 14, 78, 32]","[38, 9, 40, 10, 6, 13, 75, 14, 78, 32]",[],10,10,[],re_result_6-29_APRA/cifar10_700_Jul.02_20.31.33_rflbat_True_no-noise_reba/agg_records/pkl/round_0276_rflbat.pkl
277,rflbat,success,"[7, 60, 66, 85, 12, 70, 17, 67, 13, 77]","[7, 60, 66, 85, 12, 70, 17, 67, 13]",[77],10,9,[],re_result_6-29_APRA/cifar10_700_Jul.02_20.31.33_rflbat_True_no-noise_reba/agg_records/pkl/round_0277_rflbat.pkl
278,rflbat,success,"[56, 39, 55, 48, 32, 9, 82, 12, 27, 17]","[39, 55, 48, 32, 9, 82, 12, 27, 17]",[56],10,9,[],re_result_6-29_APRA/cifar10_700_Jul.02_20.31.33_rflbat_True_no-noise_reba/agg_records/pkl/round_0278_rflbat.pkl
279,rflbat,success,"[14, 94, 27, 39, 63, 92, 79, 95, 43, 52]","[14, 94, 27, 39, 63, 92, 79, 95, 43, 52]",[],10,10,[],re_result_6-29_APRA/cifar10_700_Jul.02_20.31.33_rflbat_True_no-noise_reba/agg_records/pkl/round_0279_rflbat.pkl
280,rflbat,success,"[53, 45, 6, 52, 68, 32, 96, 27, 37, 44]","[53, 45, 6, 52, 32, 96, 27, 37, 44]",[68],10,9,[],re_result_6-29_APRA/cifar10_700_Jul.02_20.31.33_rflbat_True_no-noise_reba/agg_records/pkl/round_0280_rflbat.pkl
281,rflbat,success,"[21, 78, 69, 22, 14, 99, 16, 59, 48, 97]","[21, 78, 22, 14, 99, 16, 59, 48, 97]",[69],10,9,[],re_result_6-29_APRA/cifar10_700_Jul.02_20.31.33_rflbat_True_no-noise_reba/agg_records/pkl/round_0281_rflbat.pkl
282,rflbat,success,"[49, 74, 18, 12, 93, 53, 86, 43, 4, 58]","[49, 74, 18, 12, 93, 53, 86, 43, 4, 58]",[],10,10,[],re_result_6-29_APRA/cifar10_700_Jul.02_20.31.33_rflbat_True_no-noise_reba/agg_records/pkl/round_0282_rflbat.pkl
283,rflbat,success,"[84, 86, 89, 19, 88, 23, 76, 56, 39, 98]","[84, 86, 89, 19, 88, 23, 76, 56, 39, 98]",[],10,10,[],re_result_6-29_APRA/cifar10_700_Jul.02_20.31.33_rflbat_True_no-noise_reba/agg_records/pkl/round_0283_rflbat.pkl
284,rflbat,success,"[88, 87, 67, 74, 54, 24, 77, 61, 43, 40]","[88, 87, 67, 74, 54, 24, 61, 43, 40]",[77],10,9,[],re_result_6-29_APRA/cifar10_700_Jul.02_20.31.33_rflbat_True_no-noise_reba/agg_records/pkl/round_0284_rflbat.pkl
285,rflbat,success,"[41, 52, 11, 44, 76, 83, 71, 34, 62, 61]","[41, 52, 11, 44, 76, 83, 71, 34, 62, 61]",[],10,10,[],re_result_6-29_APRA/cifar10_700_Jul.02_20.31.33_rflbat_True_no-noise_reba/agg_records/pkl/round_0285_rflbat.pkl
286,rflbat,success,"[53, 81, 13, 29, 12, 69, 35, 41, 70, 20]","[53, 81, 13, 29, 12, 69, 35, 41, 70, 20]",[],10,10,[],re_result_6-29_APRA/cifar10_700_Jul.02_20.31.33_rflbat_True_no-noise_reba/agg_records/pkl/round_0286_rflbat.pkl
287,rflbat,success,"[52, 40, 72, 39, 4, 7, 44, 68, 87, 3]","[52, 40, 72, 39, 4, 7, 44, 87, 3]",[68],10,9,[],re_result_6-29_APRA/cifar10_700_Jul.02_20.31.33_rflbat_True_no-noise_reba/agg_records/pkl/round_0287_rflbat.pkl
288,rflbat,success,"[78, 81, 49, 16, 1, 83, 23, 66, 89, 41]","[78, 81, 49, 16, 1, 83, 23, 66, 89, 41]",[],10,10,[],re_result_6-29_APRA/cifar10_700_Jul.02_20.31.33_rflbat_True_no-noise_reba/agg_records/pkl/round_0288_rflbat.pkl
289,rflbat,success,"[24, 59, 36, 92, 16, 52, 22, 30, 33, 54]","[24, 59, 36, 16, 52, 22, 30, 33, 54]",[92],10,9,[],re_result_6-29_APRA/cifar10_700_Jul.02_20.31.33_rflbat_True_no-noise_reba/agg_records/pkl/round_0289_rflbat.pkl
290,rflbat,success,"[78, 75, 85, 60, 67, 68, 65, 59, 11, 97]","[78, 75, 85, 60, 67, 59, 11, 97]","[68, 65]",10,8,[],re_result_6-29_APRA/cifar10_700_Jul.02_20.31.33_rflbat_True_no-noise_reba/agg_records/pkl/round_0290_rflbat.pkl
291,rflbat,success,"[44, 51, 26, 35, 6, 12, 9, 5, 63, 98]","[44, 51, 35, 6, 12, 9, 5, 63, 98]",[26],10,9,[],re_result_6-29_APRA/cifar10_700_Jul.02_20.31.33_rflbat_True_no-noise_reba/agg_records/pkl/round_0291_rflbat.pkl
292,rflbat,success,"[23, 86, 69, 6, 4, 46, 36, 34, 90, 28]","[23, 86, 6, 4, 46, 36, 34, 90, 28]",[69],10,9,[],re_result_6-29_APRA/cifar10_700_Jul.02_20.31.33_rflbat_True_no-noise_reba/agg_records/pkl/round_0292_rflbat.pkl
293,rflbat,success,"[56, 90, 70, 82, 46, 51, 89, 16, 93, 78]","[46, 89, 16, 93]","[56, 90, 70, 82, 51, 78]",10,4,[],re_result_6-29_APRA/cifar10_700_Jul.02_20.31.33_rflbat_True_no-noise_reba/agg_records/pkl/round_0293_rflbat.pkl
294,rflbat,success,"[20, 74, 9, 76, 45, 22, 42, 33, 62, 19]","[20, 74, 9, 76, 45, 22, 42, 33, 62, 19]",[],10,10,[],re_result_6-29_APRA/cifar10_700_Jul.02_20.31.33_rflbat_True_no-noise_reba/agg_records/pkl/round_0294_rflbat.pkl
295,rflbat,success,"[21, 99, 6, 39, 2, 13, 91, 80, 57, 88]","[21, 99, 6, 39, 2, 13, 91, 80, 57, 88]",[],10,10,[],re_result_6-29_APRA/cifar10_700_Jul.02_20.31.33_rflbat_True_no-noise_reba/agg_records/pkl/round_0295_rflbat.pkl
296,rflbat,success,"[3, 98, 82, 7, 56, 86, 58, 96, 52, 33]","[3, 98, 82, 7, 56, 86, 58, 96, 52, 33]",[],10,10,[],re_result_6-29_APRA/cifar10_700_Jul.02_20.31.33_rflbat_True_no-noise_reba/agg_records/pkl/round_0296_rflbat.pkl
297,rflbat,success,"[65, 16, 69, 68, 96, 82, 10, 53, 14, 50]","[65, 16, 69, 68, 96, 82, 10, 53, 14, 50]",[],10,10,[],re_result_6-29_APRA/cifar10_700_Jul.02_20.31.33_rflbat_True_no-noise_reba/agg_records/pkl/round_0297_rflbat.pkl
298,rflbat,success,"[49, 39, 42, 63, 12, 76, 75, 48, 85, 92]","[49, 39, 42, 63, 12, 76, 75, 48, 85]",[92],10,9,[],re_result_6-29_APRA/cifar10_700_Jul.02_20.31.33_rflbat_True_no-noise_reba/agg_records/pkl/round_0298_rflbat.pkl
299,rflbat,success,"[58, 42, 65, 64, 73, 27, 18, 30, 63, 66]","[58, 42, 65, 64, 73, 27, 18, 30, 63, 66]",[],10,10,[],re_result_6-29_APRA/cifar10_700_Jul.02_20.31.33_rflbat_True_no-noise_reba/agg_records/pkl/round_0299_rflbat.pkl
300,rflbat,success,"[10, 23, 53, 24, 31, 35, 78, 74, 3, 59]","[10, 23, 53, 24, 31, 35, 78, 74, 3, 59]",[],10,10,[],re_result_6-29_APRA/cifar10_700_Jul.02_20.31.33_rflbat_True_no-noise_reba/agg_records/pkl/round_0300_rflbat.pkl
301,rflbat,success,"[81, 42, 55, 72, 2, 57, 49, 79, 58, 50]","[81, 42, 55, 72, 2, 57, 49, 79, 58, 50]",[],10,10,[],re_result_6-29_APRA/cifar10_700_Jul.02_20.31.33_rflbat_True_no-noise_reba/agg_records/pkl/round_0301_rflbat.pkl
302,rflbat,success,"[31, 26, 53, 72, 5, 23, 82, 73, 15, 30]","[31, 26, 53, 72, 5, 23, 82, 73, 15, 30]",[],10,10,[],re_result_6-29_APRA/cifar10_700_Jul.02_20.31.33_rflbat_True_no-noise_reba/agg_records/pkl/round_0302_rflbat.pkl
303,rflbat,success,"[63, 11, 13, 85, 46, 36, 23, 35, 65, 99]","[63, 11, 13, 85, 46, 36, 23, 35, 65, 99]",[],10,10,[],re_result_6-29_APRA/cifar10_700_Jul.02_20.31.33_rflbat_True_no-noise_reba/agg_records/pkl/round_0303_rflbat.pkl
304,rflbat,success,"[87, 91, 69, 5, 60, 7, 47, 71, 56, 9]","[87, 91, 69, 5, 60, 7, 47, 71, 56, 9]",[],10,10,[],re_result_6-29_APRA/cifar10_700_Jul.02_20.31.33_rflbat_True_no-noise_reba/agg_records/pkl/round_0304_rflbat.pkl
305,rflbat,success,"[18, 93, 16, 95, 87, 22, 6, 23, 65, 20]","[18, 93, 16, 95, 87, 22, 6, 23, 65, 20]",[],10,10,[],re_result_6-29_APRA/cifar10_700_Jul.02_20.31.33_rflbat_True_no-noise_reba/agg_records/pkl/round_0305_rflbat.pkl
306,rflbat,success,"[93, 25, 34, 83, 87, 41, 13, 75, 31, 50]","[93, 25, 34, 83, 87, 41, 13, 75, 31, 50]",[],10,10,[],re_result_6-29_APRA/cifar10_700_Jul.02_20.31.33_rflbat_True_no-noise_reba/agg_records/pkl/round_0306_rflbat.pkl
307,rflbat,success,"[81, 12, 53, 93, 13, 5, 33, 37, 83, 59]","[81, 12, 53, 93, 5, 33, 37, 83, 59]",[13],10,9,[],re_result_6-29_APRA/cifar10_700_Jul.02_20.31.33_rflbat_True_no-noise_reba/agg_records/pkl/round_0307_rflbat.pkl
308,rflbat,success,"[56, 46, 62, 24, 89, 68, 30, 61, 40, 84]","[56, 46, 62, 24, 89, 30, 61, 40, 84]",[68],10,9,[],re_result_6-29_APRA/cifar10_700_Jul.02_20.31.33_rflbat_True_no-noise_reba/agg_records/pkl/round_0308_rflbat.pkl
309,rflbat,success,"[20, 30, 16, 38, 68, 60, 25, 84, 81, 2]","[20, 30, 16, 38, 60, 25, 84, 81, 2]",[68],10,9,[],re_result_6-29_APRA/cifar10_700_Jul.02_20.31.33_rflbat_True_no-noise_reba/agg_records/pkl/round_0309_rflbat.pkl
310,rflbat,success,"[79, 19, 80, 24, 32, 15, 8, 46, 31, 0]","[79, 80, 32, 15, 8, 46, 31, 0]","[19, 24]",10,8,[],re_result_6-29_APRA/cifar10_700_Jul.02_20.31.33_rflbat_True_no-noise_reba/agg_records/pkl/round_0310_rflbat.pkl
311,rflbat,success,"[83, 11, 45, 82, 7, 30, 78, 2, 26, 86]","[83, 11, 45, 82, 7, 30, 78, 2, 26, 86]",[],10,10,[],re_result_6-29_APRA/cifar10_700_Jul.02_20.31.33_rflbat_True_no-noise_reba/agg_records/pkl/round_0311_rflbat.pkl
312,rflbat,success,"[1, 20, 75, 48, 43, 18, 28, 94, 30, 65]","[1, 20, 75, 48, 43, 18, 28, 94, 30, 65]",[],10,10,[],re_result_6-29_APRA/cifar10_700_Jul.02_20.31.33_rflbat_True_no-noise_reba/agg_records/pkl/round_0312_rflbat.pkl
313,rflbat,success,"[99, 0, 18, 12, 94, 80, 71, 5, 42, 34]","[99, 0, 18, 12, 94, 80, 71, 5, 42, 34]",[],10,10,[],re_result_6-29_APRA/cifar10_700_Jul.02_20.31.33_rflbat_True_no-noise_reba/agg_records/pkl/round_0313_rflbat.pkl
314,rflbat,success,"[19, 30, 65, 41, 36, 94, 25, 58, 87, 31]","[30, 65, 41, 36, 94, 25, 58, 87, 31]",[19],10,9,[],re_result_6-29_APRA/cifar10_700_Jul.02_20.31.33_rflbat_True_no-noise_reba/agg_records/pkl/round_0314_rflbat.pkl
315,rflbat,success,"[60, 16, 4, 9, 12, 20, 59, 67, 64, 47]","[60, 16, 4, 9, 12, 20, 59, 67, 64, 47]",[],10,10,[],re_result_6-29_APRA/cifar10_700_Jul.02_20.31.33_rflbat_True_no-noise_reba/agg_records/pkl/round_0315_rflbat.pkl
316,rflbat,success,"[42, 62, 23, 25, 81, 50, 31, 55, 26, 24]","[42, 62, 23, 25, 81, 50, 31, 55, 26, 24]",[],10,10,[],re_result_6-29_APRA/cifar10_700_Jul.02_20.31.33_rflbat_True_no-noise_reba/agg_records/pkl/round_0316_rflbat.pkl
317,rflbat,success,"[71, 91, 47, 80, 42, 99, 69, 77, 43, 21]","[71, 91, 47, 80, 42, 99, 69, 77, 43, 21]",[],10,10,[],re_result_6-29_APRA/cifar10_700_Jul.02_20.31.33_rflbat_True_no-noise_reba/agg_records/pkl/round_0317_rflbat.pkl
318,rflbat,success,"[47, 45, 25, 55, 96, 44, 43, 9, 40, 38]","[47, 45, 25, 55, 96, 44, 43, 9, 40, 38]",[],10,10,[],re_result_6-29_APRA/cifar10_700_Jul.02_20.31.33_rflbat_True_no-noise_reba/agg_records/pkl/round_0318_rflbat.pkl
319,rflbat,success,"[30, 1, 71, 55, 14, 67, 56, 32, 53, 95]","[30, 1, 71, 55, 14, 67, 56, 32, 53, 95]",[],10,10,[],re_result_6-29_APRA/cifar10_700_Jul.02_20.31.33_rflbat_True_no-noise_reba/agg_records/pkl/round_0319_rflbat.pkl
320,rflbat,success,"[40, 62, 61, 71, 23, 37, 56, 53, 7, 70]","[40, 62, 61, 71, 23, 37, 56, 53, 7, 70]",[],10,10,[],re_result_6-29_APRA/cifar10_700_Jul.02_20.31.33_rflbat_True_no-noise_reba/agg_records/pkl/round_0320_rflbat.pkl
321,rflbat,success,"[12, 60, 48, 45, 15, 64, 63, 0, 82, 74]","[12, 48, 45, 15, 64, 63, 0, 82, 74]",[60],10,9,[],re_result_6-29_APRA/cifar10_700_Jul.02_20.31.33_rflbat_True_no-noise_reba/agg_records/pkl/round_0321_rflbat.pkl
322,rflbat,success,"[43, 12, 39, 35, 20, 87, 7, 10, 92, 68]","[43, 12, 39, 35, 20, 87, 7, 10, 92]",[68],10,9,[],re_result_6-29_APRA/cifar10_700_Jul.02_20.31.33_rflbat_True_no-noise_reba/agg_records/pkl/round_0322_rflbat.pkl
323,rflbat,success,"[60, 23, 37, 55, 38, 33, 71, 72, 68, 62]","[60, 23, 37, 55, 38, 33, 71, 72, 62]",[68],10,9,[],re_result_6-29_APRA/cifar10_700_Jul.02_20.31.33_rflbat_True_no-noise_reba/agg_records/pkl/round_0323_rflbat.pkl
324,rflbat,success,"[56, 12, 99, 6, 60, 0, 61, 71, 3, 16]","[56, 12, 99, 6, 60, 0, 61, 71, 3, 16]",[],10,10,[],re_result_6-29_APRA/cifar10_700_Jul.02_20.31.33_rflbat_True_no-noise_reba/agg_records/pkl/round_0324_rflbat.pkl
325,rflbat,success,"[6, 94, 19, 10, 17, 67, 37, 53, 60, 82]","[6, 94, 19, 10, 17, 67, 37, 53, 60, 82]",[],10,10,[],re_result_6-29_APRA/cifar10_700_Jul.02_20.31.33_rflbat_True_no-noise_reba/agg_records/pkl/round_0325_rflbat.pkl
326,rflbat,success,"[25, 48, 57, 94, 7, 56, 95, 23, 6, 14]","[25, 48, 57, 94, 7, 56, 95, 23, 6, 14]",[],10,10,[],re_result_6-29_APRA/cifar10_700_Jul.02_20.31.33_rflbat_True_no-noise_reba/agg_records/pkl/round_0326_rflbat.pkl
327,rflbat,success,"[42, 61, 77, 93, 32, 26, 86, 41, 11, 50]","[42, 61, 77, 93, 32, 26, 86, 41, 11, 50]",[],10,10,[],re_result_6-29_APRA/cifar10_700_Jul.02_20.31.33_rflbat_True_no-noise_reba/agg_records/pkl/round_0327_rflbat.pkl
328,rflbat,success,"[71, 72, 26, 30, 99, 52, 89, 16, 15, 96]","[71, 72, 30, 99, 52, 89, 16, 15, 96]",[26],10,9,[],re_result_6-29_APRA/cifar10_700_Jul.02_20.31.33_rflbat_True_no-noise_reba/agg_records/pkl/round_0328_rflbat.pkl
329,rflbat,success,"[79, 13, 56, 45, 17, 28, 60, 43, 65, 49]","[79, 13, 56, 45, 17, 28, 60, 43, 65, 49]",[],10,10,[],re_result_6-29_APRA/cifar10_700_Jul.02_20.31.33_rflbat_True_no-noise_reba/agg_records/pkl/round_0329_rflbat.pkl
330,rflbat,success,"[32, 92, 76, 29, 46, 69, 98, 67, 62, 75]","[32, 92, 76, 29, 46, 69, 98, 67, 62, 75]",[],10,10,[],re_result_6-29_APRA/cifar10_700_Jul.02_20.31.33_rflbat_True_no-noise_reba/agg_records/pkl/round_0330_rflbat.pkl
331,rflbat,success,"[21, 71, 68, 4, 24, 56, 29, 8, 49, 59]","[21, 71, 68, 4, 24, 56, 29, 8, 49, 59]",[],10,10,[],re_result_6-29_APRA/cifar10_700_Jul.02_20.31.33_rflbat_True_no-noise_reba/agg_records/pkl/round_0331_rflbat.pkl
332,rflbat,success,"[69, 41, 98, 18, 3, 55, 12, 29, 92, 76]","[69, 41, 98, 18, 3, 55, 12, 29, 92, 76]",[],10,10,[],re_result_6-29_APRA/cifar10_700_Jul.02_20.31.33_rflbat_True_no-noise_reba/agg_records/pkl/round_0332_rflbat.pkl
333,rflbat,success,"[66, 18, 32, 10, 12, 49, 58, 19, 27, 59]","[66, 18, 32, 10, 12, 49, 58, 19, 27, 59]",[],10,10,[],re_result_6-29_APRA/cifar10_700_Jul.02_20.31.33_rflbat_True_no-noise_reba/agg_records/pkl/round_0333_rflbat.pkl
334,rflbat,success,"[25, 69, 49, 16, 78, 76, 90, 47, 97, 68]","[25, 69, 49, 16, 78, 76, 90, 47, 97, 68]",[],10,10,[],re_result_6-29_APRA/cifar10_700_Jul.02_20.31.33_rflbat_True_no-noise_reba/agg_records/pkl/round_0334_rflbat.pkl
335,rflbat,success,"[17, 62, 55, 72, 51, 0, 64, 47, 71, 82]","[17, 62, 55, 72, 51, 0, 64, 47, 71, 82]",[],10,10,[],re_result_6-29_APRA/cifar10_700_Jul.02_20.31.33_rflbat_True_no-noise_reba/agg_records/pkl/round_0335_rflbat.pkl
336,rflbat,success,"[9, 67, 49, 75, 99, 55, 5, 40, 44, 39]","[9, 67, 49, 75, 99, 55, 5, 40, 44, 39]",[],10,10,[],re_result_6-29_APRA/cifar10_700_Jul.02_20.31.33_rflbat_True_no-noise_reba/agg_records/pkl/round_0336_rflbat.pkl
337,rflbat,success,"[99, 88, 59, 62, 6, 91, 72, 70, 97, 42]","[99, 88, 59, 62, 6, 91, 72, 70, 97, 42]",[],10,10,[],re_result_6-29_APRA/cifar10_700_Jul.02_20.31.33_rflbat_True_no-noise_reba/agg_records/pkl/round_0337_rflbat.pkl
338,rflbat,success,"[83, 93, 71, 42, 28, 25, 61, 46, 87, 14]","[83, 93, 71, 42, 28, 25, 61, 46, 87, 14]",[],10,10,[],re_result_6-29_APRA/cifar10_700_Jul.02_20.31.33_rflbat_True_no-noise_reba/agg_records/pkl/round_0338_rflbat.pkl
339,rflbat,success,"[21, 31, 30, 37, 81, 78, 48, 38, 1, 13]","[21, 31, 30, 37, 81, 78, 48, 38, 1, 13]",[],10,10,[],re_result_6-29_APRA/cifar10_700_Jul.02_20.31.33_rflbat_True_no-noise_reba/agg_records/pkl/round_0339_rflbat.pkl
340,rflbat,success,"[97, 55, 8, 17, 93, 27, 21, 33, 85, 66]","[97, 55, 8, 17, 93, 27, 21, 33, 85, 66]",[],10,10,[],re_result_6-29_APRA/cifar10_700_Jul.02_20.31.33_rflbat_True_no-noise_reba/agg_records/pkl/round_0340_rflbat.pkl
341,rflbat,success,"[89, 32, 39, 56, 41, 45, 8, 55, 46, 57]","[89, 32, 39, 56, 41, 45, 8, 55, 46, 57]",[],10,10,[],re_result_6-29_APRA/cifar10_700_Jul.02_20.31.33_rflbat_True_no-noise_reba/agg_records/pkl/round_0341_rflbat.pkl
342,rflbat,success,"[5, 31, 59, 10, 1, 80, 33, 96, 57, 79]","[5, 31, 59, 10, 1, 80, 33, 96, 57, 79]",[],10,10,[],re_result_6-29_APRA/cifar10_700_Jul.02_20.31.33_rflbat_True_no-noise_reba/agg_records/pkl/round_0342_rflbat.pkl
343,rflbat,success,"[46, 78, 95, 49, 11, 91, 5, 29, 84, 47]","[46, 78, 95, 49, 11, 91, 5, 29, 84, 47]",[],10,10,[],re_result_6-29_APRA/cifar10_700_Jul.02_20.31.33_rflbat_True_no-noise_reba/agg_records/pkl/round_0343_rflbat.pkl
344,rflbat,success,"[66, 52, 78, 18, 60, 39, 84, 81, 45, 70]","[66, 52, 78, 18, 60, 39, 84, 81, 70]",[45],10,9,[],re_result_6-29_APRA/cifar10_700_Jul.02_20.31.33_rflbat_True_no-noise_reba/agg_records/pkl/round_0344_rflbat.pkl
345,rflbat,success,"[28, 45, 13, 26, 6, 68, 99, 43, 56, 0]","[28, 45, 13, 26, 6, 68, 99, 43, 56, 0]",[],10,10,[],re_result_6-29_APRA/cifar10_700_Jul.02_20.31.33_rflbat_True_no-noise_reba/agg_records/pkl/round_0345_rflbat.pkl
346,rflbat,success,"[32, 88, 64, 65, 25, 14, 9, 44, 61, 68]","[32, 88, 64, 65, 25, 14, 9, 44, 61]",[68],10,9,[],re_result_6-29_APRA/cifar10_700_Jul.02_20.31.33_rflbat_True_no-noise_reba/agg_records/pkl/round_0346_rflbat.pkl
347,rflbat,success,"[64, 59, 99, 58, 40, 43, 76, 88, 15, 19]","[64, 59, 99, 58, 40, 43, 76, 88, 15]",[19],10,9,[],re_result_6-29_APRA/cifar10_700_Jul.02_20.31.33_rflbat_True_no-noise_reba/agg_records/pkl/round_0347_rflbat.pkl
348,rflbat,success,"[2, 42, 57, 81, 23, 71, 75, 22, 86, 70]","[2, 42, 57, 81, 23, 71, 75, 22, 86, 70]",[],10,10,[],re_result_6-29_APRA/cifar10_700_Jul.02_20.31.33_rflbat_True_no-noise_reba/agg_records/pkl/round_0348_rflbat.pkl
349,rflbat,success,"[12, 43, 42, 86, 61, 91, 34, 14, 27, 8]","[12, 43, 42, 86, 61, 91, 34, 14, 27, 8]",[],10,10,[],re_result_6-29_APRA/cifar10_700_Jul.02_20.31.33_rflbat_True_no-noise_reba/agg_records/pkl/round_0349_rflbat.pkl
350,rflbat,success,"[58, 91, 79, 11, 45, 2, 39, 33, 23, 3]","[58, 91, 79, 11, 45, 2, 39, 33, 23, 3]",[],10,10,[],re_result_6-29_APRA/cifar10_700_Jul.02_20.31.33_rflbat_True_no-noise_reba/agg_records/pkl/round_0350_rflbat.pkl
351,rflbat,success,"[31, 23, 7, 17, 74, 81, 71, 1, 82, 92]","[31, 23, 7, 17, 74, 81, 71, 1, 82, 92]",[],10,10,[],re_result_6-29_APRA/cifar10_700_Jul.02_20.31.33_rflbat_True_no-noise_reba/agg_records/pkl/round_0351_rflbat.pkl
352,rflbat,success,"[94, 42, 55, 23, 62, 48, 87, 26, 43, 85]","[94, 42, 55, 23, 62, 48, 87, 26, 43, 85]",[],10,10,[],re_result_6-29_APRA/cifar10_700_Jul.02_20.31.33_rflbat_True_no-noise_reba/agg_records/pkl/round_0352_rflbat.pkl
353,rflbat,success,"[7, 88, 67, 52, 80, 24, 23, 68, 89, 37]","[7, 88, 67, 52, 80, 24, 23, 89, 37]",[68],10,9,[],re_result_6-29_APRA/cifar10_700_Jul.02_20.31.33_rflbat_True_no-noise_reba/agg_records/pkl/round_0353_rflbat.pkl
354,rflbat,success,"[46, 97, 86, 68, 1, 40, 27, 8, 5, 19]","[46, 97, 86, 1, 40, 27, 8, 5, 19]",[68],10,9,[],re_result_6-29_APRA/cifar10_700_Jul.02_20.31.33_rflbat_True_no-noise_reba/agg_records/pkl/round_0354_rflbat.pkl
355,rflbat,success,"[3, 49, 38, 9, 64, 44, 13, 19, 85, 98]","[3, 49, 38, 9, 64, 44, 13, 19, 85, 98]",[],10,10,[],re_result_6-29_APRA/cifar10_700_Jul.02_20.31.33_rflbat_True_no-noise_reba/agg_records/pkl/round_0355_rflbat.pkl
356,rflbat,success,"[71, 73, 99, 38, 33, 54, 10, 77, 80, 85]","[71, 73, 99, 38, 33, 54, 10, 77, 80, 85]",[],10,10,[],re_result_6-29_APRA/cifar10_700_Jul.02_20.31.33_rflbat_True_no-noise_reba/agg_records/pkl/round_0356_rflbat.pkl
357,rflbat,success,"[95, 61, 9, 54, 44, 0, 36, 4, 68, 85]","[95, 61, 9, 54, 44, 0, 36, 4, 85]",[68],10,9,[],re_result_6-29_APRA/cifar10_700_Jul.02_20.31.33_rflbat_True_no-noise_reba/agg_records/pkl/round_0357_rflbat.pkl
358,rflbat,success,"[21, 64, 99, 33, 4, 34, 7, 13, 84, 87]","[21, 64, 99, 33, 4, 34, 7, 13, 84, 87]",[],10,10,[],re_result_6-29_APRA/cifar10_700_Jul.02_20.31.33_rflbat_True_no-noise_reba/agg_records/pkl/round_0358_rflbat.pkl
359,rflbat,success,"[38, 35, 49, 26, 13, 88, 1, 25, 18, 34]","[38, 35, 49, 13, 88, 1, 25, 18, 34]",[26],10,9,[],re_result_6-29_APRA/cifar10_700_Jul.02_20.31.33_rflbat_True_no-noise_reba/agg_records/pkl/round_0359_rflbat.pkl
360,rflbat,success,"[19, 98, 85, 52, 33, 23, 45, 73, 44, 40]","[19, 98, 85, 52, 33, 23, 45, 73, 44, 40]",[],10,10,[],re_result_6-29_APRA/cifar10_700_Jul.02_20.31.33_rflbat_True_no-noise_reba/agg_records/pkl/round_0360_rflbat.pkl
361,rflbat,success,"[54, 77, 62, 80, 48, 28, 18, 43, 70, 69]","[54, 62, 80, 48, 28, 18, 43, 70, 69]",[77],10,9,[],re_result_6-29_APRA/cifar10_700_Jul.02_20.31.33_rflbat_True_no-noise_reba/agg_records/pkl/round_0361_rflbat.pkl
362,rflbat,success,"[35, 36, 99, 52, 95, 50, 39, 26, 59, 54]","[35, 36, 99, 52, 95, 50, 39, 59, 54]",[26],10,9,[],re_result_6-29_APRA/cifar10_700_Jul.02_20.31.33_rflbat_True_no-noise_reba/agg_records/pkl/round_0362_rflbat.pkl
363,rflbat,success,"[35, 9, 45, 92, 18, 70, 20, 55, 64, 66]","[35, 9, 45, 92, 18, 70, 20, 55, 64, 66]",[],10,10,[],re_result_6-29_APRA/cifar10_700_Jul.02_20.31.33_rflbat_True_no-noise_reba/agg_records/pkl/round_0363_rflbat.pkl
364,rflbat,success,"[24, 56, 74, 52, 69, 39, 23, 70, 48, 72]","[24, 56, 74, 52, 69, 39, 23, 70, 48, 72]",[],10,10,[],re_result_6-29_APRA/cifar10_700_Jul.02_20.31.33_rflbat_True_no-noise_reba/agg_records/pkl/round_0364_rflbat.pkl
365,rflbat,success,"[55, 59, 72, 29, 3, 44, 73, 67, 28, 36]","[55, 59, 72, 29, 3, 44, 73, 67, 28, 36]",[],10,10,[],re_result_6-29_APRA/cifar10_700_Jul.02_20.31.33_rflbat_True_no-noise_reba/agg_records/pkl/round_0365_rflbat.pkl
366,rflbat,success,"[35, 31, 99, 61, 57, 45, 83, 10, 82, 18]","[35, 31, 99, 61, 57, 83, 10, 82, 18]",[45],10,9,[],re_result_6-29_APRA/cifar10_700_Jul.02_20.31.33_rflbat_True_no-noise_reba/agg_records/pkl/round_0366_rflbat.pkl
367,rflbat,success,"[40, 27, 39, 25, 38, 68, 18, 8, 97, 92]","[40, 27, 39, 25, 38, 18, 8, 97, 92]",[68],10,9,[],re_result_6-29_APRA/cifar10_700_Jul.02_20.31.33_rflbat_True_no-noise_reba/agg_records/pkl/round_0367_rflbat.pkl
368,rflbat,success,"[0, 63, 11, 28, 34, 18, 64, 97, 94, 9]","[0, 63, 11, 28, 34, 18, 64, 97, 94, 9]",[],10,10,[],re_result_6-29_APRA/cifar10_700_Jul.02_20.31.33_rflbat_True_no-noise_reba/agg_records/pkl/round_0368_rflbat.pkl
369,rflbat,success,"[39, 94, 92, 82, 85, 48, 57, 68, 76, 83]","[39, 94, 92, 82, 85, 48, 57, 76, 83]",[68],10,9,[],re_result_6-29_APRA/cifar10_700_Jul.02_20.31.33_rflbat_True_no-noise_reba/agg_records/pkl/round_0369_rflbat.pkl
370,rflbat,success,"[91, 16, 84, 40, 31, 65, 50, 62, 72, 67]","[91, 16, 84, 40, 31, 65, 50, 62, 72, 67]",[],10,10,[],re_result_6-29_APRA/cifar10_700_Jul.02_20.31.33_rflbat_True_no-noise_reba/agg_records/pkl/round_0370_rflbat.pkl
371,rflbat,success,"[80, 2, 4, 71, 99, 87, 85, 40, 59, 21]","[80, 2, 4, 71, 99, 87, 85, 40, 21]",[59],10,9,[],re_result_6-29_APRA/cifar10_700_Jul.02_20.31.33_rflbat_True_no-noise_reba/agg_records/pkl/round_0371_rflbat.pkl
372,rflbat,success,"[94, 11, 39, 93, 16, 30, 27, 3, 43, 86]","[94, 11, 39, 93, 16, 30, 27, 3, 43, 86]",[],10,10,[],re_result_6-29_APRA/cifar10_700_Jul.02_20.31.33_rflbat_True_no-noise_reba/agg_records/pkl/round_0372_rflbat.pkl
373,rflbat,success,"[97, 0, 52, 58, 47, 16, 21, 61, 78, 17]","[97, 0, 52, 58, 47, 16, 21, 61, 78, 17]",[],10,10,[],re_result_6-29_APRA/cifar10_700_Jul.02_20.31.33_rflbat_True_no-noise_reba/agg_records/pkl/round_0373_rflbat.pkl
374,rflbat,success,"[35, 21, 70, 29, 43, 96, 17, 9, 34, 85]","[35, 21, 70, 29, 43, 96, 17, 9, 34, 85]",[],10,10,[],re_result_6-29_APRA/cifar10_700_Jul.02_20.31.33_rflbat_True_no-noise_reba/agg_records/pkl/round_0374_rflbat.pkl
375,rflbat,success,"[21, 24, 88, 98, 47, 65, 41, 53, 59, 37]","[21, 24, 88, 98, 47, 65, 41, 53, 59, 37]",[],10,10,[],re_result_6-29_APRA/cifar10_700_Jul.02_20.31.33_rflbat_True_no-noise_reba/agg_records/pkl/round_0375_rflbat.pkl
376,rflbat,success,"[51, 48, 19, 83, 39, 61, 82, 84, 87, 88]","[48, 19, 83, 61, 82, 84, 87, 88]","[51, 39]",10,8,[],re_result_6-29_APRA/cifar10_700_Jul.02_20.31.33_rflbat_True_no-noise_reba/agg_records/pkl/round_0376_rflbat.pkl
377,rflbat,success,"[9, 40, 26, 53, 63, 42, 14, 96, 44, 50]","[9, 40, 26, 53, 63, 42, 14, 96, 44, 50]",[],10,10,[],re_result_6-29_APRA/cifar10_700_Jul.02_20.31.33_rflbat_True_no-noise_reba/agg_records/pkl/round_0377_rflbat.pkl
378,rflbat,success,"[11, 65, 51, 20, 66, 64, 58, 6, 30, 63]","[11, 65, 51, 20, 66, 64, 58, 6, 30, 63]",[],10,10,[],re_result_6-29_APRA/cifar10_700_Jul.02_20.31.33_rflbat_True_no-noise_reba/agg_records/pkl/round_0378_rflbat.pkl
379,rflbat,success,"[95, 12, 61, 6, 25, 80, 84, 24, 98, 83]","[95, 12, 61, 6, 25, 80, 84, 24, 98, 83]",[],10,10,[],re_result_6-29_APRA/cifar10_700_Jul.02_20.31.33_rflbat_True_no-noise_reba/agg_records/pkl/round_0379_rflbat.pkl
380,rflbat,success,"[4, 55, 26, 18, 67, 62, 89, 24, 71, 45]","[4, 55, 26, 18, 67, 62, 89, 24, 71, 45]",[],10,10,[],re_result_6-29_APRA/cifar10_700_Jul.02_20.31.33_rflbat_True_no-noise_reba/agg_records/pkl/round_0380_rflbat.pkl
381,rflbat,success,"[46, 14, 98, 15, 93, 94, 30, 57, 21, 59]","[46, 14, 98, 15, 93, 94, 30, 57, 21, 59]",[],10,10,[],re_result_6-29_APRA/cifar10_700_Jul.02_20.31.33_rflbat_True_no-noise_reba/agg_records/pkl/round_0381_rflbat.pkl
382,rflbat,success,"[73, 47, 2, 76, 58, 54, 39, 19, 81, 20]","[73, 47, 2, 76, 58, 54, 39, 19, 81, 20]",[],10,10,[],re_result_6-29_APRA/cifar10_700_Jul.02_20.31.33_rflbat_True_no-noise_reba/agg_records/pkl/round_0382_rflbat.pkl
383,rflbat,success,"[89, 71, 98, 62, 41, 63, 24, 50, 10, 32]","[89, 71, 98, 62, 41, 63, 24, 50, 10, 32]",[],10,10,[],re_result_6-29_APRA/cifar10_700_Jul.02_20.31.33_rflbat_True_no-noise_reba/agg_records/pkl/round_0383_rflbat.pkl
384,rflbat,success,"[55, 44, 86, 24, 35, 81, 89, 11, 94, 29]","[44, 86, 24, 35, 81, 89, 11, 94, 29]",[55],10,9,[],re_result_6-29_APRA/cifar10_700_Jul.02_20.31.33_rflbat_True_no-noise_reba/agg_records/pkl/round_0384_rflbat.pkl
385,rflbat,success,"[7, 46, 19, 10, 88, 44, 93, 29, 72, 21]","[7, 46, 19, 10, 88, 44, 93, 29, 72, 21]",[],10,10,[],re_result_6-29_APRA/cifar10_700_Jul.02_20.31.33_rflbat_True_no-noise_reba/agg_records/pkl/round_0385_rflbat.pkl
386,rflbat,success,"[33, 82, 30, 20, 79, 41, 32, 18, 85, 52]","[33, 82, 30, 20, 79, 41, 32, 18, 85, 52]",[],10,10,[],re_result_6-29_APRA/cifar10_700_Jul.02_20.31.33_rflbat_True_no-noise_reba/agg_records/pkl/round_0386_rflbat.pkl
387,rflbat,success,"[27, 84, 89, 93, 86, 7, 80, 66, 39, 0]","[27, 84, 89, 93, 86, 7, 80, 66, 39, 0]",[],10,10,[],re_result_6-29_APRA/cifar10_700_Jul.02_20.31.33_rflbat_True_no-noise_reba/agg_records/pkl/round_0387_rflbat.pkl
388,rflbat,success,"[32, 84, 75, 69, 71, 67, 61, 48, 2, 41]","[32, 84, 75, 69, 71, 67, 61, 48, 2, 41]",[],10,10,[],re_result_6-29_APRA/cifar10_700_Jul.02_20.31.33_rflbat_True_no-noise_reba/agg_records/pkl/round_0388_rflbat.pkl
389,rflbat,success,"[68, 51, 49, 50, 95, 43, 1, 98, 65, 15]","[51, 49, 50, 95, 43, 1, 98, 65, 15]",[68],10,9,[],re_result_6-29_APRA/cifar10_700_Jul.02_20.31.33_rflbat_True_no-noise_reba/agg_records/pkl/round_0389_rflbat.pkl
390,rflbat,success,"[9, 48, 10, 19, 29, 28, 52, 11, 74, 73]","[9, 48, 10, 19, 29, 28, 52, 11, 74, 73]",[],10,10,[],re_result_6-29_APRA/cifar10_700_Jul.02_20.31.33_rflbat_True_no-noise_reba/agg_records/pkl/round_0390_rflbat.pkl
391,rflbat,success,"[85, 37, 13, 12, 26, 44, 52, 79, 57, 74]","[85, 37, 13, 12, 26, 44, 52, 79, 57, 74]",[],10,10,[],re_result_6-29_APRA/cifar10_700_Jul.02_20.31.33_rflbat_True_no-noise_reba/agg_records/pkl/round_0391_rflbat.pkl
392,rflbat,success,"[3, 77, 55, 21, 22, 82, 83, 29, 80, 33]","[3, 77, 55, 21, 22, 82, 83, 29, 80, 33]",[],10,10,[],re_result_6-29_APRA/cifar10_700_Jul.02_20.31.33_rflbat_True_no-noise_reba/agg_records/pkl/round_0392_rflbat.pkl
393,rflbat,success,"[39, 15, 11, 28, 27, 76, 14, 88, 94, 61]","[39, 15, 11, 28, 27, 76, 14, 88, 94, 61]",[],10,10,[],re_result_6-29_APRA/cifar10_700_Jul.02_20.31.33_rflbat_True_no-noise_reba/agg_records/pkl/round_0393_rflbat.pkl
394,rflbat,success,"[86, 24, 40, 58, 4, 75, 62, 46, 18, 3]","[86, 24, 40, 58, 4, 75, 62, 46, 18, 3]",[],10,10,[],re_result_6-29_APRA/cifar10_700_Jul.02_20.31.33_rflbat_True_no-noise_reba/agg_records/pkl/round_0394_rflbat.pkl
395,rflbat,success,"[60, 76, 63, 64, 71, 68, 92, 78, 86, 36]","[60, 76, 63, 64, 71, 92, 78, 86, 36]",[68],10,9,[],re_result_6-29_APRA/cifar10_700_Jul.02_20.31.33_rflbat_True_no-noise_reba/agg_records/pkl/round_0395_rflbat.pkl
396,rflbat,success,"[79, 36, 40, 65, 27, 35, 7, 68, 41, 52]","[79, 36, 40, 65, 27, 35, 7, 41, 52]",[68],10,9,[],re_result_6-29_APRA/cifar10_700_Jul.02_20.31.33_rflbat_True_no-noise_reba/agg_records/pkl/round_0396_rflbat.pkl
397,rflbat,success,"[17, 97, 67, 95, 42, 35, 23, 53, 65, 26]","[17, 97, 67, 95, 42, 35, 23, 53, 65, 26]",[],10,10,[],re_result_6-29_APRA/cifar10_700_Jul.02_20.31.33_rflbat_True_no-noise_reba/agg_records/pkl/round_0397_rflbat.pkl
398,rflbat,success,"[20, 66, 30, 7, 25, 87, 42, 96, 11, 46]","[20, 66, 30, 7, 25, 87, 42, 96, 11, 46]",[],10,10,[],re_result_6-29_APRA/cifar10_700_Jul.02_20.31.33_rflbat_True_no-noise_reba/agg_records/pkl/round_0398_rflbat.pkl
399,rflbat,success,"[68, 82, 99, 31, 64, 7, 91, 18, 4, 48]","[82, 99, 31, 64, 7, 91, 18, 4, 48]",[68],10,9,[],re_result_6-29_APRA/cifar10_700_Jul.02_20.31.33_rflbat_True_no-noise_reba/agg_records/pkl/round_0399_rflbat.pkl
400,rflbat,success,"[99, 71, 29, 69, 26, 82, 53, 87, 10, 34]","[99, 71, 29, 82, 53, 87, 10, 34]","[69, 26]",10,8,[],re_result_6-29_APRA/cifar10_700_Jul.02_20.31.33_rflbat_True_no-noise_reba/agg_records/pkl/round_0400_rflbat.pkl
401,rflbat,success,"[61, 30, 46, 43, 33, 11, 42, 99, 80, 28]","[61, 30, 46, 43, 11, 42, 99, 80, 28]",[33],10,9,[],re_result_6-29_APRA/cifar10_700_Jul.02_20.31.33_rflbat_True_no-noise_reba/agg_records/pkl/round_0401_rflbat.pkl
402,rflbat,success,"[16, 31, 10, 12, 21, 0, 13, 90, 89, 46]","[16, 31, 10, 12, 21, 0, 13, 90, 89, 46]",[],10,10,[],re_result_6-29_APRA/cifar10_700_Jul.02_20.31.33_rflbat_True_no-noise_reba/agg_records/pkl/round_0402_rflbat.pkl
403,rflbat,success,"[53, 85, 95, 70, 36, 22, 86, 14, 30, 59]","[53, 85, 95, 70, 36, 22, 86, 14, 30, 59]",[],10,10,[],re_result_6-29_APRA/cifar10_700_Jul.02_20.31.33_rflbat_True_no-noise_reba/agg_records/pkl/round_0403_rflbat.pkl
404,rflbat,success,"[41, 29, 15, 97, 56, 50, 10, 87, 7, 12]","[41, 29, 15, 97, 56, 50, 10, 87, 7, 12]",[],10,10,[],re_result_6-29_APRA/cifar10_700_Jul.02_20.31.33_rflbat_True_no-noise_reba/agg_records/pkl/round_0404_rflbat.pkl
405,rflbat,success,"[30, 75, 70, 32, 35, 51, 95, 91, 11, 15]","[30, 75, 70, 32, 35, 51, 95, 91, 11, 15]",[],10,10,[],re_result_6-29_APRA/cifar10_700_Jul.02_20.31.33_rflbat_True_no-noise_reba/agg_records/pkl/round_0405_rflbat.pkl
406,rflbat,success,"[70, 21, 93, 99, 55, 6, 42, 23, 60, 78]","[70, 21, 93, 99, 55, 6, 42, 23, 60, 78]",[],10,10,[],re_result_6-29_APRA/cifar10_700_Jul.02_20.31.33_rflbat_True_no-noise_reba/agg_records/pkl/round_0406_rflbat.pkl
407,rflbat,success,"[87, 92, 97, 75, 21, 13, 60, 64, 23, 71]","[87, 92, 97, 75, 21, 13, 60, 64, 23, 71]",[],10,10,[],re_result_6-29_APRA/cifar10_700_Jul.02_20.31.33_rflbat_True_no-noise_reba/agg_records/pkl/round_0407_rflbat.pkl
408,rflbat,success,"[78, 88, 49, 15, 13, 79, 65, 66, 33, 61]","[78, 88, 49, 15, 13, 79, 65, 66, 33, 61]",[],10,10,[],re_result_6-29_APRA/cifar10_700_Jul.02_20.31.33_rflbat_True_no-noise_reba/agg_records/pkl/round_0408_rflbat.pkl
409,rflbat,success,"[55, 83, 26, 51, 87, 36, 59, 49, 61, 75]","[55, 83, 26, 51, 87, 36, 59, 49, 61, 75]",[],10,10,[],re_result_6-29_APRA/cifar10_700_Jul.02_20.31.33_rflbat_True_no-noise_reba/agg_records/pkl/round_0409_rflbat.pkl
410,rflbat,success,"[24, 11, 79, 31, 34, 85, 3, 94, 53, 66]","[24, 11, 79, 31, 34, 85, 3, 94, 53, 66]",[],10,10,[],re_result_6-29_APRA/cifar10_700_Jul.02_20.31.33_rflbat_True_no-noise_reba/agg_records/pkl/round_0410_rflbat.pkl
411,rflbat,success,"[73, 35, 2, 12, 81, 85, 29, 67, 98, 41]","[73, 35, 2, 12, 81, 85, 29, 67, 98, 41]",[],10,10,[],re_result_6-29_APRA/cifar10_700_Jul.02_20.31.33_rflbat_True_no-noise_reba/agg_records/pkl/round_0411_rflbat.pkl
412,rflbat,success,"[70, 96, 69, 24, 82, 57, 66, 26, 86, 3]","[70, 96, 24, 82, 57, 66, 26, 86, 3]",[69],10,9,[],re_result_6-29_APRA/cifar10_700_Jul.02_20.31.33_rflbat_True_no-noise_reba/agg_records/pkl/round_0412_rflbat.pkl
413,rflbat,success,"[49, 38, 86, 96, 41, 97, 32, 28, 79, 85]","[49, 38, 86, 96, 41, 97, 32, 28, 79, 85]",[],10,10,[],re_result_6-29_APRA/cifar10_700_Jul.02_20.31.33_rflbat_True_no-noise_reba/agg_records/pkl/round_0413_rflbat.pkl
414,rflbat,success,"[25, 50, 15, 37, 67, 10, 84, 52, 54, 98]","[25, 50, 15, 37, 67, 10, 84, 52, 54, 98]",[],10,10,[],re_result_6-29_APRA/cifar10_700_Jul.02_20.31.33_rflbat_True_no-noise_reba/agg_records/pkl/round_0414_rflbat.pkl
415,rflbat,success,"[87, 38, 88, 78, 70, 11, 97, 94, 17, 14]","[87, 38, 88, 78, 70, 11, 97, 94, 17, 14]",[],10,10,[],re_result_6-29_APRA/cifar10_700_Jul.02_20.31.33_rflbat_True_no-noise_reba/agg_records/pkl/round_0415_rflbat.pkl
416,rflbat,success,"[23, 18, 50, 90, 9, 61, 67, 42, 56, 26]","[23, 18, 50, 90, 9, 61, 67, 42, 56, 26]",[],10,10,[],re_result_6-29_APRA/cifar10_700_Jul.02_20.31.33_rflbat_True_no-noise_reba/agg_records/pkl/round_0416_rflbat.pkl
417,rflbat,success,"[42, 46, 11, 77, 96, 31, 7, 74, 12, 90]","[42, 46, 11, 77, 96, 31, 7, 74, 12, 90]",[],10,10,[],re_result_6-29_APRA/cifar10_700_Jul.02_20.31.33_rflbat_True_no-noise_reba/agg_records/pkl/round_0417_rflbat.pkl
418,rflbat,success,"[11, 69, 50, 49, 90, 14, 38, 79, 10, 96]","[11, 69, 50, 49, 90, 14, 38, 79, 10, 96]",[],10,10,[],re_result_6-29_APRA/cifar10_700_Jul.02_20.31.33_rflbat_True_no-noise_reba/agg_records/pkl/round_0418_rflbat.pkl
419,rflbat,success,"[25, 32, 52, 2, 39, 91, 88, 78, 12, 28]","[25, 32, 52, 2, 39, 91, 88, 78, 12, 28]",[],10,10,[],re_result_6-29_APRA/cifar10_700_Jul.02_20.31.33_rflbat_True_no-noise_reba/agg_records/pkl/round_0419_rflbat.pkl
420,rflbat,success,"[41, 20, 10, 69, 5, 96, 73, 46, 43, 66]","[41, 20, 10, 69, 5, 96, 73, 46, 43, 66]",[],10,10,[],re_result_6-29_APRA/cifar10_700_Jul.02_20.31.33_rflbat_True_no-noise_reba/agg_records/pkl/round_0420_rflbat.pkl
421,rflbat,success,"[56, 11, 38, 80, 15, 97, 24, 75, 30, 25]","[56, 11, 38, 80, 15, 97, 24, 75, 30, 25]",[],10,10,[],re_result_6-29_APRA/cifar10_700_Jul.02_20.31.33_rflbat_True_no-noise_reba/agg_records/pkl/round_0421_rflbat.pkl
422,rflbat,success,"[1, 37, 97, 81, 63, 45, 0, 33, 65, 26]","[37, 97, 81, 63, 45, 0, 33, 65]","[1, 26]",10,8,[],re_result_6-29_APRA/cifar10_700_Jul.02_20.31.33_rflbat_True_no-noise_reba/agg_records/pkl/round_0422_rflbat.pkl
423,rflbat,success,"[39, 75, 78, 67, 15, 79, 62, 85, 77, 12]","[39, 75, 78, 67, 15, 79, 62, 85, 77, 12]",[],10,10,[],re_result_6-29_APRA/cifar10_700_Jul.02_20.31.33_rflbat_True_no-noise_reba/agg_records/pkl/round_0423_rflbat.pkl
424,rflbat,success,"[20, 9, 66, 96, 11, 15, 13, 72, 30, 21]","[20, 9, 66, 96, 11, 15, 13, 72, 30, 21]",[],10,10,[],re_result_6-29_APRA/cifar10_700_Jul.02_20.31.33_rflbat_True_no-noise_reba/agg_records/pkl/round_0424_rflbat.pkl
425,rflbat,success,"[43, 86, 70, 38, 61, 28, 90, 13, 2, 29]","[43, 86, 70, 38, 61, 28, 90, 13, 2, 29]",[],10,10,[],re_result_6-29_APRA/cifar10_700_Jul.02_20.31.33_rflbat_True_no-noise_reba/agg_records/pkl/round_0425_rflbat.pkl
426,rflbat,success,"[32, 96, 11, 7, 17, 50, 60, 29, 0, 37]","[32, 96, 11, 7, 17, 50, 60, 29, 0, 37]",[],10,10,[],re_result_6-29_APRA/cifar10_700_Jul.02_20.31.33_rflbat_True_no-noise_reba/agg_records/pkl/round_0426_rflbat.pkl
427,rflbat,success,"[31, 7, 20, 59, 33, 0, 9, 62, 77, 71]","[31, 7, 20, 59, 33, 0, 9, 62, 71]",[77],10,9,[],re_result_6-29_APRA/cifar10_700_Jul.02_20.31.33_rflbat_True_no-noise_reba/agg_records/pkl/round_0427_rflbat.pkl
428,rflbat,success,"[87, 62, 47, 74, 12, 64, 91, 66, 14, 65]","[87, 62, 47, 74, 12, 64, 91, 66, 14, 65]",[],10,10,[],re_result_6-29_APRA/cifar10_700_Jul.02_20.31.33_rflbat_True_no-noise_reba/agg_records/pkl/round_0428_rflbat.pkl
429,rflbat,success,"[42, 10, 24, 36, 6, 67, 71, 68, 87, 8]","[42, 10, 24, 36, 6, 67, 71, 87, 8]",[68],10,9,[],re_result_6-29_APRA/cifar10_700_Jul.02_20.31.33_rflbat_True_no-noise_reba/agg_records/pkl/round_0429_rflbat.pkl
430,rflbat,success,"[81, 39, 69, 73, 14, 54, 35, 99, 76, 96]","[81, 39, 69, 73, 14, 54, 35, 99, 76, 96]",[],10,10,[],re_result_6-29_APRA/cifar10_700_Jul.02_20.31.33_rflbat_True_no-noise_reba/agg_records/pkl/round_0430_rflbat.pkl
431,rflbat,success,"[81, 77, 66, 5, 87, 60, 69, 33, 1, 6]","[81, 77, 66, 5, 87, 60, 69, 33, 1, 6]",[],10,10,[],re_result_6-29_APRA/cifar10_700_Jul.02_20.31.33_rflbat_True_no-noise_reba/agg_records/pkl/round_0431_rflbat.pkl
432,rflbat,success,"[34, 17, 91, 63, 2, 37, 77, 47, 89, 48]","[34, 17, 91, 63, 2, 37, 77, 47, 89, 48]",[],10,10,[],re_result_6-29_APRA/cifar10_700_Jul.02_20.31.33_rflbat_True_no-noise_reba/agg_records/pkl/round_0432_rflbat.pkl
433,rflbat,success,"[33, 37, 55, 94, 17, 81, 35, 78, 43, 9]","[33, 37, 55, 94, 17, 81, 35, 78, 43, 9]",[],10,10,[],re_result_6-29_APRA/cifar10_700_Jul.02_20.31.33_rflbat_True_no-noise_reba/agg_records/pkl/round_0433_rflbat.pkl
434,rflbat,success,"[36, 54, 20, 71, 86, 93, 72, 61, 84, 85]","[36, 54, 20, 71, 86, 93, 72, 61, 84, 85]",[],10,10,[],re_result_6-29_APRA/cifar10_700_Jul.02_20.31.33_rflbat_True_no-noise_reba/agg_records/pkl/round_0434_rflbat.pkl
435,rflbat,success,"[47, 97, 71, 76, 6, 60, 10, 87, 38, 64]","[47, 97, 71, 76, 6, 60, 10, 87, 38, 64]",[],10,10,[],re_result_6-29_APRA/cifar10_700_Jul.02_20.31.33_rflbat_True_no-noise_reba/agg_records/pkl/round_0435_rflbat.pkl
436,rflbat,success,"[79, 14, 35, 1, 19, 60, 28, 50, 77, 42]","[79, 14, 35, 1, 19, 60, 28, 50, 77, 42]",[],10,10,[],re_result_6-29_APRA/cifar10_700_Jul.02_20.31.33_rflbat_True_no-noise_reba/agg_records/pkl/round_0436_rflbat.pkl
437,rflbat,success,"[68, 71, 89, 44, 7, 60, 35, 91, 63, 82]","[71, 89, 44, 7, 60, 35, 91, 63, 82]",[68],10,9,[],re_result_6-29_APRA/cifar10_700_Jul.02_20.31.33_rflbat_True_no-noise_reba/agg_records/pkl/round_0437_rflbat.pkl
438,rflbat,success,"[96, 26, 52, 82, 92, 73, 79, 25, 74, 70]","[96, 26, 52, 82, 92, 73, 79, 25, 74, 70]",[],10,10,[],re_result_6-29_APRA/cifar10_700_Jul.02_20.31.33_rflbat_True_no-noise_reba/agg_records/pkl/round_0438_rflbat.pkl
439,rflbat,success,"[40, 30, 70, 16, 73, 97, 23, 17, 94, 67]","[40, 30, 70, 16, 73, 97, 23, 17, 94, 67]",[],10,10,[],re_result_6-29_APRA/cifar10_700_Jul.02_20.31.33_rflbat_True_no-noise_reba/agg_records/pkl/round_0439_rflbat.pkl
440,rflbat,success,"[73, 45, 58, 62, 71, 55, 44, 39, 76, 84]","[73, 45, 58, 62, 71, 55, 44, 39, 76, 84]",[],10,10,[],re_result_6-29_APRA/cifar10_700_Jul.02_20.31.33_rflbat_True_no-noise_reba/agg_records/pkl/round_0440_rflbat.pkl
441,rflbat,success,"[95, 99, 40, 54, 65, 3, 44, 94, 70, 20]","[99, 40, 54, 65, 44, 94, 70, 20]","[95, 3]",10,8,[],re_result_6-29_APRA/cifar10_700_Jul.02_20.31.33_rflbat_True_no-noise_reba/agg_records/pkl/round_0441_rflbat.pkl
442,rflbat,success,"[57, 16, 87, 0, 20, 69, 58, 83, 91, 99]","[57, 16, 87, 0, 20, 69, 58, 83, 91, 99]",[],10,10,[],re_result_6-29_APRA/cifar10_700_Jul.02_20.31.33_rflbat_True_no-noise_reba/agg_records/pkl/round_0442_rflbat.pkl
443,rflbat,success,"[66, 88, 51, 44, 56, 48, 10, 35, 65, 9]","[66, 88, 51, 44, 56, 48, 10, 35, 65, 9]",[],10,10,[],re_result_6-29_APRA/cifar10_700_Jul.02_20.31.33_rflbat_True_no-noise_reba/agg_records/pkl/round_0443_rflbat.pkl
444,rflbat,success,"[74, 78, 2, 94, 89, 49, 17, 61, 34, 26]","[74, 78, 2, 94, 89, 49, 17, 61, 34, 26]",[],10,10,[],re_result_6-29_APRA/cifar10_700_Jul.02_20.31.33_rflbat_True_no-noise_reba/agg_records/pkl/round_0444_rflbat.pkl
445,rflbat,success,"[27, 14, 1, 32, 76, 3, 21, 38, 96, 82]","[27, 14, 1, 32, 76, 3, 21, 38, 96, 82]",[],10,10,[],re_result_6-29_APRA/cifar10_700_Jul.02_20.31.33_rflbat_True_no-noise_reba/agg_records/pkl/round_0445_rflbat.pkl
446,rflbat,success,"[76, 47, 83, 3, 38, 49, 9, 26, 75, 25]","[76, 47, 83, 3, 38, 49, 9, 26, 75, 25]",[],10,10,[],re_result_6-29_APRA/cifar10_700_Jul.02_20.31.33_rflbat_True_no-noise_reba/agg_records/pkl/round_0446_rflbat.pkl
447,rflbat,success,"[65, 10, 72, 39, 25, 29, 44, 15, 50, 48]","[65, 10, 72, 39, 25, 29, 44, 15, 48]",[50],10,9,[],re_result_6-29_APRA/cifar10_700_Jul.02_20.31.33_rflbat_True_no-noise_reba/agg_records/pkl/round_0447_rflbat.pkl
448,rflbat,success,"[19, 63, 81, 48, 96, 15, 5, 69, 58, 73]","[19, 63, 81, 48, 96, 15, 5, 69, 58, 73]",[],10,10,[],re_result_6-29_APRA/cifar10_700_Jul.02_20.31.33_rflbat_True_no-noise_reba/agg_records/pkl/round_0448_rflbat.pkl
449,rflbat,success,"[7, 25, 39, 55, 8, 86, 22, 47, 99, 48]","[7, 25, 39, 55, 8, 86, 22, 47, 99, 48]",[],10,10,[],re_result_6-29_APRA/cifar10_700_Jul.02_20.31.33_rflbat_True_no-noise_reba/agg_records/pkl/round_0449_rflbat.pkl
450,rflbat,success,"[37, 90, 38, 19, 21, 65, 24, 67, 62, 6]","[37, 90, 38, 19, 21, 65, 24, 67, 62, 6]",[],10,10,[],re_result_6-29_APRA/cifar10_700_Jul.02_20.31.33_rflbat_True_no-noise_reba/agg_records/pkl/round_0450_rflbat.pkl
451,rflbat,success,"[45, 69, 66, 16, 58, 0, 81, 33, 34, 49]","[45, 69, 66, 16, 58, 0, 81, 33, 34, 49]",[],10,10,[],re_result_6-29_APRA/cifar10_700_Jul.02_20.31.33_rflbat_True_no-noise_reba/agg_records/pkl/round_0451_rflbat.pkl
452,rflbat,success,"[50, 95, 21, 84, 28, 68, 85, 29, 48, 91]","[50, 95, 21, 84, 28, 85, 29, 48, 91]",[68],10,9,[],re_result_6-29_APRA/cifar10_700_Jul.02_20.31.33_rflbat_True_no-noise_reba/agg_records/pkl/round_0452_rflbat.pkl
453,rflbat,success,"[93, 18, 89, 53, 73, 60, 96, 31, 44, 7]","[93, 18, 89, 53, 73, 60, 96, 31, 44, 7]",[],10,10,[],re_result_6-29_APRA/cifar10_700_Jul.02_20.31.33_rflbat_True_no-noise_reba/agg_records/pkl/round_0453_rflbat.pkl
454,rflbat,success,"[45, 28, 78, 0, 13, 24, 47, 6, 2, 72]","[45, 28, 78, 0, 13, 24, 47, 6, 2, 72]",[],10,10,[],re_result_6-29_APRA/cifar10_700_Jul.02_20.31.33_rflbat_True_no-noise_reba/agg_records/pkl/round_0454_rflbat.pkl
455,rflbat,success,"[99, 55, 24, 43, 16, 28, 90, 5, 76, 0]","[99, 55, 24, 43, 16, 28, 90, 5, 76, 0]",[],10,10,[],re_result_6-29_APRA/cifar10_700_Jul.02_20.31.33_rflbat_True_no-noise_reba/agg_records/pkl/round_0455_rflbat.pkl
456,rflbat,success,"[8, 29, 87, 24, 9, 19, 81, 95, 33, 64]","[8, 29, 87, 24, 9, 19, 81, 95, 33, 64]",[],10,10,[],re_result_6-29_APRA/cifar10_700_Jul.02_20.31.33_rflbat_True_no-noise_reba/agg_records/pkl/round_0456_rflbat.pkl
457,rflbat,success,"[0, 35, 33, 42, 17, 32, 24, 51, 37, 20]","[0, 35, 33, 42, 17, 32, 24, 51, 37, 20]",[],10,10,[],re_result_6-29_APRA/cifar10_700_Jul.02_20.31.33_rflbat_True_no-noise_reba/agg_records/pkl/round_0457_rflbat.pkl
458,rflbat,success,"[39, 35, 79, 42, 92, 86, 0, 14, 81, 62]","[39, 35, 79, 42, 92, 86, 0, 14, 81, 62]",[],10,10,[],re_result_6-29_APRA/cifar10_700_Jul.02_20.31.33_rflbat_True_no-noise_reba/agg_records/pkl/round_0458_rflbat.pkl
459,rflbat,success,"[87, 0, 41, 20, 5, 27, 49, 55, 9, 99]","[87, 0, 41, 20, 5, 27, 49, 55, 9, 99]",[],10,10,[],re_result_6-29_APRA/cifar10_700_Jul.02_20.31.33_rflbat_True_no-noise_reba/agg_records/pkl/round_0459_rflbat.pkl
460,rflbat,success,"[36, 46, 32, 35, 59, 72, 62, 15, 10, 20]","[36, 46, 32, 35, 59, 72, 62, 15, 10, 20]",[],10,10,[],re_result_6-29_APRA/cifar10_700_Jul.02_20.31.33_rflbat_True_no-noise_reba/agg_records/pkl/round_0460_rflbat.pkl
461,rflbat,success,"[42, 30, 32, 86, 36, 59, 80, 55, 45, 93]","[42, 30, 32, 86, 36, 59, 80, 55, 45, 93]",[],10,10,[],re_result_6-29_APRA/cifar10_700_Jul.02_20.31.33_rflbat_True_no-noise_reba/agg_records/pkl/round_0461_rflbat.pkl
462,rflbat,success,"[63, 17, 37, 75, 40, 2, 20, 16, 51, 67]","[63, 17, 37, 75, 40, 2, 20, 16, 51, 67]",[],10,10,[],re_result_6-29_APRA/cifar10_700_Jul.02_20.31.33_rflbat_True_no-noise_reba/agg_records/pkl/round_0462_rflbat.pkl
463,rflbat,success,"[31, 37, 43, 68, 59, 74, 72, 2, 75, 84]","[31, 37, 43, 59, 74, 72, 2, 75, 84]",[68],10,9,[],re_result_6-29_APRA/cifar10_700_Jul.02_20.31.33_rflbat_True_no-noise_reba/agg_records/pkl/round_0463_rflbat.pkl
464,rflbat,success,"[78, 67, 33, 11, 94, 90, 19, 27, 16, 36]","[78, 67, 33, 11, 94, 90, 19, 27, 16, 36]",[],10,10,[],re_result_6-29_APRA/cifar10_700_Jul.02_20.31.33_rflbat_True_no-noise_reba/agg_records/pkl/round_0464_rflbat.pkl
465,rflbat,success,"[38, 71, 36, 37, 94, 3, 61, 52, 16, 26]","[38, 71, 36, 37, 94, 3, 61, 52, 16, 26]",[],10,10,[],re_result_6-29_APRA/cifar10_700_Jul.02_20.31.33_rflbat_True_no-noise_reba/agg_records/pkl/round_0465_rflbat.pkl
466,rflbat,success,"[48, 77, 35, 89, 38, 37, 67, 51, 18, 40]","[48, 77, 35, 89, 38, 37, 67, 51, 18, 40]",[],10,10,[],re_result_6-29_APRA/cifar10_700_Jul.02_20.31.33_rflbat_True_no-noise_reba/agg_records/pkl/round_0466_rflbat.pkl
467,rflbat,success,"[15, 87, 49, 28, 68, 57, 21, 80, 41, 26]","[15, 87, 49, 28, 57, 21, 80, 41, 26]",[68],10,9,[],re_result_6-29_APRA/cifar10_700_Jul.02_20.31.33_rflbat_True_no-noise_reba/agg_records/pkl/round_0467_rflbat.pkl
468,rflbat,success,"[12, 64, 71, 50, 11, 28, 7, 80, 85, 79]","[12, 64, 71, 50, 11, 28, 7, 80, 85, 79]",[],10,10,[],re_result_6-29_APRA/cifar10_700_Jul.02_20.31.33_rflbat_True_no-noise_reba/agg_records/pkl/round_0468_rflbat.pkl
469,rflbat,success,"[40, 5, 97, 92, 62, 2, 0, 31, 80, 9]","[40, 5, 97, 92, 62, 2, 0, 31, 80, 9]",[],10,10,[],re_result_6-29_APRA/cifar10_700_Jul.02_20.31.33_rflbat_True_no-noise_reba/agg_records/pkl/round_0469_rflbat.pkl
470,rflbat,success,"[56, 91, 78, 70, 51, 54, 11, 25, 24, 76]","[91, 78, 70, 51, 54, 11, 24, 76]","[56, 25]",10,8,[],re_result_6-29_APRA/cifar10_700_Jul.02_20.31.33_rflbat_True_no-noise_reba/agg_records/pkl/round_0470_rflbat.pkl
471,rflbat,success,"[63, 90, 53, 58, 82, 56, 19, 57, 37, 62]","[63, 90, 53, 58, 82, 56, 19, 57, 37, 62]",[],10,10,[],re_result_6-29_APRA/cifar10_700_Jul.02_20.31.33_rflbat_True_no-noise_reba/agg_records/pkl/round_0471_rflbat.pkl
472,rflbat,success,"[96, 36, 91, 18, 40, 99, 24, 66, 94, 2]","[96, 36, 91, 18, 40, 99, 24, 66, 94, 2]",[],10,10,[],re_result_6-29_APRA/cifar10_700_Jul.02_20.31.33_rflbat_True_no-noise_reba/agg_records/pkl/round_0472_rflbat.pkl
473,rflbat,success,"[90, 84, 98, 23, 54, 31, 5, 27, 11, 41]","[90, 84, 98, 23, 54, 31, 5, 27, 11, 41]",[],10,10,[],re_result_6-29_APRA/cifar10_700_Jul.02_20.31.33_rflbat_True_no-noise_reba/agg_records/pkl/round_0473_rflbat.pkl
474,rflbat,success,"[42, 26, 58, 61, 97, 17, 74, 15, 23, 43]","[42, 26, 58, 61, 97, 17, 74, 15, 23, 43]",[],10,10,[],re_result_6-29_APRA/cifar10_700_Jul.02_20.31.33_rflbat_True_no-noise_reba/agg_records/pkl/round_0474_rflbat.pkl
475,rflbat,success,"[58, 14, 1, 38, 95, 62, 72, 15, 91, 13]","[58, 14, 1, 38, 95, 62, 72, 15, 91, 13]",[],10,10,[],re_result_6-29_APRA/cifar10_700_Jul.02_20.31.33_rflbat_True_no-noise_reba/agg_records/pkl/round_0475_rflbat.pkl
476,rflbat,success,"[78, 21, 85, 14, 68, 84, 27, 97, 96, 42]","[78, 21, 85, 14, 84, 27, 97, 96, 42]",[68],10,9,[],re_result_6-29_APRA/cifar10_700_Jul.02_20.31.33_rflbat_True_no-noise_reba/agg_records/pkl/round_0476_rflbat.pkl
477,rflbat,success,"[45, 60, 5, 31, 71, 6, 7, 88, 38, 26]","[45, 60, 5, 31, 71, 6, 7, 88, 38, 26]",[],10,10,[],re_result_6-29_APRA/cifar10_700_Jul.02_20.31.33_rflbat_True_no-noise_reba/agg_records/pkl/round_0477_rflbat.pkl
478,rflbat,success,"[54, 81, 12, 18, 10, 69, 35, 76, 39, 80]","[54, 81, 12, 18, 10, 35, 76, 39, 80]",[69],10,9,[],re_result_6-29_APRA/cifar10_700_Jul.02_20.31.33_rflbat_True_no-noise_reba/agg_records/pkl/round_0478_rflbat.pkl
479,rflbat,success,"[12, 29, 63, 62, 26, 90, 34, 55, 69, 67]","[12, 29, 63, 62, 26, 90, 34, 55, 69, 67]",[],10,10,[],re_result_6-29_APRA/cifar10_700_Jul.02_20.31.33_rflbat_True_no-noise_reba/agg_records/pkl/round_0479_rflbat.pkl
480,rflbat,success,"[59, 95, 62, 70, 32, 39, 0, 93, 69, 24]","[59, 95, 62, 70, 32, 39, 0, 93, 69, 24]",[],10,10,[],re_result_6-29_APRA/cifar10_700_Jul.02_20.31.33_rflbat_True_no-noise_reba/agg_records/pkl/round_0480_rflbat.pkl
481,rflbat,success,"[27, 46, 12, 11, 4, 85, 28, 18, 87, 70]","[27, 46, 12, 11, 4, 85, 28, 18, 87, 70]",[],10,10,[],re_result_6-29_APRA/cifar10_700_Jul.02_20.31.33_rflbat_True_no-noise_reba/agg_records/pkl/round_0481_rflbat.pkl
482,rflbat,success,"[16, 54, 94, 41, 93, 22, 58, 64, 12, 91]","[16, 54, 94, 41, 93, 22, 58, 64, 12, 91]",[],10,10,[],re_result_6-29_APRA/cifar10_700_Jul.02_20.31.33_rflbat_True_no-noise_reba/agg_records/pkl/round_0482_rflbat.pkl
483,rflbat,success,"[17, 41, 5, 49, 85, 86, 0, 32, 1, 23]","[17, 41, 5, 49, 85, 86, 0, 32, 1, 23]",[],10,10,[],re_result_6-29_APRA/cifar10_700_Jul.02_20.31.33_rflbat_True_no-noise_reba/agg_records/pkl/round_0483_rflbat.pkl
484,rflbat,success,"[46, 89, 61, 64, 8, 81, 79, 48, 67, 2]","[46, 89, 61, 64, 8, 81, 79, 48, 67, 2]",[],10,10,[],re_result_6-29_APRA/cifar10_700_Jul.02_20.31.33_rflbat_True_no-noise_reba/agg_records/pkl/round_0484_rflbat.pkl
485,rflbat,success,"[19, 57, 70, 40, 94, 29, 52, 65, 43, 12]","[70, 40, 94, 29, 65, 12]","[19, 57, 52, 43]",10,6,[],re_result_6-29_APRA/cifar10_700_Jul.02_20.31.33_rflbat_True_no-noise_reba/agg_records/pkl/round_0485_rflbat.pkl
486,rflbat,success,"[99, 96, 74, 5, 57, 24, 40, 30, 86, 95]","[99, 96, 74, 5, 57, 24, 40, 30, 86, 95]",[],10,10,[],re_result_6-29_APRA/cifar10_700_Jul.02_20.31.33_rflbat_True_no-noise_reba/agg_records/pkl/round_0486_rflbat.pkl
487,rflbat,success,"[46, 81, 96, 73, 98, 86, 64, 56, 58, 79]","[46, 81, 96, 73, 98, 86, 64, 56, 58, 79]",[],10,10,[],re_result_6-29_APRA/cifar10_700_Jul.02_20.31.33_rflbat_True_no-noise_reba/agg_records/pkl/round_0487_rflbat.pkl
488,rflbat,success,"[69, 19, 71, 68, 8, 16, 40, 73, 60, 83]","[69, 19, 71, 68, 8, 16, 40, 73, 60, 83]",[],10,10,[],re_result_6-29_APRA/cifar10_700_Jul.02_20.31.33_rflbat_True_no-noise_reba/agg_records/pkl/round_0488_rflbat.pkl
489,rflbat,success,"[46, 84, 78, 77, 19, 45, 4, 94, 53, 76]","[46, 84, 78, 19, 4, 94, 53, 76]","[77, 45]",10,8,[],re_result_6-29_APRA/cifar10_700_Jul.02_20.31.33_rflbat_True_no-noise_reba/agg_records/pkl/round_0489_rflbat.pkl
490,rflbat,success,"[48, 47, 58, 69, 53, 49, 68, 86, 98, 81]","[48, 47, 58, 69, 53, 49, 86, 98, 81]",[68],10,9,[],re_result_6-29_APRA/cifar10_700_Jul.02_20.31.33_rflbat_True_no-noise_reba/agg_records/pkl/round_0490_rflbat.pkl
491,rflbat,success,"[29, 33, 46, 12, 4, 20, 15, 35, 80, 31]","[29, 33, 46, 12, 4, 20, 15, 35, 31]",[80],10,9,[],re_result_6-29_APRA/cifar10_700_Jul.02_20.31.33_rflbat_True_no-noise_reba/agg_records/pkl/round_0491_rflbat.pkl
492,rflbat,success,"[44, 73, 83, 55, 69, 1, 99, 9, 7, 80]","[44, 73, 83, 55, 69, 1, 99, 9, 7, 80]",[],10,10,[],re_result_6-29_APRA/cifar10_700_Jul.02_20.31.33_rflbat_True_no-noise_reba/agg_records/pkl/round_0492_rflbat.pkl
493,rflbat,success,"[51, 37, 96, 41, 43, 75, 9, 33, 30, 23]","[37, 96, 43, 75, 9, 33, 30, 23]","[51, 41]",10,8,[],re_result_6-29_APRA/cifar10_700_Jul.02_20.31.33_rflbat_True_no-noise_reba/agg_records/pkl/round_0493_rflbat.pkl
494,rflbat,success,"[91, 65, 34, 32, 95, 53, 20, 7, 38, 10]","[91, 65, 34, 32, 95, 53, 20, 7, 38, 10]",[],10,10,[],re_result_6-29_APRA/cifar10_700_Jul.02_20.31.33_rflbat_True_no-noise_reba/agg_records/pkl/round_0494_rflbat.pkl
495,rflbat,success,"[60, 40, 81, 93, 29, 49, 0, 98, 43, 13]","[60, 40, 81, 93, 29, 49, 0, 98, 43, 13]",[],10,10,[],re_result_6-29_APRA/cifar10_700_Jul.02_20.31.33_rflbat_True_no-noise_reba/agg_records/pkl/round_0495_rflbat.pkl
496,rflbat,success,"[7, 75, 33, 6, 12, 22, 81, 35, 93, 88]","[7, 75, 33, 6, 12, 22, 81, 35, 93, 88]",[],10,10,[],re_result_6-29_APRA/cifar10_700_Jul.02_20.31.33_rflbat_True_no-noise_reba/agg_records/pkl/round_0496_rflbat.pkl
497,rflbat,success,"[62, 92, 35, 40, 63, 81, 49, 48, 8, 2]","[62, 92, 35, 40, 63, 81, 49, 48, 8, 2]",[],10,10,[],re_result_6-29_APRA/cifar10_700_Jul.02_20.31.33_rflbat_True_no-noise_reba/agg_records/pkl/round_0497_rflbat.pkl
498,rflbat,success,"[6, 35, 14, 12, 68, 9, 7, 4, 70, 60]","[6, 35, 14, 12, 9, 7, 4, 70, 60]",[68],10,9,[],re_result_6-29_APRA/cifar10_700_Jul.02_20.31.33_rflbat_True_no-noise_reba/agg_records/pkl/round_0498_rflbat.pkl
499,rflbat,success,"[92, 90, 36, 94, 66, 31, 46, 0, 43, 71]","[92, 90, 36, 94, 66, 31, 46, 0, 43, 71]",[],10,10,[],re_result_6-29_APRA/cifar10_700_Jul.02_20.31.33_rflbat_True_no-noise_reba/agg_records/pkl/round_0499_rflbat.pkl
500,rflbat,success,"[46, 89, 80, 67, 55, 64, 43, 20, 45, 97]","[46, 89, 80, 67, 55, 64, 43, 20, 45, 97]",[],10,10,[],re_result_6-29_APRA/cifar10_700_Jul.02_20.31.33_rflbat_True_no-noise_reba/agg_records/pkl/round_0500_rflbat.pkl
501,rflbat,success,"[12, 19, 56, 39, 47, 29, 24, 90, 35, 49]","[12, 19, 56, 39, 47, 29, 24, 90, 35, 49]",[],10,10,[],re_result_6-29_APRA/cifar10_700_Jul.02_20.31.33_rflbat_True_no-noise_reba/agg_records/pkl/round_0501_rflbat.pkl
502,rflbat,success,"[77, 86, 89, 72, 60, 3, 12, 52, 46, 24]","[86, 89, 72, 60, 3, 12, 52, 46, 24]",[77],10,9,[],re_result_6-29_APRA/cifar10_700_Jul.02_20.31.33_rflbat_True_no-noise_reba/agg_records/pkl/round_0502_rflbat.pkl
503,rflbat,success,"[81, 13, 71, 28, 15, 77, 10, 37, 74, 50]","[81, 13, 71, 28, 15, 77, 10, 37, 74, 50]",[],10,10,[],re_result_6-29_APRA/cifar10_700_Jul.02_20.31.33_rflbat_True_no-noise_reba/agg_records/pkl/round_0503_rflbat.pkl
504,rflbat,success,"[8, 60, 23, 76, 59, 39, 50, 49, 34, 70]","[8, 60, 23, 76, 59, 39, 50, 49, 34, 70]",[],10,10,[],re_result_6-29_APRA/cifar10_700_Jul.02_20.31.33_rflbat_True_no-noise_reba/agg_records/pkl/round_0504_rflbat.pkl
505,rflbat,success,"[75, 73, 58, 91, 27, 13, 32, 65, 21, 28]","[75, 73, 58, 91, 27, 13, 32, 65, 21, 28]",[],10,10,[],re_result_6-29_APRA/cifar10_700_Jul.02_20.31.33_rflbat_True_no-noise_reba/agg_records/pkl/round_0505_rflbat.pkl
506,rflbat,success,"[30, 10, 91, 68, 93, 45, 79, 36, 44, 62]","[30, 10, 91, 93, 45, 79, 36, 44, 62]",[68],10,9,[],re_result_6-29_APRA/cifar10_700_Jul.02_20.31.33_rflbat_True_no-noise_reba/agg_records/pkl/round_0506_rflbat.pkl
507,rflbat,success,"[99, 12, 73, 48, 70, 90, 75, 89, 6, 93]","[99, 12, 73, 48, 70, 90, 75, 89, 6, 93]",[],10,10,[],re_result_6-29_APRA/cifar10_700_Jul.02_20.31.33_rflbat_True_no-noise_reba/agg_records/pkl/round_0507_rflbat.pkl
508,rflbat,success,"[10, 21, 74, 20, 78, 28, 61, 55, 42, 76]","[10, 21, 74, 20, 78, 28, 61, 55, 42, 76]",[],10,10,[],re_result_6-29_APRA/cifar10_700_Jul.02_20.31.33_rflbat_True_no-noise_reba/agg_records/pkl/round_0508_rflbat.pkl
509,rflbat,success,"[66, 2, 70, 76, 10, 69, 49, 53, 94, 67]","[66, 2, 70, 76, 10, 49, 53, 94, 67]",[69],10,9,[],re_result_6-29_APRA/cifar10_700_Jul.02_20.31.33_rflbat_True_no-noise_reba/agg_records/pkl/round_0509_rflbat.pkl
510,rflbat,success,"[37, 17, 79, 28, 55, 71, 96, 3, 35, 1]","[37, 17, 79, 28, 55, 71, 96, 3, 35, 1]",[],10,10,[],re_result_6-29_APRA/cifar10_700_Jul.02_20.31.33_rflbat_True_no-noise_reba/agg_records/pkl/round_0510_rflbat.pkl
511,rflbat,success,"[18, 26, 95, 98, 77, 64, 1, 5, 47, 96]","[18, 26, 95, 98, 77, 64, 1, 5, 47, 96]",[],10,10,[],re_result_6-29_APRA/cifar10_700_Jul.02_20.31.33_rflbat_True_no-noise_reba/agg_records/pkl/round_0511_rflbat.pkl
512,rflbat,success,"[11, 5, 17, 12, 72, 16, 65, 34, 57, 38]","[11, 5, 17, 12, 72, 16, 65, 34, 57, 38]",[],10,10,[],re_result_6-29_APRA/cifar10_700_Jul.02_20.31.33_rflbat_True_no-noise_reba/agg_records/pkl/round_0512_rflbat.pkl
513,rflbat,success,"[73, 54, 45, 84, 48, 38, 24, 55, 66, 77]","[73, 54, 45, 84, 48, 38, 24, 55, 66, 77]",[],10,10,[],re_result_6-29_APRA/cifar10_700_Jul.02_20.31.33_rflbat_True_no-noise_reba/agg_records/pkl/round_0513_rflbat.pkl
514,rflbat,success,"[89, 83, 43, 98, 96, 23, 76, 8, 15, 47]","[89, 83, 43, 98, 96, 23, 76, 8, 15, 47]",[],10,10,[],re_result_6-29_APRA/cifar10_700_Jul.02_20.31.33_rflbat_True_no-noise_reba/agg_records/pkl/round_0514_rflbat.pkl
515,rflbat,success,"[98, 80, 1, 33, 75, 26, 77, 25, 88, 20]","[98, 80, 1, 33, 75, 26, 77, 25, 88, 20]",[],10,10,[],re_result_6-29_APRA/cifar10_700_Jul.02_20.31.33_rflbat_True_no-noise_reba/agg_records/pkl/round_0515_rflbat.pkl
516,rflbat,success,"[66, 19, 48, 76, 38, 12, 73, 33, 17, 8]","[66, 19, 48, 38, 12, 73, 33, 17, 8]",[76],10,9,[],re_result_6-29_APRA/cifar10_700_Jul.02_20.31.33_rflbat_True_no-noise_reba/agg_records/pkl/round_0516_rflbat.pkl
517,rflbat,success,"[94, 18, 15, 79, 64, 47, 41, 80, 53, 62]","[94, 18, 15, 79, 64, 47, 41, 80, 53, 62]",[],10,10,[],re_result_6-29_APRA/cifar10_700_Jul.02_20.31.33_rflbat_True_no-noise_reba/agg_records/pkl/round_0517_rflbat.pkl
518,rflbat,success,"[7, 50, 98, 69, 93, 92, 78, 63, 13, 91]","[7, 50, 98, 93, 92, 78, 63, 13, 91]",[69],10,9,[],re_result_6-29_APRA/cifar10_700_Jul.02_20.31.33_rflbat_True_no-noise_reba/agg_records/pkl/round_0518_rflbat.pkl
519,rflbat,success,"[10, 45, 80, 83, 50, 32, 99, 70, 65, 16]","[10, 80, 83, 50, 32, 99, 70, 65, 16]",[45],10,9,[],re_result_6-29_APRA/cifar10_700_Jul.02_20.31.33_rflbat_True_no-noise_reba/agg_records/pkl/round_0519_rflbat.pkl
520,rflbat,success,"[95, 19, 17, 60, 81, 79, 31, 34, 58, 25]","[95, 19, 17, 60, 81, 79, 31, 34, 58, 25]",[],10,10,[],re_result_6-29_APRA/cifar10_700_Jul.02_20.31.33_rflbat_True_no-noise_reba/agg_records/pkl/round_0520_rflbat.pkl
521,rflbat,success,"[48, 27, 14, 8, 91, 17, 89, 70, 45, 60]","[48, 27, 14, 8, 91, 17, 89, 70, 45, 60]",[],10,10,[],re_result_6-29_APRA/cifar10_700_Jul.02_20.31.33_rflbat_True_no-noise_reba/agg_records/pkl/round_0521_rflbat.pkl
522,rflbat,success,"[20, 51, 3, 36, 7, 98, 84, 65, 75, 85]","[20, 51, 3, 36, 7, 98, 84, 65, 75, 85]",[],10,10,[],re_result_6-29_APRA/cifar10_700_Jul.02_20.31.33_rflbat_True_no-noise_reba/agg_records/pkl/round_0522_rflbat.pkl
523,rflbat,success,"[19, 56, 49, 28, 11, 39, 67, 14, 70, 55]","[19, 56, 49, 28, 11, 39, 67, 14, 70, 55]",[],10,10,[],re_result_6-29_APRA/cifar10_700_Jul.02_20.31.33_rflbat_True_no-noise_reba/agg_records/pkl/round_0523_rflbat.pkl
524,rflbat,success,"[14, 5, 96, 71, 4, 2, 84, 29, 22, 48]","[14, 5, 96, 71, 4, 2, 84, 29, 22, 48]",[],10,10,[],re_result_6-29_APRA/cifar10_700_Jul.02_20.31.33_rflbat_True_no-noise_reba/agg_records/pkl/round_0524_rflbat.pkl
525,rflbat,success,"[74, 66, 1, 4, 26, 86, 88, 16, 38, 99]","[74, 66, 1, 4, 26, 86, 88, 16, 38, 99]",[],10,10,[],re_result_6-29_APRA/cifar10_700_Jul.02_20.31.33_rflbat_True_no-noise_reba/agg_records/pkl/round_0525_rflbat.pkl
526,rflbat,success,"[41, 75, 36, 45, 38, 46, 35, 33, 15, 91]","[41, 75, 36, 45, 38, 46, 35, 33, 15, 91]",[],10,10,[],re_result_6-29_APRA/cifar10_700_Jul.02_20.31.33_rflbat_True_no-noise_reba/agg_records/pkl/round_0526_rflbat.pkl
527,rflbat,success,"[77, 4, 25, 93, 87, 11, 92, 23, 41, 18]","[4, 25, 93, 87, 11, 92, 23, 41, 18]",[77],10,9,[],re_result_6-29_APRA/cifar10_700_Jul.02_20.31.33_rflbat_True_no-noise_reba/agg_records/pkl/round_0527_rflbat.pkl
528,rflbat,success,"[28, 94, 71, 98, 20, 86, 58, 81, 72, 22]","[28, 94, 71, 98, 20, 86, 58, 81, 72]",[22],10,9,[],re_result_6-29_APRA/cifar10_700_Jul.02_20.31.33_rflbat_True_no-noise_reba/agg_records/pkl/round_0528_rflbat.pkl
529,rflbat,success,"[71, 9, 51, 48, 94, 72, 73, 21, 52, 16]","[71, 9, 51, 48, 94, 72, 73, 21, 52, 16]",[],10,10,[],re_result_6-29_APRA/cifar10_700_Jul.02_20.31.33_rflbat_True_no-noise_reba/agg_records/pkl/round_0529_rflbat.pkl
530,rflbat,success,"[6, 46, 34, 56, 50, 10, 64, 47, 83, 33]","[6, 46, 34, 56, 50, 10, 64, 47, 83, 33]",[],10,10,[],re_result_6-29_APRA/cifar10_700_Jul.02_20.31.33_rflbat_True_no-noise_reba/agg_records/pkl/round_0530_rflbat.pkl
531,rflbat,success,"[67, 87, 63, 36, 49, 72, 15, 44, 65, 69]","[67, 87, 63, 36, 49, 72, 15, 44, 65]",[69],10,9,[],re_result_6-29_APRA/cifar10_700_Jul.02_20.31.33_rflbat_True_no-noise_reba/agg_records/pkl/round_0531_rflbat.pkl
532,rflbat,success,"[75, 84, 50, 89, 38, 76, 58, 33, 62, 96]","[75, 84, 50, 89, 38, 76, 58, 33, 62, 96]",[],10,10,[],re_result_6-29_APRA/cifar10_700_Jul.02_20.31.33_rflbat_True_no-noise_reba/agg_records/pkl/round_0532_rflbat.pkl
533,rflbat,success,"[99, 45, 52, 1, 6, 66, 59, 47, 78, 56]","[99, 45, 52, 1, 6, 66, 59, 47, 78]",[56],10,9,[],re_result_6-29_APRA/cifar10_700_Jul.02_20.31.33_rflbat_True_no-noise_reba/agg_records/pkl/round_0533_rflbat.pkl
534,rflbat,success,"[7, 60, 28, 6, 17, 55, 86, 68, 2, 1]","[7, 60, 28, 6, 17, 55, 86, 2, 1]",[68],10,9,[],re_result_6-29_APRA/cifar10_700_Jul.02_20.31.33_rflbat_True_no-noise_reba/agg_records/pkl/round_0534_rflbat.pkl
535,rflbat,success,"[22, 98, 1, 58, 8, 50, 80, 26, 14, 3]","[22, 98, 1, 58, 8, 50, 80, 14, 3]",[26],10,9,[],re_result_6-29_APRA/cifar10_700_Jul.02_20.31.33_rflbat_True_no-noise_reba/agg_records/pkl/round_0535_rflbat.pkl
536,rflbat,success,"[32, 3, 30, 61, 65, 96, 19, 24, 6, 33]","[32, 3, 30, 61, 65, 96, 19, 24, 6, 33]",[],10,10,[],re_result_6-29_APRA/cifar10_700_Jul.02_20.31.33_rflbat_True_no-noise_reba/agg_records/pkl/round_0536_rflbat.pkl
537,rflbat,success,"[77, 82, 12, 0, 21, 49, 68, 48, 69, 6]","[77, 82, 12, 0, 21, 49, 68, 48, 69, 6]",[],10,10,[],re_result_6-29_APRA/cifar10_700_Jul.02_20.31.33_rflbat_True_no-noise_reba/agg_records/pkl/round_0537_rflbat.pkl
538,rflbat,success,"[87, 85, 42, 57, 62, 83, 76, 13, 30, 90]","[87, 85, 42, 57, 62, 83, 76, 13, 30, 90]",[],10,10,[],re_result_6-29_APRA/cifar10_700_Jul.02_20.31.33_rflbat_True_no-noise_reba/agg_records/pkl/round_0538_rflbat.pkl
539,rflbat,success,"[27, 15, 35, 16, 91, 89, 80, 53, 25, 5]","[27, 15, 35, 16, 91, 89, 80, 53, 25, 5]",[],10,10,[],re_result_6-29_APRA/cifar10_700_Jul.02_20.31.33_rflbat_True_no-noise_reba/agg_records/pkl/round_0539_rflbat.pkl
540,rflbat,success,"[83, 91, 59, 25, 2, 27, 15, 97, 1, 88]","[83, 91, 59, 25, 2, 27, 15, 97, 1, 88]",[],10,10,[],re_result_6-29_APRA/cifar10_700_Jul.02_20.31.33_rflbat_True_no-noise_reba/agg_records/pkl/round_0540_rflbat.pkl
541,rflbat,success,"[90, 85, 8, 99, 3, 78, 17, 32, 37, 20]","[85, 8, 99, 3, 78, 32, 37, 20]","[90, 17]",10,8,[],re_result_6-29_APRA/cifar10_700_Jul.02_20.31.33_rflbat_True_no-noise_reba/agg_records/pkl/round_0541_rflbat.pkl
542,rflbat,success,"[16, 81, 58, 13, 27, 67, 9, 40, 74, 38]","[16, 81, 58, 27, 67, 9, 40, 74, 38]",[13],10,9,[],re_result_6-29_APRA/cifar10_700_Jul.02_20.31.33_rflbat_True_no-noise_reba/agg_records/pkl/round_0542_rflbat.pkl
543,rflbat,success,"[84, 55, 68, 50, 95, 67, 30, 97, 81, 44]","[84, 55, 50, 95, 67, 30, 97, 81, 44]",[68],10,9,[],re_result_6-29_APRA/cifar10_700_Jul.02_20.31.33_rflbat_True_no-noise_reba/agg_records/pkl/round_0543_rflbat.pkl
544,rflbat,success,"[14, 36, 21, 30, 91, 42, 16, 35, 63, 33]","[14, 36, 21, 30, 91, 42, 16, 35, 63, 33]",[],10,10,[],re_result_6-29_APRA/cifar10_700_Jul.02_20.31.33_rflbat_True_no-noise_reba/agg_records/pkl/round_0544_rflbat.pkl
545,rflbat,success,"[43, 64, 89, 54, 73, 67, 48, 51, 17, 46]","[43, 64, 89, 54, 73, 67, 48, 51, 17, 46]",[],10,10,[],re_result_6-29_APRA/cifar10_700_Jul.02_20.31.33_rflbat_True_no-noise_reba/agg_records/pkl/round_0545_rflbat.pkl
546,rflbat,success,"[11, 29, 69, 10, 23, 12, 41, 97, 78, 28]","[11, 29, 69, 10, 23, 12, 41, 97, 78, 28]",[],10,10,[],re_result_6-29_APRA/cifar10_700_Jul.02_20.31.33_rflbat_True_no-noise_reba/agg_records/pkl/round_0546_rflbat.pkl
547,rflbat,success,"[38, 3, 65, 57, 71, 6, 46, 67, 49, 48]","[38, 3, 65, 57, 71, 6, 46, 67, 49, 48]",[],10,10,[],re_result_6-29_APRA/cifar10_700_Jul.02_20.31.33_rflbat_True_no-noise_reba/agg_records/pkl/round_0547_rflbat.pkl
548,rflbat,success,"[48, 4, 11, 1, 87, 18, 34, 31, 49, 55]","[48, 4, 11, 1, 87, 18, 34, 31, 49, 55]",[],10,10,[],re_result_6-29_APRA/cifar10_700_Jul.02_20.31.33_rflbat_True_no-noise_reba/agg_records/pkl/round_0548_rflbat.pkl
549,rflbat,success,"[70, 29, 69, 75, 86, 72, 53, 78, 87, 7]","[70, 29, 69, 75, 86, 72, 53, 78, 87, 7]",[],10,10,[],re_result_6-29_APRA/cifar10_700_Jul.02_20.31.33_rflbat_True_no-noise_reba/agg_records/pkl/round_0549_rflbat.pkl
550,rflbat,success,"[73, 34, 64, 98, 74, 84, 19, 89, 63, 8]","[73, 34, 64, 98, 74, 84, 19, 89, 63, 8]",[],10,10,[],re_result_6-29_APRA/cifar10_700_Jul.02_20.31.33_rflbat_True_no-noise_reba/agg_records/pkl/round_0550_rflbat.pkl
551,rflbat,success,"[98, 55, 77, 35, 73, 17, 2, 44, 88, 59]","[98, 55, 77, 35, 73, 17, 2, 44, 88, 59]",[],10,10,[],re_result_6-29_APRA/cifar10_700_Jul.02_20.31.33_rflbat_True_no-noise_reba/agg_records/pkl/round_0551_rflbat.pkl
552,rflbat,success,"[81, 83, 56, 98, 43, 26, 90, 49, 12, 68]","[81, 83, 56, 98, 43, 26, 90, 49, 12, 68]",[],10,10,[],re_result_6-29_APRA/cifar10_700_Jul.02_20.31.33_rflbat_True_no-noise_reba/agg_records/pkl/round_0552_rflbat.pkl
553,rflbat,success,"[45, 44, 95, 83, 81, 97, 4, 85, 54, 22]","[44, 95, 83, 81, 97, 4, 85, 54, 22]",[45],10,9,[],re_result_6-29_APRA/cifar10_700_Jul.02_20.31.33_rflbat_True_no-noise_reba/agg_records/pkl/round_0553_rflbat.pkl
554,rflbat,success,"[8, 38, 74, 68, 47, 75, 12, 54, 97, 29]","[8, 38, 74, 68, 47, 75, 12, 54, 97, 29]",[],10,10,[],re_result_6-29_APRA/cifar10_700_Jul.02_20.31.33_rflbat_True_no-noise_reba/agg_records/pkl/round_0554_rflbat.pkl
555,rflbat,success,"[87, 67, 17, 64, 3, 11, 16, 33, 82, 68]","[87, 67, 17, 64, 3, 11, 16, 33, 82]",[68],10,9,[],re_result_6-29_APRA/cifar10_700_Jul.02_20.31.33_rflbat_True_no-noise_reba/agg_records/pkl/round_0555_rflbat.pkl
556,rflbat,success,"[90, 93, 19, 86, 96, 43, 31, 58, 98, 92]","[93, 19, 86, 96, 43, 31, 58, 98, 92]",[90],10,9,[],re_result_6-29_APRA/cifar10_700_Jul.02_20.31.33_rflbat_True_no-noise_reba/agg_records/pkl/round_0556_rflbat.pkl
557,rflbat,success,"[80, 63, 39, 30, 9, 48, 54, 11, 98, 56]","[80, 63, 39, 30, 9, 48, 54, 11, 98, 56]",[],10,10,[],re_result_6-29_APRA/cifar10_700_Jul.02_20.31.33_rflbat_True_no-noise_reba/agg_records/pkl/round_0557_rflbat.pkl
558,rflbat,success,"[84, 46, 70, 94, 42, 32, 86, 48, 82, 56]","[84, 46, 70, 94, 42, 32, 86, 48, 82, 56]",[],10,10,[],re_result_6-29_APRA/cifar10_700_Jul.02_20.31.33_rflbat_True_no-noise_reba/agg_records/pkl/round_0558_rflbat.pkl
559,rflbat,success,"[47, 61, 4, 73, 91, 26, 1, 95, 78, 12]","[47, 61, 4, 73, 91, 26, 1, 95, 78, 12]",[],10,10,[],re_result_6-29_APRA/cifar10_700_Jul.02_20.31.33_rflbat_True_no-noise_reba/agg_records/pkl/round_0559_rflbat.pkl
560,rflbat,success,"[31, 95, 86, 41, 98, 30, 68, 19, 42, 12]","[31, 95, 86, 41, 98, 30, 19, 42, 12]",[68],10,9,[],re_result_6-29_APRA/cifar10_700_Jul.02_20.31.33_rflbat_True_no-noise_reba/agg_records/pkl/round_0560_rflbat.pkl
561,rflbat,success,"[11, 83, 27, 33, 19, 42, 65, 41, 49, 14]","[11, 83, 27, 19, 42, 65, 41, 49, 14]",[33],10,9,[],re_result_6-29_APRA/cifar10_700_Jul.02_20.31.33_rflbat_True_no-noise_reba/agg_records/pkl/round_0561_rflbat.pkl
562,rflbat,success,"[98, 60, 64, 20, 61, 2, 75, 18, 26, 73]","[98, 60, 64, 20, 61, 2, 75, 18, 26, 73]",[],10,10,[],re_result_6-29_APRA/cifar10_700_Jul.02_20.31.33_rflbat_True_no-noise_reba/agg_records/pkl/round_0562_rflbat.pkl
563,rflbat,success,"[65, 29, 36, 94, 41, 97, 76, 30, 15, 89]","[65, 29, 36, 94, 41, 97, 76, 30, 15, 89]",[],10,10,[],re_result_6-29_APRA/cifar10_700_Jul.02_20.31.33_rflbat_True_no-noise_reba/agg_records/pkl/round_0563_rflbat.pkl
564,rflbat,success,"[53, 11, 44, 31, 87, 60, 92, 90, 52, 17]","[53, 11, 44, 31, 87, 60, 92, 90, 52, 17]",[],10,10,[],re_result_6-29_APRA/cifar10_700_Jul.02_20.31.33_rflbat_True_no-noise_reba/agg_records/pkl/round_0564_rflbat.pkl
565,rflbat,success,"[77, 51, 94, 54, 2, 29, 44, 11, 13, 26]","[77, 51, 94, 54, 2, 29, 44, 11, 13, 26]",[],10,10,[],re_result_6-29_APRA/cifar10_700_Jul.02_20.31.33_rflbat_True_no-noise_reba/agg_records/pkl/round_0565_rflbat.pkl
566,rflbat,success,"[70, 37, 8, 87, 68, 38, 26, 79, 43, 34]","[70, 37, 8, 87, 38, 26, 79, 43, 34]",[68],10,9,[],re_result_6-29_APRA/cifar10_700_Jul.02_20.31.33_rflbat_True_no-noise_reba/agg_records/pkl/round_0566_rflbat.pkl
567,rflbat,success,"[55, 80, 86, 83, 34, 77, 27, 11, 57, 68]","[55, 80, 86, 83, 34, 77, 27, 11, 57, 68]",[],10,10,[],re_result_6-29_APRA/cifar10_700_Jul.02_20.31.33_rflbat_True_no-noise_reba/agg_records/pkl/round_0567_rflbat.pkl
568,rflbat,success,"[60, 48, 27, 36, 46, 69, 81, 15, 62, 9]","[60, 48, 27, 36, 46, 81, 15, 62, 9]",[69],10,9,[],re_result_6-29_APRA/cifar10_700_Jul.02_20.31.33_rflbat_True_no-noise_reba/agg_records/pkl/round_0568_rflbat.pkl
569,rflbat,success,"[46, 20, 50, 3, 21, 15, 2, 39, 43, 91]","[46, 20, 50, 3, 21, 15, 2, 39, 43, 91]",[],10,10,[],re_result_6-29_APRA/cifar10_700_Jul.02_20.31.33_rflbat_True_no-noise_reba/agg_records/pkl/round_0569_rflbat.pkl
570,rflbat,success,"[5, 88, 37, 48, 71, 30, 13, 39, 44, 77]","[5, 88, 37, 48, 71, 30, 13, 39, 44]",[77],10,9,[],re_result_6-29_APRA/cifar10_700_Jul.02_20.31.33_rflbat_True_no-noise_reba/agg_records/pkl/round_0570_rflbat.pkl
571,rflbat,success,"[94, 33, 89, 39, 7, 30, 72, 86, 27, 0]","[94, 33, 89, 7, 72, 86, 27, 0]","[39, 30]",10,8,[],re_result_6-29_APRA/cifar10_700_Jul.02_20.31.33_rflbat_True_no-noise_reba/agg_records/pkl/round_0571_rflbat.pkl
572,rflbat,success,"[3, 24, 5, 75, 53, 70, 97, 52, 77, 13]","[3, 24, 5, 75, 53, 70, 97, 52, 77, 13]",[],10,10,[],re_result_6-29_APRA/cifar10_700_Jul.02_20.31.33_rflbat_True_no-noise_reba/agg_records/pkl/round_0572_rflbat.pkl
573,rflbat,success,"[7, 57, 17, 29, 77, 73, 46, 98, 92, 23]","[7, 57, 17, 29, 77, 73, 46, 98, 92, 23]",[],10,10,[],re_result_6-29_APRA/cifar10_700_Jul.02_20.31.33_rflbat_True_no-noise_reba/agg_records/pkl/round_0573_rflbat.pkl
574,rflbat,success,"[83, 49, 4, 43, 2, 44, 9, 73, 40, 99]","[83, 49, 4, 43, 2, 44, 9, 73, 40, 99]",[],10,10,[],re_result_6-29_APRA/cifar10_700_Jul.02_20.31.33_rflbat_True_no-noise_reba/agg_records/pkl/round_0574_rflbat.pkl
575,rflbat,success,"[44, 50, 65, 9, 79, 97, 10, 5, 52, 93]","[44, 50, 65, 9, 79, 97, 10, 5, 52, 93]",[],10,10,[],re_result_6-29_APRA/cifar10_700_Jul.02_20.31.33_rflbat_True_no-noise_reba/agg_records/pkl/round_0575_rflbat.pkl
576,rflbat,success,"[98, 28, 96, 58, 78, 3, 62, 73, 86, 65]","[28, 96, 58, 78, 62, 73, 86, 65]","[98, 3]",10,8,[],re_result_6-29_APRA/cifar10_700_Jul.02_20.31.33_rflbat_True_no-noise_reba/agg_records/pkl/round_0576_rflbat.pkl
577,rflbat,success,"[52, 95, 97, 37, 64, 50, 38, 84, 40, 65]","[52, 95, 97, 37, 64, 50, 38, 84, 40, 65]",[],10,10,[],re_result_6-29_APRA/cifar10_700_Jul.02_20.31.33_rflbat_True_no-noise_reba/agg_records/pkl/round_0577_rflbat.pkl
578,rflbat,success,"[34, 18, 47, 8, 72, 11, 54, 92, 67, 82]","[34, 18, 47, 8, 72, 11, 54, 92, 67, 82]",[],10,10,[],re_result_6-29_APRA/cifar10_700_Jul.02_20.31.33_rflbat_True_no-noise_reba/agg_records/pkl/round_0578_rflbat.pkl
579,rflbat,success,"[6, 75, 32, 34, 80, 8, 74, 10, 35, 62]","[6, 75, 32, 34, 80, 8, 74, 10, 35, 62]",[],10,10,[],re_result_6-29_APRA/cifar10_700_Jul.02_20.31.33_rflbat_True_no-noise_reba/agg_records/pkl/round_0579_rflbat.pkl
580,rflbat,success,"[96, 63, 1, 4, 12, 28, 50, 32, 62, 3]","[96, 63, 1, 4, 12, 28, 50, 32, 62, 3]",[],10,10,[],re_result_6-29_APRA/cifar10_700_Jul.02_20.31.33_rflbat_True_no-noise_reba/agg_records/pkl/round_0580_rflbat.pkl
581,rflbat,success,"[55, 1, 21, 85, 19, 32, 34, 67, 14, 60]","[55, 1, 21, 85, 19, 32, 34, 67, 14, 60]",[],10,10,[],re_result_6-29_APRA/cifar10_700_Jul.02_20.31.33_rflbat_True_no-noise_reba/agg_records/pkl/round_0581_rflbat.pkl
582,rflbat,success,"[70, 91, 82, 10, 88, 68, 75, 84, 46, 12]","[70, 91, 82, 10, 88, 75, 84, 46, 12]",[68],10,9,[],re_result_6-29_APRA/cifar10_700_Jul.02_20.31.33_rflbat_True_no-noise_reba/agg_records/pkl/round_0582_rflbat.pkl
583,rflbat,success,"[73, 0, 87, 50, 96, 99, 61, 13, 68, 52]","[73, 0, 87, 50, 96, 99, 61, 13, 52]",[68],10,9,[],re_result_6-29_APRA/cifar10_700_Jul.02_20.31.33_rflbat_True_no-noise_reba/agg_records/pkl/round_0583_rflbat.pkl
584,rflbat,success,"[94, 25, 40, 47, 63, 86, 74, 31, 53, 22]","[94, 25, 40, 47, 63, 86, 74, 31, 53, 22]",[],10,10,[],re_result_6-29_APRA/cifar10_700_Jul.02_20.31.33_rflbat_True_no-noise_reba/agg_records/pkl/round_0584_rflbat.pkl
585,rflbat,success,"[7, 11, 81, 91, 54, 62, 36, 45, 34, 16]","[7, 11, 81, 91, 54, 62, 36, 45, 34, 16]",[],10,10,[],re_result_6-29_APRA/cifar10_700_Jul.02_20.31.33_rflbat_True_no-noise_reba/agg_records/pkl/round_0585_rflbat.pkl
586,rflbat,success,"[52, 48, 71, 1, 97, 16, 29, 69, 77, 11]","[52, 48, 71, 1, 97, 16, 29, 69, 11]",[77],10,9,[],re_result_6-29_APRA/cifar10_700_Jul.02_20.31.33_rflbat_True_no-noise_reba/agg_records/pkl/round_0586_rflbat.pkl
587,rflbat,success,"[58, 17, 19, 67, 5, 41, 64, 87, 63, 77]","[58, 17, 19, 67, 5, 41, 64, 87, 63, 77]",[],10,10,[],re_result_6-29_APRA/cifar10_700_Jul.02_20.31.33_rflbat_True_no-noise_reba/agg_records/pkl/round_0587_rflbat.pkl
588,rflbat,success,"[16, 87, 67, 0, 77, 14, 37, 50, 29, 25]","[16, 87, 67, 0, 77, 14, 37, 50, 29, 25]",[],10,10,[],re_result_6-29_APRA/cifar10_700_Jul.02_20.31.33_rflbat_True_no-noise_reba/agg_records/pkl/round_0588_rflbat.pkl
589,rflbat,success,"[76, 35, 62, 69, 53, 89, 22, 51, 50, 36]","[76, 35, 62, 69, 53, 89, 22, 51, 50, 36]",[],10,10,[],re_result_6-29_APRA/cifar10_700_Jul.02_20.31.33_rflbat_True_no-noise_reba/agg_records/pkl/round_0589_rflbat.pkl
590,rflbat,success,"[22, 43, 44, 24, 96, 75, 42, 68, 28, 4]","[22, 43, 44, 24, 96, 75, 42, 28, 4]",[68],10,9,[],re_result_6-29_APRA/cifar10_700_Jul.02_20.31.33_rflbat_True_no-noise_reba/agg_records/pkl/round_0590_rflbat.pkl
591,rflbat,success,"[70, 3, 27, 8, 85, 96, 59, 93, 58, 25]","[70, 3, 27, 8, 85, 96, 59, 93, 58, 25]",[],10,10,[],re_result_6-29_APRA/cifar10_700_Jul.02_20.31.33_rflbat_True_no-noise_reba/agg_records/pkl/round_0591_rflbat.pkl
592,rflbat,success,"[37, 19, 35, 51, 33, 27, 10, 21, 88, 93]","[37, 19, 35, 51, 33, 27, 10, 21, 88, 93]",[],10,10,[],re_result_6-29_APRA/cifar10_700_Jul.02_20.31.33_rflbat_True_no-noise_reba/agg_records/pkl/round_0592_rflbat.pkl
593,rflbat,success,"[50, 98, 86, 35, 80, 11, 47, 57, 58, 39]","[50, 98, 86, 35, 80, 11, 47, 57, 58, 39]",[],10,10,[],re_result_6-29_APRA/cifar10_700_Jul.02_20.31.33_rflbat_True_no-noise_reba/agg_records/pkl/round_0593_rflbat.pkl
594,rflbat,success,"[97, 81, 39, 70, 17, 55, 67, 66, 68, 52]","[97, 81, 39, 70, 17, 55, 67, 66, 68, 52]",[],10,10,[],re_result_6-29_APRA/cifar10_700_Jul.02_20.31.33_rflbat_True_no-noise_reba/agg_records/pkl/round_0594_rflbat.pkl
595,rflbat,success,"[57, 56, 89, 35, 14, 42, 15, 26, 64, 7]","[57, 56, 89, 35, 14, 42, 15, 26, 64, 7]",[],10,10,[],re_result_6-29_APRA/cifar10_700_Jul.02_20.31.33_rflbat_True_no-noise_reba/agg_records/pkl/round_0595_rflbat.pkl
596,rflbat,success,"[98, 13, 50, 10, 17, 51, 15, 96, 78, 22]","[98, 13, 50, 10, 17, 51, 15, 96, 78, 22]",[],10,10,[],re_result_6-29_APRA/cifar10_700_Jul.02_20.31.33_rflbat_True_no-noise_reba/agg_records/pkl/round_0596_rflbat.pkl
597,rflbat,success,"[29, 87, 2, 26, 5, 96, 23, 73, 50, 82]","[87, 2, 5, 96, 23, 73, 50, 82]","[29, 26]",10,8,[],re_result_6-29_APRA/cifar10_700_Jul.02_20.31.33_rflbat_True_no-noise_reba/agg_records/pkl/round_0597_rflbat.pkl
598,rflbat,success,"[50, 68, 60, 46, 1, 99, 81, 64, 2, 8]","[50, 60, 46, 1, 99, 81, 64, 2, 8]",[68],10,9,[],re_result_6-29_APRA/cifar10_700_Jul.02_20.31.33_rflbat_True_no-noise_reba/agg_records/pkl/round_0598_rflbat.pkl
599,rflbat,success,"[95, 76, 32, 26, 77, 94, 56, 27, 12, 90]","[95, 76, 32, 26, 77, 94, 56, 27, 12, 90]",[],10,10,[],re_result_6-29_APRA/cifar10_700_Jul.02_20.31.33_rflbat_True_no-noise_reba/agg_records/pkl/round_0599_rflbat.pkl
600,rflbat,success,"[34, 7, 26, 94, 51, 97, 28, 17, 69, 19]","[34, 7, 26, 94, 51, 97, 28, 17, 69, 19]",[],10,10,[],re_result_6-29_APRA/cifar10_700_Jul.02_20.31.33_rflbat_True_no-noise_reba/agg_records/pkl/round_0600_rflbat.pkl
601,rflbat,success,"[20, 26, 90, 99, 34, 44, 87, 58, 81, 77]","[20, 90, 99, 34, 44, 87, 58, 81]","[26, 77]",10,8,[],re_result_6-29_APRA/cifar10_700_Jul.02_20.31.33_rflbat_True_no-noise_reba/agg_records/pkl/round_0601_rflbat.pkl
602,rflbat,success,"[21, 32, 23, 6, 40, 63, 51, 35, 54, 20]","[21, 32, 23, 6, 40, 63, 35, 54, 20]",[51],10,9,[],re_result_6-29_APRA/cifar10_700_Jul.02_20.31.33_rflbat_True_no-noise_reba/agg_records/pkl/round_0602_rflbat.pkl
603,rflbat,success,"[1, 27, 6, 32, 40, 89, 90, 0, 78, 44]","[1, 27, 6, 32, 40, 90, 0, 78, 44]",[89],10,9,[],re_result_6-29_APRA/cifar10_700_Jul.02_20.31.33_rflbat_True_no-noise_reba/agg_records/pkl/round_0603_rflbat.pkl
604,rflbat,success,"[35, 10, 1, 42, 30, 76, 84, 82, 25, 2]","[35, 10, 1, 42, 30, 76, 84, 82, 25, 2]",[],10,10,[],re_result_6-29_APRA/cifar10_700_Jul.02_20.31.33_rflbat_True_no-noise_reba/agg_records/pkl/round_0604_rflbat.pkl
605,rflbat,success,"[94, 45, 21, 19, 58, 31, 29, 61, 60, 18]","[94, 45, 21, 19, 58, 31, 29, 61, 60, 18]",[],10,10,[],re_result_6-29_APRA/cifar10_700_Jul.02_20.31.33_rflbat_True_no-noise_reba/agg_records/pkl/round_0605_rflbat.pkl
606,rflbat,success,"[39, 16, 58, 43, 42, 76, 45, 46, 49, 82]","[39, 16, 58, 43, 42, 76, 45, 46, 49, 82]",[],10,10,[],re_result_6-29_APRA/cifar10_700_Jul.02_20.31.33_rflbat_True_no-noise_reba/agg_records/pkl/round_0606_rflbat.pkl
607,rflbat,success,"[17, 92, 96, 57, 61, 32, 41, 60, 10, 45]","[17, 92, 96, 57, 61, 32, 41, 60, 10, 45]",[],10,10,[],re_result_6-29_APRA/cifar10_700_Jul.02_20.31.33_rflbat_True_no-noise_reba/agg_records/pkl/round_0607_rflbat.pkl
608,rflbat,success,"[30, 45, 97, 19, 92, 3, 42, 78, 51, 24]","[30, 45, 97, 19, 92, 3, 42, 78, 51, 24]",[],10,10,[],re_result_6-29_APRA/cifar10_700_Jul.02_20.31.33_rflbat_True_no-noise_reba/agg_records/pkl/round_0608_rflbat.pkl
609,rflbat,success,"[1, 8, 3, 55, 25, 93, 69, 76, 31, 22]","[1, 8, 3, 55, 25, 93, 76, 31]","[69, 22]",10,8,[],re_result_6-29_APRA/cifar10_700_Jul.02_20.31.33_rflbat_True_no-noise_reba/agg_records/pkl/round_0609_rflbat.pkl
610,rflbat,success,"[54, 25, 69, 30, 89, 51, 66, 56, 41, 98]","[54, 25, 69, 30, 89, 51, 66, 56, 41, 98]",[],10,10,[],re_result_6-29_APRA/cifar10_700_Jul.02_20.31.33_rflbat_True_no-noise_reba/agg_records/pkl/round_0610_rflbat.pkl
611,rflbat,success,"[26, 15, 40, 6, 38, 83, 32, 29, 86, 96]","[26, 15, 40, 6, 38, 83, 32, 29, 86, 96]",[],10,10,[],re_result_6-29_APRA/cifar10_700_Jul.02_20.31.33_rflbat_True_no-noise_reba/agg_records/pkl/round_0611_rflbat.pkl
612,rflbat,success,"[76, 83, 98, 20, 67, 9, 30, 34, 3, 41]","[76, 83, 20, 67, 9, 30, 34, 3, 41]",[98],10,9,[],re_result_6-29_APRA/cifar10_700_Jul.02_20.31.33_rflbat_True_no-noise_reba/agg_records/pkl/round_0612_rflbat.pkl
613,rflbat,success,"[76, 75, 70, 52, 82, 71, 88, 49, 73, 33]","[76, 75, 70, 52, 82, 71, 88, 49, 73, 33]",[],10,10,[],re_result_6-29_APRA/cifar10_700_Jul.02_20.31.33_rflbat_True_no-noise_reba/agg_records/pkl/round_0613_rflbat.pkl
614,rflbat,success,"[63, 8, 51, 68, 28, 74, 7, 84, 32, 5]","[63, 8, 51, 28, 74, 7, 84, 32, 5]",[68],10,9,[],re_result_6-29_APRA/cifar10_700_Jul.02_20.31.33_rflbat_True_no-noise_reba/agg_records/pkl/round_0614_rflbat.pkl
615,rflbat,success,"[24, 34, 41, 19, 14, 49, 71, 46, 93, 62]","[24, 34, 41, 19, 14, 49, 71, 46, 93, 62]",[],10,10,[],re_result_6-29_APRA/cifar10_700_Jul.02_20.31.33_rflbat_True_no-noise_reba/agg_records/pkl/round_0615_rflbat.pkl
616,rflbat,success,"[99, 69, 80, 88, 90, 5, 83, 3, 48, 98]","[99, 80, 88, 90, 5, 83, 3, 48, 98]",[69],10,9,[],re_result_6-29_APRA/cifar10_700_Jul.02_20.31.33_rflbat_True_no-noise_reba/agg_records/pkl/round_0616_rflbat.pkl
617,rflbat,success,"[43, 89, 78, 9, 11, 85, 52, 17, 41, 24]","[43, 89, 78, 9, 11, 85, 52, 17, 41, 24]",[],10,10,[],re_result_6-29_APRA/cifar10_700_Jul.02_20.31.33_rflbat_True_no-noise_reba/agg_records/pkl/round_0617_rflbat.pkl
618,rflbat,success,"[39, 24, 55, 66, 91, 65, 92, 48, 90, 29]","[24, 55, 66, 91, 65, 92, 48, 29]","[39, 90]",10,8,[],re_result_6-29_APRA/cifar10_700_Jul.02_20.31.33_rflbat_True_no-noise_reba/agg_records/pkl/round_0618_rflbat.pkl
619,rflbat,success,"[66, 94, 5, 32, 26, 82, 42, 83, 28, 37]","[94, 5, 32, 82, 42, 83, 28, 37]","[66, 26]",10,8,[],re_result_6-29_APRA/cifar10_700_Jul.02_20.31.33_rflbat_True_no-noise_reba/agg_records/pkl/round_0619_rflbat.pkl
620,rflbat,success,"[32, 88, 34, 72, 65, 97, 47, 84, 87, 69]","[32, 88, 34, 72, 65, 97, 47, 84, 87]",[69],10,9,[],re_result_6-29_APRA/cifar10_700_Jul.02_20.31.33_rflbat_True_no-noise_reba/agg_records/pkl/round_0620_rflbat.pkl
621,rflbat,success,"[87, 18, 37, 4, 64, 79, 94, 53, 99, 98]","[87, 18, 37, 4, 64, 79, 94, 53, 99, 98]",[],10,10,[],re_result_6-29_APRA/cifar10_700_Jul.02_20.31.33_rflbat_True_no-noise_reba/agg_records/pkl/round_0621_rflbat.pkl
622,rflbat,success,"[20, 76, 79, 60, 12, 3, 22, 40, 78, 68]","[20, 76, 79, 60, 12, 3, 22, 40, 78]",[68],10,9,[],re_result_6-29_APRA/cifar10_700_Jul.02_20.31.33_rflbat_True_no-noise_reba/agg_records/pkl/round_0622_rflbat.pkl
623,rflbat,success,"[21, 78, 33, 51, 54, 71, 11, 14, 68, 23]","[78, 33, 54, 71]","[21, 51, 11, 14, 68, 23]",10,4,[],re_result_6-29_APRA/cifar10_700_Jul.02_20.31.33_rflbat_True_no-noise_reba/agg_records/pkl/round_0623_rflbat.pkl
624,rflbat,success,"[21, 30, 25, 52, 78, 91, 2, 8, 31, 96]","[21, 30, 52, 78, 91, 2, 8, 31, 96]",[25],10,9,[],re_result_6-29_APRA/cifar10_700_Jul.02_20.31.33_rflbat_True_no-noise_reba/agg_records/pkl/round_0624_rflbat.pkl
625,rflbat,success,"[59, 32, 68, 34, 57, 40, 29, 25, 28, 54]","[59, 32, 34, 57, 40, 29, 28, 54]","[68, 25]",10,8,[],re_result_6-29_APRA/cifar10_700_Jul.02_20.31.33_rflbat_True_no-noise_reba/agg_records/pkl/round_0625_rflbat.pkl
626,rflbat,success,"[50, 46, 74, 41, 29, 97, 51, 47, 22, 4]","[50, 46, 74, 41, 29, 97, 51, 47, 22, 4]",[],10,10,[],re_result_6-29_APRA/cifar10_700_Jul.02_20.31.33_rflbat_True_no-noise_reba/agg_records/pkl/round_0626_rflbat.pkl
627,rflbat,success,"[98, 16, 3, 47, 97, 52, 81, 87, 63, 99]","[98, 16, 3, 47, 97, 52, 81, 87, 63, 99]",[],10,10,[],re_result_6-29_APRA/cifar10_700_Jul.02_20.31.33_rflbat_True_no-noise_reba/agg_records/pkl/round_0627_rflbat.pkl
628,rflbat,success,"[66, 76, 56, 57, 32, 68, 13, 3, 84, 43]","[66, 76, 56, 57, 32, 68, 13, 3, 84, 43]",[],10,10,[],re_result_6-29_APRA/cifar10_700_Jul.02_20.31.33_rflbat_True_no-noise_reba/agg_records/pkl/round_0628_rflbat.pkl
629,rflbat,success,"[50, 68, 56, 39, 34, 52, 72, 51, 29, 8]","[50, 68, 56, 39, 34, 52, 72, 51, 29, 8]",[],10,10,[],re_result_6-29_APRA/cifar10_700_Jul.02_20.31.33_rflbat_True_no-noise_reba/agg_records/pkl/round_0629_rflbat.pkl
630,rflbat,success,"[75, 0, 6, 80, 86, 84, 95, 27, 33, 35]","[0, 6, 86, 84, 95, 27, 33, 35]","[75, 80]",10,8,[],re_result_6-29_APRA/cifar10_700_Jul.02_20.31.33_rflbat_True_no-noise_reba/agg_records/pkl/round_0630_rflbat.pkl
631,rflbat,success,"[46, 5, 7, 59, 29, 93, 23, 66, 89, 72]","[46, 5, 7, 59, 29, 93, 23, 66, 89, 72]",[],10,10,[],re_result_6-29_APRA/cifar10_700_Jul.02_20.31.33_rflbat_True_no-noise_reba/agg_records/pkl/round_0631_rflbat.pkl
632,rflbat,success,"[87, 43, 85, 3, 45, 21, 28, 90, 61, 7]","[87, 43, 85, 3, 45, 21, 28, 90, 61, 7]",[],10,10,[],re_result_6-29_APRA/cifar10_700_Jul.02_20.31.33_rflbat_True_no-noise_reba/agg_records/pkl/round_0632_rflbat.pkl
633,rflbat,success,"[56, 83, 82, 44, 42, 58, 14, 69, 93, 95]","[83, 82, 44, 42, 58, 14, 93, 95]","[56, 69]",10,8,[],re_result_6-29_APRA/cifar10_700_Jul.02_20.31.33_rflbat_True_no-noise_reba/agg_records/pkl/round_0633_rflbat.pkl
634,rflbat,success,"[92, 95, 52, 11, 36, 34, 47, 75, 63, 43]","[92, 95, 52, 11, 36, 34, 47, 75, 63, 43]",[],10,10,[],re_result_6-29_APRA/cifar10_700_Jul.02_20.31.33_rflbat_True_no-noise_reba/agg_records/pkl/round_0634_rflbat.pkl
635,rflbat,success,"[55, 91, 77, 54, 35, 56, 81, 69, 36, 92]","[55, 91, 54, 35, 56, 81, 69, 36, 92]",[77],10,9,[],re_result_6-29_APRA/cifar10_700_Jul.02_20.31.33_rflbat_True_no-noise_reba/agg_records/pkl/round_0635_rflbat.pkl
636,rflbat,success,"[24, 34, 54, 72, 47, 16, 63, 32, 52, 5]","[24, 34, 54, 72, 47, 16, 63, 32, 52, 5]",[],10,10,[],re_result_6-29_APRA/cifar10_700_Jul.02_20.31.33_rflbat_True_no-noise_reba/agg_records/pkl/round_0636_rflbat.pkl
637,rflbat,success,"[73, 68, 85, 72, 19, 84, 29, 22, 70, 95]","[73, 68, 85, 72, 19, 84, 29, 22, 70, 95]",[],10,10,[],re_result_6-29_APRA/cifar10_700_Jul.02_20.31.33_rflbat_True_no-noise_reba/agg_records/pkl/round_0637_rflbat.pkl
638,rflbat,success,"[2, 96, 89, 55, 4, 19, 95, 18, 72, 67]","[96, 89, 19, 18, 72, 67]","[2, 55, 4, 95]",10,6,[],re_result_6-29_APRA/cifar10_700_Jul.02_20.31.33_rflbat_True_no-noise_reba/agg_records/pkl/round_0638_rflbat.pkl
639,rflbat,success,"[7, 24, 29, 50, 55, 73, 20, 89, 99, 26]","[7, 24, 29, 50, 55, 73, 20, 89, 99, 26]",[],10,10,[],re_result_6-29_APRA/cifar10_700_Jul.02_20.31.33_rflbat_True_no-noise_reba/agg_records/pkl/round_0639_rflbat.pkl
640,rflbat,success,"[2, 19, 58, 64, 17, 97, 49, 93, 51, 94]","[2, 19, 58, 64, 17, 97, 49, 93, 51, 94]",[],10,10,[],re_result_6-29_APRA/cifar10_700_Jul.02_20.31.33_rflbat_True_no-noise_reba/agg_records/pkl/round_0640_rflbat.pkl
641,rflbat,success,"[35, 75, 87, 49, 8, 73, 19, 66, 86, 27]","[35, 75, 87, 49, 8, 73, 19, 66, 86, 27]",[],10,10,[],re_result_6-29_APRA/cifar10_700_Jul.02_20.31.33_rflbat_True_no-noise_reba/agg_records/pkl/round_0641_rflbat.pkl
642,rflbat,success,"[66, 36, 84, 29, 89, 33, 24, 3, 64, 95]","[66, 36, 84, 29, 89, 33, 24, 3, 64, 95]",[],10,10,[],re_result_6-29_APRA/cifar10_700_Jul.02_20.31.33_rflbat_True_no-noise_reba/agg_records/pkl/round_0642_rflbat.pkl
643,rflbat,success,"[45, 47, 73, 75, 57, 98, 28, 90, 92, 13]","[75, 57, 28, 90]","[45, 47, 73, 98, 92, 13]",10,4,[],re_result_6-29_APRA/cifar10_700_Jul.02_20.31.33_rflbat_True_no-noise_reba/agg_records/pkl/round_0643_rflbat.pkl
644,rflbat,success,"[56, 74, 50, 3, 71, 99, 31, 23, 75, 10]","[56, 74, 50, 3, 71, 99, 31, 23, 75, 10]",[],10,10,[],re_result_6-29_APRA/cifar10_700_Jul.02_20.31.33_rflbat_True_no-noise_reba/agg_records/pkl/round_0644_rflbat.pkl
645,rflbat,success,"[99, 83, 11, 78, 72, 47, 51, 77, 75, 36]","[99, 83, 11, 78, 72, 47, 51, 77, 75, 36]",[],10,10,[],re_result_6-29_APRA/cifar10_700_Jul.02_20.31.33_rflbat_True_no-noise_reba/agg_records/pkl/round_0645_rflbat.pkl
646,rflbat,success,"[81, 57, 11, 38, 77, 0, 92, 95, 50, 15]","[81, 57, 11, 38, 77, 0, 92, 95, 50, 15]",[],10,10,[],re_result_6-29_APRA/cifar10_700_Jul.02_20.31.33_rflbat_True_no-noise_reba/agg_records/pkl/round_0646_rflbat.pkl
647,rflbat,success,"[6, 49, 36, 68, 78, 40, 99, 34, 42, 89]","[6, 49, 36, 78, 40, 99, 34, 42, 89]",[68],10,9,[],re_result_6-29_APRA/cifar10_700_Jul.02_20.31.33_rflbat_True_no-noise_reba/agg_records/pkl/round_0647_rflbat.pkl
648,rflbat,success,"[20, 17, 89, 74, 29, 1, 56, 70, 86, 94]","[20, 17, 89, 74, 29, 1, 56, 70, 86, 94]",[],10,10,[],re_result_6-29_APRA/cifar10_700_Jul.02_20.31.33_rflbat_True_no-noise_reba/agg_records/pkl/round_0648_rflbat.pkl
649,rflbat,success,"[25, 9, 18, 26, 24, 74, 78, 37, 36, 87]","[25, 9, 18, 26, 24, 74, 78, 37, 36, 87]",[],10,10,[],re_result_6-29_APRA/cifar10_700_Jul.02_20.31.33_rflbat_True_no-noise_reba/agg_records/pkl/round_0649_rflbat.pkl
650,rflbat,success,"[63, 38, 47, 77, 56, 62, 76, 31, 94, 28]","[63, 38, 47, 77, 56, 62, 76, 31, 94, 28]",[],10,10,[],re_result_6-29_APRA/cifar10_700_Jul.02_20.31.33_rflbat_True_no-noise_reba/agg_records/pkl/round_0650_rflbat.pkl
651,rflbat,success,"[33, 35, 74, 6, 28, 47, 70, 10, 36, 61]","[33, 35, 74, 6, 28, 47, 70, 10, 36, 61]",[],10,10,[],re_result_6-29_APRA/cifar10_700_Jul.02_20.31.33_rflbat_True_no-noise_reba/agg_records/pkl/round_0651_rflbat.pkl
652,rflbat,success,"[13, 3, 74, 60, 69, 76, 23, 86, 5, 45]","[13, 3, 74, 60, 69, 76, 23, 86, 5, 45]",[],10,10,[],re_result_6-29_APRA/cifar10_700_Jul.02_20.31.33_rflbat_True_no-noise_reba/agg_records/pkl/round_0652_rflbat.pkl
653,rflbat,success,"[17, 67, 5, 47, 39, 77, 86, 97, 93, 40]","[17, 67, 5, 47, 39, 86, 97, 93, 40]",[77],10,9,[],re_result_6-29_APRA/cifar10_700_Jul.02_20.31.33_rflbat_True_no-noise_reba/agg_records/pkl/round_0653_rflbat.pkl
654,rflbat,success,"[53, 16, 55, 22, 47, 35, 17, 85, 23, 91]","[16, 55, 47, 35, 17, 85, 23, 91]","[53, 22]",10,8,[],re_result_6-29_APRA/cifar10_700_Jul.02_20.31.33_rflbat_True_no-noise_reba/agg_records/pkl/round_0654_rflbat.pkl
655,rflbat,success,"[93, 67, 24, 78, 38, 25, 71, 50, 27, 72]","[93, 67, 24, 78, 38, 25, 71, 50, 27, 72]",[],10,10,[],re_result_6-29_APRA/cifar10_700_Jul.02_20.31.33_rflbat_True_no-noise_reba/agg_records/pkl/round_0655_rflbat.pkl
656,rflbat,success,"[54, 4, 82, 94, 12, 53, 8, 51, 76, 33]","[54, 4, 82, 94, 12, 53, 8, 51, 76, 33]",[],10,10,[],re_result_6-29_APRA/cifar10_700_Jul.02_20.31.33_rflbat_True_no-noise_reba/agg_records/pkl/round_0656_rflbat.pkl
657,rflbat,success,"[42, 8, 79, 6, 83, 24, 48, 53, 90, 62]","[42, 8, 79, 6, 83, 24, 48, 53, 90, 62]",[],10,10,[],re_result_6-29_APRA/cifar10_700_Jul.02_20.31.33_rflbat_True_no-noise_reba/agg_records/pkl/round_0657_rflbat.pkl
658,rflbat,success,"[86, 36, 50, 98, 3, 40, 5, 59, 14, 54]","[86, 36, 50, 98, 3, 40, 5, 59, 14, 54]",[],10,10,[],re_result_6-29_APRA/cifar10_700_Jul.02_20.31.33_rflbat_True_no-noise_reba/agg_records/pkl/round_0658_rflbat.pkl
659,rflbat,success,"[41, 88, 4, 71, 26, 47, 42, 94, 17, 93]","[41, 88, 4, 47, 42, 94, 17, 93]","[71, 26]",10,8,[],re_result_6-29_APRA/cifar10_700_Jul.02_20.31.33_rflbat_True_no-noise_reba/agg_records/pkl/round_0659_rflbat.pkl
660,rflbat,success,"[39, 74, 9, 87, 75, 63, 59, 26, 13, 93]","[39, 74, 9, 87, 75, 63, 59, 26, 13, 93]",[],10,10,[],re_result_6-29_APRA/cifar10_700_Jul.02_20.31.33_rflbat_True_no-noise_reba/agg_records/pkl/round_0660_rflbat.pkl
661,rflbat,success,"[97, 14, 88, 34, 90, 22, 94, 49, 51, 79]","[97, 14, 88, 34, 90, 22, 94, 49, 51, 79]",[],10,10,[],re_result_6-29_APRA/cifar10_700_Jul.02_20.31.33_rflbat_True_no-noise_reba/agg_records/pkl/round_0661_rflbat.pkl
662,rflbat,success,"[67, 31, 33, 93, 13, 14, 74, 90, 88, 66]","[67, 31, 33, 93, 13, 14, 74, 90, 88, 66]",[],10,10,[],re_result_6-29_APRA/cifar10_700_Jul.02_20.31.33_rflbat_True_no-noise_reba/agg_records/pkl/round_0662_rflbat.pkl
663,rflbat,success,"[88, 83, 29, 77, 31, 63, 23, 0, 16, 95]","[88, 83, 29, 31, 63, 23, 0, 16, 95]",[77],10,9,[],re_result_6-29_APRA/cifar10_700_Jul.02_20.31.33_rflbat_True_no-noise_reba/agg_records/pkl/round_0663_rflbat.pkl
664,rflbat,success,"[79, 70, 47, 0, 15, 30, 22, 57, 77, 34]","[79, 70, 47, 0, 15, 30, 22, 57, 77, 34]",[],10,10,[],re_result_6-29_APRA/cifar10_700_Jul.02_20.31.33_rflbat_True_no-noise_reba/agg_records/pkl/round_0664_rflbat.pkl
665,rflbat,success,"[33, 49, 55, 96, 46, 40, 80, 75, 81, 23]","[33, 49, 55, 96, 46, 40, 80, 75, 81, 23]",[],10,10,[],re_result_6-29_APRA/cifar10_700_Jul.02_20.31.33_rflbat_True_no-noise_reba/agg_records/pkl/round_0665_rflbat.pkl
666,rflbat,success,"[3, 60, 17, 7, 82, 75, 84, 50, 77, 9]","[3, 60, 17, 7, 82, 75, 84, 50, 77, 9]",[],10,10,[],re_result_6-29_APRA/cifar10_700_Jul.02_20.31.33_rflbat_True_no-noise_reba/agg_records/pkl/round_0666_rflbat.pkl
667,rflbat,success,"[99, 16, 11, 10, 15, 96, 21, 14, 26, 69]","[99, 16, 11, 10, 15, 96, 21, 14, 26, 69]",[],10,10,[],re_result_6-29_APRA/cifar10_700_Jul.02_20.31.33_rflbat_True_no-noise_reba/agg_records/pkl/round_0667_rflbat.pkl
668,rflbat,success,"[43, 31, 30, 52, 59, 51, 4, 99, 5, 26]","[43, 31, 30, 52, 59, 51, 4, 99, 5, 26]",[],10,10,[],re_result_6-29_APRA/cifar10_700_Jul.02_20.31.33_rflbat_True_no-noise_reba/agg_records/pkl/round_0668_rflbat.pkl
669,rflbat,success,"[7, 21, 72, 67, 80, 10, 76, 40, 45, 29]","[7, 21, 72, 67, 80, 10, 76, 40, 45, 29]",[],10,10,[],re_result_6-29_APRA/cifar10_700_Jul.02_20.31.33_rflbat_True_no-noise_reba/agg_records/pkl/round_0669_rflbat.pkl
670,rflbat,success,"[86, 4, 43, 29, 40, 7, 97, 38, 10, 2]","[86, 4, 43, 29, 40, 7, 97, 38, 10, 2]",[],10,10,[],re_result_6-29_APRA/cifar10_700_Jul.02_20.31.33_rflbat_True_no-noise_reba/agg_records/pkl/round_0670_rflbat.pkl
671,rflbat,success,"[59, 5, 6, 9, 7, 58, 91, 70, 99, 95]","[59, 5, 6, 9, 7, 58, 91, 70, 99, 95]",[],10,10,[],re_result_6-29_APRA/cifar10_700_Jul.02_20.31.33_rflbat_True_no-noise_reba/agg_records/pkl/round_0671_rflbat.pkl
672,rflbat,success,"[18, 97, 8, 32, 50, 29, 23, 54, 19, 6]","[18, 97, 8, 32, 50, 29, 23, 54, 19, 6]",[],10,10,[],re_result_6-29_APRA/cifar10_700_Jul.02_20.31.33_rflbat_True_no-noise_reba/agg_records/pkl/round_0672_rflbat.pkl
673,rflbat,success,"[42, 70, 98, 46, 62, 94, 28, 51, 48, 15]","[42, 70, 98, 46, 62, 94, 28, 51, 48, 15]",[],10,10,[],re_result_6-29_APRA/cifar10_700_Jul.02_20.31.33_rflbat_True_no-noise_reba/agg_records/pkl/round_0673_rflbat.pkl
674,rflbat,success,"[81, 29, 36, 5, 49, 15, 2, 46, 42, 73]","[81, 29, 36, 5, 49, 15, 2, 46, 42, 73]",[],10,10,[],re_result_6-29_APRA/cifar10_700_Jul.02_20.31.33_rflbat_True_no-noise_reba/agg_records/pkl/round_0674_rflbat.pkl
675,rflbat,success,"[82, 19, 55, 20, 16, 89, 34, 15, 17, 94]","[82, 19, 55, 20, 16, 89, 34, 15, 17, 94]",[],10,10,[],re_result_6-29_APRA/cifar10_700_Jul.02_20.31.33_rflbat_True_no-noise_reba/agg_records/pkl/round_0675_rflbat.pkl
676,rflbat,success,"[3, 68, 70, 84, 15, 38, 33, 13, 53, 45]","[3, 70, 84, 15, 38, 33, 13, 53, 45]",[68],10,9,[],re_result_6-29_APRA/cifar10_700_Jul.02_20.31.33_rflbat_True_no-noise_reba/agg_records/pkl/round_0676_rflbat.pkl
677,rflbat,success,"[20, 56, 9, 93, 13, 68, 76, 44, 23, 65]","[20, 56, 9, 93, 13, 76, 44, 23, 65]",[68],10,9,[],re_result_6-29_APRA/cifar10_700_Jul.02_20.31.33_rflbat_True_no-noise_reba/agg_records/pkl/round_0677_rflbat.pkl
678,rflbat,success,"[46, 18, 13, 69, 77, 29, 24, 31, 99, 57]","[46, 18, 13, 69, 77, 29, 24, 31, 99, 57]",[],10,10,[],re_result_6-29_APRA/cifar10_700_Jul.02_20.31.33_rflbat_True_no-noise_reba/agg_records/pkl/round_0678_rflbat.pkl
679,rflbat,success,"[23, 67, 61, 53, 55, 3, 13, 52, 89, 24]","[23, 67, 61, 53, 55, 3, 13, 52, 89, 24]",[],10,10,[],re_result_6-29_APRA/cifar10_700_Jul.02_20.31.33_rflbat_True_no-noise_reba/agg_records/pkl/round_0679_rflbat.pkl
680,rflbat,success,"[39, 83, 50, 5, 59, 64, 81, 77, 26, 71]","[39, 83, 50, 5, 59, 64, 81, 77, 26, 71]",[],10,10,[],re_result_6-29_APRA/cifar10_700_Jul.02_20.31.33_rflbat_True_no-noise_reba/agg_records/pkl/round_0680_rflbat.pkl
681,rflbat,success,"[59, 65, 24, 97, 87, 69, 64, 4, 86, 60]","[59, 65, 24, 97, 87, 64, 4, 86, 60]",[69],10,9,[],re_result_6-29_APRA/cifar10_700_Jul.02_20.31.33_rflbat_True_no-noise_reba/agg_records/pkl/round_0681_rflbat.pkl
682,rflbat,success,"[20, 72, 40, 15, 2, 28, 80, 0, 39, 26]","[20, 72, 40, 15, 2, 28, 80, 0, 39]",[26],10,9,[],re_result_6-29_APRA/cifar10_700_Jul.02_20.31.33_rflbat_True_no-noise_reba/agg_records/pkl/round_0682_rflbat.pkl
683,rflbat,success,"[36, 33, 69, 49, 11, 65, 79, 13, 73, 48]","[36, 33, 69, 49, 11, 65, 79, 13, 73, 48]",[],10,10,[],re_result_6-29_APRA/cifar10_700_Jul.02_20.31.33_rflbat_True_no-noise_reba/agg_records/pkl/round_0683_rflbat.pkl
684,rflbat,success,"[41, 5, 25, 10, 93, 6, 68, 32, 20, 51]","[41, 5, 25, 10, 93, 6, 32, 20, 51]",[68],10,9,[],re_result_6-29_APRA/cifar10_700_Jul.02_20.31.33_rflbat_True_no-noise_reba/agg_records/pkl/round_0684_rflbat.pkl
685,rflbat,success,"[4, 67, 18, 31, 83, 85, 80, 42, 2, 17]","[4, 67, 18, 31, 83, 85, 80, 42, 2, 17]",[],10,10,[],re_result_6-29_APRA/cifar10_700_Jul.02_20.31.33_rflbat_True_no-noise_reba/agg_records/pkl/round_0685_rflbat.pkl
686,rflbat,success,"[65, 50, 99, 89, 66, 69, 44, 62, 78, 17]","[65, 50, 99, 89, 66, 69, 44, 62, 78, 17]",[],10,10,[],re_result_6-29_APRA/cifar10_700_Jul.02_20.31.33_rflbat_True_no-noise_reba/agg_records/pkl/round_0686_rflbat.pkl
687,rflbat,success,"[99, 87, 82, 83, 92, 34, 21, 76, 84, 50]","[99, 87, 82, 83, 92, 34, 21, 84, 50]",[76],10,9,[],re_result_6-29_APRA/cifar10_700_Jul.02_20.31.33_rflbat_True_no-noise_reba/agg_records/pkl/round_0687_rflbat.pkl
688,rflbat,success,"[20, 87, 3, 64, 42, 11, 88, 61, 2, 69]","[20, 87, 3, 64, 42, 11, 88, 61, 2, 69]",[],10,10,[],re_result_6-29_APRA/cifar10_700_Jul.02_20.31.33_rflbat_True_no-noise_reba/agg_records/pkl/round_0688_rflbat.pkl
689,rflbat,success,"[42, 52, 92, 72, 7, 66, 20, 76, 75, 37]","[42, 52, 92, 72, 7, 66, 20, 76, 75, 37]",[],10,10,[],re_result_6-29_APRA/cifar10_700_Jul.02_20.31.33_rflbat_True_no-noise_reba/agg_records/pkl/round_0689_rflbat.pkl
690,rflbat,success,"[73, 53, 14, 13, 33, 35, 32, 30, 24, 63]","[73, 53, 14, 13, 33, 35, 32, 30, 24, 63]",[],10,10,[],re_result_6-29_APRA/cifar10_700_Jul.02_20.31.33_rflbat_True_no-noise_reba/agg_records/pkl/round_0690_rflbat.pkl
691,rflbat,success,"[38, 64, 48, 4, 80, 87, 46, 96, 73, 1]","[38, 64, 48, 4, 87, 46, 96, 73, 1]",[80],10,9,[],re_result_6-29_APRA/cifar10_700_Jul.02_20.31.33_rflbat_True_no-noise_reba/agg_records/pkl/round_0691_rflbat.pkl
692,rflbat,success,"[74, 33, 60, 79, 27, 76, 28, 70, 71, 35]","[74, 33, 60, 79, 27, 28, 70, 71, 35]",[76],10,9,[],re_result_6-29_APRA/cifar10_700_Jul.02_20.31.33_rflbat_True_no-noise_reba/agg_records/pkl/round_0692_rflbat.pkl
693,rflbat,success,"[71, 56, 26, 18, 1, 66, 17, 92, 98, 41]","[71, 56, 26, 18, 1, 66, 17, 92, 98, 41]",[],10,10,[],re_result_6-29_APRA/cifar10_700_Jul.02_20.31.33_rflbat_True_no-noise_reba/agg_records/pkl/round_0693_rflbat.pkl
694,rflbat,success,"[67, 82, 45, 23, 31, 94, 56, 13, 96, 32]","[67, 82, 45, 23, 31, 94, 56, 13, 96, 32]",[],10,10,[],re_result_6-29_APRA/cifar10_700_Jul.02_20.31.33_rflbat_True_no-noise_reba/agg_records/pkl/round_0694_rflbat.pkl
695,rflbat,success,"[90, 30, 61, 47, 2, 31, 1, 93, 88, 42]","[30, 61, 47, 2, 31, 1, 93, 88, 42]",[90],10,9,[],re_result_6-29_APRA/cifar10_700_Jul.02_20.31.33_rflbat_True_no-noise_reba/agg_records/pkl/round_0695_rflbat.pkl
696,rflbat,success,"[35, 69, 61, 49, 59, 65, 60, 54, 94, 43]","[35, 61, 49, 59, 65, 60, 54, 94, 43]",[69],10,9,[],re_result_6-29_APRA/cifar10_700_Jul.02_20.31.33_rflbat_True_no-noise_reba/agg_records/pkl/round_0696_rflbat.pkl
697,rflbat,success,"[40, 69, 88, 58, 30, 28, 27, 25, 54, 87]","[40, 69, 88, 58, 30, 28, 27, 25, 54, 87]",[],10,10,[],re_result_6-29_APRA/cifar10_700_Jul.02_20.31.33_rflbat_True_no-noise_reba/agg_records/pkl/round_0697_rflbat.pkl
698,rflbat,success,"[21, 57, 18, 37, 48, 2, 9, 77, 28, 55]","[21, 57, 18, 37, 48, 2, 9, 28, 55]",[77],10,9,[],re_result_6-29_APRA/cifar10_700_Jul.02_20.31.33_rflbat_True_no-noise_reba/agg_records/pkl/round_0698_rflbat.pkl
699,rflbat,success,"[65, 31, 3, 86, 4, 47, 42, 0, 25, 35]","[65, 31, 3, 86, 4, 47, 42, 0, 25, 35]",[],10,10,[],re_result_6-29_APRA/cifar10_700_Jul.02_20.31.33_rflbat_True_no-noise_reba/agg_records/pkl/round_0699_rflbat.pkl
