epoch,method,stage,selected,rejected,human
1,apra,apra_mad_filter,"[10, 51, 26, 32, 71, 38, 50, 6]","[1, 3]","{""median_norm"": 1.3450242065211075, ""mad"": 0.5772330548482052, ""k"": 4.524187090179797, ""num_accepted"": 8, ""safety_keep_used"": false, ""fallback_used"": false}"
1,apra,apra_hierarchical_cluster,"[10, 51, 32, 71, 38, 50, 6]",[26],"{""best_k"": 2, ""best_score"": 0.7230779528617859, ""selected_cluster"": 0, ""cluster_scores"": {""0"": 6.944406509399414, ""1"": -1.0}, ""num_trusted"": 7, ""fallback_used"": false}"
1,apra,apra_trust_weighted_clip,"[10, 51, 32, 71, 38, 50, 6]",[],"{""base_clip"": 1.0, ""trust_weights"": {""10"": 0.1666666716337204, ""51"": 0.1666666716337204, ""32"": 0.1666666716337204, ""71"": 0.0, ""38"": 0.1666666716337204, ""50"": 0.1666666716337204, ""6"": 0.1666666716337204}, ""num_aggregated"": 7}"
2,apra,apra_mad_filter,"[61, 21, 96, 51, 20, 66, 99, 31]","[0, 2]","{""median_norm"": 1.5433673286903677, ""mad"": 0.09260920140626105, ""k"": 4.093653765389909, ""num_accepted"": 8, ""safety_keep_used"": false, ""fallback_used"": false}"
2,apra,apra_hierarchical_cluster,"[61, 21, 96, 51, 20, 99, 31]",[66],"{""best_k"": 2, ""best_score"": 0.4175949692726135, ""selected_cluster"": 0, ""cluster_scores"": {""0"": 6.895805358886719, ""1"": -1.0}, ""num_trusted"": 7, ""fallback_used"": false}"
2,apra,apra_trust_weighted_clip,"[61, 21, 96, 51, 20, 99, 31]",[],"{""base_clip"": 1.0, ""trust_weights"": {""61"": 0.2104312926530838, ""21"": 0.2104312926530838, ""96"": 0.0, ""51"": 0.2104312926530838, ""20"": 0.03395078331232071, ""99"": 0.12432404607534409, ""31"": 0.2104312926530838}, ""num_aggregated"": 7}"
3,apra,apra_mad_filter,"[90, 52, 40, 78, 7, 66, 37, 86, 64]",[1],"{""median_norm"": 1.2496228846166857, ""mad"": 0.050621100943366804, ""k"": 3.7040911034085893, ""num_accepted"": 9, ""safety_keep_used"": false, ""fallback_used"": false}"
3,apra,apra_hierarchical_cluster,"[90, 52, 40, 78, 7, 66, 86, 64]",[37],"{""best_k"": 2, ""best_score"": 0.4836464524269104, ""selected_cluster"": 0, ""cluster_scores"": {""0"": 7.972752094268799, ""1"": -1.0}, ""num_trusted"": 8, ""fallback_used"": false}"
3,apra,apra_trust_weighted_clip,"[90, 52, 40, 78, 7, 66, 86, 64]",[],"{""base_clip"": 1.0, ""trust_weights"": {""90"": 0.20000000298023224, ""52"": 0.0, ""40"": 0.20000000298023224, ""78"": 0.20000000298023224, ""7"": 0.20000000298023224, ""66"": 0.0, ""86"": 0.0, ""64"": 0.20000000298023224}, ""num_aggregated"": 8}"
4,apra,apra_mad_filter,"[74, 11, 81, 12, 56, 31, 33, 84, 91]",[2],"{""median_norm"": 1.2370713177351575, ""mad"": 0.07220519427332583, ""k"": 3.351600230178197, ""num_accepted"": 9, ""safety_keep_used"": false, ""fallback_used"": false}"
4,apra,apra_hierarchical_cluster,"[74, 11, 81, 12, 56, 31, 84, 91]",[33],"{""best_k"": 2, ""best_score"": 0.6859503388404846, ""selected_cluster"": 0, ""cluster_scores"": {""0"": 7.9649882316589355, ""1"": -1.0}, ""num_trusted"": 8, ""fallback_used"": false}"
4,apra,apra_trust_weighted_clip,"[74, 11, 81, 12, 56, 31, 84, 91]",[],"{""base_clip"": 1.0, ""trust_weights"": {""74"": 0.0, ""11"": 0.1428571492433548, ""81"": 0.1428571492433548, ""12"": 0.1428571492433548, ""56"": 0.1428571492433548, ""31"": 0.1428571492433548, ""84"": 0.1428571492433548, ""91"": 0.1428571492433548}, ""num_aggregated"": 8}"
5,apra,apra_mad_filter,"[88, 5, 30, 13, 8, 92, 89, 50, 53]",[1],"{""median_norm"": 1.345836241999677, ""mad"": 0.09505865037977801, ""k"": 3.032653298563167, ""num_accepted"": 9, ""safety_keep_used"": false, ""fallback_used"": false}"
5,apra,apra_hierarchical_cluster,"[5, 30, 13, 8, 92, 89, 50, 53]",[88],"{""best_k"": 2, ""best_score"": 0.6249038577079773, ""selected_cluster"": 0, ""cluster_scores"": {""0"": 7.416069030761719, ""1"": -1.0}, ""num_trusted"": 8, ""fallback_used"": false}"
5,apra,apra_trust_weighted_clip,"[5, 30, 13, 8, 92, 89, 50, 53]",[],"{""base_clip"": 1.0, ""trust_weights"": {""5"": 0.1428571492433548, ""30"": 0.1428571492433548, ""13"": 0.1428571492433548, ""8"": 0.0, ""92"": 0.1428571492433548, ""89"": 0.1428571492433548, ""50"": 0.1428571492433548, ""53"": 0.1428571492433548}, ""num_aggregated"": 8}"
6,apra,apra_mad_filter,"[99, 49, 56, 23, 97, 19, 68, 36, 47]",[1],"{""median_norm"": 1.3334942199810582, ""mad"": 0.03475319498299034, ""k"": 2.744058180470132, ""num_accepted"": 9, ""safety_keep_used"": false, ""fallback_used"": false}"
6,apra,apra_hierarchical_cluster,"[99, 49, 56, 23, 97, 19, 36, 47]",[68],"{""best_k"": 2, ""best_score"": 0.7493387460708618, ""selected_cluster"": 0, ""cluster_scores"": {""0"": 7.912240982055664, ""1"": -1.0}, ""num_trusted"": 8, ""fallback_used"": false}"
6,apra,apra_trust_weighted_clip,"[99, 49, 56, 23, 97, 19, 36, 47]",[],"{""base_clip"": 1.0, ""trust_weights"": {""99"": 0.15125809609889984, ""49"": 0.15125809609889984, ""56"": 0.15125809609889984, ""23"": 0.15125809609889984, ""97"": 0.09245140105485916, ""19"": 0.15125809609889984, ""36"": 0.15125809609889984, ""47"": 0.0}, ""num_aggregated"": 8}"
7,apra,apra_mad_filter,"[40, 10, 38, 97, 69, 82, 43, 59]","[2, 0]","{""median_norm"": 1.2361791356005072, ""mad"": 0.035835661420548615, ""k"": 2.4829265189570475, ""num_accepted"": 8, ""safety_keep_used"": false, ""fallback_used"": false}"
7,apra,apra_hierarchical_cluster,"[40, 10, 38, 97, 69, 82, 43]",[59],"{""best_k"": 2, ""best_score"": 0.5421031713485718, ""selected_cluster"": 0, ""cluster_scores"": {""0"": 6.947618007659912, ""1"": -1.0}, ""num_trusted"": 7, ""fallback_used"": false}"
7,apra,apra_trust_weighted_clip,"[40, 10, 38, 97, 69, 82, 43]",[],"{""base_clip"": 1.0, ""trust_weights"": {""40"": 0.16822262108325958, ""10"": 0.16822262108325958, ""38"": 0.16822262108325958, ""97"": 0.0, ""69"": 0.16822262108325958, ""82"": 0.15888693928718567, ""43"": 0.16822262108325958}, ""num_aggregated"": 7}"
8,apra,apra_mad_filter,"[49, 20, 21, 74, 46, 10, 98, 14, 82]",[4],"{""median_norm"": 1.3354257037386699, ""mad"": 0.03603172152981504, ""k"": 2.246644820586108, ""num_accepted"": 9, ""safety_keep_used"": false, ""fallback_used"": false}"
8,apra,apra_hierarchical_cluster,"[49, 21, 74, 46, 10, 98, 14, 82]",[20],"{""best_k"": 2, ""best_score"": 0.6185557842254639, ""selected_cluster"": 0, ""cluster_scores"": {""0"": 7.899812698364258, ""1"": -1.0}, ""num_trusted"": 8, ""fallback_used"": false}"
8,apra,apra_trust_weighted_clip,"[49, 21, 74, 46, 10, 98, 14, 82]",[],"{""base_clip"": 1.0, ""trust_weights"": {""49"": 0.1428571492433548, ""21"": 0.1428571492433548, ""74"": 0.0, ""46"": 0.1428571492433548, ""10"": 0.1428571492433548, ""98"": 0.1428571492433548, ""14"": 0.1428571492433548, ""82"": 0.1428571492433548}, ""num_aggregated"": 8}"
9,apra,apra_mad_filter,"[66, 40, 68, 55, 11, 5, 49, 94, 54]",[0],"{""median_norm"": 1.4060549802716602, ""mad"": 0.07740554669972388, ""k"": 2.0328482987029957, ""num_accepted"": 9, ""safety_keep_used"": false, ""fallback_used"": false}"
9,apra,apra_hierarchical_cluster,"[66, 40, 68, 55, 11, 5, 49, 94]",[54],"{""best_k"": 2, ""best_score"": 0.5227368474006653, ""selected_cluster"": 0, ""cluster_scores"": {""0"": 7.7362961769104, ""1"": -1.0}, ""num_trusted"": 8, ""fallback_used"": false}"
9,apra,apra_trust_weighted_clip,"[66, 40, 68, 55, 11, 5, 49, 94]",[],"{""base_clip"": 1.0, ""trust_weights"": {""66"": 0.04758674278855324, ""40"": 0.15873554348945618, ""68"": 0.0, ""55"": 0.15873554348945618, ""11"": 0.15873554348945618, ""5"": 0.15873554348945618, ""49"": 0.15873554348945618, ""94"": 0.15873554348945618}, ""num_aggregated"": 8}"
10,apra,apra_mad_filter,"[95, 85, 8, 24, 50, 38, 54, 76]","[0, 1]","{""median_norm"": 1.2557621362585547, ""mad"": 0.08295725982543822, ""k"": 2.0, ""num_accepted"": 8, ""safety_keep_used"": false, ""fallback_used"": false}"
10,apra,apra_hierarchical_cluster,"[95, 85, 8, 24, 50, 38, 54]",[76],"{""best_k"": 2, ""best_score"": 0.7514764070510864, ""selected_cluster"": 0, ""cluster_scores"": {""0"": 6.998927593231201, ""1"": -1.0}, ""num_trusted"": 7, ""fallback_used"": false}"
10,apra,apra_trust_weighted_clip,"[95, 85, 8, 24, 50, 38, 54]",[],"{""base_clip"": 1.0, ""trust_weights"": {""95"": 0.16806426644325256, ""85"": 0.16387146711349487, ""8"": 0.16806426644325256, ""24"": 0.16387146711349487, ""50"": 0.0, ""38"": 0.16806426644325256, ""54"": 0.16806426644325256}, ""num_aggregated"": 7}"
11,apra,apra_mad_filter,"[82, 14, 57, 34, 79, 85, 43, 26, 66]",[0],"{""median_norm"": 1.3893566817209964, ""mad"": 0.06675223249231765, ""k"": 2.0, ""num_accepted"": 9, ""safety_keep_used"": false, ""fallback_used"": false}"
11,apra,apra_hierarchical_cluster,"[82, 14, 57, 34, 79, 85, 43, 66]",[26],"{""best_k"": 2, ""best_score"": 0.5454334616661072, ""selected_cluster"": 0, ""cluster_scores"": {""0"": 7.935126304626465, ""1"": -1.0}, ""num_trusted"": 8, ""fallback_used"": false}"
11,apra,apra_trust_weighted_clip,"[82, 14, 57, 34, 79, 85, 43, 66]",[],"{""base_clip"": 1.0, ""trust_weights"": {""82"": 0.15863995254039764, ""14"": 0.15863995254039764, ""57"": 0.15863995254039764, ""34"": 0.15863995254039764, ""79"": 0.15863995254039764, ""85"": 0.0, ""43"": 0.15863995254039764, ""66"": 0.04816024750471115}, ""num_aggregated"": 8}"
12,apra,apra_mad_filter,"[14, 93, 49, 18, 40, 36, 10, 54]","[4, 3]","{""median_norm"": 1.2993071310345212, ""mad"": 0.03963436111737306, ""k"": 2.0, ""num_accepted"": 8, ""safety_keep_used"": false, ""fallback_used"": false}"
12,apra,apra_hierarchical_cluster,"[14, 93, 49, 18, 40, 10]","[36, 54]","{""best_k"": 2, ""best_score"": 0.6814202666282654, ""selected_cluster"": 0, ""cluster_scores"": {""0"": 5.995083332061768, ""1"": 1.9984408617019653}, ""num_trusted"": 6, ""fallback_used"": false}"
12,apra,apra_trust_weighted_clip,"[14, 93, 49, 18, 40, 10]",[],"{""base_clip"": 1.0, ""trust_weights"": {""14"": 0.20000000298023224, ""93"": 0.0, ""49"": 0.20000000298023224, ""18"": 0.20000000298023224, ""40"": 0.20000000298023224, ""10"": 0.20000000298023224}, ""num_aggregated"": 6}"
13,apra,apra_mad_filter,"[81, 63, 70, 37, 41, 61, 29, 19, 10]",[3],"{""median_norm"": 1.3306856257695223, ""mad"": 0.09572896282317078, ""k"": 2.0, ""num_accepted"": 9, ""safety_keep_used"": false, ""fallback_used"": false}"
13,apra,apra_hierarchical_cluster,"[81, 63, 70, 37, 61, 29, 19, 10]",[41],"{""best_k"": 2, ""best_score"": 0.4653031527996063, ""selected_cluster"": 0, ""cluster_scores"": {""0"": 7.8765363693237305, ""1"": -1.0}, ""num_trusted"": 8, ""fallback_used"": false}"
13,apra,apra_trust_weighted_clip,"[81, 63, 70, 37, 61, 29, 19, 10]",[],"{""base_clip"": 1.0, ""trust_weights"": {""81"": 0.17802412807941437, ""63"": 0.17802412807941437, ""70"": 0.0, ""37"": 0.10987935960292816, ""61"": 0.17802412807941437, ""29"": 0.17802412807941437, ""19"": 0.17802412807941437, ""10"": 0.0}, ""num_aggregated"": 8}"
14,apra,apra_mad_filter,"[45, 8, 23, 88, 36, 20, 28, 74]","[3, 68]","{""median_norm"": 1.2650326686780502, ""mad"": 0.05949279504235394, ""k"": 2.0, ""num_accepted"": 8, ""safety_keep_used"": false, ""fallback_used"": false}"
14,apra,apra_hierarchical_cluster,"[45, 8, 23, 36, 20, 28, 74]",[88],"{""best_k"": 2, ""best_score"": 0.7179265022277832, ""selected_cluster"": 0, ""cluster_scores"": {""0"": 6.9767560958862305, ""1"": -1.0}, ""num_trusted"": 7, ""fallback_used"": false}"
14,apra,apra_trust_weighted_clip,"[45, 8, 23, 36, 20, 28, 74]",[],"{""base_clip"": 1.0, ""trust_weights"": {""45"": 0.17061956226825714, ""8"": 0.17061956226825714, ""23"": 0.0, ""36"": 0.16614629328250885, ""20"": 0.17061956226825714, ""28"": 0.17061956226825714, ""74"": 0.15137545764446259}, ""num_aggregated"": 7}"
15,apra,apra_mad_filter,"[45, 35, 96, 59, 10, 9, 83]","[1, 33, 2]","{""median_norm"": 1.3728553816381863, ""mad"": 0.07878876597489115, ""k"": 2.0, ""num_accepted"": 7, ""safety_keep_used"": false, ""fallback_used"": false}"
15,apra,apra_hierarchical_cluster,"[45, 96, 59, 10, 9, 83]",[35],"{""best_k"": 2, ""best_score"": 0.8003247976303101, ""selected_cluster"": 0, ""cluster_scores"": {""0"": 5.99207878112793, ""1"": -1.0}, ""num_trusted"": 6, ""fallback_used"": false}"
15,apra,apra_trust_weighted_clip,"[45, 96, 59, 10, 9, 83]",[],"{""base_clip"": 1.0, ""trust_weights"": {""45"": 0.0, ""96"": 0.17698363959789276, ""59"": 0.17698363959789276, ""10"": 0.21534425020217896, ""9"": 0.21534425020217896, ""83"": 0.21534425020217896}, ""num_aggregated"": 6}"
16,apra,apra_mad_filter,"[88, 60, 97, 22, 79, 67, 48, 32]","[0, 4]","{""median_norm"": 1.3752688402324085, ""mad"": 0.06900962725411541, ""k"": 2.0, ""num_accepted"": 8, ""safety_keep_used"": false, ""fallback_used"": false}"
16,apra,apra_hierarchical_cluster,"[60, 97, 22, 79, 67, 48, 32]",[88],"{""best_k"": 2, ""best_score"": 0.5733518004417419, ""selected_cluster"": 0, ""cluster_scores"": {""0"": 6.994526386260986, ""1"": -1.0}, ""num_trusted"": 7, ""fallback_used"": false}"
16,apra,apra_trust_weighted_clip,"[60, 97, 22, 79, 67, 48, 32]",[],"{""base_clip"": 1.0, ""trust_weights"": {""60"": 0.23302234709262848, ""97"": 0.0, ""22"": 0.2669776380062103, ""79"": 0.23302234709262848, ""67"": 0.0, ""48"": 0.0, ""32"": 0.2669776380062103}, ""num_aggregated"": 7}"
17,apra,apra_mad_filter,"[45, 82, 96, 55, 56, 57, 13, 33]","[0, 4]","{""median_norm"": 1.3537495273225388, ""mad"": 0.1176848686528843, ""k"": 2.0, ""num_accepted"": 8, ""safety_keep_used"": false, ""fallback_used"": false}"
17,apra,apra_hierarchical_cluster,"[45, 82, 96, 55, 56, 57, 13]",[33],"{""best_k"": 2, ""best_score"": 0.7170819044113159, ""selected_cluster"": 0, ""cluster_scores"": {""0"": 6.971236705780029, ""1"": -1.0}, ""num_trusted"": 7, ""fallback_used"": false}"
17,apra,apra_trust_weighted_clip,"[45, 82, 96, 55, 56, 57, 13]",[],"{""base_clip"": 1.0, ""trust_weights"": {""45"": 0.1666666716337204, ""82"": 0.1666666716337204, ""96"": 0.1666666716337204, ""55"": 0.0, ""56"": 0.1666666716337204, ""57"": 0.1666666716337204, ""13"": 0.1666666716337204}, ""num_aggregated"": 7}"
18,apra,apra_mad_filter,"[44, 30, 29, 85, 26, 16, 64, 98, 11]",[4],"{""median_norm"": 1.293118001110071, ""mad"": 0.07946559644972351, ""k"": 2.0, ""num_accepted"": 9, ""safety_keep_used"": false, ""fallback_used"": false}"
18,apra,apra_hierarchical_cluster,"[30, 29, 85, 26, 16, 64, 98, 11]",[44],"{""best_k"": 2, ""best_score"": 0.6690559983253479, ""selected_cluster"": 0, ""cluster_scores"": {""0"": 7.759963035583496, ""1"": -1.0}, ""num_trusted"": 8, ""fallback_used"": false}"
18,apra,apra_trust_weighted_clip,"[30, 29, 85, 26, 16, 64, 98, 11]",[],"{""base_clip"": 1.0, ""trust_weights"": {""30"": 0.1428571492433548, ""29"": 0.1428571492433548, ""85"": 0.1428571492433548, ""26"": 0.0, ""16"": 0.1428571492433548, ""64"": 0.1428571492433548, ""98"": 0.1428571492433548, ""11"": 0.1428571492433548}, ""num_aggregated"": 8}"
19,apra,apra_mad_filter,"[59, 74, 98, 41, 46, 95, 9, 22]","[2, 33]","{""median_norm"": 1.3896492466951573, ""mad"": 0.09408910635597645, ""k"": 2.0, ""num_accepted"": 8, ""safety_keep_used"": false, ""fallback_used"": false}"
19,apra,apra_hierarchical_cluster,"[74, 98, 41, 46, 95, 9, 22]",[59],"{""best_k"": 2, ""best_score"": 0.612136960029602, ""selected_cluster"": 0, ""cluster_scores"": {""0"": 6.98484468460083, ""1"": -1.0}, ""num_trusted"": 7, ""fallback_used"": false}"
19,apra,apra_trust_weighted_clip,"[74, 98, 41, 46, 95, 9, 22]",[],"{""base_clip"": 1.0, ""trust_weights"": {""74"": 0.0, ""98"": 0.0, ""41"": 0.20000000298023224, ""46"": 0.20000000298023224, ""95"": 0.20000000298023224, ""9"": 0.20000000298023224, ""22"": 0.20000000298023224}, ""num_aggregated"": 7}"
20,apra,apra_mad_filter,"[22, 38, 97, 98, 75, 23, 21]","[4, 71, 89]","{""median_norm"": 1.2947097074493423, ""mad"": 0.07090676153919095, ""k"": 2.0, ""num_accepted"": 7, ""safety_keep_used"": false, ""fallback_used"": false}"
20,apra,apra_hierarchical_cluster,"[22, 38, 98, 75, 23, 21]",[97],"{""best_k"": 2, ""best_score"": 0.6879982352256775, ""selected_cluster"": 0, ""cluster_scores"": {""0"": 5.989030838012695, ""1"": -1.0}, ""num_trusted"": 6, ""fallback_used"": false}"
20,apra,apra_trust_weighted_clip,"[22, 38, 98, 75, 23, 21]",[],"{""base_clip"": 1.0, ""trust_weights"": {""22"": 0.25, ""38"": 0.0, ""98"": 0.25, ""75"": 0.25, ""23"": 0.25, ""21"": 0.0}, ""num_aggregated"": 6}"
21,apra,apra_mad_filter,"[24, 65, 86, 10, 46, 84, 7, 66]","[0, 71]","{""median_norm"": 1.2296936900088515, ""mad"": 0.04414051881729941, ""k"": 2.0, ""num_accepted"": 8, ""safety_keep_used"": false, ""fallback_used"": false}"
21,apra,apra_hierarchical_cluster,"[24, 86, 10, 84]","[65, 46, 7, 66]","{""best_k"": 3, ""best_score"": 0.38135820627212524, ""selected_cluster"": 1, ""cluster_scores"": {""0"": 2.99711537361145, ""1"": 3.9975080490112305, ""2"": -1.0}, ""num_trusted"": 4, ""fallback_used"": false}"
21,apra,apra_trust_weighted_clip,"[24, 86, 10, 84]",[],"{""base_clip"": 1.0, ""trust_weights"": {""24"": 0.5, ""86"": 0.5, ""10"": 0.0, ""84"": 0.0}, ""num_aggregated"": 4}"
22,apra,apra_mad_filter,"[88, 46, 18, 15, 57, 51, 71, 16]","[4, 0]","{""median_norm"": 1.4787445980622513, ""mad"": 0.14760353444638752, ""k"": 2.0, ""num_accepted"": 8, ""safety_keep_used"": false, ""fallback_used"": false}"
22,apra,apra_hierarchical_cluster,"[88, 46, 18, 15, 57, 51, 16]",[71],"{""best_k"": 2, ""best_score"": 0.6349968910217285, ""selected_cluster"": 0, ""cluster_scores"": {""0"": 6.916491508483887, ""1"": -1.0}, ""num_trusted"": 7, ""fallback_used"": false}"
22,apra,apra_trust_weighted_clip,"[88, 46, 18, 15, 57, 51, 16]",[],"{""base_clip"": 1.0, ""trust_weights"": {""88"": 0.0, ""46"": 0.1666666716337204, ""18"": 0.1666666716337204, ""15"": 0.1666666716337204, ""57"": 0.1666666716337204, ""51"": 0.1666666716337204, ""16"": 0.1666666716337204}, ""num_aggregated"": 7}"
23,apra,apra_mad_filter,"[54, 78, 56, 22, 43, 6, 42, 98]","[1, 8]","{""median_norm"": 1.311577248073895, ""mad"": 0.05018329468045746, ""k"": 2.0, ""num_accepted"": 8, ""safety_keep_used"": false, ""fallback_used"": false}"
23,apra,apra_hierarchical_cluster,"[78, 56, 22, 43, 6, 42, 98]",[54],"{""best_k"": 2, ""best_score"": 0.6399862766265869, ""selected_cluster"": 0, ""cluster_scores"": {""0"": 6.984046936035156, ""1"": -1.0}, ""num_trusted"": 7, ""fallback_used"": false}"
23,apra,apra_trust_weighted_clip,"[78, 56, 22, 43, 6, 42, 98]",[],"{""base_clip"": 1.0, ""trust_weights"": {""78"": 0.0, ""56"": 0.3333333432674408, ""22"": 0.0, ""43"": 0.0, ""6"": 0.0, ""42"": 0.3333333432674408, ""98"": 0.3333333432674408}, ""num_aggregated"": 7}"
24,apra,apra_mad_filter,"[95, 30, 92, 18, 36, 96, 77, 9, 38]",[3],"{""median_norm"": 1.44445656033828, ""mad"": 0.1447007759382668, ""k"": 2.0, ""num_accepted"": 9, ""safety_keep_used"": false, ""fallback_used"": false}"
24,apra,apra_hierarchical_cluster,"[95, 30, 18, 77, 9, 38]","[92, 36, 96]","{""best_k"": 3, ""best_score"": 0.48332464694976807, ""selected_cluster"": 1, ""cluster_scores"": {""0"": 1.9913842678070068, ""1"": 5.991700649261475, ""2"": -1.0}, ""num_trusted"": 6, ""fallback_used"": false}"
24,apra,apra_trust_weighted_clip,"[95, 30, 18, 77, 9, 38]",[],"{""base_clip"": 1.0, ""trust_weights"": {""95"": 0.25, ""30"": 0.25, ""18"": 0.0, ""77"": 0.25, ""9"": 0.25, ""38"": 0.0}, ""num_aggregated"": 6}"
25,apra,apra_mad_filter,"[7, 32, 89, 97, 22, 47, 6, 95, 63]",[1],"{""median_norm"": 1.1953329038863547, ""mad"": 0.04734812487531692, ""k"": 2.0, ""num_accepted"": 9, ""safety_keep_used"": false, ""fallback_used"": false}"
25,apra,apra_hierarchical_cluster,"[7, 22, 6, 95, 63]","[32, 89, 97, 47]","{""best_k"": 4, ""best_score"": 0.5824881792068481, ""selected_cluster"": 2, ""cluster_scores"": {""0"": 1.9972624778747559, ""1"": -1.0, ""2"": 4.998112678527832, ""3"": -1.0}, ""num_trusted"": 5, ""fallback_used"": false}"
25,apra,apra_trust_weighted_clip,"[7, 22, 6, 95, 63]",[],"{""base_clip"": 1.0, ""trust_weights"": {""7"": 0.25, ""22"": 0.25, ""6"": 0.25, ""95"": 0.25, ""63"": 0.0}, ""num_aggregated"": 5}"
26,apra,apra_mad_filter,"[77, 51, 20, 31, 72, 30, 65, 37, 38]",[2],"{""median_norm"": 1.4050549311191314, ""mad"": 0.08082563101718088, ""k"": 2.0, ""num_accepted"": 9, ""safety_keep_used"": false, ""fallback_used"": false}"
26,apra,apra_hierarchical_cluster,"[77, 51, 31, 30, 65, 37, 38]","[20, 72]","{""best_k"": 2, ""best_score"": 0.40700724720954895, ""selected_cluster"": 0, ""cluster_scores"": {""0"": 6.946451663970947, ""1"": 1.9795684814453125}, ""num_trusted"": 7, ""fallback_used"": false}"
26,apra,apra_trust_weighted_clip,"[77, 51, 31, 30, 65, 37, 38]",[],"{""base_clip"": 1.0, ""trust_weights"": {""77"": 0.20994988083839417, ""51"": 0.0, ""31"": 0.20994988083839417, ""30"": 0.20994988083839417, ""65"": 0.0, ""37"": 0.16020047664642334, ""38"": 0.20994988083839417}, ""num_aggregated"": 7}"
27,apra,apra_mad_filter,"[98, 87, 30, 62, 83, 46, 27]","[0, 51, 33]","{""median_norm"": 1.196516120458333, ""mad"": 0.04838997004868084, ""k"": 2.0, ""num_accepted"": 7, ""safety_keep_used"": false, ""fallback_used"": false}"
27,apra,apra_hierarchical_cluster,"[98, 87, 30, 46]","[62, 83, 27]","{""best_k"": 3, ""best_score"": 0.5913918614387512, ""selected_cluster"": 0, ""cluster_scores"": {""0"": 3.9965834617614746, ""1"": 1.9991390705108643, ""2"": -1.0}, ""num_trusted"": 4, ""fallback_used"": false}"
27,apra,apra_trust_weighted_clip,"[98, 87, 30, 46]",[],"{""base_clip"": 1.0, ""trust_weights"": {""98"": 0.3333333432674408, ""87"": 0.3333333432674408, ""30"": 0.3333333432674408, ""46"": 0.0}, ""num_aggregated"": 4}"
28,apra,apra_mad_filter,"[75, 76, 35, 94, 97, 46, 95]","[4, 20, 72]","{""median_norm"": 1.4696456748118214, ""mad"": 0.03665601618795544, ""k"": 2.0, ""num_accepted"": 7, ""safety_keep_used"": false, ""fallback_used"": false}"
28,apra,apra_hierarchical_cluster,"[75, 76, 94, 97, 46, 95]",[35],"{""best_k"": 2, ""best_score"": 0.6791644096374512, ""selected_cluster"": 0, ""cluster_scores"": {""0"": 5.624824047088623, ""1"": -1.0}, ""num_trusted"": 6, ""fallback_used"": false}"
28,apra,apra_trust_weighted_clip,"[75, 76, 94, 97, 46, 95]",[],"{""base_clip"": 1.0, ""trust_weights"": {""75"": 0.20000000298023224, ""76"": 0.0, ""94"": 0.20000000298023224, ""97"": 0.20000000298023224, ""46"": 0.20000000298023224, ""95"": 0.20000000298023224}, ""num_aggregated"": 6}"
29,apra,apra_mad_filter,"[25, 29, 67, 53, 82, 33, 13]","[4, 2, 3]","{""median_norm"": 1.3211702752182148, ""mad"": 0.11626530939832769, ""k"": 2.0, ""num_accepted"": 7, ""safety_keep_used"": false, ""fallback_used"": false}"
29,apra,apra_hierarchical_cluster,"[25, 29, 67, 53, 82, 13]",[33],"{""best_k"": 2, ""best_score"": 0.7490683794021606, ""selected_cluster"": 0, ""cluster_scores"": {""0"": 5.998144149780273, ""1"": -1.0}, ""num_trusted"": 6, ""fallback_used"": false}"
29,apra,apra_trust_weighted_clip,"[25, 29, 67, 53, 82, 13]",[],"{""base_clip"": 1.0, ""trust_weights"": {""25"": 0.20700271427631378, ""29"": 0.0, ""67"": 0.20700271427631378, ""53"": 0.20700271427631378, ""82"": 0.17198914289474487, ""13"": 0.20700271427631378}, ""num_aggregated"": 6}"
30,apra,apra_mad_filter,"[72, 53, 84, 17, 76, 6, 66, 41]","[2, 32]","{""median_norm"": 1.4534953250579221, ""mad"": 0.032042844774091694, ""k"": 2.0, ""num_accepted"": 8, ""safety_keep_used"": false, ""fallback_used"": false}"
30,apra,apra_hierarchical_cluster,"[72, 53, 84, 17, 6, 66, 41]",[76],"{""best_k"": 2, ""best_score"": 0.5270967483520508, ""selected_cluster"": 0, ""cluster_scores"": {""0"": 6.872506141662598, ""1"": -1.0}, ""num_trusted"": 7, ""fallback_used"": false}"
30,apra,apra_trust_weighted_clip,"[72, 53, 84, 17, 6, 66, 41]",[],"{""base_clip"": 1.0, ""trust_weights"": {""72"": 0.1666666716337204, ""53"": 0.1666666716337204, ""84"": 0.1666666716337204, ""17"": 0.1666666716337204, ""6"": 0.1666666716337204, ""66"": 0.1666666716337204, ""41"": 0.0}, ""num_aggregated"": 7}"
31,apra,apra_mad_filter,"[43, 8, 97, 35, 86, 66, 64, 85, 14]",[0],"{""median_norm"": 1.2421919407299922, ""mad"": 0.0942602171062441, ""k"": 2.0, ""num_accepted"": 9, ""safety_keep_used"": false, ""fallback_used"": false}"
31,apra,apra_hierarchical_cluster,"[43, 8, 97, 86, 66, 64, 85, 14]",[35],"{""best_k"": 2, ""best_score"": 0.6776532530784607, ""selected_cluster"": 0, ""cluster_scores"": {""0"": 7.865397930145264, ""1"": -1.0}, ""num_trusted"": 8, ""fallback_used"": false}"
31,apra,apra_trust_weighted_clip,"[43, 8, 97, 86, 66, 64, 85, 14]",[],"{""base_clip"": 1.0, ""trust_weights"": {""43"": 0.1428571492433548, ""8"": 0.0, ""97"": 0.1428571492433548, ""86"": 0.1428571492433548, ""66"": 0.1428571492433548, ""64"": 0.1428571492433548, ""85"": 0.1428571492433548, ""14"": 0.1428571492433548}, ""num_aggregated"": 8}"
32,apra,apra_mad_filter,"[75, 41, 16, 72, 17, 28, 60, 63]","[2, 4]","{""median_norm"": 1.3177382665889679, ""mad"": 0.06510218918750654, ""k"": 2.0, ""num_accepted"": 8, ""safety_keep_used"": false, ""fallback_used"": false}"
32,apra,apra_hierarchical_cluster,"[75, 16, 72, 17, 28, 60, 63]",[41],"{""best_k"": 2, ""best_score"": 0.37010666728019714, ""selected_cluster"": 0, ""cluster_scores"": {""0"": 6.990995407104492, ""1"": -1.0}, ""num_trusted"": 7, ""fallback_used"": false}"
32,apra,apra_trust_weighted_clip,"[75, 16, 72, 17, 28, 60, 63]",[],"{""base_clip"": 1.0, ""trust_weights"": {""75"": 0.19398148357868195, ""16"": 0.19398148357868195, ""72"": 0.030092652887105942, ""17"": 0.19398148357868195, ""28"": 0.0, ""60"": 0.19398148357868195, ""63"": 0.19398148357868195}, ""num_aggregated"": 7}"
33,apra,apra_mad_filter,"[14, 8, 79, 7, 62, 33, 37, 61, 74]",[1],"{""median_norm"": 1.3511636887664835, ""mad"": 0.10697760381286214, ""k"": 2.0, ""num_accepted"": 9, ""safety_keep_used"": false, ""fallback_used"": false}"
33,apra,apra_hierarchical_cluster,"[14, 8, 79, 7, 62, 37, 61, 74]",[33],"{""best_k"": 2, ""best_score"": 0.6653057932853699, ""selected_cluster"": 0, ""cluster_scores"": {""0"": 7.391815662384033, ""1"": -1.0}, ""num_trusted"": 8, ""fallback_used"": false}"
33,apra,apra_trust_weighted_clip,"[14, 8, 79, 7, 62, 37, 61, 74]",[],"{""base_clip"": 1.0, ""trust_weights"": {""14"": 0.1428571492433548, ""8"": 0.1428571492433548, ""79"": 0.1428571492433548, ""7"": 0.1428571492433548, ""62"": 0.1428571492433548, ""37"": 0.1428571492433548, ""61"": 0.1428571492433548, ""74"": 0.0}, ""num_aggregated"": 8}"
34,apra,apra_mad_filter,"[73, 14, 89, 10, 61, 16, 63, 33, 92]",[1],"{""median_norm"": 1.3942090523198805, ""mad"": 0.0674355029746958, ""k"": 2.0, ""num_accepted"": 9, ""safety_keep_used"": false, ""fallback_used"": false}"
34,apra,apra_hierarchical_cluster,"[73, 14, 89, 10, 61, 16, 63, 92]",[33],"{""best_k"": 2, ""best_score"": 0.6557109355926514, ""selected_cluster"": 0, ""cluster_scores"": {""0"": 7.629328727722168, ""1"": -1.0}, ""num_trusted"": 8, ""fallback_used"": false}"
34,apra,apra_trust_weighted_clip,"[73, 14, 89, 10, 61, 16, 63, 92]",[],"{""base_clip"": 1.0, ""trust_weights"": {""73"": 0.1428571492433548, ""14"": 0.1428571492433548, ""89"": 0.1428571492433548, ""10"": 0.1428571492433548, ""61"": 0.1428571492433548, ""16"": 0.1428571492433548, ""63"": 0.1428571492433548, ""92"": 0.0}, ""num_aggregated"": 8}"
35,apra,apra_mad_filter,"[26, 91, 33, 46, 51, 68, 87, 65]","[0, 4]","{""median_norm"": 1.4279358636785893, ""mad"": 0.21121394342520194, ""k"": 2.0, ""num_accepted"": 8, ""safety_keep_used"": false, ""fallback_used"": false}"
35,apra,apra_hierarchical_cluster,"[91, 46, 51, 68, 87, 65]","[26, 33]","{""best_k"": 3, ""best_score"": 0.6323217749595642, ""selected_cluster"": 0, ""cluster_scores"": {""0"": 5.989525318145752, ""1"": -1.0, ""2"": -1.0}, ""num_trusted"": 6, ""fallback_used"": false}"
35,apra,apra_trust_weighted_clip,"[91, 46, 51, 68, 87, 65]",[],"{""base_clip"": 1.0, ""trust_weights"": {""91"": 0.20000000298023224, ""46"": 0.20000000298023224, ""51"": 0.20000000298023224, ""68"": 0.0, ""87"": 0.20000000298023224, ""65"": 0.20000000298023224}, ""num_aggregated"": 6}"
36,apra,apra_mad_filter,"[68, 51, 43, 87, 63, 97, 27, 62, 38]",[2],"{""median_norm"": 1.3494694949411292, ""mad"": 0.061331909834516196, ""k"": 2.0, ""num_accepted"": 9, ""safety_keep_used"": false, ""fallback_used"": false}"
36,apra,apra_hierarchical_cluster,"[51, 43, 87, 63, 97, 27, 62, 38]",[68],"{""best_k"": 2, ""best_score"": 0.7083805799484253, ""selected_cluster"": 0, ""cluster_scores"": {""0"": 7.928012847900391, ""1"": -1.0}, ""num_trusted"": 8, ""fallback_used"": false}"
36,apra,apra_trust_weighted_clip,"[51, 43, 87, 63, 97, 27, 62, 38]",[],"{""base_clip"": 1.0, ""trust_weights"": {""51"": 0.1428571492433548, ""43"": 0.1428571492433548, ""87"": 0.1428571492433548, ""63"": 0.1428571492433548, ""97"": 0.1428571492433548, ""27"": 0.1428571492433548, ""62"": 0.0, ""38"": 0.1428571492433548}, ""num_aggregated"": 8}"
37,apra,apra_mad_filter,"[77, 49, 52, 57, 18, 29, 51, 94]","[2, 0]","{""median_norm"": 1.3690909088538534, ""mad"": 0.10316280034994119, ""k"": 2.0, ""num_accepted"": 8, ""safety_keep_used"": false, ""fallback_used"": false}"
37,apra,apra_hierarchical_cluster,"[77, 49, 18, 51]","[52, 57, 29, 94]","{""best_k"": 3, ""best_score"": 0.49469390511512756, ""selected_cluster"": 0, ""cluster_scores"": {""0"": 3.998573064804077, ""1"": 2.9990170001983643, ""2"": -1.0}, ""num_trusted"": 4, ""fallback_used"": false}"
37,apra,apra_trust_weighted_clip,"[77, 49, 18, 51]",[],"{""base_clip"": 1.0, ""trust_weights"": {""77"": 0.3333333432674408, ""49"": 0.3333333432674408, ""18"": 0.3333333432674408, ""51"": 0.0}, ""num_aggregated"": 4}"
38,apra,apra_mad_filter,"[99, 38, 61, 34, 14, 19, 72, 70]","[0, 1]","{""median_norm"": 1.418583304949545, ""mad"": 0.09032993636431275, ""k"": 2.0, ""num_accepted"": 8, ""safety_keep_used"": false, ""fallback_used"": false}"
38,apra,apra_hierarchical_cluster,"[99, 38, 34, 14, 72]","[61, 19, 70]","{""best_k"": 2, ""best_score"": 0.4560290575027466, ""selected_cluster"": 1, ""cluster_scores"": {""0"": 2.9965219497680664, ""1"": 4.997398376464844}, ""num_trusted"": 5, ""fallback_used"": false}"
38,apra,apra_trust_weighted_clip,"[99, 38, 34, 14, 72]",[],"{""base_clip"": 1.0, ""trust_weights"": {""99"": 0.0, ""38"": 0.25, ""34"": 0.25, ""14"": 0.25, ""72"": 0.25}, ""num_aggregated"": 5}"
39,apra,apra_mad_filter,"[25, 56, 67, 27, 65, 82, 20, 46]","[0, 77]","{""median_norm"": 1.3108480057936651, ""mad"": 0.04023726615711365, ""k"": 2.0, ""num_accepted"": 8, ""safety_keep_used"": false, ""fallback_used"": false}"
39,apra,apra_hierarchical_cluster,"[25, 56, 67, 65, 82, 20, 46]",[27],"{""best_k"": 2, ""best_score"": 0.5108933448791504, ""selected_cluster"": 0, ""cluster_scores"": {""0"": 6.950067520141602, ""1"": -1.0}, ""num_trusted"": 7, ""fallback_used"": false}"
39,apra,apra_trust_weighted_clip,"[25, 56, 67, 65, 82, 20, 46]",[],"{""base_clip"": 1.0, ""trust_weights"": {""25"": 0.17913639545440674, ""56"": 0.0, ""67"": 0.15086396038532257, ""65"": 0.15086396038532257, ""82"": 0.1699996441602707, ""20"": 0.17913639545440674, ""46"": 0.1699996441602707}, ""num_aggregated"": 7}"
40,apra,apra_mad_filter,"[69, 87, 75, 81, 37, 40, 28, 32]","[1, 0]","{""median_norm"": 1.2724093481263905, ""mad"": 0.13274443841416583, ""k"": 2.0, ""num_accepted"": 8, ""safety_keep_used"": false, ""fallback_used"": false}"
40,apra,apra_hierarchical_cluster,"[87, 75, 81, 40, 32]","[69, 37, 28]","{""best_k"": 2, ""best_score"": 0.33423227071762085, ""selected_cluster"": 0, ""cluster_scores"": {""0"": 4.997915267944336, ""1"": 2.999027729034424}, ""num_trusted"": 5, ""fallback_used"": false}"
40,apra,apra_trust_weighted_clip,"[87, 75, 81, 40, 32]",[],"{""base_clip"": 1.0, ""trust_weights"": {""87"": 0.25, ""75"": 0.25, ""81"": 0.25, ""40"": 0.0, ""32"": 0.25}, ""num_aggregated"": 5}"
41,apra,apra_mad_filter,"[15, 52, 18, 51, 78, 91, 43, 62]","[2, 3]","{""median_norm"": 1.437582116089773, ""mad"": 0.0671455733584867, ""k"": 2.0, ""num_accepted"": 8, ""safety_keep_used"": false, ""fallback_used"": false}"
41,apra,apra_hierarchical_cluster,"[18, 51, 78, 91, 43]","[15, 52, 62]","{""best_k"": 3, ""best_score"": 0.4163159132003784, ""selected_cluster"": 0, ""cluster_scores"": {""0"": 4.997969627380371, ""1"": 1.9991800785064697, ""2"": -1.0}, ""num_trusted"": 5, ""fallback_used"": false}"
41,apra,apra_trust_weighted_clip,"[18, 51, 78, 91, 43]",[],"{""base_clip"": 1.0, ""trust_weights"": {""18"": 0.0, ""51"": 0.25, ""78"": 0.25, ""91"": 0.25, ""43"": 0.25}, ""num_aggregated"": 5}"
42,apra,apra_mad_filter,"[48, 17, 89, 56, 54, 7, 28]","[3, 72, 38]","{""median_norm"": 1.1811715465682782, ""mad"": 0.03801680755892067, ""k"": 2.0, ""num_accepted"": 7, ""safety_keep_used"": false, ""fallback_used"": false}"
42,apra,apra_hierarchical_cluster,"[17, 89, 56, 7]","[48, 54, 28]","{""best_k"": 3, ""best_score"": 0.5180565118789673, ""selected_cluster"": 2, ""cluster_scores"": {""0"": 1.9975781440734863, ""1"": -1.0, ""2"": 3.9976441860198975}, ""num_trusted"": 4, ""fallback_used"": false}"
42,apra,apra_trust_weighted_clip,"[17, 89, 56, 7]",[],"{""base_clip"": 1.0, ""trust_weights"": {""17"": 0.0, ""89"": 0.5, ""56"": 0.5, ""7"": 0.0}, ""num_aggregated"": 4}"
43,apra,apra_mad_filter,"[55, 52, 61, 67, 9, 59, 41, 20]","[0, 26]","{""median_norm"": 1.4047153823755694, ""mad"": 0.062449507291336026, ""k"": 2.0, ""num_accepted"": 8, ""safety_keep_used"": false, ""fallback_used"": false}"
43,apra,apra_hierarchical_cluster,"[55, 52, 61, 67, 9, 59]","[41, 20]","{""best_k"": 2, ""best_score"": 0.5880535840988159, ""selected_cluster"": 0, ""cluster_scores"": {""0"": 5.979464530944824, ""1"": 1.998321771621704}, ""num_trusted"": 6, ""fallback_used"": false}"
43,apra,apra_trust_weighted_clip,"[55, 52, 61, 67, 9, 59]",[],"{""base_clip"": 1.0, ""trust_weights"": {""55"": 0.21194897592067719, ""52"": 0.0, ""61"": 0.21194897592067719, ""67"": 0.18207651376724243, ""9"": 0.21194897592067719, ""59"": 0.18207651376724243}, ""num_aggregated"": 6}"
44,apra,apra_mad_filter,"[83, 44, 63, 50, 35, 21]","[2, 71, 9, 32]","{""median_norm"": 1.2089230019694153, ""mad"": 0.03355292492214468, ""k"": 2.0, ""num_accepted"": 6, ""safety_keep_used"": false, ""fallback_used"": false}"
44,apra,apra_hierarchical_cluster,"[83, 44, 63, 50, 21]",[35],"{""best_k"": 2, ""best_score"": 0.4580848515033722, ""selected_cluster"": 0, ""cluster_scores"": {""0"": 4.7834367752075195, ""1"": -1.0}, ""num_trusted"": 5, ""fallback_used"": false}"
44,apra,apra_trust_weighted_clip,"[83, 44, 63, 50, 21]",[],"{""base_clip"": 1.0, ""trust_weights"": {""83"": 0.25, ""44"": 0.0, ""63"": 0.25, ""50"": 0.25, ""21"": 0.25}, ""num_aggregated"": 5}"
45,apra,apra_mad_filter,"[66, 30, 97, 79, 27, 80, 98]","[4, 29, 1]","{""median_norm"": 1.3777595894450223, ""mad"": 0.0413722463710523, ""k"": 2.0, ""num_accepted"": 7, ""safety_keep_used"": false, ""fallback_used"": false}"
45,apra,apra_hierarchical_cluster,"[66, 30, 97, 79, 80, 98]",[27],"{""best_k"": 2, ""best_score"": 0.4894009232521057, ""selected_cluster"": 0, ""cluster_scores"": {""0"": 5.969147682189941, ""1"": -1.0}, ""num_trusted"": 6, ""fallback_used"": false}"
45,apra,apra_trust_weighted_clip,"[66, 30, 97, 79, 80, 98]",[],"{""base_clip"": 1.0, ""trust_weights"": {""66"": 0.20000000298023224, ""30"": 0.20000000298023224, ""97"": 0.0, ""79"": 0.20000000298023224, ""80"": 0.20000000298023224, ""98"": 0.20000000298023224}, ""num_aggregated"": 6}"
46,apra,apra_mad_filter,"[31, 77, 47, 18, 95, 90, 51, 6, 67]",[2],"{""median_norm"": 1.3743279606034504, ""mad"": 0.06973094001870184, ""k"": 2.0, ""num_accepted"": 9, ""safety_keep_used"": false, ""fallback_used"": false}"
46,apra,apra_hierarchical_cluster,"[31, 77, 18, 95, 90, 51, 6, 67]",[47],"{""best_k"": 2, ""best_score"": 0.5134199857711792, ""selected_cluster"": 0, ""cluster_scores"": {""0"": 7.728065490722656, ""1"": -1.0}, ""num_trusted"": 8, ""fallback_used"": false}"
46,apra,apra_trust_weighted_clip,"[31, 77, 18, 95, 90, 51, 6, 67]",[],"{""base_clip"": 1.0, ""trust_weights"": {""31"": 0.1428571492433548, ""77"": 0.1428571492433548, ""18"": 0.1428571492433548, ""95"": 0.1428571492433548, ""90"": 0.1428571492433548, ""51"": 0.1428571492433548, ""6"": 0.1428571492433548, ""67"": 0.0}, ""num_aggregated"": 8}"
47,apra,apra_mad_filter,"[45, 25, 24, 60, 31, 38]","[4, 77, 72, 91]","{""median_norm"": 1.3280224884506526, ""mad"": 0.01995200446091272, ""k"": 2.0, ""num_accepted"": 6, ""safety_keep_used"": false, ""fallback_used"": false}"
47,apra,apra_hierarchical_cluster,"[45, 24, 60, 31, 38]",[25],"{""best_k"": 2, ""best_score"": 0.3587911128997803, ""selected_cluster"": 0, ""cluster_scores"": {""0"": 4.909724235534668, ""1"": -1.0}, ""num_trusted"": 5, ""fallback_used"": false}"
47,apra,apra_trust_weighted_clip,"[45, 24, 60, 31, 38]",[],"{""base_clip"": 1.0, ""trust_weights"": {""45"": 0.25, ""24"": 0.25, ""60"": 0.0, ""31"": 0.25, ""38"": 0.25}, ""num_aggregated"": 5}"
48,apra,apra_mad_filter,"[12, 11, 80, 78, 63, 93, 39, 59]","[0, 33]","{""median_norm"": 1.1998038837099965, ""mad"": 0.053589123292825835, ""k"": 2.0, ""num_accepted"": 8, ""safety_keep_used"": false, ""fallback_used"": false}"
48,apra,apra_hierarchical_cluster,"[12, 11, 80, 78, 63, 93, 39]",[59],"{""best_k"": 2, ""best_score"": 0.6678712368011475, ""selected_cluster"": 0, ""cluster_scores"": {""0"": 6.9533162117004395, ""1"": -1.0}, ""num_trusted"": 7, ""fallback_used"": false}"
48,apra,apra_trust_weighted_clip,"[12, 11, 80, 78, 63, 93, 39]",[],"{""base_clip"": 1.0, ""trust_weights"": {""12"": 0.20857374370098114, ""11"": 0.0, ""80"": 0.20857374370098114, ""78"": 0.16570506989955902, ""63"": 0.20857374370098114, ""93"": 0.0, ""39"": 0.20857374370098114}, ""num_aggregated"": 7}"
49,apra,apra_mad_filter,"[35, 94, 63, 26, 84, 58, 60]","[2, 87, 5]","{""median_norm"": 1.3679795933576238, ""mad"": 0.04109332452406611, ""k"": 2.0, ""num_accepted"": 7, ""safety_keep_used"": false, ""fallback_used"": false}"
49,apra,apra_hierarchical_cluster,"[94, 63, 84, 58, 60]","[35, 26]","{""best_k"": 3, ""best_score"": 0.6253936886787415, ""selected_cluster"": 0, ""cluster_scores"": {""0"": 4.995838165283203, ""1"": -1.0, ""2"": -1.0}, ""num_trusted"": 5, ""fallback_used"": false}"
49,apra,apra_trust_weighted_clip,"[94, 63, 84, 58, 60]",[],"{""base_clip"": 1.0, ""trust_weights"": {""94"": 0.3333333432674408, ""63"": 0.3333333432674408, ""84"": 0.0, ""58"": 0.0, ""60"": 0.3333333432674408}, ""num_aggregated"": 5}"
50,apra,apra_mad_filter,"[98, 76, 79, 6, 74, 54, 59, 69, 9]",[2],"{""median_norm"": 1.3500259511665764, ""mad"": 0.03992419738755648, ""k"": 2.0, ""num_accepted"": 9, ""safety_keep_used"": false, ""fallback_used"": false}"
50,apra,apra_hierarchical_cluster,"[98, 79, 6, 74, 54, 69, 9]","[76, 59]","{""best_k"": 2, ""best_score"": 0.6529465317726135, ""selected_cluster"": 0, ""cluster_scores"": {""0"": 6.87021541595459, ""1"": 1.9751436710357666}, ""num_trusted"": 7, ""fallback_used"": false}"
50,apra,apra_trust_weighted_clip,"[98, 79, 6, 74, 54, 69, 9]",[],"{""base_clip"": 1.0, ""trust_weights"": {""98"": 0.1666666716337204, ""79"": 0.1666666716337204, ""6"": 0.1666666716337204, ""74"": 0.0, ""54"": 0.1666666716337204, ""69"": 0.1666666716337204, ""9"": 0.1666666716337204}, ""num_aggregated"": 7}"
51,apra,apra_mad_filter,"[40, 47, 50, 44, 74, 62, 58, 30, 79]",[4],"{""median_norm"": 1.3162865948578322, ""mad"": 0.043875881802061256, ""k"": 2.0, ""num_accepted"": 9, ""safety_keep_used"": false, ""fallback_used"": false}"
51,apra,apra_hierarchical_cluster,"[40, 50, 44, 74, 62, 58, 30, 79]",[47],"{""best_k"": 2, ""best_score"": 0.5159813165664673, ""selected_cluster"": 0, ""cluster_scores"": {""0"": 7.771343231201172, ""1"": -1.0}, ""num_trusted"": 8, ""fallback_used"": false}"
51,apra,apra_trust_weighted_clip,"[40, 50, 44, 74, 62, 58, 30, 79]",[],"{""base_clip"": 1.0, ""trust_weights"": {""40"": 0.1428571492433548, ""50"": 0.1428571492433548, ""44"": 0.1428571492433548, ""74"": 0.0, ""62"": 0.1428571492433548, ""58"": 0.1428571492433548, ""30"": 0.1428571492433548, ""79"": 0.1428571492433548}, ""num_aggregated"": 8}"
52,apra,apra_mad_filter,"[13, 5, 85, 26, 99, 88, 33, 44]","[3, 2]","{""median_norm"": 1.4966257595351435, ""mad"": 0.1852411444740657, ""k"": 2.0, ""num_accepted"": 8, ""safety_keep_used"": false, ""fallback_used"": false}"
52,apra,apra_hierarchical_cluster,"[13, 5, 85, 99, 88, 44]","[26, 33]","{""best_k"": 3, ""best_score"": 0.6079778671264648, ""selected_cluster"": 0, ""cluster_scores"": {""0"": 5.978635311126709, ""1"": -1.0, ""2"": -1.0}, ""num_trusted"": 6, ""fallback_used"": false}"
52,apra,apra_trust_weighted_clip,"[13, 5, 85, 99, 88, 44]",[],"{""base_clip"": 1.0, ""trust_weights"": {""13"": 0.20000000298023224, ""5"": 0.20000000298023224, ""85"": 0.20000000298023224, ""99"": 0.20000000298023224, ""88"": 0.20000000298023224, ""44"": 0.0}, ""num_aggregated"": 6}"
53,apra,apra_mad_filter,"[27, 52, 70, 94, 75, 13, 7, 67]","[3, 96]","{""median_norm"": 1.320749950485414, ""mad"": 0.0719876221038116, ""k"": 2.0, ""num_accepted"": 8, ""safety_keep_used"": false, ""fallback_used"": false}"
53,apra,apra_hierarchical_cluster,"[27, 94, 75, 13, 7, 67]","[52, 70]","{""best_k"": 3, ""best_score"": 0.4403258264064789, ""selected_cluster"": 0, ""cluster_scores"": {""0"": 5.972594738006592, ""1"": -1.0, ""2"": -1.0}, ""num_trusted"": 6, ""fallback_used"": false}"
53,apra,apra_trust_weighted_clip,"[27, 94, 75, 13, 7, 67]",[],"{""base_clip"": 1.0, ""trust_weights"": {""27"": 0.0, ""94"": 0.25, ""75"": 0.25, ""13"": 0.25, ""7"": 0.25, ""67"": 0.0}, ""num_aggregated"": 6}"
54,apra,apra_mad_filter,"[38, 91, 87, 64, 41, 55, 80, 82]","[0, 15]","{""median_norm"": 1.2905342685090049, ""mad"": 0.030820930082924525, ""k"": 2.0, ""num_accepted"": 8, ""safety_keep_used"": false, ""fallback_used"": false}"
54,apra,apra_hierarchical_cluster,"[64, 80, 82]","[38, 91, 87, 41, 55]","{""best_k"": 4, ""best_score"": 0.5282630920410156, ""selected_cluster"": 0, ""cluster_scores"": {""0"": 2.997227191925049, ""1"": 1.9990237951278687, ""2"": 1.9960286617279053, ""3"": -1.0}, ""num_trusted"": 3, ""fallback_used"": false}"
54,apra,apra_trust_weighted_clip,"[64, 80, 82]",[],"{""base_clip"": 1.0, ""trust_weights"": {""64"": 0.3333333333333333, ""80"": 0.3333333333333333, ""82"": 0.3333333333333333}, ""num_aggregated"": 3}"
55,apra,apra_mad_filter,"[28, 5, 61, 92, 21, 14, 88, 65, 85]",[2],"{""median_norm"": 1.3406243036924166, ""mad"": 0.07528554213672167, ""k"": 2.0, ""num_accepted"": 9, ""safety_keep_used"": false, ""fallback_used"": false}"
55,apra,apra_hierarchical_cluster,"[28, 5, 61, 92, 21, 14, 65]","[88, 85]","{""best_k"": 3, ""best_score"": 0.6167676448822021, ""selected_cluster"": 0, ""cluster_scores"": {""0"": 6.980870723724365, ""1"": -1.0, ""2"": -1.0}, ""num_trusted"": 7, ""fallback_used"": false}"
55,apra,apra_trust_weighted_clip,"[28, 5, 61, 92, 21, 14, 65]",[],"{""base_clip"": 1.0, ""trust_weights"": {""28"": 0.1666666716337204, ""5"": 0.1666666716337204, ""61"": 0.1666666716337204, ""92"": 0.1666666716337204, ""21"": 0.0, ""14"": 0.1666666716337204, ""65"": 0.1666666716337204}, ""num_aggregated"": 7}"
56,apra,apra_mad_filter,"[59, 85, 9, 87, 93, 55, 74, 76]","[4, 13]","{""median_norm"": 1.363831671047301, ""mad"": 0.0590181579099881, ""k"": 2.0, ""num_accepted"": 8, ""safety_keep_used"": false, ""fallback_used"": false}"
56,apra,apra_hierarchical_cluster,"[85, 9, 87, 93, 55]","[59, 74, 76]","{""best_k"": 3, ""best_score"": 0.5374140739440918, ""selected_cluster"": 1, ""cluster_scores"": {""0"": 1.9878307580947876, ""1"": 4.986911296844482, ""2"": -1.0}, ""num_trusted"": 5, ""fallback_used"": false}"
56,apra,apra_trust_weighted_clip,"[85, 9, 87, 93, 55]",[],"{""base_clip"": 1.0, ""trust_weights"": {""85"": 0.0, ""9"": 0.25, ""87"": 0.25, ""93"": 0.25, ""55"": 0.25}, ""num_aggregated"": 5}"
57,apra,apra_mad_filter,"[41, 65, 60, 24, 30, 53, 32, 40, 98]",[3],"{""median_norm"": 1.2259345363739271, ""mad"": 0.04544487145410836, ""k"": 2.0, ""num_accepted"": 9, ""safety_keep_used"": false, ""fallback_used"": false}"
57,apra,apra_hierarchical_cluster,"[65, 60, 24, 30, 53, 32, 40, 98]",[41],"{""best_k"": 2, ""best_score"": 0.5215744376182556, ""selected_cluster"": 0, ""cluster_scores"": {""0"": 7.959559440612793, ""1"": -1.0}, ""num_trusted"": 8, ""fallback_used"": false}"
57,apra,apra_trust_weighted_clip,"[65, 60, 24, 30, 53, 32, 40, 98]",[],"{""base_clip"": 1.0, ""trust_weights"": {""65"": 0.0, ""60"": 0.0, ""24"": 0.25, ""30"": 0.25, ""53"": 0.0, ""32"": 0.0, ""40"": 0.25, ""98"": 0.25}, ""num_aggregated"": 8}"
58,apra,apra_mad_filter,"[16, 5, 34, 69, 43, 57, 92, 54]","[0, 72]","{""median_norm"": 1.294815275584316, ""mad"": 0.07369012866492797, ""k"": 2.0, ""num_accepted"": 8, ""safety_keep_used"": false, ""fallback_used"": false}"
58,apra,apra_hierarchical_cluster,"[16, 5, 34, 69, 43, 57, 92]",[54],"{""best_k"": 2, ""best_score"": 0.43385976552963257, ""selected_cluster"": 0, ""cluster_scores"": {""0"": 6.964766502380371, ""1"": -1.0}, ""num_trusted"": 7, ""fallback_used"": false}"
58,apra,apra_trust_weighted_clip,"[16, 5, 34, 69, 43, 57, 92]",[],"{""base_clip"": 1.0, ""trust_weights"": {""16"": 0.1666666716337204, ""5"": 0.1666666716337204, ""34"": 0.1666666716337204, ""69"": 0.1666666716337204, ""43"": 0.1666666716337204, ""57"": 0.1666666716337204, ""92"": 0.0}, ""num_aggregated"": 7}"
59,apra,apra_mad_filter,"[15, 19, 50, 42, 62, 89, 21, 9]","[3, 71]","{""median_norm"": 1.2626359246688392, ""mad"": 0.04468733679907089, ""k"": 2.0, ""num_accepted"": 8, ""safety_keep_used"": false, ""fallback_used"": false}"
59,apra,apra_hierarchical_cluster,"[15, 19, 50, 42, 89, 21, 9]",[62],"{""best_k"": 2, ""best_score"": 0.705337405204773, ""selected_cluster"": 0, ""cluster_scores"": {""0"": 6.970667839050293, ""1"": -1.0}, ""num_trusted"": 7, ""fallback_used"": false}"
59,apra,apra_trust_weighted_clip,"[15, 19, 50, 42, 89, 21, 9]",[],"{""base_clip"": 1.0, ""trust_weights"": {""15"": 0.20000000298023224, ""19"": 0.20000000298023224, ""50"": 0.20000000298023224, ""42"": 0.0, ""89"": 0.20000000298023224, ""21"": 0.20000000298023224, ""9"": 0.0}, ""num_aggregated"": 7}"
60,apra,apra_mad_filter,"[19, 99, 76, 16, 22, 63, 98, 72, 80]",[4],"{""median_norm"": 1.3694451913538026, ""mad"": 0.06123465038243958, ""k"": 2.0, ""num_accepted"": 9, ""safety_keep_used"": false, ""fallback_used"": false}"
60,apra,apra_hierarchical_cluster,"[19, 99, 16, 22, 63, 98, 72, 80]",[76],"{""best_k"": 2, ""best_score"": 0.6337895393371582, ""selected_cluster"": 0, ""cluster_scores"": {""0"": 7.965127944946289, ""1"": -1.0}, ""num_trusted"": 8, ""fallback_used"": false}"
60,apra,apra_trust_weighted_clip,"[19, 99, 16, 22, 63, 98, 72, 80]",[],"{""base_clip"": 1.0, ""trust_weights"": {""19"": 0.1666666716337204, ""99"": 0.0, ""16"": 0.1666666716337204, ""22"": 0.1666666716337204, ""63"": 0.1666666716337204, ""98"": 0.1666666716337204, ""72"": 0.0, ""80"": 0.1666666716337204}, ""num_aggregated"": 8}"
61,apra,apra_mad_filter,"[66, 47, 84, 22, 34, 74, 87, 75, 9]",[4],"{""median_norm"": 1.2999582967559573, ""mad"": 0.03977846758270809, ""k"": 2.0, ""num_accepted"": 9, ""safety_keep_used"": false, ""fallback_used"": false}"
61,apra,apra_hierarchical_cluster,"[66, 47, 84, 22, 34, 87, 75, 9]",[74],"{""best_k"": 2, ""best_score"": 0.48946359753608704, ""selected_cluster"": 0, ""cluster_scores"": {""0"": 7.867030143737793, ""1"": -1.0}, ""num_trusted"": 8, ""fallback_used"": false}"
61,apra,apra_trust_weighted_clip,"[66, 47, 84, 22, 34, 87, 75, 9]",[],"{""base_clip"": 1.0, ""trust_weights"": {""66"": 0.14407053589820862, ""47"": 0.13557684421539307, ""84"": 0.0, ""22"": 0.14407053589820862, ""34"": 0.14407053589820862, ""87"": 0.14407053589820862, ""75"": 0.14407053589820862, ""9"": 0.14407053589820862}, ""num_aggregated"": 8}"
62,apra,apra_mad_filter,"[52, 82, 38, 13, 93, 90, 45]","[4, 3, 68]","{""median_norm"": 1.218948205288204, ""mad"": 0.09387800388261225, ""k"": 2.0, ""num_accepted"": 7, ""safety_keep_used"": false, ""fallback_used"": false}"
62,apra,apra_hierarchical_cluster,"[13, 93, 45]","[52, 82, 38, 90]","{""best_k"": 3, ""best_score"": 0.531572163105011, ""selected_cluster"": 0, ""cluster_scores"": {""0"": 2.9997196197509766, ""1"": 1.9998664855957031, ""2"": 1.9999134540557861}, ""num_trusted"": 3, ""fallback_used"": false}"
62,apra,apra_trust_weighted_clip,"[13, 93, 45]",[],"{""base_clip"": 1.0, ""trust_weights"": {""13"": 0.5, ""93"": 0.5, ""45"": 0.0}, ""num_aggregated"": 3}"
63,apra,apra_mad_filter,"[43, 48, 25, 60, 92, 30, 8, 36]","[4, 91]","{""median_norm"": 1.4477031720417868, ""mad"": 0.06399925002602758, ""k"": 2.0, ""num_accepted"": 8, ""safety_keep_used"": false, ""fallback_used"": false}"
63,apra,apra_hierarchical_cluster,"[43, 48, 25, 60, 30, 8, 36]",[92],"{""best_k"": 2, ""best_score"": 0.36019325256347656, ""selected_cluster"": 0, ""cluster_scores"": {""0"": 6.864614486694336, ""1"": -1.0}, ""num_trusted"": 7, ""fallback_used"": false}"
63,apra,apra_trust_weighted_clip,"[43, 48, 25, 60, 30, 8, 36]",[],"{""base_clip"": 1.0, ""trust_weights"": {""43"": 0.1666666716337204, ""48"": 0.1666666716337204, ""25"": 0.1666666716337204, ""60"": 0.1666666716337204, ""30"": 0.1666666716337204, ""8"": 0.0, ""36"": 0.1666666716337204}, ""num_aggregated"": 7}"
64,apra,apra_mad_filter,"[59, 54, 27, 16, 42, 48, 73, 52]","[1, 68]","{""median_norm"": 1.297194952140472, ""mad"": 0.054810453027701045, ""k"": 2.0, ""num_accepted"": 8, ""safety_keep_used"": false, ""fallback_used"": false}"
64,apra,apra_hierarchical_cluster,"[59, 27, 42, 48, 73, 52]","[54, 16]","{""best_k"": 2, ""best_score"": 0.6832220554351807, ""selected_cluster"": 0, ""cluster_scores"": {""0"": 5.953855514526367, ""1"": 1.99558687210083}, ""num_trusted"": 6, ""fallback_used"": false}"
64,apra,apra_trust_weighted_clip,"[59, 27, 42, 48, 73, 52]",[],"{""base_clip"": 1.0, ""trust_weights"": {""59"": 0.20000000298023224, ""27"": 0.20000000298023224, ""42"": 0.20000000298023224, ""48"": 0.0, ""73"": 0.20000000298023224, ""52"": 0.20000000298023224}, ""num_aggregated"": 6}"
65,apra,apra_mad_filter,"[64, 16, 56, 97, 80, 33, 91]","[3, 2, 71]","{""median_norm"": 1.3219760687898776, ""mad"": 0.13838639455327784, ""k"": 2.0, ""num_accepted"": 7, ""safety_keep_used"": false, ""fallback_used"": false}"
65,apra,apra_hierarchical_cluster,"[64, 16, 56, 97, 80, 91]",[33],"{""best_k"": 2, ""best_score"": 0.7802466154098511, ""selected_cluster"": 0, ""cluster_scores"": {""0"": 5.999716281890869, ""1"": -1.0}, ""num_trusted"": 6, ""fallback_used"": false}"
65,apra,apra_trust_weighted_clip,"[64, 16, 56, 97, 80, 91]",[],"{""base_clip"": 1.0, ""trust_weights"": {""64"": 0.07327402383089066, ""16"": 0.2316814810037613, ""56"": 0.2316814810037613, ""97"": 0.0, ""80"": 0.2316814810037613, ""91"": 0.2316814810037613}, ""num_aggregated"": 6}"
66,apra,apra_mad_filter,"[35, 96, 40, 8, 94, 5, 57, 48]","[0, 1]","{""median_norm"": 1.4534550756387183, ""mad"": 0.10575401091690662, ""k"": 2.0, ""num_accepted"": 8, ""safety_keep_used"": false, ""fallback_used"": false}"
66,apra,apra_hierarchical_cluster,"[96, 40, 8, 94, 5, 57, 48]",[35],"{""best_k"": 2, ""best_score"": 0.6944094896316528, ""selected_cluster"": 0, ""cluster_scores"": {""0"": 6.944482803344727, ""1"": -1.0}, ""num_trusted"": 7, ""fallback_used"": false}"
66,apra,apra_trust_weighted_clip,"[96, 40, 8, 94, 5, 57, 48]",[],"{""base_clip"": 1.0, ""trust_weights"": {""96"": 0.0, ""40"": 0.1666666716337204, ""8"": 0.1666666716337204, ""94"": 0.1666666716337204, ""5"": 0.1666666716337204, ""57"": 0.1666666716337204, ""48"": 0.1666666716337204}, ""num_aggregated"": 7}"
67,apra,apra_mad_filter,"[6, 20, 31, 16, 7, 94, 55, 40, 57]",[3],"{""median_norm"": 1.2573045024600553, ""mad"": 0.061830730395410094, ""k"": 2.0, ""num_accepted"": 9, ""safety_keep_used"": false, ""fallback_used"": false}"
67,apra,apra_hierarchical_cluster,"[6, 31, 16, 7, 94, 55, 40, 57]",[20],"{""best_k"": 2, ""best_score"": 0.6222299337387085, ""selected_cluster"": 0, ""cluster_scores"": {""0"": 7.9587860107421875, ""1"": -1.0}, ""num_trusted"": 8, ""fallback_used"": false}"
67,apra,apra_trust_weighted_clip,"[6, 31, 16, 7, 94, 55, 40, 57]",[],"{""base_clip"": 1.0, ""trust_weights"": {""6"": 0.0, ""31"": 0.16943451762199402, ""16"": 0.16943451762199402, ""7"": 0.0, ""94"": 0.16943451762199402, ""55"": 0.1528274267911911, ""40"": 0.16943451762199402, ""57"": 0.16943451762199402}, ""num_aggregated"": 8}"
68,apra,apra_mad_filter,"[63, 21, 75, 53, 68, 95, 23, 94, 72]",[4],"{""median_norm"": 1.3294603835327048, ""mad"": 0.08169864795153303, ""k"": 2.0, ""num_accepted"": 9, ""safety_keep_used"": false, ""fallback_used"": false}"
68,apra,apra_hierarchical_cluster,"[63, 21, 75, 53, 95, 23, 94, 72]",[68],"{""best_k"": 2, ""best_score"": 0.666090726852417, ""selected_cluster"": 0, ""cluster_scores"": {""0"": 7.842911243438721, ""1"": -1.0}, ""num_trusted"": 8, ""fallback_used"": false}"
68,apra,apra_trust_weighted_clip,"[63, 21, 75, 53, 95, 23, 94, 72]",[],"{""base_clip"": 1.0, ""trust_weights"": {""63"": 0.14387978613376617, ""21"": 0.14387978613376617, ""75"": 0.14387978613376617, ""53"": 0.14387978613376617, ""95"": 0.14387978613376617, ""23"": 0.13672126829624176, ""94"": 0.14387978613376617, ""72"": 0.0}, ""num_aggregated"": 8}"
69,apra,apra_mad_filter,"[85, 43, 96, 40, 20, 59, 27, 35, 34]",[4],"{""median_norm"": 1.2841055316390113, ""mad"": 0.08760706318610612, ""k"": 2.0, ""num_accepted"": 9, ""safety_keep_used"": false, ""fallback_used"": false}"
69,apra,apra_hierarchical_cluster,"[85, 43, 96, 40, 59, 27, 35, 34]",[20],"{""best_k"": 2, ""best_score"": 0.5564671158790588, ""selected_cluster"": 0, ""cluster_scores"": {""0"": 7.972935676574707, ""1"": -1.0}, ""num_trusted"": 8, ""fallback_used"": false}"
69,apra,apra_trust_weighted_clip,"[85, 43, 96, 40, 59, 27, 35, 34]",[],"{""base_clip"": 1.0, ""trust_weights"": {""85"": 0.1428571492433548, ""43"": 0.1428571492433548, ""96"": 0.1428571492433548, ""40"": 0.1428571492433548, ""59"": 0.1428571492433548, ""27"": 0.1428571492433548, ""35"": 0.0, ""34"": 0.1428571492433548}, ""num_aggregated"": 8}"
70,apra,apra_mad_filter,"[92, 63, 74, 95, 77, 20, 48, 15, 83]",[4],"{""median_norm"": 1.303448848310245, ""mad"": 0.052564146731748806, ""k"": 2.0, ""num_accepted"": 9, ""safety_keep_used"": false, ""fallback_used"": false}"
70,apra,apra_hierarchical_cluster,"[92, 63, 74, 95, 77, 48, 15, 83]",[20],"{""best_k"": 2, ""best_score"": 0.5604050755500793, ""selected_cluster"": 0, ""cluster_scores"": {""0"": 7.934247016906738, ""1"": -1.0}, ""num_trusted"": 8, ""fallback_used"": false}"
70,apra,apra_trust_weighted_clip,"[92, 63, 74, 95, 77, 48, 15, 83]",[],"{""base_clip"": 1.0, ""trust_weights"": {""92"": 0.1666666716337204, ""63"": 0.0, ""74"": 0.1666666716337204, ""95"": 0.1666666716337204, ""77"": 0.1666666716337204, ""48"": 0.0, ""15"": 0.1666666716337204, ""83"": 0.1666666716337204}, ""num_aggregated"": 8}"
71,apra,apra_mad_filter,"[62, 89, 25, 53, 81, 42, 36, 58, 94]",[4],"{""median_norm"": 1.2529261857255378, ""mad"": 0.03410785892700974, ""k"": 2.0, ""num_accepted"": 9, ""safety_keep_used"": false, ""fallback_used"": false}"
71,apra,apra_hierarchical_cluster,"[89, 25, 53, 81, 42, 36, 58, 94]",[62],"{""best_k"": 2, ""best_score"": 0.5652610063552856, ""selected_cluster"": 0, ""cluster_scores"": {""0"": 7.763049125671387, ""1"": -1.0}, ""num_trusted"": 8, ""fallback_used"": false}"
71,apra,apra_trust_weighted_clip,"[89, 25, 53, 81, 42, 36, 58, 94]",[],"{""base_clip"": 1.0, ""trust_weights"": {""89"": 0.1666666716337204, ""25"": 0.0, ""53"": 0.1666666716337204, ""81"": 0.1666666716337204, ""42"": 0.1666666716337204, ""36"": 0.1666666716337204, ""58"": 0.0, ""94"": 0.1666666716337204}, ""num_aggregated"": 8}"
72,apra,apra_mad_filter,"[66, 60, 90, 86, 94, 32, 62, 9]","[2, 72]","{""median_norm"": 1.311751432354992, ""mad"": 0.05439653555055102, ""k"": 2.0, ""num_accepted"": 8, ""safety_keep_used"": false, ""fallback_used"": false}"
72,apra,apra_hierarchical_cluster,"[66, 90, 86, 94, 32, 9]","[60, 62]","{""best_k"": 2, ""best_score"": 0.4180997610092163, ""selected_cluster"": 0, ""cluster_scores"": {""0"": 5.982961177825928, ""1"": 1.9955233335494995}, ""num_trusted"": 6, ""fallback_used"": false}"
72,apra,apra_trust_weighted_clip,"[66, 90, 86, 94, 32, 9]",[],"{""base_clip"": 1.0, ""trust_weights"": {""66"": 0.0, ""90"": 0.20585180819034576, ""86"": 0.17659275233745575, ""94"": 0.20585180819034576, ""32"": 0.20585180819034576, ""9"": 0.20585180819034576}, ""num_aggregated"": 6}"
73,apra,apra_mad_filter,"[90, 42, 25, 76, 96, 19, 46, 83, 92]",[0],"{""median_norm"": 1.3355950522173474, ""mad"": 0.09670182510390768, ""k"": 2.0, ""num_accepted"": 9, ""safety_keep_used"": false, ""fallback_used"": false}"
73,apra,apra_hierarchical_cluster,"[90, 42, 25, 96, 19, 46, 83, 92]",[76],"{""best_k"": 2, ""best_score"": 0.7405393123626709, ""selected_cluster"": 0, ""cluster_scores"": {""0"": 7.91871976852417, ""1"": -1.0}, ""num_trusted"": 8, ""fallback_used"": false}"
73,apra,apra_trust_weighted_clip,"[90, 42, 25, 96, 19, 46, 83, 92]",[],"{""base_clip"": 1.0, ""trust_weights"": {""90"": 0.1428571492433548, ""42"": 0.1428571492433548, ""25"": 0.1428571492433548, ""96"": 0.1428571492433548, ""19"": 0.1428571492433548, ""46"": 0.1428571492433548, ""83"": 0.0, ""92"": 0.1428571492433548}, ""num_aggregated"": 8}"
74,apra,apra_mad_filter,"[8, 56, 89, 64, 59, 16, 42, 25]","[4, 72]","{""median_norm"": 1.2109769684883234, ""mad"": 0.03540584422757731, ""k"": 2.0, ""num_accepted"": 8, ""safety_keep_used"": false, ""fallback_used"": false}"
74,apra,apra_hierarchical_cluster,"[8, 56, 89, 64, 16, 42, 25]",[59],"{""best_k"": 2, ""best_score"": 0.5251638889312744, ""selected_cluster"": 0, ""cluster_scores"": {""0"": 6.373679161071777, ""1"": -1.0}, ""num_trusted"": 7, ""fallback_used"": false}"
74,apra,apra_trust_weighted_clip,"[8, 56, 89, 64, 16, 42, 25]",[],"{""base_clip"": 1.0, ""trust_weights"": {""8"": 0.0, ""56"": 0.1666666716337204, ""89"": 0.1666666716337204, ""64"": 0.1666666716337204, ""16"": 0.1666666716337204, ""42"": 0.1666666716337204, ""25"": 0.1666666716337204}, ""num_aggregated"": 7}"
75,apra,apra_mad_filter,"[99, 82, 14, 61, 38, 29, 90]","[3, 0, 2]","{""median_norm"": 1.357760465115736, ""mad"": 0.11428922414726117, ""k"": 2.0, ""num_accepted"": 7, ""safety_keep_used"": false, ""fallback_used"": false}"
75,apra,apra_hierarchical_cluster,"[99, 14, 61, 38, 29, 90]",[82],"{""best_k"": 2, ""best_score"": 0.6833388209342957, ""selected_cluster"": 0, ""cluster_scores"": {""0"": 5.998308181762695, ""1"": -1.0}, ""num_trusted"": 6, ""fallback_used"": false}"
75,apra,apra_trust_weighted_clip,"[99, 14, 61, 38, 29, 90]",[],"{""base_clip"": 1.0, ""trust_weights"": {""99"": 0.0, ""14"": 0.16688412427902222, ""61"": 0.2428564578294754, ""38"": 0.2428564578294754, ""29"": 0.2428564578294754, ""90"": 0.10454650223255157}, ""num_aggregated"": 6}"
76,apra,apra_mad_filter,"[8, 21, 45, 49, 6, 38, 16, 26, 13]",[2],"{""median_norm"": 1.2084108975287062, ""mad"": 0.0831712815033856, ""k"": 2.0, ""num_accepted"": 9, ""safety_keep_used"": false, ""fallback_used"": false}"
76,apra,apra_hierarchical_cluster,"[8, 21, 45, 49, 6, 38, 16, 13]",[26],"{""best_k"": 2, ""best_score"": 0.7293628454208374, ""selected_cluster"": 0, ""cluster_scores"": {""0"": 7.925053119659424, ""1"": -1.0}, ""num_trusted"": 8, ""fallback_used"": false}"
76,apra,apra_trust_weighted_clip,"[8, 21, 45, 49, 6, 38, 16, 13]",[],"{""base_clip"": 1.0, ""trust_weights"": {""8"": 0.1428571492433548, ""21"": 0.1428571492433548, ""45"": 0.1428571492433548, ""49"": 0.1428571492433548, ""6"": 0.1428571492433548, ""38"": 0.1428571492433548, ""16"": 0.1428571492433548, ""13"": 0.0}, ""num_aggregated"": 8}"
77,apra,apra_mad_filter,"[88, 51, 64, 60, 46, 19, 62, 57]","[3, 0]","{""median_norm"": 1.357958033632871, ""mad"": 0.06318489075969658, ""k"": 2.0, ""num_accepted"": 8, ""safety_keep_used"": false, ""fallback_used"": false}"
77,apra,apra_hierarchical_cluster,"[64, 60, 46, 19, 62, 57]","[88, 51]","{""best_k"": 3, ""best_score"": 0.604297399520874, ""selected_cluster"": 0, ""cluster_scores"": {""0"": 5.998963356018066, ""1"": -1.0, ""2"": -1.0}, ""num_trusted"": 6, ""fallback_used"": false}"
77,apra,apra_trust_weighted_clip,"[64, 60, 46, 19, 62, 57]",[],"{""base_clip"": 1.0, ""trust_weights"": {""64"": 0.25, ""60"": 0.0, ""46"": 0.0, ""19"": 0.25, ""62"": 0.25, ""57"": 0.25}, ""num_aggregated"": 6}"
78,apra,apra_mad_filter,"[58, 74, 91, 95, 89, 60, 14, 57]","[0, 20]","{""median_norm"": 1.2483937577046205, ""mad"": 0.03020024518558906, ""k"": 2.0, ""num_accepted"": 8, ""safety_keep_used"": false, ""fallback_used"": false}"
78,apra,apra_hierarchical_cluster,"[74, 91, 95, 89, 60, 14, 57]",[58],"{""best_k"": 2, ""best_score"": 0.4982234835624695, ""selected_cluster"": 0, ""cluster_scores"": {""0"": 6.94263219833374, ""1"": -1.0}, ""num_trusted"": 7, ""fallback_used"": false}"
78,apra,apra_trust_weighted_clip,"[74, 91, 95, 89, 60, 14, 57]",[],"{""base_clip"": 1.0, ""trust_weights"": {""74"": 0.0, ""91"": 0.18057891726493835, ""95"": 0.18057891726493835, ""89"": 0.18057891726493835, ""60"": 0.09710539132356644, ""14"": 0.18057891726493835, ""57"": 0.18057891726493835}, ""num_aggregated"": 7}"
79,apra,apra_mad_filter,"[28, 95, 42, 53, 98, 38, 23, 90]","[3, 1]","{""median_norm"": 1.2824934629796125, ""mad"": 0.10910854167260176, ""k"": 2.0, ""num_accepted"": 8, ""safety_keep_used"": false, ""fallback_used"": false}"
79,apra,apra_hierarchical_cluster,"[28, 95, 42, 53, 38, 23, 90]",[98],"{""best_k"": 2, ""best_score"": 0.5715399980545044, ""selected_cluster"": 0, ""cluster_scores"": {""0"": 6.9954657554626465, ""1"": -1.0}, ""num_trusted"": 7, ""fallback_used"": false}"
79,apra,apra_trust_weighted_clip,"[28, 95, 42, 53, 38, 23, 90]",[],"{""base_clip"": 1.0, ""trust_weights"": {""28"": 0.13196103274822235, ""95"": 0.17360779643058777, ""42"": 0.17360779643058777, ""53"": 0.17360779643058777, ""38"": 0.17360779643058777, ""23"": 0.0, ""90"": 0.17360779643058777}, ""num_aggregated"": 7}"
80,apra,apra_mad_filter,"[21, 73, 93, 78, 89, 38, 27, 66]","[3, 4]","{""median_norm"": 1.295650373146311, ""mad"": 0.055128209581488785, ""k"": 2.0, ""num_accepted"": 8, ""safety_keep_used"": false, ""fallback_used"": false}"
80,apra,apra_hierarchical_cluster,"[21, 93, 78, 89, 38]","[73, 27, 66]","{""best_k"": 3, ""best_score"": 0.6129006743431091, ""selected_cluster"": 0, ""cluster_scores"": {""0"": 4.998459339141846, ""1"": 1.9998971223831177, ""2"": -1.0}, ""num_trusted"": 5, ""fallback_used"": false}"
80,apra,apra_trust_weighted_clip,"[21, 93, 78, 89, 38]",[],"{""base_clip"": 1.0, ""trust_weights"": {""21"": 0.25, ""93"": 0.0, ""78"": 0.25, ""89"": 0.25, ""38"": 0.25}, ""num_aggregated"": 5}"
81,apra,apra_mad_filter,"[81, 13, 63, 93, 53, 60, 51, 18, 22]",[4],"{""median_norm"": 1.3874451907997019, ""mad"": 0.10766694846531177, ""k"": 2.0, ""num_accepted"": 9, ""safety_keep_used"": false, ""fallback_used"": false}"
81,apra,apra_hierarchical_cluster,"[81, 63, 93, 53, 60, 51, 18, 22]",[13],"{""best_k"": 2, ""best_score"": 0.4931107759475708, ""selected_cluster"": 0, ""cluster_scores"": {""0"": 7.876260757446289, ""1"": -1.0}, ""num_trusted"": 8, ""fallback_used"": false}"
81,apra,apra_trust_weighted_clip,"[81, 63, 93, 53, 60, 51, 18, 22]",[],"{""base_clip"": 1.0, ""trust_weights"": {""81"": 0.1666666716337204, ""63"": 0.1666666716337204, ""93"": 0.1666666716337204, ""53"": 0.1666666716337204, ""60"": 0.1666666716337204, ""51"": 0.0, ""18"": 0.0, ""22"": 0.1666666716337204}, ""num_aggregated"": 8}"
82,apra,apra_mad_filter,"[5, 19, 95, 45, 40, 32, 10, 51, 82]",[3],"{""median_norm"": 1.3434160220576525, ""mad"": 0.10693829373065245, ""k"": 2.0, ""num_accepted"": 9, ""safety_keep_used"": false, ""fallback_used"": false}"
82,apra,apra_hierarchical_cluster,"[5, 19, 95, 45, 32, 82]","[40, 10, 51]","{""best_k"": 3, ""best_score"": 0.5883395075798035, ""selected_cluster"": 0, ""cluster_scores"": {""0"": 5.952003479003906, ""1"": -1.0, ""2"": 1.9895830154418945}, ""num_trusted"": 6, ""fallback_used"": false}"
82,apra,apra_trust_weighted_clip,"[5, 19, 95, 45, 32, 82]",[],"{""base_clip"": 1.0, ""trust_weights"": {""5"": 0.25, ""19"": 0.0, ""95"": 0.25, ""45"": 0.25, ""32"": 0.25, ""82"": 0.0}, ""num_aggregated"": 6}"
83,apra,apra_mad_filter,"[74, 9, 41, 66, 40, 54, 35, 62, 17]",[1],"{""median_norm"": 1.2997032095886514, ""mad"": 0.06019708145637048, ""k"": 2.0, ""num_accepted"": 9, ""safety_keep_used"": false, ""fallback_used"": false}"
83,apra,apra_hierarchical_cluster,"[74, 9, 41, 66, 40, 54, 62, 17]",[35],"{""best_k"": 2, ""best_score"": 0.46529504656791687, ""selected_cluster"": 0, ""cluster_scores"": {""0"": 6.591909408569336, ""1"": -1.0}, ""num_trusted"": 8, ""fallback_used"": false}"
83,apra,apra_trust_weighted_clip,"[74, 9, 41, 66, 40, 54, 62, 17]",[],"{""base_clip"": 1.0, ""trust_weights"": {""74"": 0.0, ""9"": 0.20000000298023224, ""41"": 0.20000000298023224, ""66"": 0.20000000298023224, ""40"": 0.20000000298023224, ""54"": 0.0, ""62"": 0.0, ""17"": 0.20000000298023224}, ""num_aggregated"": 8}"
84,apra,apra_mad_filter,"[54, 7, 37, 50, 60, 66, 21, 84, 6]",[2],"{""median_norm"": 1.2608453085339484, ""mad"": 0.041304251453232244, ""k"": 2.0, ""num_accepted"": 9, ""safety_keep_used"": false, ""fallback_used"": false}"
84,apra,apra_hierarchical_cluster,"[7, 37, 50, 60, 66, 21, 84, 6]",[54],"{""best_k"": 2, ""best_score"": 0.45193153619766235, ""selected_cluster"": 0, ""cluster_scores"": {""0"": 7.711784839630127, ""1"": -1.0}, ""num_trusted"": 8, ""fallback_used"": false}"
84,apra,apra_trust_weighted_clip,"[7, 37, 50, 60, 66, 21, 84, 6]",[],"{""base_clip"": 1.0, ""trust_weights"": {""7"": 0.15647836029529572, ""37"": 0.0, ""50"": 0.061129916459321976, ""60"": 0.15647836029529572, ""66"": 0.15647836029529572, ""21"": 0.15647836029529572, ""84"": 0.15647836029529572, ""6"": 0.15647836029529572}, ""num_aggregated"": 8}"
85,apra,apra_mad_filter,"[56, 80, 51, 89, 14, 41, 91, 90]","[1, 3]","{""median_norm"": 1.230589278377788, ""mad"": 0.07805838185237823, ""k"": 2.0, ""num_accepted"": 8, ""safety_keep_used"": false, ""fallback_used"": false}"
85,apra,apra_hierarchical_cluster,"[56, 80, 89, 14, 41, 91, 90]",[51],"{""best_k"": 2, ""best_score"": 0.6309078931808472, ""selected_cluster"": 0, ""cluster_scores"": {""0"": 6.994837284088135, ""1"": -1.0}, ""num_trusted"": 7, ""fallback_used"": false}"
85,apra,apra_trust_weighted_clip,"[56, 80, 89, 14, 41, 91, 90]",[],"{""base_clip"": 1.0, ""trust_weights"": {""56"": 0.1666666716337204, ""80"": 0.1666666716337204, ""89"": 0.1666666716337204, ""14"": 0.1666666716337204, ""41"": 0.0, ""91"": 0.1666666716337204, ""90"": 0.1666666716337204}, ""num_aggregated"": 7}"
86,apra,apra_mad_filter,"[5, 85, 24, 51, 9, 31]","[2, 33, 4, 90]","{""median_norm"": 1.439869466914331, ""mad"": 0.05954549368070272, ""k"": 2.0, ""num_accepted"": 6, ""safety_keep_used"": false, ""fallback_used"": false}"
86,apra,apra_hierarchical_cluster,"[5, 24, 9, 31]","[85, 51]","{""best_k"": 2, ""best_score"": 0.6182979941368103, ""selected_cluster"": 1, ""cluster_scores"": {""0"": 1.9999747276306152, ""1"": 3.999789237976074}, ""num_trusted"": 4, ""fallback_used"": false}"
86,apra,apra_trust_weighted_clip,"[5, 24, 9, 31]",[],"{""base_clip"": 1.0, ""trust_weights"": {""5"": 0.0, ""24"": 0.1631123572587967, ""9"": 0.41844382882118225, ""31"": 0.41844382882118225}, ""num_aggregated"": 4}"
87,apra,apra_mad_filter,"[12, 18, 20, 99, 87, 8, 92]","[4, 61, 29]","{""median_norm"": 1.1774285745437711, ""mad"": 0.017679576889415904, ""k"": 2.0, ""num_accepted"": 7, ""safety_keep_used"": false, ""fallback_used"": false}"
87,apra,apra_hierarchical_cluster,"[12, 18, 99, 87, 8, 92]",[20],"{""best_k"": 2, ""best_score"": 0.5221072435379028, ""selected_cluster"": 0, ""cluster_scores"": {""0"": 5.8040924072265625, ""1"": -1.0}, ""num_trusted"": 6, ""fallback_used"": false}"
87,apra,apra_trust_weighted_clip,"[12, 18, 99, 87, 8, 92]",[],"{""base_clip"": 1.0, ""trust_weights"": {""12"": 0.20000000298023224, ""18"": 0.20000000298023224, ""99"": 0.20000000298023224, ""87"": 0.20000000298023224, ""8"": 0.20000000298023224, ""92"": 0.0}, ""num_aggregated"": 6}"
88,apra,apra_mad_filter,"[50, 57, 56, 52, 42, 37, 84, 30]","[3, 0]","{""median_norm"": 1.3192072457123212, ""mad"": 0.05128597075837138, ""k"": 2.0, ""num_accepted"": 8, ""safety_keep_used"": false, ""fallback_used"": false}"
88,apra,apra_hierarchical_cluster,"[57, 56, 52, 42, 37, 30]","[50, 84]","{""best_k"": 3, ""best_score"": 0.5434980392456055, ""selected_cluster"": 0, ""cluster_scores"": {""0"": 5.98708438873291, ""1"": -1.0, ""2"": -1.0}, ""num_trusted"": 6, ""fallback_used"": false}"
88,apra,apra_trust_weighted_clip,"[57, 56, 52, 42, 37, 30]",[],"{""base_clip"": 1.0, ""trust_weights"": {""57"": 0.08184782415628433, ""56"": 0.2656228244304657, ""52"": 0.2656228244304657, ""42"": 0.0, ""37"": 0.12128373980522156, ""30"": 0.2656228244304657}, ""num_aggregated"": 6}"
89,apra,apra_mad_filter,"[36, 21, 81, 84, 15, 89, 53, 73, 29]",[1],"{""median_norm"": 1.3835667787419856, ""mad"": 0.06945103416109522, ""k"": 2.0, ""num_accepted"": 9, ""safety_keep_used"": false, ""fallback_used"": false}"
89,apra,apra_hierarchical_cluster,"[36, 21, 81, 84, 15, 89, 53, 29]",[73],"{""best_k"": 2, ""best_score"": 0.5263904929161072, ""selected_cluster"": 0, ""cluster_scores"": {""0"": 7.9446120262146, ""1"": -1.0}, ""num_trusted"": 8, ""fallback_used"": false}"
89,apra,apra_trust_weighted_clip,"[36, 21, 81, 84, 15, 89, 53, 29]",[],"{""base_clip"": 1.0, ""trust_weights"": {""36"": 0.1428571492433548, ""21"": 0.1428571492433548, ""81"": 0.1428571492433548, ""84"": 0.1428571492433548, ""15"": 0.1428571492433548, ""89"": 0.1428571492433548, ""53"": 0.1428571492433548, ""29"": 0.0}, ""num_aggregated"": 8}"
90,apra,apra_mad_filter,"[29, 90, 22, 65, 96, 56, 10, 60, 71]",[2],"{""median_norm"": 1.3203856996167238, ""mad"": 0.08718361990959445, ""k"": 2.0, ""num_accepted"": 9, ""safety_keep_used"": false, ""fallback_used"": false}"
90,apra,apra_hierarchical_cluster,"[29, 90, 22, 65, 96, 56, 10, 60]",[71],"{""best_k"": 2, ""best_score"": 0.7124674916267395, ""selected_cluster"": 0, ""cluster_scores"": {""0"": 7.8952131271362305, ""1"": -1.0}, ""num_trusted"": 8, ""fallback_used"": false}"
90,apra,apra_trust_weighted_clip,"[29, 90, 22, 65, 96, 56, 10, 60]",[],"{""base_clip"": 1.0, ""trust_weights"": {""29"": 0.1666666716337204, ""90"": 0.0, ""22"": 0.1666666716337204, ""65"": 0.0, ""96"": 0.1666666716337204, ""56"": 0.1666666716337204, ""10"": 0.1666666716337204, ""60"": 0.1666666716337204}, ""num_aggregated"": 8}"
91,apra,apra_mad_filter,"[47, 9, 31, 67, 5, 43, 58, 29]","[0, 71]","{""median_norm"": 1.3219582340027474, ""mad"": 0.06575761839011895, ""k"": 2.0, ""num_accepted"": 8, ""safety_keep_used"": false, ""fallback_used"": false}"
91,apra,apra_hierarchical_cluster,"[9, 31, 67, 5, 43, 58, 29]",[47],"{""best_k"": 2, ""best_score"": 0.7110109925270081, ""selected_cluster"": 0, ""cluster_scores"": {""0"": 6.961861610412598, ""1"": -1.0}, ""num_trusted"": 7, ""fallback_used"": false}"
91,apra,apra_trust_weighted_clip,"[9, 31, 67, 5, 43, 58, 29]",[],"{""base_clip"": 1.0, ""trust_weights"": {""9"": 0.19832299649715424, ""31"": 0.031592682003974915, ""67"": 0.19832299649715424, ""5"": 0.17511534690856934, ""43"": 0.0, ""58"": 0.19832299649715424, ""29"": 0.19832299649715424}, ""num_aggregated"": 7}"
92,apra,apra_mad_filter,"[15, 29, 49, 57, 72, 97, 84, 50, 38]",[1],"{""median_norm"": 1.3277403144934161, ""mad"": 0.05974066071712336, ""k"": 2.0, ""num_accepted"": 9, ""safety_keep_used"": false, ""fallback_used"": false}"
92,apra,apra_hierarchical_cluster,"[15, 29, 49, 57, 72, 84, 38]","[97, 50]","{""best_k"": 3, ""best_score"": 0.5270025730133057, ""selected_cluster"": 0, ""cluster_scores"": {""0"": 6.926056861877441, ""1"": -1.0, ""2"": -1.0}, ""num_trusted"": 7, ""fallback_used"": false}"
92,apra,apra_trust_weighted_clip,"[15, 29, 49, 57, 72, 84, 38]",[],"{""base_clip"": 1.0, ""trust_weights"": {""15"": 0.1666666716337204, ""29"": 0.1666666716337204, ""49"": 0.1666666716337204, ""57"": 0.1666666716337204, ""72"": 0.0, ""84"": 0.1666666716337204, ""38"": 0.1666666716337204}, ""num_aggregated"": 7}"
93,apra,apra_mad_filter,"[43, 48, 18, 53, 15, 41, 16, 57]","[2, 4]","{""median_norm"": 1.2528855160456742, ""mad"": 0.055074421339843416, ""k"": 2.0, ""num_accepted"": 8, ""safety_keep_used"": false, ""fallback_used"": false}"
93,apra,apra_hierarchical_cluster,"[43, 18, 53, 15, 16, 57]","[48, 41]","{""best_k"": 3, ""best_score"": 0.547459602355957, ""selected_cluster"": 0, ""cluster_scores"": {""0"": 5.997886657714844, ""1"": -1.0, ""2"": -1.0}, ""num_trusted"": 6, ""fallback_used"": false}"
93,apra,apra_trust_weighted_clip,"[43, 18, 53, 15, 16, 57]",[],"{""base_clip"": 1.0, ""trust_weights"": {""43"": 0.0, ""18"": 0.25, ""53"": 0.25, ""15"": 0.0, ""16"": 0.25, ""57"": 0.25}, ""num_aggregated"": 6}"
94,apra,apra_mad_filter,"[95, 45, 86, 47, 64, 21, 80, 48]","[0, 2]","{""median_norm"": 1.303320117557612, ""mad"": 0.05372995076669085, ""k"": 2.0, ""num_accepted"": 8, ""safety_keep_used"": false, ""fallback_used"": false}"
94,apra,apra_hierarchical_cluster,"[95, 45, 86, 64, 21, 80]","[47, 48]","{""best_k"": 3, ""best_score"": 0.5823410749435425, ""selected_cluster"": 0, ""cluster_scores"": {""0"": 5.972942352294922, ""1"": -1.0, ""2"": -1.0}, ""num_trusted"": 6, ""fallback_used"": false}"
94,apra,apra_trust_weighted_clip,"[95, 45, 86, 64, 21, 80]",[],"{""base_clip"": 1.0, ""trust_weights"": {""95"": 0.20000000298023224, ""45"": 0.20000000298023224, ""86"": 0.0, ""64"": 0.20000000298023224, ""21"": 0.20000000298023224, ""80"": 0.20000000298023224}, ""num_aggregated"": 6}"
95,apra,apra_mad_filter,"[72, 69, 64, 35, 38, 12, 17, 99]","[0, 52]","{""median_norm"": 1.4048483750497551, ""mad"": 0.03206864558384648, ""k"": 2.0, ""num_accepted"": 8, ""safety_keep_used"": false, ""fallback_used"": false}"
95,apra,apra_hierarchical_cluster,"[72, 69, 64, 38, 12, 17, 99]",[35],"{""best_k"": 2, ""best_score"": 0.7480150461196899, ""selected_cluster"": 0, ""cluster_scores"": {""0"": 6.671814918518066, ""1"": -1.0}, ""num_trusted"": 7, ""fallback_used"": false}"
95,apra,apra_trust_weighted_clip,"[72, 69, 64, 38, 12, 17, 99]",[],"{""base_clip"": 1.0, ""trust_weights"": {""72"": 0.0, ""69"": 0.20000000298023224, ""64"": 0.20000000298023224, ""38"": 0.20000000298023224, ""12"": 0.0, ""17"": 0.20000000298023224, ""99"": 0.20000000298023224}, ""num_aggregated"": 7}"
96,apra,apra_mad_filter,"[44, 87, 76, 75, 90, 70, 56, 84, 23]",[1],"{""median_norm"": 1.278600143105665, ""mad"": 0.061388940160655325, ""k"": 2.0, ""num_accepted"": 9, ""safety_keep_used"": false, ""fallback_used"": false}"
96,apra,apra_hierarchical_cluster,"[44, 87, 75, 90, 70, 56, 84, 23]",[76],"{""best_k"": 2, ""best_score"": 0.6774920225143433, ""selected_cluster"": 0, ""cluster_scores"": {""0"": 7.943812847137451, ""1"": -1.0}, ""num_trusted"": 8, ""fallback_used"": false}"
96,apra,apra_trust_weighted_clip,"[44, 87, 75, 90, 70, 56, 84, 23]",[],"{""base_clip"": 1.0, ""trust_weights"": {""44"": 0.0, ""87"": 0.1428571492433548, ""75"": 0.1428571492433548, ""90"": 0.1428571492433548, ""70"": 0.1428571492433548, ""56"": 0.1428571492433548, ""84"": 0.1428571492433548, ""23"": 0.1428571492433548}, ""num_aggregated"": 8}"
97,apra,apra_mad_filter,"[72, 51, 77, 20, 52, 32, 41, 56]","[2, 4]","{""median_norm"": 1.3603982328740962, ""mad"": 0.15436057587656127, ""k"": 2.0, ""num_accepted"": 8, ""safety_keep_used"": false, ""fallback_used"": false}"
97,apra,apra_hierarchical_cluster,"[72, 77, 20, 52, 32, 41, 56]",[51],"{""best_k"": 2, ""best_score"": 0.5845978260040283, ""selected_cluster"": 0, ""cluster_scores"": {""0"": 6.995715141296387, ""1"": -1.0}, ""num_trusted"": 7, ""fallback_used"": false}"
97,apra,apra_trust_weighted_clip,"[72, 77, 20, 52, 32, 41, 56]",[],"{""base_clip"": 1.0, ""trust_weights"": {""72"": 0.1666666716337204, ""77"": 0.1666666716337204, ""20"": 0.0, ""52"": 0.1666666716337204, ""32"": 0.1666666716337204, ""41"": 0.1666666716337204, ""56"": 0.1666666716337204}, ""num_aggregated"": 7}"
98,apra,apra_mad_filter,"[83, 24, 43, 86, 45, 9, 12]","[0, 50, 47]","{""median_norm"": 1.2649243360653397, ""mad"": 0.03531748887939201, ""k"": 2.0, ""num_accepted"": 7, ""safety_keep_used"": false, ""fallback_used"": false}"
98,apra,apra_hierarchical_cluster,"[83, 24, 43, 45, 9, 12]",[86],"{""best_k"": 2, ""best_score"": 0.3831266760826111, ""selected_cluster"": 0, ""cluster_scores"": {""0"": 5.959672451019287, ""1"": -1.0}, ""num_trusted"": 6, ""fallback_used"": false}"
98,apra,apra_trust_weighted_clip,"[83, 24, 43, 45, 9, 12]",[],"{""base_clip"": 1.0, ""trust_weights"": {""83"": 0.0, ""24"": 0.25, ""43"": 0.0, ""45"": 0.25, ""9"": 0.25, ""12"": 0.25}, ""num_aggregated"": 6}"
99,apra,apra_mad_filter,"[98, 76, 97, 58, 89, 47, 10, 75]","[3, 26]","{""median_norm"": 1.2115830579097389, ""mad"": 0.040143695589317185, ""k"": 2.0, ""num_accepted"": 8, ""safety_keep_used"": false, ""fallback_used"": false}"
99,apra,apra_hierarchical_cluster,"[98, 97, 58, 89, 47, 10, 75]",[76],"{""best_k"": 2, ""best_score"": 0.7534611225128174, ""selected_cluster"": 0, ""cluster_scores"": {""0"": 6.932772159576416, ""1"": -1.0}, ""num_trusted"": 7, ""fallback_used"": false}"
99,apra,apra_trust_weighted_clip,"[98, 97, 58, 89, 47, 10, 75]",[],"{""base_clip"": 1.0, ""trust_weights"": {""98"": 0.1666666716337204, ""97"": 0.1666666716337204, ""58"": 0.1666666716337204, ""89"": 0.1666666716337204, ""47"": 0.0, ""10"": 0.1666666716337204, ""75"": 0.1666666716337204}, ""num_aggregated"": 7}"
100,apra,apra_mad_filter,"[67, 33, 76, 43, 28, 9, 23, 59, 26]",[3],"{""median_norm"": 1.3347297789676063, ""mad"": 0.1176739230210172, ""k"": 2.0, ""num_accepted"": 9, ""safety_keep_used"": false, ""fallback_used"": false}"
100,apra,apra_hierarchical_cluster,"[67, 76, 43, 28, 9, 23, 59, 26]",[33],"{""best_k"": 2, ""best_score"": 0.4906822443008423, ""selected_cluster"": 0, ""cluster_scores"": {""0"": 1.8073811531066895, ""1"": -1.0}, ""num_trusted"": 8, ""fallback_used"": false}"
100,apra,apra_trust_weighted_clip,"[67, 76, 43, 28, 9, 23, 59, 26]",[],"{""base_clip"": 1.0, ""trust_weights"": {""67"": 0.14458204805850983, ""76"": 0.14458204805850983, ""43"": 0.13250771164894104, ""28"": 0.14458204805850983, ""9"": 0.14458204805850983, ""23"": 0.14458204805850983, ""59"": 0.14458204805850983, ""26"": 0.0}, ""num_aggregated"": 8}"
101,apra,apra_mad_filter,"[98, 33, 43, 68, 83, 86, 9, 80]","[2, 3]","{""median_norm"": 1.2848289803423452, ""mad"": 0.1262852815537885, ""k"": 2.0, ""num_accepted"": 8, ""safety_keep_used"": false, ""fallback_used"": false}"
101,apra,apra_hierarchical_cluster,"[98, 43, 83, 86, 9, 80]","[33, 68]","{""best_k"": 3, ""best_score"": 0.5188382267951965, ""selected_cluster"": 0, ""cluster_scores"": {""0"": 2.2679953575134277, ""1"": -1.0, ""2"": -1.0}, ""num_trusted"": 6, ""fallback_used"": false}"
101,apra,apra_trust_weighted_clip,"[98, 43, 83, 86, 9, 80]",[],"{""base_clip"": 1.0, ""trust_weights"": {""98"": 0.3333333432674408, ""43"": 0.0, ""83"": 0.0, ""86"": 0.0, ""9"": 0.3333333432674408, ""80"": 0.3333333432674408}, ""num_aggregated"": 6}"
102,apra,apra_mad_filter,"[55, 89, 21, 15, 35, 54, 98, 12]","[3, 26]","{""median_norm"": 1.262712716574225, ""mad"": 0.06654076852296653, ""k"": 2.0, ""num_accepted"": 8, ""safety_keep_used"": false, ""fallback_used"": false}"
102,apra,apra_hierarchical_cluster,"[55, 89, 21, 15, 54, 98, 12]",[35],"{""best_k"": 2, ""best_score"": 0.7078180313110352, ""selected_cluster"": 0, ""cluster_scores"": {""0"": 4.838866233825684, ""1"": -1.0}, ""num_trusted"": 7, ""fallback_used"": false}"
102,apra,apra_trust_weighted_clip,"[55, 89, 21, 15, 54, 98, 12]",[],"{""base_clip"": 1.0, ""trust_weights"": {""55"": 0.1666666716337204, ""89"": 0.1666666716337204, ""21"": 0.1666666716337204, ""15"": 0.1666666716337204, ""54"": 0.0, ""98"": 0.1666666716337204, ""12"": 0.1666666716337204}, ""num_aggregated"": 7}"
103,apra,apra_mad_filter,"[36, 88, 49, 10, 41, 20, 90, 56, 99]",[3],"{""median_norm"": 1.2506680129912264, ""mad"": 0.06791124922116498, ""k"": 2.0, ""num_accepted"": 9, ""safety_keep_used"": false, ""fallback_used"": false}"
103,apra,apra_hierarchical_cluster,"[36, 49, 10, 41, 20, 90, 56, 99]",[88],"{""best_k"": 2, ""best_score"": 0.4399302303791046, ""selected_cluster"": 0, ""cluster_scores"": {""0"": 1.695892572402954, ""1"": -1.0}, ""num_trusted"": 8, ""fallback_used"": false}"
103,apra,apra_trust_weighted_clip,"[36, 49, 10, 41, 20, 90, 56, 99]",[],"{""base_clip"": 1.0, ""trust_weights"": {""36"": 0.0, ""49"": 0.1428571492433548, ""10"": 0.1428571492433548, ""41"": 0.1428571492433548, ""20"": 0.1428571492433548, ""90"": 0.1428571492433548, ""56"": 0.1428571492433548, ""99"": 0.1428571492433548}, ""num_aggregated"": 8}"
104,apra,apra_mad_filter,"[32, 20, 19, 17, 87, 34, 58, 6, 95]",[2],"{""median_norm"": 1.281831026783535, ""mad"": 0.06550447117994052, ""k"": 2.0, ""num_accepted"": 9, ""safety_keep_used"": false, ""fallback_used"": false}"
104,apra,apra_hierarchical_cluster,"[32, 19, 17, 87, 34, 58, 6, 95]",[20],"{""best_k"": 2, ""best_score"": 0.5525542497634888, ""selected_cluster"": 0, ""cluster_scores"": {""0"": 2.2822089195251465, ""1"": -1.0}, ""num_trusted"": 8, ""fallback_used"": false}"
104,apra,apra_trust_weighted_clip,"[32, 19, 17, 87, 34, 58, 6, 95]",[],"{""base_clip"": 1.0, ""trust_weights"": {""32"": 0.2707373797893524, ""19"": 0.22926263511180878, ""17"": 0.2707373797893524, ""87"": 0.0, ""34"": 0.22926263511180878, ""58"": 0.0, ""6"": 0.0, ""95"": 0.0}, ""num_aggregated"": 8}"
105,apra,apra_mad_filter,"[13, 14, 35, 68, 89, 22, 75, 93]","[4, 0]","{""median_norm"": 1.2691088663646921, ""mad"": 0.07012722259815207, ""k"": 2.0, ""num_accepted"": 8, ""safety_keep_used"": false, ""fallback_used"": false}"
105,apra,apra_hierarchical_cluster,"[13, 14, 68, 89, 22, 75, 93]",[35],"{""best_k"": 2, ""best_score"": 0.6522061824798584, ""selected_cluster"": 0, ""cluster_scores"": {""0"": 2.5996925830841064, ""1"": -1.0}, ""num_trusted"": 7, ""fallback_used"": false}"
105,apra,apra_trust_weighted_clip,"[13, 14, 68, 89, 22, 75, 93]",[],"{""base_clip"": 1.0, ""trust_weights"": {""13"": 0.1666666716337204, ""14"": 0.1666666716337204, ""68"": 0.0, ""89"": 0.1666666716337204, ""22"": 0.1666666716337204, ""75"": 0.1666666716337204, ""93"": 0.1666666716337204}, ""num_aggregated"": 7}"
106,apra,apra_mad_filter,"[10, 79, 72, 69, 35, 6, 77, 85, 33]",[3],"{""median_norm"": 1.4590259119815743, ""mad"": 0.10473342444083467, ""k"": 2.0, ""num_accepted"": 9, ""safety_keep_used"": false, ""fallback_used"": false}"
106,apra,apra_hierarchical_cluster,"[10, 79, 72, 69, 6, 77, 85, 33]",[35],"{""best_k"": 2, ""best_score"": 0.5413344502449036, ""selected_cluster"": 0, ""cluster_scores"": {""0"": 2.272756814956665, ""1"": -1.0}, ""num_trusted"": 8, ""fallback_used"": false}"
106,apra,apra_trust_weighted_clip,"[10, 79, 72, 69, 6, 77, 85, 33]",[],"{""base_clip"": 1.0, ""trust_weights"": {""10"": 0.1428571492433548, ""79"": 0.1428571492433548, ""72"": 0.1428571492433548, ""69"": 0.1428571492433548, ""6"": 0.1428571492433548, ""77"": 0.1428571492433548, ""85"": 0.1428571492433548, ""33"": 0.0}, ""num_aggregated"": 8}"
107,apra,apra_mad_filter,"[58, 99, 39, 86, 98, 83, 94, 16]","[1, 71]","{""median_norm"": 1.1677735765446147, ""mad"": 0.03588938172633327, ""k"": 2.0, ""num_accepted"": 8, ""safety_keep_used"": false, ""fallback_used"": false}"
107,apra,apra_hierarchical_cluster,"[39, 86, 83]","[58, 99, 98, 94, 16]","{""best_k"": 3, ""best_score"": 0.5491248369216919, ""selected_cluster"": 0, ""cluster_scores"": {""0"": 2.511486530303955, ""1"": 1.4314919710159302, ""2"": 1.9981615543365479}, ""num_trusted"": 3, ""fallback_used"": false}"
107,apra,apra_trust_weighted_clip,"[39, 86, 83]",[],"{""base_clip"": 1.0, ""trust_weights"": {""39"": 0.5, ""86"": 0.5, ""83"": 0.0}, ""num_aggregated"": 3}"
108,apra,apra_mad_filter,"[52, 66, 15, 63, 97, 77, 32, 94]","[1, 2]","{""median_norm"": 1.47549675119709, ""mad"": 0.09968317165159934, ""k"": 2.0, ""num_accepted"": 8, ""safety_keep_used"": false, ""fallback_used"": false}"
108,apra,apra_hierarchical_cluster,"[66, 77, 32]","[52, 15, 63, 97, 94]","{""best_k"": 2, ""best_score"": 0.384737491607666, ""selected_cluster"": 1, ""cluster_scores"": {""0"": 2.315361738204956, ""1"": 2.837242603302002}, ""num_trusted"": 3, ""fallback_used"": false}"
108,apra,apra_trust_weighted_clip,"[66, 77, 32]",[],"{""base_clip"": 1.0, ""trust_weights"": {""66"": 0.3333333333333333, ""77"": 0.3333333333333333, ""32"": 0.3333333333333333}, ""num_aggregated"": 3}"
109,apra,apra_mad_filter,"[67, 42, 66, 70, 76, 78, 43]","[0, 3, 2]","{""median_norm"": 1.1771065064317097, ""mad"": 0.04324808162551996, ""k"": 2.0, ""num_accepted"": 7, ""safety_keep_used"": false, ""fallback_used"": false}"
109,apra,apra_hierarchical_cluster,"[67, 42, 66, 70, 78, 43]",[76],"{""best_k"": 2, ""best_score"": 0.4344870448112488, ""selected_cluster"": 0, ""cluster_scores"": {""0"": 1.4964039325714111, ""1"": -1.0}, ""num_trusted"": 6, ""fallback_used"": false}"
109,apra,apra_trust_weighted_clip,"[67, 42, 66, 70, 78, 43]",[],"{""base_clip"": 1.0, ""trust_weights"": {""67"": 0.0, ""42"": 0.25, ""66"": 0.0, ""70"": 0.25, ""78"": 0.25, ""43"": 0.25}, ""num_aggregated"": 6}"
110,apra,apra_mad_filter,"[6, 70, 16, 35, 25, 28, 37, 92]","[4, 2]","{""median_norm"": 1.2498892126720766, ""mad"": 0.08105424062998445, ""k"": 2.0, ""num_accepted"": 8, ""safety_keep_used"": false, ""fallback_used"": false}"
110,apra,apra_hierarchical_cluster,"[6, 70, 16, 25, 28, 37, 92]",[35],"{""best_k"": 2, ""best_score"": 0.761544942855835, ""selected_cluster"": 0, ""cluster_scores"": {""0"": 4.359727382659912, ""1"": -1.0}, ""num_trusted"": 7, ""fallback_used"": false}"
110,apra,apra_trust_weighted_clip,"[6, 70, 16, 25, 28, 37, 92]",[],"{""base_clip"": 1.0, ""trust_weights"": {""6"": 0.22700700163841248, ""70"": 0.0, ""16"": 0.22700700163841248, ""25"": 0.2729930281639099, ""28"": 0.0, ""37"": 0.0, ""92"": 0.2729930281639099}, ""num_aggregated"": 7}"
111,apra,apra_mad_filter,"[44, 5, 71, 95, 15, 89, 93, 7, 49]",[0],"{""median_norm"": 1.278190492785993, ""mad"": 0.11495969082717461, ""k"": 2.0, ""num_accepted"": 9, ""safety_keep_used"": false, ""fallback_used"": false}"
111,apra,apra_hierarchical_cluster,"[44, 5, 95, 15, 89, 93, 7, 49]",[71],"{""best_k"": 2, ""best_score"": 0.6398924589157104, ""selected_cluster"": 0, ""cluster_scores"": {""0"": 3.68162202835083, ""1"": -1.0}, ""num_trusted"": 8, ""fallback_used"": false}"
111,apra,apra_trust_weighted_clip,"[44, 5, 95, 15, 89, 93, 7, 49]",[],"{""base_clip"": 1.0, ""trust_weights"": {""44"": 0.0, ""5"": 0.1428571492433548, ""95"": 0.1428571492433548, ""15"": 0.1428571492433548, ""89"": 0.1428571492433548, ""93"": 0.1428571492433548, ""7"": 0.1428571492433548, ""49"": 0.1428571492433548}, ""num_aggregated"": 8}"
112,apra,apra_mad_filter,"[44, 83, 67, 85, 56, 76, 5, 82]","[1, 93]","{""median_norm"": 1.3466227797762103, ""mad"": 0.028893441737304237, ""k"": 2.0, ""num_accepted"": 8, ""safety_keep_used"": false, ""fallback_used"": false}"
112,apra,apra_hierarchical_cluster,"[44, 83, 67, 85, 56, 5, 82]",[76],"{""best_k"": 2, ""best_score"": 0.5423773527145386, ""selected_cluster"": 0, ""cluster_scores"": {""0"": 2.0784199237823486, ""1"": -1.0}, ""num_trusted"": 7, ""fallback_used"": false}"
112,apra,apra_trust_weighted_clip,"[44, 83, 67, 85, 56, 5, 82]",[],"{""base_clip"": 1.0, ""trust_weights"": {""44"": 0.0, ""83"": 0.20116429030895233, ""67"": 0.09767141193151474, ""85"": 0.09767141193151474, ""56"": 0.20116429030895233, ""5"": 0.20116429030895233, ""82"": 0.20116429030895233}, ""num_aggregated"": 7}"
113,apra,apra_mad_filter,"[14, 31, 9, 13, 53, 90, 54, 73, 39]",[1],"{""median_norm"": 1.2892513829294603, ""mad"": 0.05915884357037482, ""k"": 2.0, ""num_accepted"": 9, ""safety_keep_used"": false, ""fallback_used"": false}"
113,apra,apra_hierarchical_cluster,"[14, 31, 9, 13, 53, 90, 73, 39]",[54],"{""best_k"": 2, ""best_score"": 0.5468399524688721, ""selected_cluster"": 0, ""cluster_scores"": {""0"": 2.626444101333618, ""1"": -1.0}, ""num_trusted"": 8, ""fallback_used"": false}"
113,apra,apra_trust_weighted_clip,"[14, 31, 9, 13, 53, 90, 73, 39]",[],"{""base_clip"": 1.0, ""trust_weights"": {""14"": 0.0, ""31"": 0.14191770553588867, ""9"": 0.14301371574401855, ""13"": 0.14301371574401855, ""53"": 0.14301371574401855, ""90"": 0.14301371574401855, ""73"": 0.14301371574401855, ""39"": 0.14301371574401855}, ""num_aggregated"": 8}"
114,apra,apra_mad_filter,"[18, 82, 10, 21, 38, 56, 58, 55]","[3, 2]","{""median_norm"": 1.2514280899337606, ""mad"": 0.11498841750376276, ""k"": 2.0, ""num_accepted"": 8, ""safety_keep_used"": false, ""fallback_used"": false}"
114,apra,apra_hierarchical_cluster,"[18, 82, 10, 21, 38, 56, 55]",[58],"{""best_k"": 2, ""best_score"": 0.4787938594818115, ""selected_cluster"": 0, ""cluster_scores"": {""0"": 1.4581018686294556, ""1"": -1.0}, ""num_trusted"": 7, ""fallback_used"": false}"
114,apra,apra_trust_weighted_clip,"[18, 82, 10, 21, 38, 56, 55]",[],"{""base_clip"": 1.0, ""trust_weights"": {""18"": 0.1666666716337204, ""82"": 0.1666666716337204, ""10"": 0.1666666716337204, ""21"": 0.0, ""38"": 0.1666666716337204, ""56"": 0.1666666716337204, ""55"": 0.1666666716337204}, ""num_aggregated"": 7}"
115,apra,apra_mad_filter,"[19, 65, 15, 20, 91, 88, 93, 94, 45]",[2],"{""median_norm"": 1.3292605427216238, ""mad"": 0.0442490007491837, ""k"": 2.0, ""num_accepted"": 9, ""safety_keep_used"": false, ""fallback_used"": false}"
115,apra,apra_hierarchical_cluster,"[19, 65, 15, 20, 91, 93, 94, 45]",[88],"{""best_k"": 2, ""best_score"": 0.6602526903152466, ""selected_cluster"": 0, ""cluster_scores"": {""0"": 3.340268611907959, ""1"": -1.0}, ""num_trusted"": 8, ""fallback_used"": false}"
115,apra,apra_trust_weighted_clip,"[19, 65, 15, 20, 91, 93, 94, 45]",[],"{""base_clip"": 1.0, ""trust_weights"": {""19"": 0.16085681319236755, ""65"": 0.08617282658815384, ""15"": 0.16085681319236755, ""20"": 0.0, ""91"": 0.10954316705465317, ""93"": 0.16085681319236755, ""94"": 0.16085681319236755, ""45"": 0.16085681319236755}, ""num_aggregated"": 8}"
116,apra,apra_mad_filter,"[68, 25, 51, 21, 7, 59, 35, 66]","[4, 80]","{""median_norm"": 1.3041274171021977, ""mad"": 0.059507459186381784, ""k"": 2.0, ""num_accepted"": 8, ""safety_keep_used"": false, ""fallback_used"": false}"
116,apra,apra_hierarchical_cluster,"[68, 25, 51, 21, 7, 59, 66]",[35],"{""best_k"": 2, ""best_score"": 0.5409317016601562, ""selected_cluster"": 0, ""cluster_scores"": {""0"": 1.5366991758346558, ""1"": -1.0}, ""num_trusted"": 7, ""fallback_used"": false}"
116,apra,apra_trust_weighted_clip,"[68, 25, 51, 21, 7, 59, 66]",[],"{""base_clip"": 1.0, ""trust_weights"": {""68"": 0.0, ""25"": 0.19170154631137848, ""51"": 0.2055322825908661, ""21"": 0.2055322825908661, ""7"": 0.0, ""59"": 0.19170154631137848, ""66"": 0.2055322825908661}, ""num_aggregated"": 7}"
117,apra,apra_mad_filter,"[34, 75, 89, 93, 42, 77, 10, 23, 50]",[4],"{""median_norm"": 1.2067698673134524, ""mad"": 0.04188131716199828, ""k"": 2.0, ""num_accepted"": 9, ""safety_keep_used"": false, ""fallback_used"": false}"
117,apra,apra_hierarchical_cluster,"[34, 75, 89, 93, 42, 77, 10, 23]",[50],"{""best_k"": 2, ""best_score"": 0.526707649230957, ""selected_cluster"": 0, ""cluster_scores"": {""0"": 1.3248498439788818, ""1"": -1.0}, ""num_trusted"": 8, ""fallback_used"": false}"
117,apra,apra_trust_weighted_clip,"[34, 75, 89, 93, 42, 77, 10, 23]",[],"{""base_clip"": 1.0, ""trust_weights"": {""34"": 0.17365403473377228, ""75"": 0.0, ""89"": 0.32634595036506653, ""93"": 0.32634595036506653, ""42"": 0.0, ""77"": 0.0, ""10"": 0.17365403473377228, ""23"": 0.0}, ""num_aggregated"": 8}"
118,apra,apra_mad_filter,"[75, 20, 32, 29, 11, 93, 34]","[0, 1, 96]","{""median_norm"": 1.2953259394237246, ""mad"": 0.057203675185595215, ""k"": 2.0, ""num_accepted"": 7, ""safety_keep_used"": false, ""fallback_used"": false}"
118,apra,apra_hierarchical_cluster,"[75, 32, 29, 11, 93, 34]",[20],"{""best_k"": 2, ""best_score"": 0.6436594724655151, ""selected_cluster"": 0, ""cluster_scores"": {""0"": 2.203439950942993, ""1"": -1.0}, ""num_trusted"": 6, ""fallback_used"": false}"
118,apra,apra_trust_weighted_clip,"[75, 32, 29, 11, 93, 34]",[],"{""base_clip"": 1.0, ""trust_weights"": {""75"": 0.20000000298023224, ""32"": 0.20000000298023224, ""29"": 0.0, ""11"": 0.20000000298023224, ""93"": 0.20000000298023224, ""34"": 0.20000000298023224}, ""num_aggregated"": 6}"
119,apra,apra_mad_filter,"[48, 54, 88, 46, 64, 92, 16, 98, 51]",[3],"{""median_norm"": 1.2879381518960886, ""mad"": 0.08260985536824372, ""k"": 2.0, ""num_accepted"": 9, ""safety_keep_used"": false, ""fallback_used"": false}"
119,apra,apra_hierarchical_cluster,"[48, 54, 46, 64, 92, 16, 98, 51]",[88],"{""best_k"": 2, ""best_score"": 0.4684746563434601, ""selected_cluster"": 0, ""cluster_scores"": {""0"": 1.9106184244155884, ""1"": -1.0}, ""num_trusted"": 8, ""fallback_used"": false}"
119,apra,apra_trust_weighted_clip,"[48, 54, 46, 64, 92, 16, 98, 51]",[],"{""base_clip"": 1.0, ""trust_weights"": {""48"": 0.0, ""54"": 0.15530741214752197, ""46"": 0.15530741214752197, ""64"": 0.15530741214752197, ""92"": 0.06815548986196518, ""16"": 0.15530741214752197, ""98"": 0.15530741214752197, ""51"": 0.15530741214752197}, ""num_aggregated"": 8}"
120,apra,apra_mad_filter,"[63, 66, 81, 13, 28, 37, 74, 80]","[2, 3]","{""median_norm"": 1.2000077225298553, ""mad"": 0.0471910431981456, ""k"": 2.0, ""num_accepted"": 8, ""safety_keep_used"": false, ""fallback_used"": false}"
120,apra,apra_hierarchical_cluster,"[63, 66, 81, 13, 28, 37, 80]",[74],"{""best_k"": 2, ""best_score"": 0.6183687448501587, ""selected_cluster"": 0, ""cluster_scores"": {""0"": 3.09785532951355, ""1"": -1.0}, ""num_trusted"": 7, ""fallback_used"": false}"
120,apra,apra_trust_weighted_clip,"[63, 66, 81, 13, 28, 37, 80]",[],"{""base_clip"": 1.0, ""trust_weights"": {""63"": 0.17542585730552673, ""66"": 0.17542585730552673, ""81"": 0.17542585730552673, ""13"": 0.12287066131830215, ""28"": 0.17542585730552673, ""37"": 0.0, ""80"": 0.17542585730552673}, ""num_aggregated"": 7}"
121,apra,apra_mad_filter,"[8, 39, 31, 65, 73, 87, 97, 51, 38]",[2],"{""median_norm"": 1.3380038069477576, ""mad"": 0.1076192232647678, ""k"": 2.0, ""num_accepted"": 9, ""safety_keep_used"": false, ""fallback_used"": false}"
121,apra,apra_hierarchical_cluster,"[39, 31, 73, 87, 97, 38]","[8, 65, 51]","{""best_k"": 3, ""best_score"": 0.355724036693573, ""selected_cluster"": 0, ""cluster_scores"": {""0"": 2.7509145736694336, ""1"": 1.424706220626831, ""2"": -1.0}, ""num_trusted"": 6, ""fallback_used"": false}"
121,apra,apra_trust_weighted_clip,"[39, 31, 73, 87, 97, 38]",[],"{""base_clip"": 1.0, ""trust_weights"": {""39"": 0.0, ""31"": 0.3679160475730896, ""73"": 0.0, ""87"": 0.0, ""97"": 0.3679160475730896, ""38"": 0.2641678750514984}, ""num_aggregated"": 6}"
122,apra,apra_mad_filter,"[51, 35, 46, 6, 68, 50, 19, 93, 91]",[0],"{""median_norm"": 1.2881444168646763, ""mad"": 0.07166541543101057, ""k"": 2.0, ""num_accepted"": 9, ""safety_keep_used"": false, ""fallback_used"": false}"
122,apra,apra_hierarchical_cluster,"[51, 35, 46, 6, 50, 19, 93, 91]",[68],"{""best_k"": 2, ""best_score"": 0.645325779914856, ""selected_cluster"": 0, ""cluster_scores"": {""0"": 3.385331153869629, ""1"": -1.0}, ""num_trusted"": 8, ""fallback_used"": false}"
122,apra,apra_trust_weighted_clip,"[51, 35, 46, 6, 50, 19, 93, 91]",[],"{""base_clip"": 1.0, ""trust_weights"": {""51"": 0.16009485721588135, ""35"": 0.0, ""46"": 0.16009485721588135, ""6"": 0.16009485721588135, ""50"": 0.039430882781744, ""19"": 0.16009485721588135, ""93"": 0.16009485721588135, ""91"": 0.16009485721588135}, ""num_aggregated"": 8}"
123,apra,apra_mad_filter,"[42, 25, 17, 99, 29, 61, 19, 35]","[4, 2]","{""median_norm"": 1.32177412407897, ""mad"": 0.08929007597475236, ""k"": 2.0, ""num_accepted"": 8, ""safety_keep_used"": false, ""fallback_used"": false}"
123,apra,apra_hierarchical_cluster,"[42, 25, 17, 99, 29, 61, 19]",[35],"{""best_k"": 2, ""best_score"": 0.7161863446235657, ""selected_cluster"": 0, ""cluster_scores"": {""0"": 3.3698151111602783, ""1"": -1.0}, ""num_trusted"": 7, ""fallback_used"": false}"
123,apra,apra_trust_weighted_clip,"[42, 25, 17, 99, 29, 61, 19]",[],"{""base_clip"": 1.0, ""trust_weights"": {""42"": 0.1666666716337204, ""25"": 0.1666666716337204, ""17"": 0.1666666716337204, ""99"": 0.0, ""29"": 0.1666666716337204, ""61"": 0.1666666716337204, ""19"": 0.1666666716337204}, ""num_aggregated"": 7}"
124,apra,apra_mad_filter,"[63, 50, 13, 24, 53, 28, 86, 73]","[4, 33]","{""median_norm"": 1.1944938427815717, ""mad"": 0.033792125642117865, ""k"": 2.0, ""num_accepted"": 8, ""safety_keep_used"": false, ""fallback_used"": false}"
124,apra,apra_hierarchical_cluster,"[63, 13, 24, 53, 28, 86]","[50, 73]","{""best_k"": 3, ""best_score"": 0.45466887950897217, ""selected_cluster"": 0, ""cluster_scores"": {""0"": 5.0528564453125, ""1"": -1.0, ""2"": -1.0}, ""num_trusted"": 6, ""fallback_used"": false}"
124,apra,apra_trust_weighted_clip,"[63, 13, 24, 53, 28, 86]",[],"{""base_clip"": 1.0, ""trust_weights"": {""63"": 0.0, ""13"": 0.25, ""24"": 0.25, ""53"": 0.25, ""28"": 0.25, ""86"": 0.0}, ""num_aggregated"": 6}"
125,apra,apra_mad_filter,"[47, 63, 33, 70, 16, 65, 96]","[2, 42, 51]","{""median_norm"": 1.365829387632234, ""mad"": 0.07700691926645609, ""k"": 2.0, ""num_accepted"": 7, ""safety_keep_used"": false, ""fallback_used"": false}"
125,apra,apra_hierarchical_cluster,"[47, 63, 70, 16, 65, 96]",[33],"{""best_k"": 2, ""best_score"": 0.6322959661483765, ""selected_cluster"": 0, ""cluster_scores"": {""0"": 1.8974366188049316, ""1"": -1.0}, ""num_trusted"": 6, ""fallback_used"": false}"
125,apra,apra_trust_weighted_clip,"[47, 63, 70, 16, 65, 96]",[],"{""base_clip"": 1.0, ""trust_weights"": {""47"": 0.0, ""63"": 0.20000000298023224, ""70"": 0.20000000298023224, ""16"": 0.20000000298023224, ""65"": 0.20000000298023224, ""96"": 0.20000000298023224}, ""num_aggregated"": 6}"
126,apra,apra_mad_filter,"[89, 42, 65, 26, 74, 32, 40, 5, 67]",[0],"{""median_norm"": 1.1930852639170086, ""mad"": 0.05153898546179114, ""k"": 2.0, ""num_accepted"": 9, ""safety_keep_used"": false, ""fallback_used"": false}"
126,apra,apra_hierarchical_cluster,"[89, 42, 65, 74, 32, 40, 5, 67]",[26],"{""best_k"": 2, ""best_score"": 0.5175967812538147, ""selected_cluster"": 0, ""cluster_scores"": {""0"": 1.4767627716064453, ""1"": -1.0}, ""num_trusted"": 8, ""fallback_used"": false}"
126,apra,apra_trust_weighted_clip,"[89, 42, 65, 74, 32, 40, 5, 67]",[],"{""base_clip"": 1.0, ""trust_weights"": {""89"": 0.1666666716337204, ""42"": 0.0, ""65"": 0.1666666716337204, ""74"": 0.1666666716337204, ""32"": 0.1666666716337204, ""40"": 0.1666666716337204, ""5"": 0.0, ""67"": 0.1666666716337204}, ""num_aggregated"": 8}"
127,apra,apra_mad_filter,"[48, 35, 82, 36, 19, 87, 61, 66]","[1, 68]","{""median_norm"": 1.3734453668288844, ""mad"": 0.092603897777216, ""k"": 2.0, ""num_accepted"": 8, ""safety_keep_used"": false, ""fallback_used"": false}"
127,apra,apra_hierarchical_cluster,"[48, 82, 36, 19, 87, 61, 66]",[35],"{""best_k"": 2, ""best_score"": 0.6886667013168335, ""selected_cluster"": 0, ""cluster_scores"": {""0"": 4.314575672149658, ""1"": -1.0}, ""num_trusted"": 7, ""fallback_used"": false}"
127,apra,apra_trust_weighted_clip,"[48, 82, 36, 19, 87, 61, 66]",[],"{""base_clip"": 1.0, ""trust_weights"": {""48"": 0.0, ""82"": 0.0, ""36"": 0.250710666179657, ""19"": 0.0, ""87"": 0.250710666179657, ""61"": 0.24786803126335144, ""66"": 0.250710666179657}, ""num_aggregated"": 7}"
128,apra,apra_mad_filter,"[73, 70, 66, 16, 76, 23, 56, 79]","[2, 1]","{""median_norm"": 1.2792997735742613, ""mad"": 0.05688494466327976, ""k"": 2.0, ""num_accepted"": 8, ""safety_keep_used"": false, ""fallback_used"": false}"
128,apra,apra_hierarchical_cluster,"[73, 70, 66, 16, 23, 56, 79]",[76],"{""best_k"": 2, ""best_score"": 0.5103658437728882, ""selected_cluster"": 0, ""cluster_scores"": {""0"": 2.3784866333007812, ""1"": -1.0}, ""num_trusted"": 7, ""fallback_used"": false}"
128,apra,apra_trust_weighted_clip,"[73, 70, 66, 16, 23, 56, 79]",[],"{""base_clip"": 1.0, ""trust_weights"": {""73"": 0.0, ""70"": 0.20000000298023224, ""66"": 0.20000000298023224, ""16"": 0.20000000298023224, ""23"": 0.0, ""56"": 0.20000000298023224, ""79"": 0.20000000298023224}, ""num_aggregated"": 7}"
129,apra,apra_mad_filter,"[48, 49, 79, 26, 23, 86, 77, 54, 19]",[3],"{""median_norm"": 1.323966179291599, ""mad"": 0.08694081960397959, ""k"": 2.0, ""num_accepted"": 9, ""safety_keep_used"": false, ""fallback_used"": false}"
129,apra,apra_hierarchical_cluster,"[48, 49, 79, 23, 86, 77, 54, 19]",[26],"{""best_k"": 2, ""best_score"": 0.625221848487854, ""selected_cluster"": 0, ""cluster_scores"": {""0"": 2.62336802482605, ""1"": -1.0}, ""num_trusted"": 8, ""fallback_used"": false}"
129,apra,apra_trust_weighted_clip,"[48, 49, 79, 23, 86, 77, 54, 19]",[],"{""base_clip"": 1.0, ""trust_weights"": {""48"": 0.16619066894054413, ""49"": 0.16619066894054413, ""79"": 0.16619066894054413, ""23"": 0.16619066894054413, ""86"": 0.16619066894054413, ""77"": 0.002855932805687189, ""54"": 0.0, ""19"": 0.16619066894054413}, ""num_aggregated"": 8}"
130,apra,apra_mad_filter,"[56, 89, 21, 18, 31, 54, 69, 11, 23]",[3],"{""median_norm"": 1.226682770676317, ""mad"": 0.05954905993166637, ""k"": 2.0, ""num_accepted"": 9, ""safety_keep_used"": false, ""fallback_used"": false}"
130,apra,apra_hierarchical_cluster,"[56, 89, 21, 18, 31, 69, 11, 23]",[54],"{""best_k"": 2, ""best_score"": 0.5488484501838684, ""selected_cluster"": 0, ""cluster_scores"": {""0"": 1.7333014011383057, ""1"": -1.0}, ""num_trusted"": 8, ""fallback_used"": false}"
130,apra,apra_trust_weighted_clip,"[56, 89, 21, 18, 31, 69, 11, 23]",[],"{""base_clip"": 1.0, ""trust_weights"": {""56"": 0.0, ""89"": 0.1293657124042511, ""21"": 0.0, ""18"": 0.2794170379638672, ""31"": 0.01609957404434681, ""69"": 0.28755882382392883, ""11"": 0.28755882382392883, ""23"": 0.0}, ""num_aggregated"": 8}"
131,apra,apra_mad_filter,"[44, 30, 16, 69, 27, 79, 95, 78]","[3, 33]","{""median_norm"": 1.266210462284774, ""mad"": 0.06993430847540427, ""k"": 2.0, ""num_accepted"": 8, ""safety_keep_used"": false, ""fallback_used"": false}"
131,apra,apra_hierarchical_cluster,"[30, 16, 69, 79, 95, 78]","[44, 27]","{""best_k"": 3, ""best_score"": 0.5857187509536743, ""selected_cluster"": 0, ""cluster_scores"": {""0"": 4.149110794067383, ""1"": -1.0, ""2"": -1.0}, ""num_trusted"": 6, ""fallback_used"": false}"
131,apra,apra_trust_weighted_clip,"[30, 16, 69, 79, 95, 78]",[],"{""base_clip"": 1.0, ""trust_weights"": {""30"": 0.25, ""16"": 0.25, ""69"": 0.0, ""79"": 0.0, ""95"": 0.25, ""78"": 0.25}, ""num_aggregated"": 6}"
132,apra,apra_mad_filter,"[44, 82, 61, 72, 96, 5, 21, 18, 66]",[2],"{""median_norm"": 1.3962413369460944, ""mad"": 0.0817778132313931, ""k"": 2.0, ""num_accepted"": 9, ""safety_keep_used"": false, ""fallback_used"": false}"
132,apra,apra_hierarchical_cluster,"[82, 61, 72, 96, 5, 21, 18, 66]",[44],"{""best_k"": 2, ""best_score"": 0.6116447448730469, ""selected_cluster"": 0, ""cluster_scores"": {""0"": 2.522800922393799, ""1"": -1.0}, ""num_trusted"": 8, ""fallback_used"": false}"
132,apra,apra_trust_weighted_clip,"[82, 61, 72, 96, 5, 21, 18, 66]",[],"{""base_clip"": 1.0, ""trust_weights"": {""82"": 0.0, ""61"": 0.1428571492433548, ""72"": 0.1428571492433548, ""96"": 0.1428571492433548, ""5"": 0.1428571492433548, ""21"": 0.1428571492433548, ""18"": 0.1428571492433548, ""66"": 0.1428571492433548}, ""num_aggregated"": 8}"
133,apra,apra_mad_filter,"[12, 59, 64, 11, 87, 54, 17, 73]","[0, 4]","{""median_norm"": 1.170501994262117, ""mad"": 0.0424656418635142, ""k"": 2.0, ""num_accepted"": 8, ""safety_keep_used"": false, ""fallback_used"": false}"
133,apra,apra_hierarchical_cluster,"[12, 64, 11, 87, 54, 17, 73]",[59],"{""best_k"": 2, ""best_score"": 0.5063562989234924, ""selected_cluster"": 0, ""cluster_scores"": {""0"": 2.0259573459625244, ""1"": -1.0}, ""num_trusted"": 7, ""fallback_used"": false}"
133,apra,apra_trust_weighted_clip,"[12, 64, 11, 87, 54, 17, 73]",[],"{""base_clip"": 1.0, ""trust_weights"": {""12"": 0.1997440606355667, ""64"": 0.1997440606355667, ""11"": 0.1997440606355667, ""87"": 0.1997440606355667, ""54"": 0.0012797050876542926, ""17"": 0.1997440606355667, ""73"": 0.0}, ""num_aggregated"": 7}"
134,apra,apra_mad_filter,"[47, 50, 85, 98, 74, 37]","[2, 3, 18, 96]","{""median_norm"": 1.3433385911960174, ""mad"": 0.037043799635065766, ""k"": 2.0, ""num_accepted"": 6, ""safety_keep_used"": false, ""fallback_used"": false}"
134,apra,apra_hierarchical_cluster,"[47, 50, 85, 98, 37]",[74],"{""best_k"": 2, ""best_score"": 0.2715616226196289, ""selected_cluster"": 0, ""cluster_scores"": {""0"": 0.3078281283378601, ""1"": -1.0}, ""num_trusted"": 5, ""fallback_used"": false}"
134,apra,apra_trust_weighted_clip,"[47, 50, 85, 98, 37]",[],"{""base_clip"": 1.0, ""trust_weights"": {""47"": 0.5, ""50"": 0.5, ""85"": 0.0, ""98"": 0.0, ""37"": 0.0}, ""num_aggregated"": 5}"
135,apra,apra_mad_filter,"[59, 29, 47, 86, 28, 36, 13, 83, 37]",[2],"{""median_norm"": 1.3455729894379236, ""mad"": 0.058490083952420946, ""k"": 2.0, ""num_accepted"": 9, ""safety_keep_used"": false, ""fallback_used"": false}"
135,apra,apra_hierarchical_cluster,"[29, 47, 86, 28, 36, 13, 83, 37]",[59],"{""best_k"": 2, ""best_score"": 0.23604583740234375, ""selected_cluster"": 0, ""cluster_scores"": {""0"": 0.6073032021522522, ""1"": -1.0}, ""num_trusted"": 8, ""fallback_used"": false}"
135,apra,apra_trust_weighted_clip,"[29, 47, 86, 28, 36, 13, 83, 37]",[],"{""base_clip"": 1.0, ""trust_weights"": {""29"": 0.2388104498386383, ""47"": 0.2388104498386383, ""86"": 0.0447581447660923, ""28"": 0.0, ""36"": 0.2388104498386383, ""13"": 0.0, ""83"": 0.2388104498386383, ""37"": 0.0}, ""num_aggregated"": 8}"
136,apra,apra_mad_filter,"[80, 10, 96, 28, 24, 31, 95, 90]","[1, 4]","{""median_norm"": 1.260104790482516, ""mad"": 0.10757091126080076, ""k"": 2.0, ""num_accepted"": 8, ""safety_keep_used"": false, ""fallback_used"": false}"
136,apra,apra_hierarchical_cluster,"[80, 10, 28, 24, 31, 95, 90]",[96],"{""best_k"": 2, ""best_score"": 0.4316052794456482, ""selected_cluster"": 0, ""cluster_scores"": {""0"": 1.1846978664398193, ""1"": -1.0}, ""num_trusted"": 7, ""fallback_used"": false}"
136,apra,apra_trust_weighted_clip,"[80, 10, 28, 24, 31, 95, 90]",[],"{""base_clip"": 1.0, ""trust_weights"": {""80"": 0.25, ""10"": 0.25, ""28"": 0.0, ""24"": 0.0, ""31"": 0.25, ""95"": 0.25, ""90"": 0.0}, ""num_aggregated"": 7}"
137,apra,apra_mad_filter,"[68, 56, 85, 96, 55, 60, 74, 82, 7]",[0],"{""median_norm"": 1.4145462781429177, ""mad"": 0.10942490565452112, ""k"": 2.0, ""num_accepted"": 9, ""safety_keep_used"": false, ""fallback_used"": false}"
137,apra,apra_hierarchical_cluster,"[68, 56, 96, 55, 60, 82, 7]","[85, 74]","{""best_k"": 3, ""best_score"": 0.45202529430389404, ""selected_cluster"": 0, ""cluster_scores"": {""0"": 3.143596887588501, ""1"": -1.0, ""2"": -1.0}, ""num_trusted"": 7, ""fallback_used"": false}"
137,apra,apra_trust_weighted_clip,"[68, 56, 96, 55, 60, 82, 7]",[],"{""base_clip"": 1.0, ""trust_weights"": {""68"": 0.0, ""56"": 0.2172449380159378, ""96"": 0.0, ""55"": 0.2172449380159378, ""60"": 0.13102027773857117, ""82"": 0.2172449380159378, ""7"": 0.2172449380159378}, ""num_aggregated"": 7}"
138,apra,apra_mad_filter,"[55, 82, 63, 96, 61, 62, 83, 18]","[3, 33]","{""median_norm"": 1.1995472726518595, ""mad"": 0.05884154408653319, ""k"": 2.0, ""num_accepted"": 8, ""safety_keep_used"": false, ""fallback_used"": false}"
138,apra,apra_hierarchical_cluster,"[55, 82, 63, 96, 61, 83, 18]",[62],"{""best_k"": 2, ""best_score"": 0.4980222284793854, ""selected_cluster"": 0, ""cluster_scores"": {""0"": 2.174571990966797, ""1"": -1.0}, ""num_trusted"": 7, ""fallback_used"": false}"
138,apra,apra_trust_weighted_clip,"[55, 82, 63, 96, 61, 83, 18]",[],"{""base_clip"": 1.0, ""trust_weights"": {""55"": 0.1666666716337204, ""82"": 0.1666666716337204, ""63"": 0.0, ""96"": 0.1666666716337204, ""61"": 0.1666666716337204, ""83"": 0.1666666716337204, ""18"": 0.1666666716337204}, ""num_aggregated"": 7}"
139,apra,apra_mad_filter,"[92, 13, 11, 85, 8, 38, 71, 30]","[0, 1]","{""median_norm"": 1.302967576465747, ""mad"": 0.11800841240852722, ""k"": 2.0, ""num_accepted"": 8, ""safety_keep_used"": false, ""fallback_used"": false}"
139,apra,apra_hierarchical_cluster,"[92, 13, 11, 85, 8, 38, 30]",[71],"{""best_k"": 2, ""best_score"": 0.6745344996452332, ""selected_cluster"": 0, ""cluster_scores"": {""0"": 2.839365243911743, ""1"": -1.0}, ""num_trusted"": 7, ""fallback_used"": false}"
139,apra,apra_trust_weighted_clip,"[92, 13, 11, 85, 8, 38, 30]",[],"{""base_clip"": 1.0, ""trust_weights"": {""92"": 0.0, ""13"": 0.0720745250582695, ""11"": 0.19520223140716553, ""85"": 0.19520223140716553, ""8"": 0.19520223140716553, ""38"": 0.19520223140716553, ""30"": 0.14711648225784302}, ""num_aggregated"": 7}"
140,apra,apra_mad_filter,"[33, 32, 95, 60, 72, 23, 51, 11]","[4, 2]","{""median_norm"": 1.5364907751418475, ""mad"": 0.24730197741679028, ""k"": 2.0, ""num_accepted"": 8, ""safety_keep_used"": false, ""fallback_used"": false}"
140,apra,apra_hierarchical_cluster,"[32, 95, 60, 72, 23, 51, 11]",[33],"{""best_k"": 2, ""best_score"": 0.5768255591392517, ""selected_cluster"": 0, ""cluster_scores"": {""0"": 2.344130277633667, ""1"": -1.0}, ""num_trusted"": 7, ""fallback_used"": false}"
140,apra,apra_trust_weighted_clip,"[32, 95, 60, 72, 23, 51, 11]",[],"{""base_clip"": 1.0, ""trust_weights"": {""32"": 0.19460414350032806, ""95"": 0.25420597195625305, ""60"": 0.25420597195625305, ""72"": 0.04277796298265457, ""23"": 0.0, ""51"": 0.0, ""11"": 0.25420597195625305}, ""num_aggregated"": 7}"
141,apra,apra_mad_filter,"[58, 61, 92, 80, 97, 45, 83, 29, 25]",[4],"{""median_norm"": 1.3976452560838997, ""mad"": 0.04648603045402955, ""k"": 2.0, ""num_accepted"": 9, ""safety_keep_used"": false, ""fallback_used"": false}"
141,apra,apra_hierarchical_cluster,"[58, 61, 92, 80, 45, 29, 25]","[97, 83]","{""best_k"": 2, ""best_score"": 0.2774144411087036, ""selected_cluster"": 1, ""cluster_scores"": {""0"": 0.9818205833435059, ""1"": 1.0086088180541992}, ""num_trusted"": 7, ""fallback_used"": false}"
141,apra,apra_trust_weighted_clip,"[58, 61, 92, 80, 45, 29, 25]",[],"{""base_clip"": 1.0, ""trust_weights"": {""58"": 0.1904933899641037, ""61"": 0.04753304645419121, ""92"": 0.1904933899641037, ""80"": 0.1904933899641037, ""45"": 0.1904933899641037, ""29"": 0.1904933899641037, ""25"": 0.0}, ""num_aggregated"": 7}"
142,apra,apra_mad_filter,"[19, 18, 42, 28, 76, 29, 79, 17, 34]",[2],"{""median_norm"": 1.251602683461094, ""mad"": 0.04573135490798641, ""k"": 2.0, ""num_accepted"": 9, ""safety_keep_used"": false, ""fallback_used"": false}"
142,apra,apra_hierarchical_cluster,"[19, 18, 42, 28, 29, 79, 17, 34]",[76],"{""best_k"": 2, ""best_score"": 0.6604871153831482, ""selected_cluster"": 0, ""cluster_scores"": {""0"": 3.513531446456909, ""1"": -1.0}, ""num_trusted"": 8, ""fallback_used"": false}"
142,apra,apra_trust_weighted_clip,"[19, 18, 42, 28, 29, 79, 17, 34]",[],"{""base_clip"": 1.0, ""trust_weights"": {""19"": 0.021568337455391884, ""18"": 0.16307194530963898, ""42"": 0.16307194530963898, ""28"": 0.0, ""29"": 0.16307194530963898, ""79"": 0.16307194530963898, ""17"": 0.16307194530963898, ""34"": 0.16307194530963898}, ""num_aggregated"": 8}"
143,apra,apra_mad_filter,"[47, 98, 64, 62, 58, 99, 24, 59]","[1, 33]","{""median_norm"": 1.2658899907440189, ""mad"": 0.04418223430582391, ""k"": 2.0, ""num_accepted"": 8, ""safety_keep_used"": false, ""fallback_used"": false}"
143,apra,apra_hierarchical_cluster,"[98, 64, 58, 24]","[47, 62, 99, 59]","{""best_k"": 4, ""best_score"": 0.35310596227645874, ""selected_cluster"": 1, ""cluster_scores"": {""0"": 1.915427327156067, ""1"": 2.6526362895965576, ""2"": -1.0, ""3"": -1.0}, ""num_trusted"": 4, ""fallback_used"": false}"
143,apra,apra_trust_weighted_clip,"[98, 64, 58, 24]",[],"{""base_clip"": 1.0, ""trust_weights"": {""98"": 0.0, ""64"": 0.5, ""58"": 0.5, ""24"": 0.0}, ""num_aggregated"": 4}"
144,apra,apra_mad_filter,"[58, 87, 44, 7, 22, 14, 85, 67, 68]",[2],"{""median_norm"": 1.4278384824776587, ""mad"": 0.10242215399800125, ""k"": 2.0, ""num_accepted"": 9, ""safety_keep_used"": false, ""fallback_used"": false}"
144,apra,apra_hierarchical_cluster,"[58, 87, 44, 7, 22, 14, 85, 67]",[68],"{""best_k"": 2, ""best_score"": 0.606546938419342, ""selected_cluster"": 0, ""cluster_scores"": {""0"": 2.2116618156433105, ""1"": -1.0}, ""num_trusted"": 8, ""fallback_used"": false}"
144,apra,apra_trust_weighted_clip,"[58, 87, 44, 7, 22, 14, 85, 67]",[],"{""base_clip"": 1.0, ""trust_weights"": {""58"": 0.1666666716337204, ""87"": 0.0, ""44"": 0.0, ""7"": 0.1666666716337204, ""22"": 0.1666666716337204, ""14"": 0.1666666716337204, ""85"": 0.1666666716337204, ""67"": 0.1666666716337204}, ""num_aggregated"": 8}"
145,apra,apra_mad_filter,"[24, 12, 37, 40, 56, 30]","[2, 13, 68, 5]","{""median_norm"": 1.2583771046039955, ""mad"": 0.024900942894932165, ""k"": 2.0, ""num_accepted"": 6, ""safety_keep_used"": false, ""fallback_used"": false}"
145,apra,apra_hierarchical_cluster,"[24, 12, 40, 56, 30]",[37],"{""best_k"": 2, ""best_score"": 0.6116148829460144, ""selected_cluster"": 0, ""cluster_scores"": {""0"": 3.7716996669769287, ""1"": -1.0}, ""num_trusted"": 5, ""fallback_used"": false}"
145,apra,apra_trust_weighted_clip,"[24, 12, 40, 56, 30]",[],"{""base_clip"": 1.0, ""trust_weights"": {""24"": 0.0, ""12"": 0.25, ""40"": 0.25, ""56"": 0.25, ""30"": 0.25}, ""num_aggregated"": 5}"
146,apra,apra_mad_filter,"[25, 68, 30, 75, 51, 92, 99, 69, 63]",[3],"{""median_norm"": 1.3528461394251052, ""mad"": 0.09647553092522987, ""k"": 2.0, ""num_accepted"": 9, ""safety_keep_used"": false, ""fallback_used"": false}"
146,apra,apra_hierarchical_cluster,"[25, 30, 75, 51, 92, 99, 69, 63]",[68],"{""best_k"": 2, ""best_score"": 0.5733424425125122, ""selected_cluster"": 0, ""cluster_scores"": {""0"": 1.7412983179092407, ""1"": -1.0}, ""num_trusted"": 8, ""fallback_used"": false}"
146,apra,apra_trust_weighted_clip,"[25, 30, 75, 51, 92, 99, 69, 63]",[],"{""base_clip"": 1.0, ""trust_weights"": {""25"": 0.17730285227298737, ""30"": 0.17730285227298737, ""75"": 0.11514696478843689, ""51"": 0.17730285227298737, ""92"": 0.0, ""99"": 0.17730285227298737, ""69"": 0.0, ""63"": 0.17564167082309723}, ""num_aggregated"": 8}"
147,apra,apra_mad_filter,"[65, 39, 23, 98, 96, 86, 37, 60]","[4, 2]","{""median_norm"": 1.234937591744782, ""mad"": 0.053018405391619616, ""k"": 2.0, ""num_accepted"": 8, ""safety_keep_used"": false, ""fallback_used"": false}"
147,apra,apra_hierarchical_cluster,"[65, 39, 98, 96, 86, 60]","[23, 37]","{""best_k"": 2, ""best_score"": 0.3330501616001129, ""selected_cluster"": 1, ""cluster_scores"": {""0"": 1.0520474910736084, ""1"": 1.739009141921997}, ""num_trusted"": 6, ""fallback_used"": false}"
147,apra,apra_trust_weighted_clip,"[65, 39, 98, 96, 86, 60]",[],"{""base_clip"": 1.0, ""trust_weights"": {""65"": 0.0, ""39"": 0.25, ""98"": 0.0, ""96"": 0.25, ""86"": 0.25, ""60"": 0.25}, ""num_aggregated"": 6}"
148,apra,apra_mad_filter,"[89, 81, 76, 99, 72, 32, 48, 85, 65]",[2],"{""median_norm"": 1.195126841684492, ""mad"": 0.06427015727158603, ""k"": 2.0, ""num_accepted"": 9, ""safety_keep_used"": false, ""fallback_used"": false}"
148,apra,apra_hierarchical_cluster,"[89, 81, 99, 72, 32, 48, 85, 65]",[76],"{""best_k"": 2, ""best_score"": 0.5569803714752197, ""selected_cluster"": 0, ""cluster_scores"": {""0"": 2.0035085678100586, ""1"": -1.0}, ""num_trusted"": 8, ""fallback_used"": false}"
148,apra,apra_trust_weighted_clip,"[89, 81, 99, 72, 32, 48, 85, 65]",[],"{""base_clip"": 1.0, ""trust_weights"": {""89"": 0.14392733573913574, ""81"": 0.14392733573913574, ""99"": 0.14392733573913574, ""72"": 0.14392733573913574, ""32"": 0.13643600046634674, ""48"": 0.14392733573913574, ""85"": 0.14392733573913574, ""65"": 0.0}, ""num_aggregated"": 8}"
149,apra,apra_mad_filter,"[40, 58, 97, 61, 8, 50, 74, 90, 93]",[4],"{""median_norm"": 1.1969558885300797, ""mad"": 0.04633723192824668, ""k"": 2.0, ""num_accepted"": 9, ""safety_keep_used"": false, ""fallback_used"": false}"
149,apra,apra_hierarchical_cluster,"[40, 58, 97, 61, 8, 50, 90, 93]",[74],"{""best_k"": 2, ""best_score"": 0.5189774036407471, ""selected_cluster"": 0, ""cluster_scores"": {""0"": 2.419424057006836, ""1"": -1.0}, ""num_trusted"": 8, ""fallback_used"": false}"
149,apra,apra_trust_weighted_clip,"[40, 58, 97, 61, 8, 50, 90, 93]",[],"{""base_clip"": 1.0, ""trust_weights"": {""40"": 0.1666666716337204, ""58"": 0.1666666716337204, ""97"": 0.1666666716337204, ""61"": 0.1666666716337204, ""8"": 0.0, ""50"": 0.0, ""90"": 0.1666666716337204, ""93"": 0.1666666716337204}, ""num_aggregated"": 8}"
150,apra,apra_mad_filter,"[88, 76, 23, 44, 31, 17, 83, 82]","[1, 68]","{""median_norm"": 1.3938248343757826, ""mad"": 0.03198772427484953, ""k"": 2.0, ""num_accepted"": 8, ""safety_keep_used"": false, ""fallback_used"": false}"
150,apra,apra_hierarchical_cluster,"[23, 44, 31, 17, 83, 82]","[88, 76]","{""best_k"": 3, ""best_score"": 0.544567346572876, ""selected_cluster"": 0, ""cluster_scores"": {""0"": 3.6770215034484863, ""1"": -1.0, ""2"": -1.0}, ""num_trusted"": 6, ""fallback_used"": false}"
150,apra,apra_trust_weighted_clip,"[23, 44, 31, 17, 83, 82]",[],"{""base_clip"": 1.0, ""trust_weights"": {""23"": 0.25, ""44"": 0.0, ""31"": 0.25, ""17"": 0.25, ""83"": 0.0, ""82"": 0.25}, ""num_aggregated"": 6}"
151,apra,apra_mad_filter,"[20, 41, 40, 53, 11, 54, 92, 86, 91]",[0],"{""median_norm"": 1.233556680928138, ""mad"": 0.03320029504740263, ""k"": 2.0, ""num_accepted"": 9, ""safety_keep_used"": false, ""fallback_used"": false}"
151,apra,apra_hierarchical_cluster,"[40, 53, 11, 86, 91]","[20, 41, 54, 92]","{""best_k"": 4, ""best_score"": 0.4957558810710907, ""selected_cluster"": 0, ""cluster_scores"": {""0"": 3.671896457672119, ""1"": -1.0, ""2"": 1.8878065347671509, ""3"": -1.0}, ""num_trusted"": 5, ""fallback_used"": false}"
151,apra,apra_trust_weighted_clip,"[40, 53, 11, 86, 91]",[],"{""base_clip"": 1.0, ""trust_weights"": {""40"": 0.0, ""53"": 0.5, ""11"": 0.0, ""86"": 0.5, ""91"": 0.0}, ""num_aggregated"": 5}"
152,apra,apra_mad_filter,"[76, 38, 53, 57, 83, 58, 68, 86]","[3, 96]","{""median_norm"": 1.2723978131032876, ""mad"": 0.06815459250773848, ""k"": 2.0, ""num_accepted"": 8, ""safety_keep_used"": false, ""fallback_used"": false}"
152,apra,apra_hierarchical_cluster,"[38, 53, 57, 83, 58, 86]","[76, 68]","{""best_k"": 3, ""best_score"": 0.6693413257598877, ""selected_cluster"": 0, ""cluster_scores"": {""0"": 4.951762676239014, ""1"": -1.0, ""2"": -1.0}, ""num_trusted"": 6, ""fallback_used"": false}"
152,apra,apra_trust_weighted_clip,"[38, 53, 57, 83, 58, 86]",[],"{""base_clip"": 1.0, ""trust_weights"": {""38"": 0.32491281628608704, ""53"": 0.32491281628608704, ""57"": 0.32491281628608704, ""83"": 0.0, ""58"": 0.0, ""86"": 0.025261612609028816}, ""num_aggregated"": 6}"
153,apra,apra_mad_filter,"[67, 98, 73, 56, 92, 11]","[0, 28, 54, 96]","{""median_norm"": 1.2033902060340134, ""mad"": 0.011615287911483363, ""k"": 2.0, ""num_accepted"": 6, ""safety_keep_used"": false, ""fallback_used"": false}"
153,apra,apra_hierarchical_cluster,"[67, 98, 56, 11]","[73, 92]","{""best_k"": 3, ""best_score"": 0.5131856799125671, ""selected_cluster"": 0, ""cluster_scores"": {""0"": 2.6608641147613525, ""1"": -1.0, ""2"": -1.0}, ""num_trusted"": 4, ""fallback_used"": false}"
153,apra,apra_trust_weighted_clip,"[67, 98, 56, 11]",[],"{""base_clip"": 1.0, ""trust_weights"": {""67"": 0.0, ""98"": 0.3333333432674408, ""56"": 0.3333333432674408, ""11"": 0.3333333432674408}, ""num_aggregated"": 4}"
154,apra,apra_mad_filter,"[74, 42, 80, 92, 38, 82, 75, 18, 91]",[1],"{""median_norm"": 1.2669194864390945, ""mad"": 0.07418590480497689, ""k"": 2.0, ""num_accepted"": 9, ""safety_keep_used"": false, ""fallback_used"": false}"
154,apra,apra_hierarchical_cluster,"[42, 80, 92, 38, 82, 75, 18, 91]",[74],"{""best_k"": 2, ""best_score"": 0.6001765727996826, ""selected_cluster"": 0, ""cluster_scores"": {""0"": 4.513980865478516, ""1"": -1.0}, ""num_trusted"": 8, ""fallback_used"": false}"
154,apra,apra_trust_weighted_clip,"[42, 80, 92, 38, 82, 75, 18, 91]",[],"{""base_clip"": 1.0, ""trust_weights"": {""42"": 0.1428571492433548, ""80"": 0.1428571492433548, ""92"": 0.0, ""38"": 0.1428571492433548, ""82"": 0.1428571492433548, ""75"": 0.1428571492433548, ""18"": 0.1428571492433548, ""91"": 0.1428571492433548}, ""num_aggregated"": 8}"
155,apra,apra_mad_filter,"[15, 92, 72, 43, 96, 57, 23, 30, 81]",[0],"{""median_norm"": 1.3447358707845087, ""mad"": 0.07303699163723465, ""k"": 2.0, ""num_accepted"": 9, ""safety_keep_used"": false, ""fallback_used"": false}"
155,apra,apra_hierarchical_cluster,"[15, 43, 57, 23, 30, 81]","[92, 72, 96]","{""best_k"": 4, ""best_score"": 0.5372784733772278, ""selected_cluster"": 0, ""cluster_scores"": {""0"": 4.632350921630859, ""1"": -1.0, ""2"": -1.0, ""3"": -1.0}, ""num_trusted"": 6, ""fallback_used"": false}"
155,apra,apra_trust_weighted_clip,"[15, 43, 57, 23, 30, 81]",[],"{""base_clip"": 1.0, ""trust_weights"": {""15"": 0.20194515585899353, ""43"": 0.0, ""57"": 0.1922193020582199, ""23"": 0.20194515585899353, ""30"": 0.20194515585899353, ""81"": 0.20194515585899353}, ""num_aggregated"": 6}"
156,apra,apra_mad_filter,"[81, 7, 12, 80, 36, 59, 28, 64, 63]",[2],"{""median_norm"": 1.1568527185894726, ""mad"": 0.06084363453969699, ""k"": 2.0, ""num_accepted"": 9, ""safety_keep_used"": false, ""fallback_used"": false}"
156,apra,apra_hierarchical_cluster,"[81, 7, 12, 80, 28, 64, 63]","[36, 59]","{""best_k"": 3, ""best_score"": 0.507654070854187, ""selected_cluster"": 0, ""cluster_scores"": {""0"": 3.6595802307128906, ""1"": -1.0, ""2"": -1.0}, ""num_trusted"": 7, ""fallback_used"": false}"
156,apra,apra_trust_weighted_clip,"[81, 7, 12, 80, 28, 64, 63]",[],"{""base_clip"": 1.0, ""trust_weights"": {""81"": 0.18303395807743073, ""7"": 0.18303395807743073, ""12"": 0.18303395807743073, ""80"": 0.18303395807743073, ""28"": 0.0, ""64"": 0.18303395807743073, ""63"": 0.08483023196458817}, ""num_aggregated"": 7}"
157,apra,apra_mad_filter,"[55, 18, 52, 87, 65, 75, 49, 46]","[4, 26]","{""median_norm"": 1.3363554368454817, ""mad"": 0.05787088483419822, ""k"": 2.0, ""num_accepted"": 8, ""safety_keep_used"": false, ""fallback_used"": false}"
157,apra,apra_hierarchical_cluster,"[55, 18, 87, 65, 75, 49, 46]",[52],"{""best_k"": 2, ""best_score"": 0.6059315800666809, ""selected_cluster"": 0, ""cluster_scores"": {""0"": 5.260645866394043, ""1"": -1.0}, ""num_trusted"": 7, ""fallback_used"": false}"
157,apra,apra_trust_weighted_clip,"[55, 18, 87, 65, 75, 49, 46]",[],"{""base_clip"": 1.0, ""trust_weights"": {""55"": 0.1710284948348999, ""18"": 0.1710284948348999, ""87"": 0.1710284948348999, ""65"": 0.14485754072666168, ""75"": 0.1710284948348999, ""49"": 0.1710284948348999, ""46"": 0.0}, ""num_aggregated"": 7}"
158,apra,apra_mad_filter,"[99, 73, 80, 64, 87, 60, 11, 91]","[2, 62]","{""median_norm"": 1.2094281685938923, ""mad"": 0.041929839854832784, ""k"": 2.0, ""num_accepted"": 8, ""safety_keep_used"": false, ""fallback_used"": false}"
158,apra,apra_hierarchical_cluster,"[99, 80, 64, 87, 60, 11, 91]",[73],"{""best_k"": 2, ""best_score"": 0.6735010147094727, ""selected_cluster"": 0, ""cluster_scores"": {""0"": 4.38923978805542, ""1"": -1.0}, ""num_trusted"": 7, ""fallback_used"": false}"
158,apra,apra_trust_weighted_clip,"[99, 80, 64, 87, 60, 11, 91]",[],"{""base_clip"": 1.0, ""trust_weights"": {""99"": 0.0, ""80"": 0.20000000298023224, ""64"": 0.20000000298023224, ""87"": 0.20000000298023224, ""60"": 0.0, ""11"": 0.20000000298023224, ""91"": 0.20000000298023224}, ""num_aggregated"": 7}"
159,apra,apra_mad_filter,"[81, 20, 18, 6, 92, 83, 16]","[4, 2, 71]","{""median_norm"": 1.2568697788582492, ""mad"": 0.0687852185826251, ""k"": 2.0, ""num_accepted"": 7, ""safety_keep_used"": false, ""fallback_used"": false}"
159,apra,apra_hierarchical_cluster,"[81, 20, 18, 6, 83, 16]",[92],"{""best_k"": 2, ""best_score"": 0.5934975743293762, ""selected_cluster"": 0, ""cluster_scores"": {""0"": 3.5509591102600098, ""1"": -1.0}, ""num_trusted"": 6, ""fallback_used"": false}"
159,apra,apra_trust_weighted_clip,"[81, 20, 18, 6, 83, 16]",[],"{""base_clip"": 1.0, ""trust_weights"": {""81"": 0.20000000298023224, ""20"": 0.0, ""18"": 0.20000000298023224, ""6"": 0.20000000298023224, ""83"": 0.20000000298023224, ""16"": 0.20000000298023224}, ""num_aggregated"": 6}"
160,apra,apra_mad_filter,"[13, 96, 33, 23, 65, 53, 86, 54]","[0, 4]","{""median_norm"": 1.327733922970614, ""mad"": 0.10178607336368062, ""k"": 2.0, ""num_accepted"": 8, ""safety_keep_used"": false, ""fallback_used"": false}"
160,apra,apra_hierarchical_cluster,"[13, 23, 65, 53, 86, 54]","[96, 33]","{""best_k"": 3, ""best_score"": 0.5687780976295471, ""selected_cluster"": 0, ""cluster_scores"": {""0"": 4.0897626876831055, ""1"": -1.0, ""2"": -1.0}, ""num_trusted"": 6, ""fallback_used"": false}"
160,apra,apra_trust_weighted_clip,"[13, 23, 65, 53, 86, 54]",[],"{""base_clip"": 1.0, ""trust_weights"": {""13"": 0.20000000298023224, ""23"": 0.20000000298023224, ""65"": 0.20000000298023224, ""53"": 0.20000000298023224, ""86"": 0.20000000298023224, ""54"": 0.0}, ""num_aggregated"": 6}"
161,apra,apra_mad_filter,"[8, 51, 24, 41, 11, 42, 63, 76, 44]",[4],"{""median_norm"": 1.345157095008005, ""mad"": 0.06350446052734982, ""k"": 2.0, ""num_accepted"": 9, ""safety_keep_used"": false, ""fallback_used"": false}"
161,apra,apra_hierarchical_cluster,"[8, 51, 24, 41, 11, 42, 63, 76]",[44],"{""best_k"": 2, ""best_score"": 0.45812833309173584, ""selected_cluster"": 0, ""cluster_scores"": {""0"": 1.7392442226409912, ""1"": -1.0}, ""num_trusted"": 8, ""fallback_used"": false}"
161,apra,apra_trust_weighted_clip,"[8, 51, 24, 41, 11, 42, 63, 76]",[],"{""base_clip"": 1.0, ""trust_weights"": {""8"": 0.1833513379096985, ""51"": 0.0, ""24"": 0.1833513379096985, ""41"": 0.1833513379096985, ""11"": 0.1833513379096985, ""42"": 0.1833513379096985, ""63"": 0.08324334025382996, ""76"": 0.0}, ""num_aggregated"": 8}"
162,apra,apra_mad_filter,"[33, 75, 99, 97, 98, 6, 73, 90, 51]",[0],"{""median_norm"": 1.231866546178317, ""mad"": 0.10671688869922025, ""k"": 2.0, ""num_accepted"": 9, ""safety_keep_used"": false, ""fallback_used"": false}"
162,apra,apra_hierarchical_cluster,"[75, 99, 97, 98, 6, 73, 90, 51]",[33],"{""best_k"": 2, ""best_score"": 0.6506317257881165, ""selected_cluster"": 0, ""cluster_scores"": {""0"": 3.8473451137542725, ""1"": -1.0}, ""num_trusted"": 8, ""fallback_used"": false}"
162,apra,apra_trust_weighted_clip,"[75, 99, 97, 98, 6, 73, 90, 51]",[],"{""base_clip"": 1.0, ""trust_weights"": {""75"": 0.1666666716337204, ""99"": 0.1666666716337204, ""97"": 0.0, ""98"": 0.1666666716337204, ""6"": 0.1666666716337204, ""73"": 0.0, ""90"": 0.1666666716337204, ""51"": 0.1666666716337204}, ""num_aggregated"": 8}"
163,apra,apra_mad_filter,"[13, 81, 90, 86, 85, 66, 92]","[3, 1, 0]","{""median_norm"": 1.4064505138914727, ""mad"": 0.21933710475268942, ""k"": 2.0, ""num_accepted"": 7, ""safety_keep_used"": false, ""fallback_used"": false}"
163,apra,apra_hierarchical_cluster,"[13, 81, 90, 86, 66, 92]",[85],"{""best_k"": 2, ""best_score"": 0.4389910101890564, ""selected_cluster"": 0, ""cluster_scores"": {""0"": 0.7902512550354004, ""1"": -1.0}, ""num_trusted"": 6, ""fallback_used"": false}"
163,apra,apra_trust_weighted_clip,"[13, 81, 90, 86, 66, 92]",[],"{""base_clip"": 1.0, ""trust_weights"": {""13"": 0.25, ""81"": 0.0, ""90"": 0.25, ""86"": 0.0, ""66"": 0.25, ""92"": 0.25}, ""num_aggregated"": 6}"
164,apra,apra_mad_filter,"[81, 46, 66, 89, 62, 24, 35, 21, 85]",[2],"{""median_norm"": 1.276792990662429, ""mad"": 0.08562109033006371, ""k"": 2.0, ""num_accepted"": 9, ""safety_keep_used"": false, ""fallback_used"": false}"
164,apra,apra_hierarchical_cluster,"[81, 46, 66, 89, 62, 24, 21, 85]",[35],"{""best_k"": 2, ""best_score"": 0.6596463322639465, ""selected_cluster"": 0, ""cluster_scores"": {""0"": 4.035736083984375, ""1"": -1.0}, ""num_trusted"": 8, ""fallback_used"": false}"
164,apra,apra_trust_weighted_clip,"[81, 46, 66, 89, 62, 24, 21, 85]",[],"{""base_clip"": 1.0, ""trust_weights"": {""81"": 0.1428571492433548, ""46"": 0.1428571492433548, ""66"": 0.1428571492433548, ""89"": 0.1428571492433548, ""62"": 0.0, ""24"": 0.1428571492433548, ""21"": 0.1428571492433548, ""85"": 0.1428571492433548}, ""num_aggregated"": 8}"
165,apra,apra_mad_filter,"[62, 87, 83, 38, 93, 89, 76, 51, 55]",[1],"{""median_norm"": 1.2841601439446921, ""mad"": 0.08558158352097078, ""k"": 2.0, ""num_accepted"": 9, ""safety_keep_used"": false, ""fallback_used"": false}"
165,apra,apra_hierarchical_cluster,"[87, 83, 38, 93, 89, 55]","[62, 76, 51]","{""best_k"": 4, ""best_score"": 0.5622832775115967, ""selected_cluster"": 0, ""cluster_scores"": {""0"": 5.616275787353516, ""1"": -1.0, ""2"": -1.0, ""3"": -1.0}, ""num_trusted"": 6, ""fallback_used"": false}"
165,apra,apra_trust_weighted_clip,"[87, 83, 38, 93, 89, 55]",[],"{""base_clip"": 1.0, ""trust_weights"": {""87"": 0.20000000298023224, ""83"": 0.0, ""38"": 0.20000000298023224, ""93"": 0.20000000298023224, ""89"": 0.20000000298023224, ""55"": 0.20000000298023224}, ""num_aggregated"": 6}"
166,apra,apra_mad_filter,"[91, 85, 17, 80, 39, 67, 6, 45]","[2, 26]","{""median_norm"": 1.2307731666809933, ""mad"": 0.046202380095768825, ""k"": 2.0, ""num_accepted"": 8, ""safety_keep_used"": false, ""fallback_used"": false}"
166,apra,apra_hierarchical_cluster,"[91, 17, 80, 39, 67, 6, 45]",[85],"{""best_k"": 2, ""best_score"": 0.5538016557693481, ""selected_cluster"": 0, ""cluster_scores"": {""0"": 4.14167594909668, ""1"": -1.0}, ""num_trusted"": 7, ""fallback_used"": false}"
166,apra,apra_trust_weighted_clip,"[91, 17, 80, 39, 67, 6, 45]",[],"{""base_clip"": 1.0, ""trust_weights"": {""91"": 0.1367381513118744, ""17"": 0.0, ""80"": 0.2158154547214508, ""39"": 0.2158154547214508, ""67"": 0.2158154547214508, ""6"": 0.0, ""45"": 0.2158154547214508}, ""num_aggregated"": 7}"
167,apra,apra_mad_filter,"[59, 16, 76, 60, 20, 96, 43, 9, 24]",[0],"{""median_norm"": 1.2996283940739728, ""mad"": 0.0775315772417724, ""k"": 2.0, ""num_accepted"": 9, ""safety_keep_used"": false, ""fallback_used"": false}"
167,apra,apra_hierarchical_cluster,"[16, 60, 20, 96, 43, 9, 24]","[59, 76]","{""best_k"": 2, ""best_score"": 0.5008339285850525, ""selected_cluster"": 0, ""cluster_scores"": {""0"": 3.487117290496826, ""1"": 1.9105550050735474}, ""num_trusted"": 7, ""fallback_used"": false}"
167,apra,apra_trust_weighted_clip,"[16, 60, 20, 96, 43, 9, 24]",[],"{""base_clip"": 1.0, ""trust_weights"": {""16"": 0.21208913624286652, ""60"": 0.21208913624286652, ""20"": 0.21208913624286652, ""96"": 0.0, ""43"": 0.15164345502853394, ""9"": 0.21208913624286652, ""24"": 0.0}, ""num_aggregated"": 7}"
168,apra,apra_mad_filter,"[27, 98, 31, 42, 30, 56, 60, 48]","[1, 33]","{""median_norm"": 1.219402814159673, ""mad"": 0.054871649681024204, ""k"": 2.0, ""num_accepted"": 8, ""safety_keep_used"": false, ""fallback_used"": false}"
168,apra,apra_hierarchical_cluster,"[98, 31, 42, 30, 56, 60]","[27, 48]","{""best_k"": 3, ""best_score"": 0.6249469518661499, ""selected_cluster"": 0, ""cluster_scores"": {""0"": 5.18945837020874, ""1"": -1.0, ""2"": -1.0}, ""num_trusted"": 6, ""fallback_used"": false}"
168,apra,apra_trust_weighted_clip,"[98, 31, 42, 30, 56, 60]",[],"{""base_clip"": 1.0, ""trust_weights"": {""98"": 0.0, ""31"": 0.0, ""42"": 0.25, ""30"": 0.25, ""56"": 0.25, ""60"": 0.25}, ""num_aggregated"": 6}"
169,apra,apra_mad_filter,"[62, 64, 57, 28, 93, 17, 50]","[3, 88, 33]","{""median_norm"": 1.217642021631828, ""mad"": 0.05192167316051255, ""k"": 2.0, ""num_accepted"": 7, ""safety_keep_used"": false, ""fallback_used"": false}"
169,apra,apra_hierarchical_cluster,"[64, 57, 28, 93, 17, 50]",[62],"{""best_k"": 2, ""best_score"": 0.6413949131965637, ""selected_cluster"": 0, ""cluster_scores"": {""0"": 4.662568092346191, ""1"": -1.0}, ""num_trusted"": 6, ""fallback_used"": false}"
169,apra,apra_trust_weighted_clip,"[64, 57, 28, 93, 17, 50]",[],"{""base_clip"": 1.0, ""trust_weights"": {""64"": 0.0, ""57"": 0.0, ""28"": 0.0, ""93"": 0.5, ""17"": 0.5, ""50"": 0.0}, ""num_aggregated"": 6}"
170,apra,apra_mad_filter,"[69, 62, 42, 7, 27, 86, 9, 39]","[2, 1]","{""median_norm"": 1.5646456141461846, ""mad"": 0.05745694635550569, ""k"": 2.0, ""num_accepted"": 8, ""safety_keep_used"": false, ""fallback_used"": false}"
170,apra,apra_hierarchical_cluster,"[69, 62, 42, 7, 86, 9, 39]",[27],"{""best_k"": 2, ""best_score"": 0.5350310802459717, ""selected_cluster"": 0, ""cluster_scores"": {""0"": 1.0536141395568848, ""1"": -1.0}, ""num_trusted"": 7, ""fallback_used"": false}"
170,apra,apra_trust_weighted_clip,"[69, 62, 42, 7, 86, 9, 39]",[],"{""base_clip"": 1.0, ""trust_weights"": {""69"": 0.22106197476387024, ""62"": 0.11575205624103546, ""42"": 0.0, ""7"": 0.0, ""86"": 0.22106197476387024, ""9"": 0.22106197476387024, ""39"": 0.22106197476387024}, ""num_aggregated"": 7}"
171,apra,apra_mad_filter,"[57, 77, 12, 61, 62, 10, 81]","[4, 33, 0]","{""median_norm"": 1.1954327860303242, ""mad"": 0.1073960243995783, ""k"": 2.0, ""num_accepted"": 7, ""safety_keep_used"": false, ""fallback_used"": false}"
171,apra,apra_hierarchical_cluster,"[57, 77, 12, 61, 10, 81]",[62],"{""best_k"": 2, ""best_score"": 0.493888795375824, ""selected_cluster"": 0, ""cluster_scores"": {""0"": 3.1995654106140137, ""1"": -1.0}, ""num_trusted"": 6, ""fallback_used"": false}"
171,apra,apra_trust_weighted_clip,"[57, 77, 12, 61, 10, 81]",[],"{""base_clip"": 1.0, ""trust_weights"": {""57"": 0.20000000298023224, ""77"": 0.0, ""12"": 0.20000000298023224, ""61"": 0.20000000298023224, ""10"": 0.20000000298023224, ""81"": 0.20000000298023224}, ""num_aggregated"": 6}"
172,apra,apra_mad_filter,"[66, 53, 11, 85, 74, 77, 5, 62]","[1, 4]","{""median_norm"": 1.4446284252669392, ""mad"": 0.09424787572019289, ""k"": 2.0, ""num_accepted"": 8, ""safety_keep_used"": false, ""fallback_used"": false}"
172,apra,apra_hierarchical_cluster,"[66, 53, 11, 85, 77, 5]","[74, 62]","{""best_k"": 3, ""best_score"": 0.44575220346450806, ""selected_cluster"": 0, ""cluster_scores"": {""0"": 0.9859484434127808, ""1"": -1.0, ""2"": -1.0}, ""num_trusted"": 6, ""fallback_used"": false}"
172,apra,apra_trust_weighted_clip,"[66, 53, 11, 85, 77, 5]",[],"{""base_clip"": 1.0, ""trust_weights"": {""66"": 0.2656591832637787, ""53"": 0.2656591832637787, ""11"": 0.2656591832637787, ""85"": 0.0, ""77"": 0.20302249491214752, ""5"": 0.0}, ""num_aggregated"": 6}"
173,apra,apra_mad_filter,"[51, 91, 53, 78, 98, 64, 86, 35, 61]",[2],"{""median_norm"": 1.201445629800896, ""mad"": 0.04527899129498947, ""k"": 2.0, ""num_accepted"": 9, ""safety_keep_used"": false, ""fallback_used"": false}"
173,apra,apra_hierarchical_cluster,"[51, 91, 53, 78, 98, 64, 86, 61]",[35],"{""best_k"": 2, ""best_score"": 0.6469792127609253, ""selected_cluster"": 0, ""cluster_scores"": {""0"": 2.818295955657959, ""1"": -1.0}, ""num_trusted"": 8, ""fallback_used"": false}"
173,apra,apra_trust_weighted_clip,"[51, 91, 53, 78, 98, 64, 86, 61]",[],"{""base_clip"": 1.0, ""trust_weights"": {""51"": 0.0, ""91"": 0.0, ""53"": 0.24467791616916656, ""78"": 0.24467791616916656, ""98"": 0.0, ""64"": 0.021288352087140083, ""86"": 0.24467791616916656, ""61"": 0.24467791616916656}, ""num_aggregated"": 8}"
174,apra,apra_mad_filter,"[96, 12, 59, 16, 97, 22, 38, 99, 30]",[1],"{""median_norm"": 1.253660023197836, ""mad"": 0.0577610374048243, ""k"": 2.0, ""num_accepted"": 9, ""safety_keep_used"": false, ""fallback_used"": false}"
174,apra,apra_hierarchical_cluster,"[12, 16, 22, 38, 99, 30]","[96, 59, 97]","{""best_k"": 3, ""best_score"": 0.40221452713012695, ""selected_cluster"": 1, ""cluster_scores"": {""0"": 1.2306280136108398, ""1"": 3.2278940677642822, ""2"": -1.0}, ""num_trusted"": 6, ""fallback_used"": false}"
174,apra,apra_trust_weighted_clip,"[12, 16, 22, 38, 99, 30]",[],"{""base_clip"": 1.0, ""trust_weights"": {""12"": 0.20499801635742188, ""16"": 0.18000797927379608, ""22"": 0.20499801635742188, ""38"": 0.0, ""99"": 0.20499801635742188, ""30"": 0.20499801635742188}, ""num_aggregated"": 6}"
175,apra,apra_mad_filter,"[50, 55, 65, 32, 95, 7, 28, 20]","[2, 85]","{""median_norm"": 1.1778002366868319, ""mad"": 0.03249140474000578, ""k"": 2.0, ""num_accepted"": 8, ""safety_keep_used"": false, ""fallback_used"": false}"
175,apra,apra_hierarchical_cluster,"[50, 55, 65, 32, 95, 7, 28]",[20],"{""best_k"": 2, ""best_score"": 0.5937129259109497, ""selected_cluster"": 0, ""cluster_scores"": {""0"": 0.6320422887802124, ""1"": -1.0}, ""num_trusted"": 7, ""fallback_used"": false}"
175,apra,apra_trust_weighted_clip,"[50, 55, 65, 32, 95, 7, 28]",[],"{""base_clip"": 1.0, ""trust_weights"": {""50"": 0.2786773145198822, ""55"": 0.1639680713415146, ""65"": 0.0, ""32"": 0.2786773145198822, ""95"": 0.2786773145198822, ""7"": 0.0, ""28"": 0.0}, ""num_aggregated"": 7}"
176,apra,apra_mad_filter,"[97, 26, 50, 74, 48, 92, 19, 47, 42]",[2],"{""median_norm"": 1.3750706174330336, ""mad"": 0.08713126081889211, ""k"": 2.0, ""num_accepted"": 9, ""safety_keep_used"": false, ""fallback_used"": false}"
176,apra,apra_hierarchical_cluster,"[50, 19, 47, 42]","[97, 26, 74, 48, 92]","{""best_k"": 4, ""best_score"": 0.5956698656082153, ""selected_cluster"": 0, ""cluster_scores"": {""0"": 2.913966655731201, ""1"": 1.9853954315185547, ""2"": 1.9614124298095703, ""3"": -1.0}, ""num_trusted"": 4, ""fallback_used"": false}"
176,apra,apra_trust_weighted_clip,"[50, 19, 47, 42]",[],"{""base_clip"": 1.0, ""trust_weights"": {""50"": 0.3333333432674408, ""19"": 0.3333333432674408, ""47"": 0.0, ""42"": 0.3333333432674408}, ""num_aggregated"": 4}"
177,apra,apra_mad_filter,"[58, 94, 95, 49, 63, 27, 41, 61]","[4, 1]","{""median_norm"": 1.2421049600467255, ""mad"": 0.03319265922449366, ""k"": 2.0, ""num_accepted"": 8, ""safety_keep_used"": false, ""fallback_used"": false}"
177,apra,apra_hierarchical_cluster,"[58, 94, 95, 49, 63, 41, 61]",[27],"{""best_k"": 2, ""best_score"": 0.40823277831077576, ""selected_cluster"": 0, ""cluster_scores"": {""0"": 1.585733413696289, ""1"": -1.0}, ""num_trusted"": 7, ""fallback_used"": false}"
177,apra,apra_trust_weighted_clip,"[58, 94, 95, 49, 63, 41, 61]",[],"{""base_clip"": 1.0, ""trust_weights"": {""58"": 0.5, ""94"": 0.0, ""95"": 0.0, ""49"": 0.5, ""63"": 0.0, ""41"": 0.0, ""61"": 0.0}, ""num_aggregated"": 7}"
178,apra,apra_mad_filter,"[98, 12, 96, 8, 85, 64, 23, 67, 89]",[4],"{""median_norm"": 1.2932071131134029, ""mad"": 0.09679995190548152, ""k"": 2.0, ""num_accepted"": 9, ""safety_keep_used"": false, ""fallback_used"": false}"
178,apra,apra_hierarchical_cluster,"[98, 12, 8, 85, 64, 23, 67, 89]",[96],"{""best_k"": 2, ""best_score"": 0.5583568215370178, ""selected_cluster"": 0, ""cluster_scores"": {""0"": 2.520874500274658, ""1"": -1.0}, ""num_trusted"": 8, ""fallback_used"": false}"
178,apra,apra_trust_weighted_clip,"[98, 12, 8, 85, 64, 23, 67, 89]",[],"{""base_clip"": 1.0, ""trust_weights"": {""98"": 0.12886133790016174, ""12"": 0.1516684889793396, ""8"": 0.0, ""85"": 0.12886133790016174, ""64"": 0.13560335338115692, ""23"": 0.1516684889793396, ""67"": 0.1516684889793396, ""89"": 0.1516684889793396}, ""num_aggregated"": 8}"
179,apra,apra_mad_filter,"[84, 77, 39, 60, 50, 35, 93, 54, 96]",[1],"{""median_norm"": 1.2848761277827725, ""mad"": 0.049777520207200054, ""k"": 2.0, ""num_accepted"": 9, ""safety_keep_used"": false, ""fallback_used"": false}"
179,apra,apra_hierarchical_cluster,"[84, 77, 39, 60, 50, 93, 54, 96]",[35],"{""best_k"": 2, ""best_score"": 0.6285482048988342, ""selected_cluster"": 0, ""cluster_scores"": {""0"": 3.181445598602295, ""1"": -1.0}, ""num_trusted"": 8, ""fallback_used"": false}"
179,apra,apra_trust_weighted_clip,"[84, 77, 39, 60, 50, 93, 54, 96]",[],"{""base_clip"": 1.0, ""trust_weights"": {""84"": 0.0, ""77"": 0.1666666716337204, ""39"": 0.1666666716337204, ""60"": 0.1666666716337204, ""50"": 0.1666666716337204, ""93"": 0.1666666716337204, ""54"": 0.0, ""96"": 0.1666666716337204}, ""num_aggregated"": 8}"
180,apra,apra_mad_filter,"[24, 49, 12, 34, 79, 82, 78]","[0, 88, 90]","{""median_norm"": 1.1921985925467968, ""mad"": 0.02618308460810692, ""k"": 2.0, ""num_accepted"": 7, ""safety_keep_used"": false, ""fallback_used"": false}"
180,apra,apra_hierarchical_cluster,"[24, 49, 12, 34, 79, 78]",[82],"{""best_k"": 2, ""best_score"": 0.4424442648887634, ""selected_cluster"": 0, ""cluster_scores"": {""0"": 2.68867826461792, ""1"": -1.0}, ""num_trusted"": 6, ""fallback_used"": false}"
180,apra,apra_trust_weighted_clip,"[24, 49, 12, 34, 79, 78]",[],"{""base_clip"": 1.0, ""trust_weights"": {""24"": 0.23335489630699158, ""49"": 0.06658045202493668, ""12"": 0.23335489630699158, ""34"": 0.23335489630699158, ""79"": 0.0, ""78"": 0.23335489630699158}, ""num_aggregated"": 6}"
181,apra,apra_mad_filter,"[85, 52, 86, 31, 14, 99, 74, 51, 23]",[1],"{""median_norm"": 1.2829204950967914, ""mad"": 0.09341133102525856, ""k"": 2.0, ""num_accepted"": 9, ""safety_keep_used"": false, ""fallback_used"": false}"
181,apra,apra_hierarchical_cluster,"[85, 86, 31, 14, 99, 74, 51, 23]",[52],"{""best_k"": 2, ""best_score"": 0.3968117833137512, ""selected_cluster"": 0, ""cluster_scores"": {""0"": 0.4870356321334839, ""1"": -1.0}, ""num_trusted"": 8, ""fallback_used"": false}"
181,apra,apra_trust_weighted_clip,"[85, 86, 31, 14, 99, 74, 51, 23]",[],"{""base_clip"": 1.0, ""trust_weights"": {""85"": 0.0, ""86"": 0.06477393209934235, ""31"": 0.2338065356016159, ""14"": 0.2338065356016159, ""99"": 0.0, ""74"": 0.2338065356016159, ""51"": 0.0, ""23"": 0.2338065356016159}, ""num_aggregated"": 8}"
182,apra,apra_mad_filter,"[43, 51, 90, 39, 33, 29, 75, 98, 5]",[3],"{""median_norm"": 1.2210142152194803, ""mad"": 0.08174363207323276, ""k"": 2.0, ""num_accepted"": 9, ""safety_keep_used"": false, ""fallback_used"": false}"
182,apra,apra_hierarchical_cluster,"[43, 51, 90, 39, 29, 75, 98, 5]",[33],"{""best_k"": 2, ""best_score"": 0.6551101207733154, ""selected_cluster"": 0, ""cluster_scores"": {""0"": 2.623765468597412, ""1"": -1.0}, ""num_trusted"": 8, ""fallback_used"": false}"
182,apra,apra_trust_weighted_clip,"[43, 51, 90, 39, 29, 75, 98, 5]",[],"{""base_clip"": 1.0, ""trust_weights"": {""43"": 0.1666666716337204, ""51"": 0.0, ""90"": 0.1666666716337204, ""39"": 0.1666666716337204, ""29"": 0.1666666716337204, ""75"": 0.1666666716337204, ""98"": 0.0, ""5"": 0.1666666716337204}, ""num_aggregated"": 8}"
183,apra,apra_mad_filter,"[41, 9, 81, 78, 44, 51, 52, 28]","[4, 2]","{""median_norm"": 1.2953162115687396, ""mad"": 0.09027723662941234, ""k"": 2.0, ""num_accepted"": 8, ""safety_keep_used"": false, ""fallback_used"": false}"
183,apra,apra_hierarchical_cluster,"[41, 9, 81, 78, 51, 52, 28]",[44],"{""best_k"": 2, ""best_score"": 0.5036895871162415, ""selected_cluster"": 0, ""cluster_scores"": {""0"": 1.738462209701538, ""1"": -1.0}, ""num_trusted"": 7, ""fallback_used"": false}"
183,apra,apra_trust_weighted_clip,"[41, 9, 81, 78, 51, 52, 28]",[],"{""base_clip"": 1.0, ""trust_weights"": {""41"": 0.0, ""9"": 0.1815025508403778, ""81"": 0.1815025508403778, ""78"": 0.1815025508403778, ""51"": 0.1815025508403778, ""52"": 0.09248728305101395, ""28"": 0.1815025508403778}, ""num_aggregated"": 7}"
184,apra,apra_mad_filter,"[84, 51, 26, 50, 19, 92, 16, 7, 46]",[0],"{""median_norm"": 1.2573825487441392, ""mad"": 0.09238923393434328, ""k"": 2.0, ""num_accepted"": 9, ""safety_keep_used"": false, ""fallback_used"": false}"
184,apra,apra_hierarchical_cluster,"[84, 51, 50, 19, 92, 16, 7, 46]",[26],"{""best_k"": 2, ""best_score"": 0.7257823944091797, ""selected_cluster"": 0, ""cluster_scores"": {""0"": 3.625275135040283, ""1"": -1.0}, ""num_trusted"": 8, ""fallback_used"": false}"
184,apra,apra_trust_weighted_clip,"[84, 51, 50, 19, 92, 16, 7, 46]",[],"{""base_clip"": 1.0, ""trust_weights"": {""84"": 0.1428571492433548, ""51"": 0.1428571492433548, ""50"": 0.1428571492433548, ""19"": 0.1428571492433548, ""92"": 0.0, ""16"": 0.1428571492433548, ""7"": 0.1428571492433548, ""46"": 0.1428571492433548}, ""num_aggregated"": 8}"
185,apra,apra_mad_filter,"[50, 34, 8, 58, 66, 60, 95, 92, 83]",[0],"{""median_norm"": 1.2097897509860411, ""mad"": 0.07113753137662293, ""k"": 2.0, ""num_accepted"": 9, ""safety_keep_used"": false, ""fallback_used"": false}"
185,apra,apra_hierarchical_cluster,"[50, 34, 58, 66, 60, 95, 92]","[8, 83]","{""best_k"": 2, ""best_score"": 0.30749475955963135, ""selected_cluster"": 0, ""cluster_scores"": {""0"": 1.1215558052062988, ""1"": 1.1103453636169434}, ""num_trusted"": 7, ""fallback_used"": false}"
185,apra,apra_trust_weighted_clip,"[50, 34, 58, 66, 60, 95, 92]",[],"{""base_clip"": 1.0, ""trust_weights"": {""50"": 0.06593605130910873, ""34"": 0.0, ""58"": 0.23351599276065826, ""66"": 0.23351599276065826, ""60"": 0.23351599276065826, ""95"": 0.23351599276065826, ""92"": 0.0}, ""num_aggregated"": 7}"
186,apra,apra_mad_filter,"[39, 65, 14, 12, 27, 95, 84, 98]","[0, 47]","{""median_norm"": 1.2946830427832086, ""mad"": 0.033122720114437953, ""k"": 2.0, ""num_accepted"": 8, ""safety_keep_used"": false, ""fallback_used"": false}"
186,apra,apra_hierarchical_cluster,"[65, 14, 98]","[39, 12, 27, 95, 84]","{""best_k"": 4, ""best_score"": 0.5113230347633362, ""selected_cluster"": 0, ""cluster_scores"": {""0"": 2.811955451965332, ""1"": 1.708713412284851, ""2"": 1.6935341358184814, ""3"": -1.0}, ""num_trusted"": 3, ""fallback_used"": false}"
186,apra,apra_trust_weighted_clip,"[65, 14, 98]",[],"{""base_clip"": 1.0, ""trust_weights"": {""65"": 0.5, ""14"": 0.0, ""98"": 0.5}, ""num_aggregated"": 3}"
187,apra,apra_mad_filter,"[94, 61, 81, 86, 32, 78, 54]","[1, 89, 96]","{""median_norm"": 1.3810231168431395, ""mad"": 0.049666010997570176, ""k"": 2.0, ""num_accepted"": 7, ""safety_keep_used"": false, ""fallback_used"": false}"
187,apra,apra_hierarchical_cluster,"[94, 61, 81, 86, 32, 78]",[54],"{""best_k"": 2, ""best_score"": 0.7108345031738281, ""selected_cluster"": 0, ""cluster_scores"": {""0"": 4.028419017791748, ""1"": -1.0}, ""num_trusted"": 6, ""fallback_used"": false}"
187,apra,apra_trust_weighted_clip,"[94, 61, 81, 86, 32, 78]",[],"{""base_clip"": 1.0, ""trust_weights"": {""94"": 0.24744710326194763, ""61"": 0.0, ""81"": 0.24744710326194763, ""86"": 0.24744710326194763, ""32"": 0.010211629793047905, ""78"": 0.24744710326194763}, ""num_aggregated"": 6}"
188,apra,apra_mad_filter,"[21, 62, 81, 98, 77, 41, 75, 96, 70]",[2],"{""median_norm"": 1.2808268081677694, ""mad"": 0.08795022643060046, ""k"": 2.0, ""num_accepted"": 9, ""safety_keep_used"": false, ""fallback_used"": false}"
188,apra,apra_hierarchical_cluster,"[21, 81, 98, 77, 41, 75, 96, 70]",[62],"{""best_k"": 2, ""best_score"": 0.5145543813705444, ""selected_cluster"": 0, ""cluster_scores"": {""0"": 2.5911545753479004, ""1"": -1.0}, ""num_trusted"": 8, ""fallback_used"": false}"
188,apra,apra_trust_weighted_clip,"[21, 81, 98, 77, 41, 75, 96, 70]",[],"{""base_clip"": 1.0, ""trust_weights"": {""21"": 0.161612868309021, ""81"": 0.161612868309021, ""98"": 0.161612868309021, ""77"": 0.161612868309021, ""41"": 0.0, ""75"": 0.161612868309021, ""96"": 0.161612868309021, ""70"": 0.030322806909680367}, ""num_aggregated"": 8}"
189,apra,apra_mad_filter,"[57, 59, 61, 90, 8, 43, 47, 39, 67]",[3],"{""median_norm"": 1.2086775156574405, ""mad"": 0.06700737955885039, ""k"": 2.0, ""num_accepted"": 9, ""safety_keep_used"": false, ""fallback_used"": false}"
189,apra,apra_hierarchical_cluster,"[57, 61, 90, 43, 39, 67]","[59, 8, 47]","{""best_k"": 4, ""best_score"": 0.5406725406646729, ""selected_cluster"": 0, ""cluster_scores"": {""0"": 4.490960597991943, ""1"": -1.0, ""2"": -1.0, ""3"": -1.0}, ""num_trusted"": 6, ""fallback_used"": false}"
189,apra,apra_trust_weighted_clip,"[57, 61, 90, 43, 39, 67]",[],"{""base_clip"": 1.0, ""trust_weights"": {""57"": 0.12682269513607025, ""61"": 0.21829432249069214, ""90"": 0.21829432249069214, ""43"": 0.0, ""39"": 0.21829432249069214, ""67"": 0.21829432249069214}, ""num_aggregated"": 6}"
190,apra,apra_mad_filter,"[75, 92, 99, 5, 61, 12, 24, 89, 76]",[4],"{""median_norm"": 1.2860339610575888, ""mad"": 0.06402343293137158, ""k"": 2.0, ""num_accepted"": 9, ""safety_keep_used"": false, ""fallback_used"": false}"
190,apra,apra_hierarchical_cluster,"[75, 92, 99, 5, 61, 12, 24, 89]",[76],"{""best_k"": 2, ""best_score"": 0.7194424867630005, ""selected_cluster"": 0, ""cluster_scores"": {""0"": 4.284021377563477, ""1"": -1.0}, ""num_trusted"": 8, ""fallback_used"": false}"
190,apra,apra_trust_weighted_clip,"[75, 92, 99, 5, 61, 12, 24, 89]",[],"{""base_clip"": 1.0, ""trust_weights"": {""75"": 0.20000000298023224, ""92"": 0.0, ""99"": 0.0, ""5"": 0.20000000298023224, ""61"": 0.0, ""12"": 0.20000000298023224, ""24"": 0.20000000298023224, ""89"": 0.20000000298023224}, ""num_aggregated"": 8}"
191,apra,apra_mad_filter,"[50, 78, 98, 13, 42, 38, 91]","[4, 77, 71]","{""median_norm"": 1.1518464566847082, ""mad"": 0.02976274638364973, ""k"": 2.0, ""num_accepted"": 7, ""safety_keep_used"": false, ""fallback_used"": false}"
191,apra,apra_hierarchical_cluster,"[50, 78, 98, 42, 38]","[13, 91]","{""best_k"": 2, ""best_score"": 0.5263301730155945, ""selected_cluster"": 0, ""cluster_scores"": {""0"": 3.805960178375244, ""1"": 1.6930007934570312}, ""num_trusted"": 5, ""fallback_used"": false}"
191,apra,apra_trust_weighted_clip,"[50, 78, 98, 42, 38]",[],"{""base_clip"": 1.0, ""trust_weights"": {""50"": 0.3333333432674408, ""78"": 0.0, ""98"": 0.3333333432674408, ""42"": 0.0, ""38"": 0.3333333432674408}, ""num_aggregated"": 5}"
192,apra,apra_mad_filter,"[62, 7, 85, 17, 74, 32, 28, 90]","[1, 2]","{""median_norm"": 1.2654821907468696, ""mad"": 0.10145138981257307, ""k"": 2.0, ""num_accepted"": 8, ""safety_keep_used"": false, ""fallback_used"": false}"
192,apra,apra_hierarchical_cluster,"[7, 85, 17, 74, 32, 28, 90]",[62],"{""best_k"": 2, ""best_score"": 0.370911180973053, ""selected_cluster"": 0, ""cluster_scores"": {""0"": 0.7510360479354858, ""1"": -1.0}, ""num_trusted"": 7, ""fallback_used"": false}"
192,apra,apra_trust_weighted_clip,"[7, 85, 17, 74, 32, 28, 90]",[],"{""base_clip"": 1.0, ""trust_weights"": {""7"": 0.1958034634590149, ""85"": 0.0, ""17"": 0.08838006854057312, ""74"": 0.1958034634590149, ""32"": 0.1958034634590149, ""28"": 0.1958034634590149, ""90"": 0.12840615212917328}, ""num_aggregated"": 7}"
193,apra,apra_mad_filter,"[17, 51, 66, 74, 25, 61, 34, 54]","[0, 28]","{""median_norm"": 1.3518983306011165, ""mad"": 0.05835499971709657, ""k"": 2.0, ""num_accepted"": 8, ""safety_keep_used"": false, ""fallback_used"": false}"
193,apra,apra_hierarchical_cluster,"[17, 51, 66, 74, 25, 61, 34]",[54],"{""best_k"": 2, ""best_score"": 0.45747676491737366, ""selected_cluster"": 0, ""cluster_scores"": {""0"": 1.937690019607544, ""1"": -1.0}, ""num_trusted"": 7, ""fallback_used"": false}"
193,apra,apra_trust_weighted_clip,"[17, 51, 66, 74, 25, 61, 34]",[],"{""base_clip"": 1.0, ""trust_weights"": {""17"": 0.0, ""51"": 0.0, ""66"": 0.25, ""74"": 0.25, ""25"": 0.25, ""61"": 0.25, ""34"": 0.0}, ""num_aggregated"": 7}"
194,apra,apra_mad_filter,"[21, 9, 32, 56, 98, 70, 69, 37, 10]",[0],"{""median_norm"": 1.1888876411077405, ""mad"": 0.028936624833602598, ""k"": 2.0, ""num_accepted"": 9, ""safety_keep_used"": false, ""fallback_used"": false}"
194,apra,apra_hierarchical_cluster,"[21, 9, 32, 56, 98, 70, 69, 10]",[37],"{""best_k"": 2, ""best_score"": 0.5043743252754211, ""selected_cluster"": 0, ""cluster_scores"": {""0"": 1.502699851989746, ""1"": -1.0}, ""num_trusted"": 8, ""fallback_used"": false}"
194,apra,apra_trust_weighted_clip,"[21, 9, 32, 56, 98, 70, 69, 10]",[],"{""base_clip"": 1.0, ""trust_weights"": {""21"": 0.1507021188735962, ""9"": 0.09578732401132584, ""32"": 0.1507021188735962, ""56"": 0.1507021188735962, ""98"": 0.1507021188735962, ""70"": 0.0, ""69"": 0.1507021188735962, ""10"": 0.1507021188735962}, ""num_aggregated"": 8}"
195,apra,apra_mad_filter,"[64, 62, 11, 89, 18, 95, 78, 9]","[2, 68]","{""median_norm"": 1.2213512413567718, ""mad"": 0.04483284949046684, ""k"": 2.0, ""num_accepted"": 8, ""safety_keep_used"": false, ""fallback_used"": false}"
195,apra,apra_hierarchical_cluster,"[64, 11, 89, 18, 95, 78, 9]",[62],"{""best_k"": 2, ""best_score"": 0.7729973196983337, ""selected_cluster"": 0, ""cluster_scores"": {""0"": 6.380504131317139, ""1"": -1.0}, ""num_trusted"": 7, ""fallback_used"": false}"
195,apra,apra_trust_weighted_clip,"[64, 11, 89, 18, 95, 78, 9]",[],"{""base_clip"": 1.0, ""trust_weights"": {""64"": 0.1666666716337204, ""11"": 0.0, ""89"": 0.1666666716337204, ""18"": 0.1666666716337204, ""95"": 0.1666666716337204, ""78"": 0.1666666716337204, ""9"": 0.1666666716337204}, ""num_aggregated"": 7}"
196,apra,apra_mad_filter,"[23, 83, 48, 9, 93, 76, 46]","[2, 90, 81]","{""median_norm"": 1.2528518399395274, ""mad"": 0.04374187205905411, ""k"": 2.0, ""num_accepted"": 7, ""safety_keep_used"": false, ""fallback_used"": false}"
196,apra,apra_hierarchical_cluster,"[23, 48, 9, 93, 46]","[83, 76]","{""best_k"": 3, ""best_score"": 0.36623457074165344, ""selected_cluster"": 0, ""cluster_scores"": {""0"": 1.7751926183700562, ""1"": -1.0, ""2"": -1.0}, ""num_trusted"": 5, ""fallback_used"": false}"
196,apra,apra_trust_weighted_clip,"[23, 48, 9, 93, 46]",[],"{""base_clip"": 1.0, ""trust_weights"": {""23"": 0.25, ""48"": 0.0, ""9"": 0.25, ""93"": 0.25, ""46"": 0.25}, ""num_aggregated"": 5}"
197,apra,apra_mad_filter,"[97, 11, 61, 56, 86, 47, 44, 72, 77]",[3],"{""median_norm"": 1.3271378701660035, ""mad"": 0.09063454907488488, ""k"": 2.0, ""num_accepted"": 9, ""safety_keep_used"": false, ""fallback_used"": false}"
197,apra,apra_hierarchical_cluster,"[97, 11, 61, 56, 86, 47, 72, 77]",[44],"{""best_k"": 2, ""best_score"": 0.44856610894203186, ""selected_cluster"": 0, ""cluster_scores"": {""0"": 2.1109116077423096, ""1"": -1.0}, ""num_trusted"": 8, ""fallback_used"": false}"
197,apra,apra_trust_weighted_clip,"[97, 11, 61, 56, 86, 47, 72, 77]",[],"{""base_clip"": 1.0, ""trust_weights"": {""97"": 0.17014776170253754, ""11"": 0.17014776170253754, ""61"": 0.14926117658615112, ""56"": 0.17014776170253754, ""86"": 0.17014776170253754, ""47"": 0.0, ""72"": 0.0, ""77"": 0.17014776170253754}, ""num_aggregated"": 8}"
198,apra,apra_mad_filter,"[20, 29, 89, 48, 47, 17, 70, 42]","[1, 72]","{""median_norm"": 1.2101389079067766, ""mad"": 0.02398397499656868, ""k"": 2.0, ""num_accepted"": 8, ""safety_keep_used"": false, ""fallback_used"": false}"
198,apra,apra_hierarchical_cluster,"[29, 89, 48, 47, 17, 70, 42]",[20],"{""best_k"": 2, ""best_score"": 0.5386973023414612, ""selected_cluster"": 0, ""cluster_scores"": {""0"": 1.681607961654663, ""1"": -1.0}, ""num_trusted"": 7, ""fallback_used"": false}"
198,apra,apra_trust_weighted_clip,"[29, 89, 48, 47, 17, 70, 42]",[],"{""base_clip"": 1.0, ""trust_weights"": {""29"": 0.22912827134132385, ""89"": 0.22614528238773346, ""48"": 0.0, ""47"": 0.04323498159646988, ""17"": 0.22912827134132385, ""70"": 0.04323498159646988, ""42"": 0.22912827134132385}, ""num_aggregated"": 7}"
199,apra,apra_mad_filter,"[86, 56, 25, 20, 99, 19, 71]","[3, 4, 0]","{""median_norm"": 1.3410542279154485, ""mad"": 0.13864194652106954, ""k"": 2.0, ""num_accepted"": 7, ""safety_keep_used"": false, ""fallback_used"": false}"
199,apra,apra_hierarchical_cluster,"[86, 56, 25, 20, 99, 19]",[71],"{""best_k"": 2, ""best_score"": 0.5669312477111816, ""selected_cluster"": 0, ""cluster_scores"": {""0"": 1.5408592224121094, ""1"": -1.0}, ""num_trusted"": 6, ""fallback_used"": false}"
199,apra,apra_trust_weighted_clip,"[86, 56, 25, 20, 99, 19]",[],"{""base_clip"": 1.0, ""trust_weights"": {""86"": 0.4240029454231262, ""56"": 0.14137011766433716, ""25"": 0.0, ""20"": 0.005312010645866394, ""99"": 0.005312010645866394, ""19"": 0.4240029454231262}, ""num_aggregated"": 6}"
200,apra,apra_mad_filter,"[29, 31, 46, 19, 70, 57, 79]","[1, 78, 68]","{""median_norm"": 1.2854760561628042, ""mad"": 0.0238691916846554, ""k"": 2.0, ""num_accepted"": 7, ""safety_keep_used"": false, ""fallback_used"": false}"
200,apra,apra_hierarchical_cluster,"[29, 31, 46, 19, 57, 79]",[70],"{""best_k"": 2, ""best_score"": 0.702053964138031, ""selected_cluster"": 0, ""cluster_scores"": {""0"": 5.156454086303711, ""1"": -1.0}, ""num_trusted"": 6, ""fallback_used"": false}"
200,apra,apra_trust_weighted_clip,"[29, 31, 46, 19, 57, 79]",[],"{""base_clip"": 1.0, ""trust_weights"": {""29"": 0.0, ""31"": 0.20000000298023224, ""46"": 0.20000000298023224, ""19"": 0.20000000298023224, ""57"": 0.20000000298023224, ""79"": 0.20000000298023224}, ""num_aggregated"": 6}"
201,apra,apra_mad_filter,"[14, 48, 93, 25, 45, 77, 84, 53, 39]",[3],"{""median_norm"": 1.2509890317631558, ""mad"": 0.06727115296134667, ""k"": 2.0, ""num_accepted"": 9, ""safety_keep_used"": false, ""fallback_used"": false}"
201,apra,apra_hierarchical_cluster,"[14, 93, 45, 77, 84, 53, 39]","[48, 25]","{""best_k"": 2, ""best_score"": 0.43998485803604126, ""selected_cluster"": 0, ""cluster_scores"": {""0"": 2.133924722671509, ""1"": 1.420557975769043}, ""num_trusted"": 7, ""fallback_used"": false}"
201,apra,apra_trust_weighted_clip,"[14, 93, 45, 77, 84, 53, 39]",[],"{""base_clip"": 1.0, ""trust_weights"": {""14"": 0.0, ""93"": 0.25604885816574097, ""45"": 0.0, ""77"": 0.25604885816574097, ""84"": 0.0, ""53"": 0.2318534106016159, ""39"": 0.25604885816574097}, ""num_aggregated"": 7}"
202,apra,apra_mad_filter,"[21, 53, 86, 40, 95, 64, 35, 36]","[3, 68]","{""median_norm"": 1.170673805752898, ""mad"": 0.05334341047757851, ""k"": 2.0, ""num_accepted"": 8, ""safety_keep_used"": false, ""fallback_used"": false}"
202,apra,apra_hierarchical_cluster,"[21, 53, 86, 40, 95, 64, 36]",[35],"{""best_k"": 2, ""best_score"": 0.7385923266410828, ""selected_cluster"": 0, ""cluster_scores"": {""0"": 5.09579610824585, ""1"": -1.0}, ""num_trusted"": 7, ""fallback_used"": false}"
202,apra,apra_trust_weighted_clip,"[21, 53, 86, 40, 95, 64, 36]",[],"{""base_clip"": 1.0, ""trust_weights"": {""21"": 0.20000000298023224, ""53"": 0.20000000298023224, ""86"": 0.20000000298023224, ""40"": 0.0, ""95"": 0.20000000298023224, ""64"": 0.20000000298023224, ""36"": 0.0}, ""num_aggregated"": 7}"
203,apra,apra_mad_filter,"[42, 5, 59, 88, 20, 67, 32, 14, 98]",[2],"{""median_norm"": 1.2347369964173145, ""mad"": 0.06764079948484347, ""k"": 2.0, ""num_accepted"": 9, ""safety_keep_used"": false, ""fallback_used"": false}"
203,apra,apra_hierarchical_cluster,"[42, 5, 59, 20, 67, 32, 14, 98]",[88],"{""best_k"": 2, ""best_score"": 0.6167285442352295, ""selected_cluster"": 0, ""cluster_scores"": {""0"": 3.7489023208618164, ""1"": -1.0}, ""num_trusted"": 8, ""fallback_used"": false}"
203,apra,apra_trust_weighted_clip,"[42, 5, 59, 20, 67, 32, 14, 98]",[],"{""base_clip"": 1.0, ""trust_weights"": {""42"": 0.1666666716337204, ""5"": 0.1666666716337204, ""59"": 0.0, ""20"": 0.0, ""67"": 0.1666666716337204, ""32"": 0.1666666716337204, ""14"": 0.1666666716337204, ""98"": 0.1666666716337204}, ""num_aggregated"": 8}"
204,apra,apra_mad_filter,"[16, 71, 46, 93, 88, 7, 68, 70, 62]",[0],"{""median_norm"": 1.2060590097700765, ""mad"": 0.1046696411300374, ""k"": 2.0, ""num_accepted"": 9, ""safety_keep_used"": false, ""fallback_used"": false}"
204,apra,apra_hierarchical_cluster,"[16, 46, 93, 88, 7, 68, 70, 62]",[71],"{""best_k"": 2, ""best_score"": 0.4764157831668854, ""selected_cluster"": 0, ""cluster_scores"": {""0"": 1.353548288345337, ""1"": -1.0}, ""num_trusted"": 8, ""fallback_used"": false}"
204,apra,apra_trust_weighted_clip,"[16, 46, 93, 88, 7, 68, 70, 62]",[],"{""base_clip"": 1.0, ""trust_weights"": {""16"": 0.1428571492433548, ""46"": 0.1428571492433548, ""93"": 0.1428571492433548, ""88"": 0.1428571492433548, ""7"": 0.1428571492433548, ""68"": 0.0, ""70"": 0.1428571492433548, ""62"": 0.1428571492433548}, ""num_aggregated"": 8}"
205,apra,apra_mad_filter,"[52, 95, 40, 45, 97, 96, 87, 44]","[2, 4]","{""median_norm"": 1.3543177975923326, ""mad"": 0.10949447966837678, ""k"": 2.0, ""num_accepted"": 8, ""safety_keep_used"": false, ""fallback_used"": false}"
205,apra,apra_hierarchical_cluster,"[52, 95, 40, 45, 97, 96, 87]",[44],"{""best_k"": 2, ""best_score"": 0.6033786535263062, ""selected_cluster"": 0, ""cluster_scores"": {""0"": 2.501171112060547, ""1"": -1.0}, ""num_trusted"": 7, ""fallback_used"": false}"
205,apra,apra_trust_weighted_clip,"[52, 95, 40, 45, 97, 96, 87]",[],"{""base_clip"": 1.0, ""trust_weights"": {""52"": 0.1116609051823616, ""95"": 0.388339102268219, ""40"": 0.388339102268219, ""45"": 0.1116609051823616, ""97"": 0.0, ""96"": 0.0, ""87"": 0.0}, ""num_aggregated"": 7}"
206,apra,apra_mad_filter,"[15, 84, 41, 68, 14, 72, 83]","[4, 1, 0]","{""median_norm"": 1.4869047672259312, ""mad"": 0.09408076510412255, ""k"": 2.0, ""num_accepted"": 7, ""safety_keep_used"": false, ""fallback_used"": false}"
206,apra,apra_hierarchical_cluster,"[15, 84, 41, 14, 72, 83]",[68],"{""best_k"": 2, ""best_score"": 0.5464600324630737, ""selected_cluster"": 0, ""cluster_scores"": {""0"": 1.8626042604446411, ""1"": -1.0}, ""num_trusted"": 6, ""fallback_used"": false}"
206,apra,apra_trust_weighted_clip,"[15, 84, 41, 14, 72, 83]",[],"{""base_clip"": 1.0, ""trust_weights"": {""15"": 0.20000000298023224, ""84"": 0.20000000298023224, ""41"": 0.0, ""14"": 0.20000000298023224, ""72"": 0.20000000298023224, ""83"": 0.20000000298023224}, ""num_aggregated"": 6}"
207,apra,apra_mad_filter,"[88, 54, 63, 77, 34, 64, 56, 11]","[4, 33]","{""median_norm"": 1.2434541660010678, ""mad"": 0.07557788245152797, ""k"": 2.0, ""num_accepted"": 8, ""safety_keep_used"": false, ""fallback_used"": false}"
207,apra,apra_hierarchical_cluster,"[54, 63, 77, 34, 64, 56, 11]",[88],"{""best_k"": 2, ""best_score"": 0.6472037434577942, ""selected_cluster"": 0, ""cluster_scores"": {""0"": 3.887359619140625, ""1"": -1.0}, ""num_trusted"": 7, ""fallback_used"": false}"
207,apra,apra_trust_weighted_clip,"[54, 63, 77, 34, 64, 56, 11]",[],"{""base_clip"": 1.0, ""trust_weights"": {""54"": 0.0, ""63"": 0.20000000298023224, ""77"": 0.20000000298023224, ""34"": 0.20000000298023224, ""64"": 0.0, ""56"": 0.20000000298023224, ""11"": 0.20000000298023224}, ""num_aggregated"": 7}"
208,apra,apra_mad_filter,"[28, 58, 69, 99, 94, 55, 49, 25]","[4, 71]","{""median_norm"": 1.2854461024863657, ""mad"": 0.09515719236140818, ""k"": 2.0, ""num_accepted"": 8, ""safety_keep_used"": false, ""fallback_used"": false}"
208,apra,apra_hierarchical_cluster,"[58, 69, 94, 55, 49]","[28, 99, 25]","{""best_k"": 3, ""best_score"": 0.4383764863014221, ""selected_cluster"": 0, ""cluster_scores"": {""0"": 3.1395092010498047, ""1"": -1.0, ""2"": 1.9346874952316284}, ""num_trusted"": 5, ""fallback_used"": false}"
208,apra,apra_trust_weighted_clip,"[58, 69, 94, 55, 49]",[],"{""base_clip"": 1.0, ""trust_weights"": {""58"": 0.25, ""69"": 0.25, ""94"": 0.25, ""55"": 0.25, ""49"": 0.0}, ""num_aggregated"": 5}"
209,apra,apra_mad_filter,"[82, 38, 50, 98, 43, 30, 39]","[3, 32, 29]","{""median_norm"": 1.268387792804761, ""mad"": 0.02410217746899357, ""k"": 2.0, ""num_accepted"": 7, ""safety_keep_used"": false, ""fallback_used"": false}"
209,apra,apra_hierarchical_cluster,"[38, 50, 98, 43, 30, 39]",[82],"{""best_k"": 2, ""best_score"": 0.37426266074180603, ""selected_cluster"": 0, ""cluster_scores"": {""0"": 0.31828516721725464, ""1"": -1.0}, ""num_trusted"": 6, ""fallback_used"": false}"
209,apra,apra_trust_weighted_clip,"[38, 50, 98, 43, 30, 39]",[],"{""base_clip"": 1.0, ""trust_weights"": {""38"": 0.25, ""50"": 0.0, ""98"": 0.0, ""43"": 0.25, ""30"": 0.25, ""39"": 0.25}, ""num_aggregated"": 6}"
210,apra,apra_mad_filter,"[57, 36, 96, 74, 53, 30, 26, 62, 19]",[3],"{""median_norm"": 1.3374094922492934, ""mad"": 0.10803593707026915, ""k"": 2.0, ""num_accepted"": 9, ""safety_keep_used"": false, ""fallback_used"": false}"
210,apra,apra_hierarchical_cluster,"[57, 36, 96, 74, 53, 30, 62, 19]",[26],"{""best_k"": 2, ""best_score"": 0.6771301627159119, ""selected_cluster"": 0, ""cluster_scores"": {""0"": 3.7325310707092285, ""1"": -1.0}, ""num_trusted"": 8, ""fallback_used"": false}"
210,apra,apra_trust_weighted_clip,"[57, 36, 96, 74, 53, 30, 62, 19]",[],"{""base_clip"": 1.0, ""trust_weights"": {""57"": 0.15800346434116364, ""36"": 0.14339999854564667, ""96"": 0.0, ""74"": 0.15800346434116364, ""53"": 0.15800346434116364, ""30"": 0.15800346434116364, ""62"": 0.15800346434116364, ""19"": 0.06658265739679337}, ""num_aggregated"": 8}"
211,apra,apra_mad_filter,"[89, 56, 22, 65, 15, 79, 10, 45]","[1, 0]","{""median_norm"": 1.2381608084094922, ""mad"": 0.04525547053587298, ""k"": 2.0, ""num_accepted"": 8, ""safety_keep_used"": false, ""fallback_used"": false}"
211,apra,apra_hierarchical_cluster,"[89, 56, 22, 65, 15, 79, 45]",[10],"{""best_k"": 2, ""best_score"": 0.4829016923904419, ""selected_cluster"": 0, ""cluster_scores"": {""0"": 2.952491283416748, ""1"": -1.0}, ""num_trusted"": 7, ""fallback_used"": false}"
211,apra,apra_trust_weighted_clip,"[89, 56, 22, 65, 15, 79, 45]",[],"{""base_clip"": 1.0, ""trust_weights"": {""89"": 0.0, ""56"": 0.20000000298023224, ""22"": 0.20000000298023224, ""65"": 0.20000000298023224, ""15"": 0.0, ""79"": 0.20000000298023224, ""45"": 0.20000000298023224}, ""num_aggregated"": 7}"
212,apra,apra_mad_filter,"[28, 63, 38, 27, 82, 64, 32, 37]","[1, 71]","{""median_norm"": 1.1796280330317015, ""mad"": 0.028980672228562154, ""k"": 2.0, ""num_accepted"": 8, ""safety_keep_used"": false, ""fallback_used"": false}"
212,apra,apra_hierarchical_cluster,"[28, 63, 38, 27, 64, 32]","[82, 37]","{""best_k"": 2, ""best_score"": 0.5042144060134888, ""selected_cluster"": 1, ""cluster_scores"": {""0"": 1.4504420757293701, ""1"": 4.283843040466309}, ""num_trusted"": 6, ""fallback_used"": false}"
212,apra,apra_trust_weighted_clip,"[28, 63, 38, 27, 64, 32]",[],"{""base_clip"": 1.0, ""trust_weights"": {""28"": 0.25, ""63"": 0.0, ""38"": 0.25, ""27"": 0.25, ""64"": 0.0, ""32"": 0.25}, ""num_aggregated"": 6}"
213,apra,apra_mad_filter,"[7, 42, 22, 15, 77, 38, 41, 82]","[2, 1]","{""median_norm"": 1.423040270923686, ""mad"": 0.13870806443895511, ""k"": 2.0, ""num_accepted"": 8, ""safety_keep_used"": false, ""fallback_used"": false}"
213,apra,apra_hierarchical_cluster,"[7, 42, 22, 15, 77, 38, 82]",[41],"{""best_k"": 2, ""best_score"": 0.5414224863052368, ""selected_cluster"": 0, ""cluster_scores"": {""0"": 2.9814159870147705, ""1"": -1.0}, ""num_trusted"": 7, ""fallback_used"": false}"
213,apra,apra_trust_weighted_clip,"[7, 42, 22, 15, 77, 38, 82]",[],"{""base_clip"": 1.0, ""trust_weights"": {""7"": 0.1666666716337204, ""42"": 0.1666666716337204, ""22"": 0.1666666716337204, ""15"": 0.0, ""77"": 0.1666666716337204, ""38"": 0.1666666716337204, ""82"": 0.1666666716337204}, ""num_aggregated"": 7}"
214,apra,apra_mad_filter,"[33, 61, 17, 97, 54, 80, 62, 83]","[0, 4]","{""median_norm"": 1.1817388099121389, ""mad"": 0.10159284788493139, ""k"": 2.0, ""num_accepted"": 8, ""safety_keep_used"": false, ""fallback_used"": false}"
214,apra,apra_hierarchical_cluster,"[61, 17, 97, 54, 80, 62, 83]",[33],"{""best_k"": 2, ""best_score"": 0.5382200479507446, ""selected_cluster"": 0, ""cluster_scores"": {""0"": 1.7398900985717773, ""1"": -1.0}, ""num_trusted"": 7, ""fallback_used"": false}"
214,apra,apra_trust_weighted_clip,"[61, 17, 97, 54, 80, 62, 83]",[],"{""base_clip"": 1.0, ""trust_weights"": {""61"": 0.2018042504787445, ""17"": 0.2018042504787445, ""97"": 0.0, ""54"": 0.19278299808502197, ""80"": 0.2018042504787445, ""62"": 0.0, ""83"": 0.2018042504787445}, ""num_aggregated"": 7}"
215,apra,apra_mad_filter,"[55, 21, 77, 10, 35, 46, 76, 63, 58]",[4],"{""median_norm"": 1.3543050233452378, ""mad"": 0.05694922123106272, ""k"": 2.0, ""num_accepted"": 9, ""safety_keep_used"": false, ""fallback_used"": false}"
215,apra,apra_hierarchical_cluster,"[55, 21, 77, 10, 46, 63, 58]","[35, 76]","{""best_k"": 3, ""best_score"": 0.6664701104164124, ""selected_cluster"": 0, ""cluster_scores"": {""0"": 5.730785846710205, ""1"": -1.0, ""2"": -1.0}, ""num_trusted"": 7, ""fallback_used"": false}"
215,apra,apra_trust_weighted_clip,"[55, 21, 77, 10, 46, 63, 58]",[],"{""base_clip"": 1.0, ""trust_weights"": {""55"": 0.20000000298023224, ""21"": 0.20000000298023224, ""77"": 0.20000000298023224, ""10"": 0.0, ""46"": 0.20000000298023224, ""63"": 0.0, ""58"": 0.20000000298023224}, ""num_aggregated"": 7}"
216,apra,apra_mad_filter,"[53, 49, 74, 69, 97, 95, 41, 75]","[1, 3]","{""median_norm"": 1.2171097656574081, ""mad"": 0.0314365002034801, ""k"": 2.0, ""num_accepted"": 8, ""safety_keep_used"": false, ""fallback_used"": false}"
216,apra,apra_hierarchical_cluster,"[53, 49, 69, 97, 95, 75]","[74, 41]","{""best_k"": 3, ""best_score"": 0.4360087513923645, ""selected_cluster"": 0, ""cluster_scores"": {""0"": 1.3519600629806519, ""1"": -1.0, ""2"": -1.0}, ""num_trusted"": 6, ""fallback_used"": false}"
216,apra,apra_trust_weighted_clip,"[53, 49, 69, 97, 95, 75]",[],"{""base_clip"": 1.0, ""trust_weights"": {""53"": 0.20000000298023224, ""49"": 0.20000000298023224, ""69"": 0.20000000298023224, ""97"": 0.20000000298023224, ""95"": 0.20000000298023224, ""75"": 0.0}, ""num_aggregated"": 6}"
217,apra,apra_mad_filter,"[78, 12, 57, 97, 39, 63, 93, 30]","[0, 72]","{""median_norm"": 1.1822206188467197, ""mad"": 0.02740711014743069, ""k"": 2.0, ""num_accepted"": 8, ""safety_keep_used"": false, ""fallback_used"": false}"
217,apra,apra_hierarchical_cluster,"[78, 12, 57, 39, 63, 93, 30]",[97],"{""best_k"": 2, ""best_score"": 0.4686408042907715, ""selected_cluster"": 0, ""cluster_scores"": {""0"": 0.15675434470176697, ""1"": -1.0}, ""num_trusted"": 7, ""fallback_used"": false}"
217,apra,apra_trust_weighted_clip,"[78, 12, 57, 39, 63, 93, 30]",[],"{""base_clip"": 1.0, ""trust_weights"": {""78"": 0.24404793977737427, ""12"": 0.0, ""57"": 0.24404793977737427, ""39"": 0.023808252066373825, ""63"": 0.24404793977737427, ""93"": 0.0, ""30"": 0.24404793977737427}, ""num_aggregated"": 7}"
218,apra,apra_mad_filter,"[56, 47, 27, 79, 57, 83, 45, 58]","[3, 68]","{""median_norm"": 1.2182975306014803, ""mad"": 0.03348949465240236, ""k"": 2.0, ""num_accepted"": 8, ""safety_keep_used"": false, ""fallback_used"": false}"
218,apra,apra_hierarchical_cluster,"[56, 79, 57, 83, 45, 58]","[47, 27]","{""best_k"": 3, ""best_score"": 0.5496164560317993, ""selected_cluster"": 0, ""cluster_scores"": {""0"": 4.479648113250732, ""1"": -1.0, ""2"": -1.0}, ""num_trusted"": 6, ""fallback_used"": false}"
218,apra,apra_trust_weighted_clip,"[56, 79, 57, 83, 45, 58]",[],"{""base_clip"": 1.0, ""trust_weights"": {""56"": 0.20000000298023224, ""79"": 0.20000000298023224, ""57"": 0.20000000298023224, ""83"": 0.0, ""45"": 0.20000000298023224, ""58"": 0.20000000298023224}, ""num_aggregated"": 6}"
219,apra,apra_mad_filter,"[65, 96, 77, 88, 45, 84, 47, 58, 15]",[2],"{""median_norm"": 1.301054495316737, ""mad"": 0.10330210974619958, ""k"": 2.0, ""num_accepted"": 9, ""safety_keep_used"": false, ""fallback_used"": false}"
219,apra,apra_hierarchical_cluster,"[65, 77, 45, 84, 58, 15]","[96, 88, 47]","{""best_k"": 3, ""best_score"": 0.5596045255661011, ""selected_cluster"": 2, ""cluster_scores"": {""0"": 1.6133440732955933, ""1"": -1.0, ""2"": 5.099863529205322}, ""num_trusted"": 6, ""fallback_used"": false}"
219,apra,apra_trust_weighted_clip,"[65, 77, 45, 84, 58, 15]",[],"{""base_clip"": 1.0, ""trust_weights"": {""65"": 0.2405262291431427, ""77"": 0.2405262291431427, ""45"": 0.2405262291431427, ""84"": 0.2405262291431427, ""58"": 0.03789515793323517, ""15"": 0.0}, ""num_aggregated"": 6}"
220,apra,apra_mad_filter,"[15, 81, 79, 69, 33, 34, 93, 77, 50]",[1],"{""median_norm"": 1.2406468294482496, ""mad"": 0.0910595867671753, ""k"": 2.0, ""num_accepted"": 9, ""safety_keep_used"": false, ""fallback_used"": false}"
220,apra,apra_hierarchical_cluster,"[15, 81, 79, 69, 34, 93, 77, 50]",[33],"{""best_k"": 2, ""best_score"": 0.672655463218689, ""selected_cluster"": 0, ""cluster_scores"": {""0"": 3.689857006072998, ""1"": -1.0}, ""num_trusted"": 8, ""fallback_used"": false}"
220,apra,apra_trust_weighted_clip,"[15, 81, 79, 69, 34, 93, 77, 50]",[],"{""base_clip"": 1.0, ""trust_weights"": {""15"": 0.0, ""81"": 0.056064482778310776, ""79"": 0.17757420241832733, ""69"": 0.17757420241832733, ""34"": 0.17757420241832733, ""93"": 0.17757420241832733, ""77"": 0.17757420241832733, ""50"": 0.056064482778310776}, ""num_aggregated"": 8}"
221,apra,apra_mad_filter,"[56, 32, 73, 41, 24, 44, 62, 33, 36]",[0],"{""median_norm"": 1.3533863271478923, ""mad"": 0.11170242478184522, ""k"": 2.0, ""num_accepted"": 9, ""safety_keep_used"": false, ""fallback_used"": false}"
221,apra,apra_hierarchical_cluster,"[56, 32, 73, 41, 24, 44, 62, 36]",[33],"{""best_k"": 2, ""best_score"": 0.5634263157844543, ""selected_cluster"": 0, ""cluster_scores"": {""0"": 2.2263436317443848, ""1"": -1.0}, ""num_trusted"": 8, ""fallback_used"": false}"
221,apra,apra_trust_weighted_clip,"[56, 32, 73, 41, 24, 44, 62, 36]",[],"{""base_clip"": 1.0, ""trust_weights"": {""56"": 0.20000000298023224, ""32"": 0.20000000298023224, ""73"": 0.0, ""41"": 0.20000000298023224, ""24"": 0.20000000298023224, ""44"": 0.0, ""62"": 0.0, ""36"": 0.20000000298023224}, ""num_aggregated"": 8}"
222,apra,apra_mad_filter,"[57, 82, 21, 11, 19, 29, 65, 36, 66]",[1],"{""median_norm"": 1.3076776879758314, ""mad"": 0.06640520086802726, ""k"": 2.0, ""num_accepted"": 9, ""safety_keep_used"": false, ""fallback_used"": false}"
222,apra,apra_hierarchical_cluster,"[57, 82, 21, 11, 19, 29, 65, 36]",[66],"{""best_k"": 2, ""best_score"": 0.42807096242904663, ""selected_cluster"": 0, ""cluster_scores"": {""0"": 0.47187989950180054, ""1"": -1.0}, ""num_trusted"": 8, ""fallback_used"": false}"
222,apra,apra_trust_weighted_clip,"[57, 82, 21, 11, 19, 29, 65, 36]",[],"{""base_clip"": 1.0, ""trust_weights"": {""57"": 0.1666666716337204, ""82"": 0.1666666716337204, ""21"": 0.1666666716337204, ""11"": 0.0, ""19"": 0.1666666716337204, ""29"": 0.0, ""65"": 0.1666666716337204, ""36"": 0.1666666716337204}, ""num_aggregated"": 8}"
223,apra,apra_mad_filter,"[57, 48, 50, 10, 11, 97, 73]","[3, 80, 71]","{""median_norm"": 1.2008067865118006, ""mad"": 0.03465962988629179, ""k"": 2.0, ""num_accepted"": 7, ""safety_keep_used"": false, ""fallback_used"": false}"
223,apra,apra_hierarchical_cluster,"[57, 50, 11, 97]","[48, 10, 73]","{""best_k"": 3, ""best_score"": 0.5637223124504089, ""selected_cluster"": 0, ""cluster_scores"": {""0"": 3.0354366302490234, ""1"": 1.9537715911865234, ""2"": -1.0}, ""num_trusted"": 4, ""fallback_used"": false}"
223,apra,apra_trust_weighted_clip,"[57, 50, 11, 97]",[],"{""base_clip"": 1.0, ""trust_weights"": {""57"": 0.5, ""50"": 0.5, ""11"": 0.0, ""97"": 0.0}, ""num_aggregated"": 4}"
224,apra,apra_mad_filter,"[61, 43, 48, 64, 76, 86, 69, 29, 17]",[4],"{""median_norm"": 1.303470494865283, ""mad"": 0.06344684625691854, ""k"": 2.0, ""num_accepted"": 9, ""safety_keep_used"": false, ""fallback_used"": false}"
224,apra,apra_hierarchical_cluster,"[61, 43, 48, 64, 86, 69, 29, 17]",[76],"{""best_k"": 2, ""best_score"": 0.710023045539856, ""selected_cluster"": 0, ""cluster_scores"": {""0"": 4.1347126960754395, ""1"": -1.0}, ""num_trusted"": 8, ""fallback_used"": false}"
224,apra,apra_trust_weighted_clip,"[61, 43, 48, 64, 86, 69, 29, 17]",[],"{""base_clip"": 1.0, ""trust_weights"": {""61"": 0.1428571492433548, ""43"": 0.1428571492433548, ""48"": 0.0, ""64"": 0.1428571492433548, ""86"": 0.1428571492433548, ""69"": 0.1428571492433548, ""29"": 0.1428571492433548, ""17"": 0.1428571492433548}, ""num_aggregated"": 8}"
225,apra,apra_mad_filter,"[77, 6, 82, 8, 42, 76, 41]","[1, 4, 2]","{""median_norm"": 1.257169513354503, ""mad"": 0.1306642278104665, ""k"": 2.0, ""num_accepted"": 7, ""safety_keep_used"": false, ""fallback_used"": false}"
225,apra,apra_hierarchical_cluster,"[77, 6, 82, 8, 42, 41]",[76],"{""best_k"": 2, ""best_score"": 0.5650758147239685, ""selected_cluster"": 0, ""cluster_scores"": {""0"": 2.5407800674438477, ""1"": -1.0}, ""num_trusted"": 6, ""fallback_used"": false}"
225,apra,apra_trust_weighted_clip,"[77, 6, 82, 8, 42, 41]",[],"{""base_clip"": 1.0, ""trust_weights"": {""77"": 0.20000000298023224, ""6"": 0.20000000298023224, ""82"": 0.20000000298023224, ""8"": 0.0, ""42"": 0.20000000298023224, ""41"": 0.20000000298023224}, ""num_aggregated"": 6}"
226,apra,apra_mad_filter,"[45, 95, 15, 57, 30, 49, 42, 47]","[2, 71]","{""median_norm"": 1.2205977387723084, ""mad"": 0.04340761574845631, ""k"": 2.0, ""num_accepted"": 8, ""safety_keep_used"": false, ""fallback_used"": false}"
226,apra,apra_hierarchical_cluster,"[45, 95, 15, 57, 30, 49, 42]",[47],"{""best_k"": 2, ""best_score"": 0.6209484338760376, ""selected_cluster"": 0, ""cluster_scores"": {""0"": 4.344830513000488, ""1"": -1.0}, ""num_trusted"": 7, ""fallback_used"": false}"
226,apra,apra_trust_weighted_clip,"[45, 95, 15, 57, 30, 49, 42]",[],"{""base_clip"": 1.0, ""trust_weights"": {""45"": 0.0, ""95"": 0.25, ""15"": 0.25, ""57"": 0.0, ""30"": 0.25, ""49"": 0.25, ""42"": 0.0}, ""num_aggregated"": 7}"
227,apra,apra_mad_filter,"[5, 94, 73, 9, 74, 29, 36, 39]","[2, 42]","{""median_norm"": 1.2654004621089276, ""mad"": 0.02696617001956081, ""k"": 2.0, ""num_accepted"": 8, ""safety_keep_used"": false, ""fallback_used"": false}"
227,apra,apra_hierarchical_cluster,"[5, 94, 9, 74, 29, 36, 39]",[73],"{""best_k"": 2, ""best_score"": 0.5776774287223816, ""selected_cluster"": 0, ""cluster_scores"": {""0"": 3.545865058898926, ""1"": -1.0}, ""num_trusted"": 7, ""fallback_used"": false}"
227,apra,apra_trust_weighted_clip,"[5, 94, 9, 74, 29, 36, 39]",[],"{""base_clip"": 1.0, ""trust_weights"": {""5"": 0.11673301458358765, ""94"": 0.0, ""9"": 0.2555113136768341, ""74"": 0.11673301458358765, ""29"": 0.2555113136768341, ""36"": 0.2555113136768341, ""39"": 0.0}, ""num_aggregated"": 7}"
228,apra,apra_mad_filter,"[38, 53, 17, 85, 95, 61, 14, 18, 25]",[1],"{""median_norm"": 1.1970658547800463, ""mad"": 0.0283008732109733, ""k"": 2.0, ""num_accepted"": 9, ""safety_keep_used"": false, ""fallback_used"": false}"
228,apra,apra_hierarchical_cluster,"[38, 53, 17, 95, 61, 14, 18, 25]",[85],"{""best_k"": 2, ""best_score"": 0.6424574255943298, ""selected_cluster"": 0, ""cluster_scores"": {""0"": 3.3123223781585693, ""1"": -1.0}, ""num_trusted"": 8, ""fallback_used"": false}"
228,apra,apra_trust_weighted_clip,"[38, 53, 17, 95, 61, 14, 18, 25]",[],"{""base_clip"": 1.0, ""trust_weights"": {""38"": 0.1680925339460373, ""53"": 0.1680925339460373, ""17"": 0.1680925339460373, ""95"": 0.1680925339460373, ""61"": 0.15953736007213593, ""14"": 0.0, ""18"": 0.0, ""25"": 0.1680925339460373}, ""num_aggregated"": 8}"
229,apra,apra_mad_filter,"[30, 32, 8, 98, 53, 44, 31, 48]","[4, 26]","{""median_norm"": 1.190353671068152, ""mad"": 0.09278665620021043, ""k"": 2.0, ""num_accepted"": 8, ""safety_keep_used"": false, ""fallback_used"": false}"
229,apra,apra_hierarchical_cluster,"[30, 32, 8, 98, 53, 31, 48]",[44],"{""best_k"": 2, ""best_score"": 0.47169867157936096, ""selected_cluster"": 0, ""cluster_scores"": {""0"": 2.6479835510253906, ""1"": -1.0}, ""num_trusted"": 7, ""fallback_used"": false}"
229,apra,apra_trust_weighted_clip,"[30, 32, 8, 98, 53, 31, 48]",[],"{""base_clip"": 1.0, ""trust_weights"": {""30"": 0.25, ""32"": 0.25, ""8"": 0.0, ""98"": 0.25, ""53"": 0.25, ""31"": 0.0, ""48"": 0.0}, ""num_aggregated"": 7}"
230,apra,apra_mad_filter,"[92, 48, 79, 61, 41, 75, 86, 70]","[1, 3]","{""median_norm"": 1.3532458236904534, ""mad"": 0.037263524998040976, ""k"": 2.0, ""num_accepted"": 8, ""safety_keep_used"": false, ""fallback_used"": false}"
230,apra,apra_hierarchical_cluster,"[48, 79, 61, 41, 75, 86, 70]",[92],"{""best_k"": 2, ""best_score"": 0.3674111068248749, ""selected_cluster"": 0, ""cluster_scores"": {""0"": 0.6700491309165955, ""1"": -1.0}, ""num_trusted"": 7, ""fallback_used"": false}"
230,apra,apra_trust_weighted_clip,"[48, 79, 61, 41, 75, 86, 70]",[],"{""base_clip"": 1.0, ""trust_weights"": {""48"": 0.14446726441383362, ""79"": 0.177766352891922, ""61"": 0.14446726441383362, ""41"": 0.177766352891922, ""75"": 0.177766352891922, ""86"": 0.177766352891922, ""70"": 0.0}, ""num_aggregated"": 7}"
231,apra,apra_mad_filter,"[51, 21, 65, 24, 94, 91, 16, 77, 52]",[4],"{""median_norm"": 1.2311026321294398, ""mad"": 0.051758068418754966, ""k"": 2.0, ""num_accepted"": 9, ""safety_keep_used"": false, ""fallback_used"": false}"
231,apra,apra_hierarchical_cluster,"[51, 21, 65, 24, 94, 91, 16, 77]",[52],"{""best_k"": 2, ""best_score"": 0.5144653916358948, ""selected_cluster"": 0, ""cluster_scores"": {""0"": 1.7378968000411987, ""1"": -1.0}, ""num_trusted"": 8, ""fallback_used"": false}"
231,apra,apra_trust_weighted_clip,"[51, 21, 65, 24, 94, 91, 16, 77]",[],"{""base_clip"": 1.0, ""trust_weights"": {""51"": 0.09345043450593948, ""21"": 0.18130992352962494, ""65"": 0.0, ""24"": 0.18130992352962494, ""94"": 0.0, ""91"": 0.18130992352962494, ""16"": 0.18130992352962494, ""77"": 0.18130992352962494}, ""num_aggregated"": 8}"
232,apra,apra_mad_filter,"[68, 63, 72, 98, 81, 42, 82, 61, 65]",[0],"{""median_norm"": 1.2152493059933627, ""mad"": 0.10599181168367067, ""k"": 2.0, ""num_accepted"": 9, ""safety_keep_used"": false, ""fallback_used"": false}"
232,apra,apra_hierarchical_cluster,"[63, 72, 98, 81, 42, 82, 61, 65]",[68],"{""best_k"": 2, ""best_score"": 0.6457394361495972, ""selected_cluster"": 0, ""cluster_scores"": {""0"": 2.7308061122894287, ""1"": -1.0}, ""num_trusted"": 8, ""fallback_used"": false}"
232,apra,apra_trust_weighted_clip,"[63, 72, 98, 81, 42, 82, 61, 65]",[],"{""base_clip"": 1.0, ""trust_weights"": {""63"": 0.0, ""72"": 0.0, ""98"": 0.0, ""81"": 0.14942076802253723, ""42"": 0.23184798657894135, ""82"": 0.14942076802253723, ""61"": 0.2346552312374115, ""65"": 0.2346552312374115}, ""num_aggregated"": 8}"
233,apra,apra_mad_filter,"[19, 90, 61, 25, 60, 55, 32, 7, 76]",[4],"{""median_norm"": 1.3225863453030922, ""mad"": 0.07016585526315111, ""k"": 2.0, ""num_accepted"": 9, ""safety_keep_used"": false, ""fallback_used"": false}"
233,apra,apra_hierarchical_cluster,"[19, 90, 61, 25, 60, 55, 32, 7]",[76],"{""best_k"": 2, ""best_score"": 0.6348026990890503, ""selected_cluster"": 0, ""cluster_scores"": {""0"": 2.240100383758545, ""1"": -1.0}, ""num_trusted"": 8, ""fallback_used"": false}"
233,apra,apra_trust_weighted_clip,"[19, 90, 61, 25, 60, 55, 32, 7]",[],"{""base_clip"": 1.0, ""trust_weights"": {""19"": 0.1666666716337204, ""90"": 0.1666666716337204, ""61"": 0.0, ""25"": 0.1666666716337204, ""60"": 0.1666666716337204, ""55"": 0.0, ""32"": 0.1666666716337204, ""7"": 0.1666666716337204}, ""num_aggregated"": 8}"
234,apra,apra_mad_filter,"[59, 29, 75, 83, 66, 93, 32, 56, 50]",[3],"{""median_norm"": 1.268198111328641, ""mad"": 0.06290867988974369, ""k"": 2.0, ""num_accepted"": 9, ""safety_keep_used"": false, ""fallback_used"": false}"
234,apra,apra_hierarchical_cluster,"[29, 75, 66, 93, 32, 56, 50]","[59, 83]","{""best_k"": 3, ""best_score"": 0.5356369018554688, ""selected_cluster"": 0, ""cluster_scores"": {""0"": 2.578089475631714, ""1"": -1.0, ""2"": -1.0}, ""num_trusted"": 7, ""fallback_used"": false}"
234,apra,apra_trust_weighted_clip,"[29, 75, 66, 93, 32, 56, 50]",[],"{""base_clip"": 1.0, ""trust_weights"": {""29"": 0.3333333432674408, ""75"": 0.0, ""66"": 0.0, ""93"": 0.3333333432674408, ""32"": 0.0, ""56"": 0.3333333432674408, ""50"": 0.0}, ""num_aggregated"": 7}"
235,apra,apra_mad_filter,"[73, 64, 85, 65, 42, 43, 97]","[3, 4, 1]","{""median_norm"": 1.2026838962585737, ""mad"": 0.07309108734146674, ""k"": 2.0, ""num_accepted"": 7, ""safety_keep_used"": false, ""fallback_used"": false}"
235,apra,apra_hierarchical_cluster,"[64, 65, 42, 43, 97]","[73, 85]","{""best_k"": 2, ""best_score"": 0.43558019399642944, ""selected_cluster"": 1, ""cluster_scores"": {""0"": 1.233595371246338, ""1"": 1.9819427728652954}, ""num_trusted"": 5, ""fallback_used"": false}"
235,apra,apra_trust_weighted_clip,"[64, 65, 42, 43, 97]",[],"{""base_clip"": 1.0, ""trust_weights"": {""64"": 0.21097996830940247, ""65"": 0.28902003169059753, ""42"": 0.0, ""43"": 0.28902003169059753, ""97"": 0.21097996830940247}, ""num_aggregated"": 5}"
236,apra,apra_mad_filter,"[88, 83, 38, 36, 47, 85, 6, 57, 91]",[0],"{""median_norm"": 1.3515089747135127, ""mad"": 0.054141950840803754, ""k"": 2.0, ""num_accepted"": 9, ""safety_keep_used"": false, ""fallback_used"": false}"
236,apra,apra_hierarchical_cluster,"[83, 38, 36, 47, 85, 6, 57, 91]",[88],"{""best_k"": 2, ""best_score"": 0.5173216462135315, ""selected_cluster"": 0, ""cluster_scores"": {""0"": 2.115924119949341, ""1"": -1.0}, ""num_trusted"": 8, ""fallback_used"": false}"
236,apra,apra_trust_weighted_clip,"[83, 38, 36, 47, 85, 6, 57, 91]",[],"{""base_clip"": 1.0, ""trust_weights"": {""83"": 0.1428571492433548, ""38"": 0.1428571492433548, ""36"": 0.1428571492433548, ""47"": 0.0, ""85"": 0.1428571492433548, ""6"": 0.1428571492433548, ""57"": 0.1428571492433548, ""91"": 0.1428571492433548}, ""num_aggregated"": 8}"
237,apra,apra_mad_filter,"[77, 52, 21, 79, 94, 99, 95, 88]","[1, 4]","{""median_norm"": 1.2776741132052187, ""mad"": 0.058350497184786576, ""k"": 2.0, ""num_accepted"": 8, ""safety_keep_used"": false, ""fallback_used"": false}"
237,apra,apra_hierarchical_cluster,"[77, 52, 21, 79, 94, 99, 95]",[88],"{""best_k"": 2, ""best_score"": 0.578264594078064, ""selected_cluster"": 0, ""cluster_scores"": {""0"": 2.8642337322235107, ""1"": -1.0}, ""num_trusted"": 7, ""fallback_used"": false}"
237,apra,apra_trust_weighted_clip,"[77, 52, 21, 79, 94, 99, 95]",[],"{""base_clip"": 1.0, ""trust_weights"": {""77"": 0.1666666716337204, ""52"": 0.1666666716337204, ""21"": 0.0, ""79"": 0.1666666716337204, ""94"": 0.1666666716337204, ""99"": 0.1666666716337204, ""95"": 0.1666666716337204}, ""num_aggregated"": 7}"
238,apra,apra_mad_filter,"[57, 79, 30, 91, 24, 89, 19, 52]","[0, 3]","{""median_norm"": 1.15699573117492, ""mad"": 0.05043634797336127, ""k"": 2.0, ""num_accepted"": 8, ""safety_keep_used"": false, ""fallback_used"": false}"
238,apra,apra_hierarchical_cluster,"[57, 79, 91, 24, 89, 19]","[30, 52]","{""best_k"": 3, ""best_score"": 0.4283407926559448, ""selected_cluster"": 0, ""cluster_scores"": {""0"": 1.9039151668548584, ""1"": -1.0, ""2"": -1.0}, ""num_trusted"": 6, ""fallback_used"": false}"
238,apra,apra_trust_weighted_clip,"[57, 79, 91, 24, 89, 19]",[],"{""base_clip"": 1.0, ""trust_weights"": {""57"": 0.0, ""79"": 0.3333333432674408, ""91"": 0.0, ""24"": 0.0, ""89"": 0.3333333432674408, ""19"": 0.3333333432674408}, ""num_aggregated"": 6}"
239,apra,apra_mad_filter,"[19, 58, 67, 21, 45, 38, 50, 31]","[2, 3]","{""median_norm"": 1.202784428697551, ""mad"": 0.04713186666651181, ""k"": 2.0, ""num_accepted"": 8, ""safety_keep_used"": false, ""fallback_used"": false}"
239,apra,apra_hierarchical_cluster,"[19, 67, 21, 45, 38, 50, 31]",[58],"{""best_k"": 2, ""best_score"": 0.5038264989852905, ""selected_cluster"": 0, ""cluster_scores"": {""0"": 2.543874979019165, ""1"": -1.0}, ""num_trusted"": 7, ""fallback_used"": false}"
239,apra,apra_trust_weighted_clip,"[19, 67, 21, 45, 38, 50, 31]",[],"{""base_clip"": 1.0, ""trust_weights"": {""19"": 0.0, ""67"": 0.10980675369501114, ""21"": 0.13987816870212555, ""45"": 0.17536026239395142, ""38"": 0.21753834187984467, ""50"": 0.21753834187984467, ""31"": 0.13987816870212555}, ""num_aggregated"": 7}"
240,apra,apra_mad_filter,"[39, 86, 11, 95, 45, 55, 64, 16]","[2, 80]","{""median_norm"": 1.1941837356311624, ""mad"": 0.028696536623899815, ""k"": 2.0, ""num_accepted"": 8, ""safety_keep_used"": false, ""fallback_used"": false}"
240,apra,apra_hierarchical_cluster,"[39, 86, 11, 95, 45, 55]","[64, 16]","{""best_k"": 3, ""best_score"": 0.4655882716178894, ""selected_cluster"": 0, ""cluster_scores"": {""0"": 2.837533950805664, ""1"": -1.0, ""2"": -1.0}, ""num_trusted"": 6, ""fallback_used"": false}"
240,apra,apra_trust_weighted_clip,"[39, 86, 11, 95, 45, 55]",[],"{""base_clip"": 1.0, ""trust_weights"": {""39"": 0.0, ""86"": 0.0, ""11"": 0.0, ""95"": 0.5, ""45"": 0.0, ""55"": 0.5}, ""num_aggregated"": 6}"
241,apra,apra_mad_filter,"[59, 57, 41, 27, 75, 99, 93, 22]","[0, 71]","{""median_norm"": 1.203410069215559, ""mad"": 0.03962426625491433, ""k"": 2.0, ""num_accepted"": 8, ""safety_keep_used"": false, ""fallback_used"": false}"
241,apra,apra_hierarchical_cluster,"[57, 27, 75, 99, 93, 22]","[59, 41]","{""best_k"": 3, ""best_score"": 0.5686882734298706, ""selected_cluster"": 0, ""cluster_scores"": {""0"": 4.100122451782227, ""1"": -1.0, ""2"": -1.0}, ""num_trusted"": 6, ""fallback_used"": false}"
241,apra,apra_trust_weighted_clip,"[57, 27, 75, 99, 93, 22]",[],"{""base_clip"": 1.0, ""trust_weights"": {""57"": 0.20000000298023224, ""27"": 0.20000000298023224, ""75"": 0.0, ""99"": 0.20000000298023224, ""93"": 0.20000000298023224, ""22"": 0.20000000298023224}, ""num_aggregated"": 6}"
242,apra,apra_mad_filter,"[82, 41, 71, 92, 76, 59, 86, 5]","[2, 12]","{""median_norm"": 1.3446871576517352, ""mad"": 0.052040051335794035, ""k"": 2.0, ""num_accepted"": 8, ""safety_keep_used"": false, ""fallback_used"": false}"
242,apra,apra_hierarchical_cluster,"[82, 41, 92, 86, 5]","[71, 76, 59]","{""best_k"": 3, ""best_score"": 0.6658596992492676, ""selected_cluster"": 0, ""cluster_scores"": {""0"": 3.713813066482544, ""1"": -1.0, ""2"": 1.9988818168640137}, ""num_trusted"": 5, ""fallback_used"": false}"
242,apra,apra_trust_weighted_clip,"[82, 41, 92, 86, 5]",[],"{""base_clip"": 1.0, ""trust_weights"": {""82"": 0.25, ""41"": 0.0, ""92"": 0.25, ""86"": 0.25, ""5"": 0.25}, ""num_aggregated"": 5}"
243,apra,apra_mad_filter,"[86, 65, 39, 64, 43, 92, 41, 98]","[4, 0]","{""median_norm"": 1.2018160044874049, ""mad"": 0.05579961511982312, ""k"": 2.0, ""num_accepted"": 8, ""safety_keep_used"": false, ""fallback_used"": false}"
243,apra,apra_hierarchical_cluster,"[86, 65, 39, 64, 43, 92, 98]",[41],"{""best_k"": 2, ""best_score"": 0.593255877494812, ""selected_cluster"": 0, ""cluster_scores"": {""0"": 1.6922920942306519, ""1"": -1.0}, ""num_trusted"": 7, ""fallback_used"": false}"
243,apra,apra_trust_weighted_clip,"[86, 65, 39, 64, 43, 92, 98]",[],"{""base_clip"": 1.0, ""trust_weights"": {""86"": 0.03891868144273758, ""65"": 0.0, ""39"": 0.0, ""64"": 0.24027033150196075, ""43"": 0.24027033150196075, ""92"": 0.24027033150196075, ""98"": 0.24027033150196075}, ""num_aggregated"": 7}"
244,apra,apra_mad_filter,"[89, 71, 47, 26, 95, 51, 44, 80]","[1, 0]","{""median_norm"": 1.43173436647201, ""mad"": 0.21455185273049981, ""k"": 2.0, ""num_accepted"": 8, ""safety_keep_used"": false, ""fallback_used"": false}"
244,apra,apra_hierarchical_cluster,"[89, 71, 47, 95, 51, 44, 80]",[26],"{""best_k"": 2, ""best_score"": 0.6178297996520996, ""selected_cluster"": 0, ""cluster_scores"": {""0"": 3.147876024246216, ""1"": -1.0}, ""num_trusted"": 7, ""fallback_used"": false}"
244,apra,apra_trust_weighted_clip,"[89, 71, 47, 95, 51, 44, 80]",[],"{""base_clip"": 1.0, ""trust_weights"": {""89"": 0.20000000298023224, ""71"": 0.0, ""47"": 0.20000000298023224, ""95"": 0.20000000298023224, ""51"": 0.20000000298023224, ""44"": 0.0, ""80"": 0.20000000298023224}, ""num_aggregated"": 7}"
245,apra,apra_mad_filter,"[19, 56, 67, 48, 99, 59]","[3, 28, 80, 5]","{""median_norm"": 1.3348823278196587, ""mad"": 0.020977754845006746, ""k"": 2.0, ""num_accepted"": 6, ""safety_keep_used"": false, ""fallback_used"": false}"
245,apra,apra_hierarchical_cluster,"[19, 56, 67, 99]","[48, 59]","{""best_k"": 3, ""best_score"": 0.47269317507743835, ""selected_cluster"": 0, ""cluster_scores"": {""0"": 2.237722396850586, ""1"": -1.0, ""2"": -1.0}, ""num_trusted"": 4, ""fallback_used"": false}"
245,apra,apra_trust_weighted_clip,"[19, 56, 67, 99]",[],"{""base_clip"": 1.0, ""trust_weights"": {""19"": 0.25, ""56"": 0.25, ""67"": 0.25, ""99"": 0.25}, ""num_aggregated"": 4}"
246,apra,apra_mad_filter,"[45, 11, 25, 6, 53, 78, 54, 58, 24]",[0],"{""median_norm"": 1.245331077562632, ""mad"": 0.017918401194491396, ""k"": 2.0, ""num_accepted"": 9, ""safety_keep_used"": false, ""fallback_used"": false}"
246,apra,apra_hierarchical_cluster,"[45, 11, 25, 6, 53, 78, 58, 24]",[54],"{""best_k"": 2, ""best_score"": 0.46353456377983093, ""selected_cluster"": 0, ""cluster_scores"": {""0"": 0.8907595872879028, ""1"": -1.0}, ""num_trusted"": 8, ""fallback_used"": false}"
246,apra,apra_trust_weighted_clip,"[45, 11, 25, 6, 53, 78, 58, 24]",[],"{""base_clip"": 1.0, ""trust_weights"": {""45"": 0.21234437823295593, ""11"": 0.21234437823295593, ""25"": 0.0, ""6"": 0.1814834326505661, ""53"": 0.21234437823295593, ""78"": 0.0, ""58"": 0.0, ""24"": 0.1814834326505661}, ""num_aggregated"": 8}"
247,apra,apra_mad_filter,"[17, 69, 14, 41, 50, 32, 58]","[0, 71, 4]","{""median_norm"": 1.196891984815117, ""mad"": 0.06103130066770368, ""k"": 2.0, ""num_accepted"": 7, ""safety_keep_used"": false, ""fallback_used"": false}"
247,apra,apra_hierarchical_cluster,"[17, 69, 14, 50, 32, 58]",[41],"{""best_k"": 2, ""best_score"": 0.5530399680137634, ""selected_cluster"": 0, ""cluster_scores"": {""0"": 1.5469844341278076, ""1"": -1.0}, ""num_trusted"": 6, ""fallback_used"": false}"
247,apra,apra_trust_weighted_clip,"[17, 69, 14, 50, 32, 58]",[],"{""base_clip"": 1.0, ""trust_weights"": {""17"": 0.20000000298023224, ""69"": 0.20000000298023224, ""14"": 0.20000000298023224, ""50"": 0.0, ""32"": 0.20000000298023224, ""58"": 0.20000000298023224}, ""num_aggregated"": 6}"
248,apra,apra_mad_filter,"[62, 67, 43, 73, 99, 20]","[1, 29, 58, 72]","{""median_norm"": 1.2718989257161786, ""mad"": 0.019839678319267806, ""k"": 2.0, ""num_accepted"": 6, ""safety_keep_used"": false, ""fallback_used"": false}"
248,apra,apra_hierarchical_cluster,"[62, 67, 43, 99, 20]",[73],"{""best_k"": 2, ""best_score"": 0.4521341025829315, ""selected_cluster"": 0, ""cluster_scores"": {""0"": 2.340117931365967, ""1"": -1.0}, ""num_trusted"": 5, ""fallback_used"": false}"
248,apra,apra_trust_weighted_clip,"[62, 67, 43, 99, 20]",[],"{""base_clip"": 1.0, ""trust_weights"": {""62"": 0.3333333432674408, ""67"": 0.0, ""43"": 0.3333333432674408, ""99"": 0.3333333432674408, ""20"": 0.0}, ""num_aggregated"": 5}"
249,apra,apra_mad_filter,"[37, 93, 74, 22, 40, 11, 29, 61, 14]",[0],"{""median_norm"": 1.3799449326890203, ""mad"": 0.05256819180233974, ""k"": 2.0, ""num_accepted"": 9, ""safety_keep_used"": false, ""fallback_used"": false}"
249,apra,apra_hierarchical_cluster,"[93, 22, 11, 29, 61]","[37, 74, 40, 14]","{""best_k"": 4, ""best_score"": 0.4620071053504944, ""selected_cluster"": 1, ""cluster_scores"": {""0"": 1.8470467329025269, ""1"": 3.524965763092041, ""2"": -1.0, ""3"": -1.0}, ""num_trusted"": 5, ""fallback_used"": false}"
249,apra,apra_trust_weighted_clip,"[93, 22, 11, 29, 61]",[],"{""base_clip"": 1.0, ""trust_weights"": {""93"": 0.19339491426944733, ""22"": 0.0, ""11"": 0.19339491426944733, ""29"": 0.30660510063171387, ""61"": 0.30660510063171387}, ""num_aggregated"": 5}"
250,apra,apra_mad_filter,"[31, 55, 89, 25, 73, 5, 48]","[3, 0, 68]","{""median_norm"": 1.2317405781336261, ""mad"": 0.05956436261280862, ""k"": 2.0, ""num_accepted"": 7, ""safety_keep_used"": false, ""fallback_used"": false}"
250,apra,apra_hierarchical_cluster,"[31, 55, 89, 5]","[25, 73, 48]","{""best_k"": 3, ""best_score"": 0.5438826680183411, ""selected_cluster"": 2, ""cluster_scores"": {""0"": 1.8400508165359497, ""1"": -1.0, ""2"": 3.8565921783447266}, ""num_trusted"": 4, ""fallback_used"": false}"
250,apra,apra_trust_weighted_clip,"[31, 55, 89, 5]",[],"{""base_clip"": 1.0, ""trust_weights"": {""31"": 0.3333333432674408, ""55"": 0.3333333432674408, ""89"": 0.0, ""5"": 0.3333333432674408}, ""num_aggregated"": 4}"
251,apra,apra_mad_filter,"[28, 5, 53, 72, 34, 88, 65, 27, 55]",[4],"{""median_norm"": 1.187668522056811, ""mad"": 0.05447744162378676, ""k"": 2.0, ""num_accepted"": 9, ""safety_keep_used"": false, ""fallback_used"": false}"
251,apra,apra_hierarchical_cluster,"[28, 5, 53, 72, 34, 65, 55]","[88, 27]","{""best_k"": 2, ""best_score"": 0.4557456970214844, ""selected_cluster"": 1, ""cluster_scores"": {""0"": 1.126339077949524, ""1"": 2.5069308280944824}, ""num_trusted"": 7, ""fallback_used"": false}"
251,apra,apra_trust_weighted_clip,"[28, 5, 53, 72, 34, 65, 55]",[],"{""base_clip"": 1.0, ""trust_weights"": {""28"": 0.0, ""5"": 0.19636280834674835, ""53"": 0.19636280834674835, ""72"": 0.19636280834674835, ""34"": 0.19636280834674835, ""65"": 0.01818597875535488, ""55"": 0.19636280834674835}, ""num_aggregated"": 7}"
252,apra,apra_mad_filter,"[16, 55, 57, 21, 26, 69, 51, 44, 86]",[4],"{""median_norm"": 1.1734541449988574, ""mad"": 0.07134693204789144, ""k"": 2.0, ""num_accepted"": 9, ""safety_keep_used"": false, ""fallback_used"": false}"
252,apra,apra_hierarchical_cluster,"[16, 55, 57, 21, 69, 51, 44, 86]",[26],"{""best_k"": 2, ""best_score"": 0.7411563396453857, ""selected_cluster"": 0, ""cluster_scores"": {""0"": 4.736555099487305, ""1"": -1.0}, ""num_trusted"": 8, ""fallback_used"": false}"
252,apra,apra_trust_weighted_clip,"[16, 55, 57, 21, 69, 51, 44, 86]",[],"{""base_clip"": 1.0, ""trust_weights"": {""16"": 0.0, ""55"": 0.1666666716337204, ""57"": 0.1666666716337204, ""21"": 0.1666666716337204, ""69"": 0.1666666716337204, ""51"": 0.1666666716337204, ""44"": 0.0, ""86"": 0.1666666716337204}, ""num_aggregated"": 8}"
253,apra,apra_mad_filter,"[6, 52, 61, 62, 48, 45, 73, 46, 58]",[3],"{""median_norm"": 1.255790422020275, ""mad"": 0.04766475187392294, ""k"": 2.0, ""num_accepted"": 9, ""safety_keep_used"": false, ""fallback_used"": false}"
253,apra,apra_hierarchical_cluster,"[6, 61, 45, 46, 58]","[52, 62, 48, 73]","{""best_k"": 4, ""best_score"": 0.4912399649620056, ""selected_cluster"": 0, ""cluster_scores"": {""0"": 4.137095928192139, ""1"": 1.8760292530059814, ""2"": -1.0, ""3"": -1.0}, ""num_trusted"": 5, ""fallback_used"": false}"
253,apra,apra_trust_weighted_clip,"[6, 61, 45, 46, 58]",[],"{""base_clip"": 1.0, ""trust_weights"": {""6"": 0.24962833523750305, ""61"": 0.0, ""45"": 0.24452854692935944, ""46"": 0.25292155146598816, ""58"": 0.25292155146598816}, ""num_aggregated"": 5}"
254,apra,apra_mad_filter,"[95, 97, 42, 38, 13, 41, 82]","[1, 0, 96]","{""median_norm"": 1.2502637633228981, ""mad"": 0.04028900673701785, ""k"": 2.0, ""num_accepted"": 7, ""safety_keep_used"": false, ""fallback_used"": false}"
254,apra,apra_hierarchical_cluster,"[95, 97, 42, 38, 13, 82]",[41],"{""best_k"": 2, ""best_score"": 0.6249581575393677, ""selected_cluster"": 0, ""cluster_scores"": {""0"": 3.5506205558776855, ""1"": -1.0}, ""num_trusted"": 6, ""fallback_used"": false}"
254,apra,apra_trust_weighted_clip,"[95, 97, 42, 38, 13, 82]",[],"{""base_clip"": 1.0, ""trust_weights"": {""95"": 0.17660078406333923, ""97"": 0.0, ""42"": 0.16195069253444672, ""38"": 0.17660078406333923, ""13"": 0.24242384731769562, ""82"": 0.24242384731769562}, ""num_aggregated"": 6}"
255,apra,apra_mad_filter,"[62, 85, 17, 46, 38, 6, 23, 43]","[3, 1]","{""median_norm"": 1.3173937370718436, ""mad"": 0.04334774338825642, ""k"": 2.0, ""num_accepted"": 8, ""safety_keep_used"": false, ""fallback_used"": false}"
255,apra,apra_hierarchical_cluster,"[17, 46, 38, 6, 23, 43]","[62, 85]","{""best_k"": 3, ""best_score"": 0.5032100677490234, ""selected_cluster"": 0, ""cluster_scores"": {""0"": 2.6754093170166016, ""1"": -1.0, ""2"": -1.0}, ""num_trusted"": 6, ""fallback_used"": false}"
255,apra,apra_trust_weighted_clip,"[17, 46, 38, 6, 23, 43]",[],"{""base_clip"": 1.0, ""trust_weights"": {""17"": 0.036684855818748474, ""46"": 0.24082878232002258, ""38"": 0.24082878232002258, ""6"": 0.24082878232002258, ""23"": 0.0, ""43"": 0.24082878232002258}, ""num_aggregated"": 6}"
256,apra,apra_mad_filter,"[84, 79, 95, 65, 9, 81, 70]","[4, 71, 3]","{""median_norm"": 1.2674994744284982, ""mad"": 0.07825799048904636, ""k"": 2.0, ""num_accepted"": 7, ""safety_keep_used"": false, ""fallback_used"": false}"
256,apra,apra_hierarchical_cluster,"[84, 79, 95, 65, 9, 81]",[70],"{""best_k"": 2, ""best_score"": 0.4855515658855438, ""selected_cluster"": 0, ""cluster_scores"": {""0"": 2.9206976890563965, ""1"": -1.0}, ""num_trusted"": 6, ""fallback_used"": false}"
256,apra,apra_trust_weighted_clip,"[84, 79, 95, 65, 9, 81]",[],"{""base_clip"": 1.0, ""trust_weights"": {""84"": 0.0, ""79"": 0.0, ""95"": 0.25, ""65"": 0.25, ""9"": 0.25, ""81"": 0.25}, ""num_aggregated"": 6}"
257,apra,apra_mad_filter,"[42, 58, 20, 28, 44, 63, 65, 38]","[2, 68]","{""median_norm"": 1.2965006841736786, ""mad"": 0.09530570711848263, ""k"": 2.0, ""num_accepted"": 8, ""safety_keep_used"": false, ""fallback_used"": false}"
257,apra,apra_hierarchical_cluster,"[42, 58, 28, 44, 63, 65, 38]",[20],"{""best_k"": 2, ""best_score"": 0.682803750038147, ""selected_cluster"": 0, ""cluster_scores"": {""0"": 6.109204292297363, ""1"": -1.0}, ""num_trusted"": 7, ""fallback_used"": false}"
257,apra,apra_trust_weighted_clip,"[42, 58, 28, 44, 63, 65, 38]",[],"{""base_clip"": 1.0, ""trust_weights"": {""42"": 0.1666666716337204, ""58"": 0.1666666716337204, ""28"": 0.1666666716337204, ""44"": 0.0, ""63"": 0.1666666716337204, ""65"": 0.1666666716337204, ""38"": 0.1666666716337204}, ""num_aggregated"": 7}"
258,apra,apra_mad_filter,"[61, 81, 20, 6, 68, 37, 15, 11]","[2, 3]","{""median_norm"": 1.2768114300902713, ""mad"": 0.10346061695154285, ""k"": 2.0, ""num_accepted"": 8, ""safety_keep_used"": false, ""fallback_used"": false}"
258,apra,apra_hierarchical_cluster,"[61, 81, 20, 6, 37, 15, 11]",[68],"{""best_k"": 2, ""best_score"": 0.671056866645813, ""selected_cluster"": 0, ""cluster_scores"": {""0"": 4.128812313079834, ""1"": -1.0}, ""num_trusted"": 7, ""fallback_used"": false}"
258,apra,apra_trust_weighted_clip,"[61, 81, 20, 6, 37, 15, 11]",[],"{""base_clip"": 1.0, ""trust_weights"": {""61"": 0.19375090301036835, ""81"": 0.031245460733771324, ""20"": 0.19375090301036835, ""6"": 0.19375090301036835, ""37"": 0.0, ""15"": 0.19375090301036835, ""11"": 0.19375090301036835}, ""num_aggregated"": 7}"
259,apra,apra_mad_filter,"[95, 98, 39, 75, 32, 15, 52]","[2, 8, 60]","{""median_norm"": 1.2007523962665125, ""mad"": 0.02875018476699387, ""k"": 2.0, ""num_accepted"": 7, ""safety_keep_used"": false, ""fallback_used"": false}"
259,apra,apra_hierarchical_cluster,"[95, 39, 75]","[98, 32, 15, 52]","{""best_k"": 3, ""best_score"": 0.5831921696662903, ""selected_cluster"": 2, ""cluster_scores"": {""0"": 1.997085690498352, ""1"": 1.9559764862060547, ""2"": 2.9113821983337402}, ""num_trusted"": 3, ""fallback_used"": false}"
259,apra,apra_trust_weighted_clip,"[95, 39, 75]",[],"{""base_clip"": 1.0, ""trust_weights"": {""95"": 0.5, ""39"": 0.5, ""75"": 0.0}, ""num_aggregated"": 3}"
260,apra,apra_mad_filter,"[67, 86, 16, 55, 99, 88, 15, 12]","[3, 1]","{""median_norm"": 1.285519331368186, ""mad"": 0.05166142056285128, ""k"": 2.0, ""num_accepted"": 8, ""safety_keep_used"": false, ""fallback_used"": false}"
260,apra,apra_hierarchical_cluster,"[67, 86, 16, 55, 99, 15, 12]",[88],"{""best_k"": 2, ""best_score"": 0.6039575338363647, ""selected_cluster"": 0, ""cluster_scores"": {""0"": 2.1093590259552, ""1"": -1.0}, ""num_trusted"": 7, ""fallback_used"": false}"
260,apra,apra_trust_weighted_clip,"[67, 86, 16, 55, 99, 15, 12]",[],"{""base_clip"": 1.0, ""trust_weights"": {""67"": 0.0, ""86"": 0.20000000298023224, ""16"": 0.20000000298023224, ""55"": 0.20000000298023224, ""99"": 0.20000000298023224, ""15"": 0.20000000298023224, ""12"": 0.0}, ""num_aggregated"": 7}"
261,apra,apra_mad_filter,"[82, 47, 49, 56, 12, 30, 83, 37]","[2, 81]","{""median_norm"": 1.219566564906926, ""mad"": 0.03809511085823658, ""k"": 2.0, ""num_accepted"": 8, ""safety_keep_used"": false, ""fallback_used"": false}"
261,apra,apra_hierarchical_cluster,"[82, 49, 56, 12, 30, 83, 37]",[47],"{""best_k"": 2, ""best_score"": 0.5406496524810791, ""selected_cluster"": 0, ""cluster_scores"": {""0"": 1.7564529180526733, ""1"": -1.0}, ""num_trusted"": 7, ""fallback_used"": false}"
261,apra,apra_trust_weighted_clip,"[82, 49, 56, 12, 30, 83, 37]",[],"{""base_clip"": 1.0, ""trust_weights"": {""82"": 0.20000000298023224, ""49"": 0.20000000298023224, ""56"": 0.20000000298023224, ""12"": 0.20000000298023224, ""30"": 0.20000000298023224, ""83"": 0.0, ""37"": 0.0}, ""num_aggregated"": 7}"
262,apra,apra_mad_filter,"[91, 36, 57, 85, 84, 46, 6, 40, 43]",[0],"{""median_norm"": 1.2804924843399337, ""mad"": 0.06763970111342676, ""k"": 2.0, ""num_accepted"": 9, ""safety_keep_used"": false, ""fallback_used"": false}"
262,apra,apra_hierarchical_cluster,"[91, 36, 6, 43]","[57, 85, 84, 46, 40]","{""best_k"": 4, ""best_score"": 0.43252918124198914, ""selected_cluster"": 2, ""cluster_scores"": {""0"": 2.0472633838653564, ""1"": -1.0, ""2"": 3.4400875568389893, ""3"": -1.0}, ""num_trusted"": 4, ""fallback_used"": false}"
262,apra,apra_trust_weighted_clip,"[91, 36, 6, 43]",[],"{""base_clip"": 1.0, ""trust_weights"": {""91"": 0.0, ""36"": 0.1659606397151947, ""6"": 0.41701969504356384, ""43"": 0.41701969504356384}, ""num_aggregated"": 4}"
263,apra,apra_mad_filter,"[39, 5, 83, 76, 18, 17, 81, 62]","[4, 71]","{""median_norm"": 1.2922990943255868, ""mad"": 0.0848537781867561, ""k"": 2.0, ""num_accepted"": 8, ""safety_keep_used"": false, ""fallback_used"": false}"
263,apra,apra_hierarchical_cluster,"[39, 5, 83, 18, 17, 81, 62]",[76],"{""best_k"": 2, ""best_score"": 0.6743816137313843, ""selected_cluster"": 0, ""cluster_scores"": {""0"": 4.441783428192139, ""1"": -1.0}, ""num_trusted"": 7, ""fallback_used"": false}"
263,apra,apra_trust_weighted_clip,"[39, 5, 83, 18, 17, 81, 62]",[],"{""base_clip"": 1.0, ""trust_weights"": {""39"": 0.177835151553154, ""5"": 0.177835151553154, ""83"": 0.177835151553154, ""18"": 0.11082427203655243, ""17"": 0.177835151553154, ""81"": 0.177835151553154, ""62"": 0.0}, ""num_aggregated"": 7}"
264,apra,apra_mad_filter,"[52, 74, 80, 88, 5, 84, 50, 40, 78]",[0],"{""median_norm"": 1.253664629969425, ""mad"": 0.053111507781550715, ""k"": 2.0, ""num_accepted"": 9, ""safety_keep_used"": false, ""fallback_used"": false}"
264,apra,apra_hierarchical_cluster,"[52, 80, 5, 84, 50, 40, 78]","[74, 88]","{""best_k"": 3, ""best_score"": 0.5146368741989136, ""selected_cluster"": 0, ""cluster_scores"": {""0"": 3.0025601387023926, ""1"": -1.0, ""2"": -1.0}, ""num_trusted"": 7, ""fallback_used"": false}"
264,apra,apra_trust_weighted_clip,"[52, 80, 5, 84, 50, 40, 78]",[],"{""base_clip"": 1.0, ""trust_weights"": {""52"": 0.0, ""80"": 0.20000000298023224, ""5"": 0.20000000298023224, ""84"": 0.20000000298023224, ""50"": 0.0, ""40"": 0.20000000298023224, ""78"": 0.20000000298023224}, ""num_aggregated"": 7}"
265,apra,apra_mad_filter,"[31, 43, 56, 84, 45, 95, 65]","[2, 80, 90]","{""median_norm"": 1.1751286520570747, ""mad"": 0.0246439669258548, ""k"": 2.0, ""num_accepted"": 7, ""safety_keep_used"": false, ""fallback_used"": false}"
265,apra,apra_hierarchical_cluster,"[31, 43, 56, 45, 95, 65]",[84],"{""best_k"": 2, ""best_score"": 0.7058258056640625, ""selected_cluster"": 0, ""cluster_scores"": {""0"": 4.54680871963501, ""1"": -1.0}, ""num_trusted"": 6, ""fallback_used"": false}"
265,apra,apra_trust_weighted_clip,"[31, 43, 56, 45, 95, 65]",[],"{""base_clip"": 1.0, ""trust_weights"": {""31"": 0.20000000298023224, ""43"": 0.20000000298023224, ""56"": 0.20000000298023224, ""45"": 0.20000000298023224, ""95"": 0.20000000298023224, ""65"": 0.0}, ""num_aggregated"": 6}"
266,apra,apra_mad_filter,"[29, 84, 28, 52, 38, 63]","[0, 87, 51, 72]","{""median_norm"": 1.2686483869191183, ""mad"": 0.03165827573189184, ""k"": 2.0, ""num_accepted"": 6, ""safety_keep_used"": false, ""fallback_used"": false}"
266,apra,apra_hierarchical_cluster,"[29, 84, 28, 38, 63]",[52],"{""best_k"": 2, ""best_score"": 0.4451151192188263, ""selected_cluster"": 0, ""cluster_scores"": {""0"": 0.6594861149787903, ""1"": -1.0}, ""num_trusted"": 5, ""fallback_used"": false}"
266,apra,apra_trust_weighted_clip,"[29, 84, 28, 38, 63]",[],"{""base_clip"": 1.0, ""trust_weights"": {""29"": 0.2891445457935333, ""84"": 0.2891445457935333, ""28"": 0.21085546910762787, ""38"": 0.0, ""63"": 0.21085546910762787}, ""num_aggregated"": 5}"
267,apra,apra_mad_filter,"[22, 39, 47, 42, 99, 66, 96, 13, 63]",[1],"{""median_norm"": 1.210187187693946, ""mad"": 0.08013103183148285, ""k"": 2.0, ""num_accepted"": 9, ""safety_keep_used"": false, ""fallback_used"": false}"
267,apra,apra_hierarchical_cluster,"[22, 39, 42, 99, 66, 96, 13, 63]",[47],"{""best_k"": 2, ""best_score"": 0.4163229167461395, ""selected_cluster"": 0, ""cluster_scores"": {""0"": 0.5105891227722168, ""1"": -1.0}, ""num_trusted"": 8, ""fallback_used"": false}"
267,apra,apra_trust_weighted_clip,"[22, 39, 42, 99, 66, 96, 13, 63]",[],"{""base_clip"": 1.0, ""trust_weights"": {""22"": 0.05065091326832771, ""39"": 0.36857354640960693, ""42"": 0.0, ""99"": 0.10610095411539078, ""66"": 0.36857354640960693, ""96"": 0.0, ""13"": 0.0, ""63"": 0.10610095411539078}, ""num_aggregated"": 8}"
268,apra,apra_mad_filter,"[94, 29, 31, 45, 9, 98, 38]","[0, 68, 99]","{""median_norm"": 1.384060228962377, ""mad"": 0.04252832916523941, ""k"": 2.0, ""num_accepted"": 7, ""safety_keep_used"": false, ""fallback_used"": false}"
268,apra,apra_hierarchical_cluster,"[94, 29, 31, 45, 9, 38]",[98],"{""best_k"": 2, ""best_score"": 0.539335310459137, ""selected_cluster"": 0, ""cluster_scores"": {""0"": 4.052612781524658, ""1"": -1.0}, ""num_trusted"": 6, ""fallback_used"": false}"
268,apra,apra_trust_weighted_clip,"[94, 29, 31, 45, 9, 38]",[],"{""base_clip"": 1.0, ""trust_weights"": {""94"": 0.20000000298023224, ""29"": 0.0, ""31"": 0.20000000298023224, ""45"": 0.20000000298023224, ""9"": 0.20000000298023224, ""38"": 0.20000000298023224}, ""num_aggregated"": 6}"
269,apra,apra_mad_filter,"[34, 35, 83, 82, 79, 81, 91, 53, 52]",[1],"{""median_norm"": 1.1319183717615586, ""mad"": 0.04577734795960331, ""k"": 2.0, ""num_accepted"": 9, ""safety_keep_used"": false, ""fallback_used"": false}"
269,apra,apra_hierarchical_cluster,"[34, 83, 82, 79, 81, 91, 53, 52]",[35],"{""best_k"": 2, ""best_score"": 0.6894316077232361, ""selected_cluster"": 0, ""cluster_scores"": {""0"": 3.5099658966064453, ""1"": -1.0}, ""num_trusted"": 8, ""fallback_used"": false}"
269,apra,apra_trust_weighted_clip,"[34, 83, 82, 79, 81, 91, 53, 52]",[],"{""base_clip"": 1.0, ""trust_weights"": {""34"": 0.0, ""83"": 0.22320488095283508, ""82"": 0.10718049108982086, ""79"": 0.22320488095283508, ""81"": 0.22320488095283508, ""91"": 0.0, ""53"": 0.22320488095283508, ""52"": 0.0}, ""num_aggregated"": 8}"
270,apra,apra_mad_filter,"[86, 78, 99, 6, 94, 34, 46, 28]","[1, 5]","{""median_norm"": 1.2872468240965247, ""mad"": 0.03990684402441591, ""k"": 2.0, ""num_accepted"": 8, ""safety_keep_used"": false, ""fallback_used"": false}"
270,apra,apra_hierarchical_cluster,"[86, 78, 99, 6, 34, 28]","[94, 46]","{""best_k"": 2, ""best_score"": 0.426670104265213, ""selected_cluster"": 1, ""cluster_scores"": {""0"": 1.3579388856887817, ""1"": 2.225431442260742}, ""num_trusted"": 6, ""fallback_used"": false}"
270,apra,apra_trust_weighted_clip,"[86, 78, 99, 6, 34, 28]",[],"{""base_clip"": 1.0, ""trust_weights"": {""86"": 0.0, ""78"": 0.2190883755683899, ""99"": 0.2190883755683899, ""6"": 0.2190883755683899, ""34"": 0.2190883755683899, ""28"": 0.12364652007818222}, ""num_aggregated"": 6}"
271,apra,apra_mad_filter,"[91, 35, 93, 98, 70, 95]","[4, 71, 2, 90]","{""median_norm"": 1.2146337752253702, ""mad"": 0.06150913541958203, ""k"": 2.0, ""num_accepted"": 6, ""safety_keep_used"": false, ""fallback_used"": false}"
271,apra,apra_hierarchical_cluster,"[91, 93, 98, 70, 95]",[35],"{""best_k"": 2, ""best_score"": 0.7188355922698975, ""selected_cluster"": 0, ""cluster_scores"": {""0"": 4.339622974395752, ""1"": -1.0}, ""num_trusted"": 5, ""fallback_used"": false}"
271,apra,apra_trust_weighted_clip,"[91, 93, 98, 70, 95]",[],"{""base_clip"": 1.0, ""trust_weights"": {""91"": 0.025824574753642082, ""93"": 0.31863927841186523, ""98"": 0.0, ""70"": 0.3277680575847626, ""95"": 0.3277680575847626}, ""num_aggregated"": 5}"
272,apra,apra_mad_filter,"[64, 81, 22, 41, 14, 39, 88, 74]","[3, 1]","{""median_norm"": 1.3095481493469638, ""mad"": 0.07909421080423784, ""k"": 2.0, ""num_accepted"": 8, ""safety_keep_used"": false, ""fallback_used"": false}"
272,apra,apra_hierarchical_cluster,"[64, 81, 22, 14, 39]","[41, 88, 74]","{""best_k"": 4, ""best_score"": 0.42809993028640747, ""selected_cluster"": 0, ""cluster_scores"": {""0"": 0.6617463827133179, ""1"": -1.0, ""2"": -1.0, ""3"": -1.0}, ""num_trusted"": 5, ""fallback_used"": false}"
272,apra,apra_trust_weighted_clip,"[64, 81, 22, 14, 39]",[],"{""base_clip"": 1.0, ""trust_weights"": {""64"": 0.0, ""81"": 0.0, ""22"": 0.3333333432674408, ""14"": 0.3333333432674408, ""39"": 0.3333333432674408}, ""num_aggregated"": 5}"
273,apra,apra_mad_filter,"[15, 95, 57, 7, 73, 75, 65, 58, 27]",[3],"{""median_norm"": 1.2119644223683217, ""mad"": 0.03763386425809079, ""k"": 2.0, ""num_accepted"": 9, ""safety_keep_used"": false, ""fallback_used"": false}"
273,apra,apra_hierarchical_cluster,"[15, 95, 57, 7, 75, 65, 58, 27]",[73],"{""best_k"": 2, ""best_score"": 0.4314675033092499, ""selected_cluster"": 0, ""cluster_scores"": {""0"": 1.4569884538650513, ""1"": -1.0}, ""num_trusted"": 8, ""fallback_used"": false}"
273,apra,apra_trust_weighted_clip,"[15, 95, 57, 7, 75, 65, 58, 27]",[],"{""base_clip"": 1.0, ""trust_weights"": {""15"": 0.15284335613250732, ""95"": 0.1651296615600586, ""57"": 0.1651296615600586, ""7"": 0.02150828205049038, ""75"": 0.1651296615600586, ""65"": 0.1651296615600586, ""58"": 0.1651296615600586, ""27"": 0.0}, ""num_aggregated"": 8}"
274,apra,apra_mad_filter,"[64, 76, 65, 15, 51, 53, 69, 72]","[0, 2]","{""median_norm"": 1.357056656136724, ""mad"": 0.09987037673159427, ""k"": 2.0, ""num_accepted"": 8, ""safety_keep_used"": false, ""fallback_used"": false}"
274,apra,apra_hierarchical_cluster,"[64, 65, 15, 51, 53, 69, 72]",[76],"{""best_k"": 2, ""best_score"": 0.48259884119033813, ""selected_cluster"": 0, ""cluster_scores"": {""0"": 1.1680529117584229, ""1"": -1.0}, ""num_trusted"": 7, ""fallback_used"": false}"
274,apra,apra_trust_weighted_clip,"[64, 65, 15, 51, 53, 69, 72]",[],"{""base_clip"": 1.0, ""trust_weights"": {""64"": 0.2079538255929947, ""65"": 0.0, ""15"": 0.2079538255929947, ""51"": 0.0, ""53"": 0.2079538255929947, ""69"": 0.2079538255929947, ""72"": 0.16818465292453766}, ""num_aggregated"": 7}"
275,apra,apra_mad_filter,"[29, 30, 81, 70, 38, 49, 78, 14]","[0, 3]","{""median_norm"": 1.1946472523417238, ""mad"": 0.07027503222237097, ""k"": 2.0, ""num_accepted"": 8, ""safety_keep_used"": false, ""fallback_used"": false}"
275,apra,apra_hierarchical_cluster,"[30, 81, 38, 49, 78, 14]","[29, 70]","{""best_k"": 2, ""best_score"": 0.4127114415168762, ""selected_cluster"": 1, ""cluster_scores"": {""0"": 1.0590291023254395, ""1"": 2.296508312225342}, ""num_trusted"": 6, ""fallback_used"": false}"
275,apra,apra_trust_weighted_clip,"[30, 81, 38, 49, 78, 14]",[],"{""base_clip"": 1.0, ""trust_weights"": {""30"": 0.25, ""81"": 0.25, ""38"": 0.0, ""49"": 0.0, ""78"": 0.25, ""14"": 0.25}, ""num_aggregated"": 6}"
276,apra,apra_mad_filter,"[13, 47, 7, 49, 42, 34, 53]","[1, 71, 33]","{""median_norm"": 1.2516591031340942, ""mad"": 0.0907848732818839, ""k"": 2.0, ""num_accepted"": 7, ""safety_keep_used"": false, ""fallback_used"": false}"
276,apra,apra_hierarchical_cluster,"[13, 7, 49, 42, 34, 53]",[47],"{""best_k"": 2, ""best_score"": 0.6733805537223816, ""selected_cluster"": 0, ""cluster_scores"": {""0"": 3.088016986846924, ""1"": -1.0}, ""num_trusted"": 6, ""fallback_used"": false}"
276,apra,apra_trust_weighted_clip,"[13, 7, 49, 42, 34, 53]",[],"{""base_clip"": 1.0, ""trust_weights"": {""13"": 0.25, ""7"": 0.0, ""49"": 0.25, ""42"": 0.25, ""34"": 0.0, ""53"": 0.25}, ""num_aggregated"": 6}"
277,apra,apra_mad_filter,"[20, 48, 57, 30, 15, 45, 29, 54, 14]",[3],"{""median_norm"": 1.345071911470862, ""mad"": 0.06214697926509005, ""k"": 2.0, ""num_accepted"": 9, ""safety_keep_used"": false, ""fallback_used"": false}"
277,apra,apra_hierarchical_cluster,"[20, 57, 30, 15, 45, 29, 54, 14]",[48],"{""best_k"": 2, ""best_score"": 0.43101799488067627, ""selected_cluster"": 0, ""cluster_scores"": {""0"": 1.679162859916687, ""1"": -1.0}, ""num_trusted"": 8, ""fallback_used"": false}"
277,apra,apra_trust_weighted_clip,"[20, 57, 30, 15, 45, 29, 54, 14]",[],"{""base_clip"": 1.0, ""trust_weights"": {""20"": 0.0, ""57"": 0.17828769981861115, ""30"": 0.1434246003627777, ""15"": 0.1434246003627777, ""45"": 0.17828769981861115, ""29"": 0.17828769981861115, ""54"": 0.0, ""14"": 0.17828769981861115}, ""num_aggregated"": 8}"
278,apra,apra_mad_filter,"[57, 52, 76, 65, 58, 51, 23, 99, 21]",[1],"{""median_norm"": 1.1921636590144737, ""mad"": 0.07165874251831705, ""k"": 2.0, ""num_accepted"": 9, ""safety_keep_used"": false, ""fallback_used"": false}"
278,apra,apra_hierarchical_cluster,"[57, 52, 65, 58, 51, 23, 99, 21]",[76],"{""best_k"": 2, ""best_score"": 0.736117959022522, ""selected_cluster"": 0, ""cluster_scores"": {""0"": 4.806255340576172, ""1"": -1.0}, ""num_trusted"": 8, ""fallback_used"": false}"
278,apra,apra_trust_weighted_clip,"[57, 52, 65, 58, 51, 23, 99, 21]",[],"{""base_clip"": 1.0, ""trust_weights"": {""57"": 0.1428571492433548, ""52"": 0.1428571492433548, ""65"": 0.1428571492433548, ""58"": 0.1428571492433548, ""51"": 0.0, ""23"": 0.1428571492433548, ""99"": 0.1428571492433548, ""21"": 0.1428571492433548}, ""num_aggregated"": 8}"
279,apra,apra_mad_filter,"[46, 64, 96, 82, 75, 40, 63, 36, 47]",[4],"{""median_norm"": 1.2301530844177455, ""mad"": 0.06145614588983206, ""k"": 2.0, ""num_accepted"": 9, ""safety_keep_used"": false, ""fallback_used"": false}"
279,apra,apra_hierarchical_cluster,"[46, 64, 96, 82, 75, 40, 63, 36]",[47],"{""best_k"": 2, ""best_score"": 0.5738164782524109, ""selected_cluster"": 0, ""cluster_scores"": {""0"": 2.6467628479003906, ""1"": -1.0}, ""num_trusted"": 8, ""fallback_used"": false}"
279,apra,apra_trust_weighted_clip,"[46, 64, 96, 82, 75, 40, 63, 36]",[],"{""base_clip"": 1.0, ""trust_weights"": {""46"": 0.1666666716337204, ""64"": 0.1666666716337204, ""96"": 0.0, ""82"": 0.1666666716337204, ""75"": 0.1666666716337204, ""40"": 0.1666666716337204, ""63"": 0.1666666716337204, ""36"": 0.0}, ""num_aggregated"": 8}"
280,apra,apra_mad_filter,"[8, 81, 73, 83, 65, 79, 58, 16]","[0, 72]","{""median_norm"": 1.1759524952370555, ""mad"": 0.05204926019093903, ""k"": 2.0, ""num_accepted"": 8, ""safety_keep_used"": false, ""fallback_used"": false}"
280,apra,apra_hierarchical_cluster,"[8, 81, 83, 65, 79, 58, 16]",[73],"{""best_k"": 2, ""best_score"": 0.5147460103034973, ""selected_cluster"": 0, ""cluster_scores"": {""0"": 0.905715823173523, ""1"": -1.0}, ""num_trusted"": 7, ""fallback_used"": false}"
280,apra,apra_trust_weighted_clip,"[8, 81, 83, 65, 79, 58, 16]",[],"{""base_clip"": 1.0, ""trust_weights"": {""8"": 0.18025465309619904, ""81"": 0.09872674942016602, ""83"": 0.18025465309619904, ""65"": 0.18025465309619904, ""79"": 0.18025465309619904, ""58"": 0.0, ""16"": 0.18025465309619904}, ""num_aggregated"": 7}"
281,apra,apra_mad_filter,"[30, 84, 29, 12, 98, 44, 64, 13, 55]",[3],"{""median_norm"": 1.307146806946884, ""mad"": 0.04768617529465957, ""k"": 2.0, ""num_accepted"": 9, ""safety_keep_used"": false, ""fallback_used"": false}"
281,apra,apra_hierarchical_cluster,"[30, 84, 29, 12, 98, 64, 13, 55]",[44],"{""best_k"": 2, ""best_score"": 0.6027299165725708, ""selected_cluster"": 0, ""cluster_scores"": {""0"": 1.8516664505004883, ""1"": -1.0}, ""num_trusted"": 8, ""fallback_used"": false}"
281,apra,apra_trust_weighted_clip,"[30, 84, 29, 12, 98, 64, 13, 55]",[],"{""base_clip"": 1.0, ""trust_weights"": {""30"": 0.24625633656978607, ""84"": 0.0, ""29"": 0.0, ""12"": 0.24625633656978607, ""98"": 0.0, ""64"": 0.24625633656978607, ""13"": 0.014974664896726608, ""55"": 0.24625633656978607}, ""num_aggregated"": 8}"
282,apra,apra_mad_filter,"[36, 23, 49, 11, 34, 99, 58, 12]","[0, 33]","{""median_norm"": 1.2531578465564692, ""mad"": 0.0763266716622486, ""k"": 2.0, ""num_accepted"": 8, ""safety_keep_used"": false, ""fallback_used"": false}"
282,apra,apra_hierarchical_cluster,"[23, 49, 11, 34, 99, 58, 12]",[36],"{""best_k"": 2, ""best_score"": 0.47464078664779663, ""selected_cluster"": 0, ""cluster_scores"": {""0"": 3.4686450958251953, ""1"": -1.0}, ""num_trusted"": 7, ""fallback_used"": false}"
282,apra,apra_trust_weighted_clip,"[23, 49, 11, 34, 99, 58, 12]",[],"{""base_clip"": 1.0, ""trust_weights"": {""23"": 0.09289972484111786, ""49"": 0.18142005801200867, ""11"": 0.18142005801200867, ""34"": 0.18142005801200867, ""99"": 0.18142005801200867, ""58"": 0.18142005801200867, ""12"": 0.0}, ""num_aggregated"": 7}"
283,apra,apra_mad_filter,"[43, 5, 34, 99, 14, 48, 24, 56, 37]",[3],"{""median_norm"": 1.2719297156432434, ""mad"": 0.05551715855662176, ""k"": 2.0, ""num_accepted"": 9, ""safety_keep_used"": false, ""fallback_used"": false}"
283,apra,apra_hierarchical_cluster,"[43, 34, 99, 24, 56]","[5, 14, 48, 37]","{""best_k"": 4, ""best_score"": 0.43840765953063965, ""selected_cluster"": 0, ""cluster_scores"": {""0"": 2.3605945110321045, ""1"": 1.936211347579956, ""2"": -1.0, ""3"": -1.0}, ""num_trusted"": 5, ""fallback_used"": false}"
283,apra,apra_trust_weighted_clip,"[43, 34, 99, 24, 56]",[],"{""base_clip"": 1.0, ""trust_weights"": {""43"": 0.0, ""34"": 0.2697868347167969, ""99"": 0.19063948094844818, ""24"": 0.2697868347167969, ""56"": 0.2697868347167969}, ""num_aggregated"": 5}"
284,apra,apra_mad_filter,"[88, 85, 65, 95, 82, 19, 77, 54, 37]",[2],"{""median_norm"": 1.254116740331515, ""mad"": 0.05120699516926264, ""k"": 2.0, ""num_accepted"": 9, ""safety_keep_used"": false, ""fallback_used"": false}"
284,apra,apra_hierarchical_cluster,"[85, 65, 95, 82, 19, 77, 54, 37]",[88],"{""best_k"": 2, ""best_score"": 0.5466806888580322, ""selected_cluster"": 0, ""cluster_scores"": {""0"": 1.8083536624908447, ""1"": -1.0}, ""num_trusted"": 8, ""fallback_used"": false}"
284,apra,apra_trust_weighted_clip,"[85, 65, 95, 82, 19, 77, 54, 37]",[],"{""base_clip"": 1.0, ""trust_weights"": {""85"": 0.1666666716337204, ""65"": 0.1666666716337204, ""95"": 0.1666666716337204, ""82"": 0.1666666716337204, ""19"": 0.0, ""77"": 0.1666666716337204, ""54"": 0.0, ""37"": 0.1666666716337204}, ""num_aggregated"": 8}"
285,apra,apra_mad_filter,"[33, 12, 85, 87, 74, 15, 29, 94, 60]",[2],"{""median_norm"": 1.2969261210437073, ""mad"": 0.0914384968141535, ""k"": 2.0, ""num_accepted"": 9, ""safety_keep_used"": false, ""fallback_used"": false}"
285,apra,apra_hierarchical_cluster,"[12, 85, 87, 74, 15, 29, 94, 60]",[33],"{""best_k"": 2, ""best_score"": 0.698167085647583, ""selected_cluster"": 0, ""cluster_scores"": {""0"": 4.413305282592773, ""1"": -1.0}, ""num_trusted"": 8, ""fallback_used"": false}"
285,apra,apra_trust_weighted_clip,"[12, 85, 87, 74, 15, 29, 94, 60]",[],"{""base_clip"": 1.0, ""trust_weights"": {""12"": 0.1666666716337204, ""85"": 0.0, ""87"": 0.0, ""74"": 0.1666666716337204, ""15"": 0.1666666716337204, ""29"": 0.1666666716337204, ""94"": 0.1666666716337204, ""60"": 0.1666666716337204}, ""num_aggregated"": 8}"
286,apra,apra_mad_filter,"[6, 77, 65, 63, 55, 18, 78]","[4, 33, 2]","{""median_norm"": 1.2926188289199911, ""mad"": 0.090252866781238, ""k"": 2.0, ""num_accepted"": 7, ""safety_keep_used"": false, ""fallback_used"": false}"
286,apra,apra_hierarchical_cluster,"[77, 65, 63, 55, 78]","[6, 18]","{""best_k"": 2, ""best_score"": 0.589218020439148, ""selected_cluster"": 0, ""cluster_scores"": {""0"": 4.7078399658203125, ""1"": 1.9924520254135132}, ""num_trusted"": 5, ""fallback_used"": false}"
286,apra,apra_trust_weighted_clip,"[77, 65, 63, 55, 78]",[],"{""base_clip"": 1.0, ""trust_weights"": {""77"": 0.3187684416770935, ""65"": 0.0, ""63"": 0.3187684416770935, ""55"": 0.04369472712278366, ""78"": 0.3187684416770935}, ""num_aggregated"": 5}"
287,apra,apra_mad_filter,"[71, 25, 57, 32, 77, 51, 42, 95, 22]",[1],"{""median_norm"": 1.2598492098690537, ""mad"": 0.0931721956445194, ""k"": 2.0, ""num_accepted"": 9, ""safety_keep_used"": false, ""fallback_used"": false}"
287,apra,apra_hierarchical_cluster,"[25, 57, 32, 77, 51, 42, 95, 22]",[71],"{""best_k"": 2, ""best_score"": 0.6941990852355957, ""selected_cluster"": 0, ""cluster_scores"": {""0"": 4.475139617919922, ""1"": -1.0}, ""num_trusted"": 8, ""fallback_used"": false}"
287,apra,apra_trust_weighted_clip,"[25, 57, 32, 77, 51, 42, 95, 22]",[],"{""base_clip"": 1.0, ""trust_weights"": {""25"": 0.06546967476606369, ""57"": 0.18690606951713562, ""32"": 0.18690606951713562, ""77"": 0.18690606951713562, ""51"": 0.0, ""42"": 0.0, ""95"": 0.18690606951713562, ""22"": 0.18690606951713562}, ""num_aggregated"": 8}"
288,apra,apra_mad_filter,"[23, 61, 86, 54, 91, 63, 37, 85]","[2, 0]","{""median_norm"": 1.3317345000234098, ""mad"": 0.06782465128446657, ""k"": 2.0, ""num_accepted"": 8, ""safety_keep_used"": false, ""fallback_used"": false}"
288,apra,apra_hierarchical_cluster,"[23, 61, 86, 91, 63]","[54, 37, 85]","{""best_k"": 3, ""best_score"": 0.6216660737991333, ""selected_cluster"": 2, ""cluster_scores"": {""0"": 1.914110541343689, ""1"": -1.0, ""2"": 4.216192245483398}, ""num_trusted"": 5, ""fallback_used"": false}"
288,apra,apra_trust_weighted_clip,"[23, 61, 86, 91, 63]",[],"{""base_clip"": 1.0, ""trust_weights"": {""23"": 0.3333333432674408, ""61"": 0.3333333432674408, ""86"": 0.3333333432674408, ""91"": 0.0, ""63"": 0.0}, ""num_aggregated"": 5}"
289,apra,apra_mad_filter,"[40, 56, 34, 98, 35, 22, 89, 16]","[0, 1]","{""median_norm"": 1.1704730452424368, ""mad"": 0.07237471432669018, ""k"": 2.0, ""num_accepted"": 8, ""safety_keep_used"": false, ""fallback_used"": false}"
289,apra,apra_hierarchical_cluster,"[40, 56, 34, 98, 22, 89, 16]",[35],"{""best_k"": 2, ""best_score"": 0.7089026570320129, ""selected_cluster"": 0, ""cluster_scores"": {""0"": 3.7279491424560547, ""1"": -1.0}, ""num_trusted"": 7, ""fallback_used"": false}"
289,apra,apra_trust_weighted_clip,"[40, 56, 34, 98, 22, 89, 16]",[],"{""base_clip"": 1.0, ""trust_weights"": {""40"": 0.0, ""56"": 0.17462724447250366, ""34"": 0.17462724447250366, ""98"": 0.17462724447250366, ""22"": 0.17462724447250366, ""89"": 0.15074549615383148, ""16"": 0.15074549615383148}, ""num_aggregated"": 7}"
290,apra,apra_mad_filter,"[46, 25, 37, 20, 42, 44, 50, 12, 72]",[1],"{""median_norm"": 1.3245923662602639, ""mad"": 0.08953866067490612, ""k"": 2.0, ""num_accepted"": 9, ""safety_keep_used"": false, ""fallback_used"": false}"
290,apra,apra_hierarchical_cluster,"[46, 25, 37, 42, 50, 12, 72]","[20, 44]","{""best_k"": 3, ""best_score"": 0.4995307922363281, ""selected_cluster"": 0, ""cluster_scores"": {""0"": 1.726867914199829, ""1"": -1.0, ""2"": -1.0}, ""num_trusted"": 7, ""fallback_used"": false}"
290,apra,apra_trust_weighted_clip,"[46, 25, 37, 42, 50, 12, 72]",[],"{""base_clip"": 1.0, ""trust_weights"": {""46"": 0.25, ""25"": 0.0, ""37"": 0.25, ""42"": 0.0, ""50"": 0.25, ""12"": 0.25, ""72"": 0.0}, ""num_aggregated"": 7}"
291,apra,apra_mad_filter,"[19, 56, 93, 20, 12, 27, 69, 16]","[1, 33]","{""median_norm"": 1.2437397806110817, ""mad"": 0.06733125640193038, ""k"": 2.0, ""num_accepted"": 8, ""safety_keep_used"": false, ""fallback_used"": false}"
291,apra,apra_hierarchical_cluster,"[19, 56, 93, 12, 27, 69, 16]",[20],"{""best_k"": 2, ""best_score"": 0.647132158279419, ""selected_cluster"": 0, ""cluster_scores"": {""0"": 2.529430627822876, ""1"": -1.0}, ""num_trusted"": 7, ""fallback_used"": false}"
291,apra,apra_trust_weighted_clip,"[19, 56, 93, 12, 27, 69, 16]",[],"{""base_clip"": 1.0, ""trust_weights"": {""19"": 0.1666666716337204, ""56"": 0.0, ""93"": 0.1666666716337204, ""12"": 0.1666666716337204, ""27"": 0.1666666716337204, ""69"": 0.1666666716337204, ""16"": 0.1666666716337204}, ""num_aggregated"": 7}"
292,apra,apra_mad_filter,"[45, 10, 74, 86, 46, 35, 17, 81]","[2, 1]","{""median_norm"": 1.2657858984093813, ""mad"": 0.04804843480883281, ""k"": 2.0, ""num_accepted"": 8, ""safety_keep_used"": false, ""fallback_used"": false}"
292,apra,apra_hierarchical_cluster,"[45, 10, 74, 86, 46, 17, 81]",[35],"{""best_k"": 2, ""best_score"": 0.6997153759002686, ""selected_cluster"": 0, ""cluster_scores"": {""0"": 3.870229721069336, ""1"": -1.0}, ""num_trusted"": 7, ""fallback_used"": false}"
292,apra,apra_trust_weighted_clip,"[45, 10, 74, 86, 46, 17, 81]",[],"{""base_clip"": 1.0, ""trust_weights"": {""45"": 0.25, ""10"": 0.0, ""74"": 0.0, ""86"": 0.25, ""46"": 0.25, ""17"": 0.0, ""81"": 0.25}, ""num_aggregated"": 7}"
293,apra,apra_mad_filter,"[99, 19, 62, 44, 48, 52, 70, 65]","[2, 0]","{""median_norm"": 1.3191763475676912, ""mad"": 0.06268612875376312, ""k"": 2.0, ""num_accepted"": 8, ""safety_keep_used"": false, ""fallback_used"": false}"
293,apra,apra_hierarchical_cluster,"[99, 19, 62, 48, 52, 70, 65]",[44],"{""best_k"": 2, ""best_score"": 0.4927007257938385, ""selected_cluster"": 0, ""cluster_scores"": {""0"": 0.9854061007499695, ""1"": -1.0}, ""num_trusted"": 7, ""fallback_used"": false}"
293,apra,apra_trust_weighted_clip,"[99, 19, 62, 48, 52, 70, 65]",[],"{""base_clip"": 1.0, ""trust_weights"": {""99"": 0.1666666716337204, ""19"": 0.1666666716337204, ""62"": 0.1666666716337204, ""48"": 0.1666666716337204, ""52"": 0.1666666716337204, ""70"": 0.1666666716337204, ""65"": 0.0}, ""num_aggregated"": 7}"
294,apra,apra_mad_filter,"[66, 36, 83, 68, 23, 90, 57, 21]","[0, 2]","{""median_norm"": 1.2939784035383766, ""mad"": 0.08807784278279862, ""k"": 2.0, ""num_accepted"": 8, ""safety_keep_used"": false, ""fallback_used"": false}"
294,apra,apra_hierarchical_cluster,"[66, 36, 83, 23, 90, 57, 21]",[68],"{""best_k"": 2, ""best_score"": 0.6322941780090332, ""selected_cluster"": 0, ""cluster_scores"": {""0"": 2.412654399871826, ""1"": -1.0}, ""num_trusted"": 7, ""fallback_used"": false}"
294,apra,apra_trust_weighted_clip,"[66, 36, 83, 23, 90, 57, 21]",[],"{""base_clip"": 1.0, ""trust_weights"": {""66"": 0.1668860763311386, ""36"": 0.1668860763311386, ""83"": 0.16556960344314575, ""23"": 0.1668860763311386, ""90"": 0.0, ""57"": 0.1668860763311386, ""21"": 0.1668860763311386}, ""num_aggregated"": 7}"
295,apra,apra_mad_filter,"[10, 20, 51, 25, 27, 40, 5, 89, 85]",[3],"{""median_norm"": 1.2354874796371385, ""mad"": 0.09629327402468457, ""k"": 2.0, ""num_accepted"": 9, ""safety_keep_used"": false, ""fallback_used"": false}"
295,apra,apra_hierarchical_cluster,"[10, 51, 25, 27, 40, 5, 89, 85]",[20],"{""best_k"": 2, ""best_score"": 0.3771420121192932, ""selected_cluster"": 0, ""cluster_scores"": {""0"": 0.5545225143432617, ""1"": -1.0}, ""num_trusted"": 8, ""fallback_used"": false}"
295,apra,apra_trust_weighted_clip,"[10, 51, 25, 27, 40, 5, 89, 85]",[],"{""base_clip"": 1.0, ""trust_weights"": {""10"": 0.21765436232089996, ""51"": 0.05190882459282875, ""25"": 0.11130030453205109, ""27"": 0.0, ""40"": 0.15024323761463165, ""5"": 0.1009957492351532, ""89"": 0.21765436232089996, ""85"": 0.15024323761463165}, ""num_aggregated"": 8}"
296,apra,apra_mad_filter,"[85, 80, 28, 63, 68, 14, 94, 32, 20]",[1],"{""median_norm"": 1.2210962031373116, ""mad"": 0.05957260007164411, ""k"": 2.0, ""num_accepted"": 9, ""safety_keep_used"": false, ""fallback_used"": false}"
296,apra,apra_hierarchical_cluster,"[85, 80, 28, 63, 14, 94, 32, 20]",[68],"{""best_k"": 2, ""best_score"": 0.7417117357254028, ""selected_cluster"": 0, ""cluster_scores"": {""0"": 5.204992294311523, ""1"": -1.0}, ""num_trusted"": 8, ""fallback_used"": false}"
296,apra,apra_trust_weighted_clip,"[85, 80, 28, 63, 14, 94, 32, 20]",[],"{""base_clip"": 1.0, ""trust_weights"": {""85"": 0.09178830683231354, ""80"": 0.1513686180114746, ""28"": 0.1513686180114746, ""63"": 0.1513686180114746, ""14"": 0.1513686180114746, ""94"": 0.1513686180114746, ""32"": 0.1513686180114746, ""20"": 0.0}, ""num_aggregated"": 8}"
297,apra,apra_mad_filter,"[61, 21, 58, 32, 20, 53, 17, 93, 55]",[3],"{""median_norm"": 1.2477473577272895, ""mad"": 0.03633340973913768, ""k"": 2.0, ""num_accepted"": 9, ""safety_keep_used"": false, ""fallback_used"": false}"
297,apra,apra_hierarchical_cluster,"[61, 21, 58, 32, 53, 17, 93, 55]",[20],"{""best_k"": 2, ""best_score"": 0.6060745120048523, ""selected_cluster"": 0, ""cluster_scores"": {""0"": 2.8118691444396973, ""1"": -1.0}, ""num_trusted"": 8, ""fallback_used"": false}"
297,apra,apra_trust_weighted_clip,"[61, 21, 58, 32, 53, 17, 93, 55]",[],"{""base_clip"": 1.0, ""trust_weights"": {""61"": 0.0, ""21"": 0.0, ""58"": 0.0, ""32"": 0.0, ""53"": 0.5, ""17"": 0.5, ""93"": 0.0, ""55"": 0.0}, ""num_aggregated"": 8}"
298,apra,apra_mad_filter,"[38, 56, 79, 43, 65, 66, 16, 75, 82]",[3],"{""median_norm"": 1.1818593452726787, ""mad"": 0.03195868061413132, ""k"": 2.0, ""num_accepted"": 9, ""safety_keep_used"": false, ""fallback_used"": false}"
298,apra,apra_hierarchical_cluster,"[79, 66, 75]","[38, 56, 43, 65, 16, 82]","{""best_k"": 4, ""best_score"": 0.3570624589920044, ""selected_cluster"": 1, ""cluster_scores"": {""0"": 1.4552881717681885, ""1"": 2.5926027297973633, ""2"": -1.0, ""3"": 2.514094591140747}, ""num_trusted"": 3, ""fallback_used"": false}"
298,apra,apra_trust_weighted_clip,"[79, 66, 75]",[],"{""base_clip"": 1.0, ""trust_weights"": {""79"": 0.3333333333333333, ""66"": 0.3333333333333333, ""75"": 0.3333333333333333}, ""num_aggregated"": 3}"
299,apra,apra_mad_filter,"[98, 50, 69, 58, 82, 91, 59, 97, 38]",[2],"{""median_norm"": 1.2173884931380932, ""mad"": 0.048613237361021966, ""k"": 2.0, ""num_accepted"": 9, ""safety_keep_used"": false, ""fallback_used"": false}"
299,apra,apra_hierarchical_cluster,"[98, 50, 69, 58, 82, 91, 97, 38]",[59],"{""best_k"": 2, ""best_score"": 0.5625298023223877, ""selected_cluster"": 0, ""cluster_scores"": {""0"": 3.038336753845215, ""1"": -1.0}, ""num_trusted"": 8, ""fallback_used"": false}"
299,apra,apra_trust_weighted_clip,"[98, 50, 69, 58, 82, 91, 97, 38]",[],"{""base_clip"": 1.0, ""trust_weights"": {""98"": 0.0, ""50"": 0.12591509521007538, ""69"": 0.0, ""58"": 0.0, ""82"": 0.0, ""91"": 0.12591509521007538, ""97"": 0.3740848898887634, ""38"": 0.3740848898887634}, ""num_aggregated"": 8}"
300,apra,apra_mad_filter,"[88, 20, 74, 38, 35, 78, 79, 25, 10]",[4],"{""median_norm"": 1.2655411040324238, ""mad"": 0.05234972551394412, ""k"": 2.0, ""num_accepted"": 9, ""safety_keep_used"": false, ""fallback_used"": false}"
300,apra,apra_hierarchical_cluster,"[20, 74, 38, 78, 79, 25, 10]","[88, 35]","{""best_k"": 3, ""best_score"": 0.5380515456199646, ""selected_cluster"": 0, ""cluster_scores"": {""0"": 3.5469236373901367, ""1"": -1.0, ""2"": -1.0}, ""num_trusted"": 7, ""fallback_used"": false}"
300,apra,apra_trust_weighted_clip,"[20, 74, 38, 78, 79, 25, 10]",[],"{""base_clip"": 1.0, ""trust_weights"": {""20"": 0.0, ""74"": 0.22195161879062653, ""38"": 0.22195161879062653, ""78"": 0.22195161879062653, ""79"": 0.22195161879062653, ""25"": 0.0, ""10"": 0.1121935173869133}, ""num_aggregated"": 7}"
301,apra,apra_mad_filter,"[54, 63, 45, 82, 64, 21, 94, 97, 52]",[1],"{""median_norm"": 1.2177144558869684, ""mad"": 0.027226466133054683, ""k"": 2.0, ""num_accepted"": 9, ""safety_keep_used"": false, ""fallback_used"": false}"
301,apra,apra_hierarchical_cluster,"[63, 45, 82, 64, 21, 94, 97, 52]",[54],"{""best_k"": 2, ""best_score"": 0.51429682970047, ""selected_cluster"": 0, ""cluster_scores"": {""0"": 2.118964672088623, ""1"": -1.0}, ""num_trusted"": 8, ""fallback_used"": false}"
301,apra,apra_trust_weighted_clip,"[63, 45, 82, 64, 21, 94, 97, 52]",[],"{""base_clip"": 1.0, ""trust_weights"": {""63"": 0.14728400111198425, ""45"": 0.14728400111198425, ""82"": 0.14728400111198425, ""64"": 0.14728400111198425, ""21"": 0.14728400111198425, ""94"": 0.11629599332809448, ""97"": 0.14728400111198425, ""52"": 0.0}, ""num_aggregated"": 8}"
302,apra,apra_mad_filter,"[65, 34, 91, 78, 88, 43, 30, 52]","[3, 0]","{""median_norm"": 1.17690101474433, ""mad"": 0.04534123496682796, ""k"": 2.0, ""num_accepted"": 8, ""safety_keep_used"": false, ""fallback_used"": false}"
302,apra,apra_hierarchical_cluster,"[65, 34, 91, 78, 43, 30, 52]",[88],"{""best_k"": 2, ""best_score"": 0.4779879152774811, ""selected_cluster"": 0, ""cluster_scores"": {""0"": 1.5357502698898315, ""1"": -1.0}, ""num_trusted"": 7, ""fallback_used"": false}"
302,apra,apra_trust_weighted_clip,"[65, 34, 91, 78, 43, 30, 52]",[],"{""base_clip"": 1.0, ""trust_weights"": {""65"": 0.18652914464473724, ""34"": 0.18652914464473724, ""91"": 0.1383441984653473, ""78"": 0.11553922295570374, ""43"": 0.0, ""30"": 0.18652914464473724, ""52"": 0.18652914464473724}, ""num_aggregated"": 7}"
303,apra,apra_mad_filter,"[57, 83, 65, 27, 98, 24, 5, 25, 10]",[3],"{""median_norm"": 1.266499455811926, ""mad"": 0.0845313429685497, ""k"": 2.0, ""num_accepted"": 9, ""safety_keep_used"": false, ""fallback_used"": false}"
303,apra,apra_hierarchical_cluster,"[57, 83, 65, 98, 24, 5, 25, 10]",[27],"{""best_k"": 2, ""best_score"": 0.4774318337440491, ""selected_cluster"": 0, ""cluster_scores"": {""0"": 1.3541836738586426, ""1"": -1.0}, ""num_trusted"": 8, ""fallback_used"": false}"
303,apra,apra_trust_weighted_clip,"[57, 83, 65, 98, 24, 5, 25, 10]",[],"{""base_clip"": 1.0, ""trust_weights"": {""57"": 0.1489717811346054, ""83"": 0.1489717811346054, ""65"": 0.1489717811346054, ""98"": 0.10616936534643173, ""24"": 0.1489717811346054, ""5"": 0.1489717811346054, ""25"": 0.0, ""10"": 0.1489717811346054}, ""num_aggregated"": 8}"
304,apra,apra_mad_filter,"[16, 92, 27, 14, 62, 58, 77, 44]","[3, 1]","{""median_norm"": 1.2733016319249137, ""mad"": 0.08093697477821482, ""k"": 2.0, ""num_accepted"": 8, ""safety_keep_used"": false, ""fallback_used"": false}"
304,apra,apra_hierarchical_cluster,"[16, 92, 27, 14, 62, 58, 77]",[44],"{""best_k"": 2, ""best_score"": 0.5442092418670654, ""selected_cluster"": 0, ""cluster_scores"": {""0"": 2.592725992202759, ""1"": -1.0}, ""num_trusted"": 7, ""fallback_used"": false}"
304,apra,apra_trust_weighted_clip,"[16, 92, 27, 14, 62, 58, 77]",[],"{""base_clip"": 1.0, ""trust_weights"": {""16"": 0.20000000298023224, ""92"": 0.20000000298023224, ""27"": 0.0, ""14"": 0.20000000298023224, ""62"": 0.0, ""58"": 0.20000000298023224, ""77"": 0.20000000298023224}, ""num_aggregated"": 7}"
305,apra,apra_mad_filter,"[39, 6, 27, 88, 69, 29, 25, 26]","[1, 71]","{""median_norm"": 1.2449705312327375, ""mad"": 0.07504007732378537, ""k"": 2.0, ""num_accepted"": 8, ""safety_keep_used"": false, ""fallback_used"": false}"
305,apra,apra_hierarchical_cluster,"[39, 6, 27, 88, 69, 29, 25]",[26],"{""best_k"": 2, ""best_score"": 0.6871664524078369, ""selected_cluster"": 0, ""cluster_scores"": {""0"": 4.464049339294434, ""1"": -1.0}, ""num_trusted"": 7, ""fallback_used"": false}"
305,apra,apra_trust_weighted_clip,"[39, 6, 27, 88, 69, 29, 25]",[],"{""base_clip"": 1.0, ""trust_weights"": {""39"": 0.1666666716337204, ""6"": 0.1666666716337204, ""27"": 0.1666666716337204, ""88"": 0.0, ""69"": 0.1666666716337204, ""29"": 0.1666666716337204, ""25"": 0.1666666716337204}, ""num_aggregated"": 7}"
306,apra,apra_mad_filter,"[84, 41, 86, 94, 13, 66, 14, 51]","[0, 3]","{""median_norm"": 1.2353127176202017, ""mad"": 0.047640784981380246, ""k"": 2.0, ""num_accepted"": 8, ""safety_keep_used"": false, ""fallback_used"": false}"
306,apra,apra_hierarchical_cluster,"[84, 86, 94, 13, 66, 14]","[41, 51]","{""best_k"": 3, ""best_score"": 0.4043063521385193, ""selected_cluster"": 0, ""cluster_scores"": {""0"": 1.9026577472686768, ""1"": -1.0, ""2"": -1.0}, ""num_trusted"": 6, ""fallback_used"": false}"
306,apra,apra_trust_weighted_clip,"[84, 86, 94, 13, 66, 14]",[],"{""base_clip"": 1.0, ""trust_weights"": {""84"": 0.23297399282455444, ""86"": 0.23297399282455444, ""94"": 0.06810401380062103, ""13"": 0.23297399282455444, ""66"": 0.0, ""14"": 0.23297399282455444}, ""num_aggregated"": 6}"
307,apra,apra_mad_filter,"[36, 70, 21, 32, 55, 18, 69, 8]","[3, 1]","{""median_norm"": 1.2948270148680856, ""mad"": 0.06069647875861672, ""k"": 2.0, ""num_accepted"": 8, ""safety_keep_used"": false, ""fallback_used"": false}"
307,apra,apra_hierarchical_cluster,"[36, 21, 32, 55, 18, 69, 8]",[70],"{""best_k"": 2, ""best_score"": 0.45244300365448, ""selected_cluster"": 0, ""cluster_scores"": {""0"": 1.9470043182373047, ""1"": -1.0}, ""num_trusted"": 7, ""fallback_used"": false}"
307,apra,apra_trust_weighted_clip,"[36, 21, 32, 55, 18, 69, 8]",[],"{""base_clip"": 1.0, ""trust_weights"": {""36"": 0.0, ""21"": 0.0, ""32"": 0.20000000298023224, ""55"": 0.20000000298023224, ""18"": 0.20000000298023224, ""69"": 0.20000000298023224, ""8"": 0.20000000298023224}, ""num_aggregated"": 7}"
308,apra,apra_mad_filter,"[77, 29, 65, 68, 89, 95, 79, 83, 47]",[0],"{""median_norm"": 1.256758490918517, ""mad"": 0.05764864442052842, ""k"": 2.0, ""num_accepted"": 9, ""safety_keep_used"": false, ""fallback_used"": false}"
308,apra,apra_hierarchical_cluster,"[77, 29, 65, 89, 95, 79, 83, 47]",[68],"{""best_k"": 2, ""best_score"": 0.8161242604255676, ""selected_cluster"": 0, ""cluster_scores"": {""0"": 6.2617268562316895, ""1"": -1.0}, ""num_trusted"": 8, ""fallback_used"": false}"
308,apra,apra_trust_weighted_clip,"[77, 29, 65, 89, 95, 79, 83, 47]",[],"{""base_clip"": 1.0, ""trust_weights"": {""77"": 0.1428571492433548, ""29"": 0.1428571492433548, ""65"": 0.1428571492433548, ""89"": 0.1428571492433548, ""95"": 0.1428571492433548, ""79"": 0.1428571492433548, ""83"": 0.1428571492433548, ""47"": 0.0}, ""num_aggregated"": 8}"
309,apra,apra_mad_filter,"[10, 15, 46, 36, 86, 31, 73, 62, 70]",[1],"{""median_norm"": 1.2589511806410187, ""mad"": 0.03750723074153406, ""k"": 2.0, ""num_accepted"": 9, ""safety_keep_used"": false, ""fallback_used"": false}"
309,apra,apra_hierarchical_cluster,"[10, 15, 46, 36, 86, 31, 70]","[73, 62]","{""best_k"": 3, ""best_score"": 0.4703153967857361, ""selected_cluster"": 0, ""cluster_scores"": {""0"": 2.8066251277923584, ""1"": -1.0, ""2"": -1.0}, ""num_trusted"": 7, ""fallback_used"": false}"
309,apra,apra_trust_weighted_clip,"[10, 15, 46, 36, 86, 31, 70]",[],"{""base_clip"": 1.0, ""trust_weights"": {""10"": 0.0, ""15"": 0.1666666716337204, ""46"": 0.1666666716337204, ""36"": 0.1666666716337204, ""86"": 0.1666666716337204, ""31"": 0.1666666716337204, ""70"": 0.1666666716337204}, ""num_aggregated"": 7}"
310,apra,apra_mad_filter,"[47, 63, 32, 34, 12, 41, 75, 11]","[0, 3]","{""median_norm"": 1.160867062663283, ""mad"": 0.046632366349733445, ""k"": 2.0, ""num_accepted"": 8, ""safety_keep_used"": false, ""fallback_used"": false}"
310,apra,apra_hierarchical_cluster,"[63, 32, 34, 12, 75, 11]","[47, 41]","{""best_k"": 3, ""best_score"": 0.6052759885787964, ""selected_cluster"": 0, ""cluster_scores"": {""0"": 4.4283223152160645, ""1"": -1.0, ""2"": -1.0}, ""num_trusted"": 6, ""fallback_used"": false}"
310,apra,apra_trust_weighted_clip,"[63, 32, 34, 12, 75, 11]",[],"{""base_clip"": 1.0, ""trust_weights"": {""63"": 0.25, ""32"": 0.0, ""34"": 0.25, ""12"": 0.0, ""75"": 0.25, ""11"": 0.25}, ""num_aggregated"": 6}"
311,apra,apra_mad_filter,"[55, 65, 54, 24, 31, 92, 49, 46]","[3, 1]","{""median_norm"": 1.229989767020001, ""mad"": 0.041926702149965744, ""k"": 2.0, ""num_accepted"": 8, ""safety_keep_used"": false, ""fallback_used"": false}"
311,apra,apra_hierarchical_cluster,"[55, 65, 24, 31, 49, 46]","[54, 92]","{""best_k"": 3, ""best_score"": 0.5726277828216553, ""selected_cluster"": 0, ""cluster_scores"": {""0"": 3.580552101135254, ""1"": -1.0, ""2"": -1.0}, ""num_trusted"": 6, ""fallback_used"": false}"
311,apra,apra_trust_weighted_clip,"[55, 65, 24, 31, 49, 46]",[],"{""base_clip"": 1.0, ""trust_weights"": {""55"": 0.20000000298023224, ""65"": 0.0, ""24"": 0.20000000298023224, ""31"": 0.20000000298023224, ""49"": 0.20000000298023224, ""46"": 0.20000000298023224}, ""num_aggregated"": 6}"
312,apra,apra_mad_filter,"[38, 51, 5, 19, 53, 84, 23, 40, 64]",[0],"{""median_norm"": 1.309635178243921, ""mad"": 0.0803940704087055, ""k"": 2.0, ""num_accepted"": 9, ""safety_keep_used"": false, ""fallback_used"": false}"
312,apra,apra_hierarchical_cluster,"[38, 5, 19, 53, 84, 23, 40, 64]",[51],"{""best_k"": 2, ""best_score"": 0.5224159359931946, ""selected_cluster"": 0, ""cluster_scores"": {""0"": 1.4899965524673462, ""1"": -1.0}, ""num_trusted"": 8, ""fallback_used"": false}"
312,apra,apra_trust_weighted_clip,"[38, 5, 19, 53, 84, 23, 40, 64]",[],"{""base_clip"": 1.0, ""trust_weights"": {""38"": 0.1410096436738968, ""5"": 0.179495170712471, ""19"": 0.0, ""53"": 0.0, ""84"": 0.179495170712471, ""23"": 0.1410096436738968, ""40"": 0.179495170712471, ""64"": 0.179495170712471}, ""num_aggregated"": 8}"
313,apra,apra_mad_filter,"[82, 78, 17, 19, 44, 14, 90, 55]","[4, 71]","{""median_norm"": 1.183269610541053, ""mad"": 0.048633625278046266, ""k"": 2.0, ""num_accepted"": 8, ""safety_keep_used"": false, ""fallback_used"": false}"
313,apra,apra_hierarchical_cluster,"[82, 78, 17, 19, 14, 90, 55]",[44],"{""best_k"": 2, ""best_score"": 0.7160875797271729, ""selected_cluster"": 0, ""cluster_scores"": {""0"": 3.8548483848571777, ""1"": -1.0}, ""num_trusted"": 7, ""fallback_used"": false}"
313,apra,apra_trust_weighted_clip,"[82, 78, 17, 19, 14, 90, 55]",[],"{""base_clip"": 1.0, ""trust_weights"": {""82"": 0.12391304969787598, ""78"": 0.17578208446502686, ""17"": 0.0, ""19"": 0.17578208446502686, ""14"": 0.17578208446502686, ""90"": 0.17295867204666138, ""55"": 0.17578208446502686}, ""num_aggregated"": 7}"
314,apra,apra_mad_filter,"[32, 44, 6, 54, 17, 9, 8]","[0, 68, 38]","{""median_norm"": 1.1945340217362295, ""mad"": 0.04641765024258104, ""k"": 2.0, ""num_accepted"": 7, ""safety_keep_used"": false, ""fallback_used"": false}"
314,apra,apra_hierarchical_cluster,"[32, 6, 17, 9, 8]","[44, 54]","{""best_k"": 3, ""best_score"": 0.4823753237724304, ""selected_cluster"": 0, ""cluster_scores"": {""0"": 1.6275650262832642, ""1"": -1.0, ""2"": -1.0}, ""num_trusted"": 5, ""fallback_used"": false}"
314,apra,apra_trust_weighted_clip,"[32, 6, 17, 9, 8]",[],"{""base_clip"": 1.0, ""trust_weights"": {""32"": 0.3333333432674408, ""6"": 0.0, ""17"": 0.3333333432674408, ""9"": 0.0, ""8"": 0.3333333432674408}, ""num_aggregated"": 5}"
315,apra,apra_mad_filter,"[10, 42, 62, 79, 75, 64, 84, 51]","[0, 3]","{""median_norm"": 1.2953879255623129, ""mad"": 0.03911304509550084, ""k"": 2.0, ""num_accepted"": 8, ""safety_keep_used"": false, ""fallback_used"": false}"
315,apra,apra_hierarchical_cluster,"[10, 42, 79, 75, 64, 84, 51]",[62],"{""best_k"": 2, ""best_score"": 0.4380228519439697, ""selected_cluster"": 0, ""cluster_scores"": {""0"": 1.2174278497695923, ""1"": -1.0}, ""num_trusted"": 7, ""fallback_used"": false}"
315,apra,apra_trust_weighted_clip,"[10, 42, 79, 75, 64, 84, 51]",[],"{""base_clip"": 1.0, ""trust_weights"": {""10"": 0.0, ""42"": 0.0288842786103487, ""79"": 0.32370525598526, ""75"": 0.0, ""64"": 0.32370525598526, ""84"": 0.32370525598526, ""51"": 0.0}, ""num_aggregated"": 7}"
316,apra,apra_mad_filter,"[91, 79, 68, 9, 5, 73, 62, 83, 46]",[1],"{""median_norm"": 1.308274298306333, ""mad"": 0.09488310968218616, ""k"": 2.0, ""num_accepted"": 9, ""safety_keep_used"": false, ""fallback_used"": false}"
316,apra,apra_hierarchical_cluster,"[91, 79, 9, 5, 73, 62, 83, 46]",[68],"{""best_k"": 2, ""best_score"": 0.5675990581512451, ""selected_cluster"": 0, ""cluster_scores"": {""0"": 2.6776022911071777, ""1"": -1.0}, ""num_trusted"": 8, ""fallback_used"": false}"
316,apra,apra_trust_weighted_clip,"[91, 79, 9, 5, 73, 62, 83, 46]",[],"{""base_clip"": 1.0, ""trust_weights"": {""91"": 0.20000000298023224, ""79"": 0.20000000298023224, ""9"": 0.20000000298023224, ""5"": 0.0, ""73"": 0.0, ""62"": 0.0, ""83"": 0.20000000298023224, ""46"": 0.20000000298023224}, ""num_aggregated"": 8}"
317,apra,apra_mad_filter,"[55, 68, 51, 54, 48, 7, 69, 28]","[1, 71]","{""median_norm"": 1.238719778705831, ""mad"": 0.11963797554155531, ""k"": 2.0, ""num_accepted"": 8, ""safety_keep_used"": false, ""fallback_used"": false}"
317,apra,apra_hierarchical_cluster,"[55, 51, 54, 48, 7, 69, 28]",[68],"{""best_k"": 2, ""best_score"": 0.6570452451705933, ""selected_cluster"": 0, ""cluster_scores"": {""0"": 3.7609739303588867, ""1"": -1.0}, ""num_trusted"": 7, ""fallback_used"": false}"
317,apra,apra_trust_weighted_clip,"[55, 51, 54, 48, 7, 69, 28]",[],"{""base_clip"": 1.0, ""trust_weights"": {""55"": 0.2724151015281677, ""51"": 0.0, ""54"": 0.1324032098054886, ""48"": 0.1324032098054886, ""7"": 0.19036337733268738, ""69"": 0.2724151015281677, ""28"": 0.0}, ""num_aggregated"": 7}"
318,apra,apra_mad_filter,"[98, 51, 72, 87, 21, 15, 38, 6, 57]",[0],"{""median_norm"": 1.311156049485821, ""mad"": 0.10155018196123011, ""k"": 2.0, ""num_accepted"": 9, ""safety_keep_used"": false, ""fallback_used"": false}"
318,apra,apra_hierarchical_cluster,"[98, 72, 87, 21, 15, 38, 6, 57]",[51],"{""best_k"": 2, ""best_score"": 0.5600824356079102, ""selected_cluster"": 0, ""cluster_scores"": {""0"": 2.180091142654419, ""1"": -1.0}, ""num_trusted"": 8, ""fallback_used"": false}"
318,apra,apra_trust_weighted_clip,"[98, 72, 87, 21, 15, 38, 6, 57]",[],"{""base_clip"": 1.0, ""trust_weights"": {""98"": 0.0, ""72"": 0.0014601554721593857, ""87"": 0.16642330586910248, ""21"": 0.16642330586910248, ""15"": 0.16642330586910248, ""38"": 0.16642330586910248, ""6"": 0.16642330586910248, ""57"": 0.16642330586910248}, ""num_aggregated"": 8}"
319,apra,apra_mad_filter,"[61, 26, 7, 68, 88, 59, 11, 36, 97]",[1],"{""median_norm"": 1.253487364061313, ""mad"": 0.08487327079909457, ""k"": 2.0, ""num_accepted"": 9, ""safety_keep_used"": false, ""fallback_used"": false}"
319,apra,apra_hierarchical_cluster,"[61, 26, 7, 59, 11, 36, 97]","[68, 88]","{""best_k"": 3, ""best_score"": 0.6182690858840942, ""selected_cluster"": 0, ""cluster_scores"": {""0"": 4.687799453735352, ""1"": -1.0, ""2"": -1.0}, ""num_trusted"": 7, ""fallback_used"": false}"
319,apra,apra_trust_weighted_clip,"[61, 26, 7, 59, 11, 36, 97]",[],"{""base_clip"": 1.0, ""trust_weights"": {""61"": 0.20000000298023224, ""26"": 0.0, ""7"": 0.20000000298023224, ""59"": 0.20000000298023224, ""11"": 0.20000000298023224, ""36"": 0.20000000298023224, ""97"": 0.0}, ""num_aggregated"": 7}"
320,apra,apra_mad_filter,"[75, 25, 80, 78, 20, 7]","[1, 3, 2, 4]","{""median_norm"": 1.218399688302369, ""mad"": 0.0881729451072244, ""k"": 2.0, ""num_accepted"": 6, ""safety_keep_used"": false, ""fallback_used"": false}"
320,apra,apra_hierarchical_cluster,"[25, 20]","[75, 80, 78, 7]","{""best_k"": 2, ""best_score"": 0.4902491271495819, ""selected_cluster"": 1, ""cluster_scores"": {""0"": 1.2161967754364014, ""1"": 1.9657320976257324}, ""num_trusted"": 2, ""fallback_used"": false}"
320,apra,apra_trust_weighted_clip,"[25, 20]",[],"{""base_clip"": 1.0, ""trust_weights"": {""25"": 0.5, ""20"": 0.5}, ""num_aggregated"": 2}"
321,apra,apra_mad_filter,"[95, 86, 51, 23, 6, 62, 81, 84]","[2, 0]","{""median_norm"": 1.2908816080365, ""mad"": 0.10644889144616632, ""k"": 2.0, ""num_accepted"": 8, ""safety_keep_used"": false, ""fallback_used"": false}"
321,apra,apra_hierarchical_cluster,"[95, 86, 23, 6, 81, 84]","[51, 62]","{""best_k"": 3, ""best_score"": 0.5392613410949707, ""selected_cluster"": 0, ""cluster_scores"": {""0"": 2.4434585571289062, ""1"": -1.0, ""2"": -1.0}, ""num_trusted"": 6, ""fallback_used"": false}"
321,apra,apra_trust_weighted_clip,"[95, 86, 23, 6, 81, 84]",[],"{""base_clip"": 1.0, ""trust_weights"": {""95"": 0.25, ""86"": 0.25, ""23"": 0.25, ""6"": 0.0, ""81"": 0.25, ""84"": 0.0}, ""num_aggregated"": 6}"
322,apra,apra_mad_filter,"[64, 37, 66, 42, 84, 58, 80, 67, 92]",[2],"{""median_norm"": 1.2257828884296504, ""mad"": 0.07634903508260138, ""k"": 2.0, ""num_accepted"": 9, ""safety_keep_used"": false, ""fallback_used"": false}"
322,apra,apra_hierarchical_cluster,"[64, 37, 66, 42, 84, 58, 80, 67]",[92],"{""best_k"": 2, ""best_score"": 0.48389434814453125, ""selected_cluster"": 0, ""cluster_scores"": {""0"": 2.0822441577911377, ""1"": -1.0}, ""num_trusted"": 8, ""fallback_used"": false}"
322,apra,apra_trust_weighted_clip,"[64, 37, 66, 42, 84, 58, 80, 67]",[],"{""base_clip"": 1.0, ""trust_weights"": {""64"": 0.1428571492433548, ""37"": 0.1428571492433548, ""66"": 0.1428571492433548, ""42"": 0.1428571492433548, ""84"": 0.0, ""58"": 0.1428571492433548, ""80"": 0.1428571492433548, ""67"": 0.1428571492433548}, ""num_aggregated"": 8}"
323,apra,apra_mad_filter,"[79, 22, 9, 30, 60, 69, 16, 43]","[4, 68]","{""median_norm"": 1.278511078147513, ""mad"": 0.08149804190753818, ""k"": 2.0, ""num_accepted"": 8, ""safety_keep_used"": false, ""fallback_used"": false}"
323,apra,apra_hierarchical_cluster,"[79, 22, 9, 30, 60, 69, 43]",[16],"{""best_k"": 2, ""best_score"": 0.6691336631774902, ""selected_cluster"": 0, ""cluster_scores"": {""0"": 4.793229103088379, ""1"": -1.0}, ""num_trusted"": 7, ""fallback_used"": false}"
323,apra,apra_trust_weighted_clip,"[79, 22, 9, 30, 60, 69, 43]",[],"{""base_clip"": 1.0, ""trust_weights"": {""79"": 0.0, ""22"": 0.25, ""9"": 0.25, ""30"": 0.0, ""60"": 0.25, ""69"": 0.25, ""43"": 0.0}, ""num_aggregated"": 7}"
324,apra,apra_mad_filter,"[20, 77, 27, 23, 18, 74, 59, 86, 87]",[1],"{""median_norm"": 1.1781911492738883, ""mad"": 0.04667584082885046, ""k"": 2.0, ""num_accepted"": 9, ""safety_keep_used"": false, ""fallback_used"": false}"
324,apra,apra_hierarchical_cluster,"[20, 77, 27, 23, 18, 86, 87]","[74, 59]","{""best_k"": 3, ""best_score"": 0.5657971501350403, ""selected_cluster"": 0, ""cluster_scores"": {""0"": 3.8024613857269287, ""1"": -1.0, ""2"": -1.0}, ""num_trusted"": 7, ""fallback_used"": false}"
324,apra,apra_trust_weighted_clip,"[20, 77, 27, 23, 18, 86, 87]",[],"{""base_clip"": 1.0, ""trust_weights"": {""20"": 0.1666666716337204, ""77"": 0.1666666716337204, ""27"": 0.1666666716337204, ""23"": 0.1666666716337204, ""18"": 0.0, ""86"": 0.1666666716337204, ""87"": 0.1666666716337204}, ""num_aggregated"": 7}"
325,apra,apra_mad_filter,"[99, 42, 33, 5, 15, 38, 76, 86, 87]",[1],"{""median_norm"": 1.273999604076262, ""mad"": 0.1292668615280793, ""k"": 2.0, ""num_accepted"": 9, ""safety_keep_used"": false, ""fallback_used"": false}"
325,apra,apra_hierarchical_cluster,"[99, 42, 5, 15, 38, 86, 87]","[33, 76]","{""best_k"": 3, ""best_score"": 0.7093775868415833, ""selected_cluster"": 0, ""cluster_scores"": {""0"": 6.199012756347656, ""1"": -1.0, ""2"": -1.0}, ""num_trusted"": 7, ""fallback_used"": false}"
325,apra,apra_trust_weighted_clip,"[99, 42, 5, 15, 38, 86, 87]",[],"{""base_clip"": 1.0, ""trust_weights"": {""99"": 0.20000000298023224, ""42"": 0.20000000298023224, ""5"": 0.0, ""15"": 0.20000000298023224, ""38"": 0.0, ""86"": 0.20000000298023224, ""87"": 0.20000000298023224}, ""num_aggregated"": 7}"
326,apra,apra_mad_filter,"[88, 38, 63, 99, 48, 31, 83, 11]","[1, 71]","{""median_norm"": 1.2682951958573732, ""mad"": 0.04313760591324056, ""k"": 2.0, ""num_accepted"": 8, ""safety_keep_used"": false, ""fallback_used"": false}"
326,apra,apra_hierarchical_cluster,"[38, 63, 99, 48, 31, 83, 11]",[88],"{""best_k"": 2, ""best_score"": 0.6315391063690186, ""selected_cluster"": 0, ""cluster_scores"": {""0"": 3.052354335784912, ""1"": -1.0}, ""num_trusted"": 7, ""fallback_used"": false}"
326,apra,apra_trust_weighted_clip,"[38, 63, 99, 48, 31, 83, 11]",[],"{""base_clip"": 1.0, ""trust_weights"": {""38"": 0.20000000298023224, ""63"": 0.0, ""99"": 0.20000000298023224, ""48"": 0.0, ""31"": 0.20000000298023224, ""83"": 0.20000000298023224, ""11"": 0.20000000298023224}, ""num_aggregated"": 7}"
327,apra,apra_mad_filter,"[69, 52, 40, 47, 77, 35, 59, 70, 7]",[4],"{""median_norm"": 1.218362231355859, ""mad"": 0.06399860381405309, ""k"": 2.0, ""num_accepted"": 9, ""safety_keep_used"": false, ""fallback_used"": false}"
327,apra,apra_hierarchical_cluster,"[69, 52, 40, 47, 77, 59, 70, 7]",[35],"{""best_k"": 2, ""best_score"": 0.615307629108429, ""selected_cluster"": 0, ""cluster_scores"": {""0"": 2.6244027614593506, ""1"": -1.0}, ""num_trusted"": 8, ""fallback_used"": false}"
327,apra,apra_trust_weighted_clip,"[69, 52, 40, 47, 77, 59, 70, 7]",[],"{""base_clip"": 1.0, ""trust_weights"": {""69"": 0.1428571492433548, ""52"": 0.1428571492433548, ""40"": 0.1428571492433548, ""47"": 0.1428571492433548, ""77"": 0.1428571492433548, ""59"": 0.0, ""70"": 0.1428571492433548, ""7"": 0.1428571492433548}, ""num_aggregated"": 8}"
328,apra,apra_mad_filter,"[61, 81, 74, 23, 95, 35, 97, 55, 28]",[0],"{""median_norm"": 1.2316696949399515, ""mad"": 0.053297234014544004, ""k"": 2.0, ""num_accepted"": 9, ""safety_keep_used"": false, ""fallback_used"": false}"
328,apra,apra_hierarchical_cluster,"[61, 81, 74, 23, 95, 97, 55, 28]",[35],"{""best_k"": 2, ""best_score"": 0.6209686994552612, ""selected_cluster"": 0, ""cluster_scores"": {""0"": 2.4068679809570312, ""1"": -1.0}, ""num_trusted"": 8, ""fallback_used"": false}"
328,apra,apra_trust_weighted_clip,"[61, 81, 74, 23, 95, 97, 55, 28]",[],"{""base_clip"": 1.0, ""trust_weights"": {""61"": 0.1428571492433548, ""81"": 0.1428571492433548, ""74"": 0.0, ""23"": 0.1428571492433548, ""95"": 0.1428571492433548, ""97"": 0.1428571492433548, ""55"": 0.1428571492433548, ""28"": 0.1428571492433548}, ""num_aggregated"": 8}"
329,apra,apra_mad_filter,"[53, 67, 31, 62, 45, 47, 84]","[3, 77, 82]","{""median_norm"": 1.2771228550812097, ""mad"": 0.01609257084628979, ""k"": 2.0, ""num_accepted"": 7, ""safety_keep_used"": false, ""fallback_used"": false}"
329,apra,apra_hierarchical_cluster,"[53, 67, 31, 45, 47, 84]",[62],"{""best_k"": 2, ""best_score"": 0.5885999798774719, ""selected_cluster"": 0, ""cluster_scores"": {""0"": 2.4586575031280518, ""1"": -1.0}, ""num_trusted"": 6, ""fallback_used"": false}"
329,apra,apra_trust_weighted_clip,"[53, 67, 31, 45, 47, 84]",[],"{""base_clip"": 1.0, ""trust_weights"": {""53"": 0.5, ""67"": 0.0, ""31"": 0.0, ""45"": 0.0, ""47"": 0.0, ""84"": 0.5}, ""num_aggregated"": 6}"
330,apra,apra_mad_filter,"[83, 36, 44, 70, 32, 64, 47, 5]","[2, 3]","{""median_norm"": 1.2157693081820993, ""mad"": 0.09269643933408278, ""k"": 2.0, ""num_accepted"": 8, ""safety_keep_used"": false, ""fallback_used"": false}"
330,apra,apra_hierarchical_cluster,"[83, 36, 70, 32, 64, 47, 5]",[44],"{""best_k"": 2, ""best_score"": 0.5737282037734985, ""selected_cluster"": 0, ""cluster_scores"": {""0"": 2.001699686050415, ""1"": -1.0}, ""num_trusted"": 7, ""fallback_used"": false}"
330,apra,apra_trust_weighted_clip,"[83, 36, 70, 32, 64, 47, 5]",[],"{""base_clip"": 1.0, ""trust_weights"": {""83"": 0.0, ""36"": 0.20000000298023224, ""70"": 0.20000000298023224, ""32"": 0.20000000298023224, ""64"": 0.20000000298023224, ""47"": 0.0, ""5"": 0.20000000298023224}, ""num_aggregated"": 7}"
331,apra,apra_mad_filter,"[95, 64, 60, 5, 79, 75, 7, 94]","[0, 96]","{""median_norm"": 1.2534165859999626, ""mad"": 0.05070233777665811, ""k"": 2.0, ""num_accepted"": 8, ""safety_keep_used"": false, ""fallback_used"": false}"
331,apra,apra_hierarchical_cluster,"[5, 75]","[95, 64, 60, 79, 7, 94]","{""best_k"": 2, ""best_score"": 0.39801740646362305, ""selected_cluster"": 1, ""cluster_scores"": {""0"": 1.021836757659912, ""1"": 1.9368951320648193}, ""num_trusted"": 2, ""fallback_used"": false}"
331,apra,apra_trust_weighted_clip,"[5, 75]",[],"{""base_clip"": 1.0, ""trust_weights"": {""5"": 0.5, ""75"": 0.5}, ""num_aggregated"": 2}"
332,apra,apra_mad_filter,"[15, 57, 19, 13, 81, 10, 30, 99, 47]",[1],"{""median_norm"": 1.155714492944087, ""mad"": 0.05546431086401826, ""k"": 2.0, ""num_accepted"": 9, ""safety_keep_used"": false, ""fallback_used"": false}"
332,apra,apra_hierarchical_cluster,"[15, 57, 19, 13, 81, 10, 30, 99]",[47],"{""best_k"": 2, ""best_score"": 0.5548112988471985, ""selected_cluster"": 0, ""cluster_scores"": {""0"": 2.459352731704712, ""1"": -1.0}, ""num_trusted"": 8, ""fallback_used"": false}"
332,apra,apra_trust_weighted_clip,"[15, 57, 19, 13, 81, 10, 30, 99]",[],"{""base_clip"": 1.0, ""trust_weights"": {""15"": 0.1666666716337204, ""57"": 0.0, ""19"": 0.1666666716337204, ""13"": 0.1666666716337204, ""81"": 0.0, ""10"": 0.1666666716337204, ""30"": 0.1666666716337204, ""99"": 0.1666666716337204}, ""num_aggregated"": 8}"
333,apra,apra_mad_filter,"[91, 65, 37, 25, 27, 31, 15, 97]","[4, 0]","{""median_norm"": 1.2543397748068081, ""mad"": 0.0650838409721578, ""k"": 2.0, ""num_accepted"": 8, ""safety_keep_used"": false, ""fallback_used"": false}"
333,apra,apra_hierarchical_cluster,"[65, 25, 31, 15, 97]","[91, 37, 27]","{""best_k"": 3, ""best_score"": 0.361520916223526, ""selected_cluster"": 0, ""cluster_scores"": {""0"": 1.8989551067352295, ""1"": 1.8149031400680542, ""2"": -1.0}, ""num_trusted"": 5, ""fallback_used"": false}"
333,apra,apra_trust_weighted_clip,"[65, 25, 31, 15, 97]",[],"{""base_clip"": 1.0, ""trust_weights"": {""65"": 0.25, ""25"": 0.25, ""31"": 0.25, ""15"": 0.25, ""97"": 0.0}, ""num_aggregated"": 5}"
334,apra,apra_mad_filter,"[87, 54, 75, 34, 15, 7, 11, 40]","[2, 3]","{""median_norm"": 1.1632094859874118, ""mad"": 0.03156487554195975, ""k"": 2.0, ""num_accepted"": 8, ""safety_keep_used"": false, ""fallback_used"": false}"
334,apra,apra_hierarchical_cluster,"[87, 75, 34, 15, 7, 11, 40]",[54],"{""best_k"": 2, ""best_score"": 0.7587419748306274, ""selected_cluster"": 0, ""cluster_scores"": {""0"": 5.309805870056152, ""1"": -1.0}, ""num_trusted"": 7, ""fallback_used"": false}"
334,apra,apra_trust_weighted_clip,"[87, 75, 34, 15, 7, 11, 40]",[],"{""base_clip"": 1.0, ""trust_weights"": {""87"": 0.20000000298023224, ""75"": 0.20000000298023224, ""34"": 0.20000000298023224, ""15"": 0.0, ""7"": 0.0, ""11"": 0.20000000298023224, ""40"": 0.20000000298023224}, ""num_aggregated"": 7}"
335,apra,apra_mad_filter,"[12, 80, 87, 26, 27, 42, 24]","[3, 4, 0]","{""median_norm"": 1.2385569027768228, ""mad"": 0.08318635734706259, ""k"": 2.0, ""num_accepted"": 7, ""safety_keep_used"": false, ""fallback_used"": false}"
335,apra,apra_hierarchical_cluster,"[12, 80, 87, 27, 42, 24]",[26],"{""best_k"": 2, ""best_score"": 0.5814548134803772, ""selected_cluster"": 0, ""cluster_scores"": {""0"": 1.8428237438201904, ""1"": -1.0}, ""num_trusted"": 6, ""fallback_used"": false}"
335,apra,apra_trust_weighted_clip,"[12, 80, 87, 27, 42, 24]",[],"{""base_clip"": 1.0, ""trust_weights"": {""12"": 0.14405915141105652, ""80"": 0.42797040939331055, ""87"": 0.42797040939331055, ""27"": 0.0, ""42"": 0.0, ""24"": 0.0}, ""num_aggregated"": 6}"
336,apra,apra_mad_filter,"[22, 23, 50, 7, 88, 73, 27, 10, 96]",[3],"{""median_norm"": 1.3313277309364864, ""mad"": 0.08212350783504063, ""k"": 2.0, ""num_accepted"": 9, ""safety_keep_used"": false, ""fallback_used"": false}"
336,apra,apra_hierarchical_cluster,"[22, 23, 50, 7, 73, 27, 10, 96]",[88],"{""best_k"": 2, ""best_score"": 0.6286529302597046, ""selected_cluster"": 0, ""cluster_scores"": {""0"": 2.129734516143799, ""1"": -1.0}, ""num_trusted"": 8, ""fallback_used"": false}"
336,apra,apra_trust_weighted_clip,"[22, 23, 50, 7, 73, 27, 10, 96]",[],"{""base_clip"": 1.0, ""trust_weights"": {""22"": 0.0, ""23"": 0.20000000298023224, ""50"": 0.20000000298023224, ""7"": 0.20000000298023224, ""73"": 0.0, ""27"": 0.20000000298023224, ""10"": 0.0, ""96"": 0.20000000298023224}, ""num_aggregated"": 8}"
337,apra,apra_mad_filter,"[17, 98, 50, 52, 30, 15, 49, 13, 38]",[2],"{""median_norm"": 1.1748712495465887, ""mad"": 0.07333221316640948, ""k"": 2.0, ""num_accepted"": 9, ""safety_keep_used"": false, ""fallback_used"": false}"
337,apra,apra_hierarchical_cluster,"[17, 98, 50, 30, 15, 49, 13, 38]",[52],"{""best_k"": 2, ""best_score"": 0.46352413296699524, ""selected_cluster"": 0, ""cluster_scores"": {""0"": 1.122700810432434, ""1"": -1.0}, ""num_trusted"": 8, ""fallback_used"": false}"
337,apra,apra_trust_weighted_clip,"[17, 98, 50, 30, 15, 49, 13, 38]",[],"{""base_clip"": 1.0, ""trust_weights"": {""17"": 0.1664007604122162, ""98"": 0.1664007604122162, ""50"": 0.1664007604122162, ""30"": 0.1664007604122162, ""15"": 0.1664007604122162, ""49"": 0.0, ""13"": 0.1664007604122162, ""38"": 0.0015954312402755022}, ""num_aggregated"": 8}"
338,apra,apra_mad_filter,"[20, 25, 14, 9, 61, 11, 89]","[0, 71, 1]","{""median_norm"": 1.2805055276338326, ""mad"": 0.07315080272457342, ""k"": 2.0, ""num_accepted"": 7, ""safety_keep_used"": false, ""fallback_used"": false}"
338,apra,apra_hierarchical_cluster,"[25, 14, 9, 61, 11, 89]",[20],"{""best_k"": 2, ""best_score"": 0.6200297474861145, ""selected_cluster"": 0, ""cluster_scores"": {""0"": 3.497828722000122, ""1"": -1.0}, ""num_trusted"": 6, ""fallback_used"": false}"
338,apra,apra_trust_weighted_clip,"[25, 14, 9, 61, 11, 89]",[],"{""base_clip"": 1.0, ""trust_weights"": {""25"": 0.0, ""14"": 0.20000000298023224, ""9"": 0.20000000298023224, ""61"": 0.20000000298023224, ""11"": 0.20000000298023224, ""89"": 0.20000000298023224}, ""num_aggregated"": 6}"
339,apra,apra_mad_filter,"[16, 78, 75, 38, 41, 60, 95, 6]","[3, 33]","{""median_norm"": 1.1660459669290573, ""mad"": 0.06513935741380605, ""k"": 2.0, ""num_accepted"": 8, ""safety_keep_used"": false, ""fallback_used"": false}"
339,apra,apra_hierarchical_cluster,"[16, 78, 75, 38, 60, 95, 6]",[41],"{""best_k"": 2, ""best_score"": 0.5895129442214966, ""selected_cluster"": 0, ""cluster_scores"": {""0"": 3.435300588607788, ""1"": -1.0}, ""num_trusted"": 7, ""fallback_used"": false}"
339,apra,apra_trust_weighted_clip,"[16, 78, 75, 38, 60, 95, 6]",[],"{""base_clip"": 1.0, ""trust_weights"": {""16"": 0.0, ""78"": 0.39605358242988586, ""75"": 0.03311415761709213, ""38"": 0.39605358242988586, ""60"": 0.0, ""95"": 0.0, ""6"": 0.17477869987487793}, ""num_aggregated"": 7}"
340,apra,apra_mad_filter,"[98, 15, 78, 86, 82, 74, 47]","[2, 4, 71]","{""median_norm"": 1.2723944190493457, ""mad"": 0.048568313762567095, ""k"": 2.0, ""num_accepted"": 7, ""safety_keep_used"": false, ""fallback_used"": false}"
340,apra,apra_hierarchical_cluster,"[98, 15, 78, 86, 82]","[74, 47]","{""best_k"": 3, ""best_score"": 0.5875354409217834, ""selected_cluster"": 0, ""cluster_scores"": {""0"": 4.0447845458984375, ""1"": -1.0, ""2"": -1.0}, ""num_trusted"": 5, ""fallback_used"": false}"
340,apra,apra_trust_weighted_clip,"[98, 15, 78, 86, 82]",[],"{""base_clip"": 1.0, ""trust_weights"": {""98"": 0.25, ""15"": 0.25, ""78"": 0.0, ""86"": 0.25, ""82"": 0.25}, ""num_aggregated"": 5}"
341,apra,apra_mad_filter,"[77, 91, 97, 43, 53, 99, 57]","[0, 2, 1]","{""median_norm"": 1.2556678457013142, ""mad"": 0.061100725058123806, ""k"": 2.0, ""num_accepted"": 7, ""safety_keep_used"": false, ""fallback_used"": false}"
341,apra,apra_hierarchical_cluster,"[77, 91, 43, 53, 99, 57]",[97],"{""best_k"": 2, ""best_score"": 0.39227911829948425, ""selected_cluster"": 0, ""cluster_scores"": {""0"": 1.2012929916381836, ""1"": -1.0}, ""num_trusted"": 6, ""fallback_used"": false}"
341,apra,apra_trust_weighted_clip,"[77, 91, 43, 53, 99, 57]",[],"{""base_clip"": 1.0, ""trust_weights"": {""77"": 0.0, ""91"": 0.0, ""43"": 0.3333333432674408, ""53"": 0.3333333432674408, ""99"": 0.0, ""57"": 0.3333333432674408}, ""num_aggregated"": 6}"
342,apra,apra_mad_filter,"[82, 46, 21, 54, 29, 47, 48, 12]","[1, 77]","{""median_norm"": 1.2606650515367077, ""mad"": 0.04686198083587656, ""k"": 2.0, ""num_accepted"": 8, ""safety_keep_used"": false, ""fallback_used"": false}"
342,apra,apra_hierarchical_cluster,"[82, 46, 21, 54, 29, 48, 12]",[47],"{""best_k"": 2, ""best_score"": 0.5074882507324219, ""selected_cluster"": 0, ""cluster_scores"": {""0"": 2.350149393081665, ""1"": -1.0}, ""num_trusted"": 7, ""fallback_used"": false}"
342,apra,apra_trust_weighted_clip,"[82, 46, 21, 54, 29, 48, 12]",[],"{""base_clip"": 1.0, ""trust_weights"": {""82"": 0.20000000298023224, ""46"": 0.20000000298023224, ""21"": 0.20000000298023224, ""54"": 0.0, ""29"": 0.20000000298023224, ""48"": 0.0, ""12"": 0.20000000298023224}, ""num_aggregated"": 7}"
343,apra,apra_mad_filter,"[56, 31, 47, 24, 34, 15, 84, 20]","[3, 4]","{""median_norm"": 1.2595228109303727, ""mad"": 0.0419951337716824, ""k"": 2.0, ""num_accepted"": 8, ""safety_keep_used"": false, ""fallback_used"": false}"
343,apra,apra_hierarchical_cluster,"[56, 31, 24, 34, 15, 84, 20]",[47],"{""best_k"": 2, ""best_score"": 0.44047898054122925, ""selected_cluster"": 0, ""cluster_scores"": {""0"": 1.037514328956604, ""1"": -1.0}, ""num_trusted"": 7, ""fallback_used"": false}"
343,apra,apra_trust_weighted_clip,"[56, 31, 24, 34, 15, 84, 20]",[],"{""base_clip"": 1.0, ""trust_weights"": {""56"": 0.28582876920700073, ""31"": 0.0, ""24"": 0.0, ""34"": 0.35708561539649963, ""15"": 0.35708561539649963, ""84"": 0.0, ""20"": 0.0}, ""num_aggregated"": 7}"
344,apra,apra_mad_filter,"[68, 97, 49, 62, 13, 7, 51, 54, 42]",[1],"{""median_norm"": 1.2065257661928936, ""mad"": 0.08400692284571776, ""k"": 2.0, ""num_accepted"": 9, ""safety_keep_used"": false, ""fallback_used"": false}"
344,apra,apra_hierarchical_cluster,"[97, 49, 62, 13, 7, 51, 54, 42]",[68],"{""best_k"": 2, ""best_score"": 0.7428144216537476, ""selected_cluster"": 0, ""cluster_scores"": {""0"": 4.8561787605285645, ""1"": -1.0}, ""num_trusted"": 8, ""fallback_used"": false}"
344,apra,apra_trust_weighted_clip,"[97, 49, 62, 13, 7, 51, 54, 42]",[],"{""base_clip"": 1.0, ""trust_weights"": {""97"": 0.1666666716337204, ""49"": 0.1666666716337204, ""62"": 0.0, ""13"": 0.1666666716337204, ""7"": 0.1666666716337204, ""51"": 0.1666666716337204, ""54"": 0.0, ""42"": 0.1666666716337204}, ""num_aggregated"": 8}"
345,apra,apra_mad_filter,"[22, 38, 75, 25, 47, 58, 57, 37]","[3, 2]","{""median_norm"": 1.2975794479097464, ""mad"": 0.03973337386880382, ""k"": 2.0, ""num_accepted"": 8, ""safety_keep_used"": false, ""fallback_used"": false}"
345,apra,apra_hierarchical_cluster,"[22, 38, 75, 25, 58, 57, 37]",[47],"{""best_k"": 2, ""best_score"": 0.591783881187439, ""selected_cluster"": 0, ""cluster_scores"": {""0"": 2.9780619144439697, ""1"": -1.0}, ""num_trusted"": 7, ""fallback_used"": false}"
345,apra,apra_trust_weighted_clip,"[22, 38, 75, 25, 58, 57, 37]",[],"{""base_clip"": 1.0, ""trust_weights"": {""22"": 0.1666666716337204, ""38"": 0.1666666716337204, ""75"": 0.1666666716337204, ""25"": 0.0, ""58"": 0.1666666716337204, ""57"": 0.1666666716337204, ""37"": 0.1666666716337204}, ""num_aggregated"": 7}"
346,apra,apra_mad_filter,"[86, 39, 75, 6, 48, 61, 11, 64, 44]",[0],"{""median_norm"": 1.191226576178789, ""mad"": 0.05832310223175763, ""k"": 2.0, ""num_accepted"": 9, ""safety_keep_used"": false, ""fallback_used"": false}"
346,apra,apra_hierarchical_cluster,"[86, 39, 75, 6, 48, 61, 11, 64]",[44],"{""best_k"": 2, ""best_score"": 0.6319750547409058, ""selected_cluster"": 0, ""cluster_scores"": {""0"": 3.130048990249634, ""1"": -1.0}, ""num_trusted"": 8, ""fallback_used"": false}"
346,apra,apra_trust_weighted_clip,"[86, 39, 75, 6, 48, 61, 11, 64]",[],"{""base_clip"": 1.0, ""trust_weights"": {""86"": 0.0, ""39"": 0.1666666716337204, ""75"": 0.1666666716337204, ""6"": 0.1666666716337204, ""48"": 0.0, ""61"": 0.1666666716337204, ""11"": 0.1666666716337204, ""64"": 0.1666666716337204}, ""num_aggregated"": 8}"
347,apra,apra_mad_filter,"[20, 17, 92, 64, 88, 80, 89, 87, 99]",[1],"{""median_norm"": 1.185654884599085, ""mad"": 0.06172388947613594, ""k"": 2.0, ""num_accepted"": 9, ""safety_keep_used"": false, ""fallback_used"": false}"
347,apra,apra_hierarchical_cluster,"[20, 17, 92, 64, 80, 89, 87, 99]",[88],"{""best_k"": 2, ""best_score"": 0.5206664800643921, ""selected_cluster"": 0, ""cluster_scores"": {""0"": 2.2787551879882812, ""1"": -1.0}, ""num_trusted"": 8, ""fallback_used"": false}"
347,apra,apra_trust_weighted_clip,"[20, 17, 92, 64, 80, 89, 87, 99]",[],"{""base_clip"": 1.0, ""trust_weights"": {""20"": 0.12708599865436554, ""17"": 0.0, ""92"": 0.18645700812339783, ""64"": 0.18645700812339783, ""80"": 0.18645700812339783, ""89"": 0.0, ""87"": 0.18645700812339783, ""99"": 0.12708599865436554}, ""num_aggregated"": 8}"
348,apra,apra_mad_filter,"[21, 16, 41, 60, 67, 80, 91]","[2, 51, 68]","{""median_norm"": 1.1857072907771304, ""mad"": 0.05529902095864114, ""k"": 2.0, ""num_accepted"": 7, ""safety_keep_used"": false, ""fallback_used"": false}"
348,apra,apra_hierarchical_cluster,"[21, 41, 60, 67, 80, 91]",[16],"{""best_k"": 2, ""best_score"": 0.6575402021408081, ""selected_cluster"": 0, ""cluster_scores"": {""0"": 4.367481708526611, ""1"": -1.0}, ""num_trusted"": 6, ""fallback_used"": false}"
348,apra,apra_trust_weighted_clip,"[21, 41, 60, 67, 80, 91]",[],"{""base_clip"": 1.0, ""trust_weights"": {""21"": 0.25, ""41"": 0.25, ""60"": 0.25, ""67"": 0.25, ""80"": 0.0, ""91"": 0.0}, ""num_aggregated"": 6}"
349,apra,apra_mad_filter,"[77, 92, 15, 52, 94, 71, 32, 13, 62]",[4],"{""median_norm"": 1.358214796715001, ""mad"": 0.1424544037968798, ""k"": 2.0, ""num_accepted"": 9, ""safety_keep_used"": false, ""fallback_used"": false}"
349,apra,apra_hierarchical_cluster,"[77, 92, 15, 52, 94, 32, 13, 62]",[71],"{""best_k"": 2, ""best_score"": 0.5150331258773804, ""selected_cluster"": 0, ""cluster_scores"": {""0"": 1.8209450244903564, ""1"": -1.0}, ""num_trusted"": 8, ""fallback_used"": false}"
349,apra,apra_trust_weighted_clip,"[77, 92, 15, 52, 94, 32, 13, 62]",[],"{""base_clip"": 1.0, ""trust_weights"": {""77"": 0.157201886177063, ""92"": 0.157201886177063, ""15"": 0.157201886177063, ""52"": 0.0, ""94"": 0.157201886177063, ""32"": 0.157201886177063, ""13"": 0.157201886177063, ""62"": 0.05678870901465416}, ""num_aggregated"": 8}"
350,apra,apra_mad_filter,"[41, 15, 12, 9, 34, 21, 93, 38]","[0, 90]","{""median_norm"": 1.1896313148656545, ""mad"": 0.022727948730998704, ""k"": 2.0, ""num_accepted"": 8, ""safety_keep_used"": false, ""fallback_used"": false}"
350,apra,apra_hierarchical_cluster,"[15, 12, 9, 34, 21, 93, 38]",[41],"{""best_k"": 2, ""best_score"": 0.501461386680603, ""selected_cluster"": 0, ""cluster_scores"": {""0"": 1.0540727376937866, ""1"": -1.0}, ""num_trusted"": 7, ""fallback_used"": false}"
350,apra,apra_trust_weighted_clip,"[15, 12, 9, 34, 21, 93, 38]",[],"{""base_clip"": 1.0, ""trust_weights"": {""15"": 0.21100829541683197, ""12"": 0.07798340916633606, ""9"": 0.21100829541683197, ""34"": 0.21100829541683197, ""21"": 0.0, ""93"": 0.21100829541683197, ""38"": 0.07798340916633606}, ""num_aggregated"": 7}"
351,apra,apra_mad_filter,"[47, 54, 57, 28, 10, 87, 27, 95]","[4, 40]","{""median_norm"": 1.129076799185253, ""mad"": 0.011490508908038488, ""k"": 2.0, ""num_accepted"": 8, ""safety_keep_used"": false, ""fallback_used"": false}"
351,apra,apra_hierarchical_cluster,"[57, 28, 10, 87, 95]","[47, 54, 27]","{""best_k"": 4, ""best_score"": 0.4342505931854248, ""selected_cluster"": 0, ""cluster_scores"": {""0"": 1.1776865720748901, ""1"": -1.0, ""2"": -1.0, ""3"": -1.0}, ""num_trusted"": 5, ""fallback_used"": false}"
351,apra,apra_trust_weighted_clip,"[57, 28, 10, 87, 95]",[],"{""base_clip"": 1.0, ""trust_weights"": {""57"": 0.3333333432674408, ""28"": 0.0, ""10"": 0.3333333432674408, ""87"": 0.3333333432674408, ""95"": 0.0}, ""num_aggregated"": 5}"
352,apra,apra_mad_filter,"[92, 34, 12, 74, 88, 53, 52, 77]","[3, 0]","{""median_norm"": 1.364379847910692, ""mad"": 0.07218944052183418, ""k"": 2.0, ""num_accepted"": 8, ""safety_keep_used"": false, ""fallback_used"": false}"
352,apra,apra_hierarchical_cluster,"[92, 34, 12, 74, 53, 52, 77]",[88],"{""best_k"": 2, ""best_score"": 0.5132123231887817, ""selected_cluster"": 0, ""cluster_scores"": {""0"": 1.8349149227142334, ""1"": -1.0}, ""num_trusted"": 7, ""fallback_used"": false}"
352,apra,apra_trust_weighted_clip,"[92, 34, 12, 74, 53, 52, 77]",[],"{""base_clip"": 1.0, ""trust_weights"": {""92"": 0.0, ""34"": 0.25, ""12"": 0.25, ""74"": 0.0, ""53"": 0.25, ""52"": 0.0, ""77"": 0.25}, ""num_aggregated"": 7}"
353,apra,apra_mad_filter,"[41, 84, 7, 70, 46, 61, 95]","[2, 40, 0]","{""median_norm"": 1.1371535483560216, ""mad"": 0.027724413621783905, ""k"": 2.0, ""num_accepted"": 7, ""safety_keep_used"": false, ""fallback_used"": false}"
353,apra,apra_hierarchical_cluster,"[84, 7, 70, 46, 61, 95]",[41],"{""best_k"": 2, ""best_score"": 0.5532318949699402, ""selected_cluster"": 0, ""cluster_scores"": {""0"": 2.5954835414886475, ""1"": -1.0}, ""num_trusted"": 6, ""fallback_used"": false}"
353,apra,apra_trust_weighted_clip,"[84, 7, 70, 46, 61, 95]",[],"{""base_clip"": 1.0, ""trust_weights"": {""84"": 0.0, ""7"": 0.20000000298023224, ""70"": 0.20000000298023224, ""46"": 0.20000000298023224, ""61"": 0.20000000298023224, ""95"": 0.20000000298023224}, ""num_aggregated"": 6}"
354,apra,apra_mad_filter,"[33, 16, 84, 12, 64, 52, 60]","[1, 0, 4]","{""median_norm"": 1.193318457463007, ""mad"": 0.11513789610297964, ""k"": 2.0, ""num_accepted"": 7, ""safety_keep_used"": false, ""fallback_used"": false}"
354,apra,apra_hierarchical_cluster,"[16, 84, 12, 64, 52, 60]",[33],"{""best_k"": 2, ""best_score"": 0.6459269523620605, ""selected_cluster"": 0, ""cluster_scores"": {""0"": 4.296789169311523, ""1"": -1.0}, ""num_trusted"": 6, ""fallback_used"": false}"
354,apra,apra_trust_weighted_clip,"[16, 84, 12, 64, 52, 60]",[],"{""base_clip"": 1.0, ""trust_weights"": {""16"": 0.0, ""84"": 0.25, ""12"": 0.25, ""64"": 0.25, ""52"": 0.0, ""60"": 0.25}, ""num_aggregated"": 6}"
355,apra,apra_mad_filter,"[14, 27, 84, 5, 87, 17, 58, 28]","[3, 15]","{""median_norm"": 1.2630462351900023, ""mad"": 0.05958176492915401, ""k"": 2.0, ""num_accepted"": 8, ""safety_keep_used"": false, ""fallback_used"": false}"
355,apra,apra_hierarchical_cluster,"[14, 84, 5, 87, 17, 58, 28]",[27],"{""best_k"": 2, ""best_score"": 0.46676522493362427, ""selected_cluster"": 0, ""cluster_scores"": {""0"": 1.8247902393341064, ""1"": -1.0}, ""num_trusted"": 7, ""fallback_used"": false}"
355,apra,apra_trust_weighted_clip,"[14, 84, 5, 87, 17, 58, 28]",[],"{""base_clip"": 1.0, ""trust_weights"": {""14"": 0.1666666716337204, ""84"": 0.1666666716337204, ""5"": 0.1666666716337204, ""87"": 0.1666666716337204, ""17"": 0.1666666716337204, ""58"": 0.0, ""28"": 0.1666666716337204}, ""num_aggregated"": 7}"
356,apra,apra_mad_filter,"[29, 12, 86, 67, 81, 84, 59, 21]","[4, 3]","{""median_norm"": 1.1738785027906546, ""mad"": 0.03499792089463061, ""k"": 2.0, ""num_accepted"": 8, ""safety_keep_used"": false, ""fallback_used"": false}"
356,apra,apra_hierarchical_cluster,"[29, 12, 86, 67, 81, 84, 21]",[59],"{""best_k"": 2, ""best_score"": 0.5184301137924194, ""selected_cluster"": 0, ""cluster_scores"": {""0"": 1.797141194343567, ""1"": -1.0}, ""num_trusted"": 7, ""fallback_used"": false}"
356,apra,apra_trust_weighted_clip,"[29, 12, 86, 67, 81, 84, 21]",[],"{""base_clip"": 1.0, ""trust_weights"": {""29"": 0.19757826626300812, ""12"": 0.14923159778118134, ""86"": 0.0, ""67"": 0.3265950679779053, ""81"": 0.3265950679779053, ""84"": 0.0, ""21"": 0.0}, ""num_aggregated"": 7}"
357,apra,apra_mad_filter,"[41, 61, 76, 49, 46, 55, 34]","[1, 2, 4]","{""median_norm"": 1.3068963969804628, ""mad"": 0.04473438120249862, ""k"": 2.0, ""num_accepted"": 7, ""safety_keep_used"": false, ""fallback_used"": false}"
357,apra,apra_hierarchical_cluster,"[41, 61, 49, 46, 55, 34]",[76],"{""best_k"": 2, ""best_score"": 0.6353909373283386, ""selected_cluster"": 0, ""cluster_scores"": {""0"": 3.5689334869384766, ""1"": -1.0}, ""num_trusted"": 6, ""fallback_used"": false}"
357,apra,apra_trust_weighted_clip,"[41, 61, 49, 46, 55, 34]",[],"{""base_clip"": 1.0, ""trust_weights"": {""41"": 0.0, ""61"": 0.20000000298023224, ""49"": 0.20000000298023224, ""46"": 0.20000000298023224, ""55"": 0.20000000298023224, ""34"": 0.20000000298023224}, ""num_aggregated"": 6}"
358,apra,apra_mad_filter,"[73, 9, 86, 84, 95, 41, 38, 17]","[0, 52]","{""median_norm"": 1.1659952987830056, ""mad"": 0.03029484932679638, ""k"": 2.0, ""num_accepted"": 8, ""safety_keep_used"": false, ""fallback_used"": false}"
358,apra,apra_hierarchical_cluster,"[9, 86, 84, 95, 38, 17]","[73, 41]","{""best_k"": 3, ""best_score"": 0.546151876449585, ""selected_cluster"": 0, ""cluster_scores"": {""0"": 2.86260986328125, ""1"": -1.0, ""2"": -1.0}, ""num_trusted"": 6, ""fallback_used"": false}"
358,apra,apra_trust_weighted_clip,"[9, 86, 84, 95, 38, 17]",[],"{""base_clip"": 1.0, ""trust_weights"": {""9"": 0.20000000298023224, ""86"": 0.20000000298023224, ""84"": 0.20000000298023224, ""95"": 0.20000000298023224, ""38"": 0.20000000298023224, ""17"": 0.0}, ""num_aggregated"": 6}"
359,apra,apra_mad_filter,"[91, 57, 20, 38, 10, 16, 54, 36]","[0, 71]","{""median_norm"": 1.1233486600983806, ""mad"": 0.06190390382852695, ""k"": 2.0, ""num_accepted"": 8, ""safety_keep_used"": false, ""fallback_used"": false}"
359,apra,apra_hierarchical_cluster,"[91, 57, 38, 10, 16, 54, 36]",[20],"{""best_k"": 2, ""best_score"": 0.5415018796920776, ""selected_cluster"": 0, ""cluster_scores"": {""0"": 3.0492494106292725, ""1"": -1.0}, ""num_trusted"": 7, ""fallback_used"": false}"
359,apra,apra_trust_weighted_clip,"[91, 57, 38, 10, 16, 54, 36]",[],"{""base_clip"": 1.0, ""trust_weights"": {""91"": 0.1678668111562729, ""57"": 0.1678668111562729, ""38"": 0.1678668111562729, ""10"": 0.1678668111562729, ""16"": 0.16426637768745422, ""54"": 0.16426637768745422, ""36"": 0.0}, ""num_aggregated"": 7}"
360,apra,apra_mad_filter,"[35, 98, 89, 23, 39, 85, 91, 9, 16]",[1],"{""median_norm"": 1.283033695439252, ""mad"": 0.0859364654896202, ""k"": 2.0, ""num_accepted"": 9, ""safety_keep_used"": false, ""fallback_used"": false}"
360,apra,apra_hierarchical_cluster,"[98, 89, 23, 39, 85, 91, 9, 16]",[35],"{""best_k"": 2, ""best_score"": 0.7570668458938599, ""selected_cluster"": 0, ""cluster_scores"": {""0"": 5.481585502624512, ""1"": -1.0}, ""num_trusted"": 8, ""fallback_used"": false}"
360,apra,apra_trust_weighted_clip,"[98, 89, 23, 39, 85, 91, 9, 16]",[],"{""base_clip"": 1.0, ""trust_weights"": {""98"": 0.1428571492433548, ""89"": 0.1428571492433548, ""23"": 0.1428571492433548, ""39"": 0.1428571492433548, ""85"": 0.0, ""91"": 0.1428571492433548, ""9"": 0.1428571492433548, ""16"": 0.1428571492433548}, ""num_aggregated"": 8}"
361,apra,apra_mad_filter,"[61, 41, 38, 85, 51, 56, 19, 36, 97]",[2],"{""median_norm"": 1.3249114075090447, ""mad"": 0.06109403912915945, ""k"": 2.0, ""num_accepted"": 9, ""safety_keep_used"": false, ""fallback_used"": false}"
361,apra,apra_hierarchical_cluster,"[61, 38, 51, 56, 19, 36, 97]","[41, 85]","{""best_k"": 3, ""best_score"": 0.553808867931366, ""selected_cluster"": 0, ""cluster_scores"": {""0"": 4.439689636230469, ""1"": -1.0, ""2"": -1.0}, ""num_trusted"": 7, ""fallback_used"": false}"
361,apra,apra_trust_weighted_clip,"[61, 38, 51, 56, 19, 36, 97]",[],"{""base_clip"": 1.0, ""trust_weights"": {""61"": 0.0, ""38"": 0.25381210446357727, ""51"": 0.0, ""56"": 0.24618791043758392, ""19"": 0.0, ""36"": 0.24618791043758392, ""97"": 0.25381210446357727}, ""num_aggregated"": 7}"
362,apra,apra_mad_filter,"[19, 17, 30, 8, 83, 55, 38, 10]","[4, 96]","{""median_norm"": 1.1782411818837764, ""mad"": 0.05369529776913795, ""k"": 2.0, ""num_accepted"": 8, ""safety_keep_used"": false, ""fallback_used"": false}"
362,apra,apra_hierarchical_cluster,"[19, 17, 30, 55, 38, 10]","[8, 83]","{""best_k"": 2, ""best_score"": 0.4269149899482727, ""selected_cluster"": 1, ""cluster_scores"": {""0"": 1.1325246095657349, ""1"": 2.4501993656158447}, ""num_trusted"": 6, ""fallback_used"": false}"
362,apra,apra_trust_weighted_clip,"[19, 17, 30, 55, 38, 10]",[],"{""base_clip"": 1.0, ""trust_weights"": {""19"": 0.15454460680484772, ""17"": 0.21136383712291718, ""30"": 0.0, ""55"": 0.21136383712291718, ""38"": 0.21136383712291718, ""10"": 0.21136383712291718}, ""num_aggregated"": 6}"
363,apra,apra_mad_filter,"[55, 66, 34, 52, 29, 67, 45]","[0, 8, 77]","{""median_norm"": 1.1491490048650694, ""mad"": 0.047902543592976854, ""k"": 2.0, ""num_accepted"": 7, ""safety_keep_used"": false, ""fallback_used"": false}"
363,apra,apra_hierarchical_cluster,"[55, 66, 34, 29, 67, 45]",[52],"{""best_k"": 2, ""best_score"": 0.6892971992492676, ""selected_cluster"": 0, ""cluster_scores"": {""0"": 4.00856351852417, ""1"": -1.0}, ""num_trusted"": 6, ""fallback_used"": false}"
363,apra,apra_trust_weighted_clip,"[55, 66, 34, 29, 67, 45]",[],"{""base_clip"": 1.0, ""trust_weights"": {""55"": 0.2579098641872406, ""66"": 0.2420901358127594, ""34"": 0.2579098641872406, ""29"": 0.0, ""67"": 0.2420901358127594, ""45"": 0.0}, ""num_aggregated"": 6}"
364,apra,apra_mad_filter,"[44, 79, 20, 31, 89, 55]","[0, 81, 90, 36]","{""median_norm"": 1.1675963564424106, ""mad"": 0.03088101112529673, ""k"": 2.0, ""num_accepted"": 6, ""safety_keep_used"": false, ""fallback_used"": false}"
364,apra,apra_hierarchical_cluster,"[79, 31, 89, 55]","[44, 20]","{""best_k"": 3, ""best_score"": 0.5705543756484985, ""selected_cluster"": 0, ""cluster_scores"": {""0"": 3.3789336681365967, ""1"": -1.0, ""2"": -1.0}, ""num_trusted"": 4, ""fallback_used"": false}"
364,apra,apra_trust_weighted_clip,"[79, 31, 89, 55]",[],"{""base_clip"": 1.0, ""trust_weights"": {""79"": 0.3333333432674408, ""31"": 0.0, ""89"": 0.3333333432674408, ""55"": 0.3333333432674408}, ""num_aggregated"": 4}"
365,apra,apra_mad_filter,"[41, 19, 97, 64, 37, 55, 42]","[3, 9, 33]","{""median_norm"": 1.21340175926191, ""mad"": 0.03545819897211733, ""k"": 2.0, ""num_accepted"": 7, ""safety_keep_used"": false, ""fallback_used"": false}"
365,apra,apra_hierarchical_cluster,"[19, 64, 37, 55, 42]","[41, 97]","{""best_k"": 3, ""best_score"": 0.39900991320610046, ""selected_cluster"": 0, ""cluster_scores"": {""0"": 2.1223578453063965, ""1"": -1.0, ""2"": -1.0}, ""num_trusted"": 5, ""fallback_used"": false}"
365,apra,apra_trust_weighted_clip,"[19, 64, 37, 55, 42]",[],"{""base_clip"": 1.0, ""trust_weights"": {""19"": 0.12324894964694977, ""64"": 0.0, ""37"": 0.0, ""55"": 0.4383755028247833, ""42"": 0.4383755028247833}, ""num_aggregated"": 5}"
366,apra,apra_mad_filter,"[98, 30, 56, 97, 75, 41]","[1, 13, 35, 2]","{""median_norm"": 1.2033277410176857, ""mad"": 0.035852520669914956, ""k"": 2.0, ""num_accepted"": 6, ""safety_keep_used"": false, ""fallback_used"": false}"
366,apra,apra_hierarchical_cluster,"[98, 30, 56, 97, 75]",[41],"{""best_k"": 2, ""best_score"": 0.4913546144962311, ""selected_cluster"": 0, ""cluster_scores"": {""0"": 3.6996939182281494, ""1"": -1.0}, ""num_trusted"": 5, ""fallback_used"": false}"
366,apra,apra_trust_weighted_clip,"[98, 30, 56, 97, 75]",[],"{""base_clip"": 1.0, ""trust_weights"": {""98"": 0.13200326263904572, ""30"": 0.43399837613105774, ""56"": 0.0, ""97"": 0.43399837613105774, ""75"": 0.0}, ""num_aggregated"": 5}"
367,apra,apra_mad_filter,"[5, 42, 83, 37, 14, 13, 89, 28, 61]",[3],"{""median_norm"": 1.2727780845980146, ""mad"": 0.05442144386309411, ""k"": 2.0, ""num_accepted"": 9, ""safety_keep_used"": false, ""fallback_used"": false}"
367,apra,apra_hierarchical_cluster,"[5, 42, 83, 14, 13, 89, 28, 61]",[37],"{""best_k"": 2, ""best_score"": 0.43460601568222046, ""selected_cluster"": 0, ""cluster_scores"": {""0"": 1.099125623703003, ""1"": -1.0}, ""num_trusted"": 8, ""fallback_used"": false}"
367,apra,apra_trust_weighted_clip,"[5, 42, 83, 14, 13, 89, 28, 61]",[],"{""base_clip"": 1.0, ""trust_weights"": {""5"": 0.25, ""42"": 0.0, ""83"": 0.0, ""14"": 0.0, ""13"": 0.25, ""89"": 0.25, ""28"": 0.25, ""61"": 0.0}, ""num_aggregated"": 8}"
368,apra,apra_mad_filter,"[29, 83, 87, 38, 55, 96, 31, 81, 14]",[0],"{""median_norm"": 1.325705630941309, ""mad"": 0.08177164524837077, ""k"": 2.0, ""num_accepted"": 9, ""safety_keep_used"": false, ""fallback_used"": false}"
368,apra,apra_hierarchical_cluster,"[29, 87, 38, 55, 96, 31, 81, 14]",[83],"{""best_k"": 2, ""best_score"": 0.3831324279308319, ""selected_cluster"": 0, ""cluster_scores"": {""0"": 0.47827768325805664, ""1"": -1.0}, ""num_trusted"": 8, ""fallback_used"": false}"
368,apra,apra_trust_weighted_clip,"[29, 87, 38, 55, 96, 31, 81, 14]",[],"{""base_clip"": 1.0, ""trust_weights"": {""29"": 0.15718741714954376, ""87"": 0.15718741714954376, ""38"": 0.05687547102570534, ""55"": 0.15718741714954376, ""96"": 0.15718741714954376, ""31"": 0.15718741714954376, ""81"": 0.0, ""14"": 0.15718741714954376}, ""num_aggregated"": 8}"
369,apra,apra_mad_filter,"[64, 70, 6, 82, 62, 69, 55]","[0, 77, 88]","{""median_norm"": 1.1571562086781326, ""mad"": 0.03536955201037728, ""k"": 2.0, ""num_accepted"": 7, ""safety_keep_used"": false, ""fallback_used"": false}"
369,apra,apra_hierarchical_cluster,"[64, 70, 6, 82, 69, 55]",[62],"{""best_k"": 2, ""best_score"": 0.6076017618179321, ""selected_cluster"": 0, ""cluster_scores"": {""0"": 3.862311840057373, ""1"": -1.0}, ""num_trusted"": 6, ""fallback_used"": false}"
369,apra,apra_trust_weighted_clip,"[64, 70, 6, 82, 69, 55]",[],"{""base_clip"": 1.0, ""trust_weights"": {""64"": 0.20000000298023224, ""70"": 0.0, ""6"": 0.20000000298023224, ""82"": 0.20000000298023224, ""69"": 0.20000000298023224, ""55"": 0.20000000298023224}, ""num_aggregated"": 6}"
370,apra,apra_mad_filter,"[88, 96, 42, 58, 49, 7, 15, 72, 99]",[4],"{""median_norm"": 1.279135325875312, ""mad"": 0.10249040640704221, ""k"": 2.0, ""num_accepted"": 9, ""safety_keep_used"": false, ""fallback_used"": false}"
370,apra,apra_hierarchical_cluster,"[96, 42, 58, 49, 7, 15, 72, 99]",[88],"{""best_k"": 2, ""best_score"": 0.5192193984985352, ""selected_cluster"": 0, ""cluster_scores"": {""0"": 1.6837685108184814, ""1"": -1.0}, ""num_trusted"": 8, ""fallback_used"": false}"
370,apra,apra_trust_weighted_clip,"[96, 42, 58, 49, 7, 15, 72, 99]",[],"{""base_clip"": 1.0, ""trust_weights"": {""96"": 0.20755703747272491, ""42"": 0.16977180540561676, ""58"": 0.20755703747272491, ""49"": 0.0, ""7"": 0.20755703747272491, ""15"": 0.0, ""72"": 0.20755703747272491, ""99"": 0.0}, ""num_aggregated"": 8}"
371,apra,apra_mad_filter,"[30, 36, 14, 90, 87, 42, 82, 37]","[4, 1]","{""median_norm"": 1.1800641456311722, ""mad"": 0.06696684392757601, ""k"": 2.0, ""num_accepted"": 8, ""safety_keep_used"": false, ""fallback_used"": false}"
371,apra,apra_hierarchical_cluster,"[30, 36, 14, 90, 87, 42, 82]",[37],"{""best_k"": 2, ""best_score"": 0.4585247337818146, ""selected_cluster"": 0, ""cluster_scores"": {""0"": 1.884131908416748, ""1"": -1.0}, ""num_trusted"": 7, ""fallback_used"": false}"
371,apra,apra_trust_weighted_clip,"[30, 36, 14, 90, 87, 42, 82]",[],"{""base_clip"": 1.0, ""trust_weights"": {""30"": 0.20000000298023224, ""36"": 0.20000000298023224, ""14"": 0.20000000298023224, ""90"": 0.20000000298023224, ""87"": 0.0, ""42"": 0.0, ""82"": 0.20000000298023224}, ""num_aggregated"": 7}"
372,apra,apra_mad_filter,"[40, 64, 31, 35, 90, 29, 48, 84, 78]",[3],"{""median_norm"": 1.1875222515525135, ""mad"": 0.07349476286081424, ""k"": 2.0, ""num_accepted"": 9, ""safety_keep_used"": false, ""fallback_used"": false}"
372,apra,apra_hierarchical_cluster,"[40, 64, 31, 90, 29, 48, 84, 78]",[35],"{""best_k"": 2, ""best_score"": 0.6829582452774048, ""selected_cluster"": 0, ""cluster_scores"": {""0"": 3.214806318283081, ""1"": -1.0}, ""num_trusted"": 8, ""fallback_used"": false}"
372,apra,apra_trust_weighted_clip,"[40, 64, 31, 90, 29, 48, 84, 78]",[],"{""base_clip"": 1.0, ""trust_weights"": {""40"": 0.1428571492433548, ""64"": 0.1428571492433548, ""31"": 0.1428571492433548, ""90"": 0.1428571492433548, ""29"": 0.1428571492433548, ""48"": 0.0, ""84"": 0.1428571492433548, ""78"": 0.1428571492433548}, ""num_aggregated"": 8}"
373,apra,apra_mad_filter,"[32, 56, 98, 78, 62, 13, 86, 55]","[3, 5]","{""median_norm"": 1.2020142226697885, ""mad"": 0.05987178337786525, ""k"": 2.0, ""num_accepted"": 8, ""safety_keep_used"": false, ""fallback_used"": false}"
373,apra,apra_hierarchical_cluster,"[32, 56, 98, 78, 13, 86, 55]",[62],"{""best_k"": 2, ""best_score"": 0.6835747957229614, ""selected_cluster"": 0, ""cluster_scores"": {""0"": 4.23615026473999, ""1"": -1.0}, ""num_trusted"": 7, ""fallback_used"": false}"
373,apra,apra_trust_weighted_clip,"[32, 56, 98, 78, 13, 86, 55]",[],"{""base_clip"": 1.0, ""trust_weights"": {""32"": 0.0, ""56"": 0.1666666716337204, ""98"": 0.1666666716337204, ""78"": 0.1666666716337204, ""13"": 0.1666666716337204, ""86"": 0.1666666716337204, ""55"": 0.1666666716337204}, ""num_aggregated"": 7}"
374,apra,apra_mad_filter,"[99, 47, 20, 31, 10, 86, 62, 41]","[4, 90]","{""median_norm"": 1.1804205396262564, ""mad"": 0.04766030206290117, ""k"": 2.0, ""num_accepted"": 8, ""safety_keep_used"": false, ""fallback_used"": false}"
374,apra,apra_hierarchical_cluster,"[99, 47, 31, 10, 86, 41]","[20, 62]","{""best_k"": 3, ""best_score"": 0.3990975618362427, ""selected_cluster"": 0, ""cluster_scores"": {""0"": 1.9832475185394287, ""1"": -1.0, ""2"": -1.0}, ""num_trusted"": 6, ""fallback_used"": false}"
374,apra,apra_trust_weighted_clip,"[99, 47, 31, 10, 86, 41]",[],"{""base_clip"": 1.0, ""trust_weights"": {""99"": 0.0, ""47"": 0.03447467461228371, ""31"": 0.3896200954914093, ""10"": 0.1862851232290268, ""86"": 0.3896200954914093, ""41"": 0.0}, ""num_aggregated"": 6}"
375,apra,apra_mad_filter,"[33, 73, 28, 61, 11, 96, 15]","[0, 1, 3]","{""median_norm"": 1.5028472591486128, ""mad"": 0.2699156474444321, ""k"": 2.0, ""num_accepted"": 7, ""safety_keep_used"": false, ""fallback_used"": false}"
375,apra,apra_hierarchical_cluster,"[73, 28, 61, 11, 96, 15]",[33],"{""best_k"": 2, ""best_score"": 0.5397030711174011, ""selected_cluster"": 0, ""cluster_scores"": {""0"": 2.071274995803833, ""1"": -1.0}, ""num_trusted"": 6, ""fallback_used"": false}"
375,apra,apra_trust_weighted_clip,"[73, 28, 61, 11, 96, 15]",[],"{""base_clip"": 1.0, ""trust_weights"": {""73"": 0.0, ""28"": 0.25, ""61"": 0.25, ""11"": 0.25, ""96"": 0.0, ""15"": 0.25}, ""num_aggregated"": 6}"
376,apra,apra_mad_filter,"[42, 80, 51, 72, 74, 90, 58, 35, 83]",[4],"{""median_norm"": 1.2060465056046594, ""mad"": 0.09646737875103051, ""k"": 2.0, ""num_accepted"": 9, ""safety_keep_used"": false, ""fallback_used"": false}"
376,apra,apra_hierarchical_cluster,"[42, 80, 51, 72, 74, 90, 58, 83]",[35],"{""best_k"": 2, ""best_score"": 0.6327671408653259, ""selected_cluster"": 0, ""cluster_scores"": {""0"": 3.1488003730773926, ""1"": -1.0}, ""num_trusted"": 8, ""fallback_used"": false}"
376,apra,apra_trust_weighted_clip,"[42, 80, 51, 72, 74, 90, 58, 83]",[],"{""base_clip"": 1.0, ""trust_weights"": {""42"": 0.1666666716337204, ""80"": 0.1666666716337204, ""51"": 0.0, ""72"": 0.1666666716337204, ""74"": 0.1666666716337204, ""90"": 0.1666666716337204, ""58"": 0.1666666716337204, ""83"": 0.0}, ""num_aggregated"": 8}"
377,apra,apra_mad_filter,"[95, 80, 46, 22, 73, 42, 93, 85]","[0, 3]","{""median_norm"": 1.2292053563205578, ""mad"": 0.11192764213490414, ""k"": 2.0, ""num_accepted"": 8, ""safety_keep_used"": false, ""fallback_used"": false}"
377,apra,apra_hierarchical_cluster,"[95, 80, 46, 22, 42, 93]","[73, 85]","{""best_k"": 3, ""best_score"": 0.6223797798156738, ""selected_cluster"": 0, ""cluster_scores"": {""0"": 4.277798175811768, ""1"": -1.0, ""2"": -1.0}, ""num_trusted"": 6, ""fallback_used"": false}"
377,apra,apra_trust_weighted_clip,"[95, 80, 46, 22, 42, 93]",[],"{""base_clip"": 1.0, ""trust_weights"": {""95"": 0.0, ""80"": 0.13020563125610352, ""46"": 0.21744859218597412, ""22"": 0.21744859218597412, ""42"": 0.21744859218597412, ""93"": 0.21744859218597412}, ""num_aggregated"": 6}"
378,apra,apra_mad_filter,"[5, 77, 45, 62, 74, 20, 65, 9, 68]",[2],"{""median_norm"": 1.3132840891135866, ""mad"": 0.10406210171731323, ""k"": 2.0, ""num_accepted"": 9, ""safety_keep_used"": false, ""fallback_used"": false}"
378,apra,apra_hierarchical_cluster,"[5, 77, 45, 62, 74, 20, 65, 9]",[68],"{""best_k"": 2, ""best_score"": 0.5758911967277527, ""selected_cluster"": 0, ""cluster_scores"": {""0"": 2.1380248069763184, ""1"": -1.0}, ""num_trusted"": 8, ""fallback_used"": false}"
378,apra,apra_trust_weighted_clip,"[5, 77, 45, 62, 74, 20, 65, 9]",[],"{""base_clip"": 1.0, ""trust_weights"": {""5"": 0.1428571492433548, ""77"": 0.1428571492433548, ""45"": 0.1428571492433548, ""62"": 0.1428571492433548, ""74"": 0.1428571492433548, ""20"": 0.0, ""65"": 0.1428571492433548, ""9"": 0.1428571492433548}, ""num_aggregated"": 8}"
379,apra,apra_mad_filter,"[58, 94, 20, 50, 65, 7, 27, 95]","[2, 51]","{""median_norm"": 1.125748252247213, ""mad"": 0.03627148348964393, ""k"": 2.0, ""num_accepted"": 8, ""safety_keep_used"": false, ""fallback_used"": false}"
379,apra,apra_hierarchical_cluster,"[58, 94, 20, 50, 65, 7, 95]",[27],"{""best_k"": 2, ""best_score"": 0.5687960386276245, ""selected_cluster"": 0, ""cluster_scores"": {""0"": 3.7073256969451904, ""1"": -1.0}, ""num_trusted"": 7, ""fallback_used"": false}"
379,apra,apra_trust_weighted_clip,"[58, 94, 20, 50, 65, 7, 95]",[],"{""base_clip"": 1.0, ""trust_weights"": {""58"": 0.25, ""94"": 0.25, ""20"": 0.0, ""50"": 0.0, ""65"": 0.0, ""7"": 0.25, ""95"": 0.25}, ""num_aggregated"": 7}"
380,apra,apra_mad_filter,"[78, 82, 23, 37, 10, 55, 13, 12, 77]",[4],"{""median_norm"": 1.2676903887677287, ""mad"": 0.06859347105677716, ""k"": 2.0, ""num_accepted"": 9, ""safety_keep_used"": false, ""fallback_used"": false}"
380,apra,apra_hierarchical_cluster,"[78, 82, 23, 55, 12, 77]","[37, 10, 13]","{""best_k"": 3, ""best_score"": 0.4455986022949219, ""selected_cluster"": 1, ""cluster_scores"": {""0"": 1.6756982803344727, ""1"": 2.4836676120758057, ""2"": -1.0}, ""num_trusted"": 6, ""fallback_used"": false}"
380,apra,apra_trust_weighted_clip,"[78, 82, 23, 55, 12, 77]",[],"{""base_clip"": 1.0, ""trust_weights"": {""78"": 0.20647242665290833, ""82"": 0.20647242665290833, ""23"": 0.18388323485851288, ""55"": 0.19669955968856812, ""12"": 0.0, ""77"": 0.20647242665290833}, ""num_aggregated"": 6}"
381,apra,apra_mad_filter,"[35, 5, 89, 93, 82, 49, 23, 95, 63]",[2],"{""median_norm"": 1.1382558465889452, ""mad"": 0.044314097766892324, ""k"": 2.0, ""num_accepted"": 9, ""safety_keep_used"": false, ""fallback_used"": false}"
381,apra,apra_hierarchical_cluster,"[5, 89, 93, 82, 49, 23, 95, 63]",[35],"{""best_k"": 2, ""best_score"": 0.7425682544708252, ""selected_cluster"": 0, ""cluster_scores"": {""0"": 4.752130508422852, ""1"": -1.0}, ""num_trusted"": 8, ""fallback_used"": false}"
381,apra,apra_trust_weighted_clip,"[5, 89, 93, 82, 49, 23, 95, 63]",[],"{""base_clip"": 1.0, ""trust_weights"": {""5"": 0.1428571492433548, ""89"": 0.1428571492433548, ""93"": 0.1428571492433548, ""82"": 0.1428571492433548, ""49"": 0.0, ""23"": 0.1428571492433548, ""95"": 0.1428571492433548, ""63"": 0.1428571492433548}, ""num_aggregated"": 8}"
382,apra,apra_mad_filter,"[83, 79, 66, 69, 95, 96, 84, 7]","[4, 3]","{""median_norm"": 1.2537782396324493, ""mad"": 0.07391089819336594, ""k"": 2.0, ""num_accepted"": 8, ""safety_keep_used"": false, ""fallback_used"": false}"
382,apra,apra_hierarchical_cluster,"[79, 66, 69, 95, 84, 7]","[83, 96]","{""best_k"": 3, ""best_score"": 0.4941259026527405, ""selected_cluster"": 0, ""cluster_scores"": {""0"": 3.0934603214263916, ""1"": -1.0, ""2"": -1.0}, ""num_trusted"": 6, ""fallback_used"": false}"
382,apra,apra_trust_weighted_clip,"[79, 66, 69, 95, 84, 7]",[],"{""base_clip"": 1.0, ""trust_weights"": {""79"": 0.25, ""66"": 0.0, ""69"": 0.25, ""95"": 0.25, ""84"": 0.0, ""7"": 0.25}, ""num_aggregated"": 6}"
383,apra,apra_mad_filter,"[65, 12, 98, 16, 20, 86, 59, 75]","[3, 26]","{""median_norm"": 1.1573009175043854, ""mad"": 0.0607061540870355, ""k"": 2.0, ""num_accepted"": 8, ""safety_keep_used"": false, ""fallback_used"": false}"
383,apra,apra_hierarchical_cluster,"[65, 12, 98, 16, 20, 86, 75]",[59],"{""best_k"": 2, ""best_score"": 0.6252790689468384, ""selected_cluster"": 0, ""cluster_scores"": {""0"": 4.503479957580566, ""1"": -1.0}, ""num_trusted"": 7, ""fallback_used"": false}"
383,apra,apra_trust_weighted_clip,"[65, 12, 98, 16, 20, 86, 75]",[],"{""base_clip"": 1.0, ""trust_weights"": {""65"": 0.1666666716337204, ""12"": 0.1666666716337204, ""98"": 0.1666666716337204, ""16"": 0.1666666716337204, ""20"": 0.0, ""86"": 0.1666666716337204, ""75"": 0.1666666716337204}, ""num_aggregated"": 7}"
384,apra,apra_mad_filter,"[78, 18, 20, 21, 27, 31, 11, 24]","[2, 71]","{""median_norm"": 1.2325486138166921, ""mad"": 0.05337388975068391, ""k"": 2.0, ""num_accepted"": 8, ""safety_keep_used"": false, ""fallback_used"": false}"
384,apra,apra_hierarchical_cluster,"[78, 18, 21, 27, 31, 11, 24]",[20],"{""best_k"": 2, ""best_score"": 0.7569729089736938, ""selected_cluster"": 0, ""cluster_scores"": {""0"": 5.751255512237549, ""1"": -1.0}, ""num_trusted"": 7, ""fallback_used"": false}"
384,apra,apra_trust_weighted_clip,"[78, 18, 21, 27, 31, 11, 24]",[],"{""base_clip"": 1.0, ""trust_weights"": {""78"": 0.25, ""18"": 0.0, ""21"": 0.25, ""27"": 0.0, ""31"": 0.25, ""11"": 0.25, ""24"": 0.0}, ""num_aggregated"": 7}"
385,apra,apra_mad_filter,"[50, 63, 64, 18, 89, 91, 28]","[2, 45, 0]","{""median_norm"": 1.1344236231880358, ""mad"": 0.017214880015181233, ""k"": 2.0, ""num_accepted"": 7, ""safety_keep_used"": false, ""fallback_used"": false}"
385,apra,apra_hierarchical_cluster,"[63, 64, 18, 89, 91, 28]",[50],"{""best_k"": 2, ""best_score"": 0.4775138795375824, ""selected_cluster"": 0, ""cluster_scores"": {""0"": 2.041466474533081, ""1"": -1.0}, ""num_trusted"": 6, ""fallback_used"": false}"
385,apra,apra_trust_weighted_clip,"[63, 64, 18, 89, 91, 28]",[],"{""base_clip"": 1.0, ""trust_weights"": {""63"": 0.2301453948020935, ""64"": 0.2301453948020935, ""18"": 0.2301453948020935, ""89"": 0.0, ""91"": 0.2301453948020935, ""28"": 0.07941849529743195}, ""num_aggregated"": 6}"
386,apra,apra_mad_filter,"[45, 97, 55, 16, 23, 89, 59, 90, 15]",[4],"{""median_norm"": 1.2834616564074626, ""mad"": 0.059150420197689346, ""k"": 2.0, ""num_accepted"": 9, ""safety_keep_used"": false, ""fallback_used"": false}"
386,apra,apra_hierarchical_cluster,"[45, 97, 55, 16, 23, 89, 90, 15]",[59],"{""best_k"": 2, ""best_score"": 0.5038313865661621, ""selected_cluster"": 0, ""cluster_scores"": {""0"": 1.7963624000549316, ""1"": -1.0}, ""num_trusted"": 8, ""fallback_used"": false}"
386,apra,apra_trust_weighted_clip,"[45, 97, 55, 16, 23, 89, 90, 15]",[],"{""base_clip"": 1.0, ""trust_weights"": {""45"": 0.14978034794330597, ""97"": 0.0, ""55"": 0.14978034794330597, ""16"": 0.14978034794330597, ""23"": 0.1394573599100113, ""89"": 0.11164088547229767, ""90"": 0.14978034794330597, ""15"": 0.14978034794330597}, ""num_aggregated"": 8}"
387,apra,apra_mad_filter,"[12, 25, 36, 23, 64, 84, 91, 19]","[2, 26]","{""median_norm"": 1.2313298864279985, ""mad"": 0.044538819316313205, ""k"": 2.0, ""num_accepted"": 8, ""safety_keep_used"": false, ""fallback_used"": false}"
387,apra,apra_hierarchical_cluster,"[12, 36, 23, 64, 84, 91, 19]",[25],"{""best_k"": 2, ""best_score"": 0.616782546043396, ""selected_cluster"": 0, ""cluster_scores"": {""0"": 5.786654949188232, ""1"": -1.0}, ""num_trusted"": 7, ""fallback_used"": false}"
387,apra,apra_trust_weighted_clip,"[12, 36, 23, 64, 84, 91, 19]",[],"{""base_clip"": 1.0, ""trust_weights"": {""12"": 0.0533171184360981, ""36"": 0.0, ""23"": 0.18933656811714172, ""64"": 0.18933656811714172, ""84"": 0.18933656811714172, ""91"": 0.18933656811714172, ""19"": 0.18933656811714172}, ""num_aggregated"": 7}"
388,apra,apra_mad_filter,"[84, 63, 30, 90, 24, 13, 87, 40]","[2, 33]","{""median_norm"": 1.0727451479129417, ""mad"": 0.032715978591322914, ""k"": 2.0, ""num_accepted"": 8, ""safety_keep_used"": false, ""fallback_used"": false}"
388,apra,apra_hierarchical_cluster,"[84, 63, 30, 90, 24, 13, 87]",[40],"{""best_k"": 2, ""best_score"": 0.5700101852416992, ""selected_cluster"": 0, ""cluster_scores"": {""0"": 4.703195095062256, ""1"": -1.0}, ""num_trusted"": 7, ""fallback_used"": false}"
388,apra,apra_trust_weighted_clip,"[84, 63, 30, 90, 24, 13, 87]",[],"{""base_clip"": 1.0, ""trust_weights"": {""84"": 0.1666666716337204, ""63"": 0.1666666716337204, ""30"": 0.1666666716337204, ""90"": 0.1666666716337204, ""24"": 0.0, ""13"": 0.1666666716337204, ""87"": 0.1666666716337204}, ""num_aggregated"": 7}"
389,apra,apra_mad_filter,"[78, 33, 24, 5, 57, 77, 31, 62]","[1, 2]","{""median_norm"": 1.4065302491648053, ""mad"": 0.13313226677898726, ""k"": 2.0, ""num_accepted"": 8, ""safety_keep_used"": false, ""fallback_used"": false}"
389,apra,apra_hierarchical_cluster,"[78, 24, 5, 57, 77, 31]","[33, 62]","{""best_k"": 3, ""best_score"": 0.6475658416748047, ""selected_cluster"": 0, ""cluster_scores"": {""0"": 5.34552001953125, ""1"": -1.0, ""2"": -1.0}, ""num_trusted"": 6, ""fallback_used"": false}"
389,apra,apra_trust_weighted_clip,"[78, 24, 5, 57, 77, 31]",[],"{""base_clip"": 1.0, ""trust_weights"": {""78"": 0.25, ""24"": 0.0, ""5"": 0.0, ""57"": 0.25, ""77"": 0.25, ""31"": 0.25}, ""num_aggregated"": 6}"
390,apra,apra_mad_filter,"[15, 48, 84, 66, 59, 9]","[2, 80, 91, 79]","{""median_norm"": 1.158471413916157, ""mad"": 0.02601771107066575, ""k"": 2.0, ""num_accepted"": 6, ""safety_keep_used"": false, ""fallback_used"": false}"
390,apra,apra_hierarchical_cluster,"[15, 84, 66, 9]","[48, 59]","{""best_k"": 3, ""best_score"": 0.532325267791748, ""selected_cluster"": 0, ""cluster_scores"": {""0"": 3.567721128463745, ""1"": -1.0, ""2"": -1.0}, ""num_trusted"": 4, ""fallback_used"": false}"
390,apra,apra_trust_weighted_clip,"[15, 84, 66, 9]",[],"{""base_clip"": 1.0, ""trust_weights"": {""15"": 0.3333333432674408, ""84"": 0.3333333432674408, ""66"": 0.0, ""9"": 0.3333333432674408}, ""num_aggregated"": 4}"
391,apra,apra_mad_filter,"[19, 44, 7, 85, 43, 73, 18, 29, 83]",[2],"{""median_norm"": 1.1872122492763961, ""mad"": 0.06581214668789426, ""k"": 2.0, ""num_accepted"": 9, ""safety_keep_used"": false, ""fallback_used"": false}"
391,apra,apra_hierarchical_cluster,"[19, 44, 7, 43, 18, 29, 83]","[85, 73]","{""best_k"": 3, ""best_score"": 0.6067392826080322, ""selected_cluster"": 0, ""cluster_scores"": {""0"": 4.733025550842285, ""1"": -1.0, ""2"": -1.0}, ""num_trusted"": 7, ""fallback_used"": false}"
391,apra,apra_trust_weighted_clip,"[19, 44, 7, 43, 18, 29, 83]",[],"{""base_clip"": 1.0, ""trust_weights"": {""19"": 0.0, ""44"": 0.1666666716337204, ""7"": 0.1666666716337204, ""43"": 0.1666666716337204, ""18"": 0.1666666716337204, ""29"": 0.1666666716337204, ""83"": 0.1666666716337204}, ""num_aggregated"": 7}"
392,apra,apra_mad_filter,"[99, 74, 47, 46, 89, 95, 88, 63]","[0, 71]","{""median_norm"": 1.1814383073398325, ""mad"": 0.060241642655215144, ""k"": 2.0, ""num_accepted"": 8, ""safety_keep_used"": false, ""fallback_used"": false}"
392,apra,apra_hierarchical_cluster,"[99, 74, 47, 46, 89, 95, 63]",[88],"{""best_k"": 2, ""best_score"": 0.632745623588562, ""selected_cluster"": 0, ""cluster_scores"": {""0"": 3.3739399909973145, ""1"": -1.0}, ""num_trusted"": 7, ""fallback_used"": false}"
392,apra,apra_trust_weighted_clip,"[99, 74, 47, 46, 89, 95, 63]",[],"{""base_clip"": 1.0, ""trust_weights"": {""99"": 0.20000000298023224, ""74"": 0.0, ""47"": 0.0, ""46"": 0.20000000298023224, ""89"": 0.20000000298023224, ""95"": 0.20000000298023224, ""63"": 0.20000000298023224}, ""num_aggregated"": 7}"
393,apra,apra_mad_filter,"[78, 91, 29, 51, 38, 86, 24, 63, 27]",[3],"{""median_norm"": 1.3544123401672628, ""mad"": 0.11696844256252437, ""k"": 2.0, ""num_accepted"": 9, ""safety_keep_used"": false, ""fallback_used"": false}"
393,apra,apra_hierarchical_cluster,"[78, 91, 29, 38, 86, 24, 63]","[51, 27]","{""best_k"": 3, ""best_score"": 0.6321660280227661, ""selected_cluster"": 0, ""cluster_scores"": {""0"": 4.370642185211182, ""1"": -1.0, ""2"": -1.0}, ""num_trusted"": 7, ""fallback_used"": false}"
393,apra,apra_trust_weighted_clip,"[78, 91, 29, 38, 86, 24, 63]",[],"{""base_clip"": 1.0, ""trust_weights"": {""78"": 0.25399091839790344, ""91"": 0.25399091839790344, ""29"": 0.24600909650325775, ""38"": 0.0, ""86"": 0.24600909650325775, ""24"": 0.0, ""63"": 0.0}, ""num_aggregated"": 7}"
394,apra,apra_mad_filter,"[75, 45, 59, 20, 29, 67, 93, 81, 13]",[3],"{""median_norm"": 1.1667477314330612, ""mad"": 0.04930437311046476, ""k"": 2.0, ""num_accepted"": 9, ""safety_keep_used"": false, ""fallback_used"": false}"
394,apra,apra_hierarchical_cluster,"[75, 45, 29, 67, 93, 81, 13]","[59, 20]","{""best_k"": 3, ""best_score"": 0.54124516248703, ""selected_cluster"": 0, ""cluster_scores"": {""0"": 3.3221795558929443, ""1"": -1.0, ""2"": -1.0}, ""num_trusted"": 7, ""fallback_used"": false}"
394,apra,apra_trust_weighted_clip,"[75, 45, 29, 67, 93, 81, 13]",[],"{""base_clip"": 1.0, ""trust_weights"": {""75"": 0.26234719157218933, ""45"": 0.26234719157218933, ""29"": 0.2129584401845932, ""67"": 0.0, ""93"": 0.26234719157218933, ""81"": 0.0, ""13"": 0.0}, ""num_aggregated"": 7}"
395,apra,apra_mad_filter,"[10, 17, 75, 20, 11, 31, 42, 14]","[3, 88]","{""median_norm"": 1.1491029467950538, ""mad"": 0.02932144353173971, ""k"": 2.0, ""num_accepted"": 8, ""safety_keep_used"": false, ""fallback_used"": false}"
395,apra,apra_hierarchical_cluster,"[10, 17, 75, 11, 31, 42, 14]",[20],"{""best_k"": 2, ""best_score"": 0.7233846187591553, ""selected_cluster"": 0, ""cluster_scores"": {""0"": 4.79512357711792, ""1"": -1.0}, ""num_trusted"": 7, ""fallback_used"": false}"
395,apra,apra_trust_weighted_clip,"[10, 17, 75, 11, 31, 42, 14]",[],"{""base_clip"": 1.0, ""trust_weights"": {""10"": 0.0, ""17"": 0.12356458604335785, ""75"": 0.1856563240289688, ""11"": 0.1856563240289688, ""31"": 0.1856563240289688, ""42"": 0.1338101178407669, ""14"": 0.1856563240289688}, ""num_aggregated"": 7}"
396,apra,apra_mad_filter,"[85, 82, 10, 31, 84, 27, 7, 14]","[0, 4]","{""median_norm"": 1.2048431207890364, ""mad"": 0.054785754162931855, ""k"": 2.0, ""num_accepted"": 8, ""safety_keep_used"": false, ""fallback_used"": false}"
396,apra,apra_hierarchical_cluster,"[82, 10, 31, 84, 27, 7, 14]",[85],"{""best_k"": 2, ""best_score"": 0.5081005096435547, ""selected_cluster"": 0, ""cluster_scores"": {""0"": 0.46158885955810547, ""1"": -1.0}, ""num_trusted"": 7, ""fallback_used"": false}"
396,apra,apra_trust_weighted_clip,"[82, 10, 31, 84, 27, 7, 14]",[],"{""base_clip"": 1.0, ""trust_weights"": {""82"": 0.24645446240901947, ""10"": 0.0, ""31"": 0.014182120561599731, ""84"": 0.24645446240901947, ""27"": 0.24645446240901947, ""7"": 0.24645446240901947, ""14"": 0.0}, ""num_aggregated"": 7}"
397,apra,apra_mad_filter,"[43, 25, 48, 98, 87, 6, 23, 34, 52]",[3],"{""median_norm"": 1.3074287218377099, ""mad"": 0.08096264671467202, ""k"": 2.0, ""num_accepted"": 9, ""safety_keep_used"": false, ""fallback_used"": false}"
397,apra,apra_hierarchical_cluster,"[43, 25, 98, 87, 6, 23, 34, 52]",[48],"{""best_k"": 2, ""best_score"": 0.4084995687007904, ""selected_cluster"": 0, ""cluster_scores"": {""0"": 0.969234049320221, ""1"": -1.0}, ""num_trusted"": 8, ""fallback_used"": false}"
397,apra,apra_trust_weighted_clip,"[43, 25, 98, 87, 6, 23, 34, 52]",[],"{""base_clip"": 1.0, ""trust_weights"": {""43"": 0.20000000298023224, ""25"": 0.0, ""98"": 0.20000000298023224, ""87"": 0.20000000298023224, ""6"": 0.20000000298023224, ""23"": 0.20000000298023224, ""34"": 0.0, ""52"": 0.0}, ""num_aggregated"": 8}"
398,apra,apra_mad_filter,"[36, 68, 37, 92, 94, 14, 22, 28, 18]",[4],"{""median_norm"": 1.2537008865983381, ""mad"": 0.05070531651525745, ""k"": 2.0, ""num_accepted"": 9, ""safety_keep_used"": false, ""fallback_used"": false}"
398,apra,apra_hierarchical_cluster,"[36, 37, 92, 94, 14, 22, 28, 18]",[68],"{""best_k"": 2, ""best_score"": 0.5410595536231995, ""selected_cluster"": 0, ""cluster_scores"": {""0"": 0.7640244960784912, ""1"": -1.0}, ""num_trusted"": 8, ""fallback_used"": false}"
398,apra,apra_trust_weighted_clip,"[36, 37, 92, 94, 14, 22, 28, 18]",[],"{""base_clip"": 1.0, ""trust_weights"": {""36"": 0.18266385793685913, ""37"": 0.0, ""92"": 0.18266385793685913, ""94"": 0.18266385793685913, ""14"": 0.0, ""22"": 0.18266385793685913, ""28"": 0.18266385793685913, ""18"": 0.08668070286512375}, ""num_aggregated"": 8}"
399,apra,apra_mad_filter,"[24, 30, 22, 5, 72, 62, 32, 68, 97]",[1],"{""median_norm"": 1.2328077102651662, ""mad"": 0.08054159094392166, ""k"": 2.0, ""num_accepted"": 9, ""safety_keep_used"": false, ""fallback_used"": false}"
399,apra,apra_hierarchical_cluster,"[24, 30, 22, 5, 72, 32, 97]","[62, 68]","{""best_k"": 3, ""best_score"": 0.50173020362854, ""selected_cluster"": 0, ""cluster_scores"": {""0"": 3.6254851818084717, ""1"": -1.0, ""2"": -1.0}, ""num_trusted"": 7, ""fallback_used"": false}"
399,apra,apra_trust_weighted_clip,"[24, 30, 22, 5, 72, 32, 97]",[],"{""base_clip"": 1.0, ""trust_weights"": {""24"": 0.1666666716337204, ""30"": 0.1666666716337204, ""22"": 0.1666666716337204, ""5"": 0.1666666716337204, ""72"": 0.1666666716337204, ""32"": 0.1666666716337204, ""97"": 0.0}, ""num_aggregated"": 7}"
400,apra,apra_mad_filter,"[91, 61, 8, 99, 97, 98, 93, 74, 39]",[2],"{""median_norm"": 1.1248872895445579, ""mad"": 0.07520921048496876, ""k"": 2.0, ""num_accepted"": 9, ""safety_keep_used"": false, ""fallback_used"": false}"
400,apra,apra_hierarchical_cluster,"[91, 61, 99, 97, 98, 93, 39]","[8, 74]","{""best_k"": 3, ""best_score"": 0.5553622245788574, ""selected_cluster"": 0, ""cluster_scores"": {""0"": 4.303882122039795, ""1"": -1.0, ""2"": -1.0}, ""num_trusted"": 7, ""fallback_used"": false}"
400,apra,apra_trust_weighted_clip,"[91, 61, 99, 97, 98, 93, 39]",[],"{""base_clip"": 1.0, ""trust_weights"": {""91"": 0.1724482774734497, ""61"": 0.1724482774734497, ""99"": 0.1724482774734497, ""97"": 0.0, ""98"": 0.1724482774734497, ""93"": 0.13775856792926788, ""39"": 0.1724482774734497}, ""num_aggregated"": 7}"
401,apra,apra_mad_filter,"[75, 14, 32, 62, 68, 46, 72, 57]","[1, 2]","{""median_norm"": 1.2636653820187231, ""mad"": 0.11406925982386518, ""k"": 2.0, ""num_accepted"": 8, ""safety_keep_used"": false, ""fallback_used"": false}"
401,apra,apra_hierarchical_cluster,"[75, 14, 32, 62, 46, 72, 57]",[68],"{""best_k"": 2, ""best_score"": 0.7660050988197327, ""selected_cluster"": 0, ""cluster_scores"": {""0"": 5.290743350982666, ""1"": -1.0}, ""num_trusted"": 7, ""fallback_used"": false}"
401,apra,apra_trust_weighted_clip,"[75, 14, 32, 62, 46, 72, 57]",[],"{""base_clip"": 1.0, ""trust_weights"": {""75"": 0.1666666716337204, ""14"": 0.1666666716337204, ""32"": 0.1666666716337204, ""62"": 0.0, ""46"": 0.1666666716337204, ""72"": 0.1666666716337204, ""57"": 0.1666666716337204}, ""num_aggregated"": 7}"
402,apra,apra_mad_filter,"[27, 62, 80, 22, 16, 29, 15, 55, 95]",[4],"{""median_norm"": 1.2084416309397918, ""mad"": 0.0510546289466739, ""k"": 2.0, ""num_accepted"": 9, ""safety_keep_used"": false, ""fallback_used"": false}"
402,apra,apra_hierarchical_cluster,"[27, 80, 22, 16, 29, 15, 55, 95]",[62],"{""best_k"": 2, ""best_score"": 0.5018563866615295, ""selected_cluster"": 0, ""cluster_scores"": {""0"": 2.2810118198394775, ""1"": -1.0}, ""num_trusted"": 8, ""fallback_used"": false}"
402,apra,apra_trust_weighted_clip,"[27, 80, 22, 16, 29, 15, 55, 95]",[],"{""base_clip"": 1.0, ""trust_weights"": {""27"": 0.0, ""80"": 0.1428571492433548, ""22"": 0.1428571492433548, ""16"": 0.1428571492433548, ""29"": 0.1428571492433548, ""15"": 0.1428571492433548, ""55"": 0.1428571492433548, ""95"": 0.1428571492433548}, ""num_aggregated"": 8}"
403,apra,apra_mad_filter,"[24, 18, 49, 84, 7, 67, 80, 77]","[4, 0]","{""median_norm"": 1.2302321825457474, ""mad"": 0.07794893944546288, ""k"": 2.0, ""num_accepted"": 8, ""safety_keep_used"": false, ""fallback_used"": false}"
403,apra,apra_hierarchical_cluster,"[24, 18, 49, 84, 7, 80, 77]",[67],"{""best_k"": 2, ""best_score"": 0.512809693813324, ""selected_cluster"": 0, ""cluster_scores"": {""0"": 2.423630952835083, ""1"": -1.0}, ""num_trusted"": 7, ""fallback_used"": false}"
403,apra,apra_trust_weighted_clip,"[24, 18, 49, 84, 7, 80, 77]",[],"{""base_clip"": 1.0, ""trust_weights"": {""24"": 0.06346959620714188, ""18"": 0.1425248235464096, ""49"": 0.1425248235464096, ""84"": 0.0, ""7"": 0.21716025471687317, ""80"": 0.21716025471687317, ""77"": 0.21716025471687317}, ""num_aggregated"": 7}"
404,apra,apra_mad_filter,"[58, 9, 48, 14, 80, 30, 10, 70, 39]",[1],"{""median_norm"": 1.169307715844115, ""mad"": 0.05932069476752777, ""k"": 2.0, ""num_accepted"": 9, ""safety_keep_used"": false, ""fallback_used"": false}"
404,apra,apra_hierarchical_cluster,"[58, 9, 14, 80, 30, 10, 39]","[48, 70]","{""best_k"": 2, ""best_score"": 0.4788970351219177, ""selected_cluster"": 1, ""cluster_scores"": {""0"": 1.3522467613220215, ""1"": 3.968280076980591}, ""num_trusted"": 7, ""fallback_used"": false}"
404,apra,apra_trust_weighted_clip,"[58, 9, 14, 80, 30, 10, 39]",[],"{""base_clip"": 1.0, ""trust_weights"": {""58"": 0.0, ""9"": 0.23996257781982422, ""14"": 0.14005613327026367, ""80"": 0.23996257781982422, ""30"": 0.0, ""10"": 0.14005613327026367, ""39"": 0.23996257781982422}, ""num_aggregated"": 7}"
405,apra,apra_mad_filter,"[92, 77, 70, 72, 99, 32, 26, 57]","[2, 0]","{""median_norm"": 1.3366726974034244, ""mad"": 0.13124591839807387, ""k"": 2.0, ""num_accepted"": 8, ""safety_keep_used"": false, ""fallback_used"": false}"
405,apra,apra_hierarchical_cluster,"[92, 77, 70, 72, 99, 32, 57]",[26],"{""best_k"": 2, ""best_score"": 0.729249119758606, ""selected_cluster"": 0, ""cluster_scores"": {""0"": 4.802177906036377, ""1"": -1.0}, ""num_trusted"": 7, ""fallback_used"": false}"
405,apra,apra_trust_weighted_clip,"[92, 77, 70, 72, 99, 32, 57]",[],"{""base_clip"": 1.0, ""trust_weights"": {""92"": 0.0, ""77"": 0.1666666716337204, ""70"": 0.1666666716337204, ""72"": 0.1666666716337204, ""99"": 0.1666666716337204, ""32"": 0.1666666716337204, ""57"": 0.1666666716337204}, ""num_aggregated"": 7}"
406,apra,apra_mad_filter,"[84, 57, 95, 30, 70, 16, 13, 29, 27]",[2],"{""median_norm"": 1.0990699959059445, ""mad"": 0.03334726502258545, ""k"": 2.0, ""num_accepted"": 9, ""safety_keep_used"": false, ""fallback_used"": false}"
406,apra,apra_hierarchical_cluster,"[84, 57, 95, 30, 70, 16, 13, 29]",[27],"{""best_k"": 2, ""best_score"": 0.4912019371986389, ""selected_cluster"": 0, ""cluster_scores"": {""0"": 1.9786078929901123, ""1"": -1.0}, ""num_trusted"": 8, ""fallback_used"": false}"
406,apra,apra_trust_weighted_clip,"[84, 57, 95, 30, 70, 16, 13, 29]",[],"{""base_clip"": 1.0, ""trust_weights"": {""84"": 0.0, ""57"": 0.1873568445444107, ""95"": 0.1873568445444107, ""30"": 0.1873568445444107, ""70"": 0.06321580708026886, ""16"": 0.1873568445444107, ""13"": 0.0, ""29"": 0.1873568445444107}, ""num_aggregated"": 8}"
407,apra,apra_mad_filter,"[74, 35, 51, 22, 40, 47]","[3, 8, 86, 33]","{""median_norm"": 1.26781983638172, ""mad"": 0.07057916651093776, ""k"": 2.0, ""num_accepted"": 6, ""safety_keep_used"": false, ""fallback_used"": false}"
407,apra,apra_hierarchical_cluster,"[74, 51, 22, 40, 47]",[35],"{""best_k"": 2, ""best_score"": 0.48680511116981506, ""selected_cluster"": 0, ""cluster_scores"": {""0"": 2.84196138381958, ""1"": -1.0}, ""num_trusted"": 5, ""fallback_used"": false}"
407,apra,apra_trust_weighted_clip,"[74, 51, 22, 40, 47]",[],"{""base_clip"": 1.0, ""trust_weights"": {""74"": 0.0, ""51"": 0.3333333432674408, ""22"": 0.3333333432674408, ""40"": 0.3333333432674408, ""47"": 0.0}, ""num_aggregated"": 5}"
408,apra,apra_mad_filter,"[40, 57, 63, 42, 30, 46, 84]","[2, 4, 1]","{""median_norm"": 1.1790119485561084, ""mad"": 0.056200918210853046, ""k"": 2.0, ""num_accepted"": 7, ""safety_keep_used"": false, ""fallback_used"": false}"
408,apra,apra_hierarchical_cluster,"[57, 63, 42, 30, 46, 84]",[40],"{""best_k"": 2, ""best_score"": 0.37191346287727356, ""selected_cluster"": 0, ""cluster_scores"": {""0"": 2.6856884956359863, ""1"": -1.0}, ""num_trusted"": 6, ""fallback_used"": false}"
408,apra,apra_trust_weighted_clip,"[57, 63, 42, 30, 46, 84]",[],"{""base_clip"": 1.0, ""trust_weights"": {""57"": 0.0, ""63"": 0.2040456086397171, ""42"": 0.2040456086397171, ""30"": 0.19393157958984375, ""46"": 0.2040456086397171, ""84"": 0.19393157958984375}, ""num_aggregated"": 6}"
409,apra,apra_mad_filter,"[67, 17, 27, 34, 93, 13, 86, 16]","[4, 71]","{""median_norm"": 1.1801897844392926, ""mad"": 0.0697713268973188, ""k"": 2.0, ""num_accepted"": 8, ""safety_keep_used"": false, ""fallback_used"": false}"
409,apra,apra_hierarchical_cluster,"[67, 17, 34, 93, 13, 86, 16]",[27],"{""best_k"": 2, ""best_score"": 0.5790070295333862, ""selected_cluster"": 0, ""cluster_scores"": {""0"": 2.6432723999023438, ""1"": -1.0}, ""num_trusted"": 7, ""fallback_used"": false}"
409,apra,apra_trust_weighted_clip,"[67, 17, 34, 93, 13, 86, 16]",[],"{""base_clip"": 1.0, ""trust_weights"": {""67"": 0.2034568339586258, ""17"": 0.11996228247880936, ""34"": 0.029952021315693855, ""93"": 0.2633332908153534, ""13"": 0.2633332908153534, ""86"": 0.0, ""16"": 0.11996228247880936}, ""num_aggregated"": 7}"
410,apra,apra_mad_filter,"[86, 72, 23, 73, 84, 96, 30, 67]","[4, 3]","{""median_norm"": 1.4323605973414355, ""mad"": 0.10446786904366179, ""k"": 2.0, ""num_accepted"": 8, ""safety_keep_used"": false, ""fallback_used"": false}"
410,apra,apra_hierarchical_cluster,"[86, 72, 23, 84, 96, 30, 67]",[73],"{""best_k"": 2, ""best_score"": 0.4850516617298126, ""selected_cluster"": 0, ""cluster_scores"": {""0"": 0.8042538166046143, ""1"": -1.0}, ""num_trusted"": 7, ""fallback_used"": false}"
410,apra,apra_trust_weighted_clip,"[86, 72, 23, 84, 96, 30, 67]",[],"{""base_clip"": 1.0, ""trust_weights"": {""86"": 0.3336924910545349, ""72"": 0.3326150178909302, ""23"": 0.0, ""84"": 0.3336924910545349, ""96"": 0.0, ""30"": 0.0, ""67"": 0.0}, ""num_aggregated"": 7}"
411,apra,apra_mad_filter,"[8, 18, 94, 69, 36, 63, 62, 76]","[2, 71]","{""median_norm"": 1.1441989204106866, ""mad"": 0.07704202349640021, ""k"": 2.0, ""num_accepted"": 8, ""safety_keep_used"": false, ""fallback_used"": false}"
411,apra,apra_hierarchical_cluster,"[8, 18, 94, 69, 36, 63, 62]",[76],"{""best_k"": 2, ""best_score"": 0.6499474048614502, ""selected_cluster"": 0, ""cluster_scores"": {""0"": 3.6823830604553223, ""1"": -1.0}, ""num_trusted"": 7, ""fallback_used"": false}"
411,apra,apra_trust_weighted_clip,"[8, 18, 94, 69, 36, 63, 62]",[],"{""base_clip"": 1.0, ""trust_weights"": {""8"": 0.1669742912054062, ""18"": 0.0, ""94"": 0.16512857377529144, ""69"": 0.1669742912054062, ""36"": 0.1669742912054062, ""63"": 0.1669742912054062, ""62"": 0.1669742912054062}, ""num_aggregated"": 7}"
412,apra,apra_mad_filter,"[44, 66, 63, 95, 46, 29, 60, 9, 48]",[1],"{""median_norm"": 1.3108227738036207, ""mad"": 0.05295901229351274, ""k"": 2.0, ""num_accepted"": 9, ""safety_keep_used"": false, ""fallback_used"": false}"
412,apra,apra_hierarchical_cluster,"[66, 63, 95, 46, 29, 60, 9, 48]",[44],"{""best_k"": 2, ""best_score"": 0.5660995244979858, ""selected_cluster"": 0, ""cluster_scores"": {""0"": 3.320328712463379, ""1"": -1.0}, ""num_trusted"": 8, ""fallback_used"": false}"
412,apra,apra_trust_weighted_clip,"[66, 63, 95, 46, 29, 60, 9, 48]",[],"{""base_clip"": 1.0, ""trust_weights"": {""66"": 0.0, ""63"": 0.1666666716337204, ""95"": 0.1666666716337204, ""46"": 0.1666666716337204, ""29"": 0.1666666716337204, ""60"": 0.1666666716337204, ""9"": 0.1666666716337204, ""48"": 0.0}, ""num_aggregated"": 8}"
413,apra,apra_mad_filter,"[99, 38, 13, 42, 31, 28, 96, 5, 58]",[3],"{""median_norm"": 1.1513867688184782, ""mad"": 0.09411692932050375, ""k"": 2.0, ""num_accepted"": 9, ""safety_keep_used"": false, ""fallback_used"": false}"
413,apra,apra_hierarchical_cluster,"[99, 38, 13, 42, 31, 28, 5, 58]",[96],"{""best_k"": 2, ""best_score"": 0.40368643403053284, ""selected_cluster"": 0, ""cluster_scores"": {""0"": 0.5592684745788574, ""1"": -1.0}, ""num_trusted"": 8, ""fallback_used"": false}"
413,apra,apra_trust_weighted_clip,"[99, 38, 13, 42, 31, 28, 5, 58]",[],"{""base_clip"": 1.0, ""trust_weights"": {""99"": 0.1609339565038681, ""38"": 0.1609339565038681, ""13"": 0.10034431517124176, ""42"": 0.1609339565038681, ""31"": 0.15557558834552765, ""28"": 0.10034431517124176, ""5"": 0.0, ""58"": 0.1609339565038681}, ""num_aggregated"": 8}"
414,apra,apra_mad_filter,"[49, 53, 54, 88, 64, 8, 83, 85, 90]",[0],"{""median_norm"": 1.234688314279448, ""mad"": 0.08870826275295618, ""k"": 2.0, ""num_accepted"": 9, ""safety_keep_used"": false, ""fallback_used"": false}"
414,apra,apra_hierarchical_cluster,"[49, 53, 54, 88, 64, 8, 83, 90]",[85],"{""best_k"": 2, ""best_score"": 0.47486767172813416, ""selected_cluster"": 0, ""cluster_scores"": {""0"": 2.0178065299987793, ""1"": -1.0}, ""num_trusted"": 8, ""fallback_used"": false}"
414,apra,apra_trust_weighted_clip,"[49, 53, 54, 88, 64, 8, 83, 90]",[],"{""base_clip"": 1.0, ""trust_weights"": {""49"": 0.1701357066631317, ""53"": 0.1701357066631317, ""54"": 0.0, ""88"": 0.0, ""64"": 0.14932142198085785, ""8"": 0.1701357066631317, ""83"": 0.1701357066631317, ""90"": 0.1701357066631317}, ""num_aggregated"": 8}"
415,apra,apra_mad_filter,"[28, 98, 30, 12, 13, 74, 9, 92, 56]",[3],"{""median_norm"": 1.235288125902736, ""mad"": 0.0723712486649386, ""k"": 2.0, ""num_accepted"": 9, ""safety_keep_used"": false, ""fallback_used"": false}"
415,apra,apra_hierarchical_cluster,"[28, 98, 30, 12, 13, 9, 92, 56]",[74],"{""best_k"": 2, ""best_score"": 0.5375421047210693, ""selected_cluster"": 0, ""cluster_scores"": {""0"": 2.603454828262329, ""1"": -1.0}, ""num_trusted"": 8, ""fallback_used"": false}"
415,apra,apra_trust_weighted_clip,"[28, 98, 30, 12, 13, 9, 92, 56]",[],"{""base_clip"": 1.0, ""trust_weights"": {""28"": 0.20000000298023224, ""98"": 0.0, ""30"": 0.20000000298023224, ""12"": 0.20000000298023224, ""13"": 0.0, ""9"": 0.20000000298023224, ""92"": 0.0, ""56"": 0.20000000298023224}, ""num_aggregated"": 8}"
416,apra,apra_mad_filter,"[14, 76, 43, 44, 96, 29, 77, 32]","[0, 4]","{""median_norm"": 1.35944367670072, ""mad"": 0.15095982591500834, ""k"": 2.0, ""num_accepted"": 8, ""safety_keep_used"": false, ""fallback_used"": false}"
416,apra,apra_hierarchical_cluster,"[14, 76, 43, 96, 29, 77, 32]",[44],"{""best_k"": 2, ""best_score"": 0.676993727684021, ""selected_cluster"": 0, ""cluster_scores"": {""0"": 3.7803423404693604, ""1"": -1.0}, ""num_trusted"": 7, ""fallback_used"": false}"
416,apra,apra_trust_weighted_clip,"[14, 76, 43, 96, 29, 77, 32]",[],"{""base_clip"": 1.0, ""trust_weights"": {""14"": 0.1927870362997055, ""76"": 0.0, ""43"": 0.1927870362997055, ""96"": 0.1927870362997055, ""29"": 0.1927870362997055, ""77"": 0.1927870362997055, ""32"": 0.03606483340263367}, ""num_aggregated"": 7}"
417,apra,apra_mad_filter,"[27, 93, 15, 25, 33, 88, 8, 30, 63]",[3],"{""median_norm"": 1.180308591340955, ""mad"": 0.09309091387927271, ""k"": 2.0, ""num_accepted"": 9, ""safety_keep_used"": false, ""fallback_used"": false}"
417,apra,apra_hierarchical_cluster,"[27, 93, 15, 25, 8, 30, 63]","[33, 88]","{""best_k"": 3, ""best_score"": 0.5303452610969543, ""selected_cluster"": 0, ""cluster_scores"": {""0"": 3.343944549560547, ""1"": -1.0, ""2"": -1.0}, ""num_trusted"": 7, ""fallback_used"": false}"
417,apra,apra_trust_weighted_clip,"[27, 93, 15, 25, 8, 30, 63]",[],"{""base_clip"": 1.0, ""trust_weights"": {""27"": 0.0, ""93"": 0.10674041509628296, ""15"": 0.17865191400051117, ""25"": 0.17865191400051117, ""8"": 0.17865191400051117, ""30"": 0.17865191400051117, ""63"": 0.17865191400051117}, ""num_aggregated"": 7}"
418,apra,apra_mad_filter,"[80, 10, 60, 28, 63, 81, 84]","[3, 1, 74]","{""median_norm"": 1.189322496205893, ""mad"": 0.026405663749755615, ""k"": 2.0, ""num_accepted"": 7, ""safety_keep_used"": false, ""fallback_used"": false}"
418,apra,apra_hierarchical_cluster,"[10, 60, 81, 84]","[80, 28, 63]","{""best_k"": 2, ""best_score"": 0.5436059832572937, ""selected_cluster"": 1, ""cluster_scores"": {""0"": 2.851691484451294, ""1"": 3.635282516479492}, ""num_trusted"": 4, ""fallback_used"": false}"
418,apra,apra_trust_weighted_clip,"[10, 60, 81, 84]",[],"{""base_clip"": 1.0, ""trust_weights"": {""10"": 0.3969506025314331, ""60"": 0.3969506025314331, ""81"": 0.206098735332489, ""84"": 0.0}, ""num_aggregated"": 4}"
419,apra,apra_mad_filter,"[54, 13, 69, 75, 18, 7, 37]","[1, 4, 2]","{""median_norm"": 1.2355680793099124, ""mad"": 0.0636955248347888, ""k"": 2.0, ""num_accepted"": 7, ""safety_keep_used"": false, ""fallback_used"": false}"
419,apra,apra_hierarchical_cluster,"[13, 69, 75, 18, 7, 37]",[54],"{""best_k"": 2, ""best_score"": 0.5966474413871765, ""selected_cluster"": 0, ""cluster_scores"": {""0"": 1.8896682262420654, ""1"": -1.0}, ""num_trusted"": 6, ""fallback_used"": false}"
419,apra,apra_trust_weighted_clip,"[13, 69, 75, 18, 7, 37]",[],"{""base_clip"": 1.0, ""trust_weights"": {""13"": 0.0, ""69"": 0.20000000298023224, ""75"": 0.20000000298023224, ""18"": 0.20000000298023224, ""7"": 0.20000000298023224, ""37"": 0.20000000298023224}, ""num_aggregated"": 6}"
420,apra,apra_mad_filter,"[67, 17, 6, 62, 19, 13, 51, 24, 35]",[2],"{""median_norm"": 1.2506555719246621, ""mad"": 0.07492514378888027, ""k"": 2.0, ""num_accepted"": 9, ""safety_keep_used"": false, ""fallback_used"": false}"
420,apra,apra_hierarchical_cluster,"[67, 17, 6, 62, 19, 13, 51, 24]",[35],"{""best_k"": 2, ""best_score"": 0.7081890106201172, ""selected_cluster"": 0, ""cluster_scores"": {""0"": 4.28356409072876, ""1"": -1.0}, ""num_trusted"": 8, ""fallback_used"": false}"
420,apra,apra_trust_weighted_clip,"[67, 17, 6, 62, 19, 13, 51, 24]",[],"{""base_clip"": 1.0, ""trust_weights"": {""67"": 0.1428571492433548, ""17"": 0.1428571492433548, ""6"": 0.1428571492433548, ""62"": 0.0, ""19"": 0.1428571492433548, ""13"": 0.1428571492433548, ""51"": 0.1428571492433548, ""24"": 0.1428571492433548}, ""num_aggregated"": 8}"
421,apra,apra_mad_filter,"[89, 39, 17, 56, 62, 32, 19]","[3, 72, 35]","{""median_norm"": 1.112667889725965, ""mad"": 0.059566837833688546, ""k"": 2.0, ""num_accepted"": 7, ""safety_keep_used"": false, ""fallback_used"": false}"
421,apra,apra_hierarchical_cluster,"[89, 39, 17, 56, 32, 19]",[62],"{""best_k"": 2, ""best_score"": 0.6885380744934082, ""selected_cluster"": 0, ""cluster_scores"": {""0"": 5.358097076416016, ""1"": -1.0}, ""num_trusted"": 6, ""fallback_used"": false}"
421,apra,apra_trust_weighted_clip,"[89, 39, 17, 56, 32, 19]",[],"{""base_clip"": 1.0, ""trust_weights"": {""89"": 0.0, ""39"": 0.0, ""17"": 0.0, ""56"": 0.3426806628704071, ""32"": 0.314638614654541, ""19"": 0.3426806628704071}, ""num_aggregated"": 6}"
422,apra,apra_mad_filter,"[42, 8, 99, 55, 43, 18, 74, 85, 78]",[2],"{""median_norm"": 1.2015171492233927, ""mad"": 0.07067771082857288, ""k"": 2.0, ""num_accepted"": 9, ""safety_keep_used"": false, ""fallback_used"": false}"
422,apra,apra_hierarchical_cluster,"[42, 8, 99, 55, 43, 18, 85, 78]",[74],"{""best_k"": 2, ""best_score"": 0.5609458684921265, ""selected_cluster"": 0, ""cluster_scores"": {""0"": 2.4056272506713867, ""1"": -1.0}, ""num_trusted"": 8, ""fallback_used"": false}"
422,apra,apra_trust_weighted_clip,"[42, 8, 99, 55, 43, 18, 85, 78]",[],"{""base_clip"": 1.0, ""trust_weights"": {""42"": 0.25, ""8"": 0.25, ""99"": 0.25, ""55"": 0.0, ""43"": 0.25, ""18"": 0.0, ""85"": 0.0, ""78"": 0.0}, ""num_aggregated"": 8}"
423,apra,apra_mad_filter,"[43, 92, 29, 50, 57, 80, 82, 16, 17]",[0],"{""median_norm"": 1.2837810768128588, ""mad"": 0.06440211004820706, ""k"": 2.0, ""num_accepted"": 9, ""safety_keep_used"": false, ""fallback_used"": false}"
423,apra,apra_hierarchical_cluster,"[43, 29, 57, 80, 82, 16, 17]","[92, 50]","{""best_k"": 3, ""best_score"": 0.5964298248291016, ""selected_cluster"": 0, ""cluster_scores"": {""0"": 3.4456939697265625, ""1"": -1.0, ""2"": -1.0}, ""num_trusted"": 7, ""fallback_used"": false}"
423,apra,apra_trust_weighted_clip,"[43, 29, 57, 80, 82, 16, 17]",[],"{""base_clip"": 1.0, ""trust_weights"": {""43"": 0.18309709429740906, ""29"": 0.0, ""57"": 0.18309709429740906, ""80"": 0.18309709429740906, ""82"": 0.08451450616121292, ""16"": 0.18309709429740906, ""17"": 0.18309709429740906}, ""num_aggregated"": 7}"
424,apra,apra_mad_filter,"[58, 21, 96, 94, 5, 80, 45, 62, 71]",[0],"{""median_norm"": 1.2663375429839225, ""mad"": 0.09383415683993368, ""k"": 2.0, ""num_accepted"": 9, ""safety_keep_used"": false, ""fallback_used"": false}"
424,apra,apra_hierarchical_cluster,"[58, 21, 96, 94, 5, 80, 45, 62]",[71],"{""best_k"": 2, ""best_score"": 0.5710504055023193, ""selected_cluster"": 0, ""cluster_scores"": {""0"": 2.7945706844329834, ""1"": -1.0}, ""num_trusted"": 8, ""fallback_used"": false}"
424,apra,apra_trust_weighted_clip,"[58, 21, 96, 94, 5, 80, 45, 62]",[],"{""base_clip"": 1.0, ""trust_weights"": {""58"": 0.1666666716337204, ""21"": 0.1666666716337204, ""96"": 0.0, ""94"": 0.1666666716337204, ""5"": 0.1666666716337204, ""80"": 0.1666666716337204, ""45"": 0.1666666716337204, ""62"": 0.0}, ""num_aggregated"": 8}"
425,apra,apra_mad_filter,"[30, 41, 90, 42, 69, 13, 73]","[4, 2, 1]","{""median_norm"": 1.1566347810678628, ""mad"": 0.10864461871085596, ""k"": 2.0, ""num_accepted"": 7, ""safety_keep_used"": false, ""fallback_used"": false}"
425,apra,apra_hierarchical_cluster,"[30, 41, 90, 42, 69, 13]",[73],"{""best_k"": 2, ""best_score"": 0.5502052307128906, ""selected_cluster"": 0, ""cluster_scores"": {""0"": 2.455562114715576, ""1"": -1.0}, ""num_trusted"": 6, ""fallback_used"": false}"
425,apra,apra_trust_weighted_clip,"[30, 41, 90, 42, 69, 13]",[],"{""base_clip"": 1.0, ""trust_weights"": {""30"": 0.21043655276298523, ""41"": 0.0, ""90"": 0.21043655276298523, ""42"": 0.21043655276298523, ""69"": 0.15825380384922028, ""13"": 0.21043655276298523}, ""num_aggregated"": 6}"
426,apra,apra_mad_filter,"[97, 54, 70, 34, 36, 42, 56, 91]","[4, 96]","{""median_norm"": 1.2680404192089378, ""mad"": 0.03842576407691267, ""k"": 2.0, ""num_accepted"": 8, ""safety_keep_used"": false, ""fallback_used"": false}"
426,apra,apra_hierarchical_cluster,"[97, 70, 34, 36, 42, 56, 91]",[54],"{""best_k"": 2, ""best_score"": 0.5797181129455566, ""selected_cluster"": 0, ""cluster_scores"": {""0"": 3.0593929290771484, ""1"": -1.0}, ""num_trusted"": 7, ""fallback_used"": false}"
426,apra,apra_trust_weighted_clip,"[97, 70, 34, 36, 42, 56, 91]",[],"{""base_clip"": 1.0, ""trust_weights"": {""97"": 0.1666666716337204, ""70"": 0.1666666716337204, ""34"": 0.0, ""36"": 0.1666666716337204, ""42"": 0.1666666716337204, ""56"": 0.1666666716337204, ""91"": 0.1666666716337204}, ""num_aggregated"": 7}"
427,apra,apra_mad_filter,"[90, 93, 69, 11, 94, 58, 34, 38]","[3, 96]","{""median_norm"": 1.2071315784136716, ""mad"": 0.04006713536635875, ""k"": 2.0, ""num_accepted"": 8, ""safety_keep_used"": false, ""fallback_used"": false}"
427,apra,apra_hierarchical_cluster,"[90, 93, 69, 11, 38]","[94, 58, 34]","{""best_k"": 3, ""best_score"": 0.34969329833984375, ""selected_cluster"": 0, ""cluster_scores"": {""0"": 2.661794662475586, ""1"": 1.8736214637756348, ""2"": -1.0}, ""num_trusted"": 5, ""fallback_used"": false}"
427,apra,apra_trust_weighted_clip,"[90, 93, 69, 11, 38]",[],"{""base_clip"": 1.0, ""trust_weights"": {""90"": 0.0, ""93"": 0.3333333432674408, ""69"": 0.0, ""11"": 0.3333333432674408, ""38"": 0.3333333432674408}, ""num_aggregated"": 5}"
428,apra,apra_mad_filter,"[5, 41, 34, 8, 82, 47, 11, 48, 89]",[1],"{""median_norm"": 1.1919533788896284, ""mad"": 0.07122530861278775, ""k"": 2.0, ""num_accepted"": 9, ""safety_keep_used"": false, ""fallback_used"": false}"
428,apra,apra_hierarchical_cluster,"[5, 41, 34, 8, 82, 11, 48, 89]",[47],"{""best_k"": 2, ""best_score"": 0.5825697779655457, ""selected_cluster"": 0, ""cluster_scores"": {""0"": 3.961604118347168, ""1"": -1.0}, ""num_trusted"": 8, ""fallback_used"": false}"
428,apra,apra_trust_weighted_clip,"[5, 41, 34, 8, 82, 11, 48, 89]",[],"{""base_clip"": 1.0, ""trust_weights"": {""5"": 0.22369447350502014, ""41"": 0.0, ""34"": 0.27630552649497986, ""8"": 0.0, ""82"": 0.0, ""11"": 0.22369447350502014, ""48"": 0.0, ""89"": 0.27630552649497986}, ""num_aggregated"": 8}"
429,apra,apra_mad_filter,"[62, 36, 73, 23, 15, 94]","[2, 54, 1, 7]","{""median_norm"": 1.2868009380129801, ""mad"": 0.026577678165847773, ""k"": 2.0, ""num_accepted"": 6, ""safety_keep_used"": false, ""fallback_used"": false}"
429,apra,apra_hierarchical_cluster,"[36, 73, 23, 15, 94]",[62],"{""best_k"": 2, ""best_score"": 0.6272737979888916, ""selected_cluster"": 0, ""cluster_scores"": {""0"": 3.2449984550476074, ""1"": -1.0}, ""num_trusted"": 5, ""fallback_used"": false}"
429,apra,apra_trust_weighted_clip,"[36, 73, 23, 15, 94]",[],"{""base_clip"": 1.0, ""trust_weights"": {""36"": 0.25, ""73"": 0.25, ""23"": 0.0, ""15"": 0.25, ""94"": 0.25}, ""num_aggregated"": 5}"
430,apra,apra_mad_filter,"[83, 64, 41, 77, 95, 87, 32, 5]","[3, 4]","{""median_norm"": 1.2063238616035388, ""mad"": 0.08520197912907512, ""k"": 2.0, ""num_accepted"": 8, ""safety_keep_used"": false, ""fallback_used"": false}"
430,apra,apra_hierarchical_cluster,"[83, 64, 77, 95, 87, 32, 5]",[41],"{""best_k"": 2, ""best_score"": 0.6194508075714111, ""selected_cluster"": 0, ""cluster_scores"": {""0"": 3.781975269317627, ""1"": -1.0}, ""num_trusted"": 7, ""fallback_used"": false}"
430,apra,apra_trust_weighted_clip,"[83, 64, 77, 95, 87, 32, 5]",[],"{""base_clip"": 1.0, ""trust_weights"": {""83"": 0.0, ""64"": 0.25, ""77"": 0.25, ""95"": 0.25, ""87"": 0.0, ""32"": 0.25, ""5"": 0.0}, ""num_aggregated"": 7}"
431,apra,apra_mad_filter,"[29, 33, 81, 11, 39, 5, 45, 95, 69]",[0],"{""median_norm"": 1.1999010206473435, ""mad"": 0.10071685216742032, ""k"": 2.0, ""num_accepted"": 9, ""safety_keep_used"": false, ""fallback_used"": false}"
431,apra,apra_hierarchical_cluster,"[29, 81, 11, 39, 5, 45, 95, 69]",[33],"{""best_k"": 2, ""best_score"": 0.7250710129737854, ""selected_cluster"": 0, ""cluster_scores"": {""0"": 4.126508712768555, ""1"": -1.0}, ""num_trusted"": 8, ""fallback_used"": false}"
431,apra,apra_trust_weighted_clip,"[29, 81, 11, 39, 5, 45, 95, 69]",[],"{""base_clip"": 1.0, ""trust_weights"": {""29"": 0.1428571492433548, ""81"": 0.1428571492433548, ""11"": 0.1428571492433548, ""39"": 0.1428571492433548, ""5"": 0.1428571492433548, ""45"": 0.0, ""95"": 0.1428571492433548, ""69"": 0.1428571492433548}, ""num_aggregated"": 8}"
432,apra,apra_mad_filter,"[50, 81, 62, 74, 10, 33, 35, 56]","[0, 3]","{""median_norm"": 1.2511216813968526, ""mad"": 0.12325828166135167, ""k"": 2.0, ""num_accepted"": 8, ""safety_keep_used"": false, ""fallback_used"": false}"
432,apra,apra_hierarchical_cluster,"[50, 81, 62, 74, 10, 33, 56]",[35],"{""best_k"": 2, ""best_score"": 0.5644886493682861, ""selected_cluster"": 0, ""cluster_scores"": {""0"": 2.54315185546875, ""1"": -1.0}, ""num_trusted"": 7, ""fallback_used"": false}"
432,apra,apra_trust_weighted_clip,"[50, 81, 62, 74, 10, 33, 56]",[],"{""base_clip"": 1.0, ""trust_weights"": {""50"": 0.20000000298023224, ""81"": 0.20000000298023224, ""62"": 0.0, ""74"": 0.20000000298023224, ""10"": 0.20000000298023224, ""33"": 0.0, ""56"": 0.20000000298023224}, ""num_aggregated"": 7}"
433,apra,apra_mad_filter,"[40, 67, 33, 7, 6, 38, 5]","[2, 0, 1]","{""median_norm"": 1.3745466533193869, ""mad"": 0.20723220541560083, ""k"": 2.0, ""num_accepted"": 7, ""safety_keep_used"": false, ""fallback_used"": false}"
433,apra,apra_hierarchical_cluster,"[40, 67, 7, 6, 38, 5]",[33],"{""best_k"": 2, ""best_score"": 0.7865678071975708, ""selected_cluster"": 0, ""cluster_scores"": {""0"": 5.572211742401123, ""1"": -1.0}, ""num_trusted"": 6, ""fallback_used"": false}"
433,apra,apra_trust_weighted_clip,"[40, 67, 7, 6, 38, 5]",[],"{""base_clip"": 1.0, ""trust_weights"": {""40"": 0.20000000298023224, ""67"": 0.20000000298023224, ""7"": 0.20000000298023224, ""6"": 0.20000000298023224, ""38"": 0.20000000298023224, ""5"": 0.0}, ""num_aggregated"": 6}"
434,apra,apra_mad_filter,"[38, 92, 53, 33, 46, 80, 60, 50, 68]",[0],"{""median_norm"": 1.275493265639732, ""mad"": 0.09587204367444169, ""k"": 2.0, ""num_accepted"": 9, ""safety_keep_used"": false, ""fallback_used"": false}"
434,apra,apra_hierarchical_cluster,"[38, 92, 53, 46, 80, 60, 50, 68]",[33],"{""best_k"": 2, ""best_score"": 0.6021894216537476, ""selected_cluster"": 0, ""cluster_scores"": {""0"": 3.299994945526123, ""1"": -1.0}, ""num_trusted"": 8, ""fallback_used"": false}"
434,apra,apra_trust_weighted_clip,"[38, 92, 53, 46, 80, 60, 50, 68]",[],"{""base_clip"": 1.0, ""trust_weights"": {""38"": 0.17158061265945435, ""92"": 0.0, ""53"": 0.17158061265945435, ""46"": 0.17158061265945435, ""80"": 0.17158061265945435, ""60"": 0.17158061265945435, ""50"": 0.1420968621969223, ""68"": 0.0}, ""num_aggregated"": 8}"
435,apra,apra_mad_filter,"[38, 94, 69, 57, 45, 22, 47, 53]","[1, 3]","{""median_norm"": 1.3047925350687613, ""mad"": 0.04673195083426196, ""k"": 2.0, ""num_accepted"": 8, ""safety_keep_used"": false, ""fallback_used"": false}"
435,apra,apra_hierarchical_cluster,"[38, 94, 69, 57, 45, 22, 53]",[47],"{""best_k"": 2, ""best_score"": 0.6576533913612366, ""selected_cluster"": 0, ""cluster_scores"": {""0"": 2.638366937637329, ""1"": -1.0}, ""num_trusted"": 7, ""fallback_used"": false}"
435,apra,apra_trust_weighted_clip,"[38, 94, 69, 57, 45, 22, 53]",[],"{""base_clip"": 1.0, ""trust_weights"": {""38"": 0.08396114408969879, ""94"": 0.18320778012275696, ""69"": 0.18320778012275696, ""57"": 0.18320778012275696, ""45"": 0.18320778012275696, ""22"": 0.0, ""53"": 0.18320778012275696}, ""num_aggregated"": 7}"
436,apra,apra_mad_filter,"[75, 78, 19, 37, 51, 55, 18, 41]","[2, 71]","{""median_norm"": 1.1828711394958475, ""mad"": 0.08915985597550147, ""k"": 2.0, ""num_accepted"": 8, ""safety_keep_used"": false, ""fallback_used"": false}"
436,apra,apra_hierarchical_cluster,"[75, 78, 19, 37, 55, 18]","[51, 41]","{""best_k"": 3, ""best_score"": 0.6106724143028259, ""selected_cluster"": 0, ""cluster_scores"": {""0"": 3.813927412033081, ""1"": -1.0, ""2"": -1.0}, ""num_trusted"": 6, ""fallback_used"": false}"
436,apra,apra_trust_weighted_clip,"[75, 78, 19, 37, 55, 18]",[],"{""base_clip"": 1.0, ""trust_weights"": {""75"": 0.0, ""78"": 0.20000000298023224, ""19"": 0.20000000298023224, ""37"": 0.20000000298023224, ""55"": 0.20000000298023224, ""18"": 0.20000000298023224}, ""num_aggregated"": 6}"
437,apra,apra_mad_filter,"[55, 8, 11, 25, 6, 61, 78]","[3, 68, 90]","{""median_norm"": 1.1035178260180096, ""mad"": 0.036091749215726554, ""k"": 2.0, ""num_accepted"": 7, ""safety_keep_used"": false, ""fallback_used"": false}"
437,apra,apra_hierarchical_cluster,"[55, 11, 25, 6, 61, 78]",[8],"{""best_k"": 2, ""best_score"": 0.5316964983940125, ""selected_cluster"": 0, ""cluster_scores"": {""0"": 1.028018593788147, ""1"": -1.0}, ""num_trusted"": 6, ""fallback_used"": false}"
437,apra,apra_trust_weighted_clip,"[55, 11, 25, 6, 61, 78]",[],"{""base_clip"": 1.0, ""trust_weights"": {""55"": 0.0, ""11"": 0.2351498007774353, ""25"": 0.0594007633626461, ""6"": 0.2351498007774353, ""61"": 0.2351498007774353, ""78"": 0.2351498007774353}, ""num_aggregated"": 6}"
438,apra,apra_mad_filter,"[95, 11, 12, 65, 15, 22, 86, 14, 50]",[2],"{""median_norm"": 1.23937024069469, ""mad"": 0.05633909824147598, ""k"": 2.0, ""num_accepted"": 9, ""safety_keep_used"": false, ""fallback_used"": false}"
438,apra,apra_hierarchical_cluster,"[95, 11, 12, 65, 15, 22, 86, 14]",[50],"{""best_k"": 2, ""best_score"": 0.54081130027771, ""selected_cluster"": 0, ""cluster_scores"": {""0"": 2.4093892574310303, ""1"": -1.0}, ""num_trusted"": 8, ""fallback_used"": false}"
438,apra,apra_trust_weighted_clip,"[95, 11, 12, 65, 15, 22, 86, 14]",[],"{""base_clip"": 1.0, ""trust_weights"": {""95"": 0.2679442763328552, ""11"": 0.2679442763328552, ""12"": 0.0, ""65"": 0.0, ""15"": 0.23205572366714478, ""22"": 0.23205572366714478, ""86"": 0.0, ""14"": 0.0}, ""num_aggregated"": 8}"
439,apra,apra_mad_filter,"[23, 88, 85, 48, 72, 87, 16, 73]","[2, 8]","{""median_norm"": 1.2402132957999346, ""mad"": 0.0553432152025658, ""k"": 2.0, ""num_accepted"": 8, ""safety_keep_used"": false, ""fallback_used"": false}"
439,apra,apra_hierarchical_cluster,"[23, 85, 48, 72, 87, 16, 73]",[88],"{""best_k"": 2, ""best_score"": 0.5579155683517456, ""selected_cluster"": 0, ""cluster_scores"": {""0"": 1.1439425945281982, ""1"": -1.0}, ""num_trusted"": 7, ""fallback_used"": false}"
439,apra,apra_trust_weighted_clip,"[23, 85, 48, 72, 87, 16, 73]",[],"{""base_clip"": 1.0, ""trust_weights"": {""23"": 0.1666666716337204, ""85"": 0.1666666716337204, ""48"": 0.1666666716337204, ""72"": 0.1666666716337204, ""87"": 0.1666666716337204, ""16"": 0.0, ""73"": 0.1666666716337204}, ""num_aggregated"": 7}"
440,apra,apra_mad_filter,"[78, 40, 31, 14, 44, 57, 10, 64]","[2, 3]","{""median_norm"": 1.1545253637302717, ""mad"": 0.0493467091284997, ""k"": 2.0, ""num_accepted"": 8, ""safety_keep_used"": false, ""fallback_used"": false}"
440,apra,apra_hierarchical_cluster,"[78, 40, 31, 14, 57, 10, 64]",[44],"{""best_k"": 2, ""best_score"": 0.7799835205078125, ""selected_cluster"": 0, ""cluster_scores"": {""0"": 5.469753265380859, ""1"": -1.0}, ""num_trusted"": 7, ""fallback_used"": false}"
440,apra,apra_trust_weighted_clip,"[78, 40, 31, 14, 57, 10, 64]",[],"{""base_clip"": 1.0, ""trust_weights"": {""78"": 0.3577430844306946, ""40"": 0.3577430844306946, ""31"": 0.0, ""14"": 0.0, ""57"": 0.28451380133628845, ""10"": 0.0, ""64"": 0.0}, ""num_aggregated"": 7}"
441,apra,apra_mad_filter,"[10, 81, 56, 88, 36, 62, 99, 93, 85]",[2],"{""median_norm"": 1.1897092190466845, ""mad"": 0.0660460669113776, ""k"": 2.0, ""num_accepted"": 9, ""safety_keep_used"": false, ""fallback_used"": false}"
441,apra,apra_hierarchical_cluster,"[10, 81, 56, 36, 62, 99, 93, 85]",[88],"{""best_k"": 2, ""best_score"": 0.6675475239753723, ""selected_cluster"": 0, ""cluster_scores"": {""0"": 4.093589782714844, ""1"": -1.0}, ""num_trusted"": 8, ""fallback_used"": false}"
441,apra,apra_trust_weighted_clip,"[10, 81, 56, 36, 62, 99, 93, 85]",[],"{""base_clip"": 1.0, ""trust_weights"": {""10"": 0.15573155879974365, ""81"": 0.06561066210269928, ""56"": 0.15573155879974365, ""36"": 0.15573155879974365, ""62"": 0.0, ""99"": 0.15573155879974365, ""93"": 0.15573155879974365, ""85"": 0.15573155879974365}, ""num_aggregated"": 8}"
442,apra,apra_mad_filter,"[99, 13, 81, 6, 89, 30, 21, 90]","[3, 25]","{""median_norm"": 1.178945460606864, ""mad"": 0.03489321819997815, ""k"": 2.0, ""num_accepted"": 8, ""safety_keep_used"": false, ""fallback_used"": false}"
442,apra,apra_hierarchical_cluster,"[99, 81, 6, 89, 30, 21, 90]",[13],"{""best_k"": 2, ""best_score"": 0.4528587758541107, ""selected_cluster"": 0, ""cluster_scores"": {""0"": 0.822289228439331, ""1"": -1.0}, ""num_trusted"": 7, ""fallback_used"": false}"
442,apra,apra_trust_weighted_clip,"[99, 81, 6, 89, 30, 21, 90]",[],"{""base_clip"": 1.0, ""trust_weights"": {""99"": 0.0, ""81"": 0.20000000298023224, ""6"": 0.0, ""89"": 0.20000000298023224, ""30"": 0.20000000298023224, ""21"": 0.20000000298023224, ""90"": 0.20000000298023224}, ""num_aggregated"": 7}"
443,apra,apra_mad_filter,"[16, 75, 52, 61, 8, 21, 47, 40]","[1, 59]","{""median_norm"": 1.1744589229002926, ""mad"": 0.05013142892784639, ""k"": 2.0, ""num_accepted"": 8, ""safety_keep_used"": false, ""fallback_used"": false}"
443,apra,apra_hierarchical_cluster,"[16, 75, 52, 61, 8, 21, 40]",[47],"{""best_k"": 2, ""best_score"": 0.6899241209030151, ""selected_cluster"": 0, ""cluster_scores"": {""0"": 5.615175724029541, ""1"": -1.0}, ""num_trusted"": 7, ""fallback_used"": false}"
443,apra,apra_trust_weighted_clip,"[16, 75, 52, 61, 8, 21, 40]",[],"{""base_clip"": 1.0, ""trust_weights"": {""16"": 0.0, ""75"": 0.20045070350170135, ""52"": 0.0, ""61"": 0.20045070350170135, ""8"": 0.1981971710920334, ""21"": 0.20045070350170135, ""40"": 0.20045070350170135}, ""num_aggregated"": 7}"
444,apra,apra_mad_filter,"[13, 53, 66, 33, 38, 36, 49, 76, 54]",[3],"{""median_norm"": 1.2953261589044032, ""mad"": 0.07146410726605235, ""k"": 2.0, ""num_accepted"": 9, ""safety_keep_used"": false, ""fallback_used"": false}"
444,apra,apra_hierarchical_cluster,"[13, 53, 66, 38, 36, 49]","[33, 76, 54]","{""best_k"": 4, ""best_score"": 0.5913618803024292, ""selected_cluster"": 0, ""cluster_scores"": {""0"": 5.512463569641113, ""1"": -1.0, ""2"": -1.0, ""3"": -1.0}, ""num_trusted"": 6, ""fallback_used"": false}"
444,apra,apra_trust_weighted_clip,"[13, 53, 66, 38, 36, 49]",[],"{""base_clip"": 1.0, ""trust_weights"": {""13"": 0.20000000298023224, ""53"": 0.20000000298023224, ""66"": 0.20000000298023224, ""38"": 0.20000000298023224, ""36"": 0.20000000298023224, ""49"": 0.0}, ""num_aggregated"": 6}"
445,apra,apra_mad_filter,"[47, 98, 83, 65, 78, 24, 88]","[2, 33, 40]","{""median_norm"": 1.2494595694321633, ""mad"": 0.04158743429280365, ""k"": 2.0, ""num_accepted"": 7, ""safety_keep_used"": false, ""fallback_used"": false}"
445,apra,apra_hierarchical_cluster,"[47, 98, 83, 65, 78, 24]",[88],"{""best_k"": 2, ""best_score"": 0.658122181892395, ""selected_cluster"": 0, ""cluster_scores"": {""0"": 3.545861005783081, ""1"": -1.0}, ""num_trusted"": 6, ""fallback_used"": false}"
445,apra,apra_trust_weighted_clip,"[47, 98, 83, 65, 78, 24]",[],"{""base_clip"": 1.0, ""trust_weights"": {""47"": 0.22122612595558167, ""98"": 0.22122612595558167, ""83"": 0.11509549617767334, ""65"": 0.22122612595558167, ""78"": 0.22122612595558167, ""24"": 0.0}, ""num_aggregated"": 6}"
446,apra,apra_mad_filter,"[86, 70, 30, 24, 66, 99, 9, 12, 31]",[0],"{""median_norm"": 1.246320960568014, ""mad"": 0.03822276307133465, ""k"": 2.0, ""num_accepted"": 9, ""safety_keep_used"": false, ""fallback_used"": false}"
446,apra,apra_hierarchical_cluster,"[86, 30, 24, 66, 99, 9, 12, 31]",[70],"{""best_k"": 2, ""best_score"": 0.5157530903816223, ""selected_cluster"": 0, ""cluster_scores"": {""0"": 0.8085137605667114, ""1"": -1.0}, ""num_trusted"": 8, ""fallback_used"": false}"
446,apra,apra_trust_weighted_clip,"[86, 30, 24, 66, 99, 9, 12, 31]",[],"{""base_clip"": 1.0, ""trust_weights"": {""86"": 0.1456136554479599, ""30"": 0.1263180673122406, ""24"": 0.1456136554479599, ""66"": 0.1456136554479599, ""99"": 0.0, ""9"": 0.1456136554479599, ""12"": 0.1456136554479599, ""31"": 0.1456136554479599}, ""num_aggregated"": 8}"
447,apra,apra_mad_filter,"[81, 17, 35, 96, 88, 36, 99, 64, 92]",[3],"{""median_norm"": 1.1696511132771956, ""mad"": 0.0844678106838953, ""k"": 2.0, ""num_accepted"": 9, ""safety_keep_used"": false, ""fallback_used"": false}"
447,apra,apra_hierarchical_cluster,"[81, 17, 96, 88, 36, 99, 64, 92]",[35],"{""best_k"": 2, ""best_score"": 0.6646639108657837, ""selected_cluster"": 0, ""cluster_scores"": {""0"": 3.18022084236145, ""1"": -1.0}, ""num_trusted"": 8, ""fallback_used"": false}"
447,apra,apra_trust_weighted_clip,"[81, 17, 96, 88, 36, 99, 64, 92]",[],"{""base_clip"": 1.0, ""trust_weights"": {""81"": 0.16094790399074554, ""17"": 0.16094790399074554, ""96"": 0.16094790399074554, ""88"": 0.0, ""36"": 0.16094790399074554, ""99"": 0.16094790399074554, ""64"": 0.16094790399074554, ""92"": 0.034312572330236435}, ""num_aggregated"": 8}"
448,apra,apra_mad_filter,"[91, 21, 75, 59, 42, 74, 12]","[4, 96, 92]","{""median_norm"": 1.2554653618877043, ""mad"": 0.052839774452635546, ""k"": 2.0, ""num_accepted"": 7, ""safety_keep_used"": false, ""fallback_used"": false}"
448,apra,apra_hierarchical_cluster,"[91, 21, 75, 42, 74, 12]",[59],"{""best_k"": 2, ""best_score"": 0.5936482548713684, ""selected_cluster"": 0, ""cluster_scores"": {""0"": 2.5691111087799072, ""1"": -1.0}, ""num_trusted"": 6, ""fallback_used"": false}"
448,apra,apra_trust_weighted_clip,"[91, 21, 75, 42, 74, 12]",[],"{""base_clip"": 1.0, ""trust_weights"": {""91"": 0.25, ""21"": 0.25, ""75"": 0.25, ""42"": 0.25, ""74"": 0.0, ""12"": 0.0}, ""num_aggregated"": 6}"
449,apra,apra_mad_filter,"[39, 68, 74, 40, 85, 50, 44]","[2, 3, 0]","{""median_norm"": 1.3076313909011539, ""mad"": 0.2073766026884707, ""k"": 2.0, ""num_accepted"": 7, ""safety_keep_used"": false, ""fallback_used"": false}"
449,apra,apra_hierarchical_cluster,"[39, 68, 74, 40, 50, 44]",[85],"{""best_k"": 2, ""best_score"": 0.4724055826663971, ""selected_cluster"": 0, ""cluster_scores"": {""0"": 1.2903153896331787, ""1"": -1.0}, ""num_trusted"": 6, ""fallback_used"": false}"
449,apra,apra_trust_weighted_clip,"[39, 68, 74, 40, 50, 44]",[],"{""base_clip"": 1.0, ""trust_weights"": {""39"": 0.20000000298023224, ""68"": 0.0, ""74"": 0.20000000298023224, ""40"": 0.20000000298023224, ""50"": 0.20000000298023224, ""44"": 0.20000000298023224}, ""num_aggregated"": 6}"
450,apra,apra_mad_filter,"[52, 31, 75, 20, 83, 96, 38, 72]","[4, 33]","{""median_norm"": 1.2902512973915083, ""mad"": 0.10266552159543885, ""k"": 2.0, ""num_accepted"": 8, ""safety_keep_used"": false, ""fallback_used"": false}"
450,apra,apra_hierarchical_cluster,"[31, 75, 20, 83, 96, 38, 72]",[52],"{""best_k"": 2, ""best_score"": 0.3843197822570801, ""selected_cluster"": 0, ""cluster_scores"": {""0"": 1.3325212001800537, ""1"": -1.0}, ""num_trusted"": 7, ""fallback_used"": false}"
450,apra,apra_trust_weighted_clip,"[31, 75, 20, 83, 96, 38, 72]",[],"{""base_clip"": 1.0, ""trust_weights"": {""31"": 0.16778656840324402, ""75"": 0.16778656840324402, ""20"": 0.1610672026872635, ""83"": 0.16778656840324402, ""96"": 0.0, ""38"": 0.16778656840324402, ""72"": 0.16778656840324402}, ""num_aggregated"": 7}"
451,apra,apra_mad_filter,"[64, 72, 83, 62, 97, 32, 51, 86]","[4, 2]","{""median_norm"": 1.1657238143589423, ""mad"": 0.07858652430243218, ""k"": 2.0, ""num_accepted"": 8, ""safety_keep_used"": false, ""fallback_used"": false}"
451,apra,apra_hierarchical_cluster,"[64, 72, 83, 32, 86]","[62, 97, 51]","{""best_k"": 4, ""best_score"": 0.46934419870376587, ""selected_cluster"": 0, ""cluster_scores"": {""0"": 3.3401429653167725, ""1"": -1.0, ""2"": -1.0, ""3"": -1.0}, ""num_trusted"": 5, ""fallback_used"": false}"
451,apra,apra_trust_weighted_clip,"[64, 72, 83, 32, 86]",[],"{""base_clip"": 1.0, ""trust_weights"": {""64"": 0.25, ""72"": 0.25, ""83"": 0.25, ""32"": 0.0, ""86"": 0.25}, ""num_aggregated"": 5}"
452,apra,apra_mad_filter,"[54, 74, 61, 27, 58, 6, 42]","[3, 33, 68]","{""median_norm"": 1.175669861033792, ""mad"": 0.03381028001410513, ""k"": 2.0, ""num_accepted"": 7, ""safety_keep_used"": false, ""fallback_used"": false}"
452,apra,apra_hierarchical_cluster,"[74, 61, 27, 58, 6, 42]",[54],"{""best_k"": 2, ""best_score"": 0.6756173372268677, ""selected_cluster"": 0, ""cluster_scores"": {""0"": 5.289260387420654, ""1"": -1.0}, ""num_trusted"": 6, ""fallback_used"": false}"
452,apra,apra_trust_weighted_clip,"[74, 61, 27, 58, 6, 42]",[],"{""base_clip"": 1.0, ""trust_weights"": {""74"": 0.20000000298023224, ""61"": 0.20000000298023224, ""27"": 0.0, ""58"": 0.20000000298023224, ""6"": 0.20000000298023224, ""42"": 0.20000000298023224}, ""num_aggregated"": 6}"
453,apra,apra_mad_filter,"[36, 19, 45, 15, 73, 13, 69, 59, 16]",[1],"{""median_norm"": 1.3324920480392362, ""mad"": 0.06663044297181409, ""k"": 2.0, ""num_accepted"": 9, ""safety_keep_used"": false, ""fallback_used"": false}"
453,apra,apra_hierarchical_cluster,"[36, 19, 45, 15, 13, 69, 16]","[73, 59]","{""best_k"": 3, ""best_score"": 0.5944070816040039, ""selected_cluster"": 0, ""cluster_scores"": {""0"": 3.0298843383789062, ""1"": -1.0, ""2"": -1.0}, ""num_trusted"": 7, ""fallback_used"": false}"
453,apra,apra_trust_weighted_clip,"[36, 19, 45, 15, 13, 69, 16]",[],"{""base_clip"": 1.0, ""trust_weights"": {""36"": 0.1666666716337204, ""19"": 0.1666666716337204, ""45"": 0.1666666716337204, ""15"": 0.1666666716337204, ""13"": 0.0, ""69"": 0.1666666716337204, ""16"": 0.1666666716337204}, ""num_aggregated"": 7}"
454,apra,apra_mad_filter,"[17, 69, 74, 58, 40, 57, 56, 59, 55]",[3],"{""median_norm"": 1.1363226348395856, ""mad"": 0.07882089459151775, ""k"": 2.0, ""num_accepted"": 9, ""safety_keep_used"": false, ""fallback_used"": false}"
454,apra,apra_hierarchical_cluster,"[17, 69, 74, 58, 40, 57, 56, 55]",[59],"{""best_k"": 2, ""best_score"": 0.5645852088928223, ""selected_cluster"": 0, ""cluster_scores"": {""0"": 1.3722782135009766, ""1"": -1.0}, ""num_trusted"": 8, ""fallback_used"": false}"
454,apra,apra_trust_weighted_clip,"[17, 69, 74, 58, 40, 57, 56, 55]",[],"{""base_clip"": 1.0, ""trust_weights"": {""17"": 0.24188028275966644, ""69"": 0.0, ""74"": 0.24188028275966644, ""58"": 0.25811973214149475, ""40"": 0.0, ""57"": 0.0, ""56"": 0.0, ""55"": 0.25811973214149475}, ""num_aggregated"": 8}"
455,apra,apra_mad_filter,"[97, 8, 89, 79, 11, 76, 16, 77, 25]",[3],"{""median_norm"": 1.1796975551426367, ""mad"": 0.09399122152084094, ""k"": 2.0, ""num_accepted"": 9, ""safety_keep_used"": false, ""fallback_used"": false}"
455,apra,apra_hierarchical_cluster,"[97, 8, 89, 79, 11, 16, 77, 25]",[76],"{""best_k"": 2, ""best_score"": 0.6934829950332642, ""selected_cluster"": 0, ""cluster_scores"": {""0"": 3.1038317680358887, ""1"": -1.0}, ""num_trusted"": 8, ""fallback_used"": false}"
455,apra,apra_trust_weighted_clip,"[97, 8, 89, 79, 11, 16, 77, 25]",[],"{""base_clip"": 1.0, ""trust_weights"": {""97"": 0.10077507048845291, ""8"": 0.0, ""89"": 0.18359334766864777, ""79"": 0.18359334766864777, ""11"": 0.18359334766864777, ""16"": 0.0, ""77"": 0.18359334766864777, ""25"": 0.16485144197940826}, ""num_aggregated"": 8}"
456,apra,apra_mad_filter,"[21, 49, 17, 44, 74, 85, 84, 79]","[2, 33]","{""median_norm"": 1.2265779654199465, ""mad"": 0.06479995943453964, ""k"": 2.0, ""num_accepted"": 8, ""safety_keep_used"": false, ""fallback_used"": false}"
456,apra,apra_hierarchical_cluster,"[21, 49, 17, 74, 84, 79]","[44, 85]","{""best_k"": 3, ""best_score"": 0.5499465465545654, ""selected_cluster"": 0, ""cluster_scores"": {""0"": 0.2725158929824829, ""1"": -1.0, ""2"": -1.0}, ""num_trusted"": 6, ""fallback_used"": false}"
456,apra,apra_trust_weighted_clip,"[21, 49, 17, 74, 84, 79]",[],"{""base_clip"": 1.0, ""trust_weights"": {""21"": 0.0, ""49"": 0.26106008887290955, ""17"": 0.26106008887290955, ""74"": 0.21646100282669067, ""84"": 0.21646100282669067, ""79"": 0.04495776444673538}, ""num_aggregated"": 6}"
457,apra,apra_mad_filter,"[15, 58, 56, 75, 64, 46, 54]","[1, 2, 68]","{""median_norm"": 1.2548538611478728, ""mad"": 0.04893692266449523, ""k"": 2.0, ""num_accepted"": 7, ""safety_keep_used"": false, ""fallback_used"": false}"
457,apra,apra_hierarchical_cluster,"[15, 58, 56, 75, 64, 46]",[54],"{""best_k"": 2, ""best_score"": 0.7693394422531128, ""selected_cluster"": 0, ""cluster_scores"": {""0"": 5.464623928070068, ""1"": -1.0}, ""num_trusted"": 6, ""fallback_used"": false}"
457,apra,apra_trust_weighted_clip,"[15, 58, 56, 75, 64, 46]",[],"{""base_clip"": 1.0, ""trust_weights"": {""15"": 0.25, ""58"": 0.0, ""56"": 0.25, ""75"": 0.0, ""64"": 0.25, ""46"": 0.25}, ""num_aggregated"": 6}"
458,apra,apra_mad_filter,"[41, 74, 15, 48, 84, 56, 94]","[3, 4, 81]","{""median_norm"": 1.1978474924452533, ""mad"": 0.03622461823546941, ""k"": 2.0, ""num_accepted"": 7, ""safety_keep_used"": false, ""fallback_used"": false}"
458,apra,apra_hierarchical_cluster,"[41, 15, 48, 84, 56, 94]",[74],"{""best_k"": 2, ""best_score"": 0.37649232149124146, ""selected_cluster"": 0, ""cluster_scores"": {""0"": 0.4331696033477783, ""1"": -1.0}, ""num_trusted"": 6, ""fallback_used"": false}"
458,apra,apra_trust_weighted_clip,"[41, 15, 48, 84, 56, 94]",[],"{""base_clip"": 1.0, ""trust_weights"": {""41"": 0.0, ""15"": 0.5, ""48"": 0.0, ""84"": 0.0, ""56"": 0.0, ""94"": 0.5}, ""num_aggregated"": 6}"
459,apra,apra_mad_filter,"[94, 76, 84, 86, 54, 63, 6, 85, 39]",[1],"{""median_norm"": 1.2157493164878717, ""mad"": 0.03341782650804781, ""k"": 2.0, ""num_accepted"": 9, ""safety_keep_used"": false, ""fallback_used"": false}"
459,apra,apra_hierarchical_cluster,"[94, 84, 86, 54, 63, 6, 85, 39]",[76],"{""best_k"": 2, ""best_score"": 0.5874080657958984, ""selected_cluster"": 0, ""cluster_scores"": {""0"": 1.818242073059082, ""1"": -1.0}, ""num_trusted"": 8, ""fallback_used"": false}"
459,apra,apra_trust_weighted_clip,"[94, 84, 86, 54, 63, 6, 85, 39]",[],"{""base_clip"": 1.0, ""trust_weights"": {""94"": 0.1666666716337204, ""84"": 0.1666666716337204, ""86"": 0.1666666716337204, ""54"": 0.1666666716337204, ""63"": 0.1666666716337204, ""6"": 0.0, ""85"": 0.0, ""39"": 0.1666666716337204}, ""num_aggregated"": 8}"
460,apra,apra_mad_filter,"[58, 62, 15, 35, 5, 46, 60, 8, 18]",[2],"{""median_norm"": 1.1904190152986869, ""mad"": 0.08305809337291425, ""k"": 2.0, ""num_accepted"": 9, ""safety_keep_used"": false, ""fallback_used"": false}"
460,apra,apra_hierarchical_cluster,"[58, 62, 15, 5, 46, 60, 8, 18]",[35],"{""best_k"": 2, ""best_score"": 0.7024297118186951, ""selected_cluster"": 0, ""cluster_scores"": {""0"": 4.861973285675049, ""1"": -1.0}, ""num_trusted"": 8, ""fallback_used"": false}"
460,apra,apra_trust_weighted_clip,"[58, 62, 15, 5, 46, 60, 8, 18]",[],"{""base_clip"": 1.0, ""trust_weights"": {""58"": 0.15427011251449585, ""62"": 0.0, ""15"": 0.15427011251449585, ""5"": 0.15427011251449585, ""46"": 0.15427011251449585, ""60"": 0.15427011251449585, ""8"": 0.07437928020954132, ""18"": 0.15427011251449585}, ""num_aggregated"": 8}"
461,apra,apra_mad_filter,"[96, 90, 11, 47, 48, 37, 33, 80]","[2, 3]","{""median_norm"": 1.3112515776365474, ""mad"": 0.171414590372446, ""k"": 2.0, ""num_accepted"": 8, ""safety_keep_used"": false, ""fallback_used"": false}"
461,apra,apra_hierarchical_cluster,"[96, 90, 11, 47, 48, 37, 80]",[33],"{""best_k"": 2, ""best_score"": 0.6078619360923767, ""selected_cluster"": 0, ""cluster_scores"": {""0"": 2.554502248764038, ""1"": -1.0}, ""num_trusted"": 7, ""fallback_used"": false}"
461,apra,apra_trust_weighted_clip,"[96, 90, 11, 47, 48, 37, 80]",[],"{""base_clip"": 1.0, ""trust_weights"": {""96"": 0.0, ""90"": 0.26696205139160156, ""11"": 0.26696205139160156, ""47"": 0.08781878650188446, ""48"": 0.09753649681806564, ""37"": 0.26696205139160156, ""80"": 0.013758543878793716}, ""num_aggregated"": 7}"
462,apra,apra_mad_filter,"[5, 82, 80, 69, 42, 59, 17, 48]","[2, 89]","{""median_norm"": 1.2636482859874216, ""mad"": 0.04249933213964341, ""k"": 2.0, ""num_accepted"": 8, ""safety_keep_used"": false, ""fallback_used"": false}"
462,apra,apra_hierarchical_cluster,"[5, 82, 80, 69, 42, 17]","[59, 48]","{""best_k"": 3, ""best_score"": 0.6258320808410645, ""selected_cluster"": 0, ""cluster_scores"": {""0"": 4.8006062507629395, ""1"": -1.0, ""2"": -1.0}, ""num_trusted"": 6, ""fallback_used"": false}"
462,apra,apra_trust_weighted_clip,"[5, 82, 80, 69, 42, 17]",[],"{""base_clip"": 1.0, ""trust_weights"": {""5"": 0.0, ""82"": 0.25, ""80"": 0.25, ""69"": 0.0, ""42"": 0.25, ""17"": 0.25}, ""num_aggregated"": 6}"
463,apra,apra_mad_filter,"[81, 28, 63, 34, 35, 96, 71, 46, 44]",[3],"{""median_norm"": 1.230075769911696, ""mad"": 0.15528569748483523, ""k"": 2.0, ""num_accepted"": 9, ""safety_keep_used"": false, ""fallback_used"": false}"
463,apra,apra_hierarchical_cluster,"[81, 28, 63, 34, 96, 71, 46, 44]",[35],"{""best_k"": 2, ""best_score"": 0.6416829824447632, ""selected_cluster"": 0, ""cluster_scores"": {""0"": 3.617609977722168, ""1"": -1.0}, ""num_trusted"": 8, ""fallback_used"": false}"
463,apra,apra_trust_weighted_clip,"[81, 28, 63, 34, 96, 71, 46, 44]",[],"{""base_clip"": 1.0, ""trust_weights"": {""81"": 0.1666666716337204, ""28"": 0.1666666716337204, ""63"": 0.1666666716337204, ""34"": 0.1666666716337204, ""96"": 0.1666666716337204, ""71"": 0.0, ""46"": 0.1666666716337204, ""44"": 0.0}, ""num_aggregated"": 8}"
464,apra,apra_mad_filter,"[86, 84, 50, 97, 87, 53, 27]","[2, 91, 61]","{""median_norm"": 1.2727758818439936, ""mad"": 0.032175813542950626, ""k"": 2.0, ""num_accepted"": 7, ""safety_keep_used"": false, ""fallback_used"": false}"
464,apra,apra_hierarchical_cluster,"[86, 84, 97, 87, 53]","[50, 27]","{""best_k"": 3, ""best_score"": 0.5401608347892761, ""selected_cluster"": 0, ""cluster_scores"": {""0"": 4.318219184875488, ""1"": -1.0, ""2"": -1.0}, ""num_trusted"": 5, ""fallback_used"": false}"
464,apra,apra_trust_weighted_clip,"[86, 84, 97, 87, 53]",[],"{""base_clip"": 1.0, ""trust_weights"": {""86"": 0.0, ""84"": 0.5, ""97"": 0.5, ""87"": 0.0, ""53"": 0.0}, ""num_aggregated"": 5}"
465,apra,apra_mad_filter,"[44, 89, 35, 24, 91, 43, 73]","[1, 0, 4]","{""median_norm"": 1.2691760874237255, ""mad"": 0.12954028111404559, ""k"": 2.0, ""num_accepted"": 7, ""safety_keep_used"": false, ""fallback_used"": false}"
465,apra,apra_hierarchical_cluster,"[44, 89, 24, 91, 43, 73]",[35],"{""best_k"": 2, ""best_score"": 0.5883992910385132, ""selected_cluster"": 0, ""cluster_scores"": {""0"": 2.3138914108276367, ""1"": -1.0}, ""num_trusted"": 6, ""fallback_used"": false}"
465,apra,apra_trust_weighted_clip,"[44, 89, 24, 91, 43, 73]",[],"{""base_clip"": 1.0, ""trust_weights"": {""44"": 0.0, ""89"": 0.2489701211452484, ""24"": 0.2489701211452484, ""91"": 0.004119477234780788, ""43"": 0.2489701211452484, ""73"": 0.2489701211452484}, ""num_aggregated"": 6}"
466,apra,apra_mad_filter,"[28, 88, 58, 21, 61, 94, 17, 68]","[2, 1]","{""median_norm"": 1.2465058255977843, ""mad"": 0.10958713068342985, ""k"": 2.0, ""num_accepted"": 8, ""safety_keep_used"": false, ""fallback_used"": false}"
466,apra,apra_hierarchical_cluster,"[28, 58, 21, 61, 94, 17, 68]",[88],"{""best_k"": 2, ""best_score"": 0.611617922782898, ""selected_cluster"": 0, ""cluster_scores"": {""0"": 4.727017402648926, ""1"": -1.0}, ""num_trusted"": 7, ""fallback_used"": false}"
466,apra,apra_trust_weighted_clip,"[28, 58, 21, 61, 94, 17, 68]",[],"{""base_clip"": 1.0, ""trust_weights"": {""28"": 0.1693776249885559, ""58"": 0.07099205255508423, ""21"": 0.1693776249885559, ""61"": 0.2609756588935852, ""94"": 0.0, ""17"": 0.2609756588935852, ""68"": 0.06830142438411713}, ""num_aggregated"": 7}"
467,apra,apra_mad_filter,"[61, 50, 74, 42, 87, 65, 72, 64, 8]",[1],"{""median_norm"": 1.2220254774043249, ""mad"": 0.08513673570967906, ""k"": 2.0, ""num_accepted"": 9, ""safety_keep_used"": false, ""fallback_used"": false}"
467,apra,apra_hierarchical_cluster,"[61, 50, 42, 87, 65, 72, 64, 8]",[74],"{""best_k"": 2, ""best_score"": 0.4464246928691864, ""selected_cluster"": 0, ""cluster_scores"": {""0"": 1.6760481595993042, ""1"": -1.0}, ""num_trusted"": 8, ""fallback_used"": false}"
467,apra,apra_trust_weighted_clip,"[61, 50, 42, 87, 65, 72, 64, 8]",[],"{""base_clip"": 1.0, ""trust_weights"": {""61"": 0.19070874154567719, ""50"": 0.19070874154567719, ""42"": 0.0, ""87"": 0.04645631089806557, ""65"": 0.0, ""72"": 0.19070874154567719, ""64"": 0.19070874154567719, ""8"": 0.19070874154567719}, ""num_aggregated"": 8}"
468,apra,apra_mad_filter,"[75, 35, 21, 95, 83, 55, 52, 31]","[4, 2]","{""median_norm"": 1.1848765996372757, ""mad"": 0.07030921534265899, ""k"": 2.0, ""num_accepted"": 8, ""safety_keep_used"": false, ""fallback_used"": false}"
468,apra,apra_hierarchical_cluster,"[75, 21, 95, 83, 55, 52, 31]",[35],"{""best_k"": 2, ""best_score"": 0.7548301815986633, ""selected_cluster"": 0, ""cluster_scores"": {""0"": 5.007136821746826, ""1"": -1.0}, ""num_trusted"": 7, ""fallback_used"": false}"
468,apra,apra_trust_weighted_clip,"[75, 21, 95, 83, 55, 52, 31]",[],"{""base_clip"": 1.0, ""trust_weights"": {""75"": 0.1666666716337204, ""21"": 0.1666666716337204, ""95"": 0.1666666716337204, ""83"": 0.1666666716337204, ""55"": 0.1666666716337204, ""52"": 0.0, ""31"": 0.1666666716337204}, ""num_aggregated"": 7}"
469,apra,apra_mad_filter,"[55, 79, 70, 82, 24, 60, 56, 88]","[3, 4]","{""median_norm"": 1.235707053767148, ""mad"": 0.036194585680419555, ""k"": 2.0, ""num_accepted"": 8, ""safety_keep_used"": false, ""fallback_used"": false}"
469,apra,apra_hierarchical_cluster,"[55, 79, 70, 82, 24, 60, 56]",[88],"{""best_k"": 2, ""best_score"": 0.6609711050987244, ""selected_cluster"": 0, ""cluster_scores"": {""0"": 3.491029739379883, ""1"": -1.0}, ""num_trusted"": 7, ""fallback_used"": false}"
469,apra,apra_trust_weighted_clip,"[55, 79, 70, 82, 24, 60, 56]",[],"{""base_clip"": 1.0, ""trust_weights"": {""55"": 0.1666666716337204, ""79"": 0.1666666716337204, ""70"": 0.0, ""82"": 0.1666666716337204, ""24"": 0.1666666716337204, ""60"": 0.1666666716337204, ""56"": 0.1666666716337204}, ""num_aggregated"": 7}"
470,apra,apra_mad_filter,"[34, 70, 23, 83, 99, 77, 37, 89]","[2, 26]","{""median_norm"": 1.2006997912120712, ""mad"": 0.06334016352049854, ""k"": 2.0, ""num_accepted"": 8, ""safety_keep_used"": false, ""fallback_used"": false}"
470,apra,apra_hierarchical_cluster,"[34, 23, 83, 99, 77, 89]","[70, 37]","{""best_k"": 2, ""best_score"": 0.7196475863456726, ""selected_cluster"": 1, ""cluster_scores"": {""0"": 1.853272557258606, ""1"": 5.213594436645508}, ""num_trusted"": 6, ""fallback_used"": false}"
470,apra,apra_trust_weighted_clip,"[34, 23, 83, 99, 77, 89]",[],"{""base_clip"": 1.0, ""trust_weights"": {""34"": 0.0, ""23"": 0.20964589715003967, ""83"": 0.20964589715003967, ""99"": 0.20964589715003967, ""77"": 0.1614164113998413, ""89"": 0.20964589715003967}, ""num_aggregated"": 6}"
471,apra,apra_mad_filter,"[6, 8, 62, 78, 51, 14, 56, 46, 29]",[2],"{""median_norm"": 1.2053152504242017, ""mad"": 0.08194263892132625, ""k"": 2.0, ""num_accepted"": 9, ""safety_keep_used"": false, ""fallback_used"": false}"
471,apra,apra_hierarchical_cluster,"[6, 8, 78, 51, 14, 56, 46, 29]",[62],"{""best_k"": 2, ""best_score"": 0.5536267161369324, ""selected_cluster"": 0, ""cluster_scores"": {""0"": 3.584688425064087, ""1"": -1.0}, ""num_trusted"": 8, ""fallback_used"": false}"
471,apra,apra_trust_weighted_clip,"[6, 8, 78, 51, 14, 56, 46, 29]",[],"{""base_clip"": 1.0, ""trust_weights"": {""6"": 0.1620073914527893, ""8"": 0.09498153626918793, ""78"": 0.1620073914527893, ""51"": 0.0, ""14"": 0.1620073914527893, ""56"": 0.09498153626918793, ""46"": 0.1620073914527893, ""29"": 0.1620073914527893}, ""num_aggregated"": 8}"
472,apra,apra_mad_filter,"[64, 60, 88, 68, 18, 36, 63, 14]","[3, 33]","{""median_norm"": 1.1980461587692304, ""mad"": 0.09620549895459185, ""k"": 2.0, ""num_accepted"": 8, ""safety_keep_used"": false, ""fallback_used"": false}"
472,apra,apra_hierarchical_cluster,"[64, 60, 88, 18, 36, 63, 14]",[68],"{""best_k"": 2, ""best_score"": 0.7325143814086914, ""selected_cluster"": 0, ""cluster_scores"": {""0"": 4.7368316650390625, ""1"": -1.0}, ""num_trusted"": 7, ""fallback_used"": false}"
472,apra,apra_trust_weighted_clip,"[64, 60, 88, 18, 36, 63, 14]",[],"{""base_clip"": 1.0, ""trust_weights"": {""64"": 0.1666666716337204, ""60"": 0.1666666716337204, ""88"": 0.0, ""18"": 0.1666666716337204, ""36"": 0.1666666716337204, ""63"": 0.1666666716337204, ""14"": 0.1666666716337204}, ""num_aggregated"": 7}"
473,apra,apra_mad_filter,"[37, 73, 9, 76, 15, 50, 25, 88, 55]",[3],"{""median_norm"": 1.2874506585029435, ""mad"": 0.048903769729710334, ""k"": 2.0, ""num_accepted"": 9, ""safety_keep_used"": false, ""fallback_used"": false}"
473,apra,apra_hierarchical_cluster,"[37, 73, 9, 76, 15, 50, 25, 55]",[88],"{""best_k"": 2, ""best_score"": 0.5583574771881104, ""selected_cluster"": 0, ""cluster_scores"": {""0"": 2.6244425773620605, ""1"": -1.0}, ""num_trusted"": 8, ""fallback_used"": false}"
473,apra,apra_trust_weighted_clip,"[37, 73, 9, 76, 15, 50, 25, 55]",[],"{""base_clip"": 1.0, ""trust_weights"": {""37"": 0.1428571492433548, ""73"": 0.1428571492433548, ""9"": 0.1428571492433548, ""76"": 0.0, ""15"": 0.1428571492433548, ""50"": 0.1428571492433548, ""25"": 0.1428571492433548, ""55"": 0.1428571492433548}, ""num_aggregated"": 8}"
474,apra,apra_mad_filter,"[43, 88, 61, 23, 44, 78, 45, 5]","[4, 2]","{""median_norm"": 1.2120260134757244, ""mad"": 0.06515269004700153, ""k"": 2.0, ""num_accepted"": 8, ""safety_keep_used"": false, ""fallback_used"": false}"
474,apra,apra_hierarchical_cluster,"[43, 61, 23, 44, 78, 45, 5]",[88],"{""best_k"": 2, ""best_score"": 0.6934959888458252, ""selected_cluster"": 0, ""cluster_scores"": {""0"": 5.0209479331970215, ""1"": -1.0}, ""num_trusted"": 7, ""fallback_used"": false}"
474,apra,apra_trust_weighted_clip,"[43, 61, 23, 44, 78, 45, 5]",[],"{""base_clip"": 1.0, ""trust_weights"": {""43"": 0.20000000298023224, ""61"": 0.0, ""23"": 0.20000000298023224, ""44"": 0.20000000298023224, ""78"": 0.0, ""45"": 0.20000000298023224, ""5"": 0.20000000298023224}, ""num_aggregated"": 7}"
475,apra,apra_mad_filter,"[50, 78, 10, 45, 55, 79, 61, 8]","[0, 68]","{""median_norm"": 1.1103065436889223, ""mad"": 0.03000201358685206, ""k"": 2.0, ""num_accepted"": 8, ""safety_keep_used"": false, ""fallback_used"": false}"
475,apra,apra_hierarchical_cluster,"[50, 78, 45, 55, 79, 61]","[10, 8]","{""best_k"": 2, ""best_score"": 0.5753892064094543, ""selected_cluster"": 0, ""cluster_scores"": {""0"": 5.261703968048096, ""1"": 1.9913642406463623}, ""num_trusted"": 6, ""fallback_used"": false}"
475,apra,apra_trust_weighted_clip,"[50, 78, 45, 55, 79, 61]",[],"{""base_clip"": 1.0, ""trust_weights"": {""50"": 0.0, ""78"": 0.1946014016866684, ""45"": 0.2013496458530426, ""55"": 0.2013496458530426, ""79"": 0.2013496458530426, ""61"": 0.2013496458530426}, ""num_aggregated"": 6}"
476,apra,apra_mad_filter,"[80, 66, 19, 27, 7, 62, 86, 6]","[3, 2]","{""median_norm"": 1.1493555441286962, ""mad"": 0.07879392210558389, ""k"": 2.0, ""num_accepted"": 8, ""safety_keep_used"": false, ""fallback_used"": false}"
476,apra,apra_hierarchical_cluster,"[80, 66, 19, 27, 7, 86, 6]",[62],"{""best_k"": 2, ""best_score"": 0.5911061763763428, ""selected_cluster"": 0, ""cluster_scores"": {""0"": 3.054023504257202, ""1"": -1.0}, ""num_trusted"": 7, ""fallback_used"": false}"
476,apra,apra_trust_weighted_clip,"[80, 66, 19, 27, 7, 86, 6]",[],"{""base_clip"": 1.0, ""trust_weights"": {""80"": 0.20000000298023224, ""66"": 0.20000000298023224, ""19"": 0.0, ""27"": 0.0, ""7"": 0.20000000298023224, ""86"": 0.20000000298023224, ""6"": 0.20000000298023224}, ""num_aggregated"": 7}"
477,apra,apra_mad_filter,"[9, 26, 28, 97, 96, 40, 95, 75]","[4, 2]","{""median_norm"": 1.2491726912541734, ""mad"": 0.08118065820926945, ""k"": 2.0, ""num_accepted"": 8, ""safety_keep_used"": false, ""fallback_used"": false}"
477,apra,apra_hierarchical_cluster,"[9, 28, 97, 96, 40, 95, 75]",[26],"{""best_k"": 2, ""best_score"": 0.7067587375640869, ""selected_cluster"": 0, ""cluster_scores"": {""0"": 4.427132606506348, ""1"": -1.0}, ""num_trusted"": 7, ""fallback_used"": false}"
477,apra,apra_trust_weighted_clip,"[9, 28, 97, 96, 40, 95, 75]",[],"{""base_clip"": 1.0, ""trust_weights"": {""9"": 0.1666666716337204, ""28"": 0.1666666716337204, ""97"": 0.1666666716337204, ""96"": 0.0, ""40"": 0.1666666716337204, ""95"": 0.1666666716337204, ""75"": 0.1666666716337204}, ""num_aggregated"": 7}"
478,apra,apra_mad_filter,"[27, 99, 62, 39, 30, 23, 56, 74, 92]",[1],"{""median_norm"": 1.2448404293301547, ""mad"": 0.08322818480637073, ""k"": 2.0, ""num_accepted"": 9, ""safety_keep_used"": false, ""fallback_used"": false}"
478,apra,apra_hierarchical_cluster,"[99, 39, 30, 23, 56]","[27, 62, 74, 92]","{""best_k"": 4, ""best_score"": 0.45160239934921265, ""selected_cluster"": 1, ""cluster_scores"": {""0"": 1.7270712852478027, ""1"": 3.0502984523773193, ""2"": -1.0, ""3"": -1.0}, ""num_trusted"": 5, ""fallback_used"": false}"
478,apra,apra_trust_weighted_clip,"[99, 39, 30, 23, 56]",[],"{""base_clip"": 1.0, ""trust_weights"": {""99"": 0.0, ""39"": 0.005451080854982138, ""30"": 0.4945489168167114, ""23"": 0.4945489168167114, ""56"": 0.005451080854982138}, ""num_aggregated"": 5}"
479,apra,apra_mad_filter,"[98, 36, 80, 37, 13, 71, 12, 90]","[1, 0]","{""median_norm"": 1.1851530283503307, ""mad"": 0.10293708798303536, ""k"": 2.0, ""num_accepted"": 8, ""safety_keep_used"": false, ""fallback_used"": false}"
479,apra,apra_hierarchical_cluster,"[98, 36, 80, 37, 13, 12, 90]",[71],"{""best_k"": 2, ""best_score"": 0.6299316883087158, ""selected_cluster"": 0, ""cluster_scores"": {""0"": 3.815551280975342, ""1"": -1.0}, ""num_trusted"": 7, ""fallback_used"": false}"
479,apra,apra_trust_weighted_clip,"[98, 36, 80, 37, 13, 12, 90]",[],"{""base_clip"": 1.0, ""trust_weights"": {""98"": 0.1666666716337204, ""36"": 0.1666666716337204, ""80"": 0.1666666716337204, ""37"": 0.0, ""13"": 0.1666666716337204, ""12"": 0.1666666716337204, ""90"": 0.1666666716337204}, ""num_aggregated"": 7}"
480,apra,apra_mad_filter,"[87, 74, 82, 46, 79, 16, 83, 89, 23]",[3],"{""median_norm"": 1.2364459907664254, ""mad"": 0.044116036532872216, ""k"": 2.0, ""num_accepted"": 9, ""safety_keep_used"": false, ""fallback_used"": false}"
480,apra,apra_hierarchical_cluster,"[87, 82, 46, 79, 16, 83, 89, 23]",[74],"{""best_k"": 2, ""best_score"": 0.588632345199585, ""selected_cluster"": 0, ""cluster_scores"": {""0"": 2.0025594234466553, ""1"": -1.0}, ""num_trusted"": 8, ""fallback_used"": false}"
480,apra,apra_trust_weighted_clip,"[87, 82, 46, 79, 16, 83, 89, 23]",[],"{""base_clip"": 1.0, ""trust_weights"": {""87"": 0.1540425717830658, ""82"": 0.07574448734521866, ""46"": 0.0, ""79"": 0.1540425717830658, ""16"": 0.1540425717830658, ""83"": 0.1540425717830658, ""89"": 0.1540425717830658, ""23"": 0.1540425717830658}, ""num_aggregated"": 8}"
481,apra,apra_mad_filter,"[39, 54, 34, 6, 9, 14, 70, 20]","[4, 32]","{""median_norm"": 1.1906891989397352, ""mad"": 0.029130063431664466, ""k"": 2.0, ""num_accepted"": 8, ""safety_keep_used"": false, ""fallback_used"": false}"
481,apra,apra_hierarchical_cluster,"[39, 34, 6, 9, 14]","[54, 70, 20]","{""best_k"": 4, ""best_score"": 0.4926469922065735, ""selected_cluster"": 0, ""cluster_scores"": {""0"": 3.127652645111084, ""1"": -1.0, ""2"": -1.0, ""3"": -1.0}, ""num_trusted"": 5, ""fallback_used"": false}"
481,apra,apra_trust_weighted_clip,"[39, 34, 6, 9, 14]",[],"{""base_clip"": 1.0, ""trust_weights"": {""39"": 0.297254353761673, ""34"": 0.20274561643600464, ""6"": 0.0, ""9"": 0.297254353761673, ""14"": 0.20274561643600464}, ""num_aggregated"": 5}"
482,apra,apra_mad_filter,"[60, 77, 13, 34, 56, 46, 76, 45, 11]",[4],"{""median_norm"": 1.1635244049508204, ""mad"": 0.04474185503597816, ""k"": 2.0, ""num_accepted"": 9, ""safety_keep_used"": false, ""fallback_used"": false}"
482,apra,apra_hierarchical_cluster,"[60, 77, 13, 34, 56, 46, 45, 11]",[76],"{""best_k"": 2, ""best_score"": 0.6902303695678711, ""selected_cluster"": 0, ""cluster_scores"": {""0"": 3.3056235313415527, ""1"": -1.0}, ""num_trusted"": 8, ""fallback_used"": false}"
482,apra,apra_trust_weighted_clip,"[60, 77, 13, 34, 56, 46, 45, 11]",[],"{""base_clip"": 1.0, ""trust_weights"": {""60"": 0.1428571492433548, ""77"": 0.1428571492433548, ""13"": 0.0, ""34"": 0.1428571492433548, ""56"": 0.1428571492433548, ""46"": 0.1428571492433548, ""45"": 0.1428571492433548, ""11"": 0.1428571492433548}, ""num_aggregated"": 8}"
483,apra,apra_mad_filter,"[25, 30, 73, 8, 48, 78, 50]","[1, 4, 96]","{""median_norm"": 1.1644948386736433, ""mad"": 0.05410650861813304, ""k"": 2.0, ""num_accepted"": 7, ""safety_keep_used"": false, ""fallback_used"": false}"
483,apra,apra_hierarchical_cluster,"[25, 30, 8, 48, 78]","[73, 50]","{""best_k"": 3, ""best_score"": 0.4465496838092804, ""selected_cluster"": 0, ""cluster_scores"": {""0"": 2.924755096435547, ""1"": -1.0, ""2"": -1.0}, ""num_trusted"": 5, ""fallback_used"": false}"
483,apra,apra_trust_weighted_clip,"[25, 30, 8, 48, 78]",[],"{""base_clip"": 1.0, ""trust_weights"": {""25"": 0.20893888175487518, ""30"": 0.0, ""8"": 0.3955305516719818, ""48"": 0.3955305516719818, ""78"": 0.0}, ""num_aggregated"": 5}"
484,apra,apra_mad_filter,"[56, 83, 75, 20, 28, 74, 38]","[3, 88, 33]","{""median_norm"": 1.2618656151321272, ""mad"": 0.04029005185080037, ""k"": 2.0, ""num_accepted"": 7, ""safety_keep_used"": false, ""fallback_used"": false}"
484,apra,apra_hierarchical_cluster,"[56, 83, 75, 28, 38]","[20, 74]","{""best_k"": 3, ""best_score"": 0.5575844049453735, ""selected_cluster"": 0, ""cluster_scores"": {""0"": 1.277630090713501, ""1"": -1.0, ""2"": -1.0}, ""num_trusted"": 5, ""fallback_used"": false}"
484,apra,apra_trust_weighted_clip,"[56, 83, 75, 28, 38]",[],"{""base_clip"": 1.0, ""trust_weights"": {""56"": 0.25, ""83"": 0.0, ""75"": 0.25, ""28"": 0.25, ""38"": 0.25}, ""num_aggregated"": 5}"
485,apra,apra_mad_filter,"[87, 27, 93, 62, 46, 96, 37, 21]","[1, 72]","{""median_norm"": 1.247011540543215, ""mad"": 0.050812164322137754, ""k"": 2.0, ""num_accepted"": 8, ""safety_keep_used"": false, ""fallback_used"": false}"
485,apra,apra_hierarchical_cluster,"[87, 27, 93, 46, 96, 37, 21]",[62],"{""best_k"": 2, ""best_score"": 0.4944431483745575, ""selected_cluster"": 0, ""cluster_scores"": {""0"": 0.9491864442825317, ""1"": -1.0}, ""num_trusted"": 7, ""fallback_used"": false}"
485,apra,apra_trust_weighted_clip,"[87, 27, 93, 46, 96, 37, 21]",[],"{""base_clip"": 1.0, ""trust_weights"": {""87"": 0.18735305964946747, ""27"": 0.0, ""93"": 0.18735305964946747, ""46"": 0.18735305964946747, ""96"": 0.09189555048942566, ""37"": 0.15869224071502686, ""21"": 0.18735305964946747}, ""num_aggregated"": 7}"
486,apra,apra_mad_filter,"[65, 39, 50, 32, 61, 93, 62, 31, 40]",[4],"{""median_norm"": 1.159914937308037, ""mad"": 0.05229029734379509, ""k"": 2.0, ""num_accepted"": 9, ""safety_keep_used"": false, ""fallback_used"": false}"
486,apra,apra_hierarchical_cluster,"[65, 39, 50, 32, 61, 93, 31, 40]",[62],"{""best_k"": 2, ""best_score"": 0.49232640862464905, ""selected_cluster"": 0, ""cluster_scores"": {""0"": 1.6305055618286133, ""1"": -1.0}, ""num_trusted"": 8, ""fallback_used"": false}"
486,apra,apra_trust_weighted_clip,"[65, 39, 50, 32, 61, 93, 31, 40]",[],"{""base_clip"": 1.0, ""trust_weights"": {""65"": 0.0, ""39"": 0.25, ""50"": 0.0, ""32"": 0.0, ""61"": 0.25, ""93"": 0.25, ""31"": 0.25, ""40"": 0.0}, ""num_aggregated"": 8}"
487,apra,apra_mad_filter,"[81, 42, 7, 95, 32, 94, 58]","[4, 1, 23]","{""median_norm"": 1.1440586251758433, ""mad"": 0.03482425771072972, ""k"": 2.0, ""num_accepted"": 7, ""safety_keep_used"": false, ""fallback_used"": false}"
487,apra,apra_hierarchical_cluster,"[81, 7, 95, 32, 58]","[42, 94]","{""best_k"": 2, ""best_score"": 0.4828529357910156, ""selected_cluster"": 0, ""cluster_scores"": {""0"": 2.9582154750823975, ""1"": 1.6985163688659668}, ""num_trusted"": 5, ""fallback_used"": false}"
487,apra,apra_trust_weighted_clip,"[81, 7, 95, 32, 58]",[],"{""base_clip"": 1.0, ""trust_weights"": {""81"": 0.3333333432674408, ""7"": 0.3333333432674408, ""95"": 0.0, ""32"": 0.0, ""58"": 0.3333333432674408}, ""num_aggregated"": 5}"
488,apra,apra_mad_filter,"[18, 88, 11, 59, 74, 27, 10, 52, 21]",[3],"{""median_norm"": 1.3036638953500226, ""mad"": 0.08335510054251605, ""k"": 2.0, ""num_accepted"": 9, ""safety_keep_used"": false, ""fallback_used"": false}"
488,apra,apra_hierarchical_cluster,"[18, 11, 74, 10, 52, 21]","[88, 59, 27]","{""best_k"": 4, ""best_score"": 0.47804176807403564, ""selected_cluster"": 0, ""cluster_scores"": {""0"": 2.428213119506836, ""1"": -1.0, ""2"": -1.0, ""3"": -1.0}, ""num_trusted"": 6, ""fallback_used"": false}"
488,apra,apra_trust_weighted_clip,"[18, 11, 74, 10, 52, 21]",[],"{""base_clip"": 1.0, ""trust_weights"": {""18"": 0.0, ""11"": 0.25, ""74"": 0.0, ""10"": 0.25, ""52"": 0.25, ""21"": 0.25}, ""num_aggregated"": 6}"
489,apra,apra_mad_filter,"[6, 43, 46, 21, 55, 57, 80, 78]","[2, 26]","{""median_norm"": 1.2044280882436547, ""mad"": 0.0346117560335617, ""k"": 2.0, ""num_accepted"": 8, ""safety_keep_used"": false, ""fallback_used"": false}"
489,apra,apra_hierarchical_cluster,"[6, 21, 55, 57, 78]","[43, 46, 80]","{""best_k"": 3, ""best_score"": 0.47571659088134766, ""selected_cluster"": 0, ""cluster_scores"": {""0"": 4.3187384605407715, ""1"": 1.9156014919281006, ""2"": -1.0}, ""num_trusted"": 5, ""fallback_used"": false}"
489,apra,apra_trust_weighted_clip,"[6, 21, 55, 57, 78]",[],"{""base_clip"": 1.0, ""trust_weights"": {""6"": 0.21560914814472198, ""21"": 0.26146361231803894, ""55"": 0.0, ""57"": 0.26146361231803894, ""78"": 0.26146361231803894}, ""num_aggregated"": 5}"
490,apra,apra_mad_filter,"[36, 84, 82, 40, 87, 90, 66, 32, 89]",[1],"{""median_norm"": 1.11591779893387, ""mad"": 0.03888035417649849, ""k"": 2.0, ""num_accepted"": 9, ""safety_keep_used"": false, ""fallback_used"": false}"
490,apra,apra_hierarchical_cluster,"[36, 40, 90, 32, 89]","[84, 82, 87, 66]","{""best_k"": 3, ""best_score"": 0.4950333833694458, ""selected_cluster"": 0, ""cluster_scores"": {""0"": 3.289975166320801, ""1"": -1.0, ""2"": 2.7160043716430664}, ""num_trusted"": 5, ""fallback_used"": false}"
490,apra,apra_trust_weighted_clip,"[36, 40, 90, 32, 89]",[],"{""base_clip"": 1.0, ""trust_weights"": {""36"": 0.2, ""40"": 0.2, ""90"": 0.2, ""32"": 0.2, ""89"": 0.2}, ""num_aggregated"": 5}"
491,apra,apra_mad_filter,"[19, 51, 72, 92, 60, 98, 91, 63, 76]",[3],"{""median_norm"": 1.3385218399012102, ""mad"": 0.10586361009275191, ""k"": 2.0, ""num_accepted"": 9, ""safety_keep_used"": false, ""fallback_used"": false}"
491,apra,apra_hierarchical_cluster,"[19, 51, 72, 92, 60, 98, 91, 63]",[76],"{""best_k"": 2, ""best_score"": 0.5741620659828186, ""selected_cluster"": 0, ""cluster_scores"": {""0"": 2.869419574737549, ""1"": -1.0}, ""num_trusted"": 8, ""fallback_used"": false}"
491,apra,apra_trust_weighted_clip,"[19, 51, 72, 92, 60, 98, 91, 63]",[],"{""base_clip"": 1.0, ""trust_weights"": {""19"": 0.1428571492433548, ""51"": 0.0, ""72"": 0.1428571492433548, ""92"": 0.1428571492433548, ""60"": 0.1428571492433548, ""98"": 0.1428571492433548, ""91"": 0.1428571492433548, ""63"": 0.1428571492433548}, ""num_aggregated"": 8}"
492,apra,apra_mad_filter,"[94, 66, 86, 73, 77, 11, 22]","[1, 68, 35]","{""median_norm"": 1.1672591850973242, ""mad"": 0.03750891132924694, ""k"": 2.0, ""num_accepted"": 7, ""safety_keep_used"": false, ""fallback_used"": false}"
492,apra,apra_hierarchical_cluster,"[94, 86, 77, 11, 22]","[66, 73]","{""best_k"": 2, ""best_score"": 0.5509456396102905, ""selected_cluster"": 1, ""cluster_scores"": {""0"": 1.8326489925384521, ""1"": 4.235016822814941}, ""num_trusted"": 5, ""fallback_used"": false}"
492,apra,apra_trust_weighted_clip,"[94, 86, 77, 11, 22]",[],"{""base_clip"": 1.0, ""trust_weights"": {""94"": 0.0, ""86"": 0.0, ""77"": 0.3333333432674408, ""11"": 0.3333333432674408, ""22"": 0.3333333432674408}, ""num_aggregated"": 5}"
493,apra,apra_mad_filter,"[56, 57, 22, 65, 63, 62, 64, 69]","[4, 33]","{""median_norm"": 1.1765498595187673, ""mad"": 0.05131726704140027, ""k"": 2.0, ""num_accepted"": 8, ""safety_keep_used"": false, ""fallback_used"": false}"
493,apra,apra_hierarchical_cluster,"[56, 57, 22, 65, 63, 64, 69]",[62],"{""best_k"": 2, ""best_score"": 0.7744722366333008, ""selected_cluster"": 0, ""cluster_scores"": {""0"": 6.524392127990723, ""1"": -1.0}, ""num_trusted"": 7, ""fallback_used"": false}"
493,apra,apra_trust_weighted_clip,"[56, 57, 22, 65, 63, 64, 69]",[],"{""base_clip"": 1.0, ""trust_weights"": {""56"": 0.26782411336898804, ""57"": 0.0, ""22"": 0.26782411336898804, ""65"": 0.0, ""63"": 0.1965276598930359, ""64"": 0.0, ""69"": 0.26782411336898804}, ""num_aggregated"": 7}"
494,apra,apra_mad_filter,"[79, 11, 7, 38, 57, 49, 91, 22]","[3, 2]","{""median_norm"": 1.1772094878915116, ""mad"": 0.04018639571011995, ""k"": 2.0, ""num_accepted"": 8, ""safety_keep_used"": false, ""fallback_used"": false}"
494,apra,apra_hierarchical_cluster,"[79, 57, 49]","[11, 7, 38, 91, 22]","{""best_k"": 3, ""best_score"": 0.5043849349021912, ""selected_cluster"": 0, ""cluster_scores"": {""0"": 2.8092751502990723, ""1"": 2.3698630332946777, ""2"": 1.9286527633666992}, ""num_trusted"": 3, ""fallback_used"": false}"
494,apra,apra_trust_weighted_clip,"[79, 57, 49]",[],"{""base_clip"": 1.0, ""trust_weights"": {""79"": 0.3333333333333333, ""57"": 0.3333333333333333, ""49"": 0.3333333333333333}, ""num_aggregated"": 3}"
495,apra,apra_mad_filter,"[49, 80, 41, 24, 37, 13, 63, 29]","[4, 96]","{""median_norm"": 1.247865729080793, ""mad"": 0.0690281723597278, ""k"": 2.0, ""num_accepted"": 8, ""safety_keep_used"": false, ""fallback_used"": false}"
495,apra,apra_hierarchical_cluster,"[49, 80, 24, 13, 63, 29]","[41, 37]","{""best_k"": 3, ""best_score"": 0.5975123643875122, ""selected_cluster"": 0, ""cluster_scores"": {""0"": 4.122823715209961, ""1"": -1.0, ""2"": -1.0}, ""num_trusted"": 6, ""fallback_used"": false}"
495,apra,apra_trust_weighted_clip,"[49, 80, 24, 13, 63, 29]",[],"{""base_clip"": 1.0, ""trust_weights"": {""49"": 0.20000000298023224, ""80"": 0.20000000298023224, ""24"": 0.20000000298023224, ""13"": 0.20000000298023224, ""63"": 0.20000000298023224, ""29"": 0.0}, ""num_aggregated"": 6}"
496,apra,apra_mad_filter,"[86, 66, 7, 19, 37, 34, 10, 91]","[0, 3]","{""median_norm"": 1.142128189290422, ""mad"": 0.03215132412343835, ""k"": 2.0, ""num_accepted"": 8, ""safety_keep_used"": false, ""fallback_used"": false}"
496,apra,apra_hierarchical_cluster,"[86, 66, 7, 19, 34, 10, 91]",[37],"{""best_k"": 2, ""best_score"": 0.3588598966598511, ""selected_cluster"": 0, ""cluster_scores"": {""0"": 0.7854788303375244, ""1"": -1.0}, ""num_trusted"": 7, ""fallback_used"": false}"
496,apra,apra_trust_weighted_clip,"[86, 66, 7, 19, 34, 10, 91]",[],"{""base_clip"": 1.0, ""trust_weights"": {""86"": 0.17427454888820648, ""66"": 0.17427454888820648, ""7"": 0.15145088732242584, ""19"": 0.0, ""34"": 0.17427454888820648, ""10"": 0.17427454888820648, ""91"": 0.15145088732242584}, ""num_aggregated"": 7}"
497,apra,apra_mad_filter,"[59, 14, 73, 9, 18, 77, 36, 32, 89]",[0],"{""median_norm"": 1.2321323514536187, ""mad"": 0.07312367154207444, ""k"": 2.0, ""num_accepted"": 9, ""safety_keep_used"": false, ""fallback_used"": false}"
497,apra,apra_hierarchical_cluster,"[14, 9, 18, 77, 36, 32, 89]","[59, 73]","{""best_k"": 3, ""best_score"": 0.5627191066741943, ""selected_cluster"": 0, ""cluster_scores"": {""0"": 4.084930896759033, ""1"": -1.0, ""2"": -1.0}, ""num_trusted"": 7, ""fallback_used"": false}"
497,apra,apra_trust_weighted_clip,"[14, 9, 18, 77, 36, 32, 89]",[],"{""base_clip"": 1.0, ""trust_weights"": {""14"": 0.0, ""9"": 0.0, ""18"": 0.25, ""77"": 0.25, ""36"": 0.0, ""32"": 0.25, ""89"": 0.25}, ""num_aggregated"": 7}"
498,apra,apra_mad_filter,"[59, 8, 24, 55, 47, 57, 68, 13, 38]",[1],"{""median_norm"": 1.2164333891186918, ""mad"": 0.07018287953483426, ""k"": 2.0, ""num_accepted"": 9, ""safety_keep_used"": false, ""fallback_used"": false}"
498,apra,apra_hierarchical_cluster,"[59, 8, 24, 55, 47, 57, 13, 38]",[68],"{""best_k"": 2, ""best_score"": 0.7022882103919983, ""selected_cluster"": 0, ""cluster_scores"": {""0"": 4.948187351226807, ""1"": -1.0}, ""num_trusted"": 8, ""fallback_used"": false}"
498,apra,apra_trust_weighted_clip,"[59, 8, 24, 55, 47, 57, 13, 38]",[],"{""base_clip"": 1.0, ""trust_weights"": {""59"": 0.0, ""8"": 0.1428571492433548, ""24"": 0.1428571492433548, ""55"": 0.1428571492433548, ""47"": 0.1428571492433548, ""57"": 0.1428571492433548, ""13"": 0.1428571492433548, ""38"": 0.1428571492433548}, ""num_aggregated"": 8}"
499,apra,apra_mad_filter,"[46, 41, 11, 75, 27, 48]","[4, 51, 29, 3]","{""median_norm"": 1.2267179897169784, ""mad"": 0.050218608572037526, ""k"": 2.0, ""num_accepted"": 6, ""safety_keep_used"": false, ""fallback_used"": false}"
499,apra,apra_hierarchical_cluster,"[46, 11, 75, 27]","[41, 48]","{""best_k"": 3, ""best_score"": 0.4631763696670532, ""selected_cluster"": 0, ""cluster_scores"": {""0"": 2.2867445945739746, ""1"": -1.0, ""2"": -1.0}, ""num_trusted"": 4, ""fallback_used"": false}"
499,apra,apra_trust_weighted_clip,"[46, 11, 75, 27]",[],"{""base_clip"": 1.0, ""trust_weights"": {""46"": 0.0, ""11"": 0.5, ""75"": 0.5, ""27"": 0.0}, ""num_aggregated"": 4}"
500,apra,apra_mad_filter,"[9, 85, 11, 15, 93, 42, 66, 39]","[1, 4]","{""median_norm"": 1.2623999965799753, ""mad"": 0.11241409623918275, ""k"": 2.0, ""num_accepted"": 8, ""safety_keep_used"": false, ""fallback_used"": false}"
500,apra,apra_hierarchical_cluster,"[9, 11, 15, 93, 42, 66, 39]",[85],"{""best_k"": 2, ""best_score"": 0.6221753358840942, ""selected_cluster"": 0, ""cluster_scores"": {""0"": 3.7044484615325928, ""1"": -1.0}, ""num_trusted"": 7, ""fallback_used"": false}"
500,apra,apra_trust_weighted_clip,"[9, 11, 15, 93, 42, 66, 39]",[],"{""base_clip"": 1.0, ""trust_weights"": {""9"": 0.19416141510009766, ""11"": 0.19416141510009766, ""15"": 0.11167716979980469, ""93"": 0.0, ""42"": 0.19416141510009766, ""66"": 0.11167716979980469, ""39"": 0.19416141510009766}, ""num_aggregated"": 7}"
