epoch,method,status,initial_participants,final_selected,rejected,num_initial,num_final,stage_names,pkl_path
1,apra,success,"[1, 10, 51, 26, 32, 3, 71, 38, 50, 6]","[10, 51, 32, 71, 38, 50, 6]","[1, 26, 3]",10,7,"[""apra_mad_filter"", ""apra_hierarchical_cluster"", ""apra_trust_weighted_clip""]",../main/re_result_6-29_APRA/cifar100_500_Jul.02_12.10.04_apra_fix_True_no-mia_no-mia-class_no-noise_modelreplace_5/agg_records/pkl/round_0001_apra.pkl
2,apra,success,"[0, 61, 21, 96, 51, 20, 66, 99, 2, 31]","[61, 21, 96, 51, 20, 99, 31]","[0, 66, 2]",10,7,"[""apra_mad_filter"", ""apra_hierarchical_cluster"", ""apra_trust_weighted_clip""]",../main/re_result_6-29_APRA/cifar100_500_Jul.02_12.10.04_apra_fix_True_no-mia_no-mia-class_no-noise_modelreplace_5/agg_records/pkl/round_0002_apra.pkl
3,apra,success,"[1, 90, 52, 40, 78, 7, 66, 37, 86, 64]","[90, 52, 40, 78, 7, 66, 86, 64]","[1, 37]",10,8,"[""apra_mad_filter"", ""apra_hierarchical_cluster"", ""apra_trust_weighted_clip""]",../main/re_result_6-29_APRA/cifar100_500_Jul.02_12.10.04_apra_fix_True_no-mia_no-mia-class_no-noise_modelreplace_5/agg_records/pkl/round_0003_apra.pkl
4,apra,success,"[2, 74, 11, 81, 12, 56, 31, 33, 84, 91]","[74, 11, 81, 12, 56, 31, 84, 91]","[2, 33]",10,8,"[""apra_mad_filter"", ""apra_hierarchical_cluster"", ""apra_trust_weighted_clip""]",../main/re_result_6-29_APRA/cifar100_500_Jul.02_12.10.04_apra_fix_True_no-mia_no-mia-class_no-noise_modelreplace_5/agg_records/pkl/round_0004_apra.pkl
5,apra,success,"[1, 88, 5, 30, 13, 8, 92, 89, 50, 53]","[5, 30, 13, 8, 92, 89, 50, 53]","[1, 88]",10,8,"[""apra_mad_filter"", ""apra_hierarchical_cluster"", ""apra_trust_weighted_clip""]",../main/re_result_6-29_APRA/cifar100_500_Jul.02_12.10.04_apra_fix_True_no-mia_no-mia-class_no-noise_modelreplace_5/agg_records/pkl/round_0005_apra.pkl
6,apra,success,"[1, 99, 49, 56, 23, 97, 19, 68, 36, 47]","[99, 49, 56, 23, 97, 19, 36, 47]","[1, 68]",10,8,"[""apra_mad_filter"", ""apra_hierarchical_cluster"", ""apra_trust_weighted_clip""]",../main/re_result_6-29_APRA/cifar100_500_Jul.02_12.10.04_apra_fix_True_no-mia_no-mia-class_no-noise_modelreplace_5/agg_records/pkl/round_0006_apra.pkl
7,apra,success,"[2, 40, 10, 38, 97, 0, 69, 82, 43, 59]","[40, 10, 38, 97, 69, 82, 43]","[2, 0, 59]",10,7,"[""apra_mad_filter"", ""apra_hierarchical_cluster"", ""apra_trust_weighted_clip""]",../main/re_result_6-29_APRA/cifar100_500_Jul.02_12.10.04_apra_fix_True_no-mia_no-mia-class_no-noise_modelreplace_5/agg_records/pkl/round_0007_apra.pkl
8,apra,success,"[4, 49, 20, 21, 74, 46, 10, 98, 14, 82]","[49, 21, 74, 46, 10, 98, 14, 82]","[4, 20]",10,8,"[""apra_mad_filter"", ""apra_hierarchical_cluster"", ""apra_trust_weighted_clip""]",../main/re_result_6-29_APRA/cifar100_500_Jul.02_12.10.04_apra_fix_True_no-mia_no-mia-class_no-noise_modelreplace_5/agg_records/pkl/round_0008_apra.pkl
9,apra,success,"[0, 66, 40, 68, 55, 11, 5, 49, 94, 54]","[66, 40, 68, 55, 11, 5, 49, 94]","[0, 54]",10,8,"[""apra_mad_filter"", ""apra_hierarchical_cluster"", ""apra_trust_weighted_clip""]",../main/re_result_6-29_APRA/cifar100_500_Jul.02_12.10.04_apra_fix_True_no-mia_no-mia-class_no-noise_modelreplace_5/agg_records/pkl/round_0009_apra.pkl
10,apra,success,"[0, 95, 85, 8, 24, 50, 1, 38, 54, 76]","[95, 85, 8, 24, 50, 38, 54]","[0, 1, 76]",10,7,"[""apra_mad_filter"", ""apra_hierarchical_cluster"", ""apra_trust_weighted_clip""]",../main/re_result_6-29_APRA/cifar100_500_Jul.02_12.10.04_apra_fix_True_no-mia_no-mia-class_no-noise_modelreplace_5/agg_records/pkl/round_0010_apra.pkl
11,apra,success,"[0, 82, 14, 57, 34, 79, 85, 43, 26, 66]","[82, 14, 57, 34, 79, 85, 43, 66]","[0, 26]",10,8,"[""apra_mad_filter"", ""apra_hierarchical_cluster"", ""apra_trust_weighted_clip""]",../main/re_result_6-29_APRA/cifar100_500_Jul.02_12.10.04_apra_fix_True_no-mia_no-mia-class_no-noise_modelreplace_5/agg_records/pkl/round_0011_apra.pkl
12,apra,success,"[4, 14, 93, 49, 18, 40, 36, 10, 3, 54]","[14, 93, 49, 18, 40, 10]","[4, 36, 3, 54]",10,6,"[""apra_mad_filter"", ""apra_hierarchical_cluster"", ""apra_trust_weighted_clip""]",../main/re_result_6-29_APRA/cifar100_500_Jul.02_12.10.04_apra_fix_True_no-mia_no-mia-class_no-noise_modelreplace_5/agg_records/pkl/round_0012_apra.pkl
13,apra,success,"[3, 81, 63, 70, 37, 41, 61, 29, 19, 10]","[81, 63, 70, 37, 61, 29, 19, 10]","[3, 41]",10,8,"[""apra_mad_filter"", ""apra_hierarchical_cluster"", ""apra_trust_weighted_clip""]",../main/re_result_6-29_APRA/cifar100_500_Jul.02_12.10.04_apra_fix_True_no-mia_no-mia-class_no-noise_modelreplace_5/agg_records/pkl/round_0013_apra.pkl
14,apra,success,"[3, 45, 8, 23, 88, 36, 20, 28, 68, 74]","[45, 8, 23, 36, 20, 28, 74]","[3, 88, 68]",10,7,"[""apra_mad_filter"", ""apra_hierarchical_cluster"", ""apra_trust_weighted_clip""]",../main/re_result_6-29_APRA/cifar100_500_Jul.02_12.10.04_apra_fix_True_no-mia_no-mia-class_no-noise_modelreplace_5/agg_records/pkl/round_0014_apra.pkl
15,apra,success,"[1, 45, 35, 96, 33, 2, 59, 10, 9, 83]","[45, 96, 59, 10, 9, 83]","[1, 35, 33, 2]",10,6,"[""apra_mad_filter"", ""apra_hierarchical_cluster"", ""apra_trust_weighted_clip""]",../main/re_result_6-29_APRA/cifar100_500_Jul.02_12.10.04_apra_fix_True_no-mia_no-mia-class_no-noise_modelreplace_5/agg_records/pkl/round_0015_apra.pkl
16,apra,success,"[0, 88, 60, 97, 22, 79, 67, 48, 4, 32]","[60, 97, 22, 79, 67, 48, 32]","[0, 88, 4]",10,7,"[""apra_mad_filter"", ""apra_hierarchical_cluster"", ""apra_trust_weighted_clip""]",../main/re_result_6-29_APRA/cifar100_500_Jul.02_12.10.04_apra_fix_True_no-mia_no-mia-class_no-noise_modelreplace_5/agg_records/pkl/round_0016_apra.pkl
17,apra,success,"[0, 45, 82, 96, 4, 55, 56, 57, 13, 33]","[45, 82, 96, 55, 56, 57, 13]","[0, 4, 33]",10,7,"[""apra_mad_filter"", ""apra_hierarchical_cluster"", ""apra_trust_weighted_clip""]",../main/re_result_6-29_APRA/cifar100_500_Jul.02_12.10.04_apra_fix_True_no-mia_no-mia-class_no-noise_modelreplace_5/agg_records/pkl/round_0017_apra.pkl
18,apra,success,"[4, 44, 30, 29, 85, 26, 16, 64, 98, 11]","[30, 29, 85, 26, 16, 64, 98, 11]","[4, 44]",10,8,"[""apra_mad_filter"", ""apra_hierarchical_cluster"", ""apra_trust_weighted_clip""]",../main/re_result_6-29_APRA/cifar100_500_Jul.02_12.10.04_apra_fix_True_no-mia_no-mia-class_no-noise_modelreplace_5/agg_records/pkl/round_0018_apra.pkl
19,apra,success,"[2, 59, 74, 98, 41, 46, 33, 95, 9, 22]","[74, 98, 41, 46, 95, 9, 22]","[2, 59, 33]",10,7,"[""apra_mad_filter"", ""apra_hierarchical_cluster"", ""apra_trust_weighted_clip""]",../main/re_result_6-29_APRA/cifar100_500_Jul.02_12.10.04_apra_fix_True_no-mia_no-mia-class_no-noise_modelreplace_5/agg_records/pkl/round_0019_apra.pkl
20,apra,success,"[4, 71, 89, 22, 38, 97, 98, 75, 23, 21]","[22, 38, 98, 75, 23, 21]","[4, 71, 89, 97]",10,6,"[""apra_mad_filter"", ""apra_hierarchical_cluster"", ""apra_trust_weighted_clip""]",../main/re_result_6-29_APRA/cifar100_500_Jul.02_12.10.04_apra_fix_True_no-mia_no-mia-class_no-noise_modelreplace_5/agg_records/pkl/round_0020_apra.pkl
21,apra,success,"[0, 24, 65, 86, 71, 10, 46, 84, 7, 66]","[24, 86, 10, 84]","[0, 65, 71, 46, 7, 66]",10,4,"[""apra_mad_filter"", ""apra_hierarchical_cluster"", ""apra_trust_weighted_clip""]",../main/re_result_6-29_APRA/cifar100_500_Jul.02_12.10.04_apra_fix_True_no-mia_no-mia-class_no-noise_modelreplace_5/agg_records/pkl/round_0021_apra.pkl
22,apra,success,"[4, 88, 46, 18, 15, 57, 51, 71, 0, 16]","[88, 46, 18, 15, 57, 51, 16]","[4, 71, 0]",10,7,"[""apra_mad_filter"", ""apra_hierarchical_cluster"", ""apra_trust_weighted_clip""]",../main/re_result_6-29_APRA/cifar100_500_Jul.02_12.10.04_apra_fix_True_no-mia_no-mia-class_no-noise_modelreplace_5/agg_records/pkl/round_0022_apra.pkl
23,apra,success,"[1, 54, 78, 56, 22, 43, 6, 42, 98, 8]","[78, 56, 22, 43, 6, 42, 98]","[1, 54, 8]",10,7,"[""apra_mad_filter"", ""apra_hierarchical_cluster"", ""apra_trust_weighted_clip""]",../main/re_result_6-29_APRA/cifar100_500_Jul.02_12.10.04_apra_fix_True_no-mia_no-mia-class_no-noise_modelreplace_5/agg_records/pkl/round_0023_apra.pkl
24,apra,success,"[3, 95, 30, 92, 18, 36, 96, 77, 9, 38]","[95, 30, 18, 77, 9, 38]","[3, 92, 36, 96]",10,6,"[""apra_mad_filter"", ""apra_hierarchical_cluster"", ""apra_trust_weighted_clip""]",../main/re_result_6-29_APRA/cifar100_500_Jul.02_12.10.04_apra_fix_True_no-mia_no-mia-class_no-noise_modelreplace_5/agg_records/pkl/round_0024_apra.pkl
25,apra,success,"[1, 7, 32, 89, 97, 22, 47, 6, 95, 63]","[7, 22, 6, 95, 63]","[1, 32, 89, 97, 47]",10,5,"[""apra_mad_filter"", ""apra_hierarchical_cluster"", ""apra_trust_weighted_clip""]",../main/re_result_6-29_APRA/cifar100_500_Jul.02_12.10.04_apra_fix_True_no-mia_no-mia-class_no-noise_modelreplace_5/agg_records/pkl/round_0025_apra.pkl
26,apra,success,"[2, 77, 51, 20, 31, 72, 30, 65, 37, 38]","[77, 51, 31, 30, 65, 37, 38]","[2, 20, 72]",10,7,"[""apra_mad_filter"", ""apra_hierarchical_cluster"", ""apra_trust_weighted_clip""]",../main/re_result_6-29_APRA/cifar100_500_Jul.02_12.10.04_apra_fix_True_no-mia_no-mia-class_no-noise_modelreplace_5/agg_records/pkl/round_0026_apra.pkl
27,apra,success,"[0, 98, 87, 30, 62, 83, 51, 46, 33, 27]","[98, 87, 30, 46]","[0, 62, 83, 51, 33, 27]",10,4,"[""apra_mad_filter"", ""apra_hierarchical_cluster"", ""apra_trust_weighted_clip""]",../main/re_result_6-29_APRA/cifar100_500_Jul.02_12.10.04_apra_fix_True_no-mia_no-mia-class_no-noise_modelreplace_5/agg_records/pkl/round_0027_apra.pkl
28,apra,success,"[4, 75, 76, 35, 20, 94, 72, 97, 46, 95]","[75, 76, 94, 97, 46, 95]","[4, 35, 20, 72]",10,6,"[""apra_mad_filter"", ""apra_hierarchical_cluster"", ""apra_trust_weighted_clip""]",../main/re_result_6-29_APRA/cifar100_500_Jul.02_12.10.04_apra_fix_True_no-mia_no-mia-class_no-noise_modelreplace_5/agg_records/pkl/round_0028_apra.pkl
29,apra,success,"[4, 2, 25, 29, 3, 67, 53, 82, 33, 13]","[25, 29, 67, 53, 82, 13]","[4, 2, 3, 33]",10,6,"[""apra_mad_filter"", ""apra_hierarchical_cluster"", ""apra_trust_weighted_clip""]",../main/re_result_6-29_APRA/cifar100_500_Jul.02_12.10.04_apra_fix_True_no-mia_no-mia-class_no-noise_modelreplace_5/agg_records/pkl/round_0029_apra.pkl
30,apra,success,"[2, 72, 53, 84, 32, 17, 76, 6, 66, 41]","[72, 53, 84, 17, 6, 66, 41]","[2, 32, 76]",10,7,"[""apra_mad_filter"", ""apra_hierarchical_cluster"", ""apra_trust_weighted_clip""]",../main/re_result_6-29_APRA/cifar100_500_Jul.02_12.10.04_apra_fix_True_no-mia_no-mia-class_no-noise_modelreplace_5/agg_records/pkl/round_0030_apra.pkl
31,apra,success,"[0, 43, 8, 97, 35, 86, 66, 64, 85, 14]","[43, 8, 97, 86, 66, 64, 85, 14]","[0, 35]",10,8,"[""apra_mad_filter"", ""apra_hierarchical_cluster"", ""apra_trust_weighted_clip""]",../main/re_result_6-29_APRA/cifar100_500_Jul.02_12.10.04_apra_fix_True_no-mia_no-mia-class_no-noise_modelreplace_5/agg_records/pkl/round_0031_apra.pkl
32,apra,success,"[2, 75, 4, 41, 16, 72, 17, 28, 60, 63]","[75, 16, 72, 17, 28, 60, 63]","[2, 4, 41]",10,7,"[""apra_mad_filter"", ""apra_hierarchical_cluster"", ""apra_trust_weighted_clip""]",../main/re_result_6-29_APRA/cifar100_500_Jul.02_12.10.04_apra_fix_True_no-mia_no-mia-class_no-noise_modelreplace_5/agg_records/pkl/round_0032_apra.pkl
33,apra,success,"[1, 14, 8, 79, 7, 62, 33, 37, 61, 74]","[14, 8, 79, 7, 62, 37, 61, 74]","[1, 33]",10,8,"[""apra_mad_filter"", ""apra_hierarchical_cluster"", ""apra_trust_weighted_clip""]",../main/re_result_6-29_APRA/cifar100_500_Jul.02_12.10.04_apra_fix_True_no-mia_no-mia-class_no-noise_modelreplace_5/agg_records/pkl/round_0033_apra.pkl
34,apra,success,"[1, 73, 14, 89, 10, 61, 16, 63, 33, 92]","[73, 14, 89, 10, 61, 16, 63, 92]","[1, 33]",10,8,"[""apra_mad_filter"", ""apra_hierarchical_cluster"", ""apra_trust_weighted_clip""]",../main/re_result_6-29_APRA/cifar100_500_Jul.02_12.10.04_apra_fix_True_no-mia_no-mia-class_no-noise_modelreplace_5/agg_records/pkl/round_0034_apra.pkl
35,apra,success,"[0, 4, 26, 91, 33, 46, 51, 68, 87, 65]","[91, 46, 51, 68, 87, 65]","[0, 4, 26, 33]",10,6,"[""apra_mad_filter"", ""apra_hierarchical_cluster"", ""apra_trust_weighted_clip""]",../main/re_result_6-29_APRA/cifar100_500_Jul.02_12.10.04_apra_fix_True_no-mia_no-mia-class_no-noise_modelreplace_5/agg_records/pkl/round_0035_apra.pkl
36,apra,success,"[2, 68, 51, 43, 87, 63, 97, 27, 62, 38]","[51, 43, 87, 63, 97, 27, 62, 38]","[2, 68]",10,8,"[""apra_mad_filter"", ""apra_hierarchical_cluster"", ""apra_trust_weighted_clip""]",../main/re_result_6-29_APRA/cifar100_500_Jul.02_12.10.04_apra_fix_True_no-mia_no-mia-class_no-noise_modelreplace_5/agg_records/pkl/round_0036_apra.pkl
37,apra,success,"[2, 77, 49, 52, 0, 57, 18, 29, 51, 94]","[77, 49, 18, 51]","[2, 52, 0, 57, 29, 94]",10,4,"[""apra_mad_filter"", ""apra_hierarchical_cluster"", ""apra_trust_weighted_clip""]",../main/re_result_6-29_APRA/cifar100_500_Jul.02_12.10.04_apra_fix_True_no-mia_no-mia-class_no-noise_modelreplace_5/agg_records/pkl/round_0037_apra.pkl
38,apra,success,"[0, 99, 38, 61, 34, 14, 19, 1, 72, 70]","[99, 38, 34, 14, 72]","[0, 61, 19, 1, 70]",10,5,"[""apra_mad_filter"", ""apra_hierarchical_cluster"", ""apra_trust_weighted_clip""]",../main/re_result_6-29_APRA/cifar100_500_Jul.02_12.10.04_apra_fix_True_no-mia_no-mia-class_no-noise_modelreplace_5/agg_records/pkl/round_0038_apra.pkl
39,apra,success,"[0, 25, 56, 67, 77, 27, 65, 82, 20, 46]","[25, 56, 67, 65, 82, 20, 46]","[0, 77, 27]",10,7,"[""apra_mad_filter"", ""apra_hierarchical_cluster"", ""apra_trust_weighted_clip""]",../main/re_result_6-29_APRA/cifar100_500_Jul.02_12.10.04_apra_fix_True_no-mia_no-mia-class_no-noise_modelreplace_5/agg_records/pkl/round_0039_apra.pkl
40,apra,success,"[1, 69, 87, 75, 81, 37, 0, 40, 28, 32]","[87, 75, 81, 40, 32]","[1, 69, 37, 0, 28]",10,5,"[""apra_mad_filter"", ""apra_hierarchical_cluster"", ""apra_trust_weighted_clip""]",../main/re_result_6-29_APRA/cifar100_500_Jul.02_12.10.04_apra_fix_True_no-mia_no-mia-class_no-noise_modelreplace_5/agg_records/pkl/round_0040_apra.pkl
41,apra,success,"[2, 15, 52, 3, 18, 51, 78, 91, 43, 62]","[18, 51, 78, 91, 43]","[2, 15, 52, 3, 62]",10,5,"[""apra_mad_filter"", ""apra_hierarchical_cluster"", ""apra_trust_weighted_clip""]",../main/re_result_6-29_APRA/cifar100_500_Jul.02_12.10.04_apra_fix_True_no-mia_no-mia-class_no-noise_modelreplace_5/agg_records/pkl/round_0041_apra.pkl
42,apra,success,"[3, 48, 17, 89, 56, 54, 72, 38, 7, 28]","[17, 89, 56, 7]","[3, 48, 54, 72, 38, 28]",10,4,"[""apra_mad_filter"", ""apra_hierarchical_cluster"", ""apra_trust_weighted_clip""]",../main/re_result_6-29_APRA/cifar100_500_Jul.02_12.10.04_apra_fix_True_no-mia_no-mia-class_no-noise_modelreplace_5/agg_records/pkl/round_0042_apra.pkl
43,apra,success,"[0, 55, 26, 52, 61, 67, 9, 59, 41, 20]","[55, 52, 61, 67, 9, 59]","[0, 26, 41, 20]",10,6,"[""apra_mad_filter"", ""apra_hierarchical_cluster"", ""apra_trust_weighted_clip""]",../main/re_result_6-29_APRA/cifar100_500_Jul.02_12.10.04_apra_fix_True_no-mia_no-mia-class_no-noise_modelreplace_5/agg_records/pkl/round_0043_apra.pkl
44,apra,success,"[2, 83, 71, 9, 32, 44, 63, 50, 35, 21]","[83, 44, 63, 50, 21]","[2, 71, 9, 32, 35]",10,5,"[""apra_mad_filter"", ""apra_hierarchical_cluster"", ""apra_trust_weighted_clip""]",../main/re_result_6-29_APRA/cifar100_500_Jul.02_12.10.04_apra_fix_True_no-mia_no-mia-class_no-noise_modelreplace_5/agg_records/pkl/round_0044_apra.pkl
45,apra,success,"[4, 66, 30, 97, 79, 29, 1, 27, 80, 98]","[66, 30, 97, 79, 80, 98]","[4, 29, 1, 27]",10,6,"[""apra_mad_filter"", ""apra_hierarchical_cluster"", ""apra_trust_weighted_clip""]",../main/re_result_6-29_APRA/cifar100_500_Jul.02_12.10.04_apra_fix_True_no-mia_no-mia-class_no-noise_modelreplace_5/agg_records/pkl/round_0045_apra.pkl
46,apra,success,"[2, 31, 77, 47, 18, 95, 90, 51, 6, 67]","[31, 77, 18, 95, 90, 51, 6, 67]","[2, 47]",10,8,"[""apra_mad_filter"", ""apra_hierarchical_cluster"", ""apra_trust_weighted_clip""]",../main/re_result_6-29_APRA/cifar100_500_Jul.02_12.10.04_apra_fix_True_no-mia_no-mia-class_no-noise_modelreplace_5/agg_records/pkl/round_0046_apra.pkl
47,apra,success,"[4, 45, 25, 24, 77, 72, 60, 31, 38, 91]","[45, 24, 60, 31, 38]","[4, 25, 77, 72, 91]",10,5,"[""apra_mad_filter"", ""apra_hierarchical_cluster"", ""apra_trust_weighted_clip""]",../main/re_result_6-29_APRA/cifar100_500_Jul.02_12.10.04_apra_fix_True_no-mia_no-mia-class_no-noise_modelreplace_5/agg_records/pkl/round_0047_apra.pkl
48,apra,success,"[0, 12, 11, 33, 80, 78, 63, 93, 39, 59]","[12, 11, 80, 78, 63, 93, 39]","[0, 33, 59]",10,7,"[""apra_mad_filter"", ""apra_hierarchical_cluster"", ""apra_trust_weighted_clip""]",../main/re_result_6-29_APRA/cifar100_500_Jul.02_12.10.04_apra_fix_True_no-mia_no-mia-class_no-noise_modelreplace_5/agg_records/pkl/round_0048_apra.pkl
49,apra,success,"[2, 35, 94, 63, 26, 87, 84, 58, 60, 5]","[94, 63, 84, 58, 60]","[2, 35, 26, 87, 5]",10,5,"[""apra_mad_filter"", ""apra_hierarchical_cluster"", ""apra_trust_weighted_clip""]",../main/re_result_6-29_APRA/cifar100_500_Jul.02_12.10.04_apra_fix_True_no-mia_no-mia-class_no-noise_modelreplace_5/agg_records/pkl/round_0049_apra.pkl
50,apra,success,"[2, 98, 76, 79, 6, 74, 54, 59, 69, 9]","[98, 79, 6, 74, 54, 69, 9]","[2, 76, 59]",10,7,"[""apra_mad_filter"", ""apra_hierarchical_cluster"", ""apra_trust_weighted_clip""]",../main/re_result_6-29_APRA/cifar100_500_Jul.02_12.10.04_apra_fix_True_no-mia_no-mia-class_no-noise_modelreplace_5/agg_records/pkl/round_0050_apra.pkl
51,apra,success,"[4, 40, 47, 50, 44, 74, 62, 58, 30, 79]","[40, 50, 44, 74, 62, 58, 30, 79]","[4, 47]",10,8,"[""apra_mad_filter"", ""apra_hierarchical_cluster"", ""apra_trust_weighted_clip""]",../main/re_result_6-29_APRA/cifar100_500_Jul.02_12.10.04_apra_fix_True_no-mia_no-mia-class_no-noise_modelreplace_5/agg_records/pkl/round_0051_apra.pkl
52,apra,success,"[3, 13, 5, 85, 26, 99, 88, 33, 2, 44]","[13, 5, 85, 99, 88, 44]","[3, 26, 33, 2]",10,6,"[""apra_mad_filter"", ""apra_hierarchical_cluster"", ""apra_trust_weighted_clip""]",../main/re_result_6-29_APRA/cifar100_500_Jul.02_12.10.04_apra_fix_True_no-mia_no-mia-class_no-noise_modelreplace_5/agg_records/pkl/round_0052_apra.pkl
53,apra,success,"[3, 27, 52, 70, 94, 75, 13, 7, 67, 96]","[27, 94, 75, 13, 7, 67]","[3, 52, 70, 96]",10,6,"[""apra_mad_filter"", ""apra_hierarchical_cluster"", ""apra_trust_weighted_clip""]",../main/re_result_6-29_APRA/cifar100_500_Jul.02_12.10.04_apra_fix_True_no-mia_no-mia-class_no-noise_modelreplace_5/agg_records/pkl/round_0053_apra.pkl
54,apra,success,"[0, 38, 15, 91, 87, 64, 41, 55, 80, 82]","[64, 80, 82]","[0, 38, 15, 91, 87, 41, 55]",10,3,"[""apra_mad_filter"", ""apra_hierarchical_cluster"", ""apra_trust_weighted_clip""]",../main/re_result_6-29_APRA/cifar100_500_Jul.02_12.10.04_apra_fix_True_no-mia_no-mia-class_no-noise_modelreplace_5/agg_records/pkl/round_0054_apra.pkl
55,apra,success,"[2, 28, 5, 61, 92, 21, 14, 88, 65, 85]","[28, 5, 61, 92, 21, 14, 65]","[2, 88, 85]",10,7,"[""apra_mad_filter"", ""apra_hierarchical_cluster"", ""apra_trust_weighted_clip""]",../main/re_result_6-29_APRA/cifar100_500_Jul.02_12.10.04_apra_fix_True_no-mia_no-mia-class_no-noise_modelreplace_5/agg_records/pkl/round_0055_apra.pkl
56,apra,success,"[4, 59, 85, 9, 87, 93, 55, 74, 76, 13]","[85, 9, 87, 93, 55]","[4, 59, 74, 76, 13]",10,5,"[""apra_mad_filter"", ""apra_hierarchical_cluster"", ""apra_trust_weighted_clip""]",../main/re_result_6-29_APRA/cifar100_500_Jul.02_12.10.04_apra_fix_True_no-mia_no-mia-class_no-noise_modelreplace_5/agg_records/pkl/round_0056_apra.pkl
57,apra,success,"[3, 41, 65, 60, 24, 30, 53, 32, 40, 98]","[65, 60, 24, 30, 53, 32, 40, 98]","[3, 41]",10,8,"[""apra_mad_filter"", ""apra_hierarchical_cluster"", ""apra_trust_weighted_clip""]",../main/re_result_6-29_APRA/cifar100_500_Jul.02_12.10.04_apra_fix_True_no-mia_no-mia-class_no-noise_modelreplace_5/agg_records/pkl/round_0057_apra.pkl
58,apra,success,"[0, 16, 5, 34, 69, 43, 57, 72, 92, 54]","[16, 5, 34, 69, 43, 57, 92]","[0, 72, 54]",10,7,"[""apra_mad_filter"", ""apra_hierarchical_cluster"", ""apra_trust_weighted_clip""]",../main/re_result_6-29_APRA/cifar100_500_Jul.02_12.10.04_apra_fix_True_no-mia_no-mia-class_no-noise_modelreplace_5/agg_records/pkl/round_0058_apra.pkl
59,apra,success,"[3, 15, 19, 50, 42, 62, 89, 21, 71, 9]","[15, 19, 50, 42, 89, 21, 9]","[3, 62, 71]",10,7,"[""apra_mad_filter"", ""apra_hierarchical_cluster"", ""apra_trust_weighted_clip""]",../main/re_result_6-29_APRA/cifar100_500_Jul.02_12.10.04_apra_fix_True_no-mia_no-mia-class_no-noise_modelreplace_5/agg_records/pkl/round_0059_apra.pkl
60,apra,success,"[4, 19, 99, 76, 16, 22, 63, 98, 72, 80]","[19, 99, 16, 22, 63, 98, 72, 80]","[4, 76]",10,8,"[""apra_mad_filter"", ""apra_hierarchical_cluster"", ""apra_trust_weighted_clip""]",../main/re_result_6-29_APRA/cifar100_500_Jul.02_12.10.04_apra_fix_True_no-mia_no-mia-class_no-noise_modelreplace_5/agg_records/pkl/round_0060_apra.pkl
61,apra,success,"[4, 66, 47, 84, 22, 34, 74, 87, 75, 9]","[66, 47, 84, 22, 34, 87, 75, 9]","[4, 74]",10,8,"[""apra_mad_filter"", ""apra_hierarchical_cluster"", ""apra_trust_weighted_clip""]",../main/re_result_6-29_APRA/cifar100_500_Jul.02_12.10.04_apra_fix_True_no-mia_no-mia-class_no-noise_modelreplace_5/agg_records/pkl/round_0061_apra.pkl
62,apra,success,"[4, 52, 3, 82, 68, 38, 13, 93, 90, 45]","[13, 93, 45]","[4, 52, 3, 82, 68, 38, 90]",10,3,"[""apra_mad_filter"", ""apra_hierarchical_cluster"", ""apra_trust_weighted_clip""]",../main/re_result_6-29_APRA/cifar100_500_Jul.02_12.10.04_apra_fix_True_no-mia_no-mia-class_no-noise_modelreplace_5/agg_records/pkl/round_0062_apra.pkl
63,apra,success,"[4, 43, 48, 25, 60, 92, 30, 8, 91, 36]","[43, 48, 25, 60, 30, 8, 36]","[4, 92, 91]",10,7,"[""apra_mad_filter"", ""apra_hierarchical_cluster"", ""apra_trust_weighted_clip""]",../main/re_result_6-29_APRA/cifar100_500_Jul.02_12.10.04_apra_fix_True_no-mia_no-mia-class_no-noise_modelreplace_5/agg_records/pkl/round_0063_apra.pkl
64,apra,success,"[1, 59, 54, 27, 16, 68, 42, 48, 73, 52]","[59, 27, 42, 48, 73, 52]","[1, 54, 16, 68]",10,6,"[""apra_mad_filter"", ""apra_hierarchical_cluster"", ""apra_trust_weighted_clip""]",../main/re_result_6-29_APRA/cifar100_500_Jul.02_12.10.04_apra_fix_True_no-mia_no-mia-class_no-noise_modelreplace_5/agg_records/pkl/round_0064_apra.pkl
65,apra,success,"[3, 2, 64, 16, 56, 97, 80, 33, 71, 91]","[64, 16, 56, 97, 80, 91]","[3, 2, 33, 71]",10,6,"[""apra_mad_filter"", ""apra_hierarchical_cluster"", ""apra_trust_weighted_clip""]",../main/re_result_6-29_APRA/cifar100_500_Jul.02_12.10.04_apra_fix_True_no-mia_no-mia-class_no-noise_modelreplace_5/agg_records/pkl/round_0065_apra.pkl
66,apra,success,"[0, 35, 96, 40, 1, 8, 94, 5, 57, 48]","[96, 40, 8, 94, 5, 57, 48]","[0, 35, 1]",10,7,"[""apra_mad_filter"", ""apra_hierarchical_cluster"", ""apra_trust_weighted_clip""]",../main/re_result_6-29_APRA/cifar100_500_Jul.02_12.10.04_apra_fix_True_no-mia_no-mia-class_no-noise_modelreplace_5/agg_records/pkl/round_0066_apra.pkl
67,apra,success,"[3, 6, 20, 31, 16, 7, 94, 55, 40, 57]","[6, 31, 16, 7, 94, 55, 40, 57]","[3, 20]",10,8,"[""apra_mad_filter"", ""apra_hierarchical_cluster"", ""apra_trust_weighted_clip""]",../main/re_result_6-29_APRA/cifar100_500_Jul.02_12.10.04_apra_fix_True_no-mia_no-mia-class_no-noise_modelreplace_5/agg_records/pkl/round_0067_apra.pkl
68,apra,success,"[4, 63, 21, 75, 53, 68, 95, 23, 94, 72]","[63, 21, 75, 53, 95, 23, 94, 72]","[4, 68]",10,8,"[""apra_mad_filter"", ""apra_hierarchical_cluster"", ""apra_trust_weighted_clip""]",../main/re_result_6-29_APRA/cifar100_500_Jul.02_12.10.04_apra_fix_True_no-mia_no-mia-class_no-noise_modelreplace_5/agg_records/pkl/round_0068_apra.pkl
69,apra,success,"[4, 85, 43, 96, 40, 20, 59, 27, 35, 34]","[85, 43, 96, 40, 59, 27, 35, 34]","[4, 20]",10,8,"[""apra_mad_filter"", ""apra_hierarchical_cluster"", ""apra_trust_weighted_clip""]",../main/re_result_6-29_APRA/cifar100_500_Jul.02_12.10.04_apra_fix_True_no-mia_no-mia-class_no-noise_modelreplace_5/agg_records/pkl/round_0069_apra.pkl
70,apra,success,"[4, 92, 63, 74, 95, 77, 20, 48, 15, 83]","[92, 63, 74, 95, 77, 48, 15, 83]","[4, 20]",10,8,"[""apra_mad_filter"", ""apra_hierarchical_cluster"", ""apra_trust_weighted_clip""]",../main/re_result_6-29_APRA/cifar100_500_Jul.02_12.10.04_apra_fix_True_no-mia_no-mia-class_no-noise_modelreplace_5/agg_records/pkl/round_0070_apra.pkl
71,apra,success,"[4, 62, 89, 25, 53, 81, 42, 36, 58, 94]","[89, 25, 53, 81, 42, 36, 58, 94]","[4, 62]",10,8,"[""apra_mad_filter"", ""apra_hierarchical_cluster"", ""apra_trust_weighted_clip""]",../main/re_result_6-29_APRA/cifar100_500_Jul.02_12.10.04_apra_fix_True_no-mia_no-mia-class_no-noise_modelreplace_5/agg_records/pkl/round_0071_apra.pkl
72,apra,success,"[2, 66, 60, 72, 90, 86, 94, 32, 62, 9]","[66, 90, 86, 94, 32, 9]","[2, 60, 72, 62]",10,6,"[""apra_mad_filter"", ""apra_hierarchical_cluster"", ""apra_trust_weighted_clip""]",../main/re_result_6-29_APRA/cifar100_500_Jul.02_12.10.04_apra_fix_True_no-mia_no-mia-class_no-noise_modelreplace_5/agg_records/pkl/round_0072_apra.pkl
73,apra,success,"[0, 90, 42, 25, 76, 96, 19, 46, 83, 92]","[90, 42, 25, 96, 19, 46, 83, 92]","[0, 76]",10,8,"[""apra_mad_filter"", ""apra_hierarchical_cluster"", ""apra_trust_weighted_clip""]",../main/re_result_6-29_APRA/cifar100_500_Jul.02_12.10.04_apra_fix_True_no-mia_no-mia-class_no-noise_modelreplace_5/agg_records/pkl/round_0073_apra.pkl
74,apra,success,"[4, 8, 56, 89, 64, 59, 16, 72, 42, 25]","[8, 56, 89, 64, 16, 42, 25]","[4, 59, 72]",10,7,"[""apra_mad_filter"", ""apra_hierarchical_cluster"", ""apra_trust_weighted_clip""]",../main/re_result_6-29_APRA/cifar100_500_Jul.02_12.10.04_apra_fix_True_no-mia_no-mia-class_no-noise_modelreplace_5/agg_records/pkl/round_0074_apra.pkl
75,apra,success,"[3, 0, 99, 82, 14, 61, 38, 29, 90, 2]","[99, 14, 61, 38, 29, 90]","[3, 0, 82, 2]",10,6,"[""apra_mad_filter"", ""apra_hierarchical_cluster"", ""apra_trust_weighted_clip""]",../main/re_result_6-29_APRA/cifar100_500_Jul.02_12.10.04_apra_fix_True_no-mia_no-mia-class_no-noise_modelreplace_5/agg_records/pkl/round_0075_apra.pkl
76,apra,success,"[2, 8, 21, 45, 49, 6, 38, 16, 26, 13]","[8, 21, 45, 49, 6, 38, 16, 13]","[2, 26]",10,8,"[""apra_mad_filter"", ""apra_hierarchical_cluster"", ""apra_trust_weighted_clip""]",../main/re_result_6-29_APRA/cifar100_500_Jul.02_12.10.04_apra_fix_True_no-mia_no-mia-class_no-noise_modelreplace_5/agg_records/pkl/round_0076_apra.pkl
77,apra,success,"[3, 88, 51, 64, 60, 46, 19, 62, 0, 57]","[64, 60, 46, 19, 62, 57]","[3, 88, 51, 0]",10,6,"[""apra_mad_filter"", ""apra_hierarchical_cluster"", ""apra_trust_weighted_clip""]",../main/re_result_6-29_APRA/cifar100_500_Jul.02_12.10.04_apra_fix_True_no-mia_no-mia-class_no-noise_modelreplace_5/agg_records/pkl/round_0077_apra.pkl
78,apra,success,"[0, 20, 58, 74, 91, 95, 89, 60, 14, 57]","[74, 91, 95, 89, 60, 14, 57]","[0, 20, 58]",10,7,"[""apra_mad_filter"", ""apra_hierarchical_cluster"", ""apra_trust_weighted_clip""]",../main/re_result_6-29_APRA/cifar100_500_Jul.02_12.10.04_apra_fix_True_no-mia_no-mia-class_no-noise_modelreplace_5/agg_records/pkl/round_0078_apra.pkl
79,apra,success,"[3, 28, 95, 42, 1, 53, 98, 38, 23, 90]","[28, 95, 42, 53, 38, 23, 90]","[3, 1, 98]",10,7,"[""apra_mad_filter"", ""apra_hierarchical_cluster"", ""apra_trust_weighted_clip""]",../main/re_result_6-29_APRA/cifar100_500_Jul.02_12.10.04_apra_fix_True_no-mia_no-mia-class_no-noise_modelreplace_5/agg_records/pkl/round_0079_apra.pkl
80,apra,success,"[3, 21, 73, 93, 78, 4, 89, 38, 27, 66]","[21, 93, 78, 89, 38]","[3, 73, 4, 27, 66]",10,5,"[""apra_mad_filter"", ""apra_hierarchical_cluster"", ""apra_trust_weighted_clip""]",../main/re_result_6-29_APRA/cifar100_500_Jul.02_12.10.04_apra_fix_True_no-mia_no-mia-class_no-noise_modelreplace_5/agg_records/pkl/round_0080_apra.pkl
81,apra,success,"[4, 81, 13, 63, 93, 53, 60, 51, 18, 22]","[81, 63, 93, 53, 60, 51, 18, 22]","[4, 13]",10,8,"[""apra_mad_filter"", ""apra_hierarchical_cluster"", ""apra_trust_weighted_clip""]",../main/re_result_6-29_APRA/cifar100_500_Jul.02_12.10.04_apra_fix_True_no-mia_no-mia-class_no-noise_modelreplace_5/agg_records/pkl/round_0081_apra.pkl
82,apra,success,"[3, 5, 19, 95, 45, 40, 32, 10, 51, 82]","[5, 19, 95, 45, 32, 82]","[3, 40, 10, 51]",10,6,"[""apra_mad_filter"", ""apra_hierarchical_cluster"", ""apra_trust_weighted_clip""]",../main/re_result_6-29_APRA/cifar100_500_Jul.02_12.10.04_apra_fix_True_no-mia_no-mia-class_no-noise_modelreplace_5/agg_records/pkl/round_0082_apra.pkl
83,apra,success,"[1, 74, 9, 41, 66, 40, 54, 35, 62, 17]","[74, 9, 41, 66, 40, 54, 62, 17]","[1, 35]",10,8,"[""apra_mad_filter"", ""apra_hierarchical_cluster"", ""apra_trust_weighted_clip""]",../main/re_result_6-29_APRA/cifar100_500_Jul.02_12.10.04_apra_fix_True_no-mia_no-mia-class_no-noise_modelreplace_5/agg_records/pkl/round_0083_apra.pkl
84,apra,success,"[2, 54, 7, 37, 50, 60, 66, 21, 84, 6]","[7, 37, 50, 60, 66, 21, 84, 6]","[2, 54]",10,8,"[""apra_mad_filter"", ""apra_hierarchical_cluster"", ""apra_trust_weighted_clip""]",../main/re_result_6-29_APRA/cifar100_500_Jul.02_12.10.04_apra_fix_True_no-mia_no-mia-class_no-noise_modelreplace_5/agg_records/pkl/round_0084_apra.pkl
85,apra,success,"[1, 56, 80, 3, 51, 89, 14, 41, 91, 90]","[56, 80, 89, 14, 41, 91, 90]","[1, 3, 51]",10,7,"[""apra_mad_filter"", ""apra_hierarchical_cluster"", ""apra_trust_weighted_clip""]",../main/re_result_6-29_APRA/cifar100_500_Jul.02_12.10.04_apra_fix_True_no-mia_no-mia-class_no-noise_modelreplace_5/agg_records/pkl/round_0085_apra.pkl
86,apra,success,"[2, 5, 85, 24, 51, 9, 31, 33, 4, 90]","[5, 24, 9, 31]","[2, 85, 51, 33, 4, 90]",10,4,"[""apra_mad_filter"", ""apra_hierarchical_cluster"", ""apra_trust_weighted_clip""]",../main/re_result_6-29_APRA/cifar100_500_Jul.02_12.10.04_apra_fix_True_no-mia_no-mia-class_no-noise_modelreplace_5/agg_records/pkl/round_0086_apra.pkl
87,apra,success,"[4, 61, 29, 12, 18, 20, 99, 87, 8, 92]","[12, 18, 99, 87, 8, 92]","[4, 61, 29, 20]",10,6,"[""apra_mad_filter"", ""apra_hierarchical_cluster"", ""apra_trust_weighted_clip""]",../main/re_result_6-29_APRA/cifar100_500_Jul.02_12.10.04_apra_fix_True_no-mia_no-mia-class_no-noise_modelreplace_5/agg_records/pkl/round_0087_apra.pkl
88,apra,success,"[3, 50, 57, 56, 52, 42, 37, 84, 0, 30]","[57, 56, 52, 42, 37, 30]","[3, 50, 84, 0]",10,6,"[""apra_mad_filter"", ""apra_hierarchical_cluster"", ""apra_trust_weighted_clip""]",../main/re_result_6-29_APRA/cifar100_500_Jul.02_12.10.04_apra_fix_True_no-mia_no-mia-class_no-noise_modelreplace_5/agg_records/pkl/round_0088_apra.pkl
89,apra,success,"[1, 36, 21, 81, 84, 15, 89, 53, 73, 29]","[36, 21, 81, 84, 15, 89, 53, 29]","[1, 73]",10,8,"[""apra_mad_filter"", ""apra_hierarchical_cluster"", ""apra_trust_weighted_clip""]",../main/re_result_6-29_APRA/cifar100_500_Jul.02_12.10.04_apra_fix_True_no-mia_no-mia-class_no-noise_modelreplace_5/agg_records/pkl/round_0089_apra.pkl
90,apra,success,"[2, 29, 90, 22, 65, 96, 56, 10, 60, 71]","[29, 90, 22, 65, 96, 56, 10, 60]","[2, 71]",10,8,"[""apra_mad_filter"", ""apra_hierarchical_cluster"", ""apra_trust_weighted_clip""]",../main/re_result_6-29_APRA/cifar100_500_Jul.02_12.10.04_apra_fix_True_no-mia_no-mia-class_no-noise_modelreplace_5/agg_records/pkl/round_0090_apra.pkl
91,apra,success,"[0, 47, 71, 9, 31, 67, 5, 43, 58, 29]","[9, 31, 67, 5, 43, 58, 29]","[0, 47, 71]",10,7,"[""apra_mad_filter"", ""apra_hierarchical_cluster"", ""apra_trust_weighted_clip""]",../main/re_result_6-29_APRA/cifar100_500_Jul.02_12.10.04_apra_fix_True_no-mia_no-mia-class_no-noise_modelreplace_5/agg_records/pkl/round_0091_apra.pkl
92,apra,success,"[1, 15, 29, 49, 57, 72, 97, 84, 50, 38]","[15, 29, 49, 57, 72, 84, 38]","[1, 97, 50]",10,7,"[""apra_mad_filter"", ""apra_hierarchical_cluster"", ""apra_trust_weighted_clip""]",../main/re_result_6-29_APRA/cifar100_500_Jul.02_12.10.04_apra_fix_True_no-mia_no-mia-class_no-noise_modelreplace_5/agg_records/pkl/round_0092_apra.pkl
93,apra,success,"[2, 43, 48, 18, 53, 15, 41, 16, 4, 57]","[43, 18, 53, 15, 16, 57]","[2, 48, 41, 4]",10,6,"[""apra_mad_filter"", ""apra_hierarchical_cluster"", ""apra_trust_weighted_clip""]",../main/re_result_6-29_APRA/cifar100_500_Jul.02_12.10.04_apra_fix_True_no-mia_no-mia-class_no-noise_modelreplace_5/agg_records/pkl/round_0093_apra.pkl
94,apra,success,"[0, 95, 45, 86, 47, 64, 2, 21, 80, 48]","[95, 45, 86, 64, 21, 80]","[0, 47, 2, 48]",10,6,"[""apra_mad_filter"", ""apra_hierarchical_cluster"", ""apra_trust_weighted_clip""]",../main/re_result_6-29_APRA/cifar100_500_Jul.02_12.10.04_apra_fix_True_no-mia_no-mia-class_no-noise_modelreplace_5/agg_records/pkl/round_0094_apra.pkl
95,apra,success,"[0, 72, 52, 69, 64, 35, 38, 12, 17, 99]","[72, 69, 64, 38, 12, 17, 99]","[0, 52, 35]",10,7,"[""apra_mad_filter"", ""apra_hierarchical_cluster"", ""apra_trust_weighted_clip""]",../main/re_result_6-29_APRA/cifar100_500_Jul.02_12.10.04_apra_fix_True_no-mia_no-mia-class_no-noise_modelreplace_5/agg_records/pkl/round_0095_apra.pkl
96,apra,success,"[1, 44, 87, 76, 75, 90, 70, 56, 84, 23]","[44, 87, 75, 90, 70, 56, 84, 23]","[1, 76]",10,8,"[""apra_mad_filter"", ""apra_hierarchical_cluster"", ""apra_trust_weighted_clip""]",../main/re_result_6-29_APRA/cifar100_500_Jul.02_12.10.04_apra_fix_True_no-mia_no-mia-class_no-noise_modelreplace_5/agg_records/pkl/round_0096_apra.pkl
97,apra,success,"[2, 72, 51, 77, 20, 52, 32, 41, 56, 4]","[72, 77, 20, 52, 32, 41, 56]","[2, 51, 4]",10,7,"[""apra_mad_filter"", ""apra_hierarchical_cluster"", ""apra_trust_weighted_clip""]",../main/re_result_6-29_APRA/cifar100_500_Jul.02_12.10.04_apra_fix_True_no-mia_no-mia-class_no-noise_modelreplace_5/agg_records/pkl/round_0097_apra.pkl
98,apra,success,"[0, 50, 83, 24, 43, 86, 45, 9, 47, 12]","[83, 24, 43, 45, 9, 12]","[0, 50, 86, 47]",10,6,"[""apra_mad_filter"", ""apra_hierarchical_cluster"", ""apra_trust_weighted_clip""]",../main/re_result_6-29_APRA/cifar100_500_Jul.02_12.10.04_apra_fix_True_no-mia_no-mia-class_no-noise_modelreplace_5/agg_records/pkl/round_0098_apra.pkl
99,apra,success,"[3, 98, 76, 97, 58, 89, 47, 10, 75, 26]","[98, 97, 58, 89, 47, 10, 75]","[3, 76, 26]",10,7,"[""apra_mad_filter"", ""apra_hierarchical_cluster"", ""apra_trust_weighted_clip""]",../main/re_result_6-29_APRA/cifar100_500_Jul.02_12.10.04_apra_fix_True_no-mia_no-mia-class_no-noise_modelreplace_5/agg_records/pkl/round_0099_apra.pkl
100,apra,success,"[3, 67, 33, 76, 43, 28, 9, 23, 59, 26]","[67, 76, 43, 28, 9, 23, 59, 26]","[3, 33]",10,8,"[""apra_mad_filter"", ""apra_hierarchical_cluster"", ""apra_trust_weighted_clip""]",../main/re_result_6-29_APRA/cifar100_500_Jul.02_12.10.04_apra_fix_True_no-mia_no-mia-class_no-noise_modelreplace_5/agg_records/pkl/round_0100_apra.pkl
101,apra,success,"[2, 98, 33, 43, 68, 83, 3, 86, 9, 80]","[98, 43, 83, 86, 9, 80]","[2, 33, 68, 3]",10,6,"[""apra_mad_filter"", ""apra_hierarchical_cluster"", ""apra_trust_weighted_clip""]",../main/re_result_6-29_APRA/cifar100_500_Jul.02_12.10.04_apra_fix_True_no-mia_no-mia-class_no-noise_modelreplace_5/agg_records/pkl/round_0101_apra.pkl
102,apra,success,"[3, 55, 89, 21, 15, 26, 35, 54, 98, 12]","[55, 89, 21, 15, 54, 98, 12]","[3, 26, 35]",10,7,"[""apra_mad_filter"", ""apra_hierarchical_cluster"", ""apra_trust_weighted_clip""]",../main/re_result_6-29_APRA/cifar100_500_Jul.02_12.10.04_apra_fix_True_no-mia_no-mia-class_no-noise_modelreplace_5/agg_records/pkl/round_0102_apra.pkl
103,apra,success,"[3, 36, 88, 49, 10, 41, 20, 90, 56, 99]","[36, 49, 10, 41, 20, 90, 56, 99]","[3, 88]",10,8,"[""apra_mad_filter"", ""apra_hierarchical_cluster"", ""apra_trust_weighted_clip""]",../main/re_result_6-29_APRA/cifar100_500_Jul.02_12.10.04_apra_fix_True_no-mia_no-mia-class_no-noise_modelreplace_5/agg_records/pkl/round_0103_apra.pkl
104,apra,success,"[2, 32, 20, 19, 17, 87, 34, 58, 6, 95]","[32, 19, 17, 87, 34, 58, 6, 95]","[2, 20]",10,8,"[""apra_mad_filter"", ""apra_hierarchical_cluster"", ""apra_trust_weighted_clip""]",../main/re_result_6-29_APRA/cifar100_500_Jul.02_12.10.04_apra_fix_True_no-mia_no-mia-class_no-noise_modelreplace_5/agg_records/pkl/round_0104_apra.pkl
105,apra,success,"[4, 13, 0, 14, 35, 68, 89, 22, 75, 93]","[13, 14, 68, 89, 22, 75, 93]","[4, 0, 35]",10,7,"[""apra_mad_filter"", ""apra_hierarchical_cluster"", ""apra_trust_weighted_clip""]",../main/re_result_6-29_APRA/cifar100_500_Jul.02_12.10.04_apra_fix_True_no-mia_no-mia-class_no-noise_modelreplace_5/agg_records/pkl/round_0105_apra.pkl
106,apra,success,"[3, 10, 79, 72, 69, 35, 6, 77, 85, 33]","[10, 79, 72, 69, 6, 77, 85, 33]","[3, 35]",10,8,"[""apra_mad_filter"", ""apra_hierarchical_cluster"", ""apra_trust_weighted_clip""]",../main/re_result_6-29_APRA/cifar100_500_Jul.02_12.10.04_apra_fix_True_no-mia_no-mia-class_no-noise_modelreplace_5/agg_records/pkl/round_0106_apra.pkl
107,apra,success,"[1, 58, 99, 39, 71, 86, 98, 83, 94, 16]","[39, 86, 83]","[1, 58, 99, 71, 98, 94, 16]",10,3,"[""apra_mad_filter"", ""apra_hierarchical_cluster"", ""apra_trust_weighted_clip""]",../main/re_result_6-29_APRA/cifar100_500_Jul.02_12.10.04_apra_fix_True_no-mia_no-mia-class_no-noise_modelreplace_5/agg_records/pkl/round_0107_apra.pkl
108,apra,success,"[1, 52, 66, 15, 63, 97, 77, 32, 2, 94]","[66, 77, 32]","[1, 52, 15, 63, 97, 2, 94]",10,3,"[""apra_mad_filter"", ""apra_hierarchical_cluster"", ""apra_trust_weighted_clip""]",../main/re_result_6-29_APRA/cifar100_500_Jul.02_12.10.04_apra_fix_True_no-mia_no-mia-class_no-noise_modelreplace_5/agg_records/pkl/round_0108_apra.pkl
109,apra,success,"[0, 67, 3, 42, 66, 70, 76, 78, 2, 43]","[67, 42, 66, 70, 78, 43]","[0, 3, 76, 2]",10,6,"[""apra_mad_filter"", ""apra_hierarchical_cluster"", ""apra_trust_weighted_clip""]",../main/re_result_6-29_APRA/cifar100_500_Jul.02_12.10.04_apra_fix_True_no-mia_no-mia-class_no-noise_modelreplace_5/agg_records/pkl/round_0109_apra.pkl
110,apra,success,"[4, 6, 70, 16, 35, 2, 25, 28, 37, 92]","[6, 70, 16, 25, 28, 37, 92]","[4, 35, 2]",10,7,"[""apra_mad_filter"", ""apra_hierarchical_cluster"", ""apra_trust_weighted_clip""]",../main/re_result_6-29_APRA/cifar100_500_Jul.02_12.10.04_apra_fix_True_no-mia_no-mia-class_no-noise_modelreplace_5/agg_records/pkl/round_0110_apra.pkl
111,apra,success,"[0, 44, 5, 71, 95, 15, 89, 93, 7, 49]","[44, 5, 95, 15, 89, 93, 7, 49]","[0, 71]",10,8,"[""apra_mad_filter"", ""apra_hierarchical_cluster"", ""apra_trust_weighted_clip""]",../main/re_result_6-29_APRA/cifar100_500_Jul.02_12.10.04_apra_fix_True_no-mia_no-mia-class_no-noise_modelreplace_5/agg_records/pkl/round_0111_apra.pkl
112,apra,success,"[1, 44, 83, 67, 93, 85, 56, 76, 5, 82]","[44, 83, 67, 85, 56, 5, 82]","[1, 93, 76]",10,7,"[""apra_mad_filter"", ""apra_hierarchical_cluster"", ""apra_trust_weighted_clip""]",../main/re_result_6-29_APRA/cifar100_500_Jul.02_12.10.04_apra_fix_True_no-mia_no-mia-class_no-noise_modelreplace_5/agg_records/pkl/round_0112_apra.pkl
113,apra,success,"[1, 14, 31, 9, 13, 53, 90, 54, 73, 39]","[14, 31, 9, 13, 53, 90, 73, 39]","[1, 54]",10,8,"[""apra_mad_filter"", ""apra_hierarchical_cluster"", ""apra_trust_weighted_clip""]",../main/re_result_6-29_APRA/cifar100_500_Jul.02_12.10.04_apra_fix_True_no-mia_no-mia-class_no-noise_modelreplace_5/agg_records/pkl/round_0113_apra.pkl
114,apra,success,"[3, 2, 18, 82, 10, 21, 38, 56, 58, 55]","[18, 82, 10, 21, 38, 56, 55]","[3, 2, 58]",10,7,"[""apra_mad_filter"", ""apra_hierarchical_cluster"", ""apra_trust_weighted_clip""]",../main/re_result_6-29_APRA/cifar100_500_Jul.02_12.10.04_apra_fix_True_no-mia_no-mia-class_no-noise_modelreplace_5/agg_records/pkl/round_0114_apra.pkl
115,apra,success,"[2, 19, 65, 15, 20, 91, 88, 93, 94, 45]","[19, 65, 15, 20, 91, 93, 94, 45]","[2, 88]",10,8,"[""apra_mad_filter"", ""apra_hierarchical_cluster"", ""apra_trust_weighted_clip""]",../main/re_result_6-29_APRA/cifar100_500_Jul.02_12.10.04_apra_fix_True_no-mia_no-mia-class_no-noise_modelreplace_5/agg_records/pkl/round_0115_apra.pkl
116,apra,success,"[4, 68, 25, 51, 21, 7, 59, 35, 80, 66]","[68, 25, 51, 21, 7, 59, 66]","[4, 35, 80]",10,7,"[""apra_mad_filter"", ""apra_hierarchical_cluster"", ""apra_trust_weighted_clip""]",../main/re_result_6-29_APRA/cifar100_500_Jul.02_12.10.04_apra_fix_True_no-mia_no-mia-class_no-noise_modelreplace_5/agg_records/pkl/round_0116_apra.pkl
117,apra,success,"[4, 34, 75, 89, 93, 42, 77, 10, 23, 50]","[34, 75, 89, 93, 42, 77, 10, 23]","[4, 50]",10,8,"[""apra_mad_filter"", ""apra_hierarchical_cluster"", ""apra_trust_weighted_clip""]",../main/re_result_6-29_APRA/cifar100_500_Jul.02_12.10.04_apra_fix_True_no-mia_no-mia-class_no-noise_modelreplace_5/agg_records/pkl/round_0117_apra.pkl
118,apra,success,"[0, 75, 20, 1, 32, 29, 11, 93, 34, 96]","[75, 32, 29, 11, 93, 34]","[0, 20, 1, 96]",10,6,"[""apra_mad_filter"", ""apra_hierarchical_cluster"", ""apra_trust_weighted_clip""]",../main/re_result_6-29_APRA/cifar100_500_Jul.02_12.10.04_apra_fix_True_no-mia_no-mia-class_no-noise_modelreplace_5/agg_records/pkl/round_0118_apra.pkl
119,apra,success,"[3, 48, 54, 88, 46, 64, 92, 16, 98, 51]","[48, 54, 46, 64, 92, 16, 98, 51]","[3, 88]",10,8,"[""apra_mad_filter"", ""apra_hierarchical_cluster"", ""apra_trust_weighted_clip""]",../main/re_result_6-29_APRA/cifar100_500_Jul.02_12.10.04_apra_fix_True_no-mia_no-mia-class_no-noise_modelreplace_5/agg_records/pkl/round_0119_apra.pkl
120,apra,success,"[2, 63, 66, 81, 13, 28, 3, 37, 74, 80]","[63, 66, 81, 13, 28, 37, 80]","[2, 3, 74]",10,7,"[""apra_mad_filter"", ""apra_hierarchical_cluster"", ""apra_trust_weighted_clip""]",../main/re_result_6-29_APRA/cifar100_500_Jul.02_12.10.04_apra_fix_True_no-mia_no-mia-class_no-noise_modelreplace_5/agg_records/pkl/round_0120_apra.pkl
121,apra,success,"[2, 8, 39, 31, 65, 73, 87, 97, 51, 38]","[39, 31, 73, 87, 97, 38]","[2, 8, 65, 51]",10,6,"[""apra_mad_filter"", ""apra_hierarchical_cluster"", ""apra_trust_weighted_clip""]",../main/re_result_6-29_APRA/cifar100_500_Jul.02_12.10.04_apra_fix_True_no-mia_no-mia-class_no-noise_modelreplace_5/agg_records/pkl/round_0121_apra.pkl
122,apra,success,"[0, 51, 35, 46, 6, 68, 50, 19, 93, 91]","[51, 35, 46, 6, 50, 19, 93, 91]","[0, 68]",10,8,"[""apra_mad_filter"", ""apra_hierarchical_cluster"", ""apra_trust_weighted_clip""]",../main/re_result_6-29_APRA/cifar100_500_Jul.02_12.10.04_apra_fix_True_no-mia_no-mia-class_no-noise_modelreplace_5/agg_records/pkl/round_0122_apra.pkl
123,apra,success,"[4, 42, 25, 17, 99, 29, 2, 61, 19, 35]","[42, 25, 17, 99, 29, 61, 19]","[4, 2, 35]",10,7,"[""apra_mad_filter"", ""apra_hierarchical_cluster"", ""apra_trust_weighted_clip""]",../main/re_result_6-29_APRA/cifar100_500_Jul.02_12.10.04_apra_fix_True_no-mia_no-mia-class_no-noise_modelreplace_5/agg_records/pkl/round_0123_apra.pkl
124,apra,success,"[4, 63, 50, 33, 13, 24, 53, 28, 86, 73]","[63, 13, 24, 53, 28, 86]","[4, 50, 33, 73]",10,6,"[""apra_mad_filter"", ""apra_hierarchical_cluster"", ""apra_trust_weighted_clip""]",../main/re_result_6-29_APRA/cifar100_500_Jul.02_12.10.04_apra_fix_True_no-mia_no-mia-class_no-noise_modelreplace_5/agg_records/pkl/round_0124_apra.pkl
125,apra,success,"[2, 47, 63, 33, 42, 70, 51, 16, 65, 96]","[47, 63, 70, 16, 65, 96]","[2, 33, 42, 51]",10,6,"[""apra_mad_filter"", ""apra_hierarchical_cluster"", ""apra_trust_weighted_clip""]",../main/re_result_6-29_APRA/cifar100_500_Jul.02_12.10.04_apra_fix_True_no-mia_no-mia-class_no-noise_modelreplace_5/agg_records/pkl/round_0125_apra.pkl
126,apra,success,"[0, 89, 42, 65, 26, 74, 32, 40, 5, 67]","[89, 42, 65, 74, 32, 40, 5, 67]","[0, 26]",10,8,"[""apra_mad_filter"", ""apra_hierarchical_cluster"", ""apra_trust_weighted_clip""]",../main/re_result_6-29_APRA/cifar100_500_Jul.02_12.10.04_apra_fix_True_no-mia_no-mia-class_no-noise_modelreplace_5/agg_records/pkl/round_0126_apra.pkl
127,apra,success,"[1, 48, 35, 82, 36, 19, 87, 61, 66, 68]","[48, 82, 36, 19, 87, 61, 66]","[1, 35, 68]",10,7,"[""apra_mad_filter"", ""apra_hierarchical_cluster"", ""apra_trust_weighted_clip""]",../main/re_result_6-29_APRA/cifar100_500_Jul.02_12.10.04_apra_fix_True_no-mia_no-mia-class_no-noise_modelreplace_5/agg_records/pkl/round_0127_apra.pkl
128,apra,success,"[2, 73, 70, 66, 16, 76, 23, 1, 56, 79]","[73, 70, 66, 16, 23, 56, 79]","[2, 76, 1]",10,7,"[""apra_mad_filter"", ""apra_hierarchical_cluster"", ""apra_trust_weighted_clip""]",../main/re_result_6-29_APRA/cifar100_500_Jul.02_12.10.04_apra_fix_True_no-mia_no-mia-class_no-noise_modelreplace_5/agg_records/pkl/round_0128_apra.pkl
129,apra,success,"[3, 48, 49, 79, 26, 23, 86, 77, 54, 19]","[48, 49, 79, 23, 86, 77, 54, 19]","[3, 26]",10,8,"[""apra_mad_filter"", ""apra_hierarchical_cluster"", ""apra_trust_weighted_clip""]",../main/re_result_6-29_APRA/cifar100_500_Jul.02_12.10.04_apra_fix_True_no-mia_no-mia-class_no-noise_modelreplace_5/agg_records/pkl/round_0129_apra.pkl
130,apra,success,"[3, 56, 89, 21, 18, 31, 54, 69, 11, 23]","[56, 89, 21, 18, 31, 69, 11, 23]","[3, 54]",10,8,"[""apra_mad_filter"", ""apra_hierarchical_cluster"", ""apra_trust_weighted_clip""]",../main/re_result_6-29_APRA/cifar100_500_Jul.02_12.10.04_apra_fix_True_no-mia_no-mia-class_no-noise_modelreplace_5/agg_records/pkl/round_0130_apra.pkl
131,apra,success,"[3, 44, 30, 33, 16, 69, 27, 79, 95, 78]","[30, 16, 69, 79, 95, 78]","[3, 44, 33, 27]",10,6,"[""apra_mad_filter"", ""apra_hierarchical_cluster"", ""apra_trust_weighted_clip""]",../main/re_result_6-29_APRA/cifar100_500_Jul.02_12.10.04_apra_fix_True_no-mia_no-mia-class_no-noise_modelreplace_5/agg_records/pkl/round_0131_apra.pkl
132,apra,success,"[2, 44, 82, 61, 72, 96, 5, 21, 18, 66]","[82, 61, 72, 96, 5, 21, 18, 66]","[2, 44]",10,8,"[""apra_mad_filter"", ""apra_hierarchical_cluster"", ""apra_trust_weighted_clip""]",../main/re_result_6-29_APRA/cifar100_500_Jul.02_12.10.04_apra_fix_True_no-mia_no-mia-class_no-noise_modelreplace_5/agg_records/pkl/round_0132_apra.pkl
133,apra,success,"[0, 12, 59, 64, 11, 87, 4, 54, 17, 73]","[12, 64, 11, 87, 54, 17, 73]","[0, 59, 4]",10,7,"[""apra_mad_filter"", ""apra_hierarchical_cluster"", ""apra_trust_weighted_clip""]",../main/re_result_6-29_APRA/cifar100_500_Jul.02_12.10.04_apra_fix_True_no-mia_no-mia-class_no-noise_modelreplace_5/agg_records/pkl/round_0133_apra.pkl
134,apra,success,"[2, 47, 3, 18, 96, 50, 85, 98, 74, 37]","[47, 50, 85, 98, 37]","[2, 3, 18, 96, 74]",10,5,"[""apra_mad_filter"", ""apra_hierarchical_cluster"", ""apra_trust_weighted_clip""]",../main/re_result_6-29_APRA/cifar100_500_Jul.02_12.10.04_apra_fix_True_no-mia_no-mia-class_no-noise_modelreplace_5/agg_records/pkl/round_0134_apra.pkl
135,apra,success,"[2, 59, 29, 47, 86, 28, 36, 13, 83, 37]","[29, 47, 86, 28, 36, 13, 83, 37]","[2, 59]",10,8,"[""apra_mad_filter"", ""apra_hierarchical_cluster"", ""apra_trust_weighted_clip""]",../main/re_result_6-29_APRA/cifar100_500_Jul.02_12.10.04_apra_fix_True_no-mia_no-mia-class_no-noise_modelreplace_5/agg_records/pkl/round_0135_apra.pkl
136,apra,success,"[1, 80, 10, 4, 96, 28, 24, 31, 95, 90]","[80, 10, 28, 24, 31, 95, 90]","[1, 4, 96]",10,7,"[""apra_mad_filter"", ""apra_hierarchical_cluster"", ""apra_trust_weighted_clip""]",../main/re_result_6-29_APRA/cifar100_500_Jul.02_12.10.04_apra_fix_True_no-mia_no-mia-class_no-noise_modelreplace_5/agg_records/pkl/round_0136_apra.pkl
137,apra,success,"[0, 68, 56, 85, 96, 55, 60, 74, 82, 7]","[68, 56, 96, 55, 60, 82, 7]","[0, 85, 74]",10,7,"[""apra_mad_filter"", ""apra_hierarchical_cluster"", ""apra_trust_weighted_clip""]",../main/re_result_6-29_APRA/cifar100_500_Jul.02_12.10.04_apra_fix_True_no-mia_no-mia-class_no-noise_modelreplace_5/agg_records/pkl/round_0137_apra.pkl
138,apra,success,"[3, 55, 82, 63, 96, 33, 61, 62, 83, 18]","[55, 82, 63, 96, 61, 83, 18]","[3, 33, 62]",10,7,"[""apra_mad_filter"", ""apra_hierarchical_cluster"", ""apra_trust_weighted_clip""]",../main/re_result_6-29_APRA/cifar100_500_Jul.02_12.10.04_apra_fix_True_no-mia_no-mia-class_no-noise_modelreplace_5/agg_records/pkl/round_0138_apra.pkl
139,apra,success,"[0, 92, 13, 11, 85, 8, 38, 1, 71, 30]","[92, 13, 11, 85, 8, 38, 30]","[0, 1, 71]",10,7,"[""apra_mad_filter"", ""apra_hierarchical_cluster"", ""apra_trust_weighted_clip""]",../main/re_result_6-29_APRA/cifar100_500_Jul.02_12.10.04_apra_fix_True_no-mia_no-mia-class_no-noise_modelreplace_5/agg_records/pkl/round_0139_apra.pkl
140,apra,success,"[4, 33, 32, 95, 60, 72, 23, 51, 2, 11]","[32, 95, 60, 72, 23, 51, 11]","[4, 33, 2]",10,7,"[""apra_mad_filter"", ""apra_hierarchical_cluster"", ""apra_trust_weighted_clip""]",../main/re_result_6-29_APRA/cifar100_500_Jul.02_12.10.04_apra_fix_True_no-mia_no-mia-class_no-noise_modelreplace_5/agg_records/pkl/round_0140_apra.pkl
141,apra,success,"[4, 58, 61, 92, 80, 97, 45, 83, 29, 25]","[58, 61, 92, 80, 45, 29, 25]","[4, 97, 83]",10,7,"[""apra_mad_filter"", ""apra_hierarchical_cluster"", ""apra_trust_weighted_clip""]",../main/re_result_6-29_APRA/cifar100_500_Jul.02_12.10.04_apra_fix_True_no-mia_no-mia-class_no-noise_modelreplace_5/agg_records/pkl/round_0141_apra.pkl
142,apra,success,"[2, 19, 18, 42, 28, 76, 29, 79, 17, 34]","[19, 18, 42, 28, 29, 79, 17, 34]","[2, 76]",10,8,"[""apra_mad_filter"", ""apra_hierarchical_cluster"", ""apra_trust_weighted_clip""]",../main/re_result_6-29_APRA/cifar100_500_Jul.02_12.10.04_apra_fix_True_no-mia_no-mia-class_no-noise_modelreplace_5/agg_records/pkl/round_0142_apra.pkl
143,apra,success,"[1, 47, 98, 64, 62, 58, 99, 24, 59, 33]","[98, 64, 58, 24]","[1, 47, 62, 99, 59, 33]",10,4,"[""apra_mad_filter"", ""apra_hierarchical_cluster"", ""apra_trust_weighted_clip""]",../main/re_result_6-29_APRA/cifar100_500_Jul.02_12.10.04_apra_fix_True_no-mia_no-mia-class_no-noise_modelreplace_5/agg_records/pkl/round_0143_apra.pkl
144,apra,success,"[2, 58, 87, 44, 7, 22, 14, 85, 67, 68]","[58, 87, 44, 7, 22, 14, 85, 67]","[2, 68]",10,8,"[""apra_mad_filter"", ""apra_hierarchical_cluster"", ""apra_trust_weighted_clip""]",../main/re_result_6-29_APRA/cifar100_500_Jul.02_12.10.04_apra_fix_True_no-mia_no-mia-class_no-noise_modelreplace_5/agg_records/pkl/round_0144_apra.pkl
145,apra,success,"[2, 24, 12, 13, 37, 68, 40, 56, 5, 30]","[24, 12, 40, 56, 30]","[2, 13, 37, 68, 5]",10,5,"[""apra_mad_filter"", ""apra_hierarchical_cluster"", ""apra_trust_weighted_clip""]",../main/re_result_6-29_APRA/cifar100_500_Jul.02_12.10.04_apra_fix_True_no-mia_no-mia-class_no-noise_modelreplace_5/agg_records/pkl/round_0145_apra.pkl
146,apra,success,"[3, 25, 68, 30, 75, 51, 92, 99, 69, 63]","[25, 30, 75, 51, 92, 99, 69, 63]","[3, 68]",10,8,"[""apra_mad_filter"", ""apra_hierarchical_cluster"", ""apra_trust_weighted_clip""]",../main/re_result_6-29_APRA/cifar100_500_Jul.02_12.10.04_apra_fix_True_no-mia_no-mia-class_no-noise_modelreplace_5/agg_records/pkl/round_0146_apra.pkl
147,apra,success,"[4, 65, 39, 23, 2, 98, 96, 86, 37, 60]","[65, 39, 98, 96, 86, 60]","[4, 23, 2, 37]",10,6,"[""apra_mad_filter"", ""apra_hierarchical_cluster"", ""apra_trust_weighted_clip""]",../main/re_result_6-29_APRA/cifar100_500_Jul.02_12.10.04_apra_fix_True_no-mia_no-mia-class_no-noise_modelreplace_5/agg_records/pkl/round_0147_apra.pkl
148,apra,success,"[2, 89, 81, 76, 99, 72, 32, 48, 85, 65]","[89, 81, 99, 72, 32, 48, 85, 65]","[2, 76]",10,8,"[""apra_mad_filter"", ""apra_hierarchical_cluster"", ""apra_trust_weighted_clip""]",../main/re_result_6-29_APRA/cifar100_500_Jul.02_12.10.04_apra_fix_True_no-mia_no-mia-class_no-noise_modelreplace_5/agg_records/pkl/round_0148_apra.pkl
149,apra,success,"[4, 40, 58, 97, 61, 8, 50, 74, 90, 93]","[40, 58, 97, 61, 8, 50, 90, 93]","[4, 74]",10,8,"[""apra_mad_filter"", ""apra_hierarchical_cluster"", ""apra_trust_weighted_clip""]",../main/re_result_6-29_APRA/cifar100_500_Jul.02_12.10.04_apra_fix_True_no-mia_no-mia-class_no-noise_modelreplace_5/agg_records/pkl/round_0149_apra.pkl
150,apra,success,"[1, 88, 76, 23, 68, 44, 31, 17, 83, 82]","[23, 44, 31, 17, 83, 82]","[1, 88, 76, 68]",10,6,"[""apra_mad_filter"", ""apra_hierarchical_cluster"", ""apra_trust_weighted_clip""]",../main/re_result_6-29_APRA/cifar100_500_Jul.02_12.10.04_apra_fix_True_no-mia_no-mia-class_no-noise_modelreplace_5/agg_records/pkl/round_0150_apra.pkl
151,apra,success,"[0, 20, 41, 40, 53, 11, 54, 92, 86, 91]","[40, 53, 11, 86, 91]","[0, 20, 41, 54, 92]",10,5,"[""apra_mad_filter"", ""apra_hierarchical_cluster"", ""apra_trust_weighted_clip""]",../main/re_result_6-29_APRA/cifar100_500_Jul.02_12.10.04_apra_fix_True_no-mia_no-mia-class_no-noise_modelreplace_5/agg_records/pkl/round_0151_apra.pkl
152,apra,success,"[3, 76, 38, 53, 96, 57, 83, 58, 68, 86]","[38, 53, 57, 83, 58, 86]","[3, 76, 96, 68]",10,6,"[""apra_mad_filter"", ""apra_hierarchical_cluster"", ""apra_trust_weighted_clip""]",../main/re_result_6-29_APRA/cifar100_500_Jul.02_12.10.04_apra_fix_True_no-mia_no-mia-class_no-noise_modelreplace_5/agg_records/pkl/round_0152_apra.pkl
153,apra,success,"[0, 67, 98, 73, 56, 28, 92, 54, 96, 11]","[67, 98, 56, 11]","[0, 73, 28, 92, 54, 96]",10,4,"[""apra_mad_filter"", ""apra_hierarchical_cluster"", ""apra_trust_weighted_clip""]",../main/re_result_6-29_APRA/cifar100_500_Jul.02_12.10.04_apra_fix_True_no-mia_no-mia-class_no-noise_modelreplace_5/agg_records/pkl/round_0153_apra.pkl
154,apra,success,"[1, 74, 42, 80, 92, 38, 82, 75, 18, 91]","[42, 80, 92, 38, 82, 75, 18, 91]","[1, 74]",10,8,"[""apra_mad_filter"", ""apra_hierarchical_cluster"", ""apra_trust_weighted_clip""]",../main/re_result_6-29_APRA/cifar100_500_Jul.02_12.10.04_apra_fix_True_no-mia_no-mia-class_no-noise_modelreplace_5/agg_records/pkl/round_0154_apra.pkl
155,apra,success,"[0, 15, 92, 72, 43, 96, 57, 23, 30, 81]","[15, 43, 57, 23, 30, 81]","[0, 92, 72, 96]",10,6,"[""apra_mad_filter"", ""apra_hierarchical_cluster"", ""apra_trust_weighted_clip""]",../main/re_result_6-29_APRA/cifar100_500_Jul.02_12.10.04_apra_fix_True_no-mia_no-mia-class_no-noise_modelreplace_5/agg_records/pkl/round_0155_apra.pkl
156,apra,success,"[2, 81, 7, 12, 80, 36, 59, 28, 64, 63]","[81, 7, 12, 80, 28, 64, 63]","[2, 36, 59]",10,7,"[""apra_mad_filter"", ""apra_hierarchical_cluster"", ""apra_trust_weighted_clip""]",../main/re_result_6-29_APRA/cifar100_500_Jul.02_12.10.04_apra_fix_True_no-mia_no-mia-class_no-noise_modelreplace_5/agg_records/pkl/round_0156_apra.pkl
157,apra,success,"[4, 55, 18, 52, 87, 26, 65, 75, 49, 46]","[55, 18, 87, 65, 75, 49, 46]","[4, 52, 26]",10,7,"[""apra_mad_filter"", ""apra_hierarchical_cluster"", ""apra_trust_weighted_clip""]",../main/re_result_6-29_APRA/cifar100_500_Jul.02_12.10.04_apra_fix_True_no-mia_no-mia-class_no-noise_modelreplace_5/agg_records/pkl/round_0157_apra.pkl
158,apra,success,"[2, 99, 73, 80, 64, 87, 60, 11, 91, 62]","[99, 80, 64, 87, 60, 11, 91]","[2, 73, 62]",10,7,"[""apra_mad_filter"", ""apra_hierarchical_cluster"", ""apra_trust_weighted_clip""]",../main/re_result_6-29_APRA/cifar100_500_Jul.02_12.10.04_apra_fix_True_no-mia_no-mia-class_no-noise_modelreplace_5/agg_records/pkl/round_0158_apra.pkl
159,apra,success,"[4, 81, 20, 18, 2, 6, 71, 92, 83, 16]","[81, 20, 18, 6, 83, 16]","[4, 2, 71, 92]",10,6,"[""apra_mad_filter"", ""apra_hierarchical_cluster"", ""apra_trust_weighted_clip""]",../main/re_result_6-29_APRA/cifar100_500_Jul.02_12.10.04_apra_fix_True_no-mia_no-mia-class_no-noise_modelreplace_5/agg_records/pkl/round_0159_apra.pkl
160,apra,success,"[0, 4, 13, 96, 33, 23, 65, 53, 86, 54]","[13, 23, 65, 53, 86, 54]","[0, 4, 96, 33]",10,6,"[""apra_mad_filter"", ""apra_hierarchical_cluster"", ""apra_trust_weighted_clip""]",../main/re_result_6-29_APRA/cifar100_500_Jul.02_12.10.04_apra_fix_True_no-mia_no-mia-class_no-noise_modelreplace_5/agg_records/pkl/round_0160_apra.pkl
161,apra,success,"[4, 8, 51, 24, 41, 11, 42, 63, 76, 44]","[8, 51, 24, 41, 11, 42, 63, 76]","[4, 44]",10,8,"[""apra_mad_filter"", ""apra_hierarchical_cluster"", ""apra_trust_weighted_clip""]",../main/re_result_6-29_APRA/cifar100_500_Jul.02_12.10.04_apra_fix_True_no-mia_no-mia-class_no-noise_modelreplace_5/agg_records/pkl/round_0161_apra.pkl
162,apra,success,"[0, 33, 75, 99, 97, 98, 6, 73, 90, 51]","[75, 99, 97, 98, 6, 73, 90, 51]","[0, 33]",10,8,"[""apra_mad_filter"", ""apra_hierarchical_cluster"", ""apra_trust_weighted_clip""]",../main/re_result_6-29_APRA/cifar100_500_Jul.02_12.10.04_apra_fix_True_no-mia_no-mia-class_no-noise_modelreplace_5/agg_records/pkl/round_0162_apra.pkl
163,apra,success,"[3, 13, 81, 90, 86, 1, 85, 66, 0, 92]","[13, 81, 90, 86, 66, 92]","[3, 1, 85, 0]",10,6,"[""apra_mad_filter"", ""apra_hierarchical_cluster"", ""apra_trust_weighted_clip""]",../main/re_result_6-29_APRA/cifar100_500_Jul.02_12.10.04_apra_fix_True_no-mia_no-mia-class_no-noise_modelreplace_5/agg_records/pkl/round_0163_apra.pkl
164,apra,success,"[2, 81, 46, 66, 89, 62, 24, 35, 21, 85]","[81, 46, 66, 89, 62, 24, 21, 85]","[2, 35]",10,8,"[""apra_mad_filter"", ""apra_hierarchical_cluster"", ""apra_trust_weighted_clip""]",../main/re_result_6-29_APRA/cifar100_500_Jul.02_12.10.04_apra_fix_True_no-mia_no-mia-class_no-noise_modelreplace_5/agg_records/pkl/round_0164_apra.pkl
165,apra,success,"[1, 62, 87, 83, 38, 93, 89, 76, 51, 55]","[87, 83, 38, 93, 89, 55]","[1, 62, 76, 51]",10,6,"[""apra_mad_filter"", ""apra_hierarchical_cluster"", ""apra_trust_weighted_clip""]",../main/re_result_6-29_APRA/cifar100_500_Jul.02_12.10.04_apra_fix_True_no-mia_no-mia-class_no-noise_modelreplace_5/agg_records/pkl/round_0165_apra.pkl
166,apra,success,"[2, 91, 85, 17, 80, 39, 67, 26, 6, 45]","[91, 17, 80, 39, 67, 6, 45]","[2, 85, 26]",10,7,"[""apra_mad_filter"", ""apra_hierarchical_cluster"", ""apra_trust_weighted_clip""]",../main/re_result_6-29_APRA/cifar100_500_Jul.02_12.10.04_apra_fix_True_no-mia_no-mia-class_no-noise_modelreplace_5/agg_records/pkl/round_0166_apra.pkl
167,apra,success,"[0, 59, 16, 76, 60, 20, 96, 43, 9, 24]","[16, 60, 20, 96, 43, 9, 24]","[0, 59, 76]",10,7,"[""apra_mad_filter"", ""apra_hierarchical_cluster"", ""apra_trust_weighted_clip""]",../main/re_result_6-29_APRA/cifar100_500_Jul.02_12.10.04_apra_fix_True_no-mia_no-mia-class_no-noise_modelreplace_5/agg_records/pkl/round_0167_apra.pkl
168,apra,success,"[1, 33, 27, 98, 31, 42, 30, 56, 60, 48]","[98, 31, 42, 30, 56, 60]","[1, 33, 27, 48]",10,6,"[""apra_mad_filter"", ""apra_hierarchical_cluster"", ""apra_trust_weighted_clip""]",../main/re_result_6-29_APRA/cifar100_500_Jul.02_12.10.04_apra_fix_True_no-mia_no-mia-class_no-noise_modelreplace_5/agg_records/pkl/round_0168_apra.pkl
169,apra,success,"[3, 88, 62, 64, 57, 28, 33, 93, 17, 50]","[64, 57, 28, 93, 17, 50]","[3, 88, 62, 33]",10,6,"[""apra_mad_filter"", ""apra_hierarchical_cluster"", ""apra_trust_weighted_clip""]",../main/re_result_6-29_APRA/cifar100_500_Jul.02_12.10.04_apra_fix_True_no-mia_no-mia-class_no-noise_modelreplace_5/agg_records/pkl/round_0169_apra.pkl
170,apra,success,"[2, 69, 62, 42, 7, 27, 86, 9, 1, 39]","[69, 62, 42, 7, 86, 9, 39]","[2, 27, 1]",10,7,"[""apra_mad_filter"", ""apra_hierarchical_cluster"", ""apra_trust_weighted_clip""]",../main/re_result_6-29_APRA/cifar100_500_Jul.02_12.10.04_apra_fix_True_no-mia_no-mia-class_no-noise_modelreplace_5/agg_records/pkl/round_0170_apra.pkl
171,apra,success,"[4, 57, 77, 12, 33, 0, 61, 62, 10, 81]","[57, 77, 12, 61, 10, 81]","[4, 33, 0, 62]",10,6,"[""apra_mad_filter"", ""apra_hierarchical_cluster"", ""apra_trust_weighted_clip""]",../main/re_result_6-29_APRA/cifar100_500_Jul.02_12.10.04_apra_fix_True_no-mia_no-mia-class_no-noise_modelreplace_5/agg_records/pkl/round_0171_apra.pkl
172,apra,success,"[1, 66, 4, 53, 11, 85, 74, 77, 5, 62]","[66, 53, 11, 85, 77, 5]","[1, 4, 74, 62]",10,6,"[""apra_mad_filter"", ""apra_hierarchical_cluster"", ""apra_trust_weighted_clip""]",../main/re_result_6-29_APRA/cifar100_500_Jul.02_12.10.04_apra_fix_True_no-mia_no-mia-class_no-noise_modelreplace_5/agg_records/pkl/round_0172_apra.pkl
173,apra,success,"[2, 51, 91, 53, 78, 98, 64, 86, 35, 61]","[51, 91, 53, 78, 98, 64, 86, 61]","[2, 35]",10,8,"[""apra_mad_filter"", ""apra_hierarchical_cluster"", ""apra_trust_weighted_clip""]",../main/re_result_6-29_APRA/cifar100_500_Jul.02_12.10.04_apra_fix_True_no-mia_no-mia-class_no-noise_modelreplace_5/agg_records/pkl/round_0173_apra.pkl
174,apra,success,"[1, 96, 12, 59, 16, 97, 22, 38, 99, 30]","[12, 16, 22, 38, 99, 30]","[1, 96, 59, 97]",10,6,"[""apra_mad_filter"", ""apra_hierarchical_cluster"", ""apra_trust_weighted_clip""]",../main/re_result_6-29_APRA/cifar100_500_Jul.02_12.10.04_apra_fix_True_no-mia_no-mia-class_no-noise_modelreplace_5/agg_records/pkl/round_0174_apra.pkl
175,apra,success,"[2, 50, 55, 65, 85, 32, 95, 7, 28, 20]","[50, 55, 65, 32, 95, 7, 28]","[2, 85, 20]",10,7,"[""apra_mad_filter"", ""apra_hierarchical_cluster"", ""apra_trust_weighted_clip""]",../main/re_result_6-29_APRA/cifar100_500_Jul.02_12.10.04_apra_fix_True_no-mia_no-mia-class_no-noise_modelreplace_5/agg_records/pkl/round_0175_apra.pkl
176,apra,success,"[2, 97, 26, 50, 74, 48, 92, 19, 47, 42]","[50, 19, 47, 42]","[2, 97, 26, 74, 48, 92]",10,4,"[""apra_mad_filter"", ""apra_hierarchical_cluster"", ""apra_trust_weighted_clip""]",../main/re_result_6-29_APRA/cifar100_500_Jul.02_12.10.04_apra_fix_True_no-mia_no-mia-class_no-noise_modelreplace_5/agg_records/pkl/round_0176_apra.pkl
177,apra,success,"[4, 58, 94, 95, 49, 63, 27, 41, 1, 61]","[58, 94, 95, 49, 63, 41, 61]","[4, 27, 1]",10,7,"[""apra_mad_filter"", ""apra_hierarchical_cluster"", ""apra_trust_weighted_clip""]",../main/re_result_6-29_APRA/cifar100_500_Jul.02_12.10.04_apra_fix_True_no-mia_no-mia-class_no-noise_modelreplace_5/agg_records/pkl/round_0177_apra.pkl
178,apra,success,"[4, 98, 12, 96, 8, 85, 64, 23, 67, 89]","[98, 12, 8, 85, 64, 23, 67, 89]","[4, 96]",10,8,"[""apra_mad_filter"", ""apra_hierarchical_cluster"", ""apra_trust_weighted_clip""]",../main/re_result_6-29_APRA/cifar100_500_Jul.02_12.10.04_apra_fix_True_no-mia_no-mia-class_no-noise_modelreplace_5/agg_records/pkl/round_0178_apra.pkl
179,apra,success,"[1, 84, 77, 39, 60, 50, 35, 93, 54, 96]","[84, 77, 39, 60, 50, 93, 54, 96]","[1, 35]",10,8,"[""apra_mad_filter"", ""apra_hierarchical_cluster"", ""apra_trust_weighted_clip""]",../main/re_result_6-29_APRA/cifar100_500_Jul.02_12.10.04_apra_fix_True_no-mia_no-mia-class_no-noise_modelreplace_5/agg_records/pkl/round_0179_apra.pkl
180,apra,success,"[0, 24, 88, 49, 12, 34, 79, 90, 82, 78]","[24, 49, 12, 34, 79, 78]","[0, 88, 90, 82]",10,6,"[""apra_mad_filter"", ""apra_hierarchical_cluster"", ""apra_trust_weighted_clip""]",../main/re_result_6-29_APRA/cifar100_500_Jul.02_12.10.04_apra_fix_True_no-mia_no-mia-class_no-noise_modelreplace_5/agg_records/pkl/round_0180_apra.pkl
181,apra,success,"[1, 85, 52, 86, 31, 14, 99, 74, 51, 23]","[85, 86, 31, 14, 99, 74, 51, 23]","[1, 52]",10,8,"[""apra_mad_filter"", ""apra_hierarchical_cluster"", ""apra_trust_weighted_clip""]",../main/re_result_6-29_APRA/cifar100_500_Jul.02_12.10.04_apra_fix_True_no-mia_no-mia-class_no-noise_modelreplace_5/agg_records/pkl/round_0181_apra.pkl
182,apra,success,"[3, 43, 51, 90, 39, 33, 29, 75, 98, 5]","[43, 51, 90, 39, 29, 75, 98, 5]","[3, 33]",10,8,"[""apra_mad_filter"", ""apra_hierarchical_cluster"", ""apra_trust_weighted_clip""]",../main/re_result_6-29_APRA/cifar100_500_Jul.02_12.10.04_apra_fix_True_no-mia_no-mia-class_no-noise_modelreplace_5/agg_records/pkl/round_0182_apra.pkl
183,apra,success,"[4, 41, 9, 81, 78, 44, 51, 52, 28, 2]","[41, 9, 81, 78, 51, 52, 28]","[4, 44, 2]",10,7,"[""apra_mad_filter"", ""apra_hierarchical_cluster"", ""apra_trust_weighted_clip""]",../main/re_result_6-29_APRA/cifar100_500_Jul.02_12.10.04_apra_fix_True_no-mia_no-mia-class_no-noise_modelreplace_5/agg_records/pkl/round_0183_apra.pkl
184,apra,success,"[0, 84, 51, 26, 50, 19, 92, 16, 7, 46]","[84, 51, 50, 19, 92, 16, 7, 46]","[0, 26]",10,8,"[""apra_mad_filter"", ""apra_hierarchical_cluster"", ""apra_trust_weighted_clip""]",../main/re_result_6-29_APRA/cifar100_500_Jul.02_12.10.04_apra_fix_True_no-mia_no-mia-class_no-noise_modelreplace_5/agg_records/pkl/round_0184_apra.pkl
185,apra,success,"[0, 50, 34, 8, 58, 66, 60, 95, 92, 83]","[50, 34, 58, 66, 60, 95, 92]","[0, 8, 83]",10,7,"[""apra_mad_filter"", ""apra_hierarchical_cluster"", ""apra_trust_weighted_clip""]",../main/re_result_6-29_APRA/cifar100_500_Jul.02_12.10.04_apra_fix_True_no-mia_no-mia-class_no-noise_modelreplace_5/agg_records/pkl/round_0185_apra.pkl
186,apra,success,"[0, 39, 65, 14, 12, 27, 95, 84, 47, 98]","[65, 14, 98]","[0, 39, 12, 27, 95, 84, 47]",10,3,"[""apra_mad_filter"", ""apra_hierarchical_cluster"", ""apra_trust_weighted_clip""]",../main/re_result_6-29_APRA/cifar100_500_Jul.02_12.10.04_apra_fix_True_no-mia_no-mia-class_no-noise_modelreplace_5/agg_records/pkl/round_0186_apra.pkl
187,apra,success,"[1, 89, 94, 61, 96, 81, 86, 32, 78, 54]","[94, 61, 81, 86, 32, 78]","[1, 89, 96, 54]",10,6,"[""apra_mad_filter"", ""apra_hierarchical_cluster"", ""apra_trust_weighted_clip""]",../main/re_result_6-29_APRA/cifar100_500_Jul.02_12.10.04_apra_fix_True_no-mia_no-mia-class_no-noise_modelreplace_5/agg_records/pkl/round_0187_apra.pkl
188,apra,success,"[2, 21, 62, 81, 98, 77, 41, 75, 96, 70]","[21, 81, 98, 77, 41, 75, 96, 70]","[2, 62]",10,8,"[""apra_mad_filter"", ""apra_hierarchical_cluster"", ""apra_trust_weighted_clip""]",../main/re_result_6-29_APRA/cifar100_500_Jul.02_12.10.04_apra_fix_True_no-mia_no-mia-class_no-noise_modelreplace_5/agg_records/pkl/round_0188_apra.pkl
189,apra,success,"[3, 57, 59, 61, 90, 8, 43, 47, 39, 67]","[57, 61, 90, 43, 39, 67]","[3, 59, 8, 47]",10,6,"[""apra_mad_filter"", ""apra_hierarchical_cluster"", ""apra_trust_weighted_clip""]",../main/re_result_6-29_APRA/cifar100_500_Jul.02_12.10.04_apra_fix_True_no-mia_no-mia-class_no-noise_modelreplace_5/agg_records/pkl/round_0189_apra.pkl
190,apra,success,"[4, 75, 92, 99, 5, 61, 12, 24, 89, 76]","[75, 92, 99, 5, 61, 12, 24, 89]","[4, 76]",10,8,"[""apra_mad_filter"", ""apra_hierarchical_cluster"", ""apra_trust_weighted_clip""]",../main/re_result_6-29_APRA/cifar100_500_Jul.02_12.10.04_apra_fix_True_no-mia_no-mia-class_no-noise_modelreplace_5/agg_records/pkl/round_0190_apra.pkl
191,apra,success,"[4, 50, 78, 98, 77, 13, 42, 38, 91, 71]","[50, 78, 98, 42, 38]","[4, 77, 13, 91, 71]",10,5,"[""apra_mad_filter"", ""apra_hierarchical_cluster"", ""apra_trust_weighted_clip""]",../main/re_result_6-29_APRA/cifar100_500_Jul.02_12.10.04_apra_fix_True_no-mia_no-mia-class_no-noise_modelreplace_5/agg_records/pkl/round_0191_apra.pkl
192,apra,success,"[1, 62, 2, 7, 85, 17, 74, 32, 28, 90]","[7, 85, 17, 74, 32, 28, 90]","[1, 62, 2]",10,7,"[""apra_mad_filter"", ""apra_hierarchical_cluster"", ""apra_trust_weighted_clip""]",../main/re_result_6-29_APRA/cifar100_500_Jul.02_12.10.04_apra_fix_True_no-mia_no-mia-class_no-noise_modelreplace_5/agg_records/pkl/round_0192_apra.pkl
193,apra,success,"[0, 28, 17, 51, 66, 74, 25, 61, 34, 54]","[17, 51, 66, 74, 25, 61, 34]","[0, 28, 54]",10,7,"[""apra_mad_filter"", ""apra_hierarchical_cluster"", ""apra_trust_weighted_clip""]",../main/re_result_6-29_APRA/cifar100_500_Jul.02_12.10.04_apra_fix_True_no-mia_no-mia-class_no-noise_modelreplace_5/agg_records/pkl/round_0193_apra.pkl
194,apra,success,"[0, 21, 9, 32, 56, 98, 70, 69, 37, 10]","[21, 9, 32, 56, 98, 70, 69, 10]","[0, 37]",10,8,"[""apra_mad_filter"", ""apra_hierarchical_cluster"", ""apra_trust_weighted_clip""]",../main/re_result_6-29_APRA/cifar100_500_Jul.02_12.10.04_apra_fix_True_no-mia_no-mia-class_no-noise_modelreplace_5/agg_records/pkl/round_0194_apra.pkl
195,apra,success,"[2, 64, 62, 11, 89, 18, 95, 78, 9, 68]","[64, 11, 89, 18, 95, 78, 9]","[2, 62, 68]",10,7,"[""apra_mad_filter"", ""apra_hierarchical_cluster"", ""apra_trust_weighted_clip""]",../main/re_result_6-29_APRA/cifar100_500_Jul.02_12.10.04_apra_fix_True_no-mia_no-mia-class_no-noise_modelreplace_5/agg_records/pkl/round_0195_apra.pkl
196,apra,success,"[2, 23, 90, 81, 83, 48, 9, 93, 76, 46]","[23, 48, 9, 93, 46]","[2, 90, 81, 83, 76]",10,5,"[""apra_mad_filter"", ""apra_hierarchical_cluster"", ""apra_trust_weighted_clip""]",../main/re_result_6-29_APRA/cifar100_500_Jul.02_12.10.04_apra_fix_True_no-mia_no-mia-class_no-noise_modelreplace_5/agg_records/pkl/round_0196_apra.pkl
197,apra,success,"[3, 97, 11, 61, 56, 86, 47, 44, 72, 77]","[97, 11, 61, 56, 86, 47, 72, 77]","[3, 44]",10,8,"[""apra_mad_filter"", ""apra_hierarchical_cluster"", ""apra_trust_weighted_clip""]",../main/re_result_6-29_APRA/cifar100_500_Jul.02_12.10.04_apra_fix_True_no-mia_no-mia-class_no-noise_modelreplace_5/agg_records/pkl/round_0197_apra.pkl
198,apra,success,"[1, 20, 29, 89, 48, 47, 17, 70, 42, 72]","[29, 89, 48, 47, 17, 70, 42]","[1, 20, 72]",10,7,"[""apra_mad_filter"", ""apra_hierarchical_cluster"", ""apra_trust_weighted_clip""]",../main/re_result_6-29_APRA/cifar100_500_Jul.02_12.10.04_apra_fix_True_no-mia_no-mia-class_no-noise_modelreplace_5/agg_records/pkl/round_0198_apra.pkl
199,apra,success,"[3, 86, 4, 56, 25, 0, 20, 99, 19, 71]","[86, 56, 25, 20, 99, 19]","[3, 4, 0, 71]",10,6,"[""apra_mad_filter"", ""apra_hierarchical_cluster"", ""apra_trust_weighted_clip""]",../main/re_result_6-29_APRA/cifar100_500_Jul.02_12.10.04_apra_fix_True_no-mia_no-mia-class_no-noise_modelreplace_5/agg_records/pkl/round_0199_apra.pkl
200,apra,success,"[1, 78, 29, 31, 46, 19, 70, 57, 68, 79]","[29, 31, 46, 19, 57, 79]","[1, 78, 70, 68]",10,6,"[""apra_mad_filter"", ""apra_hierarchical_cluster"", ""apra_trust_weighted_clip""]",../main/re_result_6-29_APRA/cifar100_500_Jul.02_12.10.04_apra_fix_True_no-mia_no-mia-class_no-noise_modelreplace_5/agg_records/pkl/round_0200_apra.pkl
201,apra,success,"[3, 14, 48, 93, 25, 45, 77, 84, 53, 39]","[14, 93, 45, 77, 84, 53, 39]","[3, 48, 25]",10,7,"[""apra_mad_filter"", ""apra_hierarchical_cluster"", ""apra_trust_weighted_clip""]",../main/re_result_6-29_APRA/cifar100_500_Jul.02_12.10.04_apra_fix_True_no-mia_no-mia-class_no-noise_modelreplace_5/agg_records/pkl/round_0201_apra.pkl
202,apra,success,"[3, 21, 53, 68, 86, 40, 95, 64, 35, 36]","[21, 53, 86, 40, 95, 64, 36]","[3, 68, 35]",10,7,"[""apra_mad_filter"", ""apra_hierarchical_cluster"", ""apra_trust_weighted_clip""]",../main/re_result_6-29_APRA/cifar100_500_Jul.02_12.10.04_apra_fix_True_no-mia_no-mia-class_no-noise_modelreplace_5/agg_records/pkl/round_0202_apra.pkl
203,apra,success,"[2, 42, 5, 59, 88, 20, 67, 32, 14, 98]","[42, 5, 59, 20, 67, 32, 14, 98]","[2, 88]",10,8,"[""apra_mad_filter"", ""apra_hierarchical_cluster"", ""apra_trust_weighted_clip""]",../main/re_result_6-29_APRA/cifar100_500_Jul.02_12.10.04_apra_fix_True_no-mia_no-mia-class_no-noise_modelreplace_5/agg_records/pkl/round_0203_apra.pkl
204,apra,success,"[0, 16, 71, 46, 93, 88, 7, 68, 70, 62]","[16, 46, 93, 88, 7, 68, 70, 62]","[0, 71]",10,8,"[""apra_mad_filter"", ""apra_hierarchical_cluster"", ""apra_trust_weighted_clip""]",../main/re_result_6-29_APRA/cifar100_500_Jul.02_12.10.04_apra_fix_True_no-mia_no-mia-class_no-noise_modelreplace_5/agg_records/pkl/round_0204_apra.pkl
205,apra,success,"[2, 52, 95, 40, 45, 97, 4, 96, 87, 44]","[52, 95, 40, 45, 97, 96, 87]","[2, 4, 44]",10,7,"[""apra_mad_filter"", ""apra_hierarchical_cluster"", ""apra_trust_weighted_clip""]",../main/re_result_6-29_APRA/cifar100_500_Jul.02_12.10.04_apra_fix_True_no-mia_no-mia-class_no-noise_modelreplace_5/agg_records/pkl/round_0205_apra.pkl
206,apra,success,"[4, 15, 84, 1, 41, 68, 14, 0, 72, 83]","[15, 84, 41, 14, 72, 83]","[4, 1, 68, 0]",10,6,"[""apra_mad_filter"", ""apra_hierarchical_cluster"", ""apra_trust_weighted_clip""]",../main/re_result_6-29_APRA/cifar100_500_Jul.02_12.10.04_apra_fix_True_no-mia_no-mia-class_no-noise_modelreplace_5/agg_records/pkl/round_0206_apra.pkl
207,apra,success,"[4, 88, 54, 63, 77, 34, 33, 64, 56, 11]","[54, 63, 77, 34, 64, 56, 11]","[4, 88, 33]",10,7,"[""apra_mad_filter"", ""apra_hierarchical_cluster"", ""apra_trust_weighted_clip""]",../main/re_result_6-29_APRA/cifar100_500_Jul.02_12.10.04_apra_fix_True_no-mia_no-mia-class_no-noise_modelreplace_5/agg_records/pkl/round_0207_apra.pkl
208,apra,success,"[4, 28, 58, 69, 99, 94, 71, 55, 49, 25]","[58, 69, 94, 55, 49]","[4, 28, 99, 71, 25]",10,5,"[""apra_mad_filter"", ""apra_hierarchical_cluster"", ""apra_trust_weighted_clip""]",../main/re_result_6-29_APRA/cifar100_500_Jul.02_12.10.04_apra_fix_True_no-mia_no-mia-class_no-noise_modelreplace_5/agg_records/pkl/round_0208_apra.pkl
209,apra,success,"[3, 82, 38, 50, 98, 43, 32, 29, 30, 39]","[38, 50, 98, 43, 30, 39]","[3, 82, 32, 29]",10,6,"[""apra_mad_filter"", ""apra_hierarchical_cluster"", ""apra_trust_weighted_clip""]",../main/re_result_6-29_APRA/cifar100_500_Jul.02_12.10.04_apra_fix_True_no-mia_no-mia-class_no-noise_modelreplace_5/agg_records/pkl/round_0209_apra.pkl
210,apra,success,"[3, 57, 36, 96, 74, 53, 30, 26, 62, 19]","[57, 36, 96, 74, 53, 30, 62, 19]","[3, 26]",10,8,"[""apra_mad_filter"", ""apra_hierarchical_cluster"", ""apra_trust_weighted_clip""]",../main/re_result_6-29_APRA/cifar100_500_Jul.02_12.10.04_apra_fix_True_no-mia_no-mia-class_no-noise_modelreplace_5/agg_records/pkl/round_0210_apra.pkl
211,apra,success,"[1, 89, 56, 22, 65, 15, 79, 10, 45, 0]","[89, 56, 22, 65, 15, 79, 45]","[1, 10, 0]",10,7,"[""apra_mad_filter"", ""apra_hierarchical_cluster"", ""apra_trust_weighted_clip""]",../main/re_result_6-29_APRA/cifar100_500_Jul.02_12.10.04_apra_fix_True_no-mia_no-mia-class_no-noise_modelreplace_5/agg_records/pkl/round_0211_apra.pkl
212,apra,success,"[1, 28, 63, 38, 27, 71, 82, 64, 32, 37]","[28, 63, 38, 27, 64, 32]","[1, 71, 82, 37]",10,6,"[""apra_mad_filter"", ""apra_hierarchical_cluster"", ""apra_trust_weighted_clip""]",../main/re_result_6-29_APRA/cifar100_500_Jul.02_12.10.04_apra_fix_True_no-mia_no-mia-class_no-noise_modelreplace_5/agg_records/pkl/round_0212_apra.pkl
213,apra,success,"[2, 7, 42, 22, 15, 77, 38, 1, 41, 82]","[7, 42, 22, 15, 77, 38, 82]","[2, 1, 41]",10,7,"[""apra_mad_filter"", ""apra_hierarchical_cluster"", ""apra_trust_weighted_clip""]",../main/re_result_6-29_APRA/cifar100_500_Jul.02_12.10.04_apra_fix_True_no-mia_no-mia-class_no-noise_modelreplace_5/agg_records/pkl/round_0213_apra.pkl
214,apra,success,"[0, 33, 61, 17, 97, 54, 4, 80, 62, 83]","[61, 17, 97, 54, 80, 62, 83]","[0, 33, 4]",10,7,"[""apra_mad_filter"", ""apra_hierarchical_cluster"", ""apra_trust_weighted_clip""]",../main/re_result_6-29_APRA/cifar100_500_Jul.02_12.10.04_apra_fix_True_no-mia_no-mia-class_no-noise_modelreplace_5/agg_records/pkl/round_0214_apra.pkl
215,apra,success,"[4, 55, 21, 77, 10, 35, 46, 76, 63, 58]","[55, 21, 77, 10, 46, 63, 58]","[4, 35, 76]",10,7,"[""apra_mad_filter"", ""apra_hierarchical_cluster"", ""apra_trust_weighted_clip""]",../main/re_result_6-29_APRA/cifar100_500_Jul.02_12.10.04_apra_fix_True_no-mia_no-mia-class_no-noise_modelreplace_5/agg_records/pkl/round_0215_apra.pkl
216,apra,success,"[1, 53, 49, 3, 74, 69, 97, 95, 41, 75]","[53, 49, 69, 97, 95, 75]","[1, 3, 74, 41]",10,6,"[""apra_mad_filter"", ""apra_hierarchical_cluster"", ""apra_trust_weighted_clip""]",../main/re_result_6-29_APRA/cifar100_500_Jul.02_12.10.04_apra_fix_True_no-mia_no-mia-class_no-noise_modelreplace_5/agg_records/pkl/round_0216_apra.pkl
217,apra,success,"[0, 78, 72, 12, 57, 97, 39, 63, 93, 30]","[78, 12, 57, 39, 63, 93, 30]","[0, 72, 97]",10,7,"[""apra_mad_filter"", ""apra_hierarchical_cluster"", ""apra_trust_weighted_clip""]",../main/re_result_6-29_APRA/cifar100_500_Jul.02_12.10.04_apra_fix_True_no-mia_no-mia-class_no-noise_modelreplace_5/agg_records/pkl/round_0217_apra.pkl
218,apra,success,"[3, 56, 47, 27, 79, 57, 83, 68, 45, 58]","[56, 79, 57, 83, 45, 58]","[3, 47, 27, 68]",10,6,"[""apra_mad_filter"", ""apra_hierarchical_cluster"", ""apra_trust_weighted_clip""]",../main/re_result_6-29_APRA/cifar100_500_Jul.02_12.10.04_apra_fix_True_no-mia_no-mia-class_no-noise_modelreplace_5/agg_records/pkl/round_0218_apra.pkl
219,apra,success,"[2, 65, 96, 77, 88, 45, 84, 47, 58, 15]","[65, 77, 45, 84, 58, 15]","[2, 96, 88, 47]",10,6,"[""apra_mad_filter"", ""apra_hierarchical_cluster"", ""apra_trust_weighted_clip""]",../main/re_result_6-29_APRA/cifar100_500_Jul.02_12.10.04_apra_fix_True_no-mia_no-mia-class_no-noise_modelreplace_5/agg_records/pkl/round_0219_apra.pkl
220,apra,success,"[1, 15, 81, 79, 69, 33, 34, 93, 77, 50]","[15, 81, 79, 69, 34, 93, 77, 50]","[1, 33]",10,8,"[""apra_mad_filter"", ""apra_hierarchical_cluster"", ""apra_trust_weighted_clip""]",../main/re_result_6-29_APRA/cifar100_500_Jul.02_12.10.04_apra_fix_True_no-mia_no-mia-class_no-noise_modelreplace_5/agg_records/pkl/round_0220_apra.pkl
221,apra,success,"[0, 56, 32, 73, 41, 24, 44, 62, 33, 36]","[56, 32, 73, 41, 24, 44, 62, 36]","[0, 33]",10,8,"[""apra_mad_filter"", ""apra_hierarchical_cluster"", ""apra_trust_weighted_clip""]",../main/re_result_6-29_APRA/cifar100_500_Jul.02_12.10.04_apra_fix_True_no-mia_no-mia-class_no-noise_modelreplace_5/agg_records/pkl/round_0221_apra.pkl
222,apra,success,"[1, 57, 82, 21, 11, 19, 29, 65, 36, 66]","[57, 82, 21, 11, 19, 29, 65, 36]","[1, 66]",10,8,"[""apra_mad_filter"", ""apra_hierarchical_cluster"", ""apra_trust_weighted_clip""]",../main/re_result_6-29_APRA/cifar100_500_Jul.02_12.10.04_apra_fix_True_no-mia_no-mia-class_no-noise_modelreplace_5/agg_records/pkl/round_0222_apra.pkl
223,apra,success,"[3, 57, 48, 50, 10, 80, 11, 71, 97, 73]","[57, 50, 11, 97]","[3, 48, 10, 80, 71, 73]",10,4,"[""apra_mad_filter"", ""apra_hierarchical_cluster"", ""apra_trust_weighted_clip""]",../main/re_result_6-29_APRA/cifar100_500_Jul.02_12.10.04_apra_fix_True_no-mia_no-mia-class_no-noise_modelreplace_5/agg_records/pkl/round_0223_apra.pkl
224,apra,success,"[4, 61, 43, 48, 64, 76, 86, 69, 29, 17]","[61, 43, 48, 64, 86, 69, 29, 17]","[4, 76]",10,8,"[""apra_mad_filter"", ""apra_hierarchical_cluster"", ""apra_trust_weighted_clip""]",../main/re_result_6-29_APRA/cifar100_500_Jul.02_12.10.04_apra_fix_True_no-mia_no-mia-class_no-noise_modelreplace_5/agg_records/pkl/round_0224_apra.pkl
225,apra,success,"[1, 77, 6, 82, 4, 8, 42, 76, 2, 41]","[77, 6, 82, 8, 42, 41]","[1, 4, 76, 2]",10,6,"[""apra_mad_filter"", ""apra_hierarchical_cluster"", ""apra_trust_weighted_clip""]",../main/re_result_6-29_APRA/cifar100_500_Jul.02_12.10.04_apra_fix_True_no-mia_no-mia-class_no-noise_modelreplace_5/agg_records/pkl/round_0225_apra.pkl
226,apra,success,"[2, 45, 95, 15, 57, 30, 49, 42, 71, 47]","[45, 95, 15, 57, 30, 49, 42]","[2, 71, 47]",10,7,"[""apra_mad_filter"", ""apra_hierarchical_cluster"", ""apra_trust_weighted_clip""]",../main/re_result_6-29_APRA/cifar100_500_Jul.02_12.10.04_apra_fix_True_no-mia_no-mia-class_no-noise_modelreplace_5/agg_records/pkl/round_0226_apra.pkl
227,apra,success,"[2, 5, 42, 94, 73, 9, 74, 29, 36, 39]","[5, 94, 9, 74, 29, 36, 39]","[2, 42, 73]",10,7,"[""apra_mad_filter"", ""apra_hierarchical_cluster"", ""apra_trust_weighted_clip""]",../main/re_result_6-29_APRA/cifar100_500_Jul.02_12.10.04_apra_fix_True_no-mia_no-mia-class_no-noise_modelreplace_5/agg_records/pkl/round_0227_apra.pkl
228,apra,success,"[1, 38, 53, 17, 85, 95, 61, 14, 18, 25]","[38, 53, 17, 95, 61, 14, 18, 25]","[1, 85]",10,8,"[""apra_mad_filter"", ""apra_hierarchical_cluster"", ""apra_trust_weighted_clip""]",../main/re_result_6-29_APRA/cifar100_500_Jul.02_12.10.04_apra_fix_True_no-mia_no-mia-class_no-noise_modelreplace_5/agg_records/pkl/round_0228_apra.pkl
229,apra,success,"[4, 30, 32, 8, 98, 53, 44, 31, 26, 48]","[30, 32, 8, 98, 53, 31, 48]","[4, 44, 26]",10,7,"[""apra_mad_filter"", ""apra_hierarchical_cluster"", ""apra_trust_weighted_clip""]",../main/re_result_6-29_APRA/cifar100_500_Jul.02_12.10.04_apra_fix_True_no-mia_no-mia-class_no-noise_modelreplace_5/agg_records/pkl/round_0229_apra.pkl
230,apra,success,"[1, 92, 48, 79, 61, 41, 75, 86, 70, 3]","[48, 79, 61, 41, 75, 86, 70]","[1, 92, 3]",10,7,"[""apra_mad_filter"", ""apra_hierarchical_cluster"", ""apra_trust_weighted_clip""]",../main/re_result_6-29_APRA/cifar100_500_Jul.02_12.10.04_apra_fix_True_no-mia_no-mia-class_no-noise_modelreplace_5/agg_records/pkl/round_0230_apra.pkl
231,apra,success,"[4, 51, 21, 65, 24, 94, 91, 16, 77, 52]","[51, 21, 65, 24, 94, 91, 16, 77]","[4, 52]",10,8,"[""apra_mad_filter"", ""apra_hierarchical_cluster"", ""apra_trust_weighted_clip""]",../main/re_result_6-29_APRA/cifar100_500_Jul.02_12.10.04_apra_fix_True_no-mia_no-mia-class_no-noise_modelreplace_5/agg_records/pkl/round_0231_apra.pkl
232,apra,success,"[0, 68, 63, 72, 98, 81, 42, 82, 61, 65]","[63, 72, 98, 81, 42, 82, 61, 65]","[0, 68]",10,8,"[""apra_mad_filter"", ""apra_hierarchical_cluster"", ""apra_trust_weighted_clip""]",../main/re_result_6-29_APRA/cifar100_500_Jul.02_12.10.04_apra_fix_True_no-mia_no-mia-class_no-noise_modelreplace_5/agg_records/pkl/round_0232_apra.pkl
233,apra,success,"[4, 19, 90, 61, 25, 60, 55, 32, 7, 76]","[19, 90, 61, 25, 60, 55, 32, 7]","[4, 76]",10,8,"[""apra_mad_filter"", ""apra_hierarchical_cluster"", ""apra_trust_weighted_clip""]",../main/re_result_6-29_APRA/cifar100_500_Jul.02_12.10.04_apra_fix_True_no-mia_no-mia-class_no-noise_modelreplace_5/agg_records/pkl/round_0233_apra.pkl
234,apra,success,"[3, 59, 29, 75, 83, 66, 93, 32, 56, 50]","[29, 75, 66, 93, 32, 56, 50]","[3, 59, 83]",10,7,"[""apra_mad_filter"", ""apra_hierarchical_cluster"", ""apra_trust_weighted_clip""]",../main/re_result_6-29_APRA/cifar100_500_Jul.02_12.10.04_apra_fix_True_no-mia_no-mia-class_no-noise_modelreplace_5/agg_records/pkl/round_0234_apra.pkl
235,apra,success,"[3, 4, 73, 64, 85, 65, 42, 43, 1, 97]","[64, 65, 42, 43, 97]","[3, 4, 73, 85, 1]",10,5,"[""apra_mad_filter"", ""apra_hierarchical_cluster"", ""apra_trust_weighted_clip""]",../main/re_result_6-29_APRA/cifar100_500_Jul.02_12.10.04_apra_fix_True_no-mia_no-mia-class_no-noise_modelreplace_5/agg_records/pkl/round_0235_apra.pkl
236,apra,success,"[0, 88, 83, 38, 36, 47, 85, 6, 57, 91]","[83, 38, 36, 47, 85, 6, 57, 91]","[0, 88]",10,8,"[""apra_mad_filter"", ""apra_hierarchical_cluster"", ""apra_trust_weighted_clip""]",../main/re_result_6-29_APRA/cifar100_500_Jul.02_12.10.04_apra_fix_True_no-mia_no-mia-class_no-noise_modelreplace_5/agg_records/pkl/round_0236_apra.pkl
237,apra,success,"[1, 77, 52, 21, 79, 94, 99, 95, 4, 88]","[77, 52, 21, 79, 94, 99, 95]","[1, 4, 88]",10,7,"[""apra_mad_filter"", ""apra_hierarchical_cluster"", ""apra_trust_weighted_clip""]",../main/re_result_6-29_APRA/cifar100_500_Jul.02_12.10.04_apra_fix_True_no-mia_no-mia-class_no-noise_modelreplace_5/agg_records/pkl/round_0237_apra.pkl
238,apra,success,"[0, 3, 57, 79, 30, 91, 24, 89, 19, 52]","[57, 79, 91, 24, 89, 19]","[0, 3, 30, 52]",10,6,"[""apra_mad_filter"", ""apra_hierarchical_cluster"", ""apra_trust_weighted_clip""]",../main/re_result_6-29_APRA/cifar100_500_Jul.02_12.10.04_apra_fix_True_no-mia_no-mia-class_no-noise_modelreplace_5/agg_records/pkl/round_0238_apra.pkl
239,apra,success,"[2, 19, 58, 67, 21, 45, 38, 50, 31, 3]","[19, 67, 21, 45, 38, 50, 31]","[2, 58, 3]",10,7,"[""apra_mad_filter"", ""apra_hierarchical_cluster"", ""apra_trust_weighted_clip""]",../main/re_result_6-29_APRA/cifar100_500_Jul.02_12.10.04_apra_fix_True_no-mia_no-mia-class_no-noise_modelreplace_5/agg_records/pkl/round_0239_apra.pkl
240,apra,success,"[2, 80, 39, 86, 11, 95, 45, 55, 64, 16]","[39, 86, 11, 95, 45, 55]","[2, 80, 64, 16]",10,6,"[""apra_mad_filter"", ""apra_hierarchical_cluster"", ""apra_trust_weighted_clip""]",../main/re_result_6-29_APRA/cifar100_500_Jul.02_12.10.04_apra_fix_True_no-mia_no-mia-class_no-noise_modelreplace_5/agg_records/pkl/round_0240_apra.pkl
241,apra,success,"[0, 59, 57, 41, 27, 75, 71, 99, 93, 22]","[57, 27, 75, 99, 93, 22]","[0, 59, 41, 71]",10,6,"[""apra_mad_filter"", ""apra_hierarchical_cluster"", ""apra_trust_weighted_clip""]",../main/re_result_6-29_APRA/cifar100_500_Jul.02_12.10.04_apra_fix_True_no-mia_no-mia-class_no-noise_modelreplace_5/agg_records/pkl/round_0241_apra.pkl
242,apra,success,"[2, 82, 41, 71, 12, 92, 76, 59, 86, 5]","[82, 41, 92, 86, 5]","[2, 71, 12, 76, 59]",10,5,"[""apra_mad_filter"", ""apra_hierarchical_cluster"", ""apra_trust_weighted_clip""]",../main/re_result_6-29_APRA/cifar100_500_Jul.02_12.10.04_apra_fix_True_no-mia_no-mia-class_no-noise_modelreplace_5/agg_records/pkl/round_0242_apra.pkl
243,apra,success,"[4, 86, 65, 39, 0, 64, 43, 92, 41, 98]","[86, 65, 39, 64, 43, 92, 98]","[4, 0, 41]",10,7,"[""apra_mad_filter"", ""apra_hierarchical_cluster"", ""apra_trust_weighted_clip""]",../main/re_result_6-29_APRA/cifar100_500_Jul.02_12.10.04_apra_fix_True_no-mia_no-mia-class_no-noise_modelreplace_5/agg_records/pkl/round_0243_apra.pkl
244,apra,success,"[1, 89, 71, 0, 47, 26, 95, 51, 44, 80]","[89, 71, 47, 95, 51, 44, 80]","[1, 0, 26]",10,7,"[""apra_mad_filter"", ""apra_hierarchical_cluster"", ""apra_trust_weighted_clip""]",../main/re_result_6-29_APRA/cifar100_500_Jul.02_12.10.04_apra_fix_True_no-mia_no-mia-class_no-noise_modelreplace_5/agg_records/pkl/round_0244_apra.pkl
245,apra,success,"[3, 19, 56, 67, 28, 80, 48, 5, 99, 59]","[19, 56, 67, 99]","[3, 28, 80, 48, 5, 59]",10,4,"[""apra_mad_filter"", ""apra_hierarchical_cluster"", ""apra_trust_weighted_clip""]",../main/re_result_6-29_APRA/cifar100_500_Jul.02_12.10.04_apra_fix_True_no-mia_no-mia-class_no-noise_modelreplace_5/agg_records/pkl/round_0245_apra.pkl
246,apra,success,"[0, 45, 11, 25, 6, 53, 78, 54, 58, 24]","[45, 11, 25, 6, 53, 78, 58, 24]","[0, 54]",10,8,"[""apra_mad_filter"", ""apra_hierarchical_cluster"", ""apra_trust_weighted_clip""]",../main/re_result_6-29_APRA/cifar100_500_Jul.02_12.10.04_apra_fix_True_no-mia_no-mia-class_no-noise_modelreplace_5/agg_records/pkl/round_0246_apra.pkl
247,apra,success,"[0, 17, 69, 14, 41, 50, 71, 32, 58, 4]","[17, 69, 14, 50, 32, 58]","[0, 41, 71, 4]",10,6,"[""apra_mad_filter"", ""apra_hierarchical_cluster"", ""apra_trust_weighted_clip""]",../main/re_result_6-29_APRA/cifar100_500_Jul.02_12.10.04_apra_fix_True_no-mia_no-mia-class_no-noise_modelreplace_5/agg_records/pkl/round_0247_apra.pkl
248,apra,success,"[1, 62, 67, 43, 29, 58, 73, 72, 99, 20]","[62, 67, 43, 99, 20]","[1, 29, 58, 73, 72]",10,5,"[""apra_mad_filter"", ""apra_hierarchical_cluster"", ""apra_trust_weighted_clip""]",../main/re_result_6-29_APRA/cifar100_500_Jul.02_12.10.04_apra_fix_True_no-mia_no-mia-class_no-noise_modelreplace_5/agg_records/pkl/round_0248_apra.pkl
249,apra,success,"[0, 37, 93, 74, 22, 40, 11, 29, 61, 14]","[93, 22, 11, 29, 61]","[0, 37, 74, 40, 14]",10,5,"[""apra_mad_filter"", ""apra_hierarchical_cluster"", ""apra_trust_weighted_clip""]",../main/re_result_6-29_APRA/cifar100_500_Jul.02_12.10.04_apra_fix_True_no-mia_no-mia-class_no-noise_modelreplace_5/agg_records/pkl/round_0249_apra.pkl
250,apra,success,"[3, 31, 0, 55, 89, 25, 73, 5, 68, 48]","[31, 55, 89, 5]","[3, 0, 25, 73, 68, 48]",10,4,"[""apra_mad_filter"", ""apra_hierarchical_cluster"", ""apra_trust_weighted_clip""]",../main/re_result_6-29_APRA/cifar100_500_Jul.02_12.10.04_apra_fix_True_no-mia_no-mia-class_no-noise_modelreplace_5/agg_records/pkl/round_0250_apra.pkl
251,apra,success,"[4, 28, 5, 53, 72, 34, 88, 65, 27, 55]","[28, 5, 53, 72, 34, 65, 55]","[4, 88, 27]",10,7,"[""apra_mad_filter"", ""apra_hierarchical_cluster"", ""apra_trust_weighted_clip""]",../main/re_result_6-29_APRA/cifar100_500_Jul.02_12.10.04_apra_fix_True_no-mia_no-mia-class_no-noise_modelreplace_5/agg_records/pkl/round_0251_apra.pkl
252,apra,success,"[4, 16, 55, 57, 21, 26, 69, 51, 44, 86]","[16, 55, 57, 21, 69, 51, 44, 86]","[4, 26]",10,8,"[""apra_mad_filter"", ""apra_hierarchical_cluster"", ""apra_trust_weighted_clip""]",../main/re_result_6-29_APRA/cifar100_500_Jul.02_12.10.04_apra_fix_True_no-mia_no-mia-class_no-noise_modelreplace_5/agg_records/pkl/round_0252_apra.pkl
253,apra,success,"[3, 6, 52, 61, 62, 48, 45, 73, 46, 58]","[6, 61, 45, 46, 58]","[3, 52, 62, 48, 73]",10,5,"[""apra_mad_filter"", ""apra_hierarchical_cluster"", ""apra_trust_weighted_clip""]",../main/re_result_6-29_APRA/cifar100_500_Jul.02_12.10.04_apra_fix_True_no-mia_no-mia-class_no-noise_modelreplace_5/agg_records/pkl/round_0253_apra.pkl
254,apra,success,"[1, 95, 97, 42, 38, 13, 0, 41, 96, 82]","[95, 97, 42, 38, 13, 82]","[1, 0, 41, 96]",10,6,"[""apra_mad_filter"", ""apra_hierarchical_cluster"", ""apra_trust_weighted_clip""]",../main/re_result_6-29_APRA/cifar100_500_Jul.02_12.10.04_apra_fix_True_no-mia_no-mia-class_no-noise_modelreplace_5/agg_records/pkl/round_0254_apra.pkl
255,apra,success,"[3, 62, 85, 17, 46, 1, 38, 6, 23, 43]","[17, 46, 38, 6, 23, 43]","[3, 62, 85, 1]",10,6,"[""apra_mad_filter"", ""apra_hierarchical_cluster"", ""apra_trust_weighted_clip""]",../main/re_result_6-29_APRA/cifar100_500_Jul.02_12.10.04_apra_fix_True_no-mia_no-mia-class_no-noise_modelreplace_5/agg_records/pkl/round_0255_apra.pkl
256,apra,success,"[4, 84, 79, 95, 65, 71, 9, 3, 81, 70]","[84, 79, 95, 65, 9, 81]","[4, 71, 3, 70]",10,6,"[""apra_mad_filter"", ""apra_hierarchical_cluster"", ""apra_trust_weighted_clip""]",../main/re_result_6-29_APRA/cifar100_500_Jul.02_12.10.04_apra_fix_True_no-mia_no-mia-class_no-noise_modelreplace_5/agg_records/pkl/round_0256_apra.pkl
257,apra,success,"[2, 42, 68, 58, 20, 28, 44, 63, 65, 38]","[42, 58, 28, 44, 63, 65, 38]","[2, 68, 20]",10,7,"[""apra_mad_filter"", ""apra_hierarchical_cluster"", ""apra_trust_weighted_clip""]",../main/re_result_6-29_APRA/cifar100_500_Jul.02_12.10.04_apra_fix_True_no-mia_no-mia-class_no-noise_modelreplace_5/agg_records/pkl/round_0257_apra.pkl
258,apra,success,"[2, 61, 81, 20, 6, 68, 3, 37, 15, 11]","[61, 81, 20, 6, 37, 15, 11]","[2, 68, 3]",10,7,"[""apra_mad_filter"", ""apra_hierarchical_cluster"", ""apra_trust_weighted_clip""]",../main/re_result_6-29_APRA/cifar100_500_Jul.02_12.10.04_apra_fix_True_no-mia_no-mia-class_no-noise_modelreplace_5/agg_records/pkl/round_0258_apra.pkl
259,apra,success,"[2, 8, 60, 95, 98, 39, 75, 32, 15, 52]","[95, 39, 75]","[2, 8, 60, 98, 32, 15, 52]",10,3,"[""apra_mad_filter"", ""apra_hierarchical_cluster"", ""apra_trust_weighted_clip""]",../main/re_result_6-29_APRA/cifar100_500_Jul.02_12.10.04_apra_fix_True_no-mia_no-mia-class_no-noise_modelreplace_5/agg_records/pkl/round_0259_apra.pkl
260,apra,success,"[3, 1, 67, 86, 16, 55, 99, 88, 15, 12]","[67, 86, 16, 55, 99, 15, 12]","[3, 1, 88]",10,7,"[""apra_mad_filter"", ""apra_hierarchical_cluster"", ""apra_trust_weighted_clip""]",../main/re_result_6-29_APRA/cifar100_500_Jul.02_12.10.04_apra_fix_True_no-mia_no-mia-class_no-noise_modelreplace_5/agg_records/pkl/round_0260_apra.pkl
261,apra,success,"[2, 82, 47, 81, 49, 56, 12, 30, 83, 37]","[82, 49, 56, 12, 30, 83, 37]","[2, 47, 81]",10,7,"[""apra_mad_filter"", ""apra_hierarchical_cluster"", ""apra_trust_weighted_clip""]",../main/re_result_6-29_APRA/cifar100_500_Jul.02_12.10.04_apra_fix_True_no-mia_no-mia-class_no-noise_modelreplace_5/agg_records/pkl/round_0261_apra.pkl
262,apra,success,"[0, 91, 36, 57, 85, 84, 46, 6, 40, 43]","[91, 36, 6, 43]","[0, 57, 85, 84, 46, 40]",10,4,"[""apra_mad_filter"", ""apra_hierarchical_cluster"", ""apra_trust_weighted_clip""]",../main/re_result_6-29_APRA/cifar100_500_Jul.02_12.10.04_apra_fix_True_no-mia_no-mia-class_no-noise_modelreplace_5/agg_records/pkl/round_0262_apra.pkl
263,apra,success,"[4, 39, 5, 83, 71, 76, 18, 17, 81, 62]","[39, 5, 83, 18, 17, 81, 62]","[4, 71, 76]",10,7,"[""apra_mad_filter"", ""apra_hierarchical_cluster"", ""apra_trust_weighted_clip""]",../main/re_result_6-29_APRA/cifar100_500_Jul.02_12.10.04_apra_fix_True_no-mia_no-mia-class_no-noise_modelreplace_5/agg_records/pkl/round_0263_apra.pkl
264,apra,success,"[0, 52, 74, 80, 88, 5, 84, 50, 40, 78]","[52, 80, 5, 84, 50, 40, 78]","[0, 74, 88]",10,7,"[""apra_mad_filter"", ""apra_hierarchical_cluster"", ""apra_trust_weighted_clip""]",../main/re_result_6-29_APRA/cifar100_500_Jul.02_12.10.04_apra_fix_True_no-mia_no-mia-class_no-noise_modelreplace_5/agg_records/pkl/round_0264_apra.pkl
265,apra,success,"[2, 80, 31, 43, 56, 84, 45, 95, 90, 65]","[31, 43, 56, 45, 95, 65]","[2, 80, 84, 90]",10,6,"[""apra_mad_filter"", ""apra_hierarchical_cluster"", ""apra_trust_weighted_clip""]",../main/re_result_6-29_APRA/cifar100_500_Jul.02_12.10.04_apra_fix_True_no-mia_no-mia-class_no-noise_modelreplace_5/agg_records/pkl/round_0265_apra.pkl
266,apra,success,"[0, 87, 29, 84, 51, 28, 72, 52, 38, 63]","[29, 84, 28, 38, 63]","[0, 87, 51, 72, 52]",10,5,"[""apra_mad_filter"", ""apra_hierarchical_cluster"", ""apra_trust_weighted_clip""]",../main/re_result_6-29_APRA/cifar100_500_Jul.02_12.10.04_apra_fix_True_no-mia_no-mia-class_no-noise_modelreplace_5/agg_records/pkl/round_0266_apra.pkl
267,apra,success,"[1, 22, 39, 47, 42, 99, 66, 96, 13, 63]","[22, 39, 42, 99, 66, 96, 13, 63]","[1, 47]",10,8,"[""apra_mad_filter"", ""apra_hierarchical_cluster"", ""apra_trust_weighted_clip""]",../main/re_result_6-29_APRA/cifar100_500_Jul.02_12.10.04_apra_fix_True_no-mia_no-mia-class_no-noise_modelreplace_5/agg_records/pkl/round_0267_apra.pkl
268,apra,success,"[0, 68, 94, 29, 31, 45, 9, 98, 99, 38]","[94, 29, 31, 45, 9, 38]","[0, 68, 98, 99]",10,6,"[""apra_mad_filter"", ""apra_hierarchical_cluster"", ""apra_trust_weighted_clip""]",../main/re_result_6-29_APRA/cifar100_500_Jul.02_12.10.04_apra_fix_True_no-mia_no-mia-class_no-noise_modelreplace_5/agg_records/pkl/round_0268_apra.pkl
269,apra,success,"[1, 34, 35, 83, 82, 79, 81, 91, 53, 52]","[34, 83, 82, 79, 81, 91, 53, 52]","[1, 35]",10,8,"[""apra_mad_filter"", ""apra_hierarchical_cluster"", ""apra_trust_weighted_clip""]",../main/re_result_6-29_APRA/cifar100_500_Jul.02_12.10.04_apra_fix_True_no-mia_no-mia-class_no-noise_modelreplace_5/agg_records/pkl/round_0269_apra.pkl
270,apra,success,"[1, 86, 78, 5, 99, 6, 94, 34, 46, 28]","[86, 78, 99, 6, 34, 28]","[1, 5, 94, 46]",10,6,"[""apra_mad_filter"", ""apra_hierarchical_cluster"", ""apra_trust_weighted_clip""]",../main/re_result_6-29_APRA/cifar100_500_Jul.02_12.10.04_apra_fix_True_no-mia_no-mia-class_no-noise_modelreplace_5/agg_records/pkl/round_0270_apra.pkl
271,apra,success,"[4, 91, 71, 2, 35, 90, 93, 98, 70, 95]","[91, 93, 98, 70, 95]","[4, 71, 2, 35, 90]",10,5,"[""apra_mad_filter"", ""apra_hierarchical_cluster"", ""apra_trust_weighted_clip""]",../main/re_result_6-29_APRA/cifar100_500_Jul.02_12.10.04_apra_fix_True_no-mia_no-mia-class_no-noise_modelreplace_5/agg_records/pkl/round_0271_apra.pkl
272,apra,success,"[3, 64, 81, 22, 41, 14, 39, 1, 88, 74]","[64, 81, 22, 14, 39]","[3, 41, 1, 88, 74]",10,5,"[""apra_mad_filter"", ""apra_hierarchical_cluster"", ""apra_trust_weighted_clip""]",../main/re_result_6-29_APRA/cifar100_500_Jul.02_12.10.04_apra_fix_True_no-mia_no-mia-class_no-noise_modelreplace_5/agg_records/pkl/round_0272_apra.pkl
273,apra,success,"[3, 15, 95, 57, 7, 73, 75, 65, 58, 27]","[15, 95, 57, 7, 75, 65, 58, 27]","[3, 73]",10,8,"[""apra_mad_filter"", ""apra_hierarchical_cluster"", ""apra_trust_weighted_clip""]",../main/re_result_6-29_APRA/cifar100_500_Jul.02_12.10.04_apra_fix_True_no-mia_no-mia-class_no-noise_modelreplace_5/agg_records/pkl/round_0273_apra.pkl
274,apra,success,"[0, 64, 2, 76, 65, 15, 51, 53, 69, 72]","[64, 65, 15, 51, 53, 69, 72]","[0, 2, 76]",10,7,"[""apra_mad_filter"", ""apra_hierarchical_cluster"", ""apra_trust_weighted_clip""]",../main/re_result_6-29_APRA/cifar100_500_Jul.02_12.10.04_apra_fix_True_no-mia_no-mia-class_no-noise_modelreplace_5/agg_records/pkl/round_0274_apra.pkl
275,apra,success,"[0, 29, 3, 30, 81, 70, 38, 49, 78, 14]","[30, 81, 38, 49, 78, 14]","[0, 29, 3, 70]",10,6,"[""apra_mad_filter"", ""apra_hierarchical_cluster"", ""apra_trust_weighted_clip""]",../main/re_result_6-29_APRA/cifar100_500_Jul.02_12.10.04_apra_fix_True_no-mia_no-mia-class_no-noise_modelreplace_5/agg_records/pkl/round_0275_apra.pkl
276,apra,success,"[1, 71, 13, 47, 7, 49, 33, 42, 34, 53]","[13, 7, 49, 42, 34, 53]","[1, 71, 47, 33]",10,6,"[""apra_mad_filter"", ""apra_hierarchical_cluster"", ""apra_trust_weighted_clip""]",../main/re_result_6-29_APRA/cifar100_500_Jul.02_12.10.04_apra_fix_True_no-mia_no-mia-class_no-noise_modelreplace_5/agg_records/pkl/round_0276_apra.pkl
277,apra,success,"[3, 20, 48, 57, 30, 15, 45, 29, 54, 14]","[20, 57, 30, 15, 45, 29, 54, 14]","[3, 48]",10,8,"[""apra_mad_filter"", ""apra_hierarchical_cluster"", ""apra_trust_weighted_clip""]",../main/re_result_6-29_APRA/cifar100_500_Jul.02_12.10.04_apra_fix_True_no-mia_no-mia-class_no-noise_modelreplace_5/agg_records/pkl/round_0277_apra.pkl
278,apra,success,"[1, 57, 52, 76, 65, 58, 51, 23, 99, 21]","[57, 52, 65, 58, 51, 23, 99, 21]","[1, 76]",10,8,"[""apra_mad_filter"", ""apra_hierarchical_cluster"", ""apra_trust_weighted_clip""]",../main/re_result_6-29_APRA/cifar100_500_Jul.02_12.10.04_apra_fix_True_no-mia_no-mia-class_no-noise_modelreplace_5/agg_records/pkl/round_0278_apra.pkl
279,apra,success,"[4, 46, 64, 96, 82, 75, 40, 63, 36, 47]","[46, 64, 96, 82, 75, 40, 63, 36]","[4, 47]",10,8,"[""apra_mad_filter"", ""apra_hierarchical_cluster"", ""apra_trust_weighted_clip""]",../main/re_result_6-29_APRA/cifar100_500_Jul.02_12.10.04_apra_fix_True_no-mia_no-mia-class_no-noise_modelreplace_5/agg_records/pkl/round_0279_apra.pkl
280,apra,success,"[0, 72, 8, 81, 73, 83, 65, 79, 58, 16]","[8, 81, 83, 65, 79, 58, 16]","[0, 72, 73]",10,7,"[""apra_mad_filter"", ""apra_hierarchical_cluster"", ""apra_trust_weighted_clip""]",../main/re_result_6-29_APRA/cifar100_500_Jul.02_12.10.04_apra_fix_True_no-mia_no-mia-class_no-noise_modelreplace_5/agg_records/pkl/round_0280_apra.pkl
281,apra,success,"[3, 30, 84, 29, 12, 98, 44, 64, 13, 55]","[30, 84, 29, 12, 98, 64, 13, 55]","[3, 44]",10,8,"[""apra_mad_filter"", ""apra_hierarchical_cluster"", ""apra_trust_weighted_clip""]",../main/re_result_6-29_APRA/cifar100_500_Jul.02_12.10.04_apra_fix_True_no-mia_no-mia-class_no-noise_modelreplace_5/agg_records/pkl/round_0281_apra.pkl
282,apra,success,"[0, 36, 23, 49, 11, 34, 99, 33, 58, 12]","[23, 49, 11, 34, 99, 58, 12]","[0, 36, 33]",10,7,"[""apra_mad_filter"", ""apra_hierarchical_cluster"", ""apra_trust_weighted_clip""]",../main/re_result_6-29_APRA/cifar100_500_Jul.02_12.10.04_apra_fix_True_no-mia_no-mia-class_no-noise_modelreplace_5/agg_records/pkl/round_0282_apra.pkl
283,apra,success,"[3, 43, 5, 34, 99, 14, 48, 24, 56, 37]","[43, 34, 99, 24, 56]","[3, 5, 14, 48, 37]",10,5,"[""apra_mad_filter"", ""apra_hierarchical_cluster"", ""apra_trust_weighted_clip""]",../main/re_result_6-29_APRA/cifar100_500_Jul.02_12.10.04_apra_fix_True_no-mia_no-mia-class_no-noise_modelreplace_5/agg_records/pkl/round_0283_apra.pkl
284,apra,success,"[2, 88, 85, 65, 95, 82, 19, 77, 54, 37]","[85, 65, 95, 82, 19, 77, 54, 37]","[2, 88]",10,8,"[""apra_mad_filter"", ""apra_hierarchical_cluster"", ""apra_trust_weighted_clip""]",../main/re_result_6-29_APRA/cifar100_500_Jul.02_12.10.04_apra_fix_True_no-mia_no-mia-class_no-noise_modelreplace_5/agg_records/pkl/round_0284_apra.pkl
285,apra,success,"[2, 33, 12, 85, 87, 74, 15, 29, 94, 60]","[12, 85, 87, 74, 15, 29, 94, 60]","[2, 33]",10,8,"[""apra_mad_filter"", ""apra_hierarchical_cluster"", ""apra_trust_weighted_clip""]",../main/re_result_6-29_APRA/cifar100_500_Jul.02_12.10.04_apra_fix_True_no-mia_no-mia-class_no-noise_modelreplace_5/agg_records/pkl/round_0285_apra.pkl
286,apra,success,"[4, 6, 33, 77, 65, 63, 55, 18, 2, 78]","[77, 65, 63, 55, 78]","[4, 6, 33, 18, 2]",10,5,"[""apra_mad_filter"", ""apra_hierarchical_cluster"", ""apra_trust_weighted_clip""]",../main/re_result_6-29_APRA/cifar100_500_Jul.02_12.10.04_apra_fix_True_no-mia_no-mia-class_no-noise_modelreplace_5/agg_records/pkl/round_0286_apra.pkl
287,apra,success,"[1, 71, 25, 57, 32, 77, 51, 42, 95, 22]","[25, 57, 32, 77, 51, 42, 95, 22]","[1, 71]",10,8,"[""apra_mad_filter"", ""apra_hierarchical_cluster"", ""apra_trust_weighted_clip""]",../main/re_result_6-29_APRA/cifar100_500_Jul.02_12.10.04_apra_fix_True_no-mia_no-mia-class_no-noise_modelreplace_5/agg_records/pkl/round_0287_apra.pkl
288,apra,success,"[2, 23, 61, 86, 54, 0, 91, 63, 37, 85]","[23, 61, 86, 91, 63]","[2, 54, 0, 37, 85]",10,5,"[""apra_mad_filter"", ""apra_hierarchical_cluster"", ""apra_trust_weighted_clip""]",../main/re_result_6-29_APRA/cifar100_500_Jul.02_12.10.04_apra_fix_True_no-mia_no-mia-class_no-noise_modelreplace_5/agg_records/pkl/round_0288_apra.pkl
289,apra,success,"[0, 40, 56, 34, 98, 35, 1, 22, 89, 16]","[40, 56, 34, 98, 22, 89, 16]","[0, 35, 1]",10,7,"[""apra_mad_filter"", ""apra_hierarchical_cluster"", ""apra_trust_weighted_clip""]",../main/re_result_6-29_APRA/cifar100_500_Jul.02_12.10.04_apra_fix_True_no-mia_no-mia-class_no-noise_modelreplace_5/agg_records/pkl/round_0289_apra.pkl
290,apra,success,"[1, 46, 25, 37, 20, 42, 44, 50, 12, 72]","[46, 25, 37, 42, 50, 12, 72]","[1, 20, 44]",10,7,"[""apra_mad_filter"", ""apra_hierarchical_cluster"", ""apra_trust_weighted_clip""]",../main/re_result_6-29_APRA/cifar100_500_Jul.02_12.10.04_apra_fix_True_no-mia_no-mia-class_no-noise_modelreplace_5/agg_records/pkl/round_0290_apra.pkl
291,apra,success,"[1, 19, 56, 93, 20, 12, 27, 69, 33, 16]","[19, 56, 93, 12, 27, 69, 16]","[1, 20, 33]",10,7,"[""apra_mad_filter"", ""apra_hierarchical_cluster"", ""apra_trust_weighted_clip""]",../main/re_result_6-29_APRA/cifar100_500_Jul.02_12.10.04_apra_fix_True_no-mia_no-mia-class_no-noise_modelreplace_5/agg_records/pkl/round_0291_apra.pkl
292,apra,success,"[2, 45, 10, 1, 74, 86, 46, 35, 17, 81]","[45, 10, 74, 86, 46, 17, 81]","[2, 1, 35]",10,7,"[""apra_mad_filter"", ""apra_hierarchical_cluster"", ""apra_trust_weighted_clip""]",../main/re_result_6-29_APRA/cifar100_500_Jul.02_12.10.04_apra_fix_True_no-mia_no-mia-class_no-noise_modelreplace_5/agg_records/pkl/round_0292_apra.pkl
293,apra,success,"[2, 99, 19, 62, 44, 0, 48, 52, 70, 65]","[99, 19, 62, 48, 52, 70, 65]","[2, 44, 0]",10,7,"[""apra_mad_filter"", ""apra_hierarchical_cluster"", ""apra_trust_weighted_clip""]",../main/re_result_6-29_APRA/cifar100_500_Jul.02_12.10.04_apra_fix_True_no-mia_no-mia-class_no-noise_modelreplace_5/agg_records/pkl/round_0293_apra.pkl
294,apra,success,"[0, 66, 36, 83, 68, 23, 90, 2, 57, 21]","[66, 36, 83, 23, 90, 57, 21]","[0, 68, 2]",10,7,"[""apra_mad_filter"", ""apra_hierarchical_cluster"", ""apra_trust_weighted_clip""]",../main/re_result_6-29_APRA/cifar100_500_Jul.02_12.10.04_apra_fix_True_no-mia_no-mia-class_no-noise_modelreplace_5/agg_records/pkl/round_0294_apra.pkl
295,apra,success,"[3, 10, 20, 51, 25, 27, 40, 5, 89, 85]","[10, 51, 25, 27, 40, 5, 89, 85]","[3, 20]",10,8,"[""apra_mad_filter"", ""apra_hierarchical_cluster"", ""apra_trust_weighted_clip""]",../main/re_result_6-29_APRA/cifar100_500_Jul.02_12.10.04_apra_fix_True_no-mia_no-mia-class_no-noise_modelreplace_5/agg_records/pkl/round_0295_apra.pkl
296,apra,success,"[1, 85, 80, 28, 63, 68, 14, 94, 32, 20]","[85, 80, 28, 63, 14, 94, 32, 20]","[1, 68]",10,8,"[""apra_mad_filter"", ""apra_hierarchical_cluster"", ""apra_trust_weighted_clip""]",../main/re_result_6-29_APRA/cifar100_500_Jul.02_12.10.04_apra_fix_True_no-mia_no-mia-class_no-noise_modelreplace_5/agg_records/pkl/round_0296_apra.pkl
297,apra,success,"[3, 61, 21, 58, 32, 20, 53, 17, 93, 55]","[61, 21, 58, 32, 53, 17, 93, 55]","[3, 20]",10,8,"[""apra_mad_filter"", ""apra_hierarchical_cluster"", ""apra_trust_weighted_clip""]",../main/re_result_6-29_APRA/cifar100_500_Jul.02_12.10.04_apra_fix_True_no-mia_no-mia-class_no-noise_modelreplace_5/agg_records/pkl/round_0297_apra.pkl
298,apra,success,"[3, 38, 56, 79, 43, 65, 66, 16, 75, 82]","[79, 66, 75]","[3, 38, 56, 43, 65, 16, 82]",10,3,"[""apra_mad_filter"", ""apra_hierarchical_cluster"", ""apra_trust_weighted_clip""]",../main/re_result_6-29_APRA/cifar100_500_Jul.02_12.10.04_apra_fix_True_no-mia_no-mia-class_no-noise_modelreplace_5/agg_records/pkl/round_0298_apra.pkl
299,apra,success,"[2, 98, 50, 69, 58, 82, 91, 59, 97, 38]","[98, 50, 69, 58, 82, 91, 97, 38]","[2, 59]",10,8,"[""apra_mad_filter"", ""apra_hierarchical_cluster"", ""apra_trust_weighted_clip""]",../main/re_result_6-29_APRA/cifar100_500_Jul.02_12.10.04_apra_fix_True_no-mia_no-mia-class_no-noise_modelreplace_5/agg_records/pkl/round_0299_apra.pkl
300,apra,success,"[4, 88, 20, 74, 38, 35, 78, 79, 25, 10]","[20, 74, 38, 78, 79, 25, 10]","[4, 88, 35]",10,7,"[""apra_mad_filter"", ""apra_hierarchical_cluster"", ""apra_trust_weighted_clip""]",../main/re_result_6-29_APRA/cifar100_500_Jul.02_12.10.04_apra_fix_True_no-mia_no-mia-class_no-noise_modelreplace_5/agg_records/pkl/round_0300_apra.pkl
301,apra,success,"[1, 54, 63, 45, 82, 64, 21, 94, 97, 52]","[63, 45, 82, 64, 21, 94, 97, 52]","[1, 54]",10,8,"[""apra_mad_filter"", ""apra_hierarchical_cluster"", ""apra_trust_weighted_clip""]",../main/re_result_6-29_APRA/cifar100_500_Jul.02_12.10.04_apra_fix_True_no-mia_no-mia-class_no-noise_modelreplace_5/agg_records/pkl/round_0301_apra.pkl
302,apra,success,"[3, 65, 34, 91, 78, 0, 88, 43, 30, 52]","[65, 34, 91, 78, 43, 30, 52]","[3, 0, 88]",10,7,"[""apra_mad_filter"", ""apra_hierarchical_cluster"", ""apra_trust_weighted_clip""]",../main/re_result_6-29_APRA/cifar100_500_Jul.02_12.10.04_apra_fix_True_no-mia_no-mia-class_no-noise_modelreplace_5/agg_records/pkl/round_0302_apra.pkl
303,apra,success,"[3, 57, 83, 65, 27, 98, 24, 5, 25, 10]","[57, 83, 65, 98, 24, 5, 25, 10]","[3, 27]",10,8,"[""apra_mad_filter"", ""apra_hierarchical_cluster"", ""apra_trust_weighted_clip""]",../main/re_result_6-29_APRA/cifar100_500_Jul.02_12.10.04_apra_fix_True_no-mia_no-mia-class_no-noise_modelreplace_5/agg_records/pkl/round_0303_apra.pkl
304,apra,success,"[3, 16, 92, 27, 14, 62, 58, 77, 1, 44]","[16, 92, 27, 14, 62, 58, 77]","[3, 1, 44]",10,7,"[""apra_mad_filter"", ""apra_hierarchical_cluster"", ""apra_trust_weighted_clip""]",../main/re_result_6-29_APRA/cifar100_500_Jul.02_12.10.04_apra_fix_True_no-mia_no-mia-class_no-noise_modelreplace_5/agg_records/pkl/round_0304_apra.pkl
305,apra,success,"[1, 39, 6, 27, 71, 88, 69, 29, 25, 26]","[39, 6, 27, 88, 69, 29, 25]","[1, 71, 26]",10,7,"[""apra_mad_filter"", ""apra_hierarchical_cluster"", ""apra_trust_weighted_clip""]",../main/re_result_6-29_APRA/cifar100_500_Jul.02_12.10.04_apra_fix_True_no-mia_no-mia-class_no-noise_modelreplace_5/agg_records/pkl/round_0305_apra.pkl
306,apra,success,"[0, 84, 41, 86, 94, 13, 66, 3, 14, 51]","[84, 86, 94, 13, 66, 14]","[0, 41, 3, 51]",10,6,"[""apra_mad_filter"", ""apra_hierarchical_cluster"", ""apra_trust_weighted_clip""]",../main/re_result_6-29_APRA/cifar100_500_Jul.02_12.10.04_apra_fix_True_no-mia_no-mia-class_no-noise_modelreplace_5/agg_records/pkl/round_0306_apra.pkl
307,apra,success,"[3, 36, 70, 1, 21, 32, 55, 18, 69, 8]","[36, 21, 32, 55, 18, 69, 8]","[3, 70, 1]",10,7,"[""apra_mad_filter"", ""apra_hierarchical_cluster"", ""apra_trust_weighted_clip""]",../main/re_result_6-29_APRA/cifar100_500_Jul.02_12.10.04_apra_fix_True_no-mia_no-mia-class_no-noise_modelreplace_5/agg_records/pkl/round_0307_apra.pkl
308,apra,success,"[0, 77, 29, 65, 68, 89, 95, 79, 83, 47]","[77, 29, 65, 89, 95, 79, 83, 47]","[0, 68]",10,8,"[""apra_mad_filter"", ""apra_hierarchical_cluster"", ""apra_trust_weighted_clip""]",../main/re_result_6-29_APRA/cifar100_500_Jul.02_12.10.04_apra_fix_True_no-mia_no-mia-class_no-noise_modelreplace_5/agg_records/pkl/round_0308_apra.pkl
309,apra,success,"[1, 10, 15, 46, 36, 86, 31, 73, 62, 70]","[10, 15, 46, 36, 86, 31, 70]","[1, 73, 62]",10,7,"[""apra_mad_filter"", ""apra_hierarchical_cluster"", ""apra_trust_weighted_clip""]",../main/re_result_6-29_APRA/cifar100_500_Jul.02_12.10.04_apra_fix_True_no-mia_no-mia-class_no-noise_modelreplace_5/agg_records/pkl/round_0309_apra.pkl
310,apra,success,"[0, 47, 63, 32, 34, 12, 41, 75, 11, 3]","[63, 32, 34, 12, 75, 11]","[0, 47, 41, 3]",10,6,"[""apra_mad_filter"", ""apra_hierarchical_cluster"", ""apra_trust_weighted_clip""]",../main/re_result_6-29_APRA/cifar100_500_Jul.02_12.10.04_apra_fix_True_no-mia_no-mia-class_no-noise_modelreplace_5/agg_records/pkl/round_0310_apra.pkl
311,apra,success,"[3, 55, 1, 65, 54, 24, 31, 92, 49, 46]","[55, 65, 24, 31, 49, 46]","[3, 1, 54, 92]",10,6,"[""apra_mad_filter"", ""apra_hierarchical_cluster"", ""apra_trust_weighted_clip""]",../main/re_result_6-29_APRA/cifar100_500_Jul.02_12.10.04_apra_fix_True_no-mia_no-mia-class_no-noise_modelreplace_5/agg_records/pkl/round_0311_apra.pkl
312,apra,success,"[0, 38, 51, 5, 19, 53, 84, 23, 40, 64]","[38, 5, 19, 53, 84, 23, 40, 64]","[0, 51]",10,8,"[""apra_mad_filter"", ""apra_hierarchical_cluster"", ""apra_trust_weighted_clip""]",../main/re_result_6-29_APRA/cifar100_500_Jul.02_12.10.04_apra_fix_True_no-mia_no-mia-class_no-noise_modelreplace_5/agg_records/pkl/round_0312_apra.pkl
313,apra,success,"[4, 82, 78, 17, 19, 44, 14, 71, 90, 55]","[82, 78, 17, 19, 14, 90, 55]","[4, 44, 71]",10,7,"[""apra_mad_filter"", ""apra_hierarchical_cluster"", ""apra_trust_weighted_clip""]",../main/re_result_6-29_APRA/cifar100_500_Jul.02_12.10.04_apra_fix_True_no-mia_no-mia-class_no-noise_modelreplace_5/agg_records/pkl/round_0313_apra.pkl
314,apra,success,"[0, 32, 44, 6, 54, 17, 9, 8, 68, 38]","[32, 6, 17, 9, 8]","[0, 44, 54, 68, 38]",10,5,"[""apra_mad_filter"", ""apra_hierarchical_cluster"", ""apra_trust_weighted_clip""]",../main/re_result_6-29_APRA/cifar100_500_Jul.02_12.10.04_apra_fix_True_no-mia_no-mia-class_no-noise_modelreplace_5/agg_records/pkl/round_0314_apra.pkl
315,apra,success,"[0, 10, 42, 62, 79, 75, 64, 84, 3, 51]","[10, 42, 79, 75, 64, 84, 51]","[0, 62, 3]",10,7,"[""apra_mad_filter"", ""apra_hierarchical_cluster"", ""apra_trust_weighted_clip""]",../main/re_result_6-29_APRA/cifar100_500_Jul.02_12.10.04_apra_fix_True_no-mia_no-mia-class_no-noise_modelreplace_5/agg_records/pkl/round_0315_apra.pkl
316,apra,success,"[1, 91, 79, 68, 9, 5, 73, 62, 83, 46]","[91, 79, 9, 5, 73, 62, 83, 46]","[1, 68]",10,8,"[""apra_mad_filter"", ""apra_hierarchical_cluster"", ""apra_trust_weighted_clip""]",../main/re_result_6-29_APRA/cifar100_500_Jul.02_12.10.04_apra_fix_True_no-mia_no-mia-class_no-noise_modelreplace_5/agg_records/pkl/round_0316_apra.pkl
317,apra,success,"[1, 55, 68, 51, 54, 48, 7, 69, 28, 71]","[55, 51, 54, 48, 7, 69, 28]","[1, 68, 71]",10,7,"[""apra_mad_filter"", ""apra_hierarchical_cluster"", ""apra_trust_weighted_clip""]",../main/re_result_6-29_APRA/cifar100_500_Jul.02_12.10.04_apra_fix_True_no-mia_no-mia-class_no-noise_modelreplace_5/agg_records/pkl/round_0317_apra.pkl
318,apra,success,"[0, 98, 51, 72, 87, 21, 15, 38, 6, 57]","[98, 72, 87, 21, 15, 38, 6, 57]","[0, 51]",10,8,"[""apra_mad_filter"", ""apra_hierarchical_cluster"", ""apra_trust_weighted_clip""]",../main/re_result_6-29_APRA/cifar100_500_Jul.02_12.10.04_apra_fix_True_no-mia_no-mia-class_no-noise_modelreplace_5/agg_records/pkl/round_0318_apra.pkl
319,apra,success,"[1, 61, 26, 7, 68, 88, 59, 11, 36, 97]","[61, 26, 7, 59, 11, 36, 97]","[1, 68, 88]",10,7,"[""apra_mad_filter"", ""apra_hierarchical_cluster"", ""apra_trust_weighted_clip""]",../main/re_result_6-29_APRA/cifar100_500_Jul.02_12.10.04_apra_fix_True_no-mia_no-mia-class_no-noise_modelreplace_5/agg_records/pkl/round_0319_apra.pkl
320,apra,success,"[1, 75, 3, 25, 80, 2, 78, 20, 4, 7]","[25, 20]","[1, 75, 3, 80, 2, 78, 4, 7]",10,2,"[""apra_mad_filter"", ""apra_hierarchical_cluster"", ""apra_trust_weighted_clip""]",../main/re_result_6-29_APRA/cifar100_500_Jul.02_12.10.04_apra_fix_True_no-mia_no-mia-class_no-noise_modelreplace_5/agg_records/pkl/round_0320_apra.pkl
321,apra,success,"[2, 95, 86, 51, 23, 6, 62, 0, 81, 84]","[95, 86, 23, 6, 81, 84]","[2, 51, 62, 0]",10,6,"[""apra_mad_filter"", ""apra_hierarchical_cluster"", ""apra_trust_weighted_clip""]",../main/re_result_6-29_APRA/cifar100_500_Jul.02_12.10.04_apra_fix_True_no-mia_no-mia-class_no-noise_modelreplace_5/agg_records/pkl/round_0321_apra.pkl
322,apra,success,"[2, 64, 37, 66, 42, 84, 58, 80, 67, 92]","[64, 37, 66, 42, 84, 58, 80, 67]","[2, 92]",10,8,"[""apra_mad_filter"", ""apra_hierarchical_cluster"", ""apra_trust_weighted_clip""]",../main/re_result_6-29_APRA/cifar100_500_Jul.02_12.10.04_apra_fix_True_no-mia_no-mia-class_no-noise_modelreplace_5/agg_records/pkl/round_0322_apra.pkl
323,apra,success,"[4, 68, 79, 22, 9, 30, 60, 69, 16, 43]","[79, 22, 9, 30, 60, 69, 43]","[4, 68, 16]",10,7,"[""apra_mad_filter"", ""apra_hierarchical_cluster"", ""apra_trust_weighted_clip""]",../main/re_result_6-29_APRA/cifar100_500_Jul.02_12.10.04_apra_fix_True_no-mia_no-mia-class_no-noise_modelreplace_5/agg_records/pkl/round_0323_apra.pkl
324,apra,success,"[1, 20, 77, 27, 23, 18, 74, 59, 86, 87]","[20, 77, 27, 23, 18, 86, 87]","[1, 74, 59]",10,7,"[""apra_mad_filter"", ""apra_hierarchical_cluster"", ""apra_trust_weighted_clip""]",../main/re_result_6-29_APRA/cifar100_500_Jul.02_12.10.04_apra_fix_True_no-mia_no-mia-class_no-noise_modelreplace_5/agg_records/pkl/round_0324_apra.pkl
325,apra,success,"[1, 99, 42, 33, 5, 15, 38, 76, 86, 87]","[99, 42, 5, 15, 38, 86, 87]","[1, 33, 76]",10,7,"[""apra_mad_filter"", ""apra_hierarchical_cluster"", ""apra_trust_weighted_clip""]",../main/re_result_6-29_APRA/cifar100_500_Jul.02_12.10.04_apra_fix_True_no-mia_no-mia-class_no-noise_modelreplace_5/agg_records/pkl/round_0325_apra.pkl
326,apra,success,"[1, 71, 88, 38, 63, 99, 48, 31, 83, 11]","[38, 63, 99, 48, 31, 83, 11]","[1, 71, 88]",10,7,"[""apra_mad_filter"", ""apra_hierarchical_cluster"", ""apra_trust_weighted_clip""]",../main/re_result_6-29_APRA/cifar100_500_Jul.02_12.10.04_apra_fix_True_no-mia_no-mia-class_no-noise_modelreplace_5/agg_records/pkl/round_0326_apra.pkl
327,apra,success,"[4, 69, 52, 40, 47, 77, 35, 59, 70, 7]","[69, 52, 40, 47, 77, 59, 70, 7]","[4, 35]",10,8,"[""apra_mad_filter"", ""apra_hierarchical_cluster"", ""apra_trust_weighted_clip""]",../main/re_result_6-29_APRA/cifar100_500_Jul.02_12.10.04_apra_fix_True_no-mia_no-mia-class_no-noise_modelreplace_5/agg_records/pkl/round_0327_apra.pkl
328,apra,success,"[0, 61, 81, 74, 23, 95, 35, 97, 55, 28]","[61, 81, 74, 23, 95, 97, 55, 28]","[0, 35]",10,8,"[""apra_mad_filter"", ""apra_hierarchical_cluster"", ""apra_trust_weighted_clip""]",../main/re_result_6-29_APRA/cifar100_500_Jul.02_12.10.04_apra_fix_True_no-mia_no-mia-class_no-noise_modelreplace_5/agg_records/pkl/round_0328_apra.pkl
329,apra,success,"[3, 53, 77, 67, 31, 62, 45, 47, 82, 84]","[53, 67, 31, 45, 47, 84]","[3, 77, 62, 82]",10,6,"[""apra_mad_filter"", ""apra_hierarchical_cluster"", ""apra_trust_weighted_clip""]",../main/re_result_6-29_APRA/cifar100_500_Jul.02_12.10.04_apra_fix_True_no-mia_no-mia-class_no-noise_modelreplace_5/agg_records/pkl/round_0329_apra.pkl
330,apra,success,"[2, 83, 3, 36, 44, 70, 32, 64, 47, 5]","[83, 36, 70, 32, 64, 47, 5]","[2, 3, 44]",10,7,"[""apra_mad_filter"", ""apra_hierarchical_cluster"", ""apra_trust_weighted_clip""]",../main/re_result_6-29_APRA/cifar100_500_Jul.02_12.10.04_apra_fix_True_no-mia_no-mia-class_no-noise_modelreplace_5/agg_records/pkl/round_0330_apra.pkl
331,apra,success,"[0, 95, 64, 96, 60, 5, 79, 75, 7, 94]","[5, 75]","[0, 95, 64, 96, 60, 79, 7, 94]",10,2,"[""apra_mad_filter"", ""apra_hierarchical_cluster"", ""apra_trust_weighted_clip""]",../main/re_result_6-29_APRA/cifar100_500_Jul.02_12.10.04_apra_fix_True_no-mia_no-mia-class_no-noise_modelreplace_5/agg_records/pkl/round_0331_apra.pkl
332,apra,success,"[1, 15, 57, 19, 13, 81, 10, 30, 99, 47]","[15, 57, 19, 13, 81, 10, 30, 99]","[1, 47]",10,8,"[""apra_mad_filter"", ""apra_hierarchical_cluster"", ""apra_trust_weighted_clip""]",../main/re_result_6-29_APRA/cifar100_500_Jul.02_12.10.04_apra_fix_True_no-mia_no-mia-class_no-noise_modelreplace_5/agg_records/pkl/round_0332_apra.pkl
333,apra,success,"[4, 91, 65, 0, 37, 25, 27, 31, 15, 97]","[65, 25, 31, 15, 97]","[4, 91, 0, 37, 27]",10,5,"[""apra_mad_filter"", ""apra_hierarchical_cluster"", ""apra_trust_weighted_clip""]",../main/re_result_6-29_APRA/cifar100_500_Jul.02_12.10.04_apra_fix_True_no-mia_no-mia-class_no-noise_modelreplace_5/agg_records/pkl/round_0333_apra.pkl
334,apra,success,"[2, 87, 54, 75, 34, 3, 15, 7, 11, 40]","[87, 75, 34, 15, 7, 11, 40]","[2, 54, 3]",10,7,"[""apra_mad_filter"", ""apra_hierarchical_cluster"", ""apra_trust_weighted_clip""]",../main/re_result_6-29_APRA/cifar100_500_Jul.02_12.10.04_apra_fix_True_no-mia_no-mia-class_no-noise_modelreplace_5/agg_records/pkl/round_0334_apra.pkl
335,apra,success,"[3, 4, 12, 80, 87, 26, 27, 42, 24, 0]","[12, 80, 87, 27, 42, 24]","[3, 4, 26, 0]",10,6,"[""apra_mad_filter"", ""apra_hierarchical_cluster"", ""apra_trust_weighted_clip""]",../main/re_result_6-29_APRA/cifar100_500_Jul.02_12.10.04_apra_fix_True_no-mia_no-mia-class_no-noise_modelreplace_5/agg_records/pkl/round_0335_apra.pkl
336,apra,success,"[3, 22, 23, 50, 7, 88, 73, 27, 10, 96]","[22, 23, 50, 7, 73, 27, 10, 96]","[3, 88]",10,8,"[""apra_mad_filter"", ""apra_hierarchical_cluster"", ""apra_trust_weighted_clip""]",../main/re_result_6-29_APRA/cifar100_500_Jul.02_12.10.04_apra_fix_True_no-mia_no-mia-class_no-noise_modelreplace_5/agg_records/pkl/round_0336_apra.pkl
337,apra,success,"[2, 17, 98, 50, 52, 30, 15, 49, 13, 38]","[17, 98, 50, 30, 15, 49, 13, 38]","[2, 52]",10,8,"[""apra_mad_filter"", ""apra_hierarchical_cluster"", ""apra_trust_weighted_clip""]",../main/re_result_6-29_APRA/cifar100_500_Jul.02_12.10.04_apra_fix_True_no-mia_no-mia-class_no-noise_modelreplace_5/agg_records/pkl/round_0337_apra.pkl
338,apra,success,"[0, 71, 20, 25, 14, 1, 9, 61, 11, 89]","[25, 14, 9, 61, 11, 89]","[0, 71, 20, 1]",10,6,"[""apra_mad_filter"", ""apra_hierarchical_cluster"", ""apra_trust_weighted_clip""]",../main/re_result_6-29_APRA/cifar100_500_Jul.02_12.10.04_apra_fix_True_no-mia_no-mia-class_no-noise_modelreplace_5/agg_records/pkl/round_0338_apra.pkl
339,apra,success,"[3, 16, 78, 75, 38, 41, 60, 95, 33, 6]","[16, 78, 75, 38, 60, 95, 6]","[3, 41, 33]",10,7,"[""apra_mad_filter"", ""apra_hierarchical_cluster"", ""apra_trust_weighted_clip""]",../main/re_result_6-29_APRA/cifar100_500_Jul.02_12.10.04_apra_fix_True_no-mia_no-mia-class_no-noise_modelreplace_5/agg_records/pkl/round_0339_apra.pkl
340,apra,success,"[2, 98, 15, 78, 86, 82, 74, 47, 4, 71]","[98, 15, 78, 86, 82]","[2, 74, 47, 4, 71]",10,5,"[""apra_mad_filter"", ""apra_hierarchical_cluster"", ""apra_trust_weighted_clip""]",../main/re_result_6-29_APRA/cifar100_500_Jul.02_12.10.04_apra_fix_True_no-mia_no-mia-class_no-noise_modelreplace_5/agg_records/pkl/round_0340_apra.pkl
341,apra,success,"[0, 77, 91, 2, 1, 97, 43, 53, 99, 57]","[77, 91, 43, 53, 99, 57]","[0, 2, 1, 97]",10,6,"[""apra_mad_filter"", ""apra_hierarchical_cluster"", ""apra_trust_weighted_clip""]",../main/re_result_6-29_APRA/cifar100_500_Jul.02_12.10.04_apra_fix_True_no-mia_no-mia-class_no-noise_modelreplace_5/agg_records/pkl/round_0341_apra.pkl
342,apra,success,"[1, 82, 46, 21, 54, 29, 47, 77, 48, 12]","[82, 46, 21, 54, 29, 48, 12]","[1, 47, 77]",10,7,"[""apra_mad_filter"", ""apra_hierarchical_cluster"", ""apra_trust_weighted_clip""]",../main/re_result_6-29_APRA/cifar100_500_Jul.02_12.10.04_apra_fix_True_no-mia_no-mia-class_no-noise_modelreplace_5/agg_records/pkl/round_0342_apra.pkl
343,apra,success,"[3, 56, 31, 47, 24, 34, 15, 84, 4, 20]","[56, 31, 24, 34, 15, 84, 20]","[3, 47, 4]",10,7,"[""apra_mad_filter"", ""apra_hierarchical_cluster"", ""apra_trust_weighted_clip""]",../main/re_result_6-29_APRA/cifar100_500_Jul.02_12.10.04_apra_fix_True_no-mia_no-mia-class_no-noise_modelreplace_5/agg_records/pkl/round_0343_apra.pkl
344,apra,success,"[1, 68, 97, 49, 62, 13, 7, 51, 54, 42]","[97, 49, 62, 13, 7, 51, 54, 42]","[1, 68]",10,8,"[""apra_mad_filter"", ""apra_hierarchical_cluster"", ""apra_trust_weighted_clip""]",../main/re_result_6-29_APRA/cifar100_500_Jul.02_12.10.04_apra_fix_True_no-mia_no-mia-class_no-noise_modelreplace_5/agg_records/pkl/round_0344_apra.pkl
345,apra,success,"[3, 2, 22, 38, 75, 25, 47, 58, 57, 37]","[22, 38, 75, 25, 58, 57, 37]","[3, 2, 47]",10,7,"[""apra_mad_filter"", ""apra_hierarchical_cluster"", ""apra_trust_weighted_clip""]",../main/re_result_6-29_APRA/cifar100_500_Jul.02_12.10.04_apra_fix_True_no-mia_no-mia-class_no-noise_modelreplace_5/agg_records/pkl/round_0345_apra.pkl
346,apra,success,"[0, 86, 39, 75, 6, 48, 61, 11, 64, 44]","[86, 39, 75, 6, 48, 61, 11, 64]","[0, 44]",10,8,"[""apra_mad_filter"", ""apra_hierarchical_cluster"", ""apra_trust_weighted_clip""]",../main/re_result_6-29_APRA/cifar100_500_Jul.02_12.10.04_apra_fix_True_no-mia_no-mia-class_no-noise_modelreplace_5/agg_records/pkl/round_0346_apra.pkl
347,apra,success,"[1, 20, 17, 92, 64, 88, 80, 89, 87, 99]","[20, 17, 92, 64, 80, 89, 87, 99]","[1, 88]",10,8,"[""apra_mad_filter"", ""apra_hierarchical_cluster"", ""apra_trust_weighted_clip""]",../main/re_result_6-29_APRA/cifar100_500_Jul.02_12.10.04_apra_fix_True_no-mia_no-mia-class_no-noise_modelreplace_5/agg_records/pkl/round_0347_apra.pkl
348,apra,success,"[2, 21, 51, 16, 41, 68, 60, 67, 80, 91]","[21, 41, 60, 67, 80, 91]","[2, 51, 16, 68]",10,6,"[""apra_mad_filter"", ""apra_hierarchical_cluster"", ""apra_trust_weighted_clip""]",../main/re_result_6-29_APRA/cifar100_500_Jul.02_12.10.04_apra_fix_True_no-mia_no-mia-class_no-noise_modelreplace_5/agg_records/pkl/round_0348_apra.pkl
349,apra,success,"[4, 77, 92, 15, 52, 94, 71, 32, 13, 62]","[77, 92, 15, 52, 94, 32, 13, 62]","[4, 71]",10,8,"[""apra_mad_filter"", ""apra_hierarchical_cluster"", ""apra_trust_weighted_clip""]",../main/re_result_6-29_APRA/cifar100_500_Jul.02_12.10.04_apra_fix_True_no-mia_no-mia-class_no-noise_modelreplace_5/agg_records/pkl/round_0349_apra.pkl
350,apra,success,"[0, 41, 15, 12, 9, 34, 21, 93, 38, 90]","[15, 12, 9, 34, 21, 93, 38]","[0, 41, 90]",10,7,"[""apra_mad_filter"", ""apra_hierarchical_cluster"", ""apra_trust_weighted_clip""]",../main/re_result_6-29_APRA/cifar100_500_Jul.02_12.10.04_apra_fix_True_no-mia_no-mia-class_no-noise_modelreplace_5/agg_records/pkl/round_0350_apra.pkl
351,apra,success,"[4, 40, 47, 54, 57, 28, 10, 87, 27, 95]","[57, 28, 10, 87, 95]","[4, 40, 47, 54, 27]",10,5,"[""apra_mad_filter"", ""apra_hierarchical_cluster"", ""apra_trust_weighted_clip""]",../main/re_result_6-29_APRA/cifar100_500_Jul.02_12.10.04_apra_fix_True_no-mia_no-mia-class_no-noise_modelreplace_5/agg_records/pkl/round_0351_apra.pkl
352,apra,success,"[3, 92, 34, 12, 74, 0, 88, 53, 52, 77]","[92, 34, 12, 74, 53, 52, 77]","[3, 0, 88]",10,7,"[""apra_mad_filter"", ""apra_hierarchical_cluster"", ""apra_trust_weighted_clip""]",../main/re_result_6-29_APRA/cifar100_500_Jul.02_12.10.04_apra_fix_True_no-mia_no-mia-class_no-noise_modelreplace_5/agg_records/pkl/round_0352_apra.pkl
353,apra,success,"[2, 40, 41, 84, 7, 70, 46, 61, 95, 0]","[84, 7, 70, 46, 61, 95]","[2, 40, 41, 0]",10,6,"[""apra_mad_filter"", ""apra_hierarchical_cluster"", ""apra_trust_weighted_clip""]",../main/re_result_6-29_APRA/cifar100_500_Jul.02_12.10.04_apra_fix_True_no-mia_no-mia-class_no-noise_modelreplace_5/agg_records/pkl/round_0353_apra.pkl
354,apra,success,"[1, 33, 0, 16, 84, 12, 64, 52, 60, 4]","[16, 84, 12, 64, 52, 60]","[1, 33, 0, 4]",10,6,"[""apra_mad_filter"", ""apra_hierarchical_cluster"", ""apra_trust_weighted_clip""]",../main/re_result_6-29_APRA/cifar100_500_Jul.02_12.10.04_apra_fix_True_no-mia_no-mia-class_no-noise_modelreplace_5/agg_records/pkl/round_0354_apra.pkl
355,apra,success,"[3, 14, 27, 84, 5, 15, 87, 17, 58, 28]","[14, 84, 5, 87, 17, 58, 28]","[3, 27, 15]",10,7,"[""apra_mad_filter"", ""apra_hierarchical_cluster"", ""apra_trust_weighted_clip""]",../main/re_result_6-29_APRA/cifar100_500_Jul.02_12.10.04_apra_fix_True_no-mia_no-mia-class_no-noise_modelreplace_5/agg_records/pkl/round_0355_apra.pkl
356,apra,success,"[4, 29, 12, 86, 67, 81, 84, 59, 21, 3]","[29, 12, 86, 67, 81, 84, 21]","[4, 59, 3]",10,7,"[""apra_mad_filter"", ""apra_hierarchical_cluster"", ""apra_trust_weighted_clip""]",../main/re_result_6-29_APRA/cifar100_500_Jul.02_12.10.04_apra_fix_True_no-mia_no-mia-class_no-noise_modelreplace_5/agg_records/pkl/round_0356_apra.pkl
357,apra,success,"[1, 41, 61, 76, 49, 46, 55, 34, 2, 4]","[41, 61, 49, 46, 55, 34]","[1, 76, 2, 4]",10,6,"[""apra_mad_filter"", ""apra_hierarchical_cluster"", ""apra_trust_weighted_clip""]",../main/re_result_6-29_APRA/cifar100_500_Jul.02_12.10.04_apra_fix_True_no-mia_no-mia-class_no-noise_modelreplace_5/agg_records/pkl/round_0357_apra.pkl
358,apra,success,"[0, 73, 9, 86, 84, 95, 41, 38, 17, 52]","[9, 86, 84, 95, 38, 17]","[0, 73, 41, 52]",10,6,"[""apra_mad_filter"", ""apra_hierarchical_cluster"", ""apra_trust_weighted_clip""]",../main/re_result_6-29_APRA/cifar100_500_Jul.02_12.10.04_apra_fix_True_no-mia_no-mia-class_no-noise_modelreplace_5/agg_records/pkl/round_0358_apra.pkl
359,apra,success,"[0, 91, 57, 71, 20, 38, 10, 16, 54, 36]","[91, 57, 38, 10, 16, 54, 36]","[0, 71, 20]",10,7,"[""apra_mad_filter"", ""apra_hierarchical_cluster"", ""apra_trust_weighted_clip""]",../main/re_result_6-29_APRA/cifar100_500_Jul.02_12.10.04_apra_fix_True_no-mia_no-mia-class_no-noise_modelreplace_5/agg_records/pkl/round_0359_apra.pkl
360,apra,success,"[1, 35, 98, 89, 23, 39, 85, 91, 9, 16]","[98, 89, 23, 39, 85, 91, 9, 16]","[1, 35]",10,8,"[""apra_mad_filter"", ""apra_hierarchical_cluster"", ""apra_trust_weighted_clip""]",../main/re_result_6-29_APRA/cifar100_500_Jul.02_12.10.04_apra_fix_True_no-mia_no-mia-class_no-noise_modelreplace_5/agg_records/pkl/round_0360_apra.pkl
361,apra,success,"[2, 61, 41, 38, 85, 51, 56, 19, 36, 97]","[61, 38, 51, 56, 19, 36, 97]","[2, 41, 85]",10,7,"[""apra_mad_filter"", ""apra_hierarchical_cluster"", ""apra_trust_weighted_clip""]",../main/re_result_6-29_APRA/cifar100_500_Jul.02_12.10.04_apra_fix_True_no-mia_no-mia-class_no-noise_modelreplace_5/agg_records/pkl/round_0361_apra.pkl
362,apra,success,"[4, 19, 17, 30, 8, 83, 55, 38, 96, 10]","[19, 17, 30, 55, 38, 10]","[4, 8, 83, 96]",10,6,"[""apra_mad_filter"", ""apra_hierarchical_cluster"", ""apra_trust_weighted_clip""]",../main/re_result_6-29_APRA/cifar100_500_Jul.02_12.10.04_apra_fix_True_no-mia_no-mia-class_no-noise_modelreplace_5/agg_records/pkl/round_0362_apra.pkl
363,apra,success,"[0, 55, 66, 34, 52, 8, 29, 67, 77, 45]","[55, 66, 34, 29, 67, 45]","[0, 52, 8, 77]",10,6,"[""apra_mad_filter"", ""apra_hierarchical_cluster"", ""apra_trust_weighted_clip""]",../main/re_result_6-29_APRA/cifar100_500_Jul.02_12.10.04_apra_fix_True_no-mia_no-mia-class_no-noise_modelreplace_5/agg_records/pkl/round_0363_apra.pkl
364,apra,success,"[0, 81, 90, 44, 79, 20, 31, 36, 89, 55]","[79, 31, 89, 55]","[0, 81, 90, 44, 20, 36]",10,4,"[""apra_mad_filter"", ""apra_hierarchical_cluster"", ""apra_trust_weighted_clip""]",../main/re_result_6-29_APRA/cifar100_500_Jul.02_12.10.04_apra_fix_True_no-mia_no-mia-class_no-noise_modelreplace_5/agg_records/pkl/round_0364_apra.pkl
365,apra,success,"[3, 41, 19, 9, 97, 64, 37, 55, 33, 42]","[19, 64, 37, 55, 42]","[3, 41, 9, 97, 33]",10,5,"[""apra_mad_filter"", ""apra_hierarchical_cluster"", ""apra_trust_weighted_clip""]",../main/re_result_6-29_APRA/cifar100_500_Jul.02_12.10.04_apra_fix_True_no-mia_no-mia-class_no-noise_modelreplace_5/agg_records/pkl/round_0365_apra.pkl
366,apra,success,"[1, 98, 30, 13, 56, 97, 35, 75, 41, 2]","[98, 30, 56, 97, 75]","[1, 13, 35, 41, 2]",10,5,"[""apra_mad_filter"", ""apra_hierarchical_cluster"", ""apra_trust_weighted_clip""]",../main/re_result_6-29_APRA/cifar100_500_Jul.02_12.10.04_apra_fix_True_no-mia_no-mia-class_no-noise_modelreplace_5/agg_records/pkl/round_0366_apra.pkl
367,apra,success,"[3, 5, 42, 83, 37, 14, 13, 89, 28, 61]","[5, 42, 83, 14, 13, 89, 28, 61]","[3, 37]",10,8,"[""apra_mad_filter"", ""apra_hierarchical_cluster"", ""apra_trust_weighted_clip""]",../main/re_result_6-29_APRA/cifar100_500_Jul.02_12.10.04_apra_fix_True_no-mia_no-mia-class_no-noise_modelreplace_5/agg_records/pkl/round_0367_apra.pkl
368,apra,success,"[0, 29, 83, 87, 38, 55, 96, 31, 81, 14]","[29, 87, 38, 55, 96, 31, 81, 14]","[0, 83]",10,8,"[""apra_mad_filter"", ""apra_hierarchical_cluster"", ""apra_trust_weighted_clip""]",../main/re_result_6-29_APRA/cifar100_500_Jul.02_12.10.04_apra_fix_True_no-mia_no-mia-class_no-noise_modelreplace_5/agg_records/pkl/round_0368_apra.pkl
369,apra,success,"[0, 64, 70, 77, 88, 6, 82, 62, 69, 55]","[64, 70, 6, 82, 69, 55]","[0, 77, 88, 62]",10,6,"[""apra_mad_filter"", ""apra_hierarchical_cluster"", ""apra_trust_weighted_clip""]",../main/re_result_6-29_APRA/cifar100_500_Jul.02_12.10.04_apra_fix_True_no-mia_no-mia-class_no-noise_modelreplace_5/agg_records/pkl/round_0369_apra.pkl
370,apra,success,"[4, 88, 96, 42, 58, 49, 7, 15, 72, 99]","[96, 42, 58, 49, 7, 15, 72, 99]","[4, 88]",10,8,"[""apra_mad_filter"", ""apra_hierarchical_cluster"", ""apra_trust_weighted_clip""]",../main/re_result_6-29_APRA/cifar100_500_Jul.02_12.10.04_apra_fix_True_no-mia_no-mia-class_no-noise_modelreplace_5/agg_records/pkl/round_0370_apra.pkl
371,apra,success,"[4, 30, 1, 36, 14, 90, 87, 42, 82, 37]","[30, 36, 14, 90, 87, 42, 82]","[4, 1, 37]",10,7,"[""apra_mad_filter"", ""apra_hierarchical_cluster"", ""apra_trust_weighted_clip""]",../main/re_result_6-29_APRA/cifar100_500_Jul.02_12.10.04_apra_fix_True_no-mia_no-mia-class_no-noise_modelreplace_5/agg_records/pkl/round_0371_apra.pkl
372,apra,success,"[3, 40, 64, 31, 35, 90, 29, 48, 84, 78]","[40, 64, 31, 90, 29, 48, 84, 78]","[3, 35]",10,8,"[""apra_mad_filter"", ""apra_hierarchical_cluster"", ""apra_trust_weighted_clip""]",../main/re_result_6-29_APRA/cifar100_500_Jul.02_12.10.04_apra_fix_True_no-mia_no-mia-class_no-noise_modelreplace_5/agg_records/pkl/round_0372_apra.pkl
373,apra,success,"[3, 32, 56, 98, 78, 62, 5, 13, 86, 55]","[32, 56, 98, 78, 13, 86, 55]","[3, 62, 5]",10,7,"[""apra_mad_filter"", ""apra_hierarchical_cluster"", ""apra_trust_weighted_clip""]",../main/re_result_6-29_APRA/cifar100_500_Jul.02_12.10.04_apra_fix_True_no-mia_no-mia-class_no-noise_modelreplace_5/agg_records/pkl/round_0373_apra.pkl
374,apra,success,"[4, 99, 47, 20, 31, 10, 86, 90, 62, 41]","[99, 47, 31, 10, 86, 41]","[4, 20, 90, 62]",10,6,"[""apra_mad_filter"", ""apra_hierarchical_cluster"", ""apra_trust_weighted_clip""]",../main/re_result_6-29_APRA/cifar100_500_Jul.02_12.10.04_apra_fix_True_no-mia_no-mia-class_no-noise_modelreplace_5/agg_records/pkl/round_0374_apra.pkl
375,apra,success,"[0, 33, 1, 73, 28, 61, 3, 11, 96, 15]","[73, 28, 61, 11, 96, 15]","[0, 33, 1, 3]",10,6,"[""apra_mad_filter"", ""apra_hierarchical_cluster"", ""apra_trust_weighted_clip""]",../main/re_result_6-29_APRA/cifar100_500_Jul.02_12.10.04_apra_fix_True_no-mia_no-mia-class_no-noise_modelreplace_5/agg_records/pkl/round_0375_apra.pkl
376,apra,success,"[4, 42, 80, 51, 72, 74, 90, 58, 35, 83]","[42, 80, 51, 72, 74, 90, 58, 83]","[4, 35]",10,8,"[""apra_mad_filter"", ""apra_hierarchical_cluster"", ""apra_trust_weighted_clip""]",../main/re_result_6-29_APRA/cifar100_500_Jul.02_12.10.04_apra_fix_True_no-mia_no-mia-class_no-noise_modelreplace_5/agg_records/pkl/round_0376_apra.pkl
377,apra,success,"[0, 95, 80, 46, 22, 73, 3, 42, 93, 85]","[95, 80, 46, 22, 42, 93]","[0, 73, 3, 85]",10,6,"[""apra_mad_filter"", ""apra_hierarchical_cluster"", ""apra_trust_weighted_clip""]",../main/re_result_6-29_APRA/cifar100_500_Jul.02_12.10.04_apra_fix_True_no-mia_no-mia-class_no-noise_modelreplace_5/agg_records/pkl/round_0377_apra.pkl
378,apra,success,"[2, 5, 77, 45, 62, 74, 20, 65, 9, 68]","[5, 77, 45, 62, 74, 20, 65, 9]","[2, 68]",10,8,"[""apra_mad_filter"", ""apra_hierarchical_cluster"", ""apra_trust_weighted_clip""]",../main/re_result_6-29_APRA/cifar100_500_Jul.02_12.10.04_apra_fix_True_no-mia_no-mia-class_no-noise_modelreplace_5/agg_records/pkl/round_0378_apra.pkl
379,apra,success,"[2, 58, 94, 20, 50, 51, 65, 7, 27, 95]","[58, 94, 20, 50, 65, 7, 95]","[2, 51, 27]",10,7,"[""apra_mad_filter"", ""apra_hierarchical_cluster"", ""apra_trust_weighted_clip""]",../main/re_result_6-29_APRA/cifar100_500_Jul.02_12.10.04_apra_fix_True_no-mia_no-mia-class_no-noise_modelreplace_5/agg_records/pkl/round_0379_apra.pkl
380,apra,success,"[4, 78, 82, 23, 37, 10, 55, 13, 12, 77]","[78, 82, 23, 55, 12, 77]","[4, 37, 10, 13]",10,6,"[""apra_mad_filter"", ""apra_hierarchical_cluster"", ""apra_trust_weighted_clip""]",../main/re_result_6-29_APRA/cifar100_500_Jul.02_12.10.04_apra_fix_True_no-mia_no-mia-class_no-noise_modelreplace_5/agg_records/pkl/round_0380_apra.pkl
381,apra,success,"[2, 35, 5, 89, 93, 82, 49, 23, 95, 63]","[5, 89, 93, 82, 49, 23, 95, 63]","[2, 35]",10,8,"[""apra_mad_filter"", ""apra_hierarchical_cluster"", ""apra_trust_weighted_clip""]",../main/re_result_6-29_APRA/cifar100_500_Jul.02_12.10.04_apra_fix_True_no-mia_no-mia-class_no-noise_modelreplace_5/agg_records/pkl/round_0381_apra.pkl
382,apra,success,"[4, 83, 79, 3, 66, 69, 95, 96, 84, 7]","[79, 66, 69, 95, 84, 7]","[4, 83, 3, 96]",10,6,"[""apra_mad_filter"", ""apra_hierarchical_cluster"", ""apra_trust_weighted_clip""]",../main/re_result_6-29_APRA/cifar100_500_Jul.02_12.10.04_apra_fix_True_no-mia_no-mia-class_no-noise_modelreplace_5/agg_records/pkl/round_0382_apra.pkl
383,apra,success,"[3, 65, 26, 12, 98, 16, 20, 86, 59, 75]","[65, 12, 98, 16, 20, 86, 75]","[3, 26, 59]",10,7,"[""apra_mad_filter"", ""apra_hierarchical_cluster"", ""apra_trust_weighted_clip""]",../main/re_result_6-29_APRA/cifar100_500_Jul.02_12.10.04_apra_fix_True_no-mia_no-mia-class_no-noise_modelreplace_5/agg_records/pkl/round_0383_apra.pkl
384,apra,success,"[2, 78, 18, 71, 20, 21, 27, 31, 11, 24]","[78, 18, 21, 27, 31, 11, 24]","[2, 71, 20]",10,7,"[""apra_mad_filter"", ""apra_hierarchical_cluster"", ""apra_trust_weighted_clip""]",../main/re_result_6-29_APRA/cifar100_500_Jul.02_12.10.04_apra_fix_True_no-mia_no-mia-class_no-noise_modelreplace_5/agg_records/pkl/round_0384_apra.pkl
385,apra,success,"[2, 50, 63, 64, 18, 45, 0, 89, 91, 28]","[63, 64, 18, 89, 91, 28]","[2, 50, 45, 0]",10,6,"[""apra_mad_filter"", ""apra_hierarchical_cluster"", ""apra_trust_weighted_clip""]",../main/re_result_6-29_APRA/cifar100_500_Jul.02_12.10.04_apra_fix_True_no-mia_no-mia-class_no-noise_modelreplace_5/agg_records/pkl/round_0385_apra.pkl
386,apra,success,"[4, 45, 97, 55, 16, 23, 89, 59, 90, 15]","[45, 97, 55, 16, 23, 89, 90, 15]","[4, 59]",10,8,"[""apra_mad_filter"", ""apra_hierarchical_cluster"", ""apra_trust_weighted_clip""]",../main/re_result_6-29_APRA/cifar100_500_Jul.02_12.10.04_apra_fix_True_no-mia_no-mia-class_no-noise_modelreplace_5/agg_records/pkl/round_0386_apra.pkl
387,apra,success,"[2, 12, 25, 36, 23, 64, 84, 91, 19, 26]","[12, 36, 23, 64, 84, 91, 19]","[2, 25, 26]",10,7,"[""apra_mad_filter"", ""apra_hierarchical_cluster"", ""apra_trust_weighted_clip""]",../main/re_result_6-29_APRA/cifar100_500_Jul.02_12.10.04_apra_fix_True_no-mia_no-mia-class_no-noise_modelreplace_5/agg_records/pkl/round_0387_apra.pkl
388,apra,success,"[2, 84, 63, 30, 90, 33, 24, 13, 87, 40]","[84, 63, 30, 90, 24, 13, 87]","[2, 33, 40]",10,7,"[""apra_mad_filter"", ""apra_hierarchical_cluster"", ""apra_trust_weighted_clip""]",../main/re_result_6-29_APRA/cifar100_500_Jul.02_12.10.04_apra_fix_True_no-mia_no-mia-class_no-noise_modelreplace_5/agg_records/pkl/round_0388_apra.pkl
389,apra,success,"[1, 2, 78, 33, 24, 5, 57, 77, 31, 62]","[78, 24, 5, 57, 77, 31]","[1, 2, 33, 62]",10,6,"[""apra_mad_filter"", ""apra_hierarchical_cluster"", ""apra_trust_weighted_clip""]",../main/re_result_6-29_APRA/cifar100_500_Jul.02_12.10.04_apra_fix_True_no-mia_no-mia-class_no-noise_modelreplace_5/agg_records/pkl/round_0389_apra.pkl
390,apra,success,"[2, 15, 48, 84, 66, 59, 9, 80, 91, 79]","[15, 84, 66, 9]","[2, 48, 59, 80, 91, 79]",10,4,"[""apra_mad_filter"", ""apra_hierarchical_cluster"", ""apra_trust_weighted_clip""]",../main/re_result_6-29_APRA/cifar100_500_Jul.02_12.10.04_apra_fix_True_no-mia_no-mia-class_no-noise_modelreplace_5/agg_records/pkl/round_0390_apra.pkl
391,apra,success,"[2, 19, 44, 7, 85, 43, 73, 18, 29, 83]","[19, 44, 7, 43, 18, 29, 83]","[2, 85, 73]",10,7,"[""apra_mad_filter"", ""apra_hierarchical_cluster"", ""apra_trust_weighted_clip""]",../main/re_result_6-29_APRA/cifar100_500_Jul.02_12.10.04_apra_fix_True_no-mia_no-mia-class_no-noise_modelreplace_5/agg_records/pkl/round_0391_apra.pkl
392,apra,success,"[0, 99, 74, 47, 46, 89, 95, 88, 71, 63]","[99, 74, 47, 46, 89, 95, 63]","[0, 88, 71]",10,7,"[""apra_mad_filter"", ""apra_hierarchical_cluster"", ""apra_trust_weighted_clip""]",../main/re_result_6-29_APRA/cifar100_500_Jul.02_12.10.04_apra_fix_True_no-mia_no-mia-class_no-noise_modelreplace_5/agg_records/pkl/round_0392_apra.pkl
393,apra,success,"[3, 78, 91, 29, 51, 38, 86, 24, 63, 27]","[78, 91, 29, 38, 86, 24, 63]","[3, 51, 27]",10,7,"[""apra_mad_filter"", ""apra_hierarchical_cluster"", ""apra_trust_weighted_clip""]",../main/re_result_6-29_APRA/cifar100_500_Jul.02_12.10.04_apra_fix_True_no-mia_no-mia-class_no-noise_modelreplace_5/agg_records/pkl/round_0393_apra.pkl
394,apra,success,"[3, 75, 45, 59, 20, 29, 67, 93, 81, 13]","[75, 45, 29, 67, 93, 81, 13]","[3, 59, 20]",10,7,"[""apra_mad_filter"", ""apra_hierarchical_cluster"", ""apra_trust_weighted_clip""]",../main/re_result_6-29_APRA/cifar100_500_Jul.02_12.10.04_apra_fix_True_no-mia_no-mia-class_no-noise_modelreplace_5/agg_records/pkl/round_0394_apra.pkl
395,apra,success,"[3, 88, 10, 17, 75, 20, 11, 31, 42, 14]","[10, 17, 75, 11, 31, 42, 14]","[3, 88, 20]",10,7,"[""apra_mad_filter"", ""apra_hierarchical_cluster"", ""apra_trust_weighted_clip""]",../main/re_result_6-29_APRA/cifar100_500_Jul.02_12.10.04_apra_fix_True_no-mia_no-mia-class_no-noise_modelreplace_5/agg_records/pkl/round_0395_apra.pkl
396,apra,success,"[0, 85, 82, 10, 31, 84, 27, 7, 14, 4]","[82, 10, 31, 84, 27, 7, 14]","[0, 85, 4]",10,7,"[""apra_mad_filter"", ""apra_hierarchical_cluster"", ""apra_trust_weighted_clip""]",../main/re_result_6-29_APRA/cifar100_500_Jul.02_12.10.04_apra_fix_True_no-mia_no-mia-class_no-noise_modelreplace_5/agg_records/pkl/round_0396_apra.pkl
397,apra,success,"[3, 43, 25, 48, 98, 87, 6, 23, 34, 52]","[43, 25, 98, 87, 6, 23, 34, 52]","[3, 48]",10,8,"[""apra_mad_filter"", ""apra_hierarchical_cluster"", ""apra_trust_weighted_clip""]",../main/re_result_6-29_APRA/cifar100_500_Jul.02_12.10.04_apra_fix_True_no-mia_no-mia-class_no-noise_modelreplace_5/agg_records/pkl/round_0397_apra.pkl
398,apra,success,"[4, 36, 68, 37, 92, 94, 14, 22, 28, 18]","[36, 37, 92, 94, 14, 22, 28, 18]","[4, 68]",10,8,"[""apra_mad_filter"", ""apra_hierarchical_cluster"", ""apra_trust_weighted_clip""]",../main/re_result_6-29_APRA/cifar100_500_Jul.02_12.10.04_apra_fix_True_no-mia_no-mia-class_no-noise_modelreplace_5/agg_records/pkl/round_0398_apra.pkl
399,apra,success,"[1, 24, 30, 22, 5, 72, 62, 32, 68, 97]","[24, 30, 22, 5, 72, 32, 97]","[1, 62, 68]",10,7,"[""apra_mad_filter"", ""apra_hierarchical_cluster"", ""apra_trust_weighted_clip""]",../main/re_result_6-29_APRA/cifar100_500_Jul.02_12.10.04_apra_fix_True_no-mia_no-mia-class_no-noise_modelreplace_5/agg_records/pkl/round_0399_apra.pkl
400,apra,success,"[2, 91, 61, 8, 99, 97, 98, 93, 74, 39]","[91, 61, 99, 97, 98, 93, 39]","[2, 8, 74]",10,7,"[""apra_mad_filter"", ""apra_hierarchical_cluster"", ""apra_trust_weighted_clip""]",../main/re_result_6-29_APRA/cifar100_500_Jul.02_12.10.04_apra_fix_True_no-mia_no-mia-class_no-noise_modelreplace_5/agg_records/pkl/round_0400_apra.pkl
401,apra,success,"[1, 75, 14, 32, 62, 2, 68, 46, 72, 57]","[75, 14, 32, 62, 46, 72, 57]","[1, 2, 68]",10,7,"[""apra_mad_filter"", ""apra_hierarchical_cluster"", ""apra_trust_weighted_clip""]",../main/re_result_6-29_APRA/cifar100_500_Jul.02_12.10.04_apra_fix_True_no-mia_no-mia-class_no-noise_modelreplace_5/agg_records/pkl/round_0401_apra.pkl
402,apra,success,"[4, 27, 62, 80, 22, 16, 29, 15, 55, 95]","[27, 80, 22, 16, 29, 15, 55, 95]","[4, 62]",10,8,"[""apra_mad_filter"", ""apra_hierarchical_cluster"", ""apra_trust_weighted_clip""]",../main/re_result_6-29_APRA/cifar100_500_Jul.02_12.10.04_apra_fix_True_no-mia_no-mia-class_no-noise_modelreplace_5/agg_records/pkl/round_0402_apra.pkl
403,apra,success,"[4, 24, 18, 49, 84, 7, 67, 0, 80, 77]","[24, 18, 49, 84, 7, 80, 77]","[4, 67, 0]",10,7,"[""apra_mad_filter"", ""apra_hierarchical_cluster"", ""apra_trust_weighted_clip""]",../main/re_result_6-29_APRA/cifar100_500_Jul.02_12.10.04_apra_fix_True_no-mia_no-mia-class_no-noise_modelreplace_5/agg_records/pkl/round_0403_apra.pkl
404,apra,success,"[1, 58, 9, 48, 14, 80, 30, 10, 70, 39]","[58, 9, 14, 80, 30, 10, 39]","[1, 48, 70]",10,7,"[""apra_mad_filter"", ""apra_hierarchical_cluster"", ""apra_trust_weighted_clip""]",../main/re_result_6-29_APRA/cifar100_500_Jul.02_12.10.04_apra_fix_True_no-mia_no-mia-class_no-noise_modelreplace_5/agg_records/pkl/round_0404_apra.pkl
405,apra,success,"[2, 92, 77, 70, 72, 99, 32, 0, 26, 57]","[92, 77, 70, 72, 99, 32, 57]","[2, 0, 26]",10,7,"[""apra_mad_filter"", ""apra_hierarchical_cluster"", ""apra_trust_weighted_clip""]",../main/re_result_6-29_APRA/cifar100_500_Jul.02_12.10.04_apra_fix_True_no-mia_no-mia-class_no-noise_modelreplace_5/agg_records/pkl/round_0405_apra.pkl
406,apra,success,"[2, 84, 57, 95, 30, 70, 16, 13, 29, 27]","[84, 57, 95, 30, 70, 16, 13, 29]","[2, 27]",10,8,"[""apra_mad_filter"", ""apra_hierarchical_cluster"", ""apra_trust_weighted_clip""]",../main/re_result_6-29_APRA/cifar100_500_Jul.02_12.10.04_apra_fix_True_no-mia_no-mia-class_no-noise_modelreplace_5/agg_records/pkl/round_0406_apra.pkl
407,apra,success,"[3, 8, 86, 33, 74, 35, 51, 22, 40, 47]","[74, 51, 22, 40, 47]","[3, 8, 86, 33, 35]",10,5,"[""apra_mad_filter"", ""apra_hierarchical_cluster"", ""apra_trust_weighted_clip""]",../main/re_result_6-29_APRA/cifar100_500_Jul.02_12.10.04_apra_fix_True_no-mia_no-mia-class_no-noise_modelreplace_5/agg_records/pkl/round_0407_apra.pkl
408,apra,success,"[2, 40, 4, 57, 63, 1, 42, 30, 46, 84]","[57, 63, 42, 30, 46, 84]","[2, 40, 4, 1]",10,6,"[""apra_mad_filter"", ""apra_hierarchical_cluster"", ""apra_trust_weighted_clip""]",../main/re_result_6-29_APRA/cifar100_500_Jul.02_12.10.04_apra_fix_True_no-mia_no-mia-class_no-noise_modelreplace_5/agg_records/pkl/round_0408_apra.pkl
409,apra,success,"[4, 67, 17, 27, 34, 71, 93, 13, 86, 16]","[67, 17, 34, 93, 13, 86, 16]","[4, 27, 71]",10,7,"[""apra_mad_filter"", ""apra_hierarchical_cluster"", ""apra_trust_weighted_clip""]",../main/re_result_6-29_APRA/cifar100_500_Jul.02_12.10.04_apra_fix_True_no-mia_no-mia-class_no-noise_modelreplace_5/agg_records/pkl/round_0409_apra.pkl
410,apra,success,"[4, 3, 86, 72, 23, 73, 84, 96, 30, 67]","[86, 72, 23, 84, 96, 30, 67]","[4, 3, 73]",10,7,"[""apra_mad_filter"", ""apra_hierarchical_cluster"", ""apra_trust_weighted_clip""]",../main/re_result_6-29_APRA/cifar100_500_Jul.02_12.10.04_apra_fix_True_no-mia_no-mia-class_no-noise_modelreplace_5/agg_records/pkl/round_0410_apra.pkl
411,apra,success,"[2, 8, 18, 94, 69, 36, 63, 62, 76, 71]","[8, 18, 94, 69, 36, 63, 62]","[2, 76, 71]",10,7,"[""apra_mad_filter"", ""apra_hierarchical_cluster"", ""apra_trust_weighted_clip""]",../main/re_result_6-29_APRA/cifar100_500_Jul.02_12.10.04_apra_fix_True_no-mia_no-mia-class_no-noise_modelreplace_5/agg_records/pkl/round_0411_apra.pkl
412,apra,success,"[1, 44, 66, 63, 95, 46, 29, 60, 9, 48]","[66, 63, 95, 46, 29, 60, 9, 48]","[1, 44]",10,8,"[""apra_mad_filter"", ""apra_hierarchical_cluster"", ""apra_trust_weighted_clip""]",../main/re_result_6-29_APRA/cifar100_500_Jul.02_12.10.04_apra_fix_True_no-mia_no-mia-class_no-noise_modelreplace_5/agg_records/pkl/round_0412_apra.pkl
413,apra,success,"[3, 99, 38, 13, 42, 31, 28, 96, 5, 58]","[99, 38, 13, 42, 31, 28, 5, 58]","[3, 96]",10,8,"[""apra_mad_filter"", ""apra_hierarchical_cluster"", ""apra_trust_weighted_clip""]",../main/re_result_6-29_APRA/cifar100_500_Jul.02_12.10.04_apra_fix_True_no-mia_no-mia-class_no-noise_modelreplace_5/agg_records/pkl/round_0413_apra.pkl
414,apra,success,"[0, 49, 53, 54, 88, 64, 8, 83, 85, 90]","[49, 53, 54, 88, 64, 8, 83, 90]","[0, 85]",10,8,"[""apra_mad_filter"", ""apra_hierarchical_cluster"", ""apra_trust_weighted_clip""]",../main/re_result_6-29_APRA/cifar100_500_Jul.02_12.10.04_apra_fix_True_no-mia_no-mia-class_no-noise_modelreplace_5/agg_records/pkl/round_0414_apra.pkl
415,apra,success,"[3, 28, 98, 30, 12, 13, 74, 9, 92, 56]","[28, 98, 30, 12, 13, 9, 92, 56]","[3, 74]",10,8,"[""apra_mad_filter"", ""apra_hierarchical_cluster"", ""apra_trust_weighted_clip""]",../main/re_result_6-29_APRA/cifar100_500_Jul.02_12.10.04_apra_fix_True_no-mia_no-mia-class_no-noise_modelreplace_5/agg_records/pkl/round_0415_apra.pkl
416,apra,success,"[0, 14, 76, 43, 44, 96, 29, 4, 77, 32]","[14, 76, 43, 96, 29, 77, 32]","[0, 44, 4]",10,7,"[""apra_mad_filter"", ""apra_hierarchical_cluster"", ""apra_trust_weighted_clip""]",../main/re_result_6-29_APRA/cifar100_500_Jul.02_12.10.04_apra_fix_True_no-mia_no-mia-class_no-noise_modelreplace_5/agg_records/pkl/round_0416_apra.pkl
417,apra,success,"[3, 27, 93, 15, 25, 33, 88, 8, 30, 63]","[27, 93, 15, 25, 8, 30, 63]","[3, 33, 88]",10,7,"[""apra_mad_filter"", ""apra_hierarchical_cluster"", ""apra_trust_weighted_clip""]",../main/re_result_6-29_APRA/cifar100_500_Jul.02_12.10.04_apra_fix_True_no-mia_no-mia-class_no-noise_modelreplace_5/agg_records/pkl/round_0417_apra.pkl
418,apra,success,"[3, 80, 10, 60, 1, 28, 63, 74, 81, 84]","[10, 60, 81, 84]","[3, 80, 1, 28, 63, 74]",10,4,"[""apra_mad_filter"", ""apra_hierarchical_cluster"", ""apra_trust_weighted_clip""]",../main/re_result_6-29_APRA/cifar100_500_Jul.02_12.10.04_apra_fix_True_no-mia_no-mia-class_no-noise_modelreplace_5/agg_records/pkl/round_0418_apra.pkl
419,apra,success,"[1, 4, 54, 13, 69, 75, 18, 7, 2, 37]","[13, 69, 75, 18, 7, 37]","[1, 4, 54, 2]",10,6,"[""apra_mad_filter"", ""apra_hierarchical_cluster"", ""apra_trust_weighted_clip""]",../main/re_result_6-29_APRA/cifar100_500_Jul.02_12.10.04_apra_fix_True_no-mia_no-mia-class_no-noise_modelreplace_5/agg_records/pkl/round_0419_apra.pkl
420,apra,success,"[2, 67, 17, 6, 62, 19, 13, 51, 24, 35]","[67, 17, 6, 62, 19, 13, 51, 24]","[2, 35]",10,8,"[""apra_mad_filter"", ""apra_hierarchical_cluster"", ""apra_trust_weighted_clip""]",../main/re_result_6-29_APRA/cifar100_500_Jul.02_12.10.04_apra_fix_True_no-mia_no-mia-class_no-noise_modelreplace_5/agg_records/pkl/round_0420_apra.pkl
421,apra,success,"[3, 89, 39, 17, 56, 72, 35, 62, 32, 19]","[89, 39, 17, 56, 32, 19]","[3, 72, 35, 62]",10,6,"[""apra_mad_filter"", ""apra_hierarchical_cluster"", ""apra_trust_weighted_clip""]",../main/re_result_6-29_APRA/cifar100_500_Jul.02_12.10.04_apra_fix_True_no-mia_no-mia-class_no-noise_modelreplace_5/agg_records/pkl/round_0421_apra.pkl
422,apra,success,"[2, 42, 8, 99, 55, 43, 18, 74, 85, 78]","[42, 8, 99, 55, 43, 18, 85, 78]","[2, 74]",10,8,"[""apra_mad_filter"", ""apra_hierarchical_cluster"", ""apra_trust_weighted_clip""]",../main/re_result_6-29_APRA/cifar100_500_Jul.02_12.10.04_apra_fix_True_no-mia_no-mia-class_no-noise_modelreplace_5/agg_records/pkl/round_0422_apra.pkl
423,apra,success,"[0, 43, 92, 29, 50, 57, 80, 82, 16, 17]","[43, 29, 57, 80, 82, 16, 17]","[0, 92, 50]",10,7,"[""apra_mad_filter"", ""apra_hierarchical_cluster"", ""apra_trust_weighted_clip""]",../main/re_result_6-29_APRA/cifar100_500_Jul.02_12.10.04_apra_fix_True_no-mia_no-mia-class_no-noise_modelreplace_5/agg_records/pkl/round_0423_apra.pkl
424,apra,success,"[0, 58, 21, 96, 94, 5, 80, 45, 62, 71]","[58, 21, 96, 94, 5, 80, 45, 62]","[0, 71]",10,8,"[""apra_mad_filter"", ""apra_hierarchical_cluster"", ""apra_trust_weighted_clip""]",../main/re_result_6-29_APRA/cifar100_500_Jul.02_12.10.04_apra_fix_True_no-mia_no-mia-class_no-noise_modelreplace_5/agg_records/pkl/round_0424_apra.pkl
425,apra,success,"[4, 2, 30, 41, 90, 42, 1, 69, 13, 73]","[30, 41, 90, 42, 69, 13]","[4, 2, 1, 73]",10,6,"[""apra_mad_filter"", ""apra_hierarchical_cluster"", ""apra_trust_weighted_clip""]",../main/re_result_6-29_APRA/cifar100_500_Jul.02_12.10.04_apra_fix_True_no-mia_no-mia-class_no-noise_modelreplace_5/agg_records/pkl/round_0425_apra.pkl
426,apra,success,"[4, 97, 54, 70, 96, 34, 36, 42, 56, 91]","[97, 70, 34, 36, 42, 56, 91]","[4, 54, 96]",10,7,"[""apra_mad_filter"", ""apra_hierarchical_cluster"", ""apra_trust_weighted_clip""]",../main/re_result_6-29_APRA/cifar100_500_Jul.02_12.10.04_apra_fix_True_no-mia_no-mia-class_no-noise_modelreplace_5/agg_records/pkl/round_0426_apra.pkl
427,apra,success,"[3, 96, 90, 93, 69, 11, 94, 58, 34, 38]","[90, 93, 69, 11, 38]","[3, 96, 94, 58, 34]",10,5,"[""apra_mad_filter"", ""apra_hierarchical_cluster"", ""apra_trust_weighted_clip""]",../main/re_result_6-29_APRA/cifar100_500_Jul.02_12.10.04_apra_fix_True_no-mia_no-mia-class_no-noise_modelreplace_5/agg_records/pkl/round_0427_apra.pkl
428,apra,success,"[1, 5, 41, 34, 8, 82, 47, 11, 48, 89]","[5, 41, 34, 8, 82, 11, 48, 89]","[1, 47]",10,8,"[""apra_mad_filter"", ""apra_hierarchical_cluster"", ""apra_trust_weighted_clip""]",../main/re_result_6-29_APRA/cifar100_500_Jul.02_12.10.04_apra_fix_True_no-mia_no-mia-class_no-noise_modelreplace_5/agg_records/pkl/round_0428_apra.pkl
429,apra,success,"[2, 54, 62, 36, 1, 73, 23, 7, 15, 94]","[36, 73, 23, 15, 94]","[2, 54, 62, 1, 7]",10,5,"[""apra_mad_filter"", ""apra_hierarchical_cluster"", ""apra_trust_weighted_clip""]",../main/re_result_6-29_APRA/cifar100_500_Jul.02_12.10.04_apra_fix_True_no-mia_no-mia-class_no-noise_modelreplace_5/agg_records/pkl/round_0429_apra.pkl
430,apra,success,"[3, 83, 64, 41, 77, 95, 87, 32, 5, 4]","[83, 64, 77, 95, 87, 32, 5]","[3, 41, 4]",10,7,"[""apra_mad_filter"", ""apra_hierarchical_cluster"", ""apra_trust_weighted_clip""]",../main/re_result_6-29_APRA/cifar100_500_Jul.02_12.10.04_apra_fix_True_no-mia_no-mia-class_no-noise_modelreplace_5/agg_records/pkl/round_0430_apra.pkl
431,apra,success,"[0, 29, 33, 81, 11, 39, 5, 45, 95, 69]","[29, 81, 11, 39, 5, 45, 95, 69]","[0, 33]",10,8,"[""apra_mad_filter"", ""apra_hierarchical_cluster"", ""apra_trust_weighted_clip""]",../main/re_result_6-29_APRA/cifar100_500_Jul.02_12.10.04_apra_fix_True_no-mia_no-mia-class_no-noise_modelreplace_5/agg_records/pkl/round_0431_apra.pkl
432,apra,success,"[0, 50, 81, 62, 3, 74, 10, 33, 35, 56]","[50, 81, 62, 74, 10, 33, 56]","[0, 3, 35]",10,7,"[""apra_mad_filter"", ""apra_hierarchical_cluster"", ""apra_trust_weighted_clip""]",../main/re_result_6-29_APRA/cifar100_500_Jul.02_12.10.04_apra_fix_True_no-mia_no-mia-class_no-noise_modelreplace_5/agg_records/pkl/round_0432_apra.pkl
433,apra,success,"[2, 40, 67, 33, 0, 7, 1, 6, 38, 5]","[40, 67, 7, 6, 38, 5]","[2, 33, 0, 1]",10,6,"[""apra_mad_filter"", ""apra_hierarchical_cluster"", ""apra_trust_weighted_clip""]",../main/re_result_6-29_APRA/cifar100_500_Jul.02_12.10.04_apra_fix_True_no-mia_no-mia-class_no-noise_modelreplace_5/agg_records/pkl/round_0433_apra.pkl
434,apra,success,"[0, 38, 92, 53, 33, 46, 80, 60, 50, 68]","[38, 92, 53, 46, 80, 60, 50, 68]","[0, 33]",10,8,"[""apra_mad_filter"", ""apra_hierarchical_cluster"", ""apra_trust_weighted_clip""]",../main/re_result_6-29_APRA/cifar100_500_Jul.02_12.10.04_apra_fix_True_no-mia_no-mia-class_no-noise_modelreplace_5/agg_records/pkl/round_0434_apra.pkl
435,apra,success,"[1, 38, 94, 69, 57, 45, 22, 47, 53, 3]","[38, 94, 69, 57, 45, 22, 53]","[1, 47, 3]",10,7,"[""apra_mad_filter"", ""apra_hierarchical_cluster"", ""apra_trust_weighted_clip""]",../main/re_result_6-29_APRA/cifar100_500_Jul.02_12.10.04_apra_fix_True_no-mia_no-mia-class_no-noise_modelreplace_5/agg_records/pkl/round_0435_apra.pkl
436,apra,success,"[2, 71, 75, 78, 19, 37, 51, 55, 18, 41]","[75, 78, 19, 37, 55, 18]","[2, 71, 51, 41]",10,6,"[""apra_mad_filter"", ""apra_hierarchical_cluster"", ""apra_trust_weighted_clip""]",../main/re_result_6-29_APRA/cifar100_500_Jul.02_12.10.04_apra_fix_True_no-mia_no-mia-class_no-noise_modelreplace_5/agg_records/pkl/round_0436_apra.pkl
437,apra,success,"[3, 55, 8, 11, 25, 68, 6, 90, 61, 78]","[55, 11, 25, 6, 61, 78]","[3, 8, 68, 90]",10,6,"[""apra_mad_filter"", ""apra_hierarchical_cluster"", ""apra_trust_weighted_clip""]",../main/re_result_6-29_APRA/cifar100_500_Jul.02_12.10.04_apra_fix_True_no-mia_no-mia-class_no-noise_modelreplace_5/agg_records/pkl/round_0437_apra.pkl
438,apra,success,"[2, 95, 11, 12, 65, 15, 22, 86, 14, 50]","[95, 11, 12, 65, 15, 22, 86, 14]","[2, 50]",10,8,"[""apra_mad_filter"", ""apra_hierarchical_cluster"", ""apra_trust_weighted_clip""]",../main/re_result_6-29_APRA/cifar100_500_Jul.02_12.10.04_apra_fix_True_no-mia_no-mia-class_no-noise_modelreplace_5/agg_records/pkl/round_0438_apra.pkl
439,apra,success,"[2, 23, 88, 85, 48, 8, 72, 87, 16, 73]","[23, 85, 48, 72, 87, 16, 73]","[2, 88, 8]",10,7,"[""apra_mad_filter"", ""apra_hierarchical_cluster"", ""apra_trust_weighted_clip""]",../main/re_result_6-29_APRA/cifar100_500_Jul.02_12.10.04_apra_fix_True_no-mia_no-mia-class_no-noise_modelreplace_5/agg_records/pkl/round_0439_apra.pkl
440,apra,success,"[2, 78, 3, 40, 31, 14, 44, 57, 10, 64]","[78, 40, 31, 14, 57, 10, 64]","[2, 3, 44]",10,7,"[""apra_mad_filter"", ""apra_hierarchical_cluster"", ""apra_trust_weighted_clip""]",../main/re_result_6-29_APRA/cifar100_500_Jul.02_12.10.04_apra_fix_True_no-mia_no-mia-class_no-noise_modelreplace_5/agg_records/pkl/round_0440_apra.pkl
441,apra,success,"[2, 10, 81, 56, 88, 36, 62, 99, 93, 85]","[10, 81, 56, 36, 62, 99, 93, 85]","[2, 88]",10,8,"[""apra_mad_filter"", ""apra_hierarchical_cluster"", ""apra_trust_weighted_clip""]",../main/re_result_6-29_APRA/cifar100_500_Jul.02_12.10.04_apra_fix_True_no-mia_no-mia-class_no-noise_modelreplace_5/agg_records/pkl/round_0441_apra.pkl
442,apra,success,"[3, 25, 99, 13, 81, 6, 89, 30, 21, 90]","[99, 81, 6, 89, 30, 21, 90]","[3, 25, 13]",10,7,"[""apra_mad_filter"", ""apra_hierarchical_cluster"", ""apra_trust_weighted_clip""]",../main/re_result_6-29_APRA/cifar100_500_Jul.02_12.10.04_apra_fix_True_no-mia_no-mia-class_no-noise_modelreplace_5/agg_records/pkl/round_0442_apra.pkl
443,apra,success,"[1, 16, 75, 59, 52, 61, 8, 21, 47, 40]","[16, 75, 52, 61, 8, 21, 40]","[1, 59, 47]",10,7,"[""apra_mad_filter"", ""apra_hierarchical_cluster"", ""apra_trust_weighted_clip""]",../main/re_result_6-29_APRA/cifar100_500_Jul.02_12.10.04_apra_fix_True_no-mia_no-mia-class_no-noise_modelreplace_5/agg_records/pkl/round_0443_apra.pkl
444,apra,success,"[3, 13, 53, 66, 33, 38, 36, 49, 76, 54]","[13, 53, 66, 38, 36, 49]","[3, 33, 76, 54]",10,6,"[""apra_mad_filter"", ""apra_hierarchical_cluster"", ""apra_trust_weighted_clip""]",../main/re_result_6-29_APRA/cifar100_500_Jul.02_12.10.04_apra_fix_True_no-mia_no-mia-class_no-noise_modelreplace_5/agg_records/pkl/round_0444_apra.pkl
445,apra,success,"[2, 47, 98, 83, 65, 78, 24, 33, 88, 40]","[47, 98, 83, 65, 78, 24]","[2, 33, 88, 40]",10,6,"[""apra_mad_filter"", ""apra_hierarchical_cluster"", ""apra_trust_weighted_clip""]",../main/re_result_6-29_APRA/cifar100_500_Jul.02_12.10.04_apra_fix_True_no-mia_no-mia-class_no-noise_modelreplace_5/agg_records/pkl/round_0445_apra.pkl
446,apra,success,"[0, 86, 70, 30, 24, 66, 99, 9, 12, 31]","[86, 30, 24, 66, 99, 9, 12, 31]","[0, 70]",10,8,"[""apra_mad_filter"", ""apra_hierarchical_cluster"", ""apra_trust_weighted_clip""]",../main/re_result_6-29_APRA/cifar100_500_Jul.02_12.10.04_apra_fix_True_no-mia_no-mia-class_no-noise_modelreplace_5/agg_records/pkl/round_0446_apra.pkl
447,apra,success,"[3, 81, 17, 35, 96, 88, 36, 99, 64, 92]","[81, 17, 96, 88, 36, 99, 64, 92]","[3, 35]",10,8,"[""apra_mad_filter"", ""apra_hierarchical_cluster"", ""apra_trust_weighted_clip""]",../main/re_result_6-29_APRA/cifar100_500_Jul.02_12.10.04_apra_fix_True_no-mia_no-mia-class_no-noise_modelreplace_5/agg_records/pkl/round_0447_apra.pkl
448,apra,success,"[4, 91, 21, 75, 59, 96, 92, 42, 74, 12]","[91, 21, 75, 42, 74, 12]","[4, 59, 96, 92]",10,6,"[""apra_mad_filter"", ""apra_hierarchical_cluster"", ""apra_trust_weighted_clip""]",../main/re_result_6-29_APRA/cifar100_500_Jul.02_12.10.04_apra_fix_True_no-mia_no-mia-class_no-noise_modelreplace_5/agg_records/pkl/round_0448_apra.pkl
449,apra,success,"[2, 39, 68, 74, 40, 3, 0, 85, 50, 44]","[39, 68, 74, 40, 50, 44]","[2, 3, 0, 85]",10,6,"[""apra_mad_filter"", ""apra_hierarchical_cluster"", ""apra_trust_weighted_clip""]",../main/re_result_6-29_APRA/cifar100_500_Jul.02_12.10.04_apra_fix_True_no-mia_no-mia-class_no-noise_modelreplace_5/agg_records/pkl/round_0449_apra.pkl
450,apra,success,"[4, 33, 52, 31, 75, 20, 83, 96, 38, 72]","[31, 75, 20, 83, 96, 38, 72]","[4, 33, 52]",10,7,"[""apra_mad_filter"", ""apra_hierarchical_cluster"", ""apra_trust_weighted_clip""]",../main/re_result_6-29_APRA/cifar100_500_Jul.02_12.10.04_apra_fix_True_no-mia_no-mia-class_no-noise_modelreplace_5/agg_records/pkl/round_0450_apra.pkl
451,apra,success,"[4, 64, 72, 2, 83, 62, 97, 32, 51, 86]","[64, 72, 83, 32, 86]","[4, 2, 62, 97, 51]",10,5,"[""apra_mad_filter"", ""apra_hierarchical_cluster"", ""apra_trust_weighted_clip""]",../main/re_result_6-29_APRA/cifar100_500_Jul.02_12.10.04_apra_fix_True_no-mia_no-mia-class_no-noise_modelreplace_5/agg_records/pkl/round_0451_apra.pkl
452,apra,success,"[3, 54, 33, 74, 61, 27, 58, 68, 6, 42]","[74, 61, 27, 58, 6, 42]","[3, 54, 33, 68]",10,6,"[""apra_mad_filter"", ""apra_hierarchical_cluster"", ""apra_trust_weighted_clip""]",../main/re_result_6-29_APRA/cifar100_500_Jul.02_12.10.04_apra_fix_True_no-mia_no-mia-class_no-noise_modelreplace_5/agg_records/pkl/round_0452_apra.pkl
453,apra,success,"[1, 36, 19, 45, 15, 73, 13, 69, 59, 16]","[36, 19, 45, 15, 13, 69, 16]","[1, 73, 59]",10,7,"[""apra_mad_filter"", ""apra_hierarchical_cluster"", ""apra_trust_weighted_clip""]",../main/re_result_6-29_APRA/cifar100_500_Jul.02_12.10.04_apra_fix_True_no-mia_no-mia-class_no-noise_modelreplace_5/agg_records/pkl/round_0453_apra.pkl
454,apra,success,"[3, 17, 69, 74, 58, 40, 57, 56, 59, 55]","[17, 69, 74, 58, 40, 57, 56, 55]","[3, 59]",10,8,"[""apra_mad_filter"", ""apra_hierarchical_cluster"", ""apra_trust_weighted_clip""]",../main/re_result_6-29_APRA/cifar100_500_Jul.02_12.10.04_apra_fix_True_no-mia_no-mia-class_no-noise_modelreplace_5/agg_records/pkl/round_0454_apra.pkl
455,apra,success,"[3, 97, 8, 89, 79, 11, 76, 16, 77, 25]","[97, 8, 89, 79, 11, 16, 77, 25]","[3, 76]",10,8,"[""apra_mad_filter"", ""apra_hierarchical_cluster"", ""apra_trust_weighted_clip""]",../main/re_result_6-29_APRA/cifar100_500_Jul.02_12.10.04_apra_fix_True_no-mia_no-mia-class_no-noise_modelreplace_5/agg_records/pkl/round_0455_apra.pkl
456,apra,success,"[2, 21, 49, 33, 17, 44, 74, 85, 84, 79]","[21, 49, 17, 74, 84, 79]","[2, 33, 44, 85]",10,6,"[""apra_mad_filter"", ""apra_hierarchical_cluster"", ""apra_trust_weighted_clip""]",../main/re_result_6-29_APRA/cifar100_500_Jul.02_12.10.04_apra_fix_True_no-mia_no-mia-class_no-noise_modelreplace_5/agg_records/pkl/round_0456_apra.pkl
457,apra,success,"[1, 15, 58, 56, 75, 64, 2, 68, 46, 54]","[15, 58, 56, 75, 64, 46]","[1, 2, 68, 54]",10,6,"[""apra_mad_filter"", ""apra_hierarchical_cluster"", ""apra_trust_weighted_clip""]",../main/re_result_6-29_APRA/cifar100_500_Jul.02_12.10.04_apra_fix_True_no-mia_no-mia-class_no-noise_modelreplace_5/agg_records/pkl/round_0457_apra.pkl
458,apra,success,"[3, 41, 74, 15, 4, 81, 48, 84, 56, 94]","[41, 15, 48, 84, 56, 94]","[3, 74, 4, 81]",10,6,"[""apra_mad_filter"", ""apra_hierarchical_cluster"", ""apra_trust_weighted_clip""]",../main/re_result_6-29_APRA/cifar100_500_Jul.02_12.10.04_apra_fix_True_no-mia_no-mia-class_no-noise_modelreplace_5/agg_records/pkl/round_0458_apra.pkl
459,apra,success,"[1, 94, 76, 84, 86, 54, 63, 6, 85, 39]","[94, 84, 86, 54, 63, 6, 85, 39]","[1, 76]",10,8,"[""apra_mad_filter"", ""apra_hierarchical_cluster"", ""apra_trust_weighted_clip""]",../main/re_result_6-29_APRA/cifar100_500_Jul.02_12.10.04_apra_fix_True_no-mia_no-mia-class_no-noise_modelreplace_5/agg_records/pkl/round_0459_apra.pkl
460,apra,success,"[2, 58, 62, 15, 35, 5, 46, 60, 8, 18]","[58, 62, 15, 5, 46, 60, 8, 18]","[2, 35]",10,8,"[""apra_mad_filter"", ""apra_hierarchical_cluster"", ""apra_trust_weighted_clip""]",../main/re_result_6-29_APRA/cifar100_500_Jul.02_12.10.04_apra_fix_True_no-mia_no-mia-class_no-noise_modelreplace_5/agg_records/pkl/round_0460_apra.pkl
461,apra,success,"[2, 96, 3, 90, 11, 47, 48, 37, 33, 80]","[96, 90, 11, 47, 48, 37, 80]","[2, 3, 33]",10,7,"[""apra_mad_filter"", ""apra_hierarchical_cluster"", ""apra_trust_weighted_clip""]",../main/re_result_6-29_APRA/cifar100_500_Jul.02_12.10.04_apra_fix_True_no-mia_no-mia-class_no-noise_modelreplace_5/agg_records/pkl/round_0461_apra.pkl
462,apra,success,"[2, 5, 82, 80, 89, 69, 42, 59, 17, 48]","[5, 82, 80, 69, 42, 17]","[2, 89, 59, 48]",10,6,"[""apra_mad_filter"", ""apra_hierarchical_cluster"", ""apra_trust_weighted_clip""]",../main/re_result_6-29_APRA/cifar100_500_Jul.02_12.10.04_apra_fix_True_no-mia_no-mia-class_no-noise_modelreplace_5/agg_records/pkl/round_0462_apra.pkl
463,apra,success,"[3, 81, 28, 63, 34, 35, 96, 71, 46, 44]","[81, 28, 63, 34, 96, 71, 46, 44]","[3, 35]",10,8,"[""apra_mad_filter"", ""apra_hierarchical_cluster"", ""apra_trust_weighted_clip""]",../main/re_result_6-29_APRA/cifar100_500_Jul.02_12.10.04_apra_fix_True_no-mia_no-mia-class_no-noise_modelreplace_5/agg_records/pkl/round_0463_apra.pkl
464,apra,success,"[2, 91, 86, 84, 61, 50, 97, 87, 53, 27]","[86, 84, 97, 87, 53]","[2, 91, 61, 50, 27]",10,5,"[""apra_mad_filter"", ""apra_hierarchical_cluster"", ""apra_trust_weighted_clip""]",../main/re_result_6-29_APRA/cifar100_500_Jul.02_12.10.04_apra_fix_True_no-mia_no-mia-class_no-noise_modelreplace_5/agg_records/pkl/round_0464_apra.pkl
465,apra,success,"[1, 44, 89, 35, 24, 0, 91, 43, 4, 73]","[44, 89, 24, 91, 43, 73]","[1, 35, 0, 4]",10,6,"[""apra_mad_filter"", ""apra_hierarchical_cluster"", ""apra_trust_weighted_clip""]",../main/re_result_6-29_APRA/cifar100_500_Jul.02_12.10.04_apra_fix_True_no-mia_no-mia-class_no-noise_modelreplace_5/agg_records/pkl/round_0465_apra.pkl
466,apra,success,"[2, 28, 1, 88, 58, 21, 61, 94, 17, 68]","[28, 58, 21, 61, 94, 17, 68]","[2, 1, 88]",10,7,"[""apra_mad_filter"", ""apra_hierarchical_cluster"", ""apra_trust_weighted_clip""]",../main/re_result_6-29_APRA/cifar100_500_Jul.02_12.10.04_apra_fix_True_no-mia_no-mia-class_no-noise_modelreplace_5/agg_records/pkl/round_0466_apra.pkl
467,apra,success,"[1, 61, 50, 74, 42, 87, 65, 72, 64, 8]","[61, 50, 42, 87, 65, 72, 64, 8]","[1, 74]",10,8,"[""apra_mad_filter"", ""apra_hierarchical_cluster"", ""apra_trust_weighted_clip""]",../main/re_result_6-29_APRA/cifar100_500_Jul.02_12.10.04_apra_fix_True_no-mia_no-mia-class_no-noise_modelreplace_5/agg_records/pkl/round_0467_apra.pkl
468,apra,success,"[4, 75, 35, 21, 95, 83, 55, 52, 2, 31]","[75, 21, 95, 83, 55, 52, 31]","[4, 35, 2]",10,7,"[""apra_mad_filter"", ""apra_hierarchical_cluster"", ""apra_trust_weighted_clip""]",../main/re_result_6-29_APRA/cifar100_500_Jul.02_12.10.04_apra_fix_True_no-mia_no-mia-class_no-noise_modelreplace_5/agg_records/pkl/round_0468_apra.pkl
469,apra,success,"[3, 55, 79, 70, 4, 82, 24, 60, 56, 88]","[55, 79, 70, 82, 24, 60, 56]","[3, 4, 88]",10,7,"[""apra_mad_filter"", ""apra_hierarchical_cluster"", ""apra_trust_weighted_clip""]",../main/re_result_6-29_APRA/cifar100_500_Jul.02_12.10.04_apra_fix_True_no-mia_no-mia-class_no-noise_modelreplace_5/agg_records/pkl/round_0469_apra.pkl
470,apra,success,"[2, 34, 70, 23, 83, 99, 77, 37, 26, 89]","[34, 23, 83, 99, 77, 89]","[2, 70, 37, 26]",10,6,"[""apra_mad_filter"", ""apra_hierarchical_cluster"", ""apra_trust_weighted_clip""]",../main/re_result_6-29_APRA/cifar100_500_Jul.02_12.10.04_apra_fix_True_no-mia_no-mia-class_no-noise_modelreplace_5/agg_records/pkl/round_0470_apra.pkl
471,apra,success,"[2, 6, 8, 62, 78, 51, 14, 56, 46, 29]","[6, 8, 78, 51, 14, 56, 46, 29]","[2, 62]",10,8,"[""apra_mad_filter"", ""apra_hierarchical_cluster"", ""apra_trust_weighted_clip""]",../main/re_result_6-29_APRA/cifar100_500_Jul.02_12.10.04_apra_fix_True_no-mia_no-mia-class_no-noise_modelreplace_5/agg_records/pkl/round_0471_apra.pkl
472,apra,success,"[3, 64, 60, 88, 68, 33, 18, 36, 63, 14]","[64, 60, 88, 18, 36, 63, 14]","[3, 68, 33]",10,7,"[""apra_mad_filter"", ""apra_hierarchical_cluster"", ""apra_trust_weighted_clip""]",../main/re_result_6-29_APRA/cifar100_500_Jul.02_12.10.04_apra_fix_True_no-mia_no-mia-class_no-noise_modelreplace_5/agg_records/pkl/round_0472_apra.pkl
473,apra,success,"[3, 37, 73, 9, 76, 15, 50, 25, 88, 55]","[37, 73, 9, 76, 15, 50, 25, 55]","[3, 88]",10,8,"[""apra_mad_filter"", ""apra_hierarchical_cluster"", ""apra_trust_weighted_clip""]",../main/re_result_6-29_APRA/cifar100_500_Jul.02_12.10.04_apra_fix_True_no-mia_no-mia-class_no-noise_modelreplace_5/agg_records/pkl/round_0473_apra.pkl
474,apra,success,"[4, 43, 2, 88, 61, 23, 44, 78, 45, 5]","[43, 61, 23, 44, 78, 45, 5]","[4, 2, 88]",10,7,"[""apra_mad_filter"", ""apra_hierarchical_cluster"", ""apra_trust_weighted_clip""]",../main/re_result_6-29_APRA/cifar100_500_Jul.02_12.10.04_apra_fix_True_no-mia_no-mia-class_no-noise_modelreplace_5/agg_records/pkl/round_0474_apra.pkl
475,apra,success,"[0, 50, 78, 10, 45, 55, 79, 61, 68, 8]","[50, 78, 45, 55, 79, 61]","[0, 10, 68, 8]",10,6,"[""apra_mad_filter"", ""apra_hierarchical_cluster"", ""apra_trust_weighted_clip""]",../main/re_result_6-29_APRA/cifar100_500_Jul.02_12.10.04_apra_fix_True_no-mia_no-mia-class_no-noise_modelreplace_5/agg_records/pkl/round_0475_apra.pkl
476,apra,success,"[3, 80, 66, 19, 27, 7, 62, 86, 6, 2]","[80, 66, 19, 27, 7, 86, 6]","[3, 62, 2]",10,7,"[""apra_mad_filter"", ""apra_hierarchical_cluster"", ""apra_trust_weighted_clip""]",../main/re_result_6-29_APRA/cifar100_500_Jul.02_12.10.04_apra_fix_True_no-mia_no-mia-class_no-noise_modelreplace_5/agg_records/pkl/round_0476_apra.pkl
477,apra,success,"[4, 9, 26, 28, 97, 96, 40, 95, 75, 2]","[9, 28, 97, 96, 40, 95, 75]","[4, 26, 2]",10,7,"[""apra_mad_filter"", ""apra_hierarchical_cluster"", ""apra_trust_weighted_clip""]",../main/re_result_6-29_APRA/cifar100_500_Jul.02_12.10.04_apra_fix_True_no-mia_no-mia-class_no-noise_modelreplace_5/agg_records/pkl/round_0477_apra.pkl
478,apra,success,"[1, 27, 99, 62, 39, 30, 23, 56, 74, 92]","[99, 39, 30, 23, 56]","[1, 27, 62, 74, 92]",10,5,"[""apra_mad_filter"", ""apra_hierarchical_cluster"", ""apra_trust_weighted_clip""]",../main/re_result_6-29_APRA/cifar100_500_Jul.02_12.10.04_apra_fix_True_no-mia_no-mia-class_no-noise_modelreplace_5/agg_records/pkl/round_0478_apra.pkl
479,apra,success,"[1, 98, 36, 80, 37, 13, 71, 0, 12, 90]","[98, 36, 80, 37, 13, 12, 90]","[1, 71, 0]",10,7,"[""apra_mad_filter"", ""apra_hierarchical_cluster"", ""apra_trust_weighted_clip""]",../main/re_result_6-29_APRA/cifar100_500_Jul.02_12.10.04_apra_fix_True_no-mia_no-mia-class_no-noise_modelreplace_5/agg_records/pkl/round_0479_apra.pkl
480,apra,success,"[3, 87, 74, 82, 46, 79, 16, 83, 89, 23]","[87, 82, 46, 79, 16, 83, 89, 23]","[3, 74]",10,8,"[""apra_mad_filter"", ""apra_hierarchical_cluster"", ""apra_trust_weighted_clip""]",../main/re_result_6-29_APRA/cifar100_500_Jul.02_12.10.04_apra_fix_True_no-mia_no-mia-class_no-noise_modelreplace_5/agg_records/pkl/round_0480_apra.pkl
481,apra,success,"[4, 39, 54, 34, 6, 32, 9, 14, 70, 20]","[39, 34, 6, 9, 14]","[4, 54, 32, 70, 20]",10,5,"[""apra_mad_filter"", ""apra_hierarchical_cluster"", ""apra_trust_weighted_clip""]",../main/re_result_6-29_APRA/cifar100_500_Jul.02_12.10.04_apra_fix_True_no-mia_no-mia-class_no-noise_modelreplace_5/agg_records/pkl/round_0481_apra.pkl
482,apra,success,"[4, 60, 77, 13, 34, 56, 46, 76, 45, 11]","[60, 77, 13, 34, 56, 46, 45, 11]","[4, 76]",10,8,"[""apra_mad_filter"", ""apra_hierarchical_cluster"", ""apra_trust_weighted_clip""]",../main/re_result_6-29_APRA/cifar100_500_Jul.02_12.10.04_apra_fix_True_no-mia_no-mia-class_no-noise_modelreplace_5/agg_records/pkl/round_0482_apra.pkl
483,apra,success,"[1, 4, 25, 30, 73, 96, 8, 48, 78, 50]","[25, 30, 8, 48, 78]","[1, 4, 73, 96, 50]",10,5,"[""apra_mad_filter"", ""apra_hierarchical_cluster"", ""apra_trust_weighted_clip""]",../main/re_result_6-29_APRA/cifar100_500_Jul.02_12.10.04_apra_fix_True_no-mia_no-mia-class_no-noise_modelreplace_5/agg_records/pkl/round_0483_apra.pkl
484,apra,success,"[3, 88, 56, 83, 75, 33, 20, 28, 74, 38]","[56, 83, 75, 28, 38]","[3, 88, 33, 20, 74]",10,5,"[""apra_mad_filter"", ""apra_hierarchical_cluster"", ""apra_trust_weighted_clip""]",../main/re_result_6-29_APRA/cifar100_500_Jul.02_12.10.04_apra_fix_True_no-mia_no-mia-class_no-noise_modelreplace_5/agg_records/pkl/round_0484_apra.pkl
485,apra,success,"[1, 72, 87, 27, 93, 62, 46, 96, 37, 21]","[87, 27, 93, 46, 96, 37, 21]","[1, 72, 62]",10,7,"[""apra_mad_filter"", ""apra_hierarchical_cluster"", ""apra_trust_weighted_clip""]",../main/re_result_6-29_APRA/cifar100_500_Jul.02_12.10.04_apra_fix_True_no-mia_no-mia-class_no-noise_modelreplace_5/agg_records/pkl/round_0485_apra.pkl
486,apra,success,"[4, 65, 39, 50, 32, 61, 93, 62, 31, 40]","[65, 39, 50, 32, 61, 93, 31, 40]","[4, 62]",10,8,"[""apra_mad_filter"", ""apra_hierarchical_cluster"", ""apra_trust_weighted_clip""]",../main/re_result_6-29_APRA/cifar100_500_Jul.02_12.10.04_apra_fix_True_no-mia_no-mia-class_no-noise_modelreplace_5/agg_records/pkl/round_0486_apra.pkl
487,apra,success,"[4, 81, 42, 7, 95, 32, 1, 94, 23, 58]","[81, 7, 95, 32, 58]","[4, 42, 1, 94, 23]",10,5,"[""apra_mad_filter"", ""apra_hierarchical_cluster"", ""apra_trust_weighted_clip""]",../main/re_result_6-29_APRA/cifar100_500_Jul.02_12.10.04_apra_fix_True_no-mia_no-mia-class_no-noise_modelreplace_5/agg_records/pkl/round_0487_apra.pkl
488,apra,success,"[3, 18, 88, 11, 59, 74, 27, 10, 52, 21]","[18, 11, 74, 10, 52, 21]","[3, 88, 59, 27]",10,6,"[""apra_mad_filter"", ""apra_hierarchical_cluster"", ""apra_trust_weighted_clip""]",../main/re_result_6-29_APRA/cifar100_500_Jul.02_12.10.04_apra_fix_True_no-mia_no-mia-class_no-noise_modelreplace_5/agg_records/pkl/round_0488_apra.pkl
489,apra,success,"[2, 6, 43, 46, 26, 21, 55, 57, 80, 78]","[6, 21, 55, 57, 78]","[2, 43, 46, 26, 80]",10,5,"[""apra_mad_filter"", ""apra_hierarchical_cluster"", ""apra_trust_weighted_clip""]",../main/re_result_6-29_APRA/cifar100_500_Jul.02_12.10.04_apra_fix_True_no-mia_no-mia-class_no-noise_modelreplace_5/agg_records/pkl/round_0489_apra.pkl
490,apra,success,"[1, 36, 84, 82, 40, 87, 90, 66, 32, 89]","[36, 40, 90, 32, 89]","[1, 84, 82, 87, 66]",10,5,"[""apra_mad_filter"", ""apra_hierarchical_cluster"", ""apra_trust_weighted_clip""]",../main/re_result_6-29_APRA/cifar100_500_Jul.02_12.10.04_apra_fix_True_no-mia_no-mia-class_no-noise_modelreplace_5/agg_records/pkl/round_0490_apra.pkl
491,apra,success,"[3, 19, 51, 72, 92, 60, 98, 91, 63, 76]","[19, 51, 72, 92, 60, 98, 91, 63]","[3, 76]",10,8,"[""apra_mad_filter"", ""apra_hierarchical_cluster"", ""apra_trust_weighted_clip""]",../main/re_result_6-29_APRA/cifar100_500_Jul.02_12.10.04_apra_fix_True_no-mia_no-mia-class_no-noise_modelreplace_5/agg_records/pkl/round_0491_apra.pkl
492,apra,success,"[1, 94, 66, 86, 68, 73, 35, 77, 11, 22]","[94, 86, 77, 11, 22]","[1, 66, 68, 73, 35]",10,5,"[""apra_mad_filter"", ""apra_hierarchical_cluster"", ""apra_trust_weighted_clip""]",../main/re_result_6-29_APRA/cifar100_500_Jul.02_12.10.04_apra_fix_True_no-mia_no-mia-class_no-noise_modelreplace_5/agg_records/pkl/round_0492_apra.pkl
493,apra,success,"[4, 56, 57, 22, 65, 63, 62, 33, 64, 69]","[56, 57, 22, 65, 63, 64, 69]","[4, 62, 33]",10,7,"[""apra_mad_filter"", ""apra_hierarchical_cluster"", ""apra_trust_weighted_clip""]",../main/re_result_6-29_APRA/cifar100_500_Jul.02_12.10.04_apra_fix_True_no-mia_no-mia-class_no-noise_modelreplace_5/agg_records/pkl/round_0493_apra.pkl
494,apra,success,"[3, 79, 11, 7, 38, 2, 57, 49, 91, 22]","[79, 57, 49]","[3, 11, 7, 38, 2, 91, 22]",10,3,"[""apra_mad_filter"", ""apra_hierarchical_cluster"", ""apra_trust_weighted_clip""]",../main/re_result_6-29_APRA/cifar100_500_Jul.02_12.10.04_apra_fix_True_no-mia_no-mia-class_no-noise_modelreplace_5/agg_records/pkl/round_0494_apra.pkl
495,apra,success,"[4, 49, 80, 41, 24, 96, 37, 13, 63, 29]","[49, 80, 24, 13, 63, 29]","[4, 41, 96, 37]",10,6,"[""apra_mad_filter"", ""apra_hierarchical_cluster"", ""apra_trust_weighted_clip""]",../main/re_result_6-29_APRA/cifar100_500_Jul.02_12.10.04_apra_fix_True_no-mia_no-mia-class_no-noise_modelreplace_5/agg_records/pkl/round_0495_apra.pkl
496,apra,success,"[0, 86, 66, 7, 19, 3, 37, 34, 10, 91]","[86, 66, 7, 19, 34, 10, 91]","[0, 3, 37]",10,7,"[""apra_mad_filter"", ""apra_hierarchical_cluster"", ""apra_trust_weighted_clip""]",../main/re_result_6-29_APRA/cifar100_500_Jul.02_12.10.04_apra_fix_True_no-mia_no-mia-class_no-noise_modelreplace_5/agg_records/pkl/round_0496_apra.pkl
497,apra,success,"[0, 59, 14, 73, 9, 18, 77, 36, 32, 89]","[14, 9, 18, 77, 36, 32, 89]","[0, 59, 73]",10,7,"[""apra_mad_filter"", ""apra_hierarchical_cluster"", ""apra_trust_weighted_clip""]",../main/re_result_6-29_APRA/cifar100_500_Jul.02_12.10.04_apra_fix_True_no-mia_no-mia-class_no-noise_modelreplace_5/agg_records/pkl/round_0497_apra.pkl
498,apra,success,"[1, 59, 8, 24, 55, 47, 57, 68, 13, 38]","[59, 8, 24, 55, 47, 57, 13, 38]","[1, 68]",10,8,"[""apra_mad_filter"", ""apra_hierarchical_cluster"", ""apra_trust_weighted_clip""]",../main/re_result_6-29_APRA/cifar100_500_Jul.02_12.10.04_apra_fix_True_no-mia_no-mia-class_no-noise_modelreplace_5/agg_records/pkl/round_0498_apra.pkl
499,apra,success,"[4, 51, 29, 46, 41, 3, 11, 75, 27, 48]","[46, 11, 75, 27]","[4, 51, 29, 41, 3, 48]",10,4,"[""apra_mad_filter"", ""apra_hierarchical_cluster"", ""apra_trust_weighted_clip""]",../main/re_result_6-29_APRA/cifar100_500_Jul.02_12.10.04_apra_fix_True_no-mia_no-mia-class_no-noise_modelreplace_5/agg_records/pkl/round_0499_apra.pkl
500,apra,success,"[1, 9, 85, 11, 4, 15, 93, 42, 66, 39]","[9, 11, 15, 93, 42, 66, 39]","[1, 85, 4]",10,7,"[""apra_mad_filter"", ""apra_hierarchical_cluster"", ""apra_trust_weighted_clip""]",../main/re_result_6-29_APRA/cifar100_500_Jul.02_12.10.04_apra_fix_True_no-mia_no-mia-class_no-noise_modelreplace_5/agg_records/pkl/round_0500_apra.pkl
