epoch,method,status,initial_participants,final_selected,rejected,num_initial,num_final,stage_names,pkl_path
1,clip,success,"[1, 10, 51, 26, 32, 3, 71, 38, 50, 6]","[1, 10, 51, 26, 32, 3, 71, 38, 50, 6]",[],10,10,"[""clip""]",../main/re_result_6-29_APRA/cifar100_500_Jul.02_14.28.31_clip_fix_True_no-mia_no-mia-class_no-noise_modelreplace_5/agg_records/pkl/round_0001_clip.pkl
2,clip,success,"[0, 61, 21, 96, 51, 20, 66, 99, 2, 31]","[0, 61, 21, 96, 51, 20, 66, 99, 2, 31]",[],10,10,"[""clip""]",../main/re_result_6-29_APRA/cifar100_500_Jul.02_14.28.31_clip_fix_True_no-mia_no-mia-class_no-noise_modelreplace_5/agg_records/pkl/round_0002_clip.pkl
3,clip,success,"[1, 90, 52, 40, 78, 7, 66, 37, 86, 64]","[1, 90, 52, 40, 78, 7, 66, 37, 86, 64]",[],10,10,"[""clip""]",../main/re_result_6-29_APRA/cifar100_500_Jul.02_14.28.31_clip_fix_True_no-mia_no-mia-class_no-noise_modelreplace_5/agg_records/pkl/round_0003_clip.pkl
4,clip,success,"[2, 74, 11, 81, 12, 56, 31, 33, 84, 91]","[2, 74, 11, 81, 12, 56, 31, 33, 84, 91]",[],10,10,"[""clip""]",../main/re_result_6-29_APRA/cifar100_500_Jul.02_14.28.31_clip_fix_True_no-mia_no-mia-class_no-noise_modelreplace_5/agg_records/pkl/round_0004_clip.pkl
5,clip,success,"[1, 88, 5, 30, 13, 8, 92, 89, 50, 53]","[1, 88, 5, 30, 13, 8, 92, 89, 50, 53]",[],10,10,"[""clip""]",../main/re_result_6-29_APRA/cifar100_500_Jul.02_14.28.31_clip_fix_True_no-mia_no-mia-class_no-noise_modelreplace_5/agg_records/pkl/round_0005_clip.pkl
6,clip,success,"[1, 99, 49, 56, 23, 97, 19, 68, 36, 47]","[1, 99, 49, 56, 23, 97, 19, 68, 36, 47]",[],10,10,"[""clip""]",../main/re_result_6-29_APRA/cifar100_500_Jul.02_14.28.31_clip_fix_True_no-mia_no-mia-class_no-noise_modelreplace_5/agg_records/pkl/round_0006_clip.pkl
7,clip,success,"[2, 40, 10, 38, 97, 0, 69, 82, 43, 59]","[2, 40, 10, 38, 97, 0, 69, 82, 43, 59]",[],10,10,"[""clip""]",../main/re_result_6-29_APRA/cifar100_500_Jul.02_14.28.31_clip_fix_True_no-mia_no-mia-class_no-noise_modelreplace_5/agg_records/pkl/round_0007_clip.pkl
8,clip,success,"[4, 49, 20, 21, 74, 46, 10, 98, 14, 82]","[4, 49, 20, 21, 74, 46, 10, 98, 14, 82]",[],10,10,"[""clip""]",../main/re_result_6-29_APRA/cifar100_500_Jul.02_14.28.31_clip_fix_True_no-mia_no-mia-class_no-noise_modelreplace_5/agg_records/pkl/round_0008_clip.pkl
9,clip,success,"[0, 66, 40, 68, 55, 11, 5, 49, 94, 54]","[0, 66, 40, 68, 55, 11, 5, 49, 94, 54]",[],10,10,"[""clip""]",../main/re_result_6-29_APRA/cifar100_500_Jul.02_14.28.31_clip_fix_True_no-mia_no-mia-class_no-noise_modelreplace_5/agg_records/pkl/round_0009_clip.pkl
10,clip,success,"[0, 95, 85, 8, 24, 50, 1, 38, 54, 76]","[0, 95, 85, 8, 24, 50, 1, 38, 54, 76]",[],10,10,"[""clip""]",../main/re_result_6-29_APRA/cifar100_500_Jul.02_14.28.31_clip_fix_True_no-mia_no-mia-class_no-noise_modelreplace_5/agg_records/pkl/round_0010_clip.pkl
11,clip,success,"[0, 82, 14, 57, 34, 79, 85, 43, 26, 66]","[0, 82, 14, 57, 34, 79, 85, 43, 26, 66]",[],10,10,"[""clip""]",../main/re_result_6-29_APRA/cifar100_500_Jul.02_14.28.31_clip_fix_True_no-mia_no-mia-class_no-noise_modelreplace_5/agg_records/pkl/round_0011_clip.pkl
12,clip,success,"[4, 14, 93, 49, 18, 40, 36, 10, 3, 54]","[4, 14, 93, 49, 18, 40, 36, 10, 3, 54]",[],10,10,"[""clip""]",../main/re_result_6-29_APRA/cifar100_500_Jul.02_14.28.31_clip_fix_True_no-mia_no-mia-class_no-noise_modelreplace_5/agg_records/pkl/round_0012_clip.pkl
13,clip,success,"[3, 81, 63, 70, 37, 41, 61, 29, 19, 10]","[3, 81, 63, 70, 37, 41, 61, 29, 19, 10]",[],10,10,"[""clip""]",../main/re_result_6-29_APRA/cifar100_500_Jul.02_14.28.31_clip_fix_True_no-mia_no-mia-class_no-noise_modelreplace_5/agg_records/pkl/round_0013_clip.pkl
14,clip,success,"[3, 45, 8, 23, 88, 36, 20, 28, 68, 74]","[3, 45, 8, 23, 88, 36, 20, 28, 68, 74]",[],10,10,"[""clip""]",../main/re_result_6-29_APRA/cifar100_500_Jul.02_14.28.31_clip_fix_True_no-mia_no-mia-class_no-noise_modelreplace_5/agg_records/pkl/round_0014_clip.pkl
15,clip,success,"[1, 45, 35, 96, 33, 2, 59, 10, 9, 83]","[1, 45, 35, 96, 33, 2, 59, 10, 9, 83]",[],10,10,"[""clip""]",../main/re_result_6-29_APRA/cifar100_500_Jul.02_14.28.31_clip_fix_True_no-mia_no-mia-class_no-noise_modelreplace_5/agg_records/pkl/round_0015_clip.pkl
16,clip,success,"[0, 88, 60, 97, 22, 79, 67, 48, 4, 32]","[0, 88, 60, 97, 22, 79, 67, 48, 4, 32]",[],10,10,"[""clip""]",../main/re_result_6-29_APRA/cifar100_500_Jul.02_14.28.31_clip_fix_True_no-mia_no-mia-class_no-noise_modelreplace_5/agg_records/pkl/round_0016_clip.pkl
17,clip,success,"[0, 45, 82, 96, 4, 55, 56, 57, 13, 33]","[0, 45, 82, 96, 4, 55, 56, 57, 13, 33]",[],10,10,"[""clip""]",../main/re_result_6-29_APRA/cifar100_500_Jul.02_14.28.31_clip_fix_True_no-mia_no-mia-class_no-noise_modelreplace_5/agg_records/pkl/round_0017_clip.pkl
18,clip,success,"[4, 44, 30, 29, 85, 26, 16, 64, 98, 11]","[4, 44, 30, 29, 85, 26, 16, 64, 98, 11]",[],10,10,"[""clip""]",../main/re_result_6-29_APRA/cifar100_500_Jul.02_14.28.31_clip_fix_True_no-mia_no-mia-class_no-noise_modelreplace_5/agg_records/pkl/round_0018_clip.pkl
19,clip,success,"[2, 59, 74, 98, 41, 46, 33, 95, 9, 22]","[2, 59, 74, 98, 41, 46, 33, 95, 9, 22]",[],10,10,"[""clip""]",../main/re_result_6-29_APRA/cifar100_500_Jul.02_14.28.31_clip_fix_True_no-mia_no-mia-class_no-noise_modelreplace_5/agg_records/pkl/round_0019_clip.pkl
20,clip,success,"[4, 71, 89, 22, 38, 97, 98, 75, 23, 21]","[4, 71, 89, 22, 38, 97, 98, 75, 23, 21]",[],10,10,"[""clip""]",../main/re_result_6-29_APRA/cifar100_500_Jul.02_14.28.31_clip_fix_True_no-mia_no-mia-class_no-noise_modelreplace_5/agg_records/pkl/round_0020_clip.pkl
21,clip,success,"[0, 24, 65, 86, 71, 10, 46, 84, 7, 66]","[0, 24, 65, 86, 71, 10, 46, 84, 7, 66]",[],10,10,"[""clip""]",../main/re_result_6-29_APRA/cifar100_500_Jul.02_14.28.31_clip_fix_True_no-mia_no-mia-class_no-noise_modelreplace_5/agg_records/pkl/round_0021_clip.pkl
22,clip,success,"[4, 88, 46, 18, 15, 57, 51, 71, 0, 16]","[4, 88, 46, 18, 15, 57, 51, 71, 0, 16]",[],10,10,"[""clip""]",../main/re_result_6-29_APRA/cifar100_500_Jul.02_14.28.31_clip_fix_True_no-mia_no-mia-class_no-noise_modelreplace_5/agg_records/pkl/round_0022_clip.pkl
23,clip,success,"[1, 54, 78, 56, 22, 43, 6, 42, 98, 8]","[1, 54, 78, 56, 22, 43, 6, 42, 98, 8]",[],10,10,"[""clip""]",../main/re_result_6-29_APRA/cifar100_500_Jul.02_14.28.31_clip_fix_True_no-mia_no-mia-class_no-noise_modelreplace_5/agg_records/pkl/round_0023_clip.pkl
24,clip,success,"[3, 95, 30, 92, 18, 36, 96, 77, 9, 38]","[3, 95, 30, 92, 18, 36, 96, 77, 9, 38]",[],10,10,"[""clip""]",../main/re_result_6-29_APRA/cifar100_500_Jul.02_14.28.31_clip_fix_True_no-mia_no-mia-class_no-noise_modelreplace_5/agg_records/pkl/round_0024_clip.pkl
25,clip,success,"[1, 7, 32, 89, 97, 22, 47, 6, 95, 63]","[1, 7, 32, 89, 97, 22, 47, 6, 95, 63]",[],10,10,"[""clip""]",../main/re_result_6-29_APRA/cifar100_500_Jul.02_14.28.31_clip_fix_True_no-mia_no-mia-class_no-noise_modelreplace_5/agg_records/pkl/round_0025_clip.pkl
26,clip,success,"[2, 77, 51, 20, 31, 72, 30, 65, 37, 38]","[2, 77, 51, 20, 31, 72, 30, 65, 37, 38]",[],10,10,"[""clip""]",../main/re_result_6-29_APRA/cifar100_500_Jul.02_14.28.31_clip_fix_True_no-mia_no-mia-class_no-noise_modelreplace_5/agg_records/pkl/round_0026_clip.pkl
27,clip,success,"[0, 98, 87, 30, 62, 83, 51, 46, 33, 27]","[0, 98, 87, 30, 62, 83, 51, 46, 33, 27]",[],10,10,"[""clip""]",../main/re_result_6-29_APRA/cifar100_500_Jul.02_14.28.31_clip_fix_True_no-mia_no-mia-class_no-noise_modelreplace_5/agg_records/pkl/round_0027_clip.pkl
28,clip,success,"[4, 75, 76, 35, 20, 94, 72, 97, 46, 95]","[4, 75, 76, 35, 20, 94, 72, 97, 46, 95]",[],10,10,"[""clip""]",../main/re_result_6-29_APRA/cifar100_500_Jul.02_14.28.31_clip_fix_True_no-mia_no-mia-class_no-noise_modelreplace_5/agg_records/pkl/round_0028_clip.pkl
29,clip,success,"[4, 2, 25, 29, 3, 67, 53, 82, 33, 13]","[4, 2, 25, 29, 3, 67, 53, 82, 33, 13]",[],10,10,"[""clip""]",../main/re_result_6-29_APRA/cifar100_500_Jul.02_14.28.31_clip_fix_True_no-mia_no-mia-class_no-noise_modelreplace_5/agg_records/pkl/round_0029_clip.pkl
30,clip,success,"[2, 72, 53, 84, 32, 17, 76, 6, 66, 41]","[2, 72, 53, 84, 32, 17, 76, 6, 66, 41]",[],10,10,"[""clip""]",../main/re_result_6-29_APRA/cifar100_500_Jul.02_14.28.31_clip_fix_True_no-mia_no-mia-class_no-noise_modelreplace_5/agg_records/pkl/round_0030_clip.pkl
31,clip,success,"[0, 43, 8, 97, 35, 86, 66, 64, 85, 14]","[0, 43, 8, 97, 35, 86, 66, 64, 85, 14]",[],10,10,"[""clip""]",../main/re_result_6-29_APRA/cifar100_500_Jul.02_14.28.31_clip_fix_True_no-mia_no-mia-class_no-noise_modelreplace_5/agg_records/pkl/round_0031_clip.pkl
32,clip,success,"[2, 75, 4, 41, 16, 72, 17, 28, 60, 63]","[2, 75, 4, 41, 16, 72, 17, 28, 60, 63]",[],10,10,"[""clip""]",../main/re_result_6-29_APRA/cifar100_500_Jul.02_14.28.31_clip_fix_True_no-mia_no-mia-class_no-noise_modelreplace_5/agg_records/pkl/round_0032_clip.pkl
33,clip,success,"[1, 14, 8, 79, 7, 62, 33, 37, 61, 74]","[1, 14, 8, 79, 7, 62, 33, 37, 61, 74]",[],10,10,"[""clip""]",../main/re_result_6-29_APRA/cifar100_500_Jul.02_14.28.31_clip_fix_True_no-mia_no-mia-class_no-noise_modelreplace_5/agg_records/pkl/round_0033_clip.pkl
34,clip,success,"[1, 73, 14, 89, 10, 61, 16, 63, 33, 92]","[1, 73, 14, 89, 10, 61, 16, 63, 33, 92]",[],10,10,"[""clip""]",../main/re_result_6-29_APRA/cifar100_500_Jul.02_14.28.31_clip_fix_True_no-mia_no-mia-class_no-noise_modelreplace_5/agg_records/pkl/round_0034_clip.pkl
35,clip,success,"[0, 4, 26, 91, 33, 46, 51, 68, 87, 65]","[0, 4, 26, 91, 33, 46, 51, 68, 87, 65]",[],10,10,"[""clip""]",../main/re_result_6-29_APRA/cifar100_500_Jul.02_14.28.31_clip_fix_True_no-mia_no-mia-class_no-noise_modelreplace_5/agg_records/pkl/round_0035_clip.pkl
36,clip,success,"[2, 68, 51, 43, 87, 63, 97, 27, 62, 38]","[2, 68, 51, 43, 87, 63, 97, 27, 62, 38]",[],10,10,"[""clip""]",../main/re_result_6-29_APRA/cifar100_500_Jul.02_14.28.31_clip_fix_True_no-mia_no-mia-class_no-noise_modelreplace_5/agg_records/pkl/round_0036_clip.pkl
37,clip,success,"[2, 77, 49, 52, 0, 57, 18, 29, 51, 94]","[2, 77, 49, 52, 0, 57, 18, 29, 51, 94]",[],10,10,"[""clip""]",../main/re_result_6-29_APRA/cifar100_500_Jul.02_14.28.31_clip_fix_True_no-mia_no-mia-class_no-noise_modelreplace_5/agg_records/pkl/round_0037_clip.pkl
38,clip,success,"[0, 99, 38, 61, 34, 14, 19, 1, 72, 70]","[0, 99, 38, 61, 34, 14, 19, 1, 72, 70]",[],10,10,"[""clip""]",../main/re_result_6-29_APRA/cifar100_500_Jul.02_14.28.31_clip_fix_True_no-mia_no-mia-class_no-noise_modelreplace_5/agg_records/pkl/round_0038_clip.pkl
39,clip,success,"[0, 25, 56, 67, 77, 27, 65, 82, 20, 46]","[0, 25, 56, 67, 77, 27, 65, 82, 20, 46]",[],10,10,"[""clip""]",../main/re_result_6-29_APRA/cifar100_500_Jul.02_14.28.31_clip_fix_True_no-mia_no-mia-class_no-noise_modelreplace_5/agg_records/pkl/round_0039_clip.pkl
40,clip,success,"[1, 69, 87, 75, 81, 37, 0, 40, 28, 32]","[1, 69, 87, 75, 81, 37, 0, 40, 28, 32]",[],10,10,"[""clip""]",../main/re_result_6-29_APRA/cifar100_500_Jul.02_14.28.31_clip_fix_True_no-mia_no-mia-class_no-noise_modelreplace_5/agg_records/pkl/round_0040_clip.pkl
41,clip,success,"[2, 15, 52, 3, 18, 51, 78, 91, 43, 62]","[2, 15, 52, 3, 18, 51, 78, 91, 43, 62]",[],10,10,"[""clip""]",../main/re_result_6-29_APRA/cifar100_500_Jul.02_14.28.31_clip_fix_True_no-mia_no-mia-class_no-noise_modelreplace_5/agg_records/pkl/round_0041_clip.pkl
42,clip,success,"[3, 48, 17, 89, 56, 54, 72, 38, 7, 28]","[3, 48, 17, 89, 56, 54, 72, 38, 7, 28]",[],10,10,"[""clip""]",../main/re_result_6-29_APRA/cifar100_500_Jul.02_14.28.31_clip_fix_True_no-mia_no-mia-class_no-noise_modelreplace_5/agg_records/pkl/round_0042_clip.pkl
43,clip,success,"[0, 55, 26, 52, 61, 67, 9, 59, 41, 20]","[0, 55, 26, 52, 61, 67, 9, 59, 41, 20]",[],10,10,"[""clip""]",../main/re_result_6-29_APRA/cifar100_500_Jul.02_14.28.31_clip_fix_True_no-mia_no-mia-class_no-noise_modelreplace_5/agg_records/pkl/round_0043_clip.pkl
44,clip,success,"[2, 83, 71, 9, 32, 44, 63, 50, 35, 21]","[2, 83, 71, 9, 32, 44, 63, 50, 35, 21]",[],10,10,"[""clip""]",../main/re_result_6-29_APRA/cifar100_500_Jul.02_14.28.31_clip_fix_True_no-mia_no-mia-class_no-noise_modelreplace_5/agg_records/pkl/round_0044_clip.pkl
45,clip,success,"[4, 66, 30, 97, 79, 29, 1, 27, 80, 98]","[4, 66, 30, 97, 79, 29, 1, 27, 80, 98]",[],10,10,"[""clip""]",../main/re_result_6-29_APRA/cifar100_500_Jul.02_14.28.31_clip_fix_True_no-mia_no-mia-class_no-noise_modelreplace_5/agg_records/pkl/round_0045_clip.pkl
46,clip,success,"[2, 31, 77, 47, 18, 95, 90, 51, 6, 67]","[2, 31, 77, 47, 18, 95, 90, 51, 6, 67]",[],10,10,"[""clip""]",../main/re_result_6-29_APRA/cifar100_500_Jul.02_14.28.31_clip_fix_True_no-mia_no-mia-class_no-noise_modelreplace_5/agg_records/pkl/round_0046_clip.pkl
47,clip,success,"[4, 45, 25, 24, 77, 72, 60, 31, 38, 91]","[4, 45, 25, 24, 77, 72, 60, 31, 38, 91]",[],10,10,"[""clip""]",../main/re_result_6-29_APRA/cifar100_500_Jul.02_14.28.31_clip_fix_True_no-mia_no-mia-class_no-noise_modelreplace_5/agg_records/pkl/round_0047_clip.pkl
48,clip,success,"[0, 12, 11, 33, 80, 78, 63, 93, 39, 59]","[0, 12, 11, 33, 80, 78, 63, 93, 39, 59]",[],10,10,"[""clip""]",../main/re_result_6-29_APRA/cifar100_500_Jul.02_14.28.31_clip_fix_True_no-mia_no-mia-class_no-noise_modelreplace_5/agg_records/pkl/round_0048_clip.pkl
49,clip,success,"[2, 35, 94, 63, 26, 87, 84, 58, 60, 5]","[2, 35, 94, 63, 26, 87, 84, 58, 60, 5]",[],10,10,"[""clip""]",../main/re_result_6-29_APRA/cifar100_500_Jul.02_14.28.31_clip_fix_True_no-mia_no-mia-class_no-noise_modelreplace_5/agg_records/pkl/round_0049_clip.pkl
50,clip,success,"[2, 98, 76, 79, 6, 74, 54, 59, 69, 9]","[2, 98, 76, 79, 6, 74, 54, 59, 69, 9]",[],10,10,"[""clip""]",../main/re_result_6-29_APRA/cifar100_500_Jul.02_14.28.31_clip_fix_True_no-mia_no-mia-class_no-noise_modelreplace_5/agg_records/pkl/round_0050_clip.pkl
51,clip,success,"[4, 40, 47, 50, 44, 74, 62, 58, 30, 79]","[4, 40, 47, 50, 44, 74, 62, 58, 30, 79]",[],10,10,"[""clip""]",../main/re_result_6-29_APRA/cifar100_500_Jul.02_14.28.31_clip_fix_True_no-mia_no-mia-class_no-noise_modelreplace_5/agg_records/pkl/round_0051_clip.pkl
52,clip,success,"[3, 13, 5, 85, 26, 99, 88, 33, 2, 44]","[3, 13, 5, 85, 26, 99, 88, 33, 2, 44]",[],10,10,"[""clip""]",../main/re_result_6-29_APRA/cifar100_500_Jul.02_14.28.31_clip_fix_True_no-mia_no-mia-class_no-noise_modelreplace_5/agg_records/pkl/round_0052_clip.pkl
53,clip,success,"[3, 27, 52, 70, 94, 75, 13, 7, 67, 96]","[3, 27, 52, 70, 94, 75, 13, 7, 67, 96]",[],10,10,"[""clip""]",../main/re_result_6-29_APRA/cifar100_500_Jul.02_14.28.31_clip_fix_True_no-mia_no-mia-class_no-noise_modelreplace_5/agg_records/pkl/round_0053_clip.pkl
54,clip,success,"[0, 38, 15, 91, 87, 64, 41, 55, 80, 82]","[0, 38, 15, 91, 87, 64, 41, 55, 80, 82]",[],10,10,"[""clip""]",../main/re_result_6-29_APRA/cifar100_500_Jul.02_14.28.31_clip_fix_True_no-mia_no-mia-class_no-noise_modelreplace_5/agg_records/pkl/round_0054_clip.pkl
55,clip,success,"[2, 28, 5, 61, 92, 21, 14, 88, 65, 85]","[2, 28, 5, 61, 92, 21, 14, 88, 65, 85]",[],10,10,"[""clip""]",../main/re_result_6-29_APRA/cifar100_500_Jul.02_14.28.31_clip_fix_True_no-mia_no-mia-class_no-noise_modelreplace_5/agg_records/pkl/round_0055_clip.pkl
56,clip,success,"[4, 59, 85, 9, 87, 93, 55, 74, 76, 13]","[4, 59, 85, 9, 87, 93, 55, 74, 76, 13]",[],10,10,"[""clip""]",../main/re_result_6-29_APRA/cifar100_500_Jul.02_14.28.31_clip_fix_True_no-mia_no-mia-class_no-noise_modelreplace_5/agg_records/pkl/round_0056_clip.pkl
57,clip,success,"[3, 41, 65, 60, 24, 30, 53, 32, 40, 98]","[3, 41, 65, 60, 24, 30, 53, 32, 40, 98]",[],10,10,"[""clip""]",../main/re_result_6-29_APRA/cifar100_500_Jul.02_14.28.31_clip_fix_True_no-mia_no-mia-class_no-noise_modelreplace_5/agg_records/pkl/round_0057_clip.pkl
58,clip,success,"[0, 16, 5, 34, 69, 43, 57, 72, 92, 54]","[0, 16, 5, 34, 69, 43, 57, 72, 92, 54]",[],10,10,"[""clip""]",../main/re_result_6-29_APRA/cifar100_500_Jul.02_14.28.31_clip_fix_True_no-mia_no-mia-class_no-noise_modelreplace_5/agg_records/pkl/round_0058_clip.pkl
59,clip,success,"[3, 15, 19, 50, 42, 62, 89, 21, 71, 9]","[3, 15, 19, 50, 42, 62, 89, 21, 71, 9]",[],10,10,"[""clip""]",../main/re_result_6-29_APRA/cifar100_500_Jul.02_14.28.31_clip_fix_True_no-mia_no-mia-class_no-noise_modelreplace_5/agg_records/pkl/round_0059_clip.pkl
60,clip,success,"[4, 19, 99, 76, 16, 22, 63, 98, 72, 80]","[4, 19, 99, 76, 16, 22, 63, 98, 72, 80]",[],10,10,"[""clip""]",../main/re_result_6-29_APRA/cifar100_500_Jul.02_14.28.31_clip_fix_True_no-mia_no-mia-class_no-noise_modelreplace_5/agg_records/pkl/round_0060_clip.pkl
61,clip,success,"[4, 66, 47, 84, 22, 34, 74, 87, 75, 9]","[4, 66, 47, 84, 22, 34, 74, 87, 75, 9]",[],10,10,"[""clip""]",../main/re_result_6-29_APRA/cifar100_500_Jul.02_14.28.31_clip_fix_True_no-mia_no-mia-class_no-noise_modelreplace_5/agg_records/pkl/round_0061_clip.pkl
62,clip,success,"[4, 52, 3, 82, 68, 38, 13, 93, 90, 45]","[4, 52, 3, 82, 68, 38, 13, 93, 90, 45]",[],10,10,"[""clip""]",../main/re_result_6-29_APRA/cifar100_500_Jul.02_14.28.31_clip_fix_True_no-mia_no-mia-class_no-noise_modelreplace_5/agg_records/pkl/round_0062_clip.pkl
63,clip,success,"[4, 43, 48, 25, 60, 92, 30, 8, 91, 36]","[4, 43, 48, 25, 60, 92, 30, 8, 91, 36]",[],10,10,"[""clip""]",../main/re_result_6-29_APRA/cifar100_500_Jul.02_14.28.31_clip_fix_True_no-mia_no-mia-class_no-noise_modelreplace_5/agg_records/pkl/round_0063_clip.pkl
64,clip,success,"[1, 59, 54, 27, 16, 68, 42, 48, 73, 52]","[1, 59, 54, 27, 16, 68, 42, 48, 73, 52]",[],10,10,"[""clip""]",../main/re_result_6-29_APRA/cifar100_500_Jul.02_14.28.31_clip_fix_True_no-mia_no-mia-class_no-noise_modelreplace_5/agg_records/pkl/round_0064_clip.pkl
65,clip,success,"[3, 2, 64, 16, 56, 97, 80, 33, 71, 91]","[3, 2, 64, 16, 56, 97, 80, 33, 71, 91]",[],10,10,"[""clip""]",../main/re_result_6-29_APRA/cifar100_500_Jul.02_14.28.31_clip_fix_True_no-mia_no-mia-class_no-noise_modelreplace_5/agg_records/pkl/round_0065_clip.pkl
66,clip,success,"[0, 35, 96, 40, 1, 8, 94, 5, 57, 48]","[0, 35, 96, 40, 1, 8, 94, 5, 57, 48]",[],10,10,"[""clip""]",../main/re_result_6-29_APRA/cifar100_500_Jul.02_14.28.31_clip_fix_True_no-mia_no-mia-class_no-noise_modelreplace_5/agg_records/pkl/round_0066_clip.pkl
67,clip,success,"[3, 6, 20, 31, 16, 7, 94, 55, 40, 57]","[3, 6, 20, 31, 16, 7, 94, 55, 40, 57]",[],10,10,"[""clip""]",../main/re_result_6-29_APRA/cifar100_500_Jul.02_14.28.31_clip_fix_True_no-mia_no-mia-class_no-noise_modelreplace_5/agg_records/pkl/round_0067_clip.pkl
68,clip,success,"[4, 63, 21, 75, 53, 68, 95, 23, 94, 72]","[4, 63, 21, 75, 53, 68, 95, 23, 94, 72]",[],10,10,"[""clip""]",../main/re_result_6-29_APRA/cifar100_500_Jul.02_14.28.31_clip_fix_True_no-mia_no-mia-class_no-noise_modelreplace_5/agg_records/pkl/round_0068_clip.pkl
69,clip,success,"[4, 85, 43, 96, 40, 20, 59, 27, 35, 34]","[4, 85, 43, 96, 40, 20, 59, 27, 35, 34]",[],10,10,"[""clip""]",../main/re_result_6-29_APRA/cifar100_500_Jul.02_14.28.31_clip_fix_True_no-mia_no-mia-class_no-noise_modelreplace_5/agg_records/pkl/round_0069_clip.pkl
70,clip,success,"[4, 92, 63, 74, 95, 77, 20, 48, 15, 83]","[4, 92, 63, 74, 95, 77, 20, 48, 15, 83]",[],10,10,"[""clip""]",../main/re_result_6-29_APRA/cifar100_500_Jul.02_14.28.31_clip_fix_True_no-mia_no-mia-class_no-noise_modelreplace_5/agg_records/pkl/round_0070_clip.pkl
71,clip,success,"[4, 62, 89, 25, 53, 81, 42, 36, 58, 94]","[4, 62, 89, 25, 53, 81, 42, 36, 58, 94]",[],10,10,"[""clip""]",../main/re_result_6-29_APRA/cifar100_500_Jul.02_14.28.31_clip_fix_True_no-mia_no-mia-class_no-noise_modelreplace_5/agg_records/pkl/round_0071_clip.pkl
72,clip,success,"[2, 66, 60, 72, 90, 86, 94, 32, 62, 9]","[2, 66, 60, 72, 90, 86, 94, 32, 62, 9]",[],10,10,"[""clip""]",../main/re_result_6-29_APRA/cifar100_500_Jul.02_14.28.31_clip_fix_True_no-mia_no-mia-class_no-noise_modelreplace_5/agg_records/pkl/round_0072_clip.pkl
73,clip,success,"[0, 90, 42, 25, 76, 96, 19, 46, 83, 92]","[0, 90, 42, 25, 76, 96, 19, 46, 83, 92]",[],10,10,"[""clip""]",../main/re_result_6-29_APRA/cifar100_500_Jul.02_14.28.31_clip_fix_True_no-mia_no-mia-class_no-noise_modelreplace_5/agg_records/pkl/round_0073_clip.pkl
74,clip,success,"[4, 8, 56, 89, 64, 59, 16, 72, 42, 25]","[4, 8, 56, 89, 64, 59, 16, 72, 42, 25]",[],10,10,"[""clip""]",../main/re_result_6-29_APRA/cifar100_500_Jul.02_14.28.31_clip_fix_True_no-mia_no-mia-class_no-noise_modelreplace_5/agg_records/pkl/round_0074_clip.pkl
75,clip,success,"[3, 0, 99, 82, 14, 61, 38, 29, 90, 2]","[3, 0, 99, 82, 14, 61, 38, 29, 90, 2]",[],10,10,"[""clip""]",../main/re_result_6-29_APRA/cifar100_500_Jul.02_14.28.31_clip_fix_True_no-mia_no-mia-class_no-noise_modelreplace_5/agg_records/pkl/round_0075_clip.pkl
76,clip,success,"[2, 8, 21, 45, 49, 6, 38, 16, 26, 13]","[2, 8, 21, 45, 49, 6, 38, 16, 26, 13]",[],10,10,"[""clip""]",../main/re_result_6-29_APRA/cifar100_500_Jul.02_14.28.31_clip_fix_True_no-mia_no-mia-class_no-noise_modelreplace_5/agg_records/pkl/round_0076_clip.pkl
77,clip,success,"[3, 88, 51, 64, 60, 46, 19, 62, 0, 57]","[3, 88, 51, 64, 60, 46, 19, 62, 0, 57]",[],10,10,"[""clip""]",../main/re_result_6-29_APRA/cifar100_500_Jul.02_14.28.31_clip_fix_True_no-mia_no-mia-class_no-noise_modelreplace_5/agg_records/pkl/round_0077_clip.pkl
78,clip,success,"[0, 20, 58, 74, 91, 95, 89, 60, 14, 57]","[0, 20, 58, 74, 91, 95, 89, 60, 14, 57]",[],10,10,"[""clip""]",../main/re_result_6-29_APRA/cifar100_500_Jul.02_14.28.31_clip_fix_True_no-mia_no-mia-class_no-noise_modelreplace_5/agg_records/pkl/round_0078_clip.pkl
79,clip,success,"[3, 28, 95, 42, 1, 53, 98, 38, 23, 90]","[3, 28, 95, 42, 1, 53, 98, 38, 23, 90]",[],10,10,"[""clip""]",../main/re_result_6-29_APRA/cifar100_500_Jul.02_14.28.31_clip_fix_True_no-mia_no-mia-class_no-noise_modelreplace_5/agg_records/pkl/round_0079_clip.pkl
80,clip,success,"[3, 21, 73, 93, 78, 4, 89, 38, 27, 66]","[3, 21, 73, 93, 78, 4, 89, 38, 27, 66]",[],10,10,"[""clip""]",../main/re_result_6-29_APRA/cifar100_500_Jul.02_14.28.31_clip_fix_True_no-mia_no-mia-class_no-noise_modelreplace_5/agg_records/pkl/round_0080_clip.pkl
81,clip,success,"[4, 81, 13, 63, 93, 53, 60, 51, 18, 22]","[4, 81, 13, 63, 93, 53, 60, 51, 18, 22]",[],10,10,"[""clip""]",../main/re_result_6-29_APRA/cifar100_500_Jul.02_14.28.31_clip_fix_True_no-mia_no-mia-class_no-noise_modelreplace_5/agg_records/pkl/round_0081_clip.pkl
82,clip,success,"[3, 5, 19, 95, 45, 40, 32, 10, 51, 82]","[3, 5, 19, 95, 45, 40, 32, 10, 51, 82]",[],10,10,"[""clip""]",../main/re_result_6-29_APRA/cifar100_500_Jul.02_14.28.31_clip_fix_True_no-mia_no-mia-class_no-noise_modelreplace_5/agg_records/pkl/round_0082_clip.pkl
83,clip,success,"[1, 74, 9, 41, 66, 40, 54, 35, 62, 17]","[1, 74, 9, 41, 66, 40, 54, 35, 62, 17]",[],10,10,"[""clip""]",../main/re_result_6-29_APRA/cifar100_500_Jul.02_14.28.31_clip_fix_True_no-mia_no-mia-class_no-noise_modelreplace_5/agg_records/pkl/round_0083_clip.pkl
84,clip,success,"[2, 54, 7, 37, 50, 60, 66, 21, 84, 6]","[2, 54, 7, 37, 50, 60, 66, 21, 84, 6]",[],10,10,"[""clip""]",../main/re_result_6-29_APRA/cifar100_500_Jul.02_14.28.31_clip_fix_True_no-mia_no-mia-class_no-noise_modelreplace_5/agg_records/pkl/round_0084_clip.pkl
85,clip,success,"[1, 56, 80, 3, 51, 89, 14, 41, 91, 90]","[1, 56, 80, 3, 51, 89, 14, 41, 91, 90]",[],10,10,"[""clip""]",../main/re_result_6-29_APRA/cifar100_500_Jul.02_14.28.31_clip_fix_True_no-mia_no-mia-class_no-noise_modelreplace_5/agg_records/pkl/round_0085_clip.pkl
86,clip,success,"[2, 5, 85, 24, 51, 9, 31, 33, 4, 90]","[2, 5, 85, 24, 51, 9, 31, 33, 4, 90]",[],10,10,"[""clip""]",../main/re_result_6-29_APRA/cifar100_500_Jul.02_14.28.31_clip_fix_True_no-mia_no-mia-class_no-noise_modelreplace_5/agg_records/pkl/round_0086_clip.pkl
87,clip,success,"[4, 61, 29, 12, 18, 20, 99, 87, 8, 92]","[4, 61, 29, 12, 18, 20, 99, 87, 8, 92]",[],10,10,"[""clip""]",../main/re_result_6-29_APRA/cifar100_500_Jul.02_14.28.31_clip_fix_True_no-mia_no-mia-class_no-noise_modelreplace_5/agg_records/pkl/round_0087_clip.pkl
88,clip,success,"[3, 50, 57, 56, 52, 42, 37, 84, 0, 30]","[3, 50, 57, 56, 52, 42, 37, 84, 0, 30]",[],10,10,"[""clip""]",../main/re_result_6-29_APRA/cifar100_500_Jul.02_14.28.31_clip_fix_True_no-mia_no-mia-class_no-noise_modelreplace_5/agg_records/pkl/round_0088_clip.pkl
89,clip,success,"[1, 36, 21, 81, 84, 15, 89, 53, 73, 29]","[1, 36, 21, 81, 84, 15, 89, 53, 73, 29]",[],10,10,"[""clip""]",../main/re_result_6-29_APRA/cifar100_500_Jul.02_14.28.31_clip_fix_True_no-mia_no-mia-class_no-noise_modelreplace_5/agg_records/pkl/round_0089_clip.pkl
90,clip,success,"[2, 29, 90, 22, 65, 96, 56, 10, 60, 71]","[2, 29, 90, 22, 65, 96, 56, 10, 60, 71]",[],10,10,"[""clip""]",../main/re_result_6-29_APRA/cifar100_500_Jul.02_14.28.31_clip_fix_True_no-mia_no-mia-class_no-noise_modelreplace_5/agg_records/pkl/round_0090_clip.pkl
91,clip,success,"[0, 47, 71, 9, 31, 67, 5, 43, 58, 29]","[0, 47, 71, 9, 31, 67, 5, 43, 58, 29]",[],10,10,"[""clip""]",../main/re_result_6-29_APRA/cifar100_500_Jul.02_14.28.31_clip_fix_True_no-mia_no-mia-class_no-noise_modelreplace_5/agg_records/pkl/round_0091_clip.pkl
92,clip,success,"[1, 15, 29, 49, 57, 72, 97, 84, 50, 38]","[1, 15, 29, 49, 57, 72, 97, 84, 50, 38]",[],10,10,"[""clip""]",../main/re_result_6-29_APRA/cifar100_500_Jul.02_14.28.31_clip_fix_True_no-mia_no-mia-class_no-noise_modelreplace_5/agg_records/pkl/round_0092_clip.pkl
93,clip,success,"[2, 43, 48, 18, 53, 15, 41, 16, 4, 57]","[2, 43, 48, 18, 53, 15, 41, 16, 4, 57]",[],10,10,"[""clip""]",../main/re_result_6-29_APRA/cifar100_500_Jul.02_14.28.31_clip_fix_True_no-mia_no-mia-class_no-noise_modelreplace_5/agg_records/pkl/round_0093_clip.pkl
94,clip,success,"[0, 95, 45, 86, 47, 64, 2, 21, 80, 48]","[0, 95, 45, 86, 47, 64, 2, 21, 80, 48]",[],10,10,"[""clip""]",../main/re_result_6-29_APRA/cifar100_500_Jul.02_14.28.31_clip_fix_True_no-mia_no-mia-class_no-noise_modelreplace_5/agg_records/pkl/round_0094_clip.pkl
95,clip,success,"[0, 72, 52, 69, 64, 35, 38, 12, 17, 99]","[0, 72, 52, 69, 64, 35, 38, 12, 17, 99]",[],10,10,"[""clip""]",../main/re_result_6-29_APRA/cifar100_500_Jul.02_14.28.31_clip_fix_True_no-mia_no-mia-class_no-noise_modelreplace_5/agg_records/pkl/round_0095_clip.pkl
96,clip,success,"[1, 44, 87, 76, 75, 90, 70, 56, 84, 23]","[1, 44, 87, 76, 75, 90, 70, 56, 84, 23]",[],10,10,"[""clip""]",../main/re_result_6-29_APRA/cifar100_500_Jul.02_14.28.31_clip_fix_True_no-mia_no-mia-class_no-noise_modelreplace_5/agg_records/pkl/round_0096_clip.pkl
97,clip,success,"[2, 72, 51, 77, 20, 52, 32, 41, 56, 4]","[2, 72, 51, 77, 20, 52, 32, 41, 56, 4]",[],10,10,"[""clip""]",../main/re_result_6-29_APRA/cifar100_500_Jul.02_14.28.31_clip_fix_True_no-mia_no-mia-class_no-noise_modelreplace_5/agg_records/pkl/round_0097_clip.pkl
98,clip,success,"[0, 50, 83, 24, 43, 86, 45, 9, 47, 12]","[0, 50, 83, 24, 43, 86, 45, 9, 47, 12]",[],10,10,"[""clip""]",../main/re_result_6-29_APRA/cifar100_500_Jul.02_14.28.31_clip_fix_True_no-mia_no-mia-class_no-noise_modelreplace_5/agg_records/pkl/round_0098_clip.pkl
99,clip,success,"[3, 98, 76, 97, 58, 89, 47, 10, 75, 26]","[3, 98, 76, 97, 58, 89, 47, 10, 75, 26]",[],10,10,"[""clip""]",../main/re_result_6-29_APRA/cifar100_500_Jul.02_14.28.31_clip_fix_True_no-mia_no-mia-class_no-noise_modelreplace_5/agg_records/pkl/round_0099_clip.pkl
100,clip,success,"[3, 67, 33, 76, 43, 28, 9, 23, 59, 26]","[3, 67, 33, 76, 43, 28, 9, 23, 59, 26]",[],10,10,"[""clip""]",../main/re_result_6-29_APRA/cifar100_500_Jul.02_14.28.31_clip_fix_True_no-mia_no-mia-class_no-noise_modelreplace_5/agg_records/pkl/round_0100_clip.pkl
101,clip,success,"[2, 98, 33, 43, 68, 83, 3, 86, 9, 80]","[2, 98, 33, 43, 68, 83, 3, 86, 9, 80]",[],10,10,"[""clip""]",../main/re_result_6-29_APRA/cifar100_500_Jul.02_14.28.31_clip_fix_True_no-mia_no-mia-class_no-noise_modelreplace_5/agg_records/pkl/round_0101_clip.pkl
102,clip,success,"[3, 55, 89, 21, 15, 26, 35, 54, 98, 12]","[3, 55, 89, 21, 15, 26, 35, 54, 98, 12]",[],10,10,"[""clip""]",../main/re_result_6-29_APRA/cifar100_500_Jul.02_14.28.31_clip_fix_True_no-mia_no-mia-class_no-noise_modelreplace_5/agg_records/pkl/round_0102_clip.pkl
103,clip,success,"[3, 36, 88, 49, 10, 41, 20, 90, 56, 99]","[3, 36, 88, 49, 10, 41, 20, 90, 56, 99]",[],10,10,"[""clip""]",../main/re_result_6-29_APRA/cifar100_500_Jul.02_14.28.31_clip_fix_True_no-mia_no-mia-class_no-noise_modelreplace_5/agg_records/pkl/round_0103_clip.pkl
104,clip,success,"[2, 32, 20, 19, 17, 87, 34, 58, 6, 95]","[2, 32, 20, 19, 17, 87, 34, 58, 6, 95]",[],10,10,"[""clip""]",../main/re_result_6-29_APRA/cifar100_500_Jul.02_14.28.31_clip_fix_True_no-mia_no-mia-class_no-noise_modelreplace_5/agg_records/pkl/round_0104_clip.pkl
105,clip,success,"[4, 13, 0, 14, 35, 68, 89, 22, 75, 93]","[4, 13, 0, 14, 35, 68, 89, 22, 75, 93]",[],10,10,"[""clip""]",../main/re_result_6-29_APRA/cifar100_500_Jul.02_14.28.31_clip_fix_True_no-mia_no-mia-class_no-noise_modelreplace_5/agg_records/pkl/round_0105_clip.pkl
106,clip,success,"[3, 10, 79, 72, 69, 35, 6, 77, 85, 33]","[3, 10, 79, 72, 69, 35, 6, 77, 85, 33]",[],10,10,"[""clip""]",../main/re_result_6-29_APRA/cifar100_500_Jul.02_14.28.31_clip_fix_True_no-mia_no-mia-class_no-noise_modelreplace_5/agg_records/pkl/round_0106_clip.pkl
107,clip,success,"[1, 58, 99, 39, 71, 86, 98, 83, 94, 16]","[1, 58, 99, 39, 71, 86, 98, 83, 94, 16]",[],10,10,"[""clip""]",../main/re_result_6-29_APRA/cifar100_500_Jul.02_14.28.31_clip_fix_True_no-mia_no-mia-class_no-noise_modelreplace_5/agg_records/pkl/round_0107_clip.pkl
108,clip,success,"[1, 52, 66, 15, 63, 97, 77, 32, 2, 94]","[1, 52, 66, 15, 63, 97, 77, 32, 2, 94]",[],10,10,"[""clip""]",../main/re_result_6-29_APRA/cifar100_500_Jul.02_14.28.31_clip_fix_True_no-mia_no-mia-class_no-noise_modelreplace_5/agg_records/pkl/round_0108_clip.pkl
109,clip,success,"[0, 67, 3, 42, 66, 70, 76, 78, 2, 43]","[0, 67, 3, 42, 66, 70, 76, 78, 2, 43]",[],10,10,"[""clip""]",../main/re_result_6-29_APRA/cifar100_500_Jul.02_14.28.31_clip_fix_True_no-mia_no-mia-class_no-noise_modelreplace_5/agg_records/pkl/round_0109_clip.pkl
110,clip,success,"[4, 6, 70, 16, 35, 2, 25, 28, 37, 92]","[4, 6, 70, 16, 35, 2, 25, 28, 37, 92]",[],10,10,"[""clip""]",../main/re_result_6-29_APRA/cifar100_500_Jul.02_14.28.31_clip_fix_True_no-mia_no-mia-class_no-noise_modelreplace_5/agg_records/pkl/round_0110_clip.pkl
111,clip,success,"[0, 44, 5, 71, 95, 15, 89, 93, 7, 49]","[0, 44, 5, 71, 95, 15, 89, 93, 7, 49]",[],10,10,"[""clip""]",../main/re_result_6-29_APRA/cifar100_500_Jul.02_14.28.31_clip_fix_True_no-mia_no-mia-class_no-noise_modelreplace_5/agg_records/pkl/round_0111_clip.pkl
112,clip,success,"[1, 44, 83, 67, 93, 85, 56, 76, 5, 82]","[1, 44, 83, 67, 93, 85, 56, 76, 5, 82]",[],10,10,"[""clip""]",../main/re_result_6-29_APRA/cifar100_500_Jul.02_14.28.31_clip_fix_True_no-mia_no-mia-class_no-noise_modelreplace_5/agg_records/pkl/round_0112_clip.pkl
113,clip,success,"[1, 14, 31, 9, 13, 53, 90, 54, 73, 39]","[1, 14, 31, 9, 13, 53, 90, 54, 73, 39]",[],10,10,"[""clip""]",../main/re_result_6-29_APRA/cifar100_500_Jul.02_14.28.31_clip_fix_True_no-mia_no-mia-class_no-noise_modelreplace_5/agg_records/pkl/round_0113_clip.pkl
114,clip,success,"[3, 2, 18, 82, 10, 21, 38, 56, 58, 55]","[3, 2, 18, 82, 10, 21, 38, 56, 58, 55]",[],10,10,"[""clip""]",../main/re_result_6-29_APRA/cifar100_500_Jul.02_14.28.31_clip_fix_True_no-mia_no-mia-class_no-noise_modelreplace_5/agg_records/pkl/round_0114_clip.pkl
115,clip,success,"[2, 19, 65, 15, 20, 91, 88, 93, 94, 45]","[2, 19, 65, 15, 20, 91, 88, 93, 94, 45]",[],10,10,"[""clip""]",../main/re_result_6-29_APRA/cifar100_500_Jul.02_14.28.31_clip_fix_True_no-mia_no-mia-class_no-noise_modelreplace_5/agg_records/pkl/round_0115_clip.pkl
116,clip,success,"[4, 68, 25, 51, 21, 7, 59, 35, 80, 66]","[4, 68, 25, 51, 21, 7, 59, 35, 80, 66]",[],10,10,"[""clip""]",../main/re_result_6-29_APRA/cifar100_500_Jul.02_14.28.31_clip_fix_True_no-mia_no-mia-class_no-noise_modelreplace_5/agg_records/pkl/round_0116_clip.pkl
117,clip,success,"[4, 34, 75, 89, 93, 42, 77, 10, 23, 50]","[4, 34, 75, 89, 93, 42, 77, 10, 23, 50]",[],10,10,"[""clip""]",../main/re_result_6-29_APRA/cifar100_500_Jul.02_14.28.31_clip_fix_True_no-mia_no-mia-class_no-noise_modelreplace_5/agg_records/pkl/round_0117_clip.pkl
118,clip,success,"[0, 75, 20, 1, 32, 29, 11, 93, 34, 96]","[0, 75, 20, 1, 32, 29, 11, 93, 34, 96]",[],10,10,"[""clip""]",../main/re_result_6-29_APRA/cifar100_500_Jul.02_14.28.31_clip_fix_True_no-mia_no-mia-class_no-noise_modelreplace_5/agg_records/pkl/round_0118_clip.pkl
119,clip,success,"[3, 48, 54, 88, 46, 64, 92, 16, 98, 51]","[3, 48, 54, 88, 46, 64, 92, 16, 98, 51]",[],10,10,"[""clip""]",../main/re_result_6-29_APRA/cifar100_500_Jul.02_14.28.31_clip_fix_True_no-mia_no-mia-class_no-noise_modelreplace_5/agg_records/pkl/round_0119_clip.pkl
120,clip,success,"[2, 63, 66, 81, 13, 28, 3, 37, 74, 80]","[2, 63, 66, 81, 13, 28, 3, 37, 74, 80]",[],10,10,"[""clip""]",../main/re_result_6-29_APRA/cifar100_500_Jul.02_14.28.31_clip_fix_True_no-mia_no-mia-class_no-noise_modelreplace_5/agg_records/pkl/round_0120_clip.pkl
121,clip,success,"[2, 8, 39, 31, 65, 73, 87, 97, 51, 38]","[2, 8, 39, 31, 65, 73, 87, 97, 51, 38]",[],10,10,"[""clip""]",../main/re_result_6-29_APRA/cifar100_500_Jul.02_14.28.31_clip_fix_True_no-mia_no-mia-class_no-noise_modelreplace_5/agg_records/pkl/round_0121_clip.pkl
122,clip,success,"[0, 51, 35, 46, 6, 68, 50, 19, 93, 91]","[0, 51, 35, 46, 6, 68, 50, 19, 93, 91]",[],10,10,"[""clip""]",../main/re_result_6-29_APRA/cifar100_500_Jul.02_14.28.31_clip_fix_True_no-mia_no-mia-class_no-noise_modelreplace_5/agg_records/pkl/round_0122_clip.pkl
123,clip,success,"[4, 42, 25, 17, 99, 29, 2, 61, 19, 35]","[4, 42, 25, 17, 99, 29, 2, 61, 19, 35]",[],10,10,"[""clip""]",../main/re_result_6-29_APRA/cifar100_500_Jul.02_14.28.31_clip_fix_True_no-mia_no-mia-class_no-noise_modelreplace_5/agg_records/pkl/round_0123_clip.pkl
124,clip,success,"[4, 63, 50, 33, 13, 24, 53, 28, 86, 73]","[4, 63, 50, 33, 13, 24, 53, 28, 86, 73]",[],10,10,"[""clip""]",../main/re_result_6-29_APRA/cifar100_500_Jul.02_14.28.31_clip_fix_True_no-mia_no-mia-class_no-noise_modelreplace_5/agg_records/pkl/round_0124_clip.pkl
125,clip,success,"[2, 47, 63, 33, 42, 70, 51, 16, 65, 96]","[2, 47, 63, 33, 42, 70, 51, 16, 65, 96]",[],10,10,"[""clip""]",../main/re_result_6-29_APRA/cifar100_500_Jul.02_14.28.31_clip_fix_True_no-mia_no-mia-class_no-noise_modelreplace_5/agg_records/pkl/round_0125_clip.pkl
126,clip,success,"[0, 89, 42, 65, 26, 74, 32, 40, 5, 67]","[0, 89, 42, 65, 26, 74, 32, 40, 5, 67]",[],10,10,"[""clip""]",../main/re_result_6-29_APRA/cifar100_500_Jul.02_14.28.31_clip_fix_True_no-mia_no-mia-class_no-noise_modelreplace_5/agg_records/pkl/round_0126_clip.pkl
127,clip,success,"[1, 48, 35, 82, 36, 19, 87, 61, 66, 68]","[1, 48, 35, 82, 36, 19, 87, 61, 66, 68]",[],10,10,"[""clip""]",../main/re_result_6-29_APRA/cifar100_500_Jul.02_14.28.31_clip_fix_True_no-mia_no-mia-class_no-noise_modelreplace_5/agg_records/pkl/round_0127_clip.pkl
128,clip,success,"[2, 73, 70, 66, 16, 76, 23, 1, 56, 79]","[2, 73, 70, 66, 16, 76, 23, 1, 56, 79]",[],10,10,"[""clip""]",../main/re_result_6-29_APRA/cifar100_500_Jul.02_14.28.31_clip_fix_True_no-mia_no-mia-class_no-noise_modelreplace_5/agg_records/pkl/round_0128_clip.pkl
129,clip,success,"[3, 48, 49, 79, 26, 23, 86, 77, 54, 19]","[3, 48, 49, 79, 26, 23, 86, 77, 54, 19]",[],10,10,"[""clip""]",../main/re_result_6-29_APRA/cifar100_500_Jul.02_14.28.31_clip_fix_True_no-mia_no-mia-class_no-noise_modelreplace_5/agg_records/pkl/round_0129_clip.pkl
130,clip,success,"[3, 56, 89, 21, 18, 31, 54, 69, 11, 23]","[3, 56, 89, 21, 18, 31, 54, 69, 11, 23]",[],10,10,"[""clip""]",../main/re_result_6-29_APRA/cifar100_500_Jul.02_14.28.31_clip_fix_True_no-mia_no-mia-class_no-noise_modelreplace_5/agg_records/pkl/round_0130_clip.pkl
131,clip,success,"[3, 44, 30, 33, 16, 69, 27, 79, 95, 78]","[3, 44, 30, 33, 16, 69, 27, 79, 95, 78]",[],10,10,"[""clip""]",../main/re_result_6-29_APRA/cifar100_500_Jul.02_14.28.31_clip_fix_True_no-mia_no-mia-class_no-noise_modelreplace_5/agg_records/pkl/round_0131_clip.pkl
132,clip,success,"[2, 44, 82, 61, 72, 96, 5, 21, 18, 66]","[2, 44, 82, 61, 72, 96, 5, 21, 18, 66]",[],10,10,"[""clip""]",../main/re_result_6-29_APRA/cifar100_500_Jul.02_14.28.31_clip_fix_True_no-mia_no-mia-class_no-noise_modelreplace_5/agg_records/pkl/round_0132_clip.pkl
133,clip,success,"[0, 12, 59, 64, 11, 87, 4, 54, 17, 73]","[0, 12, 59, 64, 11, 87, 4, 54, 17, 73]",[],10,10,"[""clip""]",../main/re_result_6-29_APRA/cifar100_500_Jul.02_14.28.31_clip_fix_True_no-mia_no-mia-class_no-noise_modelreplace_5/agg_records/pkl/round_0133_clip.pkl
134,clip,success,"[2, 47, 3, 18, 96, 50, 85, 98, 74, 37]","[2, 47, 3, 18, 96, 50, 85, 98, 74, 37]",[],10,10,"[""clip""]",../main/re_result_6-29_APRA/cifar100_500_Jul.02_14.28.31_clip_fix_True_no-mia_no-mia-class_no-noise_modelreplace_5/agg_records/pkl/round_0134_clip.pkl
135,clip,success,"[2, 59, 29, 47, 86, 28, 36, 13, 83, 37]","[2, 59, 29, 47, 86, 28, 36, 13, 83, 37]",[],10,10,"[""clip""]",../main/re_result_6-29_APRA/cifar100_500_Jul.02_14.28.31_clip_fix_True_no-mia_no-mia-class_no-noise_modelreplace_5/agg_records/pkl/round_0135_clip.pkl
136,clip,success,"[1, 80, 10, 4, 96, 28, 24, 31, 95, 90]","[1, 80, 10, 4, 96, 28, 24, 31, 95, 90]",[],10,10,"[""clip""]",../main/re_result_6-29_APRA/cifar100_500_Jul.02_14.28.31_clip_fix_True_no-mia_no-mia-class_no-noise_modelreplace_5/agg_records/pkl/round_0136_clip.pkl
137,clip,success,"[0, 68, 56, 85, 96, 55, 60, 74, 82, 7]","[0, 68, 56, 85, 96, 55, 60, 74, 82, 7]",[],10,10,"[""clip""]",../main/re_result_6-29_APRA/cifar100_500_Jul.02_14.28.31_clip_fix_True_no-mia_no-mia-class_no-noise_modelreplace_5/agg_records/pkl/round_0137_clip.pkl
138,clip,success,"[3, 55, 82, 63, 96, 33, 61, 62, 83, 18]","[3, 55, 82, 63, 96, 33, 61, 62, 83, 18]",[],10,10,"[""clip""]",../main/re_result_6-29_APRA/cifar100_500_Jul.02_14.28.31_clip_fix_True_no-mia_no-mia-class_no-noise_modelreplace_5/agg_records/pkl/round_0138_clip.pkl
139,clip,success,"[0, 92, 13, 11, 85, 8, 38, 1, 71, 30]","[0, 92, 13, 11, 85, 8, 38, 1, 71, 30]",[],10,10,"[""clip""]",../main/re_result_6-29_APRA/cifar100_500_Jul.02_14.28.31_clip_fix_True_no-mia_no-mia-class_no-noise_modelreplace_5/agg_records/pkl/round_0139_clip.pkl
140,clip,success,"[4, 33, 32, 95, 60, 72, 23, 51, 2, 11]","[4, 33, 32, 95, 60, 72, 23, 51, 2, 11]",[],10,10,"[""clip""]",../main/re_result_6-29_APRA/cifar100_500_Jul.02_14.28.31_clip_fix_True_no-mia_no-mia-class_no-noise_modelreplace_5/agg_records/pkl/round_0140_clip.pkl
141,clip,success,"[4, 58, 61, 92, 80, 97, 45, 83, 29, 25]","[4, 58, 61, 92, 80, 97, 45, 83, 29, 25]",[],10,10,"[""clip""]",../main/re_result_6-29_APRA/cifar100_500_Jul.02_14.28.31_clip_fix_True_no-mia_no-mia-class_no-noise_modelreplace_5/agg_records/pkl/round_0141_clip.pkl
142,clip,success,"[2, 19, 18, 42, 28, 76, 29, 79, 17, 34]","[2, 19, 18, 42, 28, 76, 29, 79, 17, 34]",[],10,10,"[""clip""]",../main/re_result_6-29_APRA/cifar100_500_Jul.02_14.28.31_clip_fix_True_no-mia_no-mia-class_no-noise_modelreplace_5/agg_records/pkl/round_0142_clip.pkl
143,clip,success,"[1, 47, 98, 64, 62, 58, 99, 24, 59, 33]","[1, 47, 98, 64, 62, 58, 99, 24, 59, 33]",[],10,10,"[""clip""]",../main/re_result_6-29_APRA/cifar100_500_Jul.02_14.28.31_clip_fix_True_no-mia_no-mia-class_no-noise_modelreplace_5/agg_records/pkl/round_0143_clip.pkl
144,clip,success,"[2, 58, 87, 44, 7, 22, 14, 85, 67, 68]","[2, 58, 87, 44, 7, 22, 14, 85, 67, 68]",[],10,10,"[""clip""]",../main/re_result_6-29_APRA/cifar100_500_Jul.02_14.28.31_clip_fix_True_no-mia_no-mia-class_no-noise_modelreplace_5/agg_records/pkl/round_0144_clip.pkl
145,clip,success,"[2, 24, 12, 13, 37, 68, 40, 56, 5, 30]","[2, 24, 12, 13, 37, 68, 40, 56, 5, 30]",[],10,10,"[""clip""]",../main/re_result_6-29_APRA/cifar100_500_Jul.02_14.28.31_clip_fix_True_no-mia_no-mia-class_no-noise_modelreplace_5/agg_records/pkl/round_0145_clip.pkl
146,clip,success,"[3, 25, 68, 30, 75, 51, 92, 99, 69, 63]","[3, 25, 68, 30, 75, 51, 92, 99, 69, 63]",[],10,10,"[""clip""]",../main/re_result_6-29_APRA/cifar100_500_Jul.02_14.28.31_clip_fix_True_no-mia_no-mia-class_no-noise_modelreplace_5/agg_records/pkl/round_0146_clip.pkl
147,clip,success,"[4, 65, 39, 23, 2, 98, 96, 86, 37, 60]","[4, 65, 39, 23, 2, 98, 96, 86, 37, 60]",[],10,10,"[""clip""]",../main/re_result_6-29_APRA/cifar100_500_Jul.02_14.28.31_clip_fix_True_no-mia_no-mia-class_no-noise_modelreplace_5/agg_records/pkl/round_0147_clip.pkl
148,clip,success,"[2, 89, 81, 76, 99, 72, 32, 48, 85, 65]","[2, 89, 81, 76, 99, 72, 32, 48, 85, 65]",[],10,10,"[""clip""]",../main/re_result_6-29_APRA/cifar100_500_Jul.02_14.28.31_clip_fix_True_no-mia_no-mia-class_no-noise_modelreplace_5/agg_records/pkl/round_0148_clip.pkl
149,clip,success,"[4, 40, 58, 97, 61, 8, 50, 74, 90, 93]","[4, 40, 58, 97, 61, 8, 50, 74, 90, 93]",[],10,10,"[""clip""]",../main/re_result_6-29_APRA/cifar100_500_Jul.02_14.28.31_clip_fix_True_no-mia_no-mia-class_no-noise_modelreplace_5/agg_records/pkl/round_0149_clip.pkl
150,clip,success,"[1, 88, 76, 23, 68, 44, 31, 17, 83, 82]","[1, 88, 76, 23, 68, 44, 31, 17, 83, 82]",[],10,10,"[""clip""]",../main/re_result_6-29_APRA/cifar100_500_Jul.02_14.28.31_clip_fix_True_no-mia_no-mia-class_no-noise_modelreplace_5/agg_records/pkl/round_0150_clip.pkl
151,clip,success,"[0, 20, 41, 40, 53, 11, 54, 92, 86, 91]","[0, 20, 41, 40, 53, 11, 54, 92, 86, 91]",[],10,10,"[""clip""]",../main/re_result_6-29_APRA/cifar100_500_Jul.02_14.28.31_clip_fix_True_no-mia_no-mia-class_no-noise_modelreplace_5/agg_records/pkl/round_0151_clip.pkl
152,clip,success,"[3, 76, 38, 53, 96, 57, 83, 58, 68, 86]","[3, 76, 38, 53, 96, 57, 83, 58, 68, 86]",[],10,10,"[""clip""]",../main/re_result_6-29_APRA/cifar100_500_Jul.02_14.28.31_clip_fix_True_no-mia_no-mia-class_no-noise_modelreplace_5/agg_records/pkl/round_0152_clip.pkl
153,clip,success,"[0, 67, 98, 73, 56, 28, 92, 54, 96, 11]","[0, 67, 98, 73, 56, 28, 92, 54, 96, 11]",[],10,10,"[""clip""]",../main/re_result_6-29_APRA/cifar100_500_Jul.02_14.28.31_clip_fix_True_no-mia_no-mia-class_no-noise_modelreplace_5/agg_records/pkl/round_0153_clip.pkl
154,clip,success,"[1, 74, 42, 80, 92, 38, 82, 75, 18, 91]","[1, 74, 42, 80, 92, 38, 82, 75, 18, 91]",[],10,10,"[""clip""]",../main/re_result_6-29_APRA/cifar100_500_Jul.02_14.28.31_clip_fix_True_no-mia_no-mia-class_no-noise_modelreplace_5/agg_records/pkl/round_0154_clip.pkl
155,clip,success,"[0, 15, 92, 72, 43, 96, 57, 23, 30, 81]","[0, 15, 92, 72, 43, 96, 57, 23, 30, 81]",[],10,10,"[""clip""]",../main/re_result_6-29_APRA/cifar100_500_Jul.02_14.28.31_clip_fix_True_no-mia_no-mia-class_no-noise_modelreplace_5/agg_records/pkl/round_0155_clip.pkl
156,clip,success,"[2, 81, 7, 12, 80, 36, 59, 28, 64, 63]","[2, 81, 7, 12, 80, 36, 59, 28, 64, 63]",[],10,10,"[""clip""]",../main/re_result_6-29_APRA/cifar100_500_Jul.02_14.28.31_clip_fix_True_no-mia_no-mia-class_no-noise_modelreplace_5/agg_records/pkl/round_0156_clip.pkl
157,clip,success,"[4, 55, 18, 52, 87, 26, 65, 75, 49, 46]","[4, 55, 18, 52, 87, 26, 65, 75, 49, 46]",[],10,10,"[""clip""]",../main/re_result_6-29_APRA/cifar100_500_Jul.02_14.28.31_clip_fix_True_no-mia_no-mia-class_no-noise_modelreplace_5/agg_records/pkl/round_0157_clip.pkl
158,clip,success,"[2, 99, 73, 80, 64, 87, 60, 11, 91, 62]","[2, 99, 73, 80, 64, 87, 60, 11, 91, 62]",[],10,10,"[""clip""]",../main/re_result_6-29_APRA/cifar100_500_Jul.02_14.28.31_clip_fix_True_no-mia_no-mia-class_no-noise_modelreplace_5/agg_records/pkl/round_0158_clip.pkl
159,clip,success,"[4, 81, 20, 18, 2, 6, 71, 92, 83, 16]","[4, 81, 20, 18, 2, 6, 71, 92, 83, 16]",[],10,10,"[""clip""]",../main/re_result_6-29_APRA/cifar100_500_Jul.02_14.28.31_clip_fix_True_no-mia_no-mia-class_no-noise_modelreplace_5/agg_records/pkl/round_0159_clip.pkl
160,clip,success,"[0, 4, 13, 96, 33, 23, 65, 53, 86, 54]","[0, 4, 13, 96, 33, 23, 65, 53, 86, 54]",[],10,10,"[""clip""]",../main/re_result_6-29_APRA/cifar100_500_Jul.02_14.28.31_clip_fix_True_no-mia_no-mia-class_no-noise_modelreplace_5/agg_records/pkl/round_0160_clip.pkl
161,clip,success,"[4, 8, 51, 24, 41, 11, 42, 63, 76, 44]","[4, 8, 51, 24, 41, 11, 42, 63, 76, 44]",[],10,10,"[""clip""]",../main/re_result_6-29_APRA/cifar100_500_Jul.02_14.28.31_clip_fix_True_no-mia_no-mia-class_no-noise_modelreplace_5/agg_records/pkl/round_0161_clip.pkl
162,clip,success,"[0, 33, 75, 99, 97, 98, 6, 73, 90, 51]","[0, 33, 75, 99, 97, 98, 6, 73, 90, 51]",[],10,10,"[""clip""]",../main/re_result_6-29_APRA/cifar100_500_Jul.02_14.28.31_clip_fix_True_no-mia_no-mia-class_no-noise_modelreplace_5/agg_records/pkl/round_0162_clip.pkl
163,clip,success,"[3, 13, 81, 90, 86, 1, 85, 66, 0, 92]","[3, 13, 81, 90, 86, 1, 85, 66, 0, 92]",[],10,10,"[""clip""]",../main/re_result_6-29_APRA/cifar100_500_Jul.02_14.28.31_clip_fix_True_no-mia_no-mia-class_no-noise_modelreplace_5/agg_records/pkl/round_0163_clip.pkl
164,clip,success,"[2, 81, 46, 66, 89, 62, 24, 35, 21, 85]","[2, 81, 46, 66, 89, 62, 24, 35, 21, 85]",[],10,10,"[""clip""]",../main/re_result_6-29_APRA/cifar100_500_Jul.02_14.28.31_clip_fix_True_no-mia_no-mia-class_no-noise_modelreplace_5/agg_records/pkl/round_0164_clip.pkl
165,clip,success,"[1, 62, 87, 83, 38, 93, 89, 76, 51, 55]","[1, 62, 87, 83, 38, 93, 89, 76, 51, 55]",[],10,10,"[""clip""]",../main/re_result_6-29_APRA/cifar100_500_Jul.02_14.28.31_clip_fix_True_no-mia_no-mia-class_no-noise_modelreplace_5/agg_records/pkl/round_0165_clip.pkl
166,clip,success,"[2, 91, 85, 17, 80, 39, 67, 26, 6, 45]","[2, 91, 85, 17, 80, 39, 67, 26, 6, 45]",[],10,10,"[""clip""]",../main/re_result_6-29_APRA/cifar100_500_Jul.02_14.28.31_clip_fix_True_no-mia_no-mia-class_no-noise_modelreplace_5/agg_records/pkl/round_0166_clip.pkl
167,clip,success,"[0, 59, 16, 76, 60, 20, 96, 43, 9, 24]","[0, 59, 16, 76, 60, 20, 96, 43, 9, 24]",[],10,10,"[""clip""]",../main/re_result_6-29_APRA/cifar100_500_Jul.02_14.28.31_clip_fix_True_no-mia_no-mia-class_no-noise_modelreplace_5/agg_records/pkl/round_0167_clip.pkl
168,clip,success,"[1, 33, 27, 98, 31, 42, 30, 56, 60, 48]","[1, 33, 27, 98, 31, 42, 30, 56, 60, 48]",[],10,10,"[""clip""]",../main/re_result_6-29_APRA/cifar100_500_Jul.02_14.28.31_clip_fix_True_no-mia_no-mia-class_no-noise_modelreplace_5/agg_records/pkl/round_0168_clip.pkl
169,clip,success,"[3, 88, 62, 64, 57, 28, 33, 93, 17, 50]","[3, 88, 62, 64, 57, 28, 33, 93, 17, 50]",[],10,10,"[""clip""]",../main/re_result_6-29_APRA/cifar100_500_Jul.02_14.28.31_clip_fix_True_no-mia_no-mia-class_no-noise_modelreplace_5/agg_records/pkl/round_0169_clip.pkl
170,clip,success,"[2, 69, 62, 42, 7, 27, 86, 9, 1, 39]","[2, 69, 62, 42, 7, 27, 86, 9, 1, 39]",[],10,10,"[""clip""]",../main/re_result_6-29_APRA/cifar100_500_Jul.02_14.28.31_clip_fix_True_no-mia_no-mia-class_no-noise_modelreplace_5/agg_records/pkl/round_0170_clip.pkl
171,clip,success,"[4, 57, 77, 12, 33, 0, 61, 62, 10, 81]","[4, 57, 77, 12, 33, 0, 61, 62, 10, 81]",[],10,10,"[""clip""]",../main/re_result_6-29_APRA/cifar100_500_Jul.02_14.28.31_clip_fix_True_no-mia_no-mia-class_no-noise_modelreplace_5/agg_records/pkl/round_0171_clip.pkl
172,clip,success,"[1, 66, 4, 53, 11, 85, 74, 77, 5, 62]","[1, 66, 4, 53, 11, 85, 74, 77, 5, 62]",[],10,10,"[""clip""]",../main/re_result_6-29_APRA/cifar100_500_Jul.02_14.28.31_clip_fix_True_no-mia_no-mia-class_no-noise_modelreplace_5/agg_records/pkl/round_0172_clip.pkl
173,clip,success,"[2, 51, 91, 53, 78, 98, 64, 86, 35, 61]","[2, 51, 91, 53, 78, 98, 64, 86, 35, 61]",[],10,10,"[""clip""]",../main/re_result_6-29_APRA/cifar100_500_Jul.02_14.28.31_clip_fix_True_no-mia_no-mia-class_no-noise_modelreplace_5/agg_records/pkl/round_0173_clip.pkl
174,clip,success,"[1, 96, 12, 59, 16, 97, 22, 38, 99, 30]","[1, 96, 12, 59, 16, 97, 22, 38, 99, 30]",[],10,10,"[""clip""]",../main/re_result_6-29_APRA/cifar100_500_Jul.02_14.28.31_clip_fix_True_no-mia_no-mia-class_no-noise_modelreplace_5/agg_records/pkl/round_0174_clip.pkl
175,clip,success,"[2, 50, 55, 65, 85, 32, 95, 7, 28, 20]","[2, 50, 55, 65, 85, 32, 95, 7, 28, 20]",[],10,10,"[""clip""]",../main/re_result_6-29_APRA/cifar100_500_Jul.02_14.28.31_clip_fix_True_no-mia_no-mia-class_no-noise_modelreplace_5/agg_records/pkl/round_0175_clip.pkl
176,clip,success,"[2, 97, 26, 50, 74, 48, 92, 19, 47, 42]","[2, 97, 26, 50, 74, 48, 92, 19, 47, 42]",[],10,10,"[""clip""]",../main/re_result_6-29_APRA/cifar100_500_Jul.02_14.28.31_clip_fix_True_no-mia_no-mia-class_no-noise_modelreplace_5/agg_records/pkl/round_0176_clip.pkl
177,clip,success,"[4, 58, 94, 95, 49, 63, 27, 41, 1, 61]","[4, 58, 94, 95, 49, 63, 27, 41, 1, 61]",[],10,10,"[""clip""]",../main/re_result_6-29_APRA/cifar100_500_Jul.02_14.28.31_clip_fix_True_no-mia_no-mia-class_no-noise_modelreplace_5/agg_records/pkl/round_0177_clip.pkl
178,clip,success,"[4, 98, 12, 96, 8, 85, 64, 23, 67, 89]","[4, 98, 12, 96, 8, 85, 64, 23, 67, 89]",[],10,10,"[""clip""]",../main/re_result_6-29_APRA/cifar100_500_Jul.02_14.28.31_clip_fix_True_no-mia_no-mia-class_no-noise_modelreplace_5/agg_records/pkl/round_0178_clip.pkl
179,clip,success,"[1, 84, 77, 39, 60, 50, 35, 93, 54, 96]","[1, 84, 77, 39, 60, 50, 35, 93, 54, 96]",[],10,10,"[""clip""]",../main/re_result_6-29_APRA/cifar100_500_Jul.02_14.28.31_clip_fix_True_no-mia_no-mia-class_no-noise_modelreplace_5/agg_records/pkl/round_0179_clip.pkl
180,clip,success,"[0, 24, 88, 49, 12, 34, 79, 90, 82, 78]","[0, 24, 88, 49, 12, 34, 79, 90, 82, 78]",[],10,10,"[""clip""]",../main/re_result_6-29_APRA/cifar100_500_Jul.02_14.28.31_clip_fix_True_no-mia_no-mia-class_no-noise_modelreplace_5/agg_records/pkl/round_0180_clip.pkl
181,clip,success,"[1, 85, 52, 86, 31, 14, 99, 74, 51, 23]","[1, 85, 52, 86, 31, 14, 99, 74, 51, 23]",[],10,10,"[""clip""]",../main/re_result_6-29_APRA/cifar100_500_Jul.02_14.28.31_clip_fix_True_no-mia_no-mia-class_no-noise_modelreplace_5/agg_records/pkl/round_0181_clip.pkl
182,clip,success,"[3, 43, 51, 90, 39, 33, 29, 75, 98, 5]","[3, 43, 51, 90, 39, 33, 29, 75, 98, 5]",[],10,10,"[""clip""]",../main/re_result_6-29_APRA/cifar100_500_Jul.02_14.28.31_clip_fix_True_no-mia_no-mia-class_no-noise_modelreplace_5/agg_records/pkl/round_0182_clip.pkl
183,clip,success,"[4, 41, 9, 81, 78, 44, 51, 52, 28, 2]","[4, 41, 9, 81, 78, 44, 51, 52, 28, 2]",[],10,10,"[""clip""]",../main/re_result_6-29_APRA/cifar100_500_Jul.02_14.28.31_clip_fix_True_no-mia_no-mia-class_no-noise_modelreplace_5/agg_records/pkl/round_0183_clip.pkl
184,clip,success,"[0, 84, 51, 26, 50, 19, 92, 16, 7, 46]","[0, 84, 51, 26, 50, 19, 92, 16, 7, 46]",[],10,10,"[""clip""]",../main/re_result_6-29_APRA/cifar100_500_Jul.02_14.28.31_clip_fix_True_no-mia_no-mia-class_no-noise_modelreplace_5/agg_records/pkl/round_0184_clip.pkl
185,clip,success,"[0, 50, 34, 8, 58, 66, 60, 95, 92, 83]","[0, 50, 34, 8, 58, 66, 60, 95, 92, 83]",[],10,10,"[""clip""]",../main/re_result_6-29_APRA/cifar100_500_Jul.02_14.28.31_clip_fix_True_no-mia_no-mia-class_no-noise_modelreplace_5/agg_records/pkl/round_0185_clip.pkl
186,clip,success,"[0, 39, 65, 14, 12, 27, 95, 84, 47, 98]","[0, 39, 65, 14, 12, 27, 95, 84, 47, 98]",[],10,10,"[""clip""]",../main/re_result_6-29_APRA/cifar100_500_Jul.02_14.28.31_clip_fix_True_no-mia_no-mia-class_no-noise_modelreplace_5/agg_records/pkl/round_0186_clip.pkl
187,clip,success,"[1, 89, 94, 61, 96, 81, 86, 32, 78, 54]","[1, 89, 94, 61, 96, 81, 86, 32, 78, 54]",[],10,10,"[""clip""]",../main/re_result_6-29_APRA/cifar100_500_Jul.02_14.28.31_clip_fix_True_no-mia_no-mia-class_no-noise_modelreplace_5/agg_records/pkl/round_0187_clip.pkl
188,clip,success,"[2, 21, 62, 81, 98, 77, 41, 75, 96, 70]","[2, 21, 62, 81, 98, 77, 41, 75, 96, 70]",[],10,10,"[""clip""]",../main/re_result_6-29_APRA/cifar100_500_Jul.02_14.28.31_clip_fix_True_no-mia_no-mia-class_no-noise_modelreplace_5/agg_records/pkl/round_0188_clip.pkl
189,clip,success,"[3, 57, 59, 61, 90, 8, 43, 47, 39, 67]","[3, 57, 59, 61, 90, 8, 43, 47, 39, 67]",[],10,10,"[""clip""]",../main/re_result_6-29_APRA/cifar100_500_Jul.02_14.28.31_clip_fix_True_no-mia_no-mia-class_no-noise_modelreplace_5/agg_records/pkl/round_0189_clip.pkl
190,clip,success,"[4, 75, 92, 99, 5, 61, 12, 24, 89, 76]","[4, 75, 92, 99, 5, 61, 12, 24, 89, 76]",[],10,10,"[""clip""]",../main/re_result_6-29_APRA/cifar100_500_Jul.02_14.28.31_clip_fix_True_no-mia_no-mia-class_no-noise_modelreplace_5/agg_records/pkl/round_0190_clip.pkl
191,clip,success,"[4, 50, 78, 98, 77, 13, 42, 38, 91, 71]","[4, 50, 78, 98, 77, 13, 42, 38, 91, 71]",[],10,10,"[""clip""]",../main/re_result_6-29_APRA/cifar100_500_Jul.02_14.28.31_clip_fix_True_no-mia_no-mia-class_no-noise_modelreplace_5/agg_records/pkl/round_0191_clip.pkl
192,clip,success,"[1, 62, 2, 7, 85, 17, 74, 32, 28, 90]","[1, 62, 2, 7, 85, 17, 74, 32, 28, 90]",[],10,10,"[""clip""]",../main/re_result_6-29_APRA/cifar100_500_Jul.02_14.28.31_clip_fix_True_no-mia_no-mia-class_no-noise_modelreplace_5/agg_records/pkl/round_0192_clip.pkl
193,clip,success,"[0, 28, 17, 51, 66, 74, 25, 61, 34, 54]","[0, 28, 17, 51, 66, 74, 25, 61, 34, 54]",[],10,10,"[""clip""]",../main/re_result_6-29_APRA/cifar100_500_Jul.02_14.28.31_clip_fix_True_no-mia_no-mia-class_no-noise_modelreplace_5/agg_records/pkl/round_0193_clip.pkl
194,clip,success,"[0, 21, 9, 32, 56, 98, 70, 69, 37, 10]","[0, 21, 9, 32, 56, 98, 70, 69, 37, 10]",[],10,10,"[""clip""]",../main/re_result_6-29_APRA/cifar100_500_Jul.02_14.28.31_clip_fix_True_no-mia_no-mia-class_no-noise_modelreplace_5/agg_records/pkl/round_0194_clip.pkl
195,clip,success,"[2, 64, 62, 11, 89, 18, 95, 78, 9, 68]","[2, 64, 62, 11, 89, 18, 95, 78, 9, 68]",[],10,10,"[""clip""]",../main/re_result_6-29_APRA/cifar100_500_Jul.02_14.28.31_clip_fix_True_no-mia_no-mia-class_no-noise_modelreplace_5/agg_records/pkl/round_0195_clip.pkl
196,clip,success,"[2, 23, 90, 81, 83, 48, 9, 93, 76, 46]","[2, 23, 90, 81, 83, 48, 9, 93, 76, 46]",[],10,10,"[""clip""]",../main/re_result_6-29_APRA/cifar100_500_Jul.02_14.28.31_clip_fix_True_no-mia_no-mia-class_no-noise_modelreplace_5/agg_records/pkl/round_0196_clip.pkl
197,clip,success,"[3, 97, 11, 61, 56, 86, 47, 44, 72, 77]","[3, 97, 11, 61, 56, 86, 47, 44, 72, 77]",[],10,10,"[""clip""]",../main/re_result_6-29_APRA/cifar100_500_Jul.02_14.28.31_clip_fix_True_no-mia_no-mia-class_no-noise_modelreplace_5/agg_records/pkl/round_0197_clip.pkl
198,clip,success,"[1, 20, 29, 89, 48, 47, 17, 70, 42, 72]","[1, 20, 29, 89, 48, 47, 17, 70, 42, 72]",[],10,10,"[""clip""]",../main/re_result_6-29_APRA/cifar100_500_Jul.02_14.28.31_clip_fix_True_no-mia_no-mia-class_no-noise_modelreplace_5/agg_records/pkl/round_0198_clip.pkl
199,clip,success,"[3, 86, 4, 56, 25, 0, 20, 99, 19, 71]","[3, 86, 4, 56, 25, 0, 20, 99, 19, 71]",[],10,10,"[""clip""]",../main/re_result_6-29_APRA/cifar100_500_Jul.02_14.28.31_clip_fix_True_no-mia_no-mia-class_no-noise_modelreplace_5/agg_records/pkl/round_0199_clip.pkl
200,clip,success,"[1, 78, 29, 31, 46, 19, 70, 57, 68, 79]","[1, 78, 29, 31, 46, 19, 70, 57, 68, 79]",[],10,10,"[""clip""]",../main/re_result_6-29_APRA/cifar100_500_Jul.02_14.28.31_clip_fix_True_no-mia_no-mia-class_no-noise_modelreplace_5/agg_records/pkl/round_0200_clip.pkl
201,clip,success,"[3, 14, 48, 93, 25, 45, 77, 84, 53, 39]","[3, 14, 48, 93, 25, 45, 77, 84, 53, 39]",[],10,10,"[""clip""]",../main/re_result_6-29_APRA/cifar100_500_Jul.02_14.28.31_clip_fix_True_no-mia_no-mia-class_no-noise_modelreplace_5/agg_records/pkl/round_0201_clip.pkl
202,clip,success,"[3, 21, 53, 68, 86, 40, 95, 64, 35, 36]","[3, 21, 53, 68, 86, 40, 95, 64, 35, 36]",[],10,10,"[""clip""]",../main/re_result_6-29_APRA/cifar100_500_Jul.02_14.28.31_clip_fix_True_no-mia_no-mia-class_no-noise_modelreplace_5/agg_records/pkl/round_0202_clip.pkl
203,clip,success,"[2, 42, 5, 59, 88, 20, 67, 32, 14, 98]","[2, 42, 5, 59, 88, 20, 67, 32, 14, 98]",[],10,10,"[""clip""]",../main/re_result_6-29_APRA/cifar100_500_Jul.02_14.28.31_clip_fix_True_no-mia_no-mia-class_no-noise_modelreplace_5/agg_records/pkl/round_0203_clip.pkl
204,clip,success,"[0, 16, 71, 46, 93, 88, 7, 68, 70, 62]","[0, 16, 71, 46, 93, 88, 7, 68, 70, 62]",[],10,10,"[""clip""]",../main/re_result_6-29_APRA/cifar100_500_Jul.02_14.28.31_clip_fix_True_no-mia_no-mia-class_no-noise_modelreplace_5/agg_records/pkl/round_0204_clip.pkl
205,clip,success,"[2, 52, 95, 40, 45, 97, 4, 96, 87, 44]","[2, 52, 95, 40, 45, 97, 4, 96, 87, 44]",[],10,10,"[""clip""]",../main/re_result_6-29_APRA/cifar100_500_Jul.02_14.28.31_clip_fix_True_no-mia_no-mia-class_no-noise_modelreplace_5/agg_records/pkl/round_0205_clip.pkl
206,clip,success,"[4, 15, 84, 1, 41, 68, 14, 0, 72, 83]","[4, 15, 84, 1, 41, 68, 14, 0, 72, 83]",[],10,10,"[""clip""]",../main/re_result_6-29_APRA/cifar100_500_Jul.02_14.28.31_clip_fix_True_no-mia_no-mia-class_no-noise_modelreplace_5/agg_records/pkl/round_0206_clip.pkl
207,clip,success,"[4, 88, 54, 63, 77, 34, 33, 64, 56, 11]","[4, 88, 54, 63, 77, 34, 33, 64, 56, 11]",[],10,10,"[""clip""]",../main/re_result_6-29_APRA/cifar100_500_Jul.02_14.28.31_clip_fix_True_no-mia_no-mia-class_no-noise_modelreplace_5/agg_records/pkl/round_0207_clip.pkl
208,clip,success,"[4, 28, 58, 69, 99, 94, 71, 55, 49, 25]","[4, 28, 58, 69, 99, 94, 71, 55, 49, 25]",[],10,10,"[""clip""]",../main/re_result_6-29_APRA/cifar100_500_Jul.02_14.28.31_clip_fix_True_no-mia_no-mia-class_no-noise_modelreplace_5/agg_records/pkl/round_0208_clip.pkl
209,clip,success,"[3, 82, 38, 50, 98, 43, 32, 29, 30, 39]","[3, 82, 38, 50, 98, 43, 32, 29, 30, 39]",[],10,10,"[""clip""]",../main/re_result_6-29_APRA/cifar100_500_Jul.02_14.28.31_clip_fix_True_no-mia_no-mia-class_no-noise_modelreplace_5/agg_records/pkl/round_0209_clip.pkl
210,clip,success,"[3, 57, 36, 96, 74, 53, 30, 26, 62, 19]","[3, 57, 36, 96, 74, 53, 30, 26, 62, 19]",[],10,10,"[""clip""]",../main/re_result_6-29_APRA/cifar100_500_Jul.02_14.28.31_clip_fix_True_no-mia_no-mia-class_no-noise_modelreplace_5/agg_records/pkl/round_0210_clip.pkl
211,clip,success,"[1, 89, 56, 22, 65, 15, 79, 10, 45, 0]","[1, 89, 56, 22, 65, 15, 79, 10, 45, 0]",[],10,10,"[""clip""]",../main/re_result_6-29_APRA/cifar100_500_Jul.02_14.28.31_clip_fix_True_no-mia_no-mia-class_no-noise_modelreplace_5/agg_records/pkl/round_0211_clip.pkl
212,clip,success,"[1, 28, 63, 38, 27, 71, 82, 64, 32, 37]","[1, 28, 63, 38, 27, 71, 82, 64, 32, 37]",[],10,10,"[""clip""]",../main/re_result_6-29_APRA/cifar100_500_Jul.02_14.28.31_clip_fix_True_no-mia_no-mia-class_no-noise_modelreplace_5/agg_records/pkl/round_0212_clip.pkl
213,clip,success,"[2, 7, 42, 22, 15, 77, 38, 1, 41, 82]","[2, 7, 42, 22, 15, 77, 38, 1, 41, 82]",[],10,10,"[""clip""]",../main/re_result_6-29_APRA/cifar100_500_Jul.02_14.28.31_clip_fix_True_no-mia_no-mia-class_no-noise_modelreplace_5/agg_records/pkl/round_0213_clip.pkl
214,clip,success,"[0, 33, 61, 17, 97, 54, 4, 80, 62, 83]","[0, 33, 61, 17, 97, 54, 4, 80, 62, 83]",[],10,10,"[""clip""]",../main/re_result_6-29_APRA/cifar100_500_Jul.02_14.28.31_clip_fix_True_no-mia_no-mia-class_no-noise_modelreplace_5/agg_records/pkl/round_0214_clip.pkl
215,clip,success,"[4, 55, 21, 77, 10, 35, 46, 76, 63, 58]","[4, 55, 21, 77, 10, 35, 46, 76, 63, 58]",[],10,10,"[""clip""]",../main/re_result_6-29_APRA/cifar100_500_Jul.02_14.28.31_clip_fix_True_no-mia_no-mia-class_no-noise_modelreplace_5/agg_records/pkl/round_0215_clip.pkl
216,clip,success,"[1, 53, 49, 3, 74, 69, 97, 95, 41, 75]","[1, 53, 49, 3, 74, 69, 97, 95, 41, 75]",[],10,10,"[""clip""]",../main/re_result_6-29_APRA/cifar100_500_Jul.02_14.28.31_clip_fix_True_no-mia_no-mia-class_no-noise_modelreplace_5/agg_records/pkl/round_0216_clip.pkl
217,clip,success,"[0, 78, 72, 12, 57, 97, 39, 63, 93, 30]","[0, 78, 72, 12, 57, 97, 39, 63, 93, 30]",[],10,10,"[""clip""]",../main/re_result_6-29_APRA/cifar100_500_Jul.02_14.28.31_clip_fix_True_no-mia_no-mia-class_no-noise_modelreplace_5/agg_records/pkl/round_0217_clip.pkl
218,clip,success,"[3, 56, 47, 27, 79, 57, 83, 68, 45, 58]","[3, 56, 47, 27, 79, 57, 83, 68, 45, 58]",[],10,10,"[""clip""]",../main/re_result_6-29_APRA/cifar100_500_Jul.02_14.28.31_clip_fix_True_no-mia_no-mia-class_no-noise_modelreplace_5/agg_records/pkl/round_0218_clip.pkl
219,clip,success,"[2, 65, 96, 77, 88, 45, 84, 47, 58, 15]","[2, 65, 96, 77, 88, 45, 84, 47, 58, 15]",[],10,10,"[""clip""]",../main/re_result_6-29_APRA/cifar100_500_Jul.02_14.28.31_clip_fix_True_no-mia_no-mia-class_no-noise_modelreplace_5/agg_records/pkl/round_0219_clip.pkl
220,clip,success,"[1, 15, 81, 79, 69, 33, 34, 93, 77, 50]","[1, 15, 81, 79, 69, 33, 34, 93, 77, 50]",[],10,10,"[""clip""]",../main/re_result_6-29_APRA/cifar100_500_Jul.02_14.28.31_clip_fix_True_no-mia_no-mia-class_no-noise_modelreplace_5/agg_records/pkl/round_0220_clip.pkl
221,clip,success,"[0, 56, 32, 73, 41, 24, 44, 62, 33, 36]","[0, 56, 32, 73, 41, 24, 44, 62, 33, 36]",[],10,10,"[""clip""]",../main/re_result_6-29_APRA/cifar100_500_Jul.02_14.28.31_clip_fix_True_no-mia_no-mia-class_no-noise_modelreplace_5/agg_records/pkl/round_0221_clip.pkl
222,clip,success,"[1, 57, 82, 21, 11, 19, 29, 65, 36, 66]","[1, 57, 82, 21, 11, 19, 29, 65, 36, 66]",[],10,10,"[""clip""]",../main/re_result_6-29_APRA/cifar100_500_Jul.02_14.28.31_clip_fix_True_no-mia_no-mia-class_no-noise_modelreplace_5/agg_records/pkl/round_0222_clip.pkl
223,clip,success,"[3, 57, 48, 50, 10, 80, 11, 71, 97, 73]","[3, 57, 48, 50, 10, 80, 11, 71, 97, 73]",[],10,10,"[""clip""]",../main/re_result_6-29_APRA/cifar100_500_Jul.02_14.28.31_clip_fix_True_no-mia_no-mia-class_no-noise_modelreplace_5/agg_records/pkl/round_0223_clip.pkl
224,clip,success,"[4, 61, 43, 48, 64, 76, 86, 69, 29, 17]","[4, 61, 43, 48, 64, 76, 86, 69, 29, 17]",[],10,10,"[""clip""]",../main/re_result_6-29_APRA/cifar100_500_Jul.02_14.28.31_clip_fix_True_no-mia_no-mia-class_no-noise_modelreplace_5/agg_records/pkl/round_0224_clip.pkl
225,clip,success,"[1, 77, 6, 82, 4, 8, 42, 76, 2, 41]","[1, 77, 6, 82, 4, 8, 42, 76, 2, 41]",[],10,10,"[""clip""]",../main/re_result_6-29_APRA/cifar100_500_Jul.02_14.28.31_clip_fix_True_no-mia_no-mia-class_no-noise_modelreplace_5/agg_records/pkl/round_0225_clip.pkl
226,clip,success,"[2, 45, 95, 15, 57, 30, 49, 42, 71, 47]","[2, 45, 95, 15, 57, 30, 49, 42, 71, 47]",[],10,10,"[""clip""]",../main/re_result_6-29_APRA/cifar100_500_Jul.02_14.28.31_clip_fix_True_no-mia_no-mia-class_no-noise_modelreplace_5/agg_records/pkl/round_0226_clip.pkl
227,clip,success,"[2, 5, 42, 94, 73, 9, 74, 29, 36, 39]","[2, 5, 42, 94, 73, 9, 74, 29, 36, 39]",[],10,10,"[""clip""]",../main/re_result_6-29_APRA/cifar100_500_Jul.02_14.28.31_clip_fix_True_no-mia_no-mia-class_no-noise_modelreplace_5/agg_records/pkl/round_0227_clip.pkl
228,clip,success,"[1, 38, 53, 17, 85, 95, 61, 14, 18, 25]","[1, 38, 53, 17, 85, 95, 61, 14, 18, 25]",[],10,10,"[""clip""]",../main/re_result_6-29_APRA/cifar100_500_Jul.02_14.28.31_clip_fix_True_no-mia_no-mia-class_no-noise_modelreplace_5/agg_records/pkl/round_0228_clip.pkl
229,clip,success,"[4, 30, 32, 8, 98, 53, 44, 31, 26, 48]","[4, 30, 32, 8, 98, 53, 44, 31, 26, 48]",[],10,10,"[""clip""]",../main/re_result_6-29_APRA/cifar100_500_Jul.02_14.28.31_clip_fix_True_no-mia_no-mia-class_no-noise_modelreplace_5/agg_records/pkl/round_0229_clip.pkl
230,clip,success,"[1, 92, 48, 79, 61, 41, 75, 86, 70, 3]","[1, 92, 48, 79, 61, 41, 75, 86, 70, 3]",[],10,10,"[""clip""]",../main/re_result_6-29_APRA/cifar100_500_Jul.02_14.28.31_clip_fix_True_no-mia_no-mia-class_no-noise_modelreplace_5/agg_records/pkl/round_0230_clip.pkl
231,clip,success,"[4, 51, 21, 65, 24, 94, 91, 16, 77, 52]","[4, 51, 21, 65, 24, 94, 91, 16, 77, 52]",[],10,10,"[""clip""]",../main/re_result_6-29_APRA/cifar100_500_Jul.02_14.28.31_clip_fix_True_no-mia_no-mia-class_no-noise_modelreplace_5/agg_records/pkl/round_0231_clip.pkl
232,clip,success,"[0, 68, 63, 72, 98, 81, 42, 82, 61, 65]","[0, 68, 63, 72, 98, 81, 42, 82, 61, 65]",[],10,10,"[""clip""]",../main/re_result_6-29_APRA/cifar100_500_Jul.02_14.28.31_clip_fix_True_no-mia_no-mia-class_no-noise_modelreplace_5/agg_records/pkl/round_0232_clip.pkl
233,clip,success,"[4, 19, 90, 61, 25, 60, 55, 32, 7, 76]","[4, 19, 90, 61, 25, 60, 55, 32, 7, 76]",[],10,10,"[""clip""]",../main/re_result_6-29_APRA/cifar100_500_Jul.02_14.28.31_clip_fix_True_no-mia_no-mia-class_no-noise_modelreplace_5/agg_records/pkl/round_0233_clip.pkl
234,clip,success,"[3, 59, 29, 75, 83, 66, 93, 32, 56, 50]","[3, 59, 29, 75, 83, 66, 93, 32, 56, 50]",[],10,10,"[""clip""]",../main/re_result_6-29_APRA/cifar100_500_Jul.02_14.28.31_clip_fix_True_no-mia_no-mia-class_no-noise_modelreplace_5/agg_records/pkl/round_0234_clip.pkl
235,clip,success,"[3, 4, 73, 64, 85, 65, 42, 43, 1, 97]","[3, 4, 73, 64, 85, 65, 42, 43, 1, 97]",[],10,10,"[""clip""]",../main/re_result_6-29_APRA/cifar100_500_Jul.02_14.28.31_clip_fix_True_no-mia_no-mia-class_no-noise_modelreplace_5/agg_records/pkl/round_0235_clip.pkl
236,clip,success,"[0, 88, 83, 38, 36, 47, 85, 6, 57, 91]","[0, 88, 83, 38, 36, 47, 85, 6, 57, 91]",[],10,10,"[""clip""]",../main/re_result_6-29_APRA/cifar100_500_Jul.02_14.28.31_clip_fix_True_no-mia_no-mia-class_no-noise_modelreplace_5/agg_records/pkl/round_0236_clip.pkl
237,clip,success,"[1, 77, 52, 21, 79, 94, 99, 95, 4, 88]","[1, 77, 52, 21, 79, 94, 99, 95, 4, 88]",[],10,10,"[""clip""]",../main/re_result_6-29_APRA/cifar100_500_Jul.02_14.28.31_clip_fix_True_no-mia_no-mia-class_no-noise_modelreplace_5/agg_records/pkl/round_0237_clip.pkl
238,clip,success,"[0, 3, 57, 79, 30, 91, 24, 89, 19, 52]","[0, 3, 57, 79, 30, 91, 24, 89, 19, 52]",[],10,10,"[""clip""]",../main/re_result_6-29_APRA/cifar100_500_Jul.02_14.28.31_clip_fix_True_no-mia_no-mia-class_no-noise_modelreplace_5/agg_records/pkl/round_0238_clip.pkl
239,clip,success,"[2, 19, 58, 67, 21, 45, 38, 50, 31, 3]","[2, 19, 58, 67, 21, 45, 38, 50, 31, 3]",[],10,10,"[""clip""]",../main/re_result_6-29_APRA/cifar100_500_Jul.02_14.28.31_clip_fix_True_no-mia_no-mia-class_no-noise_modelreplace_5/agg_records/pkl/round_0239_clip.pkl
240,clip,success,"[2, 80, 39, 86, 11, 95, 45, 55, 64, 16]","[2, 80, 39, 86, 11, 95, 45, 55, 64, 16]",[],10,10,"[""clip""]",../main/re_result_6-29_APRA/cifar100_500_Jul.02_14.28.31_clip_fix_True_no-mia_no-mia-class_no-noise_modelreplace_5/agg_records/pkl/round_0240_clip.pkl
241,clip,success,"[0, 59, 57, 41, 27, 75, 71, 99, 93, 22]","[0, 59, 57, 41, 27, 75, 71, 99, 93, 22]",[],10,10,"[""clip""]",../main/re_result_6-29_APRA/cifar100_500_Jul.02_14.28.31_clip_fix_True_no-mia_no-mia-class_no-noise_modelreplace_5/agg_records/pkl/round_0241_clip.pkl
242,clip,success,"[2, 82, 41, 71, 12, 92, 76, 59, 86, 5]","[2, 82, 41, 71, 12, 92, 76, 59, 86, 5]",[],10,10,"[""clip""]",../main/re_result_6-29_APRA/cifar100_500_Jul.02_14.28.31_clip_fix_True_no-mia_no-mia-class_no-noise_modelreplace_5/agg_records/pkl/round_0242_clip.pkl
243,clip,success,"[4, 86, 65, 39, 0, 64, 43, 92, 41, 98]","[4, 86, 65, 39, 0, 64, 43, 92, 41, 98]",[],10,10,"[""clip""]",../main/re_result_6-29_APRA/cifar100_500_Jul.02_14.28.31_clip_fix_True_no-mia_no-mia-class_no-noise_modelreplace_5/agg_records/pkl/round_0243_clip.pkl
244,clip,success,"[1, 89, 71, 0, 47, 26, 95, 51, 44, 80]","[1, 89, 71, 0, 47, 26, 95, 51, 44, 80]",[],10,10,"[""clip""]",../main/re_result_6-29_APRA/cifar100_500_Jul.02_14.28.31_clip_fix_True_no-mia_no-mia-class_no-noise_modelreplace_5/agg_records/pkl/round_0244_clip.pkl
245,clip,success,"[3, 19, 56, 67, 28, 80, 48, 5, 99, 59]","[3, 19, 56, 67, 28, 80, 48, 5, 99, 59]",[],10,10,"[""clip""]",../main/re_result_6-29_APRA/cifar100_500_Jul.02_14.28.31_clip_fix_True_no-mia_no-mia-class_no-noise_modelreplace_5/agg_records/pkl/round_0245_clip.pkl
246,clip,success,"[0, 45, 11, 25, 6, 53, 78, 54, 58, 24]","[0, 45, 11, 25, 6, 53, 78, 54, 58, 24]",[],10,10,"[""clip""]",../main/re_result_6-29_APRA/cifar100_500_Jul.02_14.28.31_clip_fix_True_no-mia_no-mia-class_no-noise_modelreplace_5/agg_records/pkl/round_0246_clip.pkl
247,clip,success,"[0, 17, 69, 14, 41, 50, 71, 32, 58, 4]","[0, 17, 69, 14, 41, 50, 71, 32, 58, 4]",[],10,10,"[""clip""]",../main/re_result_6-29_APRA/cifar100_500_Jul.02_14.28.31_clip_fix_True_no-mia_no-mia-class_no-noise_modelreplace_5/agg_records/pkl/round_0247_clip.pkl
248,clip,success,"[1, 62, 67, 43, 29, 58, 73, 72, 99, 20]","[1, 62, 67, 43, 29, 58, 73, 72, 99, 20]",[],10,10,"[""clip""]",../main/re_result_6-29_APRA/cifar100_500_Jul.02_14.28.31_clip_fix_True_no-mia_no-mia-class_no-noise_modelreplace_5/agg_records/pkl/round_0248_clip.pkl
249,clip,success,"[0, 37, 93, 74, 22, 40, 11, 29, 61, 14]","[0, 37, 93, 74, 22, 40, 11, 29, 61, 14]",[],10,10,"[""clip""]",../main/re_result_6-29_APRA/cifar100_500_Jul.02_14.28.31_clip_fix_True_no-mia_no-mia-class_no-noise_modelreplace_5/agg_records/pkl/round_0249_clip.pkl
250,clip,success,"[3, 31, 0, 55, 89, 25, 73, 5, 68, 48]","[3, 31, 0, 55, 89, 25, 73, 5, 68, 48]",[],10,10,"[""clip""]",../main/re_result_6-29_APRA/cifar100_500_Jul.02_14.28.31_clip_fix_True_no-mia_no-mia-class_no-noise_modelreplace_5/agg_records/pkl/round_0250_clip.pkl
251,clip,success,"[4, 28, 5, 53, 72, 34, 88, 65, 27, 55]","[4, 28, 5, 53, 72, 34, 88, 65, 27, 55]",[],10,10,"[""clip""]",../main/re_result_6-29_APRA/cifar100_500_Jul.02_14.28.31_clip_fix_True_no-mia_no-mia-class_no-noise_modelreplace_5/agg_records/pkl/round_0251_clip.pkl
252,clip,success,"[4, 16, 55, 57, 21, 26, 69, 51, 44, 86]","[4, 16, 55, 57, 21, 26, 69, 51, 44, 86]",[],10,10,"[""clip""]",../main/re_result_6-29_APRA/cifar100_500_Jul.02_14.28.31_clip_fix_True_no-mia_no-mia-class_no-noise_modelreplace_5/agg_records/pkl/round_0252_clip.pkl
253,clip,success,"[3, 6, 52, 61, 62, 48, 45, 73, 46, 58]","[3, 6, 52, 61, 62, 48, 45, 73, 46, 58]",[],10,10,"[""clip""]",../main/re_result_6-29_APRA/cifar100_500_Jul.02_14.28.31_clip_fix_True_no-mia_no-mia-class_no-noise_modelreplace_5/agg_records/pkl/round_0253_clip.pkl
254,clip,success,"[1, 95, 97, 42, 38, 13, 0, 41, 96, 82]","[1, 95, 97, 42, 38, 13, 0, 41, 96, 82]",[],10,10,"[""clip""]",../main/re_result_6-29_APRA/cifar100_500_Jul.02_14.28.31_clip_fix_True_no-mia_no-mia-class_no-noise_modelreplace_5/agg_records/pkl/round_0254_clip.pkl
255,clip,success,"[3, 62, 85, 17, 46, 1, 38, 6, 23, 43]","[3, 62, 85, 17, 46, 1, 38, 6, 23, 43]",[],10,10,"[""clip""]",../main/re_result_6-29_APRA/cifar100_500_Jul.02_14.28.31_clip_fix_True_no-mia_no-mia-class_no-noise_modelreplace_5/agg_records/pkl/round_0255_clip.pkl
256,clip,success,"[4, 84, 79, 95, 65, 71, 9, 3, 81, 70]","[4, 84, 79, 95, 65, 71, 9, 3, 81, 70]",[],10,10,"[""clip""]",../main/re_result_6-29_APRA/cifar100_500_Jul.02_14.28.31_clip_fix_True_no-mia_no-mia-class_no-noise_modelreplace_5/agg_records/pkl/round_0256_clip.pkl
257,clip,success,"[2, 42, 68, 58, 20, 28, 44, 63, 65, 38]","[2, 42, 68, 58, 20, 28, 44, 63, 65, 38]",[],10,10,"[""clip""]",../main/re_result_6-29_APRA/cifar100_500_Jul.02_14.28.31_clip_fix_True_no-mia_no-mia-class_no-noise_modelreplace_5/agg_records/pkl/round_0257_clip.pkl
258,clip,success,"[2, 61, 81, 20, 6, 68, 3, 37, 15, 11]","[2, 61, 81, 20, 6, 68, 3, 37, 15, 11]",[],10,10,"[""clip""]",../main/re_result_6-29_APRA/cifar100_500_Jul.02_14.28.31_clip_fix_True_no-mia_no-mia-class_no-noise_modelreplace_5/agg_records/pkl/round_0258_clip.pkl
259,clip,success,"[2, 8, 60, 95, 98, 39, 75, 32, 15, 52]","[2, 8, 60, 95, 98, 39, 75, 32, 15, 52]",[],10,10,"[""clip""]",../main/re_result_6-29_APRA/cifar100_500_Jul.02_14.28.31_clip_fix_True_no-mia_no-mia-class_no-noise_modelreplace_5/agg_records/pkl/round_0259_clip.pkl
260,clip,success,"[3, 1, 67, 86, 16, 55, 99, 88, 15, 12]","[3, 1, 67, 86, 16, 55, 99, 88, 15, 12]",[],10,10,"[""clip""]",../main/re_result_6-29_APRA/cifar100_500_Jul.02_14.28.31_clip_fix_True_no-mia_no-mia-class_no-noise_modelreplace_5/agg_records/pkl/round_0260_clip.pkl
261,clip,success,"[2, 82, 47, 81, 49, 56, 12, 30, 83, 37]","[2, 82, 47, 81, 49, 56, 12, 30, 83, 37]",[],10,10,"[""clip""]",../main/re_result_6-29_APRA/cifar100_500_Jul.02_14.28.31_clip_fix_True_no-mia_no-mia-class_no-noise_modelreplace_5/agg_records/pkl/round_0261_clip.pkl
262,clip,success,"[0, 91, 36, 57, 85, 84, 46, 6, 40, 43]","[0, 91, 36, 57, 85, 84, 46, 6, 40, 43]",[],10,10,"[""clip""]",../main/re_result_6-29_APRA/cifar100_500_Jul.02_14.28.31_clip_fix_True_no-mia_no-mia-class_no-noise_modelreplace_5/agg_records/pkl/round_0262_clip.pkl
263,clip,success,"[4, 39, 5, 83, 71, 76, 18, 17, 81, 62]","[4, 39, 5, 83, 71, 76, 18, 17, 81, 62]",[],10,10,"[""clip""]",../main/re_result_6-29_APRA/cifar100_500_Jul.02_14.28.31_clip_fix_True_no-mia_no-mia-class_no-noise_modelreplace_5/agg_records/pkl/round_0263_clip.pkl
264,clip,success,"[0, 52, 74, 80, 88, 5, 84, 50, 40, 78]","[0, 52, 74, 80, 88, 5, 84, 50, 40, 78]",[],10,10,"[""clip""]",../main/re_result_6-29_APRA/cifar100_500_Jul.02_14.28.31_clip_fix_True_no-mia_no-mia-class_no-noise_modelreplace_5/agg_records/pkl/round_0264_clip.pkl
265,clip,success,"[2, 80, 31, 43, 56, 84, 45, 95, 90, 65]","[2, 80, 31, 43, 56, 84, 45, 95, 90, 65]",[],10,10,"[""clip""]",../main/re_result_6-29_APRA/cifar100_500_Jul.02_14.28.31_clip_fix_True_no-mia_no-mia-class_no-noise_modelreplace_5/agg_records/pkl/round_0265_clip.pkl
266,clip,success,"[0, 87, 29, 84, 51, 28, 72, 52, 38, 63]","[0, 87, 29, 84, 51, 28, 72, 52, 38, 63]",[],10,10,"[""clip""]",../main/re_result_6-29_APRA/cifar100_500_Jul.02_14.28.31_clip_fix_True_no-mia_no-mia-class_no-noise_modelreplace_5/agg_records/pkl/round_0266_clip.pkl
267,clip,success,"[1, 22, 39, 47, 42, 99, 66, 96, 13, 63]","[1, 22, 39, 47, 42, 99, 66, 96, 13, 63]",[],10,10,"[""clip""]",../main/re_result_6-29_APRA/cifar100_500_Jul.02_14.28.31_clip_fix_True_no-mia_no-mia-class_no-noise_modelreplace_5/agg_records/pkl/round_0267_clip.pkl
268,clip,success,"[0, 68, 94, 29, 31, 45, 9, 98, 99, 38]","[0, 68, 94, 29, 31, 45, 9, 98, 99, 38]",[],10,10,"[""clip""]",../main/re_result_6-29_APRA/cifar100_500_Jul.02_14.28.31_clip_fix_True_no-mia_no-mia-class_no-noise_modelreplace_5/agg_records/pkl/round_0268_clip.pkl
269,clip,success,"[1, 34, 35, 83, 82, 79, 81, 91, 53, 52]","[1, 34, 35, 83, 82, 79, 81, 91, 53, 52]",[],10,10,"[""clip""]",../main/re_result_6-29_APRA/cifar100_500_Jul.02_14.28.31_clip_fix_True_no-mia_no-mia-class_no-noise_modelreplace_5/agg_records/pkl/round_0269_clip.pkl
270,clip,success,"[1, 86, 78, 5, 99, 6, 94, 34, 46, 28]","[1, 86, 78, 5, 99, 6, 94, 34, 46, 28]",[],10,10,"[""clip""]",../main/re_result_6-29_APRA/cifar100_500_Jul.02_14.28.31_clip_fix_True_no-mia_no-mia-class_no-noise_modelreplace_5/agg_records/pkl/round_0270_clip.pkl
271,clip,success,"[4, 91, 71, 2, 35, 90, 93, 98, 70, 95]","[4, 91, 71, 2, 35, 90, 93, 98, 70, 95]",[],10,10,"[""clip""]",../main/re_result_6-29_APRA/cifar100_500_Jul.02_14.28.31_clip_fix_True_no-mia_no-mia-class_no-noise_modelreplace_5/agg_records/pkl/round_0271_clip.pkl
272,clip,success,"[3, 64, 81, 22, 41, 14, 39, 1, 88, 74]","[3, 64, 81, 22, 41, 14, 39, 1, 88, 74]",[],10,10,"[""clip""]",../main/re_result_6-29_APRA/cifar100_500_Jul.02_14.28.31_clip_fix_True_no-mia_no-mia-class_no-noise_modelreplace_5/agg_records/pkl/round_0272_clip.pkl
273,clip,success,"[3, 15, 95, 57, 7, 73, 75, 65, 58, 27]","[3, 15, 95, 57, 7, 73, 75, 65, 58, 27]",[],10,10,"[""clip""]",../main/re_result_6-29_APRA/cifar100_500_Jul.02_14.28.31_clip_fix_True_no-mia_no-mia-class_no-noise_modelreplace_5/agg_records/pkl/round_0273_clip.pkl
274,clip,success,"[0, 64, 2, 76, 65, 15, 51, 53, 69, 72]","[0, 64, 2, 76, 65, 15, 51, 53, 69, 72]",[],10,10,"[""clip""]",../main/re_result_6-29_APRA/cifar100_500_Jul.02_14.28.31_clip_fix_True_no-mia_no-mia-class_no-noise_modelreplace_5/agg_records/pkl/round_0274_clip.pkl
275,clip,success,"[0, 29, 3, 30, 81, 70, 38, 49, 78, 14]","[0, 29, 3, 30, 81, 70, 38, 49, 78, 14]",[],10,10,"[""clip""]",../main/re_result_6-29_APRA/cifar100_500_Jul.02_14.28.31_clip_fix_True_no-mia_no-mia-class_no-noise_modelreplace_5/agg_records/pkl/round_0275_clip.pkl
276,clip,success,"[1, 71, 13, 47, 7, 49, 33, 42, 34, 53]","[1, 71, 13, 47, 7, 49, 33, 42, 34, 53]",[],10,10,"[""clip""]",../main/re_result_6-29_APRA/cifar100_500_Jul.02_14.28.31_clip_fix_True_no-mia_no-mia-class_no-noise_modelreplace_5/agg_records/pkl/round_0276_clip.pkl
277,clip,success,"[3, 20, 48, 57, 30, 15, 45, 29, 54, 14]","[3, 20, 48, 57, 30, 15, 45, 29, 54, 14]",[],10,10,"[""clip""]",../main/re_result_6-29_APRA/cifar100_500_Jul.02_14.28.31_clip_fix_True_no-mia_no-mia-class_no-noise_modelreplace_5/agg_records/pkl/round_0277_clip.pkl
278,clip,success,"[1, 57, 52, 76, 65, 58, 51, 23, 99, 21]","[1, 57, 52, 76, 65, 58, 51, 23, 99, 21]",[],10,10,"[""clip""]",../main/re_result_6-29_APRA/cifar100_500_Jul.02_14.28.31_clip_fix_True_no-mia_no-mia-class_no-noise_modelreplace_5/agg_records/pkl/round_0278_clip.pkl
279,clip,success,"[4, 46, 64, 96, 82, 75, 40, 63, 36, 47]","[4, 46, 64, 96, 82, 75, 40, 63, 36, 47]",[],10,10,"[""clip""]",../main/re_result_6-29_APRA/cifar100_500_Jul.02_14.28.31_clip_fix_True_no-mia_no-mia-class_no-noise_modelreplace_5/agg_records/pkl/round_0279_clip.pkl
280,clip,success,"[0, 72, 8, 81, 73, 83, 65, 79, 58, 16]","[0, 72, 8, 81, 73, 83, 65, 79, 58, 16]",[],10,10,"[""clip""]",../main/re_result_6-29_APRA/cifar100_500_Jul.02_14.28.31_clip_fix_True_no-mia_no-mia-class_no-noise_modelreplace_5/agg_records/pkl/round_0280_clip.pkl
281,clip,success,"[3, 30, 84, 29, 12, 98, 44, 64, 13, 55]","[3, 30, 84, 29, 12, 98, 44, 64, 13, 55]",[],10,10,"[""clip""]",../main/re_result_6-29_APRA/cifar100_500_Jul.02_14.28.31_clip_fix_True_no-mia_no-mia-class_no-noise_modelreplace_5/agg_records/pkl/round_0281_clip.pkl
282,clip,success,"[0, 36, 23, 49, 11, 34, 99, 33, 58, 12]","[0, 36, 23, 49, 11, 34, 99, 33, 58, 12]",[],10,10,"[""clip""]",../main/re_result_6-29_APRA/cifar100_500_Jul.02_14.28.31_clip_fix_True_no-mia_no-mia-class_no-noise_modelreplace_5/agg_records/pkl/round_0282_clip.pkl
283,clip,success,"[3, 43, 5, 34, 99, 14, 48, 24, 56, 37]","[3, 43, 5, 34, 99, 14, 48, 24, 56, 37]",[],10,10,"[""clip""]",../main/re_result_6-29_APRA/cifar100_500_Jul.02_14.28.31_clip_fix_True_no-mia_no-mia-class_no-noise_modelreplace_5/agg_records/pkl/round_0283_clip.pkl
284,clip,success,"[2, 88, 85, 65, 95, 82, 19, 77, 54, 37]","[2, 88, 85, 65, 95, 82, 19, 77, 54, 37]",[],10,10,"[""clip""]",../main/re_result_6-29_APRA/cifar100_500_Jul.02_14.28.31_clip_fix_True_no-mia_no-mia-class_no-noise_modelreplace_5/agg_records/pkl/round_0284_clip.pkl
285,clip,success,"[2, 33, 12, 85, 87, 74, 15, 29, 94, 60]","[2, 33, 12, 85, 87, 74, 15, 29, 94, 60]",[],10,10,"[""clip""]",../main/re_result_6-29_APRA/cifar100_500_Jul.02_14.28.31_clip_fix_True_no-mia_no-mia-class_no-noise_modelreplace_5/agg_records/pkl/round_0285_clip.pkl
286,clip,success,"[4, 6, 33, 77, 65, 63, 55, 18, 2, 78]","[4, 6, 33, 77, 65, 63, 55, 18, 2, 78]",[],10,10,"[""clip""]",../main/re_result_6-29_APRA/cifar100_500_Jul.02_14.28.31_clip_fix_True_no-mia_no-mia-class_no-noise_modelreplace_5/agg_records/pkl/round_0286_clip.pkl
287,clip,success,"[1, 71, 25, 57, 32, 77, 51, 42, 95, 22]","[1, 71, 25, 57, 32, 77, 51, 42, 95, 22]",[],10,10,"[""clip""]",../main/re_result_6-29_APRA/cifar100_500_Jul.02_14.28.31_clip_fix_True_no-mia_no-mia-class_no-noise_modelreplace_5/agg_records/pkl/round_0287_clip.pkl
288,clip,success,"[2, 23, 61, 86, 54, 0, 91, 63, 37, 85]","[2, 23, 61, 86, 54, 0, 91, 63, 37, 85]",[],10,10,"[""clip""]",../main/re_result_6-29_APRA/cifar100_500_Jul.02_14.28.31_clip_fix_True_no-mia_no-mia-class_no-noise_modelreplace_5/agg_records/pkl/round_0288_clip.pkl
289,clip,success,"[0, 40, 56, 34, 98, 35, 1, 22, 89, 16]","[0, 40, 56, 34, 98, 35, 1, 22, 89, 16]",[],10,10,"[""clip""]",../main/re_result_6-29_APRA/cifar100_500_Jul.02_14.28.31_clip_fix_True_no-mia_no-mia-class_no-noise_modelreplace_5/agg_records/pkl/round_0289_clip.pkl
290,clip,success,"[1, 46, 25, 37, 20, 42, 44, 50, 12, 72]","[1, 46, 25, 37, 20, 42, 44, 50, 12, 72]",[],10,10,"[""clip""]",../main/re_result_6-29_APRA/cifar100_500_Jul.02_14.28.31_clip_fix_True_no-mia_no-mia-class_no-noise_modelreplace_5/agg_records/pkl/round_0290_clip.pkl
291,clip,success,"[1, 19, 56, 93, 20, 12, 27, 69, 33, 16]","[1, 19, 56, 93, 20, 12, 27, 69, 33, 16]",[],10,10,"[""clip""]",../main/re_result_6-29_APRA/cifar100_500_Jul.02_14.28.31_clip_fix_True_no-mia_no-mia-class_no-noise_modelreplace_5/agg_records/pkl/round_0291_clip.pkl
292,clip,success,"[2, 45, 10, 1, 74, 86, 46, 35, 17, 81]","[2, 45, 10, 1, 74, 86, 46, 35, 17, 81]",[],10,10,"[""clip""]",../main/re_result_6-29_APRA/cifar100_500_Jul.02_14.28.31_clip_fix_True_no-mia_no-mia-class_no-noise_modelreplace_5/agg_records/pkl/round_0292_clip.pkl
293,clip,success,"[2, 99, 19, 62, 44, 0, 48, 52, 70, 65]","[2, 99, 19, 62, 44, 0, 48, 52, 70, 65]",[],10,10,"[""clip""]",../main/re_result_6-29_APRA/cifar100_500_Jul.02_14.28.31_clip_fix_True_no-mia_no-mia-class_no-noise_modelreplace_5/agg_records/pkl/round_0293_clip.pkl
294,clip,success,"[0, 66, 36, 83, 68, 23, 90, 2, 57, 21]","[0, 66, 36, 83, 68, 23, 90, 2, 57, 21]",[],10,10,"[""clip""]",../main/re_result_6-29_APRA/cifar100_500_Jul.02_14.28.31_clip_fix_True_no-mia_no-mia-class_no-noise_modelreplace_5/agg_records/pkl/round_0294_clip.pkl
295,clip,success,"[3, 10, 20, 51, 25, 27, 40, 5, 89, 85]","[3, 10, 20, 51, 25, 27, 40, 5, 89, 85]",[],10,10,"[""clip""]",../main/re_result_6-29_APRA/cifar100_500_Jul.02_14.28.31_clip_fix_True_no-mia_no-mia-class_no-noise_modelreplace_5/agg_records/pkl/round_0295_clip.pkl
296,clip,success,"[1, 85, 80, 28, 63, 68, 14, 94, 32, 20]","[1, 85, 80, 28, 63, 68, 14, 94, 32, 20]",[],10,10,"[""clip""]",../main/re_result_6-29_APRA/cifar100_500_Jul.02_14.28.31_clip_fix_True_no-mia_no-mia-class_no-noise_modelreplace_5/agg_records/pkl/round_0296_clip.pkl
297,clip,success,"[3, 61, 21, 58, 32, 20, 53, 17, 93, 55]","[3, 61, 21, 58, 32, 20, 53, 17, 93, 55]",[],10,10,"[""clip""]",../main/re_result_6-29_APRA/cifar100_500_Jul.02_14.28.31_clip_fix_True_no-mia_no-mia-class_no-noise_modelreplace_5/agg_records/pkl/round_0297_clip.pkl
298,clip,success,"[3, 38, 56, 79, 43, 65, 66, 16, 75, 82]","[3, 38, 56, 79, 43, 65, 66, 16, 75, 82]",[],10,10,"[""clip""]",../main/re_result_6-29_APRA/cifar100_500_Jul.02_14.28.31_clip_fix_True_no-mia_no-mia-class_no-noise_modelreplace_5/agg_records/pkl/round_0298_clip.pkl
299,clip,success,"[2, 98, 50, 69, 58, 82, 91, 59, 97, 38]","[2, 98, 50, 69, 58, 82, 91, 59, 97, 38]",[],10,10,"[""clip""]",../main/re_result_6-29_APRA/cifar100_500_Jul.02_14.28.31_clip_fix_True_no-mia_no-mia-class_no-noise_modelreplace_5/agg_records/pkl/round_0299_clip.pkl
300,clip,success,"[4, 88, 20, 74, 38, 35, 78, 79, 25, 10]","[4, 88, 20, 74, 38, 35, 78, 79, 25, 10]",[],10,10,"[""clip""]",../main/re_result_6-29_APRA/cifar100_500_Jul.02_14.28.31_clip_fix_True_no-mia_no-mia-class_no-noise_modelreplace_5/agg_records/pkl/round_0300_clip.pkl
301,clip,success,"[1, 54, 63, 45, 82, 64, 21, 94, 97, 52]","[1, 54, 63, 45, 82, 64, 21, 94, 97, 52]",[],10,10,"[""clip""]",../main/re_result_6-29_APRA/cifar100_500_Jul.02_14.28.31_clip_fix_True_no-mia_no-mia-class_no-noise_modelreplace_5/agg_records/pkl/round_0301_clip.pkl
302,clip,success,"[3, 65, 34, 91, 78, 0, 88, 43, 30, 52]","[3, 65, 34, 91, 78, 0, 88, 43, 30, 52]",[],10,10,"[""clip""]",../main/re_result_6-29_APRA/cifar100_500_Jul.02_14.28.31_clip_fix_True_no-mia_no-mia-class_no-noise_modelreplace_5/agg_records/pkl/round_0302_clip.pkl
303,clip,success,"[3, 57, 83, 65, 27, 98, 24, 5, 25, 10]","[3, 57, 83, 65, 27, 98, 24, 5, 25, 10]",[],10,10,"[""clip""]",../main/re_result_6-29_APRA/cifar100_500_Jul.02_14.28.31_clip_fix_True_no-mia_no-mia-class_no-noise_modelreplace_5/agg_records/pkl/round_0303_clip.pkl
304,clip,success,"[3, 16, 92, 27, 14, 62, 58, 77, 1, 44]","[3, 16, 92, 27, 14, 62, 58, 77, 1, 44]",[],10,10,"[""clip""]",../main/re_result_6-29_APRA/cifar100_500_Jul.02_14.28.31_clip_fix_True_no-mia_no-mia-class_no-noise_modelreplace_5/agg_records/pkl/round_0304_clip.pkl
305,clip,success,"[1, 39, 6, 27, 71, 88, 69, 29, 25, 26]","[1, 39, 6, 27, 71, 88, 69, 29, 25, 26]",[],10,10,"[""clip""]",../main/re_result_6-29_APRA/cifar100_500_Jul.02_14.28.31_clip_fix_True_no-mia_no-mia-class_no-noise_modelreplace_5/agg_records/pkl/round_0305_clip.pkl
306,clip,success,"[0, 84, 41, 86, 94, 13, 66, 3, 14, 51]","[0, 84, 41, 86, 94, 13, 66, 3, 14, 51]",[],10,10,"[""clip""]",../main/re_result_6-29_APRA/cifar100_500_Jul.02_14.28.31_clip_fix_True_no-mia_no-mia-class_no-noise_modelreplace_5/agg_records/pkl/round_0306_clip.pkl
307,clip,success,"[3, 36, 70, 1, 21, 32, 55, 18, 69, 8]","[3, 36, 70, 1, 21, 32, 55, 18, 69, 8]",[],10,10,"[""clip""]",../main/re_result_6-29_APRA/cifar100_500_Jul.02_14.28.31_clip_fix_True_no-mia_no-mia-class_no-noise_modelreplace_5/agg_records/pkl/round_0307_clip.pkl
308,clip,success,"[0, 77, 29, 65, 68, 89, 95, 79, 83, 47]","[0, 77, 29, 65, 68, 89, 95, 79, 83, 47]",[],10,10,"[""clip""]",../main/re_result_6-29_APRA/cifar100_500_Jul.02_14.28.31_clip_fix_True_no-mia_no-mia-class_no-noise_modelreplace_5/agg_records/pkl/round_0308_clip.pkl
309,clip,success,"[1, 10, 15, 46, 36, 86, 31, 73, 62, 70]","[1, 10, 15, 46, 36, 86, 31, 73, 62, 70]",[],10,10,"[""clip""]",../main/re_result_6-29_APRA/cifar100_500_Jul.02_14.28.31_clip_fix_True_no-mia_no-mia-class_no-noise_modelreplace_5/agg_records/pkl/round_0309_clip.pkl
310,clip,success,"[0, 47, 63, 32, 34, 12, 41, 75, 11, 3]","[0, 47, 63, 32, 34, 12, 41, 75, 11, 3]",[],10,10,"[""clip""]",../main/re_result_6-29_APRA/cifar100_500_Jul.02_14.28.31_clip_fix_True_no-mia_no-mia-class_no-noise_modelreplace_5/agg_records/pkl/round_0310_clip.pkl
311,clip,success,"[3, 55, 1, 65, 54, 24, 31, 92, 49, 46]","[3, 55, 1, 65, 54, 24, 31, 92, 49, 46]",[],10,10,"[""clip""]",../main/re_result_6-29_APRA/cifar100_500_Jul.02_14.28.31_clip_fix_True_no-mia_no-mia-class_no-noise_modelreplace_5/agg_records/pkl/round_0311_clip.pkl
312,clip,success,"[0, 38, 51, 5, 19, 53, 84, 23, 40, 64]","[0, 38, 51, 5, 19, 53, 84, 23, 40, 64]",[],10,10,"[""clip""]",../main/re_result_6-29_APRA/cifar100_500_Jul.02_14.28.31_clip_fix_True_no-mia_no-mia-class_no-noise_modelreplace_5/agg_records/pkl/round_0312_clip.pkl
313,clip,success,"[4, 82, 78, 17, 19, 44, 14, 71, 90, 55]","[4, 82, 78, 17, 19, 44, 14, 71, 90, 55]",[],10,10,"[""clip""]",../main/re_result_6-29_APRA/cifar100_500_Jul.02_14.28.31_clip_fix_True_no-mia_no-mia-class_no-noise_modelreplace_5/agg_records/pkl/round_0313_clip.pkl
314,clip,success,"[0, 32, 44, 6, 54, 17, 9, 8, 68, 38]","[0, 32, 44, 6, 54, 17, 9, 8, 68, 38]",[],10,10,"[""clip""]",../main/re_result_6-29_APRA/cifar100_500_Jul.02_14.28.31_clip_fix_True_no-mia_no-mia-class_no-noise_modelreplace_5/agg_records/pkl/round_0314_clip.pkl
315,clip,success,"[0, 10, 42, 62, 79, 75, 64, 84, 3, 51]","[0, 10, 42, 62, 79, 75, 64, 84, 3, 51]",[],10,10,"[""clip""]",../main/re_result_6-29_APRA/cifar100_500_Jul.02_14.28.31_clip_fix_True_no-mia_no-mia-class_no-noise_modelreplace_5/agg_records/pkl/round_0315_clip.pkl
316,clip,success,"[1, 91, 79, 68, 9, 5, 73, 62, 83, 46]","[1, 91, 79, 68, 9, 5, 73, 62, 83, 46]",[],10,10,"[""clip""]",../main/re_result_6-29_APRA/cifar100_500_Jul.02_14.28.31_clip_fix_True_no-mia_no-mia-class_no-noise_modelreplace_5/agg_records/pkl/round_0316_clip.pkl
317,clip,success,"[1, 55, 68, 51, 54, 48, 7, 69, 28, 71]","[1, 55, 68, 51, 54, 48, 7, 69, 28, 71]",[],10,10,"[""clip""]",../main/re_result_6-29_APRA/cifar100_500_Jul.02_14.28.31_clip_fix_True_no-mia_no-mia-class_no-noise_modelreplace_5/agg_records/pkl/round_0317_clip.pkl
318,clip,success,"[0, 98, 51, 72, 87, 21, 15, 38, 6, 57]","[0, 98, 51, 72, 87, 21, 15, 38, 6, 57]",[],10,10,"[""clip""]",../main/re_result_6-29_APRA/cifar100_500_Jul.02_14.28.31_clip_fix_True_no-mia_no-mia-class_no-noise_modelreplace_5/agg_records/pkl/round_0318_clip.pkl
319,clip,success,"[1, 61, 26, 7, 68, 88, 59, 11, 36, 97]","[1, 61, 26, 7, 68, 88, 59, 11, 36, 97]",[],10,10,"[""clip""]",../main/re_result_6-29_APRA/cifar100_500_Jul.02_14.28.31_clip_fix_True_no-mia_no-mia-class_no-noise_modelreplace_5/agg_records/pkl/round_0319_clip.pkl
320,clip,success,"[1, 75, 3, 25, 80, 2, 78, 20, 4, 7]","[1, 75, 3, 25, 80, 2, 78, 20, 4, 7]",[],10,10,"[""clip""]",../main/re_result_6-29_APRA/cifar100_500_Jul.02_14.28.31_clip_fix_True_no-mia_no-mia-class_no-noise_modelreplace_5/agg_records/pkl/round_0320_clip.pkl
321,clip,success,"[2, 95, 86, 51, 23, 6, 62, 0, 81, 84]","[2, 95, 86, 51, 23, 6, 62, 0, 81, 84]",[],10,10,"[""clip""]",../main/re_result_6-29_APRA/cifar100_500_Jul.02_14.28.31_clip_fix_True_no-mia_no-mia-class_no-noise_modelreplace_5/agg_records/pkl/round_0321_clip.pkl
322,clip,success,"[2, 64, 37, 66, 42, 84, 58, 80, 67, 92]","[2, 64, 37, 66, 42, 84, 58, 80, 67, 92]",[],10,10,"[""clip""]",../main/re_result_6-29_APRA/cifar100_500_Jul.02_14.28.31_clip_fix_True_no-mia_no-mia-class_no-noise_modelreplace_5/agg_records/pkl/round_0322_clip.pkl
323,clip,success,"[4, 68, 79, 22, 9, 30, 60, 69, 16, 43]","[4, 68, 79, 22, 9, 30, 60, 69, 16, 43]",[],10,10,"[""clip""]",../main/re_result_6-29_APRA/cifar100_500_Jul.02_14.28.31_clip_fix_True_no-mia_no-mia-class_no-noise_modelreplace_5/agg_records/pkl/round_0323_clip.pkl
324,clip,success,"[1, 20, 77, 27, 23, 18, 74, 59, 86, 87]","[1, 20, 77, 27, 23, 18, 74, 59, 86, 87]",[],10,10,"[""clip""]",../main/re_result_6-29_APRA/cifar100_500_Jul.02_14.28.31_clip_fix_True_no-mia_no-mia-class_no-noise_modelreplace_5/agg_records/pkl/round_0324_clip.pkl
325,clip,success,"[1, 99, 42, 33, 5, 15, 38, 76, 86, 87]","[1, 99, 42, 33, 5, 15, 38, 76, 86, 87]",[],10,10,"[""clip""]",../main/re_result_6-29_APRA/cifar100_500_Jul.02_14.28.31_clip_fix_True_no-mia_no-mia-class_no-noise_modelreplace_5/agg_records/pkl/round_0325_clip.pkl
326,clip,success,"[1, 71, 88, 38, 63, 99, 48, 31, 83, 11]","[1, 71, 88, 38, 63, 99, 48, 31, 83, 11]",[],10,10,"[""clip""]",../main/re_result_6-29_APRA/cifar100_500_Jul.02_14.28.31_clip_fix_True_no-mia_no-mia-class_no-noise_modelreplace_5/agg_records/pkl/round_0326_clip.pkl
327,clip,success,"[4, 69, 52, 40, 47, 77, 35, 59, 70, 7]","[4, 69, 52, 40, 47, 77, 35, 59, 70, 7]",[],10,10,"[""clip""]",../main/re_result_6-29_APRA/cifar100_500_Jul.02_14.28.31_clip_fix_True_no-mia_no-mia-class_no-noise_modelreplace_5/agg_records/pkl/round_0327_clip.pkl
328,clip,success,"[0, 61, 81, 74, 23, 95, 35, 97, 55, 28]","[0, 61, 81, 74, 23, 95, 35, 97, 55, 28]",[],10,10,"[""clip""]",../main/re_result_6-29_APRA/cifar100_500_Jul.02_14.28.31_clip_fix_True_no-mia_no-mia-class_no-noise_modelreplace_5/agg_records/pkl/round_0328_clip.pkl
329,clip,success,"[3, 53, 77, 67, 31, 62, 45, 47, 82, 84]","[3, 53, 77, 67, 31, 62, 45, 47, 82, 84]",[],10,10,"[""clip""]",../main/re_result_6-29_APRA/cifar100_500_Jul.02_14.28.31_clip_fix_True_no-mia_no-mia-class_no-noise_modelreplace_5/agg_records/pkl/round_0329_clip.pkl
330,clip,success,"[2, 83, 3, 36, 44, 70, 32, 64, 47, 5]","[2, 83, 3, 36, 44, 70, 32, 64, 47, 5]",[],10,10,"[""clip""]",../main/re_result_6-29_APRA/cifar100_500_Jul.02_14.28.31_clip_fix_True_no-mia_no-mia-class_no-noise_modelreplace_5/agg_records/pkl/round_0330_clip.pkl
331,clip,success,"[0, 95, 64, 96, 60, 5, 79, 75, 7, 94]","[0, 95, 64, 96, 60, 5, 79, 75, 7, 94]",[],10,10,"[""clip""]",../main/re_result_6-29_APRA/cifar100_500_Jul.02_14.28.31_clip_fix_True_no-mia_no-mia-class_no-noise_modelreplace_5/agg_records/pkl/round_0331_clip.pkl
332,clip,success,"[1, 15, 57, 19, 13, 81, 10, 30, 99, 47]","[1, 15, 57, 19, 13, 81, 10, 30, 99, 47]",[],10,10,"[""clip""]",../main/re_result_6-29_APRA/cifar100_500_Jul.02_14.28.31_clip_fix_True_no-mia_no-mia-class_no-noise_modelreplace_5/agg_records/pkl/round_0332_clip.pkl
333,clip,success,"[4, 91, 65, 0, 37, 25, 27, 31, 15, 97]","[4, 91, 65, 0, 37, 25, 27, 31, 15, 97]",[],10,10,"[""clip""]",../main/re_result_6-29_APRA/cifar100_500_Jul.02_14.28.31_clip_fix_True_no-mia_no-mia-class_no-noise_modelreplace_5/agg_records/pkl/round_0333_clip.pkl
334,clip,success,"[2, 87, 54, 75, 34, 3, 15, 7, 11, 40]","[2, 87, 54, 75, 34, 3, 15, 7, 11, 40]",[],10,10,"[""clip""]",../main/re_result_6-29_APRA/cifar100_500_Jul.02_14.28.31_clip_fix_True_no-mia_no-mia-class_no-noise_modelreplace_5/agg_records/pkl/round_0334_clip.pkl
335,clip,success,"[3, 4, 12, 80, 87, 26, 27, 42, 24, 0]","[3, 4, 12, 80, 87, 26, 27, 42, 24, 0]",[],10,10,"[""clip""]",../main/re_result_6-29_APRA/cifar100_500_Jul.02_14.28.31_clip_fix_True_no-mia_no-mia-class_no-noise_modelreplace_5/agg_records/pkl/round_0335_clip.pkl
336,clip,success,"[3, 22, 23, 50, 7, 88, 73, 27, 10, 96]","[3, 22, 23, 50, 7, 88, 73, 27, 10, 96]",[],10,10,"[""clip""]",../main/re_result_6-29_APRA/cifar100_500_Jul.02_14.28.31_clip_fix_True_no-mia_no-mia-class_no-noise_modelreplace_5/agg_records/pkl/round_0336_clip.pkl
337,clip,success,"[2, 17, 98, 50, 52, 30, 15, 49, 13, 38]","[2, 17, 98, 50, 52, 30, 15, 49, 13, 38]",[],10,10,"[""clip""]",../main/re_result_6-29_APRA/cifar100_500_Jul.02_14.28.31_clip_fix_True_no-mia_no-mia-class_no-noise_modelreplace_5/agg_records/pkl/round_0337_clip.pkl
338,clip,success,"[0, 71, 20, 25, 14, 1, 9, 61, 11, 89]","[0, 71, 20, 25, 14, 1, 9, 61, 11, 89]",[],10,10,"[""clip""]",../main/re_result_6-29_APRA/cifar100_500_Jul.02_14.28.31_clip_fix_True_no-mia_no-mia-class_no-noise_modelreplace_5/agg_records/pkl/round_0338_clip.pkl
339,clip,success,"[3, 16, 78, 75, 38, 41, 60, 95, 33, 6]","[3, 16, 78, 75, 38, 41, 60, 95, 33, 6]",[],10,10,"[""clip""]",../main/re_result_6-29_APRA/cifar100_500_Jul.02_14.28.31_clip_fix_True_no-mia_no-mia-class_no-noise_modelreplace_5/agg_records/pkl/round_0339_clip.pkl
340,clip,success,"[2, 98, 15, 78, 86, 82, 74, 47, 4, 71]","[2, 98, 15, 78, 86, 82, 74, 47, 4, 71]",[],10,10,"[""clip""]",../main/re_result_6-29_APRA/cifar100_500_Jul.02_14.28.31_clip_fix_True_no-mia_no-mia-class_no-noise_modelreplace_5/agg_records/pkl/round_0340_clip.pkl
341,clip,success,"[0, 77, 91, 2, 1, 97, 43, 53, 99, 57]","[0, 77, 91, 2, 1, 97, 43, 53, 99, 57]",[],10,10,"[""clip""]",../main/re_result_6-29_APRA/cifar100_500_Jul.02_14.28.31_clip_fix_True_no-mia_no-mia-class_no-noise_modelreplace_5/agg_records/pkl/round_0341_clip.pkl
342,clip,success,"[1, 82, 46, 21, 54, 29, 47, 77, 48, 12]","[1, 82, 46, 21, 54, 29, 47, 77, 48, 12]",[],10,10,"[""clip""]",../main/re_result_6-29_APRA/cifar100_500_Jul.02_14.28.31_clip_fix_True_no-mia_no-mia-class_no-noise_modelreplace_5/agg_records/pkl/round_0342_clip.pkl
343,clip,success,"[3, 56, 31, 47, 24, 34, 15, 84, 4, 20]","[3, 56, 31, 47, 24, 34, 15, 84, 4, 20]",[],10,10,"[""clip""]",../main/re_result_6-29_APRA/cifar100_500_Jul.02_14.28.31_clip_fix_True_no-mia_no-mia-class_no-noise_modelreplace_5/agg_records/pkl/round_0343_clip.pkl
344,clip,success,"[1, 68, 97, 49, 62, 13, 7, 51, 54, 42]","[1, 68, 97, 49, 62, 13, 7, 51, 54, 42]",[],10,10,"[""clip""]",../main/re_result_6-29_APRA/cifar100_500_Jul.02_14.28.31_clip_fix_True_no-mia_no-mia-class_no-noise_modelreplace_5/agg_records/pkl/round_0344_clip.pkl
345,clip,success,"[3, 2, 22, 38, 75, 25, 47, 58, 57, 37]","[3, 2, 22, 38, 75, 25, 47, 58, 57, 37]",[],10,10,"[""clip""]",../main/re_result_6-29_APRA/cifar100_500_Jul.02_14.28.31_clip_fix_True_no-mia_no-mia-class_no-noise_modelreplace_5/agg_records/pkl/round_0345_clip.pkl
346,clip,success,"[0, 86, 39, 75, 6, 48, 61, 11, 64, 44]","[0, 86, 39, 75, 6, 48, 61, 11, 64, 44]",[],10,10,"[""clip""]",../main/re_result_6-29_APRA/cifar100_500_Jul.02_14.28.31_clip_fix_True_no-mia_no-mia-class_no-noise_modelreplace_5/agg_records/pkl/round_0346_clip.pkl
347,clip,success,"[1, 20, 17, 92, 64, 88, 80, 89, 87, 99]","[1, 20, 17, 92, 64, 88, 80, 89, 87, 99]",[],10,10,"[""clip""]",../main/re_result_6-29_APRA/cifar100_500_Jul.02_14.28.31_clip_fix_True_no-mia_no-mia-class_no-noise_modelreplace_5/agg_records/pkl/round_0347_clip.pkl
348,clip,success,"[2, 21, 51, 16, 41, 68, 60, 67, 80, 91]","[2, 21, 51, 16, 41, 68, 60, 67, 80, 91]",[],10,10,"[""clip""]",../main/re_result_6-29_APRA/cifar100_500_Jul.02_14.28.31_clip_fix_True_no-mia_no-mia-class_no-noise_modelreplace_5/agg_records/pkl/round_0348_clip.pkl
349,clip,success,"[4, 77, 92, 15, 52, 94, 71, 32, 13, 62]","[4, 77, 92, 15, 52, 94, 71, 32, 13, 62]",[],10,10,"[""clip""]",../main/re_result_6-29_APRA/cifar100_500_Jul.02_14.28.31_clip_fix_True_no-mia_no-mia-class_no-noise_modelreplace_5/agg_records/pkl/round_0349_clip.pkl
350,clip,success,"[0, 41, 15, 12, 9, 34, 21, 93, 38, 90]","[0, 41, 15, 12, 9, 34, 21, 93, 38, 90]",[],10,10,"[""clip""]",../main/re_result_6-29_APRA/cifar100_500_Jul.02_14.28.31_clip_fix_True_no-mia_no-mia-class_no-noise_modelreplace_5/agg_records/pkl/round_0350_clip.pkl
351,clip,success,"[4, 40, 47, 54, 57, 28, 10, 87, 27, 95]","[4, 40, 47, 54, 57, 28, 10, 87, 27, 95]",[],10,10,"[""clip""]",../main/re_result_6-29_APRA/cifar100_500_Jul.02_14.28.31_clip_fix_True_no-mia_no-mia-class_no-noise_modelreplace_5/agg_records/pkl/round_0351_clip.pkl
352,clip,success,"[3, 92, 34, 12, 74, 0, 88, 53, 52, 77]","[3, 92, 34, 12, 74, 0, 88, 53, 52, 77]",[],10,10,"[""clip""]",../main/re_result_6-29_APRA/cifar100_500_Jul.02_14.28.31_clip_fix_True_no-mia_no-mia-class_no-noise_modelreplace_5/agg_records/pkl/round_0352_clip.pkl
353,clip,success,"[2, 40, 41, 84, 7, 70, 46, 61, 95, 0]","[2, 40, 41, 84, 7, 70, 46, 61, 95, 0]",[],10,10,"[""clip""]",../main/re_result_6-29_APRA/cifar100_500_Jul.02_14.28.31_clip_fix_True_no-mia_no-mia-class_no-noise_modelreplace_5/agg_records/pkl/round_0353_clip.pkl
354,clip,success,"[1, 33, 0, 16, 84, 12, 64, 52, 60, 4]","[1, 33, 0, 16, 84, 12, 64, 52, 60, 4]",[],10,10,"[""clip""]",../main/re_result_6-29_APRA/cifar100_500_Jul.02_14.28.31_clip_fix_True_no-mia_no-mia-class_no-noise_modelreplace_5/agg_records/pkl/round_0354_clip.pkl
355,clip,success,"[3, 14, 27, 84, 5, 15, 87, 17, 58, 28]","[3, 14, 27, 84, 5, 15, 87, 17, 58, 28]",[],10,10,"[""clip""]",../main/re_result_6-29_APRA/cifar100_500_Jul.02_14.28.31_clip_fix_True_no-mia_no-mia-class_no-noise_modelreplace_5/agg_records/pkl/round_0355_clip.pkl
356,clip,success,"[4, 29, 12, 86, 67, 81, 84, 59, 21, 3]","[4, 29, 12, 86, 67, 81, 84, 59, 21, 3]",[],10,10,"[""clip""]",../main/re_result_6-29_APRA/cifar100_500_Jul.02_14.28.31_clip_fix_True_no-mia_no-mia-class_no-noise_modelreplace_5/agg_records/pkl/round_0356_clip.pkl
357,clip,success,"[1, 41, 61, 76, 49, 46, 55, 34, 2, 4]","[1, 41, 61, 76, 49, 46, 55, 34, 2, 4]",[],10,10,"[""clip""]",../main/re_result_6-29_APRA/cifar100_500_Jul.02_14.28.31_clip_fix_True_no-mia_no-mia-class_no-noise_modelreplace_5/agg_records/pkl/round_0357_clip.pkl
358,clip,success,"[0, 73, 9, 86, 84, 95, 41, 38, 17, 52]","[0, 73, 9, 86, 84, 95, 41, 38, 17, 52]",[],10,10,"[""clip""]",../main/re_result_6-29_APRA/cifar100_500_Jul.02_14.28.31_clip_fix_True_no-mia_no-mia-class_no-noise_modelreplace_5/agg_records/pkl/round_0358_clip.pkl
359,clip,success,"[0, 91, 57, 71, 20, 38, 10, 16, 54, 36]","[0, 91, 57, 71, 20, 38, 10, 16, 54, 36]",[],10,10,"[""clip""]",../main/re_result_6-29_APRA/cifar100_500_Jul.02_14.28.31_clip_fix_True_no-mia_no-mia-class_no-noise_modelreplace_5/agg_records/pkl/round_0359_clip.pkl
360,clip,success,"[1, 35, 98, 89, 23, 39, 85, 91, 9, 16]","[1, 35, 98, 89, 23, 39, 85, 91, 9, 16]",[],10,10,"[""clip""]",../main/re_result_6-29_APRA/cifar100_500_Jul.02_14.28.31_clip_fix_True_no-mia_no-mia-class_no-noise_modelreplace_5/agg_records/pkl/round_0360_clip.pkl
361,clip,success,"[2, 61, 41, 38, 85, 51, 56, 19, 36, 97]","[2, 61, 41, 38, 85, 51, 56, 19, 36, 97]",[],10,10,"[""clip""]",../main/re_result_6-29_APRA/cifar100_500_Jul.02_14.28.31_clip_fix_True_no-mia_no-mia-class_no-noise_modelreplace_5/agg_records/pkl/round_0361_clip.pkl
362,clip,success,"[4, 19, 17, 30, 8, 83, 55, 38, 96, 10]","[4, 19, 17, 30, 8, 83, 55, 38, 96, 10]",[],10,10,"[""clip""]",../main/re_result_6-29_APRA/cifar100_500_Jul.02_14.28.31_clip_fix_True_no-mia_no-mia-class_no-noise_modelreplace_5/agg_records/pkl/round_0362_clip.pkl
363,clip,success,"[0, 55, 66, 34, 52, 8, 29, 67, 77, 45]","[0, 55, 66, 34, 52, 8, 29, 67, 77, 45]",[],10,10,"[""clip""]",../main/re_result_6-29_APRA/cifar100_500_Jul.02_14.28.31_clip_fix_True_no-mia_no-mia-class_no-noise_modelreplace_5/agg_records/pkl/round_0363_clip.pkl
364,clip,success,"[0, 81, 90, 44, 79, 20, 31, 36, 89, 55]","[0, 81, 90, 44, 79, 20, 31, 36, 89, 55]",[],10,10,"[""clip""]",../main/re_result_6-29_APRA/cifar100_500_Jul.02_14.28.31_clip_fix_True_no-mia_no-mia-class_no-noise_modelreplace_5/agg_records/pkl/round_0364_clip.pkl
365,clip,success,"[3, 41, 19, 9, 97, 64, 37, 55, 33, 42]","[3, 41, 19, 9, 97, 64, 37, 55, 33, 42]",[],10,10,"[""clip""]",../main/re_result_6-29_APRA/cifar100_500_Jul.02_14.28.31_clip_fix_True_no-mia_no-mia-class_no-noise_modelreplace_5/agg_records/pkl/round_0365_clip.pkl
366,clip,success,"[1, 98, 30, 13, 56, 97, 35, 75, 41, 2]","[1, 98, 30, 13, 56, 97, 35, 75, 41, 2]",[],10,10,"[""clip""]",../main/re_result_6-29_APRA/cifar100_500_Jul.02_14.28.31_clip_fix_True_no-mia_no-mia-class_no-noise_modelreplace_5/agg_records/pkl/round_0366_clip.pkl
367,clip,success,"[3, 5, 42, 83, 37, 14, 13, 89, 28, 61]","[3, 5, 42, 83, 37, 14, 13, 89, 28, 61]",[],10,10,"[""clip""]",../main/re_result_6-29_APRA/cifar100_500_Jul.02_14.28.31_clip_fix_True_no-mia_no-mia-class_no-noise_modelreplace_5/agg_records/pkl/round_0367_clip.pkl
368,clip,success,"[0, 29, 83, 87, 38, 55, 96, 31, 81, 14]","[0, 29, 83, 87, 38, 55, 96, 31, 81, 14]",[],10,10,"[""clip""]",../main/re_result_6-29_APRA/cifar100_500_Jul.02_14.28.31_clip_fix_True_no-mia_no-mia-class_no-noise_modelreplace_5/agg_records/pkl/round_0368_clip.pkl
369,clip,success,"[0, 64, 70, 77, 88, 6, 82, 62, 69, 55]","[0, 64, 70, 77, 88, 6, 82, 62, 69, 55]",[],10,10,"[""clip""]",../main/re_result_6-29_APRA/cifar100_500_Jul.02_14.28.31_clip_fix_True_no-mia_no-mia-class_no-noise_modelreplace_5/agg_records/pkl/round_0369_clip.pkl
370,clip,success,"[4, 88, 96, 42, 58, 49, 7, 15, 72, 99]","[4, 88, 96, 42, 58, 49, 7, 15, 72, 99]",[],10,10,"[""clip""]",../main/re_result_6-29_APRA/cifar100_500_Jul.02_14.28.31_clip_fix_True_no-mia_no-mia-class_no-noise_modelreplace_5/agg_records/pkl/round_0370_clip.pkl
371,clip,success,"[4, 30, 1, 36, 14, 90, 87, 42, 82, 37]","[4, 30, 1, 36, 14, 90, 87, 42, 82, 37]",[],10,10,"[""clip""]",../main/re_result_6-29_APRA/cifar100_500_Jul.02_14.28.31_clip_fix_True_no-mia_no-mia-class_no-noise_modelreplace_5/agg_records/pkl/round_0371_clip.pkl
372,clip,success,"[3, 40, 64, 31, 35, 90, 29, 48, 84, 78]","[3, 40, 64, 31, 35, 90, 29, 48, 84, 78]",[],10,10,"[""clip""]",../main/re_result_6-29_APRA/cifar100_500_Jul.02_14.28.31_clip_fix_True_no-mia_no-mia-class_no-noise_modelreplace_5/agg_records/pkl/round_0372_clip.pkl
373,clip,success,"[3, 32, 56, 98, 78, 62, 5, 13, 86, 55]","[3, 32, 56, 98, 78, 62, 5, 13, 86, 55]",[],10,10,"[""clip""]",../main/re_result_6-29_APRA/cifar100_500_Jul.02_14.28.31_clip_fix_True_no-mia_no-mia-class_no-noise_modelreplace_5/agg_records/pkl/round_0373_clip.pkl
374,clip,success,"[4, 99, 47, 20, 31, 10, 86, 90, 62, 41]","[4, 99, 47, 20, 31, 10, 86, 90, 62, 41]",[],10,10,"[""clip""]",../main/re_result_6-29_APRA/cifar100_500_Jul.02_14.28.31_clip_fix_True_no-mia_no-mia-class_no-noise_modelreplace_5/agg_records/pkl/round_0374_clip.pkl
375,clip,success,"[0, 33, 1, 73, 28, 61, 3, 11, 96, 15]","[0, 33, 1, 73, 28, 61, 3, 11, 96, 15]",[],10,10,"[""clip""]",../main/re_result_6-29_APRA/cifar100_500_Jul.02_14.28.31_clip_fix_True_no-mia_no-mia-class_no-noise_modelreplace_5/agg_records/pkl/round_0375_clip.pkl
376,clip,success,"[4, 42, 80, 51, 72, 74, 90, 58, 35, 83]","[4, 42, 80, 51, 72, 74, 90, 58, 35, 83]",[],10,10,"[""clip""]",../main/re_result_6-29_APRA/cifar100_500_Jul.02_14.28.31_clip_fix_True_no-mia_no-mia-class_no-noise_modelreplace_5/agg_records/pkl/round_0376_clip.pkl
377,clip,success,"[0, 95, 80, 46, 22, 73, 3, 42, 93, 85]","[0, 95, 80, 46, 22, 73, 3, 42, 93, 85]",[],10,10,"[""clip""]",../main/re_result_6-29_APRA/cifar100_500_Jul.02_14.28.31_clip_fix_True_no-mia_no-mia-class_no-noise_modelreplace_5/agg_records/pkl/round_0377_clip.pkl
378,clip,success,"[2, 5, 77, 45, 62, 74, 20, 65, 9, 68]","[2, 5, 77, 45, 62, 74, 20, 65, 9, 68]",[],10,10,"[""clip""]",../main/re_result_6-29_APRA/cifar100_500_Jul.02_14.28.31_clip_fix_True_no-mia_no-mia-class_no-noise_modelreplace_5/agg_records/pkl/round_0378_clip.pkl
379,clip,success,"[2, 58, 94, 20, 50, 51, 65, 7, 27, 95]","[2, 58, 94, 20, 50, 51, 65, 7, 27, 95]",[],10,10,"[""clip""]",../main/re_result_6-29_APRA/cifar100_500_Jul.02_14.28.31_clip_fix_True_no-mia_no-mia-class_no-noise_modelreplace_5/agg_records/pkl/round_0379_clip.pkl
380,clip,success,"[4, 78, 82, 23, 37, 10, 55, 13, 12, 77]","[4, 78, 82, 23, 37, 10, 55, 13, 12, 77]",[],10,10,"[""clip""]",../main/re_result_6-29_APRA/cifar100_500_Jul.02_14.28.31_clip_fix_True_no-mia_no-mia-class_no-noise_modelreplace_5/agg_records/pkl/round_0380_clip.pkl
381,clip,success,"[2, 35, 5, 89, 93, 82, 49, 23, 95, 63]","[2, 35, 5, 89, 93, 82, 49, 23, 95, 63]",[],10,10,"[""clip""]",../main/re_result_6-29_APRA/cifar100_500_Jul.02_14.28.31_clip_fix_True_no-mia_no-mia-class_no-noise_modelreplace_5/agg_records/pkl/round_0381_clip.pkl
382,clip,success,"[4, 83, 79, 3, 66, 69, 95, 96, 84, 7]","[4, 83, 79, 3, 66, 69, 95, 96, 84, 7]",[],10,10,"[""clip""]",../main/re_result_6-29_APRA/cifar100_500_Jul.02_14.28.31_clip_fix_True_no-mia_no-mia-class_no-noise_modelreplace_5/agg_records/pkl/round_0382_clip.pkl
383,clip,success,"[3, 65, 26, 12, 98, 16, 20, 86, 59, 75]","[3, 65, 26, 12, 98, 16, 20, 86, 59, 75]",[],10,10,"[""clip""]",../main/re_result_6-29_APRA/cifar100_500_Jul.02_14.28.31_clip_fix_True_no-mia_no-mia-class_no-noise_modelreplace_5/agg_records/pkl/round_0383_clip.pkl
384,clip,success,"[2, 78, 18, 71, 20, 21, 27, 31, 11, 24]","[2, 78, 18, 71, 20, 21, 27, 31, 11, 24]",[],10,10,"[""clip""]",../main/re_result_6-29_APRA/cifar100_500_Jul.02_14.28.31_clip_fix_True_no-mia_no-mia-class_no-noise_modelreplace_5/agg_records/pkl/round_0384_clip.pkl
385,clip,success,"[2, 50, 63, 64, 18, 45, 0, 89, 91, 28]","[2, 50, 63, 64, 18, 45, 0, 89, 91, 28]",[],10,10,"[""clip""]",../main/re_result_6-29_APRA/cifar100_500_Jul.02_14.28.31_clip_fix_True_no-mia_no-mia-class_no-noise_modelreplace_5/agg_records/pkl/round_0385_clip.pkl
386,clip,success,"[4, 45, 97, 55, 16, 23, 89, 59, 90, 15]","[4, 45, 97, 55, 16, 23, 89, 59, 90, 15]",[],10,10,"[""clip""]",../main/re_result_6-29_APRA/cifar100_500_Jul.02_14.28.31_clip_fix_True_no-mia_no-mia-class_no-noise_modelreplace_5/agg_records/pkl/round_0386_clip.pkl
387,clip,success,"[2, 12, 25, 36, 23, 64, 84, 91, 19, 26]","[2, 12, 25, 36, 23, 64, 84, 91, 19, 26]",[],10,10,"[""clip""]",../main/re_result_6-29_APRA/cifar100_500_Jul.02_14.28.31_clip_fix_True_no-mia_no-mia-class_no-noise_modelreplace_5/agg_records/pkl/round_0387_clip.pkl
388,clip,success,"[2, 84, 63, 30, 90, 33, 24, 13, 87, 40]","[2, 84, 63, 30, 90, 33, 24, 13, 87, 40]",[],10,10,"[""clip""]",../main/re_result_6-29_APRA/cifar100_500_Jul.02_14.28.31_clip_fix_True_no-mia_no-mia-class_no-noise_modelreplace_5/agg_records/pkl/round_0388_clip.pkl
389,clip,success,"[1, 2, 78, 33, 24, 5, 57, 77, 31, 62]","[1, 2, 78, 33, 24, 5, 57, 77, 31, 62]",[],10,10,"[""clip""]",../main/re_result_6-29_APRA/cifar100_500_Jul.02_14.28.31_clip_fix_True_no-mia_no-mia-class_no-noise_modelreplace_5/agg_records/pkl/round_0389_clip.pkl
390,clip,success,"[2, 15, 48, 84, 66, 59, 9, 80, 91, 79]","[2, 15, 48, 84, 66, 59, 9, 80, 91, 79]",[],10,10,"[""clip""]",../main/re_result_6-29_APRA/cifar100_500_Jul.02_14.28.31_clip_fix_True_no-mia_no-mia-class_no-noise_modelreplace_5/agg_records/pkl/round_0390_clip.pkl
391,clip,success,"[2, 19, 44, 7, 85, 43, 73, 18, 29, 83]","[2, 19, 44, 7, 85, 43, 73, 18, 29, 83]",[],10,10,"[""clip""]",../main/re_result_6-29_APRA/cifar100_500_Jul.02_14.28.31_clip_fix_True_no-mia_no-mia-class_no-noise_modelreplace_5/agg_records/pkl/round_0391_clip.pkl
392,clip,success,"[0, 99, 74, 47, 46, 89, 95, 88, 71, 63]","[0, 99, 74, 47, 46, 89, 95, 88, 71, 63]",[],10,10,"[""clip""]",../main/re_result_6-29_APRA/cifar100_500_Jul.02_14.28.31_clip_fix_True_no-mia_no-mia-class_no-noise_modelreplace_5/agg_records/pkl/round_0392_clip.pkl
393,clip,success,"[3, 78, 91, 29, 51, 38, 86, 24, 63, 27]","[3, 78, 91, 29, 51, 38, 86, 24, 63, 27]",[],10,10,"[""clip""]",../main/re_result_6-29_APRA/cifar100_500_Jul.02_14.28.31_clip_fix_True_no-mia_no-mia-class_no-noise_modelreplace_5/agg_records/pkl/round_0393_clip.pkl
394,clip,success,"[3, 75, 45, 59, 20, 29, 67, 93, 81, 13]","[3, 75, 45, 59, 20, 29, 67, 93, 81, 13]",[],10,10,"[""clip""]",../main/re_result_6-29_APRA/cifar100_500_Jul.02_14.28.31_clip_fix_True_no-mia_no-mia-class_no-noise_modelreplace_5/agg_records/pkl/round_0394_clip.pkl
395,clip,success,"[3, 88, 10, 17, 75, 20, 11, 31, 42, 14]","[3, 88, 10, 17, 75, 20, 11, 31, 42, 14]",[],10,10,"[""clip""]",../main/re_result_6-29_APRA/cifar100_500_Jul.02_14.28.31_clip_fix_True_no-mia_no-mia-class_no-noise_modelreplace_5/agg_records/pkl/round_0395_clip.pkl
396,clip,success,"[0, 85, 82, 10, 31, 84, 27, 7, 14, 4]","[0, 85, 82, 10, 31, 84, 27, 7, 14, 4]",[],10,10,"[""clip""]",../main/re_result_6-29_APRA/cifar100_500_Jul.02_14.28.31_clip_fix_True_no-mia_no-mia-class_no-noise_modelreplace_5/agg_records/pkl/round_0396_clip.pkl
397,clip,success,"[3, 43, 25, 48, 98, 87, 6, 23, 34, 52]","[3, 43, 25, 48, 98, 87, 6, 23, 34, 52]",[],10,10,"[""clip""]",../main/re_result_6-29_APRA/cifar100_500_Jul.02_14.28.31_clip_fix_True_no-mia_no-mia-class_no-noise_modelreplace_5/agg_records/pkl/round_0397_clip.pkl
398,clip,success,"[4, 36, 68, 37, 92, 94, 14, 22, 28, 18]","[4, 36, 68, 37, 92, 94, 14, 22, 28, 18]",[],10,10,"[""clip""]",../main/re_result_6-29_APRA/cifar100_500_Jul.02_14.28.31_clip_fix_True_no-mia_no-mia-class_no-noise_modelreplace_5/agg_records/pkl/round_0398_clip.pkl
399,clip,success,"[1, 24, 30, 22, 5, 72, 62, 32, 68, 97]","[1, 24, 30, 22, 5, 72, 62, 32, 68, 97]",[],10,10,"[""clip""]",../main/re_result_6-29_APRA/cifar100_500_Jul.02_14.28.31_clip_fix_True_no-mia_no-mia-class_no-noise_modelreplace_5/agg_records/pkl/round_0399_clip.pkl
400,clip,success,"[2, 91, 61, 8, 99, 97, 98, 93, 74, 39]","[2, 91, 61, 8, 99, 97, 98, 93, 74, 39]",[],10,10,"[""clip""]",../main/re_result_6-29_APRA/cifar100_500_Jul.02_14.28.31_clip_fix_True_no-mia_no-mia-class_no-noise_modelreplace_5/agg_records/pkl/round_0400_clip.pkl
401,clip,success,"[1, 75, 14, 32, 62, 2, 68, 46, 72, 57]","[1, 75, 14, 32, 62, 2, 68, 46, 72, 57]",[],10,10,"[""clip""]",../main/re_result_6-29_APRA/cifar100_500_Jul.02_14.28.31_clip_fix_True_no-mia_no-mia-class_no-noise_modelreplace_5/agg_records/pkl/round_0401_clip.pkl
402,clip,success,"[4, 27, 62, 80, 22, 16, 29, 15, 55, 95]","[4, 27, 62, 80, 22, 16, 29, 15, 55, 95]",[],10,10,"[""clip""]",../main/re_result_6-29_APRA/cifar100_500_Jul.02_14.28.31_clip_fix_True_no-mia_no-mia-class_no-noise_modelreplace_5/agg_records/pkl/round_0402_clip.pkl
403,clip,success,"[4, 24, 18, 49, 84, 7, 67, 0, 80, 77]","[4, 24, 18, 49, 84, 7, 67, 0, 80, 77]",[],10,10,"[""clip""]",../main/re_result_6-29_APRA/cifar100_500_Jul.02_14.28.31_clip_fix_True_no-mia_no-mia-class_no-noise_modelreplace_5/agg_records/pkl/round_0403_clip.pkl
404,clip,success,"[1, 58, 9, 48, 14, 80, 30, 10, 70, 39]","[1, 58, 9, 48, 14, 80, 30, 10, 70, 39]",[],10,10,"[""clip""]",../main/re_result_6-29_APRA/cifar100_500_Jul.02_14.28.31_clip_fix_True_no-mia_no-mia-class_no-noise_modelreplace_5/agg_records/pkl/round_0404_clip.pkl
405,clip,success,"[2, 92, 77, 70, 72, 99, 32, 0, 26, 57]","[2, 92, 77, 70, 72, 99, 32, 0, 26, 57]",[],10,10,"[""clip""]",../main/re_result_6-29_APRA/cifar100_500_Jul.02_14.28.31_clip_fix_True_no-mia_no-mia-class_no-noise_modelreplace_5/agg_records/pkl/round_0405_clip.pkl
406,clip,success,"[2, 84, 57, 95, 30, 70, 16, 13, 29, 27]","[2, 84, 57, 95, 30, 70, 16, 13, 29, 27]",[],10,10,"[""clip""]",../main/re_result_6-29_APRA/cifar100_500_Jul.02_14.28.31_clip_fix_True_no-mia_no-mia-class_no-noise_modelreplace_5/agg_records/pkl/round_0406_clip.pkl
407,clip,success,"[3, 8, 86, 33, 74, 35, 51, 22, 40, 47]","[3, 8, 86, 33, 74, 35, 51, 22, 40, 47]",[],10,10,"[""clip""]",../main/re_result_6-29_APRA/cifar100_500_Jul.02_14.28.31_clip_fix_True_no-mia_no-mia-class_no-noise_modelreplace_5/agg_records/pkl/round_0407_clip.pkl
408,clip,success,"[2, 40, 4, 57, 63, 1, 42, 30, 46, 84]","[2, 40, 4, 57, 63, 1, 42, 30, 46, 84]",[],10,10,"[""clip""]",../main/re_result_6-29_APRA/cifar100_500_Jul.02_14.28.31_clip_fix_True_no-mia_no-mia-class_no-noise_modelreplace_5/agg_records/pkl/round_0408_clip.pkl
409,clip,success,"[4, 67, 17, 27, 34, 71, 93, 13, 86, 16]","[4, 67, 17, 27, 34, 71, 93, 13, 86, 16]",[],10,10,"[""clip""]",../main/re_result_6-29_APRA/cifar100_500_Jul.02_14.28.31_clip_fix_True_no-mia_no-mia-class_no-noise_modelreplace_5/agg_records/pkl/round_0409_clip.pkl
410,clip,success,"[4, 3, 86, 72, 23, 73, 84, 96, 30, 67]","[4, 3, 86, 72, 23, 73, 84, 96, 30, 67]",[],10,10,"[""clip""]",../main/re_result_6-29_APRA/cifar100_500_Jul.02_14.28.31_clip_fix_True_no-mia_no-mia-class_no-noise_modelreplace_5/agg_records/pkl/round_0410_clip.pkl
411,clip,success,"[2, 8, 18, 94, 69, 36, 63, 62, 76, 71]","[2, 8, 18, 94, 69, 36, 63, 62, 76, 71]",[],10,10,"[""clip""]",../main/re_result_6-29_APRA/cifar100_500_Jul.02_14.28.31_clip_fix_True_no-mia_no-mia-class_no-noise_modelreplace_5/agg_records/pkl/round_0411_clip.pkl
412,clip,success,"[1, 44, 66, 63, 95, 46, 29, 60, 9, 48]","[1, 44, 66, 63, 95, 46, 29, 60, 9, 48]",[],10,10,"[""clip""]",../main/re_result_6-29_APRA/cifar100_500_Jul.02_14.28.31_clip_fix_True_no-mia_no-mia-class_no-noise_modelreplace_5/agg_records/pkl/round_0412_clip.pkl
413,clip,success,"[3, 99, 38, 13, 42, 31, 28, 96, 5, 58]","[3, 99, 38, 13, 42, 31, 28, 96, 5, 58]",[],10,10,"[""clip""]",../main/re_result_6-29_APRA/cifar100_500_Jul.02_14.28.31_clip_fix_True_no-mia_no-mia-class_no-noise_modelreplace_5/agg_records/pkl/round_0413_clip.pkl
414,clip,success,"[0, 49, 53, 54, 88, 64, 8, 83, 85, 90]","[0, 49, 53, 54, 88, 64, 8, 83, 85, 90]",[],10,10,"[""clip""]",../main/re_result_6-29_APRA/cifar100_500_Jul.02_14.28.31_clip_fix_True_no-mia_no-mia-class_no-noise_modelreplace_5/agg_records/pkl/round_0414_clip.pkl
415,clip,success,"[3, 28, 98, 30, 12, 13, 74, 9, 92, 56]","[3, 28, 98, 30, 12, 13, 74, 9, 92, 56]",[],10,10,"[""clip""]",../main/re_result_6-29_APRA/cifar100_500_Jul.02_14.28.31_clip_fix_True_no-mia_no-mia-class_no-noise_modelreplace_5/agg_records/pkl/round_0415_clip.pkl
416,clip,success,"[0, 14, 76, 43, 44, 96, 29, 4, 77, 32]","[0, 14, 76, 43, 44, 96, 29, 4, 77, 32]",[],10,10,"[""clip""]",../main/re_result_6-29_APRA/cifar100_500_Jul.02_14.28.31_clip_fix_True_no-mia_no-mia-class_no-noise_modelreplace_5/agg_records/pkl/round_0416_clip.pkl
417,clip,success,"[3, 27, 93, 15, 25, 33, 88, 8, 30, 63]","[3, 27, 93, 15, 25, 33, 88, 8, 30, 63]",[],10,10,"[""clip""]",../main/re_result_6-29_APRA/cifar100_500_Jul.02_14.28.31_clip_fix_True_no-mia_no-mia-class_no-noise_modelreplace_5/agg_records/pkl/round_0417_clip.pkl
418,clip,success,"[3, 80, 10, 60, 1, 28, 63, 74, 81, 84]","[3, 80, 10, 60, 1, 28, 63, 74, 81, 84]",[],10,10,"[""clip""]",../main/re_result_6-29_APRA/cifar100_500_Jul.02_14.28.31_clip_fix_True_no-mia_no-mia-class_no-noise_modelreplace_5/agg_records/pkl/round_0418_clip.pkl
419,clip,success,"[1, 4, 54, 13, 69, 75, 18, 7, 2, 37]","[1, 4, 54, 13, 69, 75, 18, 7, 2, 37]",[],10,10,"[""clip""]",../main/re_result_6-29_APRA/cifar100_500_Jul.02_14.28.31_clip_fix_True_no-mia_no-mia-class_no-noise_modelreplace_5/agg_records/pkl/round_0419_clip.pkl
420,clip,success,"[2, 67, 17, 6, 62, 19, 13, 51, 24, 35]","[2, 67, 17, 6, 62, 19, 13, 51, 24, 35]",[],10,10,"[""clip""]",../main/re_result_6-29_APRA/cifar100_500_Jul.02_14.28.31_clip_fix_True_no-mia_no-mia-class_no-noise_modelreplace_5/agg_records/pkl/round_0420_clip.pkl
421,clip,success,"[3, 89, 39, 17, 56, 72, 35, 62, 32, 19]","[3, 89, 39, 17, 56, 72, 35, 62, 32, 19]",[],10,10,"[""clip""]",../main/re_result_6-29_APRA/cifar100_500_Jul.02_14.28.31_clip_fix_True_no-mia_no-mia-class_no-noise_modelreplace_5/agg_records/pkl/round_0421_clip.pkl
422,clip,success,"[2, 42, 8, 99, 55, 43, 18, 74, 85, 78]","[2, 42, 8, 99, 55, 43, 18, 74, 85, 78]",[],10,10,"[""clip""]",../main/re_result_6-29_APRA/cifar100_500_Jul.02_14.28.31_clip_fix_True_no-mia_no-mia-class_no-noise_modelreplace_5/agg_records/pkl/round_0422_clip.pkl
423,clip,success,"[0, 43, 92, 29, 50, 57, 80, 82, 16, 17]","[0, 43, 92, 29, 50, 57, 80, 82, 16, 17]",[],10,10,"[""clip""]",../main/re_result_6-29_APRA/cifar100_500_Jul.02_14.28.31_clip_fix_True_no-mia_no-mia-class_no-noise_modelreplace_5/agg_records/pkl/round_0423_clip.pkl
424,clip,success,"[0, 58, 21, 96, 94, 5, 80, 45, 62, 71]","[0, 58, 21, 96, 94, 5, 80, 45, 62, 71]",[],10,10,"[""clip""]",../main/re_result_6-29_APRA/cifar100_500_Jul.02_14.28.31_clip_fix_True_no-mia_no-mia-class_no-noise_modelreplace_5/agg_records/pkl/round_0424_clip.pkl
425,clip,success,"[4, 2, 30, 41, 90, 42, 1, 69, 13, 73]","[4, 2, 30, 41, 90, 42, 1, 69, 13, 73]",[],10,10,"[""clip""]",../main/re_result_6-29_APRA/cifar100_500_Jul.02_14.28.31_clip_fix_True_no-mia_no-mia-class_no-noise_modelreplace_5/agg_records/pkl/round_0425_clip.pkl
426,clip,success,"[4, 97, 54, 70, 96, 34, 36, 42, 56, 91]","[4, 97, 54, 70, 96, 34, 36, 42, 56, 91]",[],10,10,"[""clip""]",../main/re_result_6-29_APRA/cifar100_500_Jul.02_14.28.31_clip_fix_True_no-mia_no-mia-class_no-noise_modelreplace_5/agg_records/pkl/round_0426_clip.pkl
427,clip,success,"[3, 96, 90, 93, 69, 11, 94, 58, 34, 38]","[3, 96, 90, 93, 69, 11, 94, 58, 34, 38]",[],10,10,"[""clip""]",../main/re_result_6-29_APRA/cifar100_500_Jul.02_14.28.31_clip_fix_True_no-mia_no-mia-class_no-noise_modelreplace_5/agg_records/pkl/round_0427_clip.pkl
428,clip,success,"[1, 5, 41, 34, 8, 82, 47, 11, 48, 89]","[1, 5, 41, 34, 8, 82, 47, 11, 48, 89]",[],10,10,"[""clip""]",../main/re_result_6-29_APRA/cifar100_500_Jul.02_14.28.31_clip_fix_True_no-mia_no-mia-class_no-noise_modelreplace_5/agg_records/pkl/round_0428_clip.pkl
429,clip,success,"[2, 54, 62, 36, 1, 73, 23, 7, 15, 94]","[2, 54, 62, 36, 1, 73, 23, 7, 15, 94]",[],10,10,"[""clip""]",../main/re_result_6-29_APRA/cifar100_500_Jul.02_14.28.31_clip_fix_True_no-mia_no-mia-class_no-noise_modelreplace_5/agg_records/pkl/round_0429_clip.pkl
430,clip,success,"[3, 83, 64, 41, 77, 95, 87, 32, 5, 4]","[3, 83, 64, 41, 77, 95, 87, 32, 5, 4]",[],10,10,"[""clip""]",../main/re_result_6-29_APRA/cifar100_500_Jul.02_14.28.31_clip_fix_True_no-mia_no-mia-class_no-noise_modelreplace_5/agg_records/pkl/round_0430_clip.pkl
431,clip,success,"[0, 29, 33, 81, 11, 39, 5, 45, 95, 69]","[0, 29, 33, 81, 11, 39, 5, 45, 95, 69]",[],10,10,"[""clip""]",../main/re_result_6-29_APRA/cifar100_500_Jul.02_14.28.31_clip_fix_True_no-mia_no-mia-class_no-noise_modelreplace_5/agg_records/pkl/round_0431_clip.pkl
432,clip,success,"[0, 50, 81, 62, 3, 74, 10, 33, 35, 56]","[0, 50, 81, 62, 3, 74, 10, 33, 35, 56]",[],10,10,"[""clip""]",../main/re_result_6-29_APRA/cifar100_500_Jul.02_14.28.31_clip_fix_True_no-mia_no-mia-class_no-noise_modelreplace_5/agg_records/pkl/round_0432_clip.pkl
433,clip,success,"[2, 40, 67, 33, 0, 7, 1, 6, 38, 5]","[2, 40, 67, 33, 0, 7, 1, 6, 38, 5]",[],10,10,"[""clip""]",../main/re_result_6-29_APRA/cifar100_500_Jul.02_14.28.31_clip_fix_True_no-mia_no-mia-class_no-noise_modelreplace_5/agg_records/pkl/round_0433_clip.pkl
434,clip,success,"[0, 38, 92, 53, 33, 46, 80, 60, 50, 68]","[0, 38, 92, 53, 33, 46, 80, 60, 50, 68]",[],10,10,"[""clip""]",../main/re_result_6-29_APRA/cifar100_500_Jul.02_14.28.31_clip_fix_True_no-mia_no-mia-class_no-noise_modelreplace_5/agg_records/pkl/round_0434_clip.pkl
435,clip,success,"[1, 38, 94, 69, 57, 45, 22, 47, 53, 3]","[1, 38, 94, 69, 57, 45, 22, 47, 53, 3]",[],10,10,"[""clip""]",../main/re_result_6-29_APRA/cifar100_500_Jul.02_14.28.31_clip_fix_True_no-mia_no-mia-class_no-noise_modelreplace_5/agg_records/pkl/round_0435_clip.pkl
436,clip,success,"[2, 71, 75, 78, 19, 37, 51, 55, 18, 41]","[2, 71, 75, 78, 19, 37, 51, 55, 18, 41]",[],10,10,"[""clip""]",../main/re_result_6-29_APRA/cifar100_500_Jul.02_14.28.31_clip_fix_True_no-mia_no-mia-class_no-noise_modelreplace_5/agg_records/pkl/round_0436_clip.pkl
437,clip,success,"[3, 55, 8, 11, 25, 68, 6, 90, 61, 78]","[3, 55, 8, 11, 25, 68, 6, 90, 61, 78]",[],10,10,"[""clip""]",../main/re_result_6-29_APRA/cifar100_500_Jul.02_14.28.31_clip_fix_True_no-mia_no-mia-class_no-noise_modelreplace_5/agg_records/pkl/round_0437_clip.pkl
438,clip,success,"[2, 95, 11, 12, 65, 15, 22, 86, 14, 50]","[2, 95, 11, 12, 65, 15, 22, 86, 14, 50]",[],10,10,"[""clip""]",../main/re_result_6-29_APRA/cifar100_500_Jul.02_14.28.31_clip_fix_True_no-mia_no-mia-class_no-noise_modelreplace_5/agg_records/pkl/round_0438_clip.pkl
439,clip,success,"[2, 23, 88, 85, 48, 8, 72, 87, 16, 73]","[2, 23, 88, 85, 48, 8, 72, 87, 16, 73]",[],10,10,"[""clip""]",../main/re_result_6-29_APRA/cifar100_500_Jul.02_14.28.31_clip_fix_True_no-mia_no-mia-class_no-noise_modelreplace_5/agg_records/pkl/round_0439_clip.pkl
440,clip,success,"[2, 78, 3, 40, 31, 14, 44, 57, 10, 64]","[2, 78, 3, 40, 31, 14, 44, 57, 10, 64]",[],10,10,"[""clip""]",../main/re_result_6-29_APRA/cifar100_500_Jul.02_14.28.31_clip_fix_True_no-mia_no-mia-class_no-noise_modelreplace_5/agg_records/pkl/round_0440_clip.pkl
441,clip,success,"[2, 10, 81, 56, 88, 36, 62, 99, 93, 85]","[2, 10, 81, 56, 88, 36, 62, 99, 93, 85]",[],10,10,"[""clip""]",../main/re_result_6-29_APRA/cifar100_500_Jul.02_14.28.31_clip_fix_True_no-mia_no-mia-class_no-noise_modelreplace_5/agg_records/pkl/round_0441_clip.pkl
442,clip,success,"[3, 25, 99, 13, 81, 6, 89, 30, 21, 90]","[3, 25, 99, 13, 81, 6, 89, 30, 21, 90]",[],10,10,"[""clip""]",../main/re_result_6-29_APRA/cifar100_500_Jul.02_14.28.31_clip_fix_True_no-mia_no-mia-class_no-noise_modelreplace_5/agg_records/pkl/round_0442_clip.pkl
443,clip,success,"[1, 16, 75, 59, 52, 61, 8, 21, 47, 40]","[1, 16, 75, 59, 52, 61, 8, 21, 47, 40]",[],10,10,"[""clip""]",../main/re_result_6-29_APRA/cifar100_500_Jul.02_14.28.31_clip_fix_True_no-mia_no-mia-class_no-noise_modelreplace_5/agg_records/pkl/round_0443_clip.pkl
444,clip,success,"[3, 13, 53, 66, 33, 38, 36, 49, 76, 54]","[3, 13, 53, 66, 33, 38, 36, 49, 76, 54]",[],10,10,"[""clip""]",../main/re_result_6-29_APRA/cifar100_500_Jul.02_14.28.31_clip_fix_True_no-mia_no-mia-class_no-noise_modelreplace_5/agg_records/pkl/round_0444_clip.pkl
445,clip,success,"[2, 47, 98, 83, 65, 78, 24, 33, 88, 40]","[2, 47, 98, 83, 65, 78, 24, 33, 88, 40]",[],10,10,"[""clip""]",../main/re_result_6-29_APRA/cifar100_500_Jul.02_14.28.31_clip_fix_True_no-mia_no-mia-class_no-noise_modelreplace_5/agg_records/pkl/round_0445_clip.pkl
446,clip,success,"[0, 86, 70, 30, 24, 66, 99, 9, 12, 31]","[0, 86, 70, 30, 24, 66, 99, 9, 12, 31]",[],10,10,"[""clip""]",../main/re_result_6-29_APRA/cifar100_500_Jul.02_14.28.31_clip_fix_True_no-mia_no-mia-class_no-noise_modelreplace_5/agg_records/pkl/round_0446_clip.pkl
447,clip,success,"[3, 81, 17, 35, 96, 88, 36, 99, 64, 92]","[3, 81, 17, 35, 96, 88, 36, 99, 64, 92]",[],10,10,"[""clip""]",../main/re_result_6-29_APRA/cifar100_500_Jul.02_14.28.31_clip_fix_True_no-mia_no-mia-class_no-noise_modelreplace_5/agg_records/pkl/round_0447_clip.pkl
448,clip,success,"[4, 91, 21, 75, 59, 96, 92, 42, 74, 12]","[4, 91, 21, 75, 59, 96, 92, 42, 74, 12]",[],10,10,"[""clip""]",../main/re_result_6-29_APRA/cifar100_500_Jul.02_14.28.31_clip_fix_True_no-mia_no-mia-class_no-noise_modelreplace_5/agg_records/pkl/round_0448_clip.pkl
449,clip,success,"[2, 39, 68, 74, 40, 3, 0, 85, 50, 44]","[2, 39, 68, 74, 40, 3, 0, 85, 50, 44]",[],10,10,"[""clip""]",../main/re_result_6-29_APRA/cifar100_500_Jul.02_14.28.31_clip_fix_True_no-mia_no-mia-class_no-noise_modelreplace_5/agg_records/pkl/round_0449_clip.pkl
450,clip,success,"[4, 33, 52, 31, 75, 20, 83, 96, 38, 72]","[4, 33, 52, 31, 75, 20, 83, 96, 38, 72]",[],10,10,"[""clip""]",../main/re_result_6-29_APRA/cifar100_500_Jul.02_14.28.31_clip_fix_True_no-mia_no-mia-class_no-noise_modelreplace_5/agg_records/pkl/round_0450_clip.pkl
451,clip,success,"[4, 64, 72, 2, 83, 62, 97, 32, 51, 86]","[4, 64, 72, 2, 83, 62, 97, 32, 51, 86]",[],10,10,"[""clip""]",../main/re_result_6-29_APRA/cifar100_500_Jul.02_14.28.31_clip_fix_True_no-mia_no-mia-class_no-noise_modelreplace_5/agg_records/pkl/round_0451_clip.pkl
452,clip,success,"[3, 54, 33, 74, 61, 27, 58, 68, 6, 42]","[3, 54, 33, 74, 61, 27, 58, 68, 6, 42]",[],10,10,"[""clip""]",../main/re_result_6-29_APRA/cifar100_500_Jul.02_14.28.31_clip_fix_True_no-mia_no-mia-class_no-noise_modelreplace_5/agg_records/pkl/round_0452_clip.pkl
453,clip,success,"[1, 36, 19, 45, 15, 73, 13, 69, 59, 16]","[1, 36, 19, 45, 15, 73, 13, 69, 59, 16]",[],10,10,"[""clip""]",../main/re_result_6-29_APRA/cifar100_500_Jul.02_14.28.31_clip_fix_True_no-mia_no-mia-class_no-noise_modelreplace_5/agg_records/pkl/round_0453_clip.pkl
454,clip,success,"[3, 17, 69, 74, 58, 40, 57, 56, 59, 55]","[3, 17, 69, 74, 58, 40, 57, 56, 59, 55]",[],10,10,"[""clip""]",../main/re_result_6-29_APRA/cifar100_500_Jul.02_14.28.31_clip_fix_True_no-mia_no-mia-class_no-noise_modelreplace_5/agg_records/pkl/round_0454_clip.pkl
455,clip,success,"[3, 97, 8, 89, 79, 11, 76, 16, 77, 25]","[3, 97, 8, 89, 79, 11, 76, 16, 77, 25]",[],10,10,"[""clip""]",../main/re_result_6-29_APRA/cifar100_500_Jul.02_14.28.31_clip_fix_True_no-mia_no-mia-class_no-noise_modelreplace_5/agg_records/pkl/round_0455_clip.pkl
456,clip,success,"[2, 21, 49, 33, 17, 44, 74, 85, 84, 79]","[2, 21, 49, 33, 17, 44, 74, 85, 84, 79]",[],10,10,"[""clip""]",../main/re_result_6-29_APRA/cifar100_500_Jul.02_14.28.31_clip_fix_True_no-mia_no-mia-class_no-noise_modelreplace_5/agg_records/pkl/round_0456_clip.pkl
457,clip,success,"[1, 15, 58, 56, 75, 64, 2, 68, 46, 54]","[1, 15, 58, 56, 75, 64, 2, 68, 46, 54]",[],10,10,"[""clip""]",../main/re_result_6-29_APRA/cifar100_500_Jul.02_14.28.31_clip_fix_True_no-mia_no-mia-class_no-noise_modelreplace_5/agg_records/pkl/round_0457_clip.pkl
458,clip,success,"[3, 41, 74, 15, 4, 81, 48, 84, 56, 94]","[3, 41, 74, 15, 4, 81, 48, 84, 56, 94]",[],10,10,"[""clip""]",../main/re_result_6-29_APRA/cifar100_500_Jul.02_14.28.31_clip_fix_True_no-mia_no-mia-class_no-noise_modelreplace_5/agg_records/pkl/round_0458_clip.pkl
459,clip,success,"[1, 94, 76, 84, 86, 54, 63, 6, 85, 39]","[1, 94, 76, 84, 86, 54, 63, 6, 85, 39]",[],10,10,"[""clip""]",../main/re_result_6-29_APRA/cifar100_500_Jul.02_14.28.31_clip_fix_True_no-mia_no-mia-class_no-noise_modelreplace_5/agg_records/pkl/round_0459_clip.pkl
460,clip,success,"[2, 58, 62, 15, 35, 5, 46, 60, 8, 18]","[2, 58, 62, 15, 35, 5, 46, 60, 8, 18]",[],10,10,"[""clip""]",../main/re_result_6-29_APRA/cifar100_500_Jul.02_14.28.31_clip_fix_True_no-mia_no-mia-class_no-noise_modelreplace_5/agg_records/pkl/round_0460_clip.pkl
461,clip,success,"[2, 96, 3, 90, 11, 47, 48, 37, 33, 80]","[2, 96, 3, 90, 11, 47, 48, 37, 33, 80]",[],10,10,"[""clip""]",../main/re_result_6-29_APRA/cifar100_500_Jul.02_14.28.31_clip_fix_True_no-mia_no-mia-class_no-noise_modelreplace_5/agg_records/pkl/round_0461_clip.pkl
462,clip,success,"[2, 5, 82, 80, 89, 69, 42, 59, 17, 48]","[2, 5, 82, 80, 89, 69, 42, 59, 17, 48]",[],10,10,"[""clip""]",../main/re_result_6-29_APRA/cifar100_500_Jul.02_14.28.31_clip_fix_True_no-mia_no-mia-class_no-noise_modelreplace_5/agg_records/pkl/round_0462_clip.pkl
463,clip,success,"[3, 81, 28, 63, 34, 35, 96, 71, 46, 44]","[3, 81, 28, 63, 34, 35, 96, 71, 46, 44]",[],10,10,"[""clip""]",../main/re_result_6-29_APRA/cifar100_500_Jul.02_14.28.31_clip_fix_True_no-mia_no-mia-class_no-noise_modelreplace_5/agg_records/pkl/round_0463_clip.pkl
464,clip,success,"[2, 91, 86, 84, 61, 50, 97, 87, 53, 27]","[2, 91, 86, 84, 61, 50, 97, 87, 53, 27]",[],10,10,"[""clip""]",../main/re_result_6-29_APRA/cifar100_500_Jul.02_14.28.31_clip_fix_True_no-mia_no-mia-class_no-noise_modelreplace_5/agg_records/pkl/round_0464_clip.pkl
465,clip,success,"[1, 44, 89, 35, 24, 0, 91, 43, 4, 73]","[1, 44, 89, 35, 24, 0, 91, 43, 4, 73]",[],10,10,"[""clip""]",../main/re_result_6-29_APRA/cifar100_500_Jul.02_14.28.31_clip_fix_True_no-mia_no-mia-class_no-noise_modelreplace_5/agg_records/pkl/round_0465_clip.pkl
466,clip,success,"[2, 28, 1, 88, 58, 21, 61, 94, 17, 68]","[2, 28, 1, 88, 58, 21, 61, 94, 17, 68]",[],10,10,"[""clip""]",../main/re_result_6-29_APRA/cifar100_500_Jul.02_14.28.31_clip_fix_True_no-mia_no-mia-class_no-noise_modelreplace_5/agg_records/pkl/round_0466_clip.pkl
467,clip,success,"[1, 61, 50, 74, 42, 87, 65, 72, 64, 8]","[1, 61, 50, 74, 42, 87, 65, 72, 64, 8]",[],10,10,"[""clip""]",../main/re_result_6-29_APRA/cifar100_500_Jul.02_14.28.31_clip_fix_True_no-mia_no-mia-class_no-noise_modelreplace_5/agg_records/pkl/round_0467_clip.pkl
468,clip,success,"[4, 75, 35, 21, 95, 83, 55, 52, 2, 31]","[4, 75, 35, 21, 95, 83, 55, 52, 2, 31]",[],10,10,"[""clip""]",../main/re_result_6-29_APRA/cifar100_500_Jul.02_14.28.31_clip_fix_True_no-mia_no-mia-class_no-noise_modelreplace_5/agg_records/pkl/round_0468_clip.pkl
469,clip,success,"[3, 55, 79, 70, 4, 82, 24, 60, 56, 88]","[3, 55, 79, 70, 4, 82, 24, 60, 56, 88]",[],10,10,"[""clip""]",../main/re_result_6-29_APRA/cifar100_500_Jul.02_14.28.31_clip_fix_True_no-mia_no-mia-class_no-noise_modelreplace_5/agg_records/pkl/round_0469_clip.pkl
470,clip,success,"[2, 34, 70, 23, 83, 99, 77, 37, 26, 89]","[2, 34, 70, 23, 83, 99, 77, 37, 26, 89]",[],10,10,"[""clip""]",../main/re_result_6-29_APRA/cifar100_500_Jul.02_14.28.31_clip_fix_True_no-mia_no-mia-class_no-noise_modelreplace_5/agg_records/pkl/round_0470_clip.pkl
471,clip,success,"[2, 6, 8, 62, 78, 51, 14, 56, 46, 29]","[2, 6, 8, 62, 78, 51, 14, 56, 46, 29]",[],10,10,"[""clip""]",../main/re_result_6-29_APRA/cifar100_500_Jul.02_14.28.31_clip_fix_True_no-mia_no-mia-class_no-noise_modelreplace_5/agg_records/pkl/round_0471_clip.pkl
472,clip,success,"[3, 64, 60, 88, 68, 33, 18, 36, 63, 14]","[3, 64, 60, 88, 68, 33, 18, 36, 63, 14]",[],10,10,"[""clip""]",../main/re_result_6-29_APRA/cifar100_500_Jul.02_14.28.31_clip_fix_True_no-mia_no-mia-class_no-noise_modelreplace_5/agg_records/pkl/round_0472_clip.pkl
473,clip,success,"[3, 37, 73, 9, 76, 15, 50, 25, 88, 55]","[3, 37, 73, 9, 76, 15, 50, 25, 88, 55]",[],10,10,"[""clip""]",../main/re_result_6-29_APRA/cifar100_500_Jul.02_14.28.31_clip_fix_True_no-mia_no-mia-class_no-noise_modelreplace_5/agg_records/pkl/round_0473_clip.pkl
474,clip,success,"[4, 43, 2, 88, 61, 23, 44, 78, 45, 5]","[4, 43, 2, 88, 61, 23, 44, 78, 45, 5]",[],10,10,"[""clip""]",../main/re_result_6-29_APRA/cifar100_500_Jul.02_14.28.31_clip_fix_True_no-mia_no-mia-class_no-noise_modelreplace_5/agg_records/pkl/round_0474_clip.pkl
475,clip,success,"[0, 50, 78, 10, 45, 55, 79, 61, 68, 8]","[0, 50, 78, 10, 45, 55, 79, 61, 68, 8]",[],10,10,"[""clip""]",../main/re_result_6-29_APRA/cifar100_500_Jul.02_14.28.31_clip_fix_True_no-mia_no-mia-class_no-noise_modelreplace_5/agg_records/pkl/round_0475_clip.pkl
476,clip,success,"[3, 80, 66, 19, 27, 7, 62, 86, 6, 2]","[3, 80, 66, 19, 27, 7, 62, 86, 6, 2]",[],10,10,"[""clip""]",../main/re_result_6-29_APRA/cifar100_500_Jul.02_14.28.31_clip_fix_True_no-mia_no-mia-class_no-noise_modelreplace_5/agg_records/pkl/round_0476_clip.pkl
477,clip,success,"[4, 9, 26, 28, 97, 96, 40, 95, 75, 2]","[4, 9, 26, 28, 97, 96, 40, 95, 75, 2]",[],10,10,"[""clip""]",../main/re_result_6-29_APRA/cifar100_500_Jul.02_14.28.31_clip_fix_True_no-mia_no-mia-class_no-noise_modelreplace_5/agg_records/pkl/round_0477_clip.pkl
478,clip,success,"[1, 27, 99, 62, 39, 30, 23, 56, 74, 92]","[1, 27, 99, 62, 39, 30, 23, 56, 74, 92]",[],10,10,"[""clip""]",../main/re_result_6-29_APRA/cifar100_500_Jul.02_14.28.31_clip_fix_True_no-mia_no-mia-class_no-noise_modelreplace_5/agg_records/pkl/round_0478_clip.pkl
479,clip,success,"[1, 98, 36, 80, 37, 13, 71, 0, 12, 90]","[1, 98, 36, 80, 37, 13, 71, 0, 12, 90]",[],10,10,"[""clip""]",../main/re_result_6-29_APRA/cifar100_500_Jul.02_14.28.31_clip_fix_True_no-mia_no-mia-class_no-noise_modelreplace_5/agg_records/pkl/round_0479_clip.pkl
480,clip,success,"[3, 87, 74, 82, 46, 79, 16, 83, 89, 23]","[3, 87, 74, 82, 46, 79, 16, 83, 89, 23]",[],10,10,"[""clip""]",../main/re_result_6-29_APRA/cifar100_500_Jul.02_14.28.31_clip_fix_True_no-mia_no-mia-class_no-noise_modelreplace_5/agg_records/pkl/round_0480_clip.pkl
481,clip,success,"[4, 39, 54, 34, 6, 32, 9, 14, 70, 20]","[4, 39, 54, 34, 6, 32, 9, 14, 70, 20]",[],10,10,"[""clip""]",../main/re_result_6-29_APRA/cifar100_500_Jul.02_14.28.31_clip_fix_True_no-mia_no-mia-class_no-noise_modelreplace_5/agg_records/pkl/round_0481_clip.pkl
482,clip,success,"[4, 60, 77, 13, 34, 56, 46, 76, 45, 11]","[4, 60, 77, 13, 34, 56, 46, 76, 45, 11]",[],10,10,"[""clip""]",../main/re_result_6-29_APRA/cifar100_500_Jul.02_14.28.31_clip_fix_True_no-mia_no-mia-class_no-noise_modelreplace_5/agg_records/pkl/round_0482_clip.pkl
483,clip,success,"[1, 4, 25, 30, 73, 96, 8, 48, 78, 50]","[1, 4, 25, 30, 73, 96, 8, 48, 78, 50]",[],10,10,"[""clip""]",../main/re_result_6-29_APRA/cifar100_500_Jul.02_14.28.31_clip_fix_True_no-mia_no-mia-class_no-noise_modelreplace_5/agg_records/pkl/round_0483_clip.pkl
484,clip,success,"[3, 88, 56, 83, 75, 33, 20, 28, 74, 38]","[3, 88, 56, 83, 75, 33, 20, 28, 74, 38]",[],10,10,"[""clip""]",../main/re_result_6-29_APRA/cifar100_500_Jul.02_14.28.31_clip_fix_True_no-mia_no-mia-class_no-noise_modelreplace_5/agg_records/pkl/round_0484_clip.pkl
485,clip,success,"[1, 72, 87, 27, 93, 62, 46, 96, 37, 21]","[1, 72, 87, 27, 93, 62, 46, 96, 37, 21]",[],10,10,"[""clip""]",../main/re_result_6-29_APRA/cifar100_500_Jul.02_14.28.31_clip_fix_True_no-mia_no-mia-class_no-noise_modelreplace_5/agg_records/pkl/round_0485_clip.pkl
486,clip,success,"[4, 65, 39, 50, 32, 61, 93, 62, 31, 40]","[4, 65, 39, 50, 32, 61, 93, 62, 31, 40]",[],10,10,"[""clip""]",../main/re_result_6-29_APRA/cifar100_500_Jul.02_14.28.31_clip_fix_True_no-mia_no-mia-class_no-noise_modelreplace_5/agg_records/pkl/round_0486_clip.pkl
487,clip,success,"[4, 81, 42, 7, 95, 32, 1, 94, 23, 58]","[4, 81, 42, 7, 95, 32, 1, 94, 23, 58]",[],10,10,"[""clip""]",../main/re_result_6-29_APRA/cifar100_500_Jul.02_14.28.31_clip_fix_True_no-mia_no-mia-class_no-noise_modelreplace_5/agg_records/pkl/round_0487_clip.pkl
488,clip,success,"[3, 18, 88, 11, 59, 74, 27, 10, 52, 21]","[3, 18, 88, 11, 59, 74, 27, 10, 52, 21]",[],10,10,"[""clip""]",../main/re_result_6-29_APRA/cifar100_500_Jul.02_14.28.31_clip_fix_True_no-mia_no-mia-class_no-noise_modelreplace_5/agg_records/pkl/round_0488_clip.pkl
489,clip,success,"[2, 6, 43, 46, 26, 21, 55, 57, 80, 78]","[2, 6, 43, 46, 26, 21, 55, 57, 80, 78]",[],10,10,"[""clip""]",../main/re_result_6-29_APRA/cifar100_500_Jul.02_14.28.31_clip_fix_True_no-mia_no-mia-class_no-noise_modelreplace_5/agg_records/pkl/round_0489_clip.pkl
490,clip,success,"[1, 36, 84, 82, 40, 87, 90, 66, 32, 89]","[1, 36, 84, 82, 40, 87, 90, 66, 32, 89]",[],10,10,"[""clip""]",../main/re_result_6-29_APRA/cifar100_500_Jul.02_14.28.31_clip_fix_True_no-mia_no-mia-class_no-noise_modelreplace_5/agg_records/pkl/round_0490_clip.pkl
491,clip,success,"[3, 19, 51, 72, 92, 60, 98, 91, 63, 76]","[3, 19, 51, 72, 92, 60, 98, 91, 63, 76]",[],10,10,"[""clip""]",../main/re_result_6-29_APRA/cifar100_500_Jul.02_14.28.31_clip_fix_True_no-mia_no-mia-class_no-noise_modelreplace_5/agg_records/pkl/round_0491_clip.pkl
492,clip,success,"[1, 94, 66, 86, 68, 73, 35, 77, 11, 22]","[1, 94, 66, 86, 68, 73, 35, 77, 11, 22]",[],10,10,"[""clip""]",../main/re_result_6-29_APRA/cifar100_500_Jul.02_14.28.31_clip_fix_True_no-mia_no-mia-class_no-noise_modelreplace_5/agg_records/pkl/round_0492_clip.pkl
493,clip,success,"[4, 56, 57, 22, 65, 63, 62, 33, 64, 69]","[4, 56, 57, 22, 65, 63, 62, 33, 64, 69]",[],10,10,"[""clip""]",../main/re_result_6-29_APRA/cifar100_500_Jul.02_14.28.31_clip_fix_True_no-mia_no-mia-class_no-noise_modelreplace_5/agg_records/pkl/round_0493_clip.pkl
494,clip,success,"[3, 79, 11, 7, 38, 2, 57, 49, 91, 22]","[3, 79, 11, 7, 38, 2, 57, 49, 91, 22]",[],10,10,"[""clip""]",../main/re_result_6-29_APRA/cifar100_500_Jul.02_14.28.31_clip_fix_True_no-mia_no-mia-class_no-noise_modelreplace_5/agg_records/pkl/round_0494_clip.pkl
495,clip,success,"[4, 49, 80, 41, 24, 96, 37, 13, 63, 29]","[4, 49, 80, 41, 24, 96, 37, 13, 63, 29]",[],10,10,"[""clip""]",../main/re_result_6-29_APRA/cifar100_500_Jul.02_14.28.31_clip_fix_True_no-mia_no-mia-class_no-noise_modelreplace_5/agg_records/pkl/round_0495_clip.pkl
496,clip,success,"[0, 86, 66, 7, 19, 3, 37, 34, 10, 91]","[0, 86, 66, 7, 19, 3, 37, 34, 10, 91]",[],10,10,"[""clip""]",../main/re_result_6-29_APRA/cifar100_500_Jul.02_14.28.31_clip_fix_True_no-mia_no-mia-class_no-noise_modelreplace_5/agg_records/pkl/round_0496_clip.pkl
497,clip,success,"[0, 59, 14, 73, 9, 18, 77, 36, 32, 89]","[0, 59, 14, 73, 9, 18, 77, 36, 32, 89]",[],10,10,"[""clip""]",../main/re_result_6-29_APRA/cifar100_500_Jul.02_14.28.31_clip_fix_True_no-mia_no-mia-class_no-noise_modelreplace_5/agg_records/pkl/round_0497_clip.pkl
498,clip,success,"[1, 59, 8, 24, 55, 47, 57, 68, 13, 38]","[1, 59, 8, 24, 55, 47, 57, 68, 13, 38]",[],10,10,"[""clip""]",../main/re_result_6-29_APRA/cifar100_500_Jul.02_14.28.31_clip_fix_True_no-mia_no-mia-class_no-noise_modelreplace_5/agg_records/pkl/round_0498_clip.pkl
499,clip,success,"[4, 51, 29, 46, 41, 3, 11, 75, 27, 48]","[4, 51, 29, 46, 41, 3, 11, 75, 27, 48]",[],10,10,"[""clip""]",../main/re_result_6-29_APRA/cifar100_500_Jul.02_14.28.31_clip_fix_True_no-mia_no-mia-class_no-noise_modelreplace_5/agg_records/pkl/round_0499_clip.pkl
500,clip,success,"[1, 9, 85, 11, 4, 15, 93, 42, 66, 39]","[1, 9, 85, 11, 4, 15, 93, 42, 66, 39]",[],10,10,"[""clip""]",../main/re_result_6-29_APRA/cifar100_500_Jul.02_14.28.31_clip_fix_True_no-mia_no-mia-class_no-noise_modelreplace_5/agg_records/pkl/round_0500_clip.pkl
