epoch,method,stage,selected,rejected,human
1,rflbat,rflbat_first_distance_filter,"[1, 10, 51, 26, 32, 3, 71, 38, 50, 6, 10, 51, 26, 32, 3, 71, 38, 50, 6]",[],"{""accepted_indices"": [0, 1, 2, 3, 4, 5, 6, 7, 8, 9, 1, 2, 3, 4, 5, 6, 7, 8, 9], ""eps1"": 10, ""distance_median"": 7.199472510399154}"
1,rflbat,rflbat_cluster_filter,"[10, 51, 26, 32, 71, 38, 50, 6, 10, 51, 26, 32, 71, 38, 50, 6]","[1, 3]","{""accepted_indices"": [1, 2, 3, 4, 6, 7, 8, 9, 1, 2, 3, 4, 6, 7, 8, 9], ""num_clusters"": 3, ""cluster_scores"": [0.9999999999997482, 0.13222762063786764, 1]}"
1,rflbat,rflbat_final_distance_filter,"[10, 51, 26, 32, 71, 38, 50, 6]","[1, 3]","{""accepted_indices"": [1, 2, 3, 4, 6, 7, 8, 9, 1, 2, 3, 4, 6, 7, 8, 9], ""eps2"": 6, ""distance_median"": 0.08971619603489778}"
2,rflbat,rflbat_first_distance_filter,"[2, 99, 33, 58, 12, 54, 43, 5, 34, 14, 99, 33, 58, 12, 54, 43, 5, 34, 14]",[],"{""accepted_indices"": [0, 1, 2, 3, 4, 5, 6, 7, 8, 9, 1, 2, 3, 4, 5, 6, 7, 8, 9], ""eps1"": 10, ""distance_median"": 3.9620411685694052}"
2,rflbat,rflbat_cluster_filter,"[2, 99, 33, 58, 12, 54, 43, 5, 34, 14, 99, 33, 58, 12, 54, 43, 5, 34, 14]",[],"{""accepted_indices"": [0, 1, 2, 3, 4, 5, 6, 7, 8, 9, 1, 2, 3, 4, 5, 6, 7, 8, 9], ""num_clusters"": 1, ""cluster_scores"": [0.12264078596010823]}"
2,rflbat,rflbat_final_distance_filter,"[99, 33, 58, 12, 54, 43, 5, 34, 14]",[2],"{""accepted_indices"": [1, 2, 3, 4, 5, 6, 7, 8, 9, 1, 2, 3, 4, 5, 6, 7, 8, 9], ""eps2"": 6, ""distance_median"": 4.242540987965478}"
3,rflbat,rflbat_first_distance_filter,"[0, 70, 37, 24, 63, 40, 4, 49, 21, 66, 70, 37, 24, 63, 40, 4, 49, 21, 66]",[],"{""accepted_indices"": [0, 1, 2, 3, 4, 5, 6, 7, 8, 9, 1, 2, 3, 4, 5, 6, 7, 8, 9], ""eps1"": 10, ""distance_median"": 7.063556763159012}"
3,rflbat,rflbat_cluster_filter,"[70, 37, 24, 63, 40, 49, 21, 66, 70, 37, 24, 63, 40, 49, 21, 66]","[0, 4]","{""accepted_indices"": [1, 2, 3, 4, 5, 7, 8, 9, 1, 2, 3, 4, 5, 7, 8, 9], ""num_clusters"": 3, ""cluster_scores"": [0.13541254769074285, 0.9999999999996829, 1]}"
3,rflbat,rflbat_final_distance_filter,"[70, 37, 24, 63, 40, 49, 21, 66]","[0, 4]","{""accepted_indices"": [1, 2, 3, 4, 5, 7, 8, 9, 1, 2, 3, 4, 5, 7, 8, 9], ""eps2"": 6, ""distance_median"": 0.0472398438365569}"
4,rflbat,rflbat_first_distance_filter,"[1, 71, 25, 6, 16, 39, 86, 47, 61, 65, 71, 25, 6, 16, 39, 86, 47, 61, 65]",[],"{""accepted_indices"": [0, 1, 2, 3, 4, 5, 6, 7, 8, 9, 1, 2, 3, 4, 5, 6, 7, 8, 9], ""eps1"": 10, ""distance_median"": 4.3771251283133985}"
4,rflbat,rflbat_cluster_filter,"[1, 71, 25, 6, 16, 39, 86, 47, 61, 65, 71, 25, 6, 16, 39, 86, 47, 61, 65]",[],"{""accepted_indices"": [0, 1, 2, 3, 4, 5, 6, 7, 8, 9, 1, 2, 3, 4, 5, 6, 7, 8, 9], ""num_clusters"": 1, ""cluster_scores"": [0.10373150200545284]}"
4,rflbat,rflbat_final_distance_filter,"[71, 25, 6, 16, 39, 86, 47, 61, 65]",[1],"{""accepted_indices"": [1, 2, 3, 4, 5, 6, 7, 8, 9, 1, 2, 3, 4, 5, 6, 7, 8, 9], ""eps2"": 6, ""distance_median"": 4.645616796255689}"
5,rflbat,rflbat_first_distance_filter,"[2, 68, 50, 75, 72, 6, 45, 92, 47, 63, 68, 50, 75, 72, 6, 45, 92, 47, 63]",[],"{""accepted_indices"": [0, 1, 2, 3, 4, 5, 6, 7, 8, 9, 1, 2, 3, 4, 5, 6, 7, 8, 9], ""eps1"": 10, ""distance_median"": 3.964805263524857}"
5,rflbat,rflbat_cluster_filter,"[2, 68, 50, 75, 72, 6, 45, 92, 47, 63, 68, 50, 75, 72, 6, 45, 92, 47, 63]",[],"{""accepted_indices"": [0, 1, 2, 3, 4, 5, 6, 7, 8, 9, 1, 2, 3, 4, 5, 6, 7, 8, 9], ""num_clusters"": 1, ""cluster_scores"": [0.10152901992042132]}"
5,rflbat,rflbat_final_distance_filter,"[68, 50, 75, 72, 6, 45, 92, 47, 63]",[2],"{""accepted_indices"": [1, 2, 3, 4, 5, 6, 7, 8, 9, 1, 2, 3, 4, 5, 6, 7, 8, 9], ""eps2"": 6, ""distance_median"": 4.230833166755557}"
6,rflbat,rflbat_first_distance_filter,"[3, 61, 37, 82, 69, 46, 56, 42, 20, 84, 61, 37, 82, 69, 46, 56, 42, 20, 84]",[],"{""accepted_indices"": [0, 1, 2, 3, 4, 5, 6, 7, 8, 9, 1, 2, 3, 4, 5, 6, 7, 8, 9], ""eps1"": 10, ""distance_median"": 3.628441667131664}"
6,rflbat,rflbat_cluster_filter,"[61, 37, 82, 69, 46, 56, 42, 84, 61, 37, 82, 69, 46, 56, 42, 84]","[3, 20]","{""accepted_indices"": [1, 2, 3, 4, 5, 6, 7, 9, 1, 2, 3, 4, 5, 6, 7, 9], ""num_clusters"": 3, ""cluster_scores"": [1.0000000000012048, 1, 0.13217585101378598]}"
6,rflbat,rflbat_final_distance_filter,"[61, 37, 82, 69, 46, 56, 42, 84]","[3, 20]","{""accepted_indices"": [1, 2, 3, 4, 5, 6, 7, 9, 1, 2, 3, 4, 5, 6, 7, 9], ""eps2"": 6, ""distance_median"": 0.1418642682035163}"
7,rflbat,rflbat_first_distance_filter,"[2, 27, 24, 6, 73, 92, 32, 49, 10, 29, 27, 24, 6, 73, 92, 32, 49, 10, 29]",[],"{""accepted_indices"": [0, 1, 2, 3, 4, 5, 6, 7, 8, 9, 1, 2, 3, 4, 5, 6, 7, 8, 9], ""eps1"": 10, ""distance_median"": 3.9752712174069247}"
7,rflbat,rflbat_cluster_filter,"[2, 27, 24, 6, 73, 92, 32, 49, 10, 29, 27, 24, 6, 73, 92, 32, 49, 10, 29]",[],"{""accepted_indices"": [0, 1, 2, 3, 4, 5, 6, 7, 8, 9, 1, 2, 3, 4, 5, 6, 7, 8, 9], ""num_clusters"": 1, ""cluster_scores"": [0.10624612221463585]}"
7,rflbat,rflbat_final_distance_filter,"[27, 24, 6, 73, 92, 32, 49, 10, 29]",[2],"{""accepted_indices"": [1, 2, 3, 4, 5, 6, 7, 8, 9, 1, 2, 3, 4, 5, 6, 7, 8, 9], ""eps2"": 6, ""distance_median"": 4.237881723622334}"
8,rflbat,rflbat_first_distance_filter,"[1, 7, 4, 23, 64, 82, 49, 31, 92, 18, 7, 4, 23, 64, 82, 49, 31, 92, 18]",[],"{""accepted_indices"": [0, 1, 2, 3, 4, 5, 6, 7, 8, 9, 1, 2, 3, 4, 5, 6, 7, 8, 9], ""eps1"": 10, ""distance_median"": 7.2792907956419235}"
8,rflbat,rflbat_cluster_filter,"[7, 23, 64, 49, 31, 18, 7, 23, 64, 49, 31, 18]","[1, 4, 82, 92]","{""accepted_indices"": [1, 3, 4, 6, 7, 9, 1, 3, 4, 6, 7, 9], ""num_clusters"": 4, ""cluster_scores"": [0.49464493848057367, 0.9999999999997017, 1, 0.18831964946750862]}"
8,rflbat,rflbat_final_distance_filter,"[7, 23, 64, 49, 31, 18]","[1, 4, 82, 92]","{""accepted_indices"": [1, 3, 4, 6, 7, 9, 1, 3, 4, 6, 7, 9], ""eps2"": 6, ""distance_median"": 0.024374550799060094}"
9,rflbat,rflbat_first_distance_filter,"[0, 37, 8, 17, 51, 76, 83, 87, 50, 29, 37, 8, 17, 51, 76, 83, 87, 50, 29]",[],"{""accepted_indices"": [0, 1, 2, 3, 4, 5, 6, 7, 8, 9, 1, 2, 3, 4, 5, 6, 7, 8, 9], ""eps1"": 10, ""distance_median"": 3.8311971613414464}"
9,rflbat,rflbat_cluster_filter,"[37, 8, 17, 83, 87, 50, 29, 37, 8, 17, 83, 87, 50, 29]","[0, 51, 76]","{""accepted_indices"": [1, 2, 3, 6, 7, 8, 9, 1, 2, 3, 6, 7, 8, 9], ""num_clusters"": 4, ""cluster_scores"": [1.000000000001194, 1, 0.1552427800400054, 1.0000000000010023]}"
9,rflbat,rflbat_final_distance_filter,"[37, 8, 17, 83, 87, 50, 29]","[0, 51, 76]","{""accepted_indices"": [1, 2, 3, 6, 7, 8, 9, 1, 2, 3, 6, 7, 8, 9], ""eps2"": 6, ""distance_median"": 0.23164927932485357}"
10,rflbat,rflbat_first_distance_filter,"[4, 8, 34, 37, 59, 42, 11, 45, 31, 63, 8, 34, 37, 59, 42, 11, 45, 31, 63]",[],"{""accepted_indices"": [0, 1, 2, 3, 4, 5, 6, 7, 8, 9, 1, 2, 3, 4, 5, 6, 7, 8, 9], ""eps1"": 10, ""distance_median"": 3.7382837625569385}"
10,rflbat,rflbat_cluster_filter,"[34, 37, 42, 11, 45, 31, 63, 34, 37, 42, 11, 45, 31, 63]","[4, 8, 59]","{""accepted_indices"": [2, 3, 5, 6, 7, 8, 9, 2, 3, 5, 6, 7, 8, 9], ""num_clusters"": 4, ""cluster_scores"": [0.13732908908348915, 1, 1.0000000000012574, 1.0000000000012925]}"
10,rflbat,rflbat_final_distance_filter,"[34, 37, 42, 11, 45, 31, 63]","[4, 8, 59]","{""accepted_indices"": [2, 3, 5, 6, 7, 8, 9, 2, 3, 5, 6, 7, 8, 9], ""eps2"": 6, ""distance_median"": 0.0967253359069095}"
11,rflbat,rflbat_first_distance_filter,"[0, 83, 10, 2, 51, 90, 79, 78, 37, 85, 83, 10, 2, 51, 90, 79, 78, 37, 85]",[],"{""accepted_indices"": [0, 1, 2, 3, 4, 5, 6, 7, 8, 9, 1, 2, 3, 4, 5, 6, 7, 8, 9], ""eps1"": 10, ""distance_median"": 7.250814977296644}"
11,rflbat,rflbat_cluster_filter,"[51, 90, 37, 85, 51, 90, 37, 85]","[0, 83, 10, 2, 79, 78]","{""accepted_indices"": [4, 5, 8, 9, 4, 5, 8, 9], ""num_clusters"": 5, ""cluster_scores"": [1.0000000000013478, 0.9999999999997053, 1, 0.23769758701629545, 0.33470990002593753]}"
11,rflbat,rflbat_final_distance_filter,"[51, 90, 37, 85]","[0, 83, 10, 2, 79, 78]","{""accepted_indices"": [4, 5, 8, 9, 4, 5, 8, 9], ""eps2"": 6, ""distance_median"": 0.030331055079833455}"
12,rflbat,rflbat_first_distance_filter,"[3, 53, 90, 21, 22, 98, 20, 5, 70, 49, 53, 90, 21, 22, 98, 20, 5, 70, 49]",[],"{""accepted_indices"": [0, 1, 2, 3, 4, 5, 6, 7, 8, 9, 1, 2, 3, 4, 5, 6, 7, 8, 9], ""eps1"": 10, ""distance_median"": 3.5536214070797234}"
12,rflbat,rflbat_cluster_filter,"[3, 53, 90, 21, 22, 98, 20, 5, 70, 49, 53, 90, 21, 22, 98, 20, 5, 70, 49]",[],"{""accepted_indices"": [0, 1, 2, 3, 4, 5, 6, 7, 8, 9, 1, 2, 3, 4, 5, 6, 7, 8, 9], ""num_clusters"": 1, ""cluster_scores"": [0.11099830117939728]}"
12,rflbat,rflbat_final_distance_filter,"[53, 90, 21, 22, 98, 20, 5, 70, 49]",[3],"{""accepted_indices"": [1, 2, 3, 4, 5, 6, 7, 8, 9, 1, 2, 3, 4, 5, 6, 7, 8, 9], ""eps2"": 6, ""distance_median"": 3.7254127468295115}"
13,rflbat,rflbat_first_distance_filter,"[2, 40, 59, 60, 3, 50, 36, 70, 11, 27, 40, 59, 60, 3, 50, 36, 70, 11, 27]",[],"{""accepted_indices"": [0, 1, 2, 3, 4, 5, 6, 7, 8, 9, 1, 2, 3, 4, 5, 6, 7, 8, 9], ""eps1"": 10, ""distance_median"": 7.056023504577942}"
13,rflbat,rflbat_cluster_filter,"[40, 59, 60, 50, 36, 70, 11, 27, 40, 59, 60, 50, 36, 70, 11, 27]","[2, 3]","{""accepted_indices"": [1, 2, 3, 5, 6, 7, 8, 9, 1, 2, 3, 5, 6, 7, 8, 9], ""num_clusters"": 3, ""cluster_scores"": [0.1167114788472049, 0.9999999999997432, 1]}"
13,rflbat,rflbat_final_distance_filter,"[40, 59, 60, 50, 36, 70, 11, 27]","[2, 3]","{""accepted_indices"": [1, 2, 3, 5, 6, 7, 8, 9, 1, 2, 3, 5, 6, 7, 8, 9], ""eps2"": 6, ""distance_median"": 0.07392934672403614}"
14,rflbat,rflbat_first_distance_filter,"[2, 17, 69, 56, 52, 23, 19, 64, 13, 80, 17, 69, 56, 52, 23, 19, 64, 13, 80]",[],"{""accepted_indices"": [0, 1, 2, 3, 4, 5, 6, 7, 8, 9, 1, 2, 3, 4, 5, 6, 7, 8, 9], ""eps1"": 10, ""distance_median"": 3.852751045996915}"
14,rflbat,rflbat_cluster_filter,"[2, 17, 69, 56, 52, 23, 19, 64, 13, 80, 17, 69, 56, 52, 23, 19, 64, 13, 80]",[],"{""accepted_indices"": [0, 1, 2, 3, 4, 5, 6, 7, 8, 9, 1, 2, 3, 4, 5, 6, 7, 8, 9], ""num_clusters"": 1, ""cluster_scores"": [0.1095931101016259]}"
14,rflbat,rflbat_final_distance_filter,"[17, 69, 56, 52, 23, 19, 64, 13, 80]",[2],"{""accepted_indices"": [1, 2, 3, 4, 5, 6, 7, 8, 9, 1, 2, 3, 4, 5, 6, 7, 8, 9], ""eps2"": 6, ""distance_median"": 4.0199665979558805}"
15,rflbat,rflbat_first_distance_filter,"[2, 45, 49, 89, 96, 79, 57, 46, 5, 62, 45, 49, 89, 96, 79, 57, 46, 5, 62]",[],"{""accepted_indices"": [0, 1, 2, 3, 4, 5, 6, 7, 8, 9, 1, 2, 3, 4, 5, 6, 7, 8, 9], ""eps1"": 10, ""distance_median"": 4.010871193605971}"
15,rflbat,rflbat_cluster_filter,"[2, 45, 49, 89, 96, 79, 57, 46, 5, 62, 45, 49, 89, 96, 79, 57, 46, 5, 62]",[],"{""accepted_indices"": [0, 1, 2, 3, 4, 5, 6, 7, 8, 9, 1, 2, 3, 4, 5, 6, 7, 8, 9], ""num_clusters"": 1, ""cluster_scores"": [0.11025020784451911]}"
15,rflbat,rflbat_final_distance_filter,"[45, 49, 89, 96, 79, 57, 46, 5, 62]",[2],"{""accepted_indices"": [1, 2, 3, 4, 5, 6, 7, 8, 9, 1, 2, 3, 4, 5, 6, 7, 8, 9], ""eps2"": 6, ""distance_median"": 4.277640778322902}"
16,rflbat,rflbat_first_distance_filter,"[3, 66, 25, 17, 82, 65, 37, 42, 67, 15, 66, 25, 17, 82, 65, 37, 42, 67, 15]",[],"{""accepted_indices"": [0, 1, 2, 3, 4, 5, 6, 7, 8, 9, 1, 2, 3, 4, 5, 6, 7, 8, 9], ""eps1"": 10, ""distance_median"": 3.568641869287017}"
16,rflbat,rflbat_cluster_filter,"[3, 66, 25, 17, 82, 65, 37, 42, 67, 15, 66, 25, 17, 82, 65, 37, 42, 67, 15]",[],"{""accepted_indices"": [0, 1, 2, 3, 4, 5, 6, 7, 8, 9, 1, 2, 3, 4, 5, 6, 7, 8, 9], ""num_clusters"": 1, ""cluster_scores"": [0.0992092183436703]}"
16,rflbat,rflbat_final_distance_filter,"[66, 25, 17, 82, 65, 37, 42, 67, 15]",[3],"{""accepted_indices"": [1, 2, 3, 4, 5, 6, 7, 8, 9, 1, 2, 3, 4, 5, 6, 7, 8, 9], ""eps2"": 6, ""distance_median"": 3.7485089758899552}"
17,rflbat,rflbat_first_distance_filter,"[3, 29, 76, 2, 58, 36, 17, 85, 50, 55, 29, 76, 2, 58, 36, 17, 85, 50, 55]",[],"{""accepted_indices"": [0, 1, 2, 3, 4, 5, 6, 7, 8, 9, 1, 2, 3, 4, 5, 6, 7, 8, 9], ""eps1"": 10, ""distance_median"": 7.1311020680020984}"
17,rflbat,rflbat_cluster_filter,"[58, 50, 55, 58, 50, 55]","[3, 29, 76, 2, 36, 17, 85]","{""accepted_indices"": [4, 8, 9, 4, 8, 9], ""num_clusters"": 7, ""cluster_scores"": [0.5321209050419707, 0.9999999999997069, 1, 1.000000000001451, 1.0000000000012894, 1.0000000000012246, 0.35660934713175235]}"
17,rflbat,rflbat_final_distance_filter,"[58, 50, 55]","[3, 29, 76, 2, 36, 17, 85]","{""accepted_indices"": [4, 8, 9, 4, 8, 9], ""eps2"": 6, ""distance_median"": 0.007878666295887104}"
18,rflbat,rflbat_first_distance_filter,"[4, 24, 7, 6, 80, 14, 15, 36, 78, 93, 24, 7, 6, 80, 14, 15, 36, 78, 93]",[],"{""accepted_indices"": [0, 1, 2, 3, 4, 5, 6, 7, 8, 9, 1, 2, 3, 4, 5, 6, 7, 8, 9], ""eps1"": 10, ""distance_median"": 3.7205507689734256}"
18,rflbat,rflbat_cluster_filter,"[24, 7, 6, 80, 14, 15, 78, 93, 24, 7, 6, 80, 14, 15, 78, 93]","[4, 36]","{""accepted_indices"": [1, 2, 3, 4, 5, 6, 8, 9, 1, 2, 3, 4, 5, 6, 8, 9], ""num_clusters"": 3, ""cluster_scores"": [0.13639108852630255, 1, 1.00000000000133]}"
18,rflbat,rflbat_final_distance_filter,"[24, 7, 6, 80, 14, 15, 78, 93]","[4, 36]","{""accepted_indices"": [1, 2, 3, 4, 5, 6, 8, 9, 1, 2, 3, 4, 5, 6, 8, 9], ""eps2"": 6, ""distance_median"": 0.2019000018474266}"
19,rflbat,rflbat_first_distance_filter,"[4, 10, 53, 97, 48, 26, 89, 44, 74, 91, 10, 53, 97, 48, 26, 89, 44, 74, 91]",[],"{""accepted_indices"": [0, 1, 2, 3, 4, 5, 6, 7, 8, 9, 1, 2, 3, 4, 5, 6, 7, 8, 9], ""eps1"": 10, ""distance_median"": 3.864961878667925}"
19,rflbat,rflbat_cluster_filter,"[4, 10, 53, 97, 48, 26, 89, 44, 74, 91, 10, 53, 97, 48, 26, 89, 44, 74, 91]",[],"{""accepted_indices"": [0, 1, 2, 3, 4, 5, 6, 7, 8, 9, 1, 2, 3, 4, 5, 6, 7, 8, 9], ""num_clusters"": 1, ""cluster_scores"": [0.11174639411367754]}"
19,rflbat,rflbat_final_distance_filter,"[10, 53, 97, 48, 26, 89, 44, 74, 91]",[4],"{""accepted_indices"": [1, 2, 3, 4, 5, 6, 7, 8, 9, 1, 2, 3, 4, 5, 6, 7, 8, 9], ""eps2"": 6, ""distance_median"": 4.198131327140052}"
20,rflbat,rflbat_first_distance_filter,"[2, 95, 97, 9, 11, 47, 40, 74, 34, 58, 95, 97, 9, 11, 47, 40, 74, 34, 58]",[],"{""accepted_indices"": [0, 1, 2, 3, 4, 5, 6, 7, 8, 9, 1, 2, 3, 4, 5, 6, 7, 8, 9], ""eps1"": 10, ""distance_median"": 3.870885077385573}"
20,rflbat,rflbat_cluster_filter,"[2, 95, 97, 9, 11, 47, 40, 74, 34, 58, 95, 97, 9, 11, 47, 40, 74, 34, 58]",[],"{""accepted_indices"": [0, 1, 2, 3, 4, 5, 6, 7, 8, 9, 1, 2, 3, 4, 5, 6, 7, 8, 9], ""num_clusters"": 1, ""cluster_scores"": [0.10802807546946622]}"
20,rflbat,rflbat_final_distance_filter,"[95, 97, 9, 11, 47, 40, 74, 34, 58]",[2],"{""accepted_indices"": [1, 2, 3, 4, 5, 6, 7, 8, 9, 1, 2, 3, 4, 5, 6, 7, 8, 9], ""eps2"": 6, ""distance_median"": 4.07466405969946}"
21,rflbat,rflbat_first_distance_filter,"[3, 23, 56, 11, 78, 41, 69, 92, 40, 32, 23, 56, 11, 78, 41, 69, 92, 40, 32]",[],"{""accepted_indices"": [0, 1, 2, 3, 4, 5, 6, 7, 8, 9, 1, 2, 3, 4, 5, 6, 7, 8, 9], ""eps1"": 10, ""distance_median"": 3.6202432685300314}"
21,rflbat,rflbat_cluster_filter,"[3, 23, 56, 11, 78, 41, 69, 92, 40, 32, 23, 56, 11, 78, 41, 69, 92, 40, 32]",[],"{""accepted_indices"": [0, 1, 2, 3, 4, 5, 6, 7, 8, 9, 1, 2, 3, 4, 5, 6, 7, 8, 9], ""num_clusters"": 1, ""cluster_scores"": [0.10516141830333439]}"
21,rflbat,rflbat_final_distance_filter,"[23, 56, 11, 78, 41, 69, 92, 40, 32]",[3],"{""accepted_indices"": [1, 2, 3, 4, 5, 6, 7, 8, 9, 1, 2, 3, 4, 5, 6, 7, 8, 9], ""eps2"": 6, ""distance_median"": 3.810203657678964}"
22,rflbat,rflbat_first_distance_filter,"[3, 30, 57, 37, 90, 2, 49, 65, 92, 42, 30, 57, 37, 90, 2, 49, 65, 92, 42]",[],"{""accepted_indices"": [0, 1, 2, 3, 4, 5, 6, 7, 8, 9, 1, 2, 3, 4, 5, 6, 7, 8, 9], ""eps1"": 10, ""distance_median"": 7.13120736313504}"
22,rflbat,rflbat_cluster_filter,"[57, 37, 90, 49, 65, 92, 42, 57, 37, 90, 49, 65, 92, 42]","[3, 30, 2]","{""accepted_indices"": [2, 3, 4, 6, 7, 8, 9, 2, 3, 4, 6, 7, 8, 9], ""num_clusters"": 4, ""cluster_scores"": [0.12330835857574736, 0.9999999999997007, 1, 1.000000000001766]}"
22,rflbat,rflbat_final_distance_filter,"[57, 37, 90, 49, 65, 92, 42]","[3, 30, 2]","{""accepted_indices"": [2, 3, 4, 6, 7, 8, 9, 2, 3, 4, 6, 7, 8, 9], ""eps2"": 6, ""distance_median"": 0.03689091410504538}"
23,rflbat,rflbat_first_distance_filter,"[4, 62, 38, 82, 25, 19, 29, 53, 22, 84, 62, 38, 82, 25, 19, 29, 53, 22, 84]",[],"{""accepted_indices"": [0, 1, 2, 3, 4, 5, 6, 7, 8, 9, 1, 2, 3, 4, 5, 6, 7, 8, 9], ""eps1"": 10, ""distance_median"": 3.73918173276195}"
23,rflbat,rflbat_cluster_filter,"[4, 62, 38, 82, 25, 19, 29, 53, 22, 84, 62, 38, 82, 25, 19, 29, 53, 22, 84]",[],"{""accepted_indices"": [0, 1, 2, 3, 4, 5, 6, 7, 8, 9, 1, 2, 3, 4, 5, 6, 7, 8, 9], ""num_clusters"": 1, ""cluster_scores"": [0.11212728706667933]}"
23,rflbat,rflbat_final_distance_filter,"[62, 38, 82, 25, 19, 29, 53, 22, 84]",[4],"{""accepted_indices"": [1, 2, 3, 4, 5, 6, 7, 8, 9, 1, 2, 3, 4, 5, 6, 7, 8, 9], ""eps2"": 6, ""distance_median"": 3.919382131408032}"
24,rflbat,rflbat_first_distance_filter,"[4, 85, 51, 43, 6, 27, 5, 50, 82, 99, 85, 51, 43, 6, 27, 5, 50, 82, 99]",[],"{""accepted_indices"": [0, 1, 2, 3, 4, 5, 6, 7, 8, 9, 1, 2, 3, 4, 5, 6, 7, 8, 9], ""eps1"": 10, ""distance_median"": 3.8483419693808196}"
24,rflbat,rflbat_cluster_filter,"[4, 85, 51, 43, 6, 27, 5, 50, 82, 99, 85, 51, 43, 6, 27, 5, 50, 82, 99]",[],"{""accepted_indices"": [0, 1, 2, 3, 4, 5, 6, 7, 8, 9, 1, 2, 3, 4, 5, 6, 7, 8, 9], ""num_clusters"": 1, ""cluster_scores"": [0.1015050300139947]}"
24,rflbat,rflbat_final_distance_filter,"[85, 51, 43, 6, 27, 5, 50, 82, 99]",[4],"{""accepted_indices"": [1, 2, 3, 4, 5, 6, 7, 8, 9, 1, 2, 3, 4, 5, 6, 7, 8, 9], ""eps2"": 6, ""distance_median"": 4.084852997863138}"
25,rflbat,rflbat_first_distance_filter,"[0, 15, 16, 43, 2, 67, 24, 99, 38, 88, 15, 16, 43, 2, 67, 24, 99, 38, 88]",[],"{""accepted_indices"": [0, 1, 2, 3, 4, 5, 6, 7, 8, 9, 1, 2, 3, 4, 5, 6, 7, 8, 9], ""eps1"": 10, ""distance_median"": 7.213498452182504}"
25,rflbat,rflbat_cluster_filter,"[16, 67, 24, 38, 16, 67, 24, 38]","[0, 15, 43, 2, 99, 88]","{""accepted_indices"": [2, 5, 6, 8, 2, 5, 6, 8], ""num_clusters"": 5, ""cluster_scores"": [0.25092725750523504, 0.9999999999996968, 1, 0.3395082634135019, 1.0000000000017366]}"
25,rflbat,rflbat_final_distance_filter,"[16, 67, 24, 38]","[0, 15, 43, 2, 99, 88]","{""accepted_indices"": [2, 5, 6, 8, 2, 5, 6, 8], ""eps2"": 6, ""distance_median"": 0.009922671317929429}"
26,rflbat,rflbat_first_distance_filter,"[3, 33, 19, 1, 5, 97, 90, 14, 62, 36, 33, 19, 1, 5, 97, 90, 14, 62, 36]",[],"{""accepted_indices"": [0, 1, 2, 3, 4, 5, 6, 7, 8, 9, 1, 2, 3, 4, 5, 6, 7, 8, 9], ""eps1"": 10, ""distance_median"": 7.316054984712187}"
26,rflbat,rflbat_cluster_filter,"[33, 19, 5, 97, 90, 14, 62, 36, 33, 19, 5, 97, 90, 14, 62, 36]","[3, 1]","{""accepted_indices"": [1, 2, 4, 5, 6, 7, 8, 9, 1, 2, 4, 5, 6, 7, 8, 9], ""num_clusters"": 3, ""cluster_scores"": [0.12689973045291147, 0.9999999999996922, 1]}"
26,rflbat,rflbat_final_distance_filter,"[33, 19, 5, 97, 90, 14, 62, 36]","[3, 1]","{""accepted_indices"": [1, 2, 4, 5, 6, 7, 8, 9, 1, 2, 4, 5, 6, 7, 8, 9], ""eps2"": 6, ""distance_median"": 0.06511647439495671}"
27,rflbat,rflbat_first_distance_filter,"[1, 73, 48, 50, 76, 11, 2, 26, 21, 37, 73, 48, 50, 76, 11, 2, 26, 21, 37]",[],"{""accepted_indices"": [0, 1, 2, 3, 4, 5, 6, 7, 8, 9, 1, 2, 3, 4, 5, 6, 7, 8, 9], ""eps1"": 10, ""distance_median"": 7.621300679069925}"
27,rflbat,rflbat_cluster_filter,"[73, 48, 50, 76, 11, 26, 21, 37, 73, 48, 50, 76, 11, 26, 21, 37]","[1, 2]","{""accepted_indices"": [1, 2, 3, 4, 5, 7, 8, 9, 1, 2, 3, 4, 5, 7, 8, 9], ""num_clusters"": 3, ""cluster_scores"": [0.11362750588127503, 0.9999999999997067, 1]}"
27,rflbat,rflbat_final_distance_filter,"[73, 48, 50, 76, 11, 26, 21, 37]","[1, 2]","{""accepted_indices"": [1, 2, 3, 4, 5, 7, 8, 9, 1, 2, 3, 4, 5, 7, 8, 9], ""eps2"": 6, ""distance_median"": 0.0749959655926514}"
28,rflbat,rflbat_first_distance_filter,"[4, 36, 59, 35, 49, 80, 24, 42, 79, 57, 36, 59, 35, 49, 80, 24, 42, 79, 57]",[],"{""accepted_indices"": [0, 1, 2, 3, 4, 5, 6, 7, 8, 9, 1, 2, 3, 4, 5, 6, 7, 8, 9], ""eps1"": 10, ""distance_median"": 3.7960392319851395}"
28,rflbat,rflbat_cluster_filter,"[4, 36, 59, 35, 49, 80, 24, 42, 79, 57, 36, 59, 35, 49, 80, 24, 42, 79, 57]",[],"{""accepted_indices"": [0, 1, 2, 3, 4, 5, 6, 7, 8, 9, 1, 2, 3, 4, 5, 6, 7, 8, 9], ""num_clusters"": 1, ""cluster_scores"": [0.10291131144157017]}"
28,rflbat,rflbat_final_distance_filter,"[36, 59, 35, 49, 80, 24, 42, 79, 57]",[4],"{""accepted_indices"": [1, 2, 3, 4, 5, 6, 7, 8, 9, 1, 2, 3, 4, 5, 6, 7, 8, 9], ""eps2"": 6, ""distance_median"": 4.070553892058901}"
29,rflbat,rflbat_first_distance_filter,"[3, 18, 29, 56, 38, 0, 26, 4, 93, 50, 18, 29, 56, 38, 0, 26, 4, 93, 50]",[],"{""accepted_indices"": [0, 1, 2, 3, 4, 5, 6, 7, 8, 9, 1, 2, 3, 4, 5, 6, 7, 8, 9], ""eps1"": 10, ""distance_median"": 10.193186045660763}"
29,rflbat,rflbat_cluster_filter,"[38, 26, 93, 50, 38, 26, 93, 50]","[3, 18, 29, 56, 0, 4]","{""accepted_indices"": [4, 6, 8, 9, 4, 6, 8, 9], ""num_clusters"": 5, ""cluster_scores"": [0.24109954163003355, 0.9999999999997404, 0.9999999999996735, 1, 0.34833738453112034]}"
29,rflbat,rflbat_final_distance_filter,"[38, 26, 93, 50]","[3, 18, 29, 56, 0, 4]","{""accepted_indices"": [4, 6, 8, 9, 4, 6, 8, 9], ""eps2"": 6, ""distance_median"": 0.022365649796293824}"
30,rflbat,rflbat_first_distance_filter,"[3, 21, 26, 73, 10, 80, 50, 64, 57, 40, 21, 26, 73, 10, 80, 50, 64, 57, 40]",[],"{""accepted_indices"": [0, 1, 2, 3, 4, 5, 6, 7, 8, 9, 1, 2, 3, 4, 5, 6, 7, 8, 9], ""eps1"": 10, ""distance_median"": 3.7114660050532784}"
30,rflbat,rflbat_cluster_filter,"[3, 21, 26, 73, 10, 80, 50, 64, 57, 40, 21, 26, 73, 10, 80, 50, 64, 57, 40]",[],"{""accepted_indices"": [0, 1, 2, 3, 4, 5, 6, 7, 8, 9, 1, 2, 3, 4, 5, 6, 7, 8, 9], ""num_clusters"": 1, ""cluster_scores"": [0.1083070851166042]}"
30,rflbat,rflbat_final_distance_filter,"[21, 26, 73, 10, 80, 50, 64, 57, 40]",[3],"{""accepted_indices"": [1, 2, 3, 4, 5, 6, 7, 8, 9, 1, 2, 3, 4, 5, 6, 7, 8, 9], ""eps2"": 6, ""distance_median"": 4.039244363008723}"
31,rflbat,rflbat_first_distance_filter,"[4, 7, 63, 58, 54, 46, 70, 18, 69, 83, 7, 63, 58, 54, 46, 70, 18, 69, 83]",[],"{""accepted_indices"": [0, 1, 2, 3, 4, 5, 6, 7, 8, 9, 1, 2, 3, 4, 5, 6, 7, 8, 9], ""eps1"": 10, ""distance_median"": 3.8651448888188376}"
31,rflbat,rflbat_cluster_filter,"[4, 7, 63, 58, 54, 46, 70, 18, 69, 83, 7, 63, 58, 54, 46, 70, 18, 69, 83]",[],"{""accepted_indices"": [0, 1, 2, 3, 4, 5, 6, 7, 8, 9, 1, 2, 3, 4, 5, 6, 7, 8, 9], ""num_clusters"": 1, ""cluster_scores"": [0.11685370449209125]}"
31,rflbat,rflbat_final_distance_filter,"[7, 63, 58, 54, 46, 70, 18, 69, 83]",[4],"{""accepted_indices"": [1, 2, 3, 4, 5, 6, 7, 8, 9, 1, 2, 3, 4, 5, 6, 7, 8, 9], ""eps2"": 6, ""distance_median"": 4.129881007851038}"
32,rflbat,rflbat_first_distance_filter,"[3, 28, 61, 62, 6, 86, 22, 64, 7, 4, 28, 61, 62, 6, 86, 22, 64, 7, 4]",[],"{""accepted_indices"": [0, 1, 2, 3, 4, 5, 6, 7, 8, 9, 1, 2, 3, 4, 5, 6, 7, 8, 9], ""eps1"": 10, ""distance_median"": 6.964366232908944}"
32,rflbat,rflbat_cluster_filter,"[28, 61, 62, 6, 86, 22, 64, 7, 28, 61, 62, 6, 86, 22, 64, 7]","[3, 4]","{""accepted_indices"": [1, 2, 3, 4, 5, 6, 7, 8, 1, 2, 3, 4, 5, 6, 7, 8], ""num_clusters"": 3, ""cluster_scores"": [0.9999999999996897, 0.11636514863968356, 1]}"
32,rflbat,rflbat_final_distance_filter,"[28, 61, 62, 6, 86, 22, 64, 7]","[3, 4]","{""accepted_indices"": [1, 2, 3, 4, 5, 6, 7, 8, 1, 2, 3, 4, 5, 6, 7, 8], ""eps2"": 6, ""distance_median"": 0.036506881311655255}"
33,rflbat,rflbat_first_distance_filter,"[3, 15, 88, 82, 94, 26, 23, 4, 9, 29, 15, 88, 82, 94, 26, 23, 4, 9, 29]",[],"{""accepted_indices"": [0, 1, 2, 3, 4, 5, 6, 7, 8, 9, 1, 2, 3, 4, 5, 6, 7, 8, 9], ""eps1"": 10, ""distance_median"": 7.023262006969543}"
33,rflbat,rflbat_cluster_filter,"[88, 82, 94, 26, 23, 9, 88, 82, 94, 26, 23, 9]","[3, 15, 4, 29]","{""accepted_indices"": [2, 3, 4, 5, 6, 8, 2, 3, 4, 5, 6, 8], ""num_clusters"": 4, ""cluster_scores"": [0.17292176729227018, 0.9999999999996837, 1, 0.5183246922848237]}"
33,rflbat,rflbat_final_distance_filter,"[88, 82, 94, 26, 23, 9]","[3, 15, 4, 29]","{""accepted_indices"": [2, 3, 4, 5, 6, 8, 2, 3, 4, 5, 6, 8], ""eps2"": 6, ""distance_median"": 0.03851248257451731}"
34,rflbat,rflbat_first_distance_filter,"[2, 84, 51, 30, 73, 98, 1, 95, 29, 82, 84, 51, 30, 73, 98, 1, 95, 29, 82]",[],"{""accepted_indices"": [0, 1, 2, 3, 4, 5, 6, 7, 8, 9, 1, 2, 3, 4, 5, 6, 7, 8, 9], ""eps1"": 10, ""distance_median"": 7.731486164157838}"
34,rflbat,rflbat_cluster_filter,"[84, 73, 98, 95, 82, 84, 73, 98, 95, 82]","[2, 51, 30, 1, 29]","{""accepted_indices"": [1, 4, 5, 7, 9, 1, 4, 5, 7, 9], ""num_clusters"": 4, ""cluster_scores"": [0.20117418762505865, 0.9999999999996932, 1, 0.37754182707175993]}"
34,rflbat,rflbat_final_distance_filter,"[84, 73, 98, 95, 82]","[2, 51, 30, 1, 29]","{""accepted_indices"": [1, 4, 5, 7, 9, 1, 4, 5, 7, 9], ""eps2"": 6, ""distance_median"": 0.023622115922701477}"
35,rflbat,rflbat_first_distance_filter,"[3, 70, 25, 97, 52, 10, 50, 68, 65, 40, 70, 25, 97, 52, 10, 50, 68, 65, 40]",[],"{""accepted_indices"": [0, 1, 2, 3, 4, 5, 6, 7, 8, 9, 1, 2, 3, 4, 5, 6, 7, 8, 9], ""eps1"": 10, ""distance_median"": 3.6361843385393318}"
35,rflbat,rflbat_cluster_filter,"[3, 70, 25, 97, 52, 10, 50, 68, 65, 40, 70, 25, 97, 52, 10, 50, 68, 65, 40]",[],"{""accepted_indices"": [0, 1, 2, 3, 4, 5, 6, 7, 8, 9, 1, 2, 3, 4, 5, 6, 7, 8, 9], ""num_clusters"": 1, ""cluster_scores"": [0.11223199258526041]}"
35,rflbat,rflbat_final_distance_filter,"[70, 25, 97, 52, 10, 50, 68, 65, 40]",[3],"{""accepted_indices"": [1, 2, 3, 4, 5, 6, 7, 8, 9, 1, 2, 3, 4, 5, 6, 7, 8, 9], ""eps2"": 6, ""distance_median"": 3.8817188733216543}"
36,rflbat,rflbat_first_distance_filter,"[3, 77, 56, 13, 0, 84, 42, 76, 80, 9, 77, 56, 13, 0, 84, 42, 76, 80, 9]",[],"{""accepted_indices"": [0, 1, 2, 3, 4, 5, 6, 7, 8, 9, 1, 2, 3, 4, 5, 6, 7, 8, 9], ""eps1"": 10, ""distance_median"": 6.928029748043282}"
36,rflbat,rflbat_cluster_filter,"[77, 56, 13, 84, 42, 76, 80, 9, 77, 56, 13, 84, 42, 76, 80, 9]","[3, 0]","{""accepted_indices"": [1, 2, 3, 5, 6, 7, 8, 9, 1, 2, 3, 5, 6, 7, 8, 9], ""num_clusters"": 3, ""cluster_scores"": [0.9999999999997398, 0.12593595668066873, 1]}"
36,rflbat,rflbat_final_distance_filter,"[77, 56, 13, 84, 42, 76, 80, 9]","[3, 0]","{""accepted_indices"": [1, 2, 3, 5, 6, 7, 8, 9, 1, 2, 3, 5, 6, 7, 8, 9], ""eps2"": 6, ""distance_median"": 0.09006876398440762}"
37,rflbat,rflbat_first_distance_filter,"[0, 10, 86, 91, 62, 48, 89, 51, 29, 83, 10, 86, 91, 62, 48, 89, 51, 29, 83]",[],"{""accepted_indices"": [0, 1, 2, 3, 4, 5, 6, 7, 8, 9, 1, 2, 3, 4, 5, 6, 7, 8, 9], ""eps1"": 10, ""distance_median"": 3.6935791186699976}"
37,rflbat,rflbat_cluster_filter,"[0, 10, 86, 91, 62, 48, 89, 51, 29, 83, 10, 86, 91, 62, 48, 89, 51, 29, 83]",[],"{""accepted_indices"": [0, 1, 2, 3, 4, 5, 6, 7, 8, 9, 1, 2, 3, 4, 5, 6, 7, 8, 9], ""num_clusters"": 1, ""cluster_scores"": [0.10905619112998233]}"
37,rflbat,rflbat_final_distance_filter,"[10, 86, 91, 62, 48, 89, 51, 29, 83]",[0],"{""accepted_indices"": [1, 2, 3, 4, 5, 6, 7, 8, 9, 1, 2, 3, 4, 5, 6, 7, 8, 9], ""eps2"": 6, ""distance_median"": 3.910731060266333}"
38,rflbat,rflbat_first_distance_filter,"[0, 57, 6, 83, 76, 89, 13, 50, 7, 33, 57, 6, 83, 76, 89, 13, 50, 7, 33]",[],"{""accepted_indices"": [0, 1, 2, 3, 4, 5, 6, 7, 8, 9, 1, 2, 3, 4, 5, 6, 7, 8, 9], ""eps1"": 10, ""distance_median"": 3.8472439204653357}"
38,rflbat,rflbat_cluster_filter,"[0, 57, 6, 83, 76, 89, 13, 50, 7, 33, 57, 6, 83, 76, 89, 13, 50, 7, 33]",[],"{""accepted_indices"": [0, 1, 2, 3, 4, 5, 6, 7, 8, 9, 1, 2, 3, 4, 5, 6, 7, 8, 9], ""num_clusters"": 1, ""cluster_scores"": [0.09817850699124397]}"
38,rflbat,rflbat_final_distance_filter,"[57, 6, 83, 76, 89, 13, 50, 7, 33]",[0],"{""accepted_indices"": [1, 2, 3, 4, 5, 6, 7, 8, 9, 1, 2, 3, 4, 5, 6, 7, 8, 9], ""eps2"": 6, ""distance_median"": 4.150222680910948}"
39,rflbat,rflbat_first_distance_filter,"[0, 59, 6, 99, 57, 83, 43, 74, 27, 38, 59, 6, 99, 57, 83, 43, 74, 27, 38]",[],"{""accepted_indices"": [0, 1, 2, 3, 4, 5, 6, 7, 8, 9, 1, 2, 3, 4, 5, 6, 7, 8, 9], ""eps1"": 10, ""distance_median"": 3.724926416731086}"
39,rflbat,rflbat_cluster_filter,"[59, 6, 99, 57, 83, 43, 74, 27, 38, 59, 6, 99, 57, 83, 43, 74, 27, 38]",[0],"{""accepted_indices"": [1, 2, 3, 4, 5, 6, 7, 8, 9, 1, 2, 3, 4, 5, 6, 7, 8, 9], ""num_clusters"": 2, ""cluster_scores"": [0.11272443598471255, 1]}"
39,rflbat,rflbat_final_distance_filter,"[59, 6, 99, 57, 83, 43, 74, 27, 38]",[0],"{""accepted_indices"": [1, 2, 3, 4, 5, 6, 7, 8, 9, 1, 2, 3, 4, 5, 6, 7, 8, 9], ""eps2"": 6, ""distance_median"": 0.4658490701558983}"
40,rflbat,rflbat_first_distance_filter,"[1, 86, 20, 42, 8, 25, 22, 41, 4, 63, 86, 20, 42, 8, 25, 22, 41, 4, 63]",[],"{""accepted_indices"": [0, 1, 2, 3, 4, 5, 6, 7, 8, 9, 1, 2, 3, 4, 5, 6, 7, 8, 9], ""eps1"": 10, ""distance_median"": 7.3582764577689375}"
40,rflbat,rflbat_cluster_filter,"[86, 20, 42, 8, 25, 22, 41, 63, 86, 20, 42, 8, 25, 22, 41, 63]","[1, 4]","{""accepted_indices"": [1, 2, 3, 4, 5, 6, 7, 9, 1, 2, 3, 4, 5, 6, 7, 9], ""num_clusters"": 3, ""cluster_scores"": [0.14974524219573448, 0.999999999999662, 1]}"
40,rflbat,rflbat_final_distance_filter,"[86, 20, 42, 8, 25, 22, 41, 63]","[1, 4]","{""accepted_indices"": [1, 2, 3, 4, 5, 6, 7, 9, 1, 2, 3, 4, 5, 6, 7, 9], ""eps2"": 6, ""distance_median"": 0.09269602155952751}"
41,rflbat,rflbat_first_distance_filter,"[3, 8, 99, 63, 0, 30, 96, 79, 7, 55, 8, 99, 63, 0, 30, 96, 79, 7, 55]",[],"{""accepted_indices"": [0, 1, 2, 3, 4, 5, 6, 7, 8, 9, 1, 2, 3, 4, 5, 6, 7, 8, 9], ""eps1"": 10, ""distance_median"": 6.868539079417906}"
41,rflbat,rflbat_cluster_filter,"[63, 7, 55, 63, 7, 55]","[3, 8, 99, 0, 30, 96, 79]","{""accepted_indices"": [3, 8, 9, 3, 8, 9], ""num_clusters"": 5, ""cluster_scores"": [0.32144442217474817, 0.9999999999997387, 1, 0.5107202599790823, 0.31511506887284274]}"
41,rflbat,rflbat_final_distance_filter,"[63, 7, 55]","[3, 8, 99, 0, 30, 96, 79]","{""accepted_indices"": [3, 8, 9, 3, 8, 9], ""eps2"": 6, ""distance_median"": 0.01009671997448316}"
42,rflbat,rflbat_first_distance_filter,"[0, 59, 85, 40, 10, 2, 61, 37, 48, 4, 59, 85, 40, 10, 2, 61, 37, 48, 4]",[],"{""accepted_indices"": [0, 1, 2, 3, 4, 5, 6, 7, 8, 9, 1, 2, 3, 4, 5, 6, 7, 8, 9], ""eps1"": 10, ""distance_median"": 10.48585781588271}"
42,rflbat,rflbat_cluster_filter,"[59, 85, 40, 10, 61, 37, 48, 59, 85, 40, 10, 61, 37, 48]","[0, 2, 4]","{""accepted_indices"": [1, 2, 3, 4, 6, 7, 8, 1, 2, 3, 4, 6, 7, 8], ""num_clusters"": 2, ""cluster_scores"": [0.15704014247428377, 0.8588739374403851]}"
42,rflbat,rflbat_final_distance_filter,"[59, 85, 40, 10, 61, 37, 48]","[0, 2, 4]","{""accepted_indices"": [1, 2, 3, 4, 6, 7, 8, 1, 2, 3, 4, 6, 7, 8], ""eps2"": 6, ""distance_median"": 0.07416211490100232}"
43,rflbat,rflbat_first_distance_filter,"[0, 26, 9, 91, 73, 81, 63, 59, 70, 33, 26, 9, 91, 73, 81, 63, 59, 70, 33]",[],"{""accepted_indices"": [0, 1, 2, 3, 4, 5, 6, 7, 8, 9, 1, 2, 3, 4, 5, 6, 7, 8, 9], ""eps1"": 10, ""distance_median"": 3.760655295080647}"
43,rflbat,rflbat_cluster_filter,"[0, 26, 9, 91, 73, 81, 63, 59, 70, 33, 26, 9, 91, 73, 81, 63, 59, 70, 33]",[],"{""accepted_indices"": [0, 1, 2, 3, 4, 5, 6, 7, 8, 9, 1, 2, 3, 4, 5, 6, 7, 8, 9], ""num_clusters"": 1, ""cluster_scores"": [0.0988025770587128]}"
43,rflbat,rflbat_final_distance_filter,"[26, 9, 91, 73, 81, 63, 59, 70, 33]",[0],"{""accepted_indices"": [1, 2, 3, 4, 5, 6, 7, 8, 9, 1, 2, 3, 4, 5, 6, 7, 8, 9], ""eps2"": 6, ""distance_median"": 4.052201942892902}"
44,rflbat,rflbat_first_distance_filter,"[4, 15, 21, 96, 20, 47, 2, 88, 40, 98, 15, 21, 96, 20, 47, 2, 88, 40, 98]",[],"{""accepted_indices"": [0, 1, 2, 3, 4, 5, 6, 7, 8, 9, 1, 2, 3, 4, 5, 6, 7, 8, 9], ""eps1"": 10, ""distance_median"": 7.384351009518831}"
44,rflbat,rflbat_cluster_filter,"[15, 21, 96, 20, 47, 88, 40, 98, 15, 21, 96, 20, 47, 88, 40, 98]","[4, 2]","{""accepted_indices"": [1, 2, 3, 4, 5, 7, 8, 9, 1, 2, 3, 4, 5, 7, 8, 9], ""num_clusters"": 3, ""cluster_scores"": [0.1316961815826028, 0.9999999999996961, 1]}"
44,rflbat,rflbat_final_distance_filter,"[15, 21, 96, 20, 47, 88, 40, 98]","[4, 2]","{""accepted_indices"": [1, 2, 3, 4, 5, 7, 8, 9, 1, 2, 3, 4, 5, 7, 8, 9], ""eps2"": 6, ""distance_median"": 0.07845293322209199}"
45,rflbat,rflbat_first_distance_filter,"[2, 22, 73, 42, 58, 60, 69, 44, 79, 14, 22, 73, 42, 58, 60, 69, 44, 79, 14]",[],"{""accepted_indices"": [0, 1, 2, 3, 4, 5, 6, 7, 8, 9, 1, 2, 3, 4, 5, 6, 7, 8, 9], ""eps1"": 10, ""distance_median"": 3.955617884473386}"
45,rflbat,rflbat_cluster_filter,"[2, 22, 73, 42, 58, 60, 69, 44, 79, 14, 22, 73, 42, 58, 60, 69, 44, 79, 14]",[],"{""accepted_indices"": [0, 1, 2, 3, 4, 5, 6, 7, 8, 9, 1, 2, 3, 4, 5, 6, 7, 8, 9], ""num_clusters"": 1, ""cluster_scores"": [0.1035312256614081]}"
45,rflbat,rflbat_final_distance_filter,"[22, 73, 42, 58, 60, 69, 44, 79, 14]",[2],"{""accepted_indices"": [1, 2, 3, 4, 5, 6, 7, 8, 9, 1, 2, 3, 4, 5, 6, 7, 8, 9], ""eps2"": 6, ""distance_median"": 4.172546685597454}"
46,rflbat,rflbat_first_distance_filter,"[3, 25, 72, 46, 23, 80, 49, 87, 4, 85, 25, 72, 46, 23, 80, 49, 87, 4, 85]",[],"{""accepted_indices"": [0, 1, 2, 3, 4, 5, 6, 7, 8, 9, 1, 2, 3, 4, 5, 6, 7, 8, 9], ""eps1"": 10, ""distance_median"": 6.9060328727308455}"
46,rflbat,rflbat_cluster_filter,"[46, 23, 80, 49, 46, 23, 80, 49]","[3, 25, 72, 87, 4, 85]","{""accepted_indices"": [3, 4, 5, 6, 3, 4, 5, 6], ""num_clusters"": 5, ""cluster_scores"": [0.3473127094316904, 0.9999999999996637, 1, 1.0000000000014986, 0.26662780628175686]}"
46,rflbat,rflbat_final_distance_filter,"[46, 23, 80, 49]","[3, 25, 72, 87, 4, 85]","{""accepted_indices"": [3, 4, 5, 6, 3, 4, 5, 6], ""eps2"": 6, ""distance_median"": 0.014534405336696749}"
47,rflbat,rflbat_first_distance_filter,"[3, 83, 32, 15, 30, 85, 95, 7, 9, 18, 83, 32, 15, 30, 85, 95, 7, 9, 18]",[],"{""accepted_indices"": [0, 1, 2, 3, 4, 5, 6, 7, 8, 9, 1, 2, 3, 4, 5, 6, 7, 8, 9], ""eps1"": 10, ""distance_median"": 3.5524783331582075}"
47,rflbat,rflbat_cluster_filter,"[3, 83, 32, 15, 30, 85, 95, 7, 9, 18, 83, 32, 15, 30, 85, 95, 7, 9, 18]",[],"{""accepted_indices"": [0, 1, 2, 3, 4, 5, 6, 7, 8, 9, 1, 2, 3, 4, 5, 6, 7, 8, 9], ""num_clusters"": 1, ""cluster_scores"": [0.10835377020327727]}"
47,rflbat,rflbat_final_distance_filter,"[83, 32, 15, 30, 85, 95, 7, 9, 18]",[3],"{""accepted_indices"": [1, 2, 3, 4, 5, 6, 7, 8, 9, 1, 2, 3, 4, 5, 6, 7, 8, 9], ""eps2"": 6, ""distance_median"": 3.750785787225688}"
48,rflbat,rflbat_first_distance_filter,"[1, 83, 76, 54, 18, 74, 16, 89, 49, 10, 83, 76, 54, 18, 74, 16, 89, 49, 10]",[],"{""accepted_indices"": [0, 1, 2, 3, 4, 5, 6, 7, 8, 9, 1, 2, 3, 4, 5, 6, 7, 8, 9], ""eps1"": 10, ""distance_median"": 4.083045853359192}"
48,rflbat,rflbat_cluster_filter,"[1, 83, 76, 54, 18, 74, 16, 89, 49, 10, 83, 76, 54, 18, 74, 16, 89, 49, 10]",[],"{""accepted_indices"": [0, 1, 2, 3, 4, 5, 6, 7, 8, 9, 1, 2, 3, 4, 5, 6, 7, 8, 9], ""num_clusters"": 1, ""cluster_scores"": [0.11262526556256607]}"
48,rflbat,rflbat_final_distance_filter,"[83, 76, 54, 18, 74, 16, 89, 49, 10]",[1],"{""accepted_indices"": [1, 2, 3, 4, 5, 6, 7, 8, 9, 1, 2, 3, 4, 5, 6, 7, 8, 9], ""eps2"": 6, ""distance_median"": 4.319710091641834}"
49,rflbat,rflbat_first_distance_filter,"[1, 33, 88, 67, 20, 96, 47, 3, 38, 5, 33, 88, 67, 20, 96, 47, 3, 38, 5]",[],"{""accepted_indices"": [0, 1, 2, 3, 4, 5, 6, 7, 8, 9, 1, 2, 3, 4, 5, 6, 7, 8, 9], ""eps1"": 10, ""distance_median"": 7.147220409600209}"
49,rflbat,rflbat_cluster_filter,"[33, 88, 67, 20, 96, 47, 38, 5, 33, 88, 67, 20, 96, 47, 38, 5]","[1, 3]","{""accepted_indices"": [1, 2, 3, 4, 5, 6, 8, 9, 1, 2, 3, 4, 5, 6, 8, 9], ""num_clusters"": 3, ""cluster_scores"": [0.9999999999997162, 0.12576455734687966, 1]}"
49,rflbat,rflbat_final_distance_filter,"[33, 88, 67, 20, 96, 47, 38, 5]","[1, 3]","{""accepted_indices"": [1, 2, 3, 4, 5, 6, 8, 9, 1, 2, 3, 4, 5, 6, 8, 9], ""eps2"": 6, ""distance_median"": 0.05562848342616401}"
50,rflbat,rflbat_first_distance_filter,"[1, 99, 70, 16, 23, 85, 18, 54, 32, 10, 99, 70, 16, 23, 85, 18, 54, 32, 10]",[],"{""accepted_indices"": [0, 1, 2, 3, 4, 5, 6, 7, 8, 9, 1, 2, 3, 4, 5, 6, 7, 8, 9], ""eps1"": 10, ""distance_median"": 4.1997922880419285}"
50,rflbat,rflbat_cluster_filter,"[1, 99, 70, 16, 23, 85, 18, 54, 32, 10, 99, 70, 16, 23, 85, 18, 54, 32, 10]",[],"{""accepted_indices"": [0, 1, 2, 3, 4, 5, 6, 7, 8, 9, 1, 2, 3, 4, 5, 6, 7, 8, 9], ""num_clusters"": 1, ""cluster_scores"": [0.09960767368728503]}"
50,rflbat,rflbat_final_distance_filter,"[99, 70, 16, 23, 85, 18, 54, 32, 10]",[1],"{""accepted_indices"": [1, 2, 3, 4, 5, 6, 7, 8, 9, 1, 2, 3, 4, 5, 6, 7, 8, 9], ""eps2"": 6, ""distance_median"": 4.403925046348125}"
51,rflbat,rflbat_first_distance_filter,"[1, 57, 29, 16, 68, 58, 11, 3, 90, 46, 57, 29, 16, 68, 58, 11, 3, 90, 46]",[],"{""accepted_indices"": [0, 1, 2, 3, 4, 5, 6, 7, 8, 9, 1, 2, 3, 4, 5, 6, 7, 8, 9], ""eps1"": 10, ""distance_median"": 7.346349519494128}"
51,rflbat,rflbat_cluster_filter,"[57, 16, 68, 58, 11, 90, 57, 16, 68, 58, 11, 90]","[1, 29, 3, 46]","{""accepted_indices"": [1, 3, 4, 5, 6, 8, 1, 3, 4, 5, 6, 8], ""num_clusters"": 4, ""cluster_scores"": [0.18090371562137306, 0.9999999999997301, 1, 0.5341522496010273]}"
51,rflbat,rflbat_final_distance_filter,"[57, 16, 68, 58, 11, 90]","[1, 29, 3, 46]","{""accepted_indices"": [1, 3, 4, 5, 6, 8, 1, 3, 4, 5, 6, 8], ""eps2"": 6, ""distance_median"": 0.028545246770304136}"
52,rflbat,rflbat_first_distance_filter,"[4, 96, 88, 63, 80, 14, 69, 58, 51, 19, 96, 88, 63, 80, 14, 69, 58, 51, 19]",[],"{""accepted_indices"": [0, 1, 2, 3, 4, 5, 6, 7, 8, 9, 1, 2, 3, 4, 5, 6, 7, 8, 9], ""eps1"": 10, ""distance_median"": 3.752997161894239}"
52,rflbat,rflbat_cluster_filter,"[4, 96, 88, 63, 80, 14, 69, 58, 51, 19, 96, 88, 63, 80, 14, 69, 58, 51, 19]",[],"{""accepted_indices"": [0, 1, 2, 3, 4, 5, 6, 7, 8, 9, 1, 2, 3, 4, 5, 6, 7, 8, 9], ""num_clusters"": 1, ""cluster_scores"": [0.10260618896924237]}"
52,rflbat,rflbat_final_distance_filter,"[96, 88, 63, 80, 14, 69, 58, 51, 19]",[4],"{""accepted_indices"": [1, 2, 3, 4, 5, 6, 7, 8, 9, 1, 2, 3, 4, 5, 6, 7, 8, 9], ""eps2"": 6, ""distance_median"": 3.970191008961996}"
53,rflbat,rflbat_first_distance_filter,"[2, 48, 23, 97, 99, 80, 26, 94, 53, 75, 48, 23, 97, 99, 80, 26, 94, 53, 75]",[],"{""accepted_indices"": [0, 1, 2, 3, 4, 5, 6, 7, 8, 9, 1, 2, 3, 4, 5, 6, 7, 8, 9], ""eps1"": 10, ""distance_median"": 4.110072821094743}"
53,rflbat,rflbat_cluster_filter,"[2, 48, 23, 97, 99, 80, 26, 94, 53, 75, 48, 23, 97, 99, 80, 26, 94, 53, 75]",[],"{""accepted_indices"": [0, 1, 2, 3, 4, 5, 6, 7, 8, 9, 1, 2, 3, 4, 5, 6, 7, 8, 9], ""num_clusters"": 1, ""cluster_scores"": [0.09748455660009758]}"
53,rflbat,rflbat_final_distance_filter,"[48, 23, 97, 99, 80, 26, 94, 53, 75]",[2],"{""accepted_indices"": [1, 2, 3, 4, 5, 6, 7, 8, 9, 1, 2, 3, 4, 5, 6, 7, 8, 9], ""eps2"": 6, ""distance_median"": 4.444465453523724}"
54,rflbat,rflbat_first_distance_filter,"[2, 71, 45, 46, 73, 35, 40, 81, 7, 17, 71, 45, 46, 73, 35, 40, 81, 7, 17]",[],"{""accepted_indices"": [0, 1, 2, 3, 4, 5, 6, 7, 8, 9, 1, 2, 3, 4, 5, 6, 7, 8, 9], ""eps1"": 10, ""distance_median"": 4.053242341371716}"
54,rflbat,rflbat_cluster_filter,"[2, 71, 45, 46, 73, 35, 40, 81, 7, 17, 71, 45, 46, 73, 35, 40, 81, 7, 17]",[],"{""accepted_indices"": [0, 1, 2, 3, 4, 5, 6, 7, 8, 9, 1, 2, 3, 4, 5, 6, 7, 8, 9], ""num_clusters"": 1, ""cluster_scores"": [0.11641379185835508]}"
54,rflbat,rflbat_final_distance_filter,"[71, 45, 46, 73, 35, 40, 81, 7, 17]",[2],"{""accepted_indices"": [1, 2, 3, 4, 5, 6, 7, 8, 9, 1, 2, 3, 4, 5, 6, 7, 8, 9], ""eps2"": 6, ""distance_median"": 4.370440010267293}"
55,rflbat,rflbat_first_distance_filter,"[1, 53, 98, 30, 43, 18, 83, 24, 32, 48, 53, 98, 30, 43, 18, 83, 24, 32, 48]",[],"{""accepted_indices"": [0, 1, 2, 3, 4, 5, 6, 7, 8, 9, 1, 2, 3, 4, 5, 6, 7, 8, 9], ""eps1"": 10, ""distance_median"": 4.0299225197385224}"
55,rflbat,rflbat_cluster_filter,"[1, 53, 98, 30, 43, 18, 83, 24, 32, 48, 53, 98, 30, 43, 18, 83, 24, 32, 48]",[],"{""accepted_indices"": [0, 1, 2, 3, 4, 5, 6, 7, 8, 9, 1, 2, 3, 4, 5, 6, 7, 8, 9], ""num_clusters"": 1, ""cluster_scores"": [0.10904446592488226]}"
55,rflbat,rflbat_final_distance_filter,"[53, 98, 30, 43, 18, 83, 24, 32, 48]",[1],"{""accepted_indices"": [1, 2, 3, 4, 5, 6, 7, 8, 9, 1, 2, 3, 4, 5, 6, 7, 8, 9], ""eps2"": 6, ""distance_median"": 4.2195255704059385}"
56,rflbat,rflbat_first_distance_filter,"[4, 7, 38, 88, 71, 75, 59, 67, 68, 27, 7, 38, 88, 71, 75, 59, 67, 68, 27]",[],"{""accepted_indices"": [0, 1, 2, 3, 4, 5, 6, 7, 8, 9, 1, 2, 3, 4, 5, 6, 7, 8, 9], ""eps1"": 10, ""distance_median"": 3.916286138222942}"
56,rflbat,rflbat_cluster_filter,"[7, 38, 88, 71, 75, 59, 67, 68, 27, 7, 38, 88, 71, 75, 59, 67, 68, 27]",[4],"{""accepted_indices"": [1, 2, 3, 4, 5, 6, 7, 8, 9, 1, 2, 3, 4, 5, 6, 7, 8, 9], ""num_clusters"": 2, ""cluster_scores"": [0.12060835221803942, 1]}"
56,rflbat,rflbat_final_distance_filter,"[7, 38, 88, 71, 75, 59, 67, 68, 27]",[4],"{""accepted_indices"": [1, 2, 3, 4, 5, 6, 7, 8, 9, 1, 2, 3, 4, 5, 6, 7, 8, 9], ""eps2"": 6, ""distance_median"": 0.679794777245182}"
57,rflbat,rflbat_first_distance_filter,"[4, 69, 77, 59, 39, 16, 26, 76, 52, 40, 69, 77, 59, 39, 16, 26, 76, 52, 40]",[],"{""accepted_indices"": [0, 1, 2, 3, 4, 5, 6, 7, 8, 9, 1, 2, 3, 4, 5, 6, 7, 8, 9], ""eps1"": 10, ""distance_median"": 3.7341283722114764}"
57,rflbat,rflbat_cluster_filter,"[4, 69, 77, 59, 39, 16, 26, 76, 52, 40, 69, 77, 59, 39, 16, 26, 76, 52, 40]",[],"{""accepted_indices"": [0, 1, 2, 3, 4, 5, 6, 7, 8, 9, 1, 2, 3, 4, 5, 6, 7, 8, 9], ""num_clusters"": 1, ""cluster_scores"": [0.1080863881187878]}"
57,rflbat,rflbat_final_distance_filter,"[69, 77, 59, 39, 16, 26, 76, 52, 40]",[4],"{""accepted_indices"": [1, 2, 3, 4, 5, 6, 7, 8, 9, 1, 2, 3, 4, 5, 6, 7, 8, 9], ""eps2"": 6, ""distance_median"": 3.9672714360958707}"
58,rflbat,rflbat_first_distance_filter,"[4, 42, 53, 10, 64, 5, 11, 72, 51, 49, 42, 53, 10, 64, 5, 11, 72, 51, 49]",[],"{""accepted_indices"": [0, 1, 2, 3, 4, 5, 6, 7, 8, 9, 1, 2, 3, 4, 5, 6, 7, 8, 9], ""eps1"": 10, ""distance_median"": 3.7532446831728214}"
58,rflbat,rflbat_cluster_filter,"[4, 42, 53, 10, 64, 5, 11, 72, 51, 49, 42, 53, 10, 64, 5, 11, 72, 51, 49]",[],"{""accepted_indices"": [0, 1, 2, 3, 4, 5, 6, 7, 8, 9, 1, 2, 3, 4, 5, 6, 7, 8, 9], ""num_clusters"": 1, ""cluster_scores"": [0.11019519458565075]}"
58,rflbat,rflbat_final_distance_filter,"[42, 53, 10, 64, 5, 11, 72, 51, 49]",[4],"{""accepted_indices"": [1, 2, 3, 4, 5, 6, 7, 8, 9, 1, 2, 3, 4, 5, 6, 7, 8, 9], ""eps2"": 6, ""distance_median"": 3.941654555227872}"
59,rflbat,rflbat_first_distance_filter,"[1, 63, 60, 8, 65, 44, 20, 56, 52, 90, 63, 60, 8, 65, 44, 20, 56, 52, 90]",[],"{""accepted_indices"": [0, 1, 2, 3, 4, 5, 6, 7, 8, 9, 1, 2, 3, 4, 5, 6, 7, 8, 9], ""eps1"": 10, ""distance_median"": 4.152157259226103}"
59,rflbat,rflbat_cluster_filter,"[63, 60, 65, 52, 90, 63, 60, 65, 52, 90]","[1, 8, 44, 20, 56]","{""accepted_indices"": [1, 2, 4, 8, 9, 1, 2, 4, 8, 9], ""num_clusters"": 4, ""cluster_scores"": [0.19203652709261493, 1, 1.0000000000027316, 0.351870850997915]}"
59,rflbat,rflbat_final_distance_filter,"[63, 60, 65, 52, 90]","[1, 8, 44, 20, 56]","{""accepted_indices"": [1, 2, 4, 8, 9, 1, 2, 4, 8, 9], ""eps2"": 6, ""distance_median"": 0.034010701619977185}"
60,rflbat,rflbat_first_distance_filter,"[4, 64, 73, 62, 66, 39, 37, 53, 93, 10, 64, 73, 62, 66, 39, 37, 53, 93, 10]",[],"{""accepted_indices"": [0, 1, 2, 3, 4, 5, 6, 7, 8, 9, 1, 2, 3, 4, 5, 6, 7, 8, 9], ""eps1"": 10, ""distance_median"": 3.9130828714590136}"
60,rflbat,rflbat_cluster_filter,"[64, 73, 62, 66, 39, 37, 53, 93, 10, 64, 73, 62, 66, 39, 37, 53, 93, 10]",[4],"{""accepted_indices"": [1, 2, 3, 4, 5, 6, 7, 8, 9, 1, 2, 3, 4, 5, 6, 7, 8, 9], ""num_clusters"": 2, ""cluster_scores"": [0.11292770594792761, 1]}"
60,rflbat,rflbat_final_distance_filter,"[64, 73, 62, 66, 39, 37, 53, 93, 10]",[4],"{""accepted_indices"": [1, 2, 3, 4, 5, 6, 7, 8, 9, 1, 2, 3, 4, 5, 6, 7, 8, 9], ""eps2"": 6, ""distance_median"": 0.5040566006897255}"
61,rflbat,rflbat_first_distance_filter,"[0, 51, 92, 34, 98, 89, 25, 16, 7, 43, 51, 92, 34, 98, 89, 25, 16, 7, 43]",[],"{""accepted_indices"": [0, 1, 2, 3, 4, 5, 6, 7, 8, 9, 1, 2, 3, 4, 5, 6, 7, 8, 9], ""eps1"": 10, ""distance_median"": 3.6958861858435785}"
61,rflbat,rflbat_cluster_filter,"[0, 51, 92, 34, 98, 89, 25, 16, 7, 43, 51, 92, 34, 98, 89, 25, 16, 7, 43]",[],"{""accepted_indices"": [0, 1, 2, 3, 4, 5, 6, 7, 8, 9, 1, 2, 3, 4, 5, 6, 7, 8, 9], ""num_clusters"": 1, ""cluster_scores"": [0.11348572931733655]}"
61,rflbat,rflbat_final_distance_filter,"[51, 92, 34, 98, 89, 25, 16, 7, 43]",[0],"{""accepted_indices"": [1, 2, 3, 4, 5, 6, 7, 8, 9, 1, 2, 3, 4, 5, 6, 7, 8, 9], ""eps2"": 6, ""distance_median"": 3.9340563850576498}"
62,rflbat,rflbat_first_distance_filter,"[4, 31, 57, 61, 70, 92, 85, 84, 79, 81, 31, 57, 61, 70, 92, 85, 84, 79, 81]",[],"{""accepted_indices"": [0, 1, 2, 3, 4, 5, 6, 7, 8, 9, 1, 2, 3, 4, 5, 6, 7, 8, 9], ""eps1"": 10, ""distance_median"": 3.835138103728538}"
62,rflbat,rflbat_cluster_filter,"[31, 57, 61, 70, 92, 84, 79, 81, 31, 57, 61, 70, 92, 84, 79, 81]","[4, 85]","{""accepted_indices"": [1, 2, 3, 4, 5, 7, 8, 9, 1, 2, 3, 4, 5, 7, 8, 9], ""num_clusters"": 3, ""cluster_scores"": [0.14549807824082212, 1, 1.000000000001012]}"
62,rflbat,rflbat_final_distance_filter,"[31, 57, 61, 70, 92, 84, 79, 81]","[4, 85]","{""accepted_indices"": [1, 2, 3, 4, 5, 7, 8, 9, 1, 2, 3, 4, 5, 7, 8, 9], ""eps2"": 6, ""distance_median"": 0.09724389881801504}"
63,rflbat,rflbat_first_distance_filter,"[0, 1, 34, 47, 49, 85, 86, 99, 79, 18, 1, 34, 47, 49, 85, 86, 99, 79, 18]",[],"{""accepted_indices"": [0, 1, 2, 3, 4, 5, 6, 7, 8, 9, 1, 2, 3, 4, 5, 6, 7, 8, 9], ""eps1"": 10, ""distance_median"": 7.4515145091221555}"
63,rflbat,rflbat_cluster_filter,"[34, 47, 49, 85, 86, 99, 79, 18, 34, 47, 49, 85, 86, 99, 79, 18]","[0, 1]","{""accepted_indices"": [2, 3, 4, 5, 6, 7, 8, 9, 2, 3, 4, 5, 6, 7, 8, 9], ""num_clusters"": 3, ""cluster_scores"": [0.12919783571843574, 0.9999999999997196, 1]}"
63,rflbat,rflbat_final_distance_filter,"[34, 47, 49, 85, 86, 99, 79, 18]","[0, 1]","{""accepted_indices"": [2, 3, 4, 5, 6, 7, 8, 9, 2, 3, 4, 5, 6, 7, 8, 9], ""eps2"": 6, ""distance_median"": 0.057708178174419845}"
64,rflbat,rflbat_first_distance_filter,"[2, 91, 79, 59, 92, 19, 22, 32, 37, 82, 91, 79, 59, 92, 19, 22, 32, 37, 82]",[],"{""accepted_indices"": [0, 1, 2, 3, 4, 5, 6, 7, 8, 9, 1, 2, 3, 4, 5, 6, 7, 8, 9], ""eps1"": 10, ""distance_median"": 3.971881686313042}"
64,rflbat,rflbat_cluster_filter,"[2, 91, 79, 59, 92, 19, 22, 32, 37, 82, 91, 79, 59, 92, 19, 22, 32, 37, 82]",[],"{""accepted_indices"": [0, 1, 2, 3, 4, 5, 6, 7, 8, 9, 1, 2, 3, 4, 5, 6, 7, 8, 9], ""num_clusters"": 1, ""cluster_scores"": [0.10724701035833217]}"
64,rflbat,rflbat_final_distance_filter,"[91, 79, 59, 92, 19, 22, 32, 37, 82]",[2],"{""accepted_indices"": [1, 2, 3, 4, 5, 6, 7, 8, 9, 1, 2, 3, 4, 5, 6, 7, 8, 9], ""eps2"": 6, ""distance_median"": 4.163581136918735}"
65,rflbat,rflbat_first_distance_filter,"[3, 72, 61, 0, 33, 43, 63, 46, 9, 81, 72, 61, 0, 33, 43, 63, 46, 9, 81]",[],"{""accepted_indices"": [0, 1, 2, 3, 4, 5, 6, 7, 8, 9, 1, 2, 3, 4, 5, 6, 7, 8, 9], ""eps1"": 10, ""distance_median"": 6.92658381394076}"
65,rflbat,rflbat_cluster_filter,"[72, 61, 33, 43, 63, 46, 9, 81, 72, 61, 33, 43, 63, 46, 9, 81]","[3, 0]","{""accepted_indices"": [1, 2, 4, 5, 6, 7, 8, 9, 1, 2, 4, 5, 6, 7, 8, 9], ""num_clusters"": 3, ""cluster_scores"": [0.11859119193592543, 0.999999999999757, 1]}"
65,rflbat,rflbat_final_distance_filter,"[72, 61, 33, 43, 63, 46, 9, 81]","[3, 0]","{""accepted_indices"": [1, 2, 4, 5, 6, 7, 8, 9, 1, 2, 4, 5, 6, 7, 8, 9], ""eps2"": 6, ""distance_median"": 0.05222790242805587}"
66,rflbat,rflbat_first_distance_filter,"[4, 56, 51, 27, 87, 22, 78, 73, 59, 15, 56, 51, 27, 87, 22, 78, 73, 59, 15]",[],"{""accepted_indices"": [0, 1, 2, 3, 4, 5, 6, 7, 8, 9, 1, 2, 3, 4, 5, 6, 7, 8, 9], ""eps1"": 10, ""distance_median"": 3.8109910084114835}"
66,rflbat,rflbat_cluster_filter,"[4, 56, 51, 27, 87, 22, 78, 73, 59, 15, 56, 51, 27, 87, 22, 78, 73, 59, 15]",[],"{""accepted_indices"": [0, 1, 2, 3, 4, 5, 6, 7, 8, 9, 1, 2, 3, 4, 5, 6, 7, 8, 9], ""num_clusters"": 1, ""cluster_scores"": [0.11708177301620382]}"
66,rflbat,rflbat_final_distance_filter,"[56, 51, 27, 87, 22, 78, 73, 59, 15]",[4],"{""accepted_indices"": [1, 2, 3, 4, 5, 6, 7, 8, 9, 1, 2, 3, 4, 5, 6, 7, 8, 9], ""eps2"": 6, ""distance_median"": 4.056006683491826}"
67,rflbat,rflbat_first_distance_filter,"[1, 84, 85, 54, 94, 48, 30, 61, 2, 17, 84, 85, 54, 94, 48, 30, 61, 2, 17]",[],"{""accepted_indices"": [0, 1, 2, 3, 4, 5, 6, 7, 8, 9, 1, 2, 3, 4, 5, 6, 7, 8, 9], ""eps1"": 10, ""distance_median"": 7.516119715726531}"
67,rflbat,rflbat_cluster_filter,"[84, 85, 54, 94, 48, 30, 61, 17, 84, 85, 54, 94, 48, 30, 61, 17]","[1, 2]","{""accepted_indices"": [1, 2, 3, 4, 5, 6, 7, 9, 1, 2, 3, 4, 5, 6, 7, 9], ""num_clusters"": 3, ""cluster_scores"": [0.12504336289892953, 0.9999999999996954, 1]}"
67,rflbat,rflbat_final_distance_filter,"[84, 85, 54, 94, 48, 30, 61, 17]","[1, 2]","{""accepted_indices"": [1, 2, 3, 4, 5, 6, 7, 9, 1, 2, 3, 4, 5, 6, 7, 9], ""eps2"": 6, ""distance_median"": 0.05575635979311415}"
68,rflbat,rflbat_first_distance_filter,"[0, 7, 99, 10, 97, 38, 14, 22, 9, 33, 7, 99, 10, 97, 38, 14, 22, 9, 33]",[],"{""accepted_indices"": [0, 1, 2, 3, 4, 5, 6, 7, 8, 9, 1, 2, 3, 4, 5, 6, 7, 8, 9], ""eps1"": 10, ""distance_median"": 3.736888285781096}"
68,rflbat,rflbat_cluster_filter,"[0, 7, 99, 10, 97, 38, 14, 22, 9, 33, 7, 99, 10, 97, 38, 14, 22, 9, 33]",[],"{""accepted_indices"": [0, 1, 2, 3, 4, 5, 6, 7, 8, 9, 1, 2, 3, 4, 5, 6, 7, 8, 9], ""num_clusters"": 1, ""cluster_scores"": [0.1051067401458985]}"
68,rflbat,rflbat_final_distance_filter,"[7, 99, 10, 97, 38, 14, 22, 9, 33]",[0],"{""accepted_indices"": [1, 2, 3, 4, 5, 6, 7, 8, 9, 1, 2, 3, 4, 5, 6, 7, 8, 9], ""eps2"": 6, ""distance_median"": 4.010777540878551}"
69,rflbat,rflbat_first_distance_filter,"[0, 11, 50, 20, 89, 97, 32, 26, 57, 38, 11, 50, 20, 89, 97, 32, 26, 57, 38]",[],"{""accepted_indices"": [0, 1, 2, 3, 4, 5, 6, 7, 8, 9, 1, 2, 3, 4, 5, 6, 7, 8, 9], ""eps1"": 10, ""distance_median"": 3.717025208910105}"
69,rflbat,rflbat_cluster_filter,"[0, 11, 50, 20, 89, 97, 32, 26, 57, 38, 11, 50, 20, 89, 97, 32, 26, 57, 38]",[],"{""accepted_indices"": [0, 1, 2, 3, 4, 5, 6, 7, 8, 9, 1, 2, 3, 4, 5, 6, 7, 8, 9], ""num_clusters"": 1, ""cluster_scores"": [0.11309886632638237]}"
69,rflbat,rflbat_final_distance_filter,"[11, 50, 20, 89, 97, 32, 26, 57, 38]",[0],"{""accepted_indices"": [1, 2, 3, 4, 5, 6, 7, 8, 9, 1, 2, 3, 4, 5, 6, 7, 8, 9], ""eps2"": 6, ""distance_median"": 3.9498690152067}"
70,rflbat,rflbat_first_distance_filter,"[1, 88, 92, 79, 11, 22, 13, 70, 64, 48, 88, 92, 79, 11, 22, 13, 70, 64, 48]",[],"{""accepted_indices"": [0, 1, 2, 3, 4, 5, 6, 7, 8, 9, 1, 2, 3, 4, 5, 6, 7, 8, 9], ""eps1"": 10, ""distance_median"": 3.939081261774837}"
70,rflbat,rflbat_cluster_filter,"[1, 88, 92, 79, 11, 22, 13, 70, 64, 48, 88, 92, 79, 11, 22, 13, 70, 64, 48]",[],"{""accepted_indices"": [0, 1, 2, 3, 4, 5, 6, 7, 8, 9, 1, 2, 3, 4, 5, 6, 7, 8, 9], ""num_clusters"": 1, ""cluster_scores"": [0.11133250574842556]}"
70,rflbat,rflbat_final_distance_filter,"[88, 92, 79, 11, 22, 13, 70, 64, 48]",[1],"{""accepted_indices"": [1, 2, 3, 4, 5, 6, 7, 8, 9, 1, 2, 3, 4, 5, 6, 7, 8, 9], ""eps2"": 6, ""distance_median"": 4.146724503515506}"
71,rflbat,rflbat_first_distance_filter,"[1, 72, 70, 81, 4, 84, 9, 18, 93, 19, 72, 70, 81, 4, 84, 9, 18, 93, 19]",[],"{""accepted_indices"": [0, 1, 2, 3, 4, 5, 6, 7, 8, 9, 1, 2, 3, 4, 5, 6, 7, 8, 9], ""eps1"": 10, ""distance_median"": 7.546901077256434}"
71,rflbat,rflbat_cluster_filter,"[72, 81, 84, 9, 93, 72, 81, 84, 9, 93]","[1, 70, 4, 18, 19]","{""accepted_indices"": [1, 3, 5, 6, 8, 1, 3, 5, 6, 8], ""num_clusters"": 4, ""cluster_scores"": [0.3415519993313767, 1, 0.9999999999996815, 0.19385831932335879]}"
71,rflbat,rflbat_final_distance_filter,"[72, 81, 84, 9, 93]","[1, 70, 4, 18, 19]","{""accepted_indices"": [1, 3, 5, 6, 8, 1, 3, 5, 6, 8], ""eps2"": 6, ""distance_median"": 0.020060764248050547}"
72,rflbat,rflbat_first_distance_filter,"[3, 75, 31, 39, 21, 95, 99, 41, 83, 80, 75, 31, 39, 21, 95, 99, 41, 83, 80]",[],"{""accepted_indices"": [0, 1, 2, 3, 4, 5, 6, 7, 8, 9, 1, 2, 3, 4, 5, 6, 7, 8, 9], ""eps1"": 10, ""distance_median"": 3.5969152428324573}"
72,rflbat,rflbat_cluster_filter,"[3, 75, 31, 39, 21, 95, 99, 41, 83, 80, 75, 31, 39, 21, 95, 99, 41, 83, 80]",[],"{""accepted_indices"": [0, 1, 2, 3, 4, 5, 6, 7, 8, 9, 1, 2, 3, 4, 5, 6, 7, 8, 9], ""num_clusters"": 1, ""cluster_scores"": [0.11688239830795695]}"
72,rflbat,rflbat_final_distance_filter,"[75, 31, 39, 21, 95, 99, 41, 83, 80]",[3],"{""accepted_indices"": [1, 2, 3, 4, 5, 6, 7, 8, 9, 1, 2, 3, 4, 5, 6, 7, 8, 9], ""eps2"": 6, ""distance_median"": 3.782180056029525}"
73,rflbat,rflbat_first_distance_filter,"[2, 81, 40, 6, 21, 66, 7, 3, 31, 47, 81, 40, 6, 21, 66, 7, 3, 31, 47]",[],"{""accepted_indices"": [0, 1, 2, 3, 4, 5, 6, 7, 8, 9, 1, 2, 3, 4, 5, 6, 7, 8, 9], ""eps1"": 10, ""distance_median"": 7.134246625697359}"
73,rflbat,rflbat_cluster_filter,"[81, 40, 6, 21, 66, 7, 31, 47, 81, 40, 6, 21, 66, 7, 31, 47]","[2, 3]","{""accepted_indices"": [1, 2, 3, 4, 5, 6, 8, 9, 1, 2, 3, 4, 5, 6, 8, 9], ""num_clusters"": 3, ""cluster_scores"": [0.11814427918191484, 0.9999999999997099, 1]}"
73,rflbat,rflbat_final_distance_filter,"[81, 40, 6, 21, 66, 7, 31, 47]","[2, 3]","{""accepted_indices"": [1, 2, 3, 4, 5, 6, 8, 9, 1, 2, 3, 4, 5, 6, 8, 9], ""eps2"": 6, ""distance_median"": 0.06900988474048993}"
74,rflbat,rflbat_first_distance_filter,"[2, 49, 65, 78, 48, 9, 59, 79, 58, 50, 49, 65, 78, 48, 9, 59, 79, 58, 50]",[],"{""accepted_indices"": [0, 1, 2, 3, 4, 5, 6, 7, 8, 9, 1, 2, 3, 4, 5, 6, 7, 8, 9], ""eps1"": 10, ""distance_median"": 3.9952089269426723}"
74,rflbat,rflbat_cluster_filter,"[2, 49, 65, 78, 48, 9, 59, 79, 58, 50, 49, 65, 78, 48, 9, 59, 79, 58, 50]",[],"{""accepted_indices"": [0, 1, 2, 3, 4, 5, 6, 7, 8, 9, 1, 2, 3, 4, 5, 6, 7, 8, 9], ""num_clusters"": 1, ""cluster_scores"": [0.11213110208527657]}"
74,rflbat,rflbat_final_distance_filter,"[49, 65, 78, 48, 9, 59, 79, 58, 50]",[2],"{""accepted_indices"": [1, 2, 3, 4, 5, 6, 7, 8, 9, 1, 2, 3, 4, 5, 6, 7, 8, 9], ""eps2"": 6, ""distance_median"": 4.207760001248939}"
75,rflbat,rflbat_first_distance_filter,"[1, 34, 3, 21, 91, 67, 96, 53, 60, 39, 34, 3, 21, 91, 67, 96, 53, 60, 39]",[],"{""accepted_indices"": [0, 1, 2, 3, 4, 5, 6, 7, 8, 9, 1, 2, 3, 4, 5, 6, 7, 8, 9], ""eps1"": 10, ""distance_median"": 7.427102886193215}"
75,rflbat,rflbat_cluster_filter,"[34, 21, 91, 67, 96, 53, 60, 39, 34, 21, 91, 67, 96, 53, 60, 39]","[1, 3]","{""accepted_indices"": [1, 3, 4, 5, 6, 7, 8, 9, 1, 3, 4, 5, 6, 7, 8, 9], ""num_clusters"": 3, ""cluster_scores"": [0.1152593630495643, 0.9999999999997101, 1]}"
75,rflbat,rflbat_final_distance_filter,"[34, 21, 91, 67, 96, 53, 60, 39]","[1, 3]","{""accepted_indices"": [1, 3, 4, 5, 6, 7, 8, 9, 1, 3, 4, 5, 6, 7, 8, 9], ""eps2"": 6, ""distance_median"": 0.04501883176264217}"
76,rflbat,rflbat_first_distance_filter,"[1, 29, 15, 11, 75, 90, 13, 94, 99, 57, 29, 15, 11, 75, 90, 13, 94, 99, 57]",[],"{""accepted_indices"": [0, 1, 2, 3, 4, 5, 6, 7, 8, 9, 1, 2, 3, 4, 5, 6, 7, 8, 9], ""eps1"": 10, ""distance_median"": 4.2983116657683205}"
76,rflbat,rflbat_cluster_filter,"[1, 29, 15, 11, 75, 90, 13, 94, 99, 57, 29, 15, 11, 75, 90, 13, 94, 99, 57]",[],"{""accepted_indices"": [0, 1, 2, 3, 4, 5, 6, 7, 8, 9, 1, 2, 3, 4, 5, 6, 7, 8, 9], ""num_clusters"": 1, ""cluster_scores"": [0.1091847512215847]}"
76,rflbat,rflbat_final_distance_filter,"[29, 15, 11, 75, 90, 13, 94, 99, 57]",[1],"{""accepted_indices"": [1, 2, 3, 4, 5, 6, 7, 8, 9, 1, 2, 3, 4, 5, 6, 7, 8, 9], ""eps2"": 6, ""distance_median"": 4.487365150750887}"
77,rflbat,rflbat_first_distance_filter,"[1, 0, 49, 13, 39, 72, 2, 42, 78, 53, 0, 49, 13, 39, 72, 2, 42, 78, 53]",[],"{""accepted_indices"": [0, 1, 2, 3, 4, 5, 6, 7, 8, 9, 1, 2, 3, 4, 5, 6, 7, 8, 9], ""eps1"": 10, ""distance_median"": 10.745015851855337}"
77,rflbat,rflbat_cluster_filter,"[49, 13, 39, 72, 42, 78, 53, 49, 13, 39, 72, 42, 78, 53]","[1, 0, 2]","{""accepted_indices"": [2, 3, 4, 5, 7, 8, 9, 2, 3, 4, 5, 7, 8, 9], ""num_clusters"": 4, ""cluster_scores"": [0.13106021817590513, 0.9999999999997434, 1, 0.9999999999996982]}"
77,rflbat,rflbat_final_distance_filter,"[49, 13, 39, 72, 42, 78, 53]","[1, 0, 2]","{""accepted_indices"": [2, 3, 4, 5, 7, 8, 9, 2, 3, 4, 5, 7, 8, 9], ""eps2"": 6, ""distance_median"": 0.04995345395221929}"
78,rflbat,rflbat_first_distance_filter,"[0, 94, 33, 34, 21, 28, 26, 87, 7, 17, 94, 33, 34, 21, 28, 26, 87, 7, 17]",[],"{""accepted_indices"": [0, 1, 2, 3, 4, 5, 6, 7, 8, 9, 1, 2, 3, 4, 5, 6, 7, 8, 9], ""eps1"": 10, ""distance_median"": 3.8090739389456907}"
78,rflbat,rflbat_cluster_filter,"[94, 33, 34, 21, 28, 26, 87, 7, 17, 94, 33, 34, 21, 28, 26, 87, 7, 17]",[0],"{""accepted_indices"": [1, 2, 3, 4, 5, 6, 7, 8, 9, 1, 2, 3, 4, 5, 6, 7, 8, 9], ""num_clusters"": 2, ""cluster_scores"": [0.11740602928292104, 1]}"
78,rflbat,rflbat_final_distance_filter,"[94, 33, 34, 21, 28, 26, 87, 7, 17]",[0],"{""accepted_indices"": [1, 2, 3, 4, 5, 6, 7, 8, 9, 1, 2, 3, 4, 5, 6, 7, 8, 9], ""eps2"": 6, ""distance_median"": 0.6170333420574668}"
79,rflbat,rflbat_first_distance_filter,"[2, 39, 70, 52, 61, 6, 92, 19, 40, 95, 39, 70, 52, 61, 6, 92, 19, 40, 95]",[],"{""accepted_indices"": [0, 1, 2, 3, 4, 5, 6, 7, 8, 9, 1, 2, 3, 4, 5, 6, 7, 8, 9], ""eps1"": 10, ""distance_median"": 3.9711775369818656}"
79,rflbat,rflbat_cluster_filter,"[2, 39, 70, 52, 61, 6, 92, 19, 40, 95, 39, 70, 52, 61, 6, 92, 19, 40, 95]",[],"{""accepted_indices"": [0, 1, 2, 3, 4, 5, 6, 7, 8, 9, 1, 2, 3, 4, 5, 6, 7, 8, 9], ""num_clusters"": 1, ""cluster_scores"": [0.11662722851177677]}"
79,rflbat,rflbat_final_distance_filter,"[39, 70, 52, 61, 6, 92, 19, 40, 95]",[2],"{""accepted_indices"": [1, 2, 3, 4, 5, 6, 7, 8, 9, 1, 2, 3, 4, 5, 6, 7, 8, 9], ""eps2"": 6, ""distance_median"": 4.191175799970733}"
80,rflbat,rflbat_first_distance_filter,"[3, 69, 53, 94, 68, 31, 70, 11, 6, 42, 69, 53, 94, 68, 31, 70, 11, 6, 42]",[],"{""accepted_indices"": [0, 1, 2, 3, 4, 5, 6, 7, 8, 9, 1, 2, 3, 4, 5, 6, 7, 8, 9], ""eps1"": 10, ""distance_median"": 3.723736459953268}"
80,rflbat,rflbat_cluster_filter,"[3, 69, 53, 94, 68, 31, 70, 11, 6, 42, 69, 53, 94, 68, 31, 70, 11, 6, 42]",[],"{""accepted_indices"": [0, 1, 2, 3, 4, 5, 6, 7, 8, 9, 1, 2, 3, 4, 5, 6, 7, 8, 9], ""num_clusters"": 1, ""cluster_scores"": [0.09995867187621667]}"
80,rflbat,rflbat_final_distance_filter,"[69, 53, 94, 68, 31, 70, 11, 6, 42]",[3],"{""accepted_indices"": [1, 2, 3, 4, 5, 6, 7, 8, 9, 1, 2, 3, 4, 5, 6, 7, 8, 9], ""eps2"": 6, ""distance_median"": 4.048059578534964}"
81,rflbat,rflbat_first_distance_filter,"[0, 76, 40, 25, 86, 26, 93, 18, 19, 88, 76, 40, 25, 86, 26, 93, 18, 19, 88]",[],"{""accepted_indices"": [0, 1, 2, 3, 4, 5, 6, 7, 8, 9, 1, 2, 3, 4, 5, 6, 7, 8, 9], ""eps1"": 10, ""distance_median"": 3.7586715562322106}"
81,rflbat,rflbat_cluster_filter,"[76, 40, 25, 86, 93, 18, 19, 88, 76, 40, 25, 86, 93, 18, 19, 88]","[0, 26]","{""accepted_indices"": [1, 2, 3, 4, 6, 7, 8, 9, 1, 2, 3, 4, 6, 7, 8, 9], ""num_clusters"": 3, ""cluster_scores"": [0.1274665053418288, 1, 1.0000000000015714]}"
81,rflbat,rflbat_final_distance_filter,"[76, 40, 25, 86, 93, 18, 19, 88]","[0, 26]","{""accepted_indices"": [1, 2, 3, 4, 6, 7, 8, 9, 1, 2, 3, 4, 6, 7, 8, 9], ""eps2"": 6, ""distance_median"": 0.07946062134910993}"
82,rflbat,rflbat_first_distance_filter,"[0, 40, 67, 28, 97, 84, 4, 21, 59, 68, 40, 67, 28, 97, 84, 4, 21, 59, 68]",[],"{""accepted_indices"": [0, 1, 2, 3, 4, 5, 6, 7, 8, 9, 1, 2, 3, 4, 5, 6, 7, 8, 9], ""eps1"": 10, ""distance_median"": 7.188477250176701}"
82,rflbat,rflbat_cluster_filter,"[40, 67, 28, 97, 84, 21, 59, 68, 40, 67, 28, 97, 84, 21, 59, 68]","[0, 4]","{""accepted_indices"": [1, 2, 3, 4, 5, 7, 8, 9, 1, 2, 3, 4, 5, 7, 8, 9], ""num_clusters"": 3, ""cluster_scores"": [0.12123274937177575, 0.9999999999996784, 1]}"
82,rflbat,rflbat_final_distance_filter,"[40, 67, 28, 97, 84, 21, 59, 68]","[0, 4]","{""accepted_indices"": [1, 2, 3, 4, 5, 7, 8, 9, 1, 2, 3, 4, 5, 7, 8, 9], ""eps2"": 6, ""distance_median"": 0.06659624737044606}"
83,rflbat,rflbat_first_distance_filter,"[3, 78, 81, 51, 24, 48, 50, 1, 65, 0, 78, 81, 51, 24, 48, 50, 1, 65, 0]",[],"{""accepted_indices"": [0, 1, 2, 3, 4, 5, 6, 7, 8, 9, 1, 2, 3, 4, 5, 6, 7, 8, 9], ""eps1"": 10, ""distance_median"": 10.631132973941469}"
83,rflbat,rflbat_cluster_filter,"[3, 78, 81, 51, 24, 48, 50, 1, 65, 0, 78, 81, 51, 24, 48, 50, 1, 65, 0]",[],"{""accepted_indices"": [0, 1, 2, 3, 4, 5, 6, 7, 8, 9, 1, 2, 3, 4, 5, 6, 7, 8, 9], ""num_clusters"": 1, ""cluster_scores"": [0.11178564696499205]}"
83,rflbat,rflbat_final_distance_filter,"[3, 78, 81, 51, 24, 48, 50, 1, 65, 0]",[],"{""accepted_indices"": [0, 1, 2, 3, 4, 5, 6, 7, 8, 9, 1, 2, 3, 4, 5, 6, 7, 8, 9], ""eps2"": 6, ""distance_median"": 17.9717596662974}"
84,rflbat,rflbat_first_distance_filter,"[4, 14, 11, 71, 88, 80, 91, 54, 52, 70, 14, 11, 71, 88, 80, 91, 54, 52, 70]",[],"{""accepted_indices"": [0, 1, 2, 3, 4, 5, 6, 7, 8, 9, 1, 2, 3, 4, 5, 6, 7, 8, 9], ""eps1"": 10, ""distance_median"": 3.7921913903892337}"
84,rflbat,rflbat_cluster_filter,"[14, 11, 80, 91, 14, 11, 80, 91]","[4, 71, 88, 54, 52, 70]","{""accepted_indices"": [1, 2, 5, 6, 1, 2, 5, 6], ""num_clusters"": 6, ""cluster_scores"": [0.899725652226053, 1, 1.0000000000004188, 0.938309171174197, 1.0000000000004543, 1.0000000000006466]}"
84,rflbat,rflbat_final_distance_filter,"[14, 11, 80, 91]","[4, 71, 88, 54, 52, 70]","{""accepted_indices"": [1, 2, 5, 6, 1, 2, 5, 6], ""eps2"": 6, ""distance_median"": 0.052312686901915775}"
85,rflbat,rflbat_first_distance_filter,"[3, 82, 31, 18, 90, 29, 55, 34, 83, 22, 82, 31, 18, 90, 29, 55, 34, 83, 22]",[],"{""accepted_indices"": [0, 1, 2, 3, 4, 5, 6, 7, 8, 9, 1, 2, 3, 4, 5, 6, 7, 8, 9], ""eps1"": 10, ""distance_median"": 1.817303184004594}"
85,rflbat,rflbat_cluster_filter,"[3, 82, 31, 18, 90, 29, 55, 34, 83, 22, 82, 31, 18, 90, 29, 55, 34, 83, 22]",[],"{""accepted_indices"": [0, 1, 2, 3, 4, 5, 6, 7, 8, 9, 1, 2, 3, 4, 5, 6, 7, 8, 9], ""num_clusters"": 1, ""cluster_scores"": [0.39015964211315063]}"
85,rflbat,rflbat_final_distance_filter,"[82, 31, 18, 90, 29, 55, 34, 83, 22]",[3],"{""accepted_indices"": [1, 2, 3, 4, 5, 6, 7, 8, 9, 1, 2, 3, 4, 5, 6, 7, 8, 9], ""eps2"": 6, ""distance_median"": 2.0870333334787916}"
86,rflbat,rflbat_first_distance_filter,"[0, 52, 35, 1, 36, 74, 93, 69, 21, 14, 52, 35, 1, 36, 74, 93, 69, 21, 14]",[],"{""accepted_indices"": [0, 1, 2, 3, 4, 5, 6, 7, 8, 9, 1, 2, 3, 4, 5, 6, 7, 8, 9], ""eps1"": 10, ""distance_median"": 4.4857311596135006}"
86,rflbat,rflbat_cluster_filter,"[0, 52, 35, 1, 36, 74, 93, 69, 21, 14, 52, 35, 1, 36, 74, 93, 69, 21, 14]",[],"{""accepted_indices"": [0, 1, 2, 3, 4, 5, 6, 7, 8, 9, 1, 2, 3, 4, 5, 6, 7, 8, 9], ""num_clusters"": 1, ""cluster_scores"": [0.20370864976074418]}"
86,rflbat,rflbat_final_distance_filter,"[0, 52, 35, 36, 74, 93, 69, 21, 14]",[1],"{""accepted_indices"": [0, 1, 2, 4, 5, 6, 7, 8, 9, 1, 2, 4, 5, 6, 7, 8, 9], ""eps2"": 6, ""distance_median"": 7.1351244108239396}"
87,rflbat,rflbat_first_distance_filter,"[4, 44, 28, 81, 31, 43, 66, 63, 47, 85, 44, 28, 81, 31, 43, 66, 63, 47, 85]",[],"{""accepted_indices"": [0, 1, 2, 3, 4, 5, 6, 7, 8, 9, 1, 2, 3, 4, 5, 6, 7, 8, 9], ""eps1"": 10, ""distance_median"": 2.10650162869622}"
87,rflbat,rflbat_cluster_filter,"[44, 28, 81, 31, 43, 66, 63, 47, 85, 44, 28, 81, 31, 43, 66, 63, 47, 85]",[4],"{""accepted_indices"": [1, 2, 3, 4, 5, 6, 7, 8, 9, 1, 2, 3, 4, 5, 6, 7, 8, 9], ""num_clusters"": 2, ""cluster_scores"": [0.446799679997446, 1]}"
87,rflbat,rflbat_final_distance_filter,"[44, 28, 81, 31, 43, 66, 63, 47, 85]",[4],"{""accepted_indices"": [1, 2, 3, 4, 5, 6, 7, 8, 9, 1, 2, 3, 4, 5, 6, 7, 8, 9], ""eps2"": 6, ""distance_median"": 0.7618784915261739}"
88,rflbat,rflbat_first_distance_filter,"[1, 74, 27, 10, 54, 6, 70, 7, 50, 48, 74, 27, 10, 54, 6, 70, 7, 50, 48]",[],"{""accepted_indices"": [0, 1, 2, 3, 4, 5, 6, 7, 8, 9, 1, 2, 3, 4, 5, 6, 7, 8, 9], ""eps1"": 10, ""distance_median"": 2.448044610775579}"
88,rflbat,rflbat_cluster_filter,"[1, 74, 27, 10, 54, 6, 70, 7, 50, 48, 74, 27, 10, 54, 6, 70, 7, 50, 48]",[],"{""accepted_indices"": [0, 1, 2, 3, 4, 5, 6, 7, 8, 9, 1, 2, 3, 4, 5, 6, 7, 8, 9], ""num_clusters"": 1, ""cluster_scores"": [0.23648700609576798]}"
88,rflbat,rflbat_final_distance_filter,"[74, 27, 10, 54, 6, 70, 7, 50, 48]",[1],"{""accepted_indices"": [1, 2, 3, 4, 5, 6, 7, 8, 9, 1, 2, 3, 4, 5, 6, 7, 8, 9], ""eps2"": 6, ""distance_median"": 2.684712824300593}"
89,rflbat,rflbat_first_distance_filter,"[4, 41, 66, 38, 12, 50, 7, 48, 94, 53, 41, 66, 38, 12, 50, 7, 48, 94, 53]",[],"{""accepted_indices"": [0, 1, 2, 3, 4, 5, 6, 7, 8, 9, 1, 2, 3, 4, 5, 6, 7, 8, 9], ""eps1"": 10, ""distance_median"": 2.513665930582766}"
89,rflbat,rflbat_cluster_filter,"[4, 41, 66, 38, 12, 50, 7, 48, 94, 53, 41, 66, 38, 12, 50, 7, 48, 94, 53]",[],"{""accepted_indices"": [0, 1, 2, 3, 4, 5, 6, 7, 8, 9, 1, 2, 3, 4, 5, 6, 7, 8, 9], ""num_clusters"": 1, ""cluster_scores"": [0.15435909135629658]}"
89,rflbat,rflbat_final_distance_filter,"[41, 66, 38, 12, 50, 7, 48, 94, 53]",[4],"{""accepted_indices"": [1, 2, 3, 4, 5, 6, 7, 8, 9, 1, 2, 3, 4, 5, 6, 7, 8, 9], ""eps2"": 6, ""distance_median"": 2.7194241644283434}"
90,rflbat,rflbat_first_distance_filter,"[0, 7, 31, 71, 42, 17, 33, 12, 50, 93, 7, 31, 71, 42, 17, 33, 12, 50, 93]",[],"{""accepted_indices"": [0, 1, 2, 3, 4, 5, 6, 7, 8, 9, 1, 2, 3, 4, 5, 6, 7, 8, 9], ""eps1"": 10, ""distance_median"": 2.365758801435427}"
90,rflbat,rflbat_cluster_filter,"[7, 31, 42, 17, 50, 7, 31, 42, 17, 50]","[0, 71, 33, 12, 93]","{""accepted_indices"": [1, 2, 4, 5, 8, 1, 2, 4, 5, 8], ""num_clusters"": 5, ""cluster_scores"": [0.53923088138297, 1, 1.000000000001193, 1.0000000000013491, 0.22862685124611315]}"
90,rflbat,rflbat_final_distance_filter,"[7, 31, 42, 17, 50]","[0, 71, 33, 12, 93]","{""accepted_indices"": [1, 2, 4, 5, 8, 1, 2, 4, 5, 8], ""eps2"": 6, ""distance_median"": 0.039851074037829295}"
91,rflbat,rflbat_first_distance_filter,"[3, 63, 65, 84, 1, 8, 48, 47, 32, 91, 63, 65, 84, 1, 8, 48, 47, 32, 91]",[],"{""accepted_indices"": [0, 1, 2, 3, 4, 5, 6, 7, 8, 9, 1, 2, 3, 4, 5, 6, 7, 8, 9], ""eps1"": 10, ""distance_median"": 4.628900772650029}"
91,rflbat,rflbat_cluster_filter,"[3, 63, 65, 84, 1, 8, 48, 47, 32, 91, 63, 65, 84, 1, 8, 48, 47, 32, 91]",[],"{""accepted_indices"": [0, 1, 2, 3, 4, 5, 6, 7, 8, 9, 1, 2, 3, 4, 5, 6, 7, 8, 9], ""num_clusters"": 1, ""cluster_scores"": [0.10674268856149088]}"
91,rflbat,rflbat_final_distance_filter,"[3, 63, 65, 84, 8, 48, 47, 32, 91]",[1],"{""accepted_indices"": [0, 1, 2, 3, 5, 6, 7, 8, 9, 1, 2, 3, 5, 6, 7, 8, 9], ""eps2"": 6, ""distance_median"": 7.246280176111277}"
92,rflbat,rflbat_first_distance_filter,"[2, 70, 18, 88, 63, 30, 7, 76, 40, 37, 70, 18, 88, 63, 30, 7, 76, 40, 37]",[],"{""accepted_indices"": [0, 1, 2, 3, 4, 5, 6, 7, 8, 9, 1, 2, 3, 4, 5, 6, 7, 8, 9], ""eps1"": 10, ""distance_median"": 2.0025265420933125}"
92,rflbat,rflbat_cluster_filter,"[2, 70, 18, 88, 63, 30, 7, 76, 40, 37, 70, 18, 88, 63, 30, 7, 76, 40, 37]",[],"{""accepted_indices"": [0, 1, 2, 3, 4, 5, 6, 7, 8, 9, 1, 2, 3, 4, 5, 6, 7, 8, 9], ""num_clusters"": 1, ""cluster_scores"": [0.41164797480499543]}"
92,rflbat,rflbat_final_distance_filter,"[70, 18, 88, 63, 30, 7, 76, 40, 37]",[2],"{""accepted_indices"": [1, 2, 3, 4, 5, 6, 7, 8, 9, 1, 2, 3, 4, 5, 6, 7, 8, 9], ""eps2"": 6, ""distance_median"": 2.2856448781093457}"
93,rflbat,rflbat_first_distance_filter,"[1, 79, 43, 16, 13, 55, 72, 7, 6, 53, 79, 43, 16, 13, 55, 72, 7, 6, 53]",[],"{""accepted_indices"": [0, 1, 2, 3, 4, 5, 6, 7, 8, 9, 1, 2, 3, 4, 5, 6, 7, 8, 9], ""eps1"": 10, ""distance_median"": 2.453914695170447}"
93,rflbat,rflbat_cluster_filter,"[79, 43, 16, 13, 55, 7, 6, 53, 79, 43, 16, 13, 55, 7, 6, 53]","[1, 72]","{""accepted_indices"": [1, 2, 3, 4, 5, 7, 8, 9, 1, 2, 3, 4, 5, 7, 8, 9], ""num_clusters"": 3, ""cluster_scores"": [0.22861824409444853, 1, 1.0000000000011753]}"
93,rflbat,rflbat_final_distance_filter,"[79, 43, 16, 13, 55, 7, 6, 53]","[1, 72]","{""accepted_indices"": [1, 2, 3, 4, 5, 7, 8, 9, 1, 2, 3, 4, 5, 7, 8, 9], ""eps2"": 6, ""distance_median"": 0.2904531456600148}"
94,rflbat,rflbat_first_distance_filter,"[1, 26, 87, 29, 20, 32, 46, 70, 84, 81, 26, 87, 29, 20, 32, 46, 70, 84, 81]",[],"{""accepted_indices"": [0, 1, 2, 3, 4, 5, 6, 7, 8, 9, 1, 2, 3, 4, 5, 6, 7, 8, 9], ""eps1"": 10, ""distance_median"": 2.598752827336736}"
94,rflbat,rflbat_cluster_filter,"[1, 26, 87, 29, 20, 32, 46, 70, 84, 81, 26, 87, 29, 20, 32, 46, 70, 84, 81]",[],"{""accepted_indices"": [0, 1, 2, 3, 4, 5, 6, 7, 8, 9, 1, 2, 3, 4, 5, 6, 7, 8, 9], ""num_clusters"": 1, ""cluster_scores"": [0.1436744595171178]}"
94,rflbat,rflbat_final_distance_filter,"[26, 87, 29, 20, 32, 46, 70, 84, 81]",[1],"{""accepted_indices"": [1, 2, 3, 4, 5, 6, 7, 8, 9, 1, 2, 3, 4, 5, 6, 7, 8, 9], ""eps2"": 6, ""distance_median"": 2.968247027477185}"
95,rflbat,rflbat_first_distance_filter,"[1, 21, 60, 87, 64, 51, 13, 98, 31, 74, 21, 60, 87, 64, 51, 13, 98, 31, 74]",[],"{""accepted_indices"": [0, 1, 2, 3, 4, 5, 6, 7, 8, 9, 1, 2, 3, 4, 5, 6, 7, 8, 9], ""eps1"": 10, ""distance_median"": 2.664256732012384}"
95,rflbat,rflbat_cluster_filter,"[1, 21, 60, 87, 64, 51, 13, 98, 31, 74, 21, 60, 87, 64, 51, 13, 98, 31, 74]",[],"{""accepted_indices"": [0, 1, 2, 3, 4, 5, 6, 7, 8, 9, 1, 2, 3, 4, 5, 6, 7, 8, 9], ""num_clusters"": 1, ""cluster_scores"": [0.13544639640737266]}"
95,rflbat,rflbat_final_distance_filter,"[21, 60, 87, 64, 51, 13, 98, 31, 74]",[1],"{""accepted_indices"": [1, 2, 3, 4, 5, 6, 7, 8, 9, 1, 2, 3, 4, 5, 6, 7, 8, 9], ""eps2"": 6, ""distance_median"": 2.881935244611105}"
96,rflbat,rflbat_first_distance_filter,"[0, 77, 17, 53, 67, 72, 95, 91, 50, 62, 77, 17, 53, 67, 72, 95, 91, 50, 62]",[],"{""accepted_indices"": [0, 1, 2, 3, 4, 5, 6, 7, 8, 9, 1, 2, 3, 4, 5, 6, 7, 8, 9], ""eps1"": 10, ""distance_median"": 2.288307515880531}"
96,rflbat,rflbat_cluster_filter,"[0, 77, 17, 53, 67, 72, 95, 91, 50, 62, 77, 17, 53, 67, 72, 95, 91, 50, 62]",[],"{""accepted_indices"": [0, 1, 2, 3, 4, 5, 6, 7, 8, 9, 1, 2, 3, 4, 5, 6, 7, 8, 9], ""num_clusters"": 1, ""cluster_scores"": [0.12096787642917792]}"
96,rflbat,rflbat_final_distance_filter,"[77, 17, 53, 67, 72, 95, 91, 50, 62]",[0],"{""accepted_indices"": [1, 2, 3, 4, 5, 6, 7, 8, 9, 1, 2, 3, 4, 5, 6, 7, 8, 9], ""eps2"": 6, ""distance_median"": 2.5293795369361227}"
97,rflbat,rflbat_first_distance_filter,"[3, 0, 85, 64, 88, 42, 80, 95, 15, 53, 0, 85, 64, 88, 42, 80, 95, 15, 53]",[],"{""accepted_indices"": [0, 1, 2, 3, 4, 5, 6, 7, 8, 9, 1, 2, 3, 4, 5, 6, 7, 8, 9], ""eps1"": 10, ""distance_median"": 4.053553678367608}"
97,rflbat,rflbat_cluster_filter,"[85, 64, 88, 42, 80, 95, 15, 53, 85, 64, 88, 42, 80, 95, 15, 53]","[3, 0]","{""accepted_indices"": [2, 3, 4, 5, 6, 7, 8, 9, 2, 3, 4, 5, 6, 7, 8, 9], ""num_clusters"": 3, ""cluster_scores"": [0.13007425649988233, 0.9999999999998193, 1]}"
97,rflbat,rflbat_final_distance_filter,"[85, 64, 88, 42, 80, 95, 15, 53]","[3, 0]","{""accepted_indices"": [2, 3, 4, 5, 6, 7, 8, 9, 2, 3, 4, 5, 6, 7, 8, 9], ""eps2"": 6, ""distance_median"": 0.12047373014526597}"
98,rflbat,rflbat_first_distance_filter,"[0, 45, 50, 40, 95, 84, 6, 16, 14, 56, 45, 50, 40, 95, 84, 6, 16, 14, 56]",[],"{""accepted_indices"": [0, 1, 2, 3, 4, 5, 6, 7, 8, 9, 1, 2, 3, 4, 5, 6, 7, 8, 9], ""eps1"": 10, ""distance_median"": 2.338276379250003}"
98,rflbat,rflbat_cluster_filter,"[0, 45, 50, 40, 95, 84, 6, 16, 14, 56, 45, 50, 40, 95, 84, 6, 16, 14, 56]",[],"{""accepted_indices"": [0, 1, 2, 3, 4, 5, 6, 7, 8, 9, 1, 2, 3, 4, 5, 6, 7, 8, 9], ""num_clusters"": 1, ""cluster_scores"": [0.12057275398933794]}"
98,rflbat,rflbat_final_distance_filter,"[45, 50, 40, 95, 84, 6, 16, 14, 56]",[0],"{""accepted_indices"": [1, 2, 3, 4, 5, 6, 7, 8, 9, 1, 2, 3, 4, 5, 6, 7, 8, 9], ""eps2"": 6, ""distance_median"": 2.55255653016057}"
99,rflbat,rflbat_first_distance_filter,"[4, 82, 73, 86, 63, 32, 48, 64, 37, 53, 82, 73, 86, 63, 32, 48, 64, 37, 53]",[],"{""accepted_indices"": [0, 1, 2, 3, 4, 5, 6, 7, 8, 9, 1, 2, 3, 4, 5, 6, 7, 8, 9], ""eps1"": 10, ""distance_median"": 2.600281830277692}"
99,rflbat,rflbat_cluster_filter,"[4, 82, 73, 86, 63, 32, 48, 64, 37, 53, 82, 73, 86, 63, 32, 48, 64, 37, 53]",[],"{""accepted_indices"": [0, 1, 2, 3, 4, 5, 6, 7, 8, 9, 1, 2, 3, 4, 5, 6, 7, 8, 9], ""num_clusters"": 1, ""cluster_scores"": [0.10987184306460057]}"
99,rflbat,rflbat_final_distance_filter,"[82, 73, 86, 63, 32, 48, 64, 37, 53]",[4],"{""accepted_indices"": [1, 2, 3, 4, 5, 6, 7, 8, 9, 1, 2, 3, 4, 5, 6, 7, 8, 9], ""eps2"": 6, ""distance_median"": 2.7986229217724956}"
100,rflbat,rflbat_first_distance_filter,"[4, 88, 22, 10, 39, 7, 85, 36, 43, 38, 88, 22, 10, 39, 7, 85, 36, 43, 38]",[],"{""accepted_indices"": [0, 1, 2, 3, 4, 5, 6, 7, 8, 9, 1, 2, 3, 4, 5, 6, 7, 8, 9], ""eps1"": 10, ""distance_median"": 0.7663802336021817}"
100,rflbat,rflbat_cluster_filter,"[4, 88, 22, 10, 39, 7, 85, 36, 43, 38, 88, 22, 10, 39, 7, 85, 36, 43, 38]",[],"{""accepted_indices"": [0, 1, 2, 3, 4, 5, 6, 7, 8, 9, 1, 2, 3, 4, 5, 6, 7, 8, 9], ""num_clusters"": 1, ""cluster_scores"": [0.10505498032188045]}"
100,rflbat,rflbat_final_distance_filter,"[88, 22, 10, 39, 7, 85, 36, 43, 38]",[4],"{""accepted_indices"": [1, 2, 3, 4, 5, 6, 7, 8, 9, 1, 2, 3, 4, 5, 6, 7, 8, 9], ""eps2"": 6, ""distance_median"": 1.0270808205609916}"
101,rflbat,rflbat_first_distance_filter,"[0, 72, 83, 67, 37, 11, 14, 47, 86, 98, 72, 83, 67, 37, 11, 14, 47, 86, 98]",[],"{""accepted_indices"": [0, 1, 2, 3, 4, 5, 6, 7, 8, 9, 1, 2, 3, 4, 5, 6, 7, 8, 9], ""eps1"": 10, ""distance_median"": 0.6048055463350204}"
101,rflbat,rflbat_cluster_filter,"[0, 72, 83, 67, 37, 11, 14, 47, 86, 98, 72, 83, 67, 37, 11, 14, 47, 86, 98]",[],"{""accepted_indices"": [0, 1, 2, 3, 4, 5, 6, 7, 8, 9, 1, 2, 3, 4, 5, 6, 7, 8, 9], ""num_clusters"": 1, ""cluster_scores"": [0.10775942565406012]}"
101,rflbat,rflbat_final_distance_filter,"[72, 83, 67, 37, 11, 14, 47, 86, 98]",[0],"{""accepted_indices"": [1, 2, 3, 4, 5, 6, 7, 8, 9, 1, 2, 3, 4, 5, 6, 7, 8, 9], ""eps2"": 6, ""distance_median"": 0.8093683588143372}"
102,rflbat,rflbat_first_distance_filter,"[0, 21, 87, 71, 23, 90, 63, 9, 29, 53, 21, 87, 71, 23, 90, 63, 9, 29, 53]",[],"{""accepted_indices"": [0, 1, 2, 3, 4, 5, 6, 7, 8, 9, 1, 2, 3, 4, 5, 6, 7, 8, 9], ""eps1"": 10, ""distance_median"": 0.7125377720030153}"
102,rflbat,rflbat_cluster_filter,"[0, 21, 87, 71, 23, 90, 63, 9, 29, 53, 21, 87, 71, 23, 90, 63, 9, 29, 53]",[],"{""accepted_indices"": [0, 1, 2, 3, 4, 5, 6, 7, 8, 9, 1, 2, 3, 4, 5, 6, 7, 8, 9], ""num_clusters"": 1, ""cluster_scores"": [0.11447041318077485]}"
102,rflbat,rflbat_final_distance_filter,"[21, 87, 71, 23, 90, 63, 9, 29, 53]",[0],"{""accepted_indices"": [1, 2, 3, 4, 5, 6, 7, 8, 9, 1, 2, 3, 4, 5, 6, 7, 8, 9], ""eps2"": 6, ""distance_median"": 1.0173333929588737}"
103,rflbat,rflbat_first_distance_filter,"[1, 37, 44, 92, 35, 59, 6, 9, 20, 60, 37, 44, 92, 35, 59, 6, 9, 20, 60]",[],"{""accepted_indices"": [0, 1, 2, 3, 4, 5, 6, 7, 8, 9, 1, 2, 3, 4, 5, 6, 7, 8, 9], ""eps1"": 10, ""distance_median"": 0.8964818969327221}"
103,rflbat,rflbat_cluster_filter,"[1, 37, 44, 92, 35, 59, 6, 9, 20, 60, 37, 44, 92, 35, 59, 6, 9, 20, 60]",[],"{""accepted_indices"": [0, 1, 2, 3, 4, 5, 6, 7, 8, 9, 1, 2, 3, 4, 5, 6, 7, 8, 9], ""num_clusters"": 1, ""cluster_scores"": [0.10757567465532532]}"
103,rflbat,rflbat_final_distance_filter,"[37, 44, 92, 35, 59, 6, 9, 20, 60]",[1],"{""accepted_indices"": [1, 2, 3, 4, 5, 6, 7, 8, 9, 1, 2, 3, 4, 5, 6, 7, 8, 9], ""eps2"": 6, ""distance_median"": 1.2179087386358662}"
104,rflbat,rflbat_first_distance_filter,"[4, 25, 54, 86, 91, 50, 15, 30, 63, 82, 25, 54, 86, 91, 50, 15, 30, 63, 82]",[],"{""accepted_indices"": [0, 1, 2, 3, 4, 5, 6, 7, 8, 9, 1, 2, 3, 4, 5, 6, 7, 8, 9], ""eps1"": 10, ""distance_median"": 0.8527551442934338}"
104,rflbat,rflbat_cluster_filter,"[4, 25, 54, 86, 91, 50, 15, 30, 63, 82, 25, 54, 86, 91, 50, 15, 30, 63, 82]",[],"{""accepted_indices"": [0, 1, 2, 3, 4, 5, 6, 7, 8, 9, 1, 2, 3, 4, 5, 6, 7, 8, 9], ""num_clusters"": 1, ""cluster_scores"": [0.1150071202576904]}"
104,rflbat,rflbat_final_distance_filter,"[25, 54, 86, 91, 50, 15, 30, 63, 82]",[4],"{""accepted_indices"": [1, 2, 3, 4, 5, 6, 7, 8, 9, 1, 2, 3, 4, 5, 6, 7, 8, 9], ""eps2"": 6, ""distance_median"": 1.0895052999183763}"
105,rflbat,rflbat_first_distance_filter,"[1, 67, 90, 85, 91, 54, 75, 55, 74, 43, 67, 90, 85, 91, 54, 75, 55, 74, 43]",[],"{""accepted_indices"": [0, 1, 2, 3, 4, 5, 6, 7, 8, 9, 1, 2, 3, 4, 5, 6, 7, 8, 9], ""eps1"": 10, ""distance_median"": 0.9052444086805247}"
105,rflbat,rflbat_cluster_filter,"[67, 90, 91, 54, 75, 55, 43, 67, 90, 91, 54, 75, 55, 43]","[1, 85, 74]","{""accepted_indices"": [1, 2, 4, 5, 6, 7, 9, 1, 2, 4, 5, 6, 7, 9], ""num_clusters"": 4, ""cluster_scores"": [1.0000000000011897, 1, 1.0000000000028886, 0.14796266418842735]}"
105,rflbat,rflbat_final_distance_filter,"[67, 90, 91, 54, 75, 55, 43]","[1, 85, 74]","{""accepted_indices"": [1, 2, 4, 5, 6, 7, 9, 1, 2, 4, 5, 6, 7, 9], ""eps2"": 6, ""distance_median"": 0.038766103782402646}"
106,rflbat,rflbat_first_distance_filter,"[0, 17, 13, 31, 63, 27, 20, 88, 59, 41, 17, 13, 31, 63, 27, 20, 88, 59, 41]",[],"{""accepted_indices"": [0, 1, 2, 3, 4, 5, 6, 7, 8, 9, 1, 2, 3, 4, 5, 6, 7, 8, 9], ""eps1"": 10, ""distance_median"": 0.7072720285296584}"
106,rflbat,rflbat_cluster_filter,"[0, 17, 13, 31, 63, 27, 20, 88, 59, 41, 17, 13, 31, 63, 27, 20, 88, 59, 41]",[],"{""accepted_indices"": [0, 1, 2, 3, 4, 5, 6, 7, 8, 9, 1, 2, 3, 4, 5, 6, 7, 8, 9], ""num_clusters"": 1, ""cluster_scores"": [0.10920805361996216]}"
106,rflbat,rflbat_final_distance_filter,"[17, 13, 31, 63, 27, 20, 88, 59, 41]",[0],"{""accepted_indices"": [1, 2, 3, 4, 5, 6, 7, 8, 9, 1, 2, 3, 4, 5, 6, 7, 8, 9], ""eps2"": 6, ""distance_median"": 1.0215345739433361}"
107,rflbat,rflbat_first_distance_filter,"[4, 84, 11, 64, 21, 93, 73, 37, 14, 88, 84, 11, 64, 21, 93, 73, 37, 14, 88]",[],"{""accepted_indices"": [0, 1, 2, 3, 4, 5, 6, 7, 8, 9, 1, 2, 3, 4, 5, 6, 7, 8, 9], ""eps1"": 10, ""distance_median"": 0.6657170937237797}"
107,rflbat,rflbat_cluster_filter,"[4, 84, 11, 64, 21, 93, 73, 37, 14, 88, 84, 11, 64, 21, 93, 73, 37, 14, 88]",[],"{""accepted_indices"": [0, 1, 2, 3, 4, 5, 6, 7, 8, 9, 1, 2, 3, 4, 5, 6, 7, 8, 9], ""num_clusters"": 1, ""cluster_scores"": [0.10538508785726126]}"
107,rflbat,rflbat_final_distance_filter,"[84, 11, 64, 21, 93, 73, 37, 14, 88]",[4],"{""accepted_indices"": [1, 2, 3, 4, 5, 6, 7, 8, 9, 1, 2, 3, 4, 5, 6, 7, 8, 9], ""eps2"": 6, ""distance_median"": 0.8571127414703839}"
108,rflbat,rflbat_first_distance_filter,"[0, 73, 11, 35, 94, 1, 51, 33, 57, 17, 73, 11, 35, 94, 1, 51, 33, 57, 17]",[],"{""accepted_indices"": [0, 1, 2, 3, 4, 5, 6, 7, 8, 9, 1, 2, 3, 4, 5, 6, 7, 8, 9], ""eps1"": 10, ""distance_median"": 1.1399173616765048}"
108,rflbat,rflbat_cluster_filter,"[73, 11, 35, 94, 51, 33, 57, 17, 73, 11, 35, 94, 51, 33, 57, 17]","[0, 1]","{""accepted_indices"": [1, 2, 3, 4, 6, 7, 8, 9, 1, 2, 3, 4, 6, 7, 8, 9], ""num_clusters"": 3, ""cluster_scores"": [0.13442812668259868, 1.0000000000004918, 1]}"
108,rflbat,rflbat_final_distance_filter,"[73, 11, 35, 94, 51, 33, 57, 17]","[0, 1]","{""accepted_indices"": [1, 2, 3, 4, 6, 7, 8, 9, 1, 2, 3, 4, 6, 7, 8, 9], ""eps2"": 6, ""distance_median"": 0.2762230579782421}"
109,rflbat,rflbat_first_distance_filter,"[0, 29, 90, 67, 11, 6, 19, 32, 69, 28, 29, 90, 67, 11, 6, 19, 32, 69, 28]",[],"{""accepted_indices"": [0, 1, 2, 3, 4, 5, 6, 7, 8, 9, 1, 2, 3, 4, 5, 6, 7, 8, 9], ""eps1"": 10, ""distance_median"": 0.6932243463313773}"
109,rflbat,rflbat_cluster_filter,"[0, 29, 90, 67, 11, 6, 19, 32, 69, 28, 29, 90, 67, 11, 6, 19, 32, 69, 28]",[],"{""accepted_indices"": [0, 1, 2, 3, 4, 5, 6, 7, 8, 9, 1, 2, 3, 4, 5, 6, 7, 8, 9], ""num_clusters"": 1, ""cluster_scores"": [0.10388230668356215]}"
109,rflbat,rflbat_final_distance_filter,"[29, 90, 67, 11, 6, 19, 32, 69, 28]",[0],"{""accepted_indices"": [1, 2, 3, 4, 5, 6, 7, 8, 9, 1, 2, 3, 4, 5, 6, 7, 8, 9], ""eps2"": 6, ""distance_median"": 0.9024453743611215}"
110,rflbat,rflbat_first_distance_filter,"[3, 19, 18, 86, 4, 96, 32, 79, 31, 2, 19, 18, 86, 4, 96, 32, 79, 31, 2]",[],"{""accepted_indices"": [0, 1, 2, 3, 4, 5, 6, 7, 8, 9, 1, 2, 3, 4, 5, 6, 7, 8, 9], ""eps1"": 10, ""distance_median"": 1.2635707041711672}"
110,rflbat,rflbat_cluster_filter,"[3, 19, 18, 86, 4, 96, 32, 79, 31, 2, 19, 18, 86, 4, 96, 32, 79, 31, 2]",[],"{""accepted_indices"": [0, 1, 2, 3, 4, 5, 6, 7, 8, 9, 1, 2, 3, 4, 5, 6, 7, 8, 9], ""num_clusters"": 1, ""cluster_scores"": [0.10758187355048629]}"
110,rflbat,rflbat_final_distance_filter,"[3, 19, 18, 86, 4, 96, 32, 79, 31, 2]",[],"{""accepted_indices"": [0, 1, 2, 3, 4, 5, 6, 7, 8, 9, 1, 2, 3, 4, 5, 6, 7, 8, 9], ""eps2"": 6, ""distance_median"": 2.4725880410234624}"
111,rflbat,rflbat_first_distance_filter,"[2, 56, 67, 63, 40, 39, 9, 55, 15, 51, 56, 67, 63, 40, 39, 9, 55, 15, 51]",[],"{""accepted_indices"": [0, 1, 2, 3, 4, 5, 6, 7, 8, 9, 1, 2, 3, 4, 5, 6, 7, 8, 9], ""eps1"": 10, ""distance_median"": 0.6763892659446764}"
111,rflbat,rflbat_cluster_filter,"[56, 67, 63, 40, 39, 9, 55, 15, 51, 56, 67, 63, 40, 39, 9, 55, 15, 51]",[2],"{""accepted_indices"": [1, 2, 3, 4, 5, 6, 7, 8, 9, 1, 2, 3, 4, 5, 6, 7, 8, 9], ""num_clusters"": 2, ""cluster_scores"": [0.12100995838583538, 1]}"
111,rflbat,rflbat_final_distance_filter,"[56, 67, 63, 40, 39, 9, 55, 15, 51]",[2],"{""accepted_indices"": [1, 2, 3, 4, 5, 6, 7, 8, 9, 1, 2, 3, 4, 5, 6, 7, 8, 9], ""eps2"": 6, ""distance_median"": 0.32227007175904093}"
112,rflbat,rflbat_first_distance_filter,"[1, 16, 3, 39, 96, 15, 11, 0, 13, 12, 16, 3, 39, 96, 15, 11, 0, 13, 12]",[],"{""accepted_indices"": [0, 1, 2, 3, 4, 5, 6, 7, 8, 9, 1, 2, 3, 4, 5, 6, 7, 8, 9], ""eps1"": 10, ""distance_median"": 1.2752930260732407}"
112,rflbat,rflbat_cluster_filter,"[16, 39, 15, 11, 13, 12, 16, 39, 15, 11, 13, 12]","[1, 3, 96, 0]","{""accepted_indices"": [1, 3, 5, 6, 8, 9, 1, 3, 5, 6, 8, 9], ""num_clusters"": 5, ""cluster_scores"": [0.16699544817922798, 1, 1.0000000000013605, 1.0000000000015261, 1.0000000000026628]}"
112,rflbat,rflbat_final_distance_filter,"[16, 39, 15, 11, 13, 12]","[1, 3, 96, 0]","{""accepted_indices"": [1, 3, 5, 6, 8, 9, 1, 3, 5, 6, 8, 9], ""eps2"": 6, ""distance_median"": 0.06692699627022944}"
113,rflbat,rflbat_first_distance_filter,"[2, 33, 10, 71, 69, 45, 6, 56, 90, 24, 33, 10, 71, 69, 45, 6, 56, 90, 24]",[],"{""accepted_indices"": [0, 1, 2, 3, 4, 5, 6, 7, 8, 9, 1, 2, 3, 4, 5, 6, 7, 8, 9], ""eps1"": 10, ""distance_median"": 0.871743990752779}"
113,rflbat,rflbat_cluster_filter,"[2, 33, 10, 71, 69, 45, 6, 56, 90, 24, 33, 10, 71, 69, 45, 6, 56, 90, 24]",[],"{""accepted_indices"": [0, 1, 2, 3, 4, 5, 6, 7, 8, 9, 1, 2, 3, 4, 5, 6, 7, 8, 9], ""num_clusters"": 1, ""cluster_scores"": [0.11224925786969574]}"
113,rflbat,rflbat_final_distance_filter,"[33, 10, 71, 69, 45, 6, 56, 90, 24]",[2],"{""accepted_indices"": [1, 2, 3, 4, 5, 6, 7, 8, 9, 1, 2, 3, 4, 5, 6, 7, 8, 9], ""eps2"": 6, ""distance_median"": 1.2305257747375755}"
114,rflbat,rflbat_first_distance_filter,"[0, 88, 70, 36, 61, 11, 51, 84, 20, 82, 88, 70, 36, 61, 11, 51, 84, 20, 82]",[],"{""accepted_indices"": [0, 1, 2, 3, 4, 5, 6, 7, 8, 9, 1, 2, 3, 4, 5, 6, 7, 8, 9], ""eps1"": 10, ""distance_median"": 0.6653327902940294}"
114,rflbat,rflbat_cluster_filter,"[0, 88, 70, 36, 61, 11, 51, 84, 20, 82, 88, 70, 36, 61, 11, 51, 84, 20, 82]",[],"{""accepted_indices"": [0, 1, 2, 3, 4, 5, 6, 7, 8, 9, 1, 2, 3, 4, 5, 6, 7, 8, 9], ""num_clusters"": 1, ""cluster_scores"": [0.11416398670338837]}"
114,rflbat,rflbat_final_distance_filter,"[88, 70, 36, 61, 11, 51, 84, 20, 82]",[0],"{""accepted_indices"": [1, 2, 3, 4, 5, 6, 7, 8, 9, 1, 2, 3, 4, 5, 6, 7, 8, 9], ""eps2"": 6, ""distance_median"": 0.8930522948988652}"
115,rflbat,rflbat_first_distance_filter,"[0, 47, 96, 53, 54, 55, 9, 76, 15, 59, 47, 96, 53, 54, 55, 9, 76, 15, 59]",[],"{""accepted_indices"": [0, 1, 2, 3, 4, 5, 6, 7, 8, 9, 1, 2, 3, 4, 5, 6, 7, 8, 9], ""eps1"": 10, ""distance_median"": 0.7536588260154539}"
115,rflbat,rflbat_cluster_filter,"[0, 47, 96, 53, 54, 55, 9, 76, 15, 59, 47, 96, 53, 54, 55, 9, 76, 15, 59]",[],"{""accepted_indices"": [0, 1, 2, 3, 4, 5, 6, 7, 8, 9, 1, 2, 3, 4, 5, 6, 7, 8, 9], ""num_clusters"": 1, ""cluster_scores"": [0.11224090432682929]}"
115,rflbat,rflbat_final_distance_filter,"[47, 96, 53, 54, 55, 9, 76, 15, 59]",[0],"{""accepted_indices"": [1, 2, 3, 4, 5, 6, 7, 8, 9, 1, 2, 3, 4, 5, 6, 7, 8, 9], ""eps2"": 6, ""distance_median"": 1.0299104914025574}"
116,rflbat,rflbat_first_distance_filter,"[3, 57, 59, 14, 62, 30, 21, 35, 24, 58, 57, 59, 14, 62, 30, 21, 35, 24, 58]",[],"{""accepted_indices"": [0, 1, 2, 3, 4, 5, 6, 7, 8, 9, 1, 2, 3, 4, 5, 6, 7, 8, 9], ""eps1"": 10, ""distance_median"": 0.5676302604315232}"
116,rflbat,rflbat_cluster_filter,"[3, 57, 59, 14, 62, 30, 21, 35, 24, 58, 57, 59, 14, 62, 30, 21, 35, 24, 58]",[],"{""accepted_indices"": [0, 1, 2, 3, 4, 5, 6, 7, 8, 9, 1, 2, 3, 4, 5, 6, 7, 8, 9], ""num_clusters"": 1, ""cluster_scores"": [0.11967449904142323]}"
116,rflbat,rflbat_final_distance_filter,"[3, 57, 59, 14, 62, 30, 21, 35, 24, 58]",[],"{""accepted_indices"": [0, 1, 2, 3, 4, 5, 6, 7, 8, 9, 1, 2, 3, 4, 5, 6, 7, 8, 9], ""eps2"": 6, ""distance_median"": 0.870169923150833}"
117,rflbat,rflbat_first_distance_filter,"[2, 35, 91, 16, 5, 38, 34, 69, 41, 46, 35, 91, 16, 5, 38, 34, 69, 41, 46]",[],"{""accepted_indices"": [0, 1, 2, 3, 4, 5, 6, 7, 8, 9, 1, 2, 3, 4, 5, 6, 7, 8, 9], ""eps1"": 10, ""distance_median"": 0.8192470842242336}"
117,rflbat,rflbat_cluster_filter,"[2, 35, 91, 16, 5, 38, 34, 69, 41, 46, 35, 91, 16, 5, 38, 34, 69, 41, 46]",[],"{""accepted_indices"": [0, 1, 2, 3, 4, 5, 6, 7, 8, 9, 1, 2, 3, 4, 5, 6, 7, 8, 9], ""num_clusters"": 1, ""cluster_scores"": [0.10840953305488582]}"
117,rflbat,rflbat_final_distance_filter,"[35, 91, 16, 5, 38, 34, 69, 41, 46]",[2],"{""accepted_indices"": [1, 2, 3, 4, 5, 6, 7, 8, 9, 1, 2, 3, 4, 5, 6, 7, 8, 9], ""eps2"": 6, ""distance_median"": 1.0677641751418034}"
118,rflbat,rflbat_first_distance_filter,"[2, 50, 5, 24, 96, 30, 44, 73, 91, 94, 50, 5, 24, 96, 30, 44, 73, 91, 94]",[],"{""accepted_indices"": [0, 1, 2, 3, 4, 5, 6, 7, 8, 9, 1, 2, 3, 4, 5, 6, 7, 8, 9], ""eps1"": 10, ""distance_median"": 0.819669414950724}"
118,rflbat,rflbat_cluster_filter,"[2, 50, 5, 24, 96, 30, 44, 73, 91, 94, 50, 5, 24, 96, 30, 44, 73, 91, 94]",[],"{""accepted_indices"": [0, 1, 2, 3, 4, 5, 6, 7, 8, 9, 1, 2, 3, 4, 5, 6, 7, 8, 9], ""num_clusters"": 1, ""cluster_scores"": [0.10836007602565804]}"
118,rflbat,rflbat_final_distance_filter,"[50, 5, 24, 96, 30, 44, 73, 91, 94]",[2],"{""accepted_indices"": [1, 2, 3, 4, 5, 6, 7, 8, 9, 1, 2, 3, 4, 5, 6, 7, 8, 9], ""eps2"": 6, ""distance_median"": 1.0692656215647387}"
119,rflbat,rflbat_first_distance_filter,"[3, 56, 9, 45, 82, 37, 27, 75, 26, 63, 56, 9, 45, 82, 37, 27, 75, 26, 63]",[],"{""accepted_indices"": [0, 1, 2, 3, 4, 5, 6, 7, 8, 9, 1, 2, 3, 4, 5, 6, 7, 8, 9], ""eps1"": 10, ""distance_median"": 0.5177687532986379}"
119,rflbat,rflbat_cluster_filter,"[3, 56, 9, 45, 82, 37, 27, 75, 26, 63, 56, 9, 45, 82, 37, 27, 75, 26, 63]",[],"{""accepted_indices"": [0, 1, 2, 3, 4, 5, 6, 7, 8, 9, 1, 2, 3, 4, 5, 6, 7, 8, 9], ""num_clusters"": 1, ""cluster_scores"": [0.12001588472043369]}"
119,rflbat,rflbat_final_distance_filter,"[3, 56, 9, 45, 82, 37, 27, 75, 26, 63]",[],"{""accepted_indices"": [0, 1, 2, 3, 4, 5, 6, 7, 8, 9, 1, 2, 3, 4, 5, 6, 7, 8, 9], ""eps2"": 6, ""distance_median"": 0.7820241834046268}"
120,rflbat,rflbat_first_distance_filter,"[4, 47, 30, 18, 20, 85, 87, 65, 89, 2, 47, 30, 18, 20, 85, 87, 65, 89, 2]",[],"{""accepted_indices"": [0, 1, 2, 3, 4, 5, 6, 7, 8, 9, 1, 2, 3, 4, 5, 6, 7, 8, 9], ""eps1"": 10, ""distance_median"": 1.1073588851642542}"
120,rflbat,rflbat_cluster_filter,"[47, 30, 18, 20, 85, 87, 65, 89, 47, 30, 18, 20, 85, 87, 65, 89]","[4, 2]","{""accepted_indices"": [1, 2, 3, 4, 5, 6, 7, 8, 1, 2, 3, 4, 5, 6, 7, 8], ""num_clusters"": 3, ""cluster_scores"": [0.13156166183324236, 1.0000000000004048, 1]}"
120,rflbat,rflbat_final_distance_filter,"[47, 30, 18, 20, 85, 87, 65, 89]","[4, 2]","{""accepted_indices"": [1, 2, 3, 4, 5, 6, 7, 8, 1, 2, 3, 4, 5, 6, 7, 8], ""eps2"": 6, ""distance_median"": 0.100806338011971}"
121,rflbat,rflbat_first_distance_filter,"[4, 99, 89, 49, 33, 21, 39, 30, 1, 70, 99, 89, 49, 33, 21, 39, 30, 1, 70]",[],"{""accepted_indices"": [0, 1, 2, 3, 4, 5, 6, 7, 8, 9, 1, 2, 3, 4, 5, 6, 7, 8, 9], ""eps1"": 10, ""distance_median"": 1.2977114814792479}"
121,rflbat,rflbat_cluster_filter,"[4, 99, 89, 49, 33, 21, 39, 30, 1, 70, 99, 89, 49, 33, 21, 39, 30, 1, 70]",[],"{""accepted_indices"": [0, 1, 2, 3, 4, 5, 6, 7, 8, 9, 1, 2, 3, 4, 5, 6, 7, 8, 9], ""num_clusters"": 1, ""cluster_scores"": [0.11309017481211972]}"
121,rflbat,rflbat_final_distance_filter,"[4, 99, 89, 49, 33, 21, 39, 30, 70]",[1],"{""accepted_indices"": [0, 1, 2, 3, 4, 5, 6, 7, 9, 1, 2, 3, 4, 5, 6, 7, 9], ""eps2"": 6, ""distance_median"": 2.07792235544563}"
122,rflbat,rflbat_first_distance_filter,"[1, 18, 24, 30, 88, 38, 92, 94, 55, 75, 18, 24, 30, 88, 38, 92, 94, 55, 75]",[],"{""accepted_indices"": [0, 1, 2, 3, 4, 5, 6, 7, 8, 9, 1, 2, 3, 4, 5, 6, 7, 8, 9], ""eps1"": 10, ""distance_median"": 0.8095301713601459}"
122,rflbat,rflbat_cluster_filter,"[1, 18, 24, 30, 88, 38, 92, 94, 55, 75, 18, 24, 30, 88, 38, 92, 94, 55, 75]",[],"{""accepted_indices"": [0, 1, 2, 3, 4, 5, 6, 7, 8, 9, 1, 2, 3, 4, 5, 6, 7, 8, 9], ""num_clusters"": 1, ""cluster_scores"": [0.11527377204569798]}"
122,rflbat,rflbat_final_distance_filter,"[18, 24, 30, 88, 38, 92, 94, 55, 75]",[1],"{""accepted_indices"": [1, 2, 3, 4, 5, 6, 7, 8, 9, 1, 2, 3, 4, 5, 6, 7, 8, 9], ""eps2"": 6, ""distance_median"": 0.9778459535061904}"
123,rflbat,rflbat_first_distance_filter,"[4, 88, 23, 68, 39, 22, 97, 78, 16, 12, 88, 23, 68, 39, 22, 97, 78, 16, 12]",[],"{""accepted_indices"": [0, 1, 2, 3, 4, 5, 6, 7, 8, 9, 1, 2, 3, 4, 5, 6, 7, 8, 9], ""eps1"": 10, ""distance_median"": 0.8059989653024421}"
123,rflbat,rflbat_cluster_filter,"[88, 23, 39, 22, 97, 78, 16, 12, 88, 23, 39, 22, 97, 78, 16, 12]","[4, 68]","{""accepted_indices"": [1, 2, 4, 5, 6, 7, 8, 9, 1, 2, 4, 5, 6, 7, 8, 9], ""num_clusters"": 3, ""cluster_scores"": [0.13189328491287805, 1, 1.0000000000016167]}"
123,rflbat,rflbat_final_distance_filter,"[88, 23, 39, 22, 97, 78, 16, 12]","[4, 68]","{""accepted_indices"": [1, 2, 4, 5, 6, 7, 8, 9, 1, 2, 4, 5, 6, 7, 8, 9], ""eps2"": 6, ""distance_median"": 0.10007801180806983}"
124,rflbat,rflbat_first_distance_filter,"[3, 37, 93, 96, 13, 9, 17, 41, 20, 76, 37, 93, 96, 13, 9, 17, 41, 20, 76]",[],"{""accepted_indices"": [0, 1, 2, 3, 4, 5, 6, 7, 8, 9, 1, 2, 3, 4, 5, 6, 7, 8, 9], ""eps1"": 10, ""distance_median"": 0.5850439774000953}"
124,rflbat,rflbat_cluster_filter,"[3, 37, 93, 96, 13, 9, 17, 41, 20, 37, 93, 96, 13, 9, 17, 41, 20]",[76],"{""accepted_indices"": [0, 1, 2, 3, 4, 5, 6, 7, 8, 1, 2, 3, 4, 5, 6, 7, 8], ""num_clusters"": 2, ""cluster_scores"": [0.1189815201135314, 1.0000000000018405]}"
124,rflbat,rflbat_final_distance_filter,"[3, 37, 93, 96, 13, 9, 17, 41, 20]",[76],"{""accepted_indices"": [0, 1, 2, 3, 4, 5, 6, 7, 8, 1, 2, 3, 4, 5, 6, 7, 8], ""eps2"": 6, ""distance_median"": 0.6981289506281422}"
125,rflbat,rflbat_first_distance_filter,"[3, 5, 76, 66, 10, 1, 84, 91, 73, 64, 5, 76, 66, 10, 1, 84, 91, 73, 64]",[],"{""accepted_indices"": [0, 1, 2, 3, 4, 5, 6, 7, 8, 9, 1, 2, 3, 4, 5, 6, 7, 8, 9], ""eps1"": 10, ""distance_median"": 1.028039128368824}"
125,rflbat,rflbat_cluster_filter,"[5, 66, 10, 84, 91, 64, 5, 66, 10, 84, 91, 64]","[3, 76, 1, 73]","{""accepted_indices"": [1, 3, 4, 6, 7, 9, 1, 3, 4, 6, 7, 9], ""num_clusters"": 4, ""cluster_scores"": [0.48831191849740735, 1.0000000000004454, 1, 0.17154409397241882]}"
125,rflbat,rflbat_final_distance_filter,"[5, 66, 10, 84, 91, 64]","[3, 76, 1, 73]","{""accepted_indices"": [1, 3, 4, 6, 7, 9, 1, 3, 4, 6, 7, 9], ""eps2"": 6, ""distance_median"": 0.07978033114460448}"
126,rflbat,rflbat_first_distance_filter,"[3, 20, 65, 67, 75, 70, 26, 55, 56, 42, 20, 65, 67, 75, 70, 26, 55, 56, 42]",[],"{""accepted_indices"": [0, 1, 2, 3, 4, 5, 6, 7, 8, 9, 1, 2, 3, 4, 5, 6, 7, 8, 9], ""eps1"": 10, ""distance_median"": 0.467936127031521}"
126,rflbat,rflbat_cluster_filter,"[3, 20, 65, 67, 75, 70, 26, 55, 56, 42, 20, 65, 67, 75, 70, 26, 55, 56, 42]",[],"{""accepted_indices"": [0, 1, 2, 3, 4, 5, 6, 7, 8, 9, 1, 2, 3, 4, 5, 6, 7, 8, 9], ""num_clusters"": 1, ""cluster_scores"": [0.10358205734267141]}"
126,rflbat,rflbat_final_distance_filter,"[3, 20, 65, 67, 75, 70, 26, 55, 56, 42]",[],"{""accepted_indices"": [0, 1, 2, 3, 4, 5, 6, 7, 8, 9, 1, 2, 3, 4, 5, 6, 7, 8, 9], ""eps2"": 6, ""distance_median"": 0.70192108496722}"
127,rflbat,rflbat_first_distance_filter,"[2, 1, 30, 87, 29, 74, 48, 20, 81, 54, 1, 30, 87, 29, 74, 48, 20, 81, 54]",[],"{""accepted_indices"": [0, 1, 2, 3, 4, 5, 6, 7, 8, 9, 1, 2, 3, 4, 5, 6, 7, 8, 9], ""eps1"": 10, ""distance_median"": 1.3118080766974052}"
127,rflbat,rflbat_cluster_filter,"[2, 1, 30, 87, 29, 74, 48, 20, 81, 54, 1, 30, 87, 29, 74, 48, 20, 81, 54]",[],"{""accepted_indices"": [0, 1, 2, 3, 4, 5, 6, 7, 8, 9, 1, 2, 3, 4, 5, 6, 7, 8, 9], ""num_clusters"": 1, ""cluster_scores"": [0.10418855197619312]}"
127,rflbat,rflbat_final_distance_filter,"[2, 30, 87, 29, 74, 48, 20, 81, 54]",[1],"{""accepted_indices"": [0, 2, 3, 4, 5, 6, 7, 8, 9, 2, 3, 4, 5, 6, 7, 8, 9], ""eps2"": 6, ""distance_median"": 2.0640989556009703}"
128,rflbat,rflbat_first_distance_filter,"[1, 86, 41, 46, 56, 20, 70, 23, 69, 29, 86, 41, 46, 56, 20, 70, 23, 69, 29]",[],"{""accepted_indices"": [0, 1, 2, 3, 4, 5, 6, 7, 8, 9, 1, 2, 3, 4, 5, 6, 7, 8, 9], ""eps1"": 10, ""distance_median"": 1.0258967648611301}"
128,rflbat,rflbat_cluster_filter,"[1, 86, 41, 46, 56, 20, 70, 23, 69, 29, 86, 41, 46, 56, 20, 70, 23, 69, 29]",[],"{""accepted_indices"": [0, 1, 2, 3, 4, 5, 6, 7, 8, 9, 1, 2, 3, 4, 5, 6, 7, 8, 9], ""num_clusters"": 1, ""cluster_scores"": [0.1209341714080882]}"
128,rflbat,rflbat_final_distance_filter,"[86, 41, 46, 56, 20, 70, 23, 69, 29]",[1],"{""accepted_indices"": [1, 2, 3, 4, 5, 6, 7, 8, 9, 1, 2, 3, 4, 5, 6, 7, 8, 9], ""eps2"": 6, ""distance_median"": 1.2502756850081527}"
129,rflbat,rflbat_first_distance_filter,"[2, 3, 54, 97, 24, 33, 91, 66, 10, 87, 3, 54, 97, 24, 33, 91, 66, 10, 87]",[],"{""accepted_indices"": [0, 1, 2, 3, 4, 5, 6, 7, 8, 9, 1, 2, 3, 4, 5, 6, 7, 8, 9], ""eps1"": 10, ""distance_median"": 0.8211427495510417}"
129,rflbat,rflbat_cluster_filter,"[2, 3, 54, 97, 24, 33, 91, 66, 10, 87, 3, 54, 97, 24, 33, 91, 66, 10, 87]",[],"{""accepted_indices"": [0, 1, 2, 3, 4, 5, 6, 7, 8, 9, 1, 2, 3, 4, 5, 6, 7, 8, 9], ""num_clusters"": 1, ""cluster_scores"": [0.11245259582782022]}"
129,rflbat,rflbat_final_distance_filter,"[3, 54, 97, 24, 33, 91, 66, 10, 87]",[2],"{""accepted_indices"": [1, 2, 3, 4, 5, 6, 7, 8, 9, 1, 2, 3, 4, 5, 6, 7, 8, 9], ""eps2"": 6, ""distance_median"": 1.203157381901974}"
130,rflbat,rflbat_first_distance_filter,"[3, 37, 75, 41, 80, 36, 40, 63, 59, 45, 37, 75, 41, 80, 36, 40, 63, 59, 45]",[],"{""accepted_indices"": [0, 1, 2, 3, 4, 5, 6, 7, 8, 9, 1, 2, 3, 4, 5, 6, 7, 8, 9], ""eps1"": 10, ""distance_median"": 0.4985922370462242}"
130,rflbat,rflbat_cluster_filter,"[75, 41, 80, 40, 63, 59, 45, 75, 41, 80, 40, 63, 59, 45]","[3, 37, 36]","{""accepted_indices"": [2, 3, 4, 6, 7, 8, 9, 2, 3, 4, 6, 7, 8, 9], ""num_clusters"": 3, ""cluster_scores"": [0.14517486146642145, 1, 0.5261714914379025]}"
130,rflbat,rflbat_final_distance_filter,"[75, 41, 80, 40, 63, 59, 45]","[3, 37, 36]","{""accepted_indices"": [2, 3, 4, 6, 7, 8, 9, 2, 3, 4, 6, 7, 8, 9], ""eps2"": 6, ""distance_median"": 0.3259022523960599}"
131,rflbat,rflbat_first_distance_filter,"[3, 86, 34, 68, 95, 29, 13, 74, 48, 54, 86, 34, 68, 95, 29, 13, 74, 48, 54]",[],"{""accepted_indices"": [0, 1, 2, 3, 4, 5, 6, 7, 8, 9, 1, 2, 3, 4, 5, 6, 7, 8, 9], ""eps1"": 10, ""distance_median"": 0.5056886827936204}"
131,rflbat,rflbat_cluster_filter,"[3, 86, 34, 68, 95, 29, 13, 74, 48, 54, 86, 34, 68, 95, 29, 13, 74, 48, 54]",[],"{""accepted_indices"": [0, 1, 2, 3, 4, 5, 6, 7, 8, 9, 1, 2, 3, 4, 5, 6, 7, 8, 9], ""num_clusters"": 1, ""cluster_scores"": [0.10199509066513165]}"
131,rflbat,rflbat_final_distance_filter,"[3, 86, 34, 68, 95, 29, 13, 74, 48, 54]",[],"{""accepted_indices"": [0, 1, 2, 3, 4, 5, 6, 7, 8, 9, 1, 2, 3, 4, 5, 6, 7, 8, 9], ""eps2"": 6, ""distance_median"": 0.7833224948218505}"
132,rflbat,rflbat_first_distance_filter,"[0, 2, 43, 25, 80, 99, 74, 54, 29, 49, 2, 43, 25, 80, 99, 74, 54, 29, 49]",[],"{""accepted_indices"": [0, 1, 2, 3, 4, 5, 6, 7, 8, 9, 1, 2, 3, 4, 5, 6, 7, 8, 9], ""eps1"": 10, ""distance_median"": 1.0043819089333281}"
132,rflbat,rflbat_cluster_filter,"[0, 2, 43, 25, 80, 99, 74, 54, 29, 49, 2, 43, 25, 80, 99, 74, 54, 29, 49]",[],"{""accepted_indices"": [0, 1, 2, 3, 4, 5, 6, 7, 8, 9, 1, 2, 3, 4, 5, 6, 7, 8, 9], ""num_clusters"": 1, ""cluster_scores"": [0.09978188485933098]}"
132,rflbat,rflbat_final_distance_filter,"[0, 2, 43, 25, 80, 99, 74, 54, 29, 49]",[],"{""accepted_indices"": [0, 1, 2, 3, 4, 5, 6, 7, 8, 9, 1, 2, 3, 4, 5, 6, 7, 8, 9], ""eps2"": 6, ""distance_median"": 1.5814019771294376}"
133,rflbat,rflbat_first_distance_filter,"[2, 45, 29, 27, 10, 42, 73, 5, 83, 8, 45, 29, 27, 10, 42, 73, 5, 83, 8]",[],"{""accepted_indices"": [0, 1, 2, 3, 4, 5, 6, 7, 8, 9, 1, 2, 3, 4, 5, 6, 7, 8, 9], ""eps1"": 10, ""distance_median"": 0.6990699861544922}"
133,rflbat,rflbat_cluster_filter,"[2, 45, 29, 27, 10, 42, 73, 5, 83, 8, 45, 29, 27, 10, 42, 73, 5, 83, 8]",[],"{""accepted_indices"": [0, 1, 2, 3, 4, 5, 6, 7, 8, 9, 1, 2, 3, 4, 5, 6, 7, 8, 9], ""num_clusters"": 1, ""cluster_scores"": [0.1456942251163155]}"
133,rflbat,rflbat_final_distance_filter,"[45, 29, 27, 10, 42, 73, 5, 83, 8]",[2],"{""accepted_indices"": [1, 2, 3, 4, 5, 6, 7, 8, 9, 1, 2, 3, 4, 5, 6, 7, 8, 9], ""eps2"": 6, ""distance_median"": 0.918230571263527}"
134,rflbat,rflbat_first_distance_filter,"[2, 74, 27, 76, 22, 30, 10, 42, 38, 98, 74, 27, 76, 22, 30, 10, 42, 38, 98]",[],"{""accepted_indices"": [0, 1, 2, 3, 4, 5, 6, 7, 8, 9, 1, 2, 3, 4, 5, 6, 7, 8, 9], ""eps1"": 10, ""distance_median"": 0.7202646790742009}"
134,rflbat,rflbat_cluster_filter,"[2, 74, 27, 76, 22, 30, 10, 42, 38, 98, 74, 27, 76, 22, 30, 10, 42, 38, 98]",[],"{""accepted_indices"": [0, 1, 2, 3, 4, 5, 6, 7, 8, 9, 1, 2, 3, 4, 5, 6, 7, 8, 9], ""num_clusters"": 1, ""cluster_scores"": [0.10595078496595751]}"
134,rflbat,rflbat_final_distance_filter,"[74, 27, 76, 22, 30, 10, 42, 38, 98]",[2],"{""accepted_indices"": [1, 2, 3, 4, 5, 6, 7, 8, 9, 1, 2, 3, 4, 5, 6, 7, 8, 9], ""eps2"": 6, ""distance_median"": 0.9744599344349}"
135,rflbat,rflbat_first_distance_filter,"[4, 15, 51, 73, 70, 52, 50, 92, 68, 37, 15, 51, 73, 70, 52, 50, 92, 68, 37]",[],"{""accepted_indices"": [0, 1, 2, 3, 4, 5, 6, 7, 8, 9, 1, 2, 3, 4, 5, 6, 7, 8, 9], ""eps1"": 10, ""distance_median"": 0.8227121149779852}"
135,rflbat,rflbat_cluster_filter,"[51, 70, 92, 51, 70, 92]","[4, 15, 73, 52, 50, 68, 37]","{""accepted_indices"": [2, 4, 7, 2, 4, 7], ""num_clusters"": 6, ""cluster_scores"": [1.0000000000019156, 0.5413851036064558, 1, 0.3534289009407523, 1.0000000000014821, 0.5351969265803445]}"
135,rflbat,rflbat_final_distance_filter,"[51, 70, 92]","[4, 15, 73, 52, 50, 68, 37]","{""accepted_indices"": [2, 4, 7, 2, 4, 7], ""eps2"": 6, ""distance_median"": 0.019384677912149366}"
136,rflbat,rflbat_first_distance_filter,"[3, 93, 9, 73, 66, 44, 85, 81, 14, 88, 93, 9, 73, 66, 44, 85, 81, 14, 88]",[],"{""accepted_indices"": [0, 1, 2, 3, 4, 5, 6, 7, 8, 9, 1, 2, 3, 4, 5, 6, 7, 8, 9], ""eps1"": 10, ""distance_median"": 0.5161058811446593}"
136,rflbat,rflbat_cluster_filter,"[3, 93, 9, 73, 66, 44, 85, 81, 14, 88, 93, 9, 73, 66, 44, 85, 81, 14, 88]",[],"{""accepted_indices"": [0, 1, 2, 3, 4, 5, 6, 7, 8, 9, 1, 2, 3, 4, 5, 6, 7, 8, 9], ""num_clusters"": 1, ""cluster_scores"": [0.1266245303599625]}"
136,rflbat,rflbat_final_distance_filter,"[3, 93, 9, 73, 66, 44, 85, 81, 14, 88]",[],"{""accepted_indices"": [0, 1, 2, 3, 4, 5, 6, 7, 8, 9, 1, 2, 3, 4, 5, 6, 7, 8, 9], ""eps2"": 6, ""distance_median"": 0.8016625507818241}"
137,rflbat,rflbat_first_distance_filter,"[4, 95, 80, 10, 65, 11, 83, 39, 49, 58, 95, 80, 10, 65, 11, 83, 39, 49, 58]",[],"{""accepted_indices"": [0, 1, 2, 3, 4, 5, 6, 7, 8, 9, 1, 2, 3, 4, 5, 6, 7, 8, 9], ""eps1"": 10, ""distance_median"": 0.7197322887212906}"
137,rflbat,rflbat_cluster_filter,"[4, 95, 80, 10, 65, 11, 83, 39, 49, 58, 95, 80, 10, 65, 11, 83, 39, 49, 58]",[],"{""accepted_indices"": [0, 1, 2, 3, 4, 5, 6, 7, 8, 9, 1, 2, 3, 4, 5, 6, 7, 8, 9], ""num_clusters"": 1, ""cluster_scores"": [0.10661052125988565]}"
137,rflbat,rflbat_final_distance_filter,"[95, 80, 10, 65, 11, 83, 39, 49, 58]",[4],"{""accepted_indices"": [1, 2, 3, 4, 5, 6, 7, 8, 9, 1, 2, 3, 4, 5, 6, 7, 8, 9], ""eps2"": 6, ""distance_median"": 0.9562074345298207}"
138,rflbat,rflbat_first_distance_filter,"[3, 52, 30, 39, 99, 53, 70, 86, 28, 60, 52, 30, 39, 99, 53, 70, 86, 28, 60]",[],"{""accepted_indices"": [0, 1, 2, 3, 4, 5, 6, 7, 8, 9, 1, 2, 3, 4, 5, 6, 7, 8, 9], ""eps1"": 10, ""distance_median"": 0.4336411097191256}"
138,rflbat,rflbat_cluster_filter,"[3, 52, 30, 39, 99, 53, 70, 86, 28, 60, 52, 30, 39, 99, 53, 70, 86, 28, 60]",[],"{""accepted_indices"": [0, 1, 2, 3, 4, 5, 6, 7, 8, 9, 1, 2, 3, 4, 5, 6, 7, 8, 9], ""num_clusters"": 1, ""cluster_scores"": [0.11828535474050401]}"
138,rflbat,rflbat_final_distance_filter,"[3, 52, 30, 39, 99, 53, 70, 86, 28, 60]",[],"{""accepted_indices"": [0, 1, 2, 3, 4, 5, 6, 7, 8, 9, 1, 2, 3, 4, 5, 6, 7, 8, 9], ""eps2"": 6, ""distance_median"": 0.6484426126610022}"
139,rflbat,rflbat_first_distance_filter,"[3, 74, 58, 71, 92, 47, 8, 22, 33, 93, 74, 58, 71, 92, 47, 8, 22, 33, 93]",[],"{""accepted_indices"": [0, 1, 2, 3, 4, 5, 6, 7, 8, 9, 1, 2, 3, 4, 5, 6, 7, 8, 9], ""eps1"": 10, ""distance_median"": 0.5922699424598832}"
139,rflbat,rflbat_cluster_filter,"[3, 74, 58, 71, 92, 47, 8, 22, 33, 93, 74, 58, 71, 92, 47, 8, 22, 33, 93]",[],"{""accepted_indices"": [0, 1, 2, 3, 4, 5, 6, 7, 8, 9, 1, 2, 3, 4, 5, 6, 7, 8, 9], ""num_clusters"": 1, ""cluster_scores"": [0.10810263611411049]}"
139,rflbat,rflbat_final_distance_filter,"[3, 74, 58, 71, 92, 47, 8, 22, 33, 93]",[],"{""accepted_indices"": [0, 1, 2, 3, 4, 5, 6, 7, 8, 9, 1, 2, 3, 4, 5, 6, 7, 8, 9], ""eps2"": 6, ""distance_median"": 1.147886898568027}"
140,rflbat,rflbat_first_distance_filter,"[4, 58, 51, 25, 68, 70, 74, 55, 3, 93, 58, 51, 25, 68, 70, 74, 55, 3, 93]",[],"{""accepted_indices"": [0, 1, 2, 3, 4, 5, 6, 7, 8, 9, 1, 2, 3, 4, 5, 6, 7, 8, 9], ""eps1"": 10, ""distance_median"": 0.7454186796106219}"
140,rflbat,rflbat_cluster_filter,"[58, 51, 25, 70, 74, 55, 3, 93, 58, 51, 25, 70, 74, 55, 3, 93]","[4, 68]","{""accepted_indices"": [1, 2, 3, 5, 6, 7, 8, 9, 1, 2, 3, 5, 6, 7, 8, 9], ""num_clusters"": 3, ""cluster_scores"": [0.10551084880320871, 1, 1.000000000002012]}"
140,rflbat,rflbat_final_distance_filter,"[58, 51, 25, 70, 74, 55, 3, 93]","[4, 68]","{""accepted_indices"": [1, 2, 3, 5, 6, 7, 8, 9, 1, 2, 3, 5, 6, 7, 8, 9], ""eps2"": 6, ""distance_median"": 0.16966967038653138}"
141,rflbat,rflbat_first_distance_filter,"[4, 5, 28, 48, 92, 34, 74, 90, 38, 2, 5, 28, 48, 92, 34, 74, 90, 38, 2]",[],"{""accepted_indices"": [0, 1, 2, 3, 4, 5, 6, 7, 8, 9, 1, 2, 3, 4, 5, 6, 7, 8, 9], ""eps1"": 10, ""distance_median"": 1.0338942971725584}"
141,rflbat,rflbat_cluster_filter,"[4, 5, 28, 48, 92, 34, 74, 90, 38, 2, 5, 28, 48, 92, 34, 74, 90, 38, 2]",[],"{""accepted_indices"": [0, 1, 2, 3, 4, 5, 6, 7, 8, 9, 1, 2, 3, 4, 5, 6, 7, 8, 9], ""num_clusters"": 1, ""cluster_scores"": [0.10501796578146842]}"
141,rflbat,rflbat_final_distance_filter,"[4, 5, 28, 48, 92, 34, 74, 90, 38, 2]",[],"{""accepted_indices"": [0, 1, 2, 3, 4, 5, 6, 7, 8, 9, 1, 2, 3, 4, 5, 6, 7, 8, 9], ""eps2"": 6, ""distance_median"": 1.608279094551836}"
142,rflbat,rflbat_first_distance_filter,"[0, 68, 60, 69, 43, 70, 47, 46, 42, 64, 68, 60, 69, 43, 70, 47, 46, 42, 64]",[],"{""accepted_indices"": [0, 1, 2, 3, 4, 5, 6, 7, 8, 9, 1, 2, 3, 4, 5, 6, 7, 8, 9], ""eps1"": 10, ""distance_median"": 0.7773880890457611}"
142,rflbat,rflbat_cluster_filter,"[0, 68, 60, 69, 43, 70, 47, 46, 42, 64, 68, 60, 69, 43, 70, 47, 46, 42, 64]",[],"{""accepted_indices"": [0, 1, 2, 3, 4, 5, 6, 7, 8, 9, 1, 2, 3, 4, 5, 6, 7, 8, 9], ""num_clusters"": 1, ""cluster_scores"": [0.131650909219174]}"
142,rflbat,rflbat_final_distance_filter,"[68, 60, 69, 43, 70, 47, 46, 42, 64]",[0],"{""accepted_indices"": [1, 2, 3, 4, 5, 6, 7, 8, 9, 1, 2, 3, 4, 5, 6, 7, 8, 9], ""eps2"": 6, ""distance_median"": 1.117627379212983}"
143,rflbat,rflbat_first_distance_filter,"[2, 51, 36, 98, 69, 63, 15, 92, 26, 14, 51, 36, 98, 69, 63, 15, 92, 26, 14]",[],"{""accepted_indices"": [0, 1, 2, 3, 4, 5, 6, 7, 8, 9, 1, 2, 3, 4, 5, 6, 7, 8, 9], ""eps1"": 10, ""distance_median"": 0.8672959632368591}"
143,rflbat,rflbat_cluster_filter,"[2, 51, 36, 98, 69, 63, 15, 92, 26, 14, 51, 36, 98, 69, 63, 15, 92, 26, 14]",[],"{""accepted_indices"": [0, 1, 2, 3, 4, 5, 6, 7, 8, 9, 1, 2, 3, 4, 5, 6, 7, 8, 9], ""num_clusters"": 1, ""cluster_scores"": [0.11575293329205169]}"
143,rflbat,rflbat_final_distance_filter,"[51, 36, 98, 69, 63, 15, 92, 26, 14]",[2],"{""accepted_indices"": [1, 2, 3, 4, 5, 6, 7, 8, 9, 1, 2, 3, 4, 5, 6, 7, 8, 9], ""eps2"": 6, ""distance_median"": 1.2648527692576086}"
144,rflbat,rflbat_first_distance_filter,"[4, 5, 75, 1, 49, 73, 46, 18, 2, 8, 5, 75, 1, 49, 73, 46, 18, 2, 8]",[],"{""accepted_indices"": [0, 1, 2, 3, 4, 5, 6, 7, 8, 9, 1, 2, 3, 4, 5, 6, 7, 8, 9], ""eps1"": 10, ""distance_median"": 1.3029338668657204}"
144,rflbat,rflbat_cluster_filter,"[4, 5, 75, 1, 49, 73, 46, 18, 2, 8, 5, 75, 1, 49, 73, 46, 18, 2, 8]",[],"{""accepted_indices"": [0, 1, 2, 3, 4, 5, 6, 7, 8, 9, 1, 2, 3, 4, 5, 6, 7, 8, 9], ""num_clusters"": 1, ""cluster_scores"": [0.10196864763588086]}"
144,rflbat,rflbat_final_distance_filter,"[4, 5, 75, 1, 49, 73, 46, 18, 2, 8]",[],"{""accepted_indices"": [0, 1, 2, 3, 4, 5, 6, 7, 8, 9, 1, 2, 3, 4, 5, 6, 7, 8, 9], ""eps2"": 6, ""distance_median"": 2.480774996457306}"
145,rflbat,rflbat_first_distance_filter,"[3, 79, 96, 28, 20, 91, 50, 43, 6, 9, 79, 96, 28, 20, 91, 50, 43, 6, 9]",[],"{""accepted_indices"": [0, 1, 2, 3, 4, 5, 6, 7, 8, 9, 1, 2, 3, 4, 5, 6, 7, 8, 9], ""eps1"": 10, ""distance_median"": 0.47582171105327187}"
145,rflbat,rflbat_cluster_filter,"[79, 28, 20, 91, 50, 43, 6, 9, 79, 28, 20, 91, 50, 43, 6, 9]","[3, 96]","{""accepted_indices"": [1, 3, 4, 5, 6, 7, 8, 9, 1, 3, 4, 5, 6, 7, 8, 9], ""num_clusters"": 3, ""cluster_scores"": [0.15346125436478614, 1, 1.0000000000011338]}"
145,rflbat,rflbat_final_distance_filter,"[79, 28, 20, 91, 50, 43, 6, 9]","[3, 96]","{""accepted_indices"": [1, 3, 4, 5, 6, 7, 8, 9, 1, 3, 4, 5, 6, 7, 8, 9], ""eps2"": 6, ""distance_median"": 0.27244048468095217}"
146,rflbat,rflbat_first_distance_filter,"[2, 71, 45, 59, 37, 89, 22, 74, 66, 88, 71, 45, 59, 37, 89, 22, 74, 66, 88]",[],"{""accepted_indices"": [0, 1, 2, 3, 4, 5, 6, 7, 8, 9, 1, 2, 3, 4, 5, 6, 7, 8, 9], ""eps1"": 10, ""distance_median"": 0.7497807475260045}"
146,rflbat,rflbat_cluster_filter,"[2, 71, 45, 59, 37, 89, 22, 74, 66, 88, 71, 45, 59, 37, 89, 22, 74, 66, 88]",[],"{""accepted_indices"": [0, 1, 2, 3, 4, 5, 6, 7, 8, 9, 1, 2, 3, 4, 5, 6, 7, 8, 9], ""num_clusters"": 1, ""cluster_scores"": [0.12884087411108805]}"
146,rflbat,rflbat_final_distance_filter,"[71, 45, 59, 37, 89, 22, 74, 66, 88]",[2],"{""accepted_indices"": [1, 2, 3, 4, 5, 6, 7, 8, 9, 1, 2, 3, 4, 5, 6, 7, 8, 9], ""eps2"": 6, ""distance_median"": 1.0749059672864838}"
147,rflbat,rflbat_first_distance_filter,"[1, 41, 25, 33, 74, 23, 67, 39, 26, 35, 41, 25, 33, 74, 23, 67, 39, 26, 35]",[],"{""accepted_indices"": [0, 1, 2, 3, 4, 5, 6, 7, 8, 9, 1, 2, 3, 4, 5, 6, 7, 8, 9], ""eps1"": 10, ""distance_median"": 1.0261538468617262}"
147,rflbat,rflbat_cluster_filter,"[1, 41, 25, 33, 74, 23, 67, 39, 26, 35, 41, 25, 33, 74, 23, 67, 39, 26, 35]",[],"{""accepted_indices"": [0, 1, 2, 3, 4, 5, 6, 7, 8, 9, 1, 2, 3, 4, 5, 6, 7, 8, 9], ""num_clusters"": 1, ""cluster_scores"": [0.11529036306843644]}"
147,rflbat,rflbat_final_distance_filter,"[41, 25, 33, 74, 23, 67, 39, 26, 35]",[1],"{""accepted_indices"": [1, 2, 3, 4, 5, 6, 7, 8, 9, 1, 2, 3, 4, 5, 6, 7, 8, 9], ""eps2"": 6, ""distance_median"": 1.4189475744397768}"
148,rflbat,rflbat_first_distance_filter,"[2, 27, 10, 81, 67, 16, 25, 5, 60, 49, 27, 10, 81, 67, 16, 25, 5, 60, 49]",[],"{""accepted_indices"": [0, 1, 2, 3, 4, 5, 6, 7, 8, 9, 1, 2, 3, 4, 5, 6, 7, 8, 9], ""eps1"": 10, ""distance_median"": 0.6287362171080284}"
148,rflbat,rflbat_cluster_filter,"[2, 27, 10, 81, 67, 16, 25, 5, 60, 49, 27, 10, 81, 67, 16, 25, 5, 60, 49]",[],"{""accepted_indices"": [0, 1, 2, 3, 4, 5, 6, 7, 8, 9, 1, 2, 3, 4, 5, 6, 7, 8, 9], ""num_clusters"": 1, ""cluster_scores"": [0.12073295115337081]}"
148,rflbat,rflbat_final_distance_filter,"[27, 10, 81, 67, 16, 25, 5, 60, 49]",[2],"{""accepted_indices"": [1, 2, 3, 4, 5, 6, 7, 8, 9, 1, 2, 3, 4, 5, 6, 7, 8, 9], ""eps2"": 6, ""distance_median"": 0.8137878301136691}"
149,rflbat,rflbat_first_distance_filter,"[0, 81, 67, 38, 54, 91, 26, 34, 41, 64, 81, 67, 38, 54, 91, 26, 34, 41, 64]",[],"{""accepted_indices"": [0, 1, 2, 3, 4, 5, 6, 7, 8, 9, 1, 2, 3, 4, 5, 6, 7, 8, 9], ""eps1"": 10, ""distance_median"": 0.7261947598557933}"
149,rflbat,rflbat_cluster_filter,"[0, 81, 67, 38, 54, 91, 26, 34, 41, 64, 81, 67, 38, 54, 91, 26, 34, 41, 64]",[],"{""accepted_indices"": [0, 1, 2, 3, 4, 5, 6, 7, 8, 9, 1, 2, 3, 4, 5, 6, 7, 8, 9], ""num_clusters"": 1, ""cluster_scores"": [0.11049000754317612]}"
149,rflbat,rflbat_final_distance_filter,"[81, 67, 38, 54, 91, 26, 34, 41, 64]",[0],"{""accepted_indices"": [1, 2, 3, 4, 5, 6, 7, 8, 9, 1, 2, 3, 4, 5, 6, 7, 8, 9], ""eps2"": 6, ""distance_median"": 1.033933639320776}"
150,rflbat,rflbat_first_distance_filter,"[1, 97, 60, 70, 9, 99, 16, 53, 73, 65, 97, 60, 70, 9, 99, 16, 53, 73, 65]",[],"{""accepted_indices"": [0, 1, 2, 3, 4, 5, 6, 7, 8, 9, 1, 2, 3, 4, 5, 6, 7, 8, 9], ""eps1"": 10, ""distance_median"": 0.9901978052403967}"
150,rflbat,rflbat_cluster_filter,"[1, 97, 60, 70, 9, 99, 16, 53, 73, 65, 97, 60, 70, 9, 99, 16, 53, 73, 65]",[],"{""accepted_indices"": [0, 1, 2, 3, 4, 5, 6, 7, 8, 9, 1, 2, 3, 4, 5, 6, 7, 8, 9], ""num_clusters"": 1, ""cluster_scores"": [0.11116960609545422]}"
150,rflbat,rflbat_final_distance_filter,"[97, 60, 70, 9, 99, 16, 53, 73, 65]",[1],"{""accepted_indices"": [1, 2, 3, 4, 5, 6, 7, 8, 9, 1, 2, 3, 4, 5, 6, 7, 8, 9], ""eps2"": 6, ""distance_median"": 1.2035042566216203}"
151,rflbat,rflbat_first_distance_filter,"[2, 91, 64, 62, 36, 65, 11, 54, 69, 89, 91, 64, 62, 36, 65, 11, 54, 69, 89]",[],"{""accepted_indices"": [0, 1, 2, 3, 4, 5, 6, 7, 8, 9, 1, 2, 3, 4, 5, 6, 7, 8, 9], ""eps1"": 10, ""distance_median"": 0.6889239595457632}"
151,rflbat,rflbat_cluster_filter,"[91, 64, 36, 65, 11, 54, 69, 89, 91, 64, 36, 65, 11, 54, 69, 89]","[2, 62]","{""accepted_indices"": [1, 2, 4, 5, 6, 7, 8, 9, 1, 2, 4, 5, 6, 7, 8, 9], ""num_clusters"": 3, ""cluster_scores"": [0.12043884522752596, 1, 1.000000000001946]}"
151,rflbat,rflbat_final_distance_filter,"[91, 64, 36, 65, 11, 54, 69, 89]","[2, 62]","{""accepted_indices"": [1, 2, 4, 5, 6, 7, 8, 9, 1, 2, 4, 5, 6, 7, 8, 9], ""eps2"": 6, ""distance_median"": 0.13671611209369527}"
152,rflbat,rflbat_first_distance_filter,"[4, 68, 2, 89, 79, 92, 25, 3, 18, 15, 68, 2, 89, 79, 92, 25, 3, 18, 15]",[],"{""accepted_indices"": [0, 1, 2, 3, 4, 5, 6, 7, 8, 9, 1, 2, 3, 4, 5, 6, 7, 8, 9], ""eps1"": 10, ""distance_median"": 1.026360511634104}"
152,rflbat,rflbat_cluster_filter,"[4, 68, 2, 89, 79, 92, 25, 3, 18, 15, 68, 2, 89, 79, 92, 25, 3, 18, 15]",[],"{""accepted_indices"": [0, 1, 2, 3, 4, 5, 6, 7, 8, 9, 1, 2, 3, 4, 5, 6, 7, 8, 9], ""num_clusters"": 1, ""cluster_scores"": [0.10403656200801807]}"
152,rflbat,rflbat_final_distance_filter,"[4, 68, 2, 89, 79, 92, 25, 3, 18, 15]",[],"{""accepted_indices"": [0, 1, 2, 3, 4, 5, 6, 7, 8, 9, 1, 2, 3, 4, 5, 6, 7, 8, 9], ""eps2"": 6, ""distance_median"": 1.564734502223757}"
153,rflbat,rflbat_first_distance_filter,"[4, 88, 22, 21, 5, 67, 57, 44, 35, 92, 88, 22, 21, 5, 67, 57, 44, 35, 92]",[],"{""accepted_indices"": [0, 1, 2, 3, 4, 5, 6, 7, 8, 9, 1, 2, 3, 4, 5, 6, 7, 8, 9], ""eps1"": 10, ""distance_median"": 0.7302977788181803}"
153,rflbat,rflbat_cluster_filter,"[4, 88, 22, 21, 5, 67, 57, 44, 35, 92, 88, 22, 21, 5, 67, 57, 44, 35, 92]",[],"{""accepted_indices"": [0, 1, 2, 3, 4, 5, 6, 7, 8, 9, 1, 2, 3, 4, 5, 6, 7, 8, 9], ""num_clusters"": 1, ""cluster_scores"": [0.11675498129769228]}"
153,rflbat,rflbat_final_distance_filter,"[88, 22, 21, 5, 67, 57, 44, 35, 92]",[4],"{""accepted_indices"": [1, 2, 3, 4, 5, 6, 7, 8, 9, 1, 2, 3, 4, 5, 6, 7, 8, 9], ""eps2"": 6, ""distance_median"": 1.0948037758071214}"
154,rflbat,rflbat_first_distance_filter,"[2, 55, 42, 60, 68, 58, 83, 33, 76, 25, 55, 42, 60, 68, 58, 83, 33, 76, 25]",[],"{""accepted_indices"": [0, 1, 2, 3, 4, 5, 6, 7, 8, 9, 1, 2, 3, 4, 5, 6, 7, 8, 9], ""eps1"": 10, ""distance_median"": 0.7370239965638627}"
154,rflbat,rflbat_cluster_filter,"[2, 55, 42, 60, 68, 58, 83, 33, 76, 25, 55, 42, 60, 68, 58, 83, 33, 76, 25]",[],"{""accepted_indices"": [0, 1, 2, 3, 4, 5, 6, 7, 8, 9, 1, 2, 3, 4, 5, 6, 7, 8, 9], ""num_clusters"": 1, ""cluster_scores"": [0.11160042364908539]}"
154,rflbat,rflbat_final_distance_filter,"[55, 42, 60, 68, 58, 83, 33, 76, 25]",[2],"{""accepted_indices"": [1, 2, 3, 4, 5, 6, 7, 8, 9, 1, 2, 3, 4, 5, 6, 7, 8, 9], ""eps2"": 6, ""distance_median"": 1.0644267846166187}"
155,rflbat,rflbat_first_distance_filter,"[4, 54, 86, 85, 2, 14, 3, 46, 18, 98, 54, 86, 85, 2, 14, 3, 46, 18, 98]",[],"{""accepted_indices"": [0, 1, 2, 3, 4, 5, 6, 7, 8, 9, 1, 2, 3, 4, 5, 6, 7, 8, 9], ""eps1"": 10, ""distance_median"": 0.9255780943270286}"
155,rflbat,rflbat_cluster_filter,"[4, 54, 86, 85, 2, 14, 3, 46, 18, 98, 54, 86, 85, 2, 14, 3, 46, 18, 98]",[],"{""accepted_indices"": [0, 1, 2, 3, 4, 5, 6, 7, 8, 9, 1, 2, 3, 4, 5, 6, 7, 8, 9], ""num_clusters"": 1, ""cluster_scores"": [0.1072922155765278]}"
155,rflbat,rflbat_final_distance_filter,"[4, 54, 86, 85, 2, 14, 3, 46, 18, 98]",[],"{""accepted_indices"": [0, 1, 2, 3, 4, 5, 6, 7, 8, 9, 1, 2, 3, 4, 5, 6, 7, 8, 9], ""eps2"": 6, ""distance_median"": 1.4414119157313359}"
156,rflbat,rflbat_first_distance_filter,"[3, 87, 81, 4, 90, 26, 13, 55, 85, 99, 87, 81, 4, 90, 26, 13, 55, 85, 99]",[],"{""accepted_indices"": [0, 1, 2, 3, 4, 5, 6, 7, 8, 9, 1, 2, 3, 4, 5, 6, 7, 8, 9], ""eps1"": 10, ""distance_median"": 0.659146948618679}"
156,rflbat,rflbat_cluster_filter,"[3, 87, 81, 4, 90, 26, 13, 55, 85, 99, 87, 81, 4, 90, 26, 13, 55, 85, 99]",[],"{""accepted_indices"": [0, 1, 2, 3, 4, 5, 6, 7, 8, 9, 1, 2, 3, 4, 5, 6, 7, 8, 9], ""num_clusters"": 1, ""cluster_scores"": [0.11071676255116512]}"
156,rflbat,rflbat_final_distance_filter,"[3, 87, 81, 4, 90, 26, 13, 55, 85, 99]",[],"{""accepted_indices"": [0, 1, 2, 3, 4, 5, 6, 7, 8, 9, 1, 2, 3, 4, 5, 6, 7, 8, 9], ""eps2"": 6, ""distance_median"": 1.2730246727451922}"
157,rflbat,rflbat_first_distance_filter,"[1, 50, 90, 67, 36, 77, 57, 30, 85, 63, 50, 90, 67, 36, 77, 57, 30, 85, 63]",[],"{""accepted_indices"": [0, 1, 2, 3, 4, 5, 6, 7, 8, 9, 1, 2, 3, 4, 5, 6, 7, 8, 9], ""eps1"": 10, ""distance_median"": 0.9485909988665073}"
157,rflbat,rflbat_cluster_filter,"[67, 57, 30, 67, 57, 30]","[1, 50, 90, 36, 77, 85, 63]","{""accepted_indices"": [3, 6, 7, 3, 6, 7], ""num_clusters"": 6, ""cluster_scores"": [0.34499519628618414, 1, 1.000000000001106, 1.0000000000014484, 0.35932042381103146, 1.00000000000192]}"
157,rflbat,rflbat_final_distance_filter,"[67, 57, 30]","[1, 50, 90, 36, 77, 85, 63]","{""accepted_indices"": [3, 6, 7, 3, 6, 7], ""eps2"": 6, ""distance_median"": 0.010879613482043986}"
158,rflbat,rflbat_first_distance_filter,"[0, 22, 65, 16, 29, 52, 80, 27, 58, 28, 22, 65, 16, 29, 52, 80, 27, 58, 28]",[],"{""accepted_indices"": [0, 1, 2, 3, 4, 5, 6, 7, 8, 9, 1, 2, 3, 4, 5, 6, 7, 8, 9], ""eps1"": 10, ""distance_median"": 0.6753158816116408}"
158,rflbat,rflbat_cluster_filter,"[0, 22, 65, 16, 29, 52, 80, 27, 58, 28, 22, 65, 16, 29, 52, 80, 27, 58, 28]",[],"{""accepted_indices"": [0, 1, 2, 3, 4, 5, 6, 7, 8, 9, 1, 2, 3, 4, 5, 6, 7, 8, 9], ""num_clusters"": 1, ""cluster_scores"": [0.1265869162146956]}"
158,rflbat,rflbat_final_distance_filter,"[22, 65, 16, 29, 52, 80, 27, 58, 28]",[0],"{""accepted_indices"": [1, 2, 3, 4, 5, 6, 7, 8, 9, 1, 2, 3, 4, 5, 6, 7, 8, 9], ""eps2"": 6, ""distance_median"": 0.9165992390227868}"
159,rflbat,rflbat_first_distance_filter,"[3, 85, 43, 24, 86, 77, 76, 37, 10, 73, 85, 43, 24, 86, 77, 76, 37, 10, 73]",[],"{""accepted_indices"": [0, 1, 2, 3, 4, 5, 6, 7, 8, 9, 1, 2, 3, 4, 5, 6, 7, 8, 9], ""eps1"": 10, ""distance_median"": 0.47600488845595185}"
159,rflbat,rflbat_cluster_filter,"[3, 85, 43, 24, 86, 77, 76, 37, 10, 73, 85, 43, 24, 86, 77, 76, 37, 10, 73]",[],"{""accepted_indices"": [0, 1, 2, 3, 4, 5, 6, 7, 8, 9, 1, 2, 3, 4, 5, 6, 7, 8, 9], ""num_clusters"": 1, ""cluster_scores"": [0.11898158675074715]}"
159,rflbat,rflbat_final_distance_filter,"[3, 85, 43, 24, 86, 77, 76, 37, 10, 73]",[],"{""accepted_indices"": [0, 1, 2, 3, 4, 5, 6, 7, 8, 9, 1, 2, 3, 4, 5, 6, 7, 8, 9], ""eps2"": 6, ""distance_median"": 0.7867184183269693}"
160,rflbat,rflbat_first_distance_filter,"[2, 34, 60, 95, 90, 9, 64, 61, 35, 32, 34, 60, 95, 90, 9, 64, 61, 35, 32]",[],"{""accepted_indices"": [0, 1, 2, 3, 4, 5, 6, 7, 8, 9, 1, 2, 3, 4, 5, 6, 7, 8, 9], ""eps1"": 10, ""distance_median"": 0.665219714245062}"
160,rflbat,rflbat_cluster_filter,"[2, 34, 60, 95, 90, 9, 64, 61, 35, 32, 34, 60, 95, 90, 9, 64, 61, 35, 32]",[],"{""accepted_indices"": [0, 1, 2, 3, 4, 5, 6, 7, 8, 9, 1, 2, 3, 4, 5, 6, 7, 8, 9], ""num_clusters"": 1, ""cluster_scores"": [0.11257876428980632]}"
160,rflbat,rflbat_final_distance_filter,"[34, 60, 95, 90, 9, 64, 61, 35, 32]",[2],"{""accepted_indices"": [1, 2, 3, 4, 5, 6, 7, 8, 9, 1, 2, 3, 4, 5, 6, 7, 8, 9], ""eps2"": 6, ""distance_median"": 0.9155779006205609}"
161,rflbat,rflbat_first_distance_filter,"[0, 54, 30, 86, 84, 59, 89, 10, 6, 35, 54, 30, 86, 84, 59, 89, 10, 6, 35]",[],"{""accepted_indices"": [0, 1, 2, 3, 4, 5, 6, 7, 8, 9, 1, 2, 3, 4, 5, 6, 7, 8, 9], ""eps1"": 10, ""distance_median"": 0.7423733790773266}"
161,rflbat,rflbat_cluster_filter,"[54, 30, 86, 84, 59, 89, 10, 6, 54, 30, 86, 84, 59, 89, 10, 6]","[0, 35]","{""accepted_indices"": [1, 2, 3, 4, 5, 6, 7, 8, 1, 2, 3, 4, 5, 6, 7, 8], ""num_clusters"": 3, ""cluster_scores"": [0.11988597921601873, 1, 1.000000000001436]}"
161,rflbat,rflbat_final_distance_filter,"[54, 30, 86, 84, 59, 89, 10, 6]","[0, 35]","{""accepted_indices"": [1, 2, 3, 4, 5, 6, 7, 8, 1, 2, 3, 4, 5, 6, 7, 8], ""eps2"": 6, ""distance_median"": 0.07912698110742936}"
162,rflbat,rflbat_first_distance_filter,"[3, 83, 41, 29, 78, 18, 34, 42, 22, 20, 83, 41, 29, 78, 18, 34, 42, 22, 20]",[],"{""accepted_indices"": [0, 1, 2, 3, 4, 5, 6, 7, 8, 9, 1, 2, 3, 4, 5, 6, 7, 8, 9], ""eps1"": 10, ""distance_median"": 0.3893312841191147}"
162,rflbat,rflbat_cluster_filter,"[3, 83, 41, 29, 78, 18, 34, 42, 22, 20, 83, 41, 29, 78, 18, 34, 42, 22, 20]",[],"{""accepted_indices"": [0, 1, 2, 3, 4, 5, 6, 7, 8, 9, 1, 2, 3, 4, 5, 6, 7, 8, 9], ""num_clusters"": 1, ""cluster_scores"": [0.11633859655411831]}"
162,rflbat,rflbat_final_distance_filter,"[3, 83, 41, 29, 78, 18, 34, 42, 22, 20]",[],"{""accepted_indices"": [0, 1, 2, 3, 4, 5, 6, 7, 8, 9, 1, 2, 3, 4, 5, 6, 7, 8, 9], ""eps2"": 6, ""distance_median"": 0.5847947045662796}"
163,rflbat,rflbat_first_distance_filter,"[1, 97, 53, 49, 10, 45, 25, 7, 87, 19, 97, 53, 49, 10, 45, 25, 7, 87, 19]",[],"{""accepted_indices"": [0, 1, 2, 3, 4, 5, 6, 7, 8, 9, 1, 2, 3, 4, 5, 6, 7, 8, 9], ""eps1"": 10, ""distance_median"": 0.992719623189019}"
163,rflbat,rflbat_cluster_filter,"[1, 97, 53, 49, 10, 45, 25, 7, 87, 19, 97, 53, 49, 10, 45, 25, 7, 87, 19]",[],"{""accepted_indices"": [0, 1, 2, 3, 4, 5, 6, 7, 8, 9, 1, 2, 3, 4, 5, 6, 7, 8, 9], ""num_clusters"": 1, ""cluster_scores"": [0.11745696632022785]}"
163,rflbat,rflbat_final_distance_filter,"[97, 53, 49, 10, 45, 25, 7, 87, 19]",[1],"{""accepted_indices"": [1, 2, 3, 4, 5, 6, 7, 8, 9, 1, 2, 3, 4, 5, 6, 7, 8, 9], ""eps2"": 6, ""distance_median"": 1.1982165958118984}"
164,rflbat,rflbat_first_distance_filter,"[0, 50, 98, 73, 6, 67, 38, 46, 35, 95, 50, 98, 73, 6, 67, 38, 46, 35, 95]",[],"{""accepted_indices"": [0, 1, 2, 3, 4, 5, 6, 7, 8, 9, 1, 2, 3, 4, 5, 6, 7, 8, 9], ""eps1"": 10, ""distance_median"": 0.6720898013532713}"
164,rflbat,rflbat_cluster_filter,"[0, 50, 98, 73, 6, 67, 38, 46, 35, 95, 50, 98, 73, 6, 67, 38, 46, 35, 95]",[],"{""accepted_indices"": [0, 1, 2, 3, 4, 5, 6, 7, 8, 9, 1, 2, 3, 4, 5, 6, 7, 8, 9], ""num_clusters"": 1, ""cluster_scores"": [0.10228221215597463]}"
164,rflbat,rflbat_final_distance_filter,"[50, 98, 73, 6, 67, 38, 46, 35, 95]",[0],"{""accepted_indices"": [1, 2, 3, 4, 5, 6, 7, 8, 9, 1, 2, 3, 4, 5, 6, 7, 8, 9], ""eps2"": 6, ""distance_median"": 0.927027235339779}"
165,rflbat,rflbat_first_distance_filter,"[1, 85, 48, 19, 38, 80, 73, 33, 74, 71, 85, 48, 19, 38, 80, 73, 33, 74, 71]",[],"{""accepted_indices"": [0, 1, 2, 3, 4, 5, 6, 7, 8, 9, 1, 2, 3, 4, 5, 6, 7, 8, 9], ""eps1"": 10, ""distance_median"": 1.1286663322623807}"
165,rflbat,rflbat_cluster_filter,"[85, 48, 19, 38, 80, 73, 33, 74, 85, 48, 19, 38, 80, 73, 33, 74]","[1, 71]","{""accepted_indices"": [1, 2, 3, 4, 5, 6, 7, 8, 1, 2, 3, 4, 5, 6, 7, 8], ""num_clusters"": 3, ""cluster_scores"": [1.0000000000014733, 1, 0.12887049526767141]}"
165,rflbat,rflbat_final_distance_filter,"[85, 48, 19, 38, 80, 73, 33, 74]","[1, 71]","{""accepted_indices"": [1, 2, 3, 4, 5, 6, 7, 8, 1, 2, 3, 4, 5, 6, 7, 8], ""eps2"": 6, ""distance_median"": 0.3327103185212831}"
166,rflbat,rflbat_first_distance_filter,"[3, 23, 43, 30, 42, 87, 32, 81, 72, 55, 23, 43, 30, 42, 87, 32, 81, 72, 55]",[],"{""accepted_indices"": [0, 1, 2, 3, 4, 5, 6, 7, 8, 9, 1, 2, 3, 4, 5, 6, 7, 8, 9], ""eps1"": 10, ""distance_median"": 0.3879645539431018}"
166,rflbat,rflbat_cluster_filter,"[3, 23, 43, 30, 42, 87, 32, 81, 72, 55, 23, 43, 30, 42, 87, 32, 81, 72, 55]",[],"{""accepted_indices"": [0, 1, 2, 3, 4, 5, 6, 7, 8, 9, 1, 2, 3, 4, 5, 6, 7, 8, 9], ""num_clusters"": 1, ""cluster_scores"": [0.12462689445485116]}"
166,rflbat,rflbat_final_distance_filter,"[3, 23, 43, 30, 42, 87, 32, 81, 72, 55]",[],"{""accepted_indices"": [0, 1, 2, 3, 4, 5, 6, 7, 8, 9, 1, 2, 3, 4, 5, 6, 7, 8, 9], ""eps2"": 6, ""distance_median"": 0.5912799089816119}"
167,rflbat,rflbat_first_distance_filter,"[1, 37, 23, 41, 53, 83, 89, 70, 76, 74, 37, 23, 41, 53, 83, 89, 70, 76, 74]",[],"{""accepted_indices"": [0, 1, 2, 3, 4, 5, 6, 7, 8, 9, 1, 2, 3, 4, 5, 6, 7, 8, 9], ""eps1"": 10, ""distance_median"": 0.8629860224128598}"
167,rflbat,rflbat_cluster_filter,"[1, 37, 23, 41, 53, 83, 89, 70, 76, 74, 37, 23, 41, 53, 83, 89, 70, 76, 74]",[],"{""accepted_indices"": [0, 1, 2, 3, 4, 5, 6, 7, 8, 9, 1, 2, 3, 4, 5, 6, 7, 8, 9], ""num_clusters"": 1, ""cluster_scores"": [0.11258754503753113]}"
167,rflbat,rflbat_final_distance_filter,"[37, 23, 41, 53, 83, 89, 70, 76, 74]",[1],"{""accepted_indices"": [1, 2, 3, 4, 5, 6, 7, 8, 9, 1, 2, 3, 4, 5, 6, 7, 8, 9], ""eps2"": 6, ""distance_median"": 1.0725267678910064}"
168,rflbat,rflbat_first_distance_filter,"[0, 31, 34, 19, 70, 17, 42, 45, 85, 99, 31, 34, 19, 70, 17, 42, 45, 85, 99]",[],"{""accepted_indices"": [0, 1, 2, 3, 4, 5, 6, 7, 8, 9, 1, 2, 3, 4, 5, 6, 7, 8, 9], ""eps1"": 10, ""distance_median"": 0.6236152089728462}"
168,rflbat,rflbat_cluster_filter,"[0, 31, 34, 19, 70, 17, 42, 45, 85, 99, 31, 34, 19, 70, 17, 42, 45, 85, 99]",[],"{""accepted_indices"": [0, 1, 2, 3, 4, 5, 6, 7, 8, 9, 1, 2, 3, 4, 5, 6, 7, 8, 9], ""num_clusters"": 1, ""cluster_scores"": [0.10838239081651556]}"
168,rflbat,rflbat_final_distance_filter,"[31, 34, 19, 70, 17, 42, 45, 85, 99]",[0],"{""accepted_indices"": [1, 2, 3, 4, 5, 6, 7, 8, 9, 1, 2, 3, 4, 5, 6, 7, 8, 9], ""eps2"": 6, ""distance_median"": 0.8360451190057556}"
169,rflbat,rflbat_first_distance_filter,"[0, 38, 23, 29, 95, 24, 46, 26, 59, 76, 38, 23, 29, 95, 24, 46, 26, 59, 76]",[],"{""accepted_indices"": [0, 1, 2, 3, 4, 5, 6, 7, 8, 9, 1, 2, 3, 4, 5, 6, 7, 8, 9], ""eps1"": 10, ""distance_median"": 0.8465177301668678}"
169,rflbat,rflbat_cluster_filter,"[38, 95, 46, 59, 38, 95, 46, 59]","[0, 23, 29, 24, 26, 76]","{""accepted_indices"": [1, 4, 6, 8, 1, 4, 6, 8], ""num_clusters"": 4, ""cluster_scores"": [0.28234925914395514, 1.0000000000019371, 1, 0.25026987391487415]}"
169,rflbat,rflbat_final_distance_filter,"[38, 95, 46, 59]","[0, 23, 29, 24, 26, 76]","{""accepted_indices"": [1, 4, 6, 8, 1, 4, 6, 8], ""eps2"": 6, ""distance_median"": 0.013542872651862494}"
170,rflbat,rflbat_first_distance_filter,"[3, 94, 7, 90, 18, 4, 36, 95, 61, 86, 94, 7, 90, 18, 4, 36, 95, 61, 86]",[],"{""accepted_indices"": [0, 1, 2, 3, 4, 5, 6, 7, 8, 9, 1, 2, 3, 4, 5, 6, 7, 8, 9], ""eps1"": 10, ""distance_median"": 0.5749433233324521}"
170,rflbat,rflbat_cluster_filter,"[3, 94, 7, 90, 18, 4, 36, 95, 61, 86, 94, 7, 90, 18, 4, 36, 95, 61, 86]",[],"{""accepted_indices"": [0, 1, 2, 3, 4, 5, 6, 7, 8, 9, 1, 2, 3, 4, 5, 6, 7, 8, 9], ""num_clusters"": 1, ""cluster_scores"": [0.10560591683514985]}"
170,rflbat,rflbat_final_distance_filter,"[3, 94, 7, 90, 18, 36, 95, 61, 86]",[4],"{""accepted_indices"": [0, 1, 2, 3, 4, 6, 7, 8, 9, 1, 2, 3, 4, 6, 7, 8, 9], ""eps2"": 6, ""distance_median"": 0.9745918445515809}"
171,rflbat,rflbat_first_distance_filter,"[4, 23, 65, 77, 68, 49, 8, 57, 73, 38, 23, 65, 77, 68, 49, 8, 57, 73, 38]",[],"{""accepted_indices"": [0, 1, 2, 3, 4, 5, 6, 7, 8, 9, 1, 2, 3, 4, 5, 6, 7, 8, 9], ""eps1"": 10, ""distance_median"": 0.7519352764283966}"
171,rflbat,rflbat_cluster_filter,"[23, 65, 77, 49, 8, 57, 73, 38, 23, 65, 77, 49, 8, 57, 73, 38]","[4, 68]","{""accepted_indices"": [1, 2, 3, 5, 6, 7, 8, 9, 1, 2, 3, 5, 6, 7, 8, 9], ""num_clusters"": 3, ""cluster_scores"": [0.12869469449217208, 1, 1.0000000000018934]}"
171,rflbat,rflbat_final_distance_filter,"[23, 65, 77, 49, 8, 57, 73, 38]","[4, 68]","{""accepted_indices"": [1, 2, 3, 5, 6, 7, 8, 9, 1, 2, 3, 5, 6, 7, 8, 9], ""eps2"": 6, ""distance_median"": 0.07350613560405701}"
172,rflbat,rflbat_first_distance_filter,"[0, 72, 91, 17, 68, 15, 27, 79, 54, 98, 72, 91, 17, 68, 15, 27, 79, 54, 98]",[],"{""accepted_indices"": [0, 1, 2, 3, 4, 5, 6, 7, 8, 9, 1, 2, 3, 4, 5, 6, 7, 8, 9], ""eps1"": 10, ""distance_median"": 0.6777855714132152}"
172,rflbat,rflbat_cluster_filter,"[0, 72, 91, 17, 68, 15, 27, 79, 54, 98, 72, 91, 17, 68, 15, 27, 79, 54, 98]",[],"{""accepted_indices"": [0, 1, 2, 3, 4, 5, 6, 7, 8, 9, 1, 2, 3, 4, 5, 6, 7, 8, 9], ""num_clusters"": 1, ""cluster_scores"": [0.11350868042572862]}"
172,rflbat,rflbat_final_distance_filter,"[72, 91, 17, 68, 15, 27, 79, 54, 98]",[0],"{""accepted_indices"": [1, 2, 3, 4, 5, 6, 7, 8, 9, 1, 2, 3, 4, 5, 6, 7, 8, 9], ""eps2"": 6, ""distance_median"": 0.917255194352832}"
173,rflbat,rflbat_first_distance_filter,"[2, 90, 79, 48, 43, 13, 12, 93, 8, 66, 90, 79, 48, 43, 13, 12, 93, 8, 66]",[],"{""accepted_indices"": [0, 1, 2, 3, 4, 5, 6, 7, 8, 9, 1, 2, 3, 4, 5, 6, 7, 8, 9], ""eps1"": 10, ""distance_median"": 0.7518219027228563}"
173,rflbat,rflbat_cluster_filter,"[2, 90, 79, 48, 43, 13, 12, 93, 8, 66, 90, 79, 48, 43, 13, 12, 93, 8, 66]",[],"{""accepted_indices"": [0, 1, 2, 3, 4, 5, 6, 7, 8, 9, 1, 2, 3, 4, 5, 6, 7, 8, 9], ""num_clusters"": 1, ""cluster_scores"": [0.10959128446412651]}"
173,rflbat,rflbat_final_distance_filter,"[90, 79, 48, 43, 13, 12, 93, 8, 66]",[2],"{""accepted_indices"": [1, 2, 3, 4, 5, 6, 7, 8, 9, 1, 2, 3, 4, 5, 6, 7, 8, 9], ""eps2"": 6, ""distance_median"": 1.0359192864514484}"
174,rflbat,rflbat_first_distance_filter,"[1, 42, 76, 13, 72, 93, 99, 57, 59, 24, 42, 76, 13, 72, 93, 99, 57, 59, 24]",[],"{""accepted_indices"": [0, 1, 2, 3, 4, 5, 6, 7, 8, 9, 1, 2, 3, 4, 5, 6, 7, 8, 9], ""eps1"": 10, ""distance_median"": 0.8627055650425761}"
174,rflbat,rflbat_cluster_filter,"[42, 13, 72, 93, 99, 57, 59, 24, 42, 13, 72, 93, 99, 57, 59, 24]","[1, 76]","{""accepted_indices"": [1, 3, 4, 5, 6, 7, 8, 9, 1, 3, 4, 5, 6, 7, 8, 9], ""num_clusters"": 3, ""cluster_scores"": [0.12547740042525862, 1, 1.000000000001359]}"
174,rflbat,rflbat_final_distance_filter,"[42, 13, 72, 93, 99, 57, 59, 24]","[1, 76]","{""accepted_indices"": [1, 3, 4, 5, 6, 7, 8, 9, 1, 3, 4, 5, 6, 7, 8, 9], ""eps2"": 6, ""distance_median"": 0.22693579487352794}"
175,rflbat,rflbat_first_distance_filter,"[1, 17, 14, 68, 50, 39, 79, 88, 93, 40, 17, 14, 68, 50, 39, 79, 88, 93, 40]",[],"{""accepted_indices"": [0, 1, 2, 3, 4, 5, 6, 7, 8, 9, 1, 2, 3, 4, 5, 6, 7, 8, 9], ""eps1"": 10, ""distance_median"": 1.0778579505506547}"
175,rflbat,rflbat_cluster_filter,"[1, 17, 14, 68, 50, 39, 79, 88, 93, 40, 17, 14, 68, 50, 39, 79, 88, 93, 40]",[],"{""accepted_indices"": [0, 1, 2, 3, 4, 5, 6, 7, 8, 9, 1, 2, 3, 4, 5, 6, 7, 8, 9], ""num_clusters"": 1, ""cluster_scores"": [0.10182841215284319]}"
175,rflbat,rflbat_final_distance_filter,"[17, 14, 68, 50, 39, 79, 88, 93, 40]",[1],"{""accepted_indices"": [1, 2, 3, 4, 5, 6, 7, 8, 9, 1, 2, 3, 4, 5, 6, 7, 8, 9], ""eps2"": 6, ""distance_median"": 1.3847450300022017}"
176,rflbat,rflbat_first_distance_filter,"[4, 69, 18, 94, 26, 19, 2, 9, 83, 52, 69, 18, 94, 26, 19, 2, 9, 83, 52]",[],"{""accepted_indices"": [0, 1, 2, 3, 4, 5, 6, 7, 8, 9, 1, 2, 3, 4, 5, 6, 7, 8, 9], ""eps1"": 10, ""distance_median"": 0.8936349796299832}"
176,rflbat,rflbat_cluster_filter,"[4, 69, 18, 94, 26, 19, 2, 9, 83, 52, 69, 18, 94, 26, 19, 2, 9, 83, 52]",[],"{""accepted_indices"": [0, 1, 2, 3, 4, 5, 6, 7, 8, 9, 1, 2, 3, 4, 5, 6, 7, 8, 9], ""num_clusters"": 1, ""cluster_scores"": [0.11575396537554176]}"
176,rflbat,rflbat_final_distance_filter,"[4, 69, 18, 94, 26, 19, 2, 9, 83, 52]",[],"{""accepted_indices"": [0, 1, 2, 3, 4, 5, 6, 7, 8, 9, 1, 2, 3, 4, 5, 6, 7, 8, 9], ""eps2"": 6, ""distance_median"": 1.4487979902022967}"
177,rflbat,rflbat_first_distance_filter,"[1, 3, 78, 62, 10, 54, 41, 84, 81, 4, 3, 78, 62, 10, 54, 41, 84, 81, 4]",[],"{""accepted_indices"": [0, 1, 2, 3, 4, 5, 6, 7, 8, 9, 1, 2, 3, 4, 5, 6, 7, 8, 9], ""eps1"": 10, ""distance_median"": 1.1573296269865008}"
177,rflbat,rflbat_cluster_filter,"[1, 3, 78, 62, 10, 54, 41, 84, 81, 4, 3, 78, 62, 10, 54, 41, 84, 81, 4]",[],"{""accepted_indices"": [0, 1, 2, 3, 4, 5, 6, 7, 8, 9, 1, 2, 3, 4, 5, 6, 7, 8, 9], ""num_clusters"": 1, ""cluster_scores"": [0.11878768762268313]}"
177,rflbat,rflbat_final_distance_filter,"[3, 78, 62, 10, 54, 41, 84, 81, 4]",[1],"{""accepted_indices"": [1, 2, 3, 4, 5, 6, 7, 8, 9, 1, 2, 3, 4, 5, 6, 7, 8, 9], ""eps2"": 6, ""distance_median"": 1.5578339590359995}"
178,rflbat,rflbat_first_distance_filter,"[4, 60, 20, 77, 81, 91, 45, 13, 64, 76, 60, 20, 77, 81, 91, 45, 13, 64, 76]",[],"{""accepted_indices"": [0, 1, 2, 3, 4, 5, 6, 7, 8, 9, 1, 2, 3, 4, 5, 6, 7, 8, 9], ""eps1"": 10, ""distance_median"": 0.5684824477259713}"
178,rflbat,rflbat_cluster_filter,"[4, 60, 20, 77, 81, 91, 45, 13, 64, 76, 60, 20, 77, 81, 91, 45, 13, 64, 76]",[],"{""accepted_indices"": [0, 1, 2, 3, 4, 5, 6, 7, 8, 9, 1, 2, 3, 4, 5, 6, 7, 8, 9], ""num_clusters"": 1, ""cluster_scores"": [0.11926349033432959]}"
178,rflbat,rflbat_final_distance_filter,"[60, 20, 77, 81, 91, 45, 13, 64, 76]",[4],"{""accepted_indices"": [1, 2, 3, 4, 5, 6, 7, 8, 9, 1, 2, 3, 4, 5, 6, 7, 8, 9], ""eps2"": 6, ""distance_median"": 0.8046328420772102}"
179,rflbat,rflbat_first_distance_filter,"[3, 15, 42, 63, 88, 91, 62, 1, 38, 57, 15, 42, 63, 88, 91, 62, 1, 38, 57]",[],"{""accepted_indices"": [0, 1, 2, 3, 4, 5, 6, 7, 8, 9, 1, 2, 3, 4, 5, 6, 7, 8, 9], ""eps1"": 10, ""distance_median"": 0.8208684800089361}"
179,rflbat,rflbat_cluster_filter,"[3, 15, 42, 63, 88, 91, 62, 1, 38, 57, 15, 42, 63, 88, 91, 62, 1, 38, 57]",[],"{""accepted_indices"": [0, 1, 2, 3, 4, 5, 6, 7, 8, 9, 1, 2, 3, 4, 5, 6, 7, 8, 9], ""num_clusters"": 1, ""cluster_scores"": [0.10990194420135516]}"
179,rflbat,rflbat_final_distance_filter,"[3, 15, 42, 63, 88, 91, 62, 38, 57]",[1],"{""accepted_indices"": [0, 1, 2, 3, 4, 5, 6, 8, 9, 1, 2, 3, 4, 5, 6, 8, 9], ""eps2"": 6, ""distance_median"": 1.4841763455330832}"
180,rflbat,rflbat_first_distance_filter,"[2, 64, 83, 15, 32, 86, 71, 41, 21, 90, 64, 83, 15, 32, 86, 71, 41, 21, 90]",[],"{""accepted_indices"": [0, 1, 2, 3, 4, 5, 6, 7, 8, 9, 1, 2, 3, 4, 5, 6, 7, 8, 9], ""eps1"": 10, ""distance_median"": 0.7160577929704662}"
180,rflbat,rflbat_cluster_filter,"[83, 15, 32, 21, 83, 15, 32, 21]","[2, 64, 86, 71, 41, 90]","{""accepted_indices"": [2, 3, 4, 8, 2, 3, 4, 8], ""num_clusters"": 5, ""cluster_scores"": [1, 0.3440030933377292, 1.0000000000015292, 1.0000000000013223, 0.25791387446300224]}"
180,rflbat,rflbat_final_distance_filter,"[83, 15, 32, 21]","[2, 64, 86, 71, 41, 90]","{""accepted_indices"": [2, 3, 4, 8, 2, 3, 4, 8], ""eps2"": 6, ""distance_median"": 0.020931238594363688}"
181,rflbat,rflbat_first_distance_filter,"[0, 58, 60, 57, 64, 22, 9, 82, 77, 73, 58, 60, 57, 64, 22, 9, 82, 77, 73]",[],"{""accepted_indices"": [0, 1, 2, 3, 4, 5, 6, 7, 8, 9, 1, 2, 3, 4, 5, 6, 7, 8, 9], ""eps1"": 10, ""distance_median"": 0.6791649232116566}"
181,rflbat,rflbat_cluster_filter,"[0, 58, 60, 57, 64, 22, 9, 82, 77, 73, 58, 60, 57, 64, 22, 9, 82, 77, 73]",[],"{""accepted_indices"": [0, 1, 2, 3, 4, 5, 6, 7, 8, 9, 1, 2, 3, 4, 5, 6, 7, 8, 9], ""num_clusters"": 1, ""cluster_scores"": [0.1121379530016673]}"
181,rflbat,rflbat_final_distance_filter,"[58, 60, 57, 64, 22, 9, 82, 77, 73]",[0],"{""accepted_indices"": [1, 2, 3, 4, 5, 6, 7, 8, 9, 1, 2, 3, 4, 5, 6, 7, 8, 9], ""eps2"": 6, ""distance_median"": 0.9307316938601016}"
182,rflbat,rflbat_first_distance_filter,"[1, 61, 33, 16, 98, 38, 10, 76, 89, 91, 61, 33, 16, 98, 38, 10, 76, 89, 91]",[],"{""accepted_indices"": [0, 1, 2, 3, 4, 5, 6, 7, 8, 9, 1, 2, 3, 4, 5, 6, 7, 8, 9], ""eps1"": 10, ""distance_median"": 0.9031437739237433}"
182,rflbat,rflbat_cluster_filter,"[1, 61, 33, 16, 98, 38, 10, 76, 89, 91, 61, 33, 16, 98, 38, 10, 76, 89, 91]",[],"{""accepted_indices"": [0, 1, 2, 3, 4, 5, 6, 7, 8, 9, 1, 2, 3, 4, 5, 6, 7, 8, 9], ""num_clusters"": 1, ""cluster_scores"": [0.11405138844058682]}"
182,rflbat,rflbat_final_distance_filter,"[61, 33, 16, 98, 38, 10, 76, 89, 91]",[1],"{""accepted_indices"": [1, 2, 3, 4, 5, 6, 7, 8, 9, 1, 2, 3, 4, 5, 6, 7, 8, 9], ""eps2"": 6, ""distance_median"": 1.1901722196413151}"
183,rflbat,rflbat_first_distance_filter,"[1, 24, 84, 94, 69, 91, 55, 92, 80, 68, 24, 84, 94, 69, 91, 55, 92, 80, 68]",[],"{""accepted_indices"": [0, 1, 2, 3, 4, 5, 6, 7, 8, 9, 1, 2, 3, 4, 5, 6, 7, 8, 9], ""eps1"": 10, ""distance_median"": 0.9515710405810363}"
183,rflbat,rflbat_cluster_filter,"[1, 24, 84, 94, 69, 91, 55, 92, 80, 68, 24, 84, 94, 69, 91, 55, 92, 80, 68]",[],"{""accepted_indices"": [0, 1, 2, 3, 4, 5, 6, 7, 8, 9, 1, 2, 3, 4, 5, 6, 7, 8, 9], ""num_clusters"": 1, ""cluster_scores"": [0.11701774031424049]}"
183,rflbat,rflbat_final_distance_filter,"[24, 84, 94, 69, 91, 55, 92, 80, 68]",[1],"{""accepted_indices"": [1, 2, 3, 4, 5, 6, 7, 8, 9, 1, 2, 3, 4, 5, 6, 7, 8, 9], ""eps2"": 6, ""distance_median"": 1.1786744503311701}"
184,rflbat,rflbat_first_distance_filter,"[0, 8, 83, 98, 59, 95, 69, 35, 38, 82, 8, 83, 98, 59, 95, 69, 35, 38, 82]",[],"{""accepted_indices"": [0, 1, 2, 3, 4, 5, 6, 7, 8, 9, 1, 2, 3, 4, 5, 6, 7, 8, 9], ""eps1"": 10, ""distance_median"": 0.7572666264769585}"
184,rflbat,rflbat_cluster_filter,"[0, 8, 83, 98, 59, 95, 69, 35, 38, 82, 8, 83, 98, 59, 95, 69, 35, 38, 82]",[],"{""accepted_indices"": [0, 1, 2, 3, 4, 5, 6, 7, 8, 9, 1, 2, 3, 4, 5, 6, 7, 8, 9], ""num_clusters"": 1, ""cluster_scores"": [0.1089605691024146]}"
184,rflbat,rflbat_final_distance_filter,"[8, 83, 98, 59, 95, 69, 35, 38, 82]",[0],"{""accepted_indices"": [1, 2, 3, 4, 5, 6, 7, 8, 9, 1, 2, 3, 4, 5, 6, 7, 8, 9], ""eps2"": 6, ""distance_median"": 1.0909657855260224}"
185,rflbat,rflbat_first_distance_filter,"[4, 11, 50, 13, 19, 52, 39, 82, 26, 8, 11, 50, 13, 19, 52, 39, 82, 26, 8]",[],"{""accepted_indices"": [0, 1, 2, 3, 4, 5, 6, 7, 8, 9, 1, 2, 3, 4, 5, 6, 7, 8, 9], ""eps1"": 10, ""distance_median"": 0.7233218269944495}"
185,rflbat,rflbat_cluster_filter,"[4, 11, 50, 13, 19, 52, 39, 82, 26, 8, 11, 50, 13, 19, 52, 39, 82, 26, 8]",[],"{""accepted_indices"": [0, 1, 2, 3, 4, 5, 6, 7, 8, 9, 1, 2, 3, 4, 5, 6, 7, 8, 9], ""num_clusters"": 1, ""cluster_scores"": [0.10427253399313981]}"
185,rflbat,rflbat_final_distance_filter,"[11, 50, 13, 19, 52, 39, 82, 26, 8]",[4],"{""accepted_indices"": [1, 2, 3, 4, 5, 6, 7, 8, 9, 1, 2, 3, 4, 5, 6, 7, 8, 9], ""eps2"": 6, ""distance_median"": 1.066484348161255}"
186,rflbat,rflbat_first_distance_filter,"[3, 65, 5, 49, 19, 33, 93, 22, 58, 12, 65, 5, 49, 19, 33, 93, 22, 58, 12]",[],"{""accepted_indices"": [0, 1, 2, 3, 4, 5, 6, 7, 8, 9, 1, 2, 3, 4, 5, 6, 7, 8, 9], ""eps1"": 10, ""distance_median"": 0.47378782856492135}"
186,rflbat,rflbat_cluster_filter,"[3, 65, 5, 49, 19, 33, 93, 22, 58, 12, 65, 5, 49, 19, 33, 93, 22, 58, 12]",[],"{""accepted_indices"": [0, 1, 2, 3, 4, 5, 6, 7, 8, 9, 1, 2, 3, 4, 5, 6, 7, 8, 9], ""num_clusters"": 1, ""cluster_scores"": [0.10680683606173018]}"
186,rflbat,rflbat_final_distance_filter,"[3, 65, 5, 49, 19, 33, 93, 22, 58, 12]",[],"{""accepted_indices"": [0, 1, 2, 3, 4, 5, 6, 7, 8, 9, 1, 2, 3, 4, 5, 6, 7, 8, 9], ""eps2"": 6, ""distance_median"": 0.7722567587787252}"
187,rflbat,rflbat_first_distance_filter,"[2, 37, 43, 91, 95, 98, 24, 58, 38, 59, 37, 43, 91, 95, 98, 24, 58, 38, 59]",[],"{""accepted_indices"": [0, 1, 2, 3, 4, 5, 6, 7, 8, 9, 1, 2, 3, 4, 5, 6, 7, 8, 9], ""eps1"": 10, ""distance_median"": 0.7141572226902767}"
187,rflbat,rflbat_cluster_filter,"[2, 37, 43, 91, 95, 98, 24, 58, 38, 59, 37, 43, 91, 95, 98, 24, 58, 38, 59]",[],"{""accepted_indices"": [0, 1, 2, 3, 4, 5, 6, 7, 8, 9, 1, 2, 3, 4, 5, 6, 7, 8, 9], ""num_clusters"": 1, ""cluster_scores"": [0.0918414588929867]}"
187,rflbat,rflbat_final_distance_filter,"[37, 43, 91, 95, 98, 24, 58, 38, 59]",[2],"{""accepted_indices"": [1, 2, 3, 4, 5, 6, 7, 8, 9, 1, 2, 3, 4, 5, 6, 7, 8, 9], ""eps2"": 6, ""distance_median"": 0.9671917107802215}"
188,rflbat,rflbat_first_distance_filter,"[0, 14, 8, 29, 12, 17, 88, 57, 72, 41, 14, 8, 29, 12, 17, 88, 57, 72, 41]",[],"{""accepted_indices"": [0, 1, 2, 3, 4, 5, 6, 7, 8, 9, 1, 2, 3, 4, 5, 6, 7, 8, 9], ""eps1"": 10, ""distance_median"": 0.6574828290535368}"
188,rflbat,rflbat_cluster_filter,"[14, 8, 29, 12, 17, 88, 57, 72, 41, 14, 8, 29, 12, 17, 88, 57, 72, 41]",[0],"{""accepted_indices"": [1, 2, 3, 4, 5, 6, 7, 8, 9, 1, 2, 3, 4, 5, 6, 7, 8, 9], ""num_clusters"": 2, ""cluster_scores"": [0.10613631557384323, 1]}"
188,rflbat,rflbat_final_distance_filter,"[14, 8, 29, 12, 17, 88, 57, 72, 41]",[0],"{""accepted_indices"": [1, 2, 3, 4, 5, 6, 7, 8, 9, 1, 2, 3, 4, 5, 6, 7, 8, 9], ""eps2"": 6, ""distance_median"": 0.43524885842987365}"
189,rflbat,rflbat_first_distance_filter,"[4, 17, 41, 36, 31, 49, 98, 96, 15, 55, 17, 41, 36, 31, 49, 98, 96, 15, 55]",[],"{""accepted_indices"": [0, 1, 2, 3, 4, 5, 6, 7, 8, 9, 1, 2, 3, 4, 5, 6, 7, 8, 9], ""eps1"": 10, ""distance_median"": 0.6784591939128862}"
189,rflbat,rflbat_cluster_filter,"[4, 17, 41, 36, 31, 49, 98, 96, 15, 55, 17, 41, 36, 31, 49, 98, 96, 15, 55]",[],"{""accepted_indices"": [0, 1, 2, 3, 4, 5, 6, 7, 8, 9, 1, 2, 3, 4, 5, 6, 7, 8, 9], ""num_clusters"": 1, ""cluster_scores"": [0.10303250972074614]}"
189,rflbat,rflbat_final_distance_filter,"[17, 41, 36, 31, 49, 98, 96, 15, 55]",[4],"{""accepted_indices"": [1, 2, 3, 4, 5, 6, 7, 8, 9, 1, 2, 3, 4, 5, 6, 7, 8, 9], ""eps2"": 6, ""distance_median"": 0.9118612660937563}"
190,rflbat,rflbat_first_distance_filter,"[2, 91, 24, 95, 31, 23, 9, 40, 86, 84, 91, 24, 95, 31, 23, 9, 40, 86, 84]",[],"{""accepted_indices"": [0, 1, 2, 3, 4, 5, 6, 7, 8, 9, 1, 2, 3, 4, 5, 6, 7, 8, 9], ""eps1"": 10, ""distance_median"": 0.7426963217634248}"
190,rflbat,rflbat_cluster_filter,"[2, 91, 24, 95, 31, 23, 9, 40, 86, 84, 91, 24, 95, 31, 23, 9, 40, 86, 84]",[],"{""accepted_indices"": [0, 1, 2, 3, 4, 5, 6, 7, 8, 9, 1, 2, 3, 4, 5, 6, 7, 8, 9], ""num_clusters"": 1, ""cluster_scores"": [0.103930909559807]}"
190,rflbat,rflbat_final_distance_filter,"[91, 24, 95, 31, 23, 9, 40, 86, 84]",[2],"{""accepted_indices"": [1, 2, 3, 4, 5, 6, 7, 8, 9, 1, 2, 3, 4, 5, 6, 7, 8, 9], ""eps2"": 6, ""distance_median"": 0.9783270523872805}"
191,rflbat,rflbat_first_distance_filter,"[0, 35, 63, 40, 98, 52, 91, 28, 8, 78, 35, 63, 40, 98, 52, 91, 28, 8, 78]",[],"{""accepted_indices"": [0, 1, 2, 3, 4, 5, 6, 7, 8, 9, 1, 2, 3, 4, 5, 6, 7, 8, 9], ""eps1"": 10, ""distance_median"": 0.7263271855382176}"
191,rflbat,rflbat_cluster_filter,"[0, 35, 63, 40, 98, 52, 91, 28, 8, 78, 35, 63, 40, 98, 52, 91, 28, 8, 78]",[],"{""accepted_indices"": [0, 1, 2, 3, 4, 5, 6, 7, 8, 9, 1, 2, 3, 4, 5, 6, 7, 8, 9], ""num_clusters"": 1, ""cluster_scores"": [0.11865465927114743]}"
191,rflbat,rflbat_final_distance_filter,"[35, 63, 40, 98, 52, 91, 28, 8, 78]",[0],"{""accepted_indices"": [1, 2, 3, 4, 5, 6, 7, 8, 9, 1, 2, 3, 4, 5, 6, 7, 8, 9], ""eps2"": 6, ""distance_median"": 1.026253564726041}"
192,rflbat,rflbat_first_distance_filter,"[3, 54, 91, 85, 42, 18, 4, 62, 58, 43, 54, 91, 85, 42, 18, 4, 62, 58, 43]",[],"{""accepted_indices"": [0, 1, 2, 3, 4, 5, 6, 7, 8, 9, 1, 2, 3, 4, 5, 6, 7, 8, 9], ""eps1"": 10, ""distance_median"": 0.6859368918478658}"
192,rflbat,rflbat_cluster_filter,"[3, 54, 91, 85, 42, 18, 4, 62, 58, 43, 54, 91, 85, 42, 18, 4, 62, 58, 43]",[],"{""accepted_indices"": [0, 1, 2, 3, 4, 5, 6, 7, 8, 9, 1, 2, 3, 4, 5, 6, 7, 8, 9], ""num_clusters"": 1, ""cluster_scores"": [0.09247651427078932]}"
192,rflbat,rflbat_final_distance_filter,"[3, 54, 91, 85, 42, 18, 4, 62, 58, 43]",[],"{""accepted_indices"": [0, 1, 2, 3, 4, 5, 6, 7, 8, 9, 1, 2, 3, 4, 5, 6, 7, 8, 9], ""eps2"": 6, ""distance_median"": 1.195171848620759}"
193,rflbat,rflbat_first_distance_filter,"[1, 12, 14, 28, 90, 38, 85, 19, 75, 5, 12, 14, 28, 90, 38, 85, 19, 75, 5]",[],"{""accepted_indices"": [0, 1, 2, 3, 4, 5, 6, 7, 8, 9, 1, 2, 3, 4, 5, 6, 7, 8, 9], ""eps1"": 10, ""distance_median"": 0.8311604995362908}"
193,rflbat,rflbat_cluster_filter,"[1, 12, 14, 28, 90, 38, 85, 19, 75, 5, 12, 14, 28, 90, 38, 85, 19, 75, 5]",[],"{""accepted_indices"": [0, 1, 2, 3, 4, 5, 6, 7, 8, 9, 1, 2, 3, 4, 5, 6, 7, 8, 9], ""num_clusters"": 1, ""cluster_scores"": [0.11258263244863194]}"
193,rflbat,rflbat_final_distance_filter,"[12, 14, 28, 90, 38, 85, 19, 75, 5]",[1],"{""accepted_indices"": [1, 2, 3, 4, 5, 6, 7, 8, 9, 1, 2, 3, 4, 5, 6, 7, 8, 9], ""eps2"": 6, ""distance_median"": 1.0048145161095556}"
194,rflbat,rflbat_first_distance_filter,"[4, 56, 38, 54, 45, 24, 95, 69, 35, 27, 56, 38, 54, 45, 24, 95, 69, 35, 27]",[],"{""accepted_indices"": [0, 1, 2, 3, 4, 5, 6, 7, 8, 9, 1, 2, 3, 4, 5, 6, 7, 8, 9], ""eps1"": 10, ""distance_median"": 0.5965779340290989}"
194,rflbat,rflbat_cluster_filter,"[4, 56, 38, 54, 45, 24, 95, 69, 35, 27, 56, 38, 54, 45, 24, 95, 69, 35, 27]",[],"{""accepted_indices"": [0, 1, 2, 3, 4, 5, 6, 7, 8, 9, 1, 2, 3, 4, 5, 6, 7, 8, 9], ""num_clusters"": 1, ""cluster_scores"": [0.1052144983904655]}"
194,rflbat,rflbat_final_distance_filter,"[56, 38, 54, 45, 24, 95, 69, 35, 27]",[4],"{""accepted_indices"": [1, 2, 3, 4, 5, 6, 7, 8, 9, 1, 2, 3, 4, 5, 6, 7, 8, 9], ""eps2"": 6, ""distance_median"": 0.8563171533484984}"
195,rflbat,rflbat_first_distance_filter,"[4, 92, 48, 13, 17, 26, 84, 8, 97, 38, 92, 48, 13, 17, 26, 84, 8, 97, 38]",[],"{""accepted_indices"": [0, 1, 2, 3, 4, 5, 6, 7, 8, 9, 1, 2, 3, 4, 5, 6, 7, 8, 9], ""eps1"": 10, ""distance_median"": 0.6333297557943636}"
195,rflbat,rflbat_cluster_filter,"[4, 92, 48, 13, 17, 26, 84, 8, 97, 38, 92, 48, 13, 17, 26, 84, 8, 97, 38]",[],"{""accepted_indices"": [0, 1, 2, 3, 4, 5, 6, 7, 8, 9, 1, 2, 3, 4, 5, 6, 7, 8, 9], ""num_clusters"": 1, ""cluster_scores"": [0.10829001890886258]}"
195,rflbat,rflbat_final_distance_filter,"[92, 48, 13, 17, 26, 84, 8, 97, 38]",[4],"{""accepted_indices"": [1, 2, 3, 4, 5, 6, 7, 8, 9, 1, 2, 3, 4, 5, 6, 7, 8, 9], ""eps2"": 6, ""distance_median"": 0.9291483671591639}"
196,rflbat,rflbat_first_distance_filter,"[3, 66, 92, 11, 87, 61, 31, 88, 50, 69, 66, 92, 11, 87, 61, 31, 88, 50, 69]",[],"{""accepted_indices"": [0, 1, 2, 3, 4, 5, 6, 7, 8, 9, 1, 2, 3, 4, 5, 6, 7, 8, 9], ""eps1"": 10, ""distance_median"": 0.4161398181376996}"
196,rflbat,rflbat_cluster_filter,"[92, 11, 87, 61, 31, 50, 69, 92, 11, 87, 61, 31, 50, 69]","[3, 66, 88]","{""accepted_indices"": [2, 3, 4, 5, 6, 8, 9, 2, 3, 4, 5, 6, 8, 9], ""num_clusters"": 4, ""cluster_scores"": [1.0000000000010345, 0.1586022116359454, 1, 1.000000000001034]}"
196,rflbat,rflbat_final_distance_filter,"[92, 11, 87, 61, 31, 50, 69]","[3, 66, 88]","{""accepted_indices"": [2, 3, 4, 5, 6, 8, 9, 2, 3, 4, 5, 6, 8, 9], ""eps2"": 6, ""distance_median"": 0.09894481012159821}"
197,rflbat,rflbat_first_distance_filter,"[3, 7, 78, 80, 95, 8, 60, 88, 93, 81, 7, 78, 80, 95, 8, 60, 88, 93, 81]",[],"{""accepted_indices"": [0, 1, 2, 3, 4, 5, 6, 7, 8, 9, 1, 2, 3, 4, 5, 6, 7, 8, 9], ""eps1"": 10, ""distance_median"": 0.35857070560727466}"
197,rflbat,rflbat_cluster_filter,"[3, 7, 78, 80, 95, 8, 60, 88, 93, 81, 7, 78, 80, 95, 8, 60, 88, 93, 81]",[],"{""accepted_indices"": [0, 1, 2, 3, 4, 5, 6, 7, 8, 9, 1, 2, 3, 4, 5, 6, 7, 8, 9], ""num_clusters"": 1, ""cluster_scores"": [0.11890849388353505]}"
197,rflbat,rflbat_final_distance_filter,"[3, 7, 78, 80, 95, 8, 60, 88, 93, 81]",[],"{""accepted_indices"": [0, 1, 2, 3, 4, 5, 6, 7, 8, 9, 1, 2, 3, 4, 5, 6, 7, 8, 9], ""eps2"": 6, ""distance_median"": 0.5484572024909381}"
198,rflbat,rflbat_first_distance_filter,"[2, 22, 8, 45, 69, 57, 9, 56, 88, 51, 22, 8, 45, 69, 57, 9, 56, 88, 51]",[],"{""accepted_indices"": [0, 1, 2, 3, 4, 5, 6, 7, 8, 9, 1, 2, 3, 4, 5, 6, 7, 8, 9], ""eps1"": 10, ""distance_median"": 0.7188004838729511}"
198,rflbat,rflbat_cluster_filter,"[22, 8, 45, 69, 57, 9, 56, 88, 51, 22, 8, 45, 69, 57, 9, 56, 88, 51]",[2],"{""accepted_indices"": [1, 2, 3, 4, 5, 6, 7, 8, 9, 1, 2, 3, 4, 5, 6, 7, 8, 9], ""num_clusters"": 2, ""cluster_scores"": [0.10728941720146051, 1]}"
198,rflbat,rflbat_final_distance_filter,"[22, 8, 45, 69, 57, 9, 56, 88, 51]",[2],"{""accepted_indices"": [1, 2, 3, 4, 5, 6, 7, 8, 9, 1, 2, 3, 4, 5, 6, 7, 8, 9], ""eps2"": 6, ""distance_median"": 0.44041709754336145}"
199,rflbat,rflbat_first_distance_filter,"[1, 85, 3, 43, 78, 62, 11, 95, 93, 22, 85, 3, 43, 78, 62, 11, 95, 93, 22]",[],"{""accepted_indices"": [0, 1, 2, 3, 4, 5, 6, 7, 8, 9, 1, 2, 3, 4, 5, 6, 7, 8, 9], ""eps1"": 10, ""distance_median"": 0.8478095300364916}"
199,rflbat,rflbat_cluster_filter,"[1, 85, 3, 43, 78, 62, 11, 95, 93, 22, 85, 3, 43, 78, 62, 11, 95, 93, 22]",[],"{""accepted_indices"": [0, 1, 2, 3, 4, 5, 6, 7, 8, 9, 1, 2, 3, 4, 5, 6, 7, 8, 9], ""num_clusters"": 1, ""cluster_scores"": [0.1026647985676717]}"
199,rflbat,rflbat_final_distance_filter,"[85, 3, 43, 78, 62, 11, 95, 93, 22]",[1],"{""accepted_indices"": [1, 2, 3, 4, 5, 6, 7, 8, 9, 1, 2, 3, 4, 5, 6, 7, 8, 9], ""eps2"": 6, ""distance_median"": 1.1161655493630214}"
200,rflbat,rflbat_first_distance_filter,"[0, 19, 54, 89, 11, 96, 31, 26, 90, 88, 19, 54, 89, 11, 96, 31, 26, 90, 88]",[],"{""accepted_indices"": [0, 1, 2, 3, 4, 5, 6, 7, 8, 9, 1, 2, 3, 4, 5, 6, 7, 8, 9], ""eps1"": 10, ""distance_median"": 0.8347098688415613}"
200,rflbat,rflbat_cluster_filter,"[0, 19, 54, 89, 11, 96, 31, 26, 90, 88, 19, 54, 89, 11, 96, 31, 26, 90, 88]",[],"{""accepted_indices"": [0, 1, 2, 3, 4, 5, 6, 7, 8, 9, 1, 2, 3, 4, 5, 6, 7, 8, 9], ""num_clusters"": 1, ""cluster_scores"": [0.10705967121073873]}"
200,rflbat,rflbat_final_distance_filter,"[19, 54, 89, 11, 96, 31, 26, 90, 88]",[0],"{""accepted_indices"": [1, 2, 3, 4, 5, 6, 7, 8, 9, 1, 2, 3, 4, 5, 6, 7, 8, 9], ""eps2"": 6, ""distance_median"": 1.1937590617361273}"
201,rflbat,rflbat_first_distance_filter,"[3, 97, 48, 25, 20, 35, 42, 34, 46, 92, 97, 48, 25, 20, 35, 42, 34, 46, 92]",[],"{""accepted_indices"": [0, 1, 2, 3, 4, 5, 6, 7, 8, 9, 1, 2, 3, 4, 5, 6, 7, 8, 9], ""eps1"": 10, ""distance_median"": 0.4837987896046573}"
201,rflbat,rflbat_cluster_filter,"[3, 97, 48, 25, 20, 35, 42, 34, 46, 92, 97, 48, 25, 20, 35, 42, 34, 46, 92]",[],"{""accepted_indices"": [0, 1, 2, 3, 4, 5, 6, 7, 8, 9, 1, 2, 3, 4, 5, 6, 7, 8, 9], ""num_clusters"": 1, ""cluster_scores"": [0.11767462510793773]}"
201,rflbat,rflbat_final_distance_filter,"[3, 97, 48, 25, 20, 35, 42, 34, 46, 92]",[],"{""accepted_indices"": [0, 1, 2, 3, 4, 5, 6, 7, 8, 9, 1, 2, 3, 4, 5, 6, 7, 8, 9], ""eps2"": 6, ""distance_median"": 0.820427594264205}"
202,rflbat,rflbat_first_distance_filter,"[2, 42, 33, 48, 79, 74, 68, 5, 55, 44, 42, 33, 48, 79, 74, 68, 5, 55, 44]",[],"{""accepted_indices"": [0, 1, 2, 3, 4, 5, 6, 7, 8, 9, 1, 2, 3, 4, 5, 6, 7, 8, 9], ""eps1"": 10, ""distance_median"": 0.8635337632468214}"
202,rflbat,rflbat_cluster_filter,"[2, 42, 48, 79, 74, 68, 5, 55, 44, 42, 48, 79, 74, 68, 5, 55, 44]",[33],"{""accepted_indices"": [0, 1, 3, 4, 5, 6, 7, 8, 9, 1, 3, 4, 5, 6, 7, 8, 9], ""num_clusters"": 2, ""cluster_scores"": [0.11705475604562988, 1.0000000000014153]}"
202,rflbat,rflbat_final_distance_filter,"[42, 48, 79, 74, 68, 5, 55, 44]","[2, 33]","{""accepted_indices"": [1, 3, 4, 5, 6, 7, 8, 9, 1, 3, 4, 5, 6, 7, 8, 9], ""eps2"": 6, ""distance_median"": 0.8193064086534747}"
203,rflbat,rflbat_first_distance_filter,"[3, 61, 11, 68, 46, 2, 70, 50, 36, 60, 61, 11, 68, 46, 2, 70, 50, 36, 60]",[],"{""accepted_indices"": [0, 1, 2, 3, 4, 5, 6, 7, 8, 9, 1, 2, 3, 4, 5, 6, 7, 8, 9], ""eps1"": 10, ""distance_median"": 0.9092991692322274}"
203,rflbat,rflbat_cluster_filter,"[3, 61, 11, 68, 46, 2, 70, 50, 36, 60, 61, 11, 68, 46, 2, 70, 50, 36, 60]",[],"{""accepted_indices"": [0, 1, 2, 3, 4, 5, 6, 7, 8, 9, 1, 2, 3, 4, 5, 6, 7, 8, 9], ""num_clusters"": 1, ""cluster_scores"": [0.11203746250905858]}"
203,rflbat,rflbat_final_distance_filter,"[3, 61, 11, 68, 46, 2, 70, 50, 36, 60]",[],"{""accepted_indices"": [0, 1, 2, 3, 4, 5, 6, 7, 8, 9, 1, 2, 3, 4, 5, 6, 7, 8, 9], ""eps2"": 6, ""distance_median"": 1.7978951079491943}"
204,rflbat,rflbat_first_distance_filter,"[2, 34, 83, 74, 88, 99, 16, 50, 59, 45, 34, 83, 74, 88, 99, 16, 50, 59, 45]",[],"{""accepted_indices"": [0, 1, 2, 3, 4, 5, 6, 7, 8, 9, 1, 2, 3, 4, 5, 6, 7, 8, 9], ""eps1"": 10, ""distance_median"": 0.6449127351380559}"
204,rflbat,rflbat_cluster_filter,"[34, 83, 74, 88, 99, 16, 50, 59, 45, 34, 83, 74, 88, 99, 16, 50, 59, 45]",[2],"{""accepted_indices"": [1, 2, 3, 4, 5, 6, 7, 8, 9, 1, 2, 3, 4, 5, 6, 7, 8, 9], ""num_clusters"": 2, ""cluster_scores"": [0.12635414843112172, 1]}"
204,rflbat,rflbat_final_distance_filter,"[34, 83, 74, 88, 99, 16, 50, 59, 45]",[2],"{""accepted_indices"": [1, 2, 3, 4, 5, 6, 7, 8, 9, 1, 2, 3, 4, 5, 6, 7, 8, 9], ""eps2"": 6, ""distance_median"": 0.49774014988653414}"
205,rflbat,rflbat_first_distance_filter,"[0, 6, 89, 13, 38, 72, 29, 65, 83, 53, 6, 89, 13, 38, 72, 29, 65, 83, 53]",[],"{""accepted_indices"": [0, 1, 2, 3, 4, 5, 6, 7, 8, 9, 1, 2, 3, 4, 5, 6, 7, 8, 9], ""eps1"": 10, ""distance_median"": 0.7648096412659127}"
205,rflbat,rflbat_cluster_filter,"[6, 89, 13, 38, 29, 65, 53, 6, 89, 13, 38, 29, 65, 53]","[0, 72, 83]","{""accepted_indices"": [1, 2, 3, 4, 6, 7, 9, 1, 2, 3, 4, 6, 7, 9], ""num_clusters"": 4, ""cluster_scores"": [1.0000000000015508, 1, 0.15939688080782372, 1.000000000001521]}"
205,rflbat,rflbat_final_distance_filter,"[6, 89, 13, 38, 29, 65, 53]","[0, 72, 83]","{""accepted_indices"": [1, 2, 3, 4, 6, 7, 9, 1, 2, 3, 4, 6, 7, 9], ""eps2"": 6, ""distance_median"": 0.24842359596594177}"
206,rflbat,rflbat_first_distance_filter,"[3, 87, 70, 26, 57, 32, 8, 16, 43, 37, 87, 70, 26, 57, 32, 8, 16, 43, 37]",[],"{""accepted_indices"": [0, 1, 2, 3, 4, 5, 6, 7, 8, 9, 1, 2, 3, 4, 5, 6, 7, 8, 9], ""eps1"": 10, ""distance_median"": 0.5809275851845114}"
206,rflbat,rflbat_cluster_filter,"[70, 8, 16, 37, 70, 8, 16, 37]","[3, 87, 26, 57, 32, 43]","{""accepted_indices"": [2, 6, 7, 9, 2, 6, 7, 9], ""num_clusters"": 4, ""cluster_scores"": [0.2784270004705561, 1.0000000000017377, 1, 0.2734679394607263]}"
206,rflbat,rflbat_final_distance_filter,"[70, 8, 16, 37]","[3, 87, 26, 57, 32, 43]","{""accepted_indices"": [2, 6, 7, 9, 2, 6, 7, 9], ""eps2"": 6, ""distance_median"": 0.019133050503240268}"
207,rflbat,rflbat_first_distance_filter,"[2, 67, 98, 73, 24, 64, 69, 46, 88, 51, 67, 98, 73, 24, 64, 69, 46, 88, 51]",[],"{""accepted_indices"": [0, 1, 2, 3, 4, 5, 6, 7, 8, 9, 1, 2, 3, 4, 5, 6, 7, 8, 9], ""eps1"": 10, ""distance_median"": 0.6771049954833649}"
207,rflbat,rflbat_cluster_filter,"[2, 67, 98, 73, 24, 64, 69, 46, 88, 51, 67, 98, 73, 24, 64, 69, 46, 88, 51]",[],"{""accepted_indices"": [0, 1, 2, 3, 4, 5, 6, 7, 8, 9, 1, 2, 3, 4, 5, 6, 7, 8, 9], ""num_clusters"": 1, ""cluster_scores"": [0.12405234683275793]}"
207,rflbat,rflbat_final_distance_filter,"[67, 98, 73, 24, 64, 69, 46, 88, 51]",[2],"{""accepted_indices"": [1, 2, 3, 4, 5, 6, 7, 8, 9, 1, 2, 3, 4, 5, 6, 7, 8, 9], ""eps2"": 6, ""distance_median"": 0.9117928739741822}"
208,rflbat,rflbat_first_distance_filter,"[0, 24, 26, 90, 9, 76, 89, 1, 56, 23, 24, 26, 90, 9, 76, 89, 1, 56, 23]",[],"{""accepted_indices"": [0, 1, 2, 3, 4, 5, 6, 7, 8, 9, 1, 2, 3, 4, 5, 6, 7, 8, 9], ""eps1"": 10, ""distance_median"": 1.1833798801143776}"
208,rflbat,rflbat_cluster_filter,"[0, 24, 26, 90, 9, 76, 89, 1, 56, 23, 24, 26, 90, 9, 76, 89, 1, 56, 23]",[],"{""accepted_indices"": [0, 1, 2, 3, 4, 5, 6, 7, 8, 9, 1, 2, 3, 4, 5, 6, 7, 8, 9], ""num_clusters"": 1, ""cluster_scores"": [0.11900097443521868]}"
208,rflbat,rflbat_final_distance_filter,"[0, 24, 26, 90, 9, 76, 89, 1, 56, 23]",[],"{""accepted_indices"": [0, 1, 2, 3, 4, 5, 6, 7, 8, 9, 1, 2, 3, 4, 5, 6, 7, 8, 9], ""eps2"": 6, ""distance_median"": 1.9240395724671806}"
209,rflbat,rflbat_first_distance_filter,"[4, 66, 36, 31, 43, 99, 90, 2, 40, 30, 66, 36, 31, 43, 99, 90, 2, 40, 30]",[],"{""accepted_indices"": [0, 1, 2, 3, 4, 5, 6, 7, 8, 9, 1, 2, 3, 4, 5, 6, 7, 8, 9], ""eps1"": 10, ""distance_median"": 0.9193305763591573}"
209,rflbat,rflbat_cluster_filter,"[4, 66, 36, 31, 43, 99, 90, 2, 40, 30, 66, 36, 31, 43, 99, 90, 2, 40, 30]",[],"{""accepted_indices"": [0, 1, 2, 3, 4, 5, 6, 7, 8, 9, 1, 2, 3, 4, 5, 6, 7, 8, 9], ""num_clusters"": 1, ""cluster_scores"": [0.14715163936986056]}"
209,rflbat,rflbat_final_distance_filter,"[4, 66, 36, 31, 43, 99, 90, 2, 40, 30]",[],"{""accepted_indices"": [0, 1, 2, 3, 4, 5, 6, 7, 8, 9, 1, 2, 3, 4, 5, 6, 7, 8, 9], ""eps2"": 6, ""distance_median"": 1.4167937057072355}"
210,rflbat,rflbat_first_distance_filter,"[2, 75, 23, 84, 98, 55, 57, 65, 74, 42, 75, 23, 84, 98, 55, 57, 65, 74, 42]",[],"{""accepted_indices"": [0, 1, 2, 3, 4, 5, 6, 7, 8, 9, 1, 2, 3, 4, 5, 6, 7, 8, 9], ""eps1"": 10, ""distance_median"": 0.5332550630136899}"
210,rflbat,rflbat_cluster_filter,"[2, 75, 23, 84, 98, 55, 57, 65, 74, 42, 75, 23, 84, 98, 55, 57, 65, 74, 42]",[],"{""accepted_indices"": [0, 1, 2, 3, 4, 5, 6, 7, 8, 9, 1, 2, 3, 4, 5, 6, 7, 8, 9], ""num_clusters"": 1, ""cluster_scores"": [0.11606432140293137]}"
210,rflbat,rflbat_final_distance_filter,"[75, 23, 84, 98, 55, 57, 65, 74, 42]",[2],"{""accepted_indices"": [1, 2, 3, 4, 5, 6, 7, 8, 9, 1, 2, 3, 4, 5, 6, 7, 8, 9], ""eps2"": 6, ""distance_median"": 0.7107473827428686}"
211,rflbat,rflbat_first_distance_filter,"[3, 53, 42, 94, 46, 26, 11, 1, 41, 78, 53, 42, 94, 46, 26, 11, 1, 41, 78]",[],"{""accepted_indices"": [0, 1, 2, 3, 4, 5, 6, 7, 8, 9, 1, 2, 3, 4, 5, 6, 7, 8, 9], ""eps1"": 10, ""distance_median"": 0.7790642202804103}"
211,rflbat,rflbat_cluster_filter,"[3, 53, 42, 94, 46, 26, 11, 1, 41, 78, 53, 42, 94, 46, 26, 11, 1, 41, 78]",[],"{""accepted_indices"": [0, 1, 2, 3, 4, 5, 6, 7, 8, 9, 1, 2, 3, 4, 5, 6, 7, 8, 9], ""num_clusters"": 1, ""cluster_scores"": [0.10428096094695813]}"
211,rflbat,rflbat_final_distance_filter,"[3, 53, 42, 94, 46, 26, 11, 1, 41, 78]",[],"{""accepted_indices"": [0, 1, 2, 3, 4, 5, 6, 7, 8, 9, 1, 2, 3, 4, 5, 6, 7, 8, 9], ""eps2"": 6, ""distance_median"": 1.543440041487135}"
212,rflbat,rflbat_first_distance_filter,"[0, 43, 79, 35, 62, 1, 6, 67, 36, 17, 43, 79, 35, 62, 1, 6, 67, 36, 17]",[],"{""accepted_indices"": [0, 1, 2, 3, 4, 5, 6, 7, 8, 9, 1, 2, 3, 4, 5, 6, 7, 8, 9], ""eps1"": 10, ""distance_median"": 1.0531081212987148}"
212,rflbat,rflbat_cluster_filter,"[0, 43, 79, 35, 62, 1, 6, 67, 36, 17, 43, 79, 35, 62, 1, 6, 67, 36, 17]",[],"{""accepted_indices"": [0, 1, 2, 3, 4, 5, 6, 7, 8, 9, 1, 2, 3, 4, 5, 6, 7, 8, 9], ""num_clusters"": 1, ""cluster_scores"": [0.11842494475267269]}"
212,rflbat,rflbat_final_distance_filter,"[0, 43, 79, 35, 62, 1, 6, 67, 36, 17]",[],"{""accepted_indices"": [0, 1, 2, 3, 4, 5, 6, 7, 8, 9, 1, 2, 3, 4, 5, 6, 7, 8, 9], ""eps2"": 6, ""distance_median"": 1.6937576487785118}"
213,rflbat,rflbat_first_distance_filter,"[1, 81, 77, 73, 52, 44, 67, 36, 27, 8, 81, 77, 73, 52, 44, 67, 36, 27, 8]",[],"{""accepted_indices"": [0, 1, 2, 3, 4, 5, 6, 7, 8, 9, 1, 2, 3, 4, 5, 6, 7, 8, 9], ""eps1"": 10, ""distance_median"": 0.7008631397464652}"
213,rflbat,rflbat_cluster_filter,"[1, 81, 77, 73, 52, 44, 67, 36, 27, 8, 81, 77, 73, 52, 44, 67, 36, 27, 8]",[],"{""accepted_indices"": [0, 1, 2, 3, 4, 5, 6, 7, 8, 9, 1, 2, 3, 4, 5, 6, 7, 8, 9], ""num_clusters"": 1, ""cluster_scores"": [0.12697718164318705]}"
213,rflbat,rflbat_final_distance_filter,"[81, 77, 73, 52, 44, 67, 36, 27, 8]",[1],"{""accepted_indices"": [1, 2, 3, 4, 5, 6, 7, 8, 9, 1, 2, 3, 4, 5, 6, 7, 8, 9], ""eps2"": 6, ""distance_median"": 0.9295433439321182}"
214,rflbat,rflbat_first_distance_filter,"[2, 21, 86, 56, 83, 73, 96, 47, 54, 36, 21, 86, 56, 83, 73, 96, 47, 54, 36]",[],"{""accepted_indices"": [0, 1, 2, 3, 4, 5, 6, 7, 8, 9, 1, 2, 3, 4, 5, 6, 7, 8, 9], ""eps1"": 10, ""distance_median"": 0.7006668352616727}"
214,rflbat,rflbat_cluster_filter,"[2, 21, 86, 56, 83, 73, 96, 47, 54, 36, 21, 86, 56, 83, 73, 96, 47, 54, 36]",[],"{""accepted_indices"": [0, 1, 2, 3, 4, 5, 6, 7, 8, 9, 1, 2, 3, 4, 5, 6, 7, 8, 9], ""num_clusters"": 1, ""cluster_scores"": [0.11719279230622573]}"
214,rflbat,rflbat_final_distance_filter,"[21, 86, 56, 83, 73, 96, 47, 54, 36]",[2],"{""accepted_indices"": [1, 2, 3, 4, 5, 6, 7, 8, 9, 1, 2, 3, 4, 5, 6, 7, 8, 9], ""eps2"": 6, ""distance_median"": 0.948218815397945}"
215,rflbat,rflbat_first_distance_filter,"[0, 54, 31, 9, 64, 7, 67, 49, 23, 17, 54, 31, 9, 64, 7, 67, 49, 23, 17]",[],"{""accepted_indices"": [0, 1, 2, 3, 4, 5, 6, 7, 8, 9, 1, 2, 3, 4, 5, 6, 7, 8, 9], ""eps1"": 10, ""distance_median"": 0.5542335376514942}"
215,rflbat,rflbat_cluster_filter,"[0, 54, 31, 9, 64, 7, 67, 49, 23, 17, 54, 31, 9, 64, 7, 67, 49, 23, 17]",[],"{""accepted_indices"": [0, 1, 2, 3, 4, 5, 6, 7, 8, 9, 1, 2, 3, 4, 5, 6, 7, 8, 9], ""num_clusters"": 1, ""cluster_scores"": [0.1098376976687339]}"
215,rflbat,rflbat_final_distance_filter,"[54, 31, 9, 64, 7, 67, 49, 23, 17]",[0],"{""accepted_indices"": [1, 2, 3, 4, 5, 6, 7, 8, 9, 1, 2, 3, 4, 5, 6, 7, 8, 9], ""eps2"": 6, ""distance_median"": 0.7563139531272519}"
216,rflbat,rflbat_first_distance_filter,"[3, 21, 27, 6, 71, 80, 74, 39, 84, 11, 21, 27, 6, 71, 80, 74, 39, 84, 11]",[],"{""accepted_indices"": [0, 1, 2, 3, 4, 5, 6, 7, 8, 9, 1, 2, 3, 4, 5, 6, 7, 8, 9], ""eps1"": 10, ""distance_median"": 0.4721816001491529}"
216,rflbat,rflbat_cluster_filter,"[3, 21, 27, 6, 71, 80, 74, 39, 84, 11, 21, 27, 6, 71, 80, 74, 39, 84, 11]",[],"{""accepted_indices"": [0, 1, 2, 3, 4, 5, 6, 7, 8, 9, 1, 2, 3, 4, 5, 6, 7, 8, 9], ""num_clusters"": 1, ""cluster_scores"": [0.11333494940873312]}"
216,rflbat,rflbat_final_distance_filter,"[3, 21, 27, 6, 71, 80, 74, 39, 84, 11]",[],"{""accepted_indices"": [0, 1, 2, 3, 4, 5, 6, 7, 8, 9, 1, 2, 3, 4, 5, 6, 7, 8, 9], ""eps2"": 6, ""distance_median"": 0.7822676796589201}"
217,rflbat,rflbat_first_distance_filter,"[1, 89, 51, 42, 83, 41, 15, 69, 49, 36, 89, 51, 42, 83, 41, 15, 69, 49, 36]",[],"{""accepted_indices"": [0, 1, 2, 3, 4, 5, 6, 7, 8, 9, 1, 2, 3, 4, 5, 6, 7, 8, 9], ""eps1"": 10, ""distance_median"": 0.9480305045323221}"
217,rflbat,rflbat_cluster_filter,"[1, 89, 51, 42, 83, 41, 15, 69, 49, 36, 89, 51, 42, 83, 41, 15, 69, 49, 36]",[],"{""accepted_indices"": [0, 1, 2, 3, 4, 5, 6, 7, 8, 9, 1, 2, 3, 4, 5, 6, 7, 8, 9], ""num_clusters"": 1, ""cluster_scores"": [0.1103545489702017]}"
217,rflbat,rflbat_final_distance_filter,"[89, 51, 42, 83, 41, 15, 69, 49, 36]",[1],"{""accepted_indices"": [1, 2, 3, 4, 5, 6, 7, 8, 9, 1, 2, 3, 4, 5, 6, 7, 8, 9], ""eps2"": 6, ""distance_median"": 1.1923965214318004}"
218,rflbat,rflbat_first_distance_filter,"[0, 77, 27, 88, 56, 34, 55, 57, 90, 50, 77, 27, 88, 56, 34, 55, 57, 90, 50]",[],"{""accepted_indices"": [0, 1, 2, 3, 4, 5, 6, 7, 8, 9, 1, 2, 3, 4, 5, 6, 7, 8, 9], ""eps1"": 10, ""distance_median"": 0.5963207726161982}"
218,rflbat,rflbat_cluster_filter,"[0, 77, 27, 88, 56, 34, 55, 57, 90, 50, 77, 27, 88, 56, 34, 55, 57, 90, 50]",[],"{""accepted_indices"": [0, 1, 2, 3, 4, 5, 6, 7, 8, 9, 1, 2, 3, 4, 5, 6, 7, 8, 9], ""num_clusters"": 1, ""cluster_scores"": [0.11086315480370587]}"
218,rflbat,rflbat_final_distance_filter,"[77, 27, 88, 56, 34, 55, 57, 90, 50]",[0],"{""accepted_indices"": [1, 2, 3, 4, 5, 6, 7, 8, 9, 1, 2, 3, 4, 5, 6, 7, 8, 9], ""eps2"": 6, ""distance_median"": 0.8175504211668525}"
219,rflbat,rflbat_first_distance_filter,"[3, 2, 29, 48, 46, 49, 82, 79, 62, 70, 2, 29, 48, 46, 49, 82, 79, 62, 70]",[],"{""accepted_indices"": [0, 1, 2, 3, 4, 5, 6, 7, 8, 9, 1, 2, 3, 4, 5, 6, 7, 8, 9], ""eps1"": 10, ""distance_median"": 0.7265373239244475}"
219,rflbat,rflbat_cluster_filter,"[3, 2, 29, 48, 46, 49, 82, 79, 62, 70, 2, 29, 48, 46, 49, 82, 79, 62, 70]",[],"{""accepted_indices"": [0, 1, 2, 3, 4, 5, 6, 7, 8, 9, 1, 2, 3, 4, 5, 6, 7, 8, 9], ""num_clusters"": 1, ""cluster_scores"": [0.11052281632416598]}"
219,rflbat,rflbat_final_distance_filter,"[3, 2, 29, 48, 46, 49, 82, 79, 62, 70]",[],"{""accepted_indices"": [0, 1, 2, 3, 4, 5, 6, 7, 8, 9, 1, 2, 3, 4, 5, 6, 7, 8, 9], ""eps2"": 6, ""distance_median"": 1.3746430112073362}"
220,rflbat,rflbat_first_distance_filter,"[3, 81, 36, 26, 57, 20, 90, 40, 2, 12, 81, 36, 26, 57, 20, 90, 40, 2, 12]",[],"{""accepted_indices"": [0, 1, 2, 3, 4, 5, 6, 7, 8, 9, 1, 2, 3, 4, 5, 6, 7, 8, 9], ""eps1"": 10, ""distance_median"": 0.6447929177304159}"
220,rflbat,rflbat_cluster_filter,"[3, 81, 36, 26, 57, 20, 90, 40, 2, 12, 81, 36, 26, 57, 20, 90, 40, 2, 12]",[],"{""accepted_indices"": [0, 1, 2, 3, 4, 5, 6, 7, 8, 9, 1, 2, 3, 4, 5, 6, 7, 8, 9], ""num_clusters"": 1, ""cluster_scores"": [0.10406840940347774]}"
220,rflbat,rflbat_final_distance_filter,"[3, 81, 36, 26, 57, 20, 90, 40, 2, 12]",[],"{""accepted_indices"": [0, 1, 2, 3, 4, 5, 6, 7, 8, 9, 1, 2, 3, 4, 5, 6, 7, 8, 9], ""eps2"": 6, ""distance_median"": 1.2637478491833163}"
221,rflbat,rflbat_first_distance_filter,"[4, 0, 90, 18, 54, 42, 51, 84, 9, 89, 0, 90, 18, 54, 42, 51, 84, 9, 89]",[],"{""accepted_indices"": [0, 1, 2, 3, 4, 5, 6, 7, 8, 9, 1, 2, 3, 4, 5, 6, 7, 8, 9], ""eps1"": 10, ""distance_median"": 0.8756062414558192}"
221,rflbat,rflbat_cluster_filter,"[4, 0, 90, 18, 54, 42, 51, 84, 9, 89, 0, 90, 18, 54, 42, 51, 84, 9, 89]",[],"{""accepted_indices"": [0, 1, 2, 3, 4, 5, 6, 7, 8, 9, 1, 2, 3, 4, 5, 6, 7, 8, 9], ""num_clusters"": 1, ""cluster_scores"": [0.11306574825613105]}"
221,rflbat,rflbat_final_distance_filter,"[4, 0, 90, 18, 54, 42, 51, 84, 9, 89]",[],"{""accepted_indices"": [0, 1, 2, 3, 4, 5, 6, 7, 8, 9, 1, 2, 3, 4, 5, 6, 7, 8, 9], ""eps2"": 6, ""distance_median"": 1.3690760273599787}"
222,rflbat,rflbat_first_distance_filter,"[1, 48, 42, 39, 52, 94, 92, 14, 35, 78, 48, 42, 39, 52, 94, 92, 14, 35, 78]",[],"{""accepted_indices"": [0, 1, 2, 3, 4, 5, 6, 7, 8, 9, 1, 2, 3, 4, 5, 6, 7, 8, 9], ""eps1"": 10, ""distance_median"": 0.9531488095310544}"
222,rflbat,rflbat_cluster_filter,"[48, 42, 39, 52, 94, 92, 14, 78, 48, 42, 39, 52, 94, 92, 14, 78]","[1, 35]","{""accepted_indices"": [1, 2, 3, 4, 5, 6, 7, 9, 1, 2, 3, 4, 5, 6, 7, 9], ""num_clusters"": 3, ""cluster_scores"": [0.177953894534572, 1, 1.0000000000015448]}"
222,rflbat,rflbat_final_distance_filter,"[48, 42, 39, 52, 94, 92, 14, 78]","[1, 35]","{""accepted_indices"": [1, 2, 3, 4, 5, 6, 7, 9, 1, 2, 3, 4, 5, 6, 7, 9], ""eps2"": 6, ""distance_median"": 0.05384777286135716}"
223,rflbat,rflbat_first_distance_filter,"[1, 10, 39, 36, 60, 8, 28, 33, 70, 93, 10, 39, 36, 60, 8, 28, 33, 70, 93]",[],"{""accepted_indices"": [0, 1, 2, 3, 4, 5, 6, 7, 8, 9, 1, 2, 3, 4, 5, 6, 7, 8, 9], ""eps1"": 10, ""distance_median"": 0.8044393270238945}"
223,rflbat,rflbat_cluster_filter,"[1, 10, 39, 36, 60, 8, 28, 33, 70, 93, 10, 39, 36, 60, 8, 28, 33, 70, 93]",[],"{""accepted_indices"": [0, 1, 2, 3, 4, 5, 6, 7, 8, 9, 1, 2, 3, 4, 5, 6, 7, 8, 9], ""num_clusters"": 1, ""cluster_scores"": [0.10280131982103666]}"
223,rflbat,rflbat_final_distance_filter,"[10, 39, 36, 60, 8, 28, 33, 70, 93]",[1],"{""accepted_indices"": [1, 2, 3, 4, 5, 6, 7, 8, 9, 1, 2, 3, 4, 5, 6, 7, 8, 9], ""eps2"": 6, ""distance_median"": 1.0820321597056053}"
224,rflbat,rflbat_first_distance_filter,"[3, 75, 78, 52, 9, 98, 99, 56, 73, 67, 75, 78, 52, 9, 98, 99, 56, 73, 67]",[],"{""accepted_indices"": [0, 1, 2, 3, 4, 5, 6, 7, 8, 9, 1, 2, 3, 4, 5, 6, 7, 8, 9], ""eps1"": 10, ""distance_median"": 0.3848770230376167}"
224,rflbat,rflbat_cluster_filter,"[75, 78, 52, 9, 98, 99, 56, 73, 67, 75, 78, 52, 9, 98, 99, 56, 73, 67]",[3],"{""accepted_indices"": [1, 2, 3, 4, 5, 6, 7, 8, 9, 1, 2, 3, 4, 5, 6, 7, 8, 9], ""num_clusters"": 2, ""cluster_scores"": [0.10908029456252491, 1]}"
224,rflbat,rflbat_final_distance_filter,"[75, 78, 52, 9, 98, 99, 56, 73, 67]",[3],"{""accepted_indices"": [1, 2, 3, 4, 5, 6, 7, 8, 9, 1, 2, 3, 4, 5, 6, 7, 8, 9], ""eps2"": 6, ""distance_median"": 0.4585836470549256}"
225,rflbat,rflbat_first_distance_filter,"[3, 9, 83, 32, 59, 30, 2, 84, 51, 62, 9, 83, 32, 59, 30, 2, 84, 51, 62]",[],"{""accepted_indices"": [0, 1, 2, 3, 4, 5, 6, 7, 8, 9, 1, 2, 3, 4, 5, 6, 7, 8, 9], ""eps1"": 10, ""distance_median"": 0.6564805037562688}"
225,rflbat,rflbat_cluster_filter,"[3, 9, 83, 32, 59, 30, 2, 84, 51, 62, 9, 83, 32, 59, 30, 2, 84, 51, 62]",[],"{""accepted_indices"": [0, 1, 2, 3, 4, 5, 6, 7, 8, 9, 1, 2, 3, 4, 5, 6, 7, 8, 9], ""num_clusters"": 1, ""cluster_scores"": [0.10891617653778007]}"
225,rflbat,rflbat_final_distance_filter,"[3, 9, 83, 32, 59, 30, 2, 84, 51, 62]",[],"{""accepted_indices"": [0, 1, 2, 3, 4, 5, 6, 7, 8, 9, 1, 2, 3, 4, 5, 6, 7, 8, 9], ""eps2"": 6, ""distance_median"": 1.2564582161948192}"
226,rflbat,rflbat_first_distance_filter,"[4, 80, 67, 89, 32, 25, 37, 15, 52, 28, 80, 67, 89, 32, 25, 37, 15, 52, 28]",[],"{""accepted_indices"": [0, 1, 2, 3, 4, 5, 6, 7, 8, 9, 1, 2, 3, 4, 5, 6, 7, 8, 9], ""eps1"": 10, ""distance_median"": 0.5418795706027065}"
226,rflbat,rflbat_cluster_filter,"[4, 80, 67, 89, 32, 37, 15, 52, 28, 80, 67, 89, 32, 37, 15, 52, 28]",[25],"{""accepted_indices"": [0, 1, 2, 3, 4, 6, 7, 8, 9, 1, 2, 3, 4, 6, 7, 8, 9], ""num_clusters"": 2, ""cluster_scores"": [1.0000000000012557, 0.12239580422004777]}"
226,rflbat,rflbat_final_distance_filter,"[80, 67, 89, 32, 37, 15, 52, 28]","[4, 25]","{""accepted_indices"": [1, 2, 3, 4, 6, 7, 8, 9, 1, 2, 3, 4, 6, 7, 8, 9], ""eps2"": 6, ""distance_median"": 0.5443109483255437}"
227,rflbat,rflbat_first_distance_filter,"[4, 77, 85, 60, 47, 29, 12, 41, 66, 54, 77, 85, 60, 47, 29, 12, 41, 66, 54]",[],"{""accepted_indices"": [0, 1, 2, 3, 4, 5, 6, 7, 8, 9, 1, 2, 3, 4, 5, 6, 7, 8, 9], ""eps1"": 10, ""distance_median"": 0.6806741154512441}"
227,rflbat,rflbat_cluster_filter,"[4, 77, 85, 60, 47, 29, 12, 41, 66, 54, 77, 85, 60, 47, 29, 12, 41, 66, 54]",[],"{""accepted_indices"": [0, 1, 2, 3, 4, 5, 6, 7, 8, 9, 1, 2, 3, 4, 5, 6, 7, 8, 9], ""num_clusters"": 1, ""cluster_scores"": [0.11726221488236126]}"
227,rflbat,rflbat_final_distance_filter,"[77, 85, 60, 47, 29, 12, 41, 66, 54]",[4],"{""accepted_indices"": [1, 2, 3, 4, 5, 6, 7, 8, 9, 1, 2, 3, 4, 5, 6, 7, 8, 9], ""eps2"": 6, ""distance_median"": 0.905892935228233}"
228,rflbat,rflbat_first_distance_filter,"[2, 86, 82, 76, 63, 78, 58, 79, 42, 28, 86, 82, 76, 63, 78, 58, 79, 42, 28]",[],"{""accepted_indices"": [0, 1, 2, 3, 4, 5, 6, 7, 8, 9, 1, 2, 3, 4, 5, 6, 7, 8, 9], ""eps1"": 10, ""distance_median"": 0.5784601294140398}"
228,rflbat,rflbat_cluster_filter,"[2, 86, 82, 76, 63, 78, 58, 79, 42, 28, 86, 82, 76, 63, 78, 58, 79, 42, 28]",[],"{""accepted_indices"": [0, 1, 2, 3, 4, 5, 6, 7, 8, 9, 1, 2, 3, 4, 5, 6, 7, 8, 9], ""num_clusters"": 1, ""cluster_scores"": [0.11414844277911634]}"
228,rflbat,rflbat_final_distance_filter,"[86, 82, 76, 63, 78, 58, 79, 42, 28]",[2],"{""accepted_indices"": [1, 2, 3, 4, 5, 6, 7, 8, 9, 1, 2, 3, 4, 5, 6, 7, 8, 9], ""eps2"": 6, ""distance_median"": 0.8018941740890346}"
229,rflbat,rflbat_first_distance_filter,"[2, 31, 12, 74, 9, 61, 33, 13, 69, 58, 31, 12, 74, 9, 61, 33, 13, 69, 58]",[],"{""accepted_indices"": [0, 1, 2, 3, 4, 5, 6, 7, 8, 9, 1, 2, 3, 4, 5, 6, 7, 8, 9], ""eps1"": 10, ""distance_median"": 0.6826742055509402}"
229,rflbat,rflbat_cluster_filter,"[31, 12, 74, 9, 61, 13, 69, 58, 31, 12, 74, 9, 61, 13, 69, 58]","[2, 33]","{""accepted_indices"": [1, 2, 3, 4, 5, 7, 8, 9, 1, 2, 3, 4, 5, 7, 8, 9], ""num_clusters"": 3, ""cluster_scores"": [0.1276980507776388, 1.0000000000012885, 1]}"
229,rflbat,rflbat_final_distance_filter,"[31, 12, 74, 9, 61, 13, 69, 58]","[2, 33]","{""accepted_indices"": [1, 2, 3, 4, 5, 7, 8, 9, 1, 2, 3, 4, 5, 7, 8, 9], ""eps2"": 6, ""distance_median"": 0.10598416515012687}"
230,rflbat,rflbat_first_distance_filter,"[0, 61, 26, 85, 86, 29, 91, 54, 78, 84, 61, 26, 85, 86, 29, 91, 54, 78, 84]",[],"{""accepted_indices"": [0, 1, 2, 3, 4, 5, 6, 7, 8, 9, 1, 2, 3, 4, 5, 6, 7, 8, 9], ""eps1"": 10, ""distance_median"": 0.6115034909026652}"
230,rflbat,rflbat_cluster_filter,"[0, 61, 26, 85, 86, 29, 91, 54, 78, 84, 61, 26, 85, 86, 29, 91, 54, 78, 84]",[],"{""accepted_indices"": [0, 1, 2, 3, 4, 5, 6, 7, 8, 9, 1, 2, 3, 4, 5, 6, 7, 8, 9], ""num_clusters"": 1, ""cluster_scores"": [0.0977302967467245]}"
230,rflbat,rflbat_final_distance_filter,"[61, 26, 85, 86, 29, 91, 54, 78, 84]",[0],"{""accepted_indices"": [1, 2, 3, 4, 5, 6, 7, 8, 9, 1, 2, 3, 4, 5, 6, 7, 8, 9], ""eps2"": 6, ""distance_median"": 0.8659450937117636}"
231,rflbat,rflbat_first_distance_filter,"[0, 97, 42, 79, 12, 1, 41, 19, 96, 49, 97, 42, 79, 12, 1, 41, 19, 96, 49]",[],"{""accepted_indices"": [0, 1, 2, 3, 4, 5, 6, 7, 8, 9, 1, 2, 3, 4, 5, 6, 7, 8, 9], ""eps1"": 10, ""distance_median"": 1.2075353457187221}"
231,rflbat,rflbat_cluster_filter,"[0, 97, 42, 79, 12, 1, 41, 19, 96, 49, 97, 42, 79, 12, 1, 41, 19, 96, 49]",[],"{""accepted_indices"": [0, 1, 2, 3, 4, 5, 6, 7, 8, 9, 1, 2, 3, 4, 5, 6, 7, 8, 9], ""num_clusters"": 1, ""cluster_scores"": [0.10281495091038804]}"
231,rflbat,rflbat_final_distance_filter,"[0, 97, 42, 79, 12, 41, 19, 96, 49]",[1],"{""accepted_indices"": [0, 1, 2, 3, 4, 6, 7, 8, 9, 1, 2, 3, 4, 6, 7, 8, 9], ""eps2"": 6, ""distance_median"": 2.031793040086942}"
232,rflbat,rflbat_first_distance_filter,"[4, 30, 67, 75, 59, 34, 1, 32, 72, 22, 30, 67, 75, 59, 34, 1, 32, 72, 22]",[],"{""accepted_indices"": [0, 1, 2, 3, 4, 5, 6, 7, 8, 9, 1, 2, 3, 4, 5, 6, 7, 8, 9], ""eps1"": 10, ""distance_median"": 1.1179844999769026}"
232,rflbat,rflbat_cluster_filter,"[4, 30, 67, 75, 59, 34, 1, 32, 72, 22, 30, 67, 75, 59, 34, 1, 32, 72, 22]",[],"{""accepted_indices"": [0, 1, 2, 3, 4, 5, 6, 7, 8, 9, 1, 2, 3, 4, 5, 6, 7, 8, 9], ""num_clusters"": 1, ""cluster_scores"": [0.12087343838094458]}"
232,rflbat,rflbat_final_distance_filter,"[4, 30, 67, 75, 59, 34, 32, 72, 22]",[1],"{""accepted_indices"": [0, 1, 2, 3, 4, 5, 7, 8, 9, 1, 2, 3, 4, 5, 7, 8, 9], ""eps2"": 6, ""distance_median"": 1.850204170592067}"
233,rflbat,rflbat_first_distance_filter,"[2, 82, 74, 90, 84, 12, 17, 23, 8, 27, 82, 74, 90, 84, 12, 17, 23, 8, 27]",[],"{""accepted_indices"": [0, 1, 2, 3, 4, 5, 6, 7, 8, 9, 1, 2, 3, 4, 5, 6, 7, 8, 9], ""eps1"": 10, ""distance_median"": 0.6231159292900792}"
233,rflbat,rflbat_cluster_filter,"[2, 82, 74, 90, 84, 12, 17, 23, 8, 27, 82, 74, 90, 84, 12, 17, 23, 8, 27]",[],"{""accepted_indices"": [0, 1, 2, 3, 4, 5, 6, 7, 8, 9, 1, 2, 3, 4, 5, 6, 7, 8, 9], ""num_clusters"": 1, ""cluster_scores"": [0.10752186832596027]}"
233,rflbat,rflbat_final_distance_filter,"[82, 74, 90, 84, 12, 17, 23, 8, 27]",[2],"{""accepted_indices"": [1, 2, 3, 4, 5, 6, 7, 8, 9, 1, 2, 3, 4, 5, 6, 7, 8, 9], ""eps2"": 6, ""distance_median"": 0.8747572307001826}"
234,rflbat,rflbat_first_distance_filter,"[2, 62, 8, 65, 22, 21, 66, 74, 24, 13, 62, 8, 65, 22, 21, 66, 74, 24, 13]",[],"{""accepted_indices"": [0, 1, 2, 3, 4, 5, 6, 7, 8, 9, 1, 2, 3, 4, 5, 6, 7, 8, 9], ""eps1"": 10, ""distance_median"": 0.6284357473590017}"
234,rflbat,rflbat_cluster_filter,"[2, 62, 8, 65, 22, 21, 66, 74, 24, 13, 62, 8, 65, 22, 21, 66, 74, 24, 13]",[],"{""accepted_indices"": [0, 1, 2, 3, 4, 5, 6, 7, 8, 9, 1, 2, 3, 4, 5, 6, 7, 8, 9], ""num_clusters"": 1, ""cluster_scores"": [0.09891839861823958]}"
234,rflbat,rflbat_final_distance_filter,"[62, 8, 65, 22, 21, 66, 74, 24, 13]",[2],"{""accepted_indices"": [1, 2, 3, 4, 5, 6, 7, 8, 9, 1, 2, 3, 4, 5, 6, 7, 8, 9], ""eps2"": 6, ""distance_median"": 0.8618351496057718}"
235,rflbat,rflbat_first_distance_filter,"[3, 76, 91, 39, 85, 88, 45, 48, 56, 74, 76, 91, 39, 85, 88, 45, 48, 56, 74]",[],"{""accepted_indices"": [0, 1, 2, 3, 4, 5, 6, 7, 8, 9, 1, 2, 3, 4, 5, 6, 7, 8, 9], ""eps1"": 10, ""distance_median"": 0.5194642536926515}"
235,rflbat,rflbat_cluster_filter,"[3, 76, 91, 39, 85, 88, 45, 48, 56, 74, 76, 91, 39, 85, 88, 45, 48, 56, 74]",[],"{""accepted_indices"": [0, 1, 2, 3, 4, 5, 6, 7, 8, 9, 1, 2, 3, 4, 5, 6, 7, 8, 9], ""num_clusters"": 1, ""cluster_scores"": [0.10882846329160467]}"
235,rflbat,rflbat_final_distance_filter,"[3, 76, 91, 39, 85, 88, 45, 48, 56, 74]",[],"{""accepted_indices"": [0, 1, 2, 3, 4, 5, 6, 7, 8, 9, 1, 2, 3, 4, 5, 6, 7, 8, 9], ""eps2"": 6, ""distance_median"": 0.8088602087246213}"
236,rflbat,rflbat_first_distance_filter,"[0, 71, 45, 26, 6, 30, 36, 65, 84, 60, 71, 45, 26, 6, 30, 36, 65, 84, 60]",[],"{""accepted_indices"": [0, 1, 2, 3, 4, 5, 6, 7, 8, 9, 1, 2, 3, 4, 5, 6, 7, 8, 9], ""eps1"": 10, ""distance_median"": 0.735937322857224}"
236,rflbat,rflbat_cluster_filter,"[0, 71, 45, 26, 6, 30, 36, 65, 84, 60, 71, 45, 26, 6, 30, 36, 65, 84, 60]",[],"{""accepted_indices"": [0, 1, 2, 3, 4, 5, 6, 7, 8, 9, 1, 2, 3, 4, 5, 6, 7, 8, 9], ""num_clusters"": 1, ""cluster_scores"": [0.10872293614640563]}"
236,rflbat,rflbat_final_distance_filter,"[0, 71, 45, 26, 6, 30, 36, 65, 84, 60]",[],"{""accepted_indices"": [0, 1, 2, 3, 4, 5, 6, 7, 8, 9, 1, 2, 3, 4, 5, 6, 7, 8, 9], ""eps2"": 6, ""distance_median"": 1.1193152349731905}"
237,rflbat,rflbat_first_distance_filter,"[1, 16, 69, 3, 19, 64, 36, 13, 72, 23, 16, 69, 3, 19, 64, 36, 13, 72, 23]",[],"{""accepted_indices"": [0, 1, 2, 3, 4, 5, 6, 7, 8, 9, 1, 2, 3, 4, 5, 6, 7, 8, 9], ""eps1"": 10, ""distance_median"": 0.8999994087251872}"
237,rflbat,rflbat_cluster_filter,"[1, 16, 69, 3, 19, 64, 36, 13, 72, 23, 16, 69, 3, 19, 64, 36, 13, 72, 23]",[],"{""accepted_indices"": [0, 1, 2, 3, 4, 5, 6, 7, 8, 9, 1, 2, 3, 4, 5, 6, 7, 8, 9], ""num_clusters"": 1, ""cluster_scores"": [0.10974117073715743]}"
237,rflbat,rflbat_final_distance_filter,"[16, 69, 3, 19, 64, 36, 13, 72, 23]",[1],"{""accepted_indices"": [1, 2, 3, 4, 5, 6, 7, 8, 9, 1, 2, 3, 4, 5, 6, 7, 8, 9], ""eps2"": 6, ""distance_median"": 1.0851509361110634}"
238,rflbat,rflbat_first_distance_filter,"[0, 31, 83, 82, 27, 89, 92, 61, 60, 99, 31, 83, 82, 27, 89, 92, 61, 60, 99]",[],"{""accepted_indices"": [0, 1, 2, 3, 4, 5, 6, 7, 8, 9, 1, 2, 3, 4, 5, 6, 7, 8, 9], ""eps1"": 10, ""distance_median"": 0.49685048301445217}"
238,rflbat,rflbat_cluster_filter,"[0, 31, 83, 82, 27, 89, 92, 61, 60, 99, 31, 83, 82, 27, 89, 92, 61, 60, 99]",[],"{""accepted_indices"": [0, 1, 2, 3, 4, 5, 6, 7, 8, 9, 1, 2, 3, 4, 5, 6, 7, 8, 9], ""num_clusters"": 1, ""cluster_scores"": [0.12238943455899837]}"
238,rflbat,rflbat_final_distance_filter,"[31, 83, 82, 27, 89, 92, 61, 60, 99]",[0],"{""accepted_indices"": [1, 2, 3, 4, 5, 6, 7, 8, 9, 1, 2, 3, 4, 5, 6, 7, 8, 9], ""eps2"": 6, ""distance_median"": 0.7047888992276847}"
239,rflbat,rflbat_first_distance_filter,"[3, 49, 98, 5, 43, 21, 15, 94, 39, 1, 49, 98, 5, 43, 21, 15, 94, 39, 1]",[],"{""accepted_indices"": [0, 1, 2, 3, 4, 5, 6, 7, 8, 9, 1, 2, 3, 4, 5, 6, 7, 8, 9], ""eps1"": 10, ""distance_median"": 1.0091235701740295}"
239,rflbat,rflbat_cluster_filter,"[3, 49, 98, 5, 43, 21, 15, 94, 39, 1, 49, 98, 5, 43, 21, 15, 94, 39, 1]",[],"{""accepted_indices"": [0, 1, 2, 3, 4, 5, 6, 7, 8, 9, 1, 2, 3, 4, 5, 6, 7, 8, 9], ""num_clusters"": 1, ""cluster_scores"": [0.10931610189473424]}"
239,rflbat,rflbat_final_distance_filter,"[3, 49, 98, 5, 43, 21, 15, 94, 39]",[1],"{""accepted_indices"": [0, 1, 2, 3, 4, 5, 6, 7, 8, 1, 2, 3, 4, 5, 6, 7, 8], ""eps2"": 6, ""distance_median"": 1.8845672800387825}"
240,rflbat,rflbat_first_distance_filter,"[2, 37, 31, 78, 93, 74, 76, 60, 44, 26, 37, 31, 78, 93, 74, 76, 60, 44, 26]",[],"{""accepted_indices"": [0, 1, 2, 3, 4, 5, 6, 7, 8, 9, 1, 2, 3, 4, 5, 6, 7, 8, 9], ""eps1"": 10, ""distance_median"": 0.8819769692879063}"
240,rflbat,rflbat_cluster_filter,"[2, 37, 31, 78, 93, 74, 76, 60, 44, 26, 37, 31, 78, 93, 74, 76, 60, 44, 26]",[],"{""accepted_indices"": [0, 1, 2, 3, 4, 5, 6, 7, 8, 9, 1, 2, 3, 4, 5, 6, 7, 8, 9], ""num_clusters"": 1, ""cluster_scores"": [0.1049295694640733]}"
240,rflbat,rflbat_final_distance_filter,"[2, 37, 31, 78, 93, 74, 76, 60, 44, 26]",[],"{""accepted_indices"": [0, 1, 2, 3, 4, 5, 6, 7, 8, 9, 1, 2, 3, 4, 5, 6, 7, 8, 9], ""eps2"": 6, ""distance_median"": 1.343996166705094}"
241,rflbat,rflbat_first_distance_filter,"[3, 71, 1, 53, 13, 98, 41, 19, 58, 84, 71, 1, 53, 13, 98, 41, 19, 58, 84]",[],"{""accepted_indices"": [0, 1, 2, 3, 4, 5, 6, 7, 8, 9, 1, 2, 3, 4, 5, 6, 7, 8, 9], ""eps1"": 10, ""distance_median"": 1.0409143264116554}"
241,rflbat,rflbat_cluster_filter,"[3, 71, 1, 53, 13, 98, 41, 19, 58, 84, 71, 1, 53, 13, 98, 41, 19, 58, 84]",[],"{""accepted_indices"": [0, 1, 2, 3, 4, 5, 6, 7, 8, 9, 1, 2, 3, 4, 5, 6, 7, 8, 9], ""num_clusters"": 1, ""cluster_scores"": [0.11216677519943921]}"
241,rflbat,rflbat_final_distance_filter,"[3, 71, 53, 13, 98, 41, 19, 58, 84]",[1],"{""accepted_indices"": [0, 1, 3, 4, 5, 6, 7, 8, 9, 1, 3, 4, 5, 6, 7, 8, 9], ""eps2"": 6, ""distance_median"": 2.059138090485853}"
242,rflbat,rflbat_first_distance_filter,"[1, 98, 82, 16, 84, 94, 72, 53, 87, 90, 98, 82, 16, 84, 94, 72, 53, 87, 90]",[],"{""accepted_indices"": [0, 1, 2, 3, 4, 5, 6, 7, 8, 9, 1, 2, 3, 4, 5, 6, 7, 8, 9], ""eps1"": 10, ""distance_median"": 1.0540768442410773}"
242,rflbat,rflbat_cluster_filter,"[82, 16, 94, 87, 82, 16, 94, 87]","[1, 98, 84, 72, 53, 90]","{""accepted_indices"": [2, 3, 5, 8, 2, 3, 5, 8], ""num_clusters"": 5, ""cluster_scores"": [1.0000000000014944, 1, 0.33062459635141456, 0.2832771329428313, 1.0000000000016303]}"
242,rflbat,rflbat_final_distance_filter,"[82, 16, 94, 87]","[1, 98, 84, 72, 53, 90]","{""accepted_indices"": [2, 3, 5, 8, 2, 3, 5, 8], ""eps2"": 6, ""distance_median"": 0.05355536110278209}"
243,rflbat,rflbat_first_distance_filter,"[1, 19, 15, 82, 76, 30, 57, 20, 58, 32, 19, 15, 82, 76, 30, 57, 20, 58, 32]",[],"{""accepted_indices"": [0, 1, 2, 3, 4, 5, 6, 7, 8, 9, 1, 2, 3, 4, 5, 6, 7, 8, 9], ""eps1"": 10, ""distance_median"": 1.0081290040840882}"
243,rflbat,rflbat_cluster_filter,"[19, 15, 82, 76, 30, 57, 20, 58, 32, 19, 15, 82, 76, 30, 57, 20, 58, 32]",[1],"{""accepted_indices"": [1, 2, 3, 4, 5, 6, 7, 8, 9, 1, 2, 3, 4, 5, 6, 7, 8, 9], ""num_clusters"": 2, ""cluster_scores"": [1, 0.10599977669614541]}"
243,rflbat,rflbat_final_distance_filter,"[19, 15, 82, 76, 30, 57, 20, 58, 32]",[1],"{""accepted_indices"": [1, 2, 3, 4, 5, 6, 7, 8, 9, 1, 2, 3, 4, 5, 6, 7, 8, 9], ""eps2"": 6, ""distance_median"": 0.45880478934585217}"
244,rflbat,rflbat_first_distance_filter,"[3, 2, 15, 8, 66, 63, 87, 39, 53, 30, 2, 15, 8, 66, 63, 87, 39, 53, 30]",[],"{""accepted_indices"": [0, 1, 2, 3, 4, 5, 6, 7, 8, 9, 1, 2, 3, 4, 5, 6, 7, 8, 9], ""eps1"": 10, ""distance_median"": 0.6046229788800104}"
244,rflbat,rflbat_cluster_filter,"[3, 2, 15, 8, 66, 63, 87, 39, 53, 30, 2, 15, 8, 66, 63, 87, 39, 53, 30]",[],"{""accepted_indices"": [0, 1, 2, 3, 4, 5, 6, 7, 8, 9, 1, 2, 3, 4, 5, 6, 7, 8, 9], ""num_clusters"": 1, ""cluster_scores"": [0.10896179224830296]}"
244,rflbat,rflbat_final_distance_filter,"[3, 2, 15, 8, 66, 63, 87, 39, 53, 30]",[],"{""accepted_indices"": [0, 1, 2, 3, 4, 5, 6, 7, 8, 9, 1, 2, 3, 4, 5, 6, 7, 8, 9], ""eps2"": 6, ""distance_median"": 1.0826022069691115}"
245,rflbat,rflbat_first_distance_filter,"[4, 9, 99, 81, 54, 28, 66, 17, 23, 14, 9, 99, 81, 54, 28, 66, 17, 23, 14]",[],"{""accepted_indices"": [0, 1, 2, 3, 4, 5, 6, 7, 8, 9, 1, 2, 3, 4, 5, 6, 7, 8, 9], ""eps1"": 10, ""distance_median"": 0.6175902909504488}"
245,rflbat,rflbat_cluster_filter,"[4, 9, 99, 81, 54, 28, 66, 17, 23, 14, 9, 99, 81, 54, 28, 66, 17, 23, 14]",[],"{""accepted_indices"": [0, 1, 2, 3, 4, 5, 6, 7, 8, 9, 1, 2, 3, 4, 5, 6, 7, 8, 9], ""num_clusters"": 1, ""cluster_scores"": [0.12047653965033324]}"
245,rflbat,rflbat_final_distance_filter,"[9, 99, 81, 54, 28, 66, 17, 23, 14]",[4],"{""accepted_indices"": [1, 2, 3, 4, 5, 6, 7, 8, 9, 1, 2, 3, 4, 5, 6, 7, 8, 9], ""eps2"": 6, ""distance_median"": 0.8454516170523456}"
246,rflbat,rflbat_first_distance_filter,"[3, 74, 55, 16, 31, 9, 23, 14, 98, 45, 74, 55, 16, 31, 9, 23, 14, 98, 45]",[],"{""accepted_indices"": [0, 1, 2, 3, 4, 5, 6, 7, 8, 9, 1, 2, 3, 4, 5, 6, 7, 8, 9], ""eps1"": 10, ""distance_median"": 0.3203998689994528}"
246,rflbat,rflbat_cluster_filter,"[3, 74, 55, 16, 31, 9, 23, 14, 98, 45, 74, 55, 16, 31, 9, 23, 14, 98, 45]",[],"{""accepted_indices"": [0, 1, 2, 3, 4, 5, 6, 7, 8, 9, 1, 2, 3, 4, 5, 6, 7, 8, 9], ""num_clusters"": 1, ""cluster_scores"": [0.11100721470989713]}"
246,rflbat,rflbat_final_distance_filter,"[3, 74, 55, 16, 31, 9, 23, 14, 98, 45]",[],"{""accepted_indices"": [0, 1, 2, 3, 4, 5, 6, 7, 8, 9, 1, 2, 3, 4, 5, 6, 7, 8, 9], ""eps2"": 6, ""distance_median"": 0.493170197644988}"
247,rflbat,rflbat_first_distance_filter,"[2, 50, 64, 65, 67, 21, 10, 22, 98, 18, 50, 64, 65, 67, 21, 10, 22, 98, 18]",[],"{""accepted_indices"": [0, 1, 2, 3, 4, 5, 6, 7, 8, 9, 1, 2, 3, 4, 5, 6, 7, 8, 9], ""eps1"": 10, ""distance_median"": 0.6049863167849729}"
247,rflbat,rflbat_cluster_filter,"[2, 50, 64, 65, 67, 21, 10, 22, 98, 18, 50, 64, 65, 67, 21, 10, 22, 98, 18]",[],"{""accepted_indices"": [0, 1, 2, 3, 4, 5, 6, 7, 8, 9, 1, 2, 3, 4, 5, 6, 7, 8, 9], ""num_clusters"": 1, ""cluster_scores"": [0.11717085864623807]}"
247,rflbat,rflbat_final_distance_filter,"[50, 64, 65, 67, 21, 10, 22, 98, 18]",[2],"{""accepted_indices"": [1, 2, 3, 4, 5, 6, 7, 8, 9, 1, 2, 3, 4, 5, 6, 7, 8, 9], ""eps2"": 6, ""distance_median"": 0.8328108038201965}"
248,rflbat,rflbat_first_distance_filter,"[4, 35, 63, 79, 18, 75, 62, 69, 54, 96, 35, 63, 79, 18, 75, 62, 69, 54, 96]",[],"{""accepted_indices"": [0, 1, 2, 3, 4, 5, 6, 7, 8, 9, 1, 2, 3, 4, 5, 6, 7, 8, 9], ""eps1"": 10, ""distance_median"": 0.7371089646044338}"
248,rflbat,rflbat_cluster_filter,"[4, 35, 63, 79, 18, 75, 62, 69, 54, 96, 35, 63, 79, 18, 75, 62, 69, 54, 96]",[],"{""accepted_indices"": [0, 1, 2, 3, 4, 5, 6, 7, 8, 9, 1, 2, 3, 4, 5, 6, 7, 8, 9], ""num_clusters"": 1, ""cluster_scores"": [0.10213862803988626]}"
248,rflbat,rflbat_final_distance_filter,"[4, 35, 63, 79, 18, 75, 62, 69, 54, 96]",[],"{""accepted_indices"": [0, 1, 2, 3, 4, 5, 6, 7, 8, 9, 1, 2, 3, 4, 5, 6, 7, 8, 9], ""eps2"": 6, ""distance_median"": 1.1591571679624637}"
249,rflbat,rflbat_first_distance_filter,"[4, 92, 53, 99, 66, 33, 7, 81, 77, 24, 92, 53, 99, 66, 33, 7, 81, 77, 24]",[],"{""accepted_indices"": [0, 1, 2, 3, 4, 5, 6, 7, 8, 9, 1, 2, 3, 4, 5, 6, 7, 8, 9], ""eps1"": 10, ""distance_median"": 0.5832158760961071}"
249,rflbat,rflbat_cluster_filter,"[4, 92, 53, 99, 66, 33, 7, 81, 77, 24, 92, 53, 99, 66, 33, 7, 81, 77, 24]",[],"{""accepted_indices"": [0, 1, 2, 3, 4, 5, 6, 7, 8, 9, 1, 2, 3, 4, 5, 6, 7, 8, 9], ""num_clusters"": 1, ""cluster_scores"": [0.10434089263928593]}"
249,rflbat,rflbat_final_distance_filter,"[92, 53, 99, 66, 33, 7, 81, 77, 24]",[4],"{""accepted_indices"": [1, 2, 3, 4, 5, 6, 7, 8, 9, 1, 2, 3, 4, 5, 6, 7, 8, 9], ""eps2"": 6, ""distance_median"": 0.858165646110037}"
250,rflbat,rflbat_first_distance_filter,"[2, 47, 12, 79, 80, 8, 6, 73, 31, 28, 47, 12, 79, 80, 8, 6, 73, 31, 28]",[],"{""accepted_indices"": [0, 1, 2, 3, 4, 5, 6, 7, 8, 9, 1, 2, 3, 4, 5, 6, 7, 8, 9], ""eps1"": 10, ""distance_median"": 0.5916506433269941}"
250,rflbat,rflbat_cluster_filter,"[2, 47, 12, 79, 80, 8, 6, 73, 31, 28, 47, 12, 79, 80, 8, 6, 73, 31, 28]",[],"{""accepted_indices"": [0, 1, 2, 3, 4, 5, 6, 7, 8, 9, 1, 2, 3, 4, 5, 6, 7, 8, 9], ""num_clusters"": 1, ""cluster_scores"": [0.10034843991662454]}"
250,rflbat,rflbat_final_distance_filter,"[47, 12, 79, 80, 8, 6, 73, 31, 28]",[2],"{""accepted_indices"": [1, 2, 3, 4, 5, 6, 7, 8, 9, 1, 2, 3, 4, 5, 6, 7, 8, 9], ""eps2"": 6, ""distance_median"": 0.8146018790894928}"
251,rflbat,rflbat_first_distance_filter,"[2, 72, 51, 33, 1, 38, 9, 22, 43, 68, 72, 51, 33, 1, 38, 9, 22, 43, 68]",[],"{""accepted_indices"": [0, 1, 2, 3, 4, 5, 6, 7, 8, 9, 1, 2, 3, 4, 5, 6, 7, 8, 9], ""eps1"": 10, ""distance_median"": 1.2543113985262457}"
251,rflbat,rflbat_cluster_filter,"[2, 72, 51, 33, 1, 38, 9, 22, 43, 68, 72, 51, 33, 1, 38, 9, 22, 43, 68]",[],"{""accepted_indices"": [0, 1, 2, 3, 4, 5, 6, 7, 8, 9, 1, 2, 3, 4, 5, 6, 7, 8, 9], ""num_clusters"": 1, ""cluster_scores"": [0.10708154749983505]}"
251,rflbat,rflbat_final_distance_filter,"[2, 72, 51, 33, 38, 9, 22, 43, 68]",[1],"{""accepted_indices"": [0, 1, 2, 3, 5, 6, 7, 8, 9, 1, 2, 3, 5, 6, 7, 8, 9], ""eps2"": 6, ""distance_median"": 2.125094120281153}"
252,rflbat,rflbat_first_distance_filter,"[0, 3, 80, 92, 35, 82, 76, 58, 19, 90, 3, 80, 92, 35, 82, 76, 58, 19, 90]",[],"{""accepted_indices"": [0, 1, 2, 3, 4, 5, 6, 7, 8, 9, 1, 2, 3, 4, 5, 6, 7, 8, 9], ""eps1"": 10, ""distance_median"": 0.6861280350834427}"
252,rflbat,rflbat_cluster_filter,"[0, 3, 80, 92, 35, 82, 76, 58, 19, 90, 3, 80, 92, 35, 82, 76, 58, 19, 90]",[],"{""accepted_indices"": [0, 1, 2, 3, 4, 5, 6, 7, 8, 9, 1, 2, 3, 4, 5, 6, 7, 8, 9], ""num_clusters"": 1, ""cluster_scores"": [0.12799642784763407]}"
252,rflbat,rflbat_final_distance_filter,"[3, 80, 92, 35, 82, 76, 58, 19, 90]",[0],"{""accepted_indices"": [1, 2, 3, 4, 5, 6, 7, 8, 9, 1, 2, 3, 4, 5, 6, 7, 8, 9], ""eps2"": 6, ""distance_median"": 0.9980579267019262}"
253,rflbat,rflbat_first_distance_filter,"[4, 17, 77, 85, 95, 45, 55, 5, 40, 41, 17, 77, 85, 95, 45, 55, 5, 40, 41]",[],"{""accepted_indices"": [0, 1, 2, 3, 4, 5, 6, 7, 8, 9, 1, 2, 3, 4, 5, 6, 7, 8, 9], ""eps1"": 10, ""distance_median"": 0.5921861277376946}"
253,rflbat,rflbat_cluster_filter,"[4, 17, 77, 85, 95, 45, 55, 5, 40, 41, 17, 77, 85, 95, 45, 55, 5, 40, 41]",[],"{""accepted_indices"": [0, 1, 2, 3, 4, 5, 6, 7, 8, 9, 1, 2, 3, 4, 5, 6, 7, 8, 9], ""num_clusters"": 1, ""cluster_scores"": [0.11709318285784935]}"
253,rflbat,rflbat_final_distance_filter,"[17, 77, 85, 95, 45, 55, 5, 40, 41]",[4],"{""accepted_indices"": [1, 2, 3, 4, 5, 6, 7, 8, 9, 1, 2, 3, 4, 5, 6, 7, 8, 9], ""eps2"": 6, ""distance_median"": 0.7943256152899254}"
254,rflbat,rflbat_first_distance_filter,"[0, 42, 18, 84, 59, 26, 76, 12, 43, 95, 42, 18, 84, 59, 26, 76, 12, 43, 95]",[],"{""accepted_indices"": [0, 1, 2, 3, 4, 5, 6, 7, 8, 9, 1, 2, 3, 4, 5, 6, 7, 8, 9], ""eps1"": 10, ""distance_median"": 0.6775449313113727}"
254,rflbat,rflbat_cluster_filter,"[0, 42, 18, 84, 59, 26, 76, 12, 43, 95, 42, 18, 84, 59, 26, 76, 12, 43, 95]",[],"{""accepted_indices"": [0, 1, 2, 3, 4, 5, 6, 7, 8, 9, 1, 2, 3, 4, 5, 6, 7, 8, 9], ""num_clusters"": 1, ""cluster_scores"": [0.11581287719532532]}"
254,rflbat,rflbat_final_distance_filter,"[42, 18, 84, 59, 26, 76, 12, 43, 95]",[0],"{""accepted_indices"": [1, 2, 3, 4, 5, 6, 7, 8, 9, 1, 2, 3, 4, 5, 6, 7, 8, 9], ""eps2"": 6, ""distance_median"": 0.9790369694914924}"
255,rflbat,rflbat_first_distance_filter,"[4, 19, 92, 78, 42, 60, 65, 27, 99, 50, 19, 92, 78, 42, 60, 65, 27, 99, 50]",[],"{""accepted_indices"": [0, 1, 2, 3, 4, 5, 6, 7, 8, 9, 1, 2, 3, 4, 5, 6, 7, 8, 9], ""eps1"": 10, ""distance_median"": 0.5181071327192701}"
255,rflbat,rflbat_cluster_filter,"[4, 19, 92, 78, 42, 60, 65, 27, 99, 50, 19, 92, 78, 42, 60, 65, 27, 99, 50]",[],"{""accepted_indices"": [0, 1, 2, 3, 4, 5, 6, 7, 8, 9, 1, 2, 3, 4, 5, 6, 7, 8, 9], ""num_clusters"": 1, ""cluster_scores"": [0.12029638371402733]}"
255,rflbat,rflbat_final_distance_filter,"[19, 92, 78, 42, 60, 65, 27, 99, 50]",[4],"{""accepted_indices"": [1, 2, 3, 4, 5, 6, 7, 8, 9, 1, 2, 3, 4, 5, 6, 7, 8, 9], ""eps2"": 6, ""distance_median"": 0.7219844169574535}"
256,rflbat,rflbat_first_distance_filter,"[1, 58, 8, 52, 28, 7, 5, 12, 67, 91, 58, 8, 52, 28, 7, 5, 12, 67, 91]",[],"{""accepted_indices"": [0, 1, 2, 3, 4, 5, 6, 7, 8, 9, 1, 2, 3, 4, 5, 6, 7, 8, 9], ""eps1"": 10, ""distance_median"": 1.0026924132967123}"
256,rflbat,rflbat_cluster_filter,"[1, 58, 8, 52, 28, 7, 5, 12, 67, 91, 58, 8, 52, 28, 7, 5, 12, 67, 91]",[],"{""accepted_indices"": [0, 1, 2, 3, 4, 5, 6, 7, 8, 9, 1, 2, 3, 4, 5, 6, 7, 8, 9], ""num_clusters"": 1, ""cluster_scores"": [0.10544589345842899]}"
256,rflbat,rflbat_final_distance_filter,"[58, 8, 52, 28, 7, 5, 12, 67, 91]",[1],"{""accepted_indices"": [1, 2, 3, 4, 5, 6, 7, 8, 9, 1, 2, 3, 4, 5, 6, 7, 8, 9], ""eps2"": 6, ""distance_median"": 1.2845999768042613}"
257,rflbat,rflbat_first_distance_filter,"[1, 71, 10, 97, 6, 77, 82, 48, 56, 30, 71, 10, 97, 6, 77, 82, 48, 56, 30]",[],"{""accepted_indices"": [0, 1, 2, 3, 4, 5, 6, 7, 8, 9, 1, 2, 3, 4, 5, 6, 7, 8, 9], ""eps1"": 10, ""distance_median"": 0.93222866083982}"
257,rflbat,rflbat_cluster_filter,"[1, 71, 10, 97, 6, 77, 82, 48, 56, 30, 71, 10, 97, 6, 77, 82, 48, 56, 30]",[],"{""accepted_indices"": [0, 1, 2, 3, 4, 5, 6, 7, 8, 9, 1, 2, 3, 4, 5, 6, 7, 8, 9], ""num_clusters"": 1, ""cluster_scores"": [0.10758602304919715]}"
257,rflbat,rflbat_final_distance_filter,"[71, 10, 97, 6, 77, 82, 48, 56, 30]",[1],"{""accepted_indices"": [1, 2, 3, 4, 5, 6, 7, 8, 9, 1, 2, 3, 4, 5, 6, 7, 8, 9], ""eps2"": 6, ""distance_median"": 1.227837863972099}"
258,rflbat,rflbat_first_distance_filter,"[2, 42, 23, 3, 71, 38, 39, 65, 93, 86, 42, 23, 3, 71, 38, 39, 65, 93, 86]",[],"{""accepted_indices"": [0, 1, 2, 3, 4, 5, 6, 7, 8, 9, 1, 2, 3, 4, 5, 6, 7, 8, 9], ""eps1"": 10, ""distance_median"": 0.6577205896921958}"
258,rflbat,rflbat_cluster_filter,"[2, 42, 23, 3, 71, 38, 39, 65, 93, 86, 42, 23, 3, 71, 38, 39, 65, 93, 86]",[],"{""accepted_indices"": [0, 1, 2, 3, 4, 5, 6, 7, 8, 9, 1, 2, 3, 4, 5, 6, 7, 8, 9], ""num_clusters"": 1, ""cluster_scores"": [0.1140795182370934]}"
258,rflbat,rflbat_final_distance_filter,"[42, 23, 3, 71, 38, 39, 65, 93, 86]",[2],"{""accepted_indices"": [1, 2, 3, 4, 5, 6, 7, 8, 9, 1, 2, 3, 4, 5, 6, 7, 8, 9], ""eps2"": 6, ""distance_median"": 0.9428523262238673}"
259,rflbat,rflbat_first_distance_filter,"[4, 3, 54, 15, 32, 40, 31, 52, 58, 46, 3, 54, 15, 32, 40, 31, 52, 58, 46]",[],"{""accepted_indices"": [0, 1, 2, 3, 4, 5, 6, 7, 8, 9, 1, 2, 3, 4, 5, 6, 7, 8, 9], ""eps1"": 10, ""distance_median"": 0.6353911874013166}"
259,rflbat,rflbat_cluster_filter,"[4, 3, 54, 15, 32, 40, 31, 52, 58, 46, 3, 54, 15, 32, 40, 31, 52, 58, 46]",[],"{""accepted_indices"": [0, 1, 2, 3, 4, 5, 6, 7, 8, 9, 1, 2, 3, 4, 5, 6, 7, 8, 9], ""num_clusters"": 1, ""cluster_scores"": [0.10950413072257782]}"
259,rflbat,rflbat_final_distance_filter,"[3, 54, 15, 32, 40, 31, 52, 58, 46]",[4],"{""accepted_indices"": [1, 2, 3, 4, 5, 6, 7, 8, 9, 1, 2, 3, 4, 5, 6, 7, 8, 9], ""eps2"": 6, ""distance_median"": 0.8201932805846175}"
260,rflbat,rflbat_first_distance_filter,"[3, 81, 8, 74, 2, 65, 31, 53, 79, 87, 81, 8, 74, 2, 65, 31, 53, 79, 87]",[],"{""accepted_indices"": [0, 1, 2, 3, 4, 5, 6, 7, 8, 9, 1, 2, 3, 4, 5, 6, 7, 8, 9], ""eps1"": 10, ""distance_median"": 0.5879902683745158}"
260,rflbat,rflbat_cluster_filter,"[3, 81, 8, 74, 2, 65, 31, 53, 79, 87, 81, 8, 74, 2, 65, 31, 53, 79, 87]",[],"{""accepted_indices"": [0, 1, 2, 3, 4, 5, 6, 7, 8, 9, 1, 2, 3, 4, 5, 6, 7, 8, 9], ""num_clusters"": 1, ""cluster_scores"": [0.09987056321674465]}"
260,rflbat,rflbat_final_distance_filter,"[3, 81, 8, 74, 2, 65, 31, 53, 79, 87]",[],"{""accepted_indices"": [0, 1, 2, 3, 4, 5, 6, 7, 8, 9, 1, 2, 3, 4, 5, 6, 7, 8, 9], ""eps2"": 6, ""distance_median"": 1.0981035632351361}"
261,rflbat,rflbat_first_distance_filter,"[3, 5, 63, 11, 45, 96, 25, 10, 6, 64, 5, 63, 11, 45, 96, 25, 10, 6, 64]",[],"{""accepted_indices"": [0, 1, 2, 3, 4, 5, 6, 7, 8, 9, 1, 2, 3, 4, 5, 6, 7, 8, 9], ""eps1"": 10, ""distance_median"": 0.34563795450557977}"
261,rflbat,rflbat_cluster_filter,"[3, 5, 63, 11, 45, 96, 25, 10, 6, 64, 5, 63, 11, 45, 96, 25, 10, 6, 64]",[],"{""accepted_indices"": [0, 1, 2, 3, 4, 5, 6, 7, 8, 9, 1, 2, 3, 4, 5, 6, 7, 8, 9], ""num_clusters"": 1, ""cluster_scores"": [0.12105302253447157]}"
261,rflbat,rflbat_final_distance_filter,"[3, 5, 63, 11, 45, 96, 25, 10, 6, 64]",[],"{""accepted_indices"": [0, 1, 2, 3, 4, 5, 6, 7, 8, 9, 1, 2, 3, 4, 5, 6, 7, 8, 9], ""eps2"": 6, ""distance_median"": 0.6664968713983668}"
262,rflbat,rflbat_first_distance_filter,"[3, 24, 25, 48, 0, 83, 32, 45, 16, 87, 24, 25, 48, 0, 83, 32, 45, 16, 87]",[],"{""accepted_indices"": [0, 1, 2, 3, 4, 5, 6, 7, 8, 9, 1, 2, 3, 4, 5, 6, 7, 8, 9], ""eps1"": 10, ""distance_median"": 0.6883944441456051}"
262,rflbat,rflbat_cluster_filter,"[3, 24, 25, 48, 0, 83, 32, 45, 16, 87, 24, 25, 48, 0, 83, 32, 45, 16, 87]",[],"{""accepted_indices"": [0, 1, 2, 3, 4, 5, 6, 7, 8, 9, 1, 2, 3, 4, 5, 6, 7, 8, 9], ""num_clusters"": 1, ""cluster_scores"": [0.11132634657523398]}"
262,rflbat,rflbat_final_distance_filter,"[3, 24, 25, 48, 0, 83, 32, 45, 16, 87]",[],"{""accepted_indices"": [0, 1, 2, 3, 4, 5, 6, 7, 8, 9, 1, 2, 3, 4, 5, 6, 7, 8, 9], ""eps2"": 6, ""distance_median"": 1.327594424238978}"
263,rflbat,rflbat_first_distance_filter,"[1, 7, 44, 70, 59, 25, 60, 62, 13, 94, 7, 44, 70, 59, 25, 60, 62, 13, 94]",[],"{""accepted_indices"": [0, 1, 2, 3, 4, 5, 6, 7, 8, 9, 1, 2, 3, 4, 5, 6, 7, 8, 9], ""eps1"": 10, ""distance_median"": 0.7705603224691884}"
263,rflbat,rflbat_cluster_filter,"[1, 7, 44, 70, 59, 25, 60, 62, 13, 94, 7, 44, 70, 59, 25, 60, 62, 13, 94]",[],"{""accepted_indices"": [0, 1, 2, 3, 4, 5, 6, 7, 8, 9, 1, 2, 3, 4, 5, 6, 7, 8, 9], ""num_clusters"": 1, ""cluster_scores"": [0.10820518210738485]}"
263,rflbat,rflbat_final_distance_filter,"[7, 44, 70, 59, 25, 60, 62, 13, 94]",[1],"{""accepted_indices"": [1, 2, 3, 4, 5, 6, 7, 8, 9, 1, 2, 3, 4, 5, 6, 7, 8, 9], ""eps2"": 6, ""distance_median"": 1.0228435584328006}"
264,rflbat,rflbat_first_distance_filter,"[0, 49, 47, 84, 65, 24, 63, 43, 35, 22, 49, 47, 84, 65, 24, 63, 43, 35, 22]",[],"{""accepted_indices"": [0, 1, 2, 3, 4, 5, 6, 7, 8, 9, 1, 2, 3, 4, 5, 6, 7, 8, 9], ""eps1"": 10, ""distance_median"": 0.5999540531636244}"
264,rflbat,rflbat_cluster_filter,"[49, 47, 84, 65, 24, 63, 43, 35, 22, 49, 47, 84, 65, 24, 63, 43, 35, 22]",[0],"{""accepted_indices"": [1, 2, 3, 4, 5, 6, 7, 8, 9, 1, 2, 3, 4, 5, 6, 7, 8, 9], ""num_clusters"": 2, ""cluster_scores"": [0.12278820362912733, 1]}"
264,rflbat,rflbat_final_distance_filter,"[49, 47, 84, 65, 24, 63, 43, 35, 22]",[0],"{""accepted_indices"": [1, 2, 3, 4, 5, 6, 7, 8, 9, 1, 2, 3, 4, 5, 6, 7, 8, 9], ""eps2"": 6, ""distance_median"": 0.5483028877290161}"
265,rflbat,rflbat_first_distance_filter,"[2, 97, 25, 42, 37, 39, 11, 84, 48, 95, 97, 25, 42, 37, 39, 11, 84, 48, 95]",[],"{""accepted_indices"": [0, 1, 2, 3, 4, 5, 6, 7, 8, 9, 1, 2, 3, 4, 5, 6, 7, 8, 9], ""eps1"": 10, ""distance_median"": 0.6091797411526628}"
265,rflbat,rflbat_cluster_filter,"[2, 97, 25, 42, 37, 39, 11, 84, 48, 95, 97, 25, 42, 37, 39, 11, 84, 48, 95]",[],"{""accepted_indices"": [0, 1, 2, 3, 4, 5, 6, 7, 8, 9, 1, 2, 3, 4, 5, 6, 7, 8, 9], ""num_clusters"": 1, ""cluster_scores"": [0.09626357174498029]}"
265,rflbat,rflbat_final_distance_filter,"[97, 25, 42, 37, 39, 11, 84, 48, 95]",[2],"{""accepted_indices"": [1, 2, 3, 4, 5, 6, 7, 8, 9, 1, 2, 3, 4, 5, 6, 7, 8, 9], ""eps2"": 6, ""distance_median"": 0.8585760427957746}"
266,rflbat,rflbat_first_distance_filter,"[0, 56, 47, 74, 26, 38, 79, 11, 63, 9, 56, 47, 74, 26, 38, 79, 11, 63, 9]",[],"{""accepted_indices"": [0, 1, 2, 3, 4, 5, 6, 7, 8, 9, 1, 2, 3, 4, 5, 6, 7, 8, 9], ""eps1"": 10, ""distance_median"": 0.7834478716822544}"
266,rflbat,rflbat_cluster_filter,"[47, 74, 38, 79, 11, 9, 47, 74, 38, 79, 11, 9]","[0, 56, 26, 63]","{""accepted_indices"": [2, 3, 5, 6, 7, 9, 2, 3, 5, 6, 7, 9], ""num_clusters"": 4, ""cluster_scores"": [0.17432568353867745, 1.0000000000015192, 1, 0.5158492995590137]}"
266,rflbat,rflbat_final_distance_filter,"[47, 74, 38, 79, 11, 9]","[0, 56, 26, 63]","{""accepted_indices"": [2, 3, 5, 6, 7, 9, 2, 3, 5, 6, 7, 9], ""eps2"": 6, ""distance_median"": 0.04221125896245431}"
267,rflbat,rflbat_first_distance_filter,"[3, 87, 89, 72, 8, 16, 39, 91, 82, 28, 87, 89, 72, 8, 16, 39, 91, 82, 28]",[],"{""accepted_indices"": [0, 1, 2, 3, 4, 5, 6, 7, 8, 9, 1, 2, 3, 4, 5, 6, 7, 8, 9], ""eps1"": 10, ""distance_median"": 0.37710314329286054}"
267,rflbat,rflbat_cluster_filter,"[3, 87, 89, 72, 8, 16, 39, 91, 82, 28, 87, 89, 72, 8, 16, 39, 91, 82, 28]",[],"{""accepted_indices"": [0, 1, 2, 3, 4, 5, 6, 7, 8, 9, 1, 2, 3, 4, 5, 6, 7, 8, 9], ""num_clusters"": 1, ""cluster_scores"": [0.09740624358325593]}"
267,rflbat,rflbat_final_distance_filter,"[3, 87, 89, 72, 8, 16, 39, 91, 82, 28]",[],"{""accepted_indices"": [0, 1, 2, 3, 4, 5, 6, 7, 8, 9, 1, 2, 3, 4, 5, 6, 7, 8, 9], ""eps2"": 6, ""distance_median"": 0.638975633329197}"
268,rflbat,rflbat_first_distance_filter,"[1, 5, 29, 49, 32, 7, 4, 64, 11, 53, 5, 29, 49, 32, 7, 4, 64, 11, 53]",[],"{""accepted_indices"": [0, 1, 2, 3, 4, 5, 6, 7, 8, 9, 1, 2, 3, 4, 5, 6, 7, 8, 9], ""eps1"": 10, ""distance_median"": 1.1687273000008251}"
268,rflbat,rflbat_cluster_filter,"[1, 5, 29, 49, 32, 7, 4, 64, 11, 53, 5, 29, 49, 32, 7, 4, 64, 11, 53]",[],"{""accepted_indices"": [0, 1, 2, 3, 4, 5, 6, 7, 8, 9, 1, 2, 3, 4, 5, 6, 7, 8, 9], ""num_clusters"": 1, ""cluster_scores"": [0.09661341092255209]}"
268,rflbat,rflbat_final_distance_filter,"[5, 29, 49, 32, 7, 4, 64, 11, 53]",[1],"{""accepted_indices"": [1, 2, 3, 4, 5, 6, 7, 8, 9, 1, 2, 3, 4, 5, 6, 7, 8, 9], ""eps2"": 6, ""distance_median"": 1.5583200211126693}"
269,rflbat,rflbat_first_distance_filter,"[0, 6, 78, 27, 64, 28, 11, 30, 44, 29, 6, 78, 27, 64, 28, 11, 30, 44, 29]",[],"{""accepted_indices"": [0, 1, 2, 3, 4, 5, 6, 7, 8, 9, 1, 2, 3, 4, 5, 6, 7, 8, 9], ""eps1"": 10, ""distance_median"": 0.6178765968386485}"
269,rflbat,rflbat_cluster_filter,"[6, 78, 27, 64, 28, 11, 30, 29, 6, 78, 27, 64, 28, 11, 30, 29]","[0, 44]","{""accepted_indices"": [1, 2, 3, 4, 5, 6, 7, 9, 1, 2, 3, 4, 5, 6, 7, 9], ""num_clusters"": 3, ""cluster_scores"": [1, 0.12125145755960678, 1.000000000002394]}"
269,rflbat,rflbat_final_distance_filter,"[6, 78, 27, 64, 28, 11, 30, 29]","[0, 44]","{""accepted_indices"": [1, 2, 3, 4, 5, 6, 7, 9, 1, 2, 3, 4, 5, 6, 7, 9], ""eps2"": 6, ""distance_median"": 0.11944371558443012}"
270,rflbat,rflbat_first_distance_filter,"[4, 92, 80, 13, 72, 73, 29, 44, 14, 43, 92, 80, 13, 72, 73, 29, 44, 14, 43]",[],"{""accepted_indices"": [0, 1, 2, 3, 4, 5, 6, 7, 8, 9, 1, 2, 3, 4, 5, 6, 7, 8, 9], ""eps1"": 10, ""distance_median"": 0.6024880172723535}"
270,rflbat,rflbat_cluster_filter,"[4, 92, 80, 13, 72, 73, 29, 44, 14, 43, 92, 80, 13, 72, 73, 29, 44, 14, 43]",[],"{""accepted_indices"": [0, 1, 2, 3, 4, 5, 6, 7, 8, 9, 1, 2, 3, 4, 5, 6, 7, 8, 9], ""num_clusters"": 1, ""cluster_scores"": [0.1050374626902176]}"
270,rflbat,rflbat_final_distance_filter,"[92, 80, 13, 72, 73, 29, 44, 14, 43]",[4],"{""accepted_indices"": [1, 2, 3, 4, 5, 6, 7, 8, 9, 1, 2, 3, 4, 5, 6, 7, 8, 9], ""eps2"": 6, ""distance_median"": 0.849086149693367}"
271,rflbat,rflbat_first_distance_filter,"[0, 57, 15, 16, 48, 25, 80, 45, 77, 10, 57, 15, 16, 48, 25, 80, 45, 77, 10]",[],"{""accepted_indices"": [0, 1, 2, 3, 4, 5, 6, 7, 8, 9, 1, 2, 3, 4, 5, 6, 7, 8, 9], ""eps1"": 10, ""distance_median"": 0.570698477562591}"
271,rflbat,rflbat_cluster_filter,"[0, 57, 15, 16, 48, 25, 80, 45, 77, 10, 57, 15, 16, 48, 25, 80, 45, 77, 10]",[],"{""accepted_indices"": [0, 1, 2, 3, 4, 5, 6, 7, 8, 9, 1, 2, 3, 4, 5, 6, 7, 8, 9], ""num_clusters"": 1, ""cluster_scores"": [0.11145124784945164]}"
271,rflbat,rflbat_final_distance_filter,"[57, 15, 16, 48, 25, 80, 45, 77, 10]",[0],"{""accepted_indices"": [1, 2, 3, 4, 5, 6, 7, 8, 9, 1, 2, 3, 4, 5, 6, 7, 8, 9], ""eps2"": 6, ""distance_median"": 0.7825346242106892}"
272,rflbat,rflbat_first_distance_filter,"[2, 46, 48, 67, 8, 40, 91, 3, 84, 27, 46, 48, 67, 8, 40, 91, 3, 84, 27]",[],"{""accepted_indices"": [0, 1, 2, 3, 4, 5, 6, 7, 8, 9, 1, 2, 3, 4, 5, 6, 7, 8, 9], ""eps1"": 10, ""distance_median"": 0.6071628769525628}"
272,rflbat,rflbat_cluster_filter,"[2, 46, 48, 67, 8, 40, 91, 3, 84, 27, 46, 48, 67, 8, 40, 91, 3, 84, 27]",[],"{""accepted_indices"": [0, 1, 2, 3, 4, 5, 6, 7, 8, 9, 1, 2, 3, 4, 5, 6, 7, 8, 9], ""num_clusters"": 1, ""cluster_scores"": [0.11500271999047214]}"
272,rflbat,rflbat_final_distance_filter,"[46, 48, 67, 8, 40, 91, 3, 84, 27]",[2],"{""accepted_indices"": [1, 2, 3, 4, 5, 6, 7, 8, 9, 1, 2, 3, 4, 5, 6, 7, 8, 9], ""eps2"": 6, ""distance_median"": 0.8351888533111517}"
273,rflbat,rflbat_first_distance_filter,"[2, 26, 55, 16, 40, 19, 75, 24, 63, 62, 26, 55, 16, 40, 19, 75, 24, 63, 62]",[],"{""accepted_indices"": [0, 1, 2, 3, 4, 5, 6, 7, 8, 9, 1, 2, 3, 4, 5, 6, 7, 8, 9], ""eps1"": 10, ""distance_median"": 0.6500761656394842}"
273,rflbat,rflbat_cluster_filter,"[2, 26, 55, 16, 40, 19, 75, 24, 63, 62, 26, 55, 16, 40, 19, 75, 24, 63, 62]",[],"{""accepted_indices"": [0, 1, 2, 3, 4, 5, 6, 7, 8, 9, 1, 2, 3, 4, 5, 6, 7, 8, 9], ""num_clusters"": 1, ""cluster_scores"": [0.11201112114306613]}"
273,rflbat,rflbat_final_distance_filter,"[26, 55, 16, 40, 19, 75, 24, 63, 62]",[2],"{""accepted_indices"": [1, 2, 3, 4, 5, 6, 7, 8, 9, 1, 2, 3, 4, 5, 6, 7, 8, 9], ""eps2"": 6, ""distance_median"": 0.9251466653598049}"
274,rflbat,rflbat_first_distance_filter,"[3, 21, 74, 92, 41, 36, 12, 56, 77, 79, 21, 74, 92, 41, 36, 12, 56, 77, 79]",[],"{""accepted_indices"": [0, 1, 2, 3, 4, 5, 6, 7, 8, 9, 1, 2, 3, 4, 5, 6, 7, 8, 9], ""eps1"": 10, ""distance_median"": 0.3666083394508072}"
274,rflbat,rflbat_cluster_filter,"[21, 92, 41, 12, 56, 77, 79, 21, 92, 41, 12, 56, 77, 79]","[3, 74, 36]","{""accepted_indices"": [1, 3, 4, 6, 7, 8, 9, 1, 3, 4, 6, 7, 8, 9], ""num_clusters"": 4, ""cluster_scores"": [0.15392440953397116, 1.0000000000012539, 1, 1.000000000001322]}"
274,rflbat,rflbat_final_distance_filter,"[21, 92, 41, 12, 56, 77, 79]","[3, 74, 36]","{""accepted_indices"": [1, 3, 4, 6, 7, 8, 9, 1, 3, 4, 6, 7, 8, 9], ""eps2"": 6, ""distance_median"": 0.12445247746629991}"
275,rflbat,rflbat_first_distance_filter,"[0, 82, 27, 69, 7, 25, 68, 71, 64, 66, 82, 27, 69, 7, 25, 68, 71, 64, 66]",[],"{""accepted_indices"": [0, 1, 2, 3, 4, 5, 6, 7, 8, 9, 1, 2, 3, 4, 5, 6, 7, 8, 9], ""eps1"": 10, ""distance_median"": 0.7428112164295031}"
275,rflbat,rflbat_cluster_filter,"[0, 82, 27, 69, 7, 25, 68, 71, 64, 66, 82, 27, 69, 7, 25, 68, 71, 64, 66]",[],"{""accepted_indices"": [0, 1, 2, 3, 4, 5, 6, 7, 8, 9, 1, 2, 3, 4, 5, 6, 7, 8, 9], ""num_clusters"": 1, ""cluster_scores"": [0.11635502698576185]}"
275,rflbat,rflbat_final_distance_filter,"[82, 27, 69, 7, 25, 68, 71, 64, 66]",[0],"{""accepted_indices"": [1, 2, 3, 4, 5, 6, 7, 8, 9, 1, 2, 3, 4, 5, 6, 7, 8, 9], ""eps2"": 6, ""distance_median"": 1.113956845683457}"
276,rflbat,rflbat_first_distance_filter,"[0, 93, 2, 14, 24, 1, 81, 83, 90, 63, 93, 2, 14, 24, 1, 81, 83, 90, 63]",[],"{""accepted_indices"": [0, 1, 2, 3, 4, 5, 6, 7, 8, 9, 1, 2, 3, 4, 5, 6, 7, 8, 9], ""eps1"": 10, ""distance_median"": 1.1328314729176894}"
276,rflbat,rflbat_cluster_filter,"[0, 93, 2, 14, 24, 1, 81, 83, 90, 63, 93, 2, 14, 24, 1, 81, 83, 90, 63]",[],"{""accepted_indices"": [0, 1, 2, 3, 4, 5, 6, 7, 8, 9, 1, 2, 3, 4, 5, 6, 7, 8, 9], ""num_clusters"": 1, ""cluster_scores"": [0.11935377419914912]}"
276,rflbat,rflbat_final_distance_filter,"[0, 93, 2, 14, 24, 1, 81, 83, 90, 63]",[],"{""accepted_indices"": [0, 1, 2, 3, 4, 5, 6, 7, 8, 9, 1, 2, 3, 4, 5, 6, 7, 8, 9], ""eps2"": 6, ""distance_median"": 2.0157058355830353}"
277,rflbat,rflbat_first_distance_filter,"[4, 95, 7, 70, 14, 11, 42, 69, 90, 89, 95, 7, 70, 14, 11, 42, 69, 90, 89]",[],"{""accepted_indices"": [0, 1, 2, 3, 4, 5, 6, 7, 8, 9, 1, 2, 3, 4, 5, 6, 7, 8, 9], ""eps1"": 10, ""distance_median"": 0.5784049461509948}"
277,rflbat,rflbat_cluster_filter,"[4, 95, 7, 70, 14, 11, 42, 69, 90, 89, 95, 7, 70, 14, 11, 42, 69, 90, 89]",[],"{""accepted_indices"": [0, 1, 2, 3, 4, 5, 6, 7, 8, 9, 1, 2, 3, 4, 5, 6, 7, 8, 9], ""num_clusters"": 1, ""cluster_scores"": [0.12206710615364562]}"
277,rflbat,rflbat_final_distance_filter,"[95, 7, 70, 14, 11, 42, 69, 90, 89]",[4],"{""accepted_indices"": [1, 2, 3, 4, 5, 6, 7, 8, 9, 1, 2, 3, 4, 5, 6, 7, 8, 9], ""eps2"": 6, ""distance_median"": 0.7493827023069063}"
278,rflbat,rflbat_first_distance_filter,"[4, 22, 87, 70, 74, 61, 13, 5, 79, 32, 22, 87, 70, 74, 61, 13, 5, 79, 32]",[],"{""accepted_indices"": [0, 1, 2, 3, 4, 5, 6, 7, 8, 9, 1, 2, 3, 4, 5, 6, 7, 8, 9], ""eps1"": 10, ""distance_median"": 0.6419418940826692}"
278,rflbat,rflbat_cluster_filter,"[4, 22, 87, 70, 74, 61, 13, 5, 79, 32, 22, 87, 70, 74, 61, 13, 5, 79, 32]",[],"{""accepted_indices"": [0, 1, 2, 3, 4, 5, 6, 7, 8, 9, 1, 2, 3, 4, 5, 6, 7, 8, 9], ""num_clusters"": 1, ""cluster_scores"": [0.11167866657470586]}"
278,rflbat,rflbat_final_distance_filter,"[22, 87, 70, 74, 61, 13, 5, 79, 32]",[4],"{""accepted_indices"": [1, 2, 3, 4, 5, 6, 7, 8, 9, 1, 2, 3, 4, 5, 6, 7, 8, 9], ""eps2"": 6, ""distance_median"": 0.8670132864167729}"
279,rflbat,rflbat_first_distance_filter,"[3, 93, 6, 81, 58, 67, 30, 87, 21, 79, 93, 6, 81, 58, 67, 30, 87, 21, 79]",[],"{""accepted_indices"": [0, 1, 2, 3, 4, 5, 6, 7, 8, 9, 1, 2, 3, 4, 5, 6, 7, 8, 9], ""eps1"": 10, ""distance_median"": 0.3781969008491441}"
279,rflbat,rflbat_cluster_filter,"[3, 93, 6, 81, 58, 67, 30, 87, 21, 79, 93, 6, 81, 58, 67, 30, 87, 21, 79]",[],"{""accepted_indices"": [0, 1, 2, 3, 4, 5, 6, 7, 8, 9, 1, 2, 3, 4, 5, 6, 7, 8, 9], ""num_clusters"": 1, ""cluster_scores"": [0.10464784547573115]}"
279,rflbat,rflbat_final_distance_filter,"[3, 93, 6, 81, 58, 67, 30, 87, 21, 79]",[],"{""accepted_indices"": [0, 1, 2, 3, 4, 5, 6, 7, 8, 9, 1, 2, 3, 4, 5, 6, 7, 8, 9], ""eps2"": 6, ""distance_median"": 0.5676777372144137}"
280,rflbat,rflbat_first_distance_filter,"[1, 17, 76, 11, 95, 89, 38, 75, 10, 67, 17, 76, 11, 95, 89, 38, 75, 10, 67]",[],"{""accepted_indices"": [0, 1, 2, 3, 4, 5, 6, 7, 8, 9, 1, 2, 3, 4, 5, 6, 7, 8, 9], ""eps1"": 10, ""distance_median"": 0.6957983864826008}"
280,rflbat,rflbat_cluster_filter,"[17, 76, 11, 95, 89, 38, 75, 10, 67, 17, 76, 11, 95, 89, 38, 75, 10, 67]",[1],"{""accepted_indices"": [1, 2, 3, 4, 5, 6, 7, 8, 9, 1, 2, 3, 4, 5, 6, 7, 8, 9], ""num_clusters"": 2, ""cluster_scores"": [0.1179139863188728, 1]}"
280,rflbat,rflbat_final_distance_filter,"[17, 76, 11, 95, 89, 38, 75, 10, 67]",[1],"{""accepted_indices"": [1, 2, 3, 4, 5, 6, 7, 8, 9, 1, 2, 3, 4, 5, 6, 7, 8, 9], ""eps2"": 6, ""distance_median"": 0.41473926889311147}"
281,rflbat,rflbat_first_distance_filter,"[1, 59, 88, 31, 96, 66, 92, 73, 11, 89, 59, 88, 31, 96, 66, 92, 73, 11, 89]",[],"{""accepted_indices"": [0, 1, 2, 3, 4, 5, 6, 7, 8, 9, 1, 2, 3, 4, 5, 6, 7, 8, 9], ""eps1"": 10, ""distance_median"": 1.0192928353641029}"
281,rflbat,rflbat_cluster_filter,"[1, 59, 88, 31, 96, 66, 92, 73, 11, 89, 59, 88, 31, 96, 66, 92, 73, 11, 89]",[],"{""accepted_indices"": [0, 1, 2, 3, 4, 5, 6, 7, 8, 9, 1, 2, 3, 4, 5, 6, 7, 8, 9], ""num_clusters"": 1, ""cluster_scores"": [0.10897931525552389]}"
281,rflbat,rflbat_final_distance_filter,"[59, 88, 31, 96, 66, 92, 73, 11, 89]",[1],"{""accepted_indices"": [1, 2, 3, 4, 5, 6, 7, 8, 9, 1, 2, 3, 4, 5, 6, 7, 8, 9], ""eps2"": 6, ""distance_median"": 1.2665073236901858}"
282,rflbat,rflbat_first_distance_filter,"[2, 5, 43, 85, 14, 68, 41, 50, 91, 32, 5, 43, 85, 14, 68, 41, 50, 91, 32]",[],"{""accepted_indices"": [0, 1, 2, 3, 4, 5, 6, 7, 8, 9, 1, 2, 3, 4, 5, 6, 7, 8, 9], ""eps1"": 10, ""distance_median"": 0.6195594615480271}"
282,rflbat,rflbat_cluster_filter,"[5, 43, 14, 41, 50, 91, 32, 5, 43, 14, 41, 50, 91, 32]","[2, 85, 68]","{""accepted_indices"": [1, 2, 4, 6, 7, 8, 9, 1, 2, 4, 6, 7, 8, 9], ""num_clusters"": 4, ""cluster_scores"": [1.0000000000022728, 0.13770584617214937, 1, 1.0000000000030183]}"
282,rflbat,rflbat_final_distance_filter,"[5, 43, 14, 41, 50, 91, 32]","[2, 85, 68]","{""accepted_indices"": [1, 2, 4, 6, 7, 8, 9, 1, 2, 4, 6, 7, 8, 9], ""eps2"": 6, ""distance_median"": 0.09550064355222056}"
283,rflbat,rflbat_first_distance_filter,"[3, 13, 69, 11, 62, 61, 5, 81, 15, 91, 13, 69, 11, 62, 61, 5, 81, 15, 91]",[],"{""accepted_indices"": [0, 1, 2, 3, 4, 5, 6, 7, 8, 9, 1, 2, 3, 4, 5, 6, 7, 8, 9], ""eps1"": 10, ""distance_median"": 0.33253903200628965}"
283,rflbat,rflbat_cluster_filter,"[3, 13, 69, 11, 62, 61, 5, 81, 15, 91, 13, 69, 11, 62, 61, 5, 81, 15, 91]",[],"{""accepted_indices"": [0, 1, 2, 3, 4, 5, 6, 7, 8, 9, 1, 2, 3, 4, 5, 6, 7, 8, 9], ""num_clusters"": 1, ""cluster_scores"": [0.11542670455677766]}"
283,rflbat,rflbat_final_distance_filter,"[3, 13, 69, 11, 62, 61, 5, 81, 15, 91]",[],"{""accepted_indices"": [0, 1, 2, 3, 4, 5, 6, 7, 8, 9, 1, 2, 3, 4, 5, 6, 7, 8, 9], ""eps2"": 6, ""distance_median"": 0.53788499479692}"
284,rflbat,rflbat_first_distance_filter,"[3, 15, 17, 45, 92, 20, 16, 80, 32, 44, 15, 17, 45, 92, 20, 16, 80, 32, 44]",[],"{""accepted_indices"": [0, 1, 2, 3, 4, 5, 6, 7, 8, 9, 1, 2, 3, 4, 5, 6, 7, 8, 9], ""eps1"": 10, ""distance_median"": 0.4346743782209842}"
284,rflbat,rflbat_cluster_filter,"[3, 15, 17, 45, 92, 20, 16, 80, 32, 44, 15, 17, 45, 92, 20, 16, 80, 32, 44]",[],"{""accepted_indices"": [0, 1, 2, 3, 4, 5, 6, 7, 8, 9, 1, 2, 3, 4, 5, 6, 7, 8, 9], ""num_clusters"": 1, ""cluster_scores"": [0.11466006523814387]}"
284,rflbat,rflbat_final_distance_filter,"[3, 15, 17, 45, 92, 20, 16, 80, 32, 44]",[],"{""accepted_indices"": [0, 1, 2, 3, 4, 5, 6, 7, 8, 9, 1, 2, 3, 4, 5, 6, 7, 8, 9], ""eps2"": 6, ""distance_median"": 0.8055040220744368}"
285,rflbat,rflbat_first_distance_filter,"[4, 75, 27, 32, 9, 73, 72, 10, 99, 80, 75, 27, 32, 9, 73, 72, 10, 99, 80]",[],"{""accepted_indices"": [0, 1, 2, 3, 4, 5, 6, 7, 8, 9, 1, 2, 3, 4, 5, 6, 7, 8, 9], ""eps1"": 10, ""distance_median"": 0.6560830397253654}"
285,rflbat,rflbat_cluster_filter,"[75, 27, 32, 9, 73, 72, 10, 99, 80, 75, 27, 32, 9, 73, 72, 10, 99, 80]",[4],"{""accepted_indices"": [1, 2, 3, 4, 5, 6, 7, 8, 9, 1, 2, 3, 4, 5, 6, 7, 8, 9], ""num_clusters"": 2, ""cluster_scores"": [0.119308701502067, 1]}"
285,rflbat,rflbat_final_distance_filter,"[75, 27, 32, 9, 73, 72, 10, 99, 80]",[4],"{""accepted_indices"": [1, 2, 3, 4, 5, 6, 7, 8, 9, 1, 2, 3, 4, 5, 6, 7, 8, 9], ""eps2"": 6, ""distance_median"": 0.5742037799041549}"
286,rflbat,rflbat_first_distance_filter,"[0, 15, 14, 92, 19, 73, 13, 66, 30, 99, 15, 14, 92, 19, 73, 13, 66, 30, 99]",[],"{""accepted_indices"": [0, 1, 2, 3, 4, 5, 6, 7, 8, 9, 1, 2, 3, 4, 5, 6, 7, 8, 9], ""eps1"": 10, ""distance_median"": 0.5851339385952503}"
286,rflbat,rflbat_cluster_filter,"[0, 15, 14, 92, 19, 73, 13, 66, 30, 99, 15, 14, 92, 19, 73, 13, 66, 30, 99]",[],"{""accepted_indices"": [0, 1, 2, 3, 4, 5, 6, 7, 8, 9, 1, 2, 3, 4, 5, 6, 7, 8, 9], ""num_clusters"": 1, ""cluster_scores"": [0.10425771774907876]}"
286,rflbat,rflbat_final_distance_filter,"[15, 14, 92, 19, 73, 13, 66, 30, 99]",[0],"{""accepted_indices"": [1, 2, 3, 4, 5, 6, 7, 8, 9, 1, 2, 3, 4, 5, 6, 7, 8, 9], ""eps2"": 6, ""distance_median"": 0.784897268993889}"
287,rflbat,rflbat_first_distance_filter,"[1, 21, 58, 67, 34, 83, 4, 18, 9, 80, 21, 58, 67, 34, 83, 4, 18, 9, 80]",[],"{""accepted_indices"": [0, 1, 2, 3, 4, 5, 6, 7, 8, 9, 1, 2, 3, 4, 5, 6, 7, 8, 9], ""eps1"": 10, ""distance_median"": 1.0822681614892877}"
287,rflbat,rflbat_cluster_filter,"[1, 21, 58, 67, 34, 83, 4, 18, 9, 80, 21, 58, 67, 34, 83, 4, 18, 9, 80]",[],"{""accepted_indices"": [0, 1, 2, 3, 4, 5, 6, 7, 8, 9, 1, 2, 3, 4, 5, 6, 7, 8, 9], ""num_clusters"": 1, ""cluster_scores"": [0.11937280221087446]}"
287,rflbat,rflbat_final_distance_filter,"[21, 58, 67, 34, 83, 4, 18, 9, 80]",[1],"{""accepted_indices"": [1, 2, 3, 4, 5, 6, 7, 8, 9, 1, 2, 3, 4, 5, 6, 7, 8, 9], ""eps2"": 6, ""distance_median"": 1.5280126958315272}"
288,rflbat,rflbat_first_distance_filter,"[2, 53, 18, 44, 94, 10, 49, 64, 22, 43, 53, 18, 44, 94, 10, 49, 64, 22, 43]",[],"{""accepted_indices"": [0, 1, 2, 3, 4, 5, 6, 7, 8, 9, 1, 2, 3, 4, 5, 6, 7, 8, 9], ""eps1"": 10, ""distance_median"": 0.60890628286531}"
288,rflbat,rflbat_cluster_filter,"[2, 53, 18, 44, 94, 10, 49, 64, 22, 43, 53, 18, 44, 94, 10, 49, 64, 22, 43]",[],"{""accepted_indices"": [0, 1, 2, 3, 4, 5, 6, 7, 8, 9, 1, 2, 3, 4, 5, 6, 7, 8, 9], ""num_clusters"": 1, ""cluster_scores"": [0.09710235011406368]}"
288,rflbat,rflbat_final_distance_filter,"[53, 18, 44, 94, 10, 49, 64, 22, 43]",[2],"{""accepted_indices"": [1, 2, 3, 4, 5, 6, 7, 8, 9, 1, 2, 3, 4, 5, 6, 7, 8, 9], ""eps2"": 6, ""distance_median"": 0.8138713887301401}"
289,rflbat,rflbat_first_distance_filter,"[2, 1, 41, 6, 70, 24, 79, 74, 29, 43, 1, 41, 6, 70, 24, 79, 74, 29, 43]",[],"{""accepted_indices"": [0, 1, 2, 3, 4, 5, 6, 7, 8, 9, 1, 2, 3, 4, 5, 6, 7, 8, 9], ""eps1"": 10, ""distance_median"": 0.9512598773188352}"
289,rflbat,rflbat_cluster_filter,"[2, 1, 41, 6, 70, 24, 79, 74, 29, 43, 1, 41, 6, 70, 24, 79, 74, 29, 43]",[],"{""accepted_indices"": [0, 1, 2, 3, 4, 5, 6, 7, 8, 9, 1, 2, 3, 4, 5, 6, 7, 8, 9], ""num_clusters"": 1, ""cluster_scores"": [0.1251542360053024]}"
289,rflbat,rflbat_final_distance_filter,"[2, 1, 41, 6, 70, 24, 79, 74, 29, 43]",[],"{""accepted_indices"": [0, 1, 2, 3, 4, 5, 6, 7, 8, 9, 1, 2, 3, 4, 5, 6, 7, 8, 9], ""eps2"": 6, ""distance_median"": 1.5131424525379367}"
290,rflbat,rflbat_first_distance_filter,"[0, 33, 53, 24, 66, 16, 20, 74, 26, 45, 33, 53, 24, 66, 16, 20, 74, 26, 45]",[],"{""accepted_indices"": [0, 1, 2, 3, 4, 5, 6, 7, 8, 9, 1, 2, 3, 4, 5, 6, 7, 8, 9], ""eps1"": 10, ""distance_median"": 0.8272393314946396}"
290,rflbat,rflbat_cluster_filter,"[0, 33, 53, 24, 66, 16, 20, 74, 26, 45, 33, 53, 24, 66, 16, 20, 74, 26, 45]",[],"{""accepted_indices"": [0, 1, 2, 3, 4, 5, 6, 7, 8, 9, 1, 2, 3, 4, 5, 6, 7, 8, 9], ""num_clusters"": 1, ""cluster_scores"": [0.11137995274927243]}"
290,rflbat,rflbat_final_distance_filter,"[0, 33, 53, 24, 66, 16, 20, 74, 26, 45]",[],"{""accepted_indices"": [0, 1, 2, 3, 4, 5, 6, 7, 8, 9, 1, 2, 3, 4, 5, 6, 7, 8, 9], ""eps2"": 6, ""distance_median"": 1.3003891422868554}"
291,rflbat,rflbat_first_distance_filter,"[2, 14, 52, 72, 99, 31, 4, 15, 94, 85, 14, 52, 72, 99, 31, 4, 15, 94, 85]",[],"{""accepted_indices"": [0, 1, 2, 3, 4, 5, 6, 7, 8, 9, 1, 2, 3, 4, 5, 6, 7, 8, 9], ""eps1"": 10, ""distance_median"": 0.8274888619318821}"
291,rflbat,rflbat_cluster_filter,"[2, 14, 52, 72, 99, 31, 4, 15, 94, 85, 14, 52, 72, 99, 31, 4, 15, 94, 85]",[],"{""accepted_indices"": [0, 1, 2, 3, 4, 5, 6, 7, 8, 9, 1, 2, 3, 4, 5, 6, 7, 8, 9], ""num_clusters"": 1, ""cluster_scores"": [0.12597156864056344]}"
291,rflbat,rflbat_final_distance_filter,"[2, 14, 52, 72, 99, 31, 4, 15, 94, 85]",[],"{""accepted_indices"": [0, 1, 2, 3, 4, 5, 6, 7, 8, 9, 1, 2, 3, 4, 5, 6, 7, 8, 9], ""eps2"": 6, ""distance_median"": 1.3126758351343508}"
292,rflbat,rflbat_first_distance_filter,"[2, 24, 23, 80, 8, 46, 59, 66, 71, 10, 24, 23, 80, 8, 46, 59, 66, 71, 10]",[],"{""accepted_indices"": [0, 1, 2, 3, 4, 5, 6, 7, 8, 9, 1, 2, 3, 4, 5, 6, 7, 8, 9], ""eps1"": 10, ""distance_median"": 0.5917200874722426}"
292,rflbat,rflbat_cluster_filter,"[24, 23, 80, 46, 66, 10, 24, 23, 80, 46, 66, 10]","[2, 8, 59, 71]","{""accepted_indices"": [1, 2, 3, 5, 7, 9, 1, 2, 3, 5, 7, 9], ""num_clusters"": 5, ""cluster_scores"": [1.000000000001623, 1.0000000000013674, 1, 0.19441513528141025, 1.0000000000012608]}"
292,rflbat,rflbat_final_distance_filter,"[24, 23, 80, 46, 66, 10]","[2, 8, 59, 71]","{""accepted_indices"": [1, 2, 3, 5, 7, 9, 1, 2, 3, 5, 7, 9], ""eps2"": 6, ""distance_median"": 0.06501100192409875}"
293,rflbat,rflbat_first_distance_filter,"[3, 64, 74, 77, 62, 37, 82, 79, 73, 81, 64, 74, 77, 62, 37, 82, 79, 73, 81]",[],"{""accepted_indices"": [0, 1, 2, 3, 4, 5, 6, 7, 8, 9, 1, 2, 3, 4, 5, 6, 7, 8, 9], ""eps1"": 10, ""distance_median"": 0.3519793365345505}"
293,rflbat,rflbat_cluster_filter,"[3, 64, 74, 77, 62, 37, 82, 79, 73, 81, 64, 74, 77, 62, 37, 82, 79, 73, 81]",[],"{""accepted_indices"": [0, 1, 2, 3, 4, 5, 6, 7, 8, 9, 1, 2, 3, 4, 5, 6, 7, 8, 9], ""num_clusters"": 1, ""cluster_scores"": [0.12466764541762988]}"
293,rflbat,rflbat_final_distance_filter,"[3, 64, 74, 77, 62, 37, 82, 79, 73, 81]",[],"{""accepted_indices"": [0, 1, 2, 3, 4, 5, 6, 7, 8, 9, 1, 2, 3, 4, 5, 6, 7, 8, 9], ""eps2"": 6, ""distance_median"": 0.5801697789534843}"
294,rflbat,rflbat_first_distance_filter,"[4, 56, 87, 37, 22, 45, 2, 35, 9, 71, 56, 87, 37, 22, 45, 2, 35, 9, 71]",[],"{""accepted_indices"": [0, 1, 2, 3, 4, 5, 6, 7, 8, 9, 1, 2, 3, 4, 5, 6, 7, 8, 9], ""eps1"": 10, ""distance_median"": 0.8658912029335443}"
294,rflbat,rflbat_cluster_filter,"[4, 56, 87, 37, 22, 45, 35, 9, 71, 56, 87, 37, 22, 45, 35, 9, 71]",[2],"{""accepted_indices"": [0, 1, 2, 3, 4, 5, 7, 8, 9, 1, 2, 3, 4, 5, 7, 8, 9], ""num_clusters"": 2, ""cluster_scores"": [0.1198684712440855, 1.0000000000021934]}"
294,rflbat,rflbat_final_distance_filter,"[56, 87, 37, 22, 45, 35, 9, 71]","[4, 2]","{""accepted_indices"": [1, 2, 3, 4, 5, 7, 8, 9, 1, 2, 3, 4, 5, 7, 8, 9], ""eps2"": 6, ""distance_median"": 0.7109064463555168}"
295,rflbat,rflbat_first_distance_filter,"[2, 59, 86, 84, 5, 43, 11, 58, 53, 30, 59, 86, 84, 5, 43, 11, 58, 53, 30]",[],"{""accepted_indices"": [0, 1, 2, 3, 4, 5, 6, 7, 8, 9, 1, 2, 3, 4, 5, 6, 7, 8, 9], ""eps1"": 10, ""distance_median"": 0.5113474299477494}"
295,rflbat,rflbat_cluster_filter,"[2, 59, 86, 84, 5, 43, 11, 58, 53, 30, 59, 86, 84, 5, 43, 11, 58, 53, 30]",[],"{""accepted_indices"": [0, 1, 2, 3, 4, 5, 6, 7, 8, 9, 1, 2, 3, 4, 5, 6, 7, 8, 9], ""num_clusters"": 1, ""cluster_scores"": [0.10921699632643624]}"
295,rflbat,rflbat_final_distance_filter,"[59, 86, 84, 5, 43, 11, 58, 53, 30]",[2],"{""accepted_indices"": [1, 2, 3, 4, 5, 6, 7, 8, 9, 1, 2, 3, 4, 5, 6, 7, 8, 9], ""eps2"": 6, ""distance_median"": 0.679544242643648}"
296,rflbat,rflbat_first_distance_filter,"[4, 1, 18, 80, 48, 54, 6, 8, 60, 22, 1, 18, 80, 48, 54, 6, 8, 60, 22]",[],"{""accepted_indices"": [0, 1, 2, 3, 4, 5, 6, 7, 8, 9, 1, 2, 3, 4, 5, 6, 7, 8, 9], ""eps1"": 10, ""distance_median"": 0.9994362972515014}"
296,rflbat,rflbat_cluster_filter,"[4, 1, 18, 80, 48, 54, 6, 8, 60, 22, 1, 18, 80, 48, 54, 6, 8, 60, 22]",[],"{""accepted_indices"": [0, 1, 2, 3, 4, 5, 6, 7, 8, 9, 1, 2, 3, 4, 5, 6, 7, 8, 9], ""num_clusters"": 1, ""cluster_scores"": [0.1130468211508909]}"
296,rflbat,rflbat_final_distance_filter,"[4, 18, 80, 48, 54, 6, 8, 60, 22]",[1],"{""accepted_indices"": [0, 2, 3, 4, 5, 6, 7, 8, 9, 2, 3, 4, 5, 6, 7, 8, 9], ""eps2"": 6, ""distance_median"": 1.6576457806433478}"
297,rflbat,rflbat_first_distance_filter,"[4, 80, 90, 62, 52, 26, 9, 70, 34, 44, 80, 90, 62, 52, 26, 9, 70, 34, 44]",[],"{""accepted_indices"": [0, 1, 2, 3, 4, 5, 6, 7, 8, 9, 1, 2, 3, 4, 5, 6, 7, 8, 9], ""eps1"": 10, ""distance_median"": 0.7361085471039989}"
297,rflbat,rflbat_cluster_filter,"[80, 90, 52, 9, 70, 34, 80, 90, 52, 9, 70, 34]","[4, 62, 26, 44]","{""accepted_indices"": [1, 2, 4, 6, 7, 8, 1, 2, 4, 6, 7, 8], ""num_clusters"": 5, ""cluster_scores"": [0.17584867085553407, 1.0000000000021927, 1, 1.0000000000029317, 1.0000000000023275]}"
297,rflbat,rflbat_final_distance_filter,"[80, 90, 52, 9, 70, 34]","[4, 62, 26, 44]","{""accepted_indices"": [1, 2, 4, 6, 7, 8, 1, 2, 4, 6, 7, 8], ""eps2"": 6, ""distance_median"": 0.038138008017887734}"
298,rflbat,rflbat_first_distance_filter,"[2, 38, 84, 93, 39, 75, 6, 56, 59, 92, 38, 84, 93, 39, 75, 6, 56, 59, 92]",[],"{""accepted_indices"": [0, 1, 2, 3, 4, 5, 6, 7, 8, 9, 1, 2, 3, 4, 5, 6, 7, 8, 9], ""eps1"": 10, ""distance_median"": 0.5826021764470712}"
298,rflbat,rflbat_cluster_filter,"[2, 38, 84, 93, 39, 75, 6, 56, 59, 92, 38, 84, 93, 39, 75, 6, 56, 59, 92]",[],"{""accepted_indices"": [0, 1, 2, 3, 4, 5, 6, 7, 8, 9, 1, 2, 3, 4, 5, 6, 7, 8, 9], ""num_clusters"": 1, ""cluster_scores"": [0.1182049535060058]}"
298,rflbat,rflbat_final_distance_filter,"[38, 84, 93, 39, 75, 6, 56, 59, 92]",[2],"{""accepted_indices"": [1, 2, 3, 4, 5, 6, 7, 8, 9, 1, 2, 3, 4, 5, 6, 7, 8, 9], ""eps2"": 6, ""distance_median"": 0.8305633460671963}"
299,rflbat,rflbat_first_distance_filter,"[3, 74, 65, 82, 53, 85, 96, 64, 13, 8, 74, 65, 82, 53, 85, 96, 64, 13, 8]",[],"{""accepted_indices"": [0, 1, 2, 3, 4, 5, 6, 7, 8, 9, 1, 2, 3, 4, 5, 6, 7, 8, 9], ""eps1"": 10, ""distance_median"": 0.47793473961433586}"
299,rflbat,rflbat_cluster_filter,"[3, 74, 65, 82, 53, 85, 96, 64, 13, 8, 74, 65, 82, 53, 85, 96, 64, 13, 8]",[],"{""accepted_indices"": [0, 1, 2, 3, 4, 5, 6, 7, 8, 9, 1, 2, 3, 4, 5, 6, 7, 8, 9], ""num_clusters"": 1, ""cluster_scores"": [0.09196594440699223]}"
299,rflbat,rflbat_final_distance_filter,"[3, 74, 65, 82, 53, 85, 96, 64, 13, 8]",[],"{""accepted_indices"": [0, 1, 2, 3, 4, 5, 6, 7, 8, 9, 1, 2, 3, 4, 5, 6, 7, 8, 9], ""eps2"": 6, ""distance_median"": 0.9214591060409899}"
300,rflbat,rflbat_first_distance_filter,"[3, 16, 35, 47, 79, 81, 58, 26, 85, 87, 16, 35, 47, 79, 81, 58, 26, 85, 87]",[],"{""accepted_indices"": [0, 1, 2, 3, 4, 5, 6, 7, 8, 9, 1, 2, 3, 4, 5, 6, 7, 8, 9], ""eps1"": 10, ""distance_median"": 0.5716347295313311}"
300,rflbat,rflbat_cluster_filter,"[3, 16, 35, 47, 79, 81, 58, 26, 85, 87, 16, 35, 47, 79, 81, 58, 26, 85, 87]",[],"{""accepted_indices"": [0, 1, 2, 3, 4, 5, 6, 7, 8, 9, 1, 2, 3, 4, 5, 6, 7, 8, 9], ""num_clusters"": 1, ""cluster_scores"": [0.10375840443601732]}"
300,rflbat,rflbat_final_distance_filter,"[3, 16, 35, 47, 79, 81, 58, 26, 85, 87]",[],"{""accepted_indices"": [0, 1, 2, 3, 4, 5, 6, 7, 8, 9, 1, 2, 3, 4, 5, 6, 7, 8, 9], ""eps2"": 6, ""distance_median"": 1.1392416032015193}"
301,rflbat,rflbat_first_distance_filter,"[1, 59, 79, 62, 77, 90, 61, 57, 48, 49, 59, 79, 62, 77, 90, 61, 57, 48, 49]",[],"{""accepted_indices"": [0, 1, 2, 3, 4, 5, 6, 7, 8, 9, 1, 2, 3, 4, 5, 6, 7, 8, 9], ""eps1"": 10, ""distance_median"": 0.8624784318986642}"
301,rflbat,rflbat_cluster_filter,"[1, 59, 79, 62, 77, 90, 61, 57, 48, 49, 59, 79, 62, 77, 90, 61, 57, 48, 49]",[],"{""accepted_indices"": [0, 1, 2, 3, 4, 5, 6, 7, 8, 9, 1, 2, 3, 4, 5, 6, 7, 8, 9], ""num_clusters"": 1, ""cluster_scores"": [0.10950379100041155]}"
301,rflbat,rflbat_final_distance_filter,"[59, 79, 62, 77, 90, 61, 57, 48, 49]",[1],"{""accepted_indices"": [1, 2, 3, 4, 5, 6, 7, 8, 9, 1, 2, 3, 4, 5, 6, 7, 8, 9], ""eps2"": 6, ""distance_median"": 1.061257126488011}"
302,rflbat,rflbat_first_distance_filter,"[4, 5, 52, 94, 41, 14, 45, 1, 72, 91, 5, 52, 94, 41, 14, 45, 1, 72, 91]",[],"{""accepted_indices"": [0, 1, 2, 3, 4, 5, 6, 7, 8, 9, 1, 2, 3, 4, 5, 6, 7, 8, 9], ""eps1"": 10, ""distance_median"": 0.8669409593983679}"
302,rflbat,rflbat_cluster_filter,"[94, 45, 91, 94, 45, 91]","[4, 5, 52, 41, 14, 1, 72]","{""accepted_indices"": [3, 6, 9, 3, 6, 9], ""num_clusters"": 5, ""cluster_scores"": [0.34642890490705575, 1.0000000000004723, 1, 0.501234538229226, 0.3182742731960664]}"
302,rflbat,rflbat_final_distance_filter,"[94, 45, 91]","[4, 5, 52, 41, 14, 1, 72]","{""accepted_indices"": [3, 6, 9, 3, 6, 9], ""eps2"": 6, ""distance_median"": 0.014593226741328345}"
303,rflbat,rflbat_first_distance_filter,"[2, 77, 46, 78, 31, 71, 25, 89, 99, 84, 77, 46, 78, 31, 71, 25, 89, 99, 84]",[],"{""accepted_indices"": [0, 1, 2, 3, 4, 5, 6, 7, 8, 9, 1, 2, 3, 4, 5, 6, 7, 8, 9], ""eps1"": 10, ""distance_median"": 0.669405475026223}"
303,rflbat,rflbat_cluster_filter,"[2, 77, 46, 78, 31, 71, 25, 89, 99, 84, 77, 46, 78, 31, 71, 25, 89, 99, 84]",[],"{""accepted_indices"": [0, 1, 2, 3, 4, 5, 6, 7, 8, 9, 1, 2, 3, 4, 5, 6, 7, 8, 9], ""num_clusters"": 1, ""cluster_scores"": [0.10713117759597583]}"
303,rflbat,rflbat_final_distance_filter,"[77, 46, 78, 31, 71, 25, 89, 99, 84]",[2],"{""accepted_indices"": [1, 2, 3, 4, 5, 6, 7, 8, 9, 1, 2, 3, 4, 5, 6, 7, 8, 9], ""eps2"": 6, ""distance_median"": 0.9690434349978966}"
304,rflbat,rflbat_first_distance_filter,"[2, 10, 16, 26, 96, 91, 27, 28, 72, 99, 10, 16, 26, 96, 91, 27, 28, 72, 99]",[],"{""accepted_indices"": [0, 1, 2, 3, 4, 5, 6, 7, 8, 9, 1, 2, 3, 4, 5, 6, 7, 8, 9], ""eps1"": 10, ""distance_median"": 0.7656063028280864}"
304,rflbat,rflbat_cluster_filter,"[2, 10, 16, 26, 96, 91, 27, 28, 72, 99, 10, 16, 26, 96, 91, 27, 28, 72, 99]",[],"{""accepted_indices"": [0, 1, 2, 3, 4, 5, 6, 7, 8, 9, 1, 2, 3, 4, 5, 6, 7, 8, 9], ""num_clusters"": 1, ""cluster_scores"": [0.10298121862987526]}"
304,rflbat,rflbat_final_distance_filter,"[10, 16, 26, 96, 91, 27, 28, 72, 99]",[2],"{""accepted_indices"": [1, 2, 3, 4, 5, 6, 7, 8, 9, 1, 2, 3, 4, 5, 6, 7, 8, 9], ""eps2"": 6, ""distance_median"": 1.1418945370685871}"
305,rflbat,rflbat_first_distance_filter,"[1, 0, 99, 76, 82, 11, 52, 14, 34, 88, 0, 99, 76, 82, 11, 52, 14, 34, 88]",[],"{""accepted_indices"": [0, 1, 2, 3, 4, 5, 6, 7, 8, 9, 1, 2, 3, 4, 5, 6, 7, 8, 9], ""eps1"": 10, ""distance_median"": 1.0118538450009718}"
305,rflbat,rflbat_cluster_filter,"[1, 0, 99, 76, 82, 11, 52, 14, 34, 88, 0, 99, 76, 82, 11, 52, 14, 34, 88]",[],"{""accepted_indices"": [0, 1, 2, 3, 4, 5, 6, 7, 8, 9, 1, 2, 3, 4, 5, 6, 7, 8, 9], ""num_clusters"": 1, ""cluster_scores"": [0.10362476986067233]}"
305,rflbat,rflbat_final_distance_filter,"[0, 99, 76, 82, 11, 52, 14, 34, 88]",[1],"{""accepted_indices"": [1, 2, 3, 4, 5, 6, 7, 8, 9, 1, 2, 3, 4, 5, 6, 7, 8, 9], ""eps2"": 6, ""distance_median"": 1.4382079593497106}"
306,rflbat,rflbat_first_distance_filter,"[3, 72, 76, 93, 81, 42, 73, 67, 41, 82, 72, 76, 93, 81, 42, 73, 67, 41, 82]",[],"{""accepted_indices"": [0, 1, 2, 3, 4, 5, 6, 7, 8, 9, 1, 2, 3, 4, 5, 6, 7, 8, 9], ""eps1"": 10, ""distance_median"": 0.39209154876037}"
306,rflbat,rflbat_cluster_filter,"[3, 72, 76, 93, 81, 42, 73, 67, 41, 82, 72, 76, 93, 81, 42, 73, 67, 41, 82]",[],"{""accepted_indices"": [0, 1, 2, 3, 4, 5, 6, 7, 8, 9, 1, 2, 3, 4, 5, 6, 7, 8, 9], ""num_clusters"": 1, ""cluster_scores"": [0.11336765671538455]}"
306,rflbat,rflbat_final_distance_filter,"[3, 72, 76, 93, 81, 42, 73, 67, 41, 82]",[],"{""accepted_indices"": [0, 1, 2, 3, 4, 5, 6, 7, 8, 9, 1, 2, 3, 4, 5, 6, 7, 8, 9], ""eps2"": 6, ""distance_median"": 0.644823072050724}"
307,rflbat,rflbat_first_distance_filter,"[3, 35, 25, 83, 69, 78, 0, 66, 26, 48, 35, 25, 83, 69, 78, 0, 66, 26, 48]",[],"{""accepted_indices"": [0, 1, 2, 3, 4, 5, 6, 7, 8, 9, 1, 2, 3, 4, 5, 6, 7, 8, 9], ""eps1"": 10, ""distance_median"": 0.697116211309422}"
307,rflbat,rflbat_cluster_filter,"[3, 35, 25, 83, 69, 78, 0, 66, 26, 48, 35, 25, 83, 69, 78, 0, 66, 26, 48]",[],"{""accepted_indices"": [0, 1, 2, 3, 4, 5, 6, 7, 8, 9, 1, 2, 3, 4, 5, 6, 7, 8, 9], ""num_clusters"": 1, ""cluster_scores"": [0.10864944433098067]}"
307,rflbat,rflbat_final_distance_filter,"[3, 35, 25, 83, 69, 78, 0, 66, 26, 48]",[],"{""accepted_indices"": [0, 1, 2, 3, 4, 5, 6, 7, 8, 9, 1, 2, 3, 4, 5, 6, 7, 8, 9], ""eps2"": 6, ""distance_median"": 1.3688368239424926}"
308,rflbat,rflbat_first_distance_filter,"[3, 22, 8, 65, 88, 49, 80, 90, 99, 54, 22, 8, 65, 88, 49, 80, 90, 99, 54]",[],"{""accepted_indices"": [0, 1, 2, 3, 4, 5, 6, 7, 8, 9, 1, 2, 3, 4, 5, 6, 7, 8, 9], ""eps1"": 10, ""distance_median"": 0.43275941483665137}"
308,rflbat,rflbat_cluster_filter,"[3, 22, 8, 65, 88, 49, 80, 90, 99, 54, 22, 8, 65, 88, 49, 80, 90, 99, 54]",[],"{""accepted_indices"": [0, 1, 2, 3, 4, 5, 6, 7, 8, 9, 1, 2, 3, 4, 5, 6, 7, 8, 9], ""num_clusters"": 1, ""cluster_scores"": [0.12383948969984282]}"
308,rflbat,rflbat_final_distance_filter,"[3, 22, 8, 65, 88, 49, 80, 90, 99, 54]",[],"{""accepted_indices"": [0, 1, 2, 3, 4, 5, 6, 7, 8, 9, 1, 2, 3, 4, 5, 6, 7, 8, 9], ""eps2"": 6, ""distance_median"": 0.7882066605763275}"
309,rflbat,rflbat_first_distance_filter,"[1, 65, 61, 14, 97, 42, 9, 89, 15, 94, 65, 61, 14, 97, 42, 9, 89, 15, 94]",[],"{""accepted_indices"": [0, 1, 2, 3, 4, 5, 6, 7, 8, 9, 1, 2, 3, 4, 5, 6, 7, 8, 9], ""eps1"": 10, ""distance_median"": 1.0392690992278708}"
309,rflbat,rflbat_cluster_filter,"[65, 61, 14, 42, 9, 89, 15, 94, 65, 61, 14, 42, 9, 89, 15, 94]","[1, 97]","{""accepted_indices"": [1, 2, 3, 5, 6, 7, 8, 9, 1, 2, 3, 5, 6, 7, 8, 9], ""num_clusters"": 3, ""cluster_scores"": [0.1414724622976108, 1, 1.0000000000011995]}"
309,rflbat,rflbat_final_distance_filter,"[65, 61, 14, 42, 9, 89, 15, 94]","[1, 97]","{""accepted_indices"": [1, 2, 3, 5, 6, 7, 8, 9, 1, 2, 3, 5, 6, 7, 8, 9], ""eps2"": 6, ""distance_median"": 0.1576730817569889}"
310,rflbat,rflbat_first_distance_filter,"[2, 27, 52, 14, 22, 62, 90, 5, 59, 63, 27, 52, 14, 22, 62, 90, 5, 59, 63]",[],"{""accepted_indices"": [0, 1, 2, 3, 4, 5, 6, 7, 8, 9, 1, 2, 3, 4, 5, 6, 7, 8, 9], ""eps1"": 10, ""distance_median"": 0.6295436800488168}"
310,rflbat,rflbat_cluster_filter,"[2, 27, 52, 14, 22, 62, 90, 5, 59, 63, 27, 52, 14, 22, 62, 90, 5, 59, 63]",[],"{""accepted_indices"": [0, 1, 2, 3, 4, 5, 6, 7, 8, 9, 1, 2, 3, 4, 5, 6, 7, 8, 9], ""num_clusters"": 1, ""cluster_scores"": [0.10267322071873905]}"
310,rflbat,rflbat_final_distance_filter,"[27, 52, 14, 22, 62, 90, 5, 59, 63]",[2],"{""accepted_indices"": [1, 2, 3, 4, 5, 6, 7, 8, 9, 1, 2, 3, 4, 5, 6, 7, 8, 9], ""eps2"": 6, ""distance_median"": 0.8637210977404758}"
311,rflbat,rflbat_first_distance_filter,"[3, 29, 2, 97, 19, 98, 68, 86, 57, 21, 29, 2, 97, 19, 98, 68, 86, 57, 21]",[],"{""accepted_indices"": [0, 1, 2, 3, 4, 5, 6, 7, 8, 9, 1, 2, 3, 4, 5, 6, 7, 8, 9], ""eps1"": 10, ""distance_median"": 0.6747416094797642}"
311,rflbat,rflbat_cluster_filter,"[3, 29, 2, 97, 19, 98, 68, 86, 57, 21, 29, 2, 97, 19, 98, 68, 86, 57, 21]",[],"{""accepted_indices"": [0, 1, 2, 3, 4, 5, 6, 7, 8, 9, 1, 2, 3, 4, 5, 6, 7, 8, 9], ""num_clusters"": 1, ""cluster_scores"": [0.11362377484788493]}"
311,rflbat,rflbat_final_distance_filter,"[3, 29, 2, 97, 19, 98, 68, 86, 57, 21]",[],"{""accepted_indices"": [0, 1, 2, 3, 4, 5, 6, 7, 8, 9, 1, 2, 3, 4, 5, 6, 7, 8, 9], ""eps2"": 6, ""distance_median"": 1.3452664031555217}"
312,rflbat,rflbat_first_distance_filter,"[4, 61, 76, 90, 31, 48, 28, 87, 78, 79, 61, 76, 90, 31, 48, 28, 87, 78, 79]",[],"{""accepted_indices"": [0, 1, 2, 3, 4, 5, 6, 7, 8, 9, 1, 2, 3, 4, 5, 6, 7, 8, 9], ""eps1"": 10, ""distance_median"": 0.4939494743319316}"
312,rflbat,rflbat_cluster_filter,"[4, 61, 76, 90, 31, 48, 28, 87, 78, 79, 61, 76, 90, 31, 48, 28, 87, 78, 79]",[],"{""accepted_indices"": [0, 1, 2, 3, 4, 5, 6, 7, 8, 9, 1, 2, 3, 4, 5, 6, 7, 8, 9], ""num_clusters"": 1, ""cluster_scores"": [0.1067552539664441]}"
312,rflbat,rflbat_final_distance_filter,"[61, 76, 90, 31, 48, 28, 87, 78, 79]",[4],"{""accepted_indices"": [1, 2, 3, 4, 5, 6, 7, 8, 9, 1, 2, 3, 4, 5, 6, 7, 8, 9], ""eps2"": 6, ""distance_median"": 0.6717316620282396}"
313,rflbat,rflbat_first_distance_filter,"[1, 29, 67, 23, 9, 19, 89, 32, 41, 24, 29, 67, 23, 9, 19, 89, 32, 41, 24]",[],"{""accepted_indices"": [0, 1, 2, 3, 4, 5, 6, 7, 8, 9, 1, 2, 3, 4, 5, 6, 7, 8, 9], ""eps1"": 10, ""distance_median"": 0.8176543916789354}"
313,rflbat,rflbat_cluster_filter,"[1, 29, 67, 23, 9, 19, 89, 32, 41, 24, 29, 67, 23, 9, 19, 89, 32, 41, 24]",[],"{""accepted_indices"": [0, 1, 2, 3, 4, 5, 6, 7, 8, 9, 1, 2, 3, 4, 5, 6, 7, 8, 9], ""num_clusters"": 1, ""cluster_scores"": [0.13488976691615803]}"
313,rflbat,rflbat_final_distance_filter,"[29, 67, 23, 9, 19, 89, 32, 41, 24]",[1],"{""accepted_indices"": [1, 2, 3, 4, 5, 6, 7, 8, 9, 1, 2, 3, 4, 5, 6, 7, 8, 9], ""eps2"": 6, ""distance_median"": 1.0077976351563387}"
314,rflbat,rflbat_first_distance_filter,"[4, 82, 73, 94, 65, 36, 16, 13, 85, 79, 82, 73, 94, 65, 36, 16, 13, 85, 79]",[],"{""accepted_indices"": [0, 1, 2, 3, 4, 5, 6, 7, 8, 9, 1, 2, 3, 4, 5, 6, 7, 8, 9], ""eps1"": 10, ""distance_median"": 0.48918338149760765}"
314,rflbat,rflbat_cluster_filter,"[4, 82, 73, 94, 65, 36, 16, 13, 85, 79, 82, 73, 94, 65, 36, 16, 13, 85, 79]",[],"{""accepted_indices"": [0, 1, 2, 3, 4, 5, 6, 7, 8, 9, 1, 2, 3, 4, 5, 6, 7, 8, 9], ""num_clusters"": 1, ""cluster_scores"": [0.11311191173607019]}"
314,rflbat,rflbat_final_distance_filter,"[82, 73, 94, 65, 36, 16, 13, 85, 79]",[4],"{""accepted_indices"": [1, 2, 3, 4, 5, 6, 7, 8, 9, 1, 2, 3, 4, 5, 6, 7, 8, 9], ""eps2"": 6, ""distance_median"": 0.6998899202097602}"
315,rflbat,rflbat_first_distance_filter,"[0, 49, 64, 42, 65, 60, 71, 17, 31, 27, 49, 64, 42, 65, 60, 71, 17, 31, 27]",[],"{""accepted_indices"": [0, 1, 2, 3, 4, 5, 6, 7, 8, 9, 1, 2, 3, 4, 5, 6, 7, 8, 9], ""eps1"": 10, ""distance_median"": 0.624386120224455}"
315,rflbat,rflbat_cluster_filter,"[0, 49, 64, 42, 65, 60, 71, 17, 31, 27, 49, 64, 42, 65, 60, 71, 17, 31, 27]",[],"{""accepted_indices"": [0, 1, 2, 3, 4, 5, 6, 7, 8, 9, 1, 2, 3, 4, 5, 6, 7, 8, 9], ""num_clusters"": 1, ""cluster_scores"": [0.11048738845620477]}"
315,rflbat,rflbat_final_distance_filter,"[49, 64, 42, 65, 60, 71, 17, 31, 27]",[0],"{""accepted_indices"": [1, 2, 3, 4, 5, 6, 7, 8, 9, 1, 2, 3, 4, 5, 6, 7, 8, 9], ""eps2"": 6, ""distance_median"": 0.924215044997491}"
316,rflbat,rflbat_first_distance_filter,"[1, 85, 75, 74, 59, 42, 70, 49, 12, 97, 85, 75, 74, 59, 42, 70, 49, 12, 97]",[],"{""accepted_indices"": [0, 1, 2, 3, 4, 5, 6, 7, 8, 9, 1, 2, 3, 4, 5, 6, 7, 8, 9], ""eps1"": 10, ""distance_median"": 0.8911162762325808}"
316,rflbat,rflbat_cluster_filter,"[1, 85, 75, 74, 59, 42, 70, 49, 12, 97, 85, 75, 74, 59, 42, 70, 49, 12, 97]",[],"{""accepted_indices"": [0, 1, 2, 3, 4, 5, 6, 7, 8, 9, 1, 2, 3, 4, 5, 6, 7, 8, 9], ""num_clusters"": 1, ""cluster_scores"": [0.09674468959482554]}"
316,rflbat,rflbat_final_distance_filter,"[85, 75, 74, 59, 42, 70, 49, 12, 97]",[1],"{""accepted_indices"": [1, 2, 3, 4, 5, 6, 7, 8, 9, 1, 2, 3, 4, 5, 6, 7, 8, 9], ""eps2"": 6, ""distance_median"": 1.1205553819887148}"
317,rflbat,rflbat_first_distance_filter,"[3, 82, 70, 84, 13, 45, 96, 81, 49, 92, 82, 70, 84, 13, 45, 96, 81, 49, 92]",[],"{""accepted_indices"": [0, 1, 2, 3, 4, 5, 6, 7, 8, 9, 1, 2, 3, 4, 5, 6, 7, 8, 9], ""eps1"": 10, ""distance_median"": 0.32136925185515663}"
317,rflbat,rflbat_cluster_filter,"[82, 70, 84, 13, 45, 81, 49, 92, 82, 70, 84, 13, 45, 81, 49, 92]","[3, 96]","{""accepted_indices"": [1, 2, 3, 4, 5, 7, 8, 9, 1, 2, 3, 4, 5, 7, 8, 9], ""num_clusters"": 3, ""cluster_scores"": [0.11831380797888949, 1.00000000000106, 1]}"
317,rflbat,rflbat_final_distance_filter,"[82, 70, 84, 13, 45, 81, 49, 92]","[3, 96]","{""accepted_indices"": [1, 2, 3, 4, 5, 7, 8, 9, 1, 2, 3, 4, 5, 7, 8, 9], ""eps2"": 6, ""distance_median"": 0.1386797319837893}"
318,rflbat,rflbat_first_distance_filter,"[4, 88, 94, 81, 2, 72, 19, 46, 28, 92, 88, 94, 81, 2, 72, 19, 46, 28, 92]",[],"{""accepted_indices"": [0, 1, 2, 3, 4, 5, 6, 7, 8, 9, 1, 2, 3, 4, 5, 6, 7, 8, 9], ""eps1"": 10, ""distance_median"": 0.868672622560146}"
318,rflbat,rflbat_cluster_filter,"[4, 88, 94, 81, 2, 72, 19, 46, 28, 92, 88, 94, 81, 2, 72, 19, 46, 28, 92]",[],"{""accepted_indices"": [0, 1, 2, 3, 4, 5, 6, 7, 8, 9, 1, 2, 3, 4, 5, 6, 7, 8, 9], ""num_clusters"": 1, ""cluster_scores"": [0.09741788466697661]}"
318,rflbat,rflbat_final_distance_filter,"[88, 94, 81, 2, 72, 19, 46, 28, 92]",[4],"{""accepted_indices"": [1, 2, 3, 4, 5, 6, 7, 8, 9, 1, 2, 3, 4, 5, 6, 7, 8, 9], ""eps2"": 6, ""distance_median"": 1.2644796557500713}"
319,rflbat,rflbat_first_distance_filter,"[1, 25, 64, 40, 77, 13, 21, 68, 60, 4, 25, 64, 40, 77, 13, 21, 68, 60, 4]",[],"{""accepted_indices"": [0, 1, 2, 3, 4, 5, 6, 7, 8, 9, 1, 2, 3, 4, 5, 6, 7, 8, 9], ""eps1"": 10, ""distance_median"": 1.1975550677426607}"
319,rflbat,rflbat_cluster_filter,"[1, 25, 64, 40, 77, 13, 21, 68, 60, 4, 25, 64, 40, 77, 13, 21, 68, 60, 4]",[],"{""accepted_indices"": [0, 1, 2, 3, 4, 5, 6, 7, 8, 9, 1, 2, 3, 4, 5, 6, 7, 8, 9], ""num_clusters"": 1, ""cluster_scores"": [0.12195012375455161]}"
319,rflbat,rflbat_final_distance_filter,"[25, 64, 40, 77, 13, 21, 68, 60, 4]",[1],"{""accepted_indices"": [1, 2, 3, 4, 5, 6, 7, 8, 9, 1, 2, 3, 4, 5, 6, 7, 8, 9], ""eps2"": 6, ""distance_median"": 1.6524242547993686}"
320,rflbat,rflbat_first_distance_filter,"[4, 50, 25, 98, 36, 40, 85, 91, 21, 64, 50, 25, 98, 36, 40, 85, 91, 21, 64]",[],"{""accepted_indices"": [0, 1, 2, 3, 4, 5, 6, 7, 8, 9, 1, 2, 3, 4, 5, 6, 7, 8, 9], ""eps1"": 10, ""distance_median"": 0.5105489300613397}"
320,rflbat,rflbat_cluster_filter,"[4, 50, 25, 98, 36, 40, 85, 91, 21, 64, 50, 25, 98, 36, 40, 85, 91, 21, 64]",[],"{""accepted_indices"": [0, 1, 2, 3, 4, 5, 6, 7, 8, 9, 1, 2, 3, 4, 5, 6, 7, 8, 9], ""num_clusters"": 1, ""cluster_scores"": [0.1141053307209635]}"
320,rflbat,rflbat_final_distance_filter,"[50, 25, 98, 36, 40, 85, 91, 21, 64]",[4],"{""accepted_indices"": [1, 2, 3, 4, 5, 6, 7, 8, 9, 1, 2, 3, 4, 5, 6, 7, 8, 9], ""eps2"": 6, ""distance_median"": 0.7320021101941534}"
321,rflbat,rflbat_first_distance_filter,"[1, 45, 53, 58, 32, 76, 49, 98, 95, 52, 45, 53, 58, 32, 76, 49, 98, 95, 52]",[],"{""accepted_indices"": [0, 1, 2, 3, 4, 5, 6, 7, 8, 9, 1, 2, 3, 4, 5, 6, 7, 8, 9], ""eps1"": 10, ""distance_median"": 0.989665796588141}"
321,rflbat,rflbat_cluster_filter,"[1, 45, 53, 58, 32, 76, 49, 98, 95, 52, 45, 53, 58, 32, 76, 49, 98, 95, 52]",[],"{""accepted_indices"": [0, 1, 2, 3, 4, 5, 6, 7, 8, 9, 1, 2, 3, 4, 5, 6, 7, 8, 9], ""num_clusters"": 1, ""cluster_scores"": [0.12099353232065808]}"
321,rflbat,rflbat_final_distance_filter,"[45, 53, 58, 32, 76, 49, 98, 95, 52]",[1],"{""accepted_indices"": [1, 2, 3, 4, 5, 6, 7, 8, 9, 1, 2, 3, 4, 5, 6, 7, 8, 9], ""eps2"": 6, ""distance_median"": 1.223421380096172}"
322,rflbat,rflbat_first_distance_filter,"[3, 34, 96, 50, 42, 93, 6, 48, 58, 55, 34, 96, 50, 42, 93, 6, 48, 58, 55]",[],"{""accepted_indices"": [0, 1, 2, 3, 4, 5, 6, 7, 8, 9, 1, 2, 3, 4, 5, 6, 7, 8, 9], ""eps1"": 10, ""distance_median"": 0.3980026803539095}"
322,rflbat,rflbat_cluster_filter,"[34, 96, 50, 42, 93, 6, 48, 58, 55, 34, 96, 50, 42, 93, 6, 48, 58, 55]",[3],"{""accepted_indices"": [1, 2, 3, 4, 5, 6, 7, 8, 9, 1, 2, 3, 4, 5, 6, 7, 8, 9], ""num_clusters"": 2, ""cluster_scores"": [0.10121656297028819, 1]}"
322,rflbat,rflbat_final_distance_filter,"[34, 96, 50, 42, 93, 6, 48, 58, 55]",[3],"{""accepted_indices"": [1, 2, 3, 4, 5, 6, 7, 8, 9, 1, 2, 3, 4, 5, 6, 7, 8, 9], ""eps2"": 6, ""distance_median"": 0.5060184109508956}"
323,rflbat,rflbat_first_distance_filter,"[1, 59, 26, 71, 82, 38, 78, 15, 57, 14, 59, 26, 71, 82, 38, 78, 15, 57, 14]",[],"{""accepted_indices"": [0, 1, 2, 3, 4, 5, 6, 7, 8, 9, 1, 2, 3, 4, 5, 6, 7, 8, 9], ""eps1"": 10, ""distance_median"": 1.3049221446694923}"
323,rflbat,rflbat_cluster_filter,"[1, 59, 26, 71, 82, 38, 78, 15, 57, 14, 59, 26, 71, 82, 38, 78, 15, 57, 14]",[],"{""accepted_indices"": [0, 1, 2, 3, 4, 5, 6, 7, 8, 9, 1, 2, 3, 4, 5, 6, 7, 8, 9], ""num_clusters"": 1, ""cluster_scores"": [0.11234823289133312]}"
323,rflbat,rflbat_final_distance_filter,"[59, 26, 71, 82, 38, 78, 15, 57, 14]",[1],"{""accepted_indices"": [1, 2, 3, 4, 5, 6, 7, 8, 9, 1, 2, 3, 4, 5, 6, 7, 8, 9], ""eps2"": 6, ""distance_median"": 1.6956346656969716}"
324,rflbat,rflbat_first_distance_filter,"[0, 60, 28, 6, 49, 7, 72, 69, 82, 84, 60, 28, 6, 49, 7, 72, 69, 82, 84]",[],"{""accepted_indices"": [0, 1, 2, 3, 4, 5, 6, 7, 8, 9, 1, 2, 3, 4, 5, 6, 7, 8, 9], ""eps1"": 10, ""distance_median"": 0.5632629416794981}"
324,rflbat,rflbat_cluster_filter,"[60, 28, 6, 49, 7, 69, 82, 84, 60, 28, 6, 49, 7, 69, 82, 84]","[0, 72]","{""accepted_indices"": [1, 2, 3, 4, 5, 7, 8, 9, 1, 2, 3, 4, 5, 7, 8, 9], ""num_clusters"": 3, ""cluster_scores"": [0.1328790653265021, 1, 1.0000000000014395]}"
324,rflbat,rflbat_final_distance_filter,"[60, 28, 6, 49, 7, 69, 82, 84]","[0, 72]","{""accepted_indices"": [1, 2, 3, 4, 5, 7, 8, 9, 1, 2, 3, 4, 5, 7, 8, 9], ""eps2"": 6, ""distance_median"": 0.271299284012426}"
325,rflbat,rflbat_first_distance_filter,"[3, 98, 51, 25, 35, 94, 75, 34, 97, 76, 98, 51, 25, 35, 94, 75, 34, 97, 76]",[],"{""accepted_indices"": [0, 1, 2, 3, 4, 5, 6, 7, 8, 9, 1, 2, 3, 4, 5, 6, 7, 8, 9], ""eps1"": 10, ""distance_median"": 0.6206961697866664}"
325,rflbat,rflbat_cluster_filter,"[3, 98, 51, 25, 94, 75, 34, 97, 76, 98, 51, 25, 94, 75, 34, 97, 76]",[35],"{""accepted_indices"": [0, 1, 2, 3, 5, 6, 7, 8, 9, 1, 2, 3, 5, 6, 7, 8, 9], ""num_clusters"": 2, ""cluster_scores"": [0.1265189114680622, 1.0000000000016478]}"
325,rflbat,rflbat_final_distance_filter,"[3, 98, 51, 25, 94, 75, 34, 97, 76]",[35],"{""accepted_indices"": [0, 1, 2, 3, 5, 6, 7, 8, 9, 1, 2, 3, 5, 6, 7, 8, 9], ""eps2"": 6, ""distance_median"": 0.5222675762981619}"
326,rflbat,rflbat_first_distance_filter,"[3, 10, 22, 67, 14, 71, 43, 78, 27, 40, 10, 22, 67, 14, 71, 43, 78, 27, 40]",[],"{""accepted_indices"": [0, 1, 2, 3, 4, 5, 6, 7, 8, 9, 1, 2, 3, 4, 5, 6, 7, 8, 9], ""eps1"": 10, ""distance_median"": 0.4435932025600823}"
326,rflbat,rflbat_cluster_filter,"[3, 10, 22, 67, 14, 71, 43, 78, 27, 40, 10, 22, 67, 14, 71, 43, 78, 27, 40]",[],"{""accepted_indices"": [0, 1, 2, 3, 4, 5, 6, 7, 8, 9, 1, 2, 3, 4, 5, 6, 7, 8, 9], ""num_clusters"": 1, ""cluster_scores"": [0.11367679450888206]}"
326,rflbat,rflbat_final_distance_filter,"[3, 10, 22, 67, 14, 71, 43, 78, 27, 40]",[],"{""accepted_indices"": [0, 1, 2, 3, 4, 5, 6, 7, 8, 9, 1, 2, 3, 4, 5, 6, 7, 8, 9], ""eps2"": 6, ""distance_median"": 0.8701979222706886}"
327,rflbat,rflbat_first_distance_filter,"[2, 31, 70, 41, 65, 8, 36, 66, 71, 12, 31, 70, 41, 65, 8, 36, 66, 71, 12]",[],"{""accepted_indices"": [0, 1, 2, 3, 4, 5, 6, 7, 8, 9, 1, 2, 3, 4, 5, 6, 7, 8, 9], ""eps1"": 10, ""distance_median"": 0.7088786363644337}"
327,rflbat,rflbat_cluster_filter,"[2, 31, 70, 41, 65, 8, 36, 66, 71, 12, 31, 70, 41, 65, 8, 36, 66, 71, 12]",[],"{""accepted_indices"": [0, 1, 2, 3, 4, 5, 6, 7, 8, 9, 1, 2, 3, 4, 5, 6, 7, 8, 9], ""num_clusters"": 1, ""cluster_scores"": [0.11729185914337548]}"
327,rflbat,rflbat_final_distance_filter,"[31, 70, 41, 65, 8, 36, 66, 71, 12]",[2],"{""accepted_indices"": [1, 2, 3, 4, 5, 6, 7, 8, 9, 1, 2, 3, 4, 5, 6, 7, 8, 9], ""eps2"": 6, ""distance_median"": 1.0390783589166335}"
328,rflbat,rflbat_first_distance_filter,"[2, 88, 90, 79, 29, 99, 47, 37, 7, 33, 88, 90, 79, 29, 99, 47, 37, 7, 33]",[],"{""accepted_indices"": [0, 1, 2, 3, 4, 5, 6, 7, 8, 9, 1, 2, 3, 4, 5, 6, 7, 8, 9], ""eps1"": 10, ""distance_median"": 0.6772792446867981}"
328,rflbat,rflbat_cluster_filter,"[2, 88, 90, 79, 29, 99, 47, 37, 7, 33, 88, 90, 79, 29, 99, 47, 37, 7, 33]",[],"{""accepted_indices"": [0, 1, 2, 3, 4, 5, 6, 7, 8, 9, 1, 2, 3, 4, 5, 6, 7, 8, 9], ""num_clusters"": 1, ""cluster_scores"": [0.11641504403425171]}"
328,rflbat,rflbat_final_distance_filter,"[88, 90, 79, 29, 99, 47, 37, 7, 33]",[2],"{""accepted_indices"": [1, 2, 3, 4, 5, 6, 7, 8, 9, 1, 2, 3, 4, 5, 6, 7, 8, 9], ""eps2"": 6, ""distance_median"": 1.0021502691592015}"
329,rflbat,rflbat_first_distance_filter,"[4, 9, 55, 34, 88, 19, 60, 96, 1, 0, 9, 55, 34, 88, 19, 60, 96, 1, 0]",[],"{""accepted_indices"": [0, 1, 2, 3, 4, 5, 6, 7, 8, 9, 1, 2, 3, 4, 5, 6, 7, 8, 9], ""eps1"": 10, ""distance_median"": 1.1700465610948725}"
329,rflbat,rflbat_cluster_filter,"[4, 9, 55, 34, 88, 19, 60, 96, 1, 0, 9, 55, 34, 88, 19, 60, 96, 1, 0]",[],"{""accepted_indices"": [0, 1, 2, 3, 4, 5, 6, 7, 8, 9, 1, 2, 3, 4, 5, 6, 7, 8, 9], ""num_clusters"": 1, ""cluster_scores"": [0.10028958814897453]}"
329,rflbat,rflbat_final_distance_filter,"[4, 9, 55, 34, 88, 19, 60, 96, 0]",[1],"{""accepted_indices"": [0, 1, 2, 3, 4, 5, 6, 7, 9, 1, 2, 3, 4, 5, 6, 7, 9], ""eps2"": 6, ""distance_median"": 1.931857088433057}"
330,rflbat,rflbat_first_distance_filter,"[1, 66, 95, 13, 21, 53, 97, 47, 99, 63, 66, 95, 13, 21, 53, 97, 47, 99, 63]",[],"{""accepted_indices"": [0, 1, 2, 3, 4, 5, 6, 7, 8, 9, 1, 2, 3, 4, 5, 6, 7, 8, 9], ""eps1"": 10, ""distance_median"": 1.1169715021619315}"
330,rflbat,rflbat_cluster_filter,"[13, 53, 13, 53]","[1, 66, 95, 21, 97, 47, 99, 63]","{""accepted_indices"": [3, 5, 3, 5], ""num_clusters"": 7, ""cluster_scores"": [0.5135808340609447, 1, 1.0000000000010572, 1.0000000000020617, 1.0000000000013558, 0.4890927485047252, 0.47463953535898085]}"
330,rflbat,rflbat_final_distance_filter,"[13, 53]","[1, 66, 95, 21, 97, 47, 99, 63]","{""accepted_indices"": [3, 5, 3, 5], ""eps2"": 6, ""distance_median"": 0.002055245419999751}"
331,rflbat,rflbat_first_distance_filter,"[3, 25, 71, 38, 60, 41, 10, 51, 15, 64, 25, 71, 38, 60, 41, 10, 51, 15, 64]",[],"{""accepted_indices"": [0, 1, 2, 3, 4, 5, 6, 7, 8, 9, 1, 2, 3, 4, 5, 6, 7, 8, 9], ""eps1"": 10, ""distance_median"": 0.5019798811924034}"
331,rflbat,rflbat_cluster_filter,"[3, 25, 71, 38, 60, 41, 10, 51, 15, 64, 25, 71, 38, 60, 41, 10, 51, 15, 64]",[],"{""accepted_indices"": [0, 1, 2, 3, 4, 5, 6, 7, 8, 9, 1, 2, 3, 4, 5, 6, 7, 8, 9], ""num_clusters"": 1, ""cluster_scores"": [0.109141769449883]}"
331,rflbat,rflbat_final_distance_filter,"[3, 25, 71, 38, 60, 41, 10, 51, 15, 64]",[],"{""accepted_indices"": [0, 1, 2, 3, 4, 5, 6, 7, 8, 9, 1, 2, 3, 4, 5, 6, 7, 8, 9], ""eps2"": 6, ""distance_median"": 0.8654194225961467}"
332,rflbat,rflbat_first_distance_filter,"[1, 16, 84, 79, 6, 35, 5, 11, 71, 57, 16, 84, 79, 6, 35, 5, 11, 71, 57]",[],"{""accepted_indices"": [0, 1, 2, 3, 4, 5, 6, 7, 8, 9, 1, 2, 3, 4, 5, 6, 7, 8, 9], ""eps1"": 10, ""distance_median"": 1.1276586369360264}"
332,rflbat,rflbat_cluster_filter,"[1, 16, 84, 79, 6, 35, 5, 11, 71, 57, 16, 84, 79, 6, 35, 5, 11, 71, 57]",[],"{""accepted_indices"": [0, 1, 2, 3, 4, 5, 6, 7, 8, 9, 1, 2, 3, 4, 5, 6, 7, 8, 9], ""num_clusters"": 1, ""cluster_scores"": [0.11935123283005193]}"
332,rflbat,rflbat_final_distance_filter,"[16, 84, 79, 6, 35, 5, 11, 71, 57]",[1],"{""accepted_indices"": [1, 2, 3, 4, 5, 6, 7, 8, 9, 1, 2, 3, 4, 5, 6, 7, 8, 9], ""eps2"": 6, ""distance_median"": 1.4989502509000676}"
333,rflbat,rflbat_first_distance_filter,"[2, 78, 76, 0, 69, 35, 51, 72, 55, 98, 78, 76, 0, 69, 35, 51, 72, 55, 98]",[],"{""accepted_indices"": [0, 1, 2, 3, 4, 5, 6, 7, 8, 9, 1, 2, 3, 4, 5, 6, 7, 8, 9], ""eps1"": 10, ""distance_median"": 0.796474210583461}"
333,rflbat,rflbat_cluster_filter,"[2, 78, 76, 0, 69, 35, 51, 72, 55, 98, 78, 76, 0, 69, 35, 51, 72, 55, 98]",[],"{""accepted_indices"": [0, 1, 2, 3, 4, 5, 6, 7, 8, 9, 1, 2, 3, 4, 5, 6, 7, 8, 9], ""num_clusters"": 1, ""cluster_scores"": [0.11428506896730016]}"
333,rflbat,rflbat_final_distance_filter,"[2, 78, 76, 0, 69, 35, 51, 72, 55, 98]",[],"{""accepted_indices"": [0, 1, 2, 3, 4, 5, 6, 7, 8, 9, 1, 2, 3, 4, 5, 6, 7, 8, 9], ""eps2"": 6, ""distance_median"": 1.2096094594586937}"
334,rflbat,rflbat_first_distance_filter,"[2, 31, 39, 12, 78, 52, 27, 70, 32, 11, 31, 39, 12, 78, 52, 27, 70, 32, 11]",[],"{""accepted_indices"": [0, 1, 2, 3, 4, 5, 6, 7, 8, 9, 1, 2, 3, 4, 5, 6, 7, 8, 9], ""eps1"": 10, ""distance_median"": 0.4880033735362368}"
334,rflbat,rflbat_cluster_filter,"[31, 39, 12, 78, 52, 27, 70, 32, 11, 31, 39, 12, 78, 52, 27, 70, 32, 11]",[2],"{""accepted_indices"": [1, 2, 3, 4, 5, 6, 7, 8, 9, 1, 2, 3, 4, 5, 6, 7, 8, 9], ""num_clusters"": 2, ""cluster_scores"": [0.13759091193469558, 1]}"
334,rflbat,rflbat_final_distance_filter,"[31, 39, 12, 78, 52, 27, 70, 32, 11]",[2],"{""accepted_indices"": [1, 2, 3, 4, 5, 6, 7, 8, 9, 1, 2, 3, 4, 5, 6, 7, 8, 9], ""eps2"": 6, ""distance_median"": 0.4294561007475369}"
335,rflbat,rflbat_first_distance_filter,"[3, 80, 4, 87, 11, 84, 1, 18, 77, 2, 80, 4, 87, 11, 84, 1, 18, 77, 2]",[],"{""accepted_indices"": [0, 1, 2, 3, 4, 5, 6, 7, 8, 9, 1, 2, 3, 4, 5, 6, 7, 8, 9], ""eps1"": 10, ""distance_median"": 1.5036663122209304}"
335,rflbat,rflbat_cluster_filter,"[3, 80, 4, 87, 11, 84, 18, 77, 2, 80, 4, 87, 11, 84, 18, 77, 2]",[1],"{""accepted_indices"": [0, 1, 2, 3, 4, 5, 7, 8, 9, 1, 2, 3, 4, 5, 7, 8, 9], ""num_clusters"": 2, ""cluster_scores"": [0.1171966216659702, 0.9999999999989706]}"
335,rflbat,rflbat_final_distance_filter,"[3, 80, 4, 87, 11, 84, 18, 77, 2]",[1],"{""accepted_indices"": [0, 1, 2, 3, 4, 5, 7, 8, 9, 1, 2, 3, 4, 5, 7, 8, 9], ""eps2"": 6, ""distance_median"": 1.09546813382336}"
336,rflbat,rflbat_first_distance_filter,"[2, 76, 81, 70, 97, 55, 18, 48, 61, 8, 76, 81, 70, 97, 55, 18, 48, 61, 8]",[],"{""accepted_indices"": [0, 1, 2, 3, 4, 5, 6, 7, 8, 9, 1, 2, 3, 4, 5, 6, 7, 8, 9], ""eps1"": 10, ""distance_median"": 0.5481477685025374}"
336,rflbat,rflbat_cluster_filter,"[2, 76, 81, 70, 97, 55, 18, 48, 61, 8, 76, 81, 70, 97, 55, 18, 48, 61, 8]",[],"{""accepted_indices"": [0, 1, 2, 3, 4, 5, 6, 7, 8, 9, 1, 2, 3, 4, 5, 6, 7, 8, 9], ""num_clusters"": 1, ""cluster_scores"": [0.12644316788228566]}"
336,rflbat,rflbat_final_distance_filter,"[2, 76, 81, 70, 97, 55, 18, 48, 61, 8]",[],"{""accepted_indices"": [0, 1, 2, 3, 4, 5, 6, 7, 8, 9, 1, 2, 3, 4, 5, 6, 7, 8, 9], ""eps2"": 6, ""distance_median"": 0.8342778700267609}"
337,rflbat,rflbat_first_distance_filter,"[1, 35, 45, 37, 48, 44, 55, 32, 23, 22, 35, 45, 37, 48, 44, 55, 32, 23, 22]",[],"{""accepted_indices"": [0, 1, 2, 3, 4, 5, 6, 7, 8, 9, 1, 2, 3, 4, 5, 6, 7, 8, 9], ""eps1"": 10, ""distance_median"": 0.9445654184801437}"
337,rflbat,rflbat_cluster_filter,"[1, 35, 45, 37, 48, 44, 55, 32, 23, 22, 35, 45, 37, 48, 44, 55, 32, 23, 22]",[],"{""accepted_indices"": [0, 1, 2, 3, 4, 5, 6, 7, 8, 9, 1, 2, 3, 4, 5, 6, 7, 8, 9], ""num_clusters"": 1, ""cluster_scores"": [0.12154896077604939]}"
337,rflbat,rflbat_final_distance_filter,"[35, 45, 37, 48, 44, 55, 32, 23, 22]",[1],"{""accepted_indices"": [1, 2, 3, 4, 5, 6, 7, 8, 9, 1, 2, 3, 4, 5, 6, 7, 8, 9], ""eps2"": 6, ""distance_median"": 1.252401574671809}"
338,rflbat,rflbat_first_distance_filter,"[0, 59, 53, 86, 32, 95, 96, 62, 27, 16, 59, 53, 86, 32, 95, 96, 62, 27, 16]",[],"{""accepted_indices"": [0, 1, 2, 3, 4, 5, 6, 7, 8, 9, 1, 2, 3, 4, 5, 6, 7, 8, 9], ""eps1"": 10, ""distance_median"": 0.5730921272045466}"
338,rflbat,rflbat_cluster_filter,"[0, 59, 53, 86, 32, 95, 96, 62, 27, 16, 59, 53, 86, 32, 95, 96, 62, 27, 16]",[],"{""accepted_indices"": [0, 1, 2, 3, 4, 5, 6, 7, 8, 9, 1, 2, 3, 4, 5, 6, 7, 8, 9], ""num_clusters"": 1, ""cluster_scores"": [0.10443206392879276]}"
338,rflbat,rflbat_final_distance_filter,"[59, 53, 86, 32, 95, 96, 62, 27, 16]",[0],"{""accepted_indices"": [1, 2, 3, 4, 5, 6, 7, 8, 9, 1, 2, 3, 4, 5, 6, 7, 8, 9], ""eps2"": 6, ""distance_median"": 0.8134247750569781}"
339,rflbat,rflbat_first_distance_filter,"[1, 79, 11, 20, 65, 0, 75, 61, 33, 47, 79, 11, 20, 65, 0, 75, 61, 33, 47]",[],"{""accepted_indices"": [0, 1, 2, 3, 4, 5, 6, 7, 8, 9, 1, 2, 3, 4, 5, 6, 7, 8, 9], ""eps1"": 10, ""distance_median"": 1.1313521945327003}"
339,rflbat,rflbat_cluster_filter,"[1, 79, 11, 20, 65, 0, 75, 61, 33, 47, 79, 11, 20, 65, 0, 75, 61, 33, 47]",[],"{""accepted_indices"": [0, 1, 2, 3, 4, 5, 6, 7, 8, 9, 1, 2, 3, 4, 5, 6, 7, 8, 9], ""num_clusters"": 1, ""cluster_scores"": [0.12522479704459735]}"
339,rflbat,rflbat_final_distance_filter,"[79, 11, 20, 65, 0, 75, 61, 33, 47]",[1],"{""accepted_indices"": [1, 2, 3, 4, 5, 6, 7, 8, 9, 1, 2, 3, 4, 5, 6, 7, 8, 9], ""eps2"": 6, ""distance_median"": 1.5272447391765311}"
340,rflbat,rflbat_first_distance_filter,"[0, 65, 19, 56, 4, 11, 20, 49, 75, 93, 65, 19, 56, 4, 11, 20, 49, 75, 93]",[],"{""accepted_indices"": [0, 1, 2, 3, 4, 5, 6, 7, 8, 9, 1, 2, 3, 4, 5, 6, 7, 8, 9], ""eps1"": 10, ""distance_median"": 0.6218552206090613}"
340,rflbat,rflbat_cluster_filter,"[0, 65, 19, 56, 4, 11, 20, 49, 75, 93, 65, 19, 56, 4, 11, 20, 49, 75, 93]",[],"{""accepted_indices"": [0, 1, 2, 3, 4, 5, 6, 7, 8, 9, 1, 2, 3, 4, 5, 6, 7, 8, 9], ""num_clusters"": 1, ""cluster_scores"": [0.09725877104541725]}"
340,rflbat,rflbat_final_distance_filter,"[0, 65, 19, 56, 4, 11, 20, 49, 75, 93]",[],"{""accepted_indices"": [0, 1, 2, 3, 4, 5, 6, 7, 8, 9, 1, 2, 3, 4, 5, 6, 7, 8, 9], ""eps2"": 6, ""distance_median"": 1.0292270447508196}"
341,rflbat,rflbat_first_distance_filter,"[2, 11, 61, 96, 28, 64, 62, 40, 71, 78, 11, 61, 96, 28, 64, 62, 40, 71, 78]",[],"{""accepted_indices"": [0, 1, 2, 3, 4, 5, 6, 7, 8, 9, 1, 2, 3, 4, 5, 6, 7, 8, 9], ""eps1"": 10, ""distance_median"": 0.6698022263270561}"
341,rflbat,rflbat_cluster_filter,"[2, 11, 61, 96, 28, 64, 62, 40, 71, 78, 11, 61, 96, 28, 64, 62, 40, 71, 78]",[],"{""accepted_indices"": [0, 1, 2, 3, 4, 5, 6, 7, 8, 9, 1, 2, 3, 4, 5, 6, 7, 8, 9], ""num_clusters"": 1, ""cluster_scores"": [0.10926709667004127]}"
341,rflbat,rflbat_final_distance_filter,"[11, 61, 96, 28, 64, 62, 40, 71, 78]",[2],"{""accepted_indices"": [1, 2, 3, 4, 5, 6, 7, 8, 9, 1, 2, 3, 4, 5, 6, 7, 8, 9], ""eps2"": 6, ""distance_median"": 0.9929155765679518}"
342,rflbat,rflbat_first_distance_filter,"[4, 78, 10, 56, 83, 55, 98, 69, 66, 81, 78, 10, 56, 83, 55, 98, 69, 66, 81]",[],"{""accepted_indices"": [0, 1, 2, 3, 4, 5, 6, 7, 8, 9, 1, 2, 3, 4, 5, 6, 7, 8, 9], ""eps1"": 10, ""distance_median"": 0.44539331377228863}"
342,rflbat,rflbat_cluster_filter,"[4, 78, 10, 56, 83, 55, 98, 69, 66, 81, 78, 10, 56, 83, 55, 98, 69, 66, 81]",[],"{""accepted_indices"": [0, 1, 2, 3, 4, 5, 6, 7, 8, 9, 1, 2, 3, 4, 5, 6, 7, 8, 9], ""num_clusters"": 1, ""cluster_scores"": [0.1169554033066481]}"
342,rflbat,rflbat_final_distance_filter,"[4, 78, 10, 56, 83, 55, 98, 69, 66, 81]",[],"{""accepted_indices"": [0, 1, 2, 3, 4, 5, 6, 7, 8, 9, 1, 2, 3, 4, 5, 6, 7, 8, 9], ""eps2"": 6, ""distance_median"": 0.6712895879153711}"
343,rflbat,rflbat_first_distance_filter,"[4, 14, 18, 69, 94, 2, 7, 26, 1, 75, 14, 18, 69, 94, 2, 7, 26, 1, 75]",[],"{""accepted_indices"": [0, 1, 2, 3, 4, 5, 6, 7, 8, 9, 1, 2, 3, 4, 5, 6, 7, 8, 9], ""eps1"": 10, ""distance_median"": 1.1295748820543765}"
343,rflbat,rflbat_cluster_filter,"[4, 14, 18, 69, 94, 2, 7, 26, 75, 14, 18, 69, 94, 2, 7, 26, 75]",[1],"{""accepted_indices"": [0, 1, 2, 3, 4, 5, 6, 7, 9, 1, 2, 3, 4, 5, 6, 7, 9], ""num_clusters"": 2, ""cluster_scores"": [0.11028632954796512, 1.000000000000554]}"
343,rflbat,rflbat_final_distance_filter,"[4, 14, 18, 69, 94, 2, 7, 26, 75]",[1],"{""accepted_indices"": [0, 1, 2, 3, 4, 5, 6, 7, 9, 1, 2, 3, 4, 5, 6, 7, 9], ""eps2"": 6, ""distance_median"": 1.0393226497945458}"
344,rflbat,rflbat_first_distance_filter,"[2, 63, 18, 29, 40, 35, 13, 27, 28, 11, 63, 18, 29, 40, 35, 13, 27, 28, 11]",[],"{""accepted_indices"": [0, 1, 2, 3, 4, 5, 6, 7, 8, 9, 1, 2, 3, 4, 5, 6, 7, 8, 9], ""eps1"": 10, ""distance_median"": 0.6307211002487016}"
344,rflbat,rflbat_cluster_filter,"[2, 63, 18, 29, 40, 35, 13, 27, 28, 11, 63, 18, 29, 40, 35, 13, 27, 28, 11]",[],"{""accepted_indices"": [0, 1, 2, 3, 4, 5, 6, 7, 8, 9, 1, 2, 3, 4, 5, 6, 7, 8, 9], ""num_clusters"": 1, ""cluster_scores"": [0.10678761400668643]}"
344,rflbat,rflbat_final_distance_filter,"[2, 63, 18, 29, 40, 35, 13, 27, 28, 11]",[],"{""accepted_indices"": [0, 1, 2, 3, 4, 5, 6, 7, 8, 9, 1, 2, 3, 4, 5, 6, 7, 8, 9], ""eps2"": 6, ""distance_median"": 0.9755865737951529}"
345,rflbat,rflbat_first_distance_filter,"[4, 41, 7, 90, 30, 52, 42, 76, 70, 79, 41, 7, 90, 30, 52, 42, 76, 70, 79]",[],"{""accepted_indices"": [0, 1, 2, 3, 4, 5, 6, 7, 8, 9, 1, 2, 3, 4, 5, 6, 7, 8, 9], ""eps1"": 10, ""distance_median"": 0.4295056444359327}"
345,rflbat,rflbat_cluster_filter,"[4, 41, 7, 90, 30, 52, 42, 76, 70, 79, 41, 7, 90, 30, 52, 42, 76, 70, 79]",[],"{""accepted_indices"": [0, 1, 2, 3, 4, 5, 6, 7, 8, 9, 1, 2, 3, 4, 5, 6, 7, 8, 9], ""num_clusters"": 1, ""cluster_scores"": [0.12637718345076268]}"
345,rflbat,rflbat_final_distance_filter,"[4, 41, 7, 90, 30, 52, 42, 76, 70, 79]",[],"{""accepted_indices"": [0, 1, 2, 3, 4, 5, 6, 7, 8, 9, 1, 2, 3, 4, 5, 6, 7, 8, 9], ""eps2"": 6, ""distance_median"": 0.6523553413181244}"
346,rflbat,rflbat_first_distance_filter,"[3, 51, 90, 71, 87, 20, 68, 65, 85, 69, 51, 90, 71, 87, 20, 68, 65, 85, 69]",[],"{""accepted_indices"": [0, 1, 2, 3, 4, 5, 6, 7, 8, 9, 1, 2, 3, 4, 5, 6, 7, 8, 9], ""eps1"": 10, ""distance_median"": 0.5381161988538476}"
346,rflbat,rflbat_cluster_filter,"[3, 51, 90, 71, 87, 20, 68, 65, 85, 69, 51, 90, 71, 87, 20, 68, 65, 85, 69]",[],"{""accepted_indices"": [0, 1, 2, 3, 4, 5, 6, 7, 8, 9, 1, 2, 3, 4, 5, 6, 7, 8, 9], ""num_clusters"": 1, ""cluster_scores"": [0.10984030955385625]}"
346,rflbat,rflbat_final_distance_filter,"[3, 51, 90, 71, 87, 20, 68, 65, 85, 69]",[],"{""accepted_indices"": [0, 1, 2, 3, 4, 5, 6, 7, 8, 9, 1, 2, 3, 4, 5, 6, 7, 8, 9], ""eps2"": 6, ""distance_median"": 1.0766215187398358}"
347,rflbat,rflbat_first_distance_filter,"[4, 55, 53, 0, 94, 74, 34, 49, 25, 1, 55, 53, 0, 94, 74, 34, 49, 25, 1]",[],"{""accepted_indices"": [0, 1, 2, 3, 4, 5, 6, 7, 8, 9, 1, 2, 3, 4, 5, 6, 7, 8, 9], ""eps1"": 10, ""distance_median"": 0.9711786724240148}"
347,rflbat,rflbat_cluster_filter,"[4, 55, 53, 0, 94, 74, 34, 49, 25, 1, 55, 53, 0, 94, 74, 34, 49, 25, 1]",[],"{""accepted_indices"": [0, 1, 2, 3, 4, 5, 6, 7, 8, 9, 1, 2, 3, 4, 5, 6, 7, 8, 9], ""num_clusters"": 1, ""cluster_scores"": [0.12185343472058778]}"
347,rflbat,rflbat_final_distance_filter,"[4, 55, 53, 0, 94, 74, 34, 49, 25, 1]",[],"{""accepted_indices"": [0, 1, 2, 3, 4, 5, 6, 7, 8, 9, 1, 2, 3, 4, 5, 6, 7, 8, 9], ""eps2"": 6, ""distance_median"": 1.8904769289682894}"
348,rflbat,rflbat_first_distance_filter,"[2, 52, 14, 17, 11, 25, 0, 9, 42, 37, 52, 14, 17, 11, 25, 0, 9, 42, 37]",[],"{""accepted_indices"": [0, 1, 2, 3, 4, 5, 6, 7, 8, 9, 1, 2, 3, 4, 5, 6, 7, 8, 9], ""eps1"": 10, ""distance_median"": 0.5867989170901533}"
348,rflbat,rflbat_cluster_filter,"[2, 52, 14, 17, 11, 25, 0, 9, 42, 37, 52, 14, 17, 11, 25, 0, 9, 42, 37]",[],"{""accepted_indices"": [0, 1, 2, 3, 4, 5, 6, 7, 8, 9, 1, 2, 3, 4, 5, 6, 7, 8, 9], ""num_clusters"": 1, ""cluster_scores"": [0.1174415229759513]}"
348,rflbat,rflbat_final_distance_filter,"[2, 52, 14, 17, 11, 25, 0, 9, 42, 37]",[],"{""accepted_indices"": [0, 1, 2, 3, 4, 5, 6, 7, 8, 9, 1, 2, 3, 4, 5, 6, 7, 8, 9], ""eps2"": 6, ""distance_median"": 0.8864460658281088}"
349,rflbat,rflbat_first_distance_filter,"[0, 16, 9, 33, 25, 81, 55, 52, 68, 86, 16, 9, 33, 25, 81, 55, 52, 68, 86]",[],"{""accepted_indices"": [0, 1, 2, 3, 4, 5, 6, 7, 8, 9, 1, 2, 3, 4, 5, 6, 7, 8, 9], ""eps1"": 10, ""distance_median"": 0.683657631273}"
349,rflbat,rflbat_cluster_filter,"[0, 16, 9, 33, 25, 81, 55, 52, 68, 86, 16, 9, 33, 25, 81, 55, 52, 68, 86]",[],"{""accepted_indices"": [0, 1, 2, 3, 4, 5, 6, 7, 8, 9, 1, 2, 3, 4, 5, 6, 7, 8, 9], ""num_clusters"": 1, ""cluster_scores"": [0.11348557541855883]}"
349,rflbat,rflbat_final_distance_filter,"[0, 16, 9, 33, 25, 81, 55, 52, 68, 86]",[],"{""accepted_indices"": [0, 1, 2, 3, 4, 5, 6, 7, 8, 9, 1, 2, 3, 4, 5, 6, 7, 8, 9], ""eps2"": 6, ""distance_median"": 1.278503422910441}"
350,rflbat,rflbat_first_distance_filter,"[0, 33, 36, 91, 96, 44, 11, 70, 50, 10, 33, 36, 91, 96, 44, 11, 70, 50, 10]",[],"{""accepted_indices"": [0, 1, 2, 3, 4, 5, 6, 7, 8, 9, 1, 2, 3, 4, 5, 6, 7, 8, 9], ""eps1"": 10, ""distance_median"": 0.5053967404043689}"
350,rflbat,rflbat_cluster_filter,"[0, 33, 36, 91, 96, 44, 11, 70, 50, 10, 33, 36, 91, 96, 44, 11, 70, 50, 10]",[],"{""accepted_indices"": [0, 1, 2, 3, 4, 5, 6, 7, 8, 9, 1, 2, 3, 4, 5, 6, 7, 8, 9], ""num_clusters"": 1, ""cluster_scores"": [0.11847861606348324]}"
350,rflbat,rflbat_final_distance_filter,"[0, 33, 36, 91, 96, 44, 11, 70, 50, 10]",[],"{""accepted_indices"": [0, 1, 2, 3, 4, 5, 6, 7, 8, 9, 1, 2, 3, 4, 5, 6, 7, 8, 9], ""eps2"": 6, ""distance_median"": 0.8085736043017697}"
351,rflbat,rflbat_first_distance_filter,"[2, 9, 6, 81, 38, 53, 77, 7, 32, 33, 9, 6, 81, 38, 53, 77, 7, 32, 33]",[],"{""accepted_indices"": [0, 1, 2, 3, 4, 5, 6, 7, 8, 9, 1, 2, 3, 4, 5, 6, 7, 8, 9], ""eps1"": 10, ""distance_median"": 0.5711996081475366}"
351,rflbat,rflbat_cluster_filter,"[9, 6, 81, 38, 53, 77, 7, 32, 9, 6, 81, 38, 53, 77, 7, 32]","[2, 33]","{""accepted_indices"": [1, 2, 3, 4, 5, 6, 7, 8, 1, 2, 3, 4, 5, 6, 7, 8], ""num_clusters"": 3, ""cluster_scores"": [0.1418491369318182, 1.0000000000014582, 1]}"
351,rflbat,rflbat_final_distance_filter,"[9, 6, 81, 38, 53, 77, 7, 32]","[2, 33]","{""accepted_indices"": [1, 2, 3, 4, 5, 6, 7, 8, 1, 2, 3, 4, 5, 6, 7, 8], ""eps2"": 6, ""distance_median"": 0.08302849475752913}"
352,rflbat,rflbat_first_distance_filter,"[2, 57, 3, 74, 29, 19, 77, 53, 18, 24, 57, 3, 74, 29, 19, 77, 53, 18, 24]",[],"{""accepted_indices"": [0, 1, 2, 3, 4, 5, 6, 7, 8, 9, 1, 2, 3, 4, 5, 6, 7, 8, 9], ""eps1"": 10, ""distance_median"": 0.5250620776955037}"
352,rflbat,rflbat_cluster_filter,"[57, 3, 74, 29, 19, 77, 53, 18, 24, 57, 3, 74, 29, 19, 77, 53, 18, 24]",[2],"{""accepted_indices"": [1, 2, 3, 4, 5, 6, 7, 8, 9, 1, 2, 3, 4, 5, 6, 7, 8, 9], ""num_clusters"": 2, ""cluster_scores"": [0.11644195606523224, 1]}"
352,rflbat,rflbat_final_distance_filter,"[57, 3, 74, 29, 19, 77, 53, 18, 24]",[2],"{""accepted_indices"": [1, 2, 3, 4, 5, 6, 7, 8, 9, 1, 2, 3, 4, 5, 6, 7, 8, 9], ""eps2"": 6, ""distance_median"": 0.47990198429755976}"
353,rflbat,rflbat_first_distance_filter,"[2, 76, 70, 44, 4, 7, 5, 55, 10, 38, 76, 70, 44, 4, 7, 5, 55, 10, 38]",[],"{""accepted_indices"": [0, 1, 2, 3, 4, 5, 6, 7, 8, 9, 1, 2, 3, 4, 5, 6, 7, 8, 9], ""eps1"": 10, ""distance_median"": 0.5755229797778949}"
353,rflbat,rflbat_cluster_filter,"[2, 76, 70, 44, 4, 7, 5, 55, 10, 38, 76, 70, 44, 4, 7, 5, 55, 10, 38]",[],"{""accepted_indices"": [0, 1, 2, 3, 4, 5, 6, 7, 8, 9, 1, 2, 3, 4, 5, 6, 7, 8, 9], ""num_clusters"": 1, ""cluster_scores"": [0.10456084397840808]}"
353,rflbat,rflbat_final_distance_filter,"[76, 70, 44, 4, 7, 5, 55, 10, 38]",[2],"{""accepted_indices"": [1, 2, 3, 4, 5, 6, 7, 8, 9, 1, 2, 3, 4, 5, 6, 7, 8, 9], ""eps2"": 6, ""distance_median"": 0.8557780619276276}"
354,rflbat,rflbat_first_distance_filter,"[2, 54, 71, 69, 7, 64, 42, 36, 83, 79, 54, 71, 69, 7, 64, 42, 36, 83, 79]",[],"{""accepted_indices"": [0, 1, 2, 3, 4, 5, 6, 7, 8, 9, 1, 2, 3, 4, 5, 6, 7, 8, 9], ""eps1"": 10, ""distance_median"": 0.5643624407737913}"
354,rflbat,rflbat_cluster_filter,"[54, 69, 7, 64, 42, 36, 83, 79, 54, 69, 7, 64, 42, 36, 83, 79]","[2, 71]","{""accepted_indices"": [1, 3, 4, 5, 6, 7, 8, 9, 1, 3, 4, 5, 6, 7, 8, 9], ""num_clusters"": 3, ""cluster_scores"": [0.1372639535618566, 1.0000000000014424, 1]}"
354,rflbat,rflbat_final_distance_filter,"[54, 69, 7, 64, 42, 36, 83, 79]","[2, 71]","{""accepted_indices"": [1, 3, 4, 5, 6, 7, 8, 9, 1, 3, 4, 5, 6, 7, 8, 9], ""eps2"": 6, ""distance_median"": 0.06208738036410632}"
355,rflbat,rflbat_first_distance_filter,"[3, 49, 86, 28, 33, 45, 17, 5, 15, 93, 49, 86, 28, 33, 45, 17, 5, 15, 93]",[],"{""accepted_indices"": [0, 1, 2, 3, 4, 5, 6, 7, 8, 9, 1, 2, 3, 4, 5, 6, 7, 8, 9], ""eps1"": 10, ""distance_median"": 0.4293034614595451}"
355,rflbat,rflbat_cluster_filter,"[49, 86, 28, 45, 17, 5, 15, 93, 49, 86, 28, 45, 17, 5, 15, 93]","[3, 33]","{""accepted_indices"": [1, 2, 3, 5, 6, 7, 8, 9, 1, 2, 3, 5, 6, 7, 8, 9], ""num_clusters"": 3, ""cluster_scores"": [0.13822745156901461, 1.0000000000013793, 1]}"
355,rflbat,rflbat_final_distance_filter,"[49, 86, 28, 45, 17, 5, 15, 93]","[3, 33]","{""accepted_indices"": [1, 2, 3, 5, 6, 7, 8, 9, 1, 2, 3, 5, 6, 7, 8, 9], ""eps2"": 6, ""distance_median"": 0.08646479304716785}"
356,rflbat,rflbat_first_distance_filter,"[3, 69, 22, 31, 33, 56, 38, 37, 58, 39, 69, 22, 31, 33, 56, 38, 37, 58, 39]",[],"{""accepted_indices"": [0, 1, 2, 3, 4, 5, 6, 7, 8, 9, 1, 2, 3, 4, 5, 6, 7, 8, 9], ""eps1"": 10, ""distance_median"": 0.47710804306819754}"
356,rflbat,rflbat_cluster_filter,"[3, 69, 22, 31, 33, 56, 38, 37, 58, 39, 69, 22, 31, 33, 56, 38, 37, 58, 39]",[],"{""accepted_indices"": [0, 1, 2, 3, 4, 5, 6, 7, 8, 9, 1, 2, 3, 4, 5, 6, 7, 8, 9], ""num_clusters"": 1, ""cluster_scores"": [0.11729690434958807]}"
356,rflbat,rflbat_final_distance_filter,"[3, 69, 22, 31, 33, 56, 38, 37, 58, 39]",[],"{""accepted_indices"": [0, 1, 2, 3, 4, 5, 6, 7, 8, 9, 1, 2, 3, 4, 5, 6, 7, 8, 9], ""eps2"": 6, ""distance_median"": 0.8332816681266568}"
357,rflbat,rflbat_first_distance_filter,"[3, 34, 46, 75, 82, 8, 86, 41, 89, 14, 34, 46, 75, 82, 8, 86, 41, 89, 14]",[],"{""accepted_indices"": [0, 1, 2, 3, 4, 5, 6, 7, 8, 9, 1, 2, 3, 4, 5, 6, 7, 8, 9], ""eps1"": 10, ""distance_median"": 0.4043670022689253}"
357,rflbat,rflbat_cluster_filter,"[3, 34, 46, 75, 82, 8, 86, 41, 89, 14, 34, 46, 75, 82, 8, 86, 41, 89, 14]",[],"{""accepted_indices"": [0, 1, 2, 3, 4, 5, 6, 7, 8, 9, 1, 2, 3, 4, 5, 6, 7, 8, 9], ""num_clusters"": 1, ""cluster_scores"": [0.12234477381400988]}"
357,rflbat,rflbat_final_distance_filter,"[3, 34, 46, 75, 82, 8, 86, 41, 89, 14]",[],"{""accepted_indices"": [0, 1, 2, 3, 4, 5, 6, 7, 8, 9, 1, 2, 3, 4, 5, 6, 7, 8, 9], ""eps2"": 6, ""distance_median"": 0.7875128593352447}"
358,rflbat,rflbat_first_distance_filter,"[0, 78, 58, 84, 3, 9, 26, 51, 35, 82, 78, 58, 84, 3, 9, 26, 51, 35, 82]",[],"{""accepted_indices"": [0, 1, 2, 3, 4, 5, 6, 7, 8, 9, 1, 2, 3, 4, 5, 6, 7, 8, 9], ""eps1"": 10, ""distance_median"": 0.7894716445070733}"
358,rflbat,rflbat_cluster_filter,"[0, 78, 58, 84, 3, 9, 26, 51, 35, 82, 78, 58, 84, 3, 9, 26, 51, 35, 82]",[],"{""accepted_indices"": [0, 1, 2, 3, 4, 5, 6, 7, 8, 9, 1, 2, 3, 4, 5, 6, 7, 8, 9], ""num_clusters"": 1, ""cluster_scores"": [0.10346649861332634]}"
358,rflbat,rflbat_final_distance_filter,"[0, 78, 58, 84, 3, 9, 26, 51, 35, 82]",[],"{""accepted_indices"": [0, 1, 2, 3, 4, 5, 6, 7, 8, 9, 1, 2, 3, 4, 5, 6, 7, 8, 9], ""eps2"": 6, ""distance_median"": 1.3916547176710075}"
359,rflbat,rflbat_first_distance_filter,"[3, 8, 69, 78, 27, 91, 18, 12, 92, 88, 8, 69, 78, 27, 91, 18, 12, 92, 88]",[],"{""accepted_indices"": [0, 1, 2, 3, 4, 5, 6, 7, 8, 9, 1, 2, 3, 4, 5, 6, 7, 8, 9], ""eps1"": 10, ""distance_median"": 0.3805876888793289}"
359,rflbat,rflbat_cluster_filter,"[3, 8, 69, 78, 27, 91, 18, 12, 92, 88, 8, 69, 78, 27, 91, 18, 12, 92, 88]",[],"{""accepted_indices"": [0, 1, 2, 3, 4, 5, 6, 7, 8, 9, 1, 2, 3, 4, 5, 6, 7, 8, 9], ""num_clusters"": 1, ""cluster_scores"": [0.11162166075898199]}"
359,rflbat,rflbat_final_distance_filter,"[3, 8, 69, 78, 27, 91, 18, 12, 92, 88]",[],"{""accepted_indices"": [0, 1, 2, 3, 4, 5, 6, 7, 8, 9, 1, 2, 3, 4, 5, 6, 7, 8, 9], ""eps2"": 6, ""distance_median"": 0.7327439844746613}"
360,rflbat,rflbat_first_distance_filter,"[4, 95, 83, 45, 84, 66, 55, 91, 18, 82, 95, 83, 45, 84, 66, 55, 91, 18, 82]",[],"{""accepted_indices"": [0, 1, 2, 3, 4, 5, 6, 7, 8, 9, 1, 2, 3, 4, 5, 6, 7, 8, 9], ""eps1"": 10, ""distance_median"": 0.4198443498883812}"
360,rflbat,rflbat_cluster_filter,"[4, 95, 83, 45, 84, 66, 55, 91, 18, 82, 95, 83, 45, 84, 66, 55, 91, 18, 82]",[],"{""accepted_indices"": [0, 1, 2, 3, 4, 5, 6, 7, 8, 9, 1, 2, 3, 4, 5, 6, 7, 8, 9], ""num_clusters"": 1, ""cluster_scores"": [0.10634697532905457]}"
360,rflbat,rflbat_final_distance_filter,"[95, 83, 45, 84, 66, 55, 91, 18, 82]",[4],"{""accepted_indices"": [1, 2, 3, 4, 5, 6, 7, 8, 9, 1, 2, 3, 4, 5, 6, 7, 8, 9], ""eps2"": 6, ""distance_median"": 0.6301578783985761}"
361,rflbat,rflbat_first_distance_filter,"[3, 25, 42, 75, 17, 59, 12, 15, 34, 45, 25, 42, 75, 17, 59, 12, 15, 34, 45]",[],"{""accepted_indices"": [0, 1, 2, 3, 4, 5, 6, 7, 8, 9, 1, 2, 3, 4, 5, 6, 7, 8, 9], ""eps1"": 10, ""distance_median"": 0.362347887972946}"
361,rflbat,rflbat_cluster_filter,"[3, 25, 42, 75, 17, 59, 12, 15, 34, 45, 25, 42, 75, 17, 59, 12, 15, 34, 45]",[],"{""accepted_indices"": [0, 1, 2, 3, 4, 5, 6, 7, 8, 9, 1, 2, 3, 4, 5, 6, 7, 8, 9], ""num_clusters"": 1, ""cluster_scores"": [0.1098110589307891]}"
361,rflbat,rflbat_final_distance_filter,"[3, 25, 42, 75, 17, 59, 12, 15, 34, 45]",[],"{""accepted_indices"": [0, 1, 2, 3, 4, 5, 6, 7, 8, 9, 1, 2, 3, 4, 5, 6, 7, 8, 9], ""eps2"": 6, ""distance_median"": 0.6096543058679119}"
362,rflbat,rflbat_first_distance_filter,"[1, 19, 12, 13, 99, 33, 5, 95, 16, 23, 19, 12, 13, 99, 33, 5, 95, 16, 23]",[],"{""accepted_indices"": [0, 1, 2, 3, 4, 5, 6, 7, 8, 9, 1, 2, 3, 4, 5, 6, 7, 8, 9], ""eps1"": 10, ""distance_median"": 0.8307249623388366}"
362,rflbat,rflbat_cluster_filter,"[1, 19, 12, 13, 99, 33, 5, 95, 16, 23, 19, 12, 13, 99, 33, 5, 95, 16, 23]",[],"{""accepted_indices"": [0, 1, 2, 3, 4, 5, 6, 7, 8, 9, 1, 2, 3, 4, 5, 6, 7, 8, 9], ""num_clusters"": 1, ""cluster_scores"": [0.10893848968969926]}"
362,rflbat,rflbat_final_distance_filter,"[19, 12, 13, 99, 33, 5, 95, 16, 23]",[1],"{""accepted_indices"": [1, 2, 3, 4, 5, 6, 7, 8, 9, 1, 2, 3, 4, 5, 6, 7, 8, 9], ""eps2"": 6, ""distance_median"": 1.1149889448031434}"
363,rflbat,rflbat_first_distance_filter,"[0, 2, 40, 37, 52, 56, 93, 11, 7, 13, 2, 40, 37, 52, 56, 93, 11, 7, 13]",[],"{""accepted_indices"": [0, 1, 2, 3, 4, 5, 6, 7, 8, 9, 1, 2, 3, 4, 5, 6, 7, 8, 9], ""eps1"": 10, ""distance_median"": 0.5873211871055212}"
363,rflbat,rflbat_cluster_filter,"[0, 2, 40, 37, 52, 56, 93, 11, 7, 13, 2, 40, 37, 52, 56, 93, 11, 7, 13]",[],"{""accepted_indices"": [0, 1, 2, 3, 4, 5, 6, 7, 8, 9, 1, 2, 3, 4, 5, 6, 7, 8, 9], ""num_clusters"": 1, ""cluster_scores"": [0.11479474440868301]}"
363,rflbat,rflbat_final_distance_filter,"[0, 2, 40, 37, 52, 56, 93, 11, 7, 13]",[],"{""accepted_indices"": [0, 1, 2, 3, 4, 5, 6, 7, 8, 9, 1, 2, 3, 4, 5, 6, 7, 8, 9], ""eps2"": 6, ""distance_median"": 0.9158276375937828}"
364,rflbat,rflbat_first_distance_filter,"[2, 5, 45, 37, 76, 67, 62, 23, 41, 50, 5, 45, 37, 76, 67, 62, 23, 41, 50]",[],"{""accepted_indices"": [0, 1, 2, 3, 4, 5, 6, 7, 8, 9, 1, 2, 3, 4, 5, 6, 7, 8, 9], ""eps1"": 10, ""distance_median"": 0.5134548804196621}"
364,rflbat,rflbat_cluster_filter,"[2, 5, 45, 37, 76, 67, 62, 23, 41, 50, 5, 45, 37, 76, 67, 62, 23, 41, 50]",[],"{""accepted_indices"": [0, 1, 2, 3, 4, 5, 6, 7, 8, 9, 1, 2, 3, 4, 5, 6, 7, 8, 9], ""num_clusters"": 1, ""cluster_scores"": [0.10331931185982897]}"
364,rflbat,rflbat_final_distance_filter,"[5, 45, 37, 76, 67, 62, 23, 41, 50]",[2],"{""accepted_indices"": [1, 2, 3, 4, 5, 6, 7, 8, 9, 1, 2, 3, 4, 5, 6, 7, 8, 9], ""eps2"": 6, ""distance_median"": 0.7568845463758921}"
365,rflbat,rflbat_first_distance_filter,"[3, 50, 66, 96, 45, 40, 71, 97, 52, 89, 50, 66, 96, 45, 40, 71, 97, 52, 89]",[],"{""accepted_indices"": [0, 1, 2, 3, 4, 5, 6, 7, 8, 9, 1, 2, 3, 4, 5, 6, 7, 8, 9], ""eps1"": 10, ""distance_median"": 0.46217786437191893}"
365,rflbat,rflbat_cluster_filter,"[3, 50, 66, 96, 45, 40, 71, 97, 52, 89, 50, 66, 96, 45, 40, 71, 97, 52, 89]",[],"{""accepted_indices"": [0, 1, 2, 3, 4, 5, 6, 7, 8, 9, 1, 2, 3, 4, 5, 6, 7, 8, 9], ""num_clusters"": 1, ""cluster_scores"": [0.11246613057807488]}"
365,rflbat,rflbat_final_distance_filter,"[3, 50, 66, 96, 45, 40, 71, 97, 52, 89]",[],"{""accepted_indices"": [0, 1, 2, 3, 4, 5, 6, 7, 8, 9, 1, 2, 3, 4, 5, 6, 7, 8, 9], ""eps2"": 6, ""distance_median"": 0.9149606158085737}"
366,rflbat,rflbat_first_distance_filter,"[4, 1, 40, 62, 94, 25, 81, 13, 55, 11, 1, 40, 62, 94, 25, 81, 13, 55, 11]",[],"{""accepted_indices"": [0, 1, 2, 3, 4, 5, 6, 7, 8, 9, 1, 2, 3, 4, 5, 6, 7, 8, 9], ""eps1"": 10, ""distance_median"": 1.2226775508841214}"
366,rflbat,rflbat_cluster_filter,"[4, 1, 40, 62, 94, 25, 81, 13, 55, 11, 1, 40, 62, 94, 25, 81, 13, 55, 11]",[],"{""accepted_indices"": [0, 1, 2, 3, 4, 5, 6, 7, 8, 9, 1, 2, 3, 4, 5, 6, 7, 8, 9], ""num_clusters"": 1, ""cluster_scores"": [0.10074145021792162]}"
366,rflbat,rflbat_final_distance_filter,"[4, 40, 62, 94, 25, 81, 13, 55, 11]",[1],"{""accepted_indices"": [0, 2, 3, 4, 5, 6, 7, 8, 9, 2, 3, 4, 5, 6, 7, 8, 9], ""eps2"": 6, ""distance_median"": 2.0785564936703826}"
367,rflbat,rflbat_first_distance_filter,"[4, 31, 8, 18, 65, 21, 60, 49, 96, 78, 31, 8, 18, 65, 21, 60, 49, 96, 78]",[],"{""accepted_indices"": [0, 1, 2, 3, 4, 5, 6, 7, 8, 9, 1, 2, 3, 4, 5, 6, 7, 8, 9], ""eps1"": 10, ""distance_median"": 0.4314195940360508}"
367,rflbat,rflbat_cluster_filter,"[4, 31, 8, 18, 65, 21, 60, 49, 96, 78, 31, 8, 18, 65, 21, 60, 49, 96, 78]",[],"{""accepted_indices"": [0, 1, 2, 3, 4, 5, 6, 7, 8, 9, 1, 2, 3, 4, 5, 6, 7, 8, 9], ""num_clusters"": 1, ""cluster_scores"": [0.11691457952528786]}"
367,rflbat,rflbat_final_distance_filter,"[31, 8, 18, 65, 21, 60, 49, 96, 78]",[4],"{""accepted_indices"": [1, 2, 3, 4, 5, 6, 7, 8, 9, 1, 2, 3, 4, 5, 6, 7, 8, 9], ""eps2"": 6, ""distance_median"": 0.6244282477068319}"
368,rflbat,rflbat_first_distance_filter,"[0, 35, 40, 27, 88, 50, 24, 15, 51, 62, 35, 40, 27, 88, 50, 24, 15, 51, 62]",[],"{""accepted_indices"": [0, 1, 2, 3, 4, 5, 6, 7, 8, 9, 1, 2, 3, 4, 5, 6, 7, 8, 9], ""eps1"": 10, ""distance_median"": 0.6184112627324125}"
368,rflbat,rflbat_cluster_filter,"[0, 35, 40, 27, 88, 50, 24, 15, 51, 62, 35, 40, 27, 88, 50, 24, 15, 51, 62]",[],"{""accepted_indices"": [0, 1, 2, 3, 4, 5, 6, 7, 8, 9, 1, 2, 3, 4, 5, 6, 7, 8, 9], ""num_clusters"": 1, ""cluster_scores"": [0.1077960644531414]}"
368,rflbat,rflbat_final_distance_filter,"[0, 35, 40, 27, 88, 50, 24, 15, 51, 62]",[],"{""accepted_indices"": [0, 1, 2, 3, 4, 5, 6, 7, 8, 9, 1, 2, 3, 4, 5, 6, 7, 8, 9], ""eps2"": 6, ""distance_median"": 1.0025954207707877}"
369,rflbat,rflbat_first_distance_filter,"[4, 93, 62, 49, 34, 22, 33, 10, 17, 31, 93, 62, 49, 34, 22, 33, 10, 17, 31]",[],"{""accepted_indices"": [0, 1, 2, 3, 4, 5, 6, 7, 8, 9, 1, 2, 3, 4, 5, 6, 7, 8, 9], ""eps1"": 10, ""distance_median"": 0.5868788055305689}"
369,rflbat,rflbat_cluster_filter,"[4, 93, 62, 49, 34, 22, 33, 10, 17, 31, 93, 62, 49, 34, 22, 33, 10, 17, 31]",[],"{""accepted_indices"": [0, 1, 2, 3, 4, 5, 6, 7, 8, 9, 1, 2, 3, 4, 5, 6, 7, 8, 9], ""num_clusters"": 1, ""cluster_scores"": [0.10673653707152793]}"
369,rflbat,rflbat_final_distance_filter,"[4, 93, 62, 49, 34, 22, 33, 10, 17, 31]",[],"{""accepted_indices"": [0, 1, 2, 3, 4, 5, 6, 7, 8, 9, 1, 2, 3, 4, 5, 6, 7, 8, 9], ""eps2"": 6, ""distance_median"": 0.8844859582613718}"
370,rflbat,rflbat_first_distance_filter,"[3, 10, 39, 78, 85, 26, 87, 98, 86, 76, 10, 39, 78, 85, 26, 87, 98, 86, 76]",[],"{""accepted_indices"": [0, 1, 2, 3, 4, 5, 6, 7, 8, 9, 1, 2, 3, 4, 5, 6, 7, 8, 9], ""eps1"": 10, ""distance_median"": 0.521560210428199}"
370,rflbat,rflbat_cluster_filter,"[3, 10, 39, 78, 87, 98, 86, 76, 10, 39, 78, 87, 98, 86, 76]","[85, 26]","{""accepted_indices"": [0, 1, 2, 3, 6, 7, 8, 9, 1, 2, 3, 6, 7, 8, 9], ""num_clusters"": 3, ""cluster_scores"": [0.13410611583528328, 1.0000000000015112, 1.000000000003105]}"
370,rflbat,rflbat_final_distance_filter,"[3, 10, 39, 78, 87, 98, 86, 76]","[85, 26]","{""accepted_indices"": [0, 1, 2, 3, 6, 7, 8, 9, 1, 2, 3, 6, 7, 8, 9], ""eps2"": 6, ""distance_median"": 0.18608610566499217}"
371,rflbat,rflbat_first_distance_filter,"[2, 83, 48, 19, 65, 77, 87, 98, 22, 75, 83, 48, 19, 65, 77, 87, 98, 22, 75]",[],"{""accepted_indices"": [0, 1, 2, 3, 4, 5, 6, 7, 8, 9, 1, 2, 3, 4, 5, 6, 7, 8, 9], ""eps1"": 10, ""distance_median"": 0.5080928065496987}"
371,rflbat,rflbat_cluster_filter,"[2, 83, 19, 65, 77, 87, 98, 22, 75, 83, 19, 65, 77, 87, 98, 22, 75]",[48],"{""accepted_indices"": [0, 1, 3, 4, 5, 6, 7, 8, 9, 1, 3, 4, 5, 6, 7, 8, 9], ""num_clusters"": 2, ""cluster_scores"": [1.0000000000015161, 0.11345624924985703]}"
371,rflbat,rflbat_final_distance_filter,"[83, 19, 65, 77, 87, 98, 22, 75]","[2, 48]","{""accepted_indices"": [1, 3, 4, 5, 6, 7, 8, 9, 1, 3, 4, 5, 6, 7, 8, 9], ""eps2"": 6, ""distance_median"": 0.4976238110931058}"
372,rflbat,rflbat_first_distance_filter,"[2, 70, 17, 26, 24, 0, 51, 94, 55, 8, 70, 17, 26, 24, 0, 51, 94, 55, 8]",[],"{""accepted_indices"": [0, 1, 2, 3, 4, 5, 6, 7, 8, 9, 1, 2, 3, 4, 5, 6, 7, 8, 9], ""eps1"": 10, ""distance_median"": 0.7012993578275049}"
372,rflbat,rflbat_cluster_filter,"[2, 70, 17, 26, 24, 0, 51, 94, 55, 8, 70, 17, 26, 24, 0, 51, 94, 55, 8]",[],"{""accepted_indices"": [0, 1, 2, 3, 4, 5, 6, 7, 8, 9, 1, 2, 3, 4, 5, 6, 7, 8, 9], ""num_clusters"": 1, ""cluster_scores"": [0.10233344532307832]}"
372,rflbat,rflbat_final_distance_filter,"[2, 70, 17, 26, 24, 0, 51, 94, 55, 8]",[],"{""accepted_indices"": [0, 1, 2, 3, 4, 5, 6, 7, 8, 9, 1, 2, 3, 4, 5, 6, 7, 8, 9], ""eps2"": 6, ""distance_median"": 1.0793541542004184}"
373,rflbat,rflbat_first_distance_filter,"[4, 9, 45, 70, 95, 54, 23, 47, 76, 58, 9, 45, 70, 95, 54, 23, 47, 76, 58]",[],"{""accepted_indices"": [0, 1, 2, 3, 4, 5, 6, 7, 8, 9, 1, 2, 3, 4, 5, 6, 7, 8, 9], ""eps1"": 10, ""distance_median"": 0.5320693649415414}"
373,rflbat,rflbat_cluster_filter,"[4, 9, 45, 70, 95, 54, 23, 47, 76, 58, 9, 45, 70, 95, 54, 23, 47, 76, 58]",[],"{""accepted_indices"": [0, 1, 2, 3, 4, 5, 6, 7, 8, 9, 1, 2, 3, 4, 5, 6, 7, 8, 9], ""num_clusters"": 1, ""cluster_scores"": [0.11787050746768656]}"
373,rflbat,rflbat_final_distance_filter,"[9, 45, 70, 95, 54, 23, 47, 76, 58]",[4],"{""accepted_indices"": [1, 2, 3, 4, 5, 6, 7, 8, 9, 1, 2, 3, 4, 5, 6, 7, 8, 9], ""eps2"": 6, ""distance_median"": 0.7905529488371554}"
374,rflbat,rflbat_first_distance_filter,"[0, 12, 63, 21, 66, 85, 56, 45, 6, 70, 12, 63, 21, 66, 85, 56, 45, 6, 70]",[],"{""accepted_indices"": [0, 1, 2, 3, 4, 5, 6, 7, 8, 9, 1, 2, 3, 4, 5, 6, 7, 8, 9], ""eps1"": 10, ""distance_median"": 0.4170937088704598}"
374,rflbat,rflbat_cluster_filter,"[12, 21, 45, 6, 70, 12, 21, 45, 6, 70]","[0, 63, 66, 85, 56]","{""accepted_indices"": [1, 3, 7, 8, 9, 1, 3, 7, 8, 9], ""num_clusters"": 5, ""cluster_scores"": [0.5025492862261066, 1.000000000003005, 1, 1.0000000000011682, 0.20540826090674943]}"
374,rflbat,rflbat_final_distance_filter,"[12, 21, 45, 6, 70]","[0, 63, 66, 85, 56]","{""accepted_indices"": [1, 3, 7, 8, 9, 1, 3, 7, 8, 9], ""eps2"": 6, ""distance_median"": 0.030626647769602635}"
375,rflbat,rflbat_first_distance_filter,"[1, 8, 78, 83, 57, 60, 87, 27, 56, 20, 8, 78, 83, 57, 60, 87, 27, 56, 20]",[],"{""accepted_indices"": [0, 1, 2, 3, 4, 5, 6, 7, 8, 9, 1, 2, 3, 4, 5, 6, 7, 8, 9], ""eps1"": 10, ""distance_median"": 0.9851954996420778}"
375,rflbat,rflbat_cluster_filter,"[1, 8, 78, 83, 57, 60, 87, 27, 56, 20, 8, 78, 83, 57, 60, 87, 27, 56, 20]",[],"{""accepted_indices"": [0, 1, 2, 3, 4, 5, 6, 7, 8, 9, 1, 2, 3, 4, 5, 6, 7, 8, 9], ""num_clusters"": 1, ""cluster_scores"": [0.13215486336280832]}"
375,rflbat,rflbat_final_distance_filter,"[8, 78, 83, 57, 60, 87, 27, 56, 20]",[1],"{""accepted_indices"": [1, 2, 3, 4, 5, 6, 7, 8, 9, 1, 2, 3, 4, 5, 6, 7, 8, 9], ""eps2"": 6, ""distance_median"": 1.2196898480139198}"
376,rflbat,rflbat_first_distance_filter,"[2, 12, 6, 80, 88, 33, 23, 10, 49, 8, 12, 6, 80, 88, 33, 23, 10, 49, 8]",[],"{""accepted_indices"": [0, 1, 2, 3, 4, 5, 6, 7, 8, 9, 1, 2, 3, 4, 5, 6, 7, 8, 9], ""eps1"": 10, ""distance_median"": 0.6009826621417647}"
376,rflbat,rflbat_cluster_filter,"[2, 12, 6, 80, 88, 33, 23, 10, 49, 8, 12, 6, 80, 88, 33, 23, 10, 49, 8]",[],"{""accepted_indices"": [0, 1, 2, 3, 4, 5, 6, 7, 8, 9, 1, 2, 3, 4, 5, 6, 7, 8, 9], ""num_clusters"": 1, ""cluster_scores"": [0.10308796131534773]}"
376,rflbat,rflbat_final_distance_filter,"[2, 12, 6, 80, 88, 33, 23, 10, 49, 8]",[],"{""accepted_indices"": [0, 1, 2, 3, 4, 5, 6, 7, 8, 9, 1, 2, 3, 4, 5, 6, 7, 8, 9], ""eps2"": 6, ""distance_median"": 0.9279913629896038}"
377,rflbat,rflbat_first_distance_filter,"[2, 50, 21, 99, 18, 96, 73, 31, 98, 51, 50, 21, 99, 18, 96, 73, 31, 98, 51]",[],"{""accepted_indices"": [0, 1, 2, 3, 4, 5, 6, 7, 8, 9, 1, 2, 3, 4, 5, 6, 7, 8, 9], ""eps1"": 10, ""distance_median"": 0.44760862209246044}"
377,rflbat,rflbat_cluster_filter,"[2, 50, 21, 99, 18, 96, 73, 31, 98, 51, 50, 21, 99, 18, 96, 73, 31, 98, 51]",[],"{""accepted_indices"": [0, 1, 2, 3, 4, 5, 6, 7, 8, 9, 1, 2, 3, 4, 5, 6, 7, 8, 9], ""num_clusters"": 1, ""cluster_scores"": [0.10912640615348634]}"
377,rflbat,rflbat_final_distance_filter,"[2, 50, 21, 99, 18, 96, 73, 31, 98, 51]",[],"{""accepted_indices"": [0, 1, 2, 3, 4, 5, 6, 7, 8, 9, 1, 2, 3, 4, 5, 6, 7, 8, 9], ""eps2"": 6, ""distance_median"": 0.6712799177646266}"
378,rflbat,rflbat_first_distance_filter,"[3, 48, 87, 23, 39, 79, 86, 10, 14, 72, 48, 87, 23, 39, 79, 86, 10, 14, 72]",[],"{""accepted_indices"": [0, 1, 2, 3, 4, 5, 6, 7, 8, 9, 1, 2, 3, 4, 5, 6, 7, 8, 9], ""eps1"": 10, ""distance_median"": 0.3933001823113834}"
378,rflbat,rflbat_cluster_filter,"[3, 48, 87, 23, 39, 79, 86, 10, 14, 72, 48, 87, 23, 39, 79, 86, 10, 14, 72]",[],"{""accepted_indices"": [0, 1, 2, 3, 4, 5, 6, 7, 8, 9, 1, 2, 3, 4, 5, 6, 7, 8, 9], ""num_clusters"": 1, ""cluster_scores"": [0.11582215785406233]}"
378,rflbat,rflbat_final_distance_filter,"[3, 48, 87, 23, 39, 79, 86, 10, 14, 72]",[],"{""accepted_indices"": [0, 1, 2, 3, 4, 5, 6, 7, 8, 9, 1, 2, 3, 4, 5, 6, 7, 8, 9], ""eps2"": 6, ""distance_median"": 0.6488208268425427}"
379,rflbat,rflbat_first_distance_filter,"[1, 56, 18, 17, 19, 47, 32, 16, 26, 82, 56, 18, 17, 19, 47, 32, 16, 26, 82]",[],"{""accepted_indices"": [0, 1, 2, 3, 4, 5, 6, 7, 8, 9, 1, 2, 3, 4, 5, 6, 7, 8, 9], ""eps1"": 10, ""distance_median"": 1.047294981703753}"
379,rflbat,rflbat_cluster_filter,"[56, 18, 47, 16, 56, 18, 47, 16]","[1, 17, 19, 32, 26, 82]","{""accepted_indices"": [1, 2, 5, 7, 1, 2, 5, 7], ""num_clusters"": 5, ""cluster_scores"": [0.3175117807429511, 1, 1.0000000000012785, 0.255031812368029, 1.0000000000020255]}"
379,rflbat,rflbat_final_distance_filter,"[56, 18, 47, 16]","[1, 17, 19, 32, 26, 82]","{""accepted_indices"": [1, 2, 5, 7, 1, 2, 5, 7], ""eps2"": 6, ""distance_median"": 0.010279280543219532}"
380,rflbat,rflbat_first_distance_filter,"[1, 84, 59, 34, 3, 24, 13, 44, 78, 80, 84, 59, 34, 3, 24, 13, 44, 78, 80]",[],"{""accepted_indices"": [0, 1, 2, 3, 4, 5, 6, 7, 8, 9, 1, 2, 3, 4, 5, 6, 7, 8, 9], ""eps1"": 10, ""distance_median"": 1.0628742470497712}"
380,rflbat,rflbat_cluster_filter,"[1, 84, 59, 34, 3, 24, 13, 44, 78, 80, 84, 59, 34, 3, 24, 13, 44, 78, 80]",[],"{""accepted_indices"": [0, 1, 2, 3, 4, 5, 6, 7, 8, 9, 1, 2, 3, 4, 5, 6, 7, 8, 9], ""num_clusters"": 1, ""cluster_scores"": [0.12177171042434823]}"
380,rflbat,rflbat_final_distance_filter,"[84, 59, 34, 3, 24, 13, 44, 78, 80]",[1],"{""accepted_indices"": [1, 2, 3, 4, 5, 6, 7, 8, 9, 1, 2, 3, 4, 5, 6, 7, 8, 9], ""eps2"": 6, ""distance_median"": 1.2963503513957635}"
381,rflbat,rflbat_first_distance_filter,"[3, 24, 91, 14, 42, 4, 27, 57, 67, 23, 24, 91, 14, 42, 4, 27, 57, 67, 23]",[],"{""accepted_indices"": [0, 1, 2, 3, 4, 5, 6, 7, 8, 9, 1, 2, 3, 4, 5, 6, 7, 8, 9], ""eps1"": 10, ""distance_median"": 0.5648100017476366}"
381,rflbat,rflbat_cluster_filter,"[3, 24, 91, 14, 42, 57, 67, 23, 24, 91, 14, 42, 57, 67, 23]","[4, 27]","{""accepted_indices"": [0, 1, 2, 3, 4, 7, 8, 9, 1, 2, 3, 4, 7, 8, 9], ""num_clusters"": 3, ""cluster_scores"": [0.1521744599440802, 1.000000000002122, 1.0000000000012632]}"
381,rflbat,rflbat_final_distance_filter,"[3, 24, 91, 14, 42, 57, 67, 23]","[4, 27]","{""accepted_indices"": [0, 1, 2, 3, 4, 7, 8, 9, 1, 2, 3, 4, 7, 8, 9], ""eps2"": 6, ""distance_median"": 0.14328268917918768}"
382,rflbat,rflbat_first_distance_filter,"[3, 19, 17, 86, 49, 79, 77, 51, 46, 76, 19, 17, 86, 49, 79, 77, 51, 46, 76]",[],"{""accepted_indices"": [0, 1, 2, 3, 4, 5, 6, 7, 8, 9, 1, 2, 3, 4, 5, 6, 7, 8, 9], ""eps1"": 10, ""distance_median"": 0.3539011665502587}"
382,rflbat,rflbat_cluster_filter,"[3, 19, 17, 86, 49, 79, 77, 19, 17, 86, 49, 79, 77]","[51, 46, 76]","{""accepted_indices"": [0, 1, 2, 3, 4, 5, 6, 1, 2, 3, 4, 5, 6], ""num_clusters"": 4, ""cluster_scores"": [1.0000000000015323, 1.0000000000010267, 1.0000000000011722, 0.15592032536552627]}"
382,rflbat,rflbat_final_distance_filter,"[3, 19, 17, 86, 49, 79, 77]","[51, 46, 76]","{""accepted_indices"": [0, 1, 2, 3, 4, 5, 6, 1, 2, 3, 4, 5, 6], ""eps2"": 6, ""distance_median"": 0.1325868644055939}"
383,rflbat,rflbat_first_distance_filter,"[2, 36, 18, 55, 28, 25, 10, 90, 81, 70, 36, 18, 55, 28, 25, 10, 90, 81, 70]",[],"{""accepted_indices"": [0, 1, 2, 3, 4, 5, 6, 7, 8, 9, 1, 2, 3, 4, 5, 6, 7, 8, 9], ""eps1"": 10, ""distance_median"": 0.471495346730173}"
383,rflbat,rflbat_cluster_filter,"[2, 36, 18, 55, 28, 25, 10, 90, 81, 70, 36, 18, 55, 28, 25, 10, 90, 81, 70]",[],"{""accepted_indices"": [0, 1, 2, 3, 4, 5, 6, 7, 8, 9, 1, 2, 3, 4, 5, 6, 7, 8, 9], ""num_clusters"": 1, ""cluster_scores"": [0.10663626196833187]}"
383,rflbat,rflbat_final_distance_filter,"[36, 18, 55, 28, 25, 10, 90, 81, 70]",[2],"{""accepted_indices"": [1, 2, 3, 4, 5, 6, 7, 8, 9, 1, 2, 3, 4, 5, 6, 7, 8, 9], ""eps2"": 6, ""distance_median"": 0.6554902528226071}"
384,rflbat,rflbat_first_distance_filter,"[1, 28, 7, 67, 47, 73, 95, 78, 8, 55, 28, 7, 67, 47, 73, 95, 78, 8, 55]",[],"{""accepted_indices"": [0, 1, 2, 3, 4, 5, 6, 7, 8, 9, 1, 2, 3, 4, 5, 6, 7, 8, 9], ""eps1"": 10, ""distance_median"": 0.9024649732017884}"
384,rflbat,rflbat_cluster_filter,"[1, 28, 7, 67, 47, 73, 95, 78, 8, 55, 28, 7, 67, 47, 73, 95, 78, 8, 55]",[],"{""accepted_indices"": [0, 1, 2, 3, 4, 5, 6, 7, 8, 9, 1, 2, 3, 4, 5, 6, 7, 8, 9], ""num_clusters"": 1, ""cluster_scores"": [0.09489363013126392]}"
384,rflbat,rflbat_final_distance_filter,"[28, 7, 67, 47, 73, 95, 78, 8, 55]",[1],"{""accepted_indices"": [1, 2, 3, 4, 5, 6, 7, 8, 9, 1, 2, 3, 4, 5, 6, 7, 8, 9], ""eps2"": 6, ""distance_median"": 1.1193474547390438}"
385,rflbat,rflbat_first_distance_filter,"[2, 48, 17, 15, 18, 8, 92, 86, 6, 97, 48, 17, 15, 18, 8, 92, 86, 6, 97]",[],"{""accepted_indices"": [0, 1, 2, 3, 4, 5, 6, 7, 8, 9, 1, 2, 3, 4, 5, 6, 7, 8, 9], ""eps1"": 10, ""distance_median"": 0.5131221801930479}"
385,rflbat,rflbat_cluster_filter,"[48, 17, 15, 18, 8, 92, 86, 6, 48, 17, 15, 18, 8, 92, 86, 6]","[2, 97]","{""accepted_indices"": [1, 2, 3, 4, 5, 6, 7, 8, 1, 2, 3, 4, 5, 6, 7, 8], ""num_clusters"": 3, ""cluster_scores"": [0.13016243361886906, 1, 1.0000000000011875]}"
385,rflbat,rflbat_final_distance_filter,"[48, 17, 15, 18, 8, 92, 86, 6]","[2, 97]","{""accepted_indices"": [1, 2, 3, 4, 5, 6, 7, 8, 1, 2, 3, 4, 5, 6, 7, 8], ""eps2"": 6, ""distance_median"": 0.198898907698975}"
386,rflbat,rflbat_first_distance_filter,"[4, 46, 98, 27, 58, 68, 32, 53, 77, 12, 46, 98, 27, 58, 68, 32, 53, 77, 12]",[],"{""accepted_indices"": [0, 1, 2, 3, 4, 5, 6, 7, 8, 9, 1, 2, 3, 4, 5, 6, 7, 8, 9], ""eps1"": 10, ""distance_median"": 0.6665079404205737}"
386,rflbat,rflbat_cluster_filter,"[4, 46, 98, 27, 58, 68, 32, 53, 77, 12, 46, 98, 27, 58, 68, 32, 53, 77, 12]",[],"{""accepted_indices"": [0, 1, 2, 3, 4, 5, 6, 7, 8, 9, 1, 2, 3, 4, 5, 6, 7, 8, 9], ""num_clusters"": 1, ""cluster_scores"": [0.10144408085535155]}"
386,rflbat,rflbat_final_distance_filter,"[46, 98, 27, 58, 68, 32, 53, 77, 12]",[4],"{""accepted_indices"": [1, 2, 3, 4, 5, 6, 7, 8, 9, 1, 2, 3, 4, 5, 6, 7, 8, 9], ""eps2"": 6, ""distance_median"": 0.8775753108723343}"
387,rflbat,rflbat_first_distance_filter,"[0, 81, 41, 40, 69, 25, 79, 26, 55, 32, 81, 41, 40, 69, 25, 79, 26, 55, 32]",[],"{""accepted_indices"": [0, 1, 2, 3, 4, 5, 6, 7, 8, 9, 1, 2, 3, 4, 5, 6, 7, 8, 9], ""eps1"": 10, ""distance_median"": 0.6381296474768509}"
387,rflbat,rflbat_cluster_filter,"[0, 81, 41, 40, 69, 25, 79, 26, 55, 32, 81, 41, 40, 69, 25, 79, 26, 55, 32]",[],"{""accepted_indices"": [0, 1, 2, 3, 4, 5, 6, 7, 8, 9, 1, 2, 3, 4, 5, 6, 7, 8, 9], ""num_clusters"": 1, ""cluster_scores"": [0.10981243059889852]}"
387,rflbat,rflbat_final_distance_filter,"[0, 81, 41, 40, 69, 25, 79, 26, 55, 32]",[],"{""accepted_indices"": [0, 1, 2, 3, 4, 5, 6, 7, 8, 9, 1, 2, 3, 4, 5, 6, 7, 8, 9], ""eps2"": 6, ""distance_median"": 1.016560631363959}"
388,rflbat,rflbat_first_distance_filter,"[0, 93, 60, 64, 86, 9, 74, 18, 39, 31, 93, 60, 64, 86, 9, 74, 18, 39, 31]",[],"{""accepted_indices"": [0, 1, 2, 3, 4, 5, 6, 7, 8, 9, 1, 2, 3, 4, 5, 6, 7, 8, 9], ""eps1"": 10, ""distance_median"": 0.41376059536808274}"
388,rflbat,rflbat_cluster_filter,"[0, 93, 60, 64, 86, 9, 74, 18, 39, 31, 93, 60, 64, 86, 9, 74, 18, 39, 31]",[],"{""accepted_indices"": [0, 1, 2, 3, 4, 5, 6, 7, 8, 9, 1, 2, 3, 4, 5, 6, 7, 8, 9], ""num_clusters"": 1, ""cluster_scores"": [0.10902804689024294]}"
388,rflbat,rflbat_final_distance_filter,"[0, 93, 60, 64, 86, 9, 74, 18, 39, 31]",[],"{""accepted_indices"": [0, 1, 2, 3, 4, 5, 6, 7, 8, 9, 1, 2, 3, 4, 5, 6, 7, 8, 9], ""eps2"": 6, ""distance_median"": 0.6227845790908788}"
389,rflbat,rflbat_first_distance_filter,"[0, 85, 38, 97, 55, 14, 18, 88, 66, 72, 85, 38, 97, 55, 14, 18, 88, 66, 72]",[],"{""accepted_indices"": [0, 1, 2, 3, 4, 5, 6, 7, 8, 9, 1, 2, 3, 4, 5, 6, 7, 8, 9], ""eps1"": 10, ""distance_median"": 0.5083250964080743}"
389,rflbat,rflbat_cluster_filter,"[0, 85, 38, 97, 55, 14, 18, 88, 66, 72, 85, 38, 97, 55, 14, 18, 88, 66, 72]",[],"{""accepted_indices"": [0, 1, 2, 3, 4, 5, 6, 7, 8, 9, 1, 2, 3, 4, 5, 6, 7, 8, 9], ""num_clusters"": 1, ""cluster_scores"": [0.11345042138139327]}"
389,rflbat,rflbat_final_distance_filter,"[0, 85, 38, 97, 55, 14, 18, 88, 66, 72]",[],"{""accepted_indices"": [0, 1, 2, 3, 4, 5, 6, 7, 8, 9, 1, 2, 3, 4, 5, 6, 7, 8, 9], ""eps2"": 6, ""distance_median"": 0.8688173840173027}"
390,rflbat,rflbat_first_distance_filter,"[4, 90, 32, 51, 57, 5, 39, 60, 86, 50, 90, 32, 51, 57, 5, 39, 60, 86, 50]",[],"{""accepted_indices"": [0, 1, 2, 3, 4, 5, 6, 7, 8, 9, 1, 2, 3, 4, 5, 6, 7, 8, 9], ""eps1"": 10, ""distance_median"": 0.4295226153186662}"
390,rflbat,rflbat_cluster_filter,"[4, 90, 32, 51, 57, 5, 39, 60, 86, 50, 90, 32, 51, 57, 5, 39, 60, 86, 50]",[],"{""accepted_indices"": [0, 1, 2, 3, 4, 5, 6, 7, 8, 9, 1, 2, 3, 4, 5, 6, 7, 8, 9], ""num_clusters"": 1, ""cluster_scores"": [0.11368507497434108]}"
390,rflbat,rflbat_final_distance_filter,"[90, 32, 51, 57, 5, 39, 60, 86, 50]",[4],"{""accepted_indices"": [1, 2, 3, 4, 5, 6, 7, 8, 9, 1, 2, 3, 4, 5, 6, 7, 8, 9], ""eps2"": 6, ""distance_median"": 0.6187932603059252}"
391,rflbat,rflbat_first_distance_filter,"[4, 72, 29, 21, 10, 19, 30, 67, 59, 43, 72, 29, 21, 10, 19, 30, 67, 59, 43]",[],"{""accepted_indices"": [0, 1, 2, 3, 4, 5, 6, 7, 8, 9, 1, 2, 3, 4, 5, 6, 7, 8, 9], ""eps1"": 10, ""distance_median"": 0.47380881744488246}"
391,rflbat,rflbat_cluster_filter,"[4, 72, 29, 21, 10, 19, 30, 67, 59, 43, 72, 29, 21, 10, 19, 30, 67, 59, 43]",[],"{""accepted_indices"": [0, 1, 2, 3, 4, 5, 6, 7, 8, 9, 1, 2, 3, 4, 5, 6, 7, 8, 9], ""num_clusters"": 1, ""cluster_scores"": [0.10961912834568883]}"
391,rflbat,rflbat_final_distance_filter,"[72, 29, 21, 10, 19, 30, 67, 59, 43]",[4],"{""accepted_indices"": [1, 2, 3, 4, 5, 6, 7, 8, 9, 1, 2, 3, 4, 5, 6, 7, 8, 9], ""eps2"": 6, ""distance_median"": 0.6838771150516835}"
392,rflbat,rflbat_first_distance_filter,"[3, 42, 55, 37, 45, 8, 82, 12, 27, 75, 42, 55, 37, 45, 8, 82, 12, 27, 75]",[],"{""accepted_indices"": [0, 1, 2, 3, 4, 5, 6, 7, 8, 9, 1, 2, 3, 4, 5, 6, 7, 8, 9], ""eps1"": 10, ""distance_median"": 0.4282169510711658}"
392,rflbat,rflbat_cluster_filter,"[3, 42, 55, 37, 45, 8, 82, 12, 27, 75, 42, 55, 37, 45, 8, 82, 12, 27, 75]",[],"{""accepted_indices"": [0, 1, 2, 3, 4, 5, 6, 7, 8, 9, 1, 2, 3, 4, 5, 6, 7, 8, 9], ""num_clusters"": 1, ""cluster_scores"": [0.10376110549442126]}"
392,rflbat,rflbat_final_distance_filter,"[3, 42, 55, 37, 45, 8, 82, 12, 27, 75]",[],"{""accepted_indices"": [0, 1, 2, 3, 4, 5, 6, 7, 8, 9, 1, 2, 3, 4, 5, 6, 7, 8, 9], ""eps2"": 6, ""distance_median"": 0.8130916380791372}"
393,rflbat,rflbat_first_distance_filter,"[1, 77, 54, 47, 57, 86, 7, 66, 35, 61, 77, 54, 47, 57, 86, 7, 66, 35, 61]",[],"{""accepted_indices"": [0, 1, 2, 3, 4, 5, 6, 7, 8, 9, 1, 2, 3, 4, 5, 6, 7, 8, 9], ""eps1"": 10, ""distance_median"": 0.9391961752524665}"
393,rflbat,rflbat_cluster_filter,"[1, 77, 54, 47, 57, 86, 7, 66, 35, 61, 77, 54, 47, 57, 86, 7, 66, 35, 61]",[],"{""accepted_indices"": [0, 1, 2, 3, 4, 5, 6, 7, 8, 9, 1, 2, 3, 4, 5, 6, 7, 8, 9], ""num_clusters"": 1, ""cluster_scores"": [0.10624562585591334]}"
393,rflbat,rflbat_final_distance_filter,"[77, 54, 47, 57, 86, 7, 66, 35, 61]",[1],"{""accepted_indices"": [1, 2, 3, 4, 5, 6, 7, 8, 9, 1, 2, 3, 4, 5, 6, 7, 8, 9], ""eps2"": 6, ""distance_median"": 1.2731499418235446}"
394,rflbat,rflbat_first_distance_filter,"[2, 87, 16, 91, 59, 25, 3, 26, 48, 70, 87, 16, 91, 59, 25, 3, 26, 48, 70]",[],"{""accepted_indices"": [0, 1, 2, 3, 4, 5, 6, 7, 8, 9, 1, 2, 3, 4, 5, 6, 7, 8, 9], ""eps1"": 10, ""distance_median"": 0.7903063558588097}"
394,rflbat,rflbat_cluster_filter,"[87, 16, 91, 59, 25, 3, 48, 70, 87, 16, 91, 59, 25, 3, 48, 70]","[2, 26]","{""accepted_indices"": [1, 2, 3, 4, 5, 6, 8, 9, 1, 2, 3, 4, 5, 6, 8, 9], ""num_clusters"": 3, ""cluster_scores"": [0.12803015535759504, 1.000000000001027, 1]}"
394,rflbat,rflbat_final_distance_filter,"[87, 16, 91, 59, 25, 3, 48, 70]","[2, 26]","{""accepted_indices"": [1, 2, 3, 4, 5, 6, 8, 9, 1, 2, 3, 4, 5, 6, 8, 9], ""eps2"": 6, ""distance_median"": 0.13023033232760015}"
395,rflbat,rflbat_first_distance_filter,"[0, 41, 6, 34, 94, 74, 30, 33, 93, 56, 41, 6, 34, 94, 74, 30, 33, 93, 56]",[],"{""accepted_indices"": [0, 1, 2, 3, 4, 5, 6, 7, 8, 9, 1, 2, 3, 4, 5, 6, 7, 8, 9], ""eps1"": 10, ""distance_median"": 0.5535456574905204}"
395,rflbat,rflbat_cluster_filter,"[0, 41, 6, 34, 94, 74, 30, 33, 93, 56, 41, 6, 34, 94, 74, 30, 33, 93, 56]",[],"{""accepted_indices"": [0, 1, 2, 3, 4, 5, 6, 7, 8, 9, 1, 2, 3, 4, 5, 6, 7, 8, 9], ""num_clusters"": 1, ""cluster_scores"": [0.1041210012153986]}"
395,rflbat,rflbat_final_distance_filter,"[0, 41, 6, 34, 94, 74, 30, 33, 93, 56]",[],"{""accepted_indices"": [0, 1, 2, 3, 4, 5, 6, 7, 8, 9, 1, 2, 3, 4, 5, 6, 7, 8, 9], ""eps2"": 6, ""distance_median"": 0.8862866780950339}"
396,rflbat,rflbat_first_distance_filter,"[3, 28, 9, 82, 91, 79, 5, 16, 7, 92, 28, 9, 82, 91, 79, 5, 16, 7, 92]",[],"{""accepted_indices"": [0, 1, 2, 3, 4, 5, 6, 7, 8, 9, 1, 2, 3, 4, 5, 6, 7, 8, 9], ""eps1"": 10, ""distance_median"": 0.4097827798787492}"
396,rflbat,rflbat_cluster_filter,"[3, 28, 9, 82, 91, 79, 5, 16, 7, 92, 28, 9, 82, 91, 79, 5, 16, 7, 92]",[],"{""accepted_indices"": [0, 1, 2, 3, 4, 5, 6, 7, 8, 9, 1, 2, 3, 4, 5, 6, 7, 8, 9], ""num_clusters"": 1, ""cluster_scores"": [0.12192043244362016]}"
396,rflbat,rflbat_final_distance_filter,"[3, 28, 9, 82, 91, 79, 5, 16, 7, 92]",[],"{""accepted_indices"": [0, 1, 2, 3, 4, 5, 6, 7, 8, 9, 1, 2, 3, 4, 5, 6, 7, 8, 9], ""eps2"": 6, ""distance_median"": 0.8183156876855993}"
397,rflbat,rflbat_first_distance_filter,"[0, 64, 15, 33, 18, 78, 92, 3, 48, 68, 64, 15, 33, 18, 78, 92, 3, 48, 68]",[],"{""accepted_indices"": [0, 1, 2, 3, 4, 5, 6, 7, 8, 9, 1, 2, 3, 4, 5, 6, 7, 8, 9], ""eps1"": 10, ""distance_median"": 0.5858020532605973}"
397,rflbat,rflbat_cluster_filter,"[0, 64, 15, 33, 18, 78, 92, 3, 48, 68, 64, 15, 33, 18, 78, 92, 3, 48, 68]",[],"{""accepted_indices"": [0, 1, 2, 3, 4, 5, 6, 7, 8, 9, 1, 2, 3, 4, 5, 6, 7, 8, 9], ""num_clusters"": 1, ""cluster_scores"": [0.11210270843075315]}"
397,rflbat,rflbat_final_distance_filter,"[0, 64, 15, 33, 18, 78, 92, 3, 48, 68]",[],"{""accepted_indices"": [0, 1, 2, 3, 4, 5, 6, 7, 8, 9, 1, 2, 3, 4, 5, 6, 7, 8, 9], ""eps2"": 6, ""distance_median"": 1.0546362159493712}"
398,rflbat,rflbat_first_distance_filter,"[0, 55, 48, 82, 24, 61, 33, 86, 11, 65, 55, 48, 82, 24, 61, 33, 86, 11, 65]",[],"{""accepted_indices"": [0, 1, 2, 3, 4, 5, 6, 7, 8, 9, 1, 2, 3, 4, 5, 6, 7, 8, 9], ""eps1"": 10, ""distance_median"": 0.4834306522542252}"
398,rflbat,rflbat_cluster_filter,"[55, 48, 82, 24, 61, 86, 11, 65, 55, 48, 82, 24, 61, 86, 11, 65]","[0, 33]","{""accepted_indices"": [1, 2, 3, 4, 5, 7, 8, 9, 1, 2, 3, 4, 5, 7, 8, 9], ""num_clusters"": 3, ""cluster_scores"": [0.12533055125406362, 1.0000000000012577, 1]}"
398,rflbat,rflbat_final_distance_filter,"[55, 48, 82, 24, 61, 86, 11, 65]","[0, 33]","{""accepted_indices"": [1, 2, 3, 4, 5, 7, 8, 9, 1, 2, 3, 4, 5, 7, 8, 9], ""eps2"": 6, ""distance_median"": 0.081453946704507}"
399,rflbat,rflbat_first_distance_filter,"[2, 67, 99, 1, 43, 41, 83, 38, 26, 75, 67, 99, 1, 43, 41, 83, 38, 26, 75]",[],"{""accepted_indices"": [0, 1, 2, 3, 4, 5, 6, 7, 8, 9, 1, 2, 3, 4, 5, 6, 7, 8, 9], ""eps1"": 10, ""distance_median"": 1.1155102656368274}"
399,rflbat,rflbat_cluster_filter,"[2, 67, 99, 1, 43, 41, 83, 38, 26, 75, 67, 99, 1, 43, 41, 83, 38, 26, 75]",[],"{""accepted_indices"": [0, 1, 2, 3, 4, 5, 6, 7, 8, 9, 1, 2, 3, 4, 5, 6, 7, 8, 9], ""num_clusters"": 1, ""cluster_scores"": [0.11801868106152336]}"
399,rflbat,rflbat_final_distance_filter,"[2, 67, 99, 1, 43, 41, 83, 38, 26, 75]",[],"{""accepted_indices"": [0, 1, 2, 3, 4, 5, 6, 7, 8, 9, 1, 2, 3, 4, 5, 6, 7, 8, 9], ""eps2"": 6, ""distance_median"": 1.9405143311649928}"
400,rflbat,rflbat_first_distance_filter,"[3, 54, 51, 87, 80, 20, 73, 96, 78, 47, 54, 51, 87, 80, 20, 73, 96, 78, 47]",[],"{""accepted_indices"": [0, 1, 2, 3, 4, 5, 6, 7, 8, 9, 1, 2, 3, 4, 5, 6, 7, 8, 9], ""eps1"": 10, ""distance_median"": 0.5865689413726725}"
400,rflbat,rflbat_cluster_filter,"[3, 54, 51, 87, 80, 20, 73, 96, 78, 47, 54, 51, 87, 80, 20, 73, 96, 78, 47]",[],"{""accepted_indices"": [0, 1, 2, 3, 4, 5, 6, 7, 8, 9, 1, 2, 3, 4, 5, 6, 7, 8, 9], ""num_clusters"": 1, ""cluster_scores"": [0.11964318921600267]}"
400,rflbat,rflbat_final_distance_filter,"[3, 54, 51, 87, 80, 20, 73, 96, 78, 47]",[],"{""accepted_indices"": [0, 1, 2, 3, 4, 5, 6, 7, 8, 9, 1, 2, 3, 4, 5, 6, 7, 8, 9], ""eps2"": 6, ""distance_median"": 1.213617792845938}"
401,rflbat,rflbat_first_distance_filter,"[4, 35, 64, 53, 50, 78, 80, 32, 62, 61, 35, 64, 53, 50, 78, 80, 32, 62, 61]",[],"{""accepted_indices"": [0, 1, 2, 3, 4, 5, 6, 7, 8, 9, 1, 2, 3, 4, 5, 6, 7, 8, 9], ""eps1"": 10, ""distance_median"": 0.5222757261046436}"
401,rflbat,rflbat_cluster_filter,"[4, 35, 64, 53, 50, 78, 80, 32, 62, 61, 35, 64, 53, 50, 78, 80, 32, 62, 61]",[],"{""accepted_indices"": [0, 1, 2, 3, 4, 5, 6, 7, 8, 9, 1, 2, 3, 4, 5, 6, 7, 8, 9], ""num_clusters"": 1, ""cluster_scores"": [0.11984138750015717]}"
401,rflbat,rflbat_final_distance_filter,"[4, 35, 64, 53, 50, 78, 80, 32, 62, 61]",[],"{""accepted_indices"": [0, 1, 2, 3, 4, 5, 6, 7, 8, 9, 1, 2, 3, 4, 5, 6, 7, 8, 9], ""eps2"": 6, ""distance_median"": 0.8056322236574045}"
402,rflbat,rflbat_first_distance_filter,"[3, 64, 46, 10, 69, 84, 66, 79, 11, 32, 64, 46, 10, 69, 84, 66, 79, 11, 32]",[],"{""accepted_indices"": [0, 1, 2, 3, 4, 5, 6, 7, 8, 9, 1, 2, 3, 4, 5, 6, 7, 8, 9], ""eps1"": 10, ""distance_median"": 0.32187181704485524}"
402,rflbat,rflbat_cluster_filter,"[3, 64, 46, 10, 69, 84, 66, 79, 11, 32, 64, 46, 10, 69, 84, 66, 79, 11, 32]",[],"{""accepted_indices"": [0, 1, 2, 3, 4, 5, 6, 7, 8, 9, 1, 2, 3, 4, 5, 6, 7, 8, 9], ""num_clusters"": 1, ""cluster_scores"": [0.11950021970027667]}"
402,rflbat,rflbat_final_distance_filter,"[3, 64, 46, 10, 69, 84, 66, 79, 11, 32]",[],"{""accepted_indices"": [0, 1, 2, 3, 4, 5, 6, 7, 8, 9, 1, 2, 3, 4, 5, 6, 7, 8, 9], ""eps2"": 6, ""distance_median"": 0.5785518670995623}"
403,rflbat,rflbat_first_distance_filter,"[0, 32, 97, 34, 5, 1, 63, 8, 50, 36, 32, 97, 34, 5, 1, 63, 8, 50, 36]",[],"{""accepted_indices"": [0, 1, 2, 3, 4, 5, 6, 7, 8, 9, 1, 2, 3, 4, 5, 6, 7, 8, 9], ""eps1"": 10, ""distance_median"": 0.8306065546236276}"
403,rflbat,rflbat_cluster_filter,"[0, 32, 97, 34, 5, 1, 63, 8, 50, 36, 32, 97, 34, 5, 1, 63, 8, 50, 36]",[],"{""accepted_indices"": [0, 1, 2, 3, 4, 5, 6, 7, 8, 9, 1, 2, 3, 4, 5, 6, 7, 8, 9], ""num_clusters"": 1, ""cluster_scores"": [0.09893951382447917]}"
403,rflbat,rflbat_final_distance_filter,"[0, 32, 97, 34, 5, 63, 8, 50, 36]",[1],"{""accepted_indices"": [0, 1, 2, 3, 4, 6, 7, 8, 9, 1, 2, 3, 4, 6, 7, 8, 9], ""eps2"": 6, ""distance_median"": 1.4277747800164324}"
404,rflbat,rflbat_first_distance_filter,"[1, 16, 39, 42, 79, 47, 74, 22, 94, 44, 16, 39, 42, 79, 47, 74, 22, 94, 44]",[],"{""accepted_indices"": [0, 1, 2, 3, 4, 5, 6, 7, 8, 9, 1, 2, 3, 4, 5, 6, 7, 8, 9], ""eps1"": 10, ""distance_median"": 1.1000204506513822}"
404,rflbat,rflbat_cluster_filter,"[1, 16, 39, 42, 79, 47, 74, 22, 94, 44, 16, 39, 42, 79, 47, 74, 22, 94, 44]",[],"{""accepted_indices"": [0, 1, 2, 3, 4, 5, 6, 7, 8, 9, 1, 2, 3, 4, 5, 6, 7, 8, 9], ""num_clusters"": 1, ""cluster_scores"": [0.10947044652414192]}"
404,rflbat,rflbat_final_distance_filter,"[16, 39, 42, 79, 47, 74, 22, 94, 44]",[1],"{""accepted_indices"": [1, 2, 3, 4, 5, 6, 7, 8, 9, 1, 2, 3, 4, 5, 6, 7, 8, 9], ""eps2"": 6, ""distance_median"": 1.3540800217190752}"
405,rflbat,rflbat_first_distance_filter,"[3, 43, 94, 79, 92, 4, 19, 37, 47, 89, 43, 94, 79, 92, 4, 19, 37, 47, 89]",[],"{""accepted_indices"": [0, 1, 2, 3, 4, 5, 6, 7, 8, 9, 1, 2, 3, 4, 5, 6, 7, 8, 9], ""eps1"": 10, ""distance_median"": 0.4279292920091274}"
405,rflbat,rflbat_cluster_filter,"[3, 43, 94, 79, 92, 4, 19, 37, 47, 89, 43, 94, 79, 92, 4, 19, 37, 47, 89]",[],"{""accepted_indices"": [0, 1, 2, 3, 4, 5, 6, 7, 8, 9, 1, 2, 3, 4, 5, 6, 7, 8, 9], ""num_clusters"": 1, ""cluster_scores"": [0.10599866955953988]}"
405,rflbat,rflbat_final_distance_filter,"[3, 43, 94, 79, 92, 4, 19, 37, 47, 89]",[],"{""accepted_indices"": [0, 1, 2, 3, 4, 5, 6, 7, 8, 9, 1, 2, 3, 4, 5, 6, 7, 8, 9], ""eps2"": 6, ""distance_median"": 0.856386425176584}"
406,rflbat,rflbat_first_distance_filter,"[2, 81, 16, 15, 43, 50, 71, 98, 51, 49, 81, 16, 15, 43, 50, 71, 98, 51, 49]",[],"{""accepted_indices"": [0, 1, 2, 3, 4, 5, 6, 7, 8, 9, 1, 2, 3, 4, 5, 6, 7, 8, 9], ""eps1"": 10, ""distance_median"": 0.6397131702340726}"
406,rflbat,rflbat_cluster_filter,"[2, 81, 16, 15, 43, 50, 71, 98, 51, 49, 81, 16, 15, 43, 50, 71, 98, 51, 49]",[],"{""accepted_indices"": [0, 1, 2, 3, 4, 5, 6, 7, 8, 9, 1, 2, 3, 4, 5, 6, 7, 8, 9], ""num_clusters"": 1, ""cluster_scores"": [0.10234098176597588]}"
406,rflbat,rflbat_final_distance_filter,"[2, 81, 16, 15, 43, 50, 71, 98, 51, 49]",[],"{""accepted_indices"": [0, 1, 2, 3, 4, 5, 6, 7, 8, 9, 1, 2, 3, 4, 5, 6, 7, 8, 9], ""eps2"": 6, ""distance_median"": 0.9591854570202718}"
407,rflbat,rflbat_first_distance_filter,"[4, 32, 20, 75, 34, 33, 94, 21, 99, 71, 32, 20, 75, 34, 33, 94, 21, 99, 71]",[],"{""accepted_indices"": [0, 1, 2, 3, 4, 5, 6, 7, 8, 9, 1, 2, 3, 4, 5, 6, 7, 8, 9], ""eps1"": 10, ""distance_median"": 0.6917481618690852}"
407,rflbat,rflbat_cluster_filter,"[4, 32, 20, 75, 34, 33, 94, 21, 99, 32, 20, 75, 34, 33, 94, 21, 99]",[71],"{""accepted_indices"": [0, 1, 2, 3, 4, 5, 6, 7, 8, 1, 2, 3, 4, 5, 6, 7, 8], ""num_clusters"": 2, ""cluster_scores"": [0.1303719866437578, 1.0000000000012892]}"
407,rflbat,rflbat_final_distance_filter,"[32, 20, 75, 34, 33, 94, 21, 99]","[4, 71]","{""accepted_indices"": [1, 2, 3, 4, 5, 6, 7, 8, 1, 2, 3, 4, 5, 6, 7, 8], ""eps2"": 6, ""distance_median"": 0.6310769903773461}"
408,rflbat,rflbat_first_distance_filter,"[1, 26, 59, 17, 6, 72, 61, 47, 93, 88, 26, 59, 17, 6, 72, 61, 47, 93, 88]",[],"{""accepted_indices"": [0, 1, 2, 3, 4, 5, 6, 7, 8, 9, 1, 2, 3, 4, 5, 6, 7, 8, 9], ""eps1"": 10, ""distance_median"": 1.0219434098756388}"
408,rflbat,rflbat_cluster_filter,"[1, 26, 59, 17, 6, 72, 61, 47, 93, 88, 26, 59, 17, 6, 72, 61, 47, 93, 88]",[],"{""accepted_indices"": [0, 1, 2, 3, 4, 5, 6, 7, 8, 9, 1, 2, 3, 4, 5, 6, 7, 8, 9], ""num_clusters"": 1, ""cluster_scores"": [0.13362668565859345]}"
408,rflbat,rflbat_final_distance_filter,"[26, 59, 17, 6, 72, 61, 47, 93, 88]",[1],"{""accepted_indices"": [1, 2, 3, 4, 5, 6, 7, 8, 9, 1, 2, 3, 4, 5, 6, 7, 8, 9], ""eps2"": 6, ""distance_median"": 1.2698600135549987}"
409,rflbat,rflbat_first_distance_filter,"[2, 75, 45, 91, 29, 38, 4, 89, 85, 33, 75, 45, 91, 29, 38, 4, 89, 85, 33]",[],"{""accepted_indices"": [0, 1, 2, 3, 4, 5, 6, 7, 8, 9, 1, 2, 3, 4, 5, 6, 7, 8, 9], ""eps1"": 10, ""distance_median"": 0.6618043118316259}"
409,rflbat,rflbat_cluster_filter,"[2, 75, 45, 91, 29, 38, 4, 89, 85, 33, 75, 45, 91, 29, 38, 4, 89, 85, 33]",[],"{""accepted_indices"": [0, 1, 2, 3, 4, 5, 6, 7, 8, 9, 1, 2, 3, 4, 5, 6, 7, 8, 9], ""num_clusters"": 1, ""cluster_scores"": [0.11268584622939544]}"
409,rflbat,rflbat_final_distance_filter,"[2, 75, 45, 91, 29, 38, 4, 89, 85, 33]",[],"{""accepted_indices"": [0, 1, 2, 3, 4, 5, 6, 7, 8, 9, 1, 2, 3, 4, 5, 6, 7, 8, 9], ""eps2"": 6, ""distance_median"": 1.0895619584948375}"
410,rflbat,rflbat_first_distance_filter,"[2, 31, 96, 77, 44, 32, 19, 58, 3, 0, 31, 96, 77, 44, 32, 19, 58, 3, 0]",[],"{""accepted_indices"": [0, 1, 2, 3, 4, 5, 6, 7, 8, 9, 1, 2, 3, 4, 5, 6, 7, 8, 9], ""eps1"": 10, ""distance_median"": 0.6277939391652976}"
410,rflbat,rflbat_cluster_filter,"[2, 31, 96, 77, 44, 32, 19, 58, 3, 0, 31, 96, 77, 44, 32, 19, 58, 3, 0]",[],"{""accepted_indices"": [0, 1, 2, 3, 4, 5, 6, 7, 8, 9, 1, 2, 3, 4, 5, 6, 7, 8, 9], ""num_clusters"": 1, ""cluster_scores"": [0.11470046403147299]}"
410,rflbat,rflbat_final_distance_filter,"[2, 31, 96, 77, 44, 32, 19, 58, 3, 0]",[],"{""accepted_indices"": [0, 1, 2, 3, 4, 5, 6, 7, 8, 9, 1, 2, 3, 4, 5, 6, 7, 8, 9], ""eps2"": 6, ""distance_median"": 1.0994446847470292}"
411,rflbat,rflbat_first_distance_filter,"[3, 12, 43, 88, 5, 48, 52, 10, 23, 68, 12, 43, 88, 5, 48, 52, 10, 23, 68]",[],"{""accepted_indices"": [0, 1, 2, 3, 4, 5, 6, 7, 8, 9, 1, 2, 3, 4, 5, 6, 7, 8, 9], ""eps1"": 10, ""distance_median"": 0.4346792471455159}"
411,rflbat,rflbat_cluster_filter,"[3, 12, 43, 88, 5, 48, 52, 10, 23, 12, 43, 88, 5, 48, 52, 10, 23]",[68],"{""accepted_indices"": [0, 1, 2, 3, 4, 5, 6, 7, 8, 1, 2, 3, 4, 5, 6, 7, 8], ""num_clusters"": 2, ""cluster_scores"": [0.1122495197206884, 1.0000000000023441]}"
411,rflbat,rflbat_final_distance_filter,"[3, 12, 43, 88, 5, 48, 52, 10, 23]",[68],"{""accepted_indices"": [0, 1, 2, 3, 4, 5, 6, 7, 8, 1, 2, 3, 4, 5, 6, 7, 8], ""eps2"": 6, ""distance_median"": 0.4462945460913858}"
412,rflbat,rflbat_first_distance_filter,"[4, 58, 95, 12, 98, 22, 31, 97, 44, 25, 58, 95, 12, 98, 22, 31, 97, 44, 25]",[],"{""accepted_indices"": [0, 1, 2, 3, 4, 5, 6, 7, 8, 9, 1, 2, 3, 4, 5, 6, 7, 8, 9], ""eps1"": 10, ""distance_median"": 0.4855887025794995}"
412,rflbat,rflbat_cluster_filter,"[58, 95, 12, 22, 31, 25, 58, 95, 12, 22, 31, 25]","[4, 98, 97, 44]","{""accepted_indices"": [1, 2, 3, 5, 6, 9, 1, 2, 3, 5, 6, 9], ""num_clusters"": 4, ""cluster_scores"": [0.15923740193435798, 1.000000000002103, 1, 0.5173848347807116]}"
412,rflbat,rflbat_final_distance_filter,"[58, 95, 12, 22, 31, 25]","[4, 98, 97, 44]","{""accepted_indices"": [1, 2, 3, 5, 6, 9, 1, 2, 3, 5, 6, 9], ""eps2"": 6, ""distance_median"": 0.0676450835223041}"
413,rflbat,rflbat_first_distance_filter,"[2, 28, 34, 19, 88, 40, 42, 52, 6, 98, 28, 34, 19, 88, 40, 42, 52, 6, 98]",[],"{""accepted_indices"": [0, 1, 2, 3, 4, 5, 6, 7, 8, 9, 1, 2, 3, 4, 5, 6, 7, 8, 9], ""eps1"": 10, ""distance_median"": 0.46896391625715417}"
413,rflbat,rflbat_cluster_filter,"[2, 28, 34, 19, 88, 40, 42, 52, 6, 98, 28, 34, 19, 88, 40, 42, 52, 6, 98]",[],"{""accepted_indices"": [0, 1, 2, 3, 4, 5, 6, 7, 8, 9, 1, 2, 3, 4, 5, 6, 7, 8, 9], ""num_clusters"": 1, ""cluster_scores"": [0.10816924631788097]}"
413,rflbat,rflbat_final_distance_filter,"[28, 34, 19, 88, 40, 42, 52, 6, 98]",[2],"{""accepted_indices"": [1, 2, 3, 4, 5, 6, 7, 8, 9, 1, 2, 3, 4, 5, 6, 7, 8, 9], ""eps2"": 6, ""distance_median"": 0.689037512035369}"
414,rflbat,rflbat_first_distance_filter,"[1, 3, 82, 33, 43, 31, 37, 90, 46, 28, 3, 82, 33, 43, 31, 37, 90, 46, 28]",[],"{""accepted_indices"": [0, 1, 2, 3, 4, 5, 6, 7, 8, 9, 1, 2, 3, 4, 5, 6, 7, 8, 9], ""eps1"": 10, ""distance_median"": 1.0065503605285229}"
414,rflbat,rflbat_cluster_filter,"[1, 3, 82, 33, 43, 31, 37, 90, 46, 28, 3, 82, 33, 43, 31, 37, 90, 46, 28]",[],"{""accepted_indices"": [0, 1, 2, 3, 4, 5, 6, 7, 8, 9, 1, 2, 3, 4, 5, 6, 7, 8, 9], ""num_clusters"": 1, ""cluster_scores"": [0.10746345736693837]}"
414,rflbat,rflbat_final_distance_filter,"[3, 82, 33, 43, 31, 37, 90, 46, 28]",[1],"{""accepted_indices"": [1, 2, 3, 4, 5, 6, 7, 8, 9, 1, 2, 3, 4, 5, 6, 7, 8, 9], ""eps2"": 6, ""distance_median"": 1.2792607515120389}"
415,rflbat,rflbat_first_distance_filter,"[3, 22, 86, 15, 0, 13, 93, 9, 89, 28, 22, 86, 15, 0, 13, 93, 9, 89, 28]",[],"{""accepted_indices"": [0, 1, 2, 3, 4, 5, 6, 7, 8, 9, 1, 2, 3, 4, 5, 6, 7, 8, 9], ""eps1"": 10, ""distance_median"": 0.44690328108044}"
415,rflbat,rflbat_cluster_filter,"[3, 22, 86, 15, 13, 93, 9, 89, 28, 22, 86, 15, 13, 93, 9, 89, 28]",[0],"{""accepted_indices"": [0, 1, 2, 3, 5, 6, 7, 8, 9, 1, 2, 3, 5, 6, 7, 8, 9], ""num_clusters"": 2, ""cluster_scores"": [0.13261009528910095, 1.0000000000017866]}"
415,rflbat,rflbat_final_distance_filter,"[3, 22, 86, 15, 13, 93, 9, 89, 28]",[0],"{""accepted_indices"": [0, 1, 2, 3, 5, 6, 7, 8, 9, 1, 2, 3, 5, 6, 7, 8, 9], ""eps2"": 6, ""distance_median"": 0.41721056221762964}"
416,rflbat,rflbat_first_distance_filter,"[2, 66, 7, 85, 51, 68, 72, 33, 83, 41, 66, 7, 85, 51, 68, 72, 33, 83, 41]",[],"{""accepted_indices"": [0, 1, 2, 3, 4, 5, 6, 7, 8, 9, 1, 2, 3, 4, 5, 6, 7, 8, 9], ""eps1"": 10, ""distance_median"": 0.6864212091404288}"
416,rflbat,rflbat_cluster_filter,"[2, 66, 7, 85, 51, 68, 72, 33, 83, 41, 66, 7, 85, 51, 68, 72, 33, 83, 41]",[],"{""accepted_indices"": [0, 1, 2, 3, 4, 5, 6, 7, 8, 9, 1, 2, 3, 4, 5, 6, 7, 8, 9], ""num_clusters"": 1, ""cluster_scores"": [0.11876310759067964]}"
416,rflbat,rflbat_final_distance_filter,"[2, 66, 7, 85, 51, 68, 72, 33, 83, 41]",[],"{""accepted_indices"": [0, 1, 2, 3, 4, 5, 6, 7, 8, 9, 1, 2, 3, 4, 5, 6, 7, 8, 9], ""eps2"": 6, ""distance_median"": 1.2681024808957129}"
417,rflbat,rflbat_first_distance_filter,"[4, 60, 36, 1, 70, 42, 95, 11, 41, 33, 60, 36, 1, 70, 42, 95, 11, 41, 33]",[],"{""accepted_indices"": [0, 1, 2, 3, 4, 5, 6, 7, 8, 9, 1, 2, 3, 4, 5, 6, 7, 8, 9], ""eps1"": 10, ""distance_median"": 1.092229878466989}"
417,rflbat,rflbat_cluster_filter,"[4, 60, 36, 1, 70, 42, 95, 11, 41, 33, 60, 36, 1, 70, 42, 95, 11, 41, 33]",[],"{""accepted_indices"": [0, 1, 2, 3, 4, 5, 6, 7, 8, 9, 1, 2, 3, 4, 5, 6, 7, 8, 9], ""num_clusters"": 1, ""cluster_scores"": [0.10898352081356903]}"
417,rflbat,rflbat_final_distance_filter,"[4, 60, 36, 70, 42, 95, 11, 41, 33]",[1],"{""accepted_indices"": [0, 1, 2, 4, 5, 6, 7, 8, 9, 1, 2, 4, 5, 6, 7, 8, 9], ""eps2"": 6, ""distance_median"": 1.8315045138414832}"
418,rflbat,rflbat_first_distance_filter,"[0, 36, 46, 80, 79, 17, 75, 71, 26, 85, 36, 46, 80, 79, 17, 75, 71, 26, 85]",[],"{""accepted_indices"": [0, 1, 2, 3, 4, 5, 6, 7, 8, 9, 1, 2, 3, 4, 5, 6, 7, 8, 9], ""eps1"": 10, ""distance_median"": 0.7238593158804021}"
418,rflbat,rflbat_cluster_filter,"[0, 36, 46, 80, 79, 17, 75, 71, 85, 36, 46, 80, 79, 17, 75, 71, 85]",[26],"{""accepted_indices"": [0, 1, 2, 3, 4, 5, 6, 7, 9, 1, 2, 3, 4, 5, 6, 7, 9], ""num_clusters"": 2, ""cluster_scores"": [1.0000000000022364, 0.11401660539368744]}"
418,rflbat,rflbat_final_distance_filter,"[0, 36, 46, 80, 79, 17, 75, 71, 85]",[26],"{""accepted_indices"": [0, 1, 2, 3, 4, 5, 6, 7, 9, 1, 2, 3, 4, 5, 6, 7, 9], ""eps2"": 6, ""distance_median"": 0.6519204699287416}"
419,rflbat,rflbat_first_distance_filter,"[4, 47, 37, 73, 41, 35, 72, 79, 66, 14, 47, 37, 73, 41, 35, 72, 79, 66, 14]",[],"{""accepted_indices"": [0, 1, 2, 3, 4, 5, 6, 7, 8, 9, 1, 2, 3, 4, 5, 6, 7, 8, 9], ""eps1"": 10, ""distance_median"": 0.6228437232091228}"
419,rflbat,rflbat_cluster_filter,"[47, 37, 73, 41, 72, 79, 66, 14, 47, 37, 73, 41, 72, 79, 66, 14]","[4, 35]","{""accepted_indices"": [1, 2, 3, 4, 6, 7, 8, 9, 1, 2, 3, 4, 6, 7, 8, 9], ""num_clusters"": 3, ""cluster_scores"": [0.1388045433305198, 1.0000000000019462, 1]}"
419,rflbat,rflbat_final_distance_filter,"[47, 37, 73, 41, 72, 79, 66, 14]","[4, 35]","{""accepted_indices"": [1, 2, 3, 4, 6, 7, 8, 9, 1, 2, 3, 4, 6, 7, 8, 9], ""eps2"": 6, ""distance_median"": 0.11795388818361902}"
420,rflbat,rflbat_first_distance_filter,"[2, 76, 67, 89, 78, 56, 40, 18, 31, 51, 76, 67, 89, 78, 56, 40, 18, 31, 51]",[],"{""accepted_indices"": [0, 1, 2, 3, 4, 5, 6, 7, 8, 9, 1, 2, 3, 4, 5, 6, 7, 8, 9], ""eps1"": 10, ""distance_median"": 0.5028109055421603}"
420,rflbat,rflbat_cluster_filter,"[2, 76, 67, 89, 78, 56, 40, 18, 31, 51, 76, 67, 89, 78, 56, 40, 18, 31, 51]",[],"{""accepted_indices"": [0, 1, 2, 3, 4, 5, 6, 7, 8, 9, 1, 2, 3, 4, 5, 6, 7, 8, 9], ""num_clusters"": 1, ""cluster_scores"": [0.12871180586566994]}"
420,rflbat,rflbat_final_distance_filter,"[76, 67, 89, 78, 56, 40, 18, 31, 51]",[2],"{""accepted_indices"": [1, 2, 3, 4, 5, 6, 7, 8, 9, 1, 2, 3, 4, 5, 6, 7, 8, 9], ""eps2"": 6, ""distance_median"": 0.7282925586019834}"
421,rflbat,rflbat_first_distance_filter,"[1, 81, 94, 31, 60, 26, 61, 99, 62, 30, 81, 94, 31, 60, 26, 61, 99, 62, 30]",[],"{""accepted_indices"": [0, 1, 2, 3, 4, 5, 6, 7, 8, 9, 1, 2, 3, 4, 5, 6, 7, 8, 9], ""eps1"": 10, ""distance_median"": 1.1540362344474486}"
421,rflbat,rflbat_cluster_filter,"[1, 81, 94, 31, 60, 26, 61, 99, 62, 30, 81, 94, 31, 60, 26, 61, 99, 62, 30]",[],"{""accepted_indices"": [0, 1, 2, 3, 4, 5, 6, 7, 8, 9, 1, 2, 3, 4, 5, 6, 7, 8, 9], ""num_clusters"": 1, ""cluster_scores"": [0.11667369269859383]}"
421,rflbat,rflbat_final_distance_filter,"[81, 94, 31, 60, 26, 61, 99, 62, 30]",[1],"{""accepted_indices"": [1, 2, 3, 4, 5, 6, 7, 8, 9, 1, 2, 3, 4, 5, 6, 7, 8, 9], ""eps2"": 6, ""distance_median"": 1.4235278043032222}"
422,rflbat,rflbat_first_distance_filter,"[3, 82, 38, 48, 30, 83, 42, 51, 80, 27, 82, 38, 48, 30, 83, 42, 51, 80, 27]",[],"{""accepted_indices"": [0, 1, 2, 3, 4, 5, 6, 7, 8, 9, 1, 2, 3, 4, 5, 6, 7, 8, 9], ""eps1"": 10, ""distance_median"": 0.3784277225161117}"
422,rflbat,rflbat_cluster_filter,"[3, 82, 38, 48, 30, 83, 42, 51, 80, 27, 82, 38, 48, 30, 83, 42, 51, 80, 27]",[],"{""accepted_indices"": [0, 1, 2, 3, 4, 5, 6, 7, 8, 9, 1, 2, 3, 4, 5, 6, 7, 8, 9], ""num_clusters"": 1, ""cluster_scores"": [0.11055065251576514]}"
422,rflbat,rflbat_final_distance_filter,"[3, 82, 38, 48, 30, 83, 42, 51, 80, 27]",[],"{""accepted_indices"": [0, 1, 2, 3, 4, 5, 6, 7, 8, 9, 1, 2, 3, 4, 5, 6, 7, 8, 9], ""eps2"": 6, ""distance_median"": 0.6525500009173819}"
423,rflbat,rflbat_first_distance_filter,"[3, 14, 93, 51, 32, 40, 59, 61, 57, 79, 14, 93, 51, 32, 40, 59, 61, 57, 79]",[],"{""accepted_indices"": [0, 1, 2, 3, 4, 5, 6, 7, 8, 9, 1, 2, 3, 4, 5, 6, 7, 8, 9], ""eps1"": 10, ""distance_median"": 0.34008648544565}"
423,rflbat,rflbat_cluster_filter,"[3, 14, 93, 51, 32, 40, 59, 61, 57, 79, 14, 93, 51, 32, 40, 59, 61, 57, 79]",[],"{""accepted_indices"": [0, 1, 2, 3, 4, 5, 6, 7, 8, 9, 1, 2, 3, 4, 5, 6, 7, 8, 9], ""num_clusters"": 1, ""cluster_scores"": [0.10061725726984101]}"
423,rflbat,rflbat_final_distance_filter,"[3, 14, 93, 51, 32, 40, 59, 61, 57, 79]",[],"{""accepted_indices"": [0, 1, 2, 3, 4, 5, 6, 7, 8, 9, 1, 2, 3, 4, 5, 6, 7, 8, 9], ""eps2"": 6, ""distance_median"": 0.670630378779927}"
424,rflbat,rflbat_first_distance_filter,"[4, 56, 41, 32, 69, 82, 48, 46, 72, 92, 56, 41, 32, 69, 82, 48, 46, 72, 92]",[],"{""accepted_indices"": [0, 1, 2, 3, 4, 5, 6, 7, 8, 9, 1, 2, 3, 4, 5, 6, 7, 8, 9], ""eps1"": 10, ""distance_median"": 0.49004867497217486}"
424,rflbat,rflbat_cluster_filter,"[56, 41, 32, 69, 82, 48, 46, 72, 92, 56, 41, 32, 69, 82, 48, 46, 72, 92]",[4],"{""accepted_indices"": [1, 2, 3, 4, 5, 6, 7, 8, 9, 1, 2, 3, 4, 5, 6, 7, 8, 9], ""num_clusters"": 2, ""cluster_scores"": [0.10842572590329579, 1]}"
424,rflbat,rflbat_final_distance_filter,"[56, 41, 32, 69, 82, 48, 46, 72, 92]",[4],"{""accepted_indices"": [1, 2, 3, 4, 5, 6, 7, 8, 9, 1, 2, 3, 4, 5, 6, 7, 8, 9], ""eps2"": 6, ""distance_median"": 0.4315913298050482}"
425,rflbat,rflbat_first_distance_filter,"[1, 80, 58, 93, 35, 3, 81, 86, 64, 14, 80, 58, 93, 35, 3, 81, 86, 64, 14]",[],"{""accepted_indices"": [0, 1, 2, 3, 4, 5, 6, 7, 8, 9, 1, 2, 3, 4, 5, 6, 7, 8, 9], ""eps1"": 10, ""distance_median"": 1.2732146724072262}"
425,rflbat,rflbat_cluster_filter,"[1, 80, 58, 93, 35, 3, 81, 86, 64, 14, 80, 58, 93, 35, 3, 81, 86, 64, 14]",[],"{""accepted_indices"": [0, 1, 2, 3, 4, 5, 6, 7, 8, 9, 1, 2, 3, 4, 5, 6, 7, 8, 9], ""num_clusters"": 1, ""cluster_scores"": [0.11546087916885578]}"
425,rflbat,rflbat_final_distance_filter,"[80, 58, 93, 35, 3, 81, 86, 64, 14]",[1],"{""accepted_indices"": [1, 2, 3, 4, 5, 6, 7, 8, 9, 1, 2, 3, 4, 5, 6, 7, 8, 9], ""eps2"": 6, ""distance_median"": 1.5798423270020354}"
426,rflbat,rflbat_first_distance_filter,"[1, 15, 41, 82, 56, 93, 60, 84, 67, 78, 15, 41, 82, 56, 93, 60, 84, 67, 78]",[],"{""accepted_indices"": [0, 1, 2, 3, 4, 5, 6, 7, 8, 9, 1, 2, 3, 4, 5, 6, 7, 8, 9], ""eps1"": 10, ""distance_median"": 0.8456616924611808}"
426,rflbat,rflbat_cluster_filter,"[15, 41, 82, 56, 93, 60, 84, 67, 78, 15, 41, 82, 56, 93, 60, 84, 67, 78]",[1],"{""accepted_indices"": [1, 2, 3, 4, 5, 6, 7, 8, 9, 1, 2, 3, 4, 5, 6, 7, 8, 9], ""num_clusters"": 2, ""cluster_scores"": [0.11852314836280518, 1]}"
426,rflbat,rflbat_final_distance_filter,"[15, 41, 82, 56, 93, 60, 84, 67, 78]",[1],"{""accepted_indices"": [1, 2, 3, 4, 5, 6, 7, 8, 9, 1, 2, 3, 4, 5, 6, 7, 8, 9], ""eps2"": 6, ""distance_median"": 0.3366092422935353}"
427,rflbat,rflbat_first_distance_filter,"[1, 39, 75, 62, 52, 16, 72, 59, 30, 55, 39, 75, 62, 52, 16, 72, 59, 30, 55]",[],"{""accepted_indices"": [0, 1, 2, 3, 4, 5, 6, 7, 8, 9, 1, 2, 3, 4, 5, 6, 7, 8, 9], ""eps1"": 10, ""distance_median"": 1.0511717057430001}"
427,rflbat,rflbat_cluster_filter,"[1, 39, 75, 62, 52, 16, 72, 59, 30, 55, 39, 75, 62, 52, 16, 72, 59, 30, 55]",[],"{""accepted_indices"": [0, 1, 2, 3, 4, 5, 6, 7, 8, 9, 1, 2, 3, 4, 5, 6, 7, 8, 9], ""num_clusters"": 1, ""cluster_scores"": [0.11786024132014496]}"
427,rflbat,rflbat_final_distance_filter,"[39, 75, 62, 52, 16, 72, 59, 30, 55]",[1],"{""accepted_indices"": [1, 2, 3, 4, 5, 6, 7, 8, 9, 1, 2, 3, 4, 5, 6, 7, 8, 9], ""eps2"": 6, ""distance_median"": 1.254877861422323}"
428,rflbat,rflbat_first_distance_filter,"[1, 82, 22, 44, 32, 70, 92, 15, 67, 49, 82, 22, 44, 32, 70, 92, 15, 67, 49]",[],"{""accepted_indices"": [0, 1, 2, 3, 4, 5, 6, 7, 8, 9, 1, 2, 3, 4, 5, 6, 7, 8, 9], ""eps1"": 10, ""distance_median"": 0.8311705572084259}"
428,rflbat,rflbat_cluster_filter,"[1, 82, 22, 44, 32, 70, 92, 15, 67, 49, 82, 22, 44, 32, 70, 92, 15, 67, 49]",[],"{""accepted_indices"": [0, 1, 2, 3, 4, 5, 6, 7, 8, 9, 1, 2, 3, 4, 5, 6, 7, 8, 9], ""num_clusters"": 1, ""cluster_scores"": [0.10273281884325107]}"
428,rflbat,rflbat_final_distance_filter,"[82, 22, 44, 32, 70, 92, 15, 67, 49]",[1],"{""accepted_indices"": [1, 2, 3, 4, 5, 6, 7, 8, 9, 1, 2, 3, 4, 5, 6, 7, 8, 9], ""eps2"": 6, ""distance_median"": 1.0638546920260672}"
429,rflbat,rflbat_first_distance_filter,"[4, 77, 60, 34, 24, 68, 98, 51, 71, 50, 77, 60, 34, 24, 68, 98, 51, 71, 50]",[],"{""accepted_indices"": [0, 1, 2, 3, 4, 5, 6, 7, 8, 9, 1, 2, 3, 4, 5, 6, 7, 8, 9], ""eps1"": 10, ""distance_median"": 0.7748089242010388}"
429,rflbat,rflbat_cluster_filter,"[4, 77, 60, 34, 24, 68, 98, 51, 71, 50, 77, 60, 34, 24, 68, 98, 51, 71, 50]",[],"{""accepted_indices"": [0, 1, 2, 3, 4, 5, 6, 7, 8, 9, 1, 2, 3, 4, 5, 6, 7, 8, 9], ""num_clusters"": 1, ""cluster_scores"": [0.11736843367482572]}"
429,rflbat,rflbat_final_distance_filter,"[4, 77, 60, 34, 24, 68, 98, 51, 71, 50]",[],"{""accepted_indices"": [0, 1, 2, 3, 4, 5, 6, 7, 8, 9, 1, 2, 3, 4, 5, 6, 7, 8, 9], ""eps2"": 6, ""distance_median"": 1.1759935545824955}"
430,rflbat,rflbat_first_distance_filter,"[3, 15, 40, 54, 57, 46, 4, 76, 68, 97, 15, 40, 54, 57, 46, 4, 76, 68, 97]",[],"{""accepted_indices"": [0, 1, 2, 3, 4, 5, 6, 7, 8, 9, 1, 2, 3, 4, 5, 6, 7, 8, 9], ""eps1"": 10, ""distance_median"": 0.5821331600108265}"
430,rflbat,rflbat_cluster_filter,"[3, 15, 40, 54, 57, 46, 4, 76, 68, 97, 15, 40, 54, 57, 46, 4, 76, 68, 97]",[],"{""accepted_indices"": [0, 1, 2, 3, 4, 5, 6, 7, 8, 9, 1, 2, 3, 4, 5, 6, 7, 8, 9], ""num_clusters"": 1, ""cluster_scores"": [0.10338376703306687]}"
430,rflbat,rflbat_final_distance_filter,"[3, 15, 40, 54, 57, 46, 4, 76, 68, 97]",[],"{""accepted_indices"": [0, 1, 2, 3, 4, 5, 6, 7, 8, 9, 1, 2, 3, 4, 5, 6, 7, 8, 9], ""eps2"": 6, ""distance_median"": 1.1548023803998522}"
431,rflbat,rflbat_first_distance_filter,"[3, 39, 81, 56, 60, 67, 53, 68, 79, 62, 39, 81, 56, 60, 67, 53, 68, 79, 62]",[],"{""accepted_indices"": [0, 1, 2, 3, 4, 5, 6, 7, 8, 9, 1, 2, 3, 4, 5, 6, 7, 8, 9], ""eps1"": 10, ""distance_median"": 0.6202734698941599}"
431,rflbat,rflbat_cluster_filter,"[3, 39, 81, 56, 60, 67, 53, 68, 79, 62, 39, 81, 56, 60, 67, 53, 68, 79, 62]",[],"{""accepted_indices"": [0, 1, 2, 3, 4, 5, 6, 7, 8, 9, 1, 2, 3, 4, 5, 6, 7, 8, 9], ""num_clusters"": 1, ""cluster_scores"": [0.11707087692548553]}"
431,rflbat,rflbat_final_distance_filter,"[3, 39, 81, 56, 60, 67, 53, 68, 79, 62]",[],"{""accepted_indices"": [0, 1, 2, 3, 4, 5, 6, 7, 8, 9, 1, 2, 3, 4, 5, 6, 7, 8, 9], ""eps2"": 6, ""distance_median"": 1.2309437039200448}"
432,rflbat,rflbat_first_distance_filter,"[0, 35, 88, 44, 42, 3, 15, 75, 77, 7, 35, 88, 44, 42, 3, 15, 75, 77, 7]",[],"{""accepted_indices"": [0, 1, 2, 3, 4, 5, 6, 7, 8, 9, 1, 2, 3, 4, 5, 6, 7, 8, 9], ""eps1"": 10, ""distance_median"": 0.6472343698344099}"
432,rflbat,rflbat_cluster_filter,"[0, 35, 88, 44, 42, 3, 15, 75, 77, 7, 35, 88, 44, 42, 3, 15, 75, 77, 7]",[],"{""accepted_indices"": [0, 1, 2, 3, 4, 5, 6, 7, 8, 9, 1, 2, 3, 4, 5, 6, 7, 8, 9], ""num_clusters"": 1, ""cluster_scores"": [0.11054875104186808]}"
432,rflbat,rflbat_final_distance_filter,"[0, 35, 88, 44, 42, 3, 15, 75, 77, 7]",[],"{""accepted_indices"": [0, 1, 2, 3, 4, 5, 6, 7, 8, 9, 1, 2, 3, 4, 5, 6, 7, 8, 9], ""eps2"": 6, ""distance_median"": 1.0796361457368577}"
433,rflbat,rflbat_first_distance_filter,"[0, 68, 21, 99, 29, 63, 74, 91, 41, 27, 68, 21, 99, 29, 63, 74, 91, 41, 27]",[],"{""accepted_indices"": [0, 1, 2, 3, 4, 5, 6, 7, 8, 9, 1, 2, 3, 4, 5, 6, 7, 8, 9], ""eps1"": 10, ""distance_median"": 0.5981991949871257}"
433,rflbat,rflbat_cluster_filter,"[0, 68, 21, 99, 29, 63, 74, 91, 41, 27, 68, 21, 99, 29, 63, 74, 91, 41, 27]",[],"{""accepted_indices"": [0, 1, 2, 3, 4, 5, 6, 7, 8, 9, 1, 2, 3, 4, 5, 6, 7, 8, 9], ""num_clusters"": 1, ""cluster_scores"": [0.1273376438327735]}"
433,rflbat,rflbat_final_distance_filter,"[0, 68, 21, 99, 29, 63, 74, 91, 41, 27]",[],"{""accepted_indices"": [0, 1, 2, 3, 4, 5, 6, 7, 8, 9, 1, 2, 3, 4, 5, 6, 7, 8, 9], ""eps2"": 6, ""distance_median"": 1.004351375097174}"
434,rflbat,rflbat_first_distance_filter,"[2, 89, 36, 38, 30, 13, 1, 15, 86, 93, 89, 36, 38, 30, 13, 1, 15, 86, 93]",[],"{""accepted_indices"": [0, 1, 2, 3, 4, 5, 6, 7, 8, 9, 1, 2, 3, 4, 5, 6, 7, 8, 9], ""eps1"": 10, ""distance_median"": 1.1143580854858162}"
434,rflbat,rflbat_cluster_filter,"[2, 89, 36, 38, 30, 13, 1, 15, 86, 93, 89, 36, 38, 30, 13, 1, 15, 86, 93]",[],"{""accepted_indices"": [0, 1, 2, 3, 4, 5, 6, 7, 8, 9, 1, 2, 3, 4, 5, 6, 7, 8, 9], ""num_clusters"": 1, ""cluster_scores"": [0.12211447741769707]}"
434,rflbat,rflbat_final_distance_filter,"[2, 89, 36, 38, 30, 13, 15, 86, 93]",[1],"{""accepted_indices"": [0, 1, 2, 3, 4, 5, 7, 8, 9, 1, 2, 3, 4, 5, 7, 8, 9], ""eps2"": 6, ""distance_median"": 1.9087175710427908}"
435,rflbat,rflbat_first_distance_filter,"[3, 2, 41, 88, 16, 55, 98, 51, 38, 79, 2, 41, 88, 16, 55, 98, 51, 38, 79]",[],"{""accepted_indices"": [0, 1, 2, 3, 4, 5, 6, 7, 8, 9, 1, 2, 3, 4, 5, 6, 7, 8, 9], ""eps1"": 10, ""distance_median"": 0.49416286004064935}"
435,rflbat,rflbat_cluster_filter,"[3, 41, 88, 16, 55, 98, 51, 38, 79, 41, 88, 16, 55, 98, 51, 38, 79]",[2],"{""accepted_indices"": [0, 2, 3, 4, 5, 6, 7, 8, 9, 2, 3, 4, 5, 6, 7, 8, 9], ""num_clusters"": 2, ""cluster_scores"": [1.000000000001811, 0.11927062092331363]}"
435,rflbat,rflbat_final_distance_filter,"[3, 41, 88, 16, 55, 98, 51, 38, 79]",[2],"{""accepted_indices"": [0, 2, 3, 4, 5, 6, 7, 8, 9, 2, 3, 4, 5, 6, 7, 8, 9], ""eps2"": 6, ""distance_median"": 0.48695219483003044}"
436,rflbat,rflbat_first_distance_filter,"[3, 25, 5, 94, 64, 90, 79, 40, 39, 85, 25, 5, 94, 64, 90, 79, 40, 39, 85]",[],"{""accepted_indices"": [0, 1, 2, 3, 4, 5, 6, 7, 8, 9, 1, 2, 3, 4, 5, 6, 7, 8, 9], ""eps1"": 10, ""distance_median"": 0.3791936565216249}"
436,rflbat,rflbat_cluster_filter,"[3, 25, 5, 94, 64, 90, 79, 40, 39, 85, 25, 5, 94, 64, 90, 79, 40, 39, 85]",[],"{""accepted_indices"": [0, 1, 2, 3, 4, 5, 6, 7, 8, 9, 1, 2, 3, 4, 5, 6, 7, 8, 9], ""num_clusters"": 1, ""cluster_scores"": [0.13393556945025395]}"
436,rflbat,rflbat_final_distance_filter,"[3, 25, 5, 94, 64, 90, 79, 40, 39, 85]",[],"{""accepted_indices"": [0, 1, 2, 3, 4, 5, 6, 7, 8, 9, 1, 2, 3, 4, 5, 6, 7, 8, 9], ""eps2"": 6, ""distance_median"": 0.7965374484241388}"
437,rflbat,rflbat_first_distance_filter,"[0, 7, 95, 94, 37, 84, 33, 46, 59, 96, 7, 95, 94, 37, 84, 33, 46, 59, 96]",[],"{""accepted_indices"": [0, 1, 2, 3, 4, 5, 6, 7, 8, 9, 1, 2, 3, 4, 5, 6, 7, 8, 9], ""eps1"": 10, ""distance_median"": 0.5344262208694958}"
437,rflbat,rflbat_cluster_filter,"[7, 95, 94, 84, 59, 7, 95, 94, 84, 59]","[0, 37, 33, 46, 96]","{""accepted_indices"": [1, 2, 3, 5, 8, 1, 2, 3, 5, 8], ""num_clusters"": 5, ""cluster_scores"": [1.0000000000013745, 0.18044738291539836, 1, 1.0000000000020037, 0.5182418805296884]}"
437,rflbat,rflbat_final_distance_filter,"[7, 95, 94, 84, 59]","[0, 37, 33, 46, 96]","{""accepted_indices"": [1, 2, 3, 5, 8, 1, 2, 3, 5, 8], ""eps2"": 6, ""distance_median"": 0.023519366403348972}"
438,rflbat,rflbat_first_distance_filter,"[3, 0, 12, 94, 37, 74, 60, 36, 34, 25, 0, 12, 94, 37, 74, 60, 36, 34, 25]",[],"{""accepted_indices"": [0, 1, 2, 3, 4, 5, 6, 7, 8, 9, 1, 2, 3, 4, 5, 6, 7, 8, 9], ""eps1"": 10, ""distance_median"": 0.4438547961116701}"
438,rflbat,rflbat_cluster_filter,"[3, 0, 12, 94, 37, 74, 60, 36, 34, 25, 0, 12, 94, 37, 74, 60, 36, 34, 25]",[],"{""accepted_indices"": [0, 1, 2, 3, 4, 5, 6, 7, 8, 9, 1, 2, 3, 4, 5, 6, 7, 8, 9], ""num_clusters"": 1, ""cluster_scores"": [0.10845469599970492]}"
438,rflbat,rflbat_final_distance_filter,"[3, 0, 12, 94, 37, 74, 60, 36, 34, 25]",[],"{""accepted_indices"": [0, 1, 2, 3, 4, 5, 6, 7, 8, 9, 1, 2, 3, 4, 5, 6, 7, 8, 9], ""eps2"": 6, ""distance_median"": 0.8834305147922424}"
439,rflbat,rflbat_first_distance_filter,"[3, 81, 20, 46, 17, 57, 43, 28, 88, 29, 81, 20, 46, 17, 57, 43, 28, 88, 29]",[],"{""accepted_indices"": [0, 1, 2, 3, 4, 5, 6, 7, 8, 9, 1, 2, 3, 4, 5, 6, 7, 8, 9], ""eps1"": 10, ""distance_median"": 0.34319739751720985}"
439,rflbat,rflbat_cluster_filter,"[3, 81, 20, 46, 17, 57, 43, 28, 88, 29, 81, 20, 46, 17, 57, 43, 28, 88, 29]",[],"{""accepted_indices"": [0, 1, 2, 3, 4, 5, 6, 7, 8, 9, 1, 2, 3, 4, 5, 6, 7, 8, 9], ""num_clusters"": 1, ""cluster_scores"": [0.10804791273939897]}"
439,rflbat,rflbat_final_distance_filter,"[3, 81, 20, 46, 17, 57, 43, 28, 88, 29]",[],"{""accepted_indices"": [0, 1, 2, 3, 4, 5, 6, 7, 8, 9, 1, 2, 3, 4, 5, 6, 7, 8, 9], ""eps2"": 6, ""distance_median"": 0.6727300862380001}"
440,rflbat,rflbat_first_distance_filter,"[2, 13, 23, 93, 97, 71, 89, 58, 10, 44, 13, 23, 93, 97, 71, 89, 58, 10, 44]",[],"{""accepted_indices"": [0, 1, 2, 3, 4, 5, 6, 7, 8, 9, 1, 2, 3, 4, 5, 6, 7, 8, 9], ""eps1"": 10, ""distance_median"": 0.6145251689740325}"
440,rflbat,rflbat_cluster_filter,"[2, 13, 23, 93, 97, 71, 89, 58, 10, 44, 13, 23, 93, 97, 71, 89, 58, 10, 44]",[],"{""accepted_indices"": [0, 1, 2, 3, 4, 5, 6, 7, 8, 9, 1, 2, 3, 4, 5, 6, 7, 8, 9], ""num_clusters"": 1, ""cluster_scores"": [0.11775008640671332]}"
440,rflbat,rflbat_final_distance_filter,"[2, 13, 23, 93, 97, 71, 89, 58, 10, 44]",[],"{""accepted_indices"": [0, 1, 2, 3, 4, 5, 6, 7, 8, 9, 1, 2, 3, 4, 5, 6, 7, 8, 9], ""eps2"": 6, ""distance_median"": 0.9377113532089799}"
441,rflbat,rflbat_first_distance_filter,"[2, 15, 89, 72, 33, 58, 88, 67, 41, 29, 15, 89, 72, 33, 58, 88, 67, 41, 29]",[],"{""accepted_indices"": [0, 1, 2, 3, 4, 5, 6, 7, 8, 9, 1, 2, 3, 4, 5, 6, 7, 8, 9], ""eps1"": 10, ""distance_median"": 0.5434550339069051}"
441,rflbat,rflbat_cluster_filter,"[2, 15, 89, 72, 33, 58, 88, 67, 41, 29, 15, 89, 72, 33, 58, 88, 67, 41, 29]",[],"{""accepted_indices"": [0, 1, 2, 3, 4, 5, 6, 7, 8, 9, 1, 2, 3, 4, 5, 6, 7, 8, 9], ""num_clusters"": 1, ""cluster_scores"": [0.10405925432146355]}"
441,rflbat,rflbat_final_distance_filter,"[2, 15, 89, 72, 33, 58, 88, 67, 41, 29]",[],"{""accepted_indices"": [0, 1, 2, 3, 4, 5, 6, 7, 8, 9, 1, 2, 3, 4, 5, 6, 7, 8, 9], ""eps2"": 6, ""distance_median"": 0.8499387720336127}"
442,rflbat,rflbat_first_distance_filter,"[4, 39, 99, 96, 73, 55, 68, 32, 15, 18, 39, 99, 96, 73, 55, 68, 32, 15, 18]",[],"{""accepted_indices"": [0, 1, 2, 3, 4, 5, 6, 7, 8, 9, 1, 2, 3, 4, 5, 6, 7, 8, 9], ""eps1"": 10, ""distance_median"": 0.48980082314423457}"
442,rflbat,rflbat_cluster_filter,"[4, 39, 99, 96, 73, 55, 68, 32, 15, 18, 39, 99, 96, 73, 55, 68, 32, 15, 18]",[],"{""accepted_indices"": [0, 1, 2, 3, 4, 5, 6, 7, 8, 9, 1, 2, 3, 4, 5, 6, 7, 8, 9], ""num_clusters"": 1, ""cluster_scores"": [0.11391171997951922]}"
442,rflbat,rflbat_final_distance_filter,"[39, 99, 96, 73, 55, 68, 32, 15, 18]",[4],"{""accepted_indices"": [1, 2, 3, 4, 5, 6, 7, 8, 9, 1, 2, 3, 4, 5, 6, 7, 8, 9], ""eps2"": 6, ""distance_median"": 0.705668786597564}"
443,rflbat,rflbat_first_distance_filter,"[0, 95, 53, 49, 75, 76, 17, 65, 40, 25, 95, 53, 49, 75, 76, 17, 65, 40, 25]",[],"{""accepted_indices"": [0, 1, 2, 3, 4, 5, 6, 7, 8, 9, 1, 2, 3, 4, 5, 6, 7, 8, 9], ""eps1"": 10, ""distance_median"": 0.48139576069745144}"
443,rflbat,rflbat_cluster_filter,"[95, 53, 75, 17, 40, 25, 95, 53, 75, 17, 40, 25]","[0, 49, 76, 65]","{""accepted_indices"": [1, 2, 4, 6, 8, 9, 1, 2, 4, 6, 8, 9], ""num_clusters"": 4, ""cluster_scores"": [0.1689290630803961, 1, 1.0000000000014264, 0.5027665159279131]}"
443,rflbat,rflbat_final_distance_filter,"[95, 53, 75, 17, 40, 25]","[0, 49, 76, 65]","{""accepted_indices"": [1, 2, 4, 6, 8, 9, 1, 2, 4, 6, 8, 9], ""eps2"": 6, ""distance_median"": 0.09620288735298432}"
444,rflbat,rflbat_first_distance_filter,"[4, 58, 87, 34, 9, 43, 96, 93, 39, 74, 58, 87, 34, 9, 43, 96, 93, 39, 74]",[],"{""accepted_indices"": [0, 1, 2, 3, 4, 5, 6, 7, 8, 9, 1, 2, 3, 4, 5, 6, 7, 8, 9], ""eps1"": 10, ""distance_median"": 0.48925517605590596}"
444,rflbat,rflbat_cluster_filter,"[4, 58, 87, 34, 9, 43, 96, 93, 39, 74, 58, 87, 34, 9, 43, 96, 93, 39, 74]",[],"{""accepted_indices"": [0, 1, 2, 3, 4, 5, 6, 7, 8, 9, 1, 2, 3, 4, 5, 6, 7, 8, 9], ""num_clusters"": 1, ""cluster_scores"": [0.10927752070703352]}"
444,rflbat,rflbat_final_distance_filter,"[58, 87, 34, 9, 43, 96, 93, 39, 74]",[4],"{""accepted_indices"": [1, 2, 3, 4, 5, 6, 7, 8, 9, 1, 2, 3, 4, 5, 6, 7, 8, 9], ""eps2"": 6, ""distance_median"": 0.6772167118849431}"
445,rflbat,rflbat_first_distance_filter,"[2, 79, 63, 64, 55, 77, 12, 71, 69, 40, 79, 63, 64, 55, 77, 12, 71, 69, 40]",[],"{""accepted_indices"": [0, 1, 2, 3, 4, 5, 6, 7, 8, 9, 1, 2, 3, 4, 5, 6, 7, 8, 9], ""eps1"": 10, ""distance_median"": 0.5103307000069367}"
445,rflbat,rflbat_cluster_filter,"[2, 79, 63, 64, 55, 77, 12, 71, 69, 40, 79, 63, 64, 55, 77, 12, 71, 69, 40]",[],"{""accepted_indices"": [0, 1, 2, 3, 4, 5, 6, 7, 8, 9, 1, 2, 3, 4, 5, 6, 7, 8, 9], ""num_clusters"": 1, ""cluster_scores"": [0.11170648327492405]}"
445,rflbat,rflbat_final_distance_filter,"[2, 79, 63, 64, 55, 77, 12, 71, 69, 40]",[],"{""accepted_indices"": [0, 1, 2, 3, 4, 5, 6, 7, 8, 9, 1, 2, 3, 4, 5, 6, 7, 8, 9], ""eps2"": 6, ""distance_median"": 0.8011901262101343}"
446,rflbat,rflbat_first_distance_filter,"[4, 29, 41, 77, 58, 99, 31, 39, 73, 30, 29, 41, 77, 58, 99, 31, 39, 73, 30]",[],"{""accepted_indices"": [0, 1, 2, 3, 4, 5, 6, 7, 8, 9, 1, 2, 3, 4, 5, 6, 7, 8, 9], ""eps1"": 10, ""distance_median"": 0.42981865519605283}"
446,rflbat,rflbat_cluster_filter,"[4, 29, 41, 77, 58, 99, 31, 39, 73, 30, 29, 41, 77, 58, 99, 31, 39, 73, 30]",[],"{""accepted_indices"": [0, 1, 2, 3, 4, 5, 6, 7, 8, 9, 1, 2, 3, 4, 5, 6, 7, 8, 9], ""num_clusters"": 1, ""cluster_scores"": [0.10305295126218113]}"
446,rflbat,rflbat_final_distance_filter,"[29, 41, 77, 58, 99, 31, 39, 73, 30]",[4],"{""accepted_indices"": [1, 2, 3, 4, 5, 6, 7, 8, 9, 1, 2, 3, 4, 5, 6, 7, 8, 9], ""eps2"": 6, ""distance_median"": 0.6029452504301495}"
447,rflbat,rflbat_first_distance_filter,"[3, 14, 19, 38, 73, 13, 80, 63, 2, 1, 14, 19, 38, 73, 13, 80, 63, 2, 1]",[],"{""accepted_indices"": [0, 1, 2, 3, 4, 5, 6, 7, 8, 9, 1, 2, 3, 4, 5, 6, 7, 8, 9], ""eps1"": 10, ""distance_median"": 1.109520945144683}"
447,rflbat,rflbat_cluster_filter,"[3, 14, 19, 38, 73, 13, 80, 63, 2, 1, 14, 19, 38, 73, 13, 80, 63, 2, 1]",[],"{""accepted_indices"": [0, 1, 2, 3, 4, 5, 6, 7, 8, 9, 1, 2, 3, 4, 5, 6, 7, 8, 9], ""num_clusters"": 1, ""cluster_scores"": [0.10196597451541224]}"
447,rflbat,rflbat_final_distance_filter,"[3, 14, 19, 38, 73, 13, 80, 63, 2]",[1],"{""accepted_indices"": [0, 1, 2, 3, 4, 5, 6, 7, 8, 1, 2, 3, 4, 5, 6, 7, 8], ""eps2"": 6, ""distance_median"": 2.211410986707457}"
448,rflbat,rflbat_first_distance_filter,"[4, 66, 33, 54, 38, 8, 23, 79, 78, 18, 66, 33, 54, 38, 8, 23, 79, 78, 18]",[],"{""accepted_indices"": [0, 1, 2, 3, 4, 5, 6, 7, 8, 9, 1, 2, 3, 4, 5, 6, 7, 8, 9], ""eps1"": 10, ""distance_median"": 0.6579123328544796}"
448,rflbat,rflbat_cluster_filter,"[66, 54, 8, 18, 66, 54, 8, 18]","[4, 33, 38, 23, 79, 78]","{""accepted_indices"": [1, 3, 5, 9, 1, 3, 5, 9], ""num_clusters"": 4, ""cluster_scores"": [1.000000000001292, 0.2615455106651807, 1, 0.2599057456685733]}"
448,rflbat,rflbat_final_distance_filter,"[66, 54, 8, 18]","[4, 33, 38, 23, 79, 78]","{""accepted_indices"": [1, 3, 5, 9, 1, 3, 5, 9], ""eps2"": 6, ""distance_median"": 0.022752653751444064}"
449,rflbat,rflbat_first_distance_filter,"[3, 69, 6, 97, 61, 49, 95, 31, 20, 11, 69, 6, 97, 61, 49, 95, 31, 20, 11]",[],"{""accepted_indices"": [0, 1, 2, 3, 4, 5, 6, 7, 8, 9, 1, 2, 3, 4, 5, 6, 7, 8, 9], ""eps1"": 10, ""distance_median"": 0.3231725468730456}"
449,rflbat,rflbat_cluster_filter,"[3, 69, 6, 97, 61, 49, 95, 31, 20, 11, 69, 6, 97, 61, 49, 95, 31, 20, 11]",[],"{""accepted_indices"": [0, 1, 2, 3, 4, 5, 6, 7, 8, 9, 1, 2, 3, 4, 5, 6, 7, 8, 9], ""num_clusters"": 1, ""cluster_scores"": [0.1199176427446883]}"
449,rflbat,rflbat_final_distance_filter,"[3, 69, 6, 97, 61, 49, 95, 31, 20, 11]",[],"{""accepted_indices"": [0, 1, 2, 3, 4, 5, 6, 7, 8, 9, 1, 2, 3, 4, 5, 6, 7, 8, 9], ""eps2"": 6, ""distance_median"": 0.6417881653328723}"
450,rflbat,rflbat_first_distance_filter,"[1, 42, 88, 89, 82, 44, 65, 98, 19, 8, 42, 88, 89, 82, 44, 65, 98, 19, 8]",[],"{""accepted_indices"": [0, 1, 2, 3, 4, 5, 6, 7, 8, 9, 1, 2, 3, 4, 5, 6, 7, 8, 9], ""eps1"": 10, ""distance_median"": 0.7756266713547095}"
450,rflbat,rflbat_cluster_filter,"[42, 89, 82, 44, 65, 98, 19, 8, 42, 89, 82, 44, 65, 98, 19, 8]","[1, 88]","{""accepted_indices"": [1, 3, 4, 5, 6, 7, 8, 9, 1, 3, 4, 5, 6, 7, 8, 9], ""num_clusters"": 3, ""cluster_scores"": [0.13136414791480117, 1, 1.0000000000016271]}"
450,rflbat,rflbat_final_distance_filter,"[42, 89, 82, 44, 65, 98, 19, 8]","[1, 88]","{""accepted_indices"": [1, 3, 4, 5, 6, 7, 8, 9, 1, 3, 4, 5, 6, 7, 8, 9], ""eps2"": 6, ""distance_median"": 0.3478827141466905}"
451,rflbat,rflbat_first_distance_filter,"[0, 95, 87, 59, 51, 41, 84, 68, 54, 73, 95, 87, 59, 51, 41, 84, 68, 54, 73]",[],"{""accepted_indices"": [0, 1, 2, 3, 4, 5, 6, 7, 8, 9, 1, 2, 3, 4, 5, 6, 7, 8, 9], ""eps1"": 10, ""distance_median"": 0.5040779983890498}"
451,rflbat,rflbat_cluster_filter,"[0, 95, 87, 59, 51, 41, 84, 68, 54, 73, 95, 87, 59, 51, 41, 84, 68, 54, 73]",[],"{""accepted_indices"": [0, 1, 2, 3, 4, 5, 6, 7, 8, 9, 1, 2, 3, 4, 5, 6, 7, 8, 9], ""num_clusters"": 1, ""cluster_scores"": [0.12039125819997508]}"
451,rflbat,rflbat_final_distance_filter,"[95, 87, 59, 51, 41, 84, 68, 54, 73]",[0],"{""accepted_indices"": [1, 2, 3, 4, 5, 6, 7, 8, 9, 1, 2, 3, 4, 5, 6, 7, 8, 9], ""eps2"": 6, ""distance_median"": 0.7371097345757635}"
452,rflbat,rflbat_first_distance_filter,"[3, 30, 34, 79, 14, 78, 91, 13, 99, 39, 30, 34, 79, 14, 78, 91, 13, 99, 39]",[],"{""accepted_indices"": [0, 1, 2, 3, 4, 5, 6, 7, 8, 9, 1, 2, 3, 4, 5, 6, 7, 8, 9], ""eps1"": 10, ""distance_median"": 0.4045827713955601}"
452,rflbat,rflbat_cluster_filter,"[3, 30, 34, 79, 14, 78, 91, 13, 99, 39, 30, 34, 79, 14, 78, 91, 13, 99, 39]",[],"{""accepted_indices"": [0, 1, 2, 3, 4, 5, 6, 7, 8, 9, 1, 2, 3, 4, 5, 6, 7, 8, 9], ""num_clusters"": 1, ""cluster_scores"": [0.10503405388882184]}"
452,rflbat,rflbat_final_distance_filter,"[3, 30, 34, 79, 14, 78, 91, 13, 99, 39]",[],"{""accepted_indices"": [0, 1, 2, 3, 4, 5, 6, 7, 8, 9, 1, 2, 3, 4, 5, 6, 7, 8, 9], ""eps2"": 6, ""distance_median"": 0.7690000074078392}"
453,rflbat,rflbat_first_distance_filter,"[3, 64, 2, 52, 47, 65, 34, 38, 98, 9, 64, 2, 52, 47, 65, 34, 38, 98, 9]",[],"{""accepted_indices"": [0, 1, 2, 3, 4, 5, 6, 7, 8, 9, 1, 2, 3, 4, 5, 6, 7, 8, 9], ""eps1"": 10, ""distance_median"": 0.5036284976809151}"
453,rflbat,rflbat_cluster_filter,"[3, 64, 2, 52, 47, 65, 34, 38, 98, 9, 64, 2, 52, 47, 65, 34, 38, 98, 9]",[],"{""accepted_indices"": [0, 1, 2, 3, 4, 5, 6, 7, 8, 9, 1, 2, 3, 4, 5, 6, 7, 8, 9], ""num_clusters"": 1, ""cluster_scores"": [0.11874976364636727]}"
453,rflbat,rflbat_final_distance_filter,"[3, 64, 2, 52, 47, 65, 34, 38, 98, 9]",[],"{""accepted_indices"": [0, 1, 2, 3, 4, 5, 6, 7, 8, 9, 1, 2, 3, 4, 5, 6, 7, 8, 9], ""eps2"": 6, ""distance_median"": 0.9991175077932681}"
454,rflbat,rflbat_first_distance_filter,"[3, 83, 9, 75, 41, 62, 36, 61, 70, 22, 83, 9, 75, 41, 62, 36, 61, 70, 22]",[],"{""accepted_indices"": [0, 1, 2, 3, 4, 5, 6, 7, 8, 9, 1, 2, 3, 4, 5, 6, 7, 8, 9], ""eps1"": 10, ""distance_median"": 0.3827731070911985}"
454,rflbat,rflbat_cluster_filter,"[3, 83, 9, 75, 41, 62, 36, 61, 70, 22, 83, 9, 75, 41, 62, 36, 61, 70, 22]",[],"{""accepted_indices"": [0, 1, 2, 3, 4, 5, 6, 7, 8, 9, 1, 2, 3, 4, 5, 6, 7, 8, 9], ""num_clusters"": 1, ""cluster_scores"": [0.11034495917284955]}"
454,rflbat,rflbat_final_distance_filter,"[3, 83, 9, 75, 41, 62, 36, 61, 70, 22]",[],"{""accepted_indices"": [0, 1, 2, 3, 4, 5, 6, 7, 8, 9, 1, 2, 3, 4, 5, 6, 7, 8, 9], ""eps2"": 6, ""distance_median"": 0.7669152059032354}"
455,rflbat,rflbat_first_distance_filter,"[1, 15, 60, 14, 10, 80, 84, 88, 38, 45, 15, 60, 14, 10, 80, 84, 88, 38, 45]",[],"{""accepted_indices"": [0, 1, 2, 3, 4, 5, 6, 7, 8, 9, 1, 2, 3, 4, 5, 6, 7, 8, 9], ""eps1"": 10, ""distance_median"": 0.7730119512347986}"
455,rflbat,rflbat_cluster_filter,"[1, 15, 60, 14, 10, 80, 84, 88, 38, 45, 15, 60, 14, 10, 80, 84, 88, 38, 45]",[],"{""accepted_indices"": [0, 1, 2, 3, 4, 5, 6, 7, 8, 9, 1, 2, 3, 4, 5, 6, 7, 8, 9], ""num_clusters"": 1, ""cluster_scores"": [0.10313732719548811]}"
455,rflbat,rflbat_final_distance_filter,"[15, 60, 14, 10, 80, 84, 88, 38, 45]",[1],"{""accepted_indices"": [1, 2, 3, 4, 5, 6, 7, 8, 9, 1, 2, 3, 4, 5, 6, 7, 8, 9], ""eps2"": 6, ""distance_median"": 0.9569410726642027}"
456,rflbat,rflbat_first_distance_filter,"[3, 86, 75, 42, 6, 44, 11, 57, 22, 58, 86, 75, 42, 6, 44, 11, 57, 22, 58]",[],"{""accepted_indices"": [0, 1, 2, 3, 4, 5, 6, 7, 8, 9, 1, 2, 3, 4, 5, 6, 7, 8, 9], ""eps1"": 10, ""distance_median"": 0.3738428496747497}"
456,rflbat,rflbat_cluster_filter,"[3, 86, 75, 42, 6, 44, 11, 57, 22, 58, 86, 75, 42, 6, 44, 11, 57, 22, 58]",[],"{""accepted_indices"": [0, 1, 2, 3, 4, 5, 6, 7, 8, 9, 1, 2, 3, 4, 5, 6, 7, 8, 9], ""num_clusters"": 1, ""cluster_scores"": [0.1001704862070663]}"
456,rflbat,rflbat_final_distance_filter,"[3, 86, 75, 42, 6, 44, 11, 57, 22, 58]",[],"{""accepted_indices"": [0, 1, 2, 3, 4, 5, 6, 7, 8, 9, 1, 2, 3, 4, 5, 6, 7, 8, 9], ""eps2"": 6, ""distance_median"": 0.7428801438694874}"
457,rflbat,rflbat_first_distance_filter,"[4, 6, 96, 90, 95, 9, 85, 58, 28, 5, 6, 96, 90, 95, 9, 85, 58, 28, 5]",[],"{""accepted_indices"": [0, 1, 2, 3, 4, 5, 6, 7, 8, 9, 1, 2, 3, 4, 5, 6, 7, 8, 9], ""eps1"": 10, ""distance_median"": 0.5211923271549496}"
457,rflbat,rflbat_cluster_filter,"[4, 6, 90, 95, 9, 85, 58, 28, 5, 6, 90, 95, 9, 85, 58, 28, 5]",[96],"{""accepted_indices"": [0, 1, 3, 4, 5, 6, 7, 8, 9, 1, 3, 4, 5, 6, 7, 8, 9], ""num_clusters"": 2, ""cluster_scores"": [0.12930849384777482, 1.000000000003029]}"
457,rflbat,rflbat_final_distance_filter,"[6, 90, 95, 9, 85, 58, 28, 5]","[4, 96]","{""accepted_indices"": [1, 3, 4, 5, 6, 7, 8, 9, 1, 3, 4, 5, 6, 7, 8, 9], ""eps2"": 6, ""distance_median"": 0.5628627223521755}"
458,rflbat,rflbat_first_distance_filter,"[2, 69, 50, 7, 33, 6, 63, 90, 70, 92, 69, 50, 7, 33, 6, 63, 90, 70, 92]",[],"{""accepted_indices"": [0, 1, 2, 3, 4, 5, 6, 7, 8, 9, 1, 2, 3, 4, 5, 6, 7, 8, 9], ""eps1"": 10, ""distance_median"": 0.5911447091784097}"
458,rflbat,rflbat_cluster_filter,"[2, 69, 50, 7, 33, 6, 63, 90, 70, 92, 69, 50, 7, 33, 6, 63, 90, 70, 92]",[],"{""accepted_indices"": [0, 1, 2, 3, 4, 5, 6, 7, 8, 9, 1, 2, 3, 4, 5, 6, 7, 8, 9], ""num_clusters"": 1, ""cluster_scores"": [0.1011261086624254]}"
458,rflbat,rflbat_final_distance_filter,"[2, 69, 50, 7, 33, 6, 63, 90, 70, 92]",[],"{""accepted_indices"": [0, 1, 2, 3, 4, 5, 6, 7, 8, 9, 1, 2, 3, 4, 5, 6, 7, 8, 9], ""eps2"": 6, ""distance_median"": 0.9009055634430057}"
459,rflbat,rflbat_first_distance_filter,"[1, 9, 34, 64, 98, 51, 28, 7, 89, 99, 9, 34, 64, 98, 51, 28, 7, 89, 99]",[],"{""accepted_indices"": [0, 1, 2, 3, 4, 5, 6, 7, 8, 9, 1, 2, 3, 4, 5, 6, 7, 8, 9], ""eps1"": 10, ""distance_median"": 0.7502454616488532}"
459,rflbat,rflbat_cluster_filter,"[1, 9, 34, 64, 98, 51, 28, 7, 89, 99, 9, 34, 64, 98, 51, 28, 7, 89, 99]",[],"{""accepted_indices"": [0, 1, 2, 3, 4, 5, 6, 7, 8, 9, 1, 2, 3, 4, 5, 6, 7, 8, 9], ""num_clusters"": 1, ""cluster_scores"": [0.12021826128180191]}"
459,rflbat,rflbat_final_distance_filter,"[9, 34, 64, 98, 51, 28, 7, 89, 99]",[1],"{""accepted_indices"": [1, 2, 3, 4, 5, 6, 7, 8, 9, 1, 2, 3, 4, 5, 6, 7, 8, 9], ""eps2"": 6, ""distance_median"": 0.9630071405810566}"
460,rflbat,rflbat_first_distance_filter,"[4, 75, 11, 62, 88, 69, 41, 83, 42, 76, 75, 11, 62, 88, 69, 41, 83, 42, 76]",[],"{""accepted_indices"": [0, 1, 2, 3, 4, 5, 6, 7, 8, 9, 1, 2, 3, 4, 5, 6, 7, 8, 9], ""eps1"": 10, ""distance_median"": 0.5613794961264993}"
460,rflbat,rflbat_cluster_filter,"[4, 75, 11, 62, 88, 69, 41, 83, 42, 76, 75, 11, 62, 88, 69, 41, 83, 42, 76]",[],"{""accepted_indices"": [0, 1, 2, 3, 4, 5, 6, 7, 8, 9, 1, 2, 3, 4, 5, 6, 7, 8, 9], ""num_clusters"": 1, ""cluster_scores"": [0.1124650316367629]}"
460,rflbat,rflbat_final_distance_filter,"[4, 75, 11, 62, 88, 69, 41, 83, 42, 76]",[],"{""accepted_indices"": [0, 1, 2, 3, 4, 5, 6, 7, 8, 9, 1, 2, 3, 4, 5, 6, 7, 8, 9], ""eps2"": 6, ""distance_median"": 0.8191809127511973}"
461,rflbat,rflbat_first_distance_filter,"[4, 96, 83, 52, 32, 38, 40, 70, 84, 19, 96, 83, 52, 32, 38, 40, 70, 84, 19]",[],"{""accepted_indices"": [0, 1, 2, 3, 4, 5, 6, 7, 8, 9, 1, 2, 3, 4, 5, 6, 7, 8, 9], ""eps1"": 10, ""distance_median"": 0.4191764164552634}"
461,rflbat,rflbat_cluster_filter,"[4, 96, 83, 52, 32, 38, 40, 70, 84, 19, 96, 83, 52, 32, 38, 40, 70, 84, 19]",[],"{""accepted_indices"": [0, 1, 2, 3, 4, 5, 6, 7, 8, 9, 1, 2, 3, 4, 5, 6, 7, 8, 9], ""num_clusters"": 1, ""cluster_scores"": [0.11518318905975451]}"
461,rflbat,rflbat_final_distance_filter,"[4, 96, 83, 52, 32, 38, 40, 70, 84, 19]",[],"{""accepted_indices"": [0, 1, 2, 3, 4, 5, 6, 7, 8, 9, 1, 2, 3, 4, 5, 6, 7, 8, 9], ""eps2"": 6, ""distance_median"": 0.6261218000884612}"
462,rflbat,rflbat_first_distance_filter,"[1, 72, 63, 52, 32, 17, 36, 60, 48, 51, 72, 63, 52, 32, 17, 36, 60, 48, 51]",[],"{""accepted_indices"": [0, 1, 2, 3, 4, 5, 6, 7, 8, 9, 1, 2, 3, 4, 5, 6, 7, 8, 9], ""eps1"": 10, ""distance_median"": 0.7368347642511752}"
462,rflbat,rflbat_cluster_filter,"[1, 72, 63, 52, 32, 17, 36, 60, 48, 51, 72, 63, 52, 32, 17, 36, 60, 48, 51]",[],"{""accepted_indices"": [0, 1, 2, 3, 4, 5, 6, 7, 8, 9, 1, 2, 3, 4, 5, 6, 7, 8, 9], ""num_clusters"": 1, ""cluster_scores"": [0.1116433892660899]}"
462,rflbat,rflbat_final_distance_filter,"[72, 63, 52, 32, 17, 36, 60, 48, 51]",[1],"{""accepted_indices"": [1, 2, 3, 4, 5, 6, 7, 8, 9, 1, 2, 3, 4, 5, 6, 7, 8, 9], ""eps2"": 6, ""distance_median"": 0.9157061363035464}"
463,rflbat,rflbat_first_distance_filter,"[0, 15, 88, 35, 82, 93, 32, 62, 99, 33, 15, 88, 35, 82, 93, 32, 62, 99, 33]",[],"{""accepted_indices"": [0, 1, 2, 3, 4, 5, 6, 7, 8, 9, 1, 2, 3, 4, 5, 6, 7, 8, 9], ""eps1"": 10, ""distance_median"": 0.6568863055901822}"
463,rflbat,rflbat_cluster_filter,"[0, 15, 88, 35, 82, 93, 32, 62, 99, 33, 15, 88, 35, 82, 93, 32, 62, 99, 33]",[],"{""accepted_indices"": [0, 1, 2, 3, 4, 5, 6, 7, 8, 9, 1, 2, 3, 4, 5, 6, 7, 8, 9], ""num_clusters"": 1, ""cluster_scores"": [0.10145107914602883]}"
463,rflbat,rflbat_final_distance_filter,"[0, 15, 88, 35, 82, 93, 32, 62, 99, 33]",[],"{""accepted_indices"": [0, 1, 2, 3, 4, 5, 6, 7, 8, 9, 1, 2, 3, 4, 5, 6, 7, 8, 9], ""eps2"": 6, ""distance_median"": 1.1473894286957762}"
464,rflbat,rflbat_first_distance_filter,"[1, 82, 11, 15, 60, 98, 42, 93, 92, 22, 82, 11, 15, 60, 98, 42, 93, 92, 22]",[],"{""accepted_indices"": [0, 1, 2, 3, 4, 5, 6, 7, 8, 9, 1, 2, 3, 4, 5, 6, 7, 8, 9], ""eps1"": 10, ""distance_median"": 1.0766274072321314}"
464,rflbat,rflbat_cluster_filter,"[82, 11, 15, 60, 98, 42, 93, 22, 82, 11, 15, 60, 98, 42, 93, 22]","[1, 92]","{""accepted_indices"": [1, 2, 3, 4, 5, 6, 7, 9, 1, 2, 3, 4, 5, 6, 7, 9], ""num_clusters"": 3, ""cluster_scores"": [0.13104245497948136, 1, 1.0000000000015627]}"
464,rflbat,rflbat_final_distance_filter,"[82, 11, 15, 60, 98, 42, 93, 22]","[1, 92]","{""accepted_indices"": [1, 2, 3, 4, 5, 6, 7, 9, 1, 2, 3, 4, 5, 6, 7, 9], ""eps2"": 6, ""distance_median"": 0.07808933104853513}"
465,rflbat,rflbat_first_distance_filter,"[0, 10, 85, 75, 77, 55, 72, 68, 58, 52, 10, 85, 75, 77, 55, 72, 68, 58, 52]",[],"{""accepted_indices"": [0, 1, 2, 3, 4, 5, 6, 7, 8, 9, 1, 2, 3, 4, 5, 6, 7, 8, 9], ""eps1"": 10, ""distance_median"": 0.5761191711198288}"
465,rflbat,rflbat_cluster_filter,"[0, 10, 85, 75, 77, 55, 72, 68, 58, 52, 10, 85, 75, 77, 55, 72, 68, 58, 52]",[],"{""accepted_indices"": [0, 1, 2, 3, 4, 5, 6, 7, 8, 9, 1, 2, 3, 4, 5, 6, 7, 8, 9], ""num_clusters"": 1, ""cluster_scores"": [0.11687060884917742]}"
465,rflbat,rflbat_final_distance_filter,"[0, 10, 85, 75, 77, 55, 72, 68, 58, 52]",[],"{""accepted_indices"": [0, 1, 2, 3, 4, 5, 6, 7, 8, 9, 1, 2, 3, 4, 5, 6, 7, 8, 9], ""eps2"": 6, ""distance_median"": 0.9326966416097188}"
466,rflbat,rflbat_first_distance_filter,"[0, 92, 32, 41, 67, 47, 21, 91, 33, 98, 92, 32, 41, 67, 47, 21, 91, 33, 98]",[],"{""accepted_indices"": [0, 1, 2, 3, 4, 5, 6, 7, 8, 9, 1, 2, 3, 4, 5, 6, 7, 8, 9], ""eps1"": 10, ""distance_median"": 0.5295551895652673}"
466,rflbat,rflbat_cluster_filter,"[0, 92, 32, 41, 67, 47, 21, 91, 33, 98, 92, 32, 41, 67, 47, 21, 91, 33, 98]",[],"{""accepted_indices"": [0, 1, 2, 3, 4, 5, 6, 7, 8, 9, 1, 2, 3, 4, 5, 6, 7, 8, 9], ""num_clusters"": 1, ""cluster_scores"": [0.11722969163527913]}"
466,rflbat,rflbat_final_distance_filter,"[0, 92, 32, 41, 67, 47, 21, 91, 33, 98]",[],"{""accepted_indices"": [0, 1, 2, 3, 4, 5, 6, 7, 8, 9, 1, 2, 3, 4, 5, 6, 7, 8, 9], ""eps2"": 6, ""distance_median"": 0.8616374421938522}"
467,rflbat,rflbat_first_distance_filter,"[4, 5, 99, 85, 35, 64, 62, 67, 83, 79, 5, 99, 85, 35, 64, 62, 67, 83, 79]",[],"{""accepted_indices"": [0, 1, 2, 3, 4, 5, 6, 7, 8, 9, 1, 2, 3, 4, 5, 6, 7, 8, 9], ""eps1"": 10, ""distance_median"": 0.5810083187493942}"
467,rflbat,rflbat_cluster_filter,"[4, 5, 99, 85, 35, 64, 62, 67, 83, 79, 5, 99, 85, 35, 64, 62, 67, 83, 79]",[],"{""accepted_indices"": [0, 1, 2, 3, 4, 5, 6, 7, 8, 9, 1, 2, 3, 4, 5, 6, 7, 8, 9], ""num_clusters"": 1, ""cluster_scores"": [0.10738272543722346]}"
467,rflbat,rflbat_final_distance_filter,"[5, 99, 85, 35, 64, 62, 67, 83, 79]",[4],"{""accepted_indices"": [1, 2, 3, 4, 5, 6, 7, 8, 9, 1, 2, 3, 4, 5, 6, 7, 8, 9], ""eps2"": 6, ""distance_median"": 0.8549610589600265}"
468,rflbat,rflbat_first_distance_filter,"[1, 12, 8, 55, 74, 97, 3, 18, 96, 76, 12, 8, 55, 74, 97, 3, 18, 96, 76]",[],"{""accepted_indices"": [0, 1, 2, 3, 4, 5, 6, 7, 8, 9, 1, 2, 3, 4, 5, 6, 7, 8, 9], ""eps1"": 10, ""distance_median"": 0.8989164604261091}"
468,rflbat,rflbat_cluster_filter,"[12, 8, 55, 74, 97, 3, 18, 96, 76, 12, 8, 55, 74, 97, 3, 18, 96, 76]",[1],"{""accepted_indices"": [1, 2, 3, 4, 5, 6, 7, 8, 9, 1, 2, 3, 4, 5, 6, 7, 8, 9], ""num_clusters"": 2, ""cluster_scores"": [0.13202302760158252, 1]}"
468,rflbat,rflbat_final_distance_filter,"[12, 8, 55, 74, 97, 3, 18, 96, 76]",[1],"{""accepted_indices"": [1, 2, 3, 4, 5, 6, 7, 8, 9, 1, 2, 3, 4, 5, 6, 7, 8, 9], ""eps2"": 6, ""distance_median"": 0.651535396268735}"
469,rflbat,rflbat_first_distance_filter,"[3, 61, 68, 2, 31, 92, 21, 38, 28, 37, 61, 68, 2, 31, 92, 21, 38, 28, 37]",[],"{""accepted_indices"": [0, 1, 2, 3, 4, 5, 6, 7, 8, 9, 1, 2, 3, 4, 5, 6, 7, 8, 9], ""eps1"": 10, ""distance_median"": 0.6197151556359315}"
469,rflbat,rflbat_cluster_filter,"[3, 61, 68, 2, 31, 92, 21, 38, 28, 37, 61, 68, 2, 31, 92, 21, 38, 28, 37]",[],"{""accepted_indices"": [0, 1, 2, 3, 4, 5, 6, 7, 8, 9, 1, 2, 3, 4, 5, 6, 7, 8, 9], ""num_clusters"": 1, ""cluster_scores"": [0.11067491669477719]}"
469,rflbat,rflbat_final_distance_filter,"[3, 61, 68, 2, 31, 92, 21, 38, 28, 37]",[],"{""accepted_indices"": [0, 1, 2, 3, 4, 5, 6, 7, 8, 9, 1, 2, 3, 4, 5, 6, 7, 8, 9], ""eps2"": 6, ""distance_median"": 1.2342201961826178}"
470,rflbat,rflbat_first_distance_filter,"[2, 69, 45, 96, 84, 27, 19, 43, 53, 42, 69, 45, 96, 84, 27, 19, 43, 53, 42]",[],"{""accepted_indices"": [0, 1, 2, 3, 4, 5, 6, 7, 8, 9, 1, 2, 3, 4, 5, 6, 7, 8, 9], ""eps1"": 10, ""distance_median"": 0.4095735123730486}"
470,rflbat,rflbat_cluster_filter,"[2, 69, 45, 96, 84, 27, 19, 43, 53, 42, 69, 45, 96, 84, 27, 19, 43, 53, 42]",[],"{""accepted_indices"": [0, 1, 2, 3, 4, 5, 6, 7, 8, 9, 1, 2, 3, 4, 5, 6, 7, 8, 9], ""num_clusters"": 1, ""cluster_scores"": [0.11826783814858244]}"
470,rflbat,rflbat_final_distance_filter,"[69, 45, 96, 84, 27, 19, 43, 53, 42]",[2],"{""accepted_indices"": [1, 2, 3, 4, 5, 6, 7, 8, 9, 1, 2, 3, 4, 5, 6, 7, 8, 9], ""eps2"": 6, ""distance_median"": 0.6089386076545134}"
471,rflbat,rflbat_first_distance_filter,"[4, 77, 25, 9, 7, 92, 6, 82, 74, 56, 77, 25, 9, 7, 92, 6, 82, 74, 56]",[],"{""accepted_indices"": [0, 1, 2, 3, 4, 5, 6, 7, 8, 9, 1, 2, 3, 4, 5, 6, 7, 8, 9], ""eps1"": 10, ""distance_median"": 0.5614911352105971}"
471,rflbat,rflbat_cluster_filter,"[4, 77, 25, 9, 7, 92, 6, 82, 74, 56, 77, 25, 9, 7, 92, 6, 82, 74, 56]",[],"{""accepted_indices"": [0, 1, 2, 3, 4, 5, 6, 7, 8, 9, 1, 2, 3, 4, 5, 6, 7, 8, 9], ""num_clusters"": 1, ""cluster_scores"": [0.09975066818911016]}"
471,rflbat,rflbat_final_distance_filter,"[77, 25, 9, 7, 92, 6, 82, 74, 56]",[4],"{""accepted_indices"": [1, 2, 3, 4, 5, 6, 7, 8, 9, 1, 2, 3, 4, 5, 6, 7, 8, 9], ""eps2"": 6, ""distance_median"": 0.7867051590738182}"
472,rflbat,rflbat_first_distance_filter,"[4, 26, 44, 84, 18, 66, 57, 95, 25, 82, 26, 44, 84, 18, 66, 57, 95, 25, 82]",[],"{""accepted_indices"": [0, 1, 2, 3, 4, 5, 6, 7, 8, 9, 1, 2, 3, 4, 5, 6, 7, 8, 9], ""eps1"": 10, ""distance_median"": 0.860437124691559}"
472,rflbat,rflbat_cluster_filter,"[4, 26, 44, 84, 18, 66, 57, 95, 25, 82, 26, 44, 84, 18, 66, 57, 95, 25, 82]",[],"{""accepted_indices"": [0, 1, 2, 3, 4, 5, 6, 7, 8, 9, 1, 2, 3, 4, 5, 6, 7, 8, 9], ""num_clusters"": 1, ""cluster_scores"": [0.10889555543694653]}"
472,rflbat,rflbat_final_distance_filter,"[26, 44, 84, 18, 66, 57, 95, 25, 82]",[4],"{""accepted_indices"": [1, 2, 3, 4, 5, 6, 7, 8, 9, 1, 2, 3, 4, 5, 6, 7, 8, 9], ""eps2"": 6, ""distance_median"": 1.2545829191931979}"
473,rflbat,rflbat_first_distance_filter,"[0, 85, 4, 30, 49, 76, 82, 33, 42, 90, 85, 4, 30, 49, 76, 82, 33, 42, 90]",[],"{""accepted_indices"": [0, 1, 2, 3, 4, 5, 6, 7, 8, 9, 1, 2, 3, 4, 5, 6, 7, 8, 9], ""eps1"": 10, ""distance_median"": 0.691362136838214}"
473,rflbat,rflbat_cluster_filter,"[0, 85, 4, 30, 49, 76, 82, 33, 42, 90, 85, 4, 30, 49, 76, 82, 33, 42, 90]",[],"{""accepted_indices"": [0, 1, 2, 3, 4, 5, 6, 7, 8, 9, 1, 2, 3, 4, 5, 6, 7, 8, 9], ""num_clusters"": 1, ""cluster_scores"": [0.11186715238820692]}"
473,rflbat,rflbat_final_distance_filter,"[0, 85, 4, 30, 49, 76, 82, 33, 42, 90]",[],"{""accepted_indices"": [0, 1, 2, 3, 4, 5, 6, 7, 8, 9, 1, 2, 3, 4, 5, 6, 7, 8, 9], ""eps2"": 6, ""distance_median"": 1.3055910228136776}"
474,rflbat,rflbat_first_distance_filter,"[1, 26, 20, 95, 46, 72, 23, 96, 37, 91, 26, 20, 95, 46, 72, 23, 96, 37, 91]",[],"{""accepted_indices"": [0, 1, 2, 3, 4, 5, 6, 7, 8, 9, 1, 2, 3, 4, 5, 6, 7, 8, 9], ""eps1"": 10, ""distance_median"": 1.1001333548881163}"
474,rflbat,rflbat_cluster_filter,"[1, 26, 20, 95, 46, 72, 23, 96, 37, 91, 26, 20, 95, 46, 72, 23, 96, 37, 91]",[],"{""accepted_indices"": [0, 1, 2, 3, 4, 5, 6, 7, 8, 9, 1, 2, 3, 4, 5, 6, 7, 8, 9], ""num_clusters"": 1, ""cluster_scores"": [0.12744904500373747]}"
474,rflbat,rflbat_final_distance_filter,"[26, 20, 95, 46, 72, 23, 96, 37, 91]",[1],"{""accepted_indices"": [1, 2, 3, 4, 5, 6, 7, 8, 9, 1, 2, 3, 4, 5, 6, 7, 8, 9], ""eps2"": 6, ""distance_median"": 1.4175045133508974}"
475,rflbat,rflbat_first_distance_filter,"[0, 31, 1, 59, 22, 95, 89, 88, 69, 97, 31, 1, 59, 22, 95, 89, 88, 69, 97]",[],"{""accepted_indices"": [0, 1, 2, 3, 4, 5, 6, 7, 8, 9, 1, 2, 3, 4, 5, 6, 7, 8, 9], ""eps1"": 10, ""distance_median"": 0.9406465203528515}"
475,rflbat,rflbat_cluster_filter,"[0, 31, 1, 59, 22, 95, 89, 88, 69, 97, 31, 1, 59, 22, 95, 89, 88, 69, 97]",[],"{""accepted_indices"": [0, 1, 2, 3, 4, 5, 6, 7, 8, 9, 1, 2, 3, 4, 5, 6, 7, 8, 9], ""num_clusters"": 1, ""cluster_scores"": [0.12276027300922047]}"
475,rflbat,rflbat_final_distance_filter,"[0, 31, 59, 22, 95, 89, 88, 69, 97]",[1],"{""accepted_indices"": [0, 1, 3, 4, 5, 6, 7, 8, 9, 1, 3, 4, 5, 6, 7, 8, 9], ""eps2"": 6, ""distance_median"": 1.6678905047082595}"
476,rflbat,rflbat_first_distance_filter,"[4, 73, 11, 63, 24, 25, 54, 35, 39, 65, 73, 11, 63, 24, 25, 54, 35, 39, 65]",[],"{""accepted_indices"": [0, 1, 2, 3, 4, 5, 6, 7, 8, 9, 1, 2, 3, 4, 5, 6, 7, 8, 9], ""eps1"": 10, ""distance_median"": 0.5496226892285113}"
476,rflbat,rflbat_cluster_filter,"[4, 73, 11, 63, 24, 25, 54, 35, 39, 65, 73, 11, 63, 24, 25, 54, 35, 39, 65]",[],"{""accepted_indices"": [0, 1, 2, 3, 4, 5, 6, 7, 8, 9, 1, 2, 3, 4, 5, 6, 7, 8, 9], ""num_clusters"": 1, ""cluster_scores"": [0.11093382218118676]}"
476,rflbat,rflbat_final_distance_filter,"[73, 11, 63, 24, 25, 54, 35, 39, 65]",[4],"{""accepted_indices"": [1, 2, 3, 4, 5, 6, 7, 8, 9, 1, 2, 3, 4, 5, 6, 7, 8, 9], ""eps2"": 6, ""distance_median"": 0.8234367850632718}"
477,rflbat,rflbat_first_distance_filter,"[4, 82, 96, 71, 60, 62, 85, 48, 13, 79, 82, 96, 71, 60, 62, 85, 48, 13, 79]",[],"{""accepted_indices"": [0, 1, 2, 3, 4, 5, 6, 7, 8, 9, 1, 2, 3, 4, 5, 6, 7, 8, 9], ""eps1"": 10, ""distance_median"": 0.613131821945577}"
477,rflbat,rflbat_cluster_filter,"[4, 82, 96, 71, 60, 62, 85, 48, 13, 79, 82, 96, 71, 60, 62, 85, 48, 13, 79]",[],"{""accepted_indices"": [0, 1, 2, 3, 4, 5, 6, 7, 8, 9, 1, 2, 3, 4, 5, 6, 7, 8, 9], ""num_clusters"": 1, ""cluster_scores"": [0.11085624887667267]}"
477,rflbat,rflbat_final_distance_filter,"[4, 82, 96, 71, 60, 62, 85, 48, 13, 79]",[],"{""accepted_indices"": [0, 1, 2, 3, 4, 5, 6, 7, 8, 9, 1, 2, 3, 4, 5, 6, 7, 8, 9], ""eps2"": 6, ""distance_median"": 0.9247015936493227}"
478,rflbat,rflbat_first_distance_filter,"[1, 24, 26, 18, 42, 5, 6, 59, 10, 16, 24, 26, 18, 42, 5, 6, 59, 10, 16]",[],"{""accepted_indices"": [0, 1, 2, 3, 4, 5, 6, 7, 8, 9, 1, 2, 3, 4, 5, 6, 7, 8, 9], ""eps1"": 10, ""distance_median"": 1.0000192408828465}"
478,rflbat,rflbat_cluster_filter,"[1, 24, 26, 18, 42, 5, 6, 59, 10, 16, 24, 26, 18, 42, 5, 6, 59, 10, 16]",[],"{""accepted_indices"": [0, 1, 2, 3, 4, 5, 6, 7, 8, 9, 1, 2, 3, 4, 5, 6, 7, 8, 9], ""num_clusters"": 1, ""cluster_scores"": [0.10658873301999827]}"
478,rflbat,rflbat_final_distance_filter,"[24, 26, 18, 42, 5, 6, 59, 10, 16]",[1],"{""accepted_indices"": [1, 2, 3, 4, 5, 6, 7, 8, 9, 1, 2, 3, 4, 5, 6, 7, 8, 9], ""eps2"": 6, ""distance_median"": 1.3018425609860704}"
479,rflbat,rflbat_first_distance_filter,"[1, 23, 98, 7, 18, 82, 63, 68, 73, 95, 23, 98, 7, 18, 82, 63, 68, 73, 95]",[],"{""accepted_indices"": [0, 1, 2, 3, 4, 5, 6, 7, 8, 9, 1, 2, 3, 4, 5, 6, 7, 8, 9], ""eps1"": 10, ""distance_median"": 1.0176052117313663}"
479,rflbat,rflbat_cluster_filter,"[1, 23, 98, 7, 18, 82, 63, 68, 73, 95, 23, 98, 7, 18, 82, 63, 68, 73, 95]",[],"{""accepted_indices"": [0, 1, 2, 3, 4, 5, 6, 7, 8, 9, 1, 2, 3, 4, 5, 6, 7, 8, 9], ""num_clusters"": 1, ""cluster_scores"": [0.10328682000703845]}"
479,rflbat,rflbat_final_distance_filter,"[23, 98, 7, 18, 82, 63, 68, 73, 95]",[1],"{""accepted_indices"": [1, 2, 3, 4, 5, 6, 7, 8, 9, 1, 2, 3, 4, 5, 6, 7, 8, 9], ""eps2"": 6, ""distance_median"": 1.4188657703370502}"
480,rflbat,rflbat_first_distance_filter,"[3, 82, 51, 98, 48, 79, 36, 15, 2, 37, 82, 51, 98, 48, 79, 36, 15, 2, 37]",[],"{""accepted_indices"": [0, 1, 2, 3, 4, 5, 6, 7, 8, 9, 1, 2, 3, 4, 5, 6, 7, 8, 9], ""eps1"": 10, ""distance_median"": 0.5161684553219952}"
480,rflbat,rflbat_cluster_filter,"[3, 82, 51, 98, 48, 79, 36, 15, 2, 37, 82, 51, 98, 48, 79, 36, 15, 2, 37]",[],"{""accepted_indices"": [0, 1, 2, 3, 4, 5, 6, 7, 8, 9, 1, 2, 3, 4, 5, 6, 7, 8, 9], ""num_clusters"": 1, ""cluster_scores"": [0.10313607753749002]}"
480,rflbat,rflbat_final_distance_filter,"[3, 82, 51, 98, 48, 79, 36, 15, 2, 37]",[],"{""accepted_indices"": [0, 1, 2, 3, 4, 5, 6, 7, 8, 9, 1, 2, 3, 4, 5, 6, 7, 8, 9], ""eps2"": 6, ""distance_median"": 0.9889279460430636}"
481,rflbat,rflbat_first_distance_filter,"[1, 55, 59, 15, 73, 0, 80, 58, 74, 87, 55, 59, 15, 73, 0, 80, 58, 74, 87]",[],"{""accepted_indices"": [0, 1, 2, 3, 4, 5, 6, 7, 8, 9, 1, 2, 3, 4, 5, 6, 7, 8, 9], ""eps1"": 10, ""distance_median"": 0.9044789157702076}"
481,rflbat,rflbat_cluster_filter,"[1, 55, 59, 15, 73, 0, 80, 58, 74, 87, 55, 59, 15, 73, 0, 80, 58, 74, 87]",[],"{""accepted_indices"": [0, 1, 2, 3, 4, 5, 6, 7, 8, 9, 1, 2, 3, 4, 5, 6, 7, 8, 9], ""num_clusters"": 1, ""cluster_scores"": [0.10992060593385208]}"
481,rflbat,rflbat_final_distance_filter,"[55, 59, 15, 73, 0, 80, 58, 74, 87]",[1],"{""accepted_indices"": [1, 2, 3, 4, 5, 6, 7, 8, 9, 1, 2, 3, 4, 5, 6, 7, 8, 9], ""eps2"": 6, ""distance_median"": 1.174773233035144}"
482,rflbat,rflbat_first_distance_filter,"[2, 96, 69, 1, 75, 77, 72, 34, 9, 15, 96, 69, 1, 75, 77, 72, 34, 9, 15]",[],"{""accepted_indices"": [0, 1, 2, 3, 4, 5, 6, 7, 8, 9, 1, 2, 3, 4, 5, 6, 7, 8, 9], ""eps1"": 10, ""distance_median"": 1.0953245669930354}"
482,rflbat,rflbat_cluster_filter,"[69, 75, 77, 9, 15, 69, 75, 77, 9, 15]","[2, 96, 1, 72, 34]","{""accepted_indices"": [2, 4, 5, 8, 9, 2, 4, 5, 8, 9], ""num_clusters"": 4, ""cluster_scores"": [0.18416516294891866, 0.9999999999992654, 1, 0.3534997307614973]}"
482,rflbat,rflbat_final_distance_filter,"[69, 75, 77, 9, 15]","[2, 96, 1, 72, 34]","{""accepted_indices"": [2, 4, 5, 8, 9, 2, 4, 5, 8, 9], ""eps2"": 6, ""distance_median"": 0.02288023158295379}"
483,rflbat,rflbat_first_distance_filter,"[4, 36, 49, 94, 48, 69, 87, 52, 32, 91, 36, 49, 94, 48, 69, 87, 52, 32, 91]",[],"{""accepted_indices"": [0, 1, 2, 3, 4, 5, 6, 7, 8, 9, 1, 2, 3, 4, 5, 6, 7, 8, 9], ""eps1"": 10, ""distance_median"": 0.46653263604353884}"
483,rflbat,rflbat_cluster_filter,"[4, 36, 49, 94, 48, 69, 87, 52, 32, 91, 36, 49, 94, 48, 69, 87, 52, 32, 91]",[],"{""accepted_indices"": [0, 1, 2, 3, 4, 5, 6, 7, 8, 9, 1, 2, 3, 4, 5, 6, 7, 8, 9], ""num_clusters"": 1, ""cluster_scores"": [0.11734144722537991]}"
483,rflbat,rflbat_final_distance_filter,"[36, 49, 94, 48, 69, 87, 52, 32, 91]",[4],"{""accepted_indices"": [1, 2, 3, 4, 5, 6, 7, 8, 9, 1, 2, 3, 4, 5, 6, 7, 8, 9], ""eps2"": 6, ""distance_median"": 0.6794846310257638}"
484,rflbat,rflbat_first_distance_filter,"[2, 34, 24, 1, 13, 76, 8, 55, 3, 59, 34, 24, 1, 13, 76, 8, 55, 3, 59]",[],"{""accepted_indices"": [0, 1, 2, 3, 4, 5, 6, 7, 8, 9, 1, 2, 3, 4, 5, 6, 7, 8, 9], ""eps1"": 10, ""distance_median"": 1.0433052830942962}"
484,rflbat,rflbat_cluster_filter,"[2, 34, 24, 1, 13, 76, 8, 55, 3, 59, 34, 24, 1, 13, 76, 8, 55, 3, 59]",[],"{""accepted_indices"": [0, 1, 2, 3, 4, 5, 6, 7, 8, 9, 1, 2, 3, 4, 5, 6, 7, 8, 9], ""num_clusters"": 1, ""cluster_scores"": [0.10461280087112432]}"
484,rflbat,rflbat_final_distance_filter,"[2, 34, 24, 13, 76, 8, 55, 3, 59]",[1],"{""accepted_indices"": [0, 1, 2, 4, 5, 6, 7, 8, 9, 1, 2, 4, 5, 6, 7, 8, 9], ""eps2"": 6, ""distance_median"": 1.831236144565037}"
485,rflbat,rflbat_first_distance_filter,"[2, 80, 63, 65, 37, 73, 96, 78, 27, 26, 80, 63, 65, 37, 73, 96, 78, 27, 26]",[],"{""accepted_indices"": [0, 1, 2, 3, 4, 5, 6, 7, 8, 9, 1, 2, 3, 4, 5, 6, 7, 8, 9], ""eps1"": 10, ""distance_median"": 0.5536711937374711}"
485,rflbat,rflbat_cluster_filter,"[2, 80, 63, 65, 37, 73, 96, 78, 27, 26, 80, 63, 65, 37, 73, 96, 78, 27, 26]",[],"{""accepted_indices"": [0, 1, 2, 3, 4, 5, 6, 7, 8, 9, 1, 2, 3, 4, 5, 6, 7, 8, 9], ""num_clusters"": 1, ""cluster_scores"": [0.10915816919903551]}"
485,rflbat,rflbat_final_distance_filter,"[2, 80, 63, 65, 37, 73, 96, 78, 27, 26]",[],"{""accepted_indices"": [0, 1, 2, 3, 4, 5, 6, 7, 8, 9, 1, 2, 3, 4, 5, 6, 7, 8, 9], ""eps2"": 6, ""distance_median"": 0.9287723807138071}"
486,rflbat,rflbat_first_distance_filter,"[2, 94, 38, 52, 55, 19, 60, 49, 98, 17, 94, 38, 52, 55, 19, 60, 49, 98, 17]",[],"{""accepted_indices"": [0, 1, 2, 3, 4, 5, 6, 7, 8, 9, 1, 2, 3, 4, 5, 6, 7, 8, 9], ""eps1"": 10, ""distance_median"": 0.3885213639668569}"
486,rflbat,rflbat_cluster_filter,"[2, 94, 38, 52, 55, 19, 60, 49, 98, 17, 94, 38, 52, 55, 19, 60, 49, 98, 17]",[],"{""accepted_indices"": [0, 1, 2, 3, 4, 5, 6, 7, 8, 9, 1, 2, 3, 4, 5, 6, 7, 8, 9], ""num_clusters"": 1, ""cluster_scores"": [0.12937501381615535]}"
486,rflbat,rflbat_final_distance_filter,"[94, 38, 52, 55, 19, 60, 49, 98, 17]",[2],"{""accepted_indices"": [1, 2, 3, 4, 5, 6, 7, 8, 9, 1, 2, 3, 4, 5, 6, 7, 8, 9], ""eps2"": 6, ""distance_median"": 0.5700058517453035}"
487,rflbat,rflbat_first_distance_filter,"[2, 43, 39, 86, 28, 21, 46, 30, 17, 81, 43, 39, 86, 28, 21, 46, 30, 17, 81]",[],"{""accepted_indices"": [0, 1, 2, 3, 4, 5, 6, 7, 8, 9, 1, 2, 3, 4, 5, 6, 7, 8, 9], ""eps1"": 10, ""distance_median"": 0.45629842176721214}"
487,rflbat,rflbat_cluster_filter,"[43, 39, 28, 21, 46, 30, 17, 81, 43, 39, 28, 21, 46, 30, 17, 81]","[2, 86]","{""accepted_indices"": [1, 2, 4, 5, 6, 7, 8, 9, 1, 2, 4, 5, 6, 7, 8, 9], ""num_clusters"": 3, ""cluster_scores"": [0.14575825928550318, 1, 1.0000000000014577]}"
487,rflbat,rflbat_final_distance_filter,"[43, 39, 28, 21, 46, 30, 17, 81]","[2, 86]","{""accepted_indices"": [1, 2, 4, 5, 6, 7, 8, 9, 1, 2, 4, 5, 6, 7, 8, 9], ""eps2"": 6, ""distance_median"": 0.282327593938757}"
488,rflbat,rflbat_first_distance_filter,"[2, 99, 37, 72, 17, 8, 78, 81, 49, 75, 99, 37, 72, 17, 8, 78, 81, 49, 75]",[],"{""accepted_indices"": [0, 1, 2, 3, 4, 5, 6, 7, 8, 9, 1, 2, 3, 4, 5, 6, 7, 8, 9], ""eps1"": 10, ""distance_median"": 0.4526431108022292}"
488,rflbat,rflbat_cluster_filter,"[2, 99, 37, 72, 17, 8, 78, 81, 49, 75, 99, 37, 72, 17, 8, 78, 81, 49, 75]",[],"{""accepted_indices"": [0, 1, 2, 3, 4, 5, 6, 7, 8, 9, 1, 2, 3, 4, 5, 6, 7, 8, 9], ""num_clusters"": 1, ""cluster_scores"": [0.09516638216513142]}"
488,rflbat,rflbat_final_distance_filter,"[2, 99, 37, 72, 17, 8, 78, 81, 49, 75]",[],"{""accepted_indices"": [0, 1, 2, 3, 4, 5, 6, 7, 8, 9, 1, 2, 3, 4, 5, 6, 7, 8, 9], ""eps2"": 6, ""distance_median"": 0.6775358110039172}"
489,rflbat,rflbat_first_distance_filter,"[2, 63, 83, 42, 72, 51, 45, 58, 98, 36, 63, 83, 42, 72, 51, 45, 58, 98, 36]",[],"{""accepted_indices"": [0, 1, 2, 3, 4, 5, 6, 7, 8, 9, 1, 2, 3, 4, 5, 6, 7, 8, 9], ""eps1"": 10, ""distance_median"": 0.4440980471148937}"
489,rflbat,rflbat_cluster_filter,"[63, 83, 42, 72, 45, 58, 98, 36, 63, 83, 42, 72, 45, 58, 98, 36]","[2, 51]","{""accepted_indices"": [1, 2, 3, 4, 6, 7, 8, 9, 1, 2, 3, 4, 6, 7, 8, 9], ""num_clusters"": 3, ""cluster_scores"": [1.0000000000012716, 0.12909183178858727, 1]}"
489,rflbat,rflbat_final_distance_filter,"[63, 83, 42, 72, 45, 58, 98, 36]","[2, 51]","{""accepted_indices"": [1, 2, 3, 4, 6, 7, 8, 9, 1, 2, 3, 4, 6, 7, 8, 9], ""eps2"": 6, ""distance_median"": 0.3474463055505348}"
490,rflbat,rflbat_first_distance_filter,"[1, 38, 33, 15, 80, 64, 45, 37, 4, 93, 38, 33, 15, 80, 64, 45, 37, 4, 93]",[],"{""accepted_indices"": [0, 1, 2, 3, 4, 5, 6, 7, 8, 9, 1, 2, 3, 4, 5, 6, 7, 8, 9], ""eps1"": 10, ""distance_median"": 0.8960320766096784}"
490,rflbat,rflbat_cluster_filter,"[38, 33, 15, 80, 64, 45, 37, 4, 93, 38, 33, 15, 80, 64, 45, 37, 4, 93]",[1],"{""accepted_indices"": [1, 2, 3, 4, 5, 6, 7, 8, 9, 1, 2, 3, 4, 5, 6, 7, 8, 9], ""num_clusters"": 2, ""cluster_scores"": [1, 0.11605707769370804]}"
490,rflbat,rflbat_final_distance_filter,"[38, 33, 15, 80, 64, 45, 37, 4, 93]",[1],"{""accepted_indices"": [1, 2, 3, 4, 5, 6, 7, 8, 9, 1, 2, 3, 4, 5, 6, 7, 8, 9], ""eps2"": 6, ""distance_median"": 0.737599847745858}"
491,rflbat,rflbat_first_distance_filter,"[4, 28, 85, 79, 6, 96, 49, 91, 81, 5, 28, 85, 79, 6, 96, 49, 91, 81, 5]",[],"{""accepted_indices"": [0, 1, 2, 3, 4, 5, 6, 7, 8, 9, 1, 2, 3, 4, 5, 6, 7, 8, 9], ""eps1"": 10, ""distance_median"": 0.3923858507631087}"
491,rflbat,rflbat_cluster_filter,"[4, 28, 85, 79, 6, 96, 49, 91, 81, 5, 28, 85, 79, 6, 96, 49, 91, 81, 5]",[],"{""accepted_indices"": [0, 1, 2, 3, 4, 5, 6, 7, 8, 9, 1, 2, 3, 4, 5, 6, 7, 8, 9], ""num_clusters"": 1, ""cluster_scores"": [0.10976426299886449]}"
491,rflbat,rflbat_final_distance_filter,"[28, 85, 79, 6, 96, 49, 91, 81, 5]",[4],"{""accepted_indices"": [1, 2, 3, 4, 5, 6, 7, 8, 9, 1, 2, 3, 4, 5, 6, 7, 8, 9], ""eps2"": 6, ""distance_median"": 0.5754446496604747}"
492,rflbat,rflbat_first_distance_filter,"[2, 38, 43, 15, 49, 90, 64, 63, 21, 12, 38, 43, 15, 49, 90, 64, 63, 21, 12]",[],"{""accepted_indices"": [0, 1, 2, 3, 4, 5, 6, 7, 8, 9, 1, 2, 3, 4, 5, 6, 7, 8, 9], ""eps1"": 10, ""distance_median"": 0.3987427588523275}"
492,rflbat,rflbat_cluster_filter,"[2, 38, 43, 15, 49, 90, 64, 63, 21, 12, 38, 43, 15, 49, 90, 64, 63, 21, 12]",[],"{""accepted_indices"": [0, 1, 2, 3, 4, 5, 6, 7, 8, 9, 1, 2, 3, 4, 5, 6, 7, 8, 9], ""num_clusters"": 1, ""cluster_scores"": [0.10826135811890875]}"
492,rflbat,rflbat_final_distance_filter,"[2, 38, 43, 15, 49, 90, 64, 63, 21, 12]",[],"{""accepted_indices"": [0, 1, 2, 3, 4, 5, 6, 7, 8, 9, 1, 2, 3, 4, 5, 6, 7, 8, 9], ""eps2"": 6, ""distance_median"": 0.5969472417830296}"
493,rflbat,rflbat_first_distance_filter,"[2, 78, 8, 21, 69, 16, 39, 46, 64, 76, 78, 8, 21, 69, 16, 39, 46, 64, 76]",[],"{""accepted_indices"": [0, 1, 2, 3, 4, 5, 6, 7, 8, 9, 1, 2, 3, 4, 5, 6, 7, 8, 9], ""eps1"": 10, ""distance_median"": 0.38001231948643344}"
493,rflbat,rflbat_cluster_filter,"[78, 8, 21, 69, 16, 39, 46, 64, 78, 8, 21, 69, 16, 39, 46, 64]","[2, 76]","{""accepted_indices"": [1, 2, 3, 4, 5, 6, 7, 8, 1, 2, 3, 4, 5, 6, 7, 8], ""num_clusters"": 3, ""cluster_scores"": [1, 0.13561276453813004, 1.0000000000010825]}"
493,rflbat,rflbat_final_distance_filter,"[78, 8, 21, 69, 16, 39, 46, 64]","[2, 76]","{""accepted_indices"": [1, 2, 3, 4, 5, 6, 7, 8, 1, 2, 3, 4, 5, 6, 7, 8], ""eps2"": 6, ""distance_median"": 0.1320205104293199}"
494,rflbat,rflbat_first_distance_filter,"[4, 25, 14, 42, 78, 43, 72, 16, 2, 67, 25, 14, 42, 78, 43, 72, 16, 2, 67]",[],"{""accepted_indices"": [0, 1, 2, 3, 4, 5, 6, 7, 8, 9, 1, 2, 3, 4, 5, 6, 7, 8, 9], ""eps1"": 10, ""distance_median"": 0.48681945767390056}"
494,rflbat,rflbat_cluster_filter,"[4, 25, 14, 42, 78, 43, 72, 16, 2, 67, 25, 14, 42, 78, 43, 72, 16, 2, 67]",[],"{""accepted_indices"": [0, 1, 2, 3, 4, 5, 6, 7, 8, 9, 1, 2, 3, 4, 5, 6, 7, 8, 9], ""num_clusters"": 1, ""cluster_scores"": [0.1007807528691151]}"
494,rflbat,rflbat_final_distance_filter,"[25, 14, 42, 78, 43, 72, 16, 2, 67]",[4],"{""accepted_indices"": [1, 2, 3, 4, 5, 6, 7, 8, 9, 1, 2, 3, 4, 5, 6, 7, 8, 9], ""eps2"": 6, ""distance_median"": 0.7095262322567152}"
495,rflbat,rflbat_first_distance_filter,"[4, 36, 67, 85, 78, 83, 59, 81, 3, 75, 36, 67, 85, 78, 83, 59, 81, 3, 75]",[],"{""accepted_indices"": [0, 1, 2, 3, 4, 5, 6, 7, 8, 9, 1, 2, 3, 4, 5, 6, 7, 8, 9], ""eps1"": 10, ""distance_median"": 0.4787700437761023}"
495,rflbat,rflbat_cluster_filter,"[4, 36, 67, 85, 78, 83, 59, 81, 3, 75, 36, 67, 85, 78, 83, 59, 81, 3, 75]",[],"{""accepted_indices"": [0, 1, 2, 3, 4, 5, 6, 7, 8, 9, 1, 2, 3, 4, 5, 6, 7, 8, 9], ""num_clusters"": 1, ""cluster_scores"": [0.10545164314264546]}"
495,rflbat,rflbat_final_distance_filter,"[36, 67, 85, 78, 83, 59, 81, 3, 75]",[4],"{""accepted_indices"": [1, 2, 3, 4, 5, 6, 7, 8, 9, 1, 2, 3, 4, 5, 6, 7, 8, 9], ""eps2"": 6, ""distance_median"": 0.6903082801504393}"
496,rflbat,rflbat_first_distance_filter,"[4, 38, 22, 17, 90, 65, 88, 47, 93, 94, 38, 22, 17, 90, 65, 88, 47, 93, 94]",[],"{""accepted_indices"": [0, 1, 2, 3, 4, 5, 6, 7, 8, 9, 1, 2, 3, 4, 5, 6, 7, 8, 9], ""eps1"": 10, ""distance_median"": 0.4544878303572393}"
496,rflbat,rflbat_cluster_filter,"[38, 22, 17, 47, 94, 38, 22, 17, 47, 94]","[4, 90, 65, 88, 93]","{""accepted_indices"": [1, 2, 3, 7, 9, 1, 2, 3, 7, 9], ""num_clusters"": 4, ""cluster_scores"": [0.20909803442957905, 1.0000000000027107, 1, 0.3512837909310082]}"
496,rflbat,rflbat_final_distance_filter,"[38, 22, 17, 47, 94]","[4, 90, 65, 88, 93]","{""accepted_indices"": [1, 2, 3, 7, 9, 1, 2, 3, 7, 9], ""eps2"": 6, ""distance_median"": 0.07497243214214339}"
497,rflbat,rflbat_first_distance_filter,"[3, 91, 39, 57, 34, 4, 81, 87, 70, 47, 91, 39, 57, 34, 4, 81, 87, 70, 47]",[],"{""accepted_indices"": [0, 1, 2, 3, 4, 5, 6, 7, 8, 9, 1, 2, 3, 4, 5, 6, 7, 8, 9], ""eps1"": 10, ""distance_median"": 0.37311969802188505}"
497,rflbat,rflbat_cluster_filter,"[3, 91, 39, 57, 34, 4, 81, 87, 70, 47, 91, 39, 57, 34, 4, 81, 87, 70, 47]",[],"{""accepted_indices"": [0, 1, 2, 3, 4, 5, 6, 7, 8, 9, 1, 2, 3, 4, 5, 6, 7, 8, 9], ""num_clusters"": 1, ""cluster_scores"": [0.1080749930683004]}"
497,rflbat,rflbat_final_distance_filter,"[3, 91, 39, 57, 34, 4, 81, 87, 70, 47]",[],"{""accepted_indices"": [0, 1, 2, 3, 4, 5, 6, 7, 8, 9, 1, 2, 3, 4, 5, 6, 7, 8, 9], ""eps2"": 6, ""distance_median"": 0.7462251749291009}"
498,rflbat,rflbat_first_distance_filter,"[3, 95, 21, 47, 55, 86, 29, 44, 20, 43, 95, 21, 47, 55, 86, 29, 44, 20, 43]",[],"{""accepted_indices"": [0, 1, 2, 3, 4, 5, 6, 7, 8, 9, 1, 2, 3, 4, 5, 6, 7, 8, 9], ""eps1"": 10, ""distance_median"": 0.45414043007217825}"
498,rflbat,rflbat_cluster_filter,"[3, 95, 21, 47, 55, 86, 29, 20, 43, 95, 21, 47, 55, 86, 29, 20, 43]",[44],"{""accepted_indices"": [0, 1, 2, 3, 4, 5, 6, 8, 9, 1, 2, 3, 4, 5, 6, 8, 9], ""num_clusters"": 2, ""cluster_scores"": [0.11913722752080501, 1.0000000000021474]}"
498,rflbat,rflbat_final_distance_filter,"[3, 95, 21, 47, 55, 86, 29, 20, 43]",[44],"{""accepted_indices"": [0, 1, 2, 3, 4, 5, 6, 8, 9, 1, 2, 3, 4, 5, 6, 8, 9], ""eps2"": 6, ""distance_median"": 0.45765516621355146}"
499,rflbat,rflbat_first_distance_filter,"[4, 54, 50, 41, 60, 90, 6, 64, 96, 22, 54, 50, 41, 60, 90, 6, 64, 96, 22]",[],"{""accepted_indices"": [0, 1, 2, 3, 4, 5, 6, 7, 8, 9, 1, 2, 3, 4, 5, 6, 7, 8, 9], ""eps1"": 10, ""distance_median"": 0.4434348440938869}"
499,rflbat,rflbat_cluster_filter,"[4, 54, 50, 41, 60, 90, 6, 64, 96, 22, 54, 50, 41, 60, 90, 6, 64, 96, 22]",[],"{""accepted_indices"": [0, 1, 2, 3, 4, 5, 6, 7, 8, 9, 1, 2, 3, 4, 5, 6, 7, 8, 9], ""num_clusters"": 1, ""cluster_scores"": [0.1121703561270782]}"
499,rflbat,rflbat_final_distance_filter,"[4, 54, 50, 41, 60, 90, 6, 64, 96, 22]",[],"{""accepted_indices"": [0, 1, 2, 3, 4, 5, 6, 7, 8, 9, 1, 2, 3, 4, 5, 6, 7, 8, 9], ""eps2"": 6, ""distance_median"": 0.688207366358094}"
500,rflbat,rflbat_first_distance_filter,"[2, 57, 34, 16, 28, 61, 86, 25, 41, 39, 57, 34, 16, 28, 61, 86, 25, 41, 39]",[],"{""accepted_indices"": [0, 1, 2, 3, 4, 5, 6, 7, 8, 9, 1, 2, 3, 4, 5, 6, 7, 8, 9], ""eps1"": 10, ""distance_median"": 0.45975748022814955}"
500,rflbat,rflbat_cluster_filter,"[57, 34, 16, 28, 61, 86, 25, 41, 39, 57, 34, 16, 28, 61, 86, 25, 41, 39]",[2],"{""accepted_indices"": [1, 2, 3, 4, 5, 6, 7, 8, 9, 1, 2, 3, 4, 5, 6, 7, 8, 9], ""num_clusters"": 2, ""cluster_scores"": [0.11198551342478186, 1]}"
500,rflbat,rflbat_final_distance_filter,"[57, 34, 16, 28, 61, 86, 25, 41, 39]",[2],"{""accepted_indices"": [1, 2, 3, 4, 5, 6, 7, 8, 9, 1, 2, 3, 4, 5, 6, 7, 8, 9], ""eps2"": 6, ""distance_median"": 0.4331557986077263}"
