epoch,method,status,initial_participants,final_selected,rejected,num_initial,num_final,stage_names,pkl_path
-2,apra,success,"[42, 57, 70, 31, 32, 35, 36, 94, 60, 58]",[true],"[42, 57, 70, 31, 32, 35, 36, 94, 60, 58]",10,1,[],re_result_6-29_APRA/cifar100_700_Jul.02_15.30.49_apra_True_no-noise_reba/agg_records/pkl/round_-002_apra.pkl
-1,apra,success,"[55, 40, 59, 72, 92, 12, 45, 0, 33, 89]",[true],"[55, 40, 59, 72, 92, 12, 45, 0, 33, 89]",10,1,[],re_result_6-29_APRA/cifar100_700_Jul.02_15.30.49_apra_True_no-noise_reba/agg_records/pkl/round_-001_apra.pkl
0,apra,success,"[49, 44, 89, 17, 36, 2, 22, 4, 27, 6]",[true],"[49, 44, 89, 17, 36, 2, 22, 4, 27, 6]",10,1,[],re_result_6-29_APRA/cifar100_700_Jul.02_15.30.49_apra_True_no-noise_reba/agg_records/pkl/round_0000_apra.pkl
1,apra,success,"[9, 75, 14, 7, 45, 60, 13, 54, 47, 70]",[true],"[9, 75, 14, 7, 45, 60, 13, 54, 47, 70]",10,1,[],re_result_6-29_APRA/cifar100_700_Jul.02_15.30.49_apra_True_no-noise_reba/agg_records/pkl/round_0001_apra.pkl
2,apra,success,"[87, 24, 71, 75, 43, 58, 36, 5, 31, 79]",[true],"[87, 24, 71, 75, 43, 58, 36, 5, 31, 79]",10,1,[],re_result_6-29_APRA/cifar100_700_Jul.02_15.30.49_apra_True_no-noise_reba/agg_records/pkl/round_0002_apra.pkl
3,apra,success,"[83, 35, 19, 71, 13, 76, 72, 97, 37, 40]",[true],"[83, 35, 19, 71, 13, 76, 72, 97, 37, 40]",10,1,[],re_result_6-29_APRA/cifar100_700_Jul.02_15.30.49_apra_True_no-noise_reba/agg_records/pkl/round_0003_apra.pkl
4,apra,success,"[69, 65, 99, 70, 73, 42, 49, 59, 12, 62]",[true],"[69, 65, 99, 70, 73, 42, 49, 59, 12, 62]",10,1,[],re_result_6-29_APRA/cifar100_700_Jul.02_15.30.49_apra_True_no-noise_reba/agg_records/pkl/round_0004_apra.pkl
5,apra,success,"[39, 5, 69, 85, 75, 6, 28, 50, 49, 55]",[true],"[39, 5, 69, 85, 75, 6, 28, 50, 49, 55]",10,1,[],re_result_6-29_APRA/cifar100_700_Jul.02_15.30.49_apra_True_no-noise_reba/agg_records/pkl/round_0005_apra.pkl
6,apra,success,"[47, 37, 30, 77, 59, 48, 33, 21, 96, 90]",[true],"[47, 37, 30, 77, 59, 48, 33, 21, 96, 90]",10,1,[],re_result_6-29_APRA/cifar100_700_Jul.02_15.30.49_apra_True_no-noise_reba/agg_records/pkl/round_0006_apra.pkl
7,apra,success,"[9, 42, 0, 52, 33, 63, 71, 44, 55, 11]",[true],"[9, 42, 0, 52, 33, 63, 71, 44, 55, 11]",10,1,[],re_result_6-29_APRA/cifar100_700_Jul.02_15.30.49_apra_True_no-noise_reba/agg_records/pkl/round_0007_apra.pkl
8,apra,success,"[42, 61, 12, 24, 80, 91, 11, 21, 57, 54]",[true],"[42, 61, 12, 24, 80, 91, 11, 21, 57, 54]",10,1,[],re_result_6-29_APRA/cifar100_700_Jul.02_15.30.49_apra_True_no-noise_reba/agg_records/pkl/round_0008_apra.pkl
9,apra,success,"[12, 92, 22, 39, 54, 40, 61, 60, 94, 49]",[true],"[12, 92, 22, 39, 54, 40, 61, 60, 94, 49]",10,1,[],re_result_6-29_APRA/cifar100_700_Jul.02_15.30.49_apra_True_no-noise_reba/agg_records/pkl/round_0009_apra.pkl
10,apra,success,"[49, 9, 37, 34, 97, 60, 76, 38, 25, 54]",[true],"[49, 9, 37, 34, 97, 60, 76, 38, 25, 54]",10,1,[],re_result_6-29_APRA/cifar100_700_Jul.02_15.30.49_apra_True_no-noise_reba/agg_records/pkl/round_0010_apra.pkl
11,apra,success,"[20, 84, 75, 64, 81, 2, 72, 79, 61, 83]",[true],"[20, 84, 75, 64, 81, 2, 72, 79, 61, 83]",10,1,[],re_result_6-29_APRA/cifar100_700_Jul.02_15.30.49_apra_True_no-noise_reba/agg_records/pkl/round_0011_apra.pkl
12,apra,success,"[84, 68, 98, 59, 65, 85, 77, 4, 62, 51]",[true],"[84, 68, 98, 59, 65, 85, 77, 4, 62, 51]",10,1,[],re_result_6-29_APRA/cifar100_700_Jul.02_15.30.49_apra_True_no-noise_reba/agg_records/pkl/round_0012_apra.pkl
13,apra,success,"[58, 0, 40, 26, 8, 60, 77, 70, 53, 94]",[true],"[58, 0, 40, 26, 8, 60, 77, 70, 53, 94]",10,1,[],re_result_6-29_APRA/cifar100_700_Jul.02_15.30.49_apra_True_no-noise_reba/agg_records/pkl/round_0013_apra.pkl
14,apra,success,"[42, 99, 17, 87, 9, 20, 90, 8, 56, 95]",[true],"[42, 99, 17, 87, 9, 20, 90, 8, 56, 95]",10,1,[],re_result_6-29_APRA/cifar100_700_Jul.02_15.30.49_apra_True_no-noise_reba/agg_records/pkl/round_0014_apra.pkl
15,apra,success,"[58, 74, 51, 8, 36, 32, 61, 41, 94, 39]",[true],"[58, 74, 51, 8, 36, 32, 61, 41, 94, 39]",10,1,[],re_result_6-29_APRA/cifar100_700_Jul.02_15.30.49_apra_True_no-noise_reba/agg_records/pkl/round_0015_apra.pkl
16,apra,success,"[66, 45, 49, 39, 34, 51, 78, 6, 0, 77]",[true],"[66, 45, 49, 39, 34, 51, 78, 6, 0, 77]",10,1,[],re_result_6-29_APRA/cifar100_700_Jul.02_15.30.49_apra_True_no-noise_reba/agg_records/pkl/round_0016_apra.pkl
17,apra,success,"[63, 60, 73, 67, 11, 28, 5, 24, 3, 34]",[true],"[63, 60, 73, 67, 11, 28, 5, 24, 3, 34]",10,1,[],re_result_6-29_APRA/cifar100_700_Jul.02_15.30.49_apra_True_no-noise_reba/agg_records/pkl/round_0017_apra.pkl
18,apra,success,"[89, 82, 57, 13, 78, 69, 21, 15, 50, 64]",[true],"[89, 82, 57, 13, 78, 69, 21, 15, 50, 64]",10,1,[],re_result_6-29_APRA/cifar100_700_Jul.02_15.30.49_apra_True_no-noise_reba/agg_records/pkl/round_0018_apra.pkl
19,apra,success,"[66, 30, 48, 69, 83, 4, 36, 89, 79, 10]",[true],"[66, 30, 48, 69, 83, 4, 36, 89, 79, 10]",10,1,[],re_result_6-29_APRA/cifar100_700_Jul.02_15.30.49_apra_True_no-noise_reba/agg_records/pkl/round_0019_apra.pkl
20,apra,success,"[89, 59, 46, 31, 22, 1, 54, 82, 52, 75]",[true],"[89, 59, 46, 31, 22, 54, 82, 52, 75]",10,1,[],re_result_6-29_APRA/cifar100_700_Jul.02_15.30.49_apra_True_no-noise_reba/agg_records/pkl/round_0020_apra.pkl
21,apra,success,"[2, 46, 32, 80, 24, 27, 23, 73, 29, 41]",[true],"[2, 46, 32, 80, 24, 27, 23, 73, 29, 41]",10,1,[],re_result_6-29_APRA/cifar100_700_Jul.02_15.30.49_apra_True_no-noise_reba/agg_records/pkl/round_0021_apra.pkl
22,apra,success,"[93, 63, 73, 43, 27, 32, 40, 30, 4, 49]",[true],"[93, 63, 73, 43, 27, 32, 40, 30, 4, 49]",10,1,[],re_result_6-29_APRA/cifar100_700_Jul.02_15.30.49_apra_True_no-noise_reba/agg_records/pkl/round_0022_apra.pkl
23,apra,success,"[3, 78, 47, 26, 27, 94, 36, 60, 67, 70]",[true],"[3, 78, 47, 26, 27, 94, 36, 60, 67, 70]",10,1,[],re_result_6-29_APRA/cifar100_700_Jul.02_15.30.49_apra_True_no-noise_reba/agg_records/pkl/round_0023_apra.pkl
24,apra,success,"[43, 61, 77, 28, 16, 67, 86, 27, 72, 10]",[true],"[43, 61, 77, 28, 16, 67, 86, 27, 72, 10]",10,1,[],re_result_6-29_APRA/cifar100_700_Jul.02_15.30.49_apra_True_no-noise_reba/agg_records/pkl/round_0024_apra.pkl
25,apra,success,"[14, 71, 67, 95, 69, 99, 98, 24, 63, 13]",[true],"[14, 71, 67, 95, 69, 99, 98, 24, 63, 13]",10,1,[],re_result_6-29_APRA/cifar100_700_Jul.02_15.30.49_apra_True_no-noise_reba/agg_records/pkl/round_0025_apra.pkl
26,apra,success,"[14, 73, 77, 43, 94, 45, 7, 72, 0, 64]",[true],"[14, 73, 77, 43, 94, 45, 7, 72, 0, 64]",10,1,[],re_result_6-29_APRA/cifar100_700_Jul.02_15.30.49_apra_True_no-noise_reba/agg_records/pkl/round_0026_apra.pkl
27,apra,success,"[80, 18, 6, 37, 9, 35, 73, 39, 89, 3]",[true],"[80, 18, 6, 37, 9, 35, 73, 39, 89, 3]",10,1,[],re_result_6-29_APRA/cifar100_700_Jul.02_15.30.49_apra_True_no-noise_reba/agg_records/pkl/round_0027_apra.pkl
28,apra,success,"[91, 24, 55, 38, 21, 64, 46, 75, 62, 54]",[true],"[91, 24, 55, 38, 21, 64, 46, 75, 62, 54]",10,1,[],re_result_6-29_APRA/cifar100_700_Jul.02_15.30.49_apra_True_no-noise_reba/agg_records/pkl/round_0028_apra.pkl
29,apra,success,"[42, 59, 28, 41, 30, 0, 10, 61, 47, 94]",[true],"[42, 59, 28, 41, 30, 0, 10, 61, 47, 94]",10,1,[],re_result_6-29_APRA/cifar100_700_Jul.02_15.30.49_apra_True_no-noise_reba/agg_records/pkl/round_0029_apra.pkl
30,apra,success,"[14, 6, 38, 24, 73, 82, 78, 41, 94, 42]",[true],"[14, 6, 38, 24, 73, 82, 78, 41, 94, 42]",10,1,[],re_result_6-29_APRA/cifar100_700_Jul.02_15.30.49_apra_True_no-noise_reba/agg_records/pkl/round_0030_apra.pkl
31,apra,success,"[3, 5, 28, 50, 38, 29, 47, 72, 73, 71]",[true],"[3, 5, 28, 50, 38, 29, 47, 72, 73, 71]",10,1,[],re_result_6-29_APRA/cifar100_700_Jul.02_15.30.49_apra_True_no-noise_reba/agg_records/pkl/round_0031_apra.pkl
32,apra,success,"[24, 53, 56, 79, 48, 2, 57, 74, 10, 60]",[true],"[24, 53, 56, 79, 48, 2, 57, 74, 10, 60]",10,1,[],re_result_6-29_APRA/cifar100_700_Jul.02_15.30.49_apra_True_no-noise_reba/agg_records/pkl/round_0032_apra.pkl
33,apra,success,"[87, 64, 11, 9, 86, 97, 60, 19, 35, 10]",[true],"[87, 64, 11, 9, 86, 97, 60, 19, 35, 10]",10,1,[],re_result_6-29_APRA/cifar100_700_Jul.02_15.30.49_apra_True_no-noise_reba/agg_records/pkl/round_0033_apra.pkl
34,apra,success,"[97, 4, 26, 85, 68, 8, 81, 95, 45, 1]",[true],"[97, 4, 26, 85, 68, 8, 81, 95, 45]",10,1,[],re_result_6-29_APRA/cifar100_700_Jul.02_15.30.49_apra_True_no-noise_reba/agg_records/pkl/round_0034_apra.pkl
35,apra,success,"[24, 33, 55, 27, 67, 92, 58, 82, 63, 29]",[true],"[24, 33, 55, 27, 67, 92, 58, 82, 63, 29]",10,1,[],re_result_6-29_APRA/cifar100_700_Jul.02_15.30.49_apra_True_no-noise_reba/agg_records/pkl/round_0035_apra.pkl
36,apra,success,"[75, 71, 4, 63, 54, 99, 12, 62, 26, 24]",[true],"[75, 71, 4, 63, 54, 99, 12, 62, 26, 24]",10,1,[],re_result_6-29_APRA/cifar100_700_Jul.02_15.30.49_apra_True_no-noise_reba/agg_records/pkl/round_0036_apra.pkl
37,apra,success,"[18, 45, 71, 2, 67, 27, 69, 20, 19, 16]",[true],"[18, 45, 71, 2, 67, 27, 69, 20, 19, 16]",10,1,[],re_result_6-29_APRA/cifar100_700_Jul.02_15.30.49_apra_True_no-noise_reba/agg_records/pkl/round_0037_apra.pkl
38,apra,success,"[6, 60, 48, 3, 27, 0, 70, 46, 4, 82]",[true],"[6, 60, 48, 3, 27, 0, 70, 46, 4, 82]",10,1,[],re_result_6-29_APRA/cifar100_700_Jul.02_15.30.49_apra_True_no-noise_reba/agg_records/pkl/round_0038_apra.pkl
39,apra,success,"[38, 75, 47, 45, 43, 52, 60, 80, 14, 76]",[true],"[38, 75, 47, 45, 43, 52, 60, 80, 14, 76]",10,1,[],re_result_6-29_APRA/cifar100_700_Jul.02_15.30.49_apra_True_no-noise_reba/agg_records/pkl/round_0039_apra.pkl
40,apra,success,"[83, 90, 99, 52, 23, 63, 60, 42, 85, 94]",[true],"[83, 90, 99, 52, 23, 63, 60, 42, 85, 94]",10,1,[],re_result_6-29_APRA/cifar100_700_Jul.02_15.30.49_apra_True_no-noise_reba/agg_records/pkl/round_0040_apra.pkl
41,apra,success,"[47, 39, 59, 79, 2, 94, 32, 67, 98, 46]",[true],"[47, 39, 59, 79, 2, 94, 32, 67, 98, 46]",10,1,[],re_result_6-29_APRA/cifar100_700_Jul.02_15.30.49_apra_True_no-noise_reba/agg_records/pkl/round_0041_apra.pkl
42,apra,success,"[42, 1, 95, 30, 9, 53, 23, 27, 21, 18]",[true],"[42, 95, 30, 9, 53, 23, 27, 21, 18]",10,1,[],re_result_6-29_APRA/cifar100_700_Jul.02_15.30.49_apra_True_no-noise_reba/agg_records/pkl/round_0042_apra.pkl
43,apra,success,"[53, 17, 33, 12, 19, 70, 59, 49, 94, 31]",[true],"[53, 17, 33, 12, 19, 70, 59, 49, 94, 31]",10,1,[],re_result_6-29_APRA/cifar100_700_Jul.02_15.30.49_apra_True_no-noise_reba/agg_records/pkl/round_0043_apra.pkl
44,apra,success,"[43, 53, 47, 98, 45, 7, 60, 24, 41, 74]",[true],"[43, 53, 47, 98, 45, 7, 60, 24, 41, 74]",10,1,[],re_result_6-29_APRA/cifar100_700_Jul.02_15.30.49_apra_True_no-noise_reba/agg_records/pkl/round_0044_apra.pkl
45,apra,success,"[50, 14, 21, 30, 75, 1, 48, 2, 40, 31]",[true],"[50, 14, 21, 30, 75, 48, 2, 40, 31]",10,1,[],re_result_6-29_APRA/cifar100_700_Jul.02_15.30.49_apra_True_no-noise_reba/agg_records/pkl/round_0045_apra.pkl
46,apra,success,"[50, 4, 57, 69, 91, 71, 43, 78, 82, 22]",[true],"[50, 4, 57, 69, 91, 71, 43, 78, 82, 22]",10,1,[],re_result_6-29_APRA/cifar100_700_Jul.02_15.30.49_apra_True_no-noise_reba/agg_records/pkl/round_0046_apra.pkl
47,apra,success,"[87, 1, 16, 76, 95, 64, 94, 71, 17, 45]",[true],"[87, 16, 76, 95, 64, 94, 71, 17, 45]",10,1,[],re_result_6-29_APRA/cifar100_700_Jul.02_15.30.49_apra_True_no-noise_reba/agg_records/pkl/round_0047_apra.pkl
48,apra,success,"[35, 88, 72, 41, 14, 80, 82, 10, 33, 46]",[true],"[35, 88, 72, 41, 14, 80, 82, 10, 33, 46]",10,1,[],re_result_6-29_APRA/cifar100_700_Jul.02_15.30.49_apra_True_no-noise_reba/agg_records/pkl/round_0048_apra.pkl
49,apra,success,"[81, 46, 44, 16, 55, 0, 29, 83, 52, 56]",[true],"[81, 46, 44, 16, 55, 0, 29, 83, 52, 56]",10,1,[],re_result_6-29_APRA/cifar100_700_Jul.02_15.30.49_apra_True_no-noise_reba/agg_records/pkl/round_0049_apra.pkl
50,apra,success,"[37, 44, 30, 16, 8, 92, 98, 89, 28, 53]",[true],"[37, 44, 30, 16, 8, 92, 98, 89, 28, 53]",10,1,[],re_result_6-29_APRA/cifar100_700_Jul.02_15.30.49_apra_True_no-noise_reba/agg_records/pkl/round_0050_apra.pkl
51,apra,success,"[82, 38, 56, 3, 49, 50, 99, 95, 88, 39]",[true],"[82, 38, 56, 3, 49, 50, 99, 95, 88, 39]",10,1,[],re_result_6-29_APRA/cifar100_700_Jul.02_15.30.49_apra_True_no-noise_reba/agg_records/pkl/round_0051_apra.pkl
52,apra,success,"[35, 32, 38, 56, 63, 36, 62, 21, 58, 97]",[true],"[35, 32, 38, 56, 63, 36, 62, 21, 58, 97]",10,1,[],re_result_6-29_APRA/cifar100_700_Jul.02_15.30.49_apra_True_no-noise_reba/agg_records/pkl/round_0052_apra.pkl
53,apra,success,"[73, 0, 72, 31, 22, 90, 6, 60, 52, 44]",[true],"[73, 0, 72, 31, 22, 90, 6, 60, 52, 44]",10,1,[],re_result_6-29_APRA/cifar100_700_Jul.02_15.30.49_apra_True_no-noise_reba/agg_records/pkl/round_0053_apra.pkl
54,apra,success,"[80, 64, 17, 59, 92, 85, 42, 21, 47, 45]",[true],"[80, 64, 17, 59, 92, 85, 42, 21, 47, 45]",10,1,[],re_result_6-29_APRA/cifar100_700_Jul.02_15.30.49_apra_True_no-noise_reba/agg_records/pkl/round_0054_apra.pkl
55,apra,success,"[76, 44, 6, 25, 20, 99, 50, 0, 40, 33]",[true],"[76, 44, 6, 25, 20, 99, 50, 0, 40, 33]",10,1,[],re_result_6-29_APRA/cifar100_700_Jul.02_15.30.49_apra_True_no-noise_reba/agg_records/pkl/round_0055_apra.pkl
56,apra,success,"[16, 6, 46, 42, 22, 76, 78, 24, 88, 43]",[true],"[16, 6, 46, 42, 22, 76, 78, 24, 88, 43]",10,1,[],re_result_6-29_APRA/cifar100_700_Jul.02_15.30.49_apra_True_no-noise_reba/agg_records/pkl/round_0056_apra.pkl
57,apra,success,"[67, 58, 82, 73, 40, 11, 43, 81, 49, 41]",[true],"[67, 58, 82, 73, 40, 11, 43, 81, 49, 41]",10,1,[],re_result_6-29_APRA/cifar100_700_Jul.02_15.30.49_apra_True_no-noise_reba/agg_records/pkl/round_0057_apra.pkl
58,apra,success,"[23, 51, 18, 8, 5, 56, 20, 24, 64, 60]",[true],"[23, 51, 18, 8, 5, 56, 20, 24, 64, 60]",10,1,[],re_result_6-29_APRA/cifar100_700_Jul.02_15.30.49_apra_True_no-noise_reba/agg_records/pkl/round_0058_apra.pkl
59,apra,success,"[13, 45, 34, 55, 11, 4, 61, 35, 10, 47]",[true],"[13, 45, 34, 55, 11, 4, 61, 35, 10, 47]",10,1,[],re_result_6-29_APRA/cifar100_700_Jul.02_15.30.49_apra_True_no-noise_reba/agg_records/pkl/round_0059_apra.pkl
60,apra,success,"[75, 1, 55, 21, 62, 67, 52, 41, 23, 3]",[true],"[75, 55, 21, 62, 67, 52, 41, 23, 3]",10,1,[],re_result_6-29_APRA/cifar100_700_Jul.02_15.30.49_apra_True_no-noise_reba/agg_records/pkl/round_0060_apra.pkl
61,apra,success,"[75, 52, 34, 21, 95, 68, 19, 22, 67, 70]",[true],"[75, 52, 34, 21, 95, 68, 19, 22, 67, 70]",10,1,[],re_result_6-29_APRA/cifar100_700_Jul.02_15.30.49_apra_True_no-noise_reba/agg_records/pkl/round_0061_apra.pkl
62,apra,success,"[94, 87, 71, 40, 70, 28, 36, 42, 10, 27]",[true],"[94, 87, 71, 40, 70, 28, 36, 42, 10, 27]",10,1,[],re_result_6-29_APRA/cifar100_700_Jul.02_15.30.49_apra_True_no-noise_reba/agg_records/pkl/round_0062_apra.pkl
63,apra,success,"[46, 60, 73, 27, 34, 12, 38, 52, 72, 26]",[true],"[46, 60, 73, 27, 34, 12, 38, 52, 72, 26]",10,1,[],re_result_6-29_APRA/cifar100_700_Jul.02_15.30.49_apra_True_no-noise_reba/agg_records/pkl/round_0063_apra.pkl
64,apra,success,"[59, 64, 24, 56, 72, 68, 20, 94, 17, 54]",[true],"[59, 64, 24, 56, 72, 68, 20, 94, 17, 54]",10,1,[],re_result_6-29_APRA/cifar100_700_Jul.02_15.30.49_apra_True_no-noise_reba/agg_records/pkl/round_0064_apra.pkl
65,apra,success,"[76, 39, 14, 82, 91, 4, 33, 83, 88, 6]",[true],"[76, 39, 14, 82, 91, 4, 33, 83, 88, 6]",10,1,[],re_result_6-29_APRA/cifar100_700_Jul.02_15.30.49_apra_True_no-noise_reba/agg_records/pkl/round_0065_apra.pkl
66,apra,success,"[52, 34, 35, 36, 86, 38, 93, 37, 71, 33]",[true],"[52, 34, 35, 36, 86, 38, 93, 37, 71, 33]",10,1,[],re_result_6-29_APRA/cifar100_700_Jul.02_15.30.49_apra_True_no-noise_reba/agg_records/pkl/round_0066_apra.pkl
67,apra,success,"[28, 33, 74, 23, 10, 47, 81, 48, 37, 61]",[true],"[28, 33, 74, 23, 10, 47, 81, 48, 37, 61]",10,1,[],re_result_6-29_APRA/cifar100_700_Jul.02_15.30.49_apra_True_no-noise_reba/agg_records/pkl/round_0067_apra.pkl
68,apra,success,"[32, 0, 43, 14, 17, 68, 49, 33, 85, 60]",[true],"[32, 0, 43, 14, 17, 68, 49, 33, 85, 60]",10,1,[],re_result_6-29_APRA/cifar100_700_Jul.02_15.30.49_apra_True_no-noise_reba/agg_records/pkl/round_0068_apra.pkl
69,apra,success,"[91, 19, 68, 42, 16, 44, 88, 63, 17, 59]",[true],"[91, 19, 68, 42, 16, 44, 88, 63, 17, 59]",10,1,[],re_result_6-29_APRA/cifar100_700_Jul.02_15.30.49_apra_True_no-noise_reba/agg_records/pkl/round_0069_apra.pkl
70,apra,success,"[62, 0, 44, 96, 63, 84, 66, 90, 80, 26]",[true],"[62, 0, 44, 96, 63, 84, 66, 90, 80, 26]",10,1,[],re_result_6-29_APRA/cifar100_700_Jul.02_15.30.49_apra_True_no-noise_reba/agg_records/pkl/round_0070_apra.pkl
71,apra,success,"[97, 49, 79, 42, 53, 74, 15, 52, 81, 11]",[true],"[97, 49, 79, 42, 53, 74, 15, 52, 81, 11]",10,1,[],re_result_6-29_APRA/cifar100_700_Jul.02_15.30.49_apra_True_no-noise_reba/agg_records/pkl/round_0071_apra.pkl
72,apra,success,"[29, 36, 30, 24, 0, 22, 98, 95, 96, 75]",[true],"[29, 36, 30, 24, 0, 22, 98, 95, 96, 75]",10,1,[],re_result_6-29_APRA/cifar100_700_Jul.02_15.30.49_apra_True_no-noise_reba/agg_records/pkl/round_0072_apra.pkl
73,apra,success,"[18, 11, 58, 98, 40, 42, 30, 69, 61, 41]",[true],"[18, 11, 58, 98, 40, 42, 30, 69, 61, 41]",10,1,[],re_result_6-29_APRA/cifar100_700_Jul.02_15.30.49_apra_True_no-noise_reba/agg_records/pkl/round_0073_apra.pkl
74,apra,success,"[50, 6, 68, 47, 51, 23, 78, 15, 7, 9]",[true],"[50, 6, 68, 47, 51, 23, 78, 15, 7, 9]",10,1,[],re_result_6-29_APRA/cifar100_700_Jul.02_15.30.49_apra_True_no-noise_reba/agg_records/pkl/round_0074_apra.pkl
75,apra,success,"[60, 66, 23, 64, 46, 22, 83, 96, 53, 31]",[true],"[60, 66, 23, 64, 46, 22, 83, 96, 53, 31]",10,1,[],re_result_6-29_APRA/cifar100_700_Jul.02_15.30.49_apra_True_no-noise_reba/agg_records/pkl/round_0075_apra.pkl
76,apra,success,"[37, 77, 75, 36, 32, 84, 99, 44, 51, 2]",[true],"[37, 77, 75, 36, 32, 84, 99, 44, 51, 2]",10,1,[],re_result_6-29_APRA/cifar100_700_Jul.02_15.30.49_apra_True_no-noise_reba/agg_records/pkl/round_0076_apra.pkl
77,apra,success,"[35, 86, 40, 8, 27, 99, 78, 66, 19, 37]",[true],"[35, 86, 40, 8, 27, 99, 78, 66, 19, 37]",10,1,[],re_result_6-29_APRA/cifar100_700_Jul.02_15.30.49_apra_True_no-noise_reba/agg_records/pkl/round_0077_apra.pkl
78,apra,success,"[85, 32, 89, 0, 9, 3, 27, 99, 61, 5]",[true],"[85, 32, 89, 0, 9, 3, 27, 99, 61, 5]",10,1,[],re_result_6-29_APRA/cifar100_700_Jul.02_15.30.49_apra_True_no-noise_reba/agg_records/pkl/round_0078_apra.pkl
79,apra,success,"[1, 47, 84, 68, 70, 55, 91, 33, 61, 72]",[true],"[47, 84, 68, 70, 55, 91, 33, 61, 72]",10,1,[],re_result_6-29_APRA/cifar100_700_Jul.02_15.30.49_apra_True_no-noise_reba/agg_records/pkl/round_0079_apra.pkl
80,apra,success,"[28, 97, 82, 80, 2, 71, 78, 37, 75, 13]",[true],"[28, 97, 82, 80, 2, 71, 78, 37, 75, 13]",10,1,[],re_result_6-29_APRA/cifar100_700_Jul.02_15.30.49_apra_True_no-noise_reba/agg_records/pkl/round_0080_apra.pkl
81,apra,success,"[51, 59, 86, 6, 46, 16, 93, 62, 68, 12]",[true],"[51, 59, 86, 6, 46, 16, 93, 62, 68, 12]",10,1,[],re_result_6-29_APRA/cifar100_700_Jul.02_15.30.49_apra_True_no-noise_reba/agg_records/pkl/round_0081_apra.pkl
82,apra,success,"[56, 5, 16, 3, 44, 70, 46, 23, 39, 49]",[true],"[56, 5, 16, 3, 44, 70, 46, 23, 39, 49]",10,1,[],re_result_6-29_APRA/cifar100_700_Jul.02_15.30.49_apra_True_no-noise_reba/agg_records/pkl/round_0082_apra.pkl
83,apra,success,"[82, 4, 35, 72, 46, 6, 44, 20, 22, 53]",[true],"[82, 4, 35, 72, 46, 6, 44, 20, 22, 53]",10,1,[],re_result_6-29_APRA/cifar100_700_Jul.02_15.30.49_apra_True_no-noise_reba/agg_records/pkl/round_0083_apra.pkl
84,apra,success,"[79, 9, 58, 19, 61, 16, 17, 73, 84, 2]",[true],"[79, 9, 58, 19, 61, 16, 17, 73, 84, 2]",10,1,[],re_result_6-29_APRA/cifar100_700_Jul.02_15.30.49_apra_True_no-noise_reba/agg_records/pkl/round_0084_apra.pkl
85,apra,success,"[78, 42, 9, 64, 20, 66, 44, 37, 10, 83]",[true],"[78, 42, 9, 64, 20, 66, 44, 37, 10, 83]",10,1,[],re_result_6-29_APRA/cifar100_700_Jul.02_15.30.49_apra_True_no-noise_reba/agg_records/pkl/round_0085_apra.pkl
86,apra,success,"[24, 73, 83, 2, 7, 96, 33, 91, 72, 9]",[true],"[24, 73, 83, 2, 7, 96, 33, 91, 72, 9]",10,1,[],re_result_6-29_APRA/cifar100_700_Jul.02_15.30.49_apra_True_no-noise_reba/agg_records/pkl/round_0086_apra.pkl
87,apra,success,"[32, 70, 0, 51, 33, 17, 20, 67, 60, 93]",[true],"[32, 70, 0, 51, 33, 17, 20, 67, 60, 93]",10,1,[],re_result_6-29_APRA/cifar100_700_Jul.02_15.30.49_apra_True_no-noise_reba/agg_records/pkl/round_0087_apra.pkl
88,apra,success,"[15, 74, 37, 11, 12, 9, 19, 22, 94, 89]",[true],"[15, 74, 37, 11, 12, 9, 19, 22, 94, 89]",10,1,[],re_result_6-29_APRA/cifar100_700_Jul.02_15.30.49_apra_True_no-noise_reba/agg_records/pkl/round_0088_apra.pkl
89,apra,success,"[91, 81, 84, 37, 10, 23, 50, 15, 67, 51]",[true],"[91, 81, 84, 37, 10, 23, 50, 15, 67, 51]",10,1,[],re_result_6-29_APRA/cifar100_700_Jul.02_15.30.49_apra_True_no-noise_reba/agg_records/pkl/round_0089_apra.pkl
90,apra,success,"[14, 83, 6, 33, 86, 60, 17, 75, 98, 8]",[true],"[14, 83, 6, 33, 86, 60, 17, 75, 98, 8]",10,1,[],re_result_6-29_APRA/cifar100_700_Jul.02_15.30.49_apra_True_no-noise_reba/agg_records/pkl/round_0090_apra.pkl
91,apra,success,"[49, 72, 17, 90, 47, 98, 25, 22, 7, 50]",[true],"[49, 72, 17, 90, 47, 98, 25, 22, 7, 50]",10,1,[],re_result_6-29_APRA/cifar100_700_Jul.02_15.30.49_apra_True_no-noise_reba/agg_records/pkl/round_0091_apra.pkl
92,apra,success,"[81, 6, 82, 13, 66, 49, 89, 59, 69, 93]",[true],"[81, 6, 82, 13, 66, 49, 89, 59, 69, 93]",10,1,[],re_result_6-29_APRA/cifar100_700_Jul.02_15.30.49_apra_True_no-noise_reba/agg_records/pkl/round_0092_apra.pkl
93,apra,success,"[2, 4, 69, 57, 98, 19, 45, 46, 18, 32]",[true],"[2, 4, 69, 57, 98, 19, 45, 46, 18, 32]",10,1,[],re_result_6-29_APRA/cifar100_700_Jul.02_15.30.49_apra_True_no-noise_reba/agg_records/pkl/round_0093_apra.pkl
94,apra,success,"[50, 47, 15, 25, 77, 21, 11, 82, 7, 65]",[true],"[50, 47, 15, 25, 77, 21, 11, 82, 7, 65]",10,1,[],re_result_6-29_APRA/cifar100_700_Jul.02_15.30.49_apra_True_no-noise_reba/agg_records/pkl/round_0094_apra.pkl
95,apra,success,"[23, 19, 60, 83, 69, 29, 43, 67, 34, 58]",[true],"[23, 19, 60, 83, 69, 29, 43, 67, 34, 58]",10,1,[],re_result_6-29_APRA/cifar100_700_Jul.02_15.30.49_apra_True_no-noise_reba/agg_records/pkl/round_0095_apra.pkl
96,apra,success,"[1, 38, 42, 49, 62, 27, 99, 28, 70, 19]",[true],"[38, 42, 49, 62, 27, 99, 28, 70, 19]",10,1,[],re_result_6-29_APRA/cifar100_700_Jul.02_15.30.49_apra_True_no-noise_reba/agg_records/pkl/round_0096_apra.pkl
97,apra,success,"[16, 14, 6, 96, 0, 99, 2, 40, 62, 75]",[true],"[16, 14, 6, 96, 0, 99, 2, 40, 62, 75]",10,1,[],re_result_6-29_APRA/cifar100_700_Jul.02_15.30.49_apra_True_no-noise_reba/agg_records/pkl/round_0097_apra.pkl
98,apra,success,"[42, 56, 59, 47, 4, 19, 48, 2, 50, 68]",[true],"[42, 56, 59, 47, 4, 19, 48, 2, 50, 68]",10,1,[],re_result_6-29_APRA/cifar100_700_Jul.02_15.30.49_apra_True_no-noise_reba/agg_records/pkl/round_0098_apra.pkl
99,apra,success,"[30, 53, 76, 34, 75, 35, 52, 93, 37, 48]",[true],"[30, 53, 76, 34, 75, 35, 52, 93, 37, 48]",10,1,[],re_result_6-29_APRA/cifar100_700_Jul.02_15.30.49_apra_True_no-noise_reba/agg_records/pkl/round_0099_apra.pkl
100,apra,success,"[23, 80, 15, 97, 63, 14, 2, 60, 36, 9]",[true],"[23, 80, 15, 97, 63, 14, 2, 60, 36, 9]",10,1,[],re_result_6-29_APRA/cifar100_700_Jul.02_15.30.49_apra_True_no-noise_reba/agg_records/pkl/round_0100_apra.pkl
101,apra,success,"[58, 36, 42, 59, 69, 29, 96, 93, 66, 46]",[true],"[58, 36, 42, 59, 69, 29, 96, 93, 66, 46]",10,1,[],re_result_6-29_APRA/cifar100_700_Jul.02_15.30.49_apra_True_no-noise_reba/agg_records/pkl/round_0101_apra.pkl
102,apra,success,"[33, 44, 67, 17, 51, 26, 25, 5, 38, 91]",[true],"[33, 44, 67, 17, 51, 26, 25, 5, 38, 91]",10,1,[],re_result_6-29_APRA/cifar100_700_Jul.02_15.30.49_apra_True_no-noise_reba/agg_records/pkl/round_0102_apra.pkl
103,apra,success,"[62, 18, 13, 39, 19, 86, 76, 68, 41, 77]",[true],"[62, 18, 13, 39, 19, 86, 76, 68, 41, 77]",10,1,[],re_result_6-29_APRA/cifar100_700_Jul.02_15.30.49_apra_True_no-noise_reba/agg_records/pkl/round_0103_apra.pkl
104,apra,success,"[21, 80, 58, 72, 38, 71, 3, 89, 45, 94]",[true],"[21, 80, 58, 72, 38, 71, 3, 89, 45, 94]",10,1,[],re_result_6-29_APRA/cifar100_700_Jul.02_15.30.49_apra_True_no-noise_reba/agg_records/pkl/round_0104_apra.pkl
105,apra,success,"[11, 44, 20, 23, 35, 18, 31, 63, 66, 62]",[true],"[11, 44, 20, 23, 35, 18, 31, 63, 66, 62]",10,1,[],re_result_6-29_APRA/cifar100_700_Jul.02_15.30.49_apra_True_no-noise_reba/agg_records/pkl/round_0105_apra.pkl
106,apra,success,"[18, 79, 68, 76, 99, 4, 21, 86, 23, 40]",[true],"[18, 79, 68, 76, 99, 4, 21, 86, 23, 40]",10,1,[],re_result_6-29_APRA/cifar100_700_Jul.02_15.30.49_apra_True_no-noise_reba/agg_records/pkl/round_0106_apra.pkl
107,apra,success,"[56, 18, 65, 7, 49, 85, 23, 73, 59, 5]",[true],"[56, 18, 65, 7, 49, 85, 23, 73, 59, 5]",10,1,[],re_result_6-29_APRA/cifar100_700_Jul.02_15.30.49_apra_True_no-noise_reba/agg_records/pkl/round_0107_apra.pkl
108,apra,success,"[89, 64, 13, 41, 38, 24, 42, 88, 45, 92]",[true],"[89, 64, 13, 41, 38, 24, 42, 88, 45, 92]",10,1,[],re_result_6-29_APRA/cifar100_700_Jul.02_15.30.49_apra_True_no-noise_reba/agg_records/pkl/round_0108_apra.pkl
109,apra,success,"[2, 75, 21, 93, 97, 11, 6, 86, 90, 81]",[true],"[2, 75, 21, 93, 97, 11, 6, 86, 90, 81]",10,1,[],re_result_6-29_APRA/cifar100_700_Jul.02_15.30.49_apra_True_no-noise_reba/agg_records/pkl/round_0109_apra.pkl
110,apra,success,"[8, 23, 45, 14, 63, 49, 20, 24, 44, 2]",[true],"[8, 23, 45, 14, 63, 49, 20, 24, 44, 2]",10,1,[],re_result_6-29_APRA/cifar100_700_Jul.02_15.30.49_apra_True_no-noise_reba/agg_records/pkl/round_0110_apra.pkl
111,apra,success,"[63, 48, 6, 5, 46, 27, 49, 57, 60, 84]",[true],"[63, 48, 6, 5, 46, 27, 49, 57, 60, 84]",10,1,[],re_result_6-29_APRA/cifar100_700_Jul.02_15.30.49_apra_True_no-noise_reba/agg_records/pkl/round_0111_apra.pkl
112,apra,success,"[96, 24, 8, 58, 48, 91, 85, 47, 12, 61]",[true],"[96, 24, 8, 58, 48, 91, 85, 47, 12, 61]",10,1,[],re_result_6-29_APRA/cifar100_700_Jul.02_15.30.49_apra_True_no-noise_reba/agg_records/pkl/round_0112_apra.pkl
113,apra,success,"[70, 42, 31, 98, 39, 75, 20, 19, 50, 85]",[true],"[70, 42, 31, 98, 39, 75, 20, 19, 50, 85]",10,1,[],re_result_6-29_APRA/cifar100_700_Jul.02_15.30.49_apra_True_no-noise_reba/agg_records/pkl/round_0113_apra.pkl
114,apra,success,"[49, 70, 0, 61, 83, 97, 99, 75, 6, 74]",[true],"[49, 70, 0, 61, 83, 97, 99, 75, 6, 74]",10,1,[],re_result_6-29_APRA/cifar100_700_Jul.02_15.30.49_apra_True_no-noise_reba/agg_records/pkl/round_0114_apra.pkl
115,apra,success,"[58, 82, 66, 28, 5, 13, 43, 25, 79, 71]",[true],"[58, 82, 66, 28, 5, 13, 43, 25, 79, 71]",10,1,[],re_result_6-29_APRA/cifar100_700_Jul.02_15.30.49_apra_True_no-noise_reba/agg_records/pkl/round_0115_apra.pkl
116,apra,success,"[93, 23, 79, 20, 98, 51, 1, 9, 58, 54]",[true],"[93, 23, 79, 20, 98, 51, 9, 58, 54]",10,1,[],re_result_6-29_APRA/cifar100_700_Jul.02_15.30.49_apra_True_no-noise_reba/agg_records/pkl/round_0116_apra.pkl
117,apra,success,"[46, 38, 18, 23, 58, 66, 79, 50, 64, 35]",[true],"[46, 38, 18, 23, 58, 66, 79, 50, 64, 35]",10,1,[],re_result_6-29_APRA/cifar100_700_Jul.02_15.30.49_apra_True_no-noise_reba/agg_records/pkl/round_0117_apra.pkl
118,apra,success,"[73, 95, 3, 80, 46, 33, 93, 26, 66, 18]",[true],"[73, 95, 3, 80, 46, 33, 93, 26, 66, 18]",10,1,[],re_result_6-29_APRA/cifar100_700_Jul.02_15.30.49_apra_True_no-noise_reba/agg_records/pkl/round_0118_apra.pkl
119,apra,success,"[16, 50, 43, 77, 6, 17, 69, 53, 89, 81]",[true],"[16, 50, 43, 77, 6, 17, 69, 53, 89, 81]",10,1,[],re_result_6-29_APRA/cifar100_700_Jul.02_15.30.49_apra_True_no-noise_reba/agg_records/pkl/round_0119_apra.pkl
120,apra,success,"[23, 45, 34, 19, 70, 16, 83, 5, 98, 59]",[true],"[23, 45, 34, 19, 70, 16, 83, 5, 98, 59]",10,1,[],re_result_6-29_APRA/cifar100_700_Jul.02_15.30.49_apra_True_no-noise_reba/agg_records/pkl/round_0120_apra.pkl
121,apra,success,"[30, 16, 13, 47, 86, 34, 70, 68, 83, 93]",[true],"[30, 16, 13, 47, 86, 34, 70, 68, 83, 93]",10,1,[],re_result_6-29_APRA/cifar100_700_Jul.02_15.30.49_apra_True_no-noise_reba/agg_records/pkl/round_0121_apra.pkl
122,apra,success,"[87, 6, 3, 62, 51, 67, 9, 94, 13, 64]",[true],"[87, 6, 3, 62, 51, 67, 9, 94, 13, 64]",10,1,[],re_result_6-29_APRA/cifar100_700_Jul.02_15.30.49_apra_True_no-noise_reba/agg_records/pkl/round_0122_apra.pkl
123,apra,success,"[62, 75, 93, 85, 95, 52, 9, 1, 97, 27]",[true],"[62, 75, 93, 85, 95, 52, 9, 97, 27]",10,1,[],re_result_6-29_APRA/cifar100_700_Jul.02_15.30.49_apra_True_no-noise_reba/agg_records/pkl/round_0123_apra.pkl
124,apra,success,"[4, 83, 68, 69, 92, 10, 34, 48, 35, 97]",[true],"[4, 83, 68, 69, 92, 10, 34, 48, 35, 97]",10,1,[],re_result_6-29_APRA/cifar100_700_Jul.02_15.30.49_apra_True_no-noise_reba/agg_records/pkl/round_0124_apra.pkl
125,apra,success,"[35, 24, 8, 31, 91, 38, 13, 2, 94, 51]",[true],"[35, 24, 8, 31, 91, 38, 13, 2, 94, 51]",10,1,[],re_result_6-29_APRA/cifar100_700_Jul.02_15.30.49_apra_True_no-noise_reba/agg_records/pkl/round_0125_apra.pkl
126,apra,success,"[15, 87, 36, 31, 10, 34, 53, 99, 55, 56]",[true],"[15, 87, 36, 31, 10, 34, 53, 99, 55, 56]",10,1,[],re_result_6-29_APRA/cifar100_700_Jul.02_15.30.49_apra_True_no-noise_reba/agg_records/pkl/round_0126_apra.pkl
127,apra,success,"[38, 26, 37, 68, 10, 33, 80, 71, 93, 77]",[true],"[38, 26, 37, 68, 10, 33, 80, 71, 93, 77]",10,1,[],re_result_6-29_APRA/cifar100_700_Jul.02_15.30.49_apra_True_no-noise_reba/agg_records/pkl/round_0127_apra.pkl
128,apra,success,"[25, 44, 83, 27, 26, 55, 70, 47, 59, 97]",[true],"[25, 44, 83, 27, 26, 55, 70, 47, 59, 97]",10,1,[],re_result_6-29_APRA/cifar100_700_Jul.02_15.30.49_apra_True_no-noise_reba/agg_records/pkl/round_0128_apra.pkl
129,apra,success,"[21, 32, 67, 88, 94, 34, 43, 25, 85, 12]",[true],"[21, 32, 67, 88, 94, 34, 43, 25, 85, 12]",10,1,[],re_result_6-29_APRA/cifar100_700_Jul.02_15.30.49_apra_True_no-noise_reba/agg_records/pkl/round_0129_apra.pkl
130,apra,success,"[12, 70, 55, 26, 49, 17, 60, 19, 48, 69]",[true],"[12, 70, 55, 26, 49, 17, 60, 19, 48, 69]",10,1,[],re_result_6-29_APRA/cifar100_700_Jul.02_15.30.49_apra_True_no-noise_reba/agg_records/pkl/round_0130_apra.pkl
131,apra,success,"[53, 16, 86, 41, 76, 56, 45, 14, 61, 26]",[true],"[53, 16, 86, 41, 76, 56, 45, 14, 61, 26]",10,1,[],re_result_6-29_APRA/cifar100_700_Jul.02_15.30.49_apra_True_no-noise_reba/agg_records/pkl/round_0131_apra.pkl
132,apra,success,"[77, 59, 70, 44, 66, 99, 96, 21, 33, 53]",[true],"[77, 59, 70, 44, 66, 99, 96, 21, 33, 53]",10,1,[],re_result_6-29_APRA/cifar100_700_Jul.02_15.30.49_apra_True_no-noise_reba/agg_records/pkl/round_0132_apra.pkl
133,apra,success,"[84, 53, 39, 86, 5, 25, 0, 37, 62, 36]",[true],"[84, 53, 39, 86, 5, 25, 0, 37, 62, 36]",10,1,[],re_result_6-29_APRA/cifar100_700_Jul.02_15.30.49_apra_True_no-noise_reba/agg_records/pkl/round_0133_apra.pkl
134,apra,success,"[93, 28, 42, 66, 13, 74, 22, 46, 75, 2]",[true],"[93, 28, 42, 66, 13, 74, 22, 46, 75, 2]",10,1,[],re_result_6-29_APRA/cifar100_700_Jul.02_15.30.49_apra_True_no-noise_reba/agg_records/pkl/round_0134_apra.pkl
135,apra,success,"[88, 39, 34, 50, 98, 58, 36, 27, 30, 68]",[true],"[88, 39, 34, 50, 98, 58, 36, 27, 30, 68]",10,1,[],re_result_6-29_APRA/cifar100_700_Jul.02_15.30.49_apra_True_no-noise_reba/agg_records/pkl/round_0135_apra.pkl
136,apra,success,"[61, 85, 63, 99, 21, 98, 30, 97, 31, 87]",[true],"[61, 85, 63, 99, 21, 98, 30, 97, 31, 87]",10,1,[],re_result_6-29_APRA/cifar100_700_Jul.02_15.30.49_apra_True_no-noise_reba/agg_records/pkl/round_0136_apra.pkl
137,apra,success,"[10, 29, 90, 12, 79, 49, 78, 76, 52, 58]",[true],"[10, 29, 90, 12, 79, 49, 78, 76, 52, 58]",10,1,[],re_result_6-29_APRA/cifar100_700_Jul.02_15.30.49_apra_True_no-noise_reba/agg_records/pkl/round_0137_apra.pkl
138,apra,success,"[6, 87, 25, 22, 82, 10, 58, 32, 50, 88]",[true],"[6, 87, 25, 22, 82, 10, 58, 32, 50, 88]",10,1,[],re_result_6-29_APRA/cifar100_700_Jul.02_15.30.49_apra_True_no-noise_reba/agg_records/pkl/round_0138_apra.pkl
139,apra,success,"[23, 69, 15, 50, 0, 11, 82, 38, 16, 14]",[true],"[23, 69, 15, 50, 0, 11, 82, 38, 16, 14]",10,1,[],re_result_6-29_APRA/cifar100_700_Jul.02_15.30.49_apra_True_no-noise_reba/agg_records/pkl/round_0139_apra.pkl
140,apra,success,"[1, 4, 16, 14, 52, 96, 42, 26, 24, 94]",[true],"[4, 16, 14, 52, 96, 42, 26, 24, 94]",10,1,[],re_result_6-29_APRA/cifar100_700_Jul.02_15.30.49_apra_True_no-noise_reba/agg_records/pkl/round_0140_apra.pkl
141,apra,success,"[58, 44, 69, 41, 20, 49, 18, 72, 5, 65]",[true],"[58, 44, 69, 41, 20, 49, 18, 72, 5, 65]",10,1,[],re_result_6-29_APRA/cifar100_700_Jul.02_15.30.49_apra_True_no-noise_reba/agg_records/pkl/round_0141_apra.pkl
142,apra,success,"[55, 35, 61, 39, 16, 43, 93, 3, 14, 36]",[true],"[55, 35, 61, 39, 16, 43, 93, 3, 14, 36]",10,1,[],re_result_6-29_APRA/cifar100_700_Jul.02_15.30.49_apra_True_no-noise_reba/agg_records/pkl/round_0142_apra.pkl
143,apra,success,"[3, 59, 21, 65, 22, 77, 73, 13, 29, 19]",[true],"[3, 59, 21, 65, 22, 77, 73, 13, 29, 19]",10,1,[],re_result_6-29_APRA/cifar100_700_Jul.02_15.30.49_apra_True_no-noise_reba/agg_records/pkl/round_0143_apra.pkl
144,apra,success,"[27, 80, 81, 25, 52, 60, 46, 91, 58, 64]",[true],"[27, 80, 81, 25, 52, 60, 46, 91, 58, 64]",10,1,[],re_result_6-29_APRA/cifar100_700_Jul.02_15.30.49_apra_True_no-noise_reba/agg_records/pkl/round_0144_apra.pkl
145,apra,success,"[41, 25, 9, 34, 97, 11, 38, 6, 87, 98]",[true],"[41, 25, 9, 34, 97, 11, 38, 6, 87, 98]",10,1,[],re_result_6-29_APRA/cifar100_700_Jul.02_15.30.49_apra_True_no-noise_reba/agg_records/pkl/round_0145_apra.pkl
146,apra,success,"[2, 74, 49, 11, 4, 90, 45, 98, 86, 85]",[true],"[2, 74, 49, 11, 4, 90, 45, 98, 86, 85]",10,1,[],re_result_6-29_APRA/cifar100_700_Jul.02_15.30.49_apra_True_no-noise_reba/agg_records/pkl/round_0146_apra.pkl
147,apra,success,"[7, 36, 90, 89, 71, 26, 19, 40, 5, 69]",[true],"[7, 36, 90, 89, 71, 26, 19, 40, 5, 69]",10,1,[],re_result_6-29_APRA/cifar100_700_Jul.02_15.30.49_apra_True_no-noise_reba/agg_records/pkl/round_0147_apra.pkl
148,apra,success,"[69, 43, 63, 99, 80, 76, 82, 33, 13, 96]",[true],"[69, 43, 63, 99, 80, 76, 82, 33, 13, 96]",10,1,[],re_result_6-29_APRA/cifar100_700_Jul.02_15.30.49_apra_True_no-noise_reba/agg_records/pkl/round_0148_apra.pkl
149,apra,success,"[10, 98, 62, 52, 81, 61, 48, 35, 75, 99]",[true],"[10, 98, 62, 52, 81, 61, 48, 35, 75, 99]",10,1,[],re_result_6-29_APRA/cifar100_700_Jul.02_15.30.49_apra_True_no-noise_reba/agg_records/pkl/round_0149_apra.pkl
150,apra,success,"[93, 53, 8, 38, 36, 27, 92, 10, 31, 15]",[true],"[93, 53, 8, 38, 36, 27, 92, 10, 31, 15]",10,1,[],re_result_6-29_APRA/cifar100_700_Jul.02_15.30.49_apra_True_no-noise_reba/agg_records/pkl/round_0150_apra.pkl
151,apra,success,"[63, 79, 91, 56, 8, 17, 71, 42, 97, 90]",[true],"[63, 79, 91, 56, 8, 17, 71, 42, 97, 90]",10,1,[],re_result_6-29_APRA/cifar100_700_Jul.02_15.30.49_apra_True_no-noise_reba/agg_records/pkl/round_0151_apra.pkl
152,apra,success,"[2, 58, 39, 30, 47, 48, 26, 82, 4, 24]",[true],"[2, 58, 39, 30, 47, 48, 26, 82, 4, 24]",10,1,[],re_result_6-29_APRA/cifar100_700_Jul.02_15.30.49_apra_True_no-noise_reba/agg_records/pkl/round_0152_apra.pkl
153,apra,success,"[56, 67, 25, 2, 90, 53, 19, 14, 10, 9]",[true],"[56, 67, 25, 2, 90, 53, 19, 14, 10, 9]",10,1,[],re_result_6-29_APRA/cifar100_700_Jul.02_15.30.49_apra_True_no-noise_reba/agg_records/pkl/round_0153_apra.pkl
154,apra,success,"[36, 62, 76, 21, 38, 33, 0, 35, 67, 4]",[true],"[36, 62, 76, 21, 38, 33, 0, 35, 67, 4]",10,1,[],re_result_6-29_APRA/cifar100_700_Jul.02_15.30.49_apra_True_no-noise_reba/agg_records/pkl/round_0154_apra.pkl
155,apra,success,"[54, 80, 83, 58, 31, 33, 7, 68, 17, 76]",[true],"[54, 80, 83, 58, 31, 33, 7, 68, 17, 76]",10,1,[],re_result_6-29_APRA/cifar100_700_Jul.02_15.30.49_apra_True_no-noise_reba/agg_records/pkl/round_0155_apra.pkl
156,apra,success,"[47, 0, 98, 69, 54, 39, 94, 83, 32, 84]",[true],"[47, 0, 98, 69, 54, 39, 94, 83, 32, 84]",10,1,[],re_result_6-29_APRA/cifar100_700_Jul.02_15.30.49_apra_True_no-noise_reba/agg_records/pkl/round_0156_apra.pkl
157,apra,success,"[33, 5, 34, 79, 17, 78, 7, 35, 93, 59]",[true],"[33, 5, 34, 79, 17, 78, 7, 35, 93, 59]",10,1,[],re_result_6-29_APRA/cifar100_700_Jul.02_15.30.49_apra_True_no-noise_reba/agg_records/pkl/round_0157_apra.pkl
158,apra,success,"[73, 25, 77, 0, 27, 14, 43, 85, 76, 28]",[true],"[73, 25, 77, 0, 27, 14, 43, 85, 76, 28]",10,1,[],re_result_6-29_APRA/cifar100_700_Jul.02_15.30.49_apra_True_no-noise_reba/agg_records/pkl/round_0158_apra.pkl
159,apra,success,"[69, 61, 67, 7, 58, 12, 2, 51, 25, 60]",[true],"[69, 61, 67, 7, 58, 12, 2, 51, 25, 60]",10,1,[],re_result_6-29_APRA/cifar100_700_Jul.02_15.30.49_apra_True_no-noise_reba/agg_records/pkl/round_0159_apra.pkl
160,apra,success,"[67, 68, 42, 8, 83, 80, 48, 38, 1, 25]",[true],"[67, 68, 42, 8, 83, 80, 48, 38, 25]",10,1,[],re_result_6-29_APRA/cifar100_700_Jul.02_15.30.49_apra_True_no-noise_reba/agg_records/pkl/round_0160_apra.pkl
161,apra,success,"[73, 46, 10, 74, 69, 59, 61, 25, 20, 86]",[true],"[73, 46, 10, 74, 69, 59, 61, 25, 20, 86]",10,1,[],re_result_6-29_APRA/cifar100_700_Jul.02_15.30.49_apra_True_no-noise_reba/agg_records/pkl/round_0161_apra.pkl
162,apra,success,"[89, 85, 74, 26, 67, 86, 57, 29, 3, 60]",[true],"[89, 85, 74, 26, 67, 86, 57, 29, 3, 60]",10,1,[],re_result_6-29_APRA/cifar100_700_Jul.02_15.30.49_apra_True_no-noise_reba/agg_records/pkl/round_0162_apra.pkl
163,apra,success,"[55, 23, 53, 9, 88, 78, 83, 11, 94, 49]",[true],"[55, 23, 53, 9, 88, 78, 83, 11, 94, 49]",10,1,[],re_result_6-29_APRA/cifar100_700_Jul.02_15.30.49_apra_True_no-noise_reba/agg_records/pkl/round_0163_apra.pkl
164,apra,success,"[62, 87, 17, 52, 57, 77, 68, 35, 44, 92]",[true],"[62, 87, 17, 52, 57, 77, 68, 35, 44, 92]",10,1,[],re_result_6-29_APRA/cifar100_700_Jul.02_15.30.49_apra_True_no-noise_reba/agg_records/pkl/round_0164_apra.pkl
165,apra,success,"[44, 63, 8, 91, 48, 55, 22, 74, 50, 98]",[true],"[44, 63, 8, 91, 48, 55, 22, 74, 50, 98]",10,1,[],re_result_6-29_APRA/cifar100_700_Jul.02_15.30.49_apra_True_no-noise_reba/agg_records/pkl/round_0165_apra.pkl
166,apra,success,"[20, 75, 76, 55, 41, 25, 19, 69, 79, 4]",[true],"[20, 75, 76, 55, 41, 25, 19, 69, 79, 4]",10,1,[],re_result_6-29_APRA/cifar100_700_Jul.02_15.30.49_apra_True_no-noise_reba/agg_records/pkl/round_0166_apra.pkl
167,apra,success,"[85, 3, 28, 22, 8, 67, 75, 17, 6, 14]",[true],"[85, 3, 28, 22, 8, 67, 75, 17, 6, 14]",10,1,[],re_result_6-29_APRA/cifar100_700_Jul.02_15.30.49_apra_True_no-noise_reba/agg_records/pkl/round_0167_apra.pkl
168,apra,success,"[54, 45, 2, 47, 52, 61, 91, 63, 71, 43]",[true],"[54, 45, 2, 47, 52, 61, 91, 63, 71, 43]",10,1,[],re_result_6-29_APRA/cifar100_700_Jul.02_15.30.49_apra_True_no-noise_reba/agg_records/pkl/round_0168_apra.pkl
169,apra,success,"[59, 32, 4, 20, 84, 88, 61, 14, 10, 91]",[true],"[59, 32, 4, 20, 84, 88, 61, 14, 10, 91]",10,1,[],re_result_6-29_APRA/cifar100_700_Jul.02_15.30.49_apra_True_no-noise_reba/agg_records/pkl/round_0169_apra.pkl
170,apra,success,"[18, 65, 63, 44, 68, 24, 89, 30, 78, 91]",[true],"[18, 65, 63, 44, 68, 24, 89, 30, 78, 91]",10,1,[],re_result_6-29_APRA/cifar100_700_Jul.02_15.30.49_apra_True_no-noise_reba/agg_records/pkl/round_0170_apra.pkl
171,apra,success,"[88, 10, 51, 9, 82, 70, 27, 62, 93, 87]",[true],"[88, 10, 51, 9, 82, 70, 27, 62, 93, 87]",10,1,[],re_result_6-29_APRA/cifar100_700_Jul.02_15.30.49_apra_True_no-noise_reba/agg_records/pkl/round_0171_apra.pkl
172,apra,success,"[50, 17, 36, 1, 51, 31, 61, 40, 79, 75]",[true],"[50, 17, 36, 51, 31, 61, 40, 79, 75]",10,1,[],re_result_6-29_APRA/cifar100_700_Jul.02_15.30.49_apra_True_no-noise_reba/agg_records/pkl/round_0172_apra.pkl
173,apra,success,"[86, 75, 68, 54, 71, 34, 84, 32, 28, 89]",[true],"[86, 75, 68, 54, 71, 34, 84, 32, 28, 89]",10,1,[],re_result_6-29_APRA/cifar100_700_Jul.02_15.30.49_apra_True_no-noise_reba/agg_records/pkl/round_0173_apra.pkl
174,apra,success,"[27, 81, 56, 88, 86, 82, 13, 21, 33, 70]",[true],"[27, 81, 56, 88, 86, 82, 13, 21, 33, 70]",10,1,[],re_result_6-29_APRA/cifar100_700_Jul.02_15.30.49_apra_True_no-noise_reba/agg_records/pkl/round_0174_apra.pkl
175,apra,success,"[60, 67, 32, 36, 44, 41, 5, 7, 13, 0]",[true],"[60, 67, 32, 36, 44, 41, 5, 7, 13, 0]",10,1,[],re_result_6-29_APRA/cifar100_700_Jul.02_15.30.49_apra_True_no-noise_reba/agg_records/pkl/round_0175_apra.pkl
176,apra,success,"[85, 60, 11, 17, 82, 65, 62, 80, 67, 33]",[true],"[85, 60, 11, 17, 82, 65, 62, 80, 67, 33]",10,1,[],re_result_6-29_APRA/cifar100_700_Jul.02_15.30.49_apra_True_no-noise_reba/agg_records/pkl/round_0176_apra.pkl
177,apra,success,"[20, 84, 34, 26, 91, 47, 59, 14, 81, 41]",[true],"[20, 84, 34, 26, 91, 47, 59, 14, 81, 41]",10,1,[],re_result_6-29_APRA/cifar100_700_Jul.02_15.30.49_apra_True_no-noise_reba/agg_records/pkl/round_0177_apra.pkl
178,apra,success,"[74, 68, 67, 53, 49, 86, 58, 96, 57, 54]",[true],"[74, 68, 67, 53, 49, 86, 58, 96, 57, 54]",10,1,[],re_result_6-29_APRA/cifar100_700_Jul.02_15.30.49_apra_True_no-noise_reba/agg_records/pkl/round_0178_apra.pkl
179,apra,success,"[85, 41, 52, 8, 2, 62, 17, 31, 98, 90]",[true],"[85, 41, 52, 8, 2, 62, 17, 31, 98, 90]",10,1,[],re_result_6-29_APRA/cifar100_700_Jul.02_15.30.49_apra_True_no-noise_reba/agg_records/pkl/round_0179_apra.pkl
180,apra,success,"[33, 8, 90, 61, 43, 20, 63, 30, 55, 39]",[true],"[33, 8, 90, 61, 43, 20, 63, 30, 55, 39]",10,1,[],re_result_6-29_APRA/cifar100_700_Jul.02_15.30.49_apra_True_no-noise_reba/agg_records/pkl/round_0180_apra.pkl
181,apra,success,"[54, 85, 2, 17, 41, 40, 35, 47, 77, 70]",[true],"[54, 85, 2, 17, 41, 40, 35, 47, 77, 70]",10,1,[],re_result_6-29_APRA/cifar100_700_Jul.02_15.30.49_apra_True_no-noise_reba/agg_records/pkl/round_0181_apra.pkl
182,apra,success,"[21, 61, 96, 18, 8, 15, 42, 16, 39, 10]",[true],"[21, 61, 96, 18, 8, 15, 42, 16, 39, 10]",10,1,[],re_result_6-29_APRA/cifar100_700_Jul.02_15.30.49_apra_True_no-noise_reba/agg_records/pkl/round_0182_apra.pkl
183,apra,success,"[16, 25, 40, 26, 76, 8, 81, 31, 45, 89]",[true],"[16, 25, 40, 26, 76, 8, 81, 31, 45, 89]",10,1,[],re_result_6-29_APRA/cifar100_700_Jul.02_15.30.49_apra_True_no-noise_reba/agg_records/pkl/round_0183_apra.pkl
184,apra,success,"[90, 8, 17, 54, 43, 65, 7, 22, 53, 35]",[true],"[90, 8, 17, 54, 43, 65, 7, 22, 53, 35]",10,1,[],re_result_6-29_APRA/cifar100_700_Jul.02_15.30.49_apra_True_no-noise_reba/agg_records/pkl/round_0184_apra.pkl
185,apra,success,"[96, 39, 17, 4, 88, 3, 79, 83, 66, 51]",[true],"[96, 39, 17, 4, 88, 3, 79, 83, 66, 51]",10,1,[],re_result_6-29_APRA/cifar100_700_Jul.02_15.30.49_apra_True_no-noise_reba/agg_records/pkl/round_0185_apra.pkl
186,apra,success,"[67, 58, 7, 42, 20, 24, 36, 52, 25, 56]",[true],"[67, 58, 7, 42, 20, 24, 36, 52, 25, 56]",10,1,[],re_result_6-29_APRA/cifar100_700_Jul.02_15.30.49_apra_True_no-noise_reba/agg_records/pkl/round_0186_apra.pkl
187,apra,success,"[91, 4, 45, 5, 37, 39, 13, 97, 80, 26]",[true],"[91, 4, 45, 5, 37, 39, 13, 97, 80, 26]",10,1,[],re_result_6-29_APRA/cifar100_700_Jul.02_15.30.49_apra_True_no-noise_reba/agg_records/pkl/round_0187_apra.pkl
188,apra,success,"[89, 36, 33, 54, 23, 37, 92, 10, 22, 80]",[true],"[89, 36, 33, 54, 23, 37, 92, 10, 22, 80]",10,1,[],re_result_6-29_APRA/cifar100_700_Jul.02_15.30.49_apra_True_no-noise_reba/agg_records/pkl/round_0188_apra.pkl
189,apra,success,"[24, 96, 45, 44, 40, 51, 65, 84, 55, 22]",[true],"[24, 96, 45, 44, 40, 51, 65, 84, 55, 22]",10,1,[],re_result_6-29_APRA/cifar100_700_Jul.02_15.30.49_apra_True_no-noise_reba/agg_records/pkl/round_0189_apra.pkl
190,apra,success,"[21, 75, 97, 96, 9, 94, 29, 51, 39, 47]",[true],"[21, 75, 97, 96, 9, 94, 29, 51, 39, 47]",10,1,[],re_result_6-29_APRA/cifar100_700_Jul.02_15.30.49_apra_True_no-noise_reba/agg_records/pkl/round_0190_apra.pkl
191,apra,success,"[59, 34, 67, 99, 28, 7, 94, 83, 95, 77]",[true],"[59, 34, 67, 99, 28, 7, 94, 83, 95, 77]",10,1,[],re_result_6-29_APRA/cifar100_700_Jul.02_15.30.49_apra_True_no-noise_reba/agg_records/pkl/round_0191_apra.pkl
192,apra,success,"[21, 10, 48, 1, 71, 65, 3, 60, 83, 68]",[true],"[21, 10, 48, 71, 65, 3, 60, 83, 68]",10,1,[],re_result_6-29_APRA/cifar100_700_Jul.02_15.30.49_apra_True_no-noise_reba/agg_records/pkl/round_0192_apra.pkl
193,apra,success,"[82, 40, 66, 95, 34, 59, 39, 57, 63, 75]",[true],"[82, 40, 66, 95, 34, 59, 39, 57, 63, 75]",10,1,[],re_result_6-29_APRA/cifar100_700_Jul.02_15.30.49_apra_True_no-noise_reba/agg_records/pkl/round_0193_apra.pkl
194,apra,success,"[56, 88, 23, 41, 86, 37, 21, 50, 99, 48]",[true],"[56, 88, 23, 41, 86, 37, 21, 50, 99, 48]",10,1,[],re_result_6-29_APRA/cifar100_700_Jul.02_15.30.49_apra_True_no-noise_reba/agg_records/pkl/round_0194_apra.pkl
195,apra,success,"[4, 46, 22, 53, 35, 67, 20, 73, 36, 40]",[true],"[4, 46, 22, 53, 35, 67, 20, 73, 36, 40]",10,1,[],re_result_6-29_APRA/cifar100_700_Jul.02_15.30.49_apra_True_no-noise_reba/agg_records/pkl/round_0195_apra.pkl
196,apra,success,"[89, 31, 83, 67, 45, 54, 84, 87, 42, 88]",[true],"[89, 31, 83, 67, 45, 54, 84, 87, 42, 88]",10,1,[],re_result_6-29_APRA/cifar100_700_Jul.02_15.30.49_apra_True_no-noise_reba/agg_records/pkl/round_0196_apra.pkl
197,apra,success,"[25, 64, 37, 24, 71, 55, 11, 94, 32, 17]",[true],"[25, 64, 37, 24, 71, 55, 11, 94, 32, 17]",10,1,[],re_result_6-29_APRA/cifar100_700_Jul.02_15.30.49_apra_True_no-noise_reba/agg_records/pkl/round_0197_apra.pkl
198,apra,success,"[65, 10, 26, 82, 62, 46, 59, 78, 86, 7]",[true],"[65, 10, 26, 82, 62, 46, 59, 78, 86, 7]",10,1,[],re_result_6-29_APRA/cifar100_700_Jul.02_15.30.49_apra_True_no-noise_reba/agg_records/pkl/round_0198_apra.pkl
199,apra,success,"[50, 37, 34, 95, 94, 63, 86, 44, 62, 93]",[true],"[50, 37, 34, 95, 94, 63, 86, 44, 62, 93]",10,1,[],re_result_6-29_APRA/cifar100_700_Jul.02_15.30.49_apra_True_no-noise_reba/agg_records/pkl/round_0199_apra.pkl
200,apra,success,"[59, 7, 28, 8, 64, 72, 44, 1, 75, 18]",[true],"[59, 7, 28, 8, 64, 72, 44, 75, 18]",10,1,[],re_result_6-29_APRA/cifar100_700_Jul.02_15.30.49_apra_True_no-noise_reba/agg_records/pkl/round_0200_apra.pkl
201,apra,success,"[64, 77, 22, 58, 56, 60, 5, 12, 79, 55]",[true],"[64, 77, 22, 58, 56, 60, 5, 12, 79, 55]",10,1,[],re_result_6-29_APRA/cifar100_700_Jul.02_15.30.49_apra_True_no-noise_reba/agg_records/pkl/round_0201_apra.pkl
202,apra,success,"[27, 83, 59, 85, 0, 81, 87, 15, 45, 77]",[true],"[27, 83, 59, 85, 0, 81, 87, 15, 45, 77]",10,1,[],re_result_6-29_APRA/cifar100_700_Jul.02_15.30.49_apra_True_no-noise_reba/agg_records/pkl/round_0202_apra.pkl
203,apra,success,"[14, 12, 92, 72, 35, 67, 0, 95, 41, 76]",[true],"[14, 12, 92, 72, 35, 67, 0, 95, 41, 76]",10,1,[],re_result_6-29_APRA/cifar100_700_Jul.02_15.30.49_apra_True_no-noise_reba/agg_records/pkl/round_0203_apra.pkl
204,apra,success,"[98, 15, 51, 22, 27, 14, 34, 83, 82, 13]",[true],"[98, 15, 51, 22, 27, 14, 34, 83, 82, 13]",10,1,[],re_result_6-29_APRA/cifar100_700_Jul.02_15.30.49_apra_True_no-noise_reba/agg_records/pkl/round_0204_apra.pkl
205,apra,success,"[44, 27, 10, 29, 14, 55, 34, 19, 17, 18]",[true],"[44, 27, 10, 29, 14, 55, 34, 19, 17, 18]",10,1,[],re_result_6-29_APRA/cifar100_700_Jul.02_15.30.49_apra_True_no-noise_reba/agg_records/pkl/round_0205_apra.pkl
206,apra,success,"[80, 0, 53, 68, 72, 82, 5, 65, 78, 99]",[true],"[80, 0, 53, 68, 72, 82, 5, 65, 78, 99]",10,1,[],re_result_6-29_APRA/cifar100_700_Jul.02_15.30.49_apra_True_no-noise_reba/agg_records/pkl/round_0206_apra.pkl
207,apra,success,"[14, 15, 98, 13, 19, 65, 85, 59, 58, 3]",[true],"[14, 15, 98, 13, 19, 65, 85, 59, 58, 3]",10,1,[],re_result_6-29_APRA/cifar100_700_Jul.02_15.30.49_apra_True_no-noise_reba/agg_records/pkl/round_0207_apra.pkl
208,apra,success,"[48, 81, 70, 38, 51, 52, 79, 7, 65, 94]",[true],"[48, 81, 70, 38, 51, 52, 79, 7, 65, 94]",10,1,[],re_result_6-29_APRA/cifar100_700_Jul.02_15.30.49_apra_True_no-noise_reba/agg_records/pkl/round_0208_apra.pkl
209,apra,success,"[53, 50, 35, 27, 8, 41, 18, 4, 62, 58]",[true],"[53, 50, 35, 27, 8, 41, 18, 4, 62, 58]",10,1,[],re_result_6-29_APRA/cifar100_700_Jul.02_15.30.49_apra_True_no-noise_reba/agg_records/pkl/round_0209_apra.pkl
210,apra,success,"[31, 39, 33, 96, 20, 41, 44, 30, 74, 58]",[true],"[31, 39, 33, 96, 20, 41, 44, 30, 74, 58]",10,1,[],re_result_6-29_APRA/cifar100_700_Jul.02_15.30.49_apra_True_no-noise_reba/agg_records/pkl/round_0210_apra.pkl
211,apra,success,"[52, 25, 33, 24, 98, 88, 17, 21, 79, 44]",[true],"[52, 25, 33, 24, 98, 88, 17, 21, 79, 44]",10,1,[],re_result_6-29_APRA/cifar100_700_Jul.02_15.30.49_apra_True_no-noise_reba/agg_records/pkl/round_0211_apra.pkl
212,apra,success,"[61, 19, 20, 88, 39, 28, 93, 18, 11, 82]",[true],"[61, 19, 20, 88, 39, 28, 93, 18, 11, 82]",10,1,[],re_result_6-29_APRA/cifar100_700_Jul.02_15.30.49_apra_True_no-noise_reba/agg_records/pkl/round_0212_apra.pkl
213,apra,success,"[81, 79, 32, 95, 57, 42, 70, 44, 71, 4]",[true],"[81, 79, 32, 95, 57, 42, 70, 44, 71, 4]",10,1,[],re_result_6-29_APRA/cifar100_700_Jul.02_15.30.49_apra_True_no-noise_reba/agg_records/pkl/round_0213_apra.pkl
214,apra,success,"[64, 88, 45, 59, 36, 49, 75, 26, 65, 16]",[true],"[64, 88, 45, 59, 36, 49, 75, 26, 65, 16]",10,1,[],re_result_6-29_APRA/cifar100_700_Jul.02_15.30.49_apra_True_no-noise_reba/agg_records/pkl/round_0214_apra.pkl
215,apra,success,"[2, 23, 21, 97, 5, 45, 0, 37, 59, 43]",[true],"[2, 23, 21, 97, 5, 45, 0, 37, 59, 43]",10,1,[],re_result_6-29_APRA/cifar100_700_Jul.02_15.30.49_apra_True_no-noise_reba/agg_records/pkl/round_0215_apra.pkl
216,apra,success,"[73, 5, 81, 79, 60, 93, 98, 68, 84, 18]",[true],"[73, 5, 81, 79, 60, 93, 98, 68, 84, 18]",10,1,[],re_result_6-29_APRA/cifar100_700_Jul.02_15.30.49_apra_True_no-noise_reba/agg_records/pkl/round_0216_apra.pkl
217,apra,success,"[80, 64, 84, 91, 5, 66, 3, 55, 10, 18]",[true],"[80, 64, 84, 91, 5, 66, 3, 55, 10, 18]",10,1,[],re_result_6-29_APRA/cifar100_700_Jul.02_15.30.49_apra_True_no-noise_reba/agg_records/pkl/round_0217_apra.pkl
218,apra,success,"[66, 43, 38, 23, 14, 36, 56, 61, 84, 3]",[true],"[66, 43, 38, 23, 14, 36, 56, 61, 84, 3]",10,1,[],re_result_6-29_APRA/cifar100_700_Jul.02_15.30.49_apra_True_no-noise_reba/agg_records/pkl/round_0218_apra.pkl
219,apra,success,"[68, 82, 7, 80, 11, 17, 97, 23, 45, 21]",[true],"[68, 82, 7, 80, 11, 17, 97, 23, 45, 21]",10,1,[],re_result_6-29_APRA/cifar100_700_Jul.02_15.30.49_apra_True_no-noise_reba/agg_records/pkl/round_0219_apra.pkl
220,apra,success,"[8, 95, 62, 55, 4, 88, 19, 79, 80, 12]",[true],"[8, 95, 62, 55, 4, 88, 19, 79, 80, 12]",10,1,[],re_result_6-29_APRA/cifar100_700_Jul.02_15.30.49_apra_True_no-noise_reba/agg_records/pkl/round_0220_apra.pkl
221,apra,success,"[36, 62, 9, 44, 98, 96, 16, 12, 90, 52]",[true],"[36, 62, 9, 44, 98, 96, 16, 12, 90, 52]",10,1,[],re_result_6-29_APRA/cifar100_700_Jul.02_15.30.49_apra_True_no-noise_reba/agg_records/pkl/round_0221_apra.pkl
222,apra,success,"[82, 60, 90, 66, 26, 1, 36, 61, 15, 42]",[true],"[82, 60, 90, 66, 26, 36, 61, 15, 42]",10,1,[],re_result_6-29_APRA/cifar100_700_Jul.02_15.30.49_apra_True_no-noise_reba/agg_records/pkl/round_0222_apra.pkl
223,apra,success,"[54, 59, 27, 61, 96, 89, 72, 87, 67, 75]",[true],"[54, 59, 27, 61, 96, 89, 72, 87, 67, 75]",10,1,[],re_result_6-29_APRA/cifar100_700_Jul.02_15.30.49_apra_True_no-noise_reba/agg_records/pkl/round_0223_apra.pkl
224,apra,success,"[6, 58, 49, 15, 82, 48, 43, 11, 66, 54]",[true],"[6, 58, 49, 15, 82, 48, 43, 11, 66, 54]",10,1,[],re_result_6-29_APRA/cifar100_700_Jul.02_15.30.49_apra_True_no-noise_reba/agg_records/pkl/round_0224_apra.pkl
225,apra,success,"[45, 32, 34, 86, 75, 83, 40, 33, 89, 60]",[true],"[45, 32, 34, 86, 75, 83, 40, 33, 89, 60]",10,1,[],re_result_6-29_APRA/cifar100_700_Jul.02_15.30.49_apra_True_no-noise_reba/agg_records/pkl/round_0225_apra.pkl
226,apra,success,"[63, 40, 4, 85, 68, 2, 95, 21, 90, 45]",[true],"[63, 40, 4, 85, 68, 2, 95, 21, 90, 45]",10,1,[],re_result_6-29_APRA/cifar100_700_Jul.02_15.30.49_apra_True_no-noise_reba/agg_records/pkl/round_0226_apra.pkl
227,apra,success,"[25, 63, 79, 44, 86, 2, 54, 26, 88, 37]",[true],"[25, 63, 79, 44, 86, 2, 54, 26, 88, 37]",10,1,[],re_result_6-29_APRA/cifar100_700_Jul.02_15.30.49_apra_True_no-noise_reba/agg_records/pkl/round_0227_apra.pkl
228,apra,success,"[77, 88, 94, 13, 59, 50, 52, 16, 86, 12]",[true],"[77, 88, 94, 13, 59, 50, 52, 16, 86, 12]",10,1,[],re_result_6-29_APRA/cifar100_700_Jul.02_15.30.49_apra_True_no-noise_reba/agg_records/pkl/round_0228_apra.pkl
229,apra,success,"[53, 74, 75, 78, 89, 92, 79, 19, 46, 68]",[true],"[53, 74, 75, 78, 89, 92, 79, 19, 46, 68]",10,1,[],re_result_6-29_APRA/cifar100_700_Jul.02_15.30.49_apra_True_no-noise_reba/agg_records/pkl/round_0229_apra.pkl
230,apra,success,"[39, 32, 2, 46, 9, 68, 33, 8, 83, 29]",[true],"[39, 32, 2, 46, 9, 68, 33, 8, 83, 29]",10,1,[],re_result_6-29_APRA/cifar100_700_Jul.02_15.30.49_apra_True_no-noise_reba/agg_records/pkl/round_0230_apra.pkl
231,apra,success,"[27, 84, 35, 16, 78, 98, 86, 40, 44, 79]",[true],"[27, 84, 35, 16, 78, 98, 86, 40, 44, 79]",10,1,[],re_result_6-29_APRA/cifar100_700_Jul.02_15.30.49_apra_True_no-noise_reba/agg_records/pkl/round_0231_apra.pkl
232,apra,success,"[37, 48, 95, 13, 36, 10, 15, 31, 23, 74]",[true],"[37, 48, 95, 13, 36, 10, 15, 31, 23, 74]",10,1,[],re_result_6-29_APRA/cifar100_700_Jul.02_15.30.49_apra_True_no-noise_reba/agg_records/pkl/round_0232_apra.pkl
233,apra,success,"[16, 12, 21, 94, 92, 90, 95, 17, 51, 58]",[true],"[16, 12, 21, 94, 92, 90, 95, 17, 51, 58]",10,1,[],re_result_6-29_APRA/cifar100_700_Jul.02_15.30.49_apra_True_no-noise_reba/agg_records/pkl/round_0233_apra.pkl
234,apra,success,"[54, 13, 15, 75, 49, 21, 39, 46, 36, 28]",[true],"[54, 13, 15, 75, 49, 21, 39, 46, 36, 28]",10,1,[],re_result_6-29_APRA/cifar100_700_Jul.02_15.30.49_apra_True_no-noise_reba/agg_records/pkl/round_0234_apra.pkl
235,apra,success,"[66, 29, 10, 2, 87, 41, 38, 7, 90, 89]",[true],"[66, 29, 10, 2, 87, 41, 38, 7, 90, 89]",10,1,[],re_result_6-29_APRA/cifar100_700_Jul.02_15.30.49_apra_True_no-noise_reba/agg_records/pkl/round_0235_apra.pkl
236,apra,success,"[76, 27, 2, 81, 25, 75, 34, 64, 38, 13]",[true],"[76, 27, 2, 81, 25, 75, 34, 64, 38, 13]",10,1,[],re_result_6-29_APRA/cifar100_700_Jul.02_15.30.49_apra_True_no-noise_reba/agg_records/pkl/round_0236_apra.pkl
237,apra,success,"[37, 55, 69, 10, 97, 92, 9, 51, 4, 31]",[true],"[37, 55, 69, 10, 97, 92, 9, 51, 4, 31]",10,1,[],re_result_6-29_APRA/cifar100_700_Jul.02_15.30.49_apra_True_no-noise_reba/agg_records/pkl/round_0237_apra.pkl
238,apra,success,"[50, 89, 20, 52, 21, 76, 28, 26, 73, 40]",[true],"[50, 89, 20, 52, 21, 76, 28, 26, 73, 40]",10,1,[],re_result_6-29_APRA/cifar100_700_Jul.02_15.30.49_apra_True_no-noise_reba/agg_records/pkl/round_0238_apra.pkl
239,apra,success,"[72, 33, 47, 3, 1, 12, 53, 0, 26, 11]",[true],"[72, 33, 47, 3, 12, 53, 0, 26, 11]",10,1,[],re_result_6-29_APRA/cifar100_700_Jul.02_15.30.49_apra_True_no-noise_reba/agg_records/pkl/round_0239_apra.pkl
240,apra,success,"[82, 1, 98, 54, 57, 60, 19, 65, 62, 96]",[true],"[82, 98, 54, 57, 60, 19, 65, 62, 96]",10,1,[],re_result_6-29_APRA/cifar100_700_Jul.02_15.30.49_apra_True_no-noise_reba/agg_records/pkl/round_0240_apra.pkl
241,apra,success,"[21, 70, 45, 79, 27, 17, 10, 2, 14, 50]",[true],"[21, 70, 45, 79, 27, 17, 10, 2, 14, 50]",10,1,[],re_result_6-29_APRA/cifar100_700_Jul.02_15.30.49_apra_True_no-noise_reba/agg_records/pkl/round_0241_apra.pkl
242,apra,success,"[22, 58, 55, 70, 42, 23, 0, 50, 40, 11]",[true],"[22, 58, 55, 70, 42, 23, 0, 50, 40, 11]",10,1,[],re_result_6-29_APRA/cifar100_700_Jul.02_15.30.49_apra_True_no-noise_reba/agg_records/pkl/round_0242_apra.pkl
243,apra,success,"[18, 31, 45, 59, 24, 26, 16, 56, 64, 3]",[true],"[18, 31, 45, 59, 24, 26, 16, 56, 64, 3]",10,1,[],re_result_6-29_APRA/cifar100_700_Jul.02_15.30.49_apra_True_no-noise_reba/agg_records/pkl/round_0243_apra.pkl
244,apra,success,"[93, 3, 57, 90, 21, 85, 19, 7, 35, 58]",[true],"[93, 3, 57, 90, 21, 85, 19, 7, 35, 58]",10,1,[],re_result_6-29_APRA/cifar100_700_Jul.02_15.30.49_apra_True_no-noise_reba/agg_records/pkl/round_0244_apra.pkl
245,apra,success,"[24, 54, 36, 73, 52, 22, 43, 19, 23, 47]",[true],"[24, 54, 36, 73, 52, 22, 43, 19, 23, 47]",10,1,[],re_result_6-29_APRA/cifar100_700_Jul.02_15.30.49_apra_True_no-noise_reba/agg_records/pkl/round_0245_apra.pkl
246,apra,success,"[91, 72, 47, 64, 65, 90, 82, 48, 49, 32]",[true],"[91, 72, 47, 64, 65, 90, 82, 48, 49, 32]",10,1,[],re_result_6-29_APRA/cifar100_700_Jul.02_15.30.49_apra_True_no-noise_reba/agg_records/pkl/round_0246_apra.pkl
247,apra,success,"[25, 88, 80, 50, 76, 14, 85, 71, 1, 29]",[true],"[25, 88, 80, 50, 76, 14, 85, 71, 29]",10,1,[],re_result_6-29_APRA/cifar100_700_Jul.02_15.30.49_apra_True_no-noise_reba/agg_records/pkl/round_0247_apra.pkl
248,apra,success,"[87, 63, 42, 46, 69, 28, 65, 47, 43, 1]",[true],"[87, 63, 42, 46, 69, 28, 65, 47, 43]",10,1,[],re_result_6-29_APRA/cifar100_700_Jul.02_15.30.49_apra_True_no-noise_reba/agg_records/pkl/round_0248_apra.pkl
249,apra,success,"[26, 36, 9, 37, 79, 66, 91, 95, 6, 15]",[true],"[26, 36, 9, 37, 79, 66, 91, 95, 6, 15]",10,1,[],re_result_6-29_APRA/cifar100_700_Jul.02_15.30.49_apra_True_no-noise_reba/agg_records/pkl/round_0249_apra.pkl
250,apra,success,"[64, 19, 99, 29, 61, 88, 46, 2, 12, 90]",[true],"[64, 19, 99, 29, 61, 88, 46, 2, 12, 90]",10,1,[],re_result_6-29_APRA/cifar100_700_Jul.02_15.30.49_apra_True_no-noise_reba/agg_records/pkl/round_0250_apra.pkl
251,apra,success,"[33, 60, 83, 51, 71, 59, 96, 32, 8, 72]",[true],"[33, 60, 83, 51, 71, 59, 96, 32, 8, 72]",10,1,[],re_result_6-29_APRA/cifar100_700_Jul.02_15.30.49_apra_True_no-noise_reba/agg_records/pkl/round_0251_apra.pkl
252,apra,success,"[85, 89, 5, 69, 22, 4, 90, 7, 83, 37]",[true],"[85, 89, 5, 69, 22, 4, 90, 7, 83, 37]",10,1,[],re_result_6-29_APRA/cifar100_700_Jul.02_15.30.49_apra_True_no-noise_reba/agg_records/pkl/round_0252_apra.pkl
253,apra,success,"[48, 66, 90, 85, 13, 64, 99, 40, 81, 32]",[true],"[48, 66, 90, 85, 13, 64, 99, 40, 81, 32]",10,1,[],re_result_6-29_APRA/cifar100_700_Jul.02_15.30.49_apra_True_no-noise_reba/agg_records/pkl/round_0253_apra.pkl
254,apra,success,"[92, 45, 50, 59, 29, 9, 88, 0, 77, 2]",[true],"[92, 45, 50, 59, 29, 9, 88, 0, 77, 2]",10,1,[],re_result_6-29_APRA/cifar100_700_Jul.02_15.30.49_apra_True_no-noise_reba/agg_records/pkl/round_0254_apra.pkl
255,apra,success,"[44, 32, 35, 88, 41, 79, 22, 16, 98, 96]",[true],"[44, 32, 35, 88, 41, 79, 22, 16, 98, 96]",10,1,[],re_result_6-29_APRA/cifar100_700_Jul.02_15.30.49_apra_True_no-noise_reba/agg_records/pkl/round_0255_apra.pkl
256,apra,success,"[43, 39, 76, 93, 51, 25, 4, 37, 58, 21]",[true],"[43, 39, 76, 93, 51, 25, 4, 37, 58, 21]",10,1,[],re_result_6-29_APRA/cifar100_700_Jul.02_15.30.49_apra_True_no-noise_reba/agg_records/pkl/round_0256_apra.pkl
257,apra,success,"[21, 28, 88, 76, 84, 43, 63, 11, 36, 72]",[true],"[21, 28, 88, 76, 84, 43, 63, 11, 36, 72]",10,1,[],re_result_6-29_APRA/cifar100_700_Jul.02_15.30.49_apra_True_no-noise_reba/agg_records/pkl/round_0257_apra.pkl
258,apra,success,"[81, 30, 98, 84, 10, 53, 2, 6, 88, 15]",[true],"[81, 30, 98, 84, 10, 53, 2, 6, 88, 15]",10,1,[],re_result_6-29_APRA/cifar100_700_Jul.02_15.30.49_apra_True_no-noise_reba/agg_records/pkl/round_0258_apra.pkl
259,apra,success,"[98, 67, 83, 12, 73, 44, 11, 74, 62, 75]",[true],"[98, 67, 83, 12, 73, 44, 11, 74, 62, 75]",10,1,[],re_result_6-29_APRA/cifar100_700_Jul.02_15.30.49_apra_True_no-noise_reba/agg_records/pkl/round_0259_apra.pkl
260,apra,success,"[17, 7, 47, 43, 6, 32, 72, 44, 97, 14]",[true],"[17, 7, 47, 43, 6, 32, 72, 44, 97, 14]",10,1,[],re_result_6-29_APRA/cifar100_700_Jul.02_15.30.49_apra_True_no-noise_reba/agg_records/pkl/round_0260_apra.pkl
261,apra,success,"[21, 42, 88, 26, 86, 90, 3, 33, 61, 79]",[true],"[21, 42, 88, 26, 86, 90, 3, 33, 61, 79]",10,1,[],re_result_6-29_APRA/cifar100_700_Jul.02_15.30.49_apra_True_no-noise_reba/agg_records/pkl/round_0261_apra.pkl
262,apra,success,"[95, 12, 61, 37, 18, 28, 87, 99, 4, 6]",[true],"[95, 12, 61, 37, 18, 28, 87, 99, 4, 6]",10,1,[],re_result_6-29_APRA/cifar100_700_Jul.02_15.30.49_apra_True_no-noise_reba/agg_records/pkl/round_0262_apra.pkl
263,apra,success,"[97, 17, 72, 71, 31, 24, 64, 73, 19, 38]",[true],"[97, 17, 72, 71, 31, 24, 64, 73, 19, 38]",10,1,[],re_result_6-29_APRA/cifar100_700_Jul.02_15.30.49_apra_True_no-noise_reba/agg_records/pkl/round_0263_apra.pkl
264,apra,success,"[93, 62, 84, 9, 52, 29, 25, 38, 94, 2]",[true],"[93, 62, 84, 9, 52, 29, 25, 38, 94, 2]",10,1,[],re_result_6-29_APRA/cifar100_700_Jul.02_15.30.49_apra_True_no-noise_reba/agg_records/pkl/round_0264_apra.pkl
265,apra,success,"[15, 53, 99, 32, 14, 47, 31, 23, 8, 27]",[true],"[15, 53, 99, 32, 14, 47, 31, 23, 8, 27]",10,1,[],re_result_6-29_APRA/cifar100_700_Jul.02_15.30.49_apra_True_no-noise_reba/agg_records/pkl/round_0265_apra.pkl
266,apra,success,"[13, 48, 45, 61, 33, 12, 20, 73, 72, 32]",[true],"[13, 48, 45, 61, 33, 12, 20, 73, 72, 32]",10,1,[],re_result_6-29_APRA/cifar100_700_Jul.02_15.30.49_apra_True_no-noise_reba/agg_records/pkl/round_0266_apra.pkl
267,apra,success,"[88, 68, 82, 43, 20, 66, 70, 14, 63, 24]",[true],"[88, 68, 82, 43, 20, 66, 70, 14, 63, 24]",10,1,[],re_result_6-29_APRA/cifar100_700_Jul.02_15.30.49_apra_True_no-noise_reba/agg_records/pkl/round_0267_apra.pkl
268,apra,success,"[67, 95, 6, 12, 68, 30, 81, 83, 26, 47]",[true],"[67, 95, 6, 12, 68, 30, 81, 83, 26, 47]",10,1,[],re_result_6-29_APRA/cifar100_700_Jul.02_15.30.49_apra_True_no-noise_reba/agg_records/pkl/round_0268_apra.pkl
269,apra,success,"[34, 65, 29, 45, 76, 71, 13, 92, 73, 39]",[true],"[34, 65, 29, 45, 76, 71, 13, 92, 73, 39]",10,1,[],re_result_6-29_APRA/cifar100_700_Jul.02_15.30.49_apra_True_no-noise_reba/agg_records/pkl/round_0269_apra.pkl
270,apra,success,"[18, 30, 11, 83, 40, 52, 85, 8, 25, 46]",[true],"[18, 30, 11, 83, 40, 52, 85, 8, 25, 46]",10,1,[],re_result_6-29_APRA/cifar100_700_Jul.02_15.30.49_apra_True_no-noise_reba/agg_records/pkl/round_0270_apra.pkl
271,apra,success,"[81, 84, 50, 7, 42, 85, 58, 66, 35, 27]",[true],"[81, 84, 50, 7, 42, 85, 58, 66, 35, 27]",10,1,[],re_result_6-29_APRA/cifar100_700_Jul.02_15.30.49_apra_True_no-noise_reba/agg_records/pkl/round_0271_apra.pkl
272,apra,success,"[6, 74, 83, 40, 18, 69, 87, 91, 57, 99]",[true],"[6, 74, 83, 40, 18, 69, 87, 91, 57, 99]",10,1,[],re_result_6-29_APRA/cifar100_700_Jul.02_15.30.49_apra_True_no-noise_reba/agg_records/pkl/round_0272_apra.pkl
273,apra,success,"[46, 98, 35, 5, 79, 1, 34, 83, 88, 10]",[true],"[46, 98, 35, 5, 79, 34, 83, 88, 10]",10,1,[],re_result_6-29_APRA/cifar100_700_Jul.02_15.30.49_apra_True_no-noise_reba/agg_records/pkl/round_0273_apra.pkl
274,apra,success,"[44, 46, 43, 33, 35, 50, 58, 66, 89, 17]",[true],"[44, 46, 43, 33, 35, 50, 58, 66, 89, 17]",10,1,[],re_result_6-29_APRA/cifar100_700_Jul.02_15.30.49_apra_True_no-noise_reba/agg_records/pkl/round_0274_apra.pkl
275,apra,success,"[41, 47, 2, 81, 8, 57, 91, 56, 15, 60]",[true],"[41, 47, 2, 81, 8, 57, 91, 56, 15, 60]",10,1,[],re_result_6-29_APRA/cifar100_700_Jul.02_15.30.49_apra_True_no-noise_reba/agg_records/pkl/round_0275_apra.pkl
276,apra,success,"[45, 22, 93, 54, 60, 73, 1, 64, 18, 44]",[true],"[45, 22, 93, 54, 60, 73, 64, 18, 44]",10,1,[],re_result_6-29_APRA/cifar100_700_Jul.02_15.30.49_apra_True_no-noise_reba/agg_records/pkl/round_0276_apra.pkl
277,apra,success,"[89, 67, 75, 63, 5, 18, 60, 15, 53, 41]",[true],"[89, 67, 75, 63, 5, 18, 60, 15, 53, 41]",10,1,[],re_result_6-29_APRA/cifar100_700_Jul.02_15.30.49_apra_True_no-noise_reba/agg_records/pkl/round_0277_apra.pkl
278,apra,success,"[73, 4, 31, 14, 17, 84, 65, 27, 75, 8]",[true],"[73, 4, 31, 14, 17, 84, 65, 27, 75, 8]",10,1,[],re_result_6-29_APRA/cifar100_700_Jul.02_15.30.49_apra_True_no-noise_reba/agg_records/pkl/round_0278_apra.pkl
279,apra,success,"[59, 53, 67, 94, 72, 38, 2, 13, 81, 24]",[true],"[59, 53, 67, 94, 72, 38, 2, 13, 81, 24]",10,1,[],re_result_6-29_APRA/cifar100_700_Jul.02_15.30.49_apra_True_no-noise_reba/agg_records/pkl/round_0279_apra.pkl
280,apra,success,"[92, 3, 0, 58, 11, 79, 27, 19, 14, 7]",[true],"[92, 3, 0, 58, 11, 79, 27, 19, 14, 7]",10,1,[],re_result_6-29_APRA/cifar100_700_Jul.02_15.30.49_apra_True_no-noise_reba/agg_records/pkl/round_0280_apra.pkl
281,apra,success,"[50, 84, 46, 2, 4, 67, 69, 16, 88, 91]",[true],"[50, 84, 46, 2, 4, 67, 69, 16, 88, 91]",10,1,[],re_result_6-29_APRA/cifar100_700_Jul.02_15.30.49_apra_True_no-noise_reba/agg_records/pkl/round_0281_apra.pkl
282,apra,success,"[4, 82, 74, 27, 61, 8, 49, 29, 26, 69]",[true],"[4, 82, 74, 27, 61, 8, 49, 29, 26, 69]",10,1,[],re_result_6-29_APRA/cifar100_700_Jul.02_15.30.49_apra_True_no-noise_reba/agg_records/pkl/round_0282_apra.pkl
283,apra,success,"[52, 61, 44, 83, 54, 92, 36, 84, 59, 16]",[true],"[52, 61, 44, 83, 54, 92, 36, 84, 59, 16]",10,1,[],re_result_6-29_APRA/cifar100_700_Jul.02_15.30.49_apra_True_no-noise_reba/agg_records/pkl/round_0283_apra.pkl
284,apra,success,"[34, 96, 59, 31, 9, 32, 63, 29, 95, 54]",[true],"[34, 96, 59, 31, 9, 32, 63, 29, 95, 54]",10,1,[],re_result_6-29_APRA/cifar100_700_Jul.02_15.30.49_apra_True_no-noise_reba/agg_records/pkl/round_0284_apra.pkl
285,apra,success,"[3, 92, 15, 71, 65, 97, 5, 40, 94, 37]",[true],"[3, 92, 15, 71, 65, 97, 5, 40, 94, 37]",10,1,[],re_result_6-29_APRA/cifar100_700_Jul.02_15.30.49_apra_True_no-noise_reba/agg_records/pkl/round_0285_apra.pkl
286,apra,success,"[42, 51, 46, 35, 60, 93, 83, 56, 27, 10]",[true],"[42, 51, 46, 35, 60, 93, 83, 56, 27, 10]",10,1,[],re_result_6-29_APRA/cifar100_700_Jul.02_15.30.49_apra_True_no-noise_reba/agg_records/pkl/round_0286_apra.pkl
287,apra,success,"[78, 89, 62, 77, 87, 44, 64, 71, 80, 18]",[true],"[78, 89, 62, 77, 87, 44, 64, 71, 80, 18]",10,1,[],re_result_6-29_APRA/cifar100_700_Jul.02_15.30.49_apra_True_no-noise_reba/agg_records/pkl/round_0287_apra.pkl
288,apra,success,"[59, 33, 82, 38, 55, 72, 80, 58, 0, 63]",[true],"[59, 33, 82, 38, 55, 72, 80, 58, 0, 63]",10,1,[],re_result_6-29_APRA/cifar100_700_Jul.02_15.30.49_apra_True_no-noise_reba/agg_records/pkl/round_0288_apra.pkl
289,apra,success,"[92, 54, 16, 38, 45, 58, 81, 82, 3, 19]",[true],"[92, 54, 16, 38, 45, 58, 81, 82, 3, 19]",10,1,[],re_result_6-29_APRA/cifar100_700_Jul.02_15.30.49_apra_True_no-noise_reba/agg_records/pkl/round_0289_apra.pkl
290,apra,success,"[70, 96, 62, 39, 90, 0, 12, 84, 54, 14]",[true],"[70, 96, 62, 39, 90, 0, 12, 84, 54, 14]",10,1,[],re_result_6-29_APRA/cifar100_700_Jul.02_15.30.49_apra_True_no-noise_reba/agg_records/pkl/round_0290_apra.pkl
291,apra,success,"[0, 84, 66, 36, 73, 32, 90, 43, 34, 80]",[true],"[0, 84, 66, 36, 73, 32, 90, 43, 34, 80]",10,1,[],re_result_6-29_APRA/cifar100_700_Jul.02_15.30.49_apra_True_no-noise_reba/agg_records/pkl/round_0291_apra.pkl
292,apra,success,"[10, 65, 69, 89, 94, 93, 47, 26, 33, 71]",[true],"[10, 65, 69, 89, 94, 93, 47, 26, 33, 71]",10,1,[],re_result_6-29_APRA/cifar100_700_Jul.02_15.30.49_apra_True_no-noise_reba/agg_records/pkl/round_0292_apra.pkl
293,apra,success,"[75, 74, 83, 12, 58, 87, 57, 44, 90, 82]",[true],"[75, 74, 83, 12, 58, 87, 57, 44, 90, 82]",10,1,[],re_result_6-29_APRA/cifar100_700_Jul.02_15.30.49_apra_True_no-noise_reba/agg_records/pkl/round_0293_apra.pkl
294,apra,success,"[95, 46, 64, 36, 1, 29, 96, 91, 94, 79]",[true],"[95, 46, 64, 36, 29, 96, 91, 94, 79]",10,1,[],re_result_6-29_APRA/cifar100_700_Jul.02_15.30.49_apra_True_no-noise_reba/agg_records/pkl/round_0294_apra.pkl
295,apra,success,"[32, 41, 68, 49, 36, 15, 99, 27, 79, 25]",[true],"[32, 41, 68, 49, 36, 15, 99, 27, 79, 25]",10,1,[],re_result_6-29_APRA/cifar100_700_Jul.02_15.30.49_apra_True_no-noise_reba/agg_records/pkl/round_0295_apra.pkl
296,apra,success,"[30, 48, 27, 84, 85, 89, 32, 31, 39, 57]",[true],"[30, 48, 27, 84, 85, 89, 32, 31, 39, 57]",10,1,[],re_result_6-29_APRA/cifar100_700_Jul.02_15.30.49_apra_True_no-noise_reba/agg_records/pkl/round_0296_apra.pkl
297,apra,success,"[16, 62, 90, 65, 84, 46, 43, 38, 61, 83]",[true],"[16, 62, 90, 65, 84, 46, 43, 38, 61, 83]",10,1,[],re_result_6-29_APRA/cifar100_700_Jul.02_15.30.49_apra_True_no-noise_reba/agg_records/pkl/round_0297_apra.pkl
298,apra,success,"[29, 10, 94, 73, 20, 55, 12, 18, 11, 8]",[true],"[29, 10, 94, 73, 20, 55, 12, 18, 11, 8]",10,1,[],re_result_6-29_APRA/cifar100_700_Jul.02_15.30.49_apra_True_no-noise_reba/agg_records/pkl/round_0298_apra.pkl
299,apra,success,"[37, 79, 52, 7, 31, 19, 84, 30, 4, 28]",[true],"[37, 79, 52, 7, 31, 19, 84, 30, 4, 28]",10,1,[],re_result_6-29_APRA/cifar100_700_Jul.02_15.30.49_apra_True_no-noise_reba/agg_records/pkl/round_0299_apra.pkl
300,apra,success,"[72, 11, 84, 0, 21, 63, 78, 18, 31, 14]",[true],"[72, 11, 84, 0, 21, 63, 78, 18, 31, 14]",10,1,[],re_result_6-29_APRA/cifar100_700_Jul.02_15.30.49_apra_True_no-noise_reba/agg_records/pkl/round_0300_apra.pkl
301,apra,success,"[76, 32, 40, 72, 70, 56, 64, 98, 28, 33]",[true],"[76, 32, 40, 72, 70, 56, 64, 98, 28, 33]",10,1,[],re_result_6-29_APRA/cifar100_700_Jul.02_15.30.49_apra_True_no-noise_reba/agg_records/pkl/round_0301_apra.pkl
302,apra,success,"[68, 99, 88, 66, 50, 90, 34, 28, 82, 25]",[true],"[68, 99, 88, 66, 50, 90, 34, 28, 82, 25]",10,1,[],re_result_6-29_APRA/cifar100_700_Jul.02_15.30.49_apra_True_no-noise_reba/agg_records/pkl/round_0302_apra.pkl
303,apra,success,"[60, 68, 8, 39, 21, 29, 28, 92, 50, 6]",[true],"[60, 68, 8, 39, 21, 29, 28, 92, 50, 6]",10,1,[],re_result_6-29_APRA/cifar100_700_Jul.02_15.30.49_apra_True_no-noise_reba/agg_records/pkl/round_0303_apra.pkl
304,apra,success,"[69, 84, 18, 24, 38, 45, 47, 93, 46, 57]",[true],"[69, 84, 18, 24, 38, 45, 47, 93, 46, 57]",10,1,[],re_result_6-29_APRA/cifar100_700_Jul.02_15.30.49_apra_True_no-noise_reba/agg_records/pkl/round_0304_apra.pkl
305,apra,success,"[89, 0, 8, 78, 24, 40, 84, 17, 18, 15]",[true],"[89, 0, 8, 78, 24, 40, 84, 17, 18, 15]",10,1,[],re_result_6-29_APRA/cifar100_700_Jul.02_15.30.49_apra_True_no-noise_reba/agg_records/pkl/round_0305_apra.pkl
306,apra,success,"[90, 50, 31, 42, 75, 80, 64, 88, 93, 76]",[true],"[90, 50, 31, 42, 75, 80, 64, 88, 93, 76]",10,1,[],re_result_6-29_APRA/cifar100_700_Jul.02_15.30.49_apra_True_no-noise_reba/agg_records/pkl/round_0306_apra.pkl
307,apra,success,"[96, 76, 36, 84, 45, 29, 44, 6, 30, 28]",[true],"[96, 76, 36, 84, 45, 29, 44, 6, 30, 28]",10,1,[],re_result_6-29_APRA/cifar100_700_Jul.02_15.30.49_apra_True_no-noise_reba/agg_records/pkl/round_0307_apra.pkl
308,apra,success,"[60, 77, 25, 14, 27, 52, 12, 45, 79, 99]",[true],"[60, 77, 25, 14, 27, 52, 12, 45, 79, 99]",10,1,[],re_result_6-29_APRA/cifar100_700_Jul.02_15.30.49_apra_True_no-noise_reba/agg_records/pkl/round_0308_apra.pkl
309,apra,success,"[44, 63, 16, 30, 28, 57, 21, 37, 33, 59]",[true],"[44, 63, 16, 30, 28, 57, 21, 37, 33, 59]",10,1,[],re_result_6-29_APRA/cifar100_700_Jul.02_15.30.49_apra_True_no-noise_reba/agg_records/pkl/round_0309_apra.pkl
310,apra,success,"[70, 47, 72, 59, 96, 53, 8, 58, 5, 92]",[true],"[70, 47, 72, 59, 96, 53, 8, 58, 5, 92]",10,1,[],re_result_6-29_APRA/cifar100_700_Jul.02_15.30.49_apra_True_no-noise_reba/agg_records/pkl/round_0310_apra.pkl
311,apra,success,"[9, 6, 79, 88, 23, 34, 64, 21, 55, 90]",[true],"[9, 6, 79, 88, 23, 34, 64, 21, 55, 90]",10,1,[],re_result_6-29_APRA/cifar100_700_Jul.02_15.30.49_apra_True_no-noise_reba/agg_records/pkl/round_0311_apra.pkl
312,apra,success,"[80, 54, 70, 24, 20, 23, 44, 0, 42, 95]",[true],"[80, 54, 70, 24, 20, 23, 44, 0, 42, 95]",10,1,[],re_result_6-29_APRA/cifar100_700_Jul.02_15.30.49_apra_True_no-noise_reba/agg_records/pkl/round_0312_apra.pkl
313,apra,success,"[35, 37, 24, 92, 60, 1, 73, 59, 16, 98]",[true],"[35, 37, 24, 92, 60, 73, 59, 16, 98]",10,1,[],re_result_6-29_APRA/cifar100_700_Jul.02_15.30.49_apra_True_no-noise_reba/agg_records/pkl/round_0313_apra.pkl
314,apra,success,"[2, 73, 39, 74, 87, 79, 50, 66, 97, 80]",[true],"[2, 73, 39, 74, 87, 79, 50, 66, 97, 80]",10,1,[],re_result_6-29_APRA/cifar100_700_Jul.02_15.30.49_apra_True_no-noise_reba/agg_records/pkl/round_0314_apra.pkl
315,apra,success,"[3, 76, 97, 33, 20, 43, 29, 74, 80, 48]",[true],"[3, 76, 97, 33, 20, 43, 29, 74, 80, 48]",10,1,[],re_result_6-29_APRA/cifar100_700_Jul.02_15.30.49_apra_True_no-noise_reba/agg_records/pkl/round_0315_apra.pkl
316,apra,success,"[77, 38, 83, 95, 24, 35, 12, 54, 86, 55]",[true],"[77, 38, 83, 95, 24, 35, 12, 54, 86, 55]",10,1,[],re_result_6-29_APRA/cifar100_700_Jul.02_15.30.49_apra_True_no-noise_reba/agg_records/pkl/round_0316_apra.pkl
317,apra,success,"[86, 97, 36, 83, 7, 56, 31, 78, 29, 17]",[true],"[86, 97, 36, 83, 7, 56, 31, 78, 29, 17]",10,1,[],re_result_6-29_APRA/cifar100_700_Jul.02_15.30.49_apra_True_no-noise_reba/agg_records/pkl/round_0317_apra.pkl
318,apra,success,"[35, 69, 26, 87, 22, 85, 70, 58, 30, 73]",[true],"[35, 69, 26, 87, 22, 85, 70, 58, 30, 73]",10,1,[],re_result_6-29_APRA/cifar100_700_Jul.02_15.30.49_apra_True_no-noise_reba/agg_records/pkl/round_0318_apra.pkl
319,apra,success,"[82, 96, 21, 62, 30, 83, 33, 88, 6, 40]",[true],"[82, 96, 21, 62, 30, 83, 33, 88, 6, 40]",10,1,[],re_result_6-29_APRA/cifar100_700_Jul.02_15.30.49_apra_True_no-noise_reba/agg_records/pkl/round_0319_apra.pkl
320,apra,success,"[61, 2, 80, 26, 0, 92, 73, 27, 81, 55]",[true],"[61, 2, 80, 26, 0, 92, 73, 27, 81, 55]",10,1,[],re_result_6-29_APRA/cifar100_700_Jul.02_15.30.49_apra_True_no-noise_reba/agg_records/pkl/round_0320_apra.pkl
321,apra,success,"[30, 52, 7, 43, 1, 45, 75, 33, 37, 18]",[true],"[30, 52, 7, 43, 45, 75, 33, 37, 18]",10,1,[],re_result_6-29_APRA/cifar100_700_Jul.02_15.30.49_apra_True_no-noise_reba/agg_records/pkl/round_0321_apra.pkl
322,apra,success,"[65, 8, 82, 26, 6, 72, 15, 0, 78, 44]",[true],"[65, 8, 82, 26, 6, 72, 15, 0, 78, 44]",10,1,[],re_result_6-29_APRA/cifar100_700_Jul.02_15.30.49_apra_True_no-noise_reba/agg_records/pkl/round_0322_apra.pkl
323,apra,success,"[18, 74, 58, 24, 78, 8, 26, 60, 51, 2]",[true],"[18, 74, 58, 24, 78, 8, 26, 60, 51, 2]",10,1,[],re_result_6-29_APRA/cifar100_700_Jul.02_15.30.49_apra_True_no-noise_reba/agg_records/pkl/round_0323_apra.pkl
324,apra,success,"[63, 67, 50, 2, 24, 22, 84, 8, 18, 92]",[true],"[63, 67, 50, 2, 24, 22, 84, 8, 18, 92]",10,1,[],re_result_6-29_APRA/cifar100_700_Jul.02_15.30.49_apra_True_no-noise_reba/agg_records/pkl/round_0324_apra.pkl
325,apra,success,"[79, 96, 32, 47, 6, 82, 12, 34, 2, 69]",[true],"[79, 96, 32, 47, 6, 82, 12, 34, 2, 69]",10,1,[],re_result_6-29_APRA/cifar100_700_Jul.02_15.30.49_apra_True_no-noise_reba/agg_records/pkl/round_0325_apra.pkl
326,apra,success,"[44, 47, 20, 45, 73, 55, 30, 39, 92, 93]",[true],"[44, 47, 20, 45, 73, 55, 30, 39, 92, 93]",10,1,[],re_result_6-29_APRA/cifar100_700_Jul.02_15.30.49_apra_True_no-noise_reba/agg_records/pkl/round_0326_apra.pkl
327,apra,success,"[97, 34, 32, 12, 10, 76, 17, 39, 16, 24]",[true],"[97, 34, 32, 12, 10, 76, 17, 39, 16, 24]",10,1,[],re_result_6-29_APRA/cifar100_700_Jul.02_15.30.49_apra_True_no-noise_reba/agg_records/pkl/round_0327_apra.pkl
328,apra,success,"[61, 6, 75, 34, 88, 33, 17, 77, 36, 15]",[true],"[61, 6, 75, 34, 88, 33, 17, 77, 36, 15]",10,1,[],re_result_6-29_APRA/cifar100_700_Jul.02_15.30.49_apra_True_no-noise_reba/agg_records/pkl/round_0328_apra.pkl
329,apra,success,"[32, 6, 26, 84, 76, 38, 73, 74, 13, 5]",[true],"[32, 6, 26, 84, 76, 38, 73, 74, 13, 5]",10,1,[],re_result_6-29_APRA/cifar100_700_Jul.02_15.30.49_apra_True_no-noise_reba/agg_records/pkl/round_0329_apra.pkl
330,apra,success,"[49, 81, 52, 84, 70, 89, 87, 61, 72, 9]",[true],"[49, 81, 52, 84, 70, 89, 87, 61, 72, 9]",10,1,[],re_result_6-29_APRA/cifar100_700_Jul.02_15.30.49_apra_True_no-noise_reba/agg_records/pkl/round_0330_apra.pkl
331,apra,success,"[68, 73, 50, 53, 23, 77, 99, 65, 88, 55]",[true],"[68, 73, 50, 53, 23, 77, 99, 65, 88, 55]",10,1,[],re_result_6-29_APRA/cifar100_700_Jul.02_15.30.49_apra_True_no-noise_reba/agg_records/pkl/round_0331_apra.pkl
332,apra,success,"[0, 29, 81, 84, 44, 37, 67, 8, 34, 22]",[true],"[0, 29, 81, 84, 44, 37, 67, 8, 34, 22]",10,1,[],re_result_6-29_APRA/cifar100_700_Jul.02_15.30.49_apra_True_no-noise_reba/agg_records/pkl/round_0332_apra.pkl
333,apra,success,"[58, 85, 12, 29, 70, 48, 50, 62, 20, 31]",[true],"[58, 85, 12, 29, 70, 48, 50, 62, 20, 31]",10,1,[],re_result_6-29_APRA/cifar100_700_Jul.02_15.30.49_apra_True_no-noise_reba/agg_records/pkl/round_0333_apra.pkl
334,apra,success,"[31, 62, 65, 38, 51, 96, 28, 9, 36, 89]",[true],"[31, 62, 65, 38, 51, 96, 28, 9, 36, 89]",10,1,[],re_result_6-29_APRA/cifar100_700_Jul.02_15.30.49_apra_True_no-noise_reba/agg_records/pkl/round_0334_apra.pkl
335,apra,success,"[76, 70, 30, 57, 79, 96, 93, 5, 72, 78]",[true],"[76, 70, 30, 57, 79, 96, 93, 5, 72, 78]",10,1,[],re_result_6-29_APRA/cifar100_700_Jul.02_15.30.49_apra_True_no-noise_reba/agg_records/pkl/round_0335_apra.pkl
336,apra,success,"[98, 93, 74, 60, 73, 4, 44, 90, 30, 84]",[true],"[98, 93, 74, 60, 73, 4, 44, 90, 30, 84]",10,1,[],re_result_6-29_APRA/cifar100_700_Jul.02_15.30.49_apra_True_no-noise_reba/agg_records/pkl/round_0336_apra.pkl
337,apra,success,"[66, 33, 52, 68, 8, 32, 3, 18, 85, 78]",[true],"[66, 33, 52, 68, 8, 32, 3, 18, 85, 78]",10,1,[],re_result_6-29_APRA/cifar100_700_Jul.02_15.30.49_apra_True_no-noise_reba/agg_records/pkl/round_0337_apra.pkl
338,apra,success,"[48, 28, 6, 43, 75, 73, 30, 97, 47, 54]",[true],"[48, 28, 6, 43, 75, 73, 30, 97, 47, 54]",10,1,[],re_result_6-29_APRA/cifar100_700_Jul.02_15.30.49_apra_True_no-noise_reba/agg_records/pkl/round_0338_apra.pkl
339,apra,success,"[31, 29, 97, 33, 17, 46, 98, 70, 76, 87]",[true],"[31, 29, 97, 33, 17, 46, 98, 70, 76, 87]",10,1,[],re_result_6-29_APRA/cifar100_700_Jul.02_15.30.49_apra_True_no-noise_reba/agg_records/pkl/round_0339_apra.pkl
340,apra,success,"[85, 99, 52, 27, 0, 33, 87, 70, 51, 40]",[true],"[85, 99, 52, 27, 0, 33, 87, 70, 51, 40]",10,1,[],re_result_6-29_APRA/cifar100_700_Jul.02_15.30.49_apra_True_no-noise_reba/agg_records/pkl/round_0340_apra.pkl
341,apra,success,"[11, 39, 72, 94, 60, 16, 58, 86, 0, 70]",[true],"[11, 39, 72, 94, 60, 16, 58, 86, 0, 70]",10,1,[],re_result_6-29_APRA/cifar100_700_Jul.02_15.30.49_apra_True_no-noise_reba/agg_records/pkl/round_0341_apra.pkl
342,apra,success,"[66, 46, 0, 18, 88, 74, 89, 70, 32, 93]",[true],"[66, 46, 0, 18, 88, 74, 89, 70, 32, 93]",10,1,[],re_result_6-29_APRA/cifar100_700_Jul.02_15.30.49_apra_True_no-noise_reba/agg_records/pkl/round_0342_apra.pkl
343,apra,success,"[49, 52, 28, 46, 39, 8, 35, 89, 38, 20]",[true],"[49, 52, 28, 46, 39, 8, 35, 89, 38, 20]",10,1,[],re_result_6-29_APRA/cifar100_700_Jul.02_15.30.49_apra_True_no-noise_reba/agg_records/pkl/round_0343_apra.pkl
344,apra,success,"[89, 93, 80, 22, 98, 15, 83, 35, 44, 34]",[true],"[89, 93, 80, 22, 98, 15, 83, 35, 44, 34]",10,1,[],re_result_6-29_APRA/cifar100_700_Jul.02_15.30.49_apra_True_no-noise_reba/agg_records/pkl/round_0344_apra.pkl
345,apra,success,"[0, 50, 14, 36, 5, 57, 33, 66, 16, 96]",[true],"[0, 50, 14, 36, 5, 57, 33, 66, 16, 96]",10,1,[],re_result_6-29_APRA/cifar100_700_Jul.02_15.30.49_apra_True_no-noise_reba/agg_records/pkl/round_0345_apra.pkl
346,apra,success,"[82, 15, 94, 84, 43, 59, 52, 18, 0, 60]",[true],"[82, 15, 94, 84, 43, 59, 52, 18, 0, 60]",10,1,[],re_result_6-29_APRA/cifar100_700_Jul.02_15.30.49_apra_True_no-noise_reba/agg_records/pkl/round_0346_apra.pkl
347,apra,success,"[18, 86, 59, 96, 28, 37, 27, 39, 43, 62]",[true],"[18, 86, 59, 96, 28, 37, 27, 39, 43, 62]",10,1,[],re_result_6-29_APRA/cifar100_700_Jul.02_15.30.49_apra_True_no-noise_reba/agg_records/pkl/round_0347_apra.pkl
348,apra,success,"[11, 58, 0, 45, 70, 39, 60, 83, 76, 77]",[true],"[11, 58, 0, 45, 70, 39, 60, 83, 76, 77]",10,1,[],re_result_6-29_APRA/cifar100_700_Jul.02_15.30.49_apra_True_no-noise_reba/agg_records/pkl/round_0348_apra.pkl
349,apra,success,"[10, 21, 45, 16, 2, 31, 54, 61, 66, 77]",[true],"[10, 21, 45, 16, 2, 31, 54, 61, 66, 77]",10,1,[],re_result_6-29_APRA/cifar100_700_Jul.02_15.30.49_apra_True_no-noise_reba/agg_records/pkl/round_0349_apra.pkl
350,apra,success,"[64, 46, 51, 15, 35, 34, 39, 87, 59, 50]",[true],"[64, 46, 51, 15, 35, 34, 39, 87, 59, 50]",10,1,[],re_result_6-29_APRA/cifar100_700_Jul.02_15.30.49_apra_True_no-noise_reba/agg_records/pkl/round_0350_apra.pkl
351,apra,success,"[65, 43, 39, 55, 37, 42, 38, 94, 32, 11]",[true],"[65, 43, 39, 55, 37, 42, 38, 94, 32, 11]",10,1,[],re_result_6-29_APRA/cifar100_700_Jul.02_15.30.49_apra_True_no-noise_reba/agg_records/pkl/round_0351_apra.pkl
352,apra,success,"[26, 60, 32, 80, 41, 59, 18, 44, 57, 77]",[true],"[26, 60, 32, 80, 41, 59, 18, 44, 57, 77]",10,1,[],re_result_6-29_APRA/cifar100_700_Jul.02_15.30.49_apra_True_no-noise_reba/agg_records/pkl/round_0352_apra.pkl
353,apra,success,"[25, 78, 40, 6, 16, 28, 32, 15, 17, 33]",[true],"[25, 78, 40, 6, 16, 28, 32, 15, 17, 33]",10,1,[],re_result_6-29_APRA/cifar100_700_Jul.02_15.30.49_apra_True_no-noise_reba/agg_records/pkl/round_0353_apra.pkl
354,apra,success,"[22, 91, 59, 42, 92, 54, 11, 41, 82, 81]",[true],"[22, 91, 59, 42, 92, 54, 11, 41, 82, 81]",10,1,[],re_result_6-29_APRA/cifar100_700_Jul.02_15.30.49_apra_True_no-noise_reba/agg_records/pkl/round_0354_apra.pkl
355,apra,success,"[47, 92, 45, 14, 16, 55, 43, 84, 9, 38]",[true],"[47, 92, 45, 14, 16, 55, 43, 84, 9, 38]",10,1,[],re_result_6-29_APRA/cifar100_700_Jul.02_15.30.49_apra_True_no-noise_reba/agg_records/pkl/round_0355_apra.pkl
356,apra,success,"[1, 43, 57, 38, 78, 70, 96, 89, 24, 6]",[true],"[43, 57, 38, 78, 70, 96, 89, 24, 6]",10,1,[],re_result_6-29_APRA/cifar100_700_Jul.02_15.30.49_apra_True_no-noise_reba/agg_records/pkl/round_0356_apra.pkl
357,apra,success,"[53, 39, 92, 40, 33, 24, 83, 86, 3, 74]",[true],"[53, 39, 92, 40, 33, 24, 83, 86, 3, 74]",10,1,[],re_result_6-29_APRA/cifar100_700_Jul.02_15.30.49_apra_True_no-noise_reba/agg_records/pkl/round_0357_apra.pkl
358,apra,success,"[43, 34, 65, 12, 39, 23, 75, 97, 53, 66]",[true],"[43, 34, 65, 12, 39, 23, 75, 97, 53, 66]",10,1,[],re_result_6-29_APRA/cifar100_700_Jul.02_15.30.49_apra_True_no-noise_reba/agg_records/pkl/round_0358_apra.pkl
359,apra,success,"[40, 61, 73, 21, 13, 70, 38, 30, 79, 41]",[true],"[40, 61, 73, 21, 13, 70, 38, 30, 79, 41]",10,1,[],re_result_6-29_APRA/cifar100_700_Jul.02_15.30.49_apra_True_no-noise_reba/agg_records/pkl/round_0359_apra.pkl
360,apra,success,"[90, 54, 28, 59, 94, 68, 37, 42, 25, 97]",[true],"[90, 54, 28, 59, 94, 68, 37, 42, 25, 97]",10,1,[],re_result_6-29_APRA/cifar100_700_Jul.02_15.30.49_apra_True_no-noise_reba/agg_records/pkl/round_0360_apra.pkl
361,apra,success,"[13, 75, 22, 43, 20, 95, 70, 85, 58, 1]",[true],"[13, 75, 22, 43, 20, 95, 70, 85, 58]",10,1,[],re_result_6-29_APRA/cifar100_700_Jul.02_15.30.49_apra_True_no-noise_reba/agg_records/pkl/round_0361_apra.pkl
362,apra,success,"[88, 3, 60, 16, 2, 73, 90, 32, 50, 39]",[true],"[88, 3, 60, 16, 2, 73, 90, 32, 50, 39]",10,1,[],re_result_6-29_APRA/cifar100_700_Jul.02_15.30.49_apra_True_no-noise_reba/agg_records/pkl/round_0362_apra.pkl
363,apra,success,"[82, 14, 24, 43, 1, 97, 51, 35, 71, 44]",[true],"[82, 14, 24, 43, 97, 51, 35, 71, 44]",10,1,[],re_result_6-29_APRA/cifar100_700_Jul.02_15.30.49_apra_True_no-noise_reba/agg_records/pkl/round_0363_apra.pkl
364,apra,success,"[43, 15, 33, 89, 11, 39, 52, 22, 1, 82]",[true],"[43, 15, 33, 89, 11, 39, 52, 22, 82]",10,1,[],re_result_6-29_APRA/cifar100_700_Jul.02_15.30.49_apra_True_no-noise_reba/agg_records/pkl/round_0364_apra.pkl
365,apra,success,"[81, 19, 98, 78, 73, 91, 23, 68, 86, 0]",[true],"[81, 19, 98, 78, 73, 91, 23, 68, 86, 0]",10,1,[],re_result_6-29_APRA/cifar100_700_Jul.02_15.30.49_apra_True_no-noise_reba/agg_records/pkl/round_0365_apra.pkl
366,apra,success,"[3, 10, 32, 65, 29, 80, 49, 62, 82, 71]",[true],"[3, 10, 32, 65, 29, 80, 49, 62, 82, 71]",10,1,[],re_result_6-29_APRA/cifar100_700_Jul.02_15.30.49_apra_True_no-noise_reba/agg_records/pkl/round_0366_apra.pkl
367,apra,success,"[55, 37, 74, 82, 53, 60, 42, 23, 81, 87]",[true],"[55, 37, 74, 82, 53, 60, 42, 23, 81, 87]",10,1,[],re_result_6-29_APRA/cifar100_700_Jul.02_15.30.49_apra_True_no-noise_reba/agg_records/pkl/round_0367_apra.pkl
368,apra,success,"[83, 55, 71, 29, 19, 67, 93, 30, 12, 24]",[true],"[83, 55, 71, 29, 19, 67, 93, 30, 12, 24]",10,1,[],re_result_6-29_APRA/cifar100_700_Jul.02_15.30.49_apra_True_no-noise_reba/agg_records/pkl/round_0368_apra.pkl
369,apra,success,"[57, 53, 81, 29, 85, 59, 3, 94, 66, 79]",[true],"[57, 53, 81, 29, 85, 59, 3, 94, 66, 79]",10,1,[],re_result_6-29_APRA/cifar100_700_Jul.02_15.30.49_apra_True_no-noise_reba/agg_records/pkl/round_0369_apra.pkl
370,apra,success,"[53, 32, 72, 35, 51, 98, 83, 13, 90, 79]",[true],"[53, 32, 72, 35, 51, 98, 83, 13, 90, 79]",10,1,[],re_result_6-29_APRA/cifar100_700_Jul.02_15.30.49_apra_True_no-noise_reba/agg_records/pkl/round_0370_apra.pkl
371,apra,success,"[95, 24, 77, 27, 88, 65, 46, 6, 86, 43]",[true],"[95, 24, 77, 27, 88, 65, 46, 6, 86, 43]",10,1,[],re_result_6-29_APRA/cifar100_700_Jul.02_15.30.49_apra_True_no-noise_reba/agg_records/pkl/round_0371_apra.pkl
372,apra,success,"[70, 30, 42, 19, 89, 18, 94, 3, 72, 21]",[true],"[70, 30, 42, 19, 89, 18, 94, 3, 72, 21]",10,1,[],re_result_6-29_APRA/cifar100_700_Jul.02_15.30.49_apra_True_no-noise_reba/agg_records/pkl/round_0372_apra.pkl
373,apra,success,"[5, 23, 24, 3, 78, 81, 85, 42, 29, 14]",[true],"[5, 23, 24, 3, 78, 81, 85, 42, 29, 14]",10,1,[],re_result_6-29_APRA/cifar100_700_Jul.02_15.30.49_apra_True_no-noise_reba/agg_records/pkl/round_0373_apra.pkl
374,apra,success,"[62, 46, 94, 20, 5, 88, 54, 75, 49, 45]",[true],"[62, 46, 94, 20, 5, 88, 54, 75, 49, 45]",10,1,[],re_result_6-29_APRA/cifar100_700_Jul.02_15.30.49_apra_True_no-noise_reba/agg_records/pkl/round_0374_apra.pkl
375,apra,success,"[25, 73, 37, 16, 90, 39, 77, 12, 22, 29]",[true],"[25, 73, 37, 16, 90, 39, 77, 12, 22, 29]",10,1,[],re_result_6-29_APRA/cifar100_700_Jul.02_15.30.49_apra_True_no-noise_reba/agg_records/pkl/round_0375_apra.pkl
376,apra,success,"[95, 85, 9, 92, 60, 61, 21, 10, 24, 70]",[true],"[95, 85, 9, 92, 60, 61, 21, 10, 24, 70]",10,1,[],re_result_6-29_APRA/cifar100_700_Jul.02_15.30.49_apra_True_no-noise_reba/agg_records/pkl/round_0376_apra.pkl
377,apra,success,"[3, 84, 85, 21, 81, 45, 59, 38, 18, 25]",[true],"[3, 84, 85, 21, 81, 45, 59, 38, 18, 25]",10,1,[],re_result_6-29_APRA/cifar100_700_Jul.02_15.30.49_apra_True_no-noise_reba/agg_records/pkl/round_0377_apra.pkl
378,apra,success,"[36, 8, 91, 7, 82, 58, 69, 22, 42, 86]",[true],"[36, 8, 91, 7, 82, 58, 69, 22, 42, 86]",10,1,[],re_result_6-29_APRA/cifar100_700_Jul.02_15.30.49_apra_True_no-noise_reba/agg_records/pkl/round_0378_apra.pkl
379,apra,success,"[88, 37, 59, 48, 16, 50, 66, 69, 80, 62]",[true],"[88, 37, 59, 48, 16, 50, 66, 69, 80, 62]",10,1,[],re_result_6-29_APRA/cifar100_700_Jul.02_15.30.49_apra_True_no-noise_reba/agg_records/pkl/round_0379_apra.pkl
380,apra,success,"[91, 29, 7, 11, 83, 35, 77, 79, 96, 51]",[true],"[91, 29, 7, 11, 83, 35, 77, 79, 96, 51]",10,1,[],re_result_6-29_APRA/cifar100_700_Jul.02_15.30.49_apra_True_no-noise_reba/agg_records/pkl/round_0380_apra.pkl
381,apra,success,"[51, 24, 84, 71, 45, 69, 7, 72, 75, 74]",[true],"[51, 24, 84, 71, 45, 69, 7, 72, 75, 74]",10,1,[],re_result_6-29_APRA/cifar100_700_Jul.02_15.30.49_apra_True_no-noise_reba/agg_records/pkl/round_0381_apra.pkl
382,apra,success,"[53, 74, 20, 10, 88, 18, 90, 46, 98, 91]",[true],"[53, 74, 20, 10, 88, 18, 90, 46, 98, 91]",10,1,[],re_result_6-29_APRA/cifar100_700_Jul.02_15.30.49_apra_True_no-noise_reba/agg_records/pkl/round_0382_apra.pkl
383,apra,success,"[28, 21, 44, 31, 45, 32, 47, 93, 36, 27]",[true],"[28, 21, 44, 31, 45, 32, 47, 93, 36, 27]",10,1,[],re_result_6-29_APRA/cifar100_700_Jul.02_15.30.49_apra_True_no-noise_reba/agg_records/pkl/round_0383_apra.pkl
384,apra,success,"[79, 5, 14, 56, 2, 72, 92, 44, 25, 64]",[true],"[79, 5, 14, 56, 2, 72, 92, 44, 25, 64]",10,1,[],re_result_6-29_APRA/cifar100_700_Jul.02_15.30.49_apra_True_no-noise_reba/agg_records/pkl/round_0384_apra.pkl
385,apra,success,"[80, 16, 83, 88, 94, 66, 60, 82, 24, 49]",[true],"[80, 16, 83, 88, 94, 66, 60, 82, 24, 49]",10,1,[],re_result_6-29_APRA/cifar100_700_Jul.02_15.30.49_apra_True_no-noise_reba/agg_records/pkl/round_0385_apra.pkl
386,apra,success,"[35, 23, 89, 55, 40, 24, 78, 36, 30, 73]",[true],"[35, 23, 89, 55, 40, 24, 78, 36, 30, 73]",10,1,[],re_result_6-29_APRA/cifar100_700_Jul.02_15.30.49_apra_True_no-noise_reba/agg_records/pkl/round_0386_apra.pkl
387,apra,success,"[26, 97, 92, 55, 80, 87, 60, 89, 38, 19]",[true],"[26, 97, 92, 55, 80, 87, 60, 89, 38, 19]",10,1,[],re_result_6-29_APRA/cifar100_700_Jul.02_15.30.49_apra_True_no-noise_reba/agg_records/pkl/round_0387_apra.pkl
388,apra,success,"[9, 44, 13, 74, 36, 33, 34, 95, 67, 75]",[true],"[9, 44, 13, 74, 36, 33, 34, 95, 67, 75]",10,1,[],re_result_6-29_APRA/cifar100_700_Jul.02_15.30.49_apra_True_no-noise_reba/agg_records/pkl/round_0388_apra.pkl
389,apra,success,"[58, 47, 84, 27, 79, 18, 78, 26, 0, 68]",[true],"[58, 47, 84, 27, 79, 18, 78, 26, 0, 68]",10,1,[],re_result_6-29_APRA/cifar100_700_Jul.02_15.30.49_apra_True_no-noise_reba/agg_records/pkl/round_0389_apra.pkl
390,apra,success,"[88, 90, 46, 58, 15, 37, 93, 60, 29, 16]",[true],"[88, 90, 46, 58, 15, 37, 93, 60, 29, 16]",10,1,[],re_result_6-29_APRA/cifar100_700_Jul.02_15.30.49_apra_True_no-noise_reba/agg_records/pkl/round_0390_apra.pkl
391,apra,success,"[59, 23, 98, 35, 76, 4, 95, 94, 39, 22]",[true],"[59, 23, 98, 35, 76, 4, 95, 94, 39, 22]",10,1,[],re_result_6-29_APRA/cifar100_700_Jul.02_15.30.49_apra_True_no-noise_reba/agg_records/pkl/round_0391_apra.pkl
392,apra,success,"[5, 25, 98, 31, 34, 73, 0, 47, 91, 43]",[true],"[5, 25, 98, 31, 34, 73, 0, 47, 91, 43]",10,1,[],re_result_6-29_APRA/cifar100_700_Jul.02_15.30.49_apra_True_no-noise_reba/agg_records/pkl/round_0392_apra.pkl
393,apra,success,"[69, 94, 73, 9, 90, 58, 67, 5, 98, 91]",[true],"[69, 94, 73, 9, 90, 58, 67, 5, 98, 91]",10,1,[],re_result_6-29_APRA/cifar100_700_Jul.02_15.30.49_apra_True_no-noise_reba/agg_records/pkl/round_0393_apra.pkl
394,apra,success,"[70, 35, 27, 68, 67, 42, 41, 93, 77, 63]",[true],"[70, 35, 27, 68, 67, 42, 41, 93, 77, 63]",10,1,[],re_result_6-29_APRA/cifar100_700_Jul.02_15.30.49_apra_True_no-noise_reba/agg_records/pkl/round_0394_apra.pkl
395,apra,success,"[59, 97, 96, 51, 70, 8, 21, 19, 98, 53]",[true],"[59, 97, 96, 51, 70, 8, 21, 19, 98, 53]",10,1,[],re_result_6-29_APRA/cifar100_700_Jul.02_15.30.49_apra_True_no-noise_reba/agg_records/pkl/round_0395_apra.pkl
396,apra,success,"[22, 53, 51, 10, 55, 76, 69, 78, 64, 77]",[true],"[22, 53, 51, 10, 55, 76, 69, 78, 64, 77]",10,1,[],re_result_6-29_APRA/cifar100_700_Jul.02_15.30.49_apra_True_no-noise_reba/agg_records/pkl/round_0396_apra.pkl
397,apra,success,"[50, 22, 18, 20, 56, 16, 39, 9, 2, 70]",[true],"[50, 22, 18, 20, 56, 16, 39, 9, 2, 70]",10,1,[],re_result_6-29_APRA/cifar100_700_Jul.02_15.30.49_apra_True_no-noise_reba/agg_records/pkl/round_0397_apra.pkl
398,apra,success,"[10, 24, 36, 19, 75, 74, 82, 70, 3, 30]",[true],"[10, 24, 36, 19, 75, 74, 82, 70, 3, 30]",10,1,[],re_result_6-29_APRA/cifar100_700_Jul.02_15.30.49_apra_True_no-noise_reba/agg_records/pkl/round_0398_apra.pkl
399,apra,success,"[93, 57, 67, 88, 5, 42, 44, 26, 79, 18]",[true],"[93, 57, 67, 88, 5, 42, 44, 26, 79, 18]",10,1,[],re_result_6-29_APRA/cifar100_700_Jul.02_15.30.49_apra_True_no-noise_reba/agg_records/pkl/round_0399_apra.pkl
400,apra,success,"[45, 10, 47, 79, 86, 25, 77, 9, 94, 53]",[true],"[45, 10, 47, 79, 86, 25, 77, 9, 94, 53]",10,1,[],re_result_6-29_APRA/cifar100_700_Jul.02_15.30.49_apra_True_no-noise_reba/agg_records/pkl/round_0400_apra.pkl
401,apra,success,"[56, 20, 22, 8, 21, 78, 91, 64, 14, 54]",[true],"[56, 20, 22, 8, 21, 78, 91, 64, 14, 54]",10,1,[],re_result_6-29_APRA/cifar100_700_Jul.02_15.30.49_apra_True_no-noise_reba/agg_records/pkl/round_0401_apra.pkl
402,apra,success,"[74, 2, 26, 39, 14, 54, 80, 97, 0, 83]",[true],"[74, 2, 26, 39, 14, 54, 80, 97, 0, 83]",10,1,[],re_result_6-29_APRA/cifar100_700_Jul.02_15.30.49_apra_True_no-noise_reba/agg_records/pkl/round_0402_apra.pkl
403,apra,success,"[53, 22, 69, 28, 27, 47, 29, 7, 61, 84]",[true],"[53, 22, 69, 28, 27, 47, 29, 7, 61, 84]",10,1,[],re_result_6-29_APRA/cifar100_700_Jul.02_15.30.49_apra_True_no-noise_reba/agg_records/pkl/round_0403_apra.pkl
404,apra,success,"[80, 62, 8, 50, 79, 68, 42, 88, 72, 30]",[true],"[80, 62, 8, 50, 79, 68, 42, 88, 72, 30]",10,1,[],re_result_6-29_APRA/cifar100_700_Jul.02_15.30.49_apra_True_no-noise_reba/agg_records/pkl/round_0404_apra.pkl
405,apra,success,"[56, 86, 96, 17, 35, 53, 80, 30, 73, 32]",[true],"[56, 86, 96, 17, 35, 53, 80, 30, 73, 32]",10,1,[],re_result_6-29_APRA/cifar100_700_Jul.02_15.30.49_apra_True_no-noise_reba/agg_records/pkl/round_0405_apra.pkl
406,apra,success,"[25, 47, 34, 8, 32, 67, 98, 24, 57, 54]",[true],"[25, 47, 34, 8, 32, 67, 98, 24, 57, 54]",10,1,[],re_result_6-29_APRA/cifar100_700_Jul.02_15.30.49_apra_True_no-noise_reba/agg_records/pkl/round_0406_apra.pkl
407,apra,success,"[22, 30, 5, 21, 35, 28, 50, 6, 19, 75]",[true],"[22, 30, 5, 21, 35, 28, 50, 6, 19, 75]",10,1,[],re_result_6-29_APRA/cifar100_700_Jul.02_15.30.49_apra_True_no-noise_reba/agg_records/pkl/round_0407_apra.pkl
408,apra,success,"[29, 15, 2, 65, 53, 41, 5, 91, 86, 85]",[true],"[29, 15, 2, 65, 53, 41, 5, 91, 86, 85]",10,1,[],re_result_6-29_APRA/cifar100_700_Jul.02_15.30.49_apra_True_no-noise_reba/agg_records/pkl/round_0408_apra.pkl
409,apra,success,"[56, 65, 57, 21, 5, 26, 4, 59, 80, 40]",[true],"[56, 65, 57, 21, 5, 26, 4, 59, 80, 40]",10,1,[],re_result_6-29_APRA/cifar100_700_Jul.02_15.30.49_apra_True_no-noise_reba/agg_records/pkl/round_0409_apra.pkl
410,apra,success,"[27, 92, 51, 58, 36, 95, 23, 85, 42, 7]",[true],"[27, 92, 51, 58, 36, 95, 23, 85, 42, 7]",10,1,[],re_result_6-29_APRA/cifar100_700_Jul.02_15.30.49_apra_True_no-noise_reba/agg_records/pkl/round_0410_apra.pkl
411,apra,success,"[51, 95, 16, 47, 59, 24, 74, 96, 41, 81]",[true],"[51, 95, 16, 47, 59, 24, 74, 96, 41, 81]",10,1,[],re_result_6-29_APRA/cifar100_700_Jul.02_15.30.49_apra_True_no-noise_reba/agg_records/pkl/round_0411_apra.pkl
412,apra,success,"[62, 17, 55, 89, 37, 96, 73, 35, 22, 91]",[true],"[62, 17, 55, 89, 37, 96, 73, 35, 22, 91]",10,1,[],re_result_6-29_APRA/cifar100_700_Jul.02_15.30.49_apra_True_no-noise_reba/agg_records/pkl/round_0412_apra.pkl
413,apra,success,"[51, 89, 62, 52, 50, 77, 0, 20, 34, 18]",[true],"[51, 89, 62, 52, 50, 77, 0, 20, 34, 18]",10,1,[],re_result_6-29_APRA/cifar100_700_Jul.02_15.30.49_apra_True_no-noise_reba/agg_records/pkl/round_0413_apra.pkl
414,apra,success,"[99, 7, 87, 3, 48, 12, 9, 49, 26, 42]",[true],"[99, 7, 87, 3, 48, 12, 9, 49, 26, 42]",10,1,[],re_result_6-29_APRA/cifar100_700_Jul.02_15.30.49_apra_True_no-noise_reba/agg_records/pkl/round_0414_apra.pkl
415,apra,success,"[7, 52, 53, 93, 76, 12, 71, 50, 5, 23]",[true],"[7, 52, 53, 93, 76, 12, 71, 50, 5, 23]",10,1,[],re_result_6-29_APRA/cifar100_700_Jul.02_15.30.49_apra_True_no-noise_reba/agg_records/pkl/round_0415_apra.pkl
416,apra,success,"[37, 29, 63, 68, 42, 55, 65, 12, 15, 57]",[true],"[37, 29, 63, 68, 42, 55, 65, 12, 15, 57]",10,1,[],re_result_6-29_APRA/cifar100_700_Jul.02_15.30.49_apra_True_no-noise_reba/agg_records/pkl/round_0416_apra.pkl
417,apra,success,"[20, 92, 31, 32, 12, 66, 60, 76, 36, 50]",[true],"[20, 92, 31, 32, 12, 66, 60, 76, 36, 50]",10,1,[],re_result_6-29_APRA/cifar100_700_Jul.02_15.30.49_apra_True_no-noise_reba/agg_records/pkl/round_0417_apra.pkl
418,apra,success,"[79, 89, 11, 57, 45, 4, 90, 49, 7, 54]",[true],"[79, 89, 11, 57, 45, 4, 90, 49, 7, 54]",10,1,[],re_result_6-29_APRA/cifar100_700_Jul.02_15.30.49_apra_True_no-noise_reba/agg_records/pkl/round_0418_apra.pkl
419,apra,success,"[62, 64, 24, 74, 73, 48, 30, 79, 19, 38]",[true],"[62, 64, 24, 74, 73, 48, 30, 79, 19, 38]",10,1,[],re_result_6-29_APRA/cifar100_700_Jul.02_15.30.49_apra_True_no-noise_reba/agg_records/pkl/round_0419_apra.pkl
420,apra,success,"[66, 96, 14, 95, 6, 75, 41, 9, 27, 0]",[true],"[66, 96, 14, 95, 6, 75, 41, 9, 27, 0]",10,1,[],re_result_6-29_APRA/cifar100_700_Jul.02_15.30.49_apra_True_no-noise_reba/agg_records/pkl/round_0420_apra.pkl
421,apra,success,"[12, 73, 92, 79, 10, 53, 61, 8, 83, 50]",[true],"[12, 73, 92, 79, 10, 53, 61, 8, 83, 50]",10,1,[],re_result_6-29_APRA/cifar100_700_Jul.02_15.30.49_apra_True_no-noise_reba/agg_records/pkl/round_0421_apra.pkl
422,apra,success,"[2, 25, 79, 17, 41, 40, 70, 12, 42, 81]",[true],"[2, 25, 79, 17, 41, 40, 70, 12, 42, 81]",10,1,[],re_result_6-29_APRA/cifar100_700_Jul.02_15.30.49_apra_True_no-noise_reba/agg_records/pkl/round_0422_apra.pkl
423,apra,success,"[79, 18, 36, 61, 99, 97, 14, 0, 27, 6]",[true],"[79, 18, 36, 61, 99, 97, 14, 0, 27, 6]",10,1,[],re_result_6-29_APRA/cifar100_700_Jul.02_15.30.49_apra_True_no-noise_reba/agg_records/pkl/round_0423_apra.pkl
424,apra,success,"[59, 99, 26, 35, 37, 67, 80, 0, 29, 18]",[true],"[59, 99, 26, 35, 37, 67, 80, 0, 29, 18]",10,1,[],re_result_6-29_APRA/cifar100_700_Jul.02_15.30.49_apra_True_no-noise_reba/agg_records/pkl/round_0424_apra.pkl
425,apra,success,"[96, 79, 11, 80, 28, 64, 4, 72, 14, 52]",[true],"[96, 79, 11, 80, 28, 64, 4, 72, 14, 52]",10,1,[],re_result_6-29_APRA/cifar100_700_Jul.02_15.30.49_apra_True_no-noise_reba/agg_records/pkl/round_0425_apra.pkl
426,apra,success,"[87, 71, 32, 1, 84, 96, 30, 72, 17, 91]",[true],"[87, 71, 32, 84, 96, 30, 72, 17, 91]",10,1,[],re_result_6-29_APRA/cifar100_700_Jul.02_15.30.49_apra_True_no-noise_reba/agg_records/pkl/round_0426_apra.pkl
427,apra,success,"[5, 12, 79, 11, 40, 66, 57, 36, 70, 13]",[true],"[5, 12, 79, 11, 40, 66, 57, 36, 70, 13]",10,1,[],re_result_6-29_APRA/cifar100_700_Jul.02_15.30.49_apra_True_no-noise_reba/agg_records/pkl/round_0427_apra.pkl
428,apra,success,"[66, 51, 26, 58, 29, 43, 70, 69, 87, 63]",[true],"[66, 51, 26, 58, 29, 43, 70, 69, 87, 63]",10,1,[],re_result_6-29_APRA/cifar100_700_Jul.02_15.30.49_apra_True_no-noise_reba/agg_records/pkl/round_0428_apra.pkl
429,apra,success,"[78, 92, 70, 12, 26, 83, 81, 30, 59, 80]",[true],"[78, 92, 70, 12, 26, 83, 81, 30, 59, 80]",10,1,[],re_result_6-29_APRA/cifar100_700_Jul.02_15.30.49_apra_True_no-noise_reba/agg_records/pkl/round_0429_apra.pkl
430,apra,success,"[4, 44, 71, 96, 49, 19, 79, 63, 42, 28]",[true],"[4, 44, 71, 96, 49, 19, 79, 63, 42, 28]",10,1,[],re_result_6-29_APRA/cifar100_700_Jul.02_15.30.49_apra_True_no-noise_reba/agg_records/pkl/round_0430_apra.pkl
431,apra,success,"[73, 23, 55, 65, 52, 66, 8, 24, 43, 61]",[true],"[73, 23, 55, 65, 52, 66, 8, 24, 43, 61]",10,1,[],re_result_6-29_APRA/cifar100_700_Jul.02_15.30.49_apra_True_no-noise_reba/agg_records/pkl/round_0431_apra.pkl
432,apra,success,"[6, 78, 97, 99, 42, 49, 38, 60, 26, 39]",[true],"[6, 78, 97, 99, 42, 49, 38, 60, 26, 39]",10,1,[],re_result_6-29_APRA/cifar100_700_Jul.02_15.30.49_apra_True_no-noise_reba/agg_records/pkl/round_0432_apra.pkl
433,apra,success,"[6, 92, 63, 33, 55, 84, 91, 28, 98, 99]",[true],"[6, 92, 63, 33, 55, 84, 91, 28, 98, 99]",10,1,[],re_result_6-29_APRA/cifar100_700_Jul.02_15.30.49_apra_True_no-noise_reba/agg_records/pkl/round_0433_apra.pkl
434,apra,success,"[36, 85, 24, 15, 81, 28, 56, 61, 30, 45]",[true],"[36, 85, 24, 15, 81, 28, 56, 61, 30, 45]",10,1,[],re_result_6-29_APRA/cifar100_700_Jul.02_15.30.49_apra_True_no-noise_reba/agg_records/pkl/round_0434_apra.pkl
435,apra,success,"[16, 45, 22, 80, 65, 99, 57, 29, 1, 75]",[true],"[16, 45, 22, 80, 65, 99, 57, 29, 75]",10,1,[],re_result_6-29_APRA/cifar100_700_Jul.02_15.30.49_apra_True_no-noise_reba/agg_records/pkl/round_0435_apra.pkl
436,apra,success,"[8, 31, 47, 67, 75, 85, 46, 59, 21, 70]",[true],"[8, 31, 47, 67, 75, 85, 46, 59, 21, 70]",10,1,[],re_result_6-29_APRA/cifar100_700_Jul.02_15.30.49_apra_True_no-noise_reba/agg_records/pkl/round_0436_apra.pkl
437,apra,success,"[46, 62, 6, 65, 83, 91, 40, 31, 47, 2]",[true],"[46, 62, 6, 65, 83, 91, 40, 31, 47, 2]",10,1,[],re_result_6-29_APRA/cifar100_700_Jul.02_15.30.49_apra_True_no-noise_reba/agg_records/pkl/round_0437_apra.pkl
438,apra,success,"[66, 4, 86, 65, 81, 7, 91, 55, 15, 1]",[true],"[66, 4, 86, 65, 81, 7, 91, 55, 15]",10,1,[],re_result_6-29_APRA/cifar100_700_Jul.02_15.30.49_apra_True_no-noise_reba/agg_records/pkl/round_0438_apra.pkl
439,apra,success,"[46, 98, 73, 53, 83, 86, 92, 69, 12, 43]",[true],"[46, 98, 73, 53, 83, 86, 92, 69, 12, 43]",10,1,[],re_result_6-29_APRA/cifar100_700_Jul.02_15.30.49_apra_True_no-noise_reba/agg_records/pkl/round_0439_apra.pkl
440,apra,success,"[37, 70, 58, 86, 57, 23, 7, 22, 19, 43]",[true],"[37, 70, 58, 86, 57, 23, 7, 22, 19, 43]",10,1,[],re_result_6-29_APRA/cifar100_700_Jul.02_15.30.49_apra_True_no-noise_reba/agg_records/pkl/round_0440_apra.pkl
441,apra,success,"[15, 83, 60, 14, 68, 4, 50, 69, 13, 72]",[true],"[15, 83, 60, 14, 68, 4, 50, 69, 13, 72]",10,1,[],re_result_6-29_APRA/cifar100_700_Jul.02_15.30.49_apra_True_no-noise_reba/agg_records/pkl/round_0441_apra.pkl
442,apra,success,"[30, 78, 10, 58, 27, 76, 24, 6, 87, 26]",[true],"[30, 78, 10, 58, 27, 76, 24, 6, 87, 26]",10,1,[],re_result_6-29_APRA/cifar100_700_Jul.02_15.30.49_apra_True_no-noise_reba/agg_records/pkl/round_0442_apra.pkl
443,apra,success,"[76, 55, 19, 79, 90, 2, 72, 98, 24, 10]",[true],"[76, 55, 19, 79, 90, 2, 72, 98, 24, 10]",10,1,[],re_result_6-29_APRA/cifar100_700_Jul.02_15.30.49_apra_True_no-noise_reba/agg_records/pkl/round_0443_apra.pkl
444,apra,success,"[20, 80, 27, 11, 23, 41, 84, 93, 19, 34]",[true],"[20, 80, 27, 11, 23, 41, 84, 93, 19, 34]",10,1,[],re_result_6-29_APRA/cifar100_700_Jul.02_15.30.49_apra_True_no-noise_reba/agg_records/pkl/round_0444_apra.pkl
445,apra,success,"[56, 35, 37, 58, 15, 36, 87, 1, 79, 64]",[true],"[56, 35, 37, 58, 15, 36, 87, 79, 64]",10,1,[],re_result_6-29_APRA/cifar100_700_Jul.02_15.30.49_apra_True_no-noise_reba/agg_records/pkl/round_0445_apra.pkl
446,apra,success,"[69, 34, 1, 60, 93, 84, 9, 25, 19, 2]",[true],"[69, 34, 60, 93, 84, 9, 25, 19, 2]",10,1,[],re_result_6-29_APRA/cifar100_700_Jul.02_15.30.49_apra_True_no-noise_reba/agg_records/pkl/round_0446_apra.pkl
447,apra,success,"[45, 16, 83, 82, 61, 68, 49, 80, 23, 72]",[true],"[45, 16, 83, 82, 61, 68, 49, 80, 23, 72]",10,1,[],re_result_6-29_APRA/cifar100_700_Jul.02_15.30.49_apra_True_no-noise_reba/agg_records/pkl/round_0447_apra.pkl
448,apra,success,"[2, 89, 19, 54, 49, 1, 3, 4, 66, 17]",[true],"[2, 89, 19, 54, 49, 3, 4, 66, 17]",10,1,[],re_result_6-29_APRA/cifar100_700_Jul.02_15.30.49_apra_True_no-noise_reba/agg_records/pkl/round_0448_apra.pkl
449,apra,success,"[30, 11, 55, 47, 82, 89, 24, 16, 73, 69]",[true],"[30, 11, 55, 47, 82, 89, 24, 16, 73, 69]",10,1,[],re_result_6-29_APRA/cifar100_700_Jul.02_15.30.49_apra_True_no-noise_reba/agg_records/pkl/round_0449_apra.pkl
450,apra,success,"[67, 25, 53, 56, 12, 39, 75, 31, 5, 0]",[true],"[67, 25, 53, 56, 12, 39, 75, 31, 5, 0]",10,1,[],re_result_6-29_APRA/cifar100_700_Jul.02_15.30.49_apra_True_no-noise_reba/agg_records/pkl/round_0450_apra.pkl
451,apra,success,"[35, 34, 36, 89, 19, 46, 30, 68, 22, 29]",[true],"[35, 34, 36, 89, 19, 46, 30, 68, 22, 29]",10,1,[],re_result_6-29_APRA/cifar100_700_Jul.02_15.30.49_apra_True_no-noise_reba/agg_records/pkl/round_0451_apra.pkl
452,apra,success,"[67, 8, 47, 46, 77, 11, 23, 92, 27, 38]",[true],"[67, 8, 47, 46, 77, 11, 23, 92, 27, 38]",10,1,[],re_result_6-29_APRA/cifar100_700_Jul.02_15.30.49_apra_True_no-noise_reba/agg_records/pkl/round_0452_apra.pkl
453,apra,success,"[11, 37, 22, 47, 56, 63, 32, 74, 93, 53]",[true],"[11, 37, 22, 47, 56, 63, 32, 74, 93, 53]",10,1,[],re_result_6-29_APRA/cifar100_700_Jul.02_15.30.49_apra_True_no-noise_reba/agg_records/pkl/round_0453_apra.pkl
454,apra,success,"[18, 94, 39, 76, 88, 66, 37, 46, 41, 80]",[true],"[18, 94, 39, 76, 88, 66, 37, 46, 41, 80]",10,1,[],re_result_6-29_APRA/cifar100_700_Jul.02_15.30.49_apra_True_no-noise_reba/agg_records/pkl/round_0454_apra.pkl
455,apra,success,"[55, 94, 90, 77, 6, 12, 93, 40, 61, 81]",[true],"[55, 94, 90, 77, 6, 12, 93, 40, 61, 81]",10,1,[],re_result_6-29_APRA/cifar100_700_Jul.02_15.30.49_apra_True_no-noise_reba/agg_records/pkl/round_0455_apra.pkl
456,apra,success,"[58, 39, 34, 12, 47, 70, 21, 84, 90, 25]",[true],"[58, 39, 34, 12, 47, 70, 21, 84, 90, 25]",10,1,[],re_result_6-29_APRA/cifar100_700_Jul.02_15.30.49_apra_True_no-noise_reba/agg_records/pkl/round_0456_apra.pkl
457,apra,success,"[85, 64, 90, 72, 44, 35, 19, 9, 47, 34]",[true],"[85, 64, 90, 72, 44, 35, 19, 9, 47, 34]",10,1,[],re_result_6-29_APRA/cifar100_700_Jul.02_15.30.49_apra_True_no-noise_reba/agg_records/pkl/round_0457_apra.pkl
458,apra,success,"[57, 95, 65, 94, 76, 60, 80, 6, 93, 55]",[true],"[57, 95, 65, 94, 76, 60, 80, 6, 93, 55]",10,1,[],re_result_6-29_APRA/cifar100_700_Jul.02_15.30.49_apra_True_no-noise_reba/agg_records/pkl/round_0458_apra.pkl
459,apra,success,"[1, 35, 94, 70, 7, 5, 36, 83, 6, 72]",[true],"[35, 94, 70, 7, 5, 36, 83, 6, 72]",10,1,[],re_result_6-29_APRA/cifar100_700_Jul.02_15.30.49_apra_True_no-noise_reba/agg_records/pkl/round_0459_apra.pkl
460,apra,success,"[62, 32, 93, 8, 96, 81, 44, 83, 10, 22]",[true],"[62, 32, 93, 8, 96, 81, 44, 83, 10, 22]",10,1,[],re_result_6-29_APRA/cifar100_700_Jul.02_15.30.49_apra_True_no-noise_reba/agg_records/pkl/round_0460_apra.pkl
461,apra,success,"[22, 97, 31, 62, 84, 58, 4, 23, 17, 68]",[true],"[22, 97, 31, 62, 84, 58, 4, 23, 17, 68]",10,1,[],re_result_6-29_APRA/cifar100_700_Jul.02_15.30.49_apra_True_no-noise_reba/agg_records/pkl/round_0461_apra.pkl
462,apra,success,"[65, 66, 19, 3, 2, 51, 69, 31, 82, 68]",[true],"[65, 66, 19, 3, 2, 51, 69, 31, 82, 68]",10,1,[],re_result_6-29_APRA/cifar100_700_Jul.02_15.30.49_apra_True_no-noise_reba/agg_records/pkl/round_0462_apra.pkl
463,apra,success,"[80, 76, 61, 67, 77, 69, 4, 7, 83, 16]",[true],"[80, 76, 61, 67, 77, 69, 4, 7, 83, 16]",10,1,[],re_result_6-29_APRA/cifar100_700_Jul.02_15.30.49_apra_True_no-noise_reba/agg_records/pkl/round_0463_apra.pkl
464,apra,success,"[88, 72, 48, 91, 93, 5, 95, 53, 4, 46]",[true],"[88, 72, 48, 91, 93, 5, 95, 53, 4, 46]",10,1,[],re_result_6-29_APRA/cifar100_700_Jul.02_15.30.49_apra_True_no-noise_reba/agg_records/pkl/round_0464_apra.pkl
465,apra,success,"[81, 0, 47, 29, 84, 12, 16, 40, 25, 93]",[true],"[81, 0, 47, 29, 84, 12, 16, 40, 25, 93]",10,1,[],re_result_6-29_APRA/cifar100_700_Jul.02_15.30.49_apra_True_no-noise_reba/agg_records/pkl/round_0465_apra.pkl
466,apra,success,"[19, 56, 89, 92, 36, 97, 26, 10, 41, 94]",[true],"[19, 56, 89, 92, 36, 97, 26, 10, 41, 94]",10,1,[],re_result_6-29_APRA/cifar100_700_Jul.02_15.30.49_apra_True_no-noise_reba/agg_records/pkl/round_0466_apra.pkl
467,apra,success,"[51, 5, 14, 55, 67, 44, 21, 68, 37, 86]",[true],"[51, 5, 14, 55, 67, 44, 21, 68, 37, 86]",10,1,[],re_result_6-29_APRA/cifar100_700_Jul.02_15.30.49_apra_True_no-noise_reba/agg_records/pkl/round_0467_apra.pkl
468,apra,success,"[5, 68, 49, 8, 91, 75, 79, 10, 87, 24]",[true],"[5, 68, 49, 8, 91, 75, 79, 10, 87, 24]",10,1,[],re_result_6-29_APRA/cifar100_700_Jul.02_15.30.49_apra_True_no-noise_reba/agg_records/pkl/round_0468_apra.pkl
469,apra,success,"[71, 93, 72, 84, 59, 78, 80, 26, 28, 0]",[true],"[71, 93, 72, 84, 59, 78, 80, 26, 28, 0]",10,1,[],re_result_6-29_APRA/cifar100_700_Jul.02_15.30.49_apra_True_no-noise_reba/agg_records/pkl/round_0469_apra.pkl
470,apra,success,"[97, 63, 38, 47, 28, 73, 20, 3, 5, 29]",[true],"[97, 63, 38, 47, 28, 73, 20, 3, 5, 29]",10,1,[],re_result_6-29_APRA/cifar100_700_Jul.02_15.30.49_apra_True_no-noise_reba/agg_records/pkl/round_0470_apra.pkl
471,apra,success,"[23, 7, 55, 40, 19, 32, 84, 89, 92, 39]",[true],"[23, 7, 55, 40, 19, 32, 84, 89, 92, 39]",10,1,[],re_result_6-29_APRA/cifar100_700_Jul.02_15.30.49_apra_True_no-noise_reba/agg_records/pkl/round_0471_apra.pkl
472,apra,success,"[43, 75, 72, 3, 45, 80, 37, 9, 59, 47]",[true],"[43, 75, 72, 3, 45, 80, 37, 9, 59, 47]",10,1,[],re_result_6-29_APRA/cifar100_700_Jul.02_15.30.49_apra_True_no-noise_reba/agg_records/pkl/round_0472_apra.pkl
473,apra,success,"[94, 3, 2, 27, 76, 11, 4, 79, 1, 14]",[true],"[94, 3, 2, 27, 76, 11, 4, 79, 14]",10,1,[],re_result_6-29_APRA/cifar100_700_Jul.02_15.30.49_apra_True_no-noise_reba/agg_records/pkl/round_0473_apra.pkl
474,apra,success,"[54, 52, 99, 67, 1, 25, 2, 43, 55, 31]",[true],"[54, 52, 99, 67, 25, 2, 43, 55, 31]",10,1,[],re_result_6-29_APRA/cifar100_700_Jul.02_15.30.49_apra_True_no-noise_reba/agg_records/pkl/round_0474_apra.pkl
475,apra,success,"[36, 13, 82, 50, 54, 27, 23, 32, 46, 14]",[true],"[36, 13, 82, 50, 54, 27, 23, 32, 46, 14]",10,1,[],re_result_6-29_APRA/cifar100_700_Jul.02_15.30.49_apra_True_no-noise_reba/agg_records/pkl/round_0475_apra.pkl
476,apra,success,"[59, 37, 22, 54, 60, 87, 16, 62, 61, 58]",[true],"[59, 37, 22, 54, 60, 87, 16, 62, 61, 58]",10,1,[],re_result_6-29_APRA/cifar100_700_Jul.02_15.30.49_apra_True_no-noise_reba/agg_records/pkl/round_0476_apra.pkl
477,apra,success,"[73, 17, 46, 89, 62, 95, 7, 77, 15, 6]",[true],"[73, 17, 46, 89, 62, 95, 7, 77, 15, 6]",10,1,[],re_result_6-29_APRA/cifar100_700_Jul.02_15.30.49_apra_True_no-noise_reba/agg_records/pkl/round_0477_apra.pkl
478,apra,success,"[66, 27, 83, 23, 7, 8, 63, 11, 65, 88]",[true],"[66, 27, 83, 23, 7, 8, 63, 11, 65, 88]",10,1,[],re_result_6-29_APRA/cifar100_700_Jul.02_15.30.49_apra_True_no-noise_reba/agg_records/pkl/round_0478_apra.pkl
479,apra,success,"[10, 84, 17, 35, 64, 42, 14, 44, 69, 75]",[true],"[10, 84, 17, 35, 64, 42, 14, 44, 69, 75]",10,1,[],re_result_6-29_APRA/cifar100_700_Jul.02_15.30.49_apra_True_no-noise_reba/agg_records/pkl/round_0479_apra.pkl
480,apra,success,"[84, 11, 98, 38, 93, 18, 85, 78, 34, 19]",[true],"[84, 11, 98, 38, 93, 18, 85, 78, 34, 19]",10,1,[],re_result_6-29_APRA/cifar100_700_Jul.02_15.30.49_apra_True_no-noise_reba/agg_records/pkl/round_0480_apra.pkl
481,apra,success,"[39, 9, 37, 52, 38, 94, 48, 47, 3, 90]",[true],"[39, 9, 37, 52, 38, 94, 48, 47, 3, 90]",10,1,[],re_result_6-29_APRA/cifar100_700_Jul.02_15.30.49_apra_True_no-noise_reba/agg_records/pkl/round_0481_apra.pkl
482,apra,success,"[43, 26, 86, 56, 72, 59, 55, 91, 18, 80]",[true],"[43, 26, 86, 56, 72, 59, 55, 91, 18, 80]",10,1,[],re_result_6-29_APRA/cifar100_700_Jul.02_15.30.49_apra_True_no-noise_reba/agg_records/pkl/round_0482_apra.pkl
483,apra,success,"[40, 35, 63, 10, 81, 86, 93, 54, 85, 77]",[true],"[40, 35, 63, 10, 81, 86, 93, 54, 85, 77]",10,1,[],re_result_6-29_APRA/cifar100_700_Jul.02_15.30.49_apra_True_no-noise_reba/agg_records/pkl/round_0483_apra.pkl
484,apra,success,"[80, 99, 29, 20, 27, 57, 93, 64, 91, 37]",[true],"[80, 99, 29, 20, 27, 57, 93, 64, 91, 37]",10,1,[],re_result_6-29_APRA/cifar100_700_Jul.02_15.30.49_apra_True_no-noise_reba/agg_records/pkl/round_0484_apra.pkl
485,apra,success,"[47, 95, 19, 65, 40, 89, 35, 99, 78, 52]",[true],"[47, 95, 19, 65, 40, 89, 35, 99, 78, 52]",10,1,[],re_result_6-29_APRA/cifar100_700_Jul.02_15.30.49_apra_True_no-noise_reba/agg_records/pkl/round_0485_apra.pkl
486,apra,success,"[97, 15, 51, 64, 95, 83, 69, 73, 34, 45]",[true],"[97, 15, 51, 64, 95, 83, 69, 73, 34, 45]",10,1,[],re_result_6-29_APRA/cifar100_700_Jul.02_15.30.49_apra_True_no-noise_reba/agg_records/pkl/round_0486_apra.pkl
487,apra,success,"[92, 21, 20, 41, 12, 0, 79, 65, 44, 75]",[true],"[92, 21, 20, 41, 12, 0, 79, 65, 44, 75]",10,1,[],re_result_6-29_APRA/cifar100_700_Jul.02_15.30.49_apra_True_no-noise_reba/agg_records/pkl/round_0487_apra.pkl
488,apra,success,"[66, 26, 69, 42, 38, 85, 88, 15, 91, 39]",[true],"[66, 26, 69, 42, 38, 85, 88, 15, 91, 39]",10,1,[],re_result_6-29_APRA/cifar100_700_Jul.02_15.30.49_apra_True_no-noise_reba/agg_records/pkl/round_0488_apra.pkl
489,apra,success,"[90, 21, 34, 53, 12, 85, 96, 48, 5, 4]",[true],"[90, 21, 34, 53, 12, 85, 96, 48, 5, 4]",10,1,[],re_result_6-29_APRA/cifar100_700_Jul.02_15.30.49_apra_True_no-noise_reba/agg_records/pkl/round_0489_apra.pkl
490,apra,success,"[86, 44, 90, 52, 29, 62, 70, 21, 25, 13]",[true],"[86, 44, 90, 52, 29, 62, 70, 21, 25, 13]",10,1,[],re_result_6-29_APRA/cifar100_700_Jul.02_15.30.49_apra_True_no-noise_reba/agg_records/pkl/round_0490_apra.pkl
491,apra,success,"[31, 59, 13, 57, 55, 37, 36, 93, 73, 75]",[true],"[31, 59, 13, 57, 55, 37, 36, 93, 73, 75]",10,1,[],re_result_6-29_APRA/cifar100_700_Jul.02_15.30.49_apra_True_no-noise_reba/agg_records/pkl/round_0491_apra.pkl
492,apra,success,"[2, 3, 64, 40, 63, 66, 14, 58, 8, 83]",[true],"[2, 3, 64, 40, 63, 66, 14, 58, 8, 83]",10,1,[],re_result_6-29_APRA/cifar100_700_Jul.02_15.30.49_apra_True_no-noise_reba/agg_records/pkl/round_0492_apra.pkl
493,apra,success,"[62, 11, 98, 30, 49, 28, 88, 24, 58, 70]",[true],"[62, 11, 98, 30, 49, 28, 88, 24, 58, 70]",10,1,[],re_result_6-29_APRA/cifar100_700_Jul.02_15.30.49_apra_True_no-noise_reba/agg_records/pkl/round_0493_apra.pkl
494,apra,success,"[79, 20, 26, 33, 92, 17, 74, 53, 67, 37]",[true],"[79, 20, 26, 33, 92, 17, 74, 53, 67, 37]",10,1,[],re_result_6-29_APRA/cifar100_700_Jul.02_15.30.49_apra_True_no-noise_reba/agg_records/pkl/round_0494_apra.pkl
495,apra,success,"[59, 60, 15, 98, 92, 78, 48, 45, 30, 35]",[true],"[59, 60, 15, 98, 92, 78, 48, 45, 30, 35]",10,1,[],re_result_6-29_APRA/cifar100_700_Jul.02_15.30.49_apra_True_no-noise_reba/agg_records/pkl/round_0495_apra.pkl
496,apra,success,"[61, 76, 36, 55, 24, 71, 43, 30, 50, 74]",[true],"[61, 76, 36, 55, 24, 71, 43, 30, 50, 74]",10,1,[],re_result_6-29_APRA/cifar100_700_Jul.02_15.30.49_apra_True_no-noise_reba/agg_records/pkl/round_0496_apra.pkl
497,apra,success,"[68, 33, 38, 62, 76, 88, 54, 19, 29, 53]",[true],"[68, 33, 38, 62, 76, 88, 54, 19, 29, 53]",10,1,[],re_result_6-29_APRA/cifar100_700_Jul.02_15.30.49_apra_True_no-noise_reba/agg_records/pkl/round_0497_apra.pkl
498,apra,success,"[20, 47, 97, 72, 23, 79, 60, 68, 10, 95]",[true],"[20, 47, 97, 72, 23, 79, 60, 68, 10, 95]",10,1,[],re_result_6-29_APRA/cifar100_700_Jul.02_15.30.49_apra_True_no-noise_reba/agg_records/pkl/round_0498_apra.pkl
499,apra,success,"[43, 20, 17, 83, 37, 13, 35, 26, 49, 61]",[true],"[43, 20, 17, 83, 37, 13, 35, 26, 49, 61]",10,1,[],re_result_6-29_APRA/cifar100_700_Jul.02_15.30.49_apra_True_no-noise_reba/agg_records/pkl/round_0499_apra.pkl
500,apra,success,"[34, 67, 88, 27, 97, 44, 86, 11, 26, 73]",[true],"[34, 67, 88, 27, 97, 44, 86, 11, 26, 73]",10,1,[],re_result_6-29_APRA/cifar100_700_Jul.02_15.30.49_apra_True_no-noise_reba/agg_records/pkl/round_0500_apra.pkl
501,apra,success,"[13, 3, 14, 11, 24, 80, 55, 33, 44, 64]",[true],"[13, 3, 14, 11, 24, 80, 55, 33, 44, 64]",10,1,[],re_result_6-29_APRA/cifar100_700_Jul.02_15.30.49_apra_True_no-noise_reba/agg_records/pkl/round_0501_apra.pkl
502,apra,success,"[59, 87, 43, 21, 12, 90, 84, 73, 37, 50]",[true],"[59, 87, 43, 21, 12, 90, 84, 73, 37, 50]",10,1,[],re_result_6-29_APRA/cifar100_700_Jul.02_15.30.49_apra_True_no-noise_reba/agg_records/pkl/round_0502_apra.pkl
503,apra,success,"[90, 7, 72, 8, 42, 50, 48, 59, 24, 45]",[true],"[90, 7, 72, 8, 42, 50, 48, 59, 24, 45]",10,1,[],re_result_6-29_APRA/cifar100_700_Jul.02_15.30.49_apra_True_no-noise_reba/agg_records/pkl/round_0503_apra.pkl
504,apra,success,"[8, 82, 3, 98, 31, 28, 91, 68, 27, 22]",[true],"[8, 82, 3, 98, 31, 28, 91, 68, 27, 22]",10,1,[],re_result_6-29_APRA/cifar100_700_Jul.02_15.30.49_apra_True_no-noise_reba/agg_records/pkl/round_0504_apra.pkl
505,apra,success,"[17, 8, 64, 29, 61, 1, 27, 86, 38, 84]",[true],"[17, 8, 64, 29, 61, 27, 86, 38, 84]",10,1,[],re_result_6-29_APRA/cifar100_700_Jul.02_15.30.49_apra_True_no-noise_reba/agg_records/pkl/round_0505_apra.pkl
506,apra,success,"[8, 28, 40, 82, 52, 95, 15, 71, 33, 47]",[true],"[8, 28, 40, 82, 52, 95, 15, 71, 33, 47]",10,1,[],re_result_6-29_APRA/cifar100_700_Jul.02_15.30.49_apra_True_no-noise_reba/agg_records/pkl/round_0506_apra.pkl
507,apra,success,"[45, 76, 96, 47, 38, 59, 36, 68, 84, 19]",[true],"[45, 76, 96, 47, 38, 59, 36, 68, 84, 19]",10,1,[],re_result_6-29_APRA/cifar100_700_Jul.02_15.30.49_apra_True_no-noise_reba/agg_records/pkl/round_0507_apra.pkl
508,apra,success,"[66, 61, 59, 53, 63, 44, 35, 72, 21, 52]",[true],"[66, 61, 59, 53, 63, 44, 35, 72, 21, 52]",10,1,[],re_result_6-29_APRA/cifar100_700_Jul.02_15.30.49_apra_True_no-noise_reba/agg_records/pkl/round_0508_apra.pkl
509,apra,success,"[73, 64, 98, 23, 48, 97, 81, 67, 49, 87]",[true],"[73, 64, 98, 23, 48, 97, 81, 67, 49, 87]",10,1,[],re_result_6-29_APRA/cifar100_700_Jul.02_15.30.49_apra_True_no-noise_reba/agg_records/pkl/round_0509_apra.pkl
510,apra,success,"[27, 72, 11, 80, 40, 87, 78, 84, 97, 79]",[true],"[27, 72, 11, 80, 40, 87, 78, 84, 97, 79]",10,1,[],re_result_6-29_APRA/cifar100_700_Jul.02_15.30.49_apra_True_no-noise_reba/agg_records/pkl/round_0510_apra.pkl
511,apra,success,"[98, 31, 60, 39, 13, 63, 59, 83, 27, 14]",[true],"[98, 31, 60, 39, 13, 63, 59, 83, 27, 14]",10,1,[],re_result_6-29_APRA/cifar100_700_Jul.02_15.30.49_apra_True_no-noise_reba/agg_records/pkl/round_0511_apra.pkl
512,apra,success,"[91, 78, 82, 95, 89, 61, 14, 41, 15, 69]",[true],"[91, 78, 82, 95, 89, 61, 14, 41, 15, 69]",10,1,[],re_result_6-29_APRA/cifar100_700_Jul.02_15.30.49_apra_True_no-noise_reba/agg_records/pkl/round_0512_apra.pkl
513,apra,success,"[70, 33, 37, 73, 26, 15, 8, 90, 93, 57]",[true],"[70, 33, 37, 73, 26, 15, 8, 90, 93, 57]",10,1,[],re_result_6-29_APRA/cifar100_700_Jul.02_15.30.49_apra_True_no-noise_reba/agg_records/pkl/round_0513_apra.pkl
514,apra,success,"[69, 47, 82, 87, 49, 85, 26, 21, 96, 53]",[true],"[69, 47, 82, 87, 49, 85, 26, 21, 96, 53]",10,1,[],re_result_6-29_APRA/cifar100_700_Jul.02_15.30.49_apra_True_no-noise_reba/agg_records/pkl/round_0514_apra.pkl
515,apra,success,"[60, 61, 92, 50, 66, 16, 88, 19, 27, 20]",[true],"[60, 61, 92, 50, 66, 16, 88, 19, 27, 20]",10,1,[],re_result_6-29_APRA/cifar100_700_Jul.02_15.30.49_apra_True_no-noise_reba/agg_records/pkl/round_0515_apra.pkl
516,apra,success,"[68, 92, 6, 44, 13, 49, 88, 38, 26, 86]",[true],"[68, 92, 6, 44, 13, 49, 88, 38, 26, 86]",10,1,[],re_result_6-29_APRA/cifar100_700_Jul.02_15.30.49_apra_True_no-noise_reba/agg_records/pkl/round_0516_apra.pkl
517,apra,success,"[74, 20, 52, 89, 2, 29, 3, 57, 70, 13]",[true],"[74, 20, 52, 89, 2, 29, 3, 57, 70, 13]",10,1,[],re_result_6-29_APRA/cifar100_700_Jul.02_15.30.49_apra_True_no-noise_reba/agg_records/pkl/round_0517_apra.pkl
518,apra,success,"[60, 68, 12, 28, 79, 54, 86, 31, 9, 10]",[true],"[60, 68, 12, 28, 79, 54, 86, 31, 9, 10]",10,1,[],re_result_6-29_APRA/cifar100_700_Jul.02_15.30.49_apra_True_no-noise_reba/agg_records/pkl/round_0518_apra.pkl
519,apra,success,"[41, 10, 16, 51, 71, 75, 7, 31, 42, 25]",[true],"[41, 10, 16, 51, 71, 75, 7, 31, 42, 25]",10,1,[],re_result_6-29_APRA/cifar100_700_Jul.02_15.30.49_apra_True_no-noise_reba/agg_records/pkl/round_0519_apra.pkl
520,apra,success,"[77, 25, 68, 80, 10, 24, 99, 34, 95, 11]",[true],"[77, 25, 68, 80, 10, 24, 99, 34, 95, 11]",10,1,[],re_result_6-29_APRA/cifar100_700_Jul.02_15.30.49_apra_True_no-noise_reba/agg_records/pkl/round_0520_apra.pkl
521,apra,success,"[98, 5, 53, 99, 62, 72, 65, 0, 51, 76]",[true],"[98, 5, 53, 99, 62, 72, 65, 0, 51, 76]",10,1,[],re_result_6-29_APRA/cifar100_700_Jul.02_15.30.49_apra_True_no-noise_reba/agg_records/pkl/round_0521_apra.pkl
522,apra,success,"[81, 33, 29, 88, 10, 99, 48, 40, 75, 57]",[true],"[81, 33, 29, 88, 10, 99, 48, 40, 75, 57]",10,1,[],re_result_6-29_APRA/cifar100_700_Jul.02_15.30.49_apra_True_no-noise_reba/agg_records/pkl/round_0522_apra.pkl
523,apra,success,"[88, 53, 56, 59, 19, 36, 9, 48, 49, 16]",[true],"[88, 53, 56, 59, 19, 36, 9, 48, 49, 16]",10,1,[],re_result_6-29_APRA/cifar100_700_Jul.02_15.30.49_apra_True_no-noise_reba/agg_records/pkl/round_0523_apra.pkl
524,apra,success,"[7, 61, 83, 49, 29, 75, 51, 10, 9, 94]",[true],"[7, 61, 83, 49, 29, 75, 51, 10, 9, 94]",10,1,[],re_result_6-29_APRA/cifar100_700_Jul.02_15.30.49_apra_True_no-noise_reba/agg_records/pkl/round_0524_apra.pkl
525,apra,success,"[83, 17, 19, 54, 35, 40, 4, 62, 50, 85]",[true],"[83, 17, 19, 54, 35, 40, 4, 62, 50, 85]",10,1,[],re_result_6-29_APRA/cifar100_700_Jul.02_15.30.49_apra_True_no-noise_reba/agg_records/pkl/round_0525_apra.pkl
526,apra,success,"[59, 53, 24, 61, 75, 63, 6, 44, 67, 49]",[true],"[59, 53, 24, 61, 75, 63, 6, 44, 67, 49]",10,1,[],re_result_6-29_APRA/cifar100_700_Jul.02_15.30.49_apra_True_no-noise_reba/agg_records/pkl/round_0526_apra.pkl
527,apra,success,"[51, 43, 3, 35, 45, 83, 20, 92, 11, 40]",[true],"[51, 43, 3, 35, 45, 83, 20, 92, 11, 40]",10,1,[],re_result_6-29_APRA/cifar100_700_Jul.02_15.30.49_apra_True_no-noise_reba/agg_records/pkl/round_0527_apra.pkl
528,apra,success,"[93, 45, 30, 78, 85, 13, 23, 51, 12, 10]",[true],"[93, 45, 30, 78, 85, 13, 23, 51, 12, 10]",10,1,[],re_result_6-29_APRA/cifar100_700_Jul.02_15.30.49_apra_True_no-noise_reba/agg_records/pkl/round_0528_apra.pkl
529,apra,success,"[85, 5, 9, 1, 91, 26, 64, 0, 34, 8]",[true],"[85, 5, 9, 91, 26, 64, 0, 34, 8]",10,1,[],re_result_6-29_APRA/cifar100_700_Jul.02_15.30.49_apra_True_no-noise_reba/agg_records/pkl/round_0529_apra.pkl
530,apra,success,"[0, 12, 11, 54, 28, 60, 24, 59, 67, 26]",[true],"[0, 12, 11, 54, 28, 60, 24, 59, 67, 26]",10,1,[],re_result_6-29_APRA/cifar100_700_Jul.02_15.30.49_apra_True_no-noise_reba/agg_records/pkl/round_0530_apra.pkl
531,apra,success,"[13, 69, 16, 68, 24, 51, 14, 73, 74, 87]",[true],"[13, 69, 16, 68, 24, 51, 14, 73, 74, 87]",10,1,[],re_result_6-29_APRA/cifar100_700_Jul.02_15.30.49_apra_True_no-noise_reba/agg_records/pkl/round_0531_apra.pkl
532,apra,success,"[79, 83, 3, 98, 38, 22, 30, 44, 35, 56]",[true],"[79, 83, 3, 98, 38, 22, 30, 44, 35, 56]",10,1,[],re_result_6-29_APRA/cifar100_700_Jul.02_15.30.49_apra_True_no-noise_reba/agg_records/pkl/round_0532_apra.pkl
533,apra,success,"[3, 26, 51, 92, 57, 1, 35, 67, 85, 99]",[true],"[3, 26, 51, 92, 57, 35, 67, 85, 99]",10,1,[],re_result_6-29_APRA/cifar100_700_Jul.02_15.30.49_apra_True_no-noise_reba/agg_records/pkl/round_0533_apra.pkl
534,apra,success,"[31, 97, 71, 39, 22, 57, 82, 81, 86, 54]",[true],"[31, 97, 71, 39, 22, 57, 82, 81, 86, 54]",10,1,[],re_result_6-29_APRA/cifar100_700_Jul.02_15.30.49_apra_True_no-noise_reba/agg_records/pkl/round_0534_apra.pkl
535,apra,success,"[2, 19, 25, 27, 16, 69, 83, 30, 64, 44]",[true],"[2, 19, 25, 27, 16, 69, 83, 30, 64, 44]",10,1,[],re_result_6-29_APRA/cifar100_700_Jul.02_15.30.49_apra_True_no-noise_reba/agg_records/pkl/round_0535_apra.pkl
536,apra,success,"[31, 62, 55, 27, 82, 8, 97, 80, 79, 20]",[true],"[31, 62, 55, 27, 82, 8, 97, 80, 79, 20]",10,1,[],re_result_6-29_APRA/cifar100_700_Jul.02_15.30.49_apra_True_no-noise_reba/agg_records/pkl/round_0536_apra.pkl
537,apra,success,"[0, 77, 3, 2, 35, 58, 44, 4, 81, 28]",[true],"[0, 77, 3, 2, 35, 58, 44, 4, 81, 28]",10,1,[],re_result_6-29_APRA/cifar100_700_Jul.02_15.30.49_apra_True_no-noise_reba/agg_records/pkl/round_0537_apra.pkl
538,apra,success,"[87, 31, 85, 94, 48, 2, 25, 56, 79, 88]",[true],"[87, 31, 85, 94, 48, 2, 25, 56, 79, 88]",10,1,[],re_result_6-29_APRA/cifar100_700_Jul.02_15.30.49_apra_True_no-noise_reba/agg_records/pkl/round_0538_apra.pkl
539,apra,success,"[93, 81, 37, 29, 19, 72, 40, 97, 10, 8]",[true],"[93, 81, 37, 29, 19, 72, 40, 97, 10, 8]",10,1,[],re_result_6-29_APRA/cifar100_700_Jul.02_15.30.49_apra_True_no-noise_reba/agg_records/pkl/round_0539_apra.pkl
540,apra,success,"[8, 4, 61, 47, 6, 97, 77, 91, 46, 48]",[true],"[8, 4, 61, 47, 6, 97, 77, 91, 46, 48]",10,1,[],re_result_6-29_APRA/cifar100_700_Jul.02_15.30.49_apra_True_no-noise_reba/agg_records/pkl/round_0540_apra.pkl
541,apra,success,"[16, 21, 27, 57, 12, 55, 8, 85, 56, 70]",[true],"[16, 21, 27, 57, 12, 55, 8, 85, 56, 70]",10,1,[],re_result_6-29_APRA/cifar100_700_Jul.02_15.30.49_apra_True_no-noise_reba/agg_records/pkl/round_0541_apra.pkl
542,apra,success,"[49, 25, 88, 84, 11, 91, 76, 50, 82, 78]",[true],"[49, 25, 88, 84, 11, 91, 76, 50, 82, 78]",10,1,[],re_result_6-29_APRA/cifar100_700_Jul.02_15.30.49_apra_True_no-noise_reba/agg_records/pkl/round_0542_apra.pkl
543,apra,success,"[9, 72, 73, 18, 4, 88, 20, 7, 58, 17]",[true],"[9, 72, 73, 18, 4, 88, 20, 7, 58, 17]",10,1,[],re_result_6-29_APRA/cifar100_700_Jul.02_15.30.49_apra_True_no-noise_reba/agg_records/pkl/round_0543_apra.pkl
544,apra,success,"[30, 59, 92, 86, 61, 85, 41, 98, 16, 11]",[true],"[30, 59, 92, 86, 61, 85, 41, 98, 16, 11]",10,1,[],re_result_6-29_APRA/cifar100_700_Jul.02_15.30.49_apra_True_no-noise_reba/agg_records/pkl/round_0544_apra.pkl
545,apra,success,"[12, 4, 61, 29, 8, 69, 10, 90, 18, 2]",[true],"[12, 4, 61, 29, 8, 69, 10, 90, 18, 2]",10,1,[],re_result_6-29_APRA/cifar100_700_Jul.02_15.30.49_apra_True_no-noise_reba/agg_records/pkl/round_0545_apra.pkl
546,apra,success,"[40, 56, 36, 26, 84, 10, 14, 73, 91, 8]",[true],"[40, 56, 36, 26, 84, 10, 14, 73, 91, 8]",10,1,[],re_result_6-29_APRA/cifar100_700_Jul.02_15.30.49_apra_True_no-noise_reba/agg_records/pkl/round_0546_apra.pkl
547,apra,success,"[46, 93, 55, 38, 17, 56, 69, 34, 71, 97]",[true],"[46, 93, 55, 38, 17, 56, 69, 34, 71, 97]",10,1,[],re_result_6-29_APRA/cifar100_700_Jul.02_15.30.49_apra_True_no-noise_reba/agg_records/pkl/round_0547_apra.pkl
548,apra,success,"[60, 12, 93, 76, 46, 32, 87, 73, 40, 58]",[true],"[60, 12, 93, 76, 46, 32, 87, 73, 40, 58]",10,1,[],re_result_6-29_APRA/cifar100_700_Jul.02_15.30.49_apra_True_no-noise_reba/agg_records/pkl/round_0548_apra.pkl
549,apra,success,"[38, 76, 75, 6, 3, 11, 54, 47, 59, 22]",[true],"[38, 76, 75, 6, 3, 11, 54, 47, 59, 22]",10,1,[],re_result_6-29_APRA/cifar100_700_Jul.02_15.30.49_apra_True_no-noise_reba/agg_records/pkl/round_0549_apra.pkl
550,apra,success,"[20, 96, 28, 38, 93, 74, 61, 21, 59, 36]",[true],"[20, 96, 28, 38, 93, 74, 61, 21, 59, 36]",10,1,[],re_result_6-29_APRA/cifar100_700_Jul.02_15.30.49_apra_True_no-noise_reba/agg_records/pkl/round_0550_apra.pkl
551,apra,success,"[9, 20, 50, 98, 68, 84, 28, 13, 64, 43]",[true],"[9, 20, 50, 98, 68, 84, 28, 13, 64, 43]",10,1,[],re_result_6-29_APRA/cifar100_700_Jul.02_15.30.49_apra_True_no-noise_reba/agg_records/pkl/round_0551_apra.pkl
552,apra,success,"[94, 61, 1, 2, 66, 30, 65, 4, 21, 8]",[true],"[94, 61, 2, 66, 30, 65, 4, 21, 8]",10,1,[],re_result_6-29_APRA/cifar100_700_Jul.02_15.30.49_apra_True_no-noise_reba/agg_records/pkl/round_0552_apra.pkl
553,apra,success,"[68, 91, 80, 61, 19, 99, 7, 67, 59, 29]",[true],"[68, 91, 80, 61, 19, 99, 7, 67, 59, 29]",10,1,[],re_result_6-29_APRA/cifar100_700_Jul.02_15.30.49_apra_True_no-noise_reba/agg_records/pkl/round_0553_apra.pkl
554,apra,success,"[11, 6, 70, 35, 61, 3, 34, 12, 76, 21]",[true],"[11, 6, 70, 35, 61, 3, 34, 12, 76, 21]",10,1,[],re_result_6-29_APRA/cifar100_700_Jul.02_15.30.49_apra_True_no-noise_reba/agg_records/pkl/round_0554_apra.pkl
555,apra,success,"[32, 19, 18, 91, 74, 16, 17, 52, 11, 10]",[true],"[32, 19, 18, 91, 74, 16, 17, 52, 11, 10]",10,1,[],re_result_6-29_APRA/cifar100_700_Jul.02_15.30.49_apra_True_no-noise_reba/agg_records/pkl/round_0555_apra.pkl
556,apra,success,"[96, 24, 82, 8, 53, 83, 28, 55, 69, 9]",[true],"[96, 24, 82, 8, 53, 83, 28, 55, 69, 9]",10,1,[],re_result_6-29_APRA/cifar100_700_Jul.02_15.30.49_apra_True_no-noise_reba/agg_records/pkl/round_0556_apra.pkl
557,apra,success,"[96, 26, 71, 81, 85, 83, 55, 17, 32, 99]",[true],"[96, 26, 71, 81, 85, 83, 55, 17, 32, 99]",10,1,[],re_result_6-29_APRA/cifar100_700_Jul.02_15.30.49_apra_True_no-noise_reba/agg_records/pkl/round_0557_apra.pkl
558,apra,success,"[29, 42, 64, 78, 37, 39, 7, 27, 22, 10]",[true],"[29, 42, 64, 78, 37, 39, 7, 27, 22, 10]",10,1,[],re_result_6-29_APRA/cifar100_700_Jul.02_15.30.49_apra_True_no-noise_reba/agg_records/pkl/round_0558_apra.pkl
559,apra,success,"[92, 65, 27, 19, 9, 62, 85, 98, 13, 33]",[true],"[92, 65, 27, 19, 9, 62, 85, 98, 13, 33]",10,1,[],re_result_6-29_APRA/cifar100_700_Jul.02_15.30.49_apra_True_no-noise_reba/agg_records/pkl/round_0559_apra.pkl
560,apra,success,"[96, 13, 41, 30, 59, 22, 6, 60, 14, 85]",[true],"[96, 13, 41, 30, 59, 22, 6, 60, 14, 85]",10,1,[],re_result_6-29_APRA/cifar100_700_Jul.02_15.30.49_apra_True_no-noise_reba/agg_records/pkl/round_0560_apra.pkl
561,apra,success,"[37, 19, 93, 64, 8, 31, 63, 1, 13, 96]",[true],"[37, 19, 93, 64, 8, 31, 63, 13, 96]",10,1,[],re_result_6-29_APRA/cifar100_700_Jul.02_15.30.49_apra_True_no-noise_reba/agg_records/pkl/round_0561_apra.pkl
562,apra,success,"[41, 23, 18, 27, 62, 9, 11, 49, 15, 44]",[true],"[41, 23, 18, 27, 62, 9, 11, 49, 15, 44]",10,1,[],re_result_6-29_APRA/cifar100_700_Jul.02_15.30.49_apra_True_no-noise_reba/agg_records/pkl/round_0562_apra.pkl
563,apra,success,"[7, 20, 98, 30, 29, 72, 15, 62, 1, 94]",[true],"[7, 20, 98, 30, 29, 72, 15, 62, 94]",10,1,[],re_result_6-29_APRA/cifar100_700_Jul.02_15.30.49_apra_True_no-noise_reba/agg_records/pkl/round_0563_apra.pkl
564,apra,success,"[91, 41, 13, 43, 10, 50, 57, 97, 58, 28]",[true],"[91, 41, 13, 43, 10, 50, 57, 97, 58, 28]",10,1,[],re_result_6-29_APRA/cifar100_700_Jul.02_15.30.49_apra_True_no-noise_reba/agg_records/pkl/round_0564_apra.pkl
565,apra,success,"[52, 58, 46, 10, 67, 74, 5, 27, 23, 60]",[true],"[52, 58, 46, 10, 67, 74, 5, 27, 23, 60]",10,1,[],re_result_6-29_APRA/cifar100_700_Jul.02_15.30.49_apra_True_no-noise_reba/agg_records/pkl/round_0565_apra.pkl
566,apra,success,"[3, 30, 26, 83, 81, 2, 77, 85, 68, 41]",[true],"[3, 30, 26, 83, 81, 2, 77, 85, 68, 41]",10,1,[],re_result_6-29_APRA/cifar100_700_Jul.02_15.30.49_apra_True_no-noise_reba/agg_records/pkl/round_0566_apra.pkl
567,apra,success,"[73, 61, 77, 50, 22, 58, 86, 39, 27, 31]",[true],"[73, 61, 77, 50, 22, 58, 86, 39, 27, 31]",10,1,[],re_result_6-29_APRA/cifar100_700_Jul.02_15.30.49_apra_True_no-noise_reba/agg_records/pkl/round_0567_apra.pkl
568,apra,success,"[60, 73, 3, 41, 86, 96, 14, 92, 55, 18]",[true],"[60, 73, 3, 41, 86, 96, 14, 92, 55, 18]",10,1,[],re_result_6-29_APRA/cifar100_700_Jul.02_15.30.49_apra_True_no-noise_reba/agg_records/pkl/round_0568_apra.pkl
569,apra,success,"[19, 34, 36, 23, 28, 96, 55, 53, 95, 66]",[true],"[19, 34, 36, 23, 28, 96, 55, 53, 95, 66]",10,1,[],re_result_6-29_APRA/cifar100_700_Jul.02_15.30.49_apra_True_no-noise_reba/agg_records/pkl/round_0569_apra.pkl
570,apra,success,"[48, 55, 13, 52, 98, 75, 2, 74, 35, 15]",[true],"[48, 55, 13, 52, 98, 75, 2, 74, 35, 15]",10,1,[],re_result_6-29_APRA/cifar100_700_Jul.02_15.30.49_apra_True_no-noise_reba/agg_records/pkl/round_0570_apra.pkl
571,apra,success,"[82, 16, 37, 73, 78, 28, 46, 12, 29, 75]",[true],"[82, 16, 37, 73, 78, 28, 46, 12, 29, 75]",10,1,[],re_result_6-29_APRA/cifar100_700_Jul.02_15.30.49_apra_True_no-noise_reba/agg_records/pkl/round_0571_apra.pkl
572,apra,success,"[46, 59, 13, 72, 42, 34, 96, 36, 88, 12]",[true],"[46, 59, 13, 72, 42, 34, 96, 36, 88, 12]",10,1,[],re_result_6-29_APRA/cifar100_700_Jul.02_15.30.49_apra_True_no-noise_reba/agg_records/pkl/round_0572_apra.pkl
573,apra,success,"[80, 12, 47, 30, 72, 90, 38, 86, 62, 70]",[true],"[80, 12, 47, 30, 72, 90, 38, 86, 62, 70]",10,1,[],re_result_6-29_APRA/cifar100_700_Jul.02_15.30.49_apra_True_no-noise_reba/agg_records/pkl/round_0573_apra.pkl
574,apra,success,"[49, 32, 37, 40, 24, 62, 92, 47, 88, 31]",[true],"[49, 32, 37, 40, 24, 62, 92, 47, 88, 31]",10,1,[],re_result_6-29_APRA/cifar100_700_Jul.02_15.30.49_apra_True_no-noise_reba/agg_records/pkl/round_0574_apra.pkl
575,apra,success,"[79, 53, 18, 46, 14, 75, 33, 34, 28, 30]",[true],"[79, 53, 18, 46, 14, 75, 33, 34, 28, 30]",10,1,[],re_result_6-29_APRA/cifar100_700_Jul.02_15.30.49_apra_True_no-noise_reba/agg_records/pkl/round_0575_apra.pkl
576,apra,success,"[33, 3, 14, 48, 21, 46, 81, 23, 98, 20]",[true],"[33, 3, 14, 48, 21, 46, 81, 23, 98, 20]",10,1,[],re_result_6-29_APRA/cifar100_700_Jul.02_15.30.49_apra_True_no-noise_reba/agg_records/pkl/round_0576_apra.pkl
577,apra,success,"[72, 70, 40, 45, 59, 97, 54, 98, 47, 56]",[true],"[72, 70, 40, 45, 59, 97, 54, 98, 47, 56]",10,1,[],re_result_6-29_APRA/cifar100_700_Jul.02_15.30.49_apra_True_no-noise_reba/agg_records/pkl/round_0577_apra.pkl
578,apra,success,"[28, 7, 90, 37, 16, 57, 86, 49, 93, 22]",[true],"[28, 7, 90, 37, 16, 57, 86, 49, 93, 22]",10,1,[],re_result_6-29_APRA/cifar100_700_Jul.02_15.30.49_apra_True_no-noise_reba/agg_records/pkl/round_0578_apra.pkl
579,apra,success,"[93, 2, 59, 41, 87, 64, 0, 12, 18, 45]",[true],"[93, 2, 59, 41, 87, 64, 0, 12, 18, 45]",10,1,[],re_result_6-29_APRA/cifar100_700_Jul.02_15.30.49_apra_True_no-noise_reba/agg_records/pkl/round_0579_apra.pkl
580,apra,success,"[73, 66, 35, 49, 69, 7, 57, 14, 71, 68]",[true],"[73, 66, 35, 49, 69, 7, 57, 14, 71, 68]",10,1,[],re_result_6-29_APRA/cifar100_700_Jul.02_15.30.49_apra_True_no-noise_reba/agg_records/pkl/round_0580_apra.pkl
581,apra,success,"[25, 46, 18, 3, 90, 30, 36, 91, 60, 52]",[true],"[25, 46, 18, 3, 90, 30, 36, 91, 60, 52]",10,1,[],re_result_6-29_APRA/cifar100_700_Jul.02_15.30.49_apra_True_no-noise_reba/agg_records/pkl/round_0581_apra.pkl
582,apra,success,"[40, 84, 51, 4, 0, 77, 80, 79, 5, 95]",[true],"[40, 84, 51, 4, 0, 77, 80, 79, 5, 95]",10,1,[],re_result_6-29_APRA/cifar100_700_Jul.02_15.30.49_apra_True_no-noise_reba/agg_records/pkl/round_0582_apra.pkl
583,apra,success,"[27, 18, 88, 55, 71, 82, 21, 34, 38, 44]",[true],"[27, 18, 88, 55, 71, 82, 21, 34, 38, 44]",10,1,[],re_result_6-29_APRA/cifar100_700_Jul.02_15.30.49_apra_True_no-noise_reba/agg_records/pkl/round_0583_apra.pkl
584,apra,success,"[29, 16, 63, 28, 26, 40, 53, 11, 69, 68]",[true],"[29, 16, 63, 28, 26, 40, 53, 11, 69, 68]",10,1,[],re_result_6-29_APRA/cifar100_700_Jul.02_15.30.49_apra_True_no-noise_reba/agg_records/pkl/round_0584_apra.pkl
585,apra,success,"[19, 6, 28, 55, 83, 10, 88, 30, 96, 22]",[true],"[19, 6, 28, 55, 83, 10, 88, 30, 96, 22]",10,1,[],re_result_6-29_APRA/cifar100_700_Jul.02_15.30.49_apra_True_no-noise_reba/agg_records/pkl/round_0585_apra.pkl
586,apra,success,"[8, 43, 37, 20, 42, 27, 51, 39, 9, 36]",[true],"[8, 43, 37, 20, 42, 27, 51, 39, 9, 36]",10,1,[],re_result_6-29_APRA/cifar100_700_Jul.02_15.30.49_apra_True_no-noise_reba/agg_records/pkl/round_0586_apra.pkl
587,apra,success,"[15, 19, 8, 29, 11, 70, 34, 87, 73, 25]",[true],"[15, 19, 8, 29, 11, 70, 34, 87, 73, 25]",10,1,[],re_result_6-29_APRA/cifar100_700_Jul.02_15.30.49_apra_True_no-noise_reba/agg_records/pkl/round_0587_apra.pkl
588,apra,success,"[73, 66, 4, 17, 89, 61, 84, 34, 1, 31]",[true],"[73, 66, 4, 17, 89, 61, 84, 34, 31]",10,1,[],re_result_6-29_APRA/cifar100_700_Jul.02_15.30.49_apra_True_no-noise_reba/agg_records/pkl/round_0588_apra.pkl
589,apra,success,"[11, 70, 83, 72, 88, 73, 78, 17, 41, 23]",[true],"[11, 70, 83, 72, 88, 73, 78, 17, 41, 23]",10,1,[],re_result_6-29_APRA/cifar100_700_Jul.02_15.30.49_apra_True_no-noise_reba/agg_records/pkl/round_0589_apra.pkl
590,apra,success,"[21, 80, 60, 48, 18, 69, 2, 61, 77, 88]",[true],"[21, 80, 60, 48, 18, 69, 2, 61, 77, 88]",10,1,[],re_result_6-29_APRA/cifar100_700_Jul.02_15.30.49_apra_True_no-noise_reba/agg_records/pkl/round_0590_apra.pkl
591,apra,success,"[79, 99, 38, 17, 89, 16, 62, 13, 77, 78]",[true],"[79, 99, 38, 17, 89, 16, 62, 13, 77, 78]",10,1,[],re_result_6-29_APRA/cifar100_700_Jul.02_15.30.49_apra_True_no-noise_reba/agg_records/pkl/round_0591_apra.pkl
592,apra,success,"[94, 29, 8, 37, 10, 5, 64, 2, 93, 66]",[true],"[94, 29, 8, 37, 10, 5, 64, 2, 93, 66]",10,1,[],re_result_6-29_APRA/cifar100_700_Jul.02_15.30.49_apra_True_no-noise_reba/agg_records/pkl/round_0592_apra.pkl
593,apra,success,"[1, 44, 56, 55, 87, 65, 33, 62, 73, 85]",[true],"[44, 56, 55, 87, 65, 33, 62, 73, 85]",10,1,[],re_result_6-29_APRA/cifar100_700_Jul.02_15.30.49_apra_True_no-noise_reba/agg_records/pkl/round_0593_apra.pkl
594,apra,success,"[54, 69, 33, 43, 13, 53, 29, 18, 51, 37]",[true],"[54, 69, 33, 43, 13, 53, 29, 18, 51, 37]",10,1,[],re_result_6-29_APRA/cifar100_700_Jul.02_15.30.49_apra_True_no-noise_reba/agg_records/pkl/round_0594_apra.pkl
595,apra,success,"[52, 60, 66, 20, 87, 15, 10, 5, 91, 51]",[true],"[52, 60, 66, 20, 87, 15, 10, 5, 91, 51]",10,1,[],re_result_6-29_APRA/cifar100_700_Jul.02_15.30.49_apra_True_no-noise_reba/agg_records/pkl/round_0595_apra.pkl
596,apra,success,"[62, 24, 22, 1, 74, 17, 11, 37, 79, 38]",[true],"[62, 24, 22, 74, 17, 11, 37, 79, 38]",10,1,[],re_result_6-29_APRA/cifar100_700_Jul.02_15.30.49_apra_True_no-noise_reba/agg_records/pkl/round_0596_apra.pkl
597,apra,success,"[24, 25, 67, 50, 74, 53, 22, 2, 27, 92]",[true],"[24, 25, 67, 50, 74, 53, 22, 2, 27, 92]",10,1,[],re_result_6-29_APRA/cifar100_700_Jul.02_15.30.49_apra_True_no-noise_reba/agg_records/pkl/round_0597_apra.pkl
598,apra,success,"[36, 65, 53, 56, 51, 8, 98, 24, 67, 1]",[true],"[36, 65, 53, 56, 51, 8, 98, 24, 67]",10,1,[],re_result_6-29_APRA/cifar100_700_Jul.02_15.30.49_apra_True_no-noise_reba/agg_records/pkl/round_0598_apra.pkl
599,apra,success,"[7, 26, 0, 58, 28, 24, 67, 45, 59, 71]",[true],"[7, 26, 0, 58, 28, 24, 67, 45, 59, 71]",10,1,[],re_result_6-29_APRA/cifar100_700_Jul.02_15.30.49_apra_True_no-noise_reba/agg_records/pkl/round_0599_apra.pkl
600,apra,success,"[91, 42, 92, 80, 83, 50, 67, 59, 30, 38]",[true],"[91, 42, 92, 80, 83, 50, 67, 59, 30, 38]",10,1,[],re_result_6-29_APRA/cifar100_700_Jul.02_15.30.49_apra_True_no-noise_reba/agg_records/pkl/round_0600_apra.pkl
601,apra,success,"[13, 32, 29, 34, 4, 8, 21, 55, 20, 46]",[true],"[13, 32, 29, 34, 4, 8, 21, 55, 20, 46]",10,1,[],re_result_6-29_APRA/cifar100_700_Jul.02_15.30.49_apra_True_no-noise_reba/agg_records/pkl/round_0601_apra.pkl
602,apra,success,"[46, 5, 39, 42, 45, 72, 0, 41, 66, 57]",[true],"[46, 5, 39, 42, 45, 72, 0, 41, 66, 57]",10,1,[],re_result_6-29_APRA/cifar100_700_Jul.02_15.30.49_apra_True_no-noise_reba/agg_records/pkl/round_0602_apra.pkl
603,apra,success,"[43, 44, 61, 16, 82, 93, 50, 85, 83, 5]",[true],"[43, 44, 61, 16, 82, 93, 50, 85, 83, 5]",10,1,[],re_result_6-29_APRA/cifar100_700_Jul.02_15.30.49_apra_True_no-noise_reba/agg_records/pkl/round_0603_apra.pkl
604,apra,success,"[11, 74, 98, 0, 70, 4, 8, 36, 22, 32]",[true],"[11, 74, 98, 0, 70, 4, 8, 36, 22, 32]",10,1,[],re_result_6-29_APRA/cifar100_700_Jul.02_15.30.49_apra_True_no-noise_reba/agg_records/pkl/round_0604_apra.pkl
605,apra,success,"[76, 88, 38, 56, 10, 64, 63, 6, 87, 73]",[true],"[76, 88, 38, 56, 10, 64, 63, 6, 87, 73]",10,1,[],re_result_6-29_APRA/cifar100_700_Jul.02_15.30.49_apra_True_no-noise_reba/agg_records/pkl/round_0605_apra.pkl
606,apra,success,"[65, 86, 18, 31, 96, 83, 82, 58, 6, 50]",[true],"[65, 86, 18, 31, 96, 83, 82, 58, 6, 50]",10,1,[],re_result_6-29_APRA/cifar100_700_Jul.02_15.30.49_apra_True_no-noise_reba/agg_records/pkl/round_0606_apra.pkl
607,apra,success,"[74, 65, 55, 68, 3, 66, 39, 73, 22, 77]",[true],"[74, 65, 55, 68, 3, 66, 39, 73, 22, 77]",10,1,[],re_result_6-29_APRA/cifar100_700_Jul.02_15.30.49_apra_True_no-noise_reba/agg_records/pkl/round_0607_apra.pkl
608,apra,success,"[64, 63, 11, 60, 6, 10, 41, 78, 29, 54]",[true],"[64, 63, 11, 60, 6, 10, 41, 78, 29, 54]",10,1,[],re_result_6-29_APRA/cifar100_700_Jul.02_15.30.49_apra_True_no-noise_reba/agg_records/pkl/round_0608_apra.pkl
609,apra,success,"[0, 73, 82, 45, 59, 36, 42, 4, 14, 56]",[true],"[0, 73, 82, 45, 59, 36, 42, 4, 14, 56]",10,1,[],re_result_6-29_APRA/cifar100_700_Jul.02_15.30.49_apra_True_no-noise_reba/agg_records/pkl/round_0609_apra.pkl
610,apra,success,"[56, 21, 37, 99, 5, 22, 54, 1, 44, 19]",[true],"[56, 21, 37, 99, 5, 22, 54, 44, 19]",10,1,[],re_result_6-29_APRA/cifar100_700_Jul.02_15.30.49_apra_True_no-noise_reba/agg_records/pkl/round_0610_apra.pkl
611,apra,success,"[39, 73, 85, 17, 96, 45, 78, 74, 86, 3]",[true],"[39, 73, 85, 17, 96, 45, 78, 74, 86, 3]",10,1,[],re_result_6-29_APRA/cifar100_700_Jul.02_15.30.49_apra_True_no-noise_reba/agg_records/pkl/round_0611_apra.pkl
612,apra,success,"[77, 71, 73, 34, 13, 63, 57, 61, 10, 41]",[true],"[77, 71, 73, 34, 13, 63, 57, 61, 10, 41]",10,1,[],re_result_6-29_APRA/cifar100_700_Jul.02_15.30.49_apra_True_no-noise_reba/agg_records/pkl/round_0612_apra.pkl
613,apra,success,"[33, 38, 27, 80, 86, 5, 31, 20, 85, 34]",[true],"[33, 38, 27, 80, 86, 5, 31, 20, 85, 34]",10,1,[],re_result_6-29_APRA/cifar100_700_Jul.02_15.30.49_apra_True_no-noise_reba/agg_records/pkl/round_0613_apra.pkl
614,apra,success,"[77, 38, 73, 33, 8, 90, 71, 25, 24, 17]",[true],"[77, 38, 73, 33, 8, 90, 71, 25, 24, 17]",10,1,[],re_result_6-29_APRA/cifar100_700_Jul.02_15.30.49_apra_True_no-noise_reba/agg_records/pkl/round_0614_apra.pkl
615,apra,success,"[24, 86, 27, 10, 25, 70, 43, 1, 99, 15]",[true],"[24, 86, 27, 10, 25, 70, 43, 99, 15]",10,1,[],re_result_6-29_APRA/cifar100_700_Jul.02_15.30.49_apra_True_no-noise_reba/agg_records/pkl/round_0615_apra.pkl
616,apra,success,"[6, 4, 42, 33, 14, 76, 70, 13, 62, 91]",[true],"[6, 4, 42, 33, 14, 76, 70, 13, 62, 91]",10,1,[],re_result_6-29_APRA/cifar100_700_Jul.02_15.30.49_apra_True_no-noise_reba/agg_records/pkl/round_0616_apra.pkl
617,apra,success,"[17, 83, 67, 63, 13, 87, 91, 47, 5, 93]",[true],"[17, 83, 67, 63, 13, 87, 91, 47, 5, 93]",10,1,[],re_result_6-29_APRA/cifar100_700_Jul.02_15.30.49_apra_True_no-noise_reba/agg_records/pkl/round_0617_apra.pkl
618,apra,success,"[56, 34, 21, 30, 60, 19, 8, 4, 91, 94]",[true],"[56, 34, 21, 30, 60, 19, 8, 4, 91, 94]",10,1,[],re_result_6-29_APRA/cifar100_700_Jul.02_15.30.49_apra_True_no-noise_reba/agg_records/pkl/round_0618_apra.pkl
619,apra,success,"[34, 38, 18, 42, 68, 17, 37, 2, 74, 86]",[true],"[34, 38, 18, 42, 68, 17, 37, 2, 74, 86]",10,1,[],re_result_6-29_APRA/cifar100_700_Jul.02_15.30.49_apra_True_no-noise_reba/agg_records/pkl/round_0619_apra.pkl
620,apra,success,"[9, 94, 82, 8, 23, 24, 85, 60, 35, 67]",[true],"[9, 94, 82, 8, 23, 24, 85, 60, 35, 67]",10,1,[],re_result_6-29_APRA/cifar100_700_Jul.02_15.30.49_apra_True_no-noise_reba/agg_records/pkl/round_0620_apra.pkl
621,apra,success,"[17, 98, 78, 65, 13, 27, 61, 39, 60, 62]",[true],"[17, 98, 78, 65, 13, 27, 61, 39, 60, 62]",10,1,[],re_result_6-29_APRA/cifar100_700_Jul.02_15.30.49_apra_True_no-noise_reba/agg_records/pkl/round_0621_apra.pkl
622,apra,success,"[13, 94, 87, 98, 81, 18, 82, 93, 51, 60]",[true],"[13, 94, 87, 98, 81, 18, 82, 93, 51, 60]",10,1,[],re_result_6-29_APRA/cifar100_700_Jul.02_15.30.49_apra_True_no-noise_reba/agg_records/pkl/round_0622_apra.pkl
623,apra,success,"[10, 21, 4, 96, 19, 47, 30, 16, 62, 92]",[true],"[10, 21, 4, 96, 19, 47, 30, 16, 62, 92]",10,1,[],re_result_6-29_APRA/cifar100_700_Jul.02_15.30.49_apra_True_no-noise_reba/agg_records/pkl/round_0623_apra.pkl
624,apra,success,"[18, 76, 5, 59, 47, 1, 17, 77, 74, 14]",[true],"[18, 76, 5, 59, 47, 17, 77, 74, 14]",10,1,[],re_result_6-29_APRA/cifar100_700_Jul.02_15.30.49_apra_True_no-noise_reba/agg_records/pkl/round_0624_apra.pkl
625,apra,success,"[3, 29, 13, 38, 59, 81, 64, 76, 0, 53]",[true],"[3, 29, 13, 38, 59, 81, 64, 76, 0, 53]",10,1,[],re_result_6-29_APRA/cifar100_700_Jul.02_15.30.49_apra_True_no-noise_reba/agg_records/pkl/round_0625_apra.pkl
626,apra,success,"[80, 31, 40, 59, 26, 27, 49, 24, 77, 66]",[true],"[80, 31, 40, 59, 26, 27, 49, 24, 77, 66]",10,1,[],re_result_6-29_APRA/cifar100_700_Jul.02_15.30.49_apra_True_no-noise_reba/agg_records/pkl/round_0626_apra.pkl
627,apra,success,"[83, 73, 96, 77, 61, 63, 38, 43, 86, 90]",[true],"[83, 73, 96, 77, 61, 63, 38, 43, 86, 90]",10,1,[],re_result_6-29_APRA/cifar100_700_Jul.02_15.30.49_apra_True_no-noise_reba/agg_records/pkl/round_0627_apra.pkl
628,apra,success,"[80, 94, 25, 28, 36, 24, 89, 31, 81, 14]",[true],"[80, 94, 25, 28, 36, 24, 89, 31, 81, 14]",10,1,[],re_result_6-29_APRA/cifar100_700_Jul.02_15.30.49_apra_True_no-noise_reba/agg_records/pkl/round_0628_apra.pkl
629,apra,success,"[65, 45, 52, 43, 64, 14, 30, 69, 10, 94]",[true],"[65, 45, 52, 43, 64, 14, 30, 69, 10, 94]",10,1,[],re_result_6-29_APRA/cifar100_700_Jul.02_15.30.49_apra_True_no-noise_reba/agg_records/pkl/round_0629_apra.pkl
630,apra,success,"[56, 86, 2, 75, 12, 10, 67, 57, 31, 73]",[true],"[56, 86, 2, 75, 12, 10, 67, 57, 31, 73]",10,1,[],re_result_6-29_APRA/cifar100_700_Jul.02_15.30.49_apra_True_no-noise_reba/agg_records/pkl/round_0630_apra.pkl
631,apra,success,"[9, 80, 47, 94, 34, 90, 72, 18, 63, 42]",[true],"[9, 80, 47, 94, 34, 90, 72, 18, 63, 42]",10,1,[],re_result_6-29_APRA/cifar100_700_Jul.02_15.30.49_apra_True_no-noise_reba/agg_records/pkl/round_0631_apra.pkl
632,apra,success,"[58, 89, 77, 14, 92, 18, 69, 25, 28, 50]",[true],"[58, 89, 77, 14, 92, 18, 69, 25, 28, 50]",10,1,[],re_result_6-29_APRA/cifar100_700_Jul.02_15.30.49_apra_True_no-noise_reba/agg_records/pkl/round_0632_apra.pkl
633,apra,success,"[63, 53, 3, 61, 80, 51, 16, 40, 55, 19]",[true],"[63, 53, 3, 61, 80, 51, 16, 40, 55, 19]",10,1,[],re_result_6-29_APRA/cifar100_700_Jul.02_15.30.49_apra_True_no-noise_reba/agg_records/pkl/round_0633_apra.pkl
634,apra,success,"[45, 59, 10, 29, 87, 43, 40, 66, 22, 79]",[true],"[45, 59, 10, 29, 87, 43, 40, 66, 22, 79]",10,1,[],re_result_6-29_APRA/cifar100_700_Jul.02_15.30.49_apra_True_no-noise_reba/agg_records/pkl/round_0634_apra.pkl
635,apra,success,"[60, 28, 6, 48, 75, 31, 39, 83, 80, 49]",[true],"[60, 28, 6, 48, 75, 31, 39, 83, 80, 49]",10,1,[],re_result_6-29_APRA/cifar100_700_Jul.02_15.30.49_apra_True_no-noise_reba/agg_records/pkl/round_0635_apra.pkl
636,apra,success,"[91, 25, 31, 10, 73, 35, 71, 12, 44, 33]",[true],"[91, 25, 31, 10, 73, 35, 71, 12, 44, 33]",10,1,[],re_result_6-29_APRA/cifar100_700_Jul.02_15.30.49_apra_True_no-noise_reba/agg_records/pkl/round_0636_apra.pkl
637,apra,success,"[45, 65, 71, 34, 16, 27, 7, 54, 94, 93]",[true],"[45, 65, 71, 34, 16, 27, 7, 54, 94, 93]",10,1,[],re_result_6-29_APRA/cifar100_700_Jul.02_15.30.49_apra_True_no-noise_reba/agg_records/pkl/round_0637_apra.pkl
638,apra,success,"[62, 32, 80, 5, 50, 97, 71, 63, 79, 15]",[true],"[62, 32, 80, 5, 50, 97, 71, 63, 79, 15]",10,1,[],re_result_6-29_APRA/cifar100_700_Jul.02_15.30.49_apra_True_no-noise_reba/agg_records/pkl/round_0638_apra.pkl
639,apra,success,"[22, 83, 91, 39, 97, 68, 20, 98, 64, 14]",[true],"[22, 83, 91, 39, 97, 68, 20, 98, 64, 14]",10,1,[],re_result_6-29_APRA/cifar100_700_Jul.02_15.30.49_apra_True_no-noise_reba/agg_records/pkl/round_0639_apra.pkl
640,apra,success,"[37, 23, 50, 81, 80, 58, 31, 49, 48, 53]",[true],"[37, 23, 50, 81, 80, 58, 31, 49, 48, 53]",10,1,[],re_result_6-29_APRA/cifar100_700_Jul.02_15.30.49_apra_True_no-noise_reba/agg_records/pkl/round_0640_apra.pkl
641,apra,success,"[84, 11, 59, 48, 16, 38, 30, 83, 34, 62]",[true],"[84, 11, 59, 48, 16, 38, 30, 83, 34, 62]",10,1,[],re_result_6-29_APRA/cifar100_700_Jul.02_15.30.49_apra_True_no-noise_reba/agg_records/pkl/round_0641_apra.pkl
642,apra,success,"[8, 24, 19, 99, 22, 20, 4, 64, 66, 53]",[true],"[8, 24, 19, 99, 22, 20, 4, 64, 66, 53]",10,1,[],re_result_6-29_APRA/cifar100_700_Jul.02_15.30.49_apra_True_no-noise_reba/agg_records/pkl/round_0642_apra.pkl
643,apra,success,"[68, 81, 75, 53, 87, 89, 26, 70, 90, 32]",[true],"[68, 81, 75, 53, 87, 89, 26, 70, 90, 32]",10,1,[],re_result_6-29_APRA/cifar100_700_Jul.02_15.30.49_apra_True_no-noise_reba/agg_records/pkl/round_0643_apra.pkl
644,apra,success,"[53, 68, 81, 95, 58, 37, 17, 92, 38, 41]",[true],"[53, 68, 81, 95, 58, 37, 17, 92, 38, 41]",10,1,[],re_result_6-29_APRA/cifar100_700_Jul.02_15.30.49_apra_True_no-noise_reba/agg_records/pkl/round_0644_apra.pkl
645,apra,success,"[91, 29, 49, 93, 90, 12, 80, 2, 28, 56]",[true],"[91, 29, 49, 93, 90, 12, 80, 2, 28, 56]",10,1,[],re_result_6-29_APRA/cifar100_700_Jul.02_15.30.49_apra_True_no-noise_reba/agg_records/pkl/round_0645_apra.pkl
646,apra,success,"[87, 34, 13, 75, 16, 41, 15, 1, 58, 50]",[true],"[87, 34, 13, 75, 16, 41, 15, 58, 50]",10,1,[],re_result_6-29_APRA/cifar100_700_Jul.02_15.30.49_apra_True_no-noise_reba/agg_records/pkl/round_0646_apra.pkl
647,apra,success,"[59, 22, 15, 43, 20, 49, 77, 54, 1, 37]",[true],"[59, 22, 15, 43, 20, 49, 77, 54, 37]",10,1,[],re_result_6-29_APRA/cifar100_700_Jul.02_15.30.49_apra_True_no-noise_reba/agg_records/pkl/round_0647_apra.pkl
648,apra,success,"[31, 42, 40, 67, 76, 69, 18, 27, 87, 50]",[true],"[31, 42, 40, 67, 76, 69, 18, 27, 87, 50]",10,1,[],re_result_6-29_APRA/cifar100_700_Jul.02_15.30.49_apra_True_no-noise_reba/agg_records/pkl/round_0648_apra.pkl
649,apra,success,"[93, 70, 15, 77, 37, 0, 71, 98, 24, 21]",[true],"[93, 70, 15, 77, 37, 0, 71, 98, 24, 21]",10,1,[],re_result_6-29_APRA/cifar100_700_Jul.02_15.30.49_apra_True_no-noise_reba/agg_records/pkl/round_0649_apra.pkl
650,apra,success,"[77, 91, 21, 95, 44, 74, 84, 89, 53, 33]",[true],"[77, 91, 21, 95, 44, 74, 84, 89, 53, 33]",10,1,[],re_result_6-29_APRA/cifar100_700_Jul.02_15.30.49_apra_True_no-noise_reba/agg_records/pkl/round_0650_apra.pkl
651,apra,success,"[43, 68, 28, 41, 2, 60, 19, 87, 52, 78]",[true],"[43, 68, 28, 41, 2, 60, 19, 87, 52, 78]",10,1,[],re_result_6-29_APRA/cifar100_700_Jul.02_15.30.49_apra_True_no-noise_reba/agg_records/pkl/round_0651_apra.pkl
652,apra,success,"[30, 49, 0, 71, 22, 73, 54, 53, 15, 61]",[true],"[30, 49, 0, 71, 22, 73, 54, 53, 15, 61]",10,1,[],re_result_6-29_APRA/cifar100_700_Jul.02_15.30.49_apra_True_no-noise_reba/agg_records/pkl/round_0652_apra.pkl
653,apra,success,"[56, 85, 22, 48, 75, 34, 26, 92, 42, 79]",[true],"[56, 85, 22, 48, 75, 34, 26, 92, 42, 79]",10,1,[],re_result_6-29_APRA/cifar100_700_Jul.02_15.30.49_apra_True_no-noise_reba/agg_records/pkl/round_0653_apra.pkl
654,apra,success,"[60, 68, 1, 33, 84, 66, 7, 21, 97, 74]",[true],"[60, 68, 33, 84, 66, 7, 21, 97, 74]",10,1,[],re_result_6-29_APRA/cifar100_700_Jul.02_15.30.49_apra_True_no-noise_reba/agg_records/pkl/round_0654_apra.pkl
655,apra,success,"[15, 48, 50, 22, 82, 59, 67, 98, 2, 96]",[true],"[15, 48, 50, 22, 82, 59, 67, 98, 2, 96]",10,1,[],re_result_6-29_APRA/cifar100_700_Jul.02_15.30.49_apra_True_no-noise_reba/agg_records/pkl/round_0655_apra.pkl
656,apra,success,"[0, 96, 53, 99, 89, 16, 67, 56, 97, 58]",[true],"[0, 96, 53, 99, 89, 16, 67, 56, 97, 58]",10,1,[],re_result_6-29_APRA/cifar100_700_Jul.02_15.30.49_apra_True_no-noise_reba/agg_records/pkl/round_0656_apra.pkl
657,apra,success,"[8, 94, 9, 54, 87, 93, 59, 85, 82, 16]",[true],"[8, 94, 9, 54, 87, 93, 59, 85, 82, 16]",10,1,[],re_result_6-29_APRA/cifar100_700_Jul.02_15.30.49_apra_True_no-noise_reba/agg_records/pkl/round_0657_apra.pkl
658,apra,success,"[47, 63, 38, 57, 40, 90, 8, 78, 23, 84]",[true],"[47, 63, 38, 57, 40, 90, 8, 78, 23, 84]",10,1,[],re_result_6-29_APRA/cifar100_700_Jul.02_15.30.49_apra_True_no-noise_reba/agg_records/pkl/round_0658_apra.pkl
659,apra,success,"[38, 97, 87, 96, 76, 11, 61, 63, 43, 62]",[true],"[38, 97, 87, 96, 76, 11, 61, 63, 43, 62]",10,1,[],re_result_6-29_APRA/cifar100_700_Jul.02_15.30.49_apra_True_no-noise_reba/agg_records/pkl/round_0659_apra.pkl
660,apra,success,"[27, 33, 96, 15, 48, 3, 84, 86, 39, 26]",[true],"[27, 33, 96, 15, 48, 3, 84, 86, 39, 26]",10,1,[],re_result_6-29_APRA/cifar100_700_Jul.02_15.30.49_apra_True_no-noise_reba/agg_records/pkl/round_0660_apra.pkl
661,apra,success,"[16, 50, 77, 70, 84, 57, 88, 26, 71, 68]",[true],"[16, 50, 77, 70, 84, 57, 88, 26, 71, 68]",10,1,[],re_result_6-29_APRA/cifar100_700_Jul.02_15.30.49_apra_True_no-noise_reba/agg_records/pkl/round_0661_apra.pkl
662,apra,success,"[22, 62, 45, 23, 97, 40, 16, 85, 61, 49]",[true],"[22, 62, 45, 23, 97, 40, 16, 85, 61, 49]",10,1,[],re_result_6-29_APRA/cifar100_700_Jul.02_15.30.49_apra_True_no-noise_reba/agg_records/pkl/round_0662_apra.pkl
663,apra,success,"[42, 95, 45, 63, 25, 77, 91, 21, 37, 43]",[true],"[42, 95, 45, 63, 25, 77, 91, 21, 37, 43]",10,1,[],re_result_6-29_APRA/cifar100_700_Jul.02_15.30.49_apra_True_no-noise_reba/agg_records/pkl/round_0663_apra.pkl
664,apra,success,"[60, 15, 31, 92, 44, 69, 76, 96, 90, 54]",[true],"[60, 15, 31, 92, 44, 69, 76, 96, 90, 54]",10,1,[],re_result_6-29_APRA/cifar100_700_Jul.02_15.30.49_apra_True_no-noise_reba/agg_records/pkl/round_0664_apra.pkl
665,apra,success,"[41, 50, 72, 53, 4, 31, 51, 60, 95, 87]",[true],"[41, 50, 72, 53, 4, 31, 51, 60, 95, 87]",10,1,[],re_result_6-29_APRA/cifar100_700_Jul.02_15.30.49_apra_True_no-noise_reba/agg_records/pkl/round_0665_apra.pkl
666,apra,success,"[40, 99, 18, 8, 7, 55, 43, 4, 77, 22]",[true],"[40, 99, 18, 8, 7, 55, 43, 4, 77, 22]",10,1,[],re_result_6-29_APRA/cifar100_700_Jul.02_15.30.49_apra_True_no-noise_reba/agg_records/pkl/round_0666_apra.pkl
667,apra,success,"[10, 85, 70, 84, 81, 18, 4, 41, 45, 6]",[true],"[10, 85, 70, 84, 81, 18, 4, 41, 45, 6]",10,1,[],re_result_6-29_APRA/cifar100_700_Jul.02_15.30.49_apra_True_no-noise_reba/agg_records/pkl/round_0667_apra.pkl
668,apra,success,"[61, 54, 29, 32, 2, 82, 45, 78, 79, 76]",[true],"[61, 54, 29, 32, 2, 82, 45, 78, 79, 76]",10,1,[],re_result_6-29_APRA/cifar100_700_Jul.02_15.30.49_apra_True_no-noise_reba/agg_records/pkl/round_0668_apra.pkl
669,apra,success,"[19, 73, 65, 16, 13, 37, 35, 33, 39, 86]",[true],"[19, 73, 65, 16, 13, 37, 35, 33, 39, 86]",10,1,[],re_result_6-29_APRA/cifar100_700_Jul.02_15.30.49_apra_True_no-noise_reba/agg_records/pkl/round_0669_apra.pkl
670,apra,success,"[19, 88, 11, 83, 45, 92, 17, 39, 2, 31]",[true],"[19, 88, 11, 83, 45, 92, 17, 39, 2, 31]",10,1,[],re_result_6-29_APRA/cifar100_700_Jul.02_15.30.49_apra_True_no-noise_reba/agg_records/pkl/round_0670_apra.pkl
671,apra,success,"[93, 55, 47, 3, 1, 85, 18, 67, 52, 41]",[true],"[93, 55, 47, 3, 85, 18, 67, 52, 41]",10,1,[],re_result_6-29_APRA/cifar100_700_Jul.02_15.30.49_apra_True_no-noise_reba/agg_records/pkl/round_0671_apra.pkl
672,apra,success,"[19, 34, 3, 86, 38, 11, 47, 21, 67, 83]",[true],"[19, 34, 3, 86, 38, 11, 47, 21, 67, 83]",10,1,[],re_result_6-29_APRA/cifar100_700_Jul.02_15.30.49_apra_True_no-noise_reba/agg_records/pkl/round_0672_apra.pkl
673,apra,success,"[9, 64, 61, 40, 59, 56, 13, 6, 78, 28]",[true],"[9, 64, 61, 40, 59, 56, 13, 6, 78, 28]",10,1,[],re_result_6-29_APRA/cifar100_700_Jul.02_15.30.49_apra_True_no-noise_reba/agg_records/pkl/round_0673_apra.pkl
674,apra,success,"[96, 56, 57, 22, 48, 39, 45, 12, 49, 66]",[true],"[96, 56, 57, 22, 48, 39, 45, 12, 49, 66]",10,1,[],re_result_6-29_APRA/cifar100_700_Jul.02_15.30.49_apra_True_no-noise_reba/agg_records/pkl/round_0674_apra.pkl
675,apra,success,"[68, 54, 29, 45, 27, 31, 20, 94, 5, 37]",[true],"[68, 54, 29, 45, 27, 31, 20, 94, 5, 37]",10,1,[],re_result_6-29_APRA/cifar100_700_Jul.02_15.30.49_apra_True_no-noise_reba/agg_records/pkl/round_0675_apra.pkl
676,apra,success,"[90, 53, 9, 19, 69, 25, 43, 47, 3, 71]",[true],"[90, 53, 9, 19, 69, 25, 43, 47, 3, 71]",10,1,[],re_result_6-29_APRA/cifar100_700_Jul.02_15.30.49_apra_True_no-noise_reba/agg_records/pkl/round_0676_apra.pkl
677,apra,success,"[73, 39, 60, 49, 6, 65, 41, 91, 71, 78]",[true],"[73, 39, 60, 49, 6, 65, 41, 91, 71, 78]",10,1,[],re_result_6-29_APRA/cifar100_700_Jul.02_15.30.49_apra_True_no-noise_reba/agg_records/pkl/round_0677_apra.pkl
678,apra,success,"[82, 4, 89, 30, 91, 63, 60, 29, 69, 51]",[true],"[82, 4, 89, 30, 91, 63, 60, 29, 69, 51]",10,1,[],re_result_6-29_APRA/cifar100_700_Jul.02_15.30.49_apra_True_no-noise_reba/agg_records/pkl/round_0678_apra.pkl
679,apra,success,"[58, 26, 82, 92, 35, 69, 56, 47, 89, 62]",[true],"[58, 26, 82, 92, 35, 69, 56, 47, 89, 62]",10,1,[],re_result_6-29_APRA/cifar100_700_Jul.02_15.30.49_apra_True_no-noise_reba/agg_records/pkl/round_0679_apra.pkl
680,apra,success,"[13, 84, 51, 5, 24, 66, 30, 64, 53, 82]",[true],"[13, 84, 51, 5, 24, 66, 30, 64, 53, 82]",10,1,[],re_result_6-29_APRA/cifar100_700_Jul.02_15.30.49_apra_True_no-noise_reba/agg_records/pkl/round_0680_apra.pkl
681,apra,success,"[63, 32, 43, 51, 54, 65, 33, 45, 18, 59]",[true],"[63, 32, 43, 51, 54, 65, 33, 45, 18, 59]",10,1,[],re_result_6-29_APRA/cifar100_700_Jul.02_15.30.49_apra_True_no-noise_reba/agg_records/pkl/round_0681_apra.pkl
682,apra,success,"[1, 10, 55, 21, 50, 90, 23, 98, 37, 16]",[true],"[10, 55, 21, 50, 90, 23, 98, 37, 16]",10,1,[],re_result_6-29_APRA/cifar100_700_Jul.02_15.30.49_apra_True_no-noise_reba/agg_records/pkl/round_0682_apra.pkl
683,apra,success,"[9, 43, 73, 68, 93, 11, 37, 91, 82, 97]",[true],"[9, 43, 73, 68, 93, 11, 37, 91, 82, 97]",10,1,[],re_result_6-29_APRA/cifar100_700_Jul.02_15.30.49_apra_True_no-noise_reba/agg_records/pkl/round_0683_apra.pkl
684,apra,success,"[58, 9, 46, 24, 82, 78, 81, 0, 67, 95]",[true],"[58, 9, 46, 24, 82, 78, 81, 0, 67, 95]",10,1,[],re_result_6-29_APRA/cifar100_700_Jul.02_15.30.49_apra_True_no-noise_reba/agg_records/pkl/round_0684_apra.pkl
685,apra,success,"[77, 73, 33, 34, 8, 79, 70, 68, 22, 31]",[true],"[77, 73, 33, 34, 8, 79, 70, 68, 22, 31]",10,1,[],re_result_6-29_APRA/cifar100_700_Jul.02_15.30.49_apra_True_no-noise_reba/agg_records/pkl/round_0685_apra.pkl
686,apra,success,"[20, 94, 31, 57, 11, 10, 0, 49, 48, 86]",[true],"[20, 94, 31, 57, 11, 10, 0, 49, 48, 86]",10,1,[],re_result_6-29_APRA/cifar100_700_Jul.02_15.30.49_apra_True_no-noise_reba/agg_records/pkl/round_0686_apra.pkl
687,apra,success,"[29, 13, 0, 31, 34, 78, 20, 27, 56, 39]",[true],"[29, 13, 0, 31, 34, 78, 20, 27, 56, 39]",10,1,[],re_result_6-29_APRA/cifar100_700_Jul.02_15.30.49_apra_True_no-noise_reba/agg_records/pkl/round_0687_apra.pkl
688,apra,success,"[98, 40, 16, 15, 28, 30, 1, 48, 70, 58]",[true],"[98, 40, 16, 15, 28, 30, 48, 70, 58]",10,1,[],re_result_6-29_APRA/cifar100_700_Jul.02_15.30.49_apra_True_no-noise_reba/agg_records/pkl/round_0688_apra.pkl
689,apra,success,"[81, 22, 16, 59, 45, 91, 31, 37, 41, 89]",[true],"[81, 22, 16, 59, 45, 91, 31, 37, 41, 89]",10,1,[],re_result_6-29_APRA/cifar100_700_Jul.02_15.30.49_apra_True_no-noise_reba/agg_records/pkl/round_0689_apra.pkl
690,apra,success,"[87, 58, 51, 29, 25, 44, 98, 39, 33, 9]",[true],"[87, 58, 51, 29, 25, 44, 98, 39, 33, 9]",10,1,[],re_result_6-29_APRA/cifar100_700_Jul.02_15.30.49_apra_True_no-noise_reba/agg_records/pkl/round_0690_apra.pkl
691,apra,success,"[82, 34, 96, 69, 28, 76, 18, 68, 64, 62]",[true],"[82, 34, 96, 69, 28, 76, 18, 68, 64, 62]",10,1,[],re_result_6-29_APRA/cifar100_700_Jul.02_15.30.49_apra_True_no-noise_reba/agg_records/pkl/round_0691_apra.pkl
692,apra,success,"[98, 4, 6, 58, 30, 43, 99, 18, 33, 49]",[true],"[98, 4, 6, 58, 30, 43, 99, 18, 33, 49]",10,1,[],re_result_6-29_APRA/cifar100_700_Jul.02_15.30.49_apra_True_no-noise_reba/agg_records/pkl/round_0692_apra.pkl
693,apra,success,"[14, 13, 23, 70, 79, 73, 2, 94, 16, 96]",[true],"[14, 13, 23, 70, 79, 73, 2, 94, 16, 96]",10,1,[],re_result_6-29_APRA/cifar100_700_Jul.02_15.30.49_apra_True_no-noise_reba/agg_records/pkl/round_0693_apra.pkl
694,apra,success,"[53, 27, 73, 83, 94, 90, 4, 6, 13, 33]",[true],"[53, 27, 73, 83, 94, 90, 4, 6, 13, 33]",10,1,[],re_result_6-29_APRA/cifar100_700_Jul.02_15.30.49_apra_True_no-noise_reba/agg_records/pkl/round_0694_apra.pkl
695,apra,success,"[85, 21, 71, 62, 58, 17, 12, 49, 69, 38]",[true],"[85, 21, 71, 62, 58, 17, 12, 49, 69, 38]",10,1,[],re_result_6-29_APRA/cifar100_700_Jul.02_15.30.49_apra_True_no-noise_reba/agg_records/pkl/round_0695_apra.pkl
696,apra,success,"[78, 28, 38, 87, 97, 41, 93, 1, 60, 81]",[true],"[78, 28, 38, 87, 97, 41, 93, 60, 81]",10,1,[],re_result_6-29_APRA/cifar100_700_Jul.02_15.30.49_apra_True_no-noise_reba/agg_records/pkl/round_0696_apra.pkl
697,apra,success,"[72, 70, 33, 48, 13, 55, 12, 61, 99, 53]",[true],"[72, 70, 33, 48, 13, 55, 12, 61, 99, 53]",10,1,[],re_result_6-29_APRA/cifar100_700_Jul.02_15.30.49_apra_True_no-noise_reba/agg_records/pkl/round_0697_apra.pkl
698,apra,success,"[69, 53, 14, 87, 67, 95, 55, 21, 25, 94]",[true],"[69, 53, 14, 87, 67, 95, 55, 21, 25, 94]",10,1,[],re_result_6-29_APRA/cifar100_700_Jul.02_15.30.49_apra_True_no-noise_reba/agg_records/pkl/round_0698_apra.pkl
699,apra,success,"[6, 95, 10, 85, 1, 29, 34, 75, 77, 60]",[true],"[6, 95, 10, 85, 29, 34, 75, 77, 60]",10,1,[],re_result_6-29_APRA/cifar100_700_Jul.02_15.30.49_apra_True_no-noise_reba/agg_records/pkl/round_0699_apra.pkl
