epoch,method,stage,selected,rejected,human
1,rflbat,rflbat_first_distance_filter,"[3, 71, 32, 58, 4, 24, 62, 67, 43, 29, 71, 32, 58, 4, 24, 62, 67, 43, 29]",[],"{""accepted_indices"": [0, 1, 2, 3, 4, 5, 6, 7, 8, 9, 1, 2, 3, 4, 5, 6, 7, 8, 9], ""eps1"": 10, ""distance_median"": 0.7308687409717379}"
1,rflbat,rflbat_cluster_filter,"[71, 32, 58, 24, 62, 67, 43, 29, 71, 32, 58, 24, 62, 67, 43, 29]","[3, 4]","{""accepted_indices"": [1, 2, 3, 5, 6, 7, 8, 9, 1, 2, 3, 5, 6, 7, 8, 9], ""num_clusters"": 3, ""cluster_scores"": [0.13833090982197493, 1.0000000000010294, 1]}"
1,rflbat,rflbat_final_distance_filter,"[71, 32, 58, 24, 62, 67, 43, 29]","[3, 4]","{""accepted_indices"": [1, 2, 3, 5, 6, 7, 8, 9, 1, 2, 3, 5, 6, 7, 8, 9], ""eps2"": 6, ""distance_median"": 0.0658078260670647}"
2,rflbat,rflbat_first_distance_filter,"[0, 30, 57, 86, 66, 85, 54, 99, 23, 53, 30, 57, 86, 66, 85, 54, 99, 23, 53]",[],"{""accepted_indices"": [0, 1, 2, 3, 4, 5, 6, 7, 8, 9, 1, 2, 3, 4, 5, 6, 7, 8, 9], ""eps1"": 10, ""distance_median"": 0.6604256031665781}"
2,rflbat,rflbat_cluster_filter,"[0, 30, 57, 86, 66, 85, 54, 99, 23, 53, 30, 57, 86, 66, 85, 54, 99, 23, 53]",[],"{""accepted_indices"": [0, 1, 2, 3, 4, 5, 6, 7, 8, 9, 1, 2, 3, 4, 5, 6, 7, 8, 9], ""num_clusters"": 1, ""cluster_scores"": [0.09126933429804408]}"
2,rflbat,rflbat_final_distance_filter,"[30, 57, 86, 66, 85, 54, 99, 23, 53]",[0],"{""accepted_indices"": [1, 2, 3, 4, 5, 6, 7, 8, 9, 1, 2, 3, 4, 5, 6, 7, 8, 9], ""eps2"": 6, ""distance_median"": 0.8683602761105168}"
3,rflbat,rflbat_first_distance_filter,"[2, 39, 9, 63, 48, 35, 87, 5, 13, 50, 39, 9, 63, 48, 35, 87, 5, 13, 50]",[],"{""accepted_indices"": [0, 1, 2, 3, 4, 5, 6, 7, 8, 9, 1, 2, 3, 4, 5, 6, 7, 8, 9], ""eps1"": 10, ""distance_median"": 0.4975402176724961}"
3,rflbat,rflbat_cluster_filter,"[2, 39, 9, 63, 48, 35, 87, 5, 13, 50, 39, 9, 63, 48, 35, 87, 5, 13, 50]",[],"{""accepted_indices"": [0, 1, 2, 3, 4, 5, 6, 7, 8, 9, 1, 2, 3, 4, 5, 6, 7, 8, 9], ""num_clusters"": 1, ""cluster_scores"": [0.1380282112650514]}"
3,rflbat,rflbat_final_distance_filter,"[39, 9, 63, 48, 35, 87, 5, 13, 50]",[2],"{""accepted_indices"": [1, 2, 3, 4, 5, 6, 7, 8, 9, 1, 2, 3, 4, 5, 6, 7, 8, 9], ""eps2"": 6, ""distance_median"": 0.6582312129575902}"
4,rflbat,rflbat_first_distance_filter,"[1, 98, 26, 62, 6, 55, 78, 43, 84, 14, 98, 26, 62, 6, 55, 78, 43, 84, 14]",[],"{""accepted_indices"": [0, 1, 2, 3, 4, 5, 6, 7, 8, 9, 1, 2, 3, 4, 5, 6, 7, 8, 9], ""eps1"": 10, ""distance_median"": 0.3968263112902022}"
4,rflbat,rflbat_cluster_filter,"[1, 98, 26, 62, 6, 55, 78, 43, 84, 14, 98, 26, 62, 6, 55, 78, 43, 84, 14]",[],"{""accepted_indices"": [0, 1, 2, 3, 4, 5, 6, 7, 8, 9, 1, 2, 3, 4, 5, 6, 7, 8, 9], ""num_clusters"": 1, ""cluster_scores"": [0.10886358875178936]}"
4,rflbat,rflbat_final_distance_filter,"[98, 26, 62, 6, 55, 78, 43, 84, 14]",[1],"{""accepted_indices"": [1, 2, 3, 4, 5, 6, 7, 8, 9, 1, 2, 3, 4, 5, 6, 7, 8, 9], ""eps2"": 6, ""distance_median"": 0.4977192799908225}"
5,rflbat,rflbat_first_distance_filter,"[1, 93, 34, 19, 5, 40, 81, 43, 63, 67, 93, 34, 19, 5, 40, 81, 43, 63, 67]",[],"{""accepted_indices"": [0, 1, 2, 3, 4, 5, 6, 7, 8, 9, 1, 2, 3, 4, 5, 6, 7, 8, 9], ""eps1"": 10, ""distance_median"": 0.38079592654485306}"
5,rflbat,rflbat_cluster_filter,"[1, 93, 34, 19, 5, 40, 81, 43, 63, 67, 93, 34, 19, 5, 40, 81, 43, 63, 67]",[],"{""accepted_indices"": [0, 1, 2, 3, 4, 5, 6, 7, 8, 9, 1, 2, 3, 4, 5, 6, 7, 8, 9], ""num_clusters"": 1, ""cluster_scores"": [0.09775345415451178]}"
5,rflbat,rflbat_final_distance_filter,"[93, 34, 19, 5, 40, 81, 43, 63, 67]",[1],"{""accepted_indices"": [1, 2, 3, 4, 5, 6, 7, 8, 9, 1, 2, 3, 4, 5, 6, 7, 8, 9], ""eps2"": 6, ""distance_median"": 0.4682108881436165}"
6,rflbat,rflbat_first_distance_filter,"[2, 38, 3, 97, 19, 60, 57, 50, 8, 15, 38, 3, 97, 19, 60, 57, 50, 8, 15]",[],"{""accepted_indices"": [0, 1, 2, 3, 4, 5, 6, 7, 8, 9, 1, 2, 3, 4, 5, 6, 7, 8, 9], ""eps1"": 10, ""distance_median"": 0.7308658586749978}"
6,rflbat,rflbat_cluster_filter,"[38, 97, 19, 60, 57, 50, 15, 38, 97, 19, 60, 57, 50, 15]","[2, 3, 8]","{""accepted_indices"": [1, 3, 4, 5, 6, 7, 9, 1, 3, 4, 5, 6, 7, 9], ""num_clusters"": 4, ""cluster_scores"": [0.12018325064442013, 1.0000000000008067, 1, 1.0000000000015103]}"
6,rflbat,rflbat_final_distance_filter,"[38, 97, 19, 60, 57, 50, 15]","[2, 3, 8]","{""accepted_indices"": [1, 3, 4, 5, 6, 7, 9, 1, 3, 4, 5, 6, 7, 9], ""eps2"": 6, ""distance_median"": 0.024873135931679686}"
7,rflbat,rflbat_first_distance_filter,"[3, 80, 92, 36, 93, 14, 37, 68, 67, 15, 80, 92, 36, 93, 14, 37, 68, 67, 15]",[],"{""accepted_indices"": [0, 1, 2, 3, 4, 5, 6, 7, 8, 9, 1, 2, 3, 4, 5, 6, 7, 8, 9], ""eps1"": 10, ""distance_median"": 0.48633160255487873}"
7,rflbat,rflbat_cluster_filter,"[3, 80, 92, 36, 93, 14, 37, 68, 67, 15, 80, 92, 36, 93, 14, 37, 68, 67, 15]",[],"{""accepted_indices"": [0, 1, 2, 3, 4, 5, 6, 7, 8, 9, 1, 2, 3, 4, 5, 6, 7, 8, 9], ""num_clusters"": 1, ""cluster_scores"": [0.0957922035127586]}"
7,rflbat,rflbat_final_distance_filter,"[80, 92, 36, 93, 14, 37, 68, 67, 15]",[3],"{""accepted_indices"": [1, 2, 3, 4, 5, 6, 7, 8, 9, 1, 2, 3, 4, 5, 6, 7, 8, 9], ""eps2"": 6, ""distance_median"": 0.5776887617248543}"
8,rflbat,rflbat_first_distance_filter,"[1, 39, 33, 92, 44, 95, 61, 42, 84, 78, 39, 33, 92, 44, 95, 61, 42, 84, 78]",[],"{""accepted_indices"": [0, 1, 2, 3, 4, 5, 6, 7, 8, 9, 1, 2, 3, 4, 5, 6, 7, 8, 9], ""eps1"": 10, ""distance_median"": 0.4660697423501843}"
8,rflbat,rflbat_cluster_filter,"[1, 39, 33, 92, 44, 95, 61, 42, 84, 78, 39, 33, 92, 44, 95, 61, 42, 84, 78]",[],"{""accepted_indices"": [0, 1, 2, 3, 4, 5, 6, 7, 8, 9, 1, 2, 3, 4, 5, 6, 7, 8, 9], ""num_clusters"": 1, ""cluster_scores"": [0.14339849006654964]}"
8,rflbat,rflbat_final_distance_filter,"[39, 33, 92, 44, 95, 61, 42, 84, 78]",[1],"{""accepted_indices"": [1, 2, 3, 4, 5, 6, 7, 8, 9, 1, 2, 3, 4, 5, 6, 7, 8, 9], ""eps2"": 6, ""distance_median"": 0.6347610409214213}"
9,rflbat,rflbat_first_distance_filter,"[2, 91, 18, 4, 6, 85, 82, 45, 7, 24, 91, 18, 4, 6, 85, 82, 45, 7, 24]",[],"{""accepted_indices"": [0, 1, 2, 3, 4, 5, 6, 7, 8, 9, 1, 2, 3, 4, 5, 6, 7, 8, 9], ""eps1"": 10, ""distance_median"": 0.7053116284871886}"
9,rflbat,rflbat_cluster_filter,"[91, 18, 6, 85, 82, 45, 7, 24, 91, 18, 6, 85, 82, 45, 7, 24]","[2, 4]","{""accepted_indices"": [1, 2, 4, 5, 6, 7, 8, 9, 1, 2, 4, 5, 6, 7, 8, 9], ""num_clusters"": 3, ""cluster_scores"": [0.12958865662283972, 1.000000000001013, 1]}"
9,rflbat,rflbat_final_distance_filter,"[91, 18, 6, 85, 82, 45, 7, 24]","[2, 4]","{""accepted_indices"": [1, 2, 4, 5, 6, 7, 8, 9, 1, 2, 4, 5, 6, 7, 8, 9], ""eps2"": 6, ""distance_median"": 0.048050865637293036}"
10,rflbat,rflbat_first_distance_filter,"[0, 50, 35, 20, 96, 84, 68, 21, 29, 47, 50, 35, 20, 96, 84, 68, 21, 29, 47]",[],"{""accepted_indices"": [0, 1, 2, 3, 4, 5, 6, 7, 8, 9, 1, 2, 3, 4, 5, 6, 7, 8, 9], ""eps1"": 10, ""distance_median"": 0.6165518215312401}"
10,rflbat,rflbat_cluster_filter,"[0, 50, 35, 20, 96, 84, 68, 21, 29, 47, 50, 35, 20, 96, 84, 68, 21, 29, 47]",[],"{""accepted_indices"": [0, 1, 2, 3, 4, 5, 6, 7, 8, 9, 1, 2, 3, 4, 5, 6, 7, 8, 9], ""num_clusters"": 1, ""cluster_scores"": [0.17604354751708082]}"
10,rflbat,rflbat_final_distance_filter,"[50, 35, 20, 96, 84, 68, 21, 29, 47]",[0],"{""accepted_indices"": [1, 2, 3, 4, 5, 6, 7, 8, 9, 1, 2, 3, 4, 5, 6, 7, 8, 9], ""eps2"": 6, ""distance_median"": 0.7549017780604691}"
11,rflbat,rflbat_first_distance_filter,"[4, 79, 55, 80, 75, 40, 51, 48, 20, 14, 79, 55, 80, 75, 40, 51, 48, 20, 14]",[],"{""accepted_indices"": [0, 1, 2, 3, 4, 5, 6, 7, 8, 9, 1, 2, 3, 4, 5, 6, 7, 8, 9], ""eps1"": 10, ""distance_median"": 0.44204559565452567}"
11,rflbat,rflbat_cluster_filter,"[4, 79, 55, 80, 75, 40, 51, 48, 20, 14, 79, 55, 80, 75, 40, 51, 48, 20, 14]",[],"{""accepted_indices"": [0, 1, 2, 3, 4, 5, 6, 7, 8, 9, 1, 2, 3, 4, 5, 6, 7, 8, 9], ""num_clusters"": 1, ""cluster_scores"": [0.10669582841968693]}"
11,rflbat,rflbat_final_distance_filter,"[79, 55, 80, 75, 40, 51, 48, 20, 14]",[4],"{""accepted_indices"": [1, 2, 3, 4, 5, 6, 7, 8, 9, 1, 2, 3, 4, 5, 6, 7, 8, 9], ""eps2"": 6, ""distance_median"": 0.6301476295895336}"
12,rflbat,rflbat_first_distance_filter,"[4, 97, 5, 42, 59, 69, 28, 98, 33, 12, 97, 5, 42, 59, 69, 28, 98, 33, 12]",[],"{""accepted_indices"": [0, 1, 2, 3, 4, 5, 6, 7, 8, 9, 1, 2, 3, 4, 5, 6, 7, 8, 9], ""eps1"": 10, ""distance_median"": 0.4745801419282021}"
12,rflbat,rflbat_cluster_filter,"[4, 97, 5, 42, 59, 69, 28, 98, 33, 12, 97, 5, 42, 59, 69, 28, 98, 33, 12]",[],"{""accepted_indices"": [0, 1, 2, 3, 4, 5, 6, 7, 8, 9, 1, 2, 3, 4, 5, 6, 7, 8, 9], ""num_clusters"": 1, ""cluster_scores"": [0.1414856687605916]}"
12,rflbat,rflbat_final_distance_filter,"[97, 5, 42, 59, 69, 28, 98, 33, 12]",[4],"{""accepted_indices"": [1, 2, 3, 4, 5, 6, 7, 8, 9, 1, 2, 3, 4, 5, 6, 7, 8, 9], ""eps2"": 6, ""distance_median"": 0.6624238708207744}"
13,rflbat,rflbat_first_distance_filter,"[4, 68, 1, 25, 34, 33, 7, 44, 69, 46, 68, 1, 25, 34, 33, 7, 44, 69, 46]",[],"{""accepted_indices"": [0, 1, 2, 3, 4, 5, 6, 7, 8, 9, 1, 2, 3, 4, 5, 6, 7, 8, 9], ""eps1"": 10, ""distance_median"": 0.6566913531380327}"
13,rflbat,rflbat_cluster_filter,"[25, 69, 46, 25, 69, 46]","[4, 68, 1, 34, 33, 7, 44]","{""accepted_indices"": [3, 8, 9, 3, 8, 9], ""num_clusters"": 6, ""cluster_scores"": [0.3352376263040817, 1.000000000001036, 1, 1.000000000003068, 1.0000000000017921, 0.3669548813426698]}"
13,rflbat,rflbat_final_distance_filter,"[25, 69, 46]","[4, 68, 1, 34, 33, 7, 44]","{""accepted_indices"": [3, 8, 9, 3, 8, 9], ""eps2"": 6, ""distance_median"": 0.014271964464376691}"
14,rflbat,rflbat_first_distance_filter,"[3, 72, 24, 35, 19, 32, 80, 82, 77, 61, 72, 24, 35, 19, 32, 80, 82, 77, 61]",[],"{""accepted_indices"": [0, 1, 2, 3, 4, 5, 6, 7, 8, 9, 1, 2, 3, 4, 5, 6, 7, 8, 9], ""eps1"": 10, ""distance_median"": 0.4691554162474022}"
14,rflbat,rflbat_cluster_filter,"[3, 72, 24, 35, 19, 32, 80, 82, 77, 61, 72, 24, 35, 19, 32, 80, 82, 77, 61]",[],"{""accepted_indices"": [0, 1, 2, 3, 4, 5, 6, 7, 8, 9, 1, 2, 3, 4, 5, 6, 7, 8, 9], ""num_clusters"": 1, ""cluster_scores"": [0.11251466051511072]}"
14,rflbat,rflbat_final_distance_filter,"[72, 24, 35, 19, 32, 80, 82, 77, 61]",[3],"{""accepted_indices"": [1, 2, 3, 4, 5, 6, 7, 8, 9, 1, 2, 3, 4, 5, 6, 7, 8, 9], ""eps2"": 6, ""distance_median"": 0.6004211258383809}"
15,rflbat,rflbat_first_distance_filter,"[4, 9, 95, 37, 44, 59, 66, 48, 80, 90, 9, 95, 37, 44, 59, 66, 48, 80, 90]",[],"{""accepted_indices"": [0, 1, 2, 3, 4, 5, 6, 7, 8, 9, 1, 2, 3, 4, 5, 6, 7, 8, 9], ""eps1"": 10, ""distance_median"": 0.45746169420612015}"
15,rflbat,rflbat_cluster_filter,"[4, 9, 95, 37, 44, 59, 66, 48, 80, 90, 9, 95, 37, 44, 59, 66, 48, 80, 90]",[],"{""accepted_indices"": [0, 1, 2, 3, 4, 5, 6, 7, 8, 9, 1, 2, 3, 4, 5, 6, 7, 8, 9], ""num_clusters"": 1, ""cluster_scores"": [0.14997329948486868]}"
15,rflbat,rflbat_final_distance_filter,"[9, 95, 37, 44, 59, 66, 48, 80, 90]",[4],"{""accepted_indices"": [1, 2, 3, 4, 5, 6, 7, 8, 9, 1, 2, 3, 4, 5, 6, 7, 8, 9], ""eps2"": 6, ""distance_median"": 0.625571658013508}"
16,rflbat,rflbat_first_distance_filter,"[1, 8, 79, 78, 88, 26, 43, 21, 47, 10, 8, 79, 78, 88, 26, 43, 21, 47, 10]",[],"{""accepted_indices"": [0, 1, 2, 3, 4, 5, 6, 7, 8, 9, 1, 2, 3, 4, 5, 6, 7, 8, 9], ""eps1"": 10, ""distance_median"": 0.5039997096932338}"
16,rflbat,rflbat_cluster_filter,"[1, 8, 79, 78, 88, 26, 43, 21, 47, 10, 8, 79, 78, 88, 26, 43, 21, 47, 10]",[],"{""accepted_indices"": [0, 1, 2, 3, 4, 5, 6, 7, 8, 9, 1, 2, 3, 4, 5, 6, 7, 8, 9], ""num_clusters"": 1, ""cluster_scores"": [0.11433385026323052]}"
16,rflbat,rflbat_final_distance_filter,"[8, 79, 78, 88, 26, 43, 21, 47, 10]",[1],"{""accepted_indices"": [1, 2, 3, 4, 5, 6, 7, 8, 9, 1, 2, 3, 4, 5, 6, 7, 8, 9], ""eps2"": 6, ""distance_median"": 0.7217786094981685}"
17,rflbat,rflbat_first_distance_filter,"[4, 17, 5, 45, 9, 8, 25, 33, 89, 10, 17, 5, 45, 9, 8, 25, 33, 89, 10]",[],"{""accepted_indices"": [0, 1, 2, 3, 4, 5, 6, 7, 8, 9, 1, 2, 3, 4, 5, 6, 7, 8, 9], ""eps1"": 10, ""distance_median"": 0.5216694394787889}"
17,rflbat,rflbat_cluster_filter,"[4, 17, 5, 45, 9, 8, 25, 33, 89, 10, 17, 5, 45, 9, 8, 25, 33, 89, 10]",[],"{""accepted_indices"": [0, 1, 2, 3, 4, 5, 6, 7, 8, 9, 1, 2, 3, 4, 5, 6, 7, 8, 9], ""num_clusters"": 1, ""cluster_scores"": [0.08411712908525451]}"
17,rflbat,rflbat_final_distance_filter,"[17, 5, 45, 9, 8, 25, 33, 89, 10]",[4],"{""accepted_indices"": [1, 2, 3, 4, 5, 6, 7, 8, 9, 1, 2, 3, 4, 5, 6, 7, 8, 9], ""eps2"": 6, ""distance_median"": 0.6985993787791314}"
18,rflbat,rflbat_first_distance_filter,"[4, 16, 3, 5, 10, 96, 48, 40, 59, 47, 16, 3, 5, 10, 96, 48, 40, 59, 47]",[],"{""accepted_indices"": [0, 1, 2, 3, 4, 5, 6, 7, 8, 9, 1, 2, 3, 4, 5, 6, 7, 8, 9], ""eps1"": 10, ""distance_median"": 0.6935512677582476}"
18,rflbat,rflbat_cluster_filter,"[4, 16, 3, 5, 10, 96, 48, 40, 59, 47, 16, 3, 5, 10, 96, 48, 40, 59, 47]",[],"{""accepted_indices"": [0, 1, 2, 3, 4, 5, 6, 7, 8, 9, 1, 2, 3, 4, 5, 6, 7, 8, 9], ""num_clusters"": 1, ""cluster_scores"": [0.07615233451814671]}"
18,rflbat,rflbat_final_distance_filter,"[4, 16, 3, 5, 10, 96, 48, 40, 59, 47]",[],"{""accepted_indices"": [0, 1, 2, 3, 4, 5, 6, 7, 8, 9, 1, 2, 3, 4, 5, 6, 7, 8, 9], ""eps2"": 6, ""distance_median"": 1.0811226435065615}"
19,rflbat,rflbat_first_distance_filter,"[2, 83, 76, 70, 10, 14, 82, 34, 48, 63, 83, 76, 70, 10, 14, 82, 34, 48, 63]",[],"{""accepted_indices"": [0, 1, 2, 3, 4, 5, 6, 7, 8, 9, 1, 2, 3, 4, 5, 6, 7, 8, 9], ""eps1"": 10, ""distance_median"": 0.36066377800916893}"
19,rflbat,rflbat_cluster_filter,"[83, 76, 70, 10, 14, 82, 34, 48, 63, 83, 76, 70, 10, 14, 82, 34, 48, 63]",[2],"{""accepted_indices"": [1, 2, 3, 4, 5, 6, 7, 8, 9, 1, 2, 3, 4, 5, 6, 7, 8, 9], ""num_clusters"": 2, ""cluster_scores"": [1, 0.16637403550309204]}"
19,rflbat,rflbat_final_distance_filter,"[83, 76, 70, 10, 14, 82, 34, 48, 63]",[2],"{""accepted_indices"": [1, 2, 3, 4, 5, 6, 7, 8, 9, 1, 2, 3, 4, 5, 6, 7, 8, 9], ""eps2"": 6, ""distance_median"": 0.3439209077702144}"
20,rflbat,rflbat_first_distance_filter,"[1, 81, 28, 39, 88, 92, 16, 79, 5, 12, 81, 28, 39, 88, 92, 16, 79, 5, 12]",[],"{""accepted_indices"": [0, 1, 2, 3, 4, 5, 6, 7, 8, 9, 1, 2, 3, 4, 5, 6, 7, 8, 9], ""eps1"": 10, ""distance_median"": 0.35174858888553584}"
20,rflbat,rflbat_cluster_filter,"[1, 81, 28, 39, 88, 92, 16, 79, 5, 12, 81, 28, 39, 88, 92, 16, 79, 5, 12]",[],"{""accepted_indices"": [0, 1, 2, 3, 4, 5, 6, 7, 8, 9, 1, 2, 3, 4, 5, 6, 7, 8, 9], ""num_clusters"": 1, ""cluster_scores"": [0.1034701759450385]}"
20,rflbat,rflbat_final_distance_filter,"[1, 81, 28, 39, 88, 92, 16, 79, 5, 12]",[],"{""accepted_indices"": [0, 1, 2, 3, 4, 5, 6, 7, 8, 9, 1, 2, 3, 4, 5, 6, 7, 8, 9], ""eps2"": 6, ""distance_median"": 0.5394049152268084}"
21,rflbat,rflbat_first_distance_filter,"[4, 19, 39, 24, 49, 17, 66, 11, 9, 42, 19, 39, 24, 49, 17, 66, 11, 9, 42]",[],"{""accepted_indices"": [0, 1, 2, 3, 4, 5, 6, 7, 8, 9, 1, 2, 3, 4, 5, 6, 7, 8, 9], ""eps1"": 10, ""distance_median"": 0.3246663445022212}"
21,rflbat,rflbat_cluster_filter,"[4, 19, 39, 24, 49, 17, 66, 11, 9, 42, 19, 39, 24, 49, 17, 66, 11, 9, 42]",[],"{""accepted_indices"": [0, 1, 2, 3, 4, 5, 6, 7, 8, 9, 1, 2, 3, 4, 5, 6, 7, 8, 9], ""num_clusters"": 1, ""cluster_scores"": [0.19217471458899005]}"
21,rflbat,rflbat_final_distance_filter,"[19, 39, 24, 49, 17, 66, 11, 9, 42]",[4],"{""accepted_indices"": [1, 2, 3, 4, 5, 6, 7, 8, 9, 1, 2, 3, 4, 5, 6, 7, 8, 9], ""eps2"": 6, ""distance_median"": 0.4792181642317723}"
22,rflbat,rflbat_first_distance_filter,"[0, 41, 83, 69, 8, 72, 19, 26, 4, 52, 41, 83, 69, 8, 72, 19, 26, 4, 52]",[],"{""accepted_indices"": [0, 1, 2, 3, 4, 5, 6, 7, 8, 9, 1, 2, 3, 4, 5, 6, 7, 8, 9], ""eps1"": 10, ""distance_median"": 0.5697515106056097}"
22,rflbat,rflbat_cluster_filter,"[0, 41, 83, 69, 8, 72, 19, 26, 4, 52, 41, 83, 69, 8, 72, 19, 26, 4, 52]",[],"{""accepted_indices"": [0, 1, 2, 3, 4, 5, 6, 7, 8, 9, 1, 2, 3, 4, 5, 6, 7, 8, 9], ""num_clusters"": 1, ""cluster_scores"": [0.14855594895563007]}"
22,rflbat,rflbat_final_distance_filter,"[41, 83, 69, 8, 72, 19, 26, 4, 52]",[0],"{""accepted_indices"": [1, 2, 3, 4, 5, 6, 7, 8, 9, 1, 2, 3, 4, 5, 6, 7, 8, 9], ""eps2"": 6, ""distance_median"": 0.736772748973852}"
23,rflbat,rflbat_first_distance_filter,"[4, 78, 92, 25, 12, 76, 24, 52, 89, 40, 78, 92, 25, 12, 76, 24, 52, 89, 40]",[],"{""accepted_indices"": [0, 1, 2, 3, 4, 5, 6, 7, 8, 9, 1, 2, 3, 4, 5, 6, 7, 8, 9], ""eps1"": 10, ""distance_median"": 0.21929336058388088}"
23,rflbat,rflbat_cluster_filter,"[4, 78, 92, 25, 12, 76, 24, 52, 89, 40, 78, 92, 25, 12, 76, 24, 52, 89, 40]",[],"{""accepted_indices"": [0, 1, 2, 3, 4, 5, 6, 7, 8, 9, 1, 2, 3, 4, 5, 6, 7, 8, 9], ""num_clusters"": 1, ""cluster_scores"": [0.1268983436536086]}"
23,rflbat,rflbat_final_distance_filter,"[78, 92, 25, 12, 76, 24, 52, 89, 40]",[4],"{""accepted_indices"": [1, 2, 3, 4, 5, 6, 7, 8, 9, 1, 2, 3, 4, 5, 6, 7, 8, 9], ""eps2"": 6, ""distance_median"": 0.31816077405735077}"
24,rflbat,rflbat_first_distance_filter,"[3, 6, 98, 54, 77, 5, 71, 59, 84, 15, 6, 98, 54, 77, 5, 71, 59, 84, 15]",[],"{""accepted_indices"": [0, 1, 2, 3, 4, 5, 6, 7, 8, 9, 1, 2, 3, 4, 5, 6, 7, 8, 9], ""eps1"": 10, ""distance_median"": 0.3195667564736608}"
24,rflbat,rflbat_cluster_filter,"[6, 98, 77, 5, 59, 84, 15, 6, 98, 77, 5, 59, 84, 15]","[3, 54, 71]","{""accepted_indices"": [1, 2, 4, 5, 7, 8, 9, 1, 2, 4, 5, 7, 8, 9], ""num_clusters"": 4, ""cluster_scores"": [0.1372538067783703, 1.0000000000017815, 1, 1.000000000001093]}"
24,rflbat,rflbat_final_distance_filter,"[6, 98, 77, 5, 59, 84, 15]","[3, 54, 71]","{""accepted_indices"": [1, 2, 4, 5, 7, 8, 9, 1, 2, 4, 5, 7, 8, 9], ""eps2"": 6, ""distance_median"": 0.07283632625679821}"
25,rflbat,rflbat_first_distance_filter,"[0, 33, 3, 97, 25, 99, 42, 35, 84, 34, 33, 3, 97, 25, 99, 42, 35, 84, 34]",[],"{""accepted_indices"": [0, 1, 2, 3, 4, 5, 6, 7, 8, 9, 1, 2, 3, 4, 5, 6, 7, 8, 9], ""eps1"": 10, ""distance_median"": 0.6111006339034175}"
25,rflbat,rflbat_cluster_filter,"[33, 97, 99, 42, 35, 84, 34, 33, 97, 99, 42, 35, 84, 34]","[0, 3, 25]","{""accepted_indices"": [1, 3, 5, 6, 7, 8, 9, 1, 3, 5, 6, 7, 8, 9], ""num_clusters"": 4, ""cluster_scores"": [1, 0.16334750329857378, 1.000000000002896, 1.000000000001682]}"
25,rflbat,rflbat_final_distance_filter,"[33, 97, 99, 42, 35, 84, 34]","[0, 3, 25]","{""accepted_indices"": [1, 3, 5, 6, 7, 8, 9, 1, 3, 5, 6, 7, 8, 9], ""eps2"": 6, ""distance_median"": 0.08081766550160545}"
26,rflbat,rflbat_first_distance_filter,"[4, 38, 66, 10, 58, 59, 33, 43, 41, 68, 38, 66, 10, 58, 59, 33, 43, 41, 68]",[],"{""accepted_indices"": [0, 1, 2, 3, 4, 5, 6, 7, 8, 9, 1, 2, 3, 4, 5, 6, 7, 8, 9], ""eps1"": 10, ""distance_median"": 0.29628136226740576}"
26,rflbat,rflbat_cluster_filter,"[38, 66, 10, 58, 59, 33, 43, 41, 68, 38, 66, 10, 58, 59, 33, 43, 41, 68]",[4],"{""accepted_indices"": [1, 2, 3, 4, 5, 6, 7, 8, 9, 1, 2, 3, 4, 5, 6, 7, 8, 9], ""num_clusters"": 2, ""cluster_scores"": [0.12580112310857075, 1]}"
26,rflbat,rflbat_final_distance_filter,"[38, 66, 10, 58, 59, 33, 43, 41, 68]",[4],"{""accepted_indices"": [1, 2, 3, 4, 5, 6, 7, 8, 9, 1, 2, 3, 4, 5, 6, 7, 8, 9], ""eps2"": 6, ""distance_median"": 0.31967344343904514}"
27,rflbat,rflbat_first_distance_filter,"[0, 89, 21, 47, 20, 72, 35, 29, 15, 73, 89, 21, 47, 20, 72, 35, 29, 15, 73]",[],"{""accepted_indices"": [0, 1, 2, 3, 4, 5, 6, 7, 8, 9, 1, 2, 3, 4, 5, 6, 7, 8, 9], ""eps1"": 10, ""distance_median"": 0.6317630123702961}"
27,rflbat,rflbat_cluster_filter,"[0, 89, 21, 47, 20, 72, 35, 29, 15, 73, 89, 21, 47, 20, 72, 35, 29, 15, 73]",[],"{""accepted_indices"": [0, 1, 2, 3, 4, 5, 6, 7, 8, 9, 1, 2, 3, 4, 5, 6, 7, 8, 9], ""num_clusters"": 1, ""cluster_scores"": [0.1334481541921603]}"
27,rflbat,rflbat_final_distance_filter,"[89, 21, 47, 20, 72, 35, 29, 15, 73]",[0],"{""accepted_indices"": [1, 2, 3, 4, 5, 6, 7, 8, 9, 1, 2, 3, 4, 5, 6, 7, 8, 9], ""eps2"": 6, ""distance_median"": 0.8673100587151338}"
28,rflbat,rflbat_first_distance_filter,"[0, 41, 83, 55, 18, 44, 6, 49, 71, 25, 41, 83, 55, 18, 44, 6, 49, 71, 25]",[],"{""accepted_indices"": [0, 1, 2, 3, 4, 5, 6, 7, 8, 9, 1, 2, 3, 4, 5, 6, 7, 8, 9], ""eps1"": 10, ""distance_median"": 0.5644462115179658}"
28,rflbat,rflbat_cluster_filter,"[0, 41, 83, 55, 18, 44, 6, 49, 71, 25, 41, 83, 55, 18, 44, 6, 49, 71, 25]",[],"{""accepted_indices"": [0, 1, 2, 3, 4, 5, 6, 7, 8, 9, 1, 2, 3, 4, 5, 6, 7, 8, 9], ""num_clusters"": 1, ""cluster_scores"": [0.1661250468003593]}"
28,rflbat,rflbat_final_distance_filter,"[41, 83, 55, 18, 44, 6, 49, 71, 25]",[0],"{""accepted_indices"": [1, 2, 3, 4, 5, 6, 7, 8, 9, 1, 2, 3, 4, 5, 6, 7, 8, 9], ""eps2"": 6, ""distance_median"": 0.7021738304473594}"
29,rflbat,rflbat_first_distance_filter,"[3, 62, 44, 68, 66, 58, 16, 37, 30, 89, 62, 44, 68, 66, 58, 16, 37, 30, 89]",[],"{""accepted_indices"": [0, 1, 2, 3, 4, 5, 6, 7, 8, 9, 1, 2, 3, 4, 5, 6, 7, 8, 9], ""eps1"": 10, ""distance_median"": 0.3220610966481763}"
29,rflbat,rflbat_cluster_filter,"[3, 62, 44, 68, 66, 58, 16, 37, 30, 89, 62, 44, 68, 66, 58, 16, 37, 30, 89]",[],"{""accepted_indices"": [0, 1, 2, 3, 4, 5, 6, 7, 8, 9, 1, 2, 3, 4, 5, 6, 7, 8, 9], ""num_clusters"": 1, ""cluster_scores"": [0.11228230596936646]}"
29,rflbat,rflbat_final_distance_filter,"[62, 44, 68, 66, 58, 16, 37, 30, 89]",[3],"{""accepted_indices"": [1, 2, 3, 4, 5, 6, 7, 8, 9, 1, 2, 3, 4, 5, 6, 7, 8, 9], ""eps2"": 6, ""distance_median"": 0.4458356274122737}"
30,rflbat,rflbat_first_distance_filter,"[3, 99, 4, 12, 64, 79, 40, 32, 34, 29, 99, 4, 12, 64, 79, 40, 32, 34, 29]",[],"{""accepted_indices"": [0, 1, 2, 3, 4, 5, 6, 7, 8, 9, 1, 2, 3, 4, 5, 6, 7, 8, 9], ""eps1"": 10, ""distance_median"": 0.34356938700466155}"
30,rflbat,rflbat_cluster_filter,"[64, 79, 34, 29, 64, 79, 34, 29]","[3, 99, 4, 12, 40, 32]","{""accepted_indices"": [4, 5, 8, 9, 4, 5, 8, 9], ""num_clusters"": 7, ""cluster_scores"": [0.3409036478049, 1.000000000003159, 1, 1.0000000000009097, 1.0000000000012896, 1.0000000000009375, 1.000000000000901]}"
30,rflbat,rflbat_final_distance_filter,"[64, 79, 34, 29]","[3, 99, 4, 12, 40, 32]","{""accepted_indices"": [4, 5, 8, 9, 4, 5, 8, 9], ""eps2"": 6, ""distance_median"": 0.004566970211798617}"
31,rflbat,rflbat_first_distance_filter,"[2, 26, 79, 14, 28, 24, 52, 10, 37, 47, 26, 79, 14, 28, 24, 52, 10, 37, 47]",[],"{""accepted_indices"": [0, 1, 2, 3, 4, 5, 6, 7, 8, 9, 1, 2, 3, 4, 5, 6, 7, 8, 9], ""eps1"": 10, ""distance_median"": 0.3298229366591659}"
31,rflbat,rflbat_cluster_filter,"[2, 26, 79, 14, 28, 24, 52, 10, 37, 47, 26, 79, 14, 28, 24, 52, 10, 37, 47]",[],"{""accepted_indices"": [0, 1, 2, 3, 4, 5, 6, 7, 8, 9, 1, 2, 3, 4, 5, 6, 7, 8, 9], ""num_clusters"": 1, ""cluster_scores"": [0.09985193448617964]}"
31,rflbat,rflbat_final_distance_filter,"[26, 79, 14, 28, 24, 52, 10, 37, 47]",[2],"{""accepted_indices"": [1, 2, 3, 4, 5, 6, 7, 8, 9, 1, 2, 3, 4, 5, 6, 7, 8, 9], ""eps2"": 6, ""distance_median"": 0.46923331275312974}"
32,rflbat,rflbat_first_distance_filter,"[3, 81, 83, 18, 79, 10, 32, 15, 94, 6, 81, 83, 18, 79, 10, 32, 15, 94, 6]",[],"{""accepted_indices"": [0, 1, 2, 3, 4, 5, 6, 7, 8, 9, 1, 2, 3, 4, 5, 6, 7, 8, 9], ""eps1"": 10, ""distance_median"": 0.35580547528374395}"
32,rflbat,rflbat_cluster_filter,"[3, 81, 83, 18, 79, 10, 32, 15, 94, 6, 81, 83, 18, 79, 10, 32, 15, 94, 6]",[],"{""accepted_indices"": [0, 1, 2, 3, 4, 5, 6, 7, 8, 9, 1, 2, 3, 4, 5, 6, 7, 8, 9], ""num_clusters"": 1, ""cluster_scores"": [0.14759423847543626]}"
32,rflbat,rflbat_final_distance_filter,"[81, 83, 18, 79, 10, 32, 15, 94, 6]",[3],"{""accepted_indices"": [1, 2, 3, 4, 5, 6, 7, 8, 9, 1, 2, 3, 4, 5, 6, 7, 8, 9], ""eps2"": 6, ""distance_median"": 0.5163772351488689}"
33,rflbat,rflbat_first_distance_filter,"[2, 68, 69, 85, 40, 96, 88, 53, 55, 3, 68, 69, 85, 40, 96, 88, 53, 55, 3]",[],"{""accepted_indices"": [0, 1, 2, 3, 4, 5, 6, 7, 8, 9, 1, 2, 3, 4, 5, 6, 7, 8, 9], ""eps1"": 10, ""distance_median"": 0.5608658880275121}"
33,rflbat,rflbat_cluster_filter,"[2, 68, 69, 85, 40, 96, 88, 53, 55, 3, 68, 69, 85, 40, 96, 88, 53, 55, 3]",[],"{""accepted_indices"": [0, 1, 2, 3, 4, 5, 6, 7, 8, 9, 1, 2, 3, 4, 5, 6, 7, 8, 9], ""num_clusters"": 1, ""cluster_scores"": [0.09288235294512251]}"
33,rflbat,rflbat_final_distance_filter,"[2, 68, 69, 85, 40, 96, 88, 53, 55, 3]",[],"{""accepted_indices"": [0, 1, 2, 3, 4, 5, 6, 7, 8, 9, 1, 2, 3, 4, 5, 6, 7, 8, 9], ""eps2"": 6, ""distance_median"": 0.9326045158851454}"
34,rflbat,rflbat_first_distance_filter,"[1, 16, 82, 92, 8, 24, 27, 9, 5, 31, 16, 82, 92, 8, 24, 27, 9, 5, 31]",[],"{""accepted_indices"": [0, 1, 2, 3, 4, 5, 6, 7, 8, 9, 1, 2, 3, 4, 5, 6, 7, 8, 9], ""eps1"": 10, ""distance_median"": 0.26445531639469383}"
34,rflbat,rflbat_cluster_filter,"[1, 16, 82, 92, 8, 24, 27, 9, 5, 31, 16, 82, 92, 8, 24, 27, 9, 5, 31]",[],"{""accepted_indices"": [0, 1, 2, 3, 4, 5, 6, 7, 8, 9, 1, 2, 3, 4, 5, 6, 7, 8, 9], ""num_clusters"": 1, ""cluster_scores"": [0.10158696553738493]}"
34,rflbat,rflbat_final_distance_filter,"[1, 16, 82, 92, 8, 24, 27, 9, 5, 31]",[],"{""accepted_indices"": [0, 1, 2, 3, 4, 5, 6, 7, 8, 9, 1, 2, 3, 4, 5, 6, 7, 8, 9], ""eps2"": 6, ""distance_median"": 0.4064870267468662}"
35,rflbat,rflbat_first_distance_filter,"[3, 5, 95, 25, 51, 90, 16, 62, 73, 17, 5, 95, 25, 51, 90, 16, 62, 73, 17]",[],"{""accepted_indices"": [0, 1, 2, 3, 4, 5, 6, 7, 8, 9, 1, 2, 3, 4, 5, 6, 7, 8, 9], ""eps1"": 10, ""distance_median"": 0.3256228947644282}"
35,rflbat,rflbat_cluster_filter,"[3, 5, 95, 25, 51, 90, 16, 62, 73, 17, 5, 95, 25, 51, 90, 16, 62, 73, 17]",[],"{""accepted_indices"": [0, 1, 2, 3, 4, 5, 6, 7, 8, 9, 1, 2, 3, 4, 5, 6, 7, 8, 9], ""num_clusters"": 1, ""cluster_scores"": [0.097063190846428]}"
35,rflbat,rflbat_final_distance_filter,"[3, 5, 95, 25, 51, 90, 16, 62, 73, 17]",[],"{""accepted_indices"": [0, 1, 2, 3, 4, 5, 6, 7, 8, 9, 1, 2, 3, 4, 5, 6, 7, 8, 9], ""eps2"": 6, ""distance_median"": 0.6128611384576892}"
36,rflbat,rflbat_first_distance_filter,"[2, 87, 66, 21, 58, 24, 1, 3, 56, 88, 87, 66, 21, 58, 24, 1, 3, 56, 88]",[],"{""accepted_indices"": [0, 1, 2, 3, 4, 5, 6, 7, 8, 9, 1, 2, 3, 4, 5, 6, 7, 8, 9], ""eps1"": 10, ""distance_median"": 0.34679245560051575}"
36,rflbat,rflbat_cluster_filter,"[2, 87, 66, 21, 58, 24, 1, 3, 56, 88, 87, 66, 21, 58, 24, 1, 3, 56, 88]",[],"{""accepted_indices"": [0, 1, 2, 3, 4, 5, 6, 7, 8, 9, 1, 2, 3, 4, 5, 6, 7, 8, 9], ""num_clusters"": 1, ""cluster_scores"": [0.1268286006671663]}"
36,rflbat,rflbat_final_distance_filter,"[2, 87, 66, 21, 58, 24, 1, 3, 56, 88]",[],"{""accepted_indices"": [0, 1, 2, 3, 4, 5, 6, 7, 8, 9, 1, 2, 3, 4, 5, 6, 7, 8, 9], ""eps2"": 6, ""distance_median"": 0.5933969078861121}"
37,rflbat,rflbat_first_distance_filter,"[2, 5, 8, 92, 3, 48, 53, 13, 52, 14, 5, 8, 92, 3, 48, 53, 13, 52, 14]",[],"{""accepted_indices"": [0, 1, 2, 3, 4, 5, 6, 7, 8, 9, 1, 2, 3, 4, 5, 6, 7, 8, 9], ""eps1"": 10, ""distance_median"": 0.34098294067559665}"
37,rflbat,rflbat_cluster_filter,"[2, 5, 8, 92, 3, 48, 53, 13, 52, 14, 5, 8, 92, 3, 48, 53, 13, 52, 14]",[],"{""accepted_indices"": [0, 1, 2, 3, 4, 5, 6, 7, 8, 9, 1, 2, 3, 4, 5, 6, 7, 8, 9], ""num_clusters"": 1, ""cluster_scores"": [0.10464523351279567]}"
37,rflbat,rflbat_final_distance_filter,"[2, 5, 8, 92, 3, 48, 53, 13, 52, 14]",[],"{""accepted_indices"": [0, 1, 2, 3, 4, 5, 6, 7, 8, 9, 1, 2, 3, 4, 5, 6, 7, 8, 9], ""eps2"": 6, ""distance_median"": 0.5114621398368769}"
38,rflbat,rflbat_first_distance_filter,"[0, 42, 39, 55, 90, 25, 77, 73, 78, 70, 42, 39, 55, 90, 25, 77, 73, 78, 70]",[],"{""accepted_indices"": [0, 1, 2, 3, 4, 5, 6, 7, 8, 9, 1, 2, 3, 4, 5, 6, 7, 8, 9], ""eps1"": 10, ""distance_median"": 0.6335341015547808}"
38,rflbat,rflbat_cluster_filter,"[42, 39, 55, 90, 25, 77, 73, 78, 70, 42, 39, 55, 90, 25, 77, 73, 78, 70]",[0],"{""accepted_indices"": [1, 2, 3, 4, 5, 6, 7, 8, 9, 1, 2, 3, 4, 5, 6, 7, 8, 9], ""num_clusters"": 2, ""cluster_scores"": [0.13035176101178447, 1]}"
38,rflbat,rflbat_final_distance_filter,"[42, 39, 55, 90, 25, 77, 73, 78, 70]",[0],"{""accepted_indices"": [1, 2, 3, 4, 5, 6, 7, 8, 9, 1, 2, 3, 4, 5, 6, 7, 8, 9], ""eps2"": 6, ""distance_median"": 0.5067461912084257}"
39,rflbat,rflbat_first_distance_filter,"[3, 46, 64, 88, 1, 68, 33, 14, 89, 25, 46, 64, 88, 1, 68, 33, 14, 89, 25]",[],"{""accepted_indices"": [0, 1, 2, 3, 4, 5, 6, 7, 8, 9, 1, 2, 3, 4, 5, 6, 7, 8, 9], ""eps1"": 10, ""distance_median"": 0.29438782304213285}"
39,rflbat,rflbat_cluster_filter,"[3, 46, 64, 1, 68, 33, 14, 89, 25, 46, 64, 1, 68, 33, 14, 89, 25]",[88],"{""accepted_indices"": [0, 1, 2, 4, 5, 6, 7, 8, 9, 1, 2, 4, 5, 6, 7, 8, 9], ""num_clusters"": 2, ""cluster_scores"": [0.18113951926225944, 1.0000000000014637]}"
39,rflbat,rflbat_final_distance_filter,"[3, 46, 64, 1, 68, 33, 14, 89, 25]",[88],"{""accepted_indices"": [0, 1, 2, 4, 5, 6, 7, 8, 9, 1, 2, 4, 5, 6, 7, 8, 9], ""eps2"": 6, ""distance_median"": 0.3231358854866818}"
40,rflbat,rflbat_first_distance_filter,"[1, 8, 55, 21, 82, 41, 99, 45, 23, 65, 8, 55, 21, 82, 41, 99, 45, 23, 65]",[],"{""accepted_indices"": [0, 1, 2, 3, 4, 5, 6, 7, 8, 9, 1, 2, 3, 4, 5, 6, 7, 8, 9], ""eps1"": 10, ""distance_median"": 0.38290884416872634}"
40,rflbat,rflbat_cluster_filter,"[1, 8, 55, 21, 82, 41, 99, 45, 23, 65, 8, 55, 21, 82, 41, 99, 45, 23, 65]",[],"{""accepted_indices"": [0, 1, 2, 3, 4, 5, 6, 7, 8, 9, 1, 2, 3, 4, 5, 6, 7, 8, 9], ""num_clusters"": 1, ""cluster_scores"": [0.13087636599577987]}"
40,rflbat,rflbat_final_distance_filter,"[1, 8, 55, 21, 82, 41, 99, 45, 23, 65]",[],"{""accepted_indices"": [0, 1, 2, 3, 4, 5, 6, 7, 8, 9, 1, 2, 3, 4, 5, 6, 7, 8, 9], ""eps2"": 6, ""distance_median"": 0.6882431815642246}"
41,rflbat,rflbat_first_distance_filter,"[1, 39, 50, 54, 28, 32, 67, 94, 75, 26, 39, 50, 54, 28, 32, 67, 94, 75, 26]",[],"{""accepted_indices"": [0, 1, 2, 3, 4, 5, 6, 7, 8, 9, 1, 2, 3, 4, 5, 6, 7, 8, 9], ""eps1"": 10, ""distance_median"": 0.22797654059262693}"
41,rflbat,rflbat_cluster_filter,"[1, 39, 50, 54, 28, 32, 67, 94, 75, 26, 39, 50, 54, 28, 32, 67, 94, 75, 26]",[],"{""accepted_indices"": [0, 1, 2, 3, 4, 5, 6, 7, 8, 9, 1, 2, 3, 4, 5, 6, 7, 8, 9], ""num_clusters"": 1, ""cluster_scores"": [0.10605812650313418]}"
41,rflbat,rflbat_final_distance_filter,"[1, 39, 50, 54, 28, 32, 67, 94, 75, 26]",[],"{""accepted_indices"": [0, 1, 2, 3, 4, 5, 6, 7, 8, 9, 1, 2, 3, 4, 5, 6, 7, 8, 9], ""eps2"": 6, ""distance_median"": 0.39503077933894615}"
42,rflbat,rflbat_first_distance_filter,"[1, 59, 29, 14, 47, 98, 70, 71, 92, 53, 59, 29, 14, 47, 98, 70, 71, 92, 53]",[],"{""accepted_indices"": [0, 1, 2, 3, 4, 5, 6, 7, 8, 9, 1, 2, 3, 4, 5, 6, 7, 8, 9], ""eps1"": 10, ""distance_median"": 0.1914712449029879}"
42,rflbat,rflbat_cluster_filter,"[1, 59, 29, 14, 47, 98, 70, 71, 92, 53, 59, 29, 14, 47, 98, 70, 71, 92, 53]",[],"{""accepted_indices"": [0, 1, 2, 3, 4, 5, 6, 7, 8, 9, 1, 2, 3, 4, 5, 6, 7, 8, 9], ""num_clusters"": 1, ""cluster_scores"": [0.13334323231594705]}"
42,rflbat,rflbat_final_distance_filter,"[1, 59, 29, 14, 47, 98, 70, 71, 92, 53]",[],"{""accepted_indices"": [0, 1, 2, 3, 4, 5, 6, 7, 8, 9, 1, 2, 3, 4, 5, 6, 7, 8, 9], ""eps2"": 6, ""distance_median"": 0.3459325751676841}"
43,rflbat,rflbat_first_distance_filter,"[2, 28, 44, 85, 19, 90, 11, 26, 47, 51, 28, 44, 85, 19, 90, 11, 26, 47, 51]",[],"{""accepted_indices"": [0, 1, 2, 3, 4, 5, 6, 7, 8, 9, 1, 2, 3, 4, 5, 6, 7, 8, 9], ""eps1"": 10, ""distance_median"": 0.2737322472373544}"
43,rflbat,rflbat_cluster_filter,"[28, 44, 85, 19, 90, 11, 47, 51, 28, 44, 85, 19, 90, 11, 47, 51]","[2, 26]","{""accepted_indices"": [1, 2, 3, 4, 5, 6, 8, 9, 1, 2, 3, 4, 5, 6, 8, 9], ""num_clusters"": 3, ""cluster_scores"": [0.14212881473347677, 1, 1.0000000000031994]}"
43,rflbat,rflbat_final_distance_filter,"[28, 44, 85, 19, 90, 11, 47, 51]","[2, 26]","{""accepted_indices"": [1, 2, 3, 4, 5, 6, 8, 9, 1, 2, 3, 4, 5, 6, 8, 9], ""eps2"": 6, ""distance_median"": 0.23465717234587252}"
44,rflbat,rflbat_first_distance_filter,"[2, 44, 68, 91, 7, 33, 39, 22, 69, 25, 44, 68, 91, 7, 33, 39, 22, 69, 25]",[],"{""accepted_indices"": [0, 1, 2, 3, 4, 5, 6, 7, 8, 9, 1, 2, 3, 4, 5, 6, 7, 8, 9], ""eps1"": 10, ""distance_median"": 0.1824180505466383}"
44,rflbat,rflbat_cluster_filter,"[2, 44, 68, 91, 7, 33, 39, 22, 69, 25, 44, 68, 91, 7, 33, 39, 22, 69, 25]",[],"{""accepted_indices"": [0, 1, 2, 3, 4, 5, 6, 7, 8, 9, 1, 2, 3, 4, 5, 6, 7, 8, 9], ""num_clusters"": 1, ""cluster_scores"": [0.128856425837697]}"
44,rflbat,rflbat_final_distance_filter,"[2, 44, 68, 91, 7, 33, 39, 22, 69, 25]",[],"{""accepted_indices"": [0, 1, 2, 3, 4, 5, 6, 7, 8, 9, 1, 2, 3, 4, 5, 6, 7, 8, 9], ""eps2"": 6, ""distance_median"": 0.28335978883505525}"
45,rflbat,rflbat_first_distance_filter,"[2, 6, 97, 58, 99, 13, 17, 78, 82, 27, 6, 97, 58, 99, 13, 17, 78, 82, 27]",[],"{""accepted_indices"": [0, 1, 2, 3, 4, 5, 6, 7, 8, 9, 1, 2, 3, 4, 5, 6, 7, 8, 9], ""eps1"": 10, ""distance_median"": 0.2961943964773572}"
45,rflbat,rflbat_cluster_filter,"[2, 6, 97, 58, 99, 13, 17, 78, 82, 27, 6, 97, 58, 99, 13, 17, 78, 82, 27]",[],"{""accepted_indices"": [0, 1, 2, 3, 4, 5, 6, 7, 8, 9, 1, 2, 3, 4, 5, 6, 7, 8, 9], ""num_clusters"": 1, ""cluster_scores"": [0.12554076898282263]}"
45,rflbat,rflbat_final_distance_filter,"[2, 6, 97, 58, 99, 13, 17, 78, 82, 27]",[],"{""accepted_indices"": [0, 1, 2, 3, 4, 5, 6, 7, 8, 9, 1, 2, 3, 4, 5, 6, 7, 8, 9], ""eps2"": 6, ""distance_median"": 0.48750985751671}"
46,rflbat,rflbat_first_distance_filter,"[3, 38, 85, 89, 29, 42, 54, 18, 40, 12, 38, 85, 89, 29, 42, 54, 18, 40, 12]",[],"{""accepted_indices"": [0, 1, 2, 3, 4, 5, 6, 7, 8, 9, 1, 2, 3, 4, 5, 6, 7, 8, 9], ""eps1"": 10, ""distance_median"": 0.26199110757570815}"
46,rflbat,rflbat_cluster_filter,"[3, 38, 85, 89, 29, 42, 54, 18, 40, 12, 38, 85, 89, 29, 42, 54, 18, 40, 12]",[],"{""accepted_indices"": [0, 1, 2, 3, 4, 5, 6, 7, 8, 9, 1, 2, 3, 4, 5, 6, 7, 8, 9], ""num_clusters"": 1, ""cluster_scores"": [0.15218543071339724]}"
46,rflbat,rflbat_final_distance_filter,"[3, 38, 85, 89, 29, 42, 54, 18, 40, 12]",[],"{""accepted_indices"": [0, 1, 2, 3, 4, 5, 6, 7, 8, 9, 1, 2, 3, 4, 5, 6, 7, 8, 9], ""eps2"": 6, ""distance_median"": 0.47439021151051225}"
47,rflbat,rflbat_first_distance_filter,"[0, 48, 76, 70, 57, 27, 13, 46, 83, 6, 48, 76, 70, 57, 27, 13, 46, 83, 6]",[],"{""accepted_indices"": [0, 1, 2, 3, 4, 5, 6, 7, 8, 9, 1, 2, 3, 4, 5, 6, 7, 8, 9], ""eps1"": 10, ""distance_median"": 0.47818910400407066}"
47,rflbat,rflbat_cluster_filter,"[0, 48, 76, 70, 57, 27, 13, 46, 83, 6, 48, 76, 70, 57, 27, 13, 46, 83, 6]",[],"{""accepted_indices"": [0, 1, 2, 3, 4, 5, 6, 7, 8, 9, 1, 2, 3, 4, 5, 6, 7, 8, 9], ""num_clusters"": 1, ""cluster_scores"": [0.14275594803985636]}"
47,rflbat,rflbat_final_distance_filter,"[48, 76, 70, 57, 27, 13, 46, 83, 6]",[0],"{""accepted_indices"": [1, 2, 3, 4, 5, 6, 7, 8, 9, 1, 2, 3, 4, 5, 6, 7, 8, 9], ""eps2"": 6, ""distance_median"": 0.6017838946202247}"
48,rflbat,rflbat_first_distance_filter,"[1, 27, 72, 38, 7, 54, 21, 12, 88, 77, 27, 72, 38, 7, 54, 21, 12, 88, 77]",[],"{""accepted_indices"": [0, 1, 2, 3, 4, 5, 6, 7, 8, 9, 1, 2, 3, 4, 5, 6, 7, 8, 9], ""eps1"": 10, ""distance_median"": 0.29077906620150135}"
48,rflbat,rflbat_cluster_filter,"[1, 27, 72, 38, 7, 54, 21, 12, 88, 77, 27, 72, 38, 7, 54, 21, 12, 88, 77]",[],"{""accepted_indices"": [0, 1, 2, 3, 4, 5, 6, 7, 8, 9, 1, 2, 3, 4, 5, 6, 7, 8, 9], ""num_clusters"": 1, ""cluster_scores"": [0.09597216397465322]}"
48,rflbat,rflbat_final_distance_filter,"[1, 27, 72, 38, 7, 54, 21, 12, 88, 77]",[],"{""accepted_indices"": [0, 1, 2, 3, 4, 5, 6, 7, 8, 9, 1, 2, 3, 4, 5, 6, 7, 8, 9], ""eps2"": 6, ""distance_median"": 0.558547380991482}"
49,rflbat,rflbat_first_distance_filter,"[3, 57, 34, 7, 60, 58, 65, 10, 12, 16, 57, 34, 7, 60, 58, 65, 10, 12, 16]",[],"{""accepted_indices"": [0, 1, 2, 3, 4, 5, 6, 7, 8, 9, 1, 2, 3, 4, 5, 6, 7, 8, 9], ""eps1"": 10, ""distance_median"": 0.172951411958013}"
49,rflbat,rflbat_cluster_filter,"[3, 57, 34, 7, 60, 58, 65, 10, 12, 16, 57, 34, 7, 60, 58, 65, 10, 12, 16]",[],"{""accepted_indices"": [0, 1, 2, 3, 4, 5, 6, 7, 8, 9, 1, 2, 3, 4, 5, 6, 7, 8, 9], ""num_clusters"": 1, ""cluster_scores"": [0.11367145351266932]}"
49,rflbat,rflbat_final_distance_filter,"[3, 57, 34, 7, 60, 58, 65, 10, 12, 16]",[],"{""accepted_indices"": [0, 1, 2, 3, 4, 5, 6, 7, 8, 9, 1, 2, 3, 4, 5, 6, 7, 8, 9], ""eps2"": 6, ""distance_median"": 0.2953117261250792}"
50,rflbat,rflbat_first_distance_filter,"[3, 56, 36, 31, 48, 94, 83, 81, 97, 42, 56, 36, 31, 48, 94, 83, 81, 97, 42]",[],"{""accepted_indices"": [0, 1, 2, 3, 4, 5, 6, 7, 8, 9, 1, 2, 3, 4, 5, 6, 7, 8, 9], ""eps1"": 10, ""distance_median"": 0.35879983761470535}"
50,rflbat,rflbat_cluster_filter,"[3, 56, 36, 31, 48, 94, 83, 81, 97, 42, 56, 36, 31, 48, 94, 83, 81, 97, 42]",[],"{""accepted_indices"": [0, 1, 2, 3, 4, 5, 6, 7, 8, 9, 1, 2, 3, 4, 5, 6, 7, 8, 9], ""num_clusters"": 1, ""cluster_scores"": [0.10488353385862599]}"
50,rflbat,rflbat_final_distance_filter,"[3, 56, 36, 31, 48, 94, 83, 81, 97, 42]",[],"{""accepted_indices"": [0, 1, 2, 3, 4, 5, 6, 7, 8, 9, 1, 2, 3, 4, 5, 6, 7, 8, 9], ""eps2"": 6, ""distance_median"": 0.6972571074680098}"
51,rflbat,rflbat_first_distance_filter,"[4, 23, 69, 8, 84, 3, 64, 32, 70, 95, 23, 69, 8, 84, 3, 64, 32, 70, 95]",[],"{""accepted_indices"": [0, 1, 2, 3, 4, 5, 6, 7, 8, 9, 1, 2, 3, 4, 5, 6, 7, 8, 9], ""eps1"": 10, ""distance_median"": 0.24212752583865582}"
51,rflbat,rflbat_cluster_filter,"[4, 23, 69, 8, 84, 3, 64, 32, 70, 95, 23, 69, 8, 84, 3, 64, 32, 70, 95]",[],"{""accepted_indices"": [0, 1, 2, 3, 4, 5, 6, 7, 8, 9, 1, 2, 3, 4, 5, 6, 7, 8, 9], ""num_clusters"": 1, ""cluster_scores"": [0.16822659142670804]}"
51,rflbat,rflbat_final_distance_filter,"[4, 23, 69, 8, 84, 3, 64, 32, 70, 95]",[],"{""accepted_indices"": [0, 1, 2, 3, 4, 5, 6, 7, 8, 9, 1, 2, 3, 4, 5, 6, 7, 8, 9], ""eps2"": 6, ""distance_median"": 0.4010598113461997}"
52,rflbat,rflbat_first_distance_filter,"[2, 99, 46, 88, 98, 23, 16, 47, 59, 56, 99, 46, 88, 98, 23, 16, 47, 59, 56]",[],"{""accepted_indices"": [0, 1, 2, 3, 4, 5, 6, 7, 8, 9, 1, 2, 3, 4, 5, 6, 7, 8, 9], ""eps1"": 10, ""distance_median"": 0.26338889108420904}"
52,rflbat,rflbat_cluster_filter,"[2, 99, 46, 88, 98, 23, 16, 47, 59, 56, 99, 46, 88, 98, 23, 16, 47, 59, 56]",[],"{""accepted_indices"": [0, 1, 2, 3, 4, 5, 6, 7, 8, 9, 1, 2, 3, 4, 5, 6, 7, 8, 9], ""num_clusters"": 1, ""cluster_scores"": [0.07727528749891921]}"
52,rflbat,rflbat_final_distance_filter,"[2, 99, 46, 88, 98, 23, 16, 47, 59, 56]",[],"{""accepted_indices"": [0, 1, 2, 3, 4, 5, 6, 7, 8, 9, 1, 2, 3, 4, 5, 6, 7, 8, 9], ""eps2"": 6, ""distance_median"": 0.45197008090080626}"
53,rflbat,rflbat_first_distance_filter,"[1, 67, 70, 92, 53, 68, 64, 31, 93, 87, 67, 70, 92, 53, 68, 64, 31, 93, 87]",[],"{""accepted_indices"": [0, 1, 2, 3, 4, 5, 6, 7, 8, 9, 1, 2, 3, 4, 5, 6, 7, 8, 9], ""eps1"": 10, ""distance_median"": 0.16607642056231176}"
53,rflbat,rflbat_cluster_filter,"[1, 67, 70, 92, 53, 64, 31, 93, 87, 67, 70, 92, 53, 64, 31, 93, 87]",[68],"{""accepted_indices"": [0, 1, 2, 3, 4, 6, 7, 8, 9, 1, 2, 3, 4, 6, 7, 8, 9], ""num_clusters"": 2, ""cluster_scores"": [0.11263467495472611, 1.000000000001656]}"
53,rflbat,rflbat_final_distance_filter,"[1, 67, 70, 92, 53, 64, 31, 93, 87]",[68],"{""accepted_indices"": [0, 1, 2, 3, 4, 6, 7, 8, 9, 1, 2, 3, 4, 6, 7, 8, 9], ""eps2"": 6, ""distance_median"": 0.20379352357321517}"
54,rflbat,rflbat_first_distance_filter,"[4, 8, 13, 41, 47, 91, 34, 33, 18, 20, 8, 13, 41, 47, 91, 34, 33, 18, 20]",[],"{""accepted_indices"": [0, 1, 2, 3, 4, 5, 6, 7, 8, 9, 1, 2, 3, 4, 5, 6, 7, 8, 9], ""eps1"": 10, ""distance_median"": 0.29200208715966913}"
54,rflbat,rflbat_cluster_filter,"[4, 8, 13, 41, 47, 91, 34, 33, 18, 20, 8, 13, 41, 47, 91, 34, 33, 18, 20]",[],"{""accepted_indices"": [0, 1, 2, 3, 4, 5, 6, 7, 8, 9, 1, 2, 3, 4, 5, 6, 7, 8, 9], ""num_clusters"": 1, ""cluster_scores"": [0.1082139406277266]}"
54,rflbat,rflbat_final_distance_filter,"[4, 8, 13, 41, 47, 91, 34, 33, 18, 20]",[],"{""accepted_indices"": [0, 1, 2, 3, 4, 5, 6, 7, 8, 9, 1, 2, 3, 4, 5, 6, 7, 8, 9], ""eps2"": 6, ""distance_median"": 0.46695004073158164}"
55,rflbat,rflbat_first_distance_filter,"[0, 43, 3, 92, 52, 85, 12, 99, 74, 77, 43, 3, 92, 52, 85, 12, 99, 74, 77]",[],"{""accepted_indices"": [0, 1, 2, 3, 4, 5, 6, 7, 8, 9, 1, 2, 3, 4, 5, 6, 7, 8, 9], ""eps1"": 10, ""distance_median"": 0.41888880328040945}"
55,rflbat,rflbat_cluster_filter,"[0, 43, 3, 92, 52, 85, 12, 99, 74, 77, 43, 3, 92, 52, 85, 12, 99, 74, 77]",[],"{""accepted_indices"": [0, 1, 2, 3, 4, 5, 6, 7, 8, 9, 1, 2, 3, 4, 5, 6, 7, 8, 9], ""num_clusters"": 1, ""cluster_scores"": [0.1388807017709354]}"
55,rflbat,rflbat_final_distance_filter,"[43, 3, 92, 52, 85, 12, 99, 74, 77]",[0],"{""accepted_indices"": [1, 2, 3, 4, 5, 6, 7, 8, 9, 1, 2, 3, 4, 5, 6, 7, 8, 9], ""eps2"": 6, ""distance_median"": 0.5123195633562303}"
56,rflbat,rflbat_first_distance_filter,"[4, 6, 37, 50, 40, 26, 17, 2, 87, 89, 6, 37, 50, 40, 26, 17, 2, 87, 89]",[],"{""accepted_indices"": [0, 1, 2, 3, 4, 5, 6, 7, 8, 9, 1, 2, 3, 4, 5, 6, 7, 8, 9], ""eps1"": 10, ""distance_median"": 0.25375576128519506}"
56,rflbat,rflbat_cluster_filter,"[4, 6, 37, 50, 40, 26, 17, 2, 87, 89, 6, 37, 50, 40, 26, 17, 2, 87, 89]",[],"{""accepted_indices"": [0, 1, 2, 3, 4, 5, 6, 7, 8, 9, 1, 2, 3, 4, 5, 6, 7, 8, 9], ""num_clusters"": 1, ""cluster_scores"": [0.13424266335519955]}"
56,rflbat,rflbat_final_distance_filter,"[4, 6, 37, 50, 40, 26, 17, 2, 87, 89]",[],"{""accepted_indices"": [0, 1, 2, 3, 4, 5, 6, 7, 8, 9, 1, 2, 3, 4, 5, 6, 7, 8, 9], ""eps2"": 6, ""distance_median"": 0.39064535577949966}"
57,rflbat,rflbat_first_distance_filter,"[1, 19, 9, 25, 59, 3, 55, 0, 31, 56, 19, 9, 25, 59, 3, 55, 0, 31, 56]",[],"{""accepted_indices"": [0, 1, 2, 3, 4, 5, 6, 7, 8, 9, 1, 2, 3, 4, 5, 6, 7, 8, 9], ""eps1"": 10, ""distance_median"": 0.4741242594922169}"
57,rflbat,rflbat_cluster_filter,"[1, 19, 9, 25, 59, 3, 55, 0, 31, 56, 19, 9, 25, 59, 3, 55, 0, 31, 56]",[],"{""accepted_indices"": [0, 1, 2, 3, 4, 5, 6, 7, 8, 9, 1, 2, 3, 4, 5, 6, 7, 8, 9], ""num_clusters"": 1, ""cluster_scores"": [0.14807598250697476]}"
57,rflbat,rflbat_final_distance_filter,"[1, 19, 9, 25, 59, 3, 55, 31, 56]",[0],"{""accepted_indices"": [0, 1, 2, 3, 4, 5, 6, 8, 9, 1, 2, 3, 4, 5, 6, 8, 9], ""eps2"": 6, ""distance_median"": 0.9277492325540794}"
58,rflbat,rflbat_first_distance_filter,"[0, 85, 57, 20, 76, 40, 35, 84, 29, 72, 85, 57, 20, 76, 40, 35, 84, 29, 72]",[],"{""accepted_indices"": [0, 1, 2, 3, 4, 5, 6, 7, 8, 9, 1, 2, 3, 4, 5, 6, 7, 8, 9], ""eps1"": 10, ""distance_median"": 0.4740917712372196}"
58,rflbat,rflbat_cluster_filter,"[0, 85, 57, 20, 76, 40, 35, 84, 29, 72, 85, 57, 20, 76, 40, 35, 84, 29, 72]",[],"{""accepted_indices"": [0, 1, 2, 3, 4, 5, 6, 7, 8, 9, 1, 2, 3, 4, 5, 6, 7, 8, 9], ""num_clusters"": 1, ""cluster_scores"": [0.11130349633566296]}"
58,rflbat,rflbat_final_distance_filter,"[85, 57, 20, 76, 40, 35, 84, 29, 72]",[0],"{""accepted_indices"": [1, 2, 3, 4, 5, 6, 7, 8, 9, 1, 2, 3, 4, 5, 6, 7, 8, 9], ""eps2"": 6, ""distance_median"": 0.6126458506352221}"
59,rflbat,rflbat_first_distance_filter,"[2, 57, 65, 72, 32, 69, 85, 19, 0, 31, 57, 65, 72, 32, 69, 85, 19, 0, 31]",[],"{""accepted_indices"": [0, 1, 2, 3, 4, 5, 6, 7, 8, 9, 1, 2, 3, 4, 5, 6, 7, 8, 9], ""eps1"": 10, ""distance_median"": 0.4966391796531259}"
59,rflbat,rflbat_cluster_filter,"[2, 57, 65, 72, 32, 69, 85, 19, 0, 31, 57, 65, 72, 32, 69, 85, 19, 0, 31]",[],"{""accepted_indices"": [0, 1, 2, 3, 4, 5, 6, 7, 8, 9, 1, 2, 3, 4, 5, 6, 7, 8, 9], ""num_clusters"": 1, ""cluster_scores"": [0.08152858153426454]}"
59,rflbat,rflbat_final_distance_filter,"[2, 57, 65, 72, 32, 69, 85, 19, 31]",[0],"{""accepted_indices"": [0, 1, 2, 3, 4, 5, 6, 7, 9, 1, 2, 3, 4, 5, 6, 7, 9], ""eps2"": 6, ""distance_median"": 0.9815489614843398}"
60,rflbat,rflbat_first_distance_filter,"[0, 50, 7, 63, 68, 58, 78, 15, 55, 76, 50, 7, 63, 68, 58, 78, 15, 55, 76]",[],"{""accepted_indices"": [0, 1, 2, 3, 4, 5, 6, 7, 8, 9, 1, 2, 3, 4, 5, 6, 7, 8, 9], ""eps1"": 10, ""distance_median"": 0.4488887111657822}"
60,rflbat,rflbat_cluster_filter,"[0, 50, 7, 63, 68, 58, 78, 15, 55, 76, 50, 7, 63, 68, 58, 78, 15, 55, 76]",[],"{""accepted_indices"": [0, 1, 2, 3, 4, 5, 6, 7, 8, 9, 1, 2, 3, 4, 5, 6, 7, 8, 9], ""num_clusters"": 1, ""cluster_scores"": [0.13637318694044379]}"
60,rflbat,rflbat_final_distance_filter,"[50, 7, 63, 68, 58, 78, 15, 55, 76]",[0],"{""accepted_indices"": [1, 2, 3, 4, 5, 6, 7, 8, 9, 1, 2, 3, 4, 5, 6, 7, 8, 9], ""eps2"": 6, ""distance_median"": 0.5763046157496788}"
61,rflbat,rflbat_first_distance_filter,"[1, 53, 35, 11, 69, 70, 42, 87, 51, 24, 53, 35, 11, 69, 70, 42, 87, 51, 24]",[],"{""accepted_indices"": [0, 1, 2, 3, 4, 5, 6, 7, 8, 9, 1, 2, 3, 4, 5, 6, 7, 8, 9], ""eps1"": 10, ""distance_median"": 0.23049481801403524}"
61,rflbat,rflbat_cluster_filter,"[1, 53, 35, 11, 69, 70, 42, 87, 51, 24, 53, 35, 11, 69, 70, 42, 87, 51, 24]",[],"{""accepted_indices"": [0, 1, 2, 3, 4, 5, 6, 7, 8, 9, 1, 2, 3, 4, 5, 6, 7, 8, 9], ""num_clusters"": 1, ""cluster_scores"": [0.10845190978224736]}"
61,rflbat,rflbat_final_distance_filter,"[1, 53, 35, 11, 69, 70, 42, 87, 51, 24]",[],"{""accepted_indices"": [0, 1, 2, 3, 4, 5, 6, 7, 8, 9, 1, 2, 3, 4, 5, 6, 7, 8, 9], ""eps2"": 6, ""distance_median"": 0.37903146255801623}"
62,rflbat,rflbat_first_distance_filter,"[2, 36, 47, 16, 76, 62, 23, 40, 48, 78, 36, 47, 16, 76, 62, 23, 40, 48, 78]",[],"{""accepted_indices"": [0, 1, 2, 3, 4, 5, 6, 7, 8, 9, 1, 2, 3, 4, 5, 6, 7, 8, 9], ""eps1"": 10, ""distance_median"": 0.28283464492614174}"
62,rflbat,rflbat_cluster_filter,"[2, 36, 47, 16, 76, 62, 23, 40, 48, 78, 36, 47, 16, 76, 62, 23, 40, 48, 78]",[],"{""accepted_indices"": [0, 1, 2, 3, 4, 5, 6, 7, 8, 9, 1, 2, 3, 4, 5, 6, 7, 8, 9], ""num_clusters"": 1, ""cluster_scores"": [0.10125117300668225]}"
62,rflbat,rflbat_final_distance_filter,"[2, 36, 47, 16, 76, 62, 23, 40, 48, 78]",[],"{""accepted_indices"": [0, 1, 2, 3, 4, 5, 6, 7, 8, 9, 1, 2, 3, 4, 5, 6, 7, 8, 9], ""eps2"": 6, ""distance_median"": 0.5374539559626204}"
63,rflbat,rflbat_first_distance_filter,"[2, 26, 69, 67, 54, 83, 33, 45, 60, 96, 26, 69, 67, 54, 83, 33, 45, 60, 96]",[],"{""accepted_indices"": [0, 1, 2, 3, 4, 5, 6, 7, 8, 9, 1, 2, 3, 4, 5, 6, 7, 8, 9], ""eps1"": 10, ""distance_median"": 0.442817214440327}"
63,rflbat,rflbat_cluster_filter,"[2, 69, 67, 54, 83, 33, 45, 60, 96, 69, 67, 54, 83, 33, 45, 60, 96]",[26],"{""accepted_indices"": [0, 2, 3, 4, 5, 6, 7, 8, 9, 2, 3, 4, 5, 6, 7, 8, 9], ""num_clusters"": 2, ""cluster_scores"": [0.1118695730282836, 1.0000000000009468]}"
63,rflbat,rflbat_final_distance_filter,"[2, 69, 67, 54, 83, 33, 45, 60, 96]",[26],"{""accepted_indices"": [0, 2, 3, 4, 5, 6, 7, 8, 9, 2, 3, 4, 5, 6, 7, 8, 9], ""eps2"": 6, ""distance_median"": 0.33001252740021825}"
64,rflbat,rflbat_first_distance_filter,"[4, 92, 24, 26, 34, 59, 9, 58, 39, 23, 92, 24, 26, 34, 59, 9, 58, 39, 23]",[],"{""accepted_indices"": [0, 1, 2, 3, 4, 5, 6, 7, 8, 9, 1, 2, 3, 4, 5, 6, 7, 8, 9], ""eps1"": 10, ""distance_median"": 0.20701363660049615}"
64,rflbat,rflbat_cluster_filter,"[4, 92, 24, 26, 34, 59, 9, 58, 39, 23, 92, 24, 26, 34, 59, 9, 58, 39, 23]",[],"{""accepted_indices"": [0, 1, 2, 3, 4, 5, 6, 7, 8, 9, 1, 2, 3, 4, 5, 6, 7, 8, 9], ""num_clusters"": 1, ""cluster_scores"": [0.10629282866139024]}"
64,rflbat,rflbat_final_distance_filter,"[4, 92, 24, 26, 34, 59, 9, 58, 39, 23]",[],"{""accepted_indices"": [0, 1, 2, 3, 4, 5, 6, 7, 8, 9, 1, 2, 3, 4, 5, 6, 7, 8, 9], ""eps2"": 6, ""distance_median"": 0.3122210970304628}"
65,rflbat,rflbat_first_distance_filter,"[2, 72, 69, 79, 28, 64, 86, 52, 19, 84, 72, 69, 79, 28, 64, 86, 52, 19, 84]",[],"{""accepted_indices"": [0, 1, 2, 3, 4, 5, 6, 7, 8, 9, 1, 2, 3, 4, 5, 6, 7, 8, 9], ""eps1"": 10, ""distance_median"": 0.20428161854640364}"
65,rflbat,rflbat_cluster_filter,"[2, 72, 79, 64, 86, 52, 84, 72, 79, 64, 86, 52, 84]","[69, 28, 19]","{""accepted_indices"": [0, 1, 3, 5, 6, 7, 9, 1, 3, 5, 6, 7, 9], ""num_clusters"": 2, ""cluster_scores"": [0.5090887676904082, 0.15445281480971434]}"
65,rflbat,rflbat_final_distance_filter,"[2, 72, 79, 64, 86, 52, 84]","[69, 28, 19]","{""accepted_indices"": [0, 1, 3, 5, 6, 7, 9, 1, 3, 5, 6, 7, 9], ""eps2"": 6, ""distance_median"": 0.14092752090051844}"
66,rflbat,rflbat_first_distance_filter,"[4, 32, 88, 85, 57, 15, 76, 6, 65, 22, 32, 88, 85, 57, 15, 76, 6, 65, 22]",[],"{""accepted_indices"": [0, 1, 2, 3, 4, 5, 6, 7, 8, 9, 1, 2, 3, 4, 5, 6, 7, 8, 9], ""eps1"": 10, ""distance_median"": 0.2624055049521429}"
66,rflbat,rflbat_cluster_filter,"[4, 32, 85, 57, 15, 76, 6, 65, 22, 32, 85, 57, 15, 76, 6, 65, 22]",[88],"{""accepted_indices"": [0, 1, 3, 4, 5, 6, 7, 8, 9, 1, 3, 4, 5, 6, 7, 8, 9], ""num_clusters"": 2, ""cluster_scores"": [0.09017501689293447, 1.0000000000015836]}"
66,rflbat,rflbat_final_distance_filter,"[4, 32, 85, 57, 15, 76, 6, 65, 22]",[88],"{""accepted_indices"": [0, 1, 3, 4, 5, 6, 7, 8, 9, 1, 3, 4, 5, 6, 7, 8, 9], ""eps2"": 6, ""distance_median"": 0.1972758212019048}"
67,rflbat,rflbat_first_distance_filter,"[1, 46, 53, 49, 70, 72, 92, 66, 99, 91, 46, 53, 49, 70, 72, 92, 66, 99, 91]",[],"{""accepted_indices"": [0, 1, 2, 3, 4, 5, 6, 7, 8, 9, 1, 2, 3, 4, 5, 6, 7, 8, 9], ""eps1"": 10, ""distance_median"": 0.156570867162774}"
67,rflbat,rflbat_cluster_filter,"[1, 46, 53, 49, 70, 72, 92, 66, 99, 91, 46, 53, 49, 70, 72, 92, 66, 99, 91]",[],"{""accepted_indices"": [0, 1, 2, 3, 4, 5, 6, 7, 8, 9, 1, 2, 3, 4, 5, 6, 7, 8, 9], ""num_clusters"": 1, ""cluster_scores"": [0.098981498501964]}"
67,rflbat,rflbat_final_distance_filter,"[1, 46, 53, 49, 70, 72, 92, 66, 99, 91]",[],"{""accepted_indices"": [0, 1, 2, 3, 4, 5, 6, 7, 8, 9, 1, 2, 3, 4, 5, 6, 7, 8, 9], ""eps2"": 6, ""distance_median"": 0.26356594392828847}"
68,rflbat,rflbat_first_distance_filter,"[0, 94, 39, 35, 87, 56, 88, 27, 30, 81, 94, 39, 35, 87, 56, 88, 27, 30, 81]",[],"{""accepted_indices"": [0, 1, 2, 3, 4, 5, 6, 7, 8, 9, 1, 2, 3, 4, 5, 6, 7, 8, 9], ""eps1"": 10, ""distance_median"": 0.529208275936734}"
68,rflbat,rflbat_cluster_filter,"[94, 39, 35, 87, 56, 27, 30, 81, 94, 39, 35, 87, 56, 27, 30, 81]","[0, 88]","{""accepted_indices"": [1, 2, 3, 4, 5, 7, 8, 9, 1, 2, 3, 4, 5, 7, 8, 9], ""num_clusters"": 3, ""cluster_scores"": [0.12477274884973052, 1, 1.0000000000015778]}"
68,rflbat,rflbat_final_distance_filter,"[94, 39, 35, 87, 56, 27, 30, 81]","[0, 88]","{""accepted_indices"": [1, 2, 3, 4, 5, 7, 8, 9, 1, 2, 3, 4, 5, 7, 8, 9], ""eps2"": 6, ""distance_median"": 0.11742187583606817}"
69,rflbat,rflbat_first_distance_filter,"[1, 96, 7, 22, 54, 95, 32, 82, 88, 41, 96, 7, 22, 54, 95, 32, 82, 88, 41]",[],"{""accepted_indices"": [0, 1, 2, 3, 4, 5, 6, 7, 8, 9, 1, 2, 3, 4, 5, 6, 7, 8, 9], ""eps1"": 10, ""distance_median"": 0.40008963376644535}"
69,rflbat,rflbat_cluster_filter,"[1, 96, 7, 22, 54, 95, 32, 82, 88, 41, 96, 7, 22, 54, 95, 32, 82, 88, 41]",[],"{""accepted_indices"": [0, 1, 2, 3, 4, 5, 6, 7, 8, 9, 1, 2, 3, 4, 5, 6, 7, 8, 9], ""num_clusters"": 1, ""cluster_scores"": [0.1468842180565951]}"
69,rflbat,rflbat_final_distance_filter,"[1, 96, 7, 22, 54, 95, 32, 82, 88, 41]",[],"{""accepted_indices"": [0, 1, 2, 3, 4, 5, 6, 7, 8, 9, 1, 2, 3, 4, 5, 6, 7, 8, 9], ""eps2"": 6, ""distance_median"": 0.7565937661000116}"
70,rflbat,rflbat_first_distance_filter,"[3, 48, 96, 27, 54, 98, 61, 42, 0, 49, 48, 96, 27, 54, 98, 61, 42, 0, 49]",[],"{""accepted_indices"": [0, 1, 2, 3, 4, 5, 6, 7, 8, 9, 1, 2, 3, 4, 5, 6, 7, 8, 9], ""eps1"": 10, ""distance_median"": 0.5287017914469848}"
70,rflbat,rflbat_cluster_filter,"[3, 48, 96, 27, 54, 98, 61, 42, 49, 48, 96, 27, 54, 98, 61, 42, 49]",[0],"{""accepted_indices"": [0, 1, 2, 3, 4, 5, 6, 7, 9, 1, 2, 3, 4, 5, 6, 7, 9], ""num_clusters"": 2, ""cluster_scores"": [0.11663078366341673, 1.000000000000747]}"
70,rflbat,rflbat_final_distance_filter,"[3, 48, 96, 27, 54, 98, 61, 42, 49]",[0],"{""accepted_indices"": [0, 1, 2, 3, 4, 5, 6, 7, 9, 1, 2, 3, 4, 5, 6, 7, 9], ""eps2"": 6, ""distance_median"": 0.3038333325503172}"
71,rflbat,rflbat_first_distance_filter,"[3, 17, 99, 89, 46, 64, 52, 39, 37, 55, 17, 99, 89, 46, 64, 52, 39, 37, 55]",[],"{""accepted_indices"": [0, 1, 2, 3, 4, 5, 6, 7, 8, 9, 1, 2, 3, 4, 5, 6, 7, 8, 9], ""eps1"": 10, ""distance_median"": 0.20201481317821698}"
71,rflbat,rflbat_cluster_filter,"[3, 17, 99, 89, 52, 39, 37, 55, 17, 99, 89, 52, 39, 37, 55]","[46, 64]","{""accepted_indices"": [0, 1, 2, 3, 6, 7, 8, 9, 1, 2, 3, 6, 7, 8, 9], ""num_clusters"": 2, ""cluster_scores"": [0.7599364202477324, 0.14348700221792948]}"
71,rflbat,rflbat_final_distance_filter,"[3, 17, 99, 89, 52, 39, 37, 55]","[46, 64]","{""accepted_indices"": [0, 1, 2, 3, 6, 7, 8, 9, 1, 2, 3, 6, 7, 8, 9], ""eps2"": 6, ""distance_median"": 0.19874373464668774}"
72,rflbat,rflbat_first_distance_filter,"[2, 45, 95, 46, 75, 17, 66, 43, 68, 99, 45, 95, 46, 75, 17, 66, 43, 68, 99]",[],"{""accepted_indices"": [0, 1, 2, 3, 4, 5, 6, 7, 8, 9, 1, 2, 3, 4, 5, 6, 7, 8, 9], ""eps1"": 10, ""distance_median"": 0.2276754806431479}"
72,rflbat,rflbat_cluster_filter,"[2, 45, 95, 46, 75, 17, 66, 43, 68, 99, 45, 95, 46, 75, 17, 66, 43, 68, 99]",[],"{""accepted_indices"": [0, 1, 2, 3, 4, 5, 6, 7, 8, 9, 1, 2, 3, 4, 5, 6, 7, 8, 9], ""num_clusters"": 1, ""cluster_scores"": [0.10916510678499529]}"
72,rflbat,rflbat_final_distance_filter,"[2, 45, 95, 46, 75, 17, 66, 43, 68, 99]",[],"{""accepted_indices"": [0, 1, 2, 3, 4, 5, 6, 7, 8, 9, 1, 2, 3, 4, 5, 6, 7, 8, 9], ""eps2"": 6, ""distance_median"": 0.37223040862203505}"
73,rflbat,rflbat_first_distance_filter,"[1, 41, 10, 4, 9, 80, 44, 72, 88, 13, 41, 10, 4, 9, 80, 44, 72, 88, 13]",[],"{""accepted_indices"": [0, 1, 2, 3, 4, 5, 6, 7, 8, 9, 1, 2, 3, 4, 5, 6, 7, 8, 9], ""eps1"": 10, ""distance_median"": 0.3261779741520999}"
73,rflbat,rflbat_cluster_filter,"[1, 41, 10, 4, 9, 80, 44, 72, 88, 13, 41, 10, 4, 9, 80, 44, 72, 88, 13]",[],"{""accepted_indices"": [0, 1, 2, 3, 4, 5, 6, 7, 8, 9, 1, 2, 3, 4, 5, 6, 7, 8, 9], ""num_clusters"": 1, ""cluster_scores"": [0.11748315943696855]}"
73,rflbat,rflbat_final_distance_filter,"[1, 41, 10, 4, 9, 80, 44, 72, 88, 13]",[],"{""accepted_indices"": [0, 1, 2, 3, 4, 5, 6, 7, 8, 9, 1, 2, 3, 4, 5, 6, 7, 8, 9], ""eps2"": 6, ""distance_median"": 0.6804537994249465}"
74,rflbat,rflbat_first_distance_filter,"[2, 36, 33, 30, 9, 23, 78, 91, 5, 58, 36, 33, 30, 9, 23, 78, 91, 5, 58]",[],"{""accepted_indices"": [0, 1, 2, 3, 4, 5, 6, 7, 8, 9, 1, 2, 3, 4, 5, 6, 7, 8, 9], ""eps1"": 10, ""distance_median"": 0.1683516565907204}"
74,rflbat,rflbat_cluster_filter,"[2, 36, 33, 30, 9, 23, 78, 91, 5, 58, 36, 33, 30, 9, 23, 78, 91, 5, 58]",[],"{""accepted_indices"": [0, 1, 2, 3, 4, 5, 6, 7, 8, 9, 1, 2, 3, 4, 5, 6, 7, 8, 9], ""num_clusters"": 1, ""cluster_scores"": [0.1284163207904211]}"
74,rflbat,rflbat_final_distance_filter,"[2, 36, 33, 30, 9, 23, 78, 91, 5, 58]",[],"{""accepted_indices"": [0, 1, 2, 3, 4, 5, 6, 7, 8, 9, 1, 2, 3, 4, 5, 6, 7, 8, 9], ""eps2"": 6, ""distance_median"": 0.28765692046345687}"
75,rflbat,rflbat_first_distance_filter,"[2, 59, 38, 97, 20, 91, 86, 14, 54, 16, 59, 38, 97, 20, 91, 86, 14, 54, 16]",[],"{""accepted_indices"": [0, 1, 2, 3, 4, 5, 6, 7, 8, 9, 1, 2, 3, 4, 5, 6, 7, 8, 9], ""eps1"": 10, ""distance_median"": 0.26658864461801685}"
75,rflbat,rflbat_cluster_filter,"[2, 59, 38, 97, 20, 91, 86, 14, 16, 59, 38, 97, 20, 91, 86, 14, 16]",[54],"{""accepted_indices"": [0, 1, 2, 3, 4, 5, 6, 7, 9, 1, 2, 3, 4, 5, 6, 7, 9], ""num_clusters"": 2, ""cluster_scores"": [0.15466865122196147, 1.0000000000029594]}"
75,rflbat,rflbat_final_distance_filter,"[2, 59, 38, 97, 20, 91, 86, 14, 16]",[54],"{""accepted_indices"": [0, 1, 2, 3, 4, 5, 6, 7, 9, 1, 2, 3, 4, 5, 6, 7, 9], ""eps2"": 6, ""distance_median"": 0.2771474997509938}"
76,rflbat,rflbat_first_distance_filter,"[4, 43, 36, 57, 98, 38, 95, 16, 66, 62, 43, 36, 57, 98, 38, 95, 16, 66, 62]",[],"{""accepted_indices"": [0, 1, 2, 3, 4, 5, 6, 7, 8, 9, 1, 2, 3, 4, 5, 6, 7, 8, 9], ""eps1"": 10, ""distance_median"": 0.22717685237451216}"
76,rflbat,rflbat_cluster_filter,"[4, 43, 36, 57, 98, 38, 95, 16, 66, 62, 43, 36, 57, 98, 38, 95, 16, 66, 62]",[],"{""accepted_indices"": [0, 1, 2, 3, 4, 5, 6, 7, 8, 9, 1, 2, 3, 4, 5, 6, 7, 8, 9], ""num_clusters"": 1, ""cluster_scores"": [0.10678393799453421]}"
76,rflbat,rflbat_final_distance_filter,"[43, 36, 57, 98, 38, 95, 16, 66, 62]",[4],"{""accepted_indices"": [1, 2, 3, 4, 5, 6, 7, 8, 9, 1, 2, 3, 4, 5, 6, 7, 8, 9], ""eps2"": 6, ""distance_median"": 0.31926538425505746}"
77,rflbat,rflbat_first_distance_filter,"[0, 33, 25, 93, 88, 56, 84, 24, 46, 64, 33, 25, 93, 88, 56, 84, 24, 46, 64]",[],"{""accepted_indices"": [0, 1, 2, 3, 4, 5, 6, 7, 8, 9, 1, 2, 3, 4, 5, 6, 7, 8, 9], ""eps1"": 10, ""distance_median"": 0.516072423990426}"
77,rflbat,rflbat_cluster_filter,"[0, 33, 25, 93, 88, 56, 84, 24, 46, 64, 33, 25, 93, 88, 56, 84, 24, 46, 64]",[],"{""accepted_indices"": [0, 1, 2, 3, 4, 5, 6, 7, 8, 9, 1, 2, 3, 4, 5, 6, 7, 8, 9], ""num_clusters"": 1, ""cluster_scores"": [0.11622886589628957]}"
77,rflbat,rflbat_final_distance_filter,"[33, 25, 93, 88, 56, 84, 24, 46, 64]",[0],"{""accepted_indices"": [1, 2, 3, 4, 5, 6, 7, 8, 9, 1, 2, 3, 4, 5, 6, 7, 8, 9], ""eps2"": 6, ""distance_median"": 0.6762332794258276}"
78,rflbat,rflbat_first_distance_filter,"[3, 72, 90, 33, 46, 95, 71, 5, 62, 55, 72, 90, 33, 46, 95, 71, 5, 62, 55]",[],"{""accepted_indices"": [0, 1, 2, 3, 4, 5, 6, 7, 8, 9, 1, 2, 3, 4, 5, 6, 7, 8, 9], ""eps1"": 10, ""distance_median"": 0.4947272952559234}"
78,rflbat,rflbat_cluster_filter,"[3, 72, 90, 33, 46, 95, 71, 5, 62, 55, 72, 90, 33, 46, 95, 71, 5, 62, 55]",[],"{""accepted_indices"": [0, 1, 2, 3, 4, 5, 6, 7, 8, 9, 1, 2, 3, 4, 5, 6, 7, 8, 9], ""num_clusters"": 1, ""cluster_scores"": [0.11402680579101392]}"
78,rflbat,rflbat_final_distance_filter,"[3, 72, 90, 33, 46, 95, 71, 5, 62, 55]",[],"{""accepted_indices"": [0, 1, 2, 3, 4, 5, 6, 7, 8, 9, 1, 2, 3, 4, 5, 6, 7, 8, 9], ""eps2"": 6, ""distance_median"": 0.9576763978561812}"
79,rflbat,rflbat_first_distance_filter,"[3, 15, 38, 45, 61, 9, 73, 51, 90, 79, 15, 38, 45, 61, 9, 73, 51, 90, 79]",[],"{""accepted_indices"": [0, 1, 2, 3, 4, 5, 6, 7, 8, 9, 1, 2, 3, 4, 5, 6, 7, 8, 9], ""eps1"": 10, ""distance_median"": 0.32464449409389673}"
79,rflbat,rflbat_cluster_filter,"[3, 15, 38, 45, 61, 9, 73, 51, 90, 79, 15, 38, 45, 61, 9, 73, 51, 90, 79]",[],"{""accepted_indices"": [0, 1, 2, 3, 4, 5, 6, 7, 8, 9, 1, 2, 3, 4, 5, 6, 7, 8, 9], ""num_clusters"": 1, ""cluster_scores"": [0.10192048676361513]}"
79,rflbat,rflbat_final_distance_filter,"[3, 15, 38, 45, 61, 9, 73, 51, 90, 79]",[],"{""accepted_indices"": [0, 1, 2, 3, 4, 5, 6, 7, 8, 9, 1, 2, 3, 4, 5, 6, 7, 8, 9], ""eps2"": 6, ""distance_median"": 0.6293258715082679}"
80,rflbat,rflbat_first_distance_filter,"[2, 14, 79, 71, 26, 27, 97, 13, 78, 17, 14, 79, 71, 26, 27, 97, 13, 78, 17]",[],"{""accepted_indices"": [0, 1, 2, 3, 4, 5, 6, 7, 8, 9, 1, 2, 3, 4, 5, 6, 7, 8, 9], ""eps1"": 10, ""distance_median"": 0.4409136488327048}"
80,rflbat,rflbat_cluster_filter,"[2, 14, 79, 71, 26, 27, 97, 13, 78, 17, 14, 79, 71, 26, 27, 97, 13, 78, 17]",[],"{""accepted_indices"": [0, 1, 2, 3, 4, 5, 6, 7, 8, 9, 1, 2, 3, 4, 5, 6, 7, 8, 9], ""num_clusters"": 1, ""cluster_scores"": [0.13896413048312115]}"
80,rflbat,rflbat_final_distance_filter,"[2, 14, 79, 71, 26, 27, 97, 13, 78, 17]",[],"{""accepted_indices"": [0, 1, 2, 3, 4, 5, 6, 7, 8, 9, 1, 2, 3, 4, 5, 6, 7, 8, 9], ""eps2"": 6, ""distance_median"": 0.8540227970139886}"
81,rflbat,rflbat_first_distance_filter,"[3, 30, 62, 93, 34, 46, 23, 2, 97, 63, 30, 62, 93, 34, 46, 23, 2, 97, 63]",[],"{""accepted_indices"": [0, 1, 2, 3, 4, 5, 6, 7, 8, 9, 1, 2, 3, 4, 5, 6, 7, 8, 9], ""eps1"": 10, ""distance_median"": 0.2999359897204813}"
81,rflbat,rflbat_cluster_filter,"[3, 30, 62, 93, 34, 46, 23, 2, 97, 63, 30, 62, 93, 34, 46, 23, 2, 97, 63]",[],"{""accepted_indices"": [0, 1, 2, 3, 4, 5, 6, 7, 8, 9, 1, 2, 3, 4, 5, 6, 7, 8, 9], ""num_clusters"": 1, ""cluster_scores"": [0.09446071703011442]}"
81,rflbat,rflbat_final_distance_filter,"[3, 30, 62, 93, 34, 46, 23, 2, 97, 63]",[],"{""accepted_indices"": [0, 1, 2, 3, 4, 5, 6, 7, 8, 9, 1, 2, 3, 4, 5, 6, 7, 8, 9], ""eps2"": 6, ""distance_median"": 0.5061230257003114}"
82,rflbat,rflbat_first_distance_filter,"[1, 62, 69, 63, 39, 93, 98, 99, 46, 43, 62, 69, 63, 39, 93, 98, 99, 46, 43]",[],"{""accepted_indices"": [0, 1, 2, 3, 4, 5, 6, 7, 8, 9, 1, 2, 3, 4, 5, 6, 7, 8, 9], ""eps1"": 10, ""distance_median"": 0.2364009790104481}"
82,rflbat,rflbat_cluster_filter,"[1, 62, 69, 63, 39, 93, 98, 99, 46, 43, 62, 69, 63, 39, 93, 98, 99, 46, 43]",[],"{""accepted_indices"": [0, 1, 2, 3, 4, 5, 6, 7, 8, 9, 1, 2, 3, 4, 5, 6, 7, 8, 9], ""num_clusters"": 1, ""cluster_scores"": [0.09529747278516303]}"
82,rflbat,rflbat_final_distance_filter,"[1, 62, 69, 63, 39, 93, 98, 99, 46, 43]",[],"{""accepted_indices"": [0, 1, 2, 3, 4, 5, 6, 7, 8, 9, 1, 2, 3, 4, 5, 6, 7, 8, 9], ""eps2"": 6, ""distance_median"": 0.40725673237032006}"
83,rflbat,rflbat_first_distance_filter,"[2, 65, 13, 68, 82, 66, 44, 29, 49, 91, 65, 13, 68, 82, 66, 44, 29, 49, 91]",[],"{""accepted_indices"": [0, 1, 2, 3, 4, 5, 6, 7, 8, 9, 1, 2, 3, 4, 5, 6, 7, 8, 9], ""eps1"": 10, ""distance_median"": 0.2990431571201233}"
83,rflbat,rflbat_cluster_filter,"[2, 65, 13, 68, 82, 66, 44, 29, 49, 91, 65, 13, 68, 82, 66, 44, 29, 49, 91]",[],"{""accepted_indices"": [0, 1, 2, 3, 4, 5, 6, 7, 8, 9, 1, 2, 3, 4, 5, 6, 7, 8, 9], ""num_clusters"": 1, ""cluster_scores"": [0.0757882704135271]}"
83,rflbat,rflbat_final_distance_filter,"[2, 65, 13, 68, 82, 66, 44, 29, 49, 91]",[],"{""accepted_indices"": [0, 1, 2, 3, 4, 5, 6, 7, 8, 9, 1, 2, 3, 4, 5, 6, 7, 8, 9], ""eps2"": 6, ""distance_median"": 0.5340011671845742}"
84,rflbat,rflbat_first_distance_filter,"[1, 63, 6, 15, 20, 61, 88, 22, 53, 39, 63, 6, 15, 20, 61, 88, 22, 53, 39]",[],"{""accepted_indices"": [0, 1, 2, 3, 4, 5, 6, 7, 8, 9, 1, 2, 3, 4, 5, 6, 7, 8, 9], ""eps1"": 10, ""distance_median"": 0.21450499703579629}"
84,rflbat,rflbat_cluster_filter,"[1, 63, 6, 15, 20, 61, 88, 22, 53, 39, 63, 6, 15, 20, 61, 88, 22, 53, 39]",[],"{""accepted_indices"": [0, 1, 2, 3, 4, 5, 6, 7, 8, 9, 1, 2, 3, 4, 5, 6, 7, 8, 9], ""num_clusters"": 1, ""cluster_scores"": [0.16413960731974542]}"
84,rflbat,rflbat_final_distance_filter,"[1, 63, 6, 15, 20, 61, 88, 22, 53, 39]",[],"{""accepted_indices"": [0, 1, 2, 3, 4, 5, 6, 7, 8, 9, 1, 2, 3, 4, 5, 6, 7, 8, 9], ""eps2"": 6, ""distance_median"": 0.3794011596601321}"
85,rflbat,rflbat_first_distance_filter,"[0, 31, 23, 81, 51, 90, 83, 21, 3, 5, 31, 23, 81, 51, 90, 83, 21, 3, 5]",[],"{""accepted_indices"": [0, 1, 2, 3, 4, 5, 6, 7, 8, 9, 1, 2, 3, 4, 5, 6, 7, 8, 9], ""eps1"": 10, ""distance_median"": 0.5707736739996092}"
85,rflbat,rflbat_cluster_filter,"[0, 31, 23, 81, 51, 90, 83, 21, 3, 5, 31, 23, 81, 51, 90, 83, 21, 3, 5]",[],"{""accepted_indices"": [0, 1, 2, 3, 4, 5, 6, 7, 8, 9, 1, 2, 3, 4, 5, 6, 7, 8, 9], ""num_clusters"": 1, ""cluster_scores"": [0.11009342322872231]}"
85,rflbat,rflbat_final_distance_filter,"[31, 23, 81, 51, 90, 83, 21, 3, 5]",[0],"{""accepted_indices"": [1, 2, 3, 4, 5, 6, 7, 8, 9, 1, 2, 3, 4, 5, 6, 7, 8, 9], ""eps2"": 6, ""distance_median"": 0.8125247003381306}"
86,rflbat,rflbat_first_distance_filter,"[4, 66, 52, 9, 41, 59, 17, 78, 34, 58, 66, 52, 9, 41, 59, 17, 78, 34, 58]",[],"{""accepted_indices"": [0, 1, 2, 3, 4, 5, 6, 7, 8, 9, 1, 2, 3, 4, 5, 6, 7, 8, 9], ""eps1"": 10, ""distance_median"": 0.16995838630182963}"
86,rflbat,rflbat_cluster_filter,"[4, 66, 52, 9, 41, 59, 17, 78, 34, 58, 66, 52, 9, 41, 59, 17, 78, 34, 58]",[],"{""accepted_indices"": [0, 1, 2, 3, 4, 5, 6, 7, 8, 9, 1, 2, 3, 4, 5, 6, 7, 8, 9], ""num_clusters"": 1, ""cluster_scores"": [0.1652423642290985]}"
86,rflbat,rflbat_final_distance_filter,"[4, 66, 52, 9, 41, 59, 17, 78, 34, 58]",[],"{""accepted_indices"": [0, 1, 2, 3, 4, 5, 6, 7, 8, 9, 1, 2, 3, 4, 5, 6, 7, 8, 9], ""eps2"": 6, ""distance_median"": 0.269662144762612}"
87,rflbat,rflbat_first_distance_filter,"[0, 44, 68, 57, 83, 17, 35, 66, 71, 63, 44, 68, 57, 83, 17, 35, 66, 71, 63]",[],"{""accepted_indices"": [0, 1, 2, 3, 4, 5, 6, 7, 8, 9, 1, 2, 3, 4, 5, 6, 7, 8, 9], ""eps1"": 10, ""distance_median"": 0.47599552224786856}"
87,rflbat,rflbat_cluster_filter,"[0, 44, 68, 57, 83, 17, 35, 66, 71, 63, 44, 68, 57, 83, 17, 35, 66, 71, 63]",[],"{""accepted_indices"": [0, 1, 2, 3, 4, 5, 6, 7, 8, 9, 1, 2, 3, 4, 5, 6, 7, 8, 9], ""num_clusters"": 1, ""cluster_scores"": [0.10305275896755538]}"
87,rflbat,rflbat_final_distance_filter,"[44, 68, 57, 83, 17, 35, 66, 71, 63]",[0],"{""accepted_indices"": [1, 2, 3, 4, 5, 6, 7, 8, 9, 1, 2, 3, 4, 5, 6, 7, 8, 9], ""eps2"": 6, ""distance_median"": 0.5968210095133292}"
88,rflbat,rflbat_first_distance_filter,"[1, 13, 91, 2, 81, 20, 24, 88, 41, 18, 13, 91, 2, 81, 20, 24, 88, 41, 18]",[],"{""accepted_indices"": [0, 1, 2, 3, 4, 5, 6, 7, 8, 9, 1, 2, 3, 4, 5, 6, 7, 8, 9], ""eps1"": 10, ""distance_median"": 0.28864145884193065}"
88,rflbat,rflbat_cluster_filter,"[1, 13, 91, 2, 81, 20, 24, 88, 41, 18, 13, 91, 2, 81, 20, 24, 88, 41, 18]",[],"{""accepted_indices"": [0, 1, 2, 3, 4, 5, 6, 7, 8, 9, 1, 2, 3, 4, 5, 6, 7, 8, 9], ""num_clusters"": 1, ""cluster_scores"": [0.10544993600980435]}"
88,rflbat,rflbat_final_distance_filter,"[1, 13, 91, 2, 81, 20, 24, 88, 41, 18]",[],"{""accepted_indices"": [0, 1, 2, 3, 4, 5, 6, 7, 8, 9, 1, 2, 3, 4, 5, 6, 7, 8, 9], ""eps2"": 6, ""distance_median"": 0.5657708917000855}"
89,rflbat,rflbat_first_distance_filter,"[3, 27, 78, 39, 84, 17, 40, 68, 48, 9, 27, 78, 39, 84, 17, 40, 68, 48, 9]",[],"{""accepted_indices"": [0, 1, 2, 3, 4, 5, 6, 7, 8, 9, 1, 2, 3, 4, 5, 6, 7, 8, 9], ""eps1"": 10, ""distance_median"": 0.2929021789245538}"
89,rflbat,rflbat_cluster_filter,"[3, 27, 78, 39, 84, 17, 40, 68, 48, 9, 27, 78, 39, 84, 17, 40, 68, 48, 9]",[],"{""accepted_indices"": [0, 1, 2, 3, 4, 5, 6, 7, 8, 9, 1, 2, 3, 4, 5, 6, 7, 8, 9], ""num_clusters"": 1, ""cluster_scores"": [0.11595590727716748]}"
89,rflbat,rflbat_final_distance_filter,"[3, 27, 78, 39, 84, 17, 40, 68, 48, 9]",[],"{""accepted_indices"": [0, 1, 2, 3, 4, 5, 6, 7, 8, 9, 1, 2, 3, 4, 5, 6, 7, 8, 9], ""eps2"": 6, ""distance_median"": 0.5683552530483597}"
90,rflbat,rflbat_first_distance_filter,"[0, 89, 48, 47, 6, 55, 45, 27, 69, 37, 89, 48, 47, 6, 55, 45, 27, 69, 37]",[],"{""accepted_indices"": [0, 1, 2, 3, 4, 5, 6, 7, 8, 9, 1, 2, 3, 4, 5, 6, 7, 8, 9], ""eps1"": 10, ""distance_median"": 0.4841920574280607}"
90,rflbat,rflbat_cluster_filter,"[0, 89, 48, 47, 6, 55, 45, 27, 69, 37, 89, 48, 47, 6, 55, 45, 27, 69, 37]",[],"{""accepted_indices"": [0, 1, 2, 3, 4, 5, 6, 7, 8, 9, 1, 2, 3, 4, 5, 6, 7, 8, 9], ""num_clusters"": 1, ""cluster_scores"": [0.09903827826303403]}"
90,rflbat,rflbat_final_distance_filter,"[89, 48, 47, 6, 55, 45, 27, 69, 37]",[0],"{""accepted_indices"": [1, 2, 3, 4, 5, 6, 7, 8, 9, 1, 2, 3, 4, 5, 6, 7, 8, 9], ""eps2"": 6, ""distance_median"": 0.6364043116845243}"
91,rflbat,rflbat_first_distance_filter,"[1, 2, 13, 88, 6, 74, 8, 52, 89, 99, 2, 13, 88, 6, 74, 8, 52, 89, 99]",[],"{""accepted_indices"": [0, 1, 2, 3, 4, 5, 6, 7, 8, 9, 1, 2, 3, 4, 5, 6, 7, 8, 9], ""eps1"": 10, ""distance_median"": 0.23338077140708002}"
91,rflbat,rflbat_cluster_filter,"[1, 2, 13, 88, 6, 74, 8, 52, 89, 99, 2, 13, 88, 6, 74, 8, 52, 89, 99]",[],"{""accepted_indices"": [0, 1, 2, 3, 4, 5, 6, 7, 8, 9, 1, 2, 3, 4, 5, 6, 7, 8, 9], ""num_clusters"": 1, ""cluster_scores"": [0.11028107548482936]}"
91,rflbat,rflbat_final_distance_filter,"[1, 2, 13, 88, 6, 74, 8, 52, 89, 99]",[],"{""accepted_indices"": [0, 1, 2, 3, 4, 5, 6, 7, 8, 9, 1, 2, 3, 4, 5, 6, 7, 8, 9], ""eps2"": 6, ""distance_median"": 0.4647113786511397}"
92,rflbat,rflbat_first_distance_filter,"[3, 9, 73, 39, 38, 87, 14, 27, 49, 24, 9, 73, 39, 38, 87, 14, 27, 49, 24]",[],"{""accepted_indices"": [0, 1, 2, 3, 4, 5, 6, 7, 8, 9, 1, 2, 3, 4, 5, 6, 7, 8, 9], ""eps1"": 10, ""distance_median"": 0.2913431040346618}"
92,rflbat,rflbat_cluster_filter,"[3, 9, 73, 39, 38, 87, 14, 27, 49, 24, 9, 73, 39, 38, 87, 14, 27, 49, 24]",[],"{""accepted_indices"": [0, 1, 2, 3, 4, 5, 6, 7, 8, 9, 1, 2, 3, 4, 5, 6, 7, 8, 9], ""num_clusters"": 1, ""cluster_scores"": [0.15929402144687496]}"
92,rflbat,rflbat_final_distance_filter,"[3, 9, 73, 39, 38, 87, 14, 27, 49, 24]",[],"{""accepted_indices"": [0, 1, 2, 3, 4, 5, 6, 7, 8, 9, 1, 2, 3, 4, 5, 6, 7, 8, 9], ""eps2"": 6, ""distance_median"": 0.5531435081594333}"
93,rflbat,rflbat_first_distance_filter,"[0, 85, 6, 20, 49, 9, 71, 43, 2, 29, 85, 6, 20, 49, 9, 71, 43, 2, 29]",[],"{""accepted_indices"": [0, 1, 2, 3, 4, 5, 6, 7, 8, 9, 1, 2, 3, 4, 5, 6, 7, 8, 9], ""eps1"": 10, ""distance_median"": 0.5082736802517038}"
93,rflbat,rflbat_cluster_filter,"[0, 85, 6, 20, 49, 9, 71, 43, 2, 29, 85, 6, 20, 49, 9, 71, 43, 2, 29]",[],"{""accepted_indices"": [0, 1, 2, 3, 4, 5, 6, 7, 8, 9, 1, 2, 3, 4, 5, 6, 7, 8, 9], ""num_clusters"": 1, ""cluster_scores"": [0.09219064554373411]}"
93,rflbat,rflbat_final_distance_filter,"[85, 6, 20, 49, 9, 71, 43, 2, 29]",[0],"{""accepted_indices"": [1, 2, 3, 4, 5, 6, 7, 8, 9, 1, 2, 3, 4, 5, 6, 7, 8, 9], ""eps2"": 6, ""distance_median"": 0.6620598475851218}"
94,rflbat,rflbat_first_distance_filter,"[2, 14, 97, 20, 12, 35, 41, 74, 80, 92, 14, 97, 20, 12, 35, 41, 74, 80, 92]",[],"{""accepted_indices"": [0, 1, 2, 3, 4, 5, 6, 7, 8, 9, 1, 2, 3, 4, 5, 6, 7, 8, 9], ""eps1"": 10, ""distance_median"": 0.1852255913813009}"
94,rflbat,rflbat_cluster_filter,"[2, 14, 97, 20, 12, 35, 41, 74, 80, 92, 14, 97, 20, 12, 35, 41, 74, 80, 92]",[],"{""accepted_indices"": [0, 1, 2, 3, 4, 5, 6, 7, 8, 9, 1, 2, 3, 4, 5, 6, 7, 8, 9], ""num_clusters"": 1, ""cluster_scores"": [0.1322663180662563]}"
94,rflbat,rflbat_final_distance_filter,"[2, 14, 97, 20, 12, 35, 41, 74, 80, 92]",[],"{""accepted_indices"": [0, 1, 2, 3, 4, 5, 6, 7, 8, 9, 1, 2, 3, 4, 5, 6, 7, 8, 9], ""eps2"": 6, ""distance_median"": 0.3121807717609438}"
95,rflbat,rflbat_first_distance_filter,"[4, 31, 46, 29, 77, 97, 21, 67, 18, 7, 31, 46, 29, 77, 97, 21, 67, 18, 7]",[],"{""accepted_indices"": [0, 1, 2, 3, 4, 5, 6, 7, 8, 9, 1, 2, 3, 4, 5, 6, 7, 8, 9], ""eps1"": 10, ""distance_median"": 0.21062359484667184}"
95,rflbat,rflbat_cluster_filter,"[4, 31, 46, 29, 77, 97, 21, 67, 18, 7, 31, 46, 29, 77, 97, 21, 67, 18, 7]",[],"{""accepted_indices"": [0, 1, 2, 3, 4, 5, 6, 7, 8, 9, 1, 2, 3, 4, 5, 6, 7, 8, 9], ""num_clusters"": 1, ""cluster_scores"": [0.2202914249061022]}"
95,rflbat,rflbat_final_distance_filter,"[4, 31, 46, 29, 77, 97, 21, 67, 18, 7]",[],"{""accepted_indices"": [0, 1, 2, 3, 4, 5, 6, 7, 8, 9, 1, 2, 3, 4, 5, 6, 7, 8, 9], ""eps2"": 6, ""distance_median"": 0.36390030058220274}"
96,rflbat,rflbat_first_distance_filter,"[1, 95, 83, 47, 60, 52, 76, 93, 34, 62, 95, 83, 47, 60, 52, 76, 93, 34, 62]",[],"{""accepted_indices"": [0, 1, 2, 3, 4, 5, 6, 7, 8, 9, 1, 2, 3, 4, 5, 6, 7, 8, 9], ""eps1"": 10, ""distance_median"": 0.144322182682662}"
96,rflbat,rflbat_cluster_filter,"[1, 95, 83, 47, 60, 52, 76, 93, 34, 62, 95, 83, 47, 60, 52, 76, 93, 34, 62]",[],"{""accepted_indices"": [0, 1, 2, 3, 4, 5, 6, 7, 8, 9, 1, 2, 3, 4, 5, 6, 7, 8, 9], ""num_clusters"": 1, ""cluster_scores"": [0.08592527705663362]}"
96,rflbat,rflbat_final_distance_filter,"[1, 95, 83, 47, 60, 52, 76, 93, 34, 62]",[],"{""accepted_indices"": [0, 1, 2, 3, 4, 5, 6, 7, 8, 9, 1, 2, 3, 4, 5, 6, 7, 8, 9], ""eps2"": 6, ""distance_median"": 0.2847539226732418}"
97,rflbat,rflbat_first_distance_filter,"[2, 69, 82, 0, 96, 78, 46, 54, 49, 87, 69, 82, 0, 96, 78, 46, 54, 49, 87]",[],"{""accepted_indices"": [0, 1, 2, 3, 4, 5, 6, 7, 8, 9, 1, 2, 3, 4, 5, 6, 7, 8, 9], ""eps1"": 10, ""distance_median"": 0.5220844410530201}"
97,rflbat,rflbat_cluster_filter,"[2, 69, 82, 0, 96, 78, 46, 54, 49, 87, 69, 82, 0, 96, 78, 46, 54, 49, 87]",[],"{""accepted_indices"": [0, 1, 2, 3, 4, 5, 6, 7, 8, 9, 1, 2, 3, 4, 5, 6, 7, 8, 9], ""num_clusters"": 1, ""cluster_scores"": [0.1003218690779809]}"
97,rflbat,rflbat_final_distance_filter,"[2, 69, 82, 0, 96, 78, 46, 54, 49, 87]",[],"{""accepted_indices"": [0, 1, 2, 3, 4, 5, 6, 7, 8, 9, 1, 2, 3, 4, 5, 6, 7, 8, 9], ""eps2"": 6, ""distance_median"": 1.0096576065672611}"
98,rflbat,rflbat_first_distance_filter,"[0, 39, 92, 47, 55, 38, 83, 64, 56, 27, 39, 92, 47, 55, 38, 83, 64, 56, 27]",[],"{""accepted_indices"": [0, 1, 2, 3, 4, 5, 6, 7, 8, 9, 1, 2, 3, 4, 5, 6, 7, 8, 9], ""eps1"": 10, ""distance_median"": 0.42265284345789966}"
98,rflbat,rflbat_cluster_filter,"[0, 39, 92, 47, 55, 38, 83, 64, 56, 27, 39, 92, 47, 55, 38, 83, 64, 56, 27]",[],"{""accepted_indices"": [0, 1, 2, 3, 4, 5, 6, 7, 8, 9, 1, 2, 3, 4, 5, 6, 7, 8, 9], ""num_clusters"": 1, ""cluster_scores"": [0.1265404009130057]}"
98,rflbat,rflbat_final_distance_filter,"[39, 92, 47, 55, 38, 83, 64, 56, 27]",[0],"{""accepted_indices"": [1, 2, 3, 4, 5, 6, 7, 8, 9, 1, 2, 3, 4, 5, 6, 7, 8, 9], ""eps2"": 6, ""distance_median"": 0.5418867707567724}"
99,rflbat,rflbat_first_distance_filter,"[3, 61, 58, 89, 32, 71, 17, 31, 80, 37, 61, 58, 89, 32, 71, 17, 31, 80, 37]",[],"{""accepted_indices"": [0, 1, 2, 3, 4, 5, 6, 7, 8, 9, 1, 2, 3, 4, 5, 6, 7, 8, 9], ""eps1"": 10, ""distance_median"": 0.2512086510322112}"
99,rflbat,rflbat_cluster_filter,"[3, 61, 58, 89, 32, 71, 17, 31, 80, 37, 61, 58, 89, 32, 71, 17, 31, 80, 37]",[],"{""accepted_indices"": [0, 1, 2, 3, 4, 5, 6, 7, 8, 9, 1, 2, 3, 4, 5, 6, 7, 8, 9], ""num_clusters"": 1, ""cluster_scores"": [0.12405551134468623]}"
99,rflbat,rflbat_final_distance_filter,"[3, 61, 58, 89, 32, 71, 17, 31, 80, 37]",[],"{""accepted_indices"": [0, 1, 2, 3, 4, 5, 6, 7, 8, 9, 1, 2, 3, 4, 5, 6, 7, 8, 9], ""eps2"": 6, ""distance_median"": 0.47931145811451586}"
100,rflbat,rflbat_first_distance_filter,"[3, 30, 36, 18, 7, 46, 55, 70, 68, 85, 30, 36, 18, 7, 46, 55, 70, 68, 85]",[],"{""accepted_indices"": [0, 1, 2, 3, 4, 5, 6, 7, 8, 9, 1, 2, 3, 4, 5, 6, 7, 8, 9], ""eps1"": 10, ""distance_median"": 0.25453689103731525}"
100,rflbat,rflbat_cluster_filter,"[3, 30, 36, 18, 7, 46, 55, 70, 68, 85, 30, 36, 18, 7, 46, 55, 70, 68, 85]",[],"{""accepted_indices"": [0, 1, 2, 3, 4, 5, 6, 7, 8, 9, 1, 2, 3, 4, 5, 6, 7, 8, 9], ""num_clusters"": 1, ""cluster_scores"": [0.10090481469382886]}"
100,rflbat,rflbat_final_distance_filter,"[3, 30, 36, 18, 7, 46, 55, 70, 68, 85]",[],"{""accepted_indices"": [0, 1, 2, 3, 4, 5, 6, 7, 8, 9, 1, 2, 3, 4, 5, 6, 7, 8, 9], ""eps2"": 6, ""distance_median"": 0.4970675091111711}"
101,rflbat,rflbat_first_distance_filter,"[1, 79, 80, 98, 67, 84, 69, 24, 16, 81, 79, 80, 98, 67, 84, 69, 24, 16, 81]",[],"{""accepted_indices"": [0, 1, 2, 3, 4, 5, 6, 7, 8, 9, 1, 2, 3, 4, 5, 6, 7, 8, 9], ""eps1"": 10, ""distance_median"": 0.174627437132725}"
101,rflbat,rflbat_cluster_filter,"[1, 79, 80, 98, 67, 84, 69, 24, 16, 81, 79, 80, 98, 67, 84, 69, 24, 16, 81]",[],"{""accepted_indices"": [0, 1, 2, 3, 4, 5, 6, 7, 8, 9, 1, 2, 3, 4, 5, 6, 7, 8, 9], ""num_clusters"": 1, ""cluster_scores"": [0.1322009709218781]}"
101,rflbat,rflbat_final_distance_filter,"[1, 79, 80, 98, 67, 84, 69, 24, 16, 81]",[],"{""accepted_indices"": [0, 1, 2, 3, 4, 5, 6, 7, 8, 9, 1, 2, 3, 4, 5, 6, 7, 8, 9], ""eps2"": 6, ""distance_median"": 0.3704920294887213}"
102,rflbat,rflbat_first_distance_filter,"[4, 35, 22, 89, 21, 3, 5, 82, 94, 91, 35, 22, 89, 21, 3, 5, 82, 94, 91]",[],"{""accepted_indices"": [0, 1, 2, 3, 4, 5, 6, 7, 8, 9, 1, 2, 3, 4, 5, 6, 7, 8, 9], ""eps1"": 10, ""distance_median"": 0.3671818334061624}"
102,rflbat,rflbat_cluster_filter,"[4, 35, 22, 89, 21, 3, 5, 82, 94, 91, 35, 22, 89, 21, 3, 5, 82, 94, 91]",[],"{""accepted_indices"": [0, 1, 2, 3, 4, 5, 6, 7, 8, 9, 1, 2, 3, 4, 5, 6, 7, 8, 9], ""num_clusters"": 1, ""cluster_scores"": [0.14054237825896865]}"
102,rflbat,rflbat_final_distance_filter,"[4, 35, 22, 89, 21, 3, 82, 94, 91]",[5],"{""accepted_indices"": [0, 1, 2, 3, 4, 5, 7, 8, 9, 1, 2, 3, 4, 5, 7, 8, 9], ""eps2"": 6, ""distance_median"": 0.6823969635232996}"
103,rflbat,rflbat_first_distance_filter,"[3, 30, 72, 93, 5, 54, 64, 58, 81, 34, 30, 72, 93, 5, 54, 64, 58, 81, 34]",[],"{""accepted_indices"": [0, 1, 2, 3, 4, 5, 6, 7, 8, 9, 1, 2, 3, 4, 5, 6, 7, 8, 9], ""eps1"": 10, ""distance_median"": 0.42264916114774953}"
103,rflbat,rflbat_cluster_filter,"[3, 30, 72, 93, 54, 64, 58, 81, 34, 30, 72, 93, 54, 64, 58, 81, 34]",[5],"{""accepted_indices"": [0, 1, 2, 3, 5, 6, 7, 8, 9, 1, 2, 3, 5, 6, 7, 8, 9], ""num_clusters"": 2, ""cluster_scores"": [0.11596418879705545, 1.0000000000008973]}"
103,rflbat,rflbat_final_distance_filter,"[3, 30, 72, 93, 54, 64, 58, 81, 34]",[5],"{""accepted_indices"": [0, 1, 2, 3, 5, 6, 7, 8, 9, 1, 2, 3, 5, 6, 7, 8, 9], ""eps2"": 6, ""distance_median"": 0.3105989961640169}"
104,rflbat,rflbat_first_distance_filter,"[1, 73, 27, 80, 99, 44, 43, 60, 29, 14, 73, 27, 80, 99, 44, 43, 60, 29, 14]",[],"{""accepted_indices"": [0, 1, 2, 3, 4, 5, 6, 7, 8, 9, 1, 2, 3, 4, 5, 6, 7, 8, 9], ""eps1"": 10, ""distance_median"": 0.27178841040240775}"
104,rflbat,rflbat_cluster_filter,"[1, 73, 27, 80, 99, 44, 43, 60, 29, 14, 73, 27, 80, 99, 44, 43, 60, 29, 14]",[],"{""accepted_indices"": [0, 1, 2, 3, 4, 5, 6, 7, 8, 9, 1, 2, 3, 4, 5, 6, 7, 8, 9], ""num_clusters"": 1, ""cluster_scores"": [0.10778661641943069]}"
104,rflbat,rflbat_final_distance_filter,"[1, 73, 27, 80, 99, 44, 43, 60, 29, 14]",[],"{""accepted_indices"": [0, 1, 2, 3, 4, 5, 6, 7, 8, 9, 1, 2, 3, 4, 5, 6, 7, 8, 9], ""eps2"": 6, ""distance_median"": 0.5572512480577658}"
105,rflbat,rflbat_first_distance_filter,"[1, 64, 31, 84, 60, 10, 40, 83, 26, 89, 64, 31, 84, 60, 10, 40, 83, 26, 89]",[],"{""accepted_indices"": [0, 1, 2, 3, 4, 5, 6, 7, 8, 9, 1, 2, 3, 4, 5, 6, 7, 8, 9], ""eps1"": 10, ""distance_median"": 0.1700368252476584}"
105,rflbat,rflbat_cluster_filter,"[1, 64, 31, 84, 60, 10, 40, 83, 26, 89, 64, 31, 84, 60, 10, 40, 83, 26, 89]",[],"{""accepted_indices"": [0, 1, 2, 3, 4, 5, 6, 7, 8, 9, 1, 2, 3, 4, 5, 6, 7, 8, 9], ""num_clusters"": 1, ""cluster_scores"": [0.14845542566046727]}"
105,rflbat,rflbat_final_distance_filter,"[1, 64, 31, 84, 60, 10, 40, 83, 26, 89]",[],"{""accepted_indices"": [0, 1, 2, 3, 4, 5, 6, 7, 8, 9, 1, 2, 3, 4, 5, 6, 7, 8, 9], ""eps2"": 6, ""distance_median"": 0.33658171921635904}"
106,rflbat,rflbat_first_distance_filter,"[0, 66, 40, 3, 91, 32, 44, 8, 39, 42, 66, 40, 3, 91, 32, 44, 8, 39, 42]",[],"{""accepted_indices"": [0, 1, 2, 3, 4, 5, 6, 7, 8, 9, 1, 2, 3, 4, 5, 6, 7, 8, 9], ""eps1"": 10, ""distance_median"": 0.3331750430891057}"
106,rflbat,rflbat_cluster_filter,"[0, 66, 40, 3, 91, 32, 44, 8, 39, 42, 66, 40, 3, 91, 32, 44, 8, 39, 42]",[],"{""accepted_indices"": [0, 1, 2, 3, 4, 5, 6, 7, 8, 9, 1, 2, 3, 4, 5, 6, 7, 8, 9], ""num_clusters"": 1, ""cluster_scores"": [0.12529060392513217]}"
106,rflbat,rflbat_final_distance_filter,"[0, 66, 40, 3, 91, 32, 44, 8, 39, 42]",[],"{""accepted_indices"": [0, 1, 2, 3, 4, 5, 6, 7, 8, 9, 1, 2, 3, 4, 5, 6, 7, 8, 9], ""eps2"": 6, ""distance_median"": 0.5154506047516249}"
107,rflbat,rflbat_first_distance_filter,"[0, 54, 25, 36, 8, 59, 62, 77, 78, 4, 54, 25, 36, 8, 59, 62, 77, 78, 4]",[],"{""accepted_indices"": [0, 1, 2, 3, 4, 5, 6, 7, 8, 9, 1, 2, 3, 4, 5, 6, 7, 8, 9], ""eps1"": 10, ""distance_median"": 0.23406268668577748}"
107,rflbat,rflbat_cluster_filter,"[0, 54, 25, 36, 8, 59, 62, 77, 78, 4, 54, 25, 36, 8, 59, 62, 77, 78, 4]",[],"{""accepted_indices"": [0, 1, 2, 3, 4, 5, 6, 7, 8, 9, 1, 2, 3, 4, 5, 6, 7, 8, 9], ""num_clusters"": 1, ""cluster_scores"": [0.13518169243280773]}"
107,rflbat,rflbat_final_distance_filter,"[0, 54, 25, 36, 8, 59, 62, 77, 78, 4]",[],"{""accepted_indices"": [0, 1, 2, 3, 4, 5, 6, 7, 8, 9, 1, 2, 3, 4, 5, 6, 7, 8, 9], ""eps2"": 6, ""distance_median"": 0.37431805196764684}"
108,rflbat,rflbat_first_distance_filter,"[0, 45, 56, 38, 18, 23, 67, 78, 2, 1, 45, 56, 38, 18, 23, 67, 78, 2, 1]",[],"{""accepted_indices"": [0, 1, 2, 3, 4, 5, 6, 7, 8, 9, 1, 2, 3, 4, 5, 6, 7, 8, 9], ""eps1"": 10, ""distance_median"": 0.16163381905122598}"
108,rflbat,rflbat_cluster_filter,"[0, 45, 56, 38, 18, 23, 67, 78, 2, 1, 45, 56, 38, 18, 23, 67, 78, 2, 1]",[],"{""accepted_indices"": [0, 1, 2, 3, 4, 5, 6, 7, 8, 9, 1, 2, 3, 4, 5, 6, 7, 8, 9], ""num_clusters"": 1, ""cluster_scores"": [0.15391905684121127]}"
108,rflbat,rflbat_final_distance_filter,"[45, 56, 38, 18, 23, 67, 78, 2, 1]",[0],"{""accepted_indices"": [1, 2, 3, 4, 5, 6, 7, 8, 9, 1, 2, 3, 4, 5, 6, 7, 8, 9], ""eps2"": 6, ""distance_median"": 0.23149753845874785}"
109,rflbat,rflbat_first_distance_filter,"[3, 6, 45, 53, 71, 95, 97, 67, 43, 26, 6, 45, 53, 71, 95, 97, 67, 43, 26]",[],"{""accepted_indices"": [0, 1, 2, 3, 4, 5, 6, 7, 8, 9, 1, 2, 3, 4, 5, 6, 7, 8, 9], ""eps1"": 10, ""distance_median"": 0.1928851147259466}"
109,rflbat,rflbat_cluster_filter,"[3, 6, 45, 53, 71, 95, 97, 67, 43, 26, 6, 45, 53, 71, 95, 97, 67, 43, 26]",[],"{""accepted_indices"": [0, 1, 2, 3, 4, 5, 6, 7, 8, 9, 1, 2, 3, 4, 5, 6, 7, 8, 9], ""num_clusters"": 1, ""cluster_scores"": [0.1502343594500632]}"
109,rflbat,rflbat_final_distance_filter,"[3, 6, 45, 53, 71, 95, 97, 67, 43, 26]",[],"{""accepted_indices"": [0, 1, 2, 3, 4, 5, 6, 7, 8, 9, 1, 2, 3, 4, 5, 6, 7, 8, 9], ""eps2"": 6, ""distance_median"": 0.3844422727426733}"
110,rflbat,rflbat_first_distance_filter,"[0, 67, 43, 68, 4, 19, 9, 80, 17, 25, 67, 43, 68, 4, 19, 9, 80, 17, 25]",[],"{""accepted_indices"": [0, 1, 2, 3, 4, 5, 6, 7, 8, 9, 1, 2, 3, 4, 5, 6, 7, 8, 9], ""eps1"": 10, ""distance_median"": 0.3020999197846458}"
110,rflbat,rflbat_cluster_filter,"[0, 67, 43, 68, 4, 19, 9, 80, 17, 25, 67, 43, 68, 4, 19, 9, 80, 17, 25]",[],"{""accepted_indices"": [0, 1, 2, 3, 4, 5, 6, 7, 8, 9, 1, 2, 3, 4, 5, 6, 7, 8, 9], ""num_clusters"": 1, ""cluster_scores"": [0.10675163399147508]}"
110,rflbat,rflbat_final_distance_filter,"[0, 67, 43, 68, 4, 19, 9, 80, 17, 25]",[],"{""accepted_indices"": [0, 1, 2, 3, 4, 5, 6, 7, 8, 9, 1, 2, 3, 4, 5, 6, 7, 8, 9], ""eps2"": 6, ""distance_median"": 0.46450702649819325}"
111,rflbat,rflbat_first_distance_filter,"[1, 74, 80, 55, 44, 21, 0, 66, 79, 52, 74, 80, 55, 44, 21, 0, 66, 79, 52]",[],"{""accepted_indices"": [0, 1, 2, 3, 4, 5, 6, 7, 8, 9, 1, 2, 3, 4, 5, 6, 7, 8, 9], ""eps1"": 10, ""distance_median"": 0.17752952049614515}"
111,rflbat,rflbat_cluster_filter,"[1, 74, 80, 44, 21, 66, 79, 52, 74, 80, 44, 21, 66, 79, 52]","[55, 0]","{""accepted_indices"": [0, 1, 2, 4, 5, 7, 8, 9, 1, 2, 4, 5, 7, 8, 9], ""num_clusters"": 3, ""cluster_scores"": [0.1400183372734581, 1.0000000000027955, 1.00000000000108]}"
111,rflbat,rflbat_final_distance_filter,"[1, 74, 80, 44, 21, 66, 79, 52]","[55, 0]","{""accepted_indices"": [0, 1, 2, 4, 5, 7, 8, 9, 1, 2, 4, 5, 7, 8, 9], ""eps2"": 6, ""distance_median"": 0.055735555839708295}"
112,rflbat,rflbat_first_distance_filter,"[4, 95, 60, 61, 52, 36, 67, 48, 44, 56, 95, 60, 61, 52, 36, 67, 48, 44, 56]",[],"{""accepted_indices"": [0, 1, 2, 3, 4, 5, 6, 7, 8, 9, 1, 2, 3, 4, 5, 6, 7, 8, 9], ""eps1"": 10, ""distance_median"": 0.2268472162526008}"
112,rflbat,rflbat_cluster_filter,"[4, 95, 60, 61, 52, 36, 67, 48, 44, 56, 95, 60, 61, 52, 36, 67, 48, 44, 56]",[],"{""accepted_indices"": [0, 1, 2, 3, 4, 5, 6, 7, 8, 9, 1, 2, 3, 4, 5, 6, 7, 8, 9], ""num_clusters"": 1, ""cluster_scores"": [0.09700616530217059]}"
112,rflbat,rflbat_final_distance_filter,"[4, 95, 60, 61, 52, 36, 67, 48, 44, 56]",[],"{""accepted_indices"": [0, 1, 2, 3, 4, 5, 6, 7, 8, 9, 1, 2, 3, 4, 5, 6, 7, 8, 9], ""eps2"": 6, ""distance_median"": 0.4473621541741542}"
113,rflbat,rflbat_first_distance_filter,"[2, 48, 8, 9, 27, 45, 31, 92, 67, 75, 48, 8, 9, 27, 45, 31, 92, 67, 75]",[],"{""accepted_indices"": [0, 1, 2, 3, 4, 5, 6, 7, 8, 9, 1, 2, 3, 4, 5, 6, 7, 8, 9], ""eps1"": 10, ""distance_median"": 0.25548592979800067}"
113,rflbat,rflbat_cluster_filter,"[2, 48, 8, 9, 27, 45, 31, 92, 67, 75, 48, 8, 9, 27, 45, 31, 92, 67, 75]",[],"{""accepted_indices"": [0, 1, 2, 3, 4, 5, 6, 7, 8, 9, 1, 2, 3, 4, 5, 6, 7, 8, 9], ""num_clusters"": 1, ""cluster_scores"": [0.09706910455455124]}"
113,rflbat,rflbat_final_distance_filter,"[2, 48, 8, 9, 27, 45, 31, 92, 67, 75]",[],"{""accepted_indices"": [0, 1, 2, 3, 4, 5, 6, 7, 8, 9, 1, 2, 3, 4, 5, 6, 7, 8, 9], ""eps2"": 6, ""distance_median"": 0.5702922967604307}"
114,rflbat,rflbat_first_distance_filter,"[0, 12, 75, 66, 88, 19, 27, 68, 28, 82, 12, 75, 66, 88, 19, 27, 68, 28, 82]",[],"{""accepted_indices"": [0, 1, 2, 3, 4, 5, 6, 7, 8, 9, 1, 2, 3, 4, 5, 6, 7, 8, 9], ""eps1"": 10, ""distance_median"": 0.2626051758921797}"
114,rflbat,rflbat_cluster_filter,"[0, 12, 75, 66, 88, 19, 27, 68, 28, 82, 12, 75, 66, 88, 19, 27, 68, 28, 82]",[],"{""accepted_indices"": [0, 1, 2, 3, 4, 5, 6, 7, 8, 9, 1, 2, 3, 4, 5, 6, 7, 8, 9], ""num_clusters"": 1, ""cluster_scores"": [0.12268281686776321]}"
114,rflbat,rflbat_final_distance_filter,"[0, 12, 75, 66, 88, 19, 27, 68, 28, 82]",[],"{""accepted_indices"": [0, 1, 2, 3, 4, 5, 6, 7, 8, 9, 1, 2, 3, 4, 5, 6, 7, 8, 9], ""eps2"": 6, ""distance_median"": 0.43233714611904656}"
115,rflbat,rflbat_first_distance_filter,"[4, 21, 48, 7, 32, 8, 56, 31, 99, 84, 21, 48, 7, 32, 8, 56, 31, 99, 84]",[],"{""accepted_indices"": [0, 1, 2, 3, 4, 5, 6, 7, 8, 9, 1, 2, 3, 4, 5, 6, 7, 8, 9], ""eps1"": 10, ""distance_median"": 0.25191726819747845}"
115,rflbat,rflbat_cluster_filter,"[4, 21, 48, 7, 32, 8, 56, 31, 99, 84, 21, 48, 7, 32, 8, 56, 31, 99, 84]",[],"{""accepted_indices"": [0, 1, 2, 3, 4, 5, 6, 7, 8, 9, 1, 2, 3, 4, 5, 6, 7, 8, 9], ""num_clusters"": 1, ""cluster_scores"": [0.2882381006834923]}"
115,rflbat,rflbat_final_distance_filter,"[4, 21, 48, 7, 32, 8, 56, 31, 99, 84]",[],"{""accepted_indices"": [0, 1, 2, 3, 4, 5, 6, 7, 8, 9, 1, 2, 3, 4, 5, 6, 7, 8, 9], ""eps2"": 6, ""distance_median"": 0.4784482065924062}"
116,rflbat,rflbat_first_distance_filter,"[4, 16, 83, 50, 89, 63, 93, 65, 14, 24, 16, 83, 50, 89, 63, 93, 65, 14, 24]",[],"{""accepted_indices"": [0, 1, 2, 3, 4, 5, 6, 7, 8, 9, 1, 2, 3, 4, 5, 6, 7, 8, 9], ""eps1"": 10, ""distance_median"": 0.18476016206474966}"
116,rflbat,rflbat_cluster_filter,"[4, 16, 83, 50, 89, 63, 93, 65, 14, 24, 16, 83, 50, 89, 63, 93, 65, 14, 24]",[],"{""accepted_indices"": [0, 1, 2, 3, 4, 5, 6, 7, 8, 9, 1, 2, 3, 4, 5, 6, 7, 8, 9], ""num_clusters"": 1, ""cluster_scores"": [0.20559788440347912]}"
116,rflbat,rflbat_final_distance_filter,"[4, 16, 83, 50, 89, 63, 93, 65, 14, 24]",[],"{""accepted_indices"": [0, 1, 2, 3, 4, 5, 6, 7, 8, 9, 1, 2, 3, 4, 5, 6, 7, 8, 9], ""eps2"": 6, ""distance_median"": 0.36752293832484395}"
117,rflbat,rflbat_first_distance_filter,"[1, 87, 54, 75, 84, 74, 99, 30, 69, 91, 87, 54, 75, 84, 74, 99, 30, 69, 91]",[],"{""accepted_indices"": [0, 1, 2, 3, 4, 5, 6, 7, 8, 9, 1, 2, 3, 4, 5, 6, 7, 8, 9], ""eps1"": 10, ""distance_median"": 0.2721969835333411}"
117,rflbat,rflbat_cluster_filter,"[1, 87, 54, 75, 84, 74, 99, 30, 69, 91, 87, 54, 75, 84, 74, 99, 30, 69, 91]",[],"{""accepted_indices"": [0, 1, 2, 3, 4, 5, 6, 7, 8, 9, 1, 2, 3, 4, 5, 6, 7, 8, 9], ""num_clusters"": 1, ""cluster_scores"": [0.10102534903751666]}"
117,rflbat,rflbat_final_distance_filter,"[1, 87, 54, 75, 84, 74, 99, 30, 69, 91]",[],"{""accepted_indices"": [0, 1, 2, 3, 4, 5, 6, 7, 8, 9, 1, 2, 3, 4, 5, 6, 7, 8, 9], ""eps2"": 6, ""distance_median"": 0.5424161534936751}"
118,rflbat,rflbat_first_distance_filter,"[3, 0, 45, 80, 99, 96, 26, 33, 67, 11, 0, 45, 80, 99, 96, 26, 33, 67, 11]",[],"{""accepted_indices"": [0, 1, 2, 3, 4, 5, 6, 7, 8, 9, 1, 2, 3, 4, 5, 6, 7, 8, 9], ""eps1"": 10, ""distance_median"": 0.23585480435589287}"
118,rflbat,rflbat_cluster_filter,"[3, 0, 45, 80, 99, 96, 26, 33, 67, 11, 0, 45, 80, 99, 96, 26, 33, 67, 11]",[],"{""accepted_indices"": [0, 1, 2, 3, 4, 5, 6, 7, 8, 9, 1, 2, 3, 4, 5, 6, 7, 8, 9], ""num_clusters"": 1, ""cluster_scores"": [0.11510706610222253]}"
118,rflbat,rflbat_final_distance_filter,"[3, 0, 45, 80, 99, 96, 26, 33, 67, 11]",[],"{""accepted_indices"": [0, 1, 2, 3, 4, 5, 6, 7, 8, 9, 1, 2, 3, 4, 5, 6, 7, 8, 9], ""eps2"": 6, ""distance_median"": 0.46839053325610275}"
119,rflbat,rflbat_first_distance_filter,"[2, 62, 11, 58, 0, 70, 61, 74, 76, 32, 62, 11, 58, 0, 70, 61, 74, 76, 32]",[],"{""accepted_indices"": [0, 1, 2, 3, 4, 5, 6, 7, 8, 9, 1, 2, 3, 4, 5, 6, 7, 8, 9], ""eps1"": 10, ""distance_median"": 0.177895253422163}"
119,rflbat,rflbat_cluster_filter,"[2, 62, 11, 58, 0, 70, 61, 74, 76, 32, 62, 11, 58, 0, 70, 61, 74, 76, 32]",[],"{""accepted_indices"": [0, 1, 2, 3, 4, 5, 6, 7, 8, 9, 1, 2, 3, 4, 5, 6, 7, 8, 9], ""num_clusters"": 1, ""cluster_scores"": [0.11673558295326271]}"
119,rflbat,rflbat_final_distance_filter,"[2, 62, 11, 58, 0, 70, 61, 74, 76, 32]",[],"{""accepted_indices"": [0, 1, 2, 3, 4, 5, 6, 7, 8, 9, 1, 2, 3, 4, 5, 6, 7, 8, 9], ""eps2"": 6, ""distance_median"": 0.35684893241897736}"
120,rflbat,rflbat_first_distance_filter,"[2, 69, 5, 74, 38, 76, 61, 33, 19, 77, 69, 5, 74, 38, 76, 61, 33, 19, 77]",[],"{""accepted_indices"": [0, 1, 2, 3, 4, 5, 6, 7, 8, 9, 1, 2, 3, 4, 5, 6, 7, 8, 9], ""eps1"": 10, ""distance_median"": 0.09825750102649933}"
120,rflbat,rflbat_cluster_filter,"[2, 69, 5, 74, 38, 76, 61, 33, 19, 77, 69, 5, 74, 38, 76, 61, 33, 19, 77]",[],"{""accepted_indices"": [0, 1, 2, 3, 4, 5, 6, 7, 8, 9, 1, 2, 3, 4, 5, 6, 7, 8, 9], ""num_clusters"": 1, ""cluster_scores"": [0.19121139558786218]}"
120,rflbat,rflbat_final_distance_filter,"[2, 69, 5, 74, 38, 76, 61, 33, 19, 77]",[],"{""accepted_indices"": [0, 1, 2, 3, 4, 5, 6, 7, 8, 9, 1, 2, 3, 4, 5, 6, 7, 8, 9], ""eps2"": 6, ""distance_median"": 0.19207703840787724}"
121,rflbat,rflbat_first_distance_filter,"[2, 93, 89, 83, 87, 77, 74, 84, 60, 6, 93, 89, 83, 87, 77, 74, 84, 60, 6]",[],"{""accepted_indices"": [0, 1, 2, 3, 4, 5, 6, 7, 8, 9, 1, 2, 3, 4, 5, 6, 7, 8, 9], ""eps1"": 10, ""distance_median"": 0.13964801941221255}"
121,rflbat,rflbat_cluster_filter,"[2, 93, 89, 83, 87, 77, 74, 84, 60, 6, 93, 89, 83, 87, 77, 74, 84, 60, 6]",[],"{""accepted_indices"": [0, 1, 2, 3, 4, 5, 6, 7, 8, 9, 1, 2, 3, 4, 5, 6, 7, 8, 9], ""num_clusters"": 1, ""cluster_scores"": [0.2027138824594138]}"
121,rflbat,rflbat_final_distance_filter,"[2, 93, 89, 83, 87, 77, 74, 84, 60, 6]",[],"{""accepted_indices"": [0, 1, 2, 3, 4, 5, 6, 7, 8, 9, 1, 2, 3, 4, 5, 6, 7, 8, 9], ""eps2"": 6, ""distance_median"": 0.23169306305665252}"
122,rflbat,rflbat_first_distance_filter,"[0, 87, 15, 83, 40, 92, 71, 30, 44, 4, 87, 15, 83, 40, 92, 71, 30, 44, 4]",[],"{""accepted_indices"": [0, 1, 2, 3, 4, 5, 6, 7, 8, 9, 1, 2, 3, 4, 5, 6, 7, 8, 9], ""eps1"": 10, ""distance_median"": 0.18426457206883934}"
122,rflbat,rflbat_cluster_filter,"[0, 87, 15, 83, 40, 92, 71, 30, 44, 4, 87, 15, 83, 40, 92, 71, 30, 44, 4]",[],"{""accepted_indices"": [0, 1, 2, 3, 4, 5, 6, 7, 8, 9, 1, 2, 3, 4, 5, 6, 7, 8, 9], ""num_clusters"": 1, ""cluster_scores"": [0.1297923399837073]}"
122,rflbat,rflbat_final_distance_filter,"[0, 87, 15, 83, 40, 92, 71, 30, 44, 4]",[],"{""accepted_indices"": [0, 1, 2, 3, 4, 5, 6, 7, 8, 9, 1, 2, 3, 4, 5, 6, 7, 8, 9], ""eps2"": 6, ""distance_median"": 0.28006100464472966}"
123,rflbat,rflbat_first_distance_filter,"[0, 49, 64, 61, 93, 9, 66, 35, 6, 67, 49, 64, 61, 93, 9, 66, 35, 6, 67]",[],"{""accepted_indices"": [0, 1, 2, 3, 4, 5, 6, 7, 8, 9, 1, 2, 3, 4, 5, 6, 7, 8, 9], ""eps1"": 10, ""distance_median"": 0.23259663550968213}"
123,rflbat,rflbat_cluster_filter,"[0, 49, 64, 61, 93, 9, 66, 35, 6, 67, 49, 64, 61, 93, 9, 66, 35, 6, 67]",[],"{""accepted_indices"": [0, 1, 2, 3, 4, 5, 6, 7, 8, 9, 1, 2, 3, 4, 5, 6, 7, 8, 9], ""num_clusters"": 1, ""cluster_scores"": [0.15839632476599563]}"
123,rflbat,rflbat_final_distance_filter,"[0, 49, 64, 61, 93, 9, 66, 35, 6, 67]",[],"{""accepted_indices"": [0, 1, 2, 3, 4, 5, 6, 7, 8, 9, 1, 2, 3, 4, 5, 6, 7, 8, 9], ""eps2"": 6, ""distance_median"": 0.3957286801486313}"
124,rflbat,rflbat_first_distance_filter,"[0, 37, 25, 89, 77, 52, 29, 93, 98, 26, 37, 25, 89, 77, 52, 29, 93, 98, 26]",[],"{""accepted_indices"": [0, 1, 2, 3, 4, 5, 6, 7, 8, 9, 1, 2, 3, 4, 5, 6, 7, 8, 9], ""eps1"": 10, ""distance_median"": 0.3140434427649448}"
124,rflbat,rflbat_cluster_filter,"[0, 37, 25, 89, 77, 52, 29, 93, 98, 26, 37, 25, 89, 77, 52, 29, 93, 98, 26]",[],"{""accepted_indices"": [0, 1, 2, 3, 4, 5, 6, 7, 8, 9, 1, 2, 3, 4, 5, 6, 7, 8, 9], ""num_clusters"": 1, ""cluster_scores"": [0.1520508657338688]}"
124,rflbat,rflbat_final_distance_filter,"[0, 37, 25, 89, 77, 52, 29, 93, 98]",[26],"{""accepted_indices"": [0, 1, 2, 3, 4, 5, 6, 7, 8, 1, 2, 3, 4, 5, 6, 7, 8], ""eps2"": 6, ""distance_median"": 0.5404642947285836}"
125,rflbat,rflbat_first_distance_filter,"[3, 31, 59, 81, 36, 29, 10, 44, 7, 83, 31, 59, 81, 36, 29, 10, 44, 7, 83]",[],"{""accepted_indices"": [0, 1, 2, 3, 4, 5, 6, 7, 8, 9, 1, 2, 3, 4, 5, 6, 7, 8, 9], ""eps1"": 10, ""distance_median"": 0.22759014344415693}"
125,rflbat,rflbat_cluster_filter,"[3, 59, 36, 29, 44, 7, 83, 59, 36, 29, 44, 7, 83]","[31, 81, 10]","{""accepted_indices"": [0, 2, 4, 5, 7, 8, 9, 2, 4, 5, 7, 8, 9], ""num_clusters"": 4, ""cluster_scores"": [0.1606062647987496, 1.0000000000020606, 1.0000000000027616, 1.000000000000516]}"
125,rflbat,rflbat_final_distance_filter,"[3, 59, 36, 29, 44, 7, 83]","[31, 81, 10]","{""accepted_indices"": [0, 2, 4, 5, 7, 8, 9, 2, 4, 5, 7, 8, 9], ""eps2"": 6, ""distance_median"": 0.026387978047814294}"
126,rflbat,rflbat_first_distance_filter,"[2, 64, 33, 19, 18, 76, 90, 0, 50, 11, 64, 33, 19, 18, 76, 90, 0, 50, 11]",[],"{""accepted_indices"": [0, 1, 2, 3, 4, 5, 6, 7, 8, 9, 1, 2, 3, 4, 5, 6, 7, 8, 9], ""eps1"": 10, ""distance_median"": 0.1700359454031256}"
126,rflbat,rflbat_cluster_filter,"[2, 64, 33, 19, 18, 76, 90, 0, 50, 11, 64, 33, 19, 18, 76, 90, 0, 50, 11]",[],"{""accepted_indices"": [0, 1, 2, 3, 4, 5, 6, 7, 8, 9, 1, 2, 3, 4, 5, 6, 7, 8, 9], ""num_clusters"": 1, ""cluster_scores"": [0.10294990568245445]}"
126,rflbat,rflbat_final_distance_filter,"[2, 64, 33, 19, 18, 76, 90, 0, 50, 11]",[],"{""accepted_indices"": [0, 1, 2, 3, 4, 5, 6, 7, 8, 9, 1, 2, 3, 4, 5, 6, 7, 8, 9], ""eps2"": 6, ""distance_median"": 0.33424350039665596}"
127,rflbat,rflbat_first_distance_filter,"[1, 38, 75, 66, 11, 17, 83, 56, 29, 79, 38, 75, 66, 11, 17, 83, 56, 29, 79]",[],"{""accepted_indices"": [0, 1, 2, 3, 4, 5, 6, 7, 8, 9, 1, 2, 3, 4, 5, 6, 7, 8, 9], ""eps1"": 10, ""distance_median"": 0.1697994951814145}"
127,rflbat,rflbat_cluster_filter,"[1, 38, 83, 56, 29, 79, 38, 83, 56, 29, 79]","[75, 66, 11, 17]","{""accepted_indices"": [0, 1, 6, 7, 8, 9, 1, 6, 7, 8, 9], ""num_clusters"": 3, ""cluster_scores"": [0.23121931016915856, 0.731884416353943, 1.0000000000019191]}"
127,rflbat,rflbat_final_distance_filter,"[1, 38, 83, 56, 29, 79]","[75, 66, 11, 17]","{""accepted_indices"": [0, 1, 6, 7, 8, 9, 1, 6, 7, 8, 9], ""eps2"": 6, ""distance_median"": 0.03568136869106885}"
128,rflbat,rflbat_first_distance_filter,"[1, 20, 35, 59, 21, 12, 95, 61, 71, 7, 20, 35, 59, 21, 12, 95, 61, 71, 7]",[],"{""accepted_indices"": [0, 1, 2, 3, 4, 5, 6, 7, 8, 9, 1, 2, 3, 4, 5, 6, 7, 8, 9], ""eps1"": 10, ""distance_median"": 0.14696319455608503}"
128,rflbat,rflbat_cluster_filter,"[1, 20, 35, 59, 21, 12, 95, 61, 71, 7, 20, 35, 59, 21, 12, 95, 61, 71, 7]",[],"{""accepted_indices"": [0, 1, 2, 3, 4, 5, 6, 7, 8, 9, 1, 2, 3, 4, 5, 6, 7, 8, 9], ""num_clusters"": 1, ""cluster_scores"": [0.1497624414304208]}"
128,rflbat,rflbat_final_distance_filter,"[1, 20, 35, 59, 21, 12, 95, 61, 71, 7]",[],"{""accepted_indices"": [0, 1, 2, 3, 4, 5, 6, 7, 8, 9, 1, 2, 3, 4, 5, 6, 7, 8, 9], ""eps2"": 6, ""distance_median"": 0.2923732240074835}"
129,rflbat,rflbat_first_distance_filter,"[1, 88, 18, 39, 55, 65, 96, 84, 52, 42, 88, 18, 39, 55, 65, 96, 84, 52, 42]",[],"{""accepted_indices"": [0, 1, 2, 3, 4, 5, 6, 7, 8, 9, 1, 2, 3, 4, 5, 6, 7, 8, 9], ""eps1"": 10, ""distance_median"": 0.291626171990366}"
129,rflbat,rflbat_cluster_filter,"[1, 88, 18, 39, 55, 65, 96, 84, 52, 42, 88, 18, 39, 55, 65, 96, 84, 52, 42]",[],"{""accepted_indices"": [0, 1, 2, 3, 4, 5, 6, 7, 8, 9, 1, 2, 3, 4, 5, 6, 7, 8, 9], ""num_clusters"": 1, ""cluster_scores"": [0.1279299763851989]}"
129,rflbat,rflbat_final_distance_filter,"[1, 88, 18, 39, 55, 65, 96, 84, 52, 42]",[],"{""accepted_indices"": [0, 1, 2, 3, 4, 5, 6, 7, 8, 9, 1, 2, 3, 4, 5, 6, 7, 8, 9], ""eps2"": 6, ""distance_median"": 0.5787012970553345}"
130,rflbat,rflbat_first_distance_filter,"[3, 8, 46, 92, 22, 14, 86, 62, 21, 39, 8, 46, 92, 22, 14, 86, 62, 21, 39]",[],"{""accepted_indices"": [0, 1, 2, 3, 4, 5, 6, 7, 8, 9, 1, 2, 3, 4, 5, 6, 7, 8, 9], ""eps1"": 10, ""distance_median"": 0.15564941156848935}"
130,rflbat,rflbat_cluster_filter,"[3, 8, 46, 92, 22, 14, 86, 62, 21, 39, 8, 46, 92, 22, 14, 86, 62, 21, 39]",[],"{""accepted_indices"": [0, 1, 2, 3, 4, 5, 6, 7, 8, 9, 1, 2, 3, 4, 5, 6, 7, 8, 9], ""num_clusters"": 1, ""cluster_scores"": [0.11806806420611195]}"
130,rflbat,rflbat_final_distance_filter,"[3, 8, 46, 92, 22, 14, 86, 62, 21, 39]",[],"{""accepted_indices"": [0, 1, 2, 3, 4, 5, 6, 7, 8, 9, 1, 2, 3, 4, 5, 6, 7, 8, 9], ""eps2"": 6, ""distance_median"": 0.2828491594658134}"
131,rflbat,rflbat_first_distance_filter,"[2, 69, 24, 75, 17, 77, 47, 1, 21, 94, 69, 24, 75, 17, 77, 47, 1, 21, 94]",[],"{""accepted_indices"": [0, 1, 2, 3, 4, 5, 6, 7, 8, 9, 1, 2, 3, 4, 5, 6, 7, 8, 9], ""eps1"": 10, ""distance_median"": 0.17433332148188835}"
131,rflbat,rflbat_cluster_filter,"[2, 24, 75, 17, 77, 1, 21, 94, 24, 75, 17, 77, 1, 21, 94]","[69, 47]","{""accepted_indices"": [0, 2, 3, 4, 5, 7, 8, 9, 2, 3, 4, 5, 7, 8, 9], ""num_clusters"": 3, ""cluster_scores"": [0.15832106828910197, 1.000000000001655, 1.0000000000013474]}"
131,rflbat,rflbat_final_distance_filter,"[2, 24, 75, 17, 77, 1, 21, 94]","[69, 47]","{""accepted_indices"": [0, 2, 3, 4, 5, 7, 8, 9, 2, 3, 4, 5, 7, 8, 9], ""eps2"": 6, ""distance_median"": 0.11829576975236983}"
132,rflbat,rflbat_first_distance_filter,"[0, 33, 30, 54, 57, 64, 53, 26, 24, 35, 33, 30, 54, 57, 64, 53, 26, 24, 35]",[],"{""accepted_indices"": [0, 1, 2, 3, 4, 5, 6, 7, 8, 9, 1, 2, 3, 4, 5, 6, 7, 8, 9], ""eps1"": 10, ""distance_median"": 0.2559543202333433}"
132,rflbat,rflbat_cluster_filter,"[0, 33, 30, 57, 64, 53, 26, 24, 35, 33, 30, 57, 64, 53, 26, 24, 35]",[54],"{""accepted_indices"": [0, 1, 2, 4, 5, 6, 7, 8, 9, 1, 2, 4, 5, 6, 7, 8, 9], ""num_clusters"": 2, ""cluster_scores"": [0.10952355215499757, 1.0000000000026226]}"
132,rflbat,rflbat_final_distance_filter,"[0, 33, 30, 57, 64, 53, 26, 24, 35]",[54],"{""accepted_indices"": [0, 1, 2, 4, 5, 6, 7, 8, 9, 1, 2, 4, 5, 6, 7, 8, 9], ""eps2"": 6, ""distance_median"": 0.2529098078974498}"
133,rflbat,rflbat_first_distance_filter,"[1, 66, 14, 46, 8, 37, 40, 63, 31, 30, 66, 14, 46, 8, 37, 40, 63, 31, 30]",[],"{""accepted_indices"": [0, 1, 2, 3, 4, 5, 6, 7, 8, 9, 1, 2, 3, 4, 5, 6, 7, 8, 9], ""eps1"": 10, ""distance_median"": 0.24139704415265173}"
133,rflbat,rflbat_cluster_filter,"[1, 66, 14, 46, 8, 37, 40, 63, 31, 30, 66, 14, 46, 8, 37, 40, 63, 31, 30]",[],"{""accepted_indices"": [0, 1, 2, 3, 4, 5, 6, 7, 8, 9, 1, 2, 3, 4, 5, 6, 7, 8, 9], ""num_clusters"": 1, ""cluster_scores"": [0.08799087233464035]}"
133,rflbat,rflbat_final_distance_filter,"[1, 66, 14, 46, 8, 37, 40, 63, 31, 30]",[],"{""accepted_indices"": [0, 1, 2, 3, 4, 5, 6, 7, 8, 9, 1, 2, 3, 4, 5, 6, 7, 8, 9], ""eps2"": 6, ""distance_median"": 0.4952423453914789}"
134,rflbat,rflbat_first_distance_filter,"[0, 78, 39, 74, 40, 21, 14, 83, 2, 16, 78, 39, 74, 40, 21, 14, 83, 2, 16]",[],"{""accepted_indices"": [0, 1, 2, 3, 4, 5, 6, 7, 8, 9, 1, 2, 3, 4, 5, 6, 7, 8, 9], ""eps1"": 10, ""distance_median"": 0.11170261116306021}"
134,rflbat,rflbat_cluster_filter,"[0, 78, 39, 74, 40, 21, 14, 83, 2, 16, 78, 39, 74, 40, 21, 14, 83, 2, 16]",[],"{""accepted_indices"": [0, 1, 2, 3, 4, 5, 6, 7, 8, 9, 1, 2, 3, 4, 5, 6, 7, 8, 9], ""num_clusters"": 1, ""cluster_scores"": [0.1113582681494476]}"
134,rflbat,rflbat_final_distance_filter,"[78, 39, 74, 40, 21, 14, 83, 2, 16]",[0],"{""accepted_indices"": [1, 2, 3, 4, 5, 6, 7, 8, 9, 1, 2, 3, 4, 5, 6, 7, 8, 9], ""eps2"": 6, ""distance_median"": 0.16166443473419617}"
135,rflbat,rflbat_first_distance_filter,"[4, 44, 96, 33, 18, 19, 95, 49, 55, 37, 44, 96, 33, 18, 19, 95, 49, 55, 37]",[],"{""accepted_indices"": [0, 1, 2, 3, 4, 5, 6, 7, 8, 9, 1, 2, 3, 4, 5, 6, 7, 8, 9], ""eps1"": 10, ""distance_median"": 0.24122210269465033}"
135,rflbat,rflbat_cluster_filter,"[4, 44, 33, 18, 19, 49, 55, 37, 44, 33, 18, 19, 49, 55, 37]","[96, 95]","{""accepted_indices"": [0, 1, 3, 4, 5, 7, 8, 9, 1, 3, 4, 5, 7, 8, 9], ""num_clusters"": 3, ""cluster_scores"": [0.11263221812577433, 1.000000000003223, 1.000000000000968]}"
135,rflbat,rflbat_final_distance_filter,"[4, 44, 33, 18, 19, 49, 55, 37]","[96, 95]","{""accepted_indices"": [0, 1, 3, 4, 5, 7, 8, 9, 1, 3, 4, 5, 7, 8, 9], ""eps2"": 6, ""distance_median"": 0.042655791050064354}"
136,rflbat,rflbat_first_distance_filter,"[3, 88, 43, 72, 45, 37, 50, 44, 27, 62, 88, 43, 72, 45, 37, 50, 44, 27, 62]",[],"{""accepted_indices"": [0, 1, 2, 3, 4, 5, 6, 7, 8, 9, 1, 2, 3, 4, 5, 6, 7, 8, 9], ""eps1"": 10, ""distance_median"": 0.15917742974931576}"
136,rflbat,rflbat_cluster_filter,"[3, 88, 43, 72, 45, 37, 50, 44, 27, 62, 88, 43, 72, 45, 37, 50, 44, 27, 62]",[],"{""accepted_indices"": [0, 1, 2, 3, 4, 5, 6, 7, 8, 9, 1, 2, 3, 4, 5, 6, 7, 8, 9], ""num_clusters"": 1, ""cluster_scores"": [0.12295879085487553]}"
136,rflbat,rflbat_final_distance_filter,"[3, 88, 43, 72, 45, 37, 50, 44, 27, 62]",[],"{""accepted_indices"": [0, 1, 2, 3, 4, 5, 6, 7, 8, 9, 1, 2, 3, 4, 5, 6, 7, 8, 9], ""eps2"": 6, ""distance_median"": 0.3126740449197419}"
137,rflbat,rflbat_first_distance_filter,"[0, 50, 48, 55, 89, 68, 45, 73, 17, 75, 50, 48, 55, 89, 68, 45, 73, 17, 75]",[],"{""accepted_indices"": [0, 1, 2, 3, 4, 5, 6, 7, 8, 9, 1, 2, 3, 4, 5, 6, 7, 8, 9], ""eps1"": 10, ""distance_median"": 0.3379575844579939}"
137,rflbat,rflbat_cluster_filter,"[0, 50, 48, 55, 89, 68, 45, 73, 17, 75, 50, 48, 55, 89, 68, 45, 73, 17, 75]",[],"{""accepted_indices"": [0, 1, 2, 3, 4, 5, 6, 7, 8, 9, 1, 2, 3, 4, 5, 6, 7, 8, 9], ""num_clusters"": 1, ""cluster_scores"": [0.11305498213007914]}"
137,rflbat,rflbat_final_distance_filter,"[0, 50, 48, 55, 89, 68, 45, 73, 17, 75]",[],"{""accepted_indices"": [0, 1, 2, 3, 4, 5, 6, 7, 8, 9, 1, 2, 3, 4, 5, 6, 7, 8, 9], ""eps2"": 6, ""distance_median"": 0.612094583604553}"
138,rflbat,rflbat_first_distance_filter,"[4, 78, 56, 12, 61, 10, 19, 14, 15, 82, 78, 56, 12, 61, 10, 19, 14, 15, 82]",[],"{""accepted_indices"": [0, 1, 2, 3, 4, 5, 6, 7, 8, 9, 1, 2, 3, 4, 5, 6, 7, 8, 9], ""eps1"": 10, ""distance_median"": 0.18732040270364553}"
138,rflbat,rflbat_cluster_filter,"[4, 78, 56, 12, 61, 10, 19, 14, 15, 82, 78, 56, 12, 61, 10, 19, 14, 15, 82]",[],"{""accepted_indices"": [0, 1, 2, 3, 4, 5, 6, 7, 8, 9, 1, 2, 3, 4, 5, 6, 7, 8, 9], ""num_clusters"": 1, ""cluster_scores"": [0.12843007626046296]}"
138,rflbat,rflbat_final_distance_filter,"[4, 78, 56, 12, 61, 10, 19, 14, 15, 82]",[],"{""accepted_indices"": [0, 1, 2, 3, 4, 5, 6, 7, 8, 9, 1, 2, 3, 4, 5, 6, 7, 8, 9], ""eps2"": 6, ""distance_median"": 0.368409997935839}"
139,rflbat,rflbat_first_distance_filter,"[4, 30, 6, 14, 89, 45, 76, 52, 25, 88, 30, 6, 14, 89, 45, 76, 52, 25, 88]",[],"{""accepted_indices"": [0, 1, 2, 3, 4, 5, 6, 7, 8, 9, 1, 2, 3, 4, 5, 6, 7, 8, 9], ""eps1"": 10, ""distance_median"": 0.17626470981115921}"
139,rflbat,rflbat_cluster_filter,"[4, 30, 6, 14, 89, 45, 76, 52, 25, 88, 30, 6, 14, 89, 45, 76, 52, 25, 88]",[],"{""accepted_indices"": [0, 1, 2, 3, 4, 5, 6, 7, 8, 9, 1, 2, 3, 4, 5, 6, 7, 8, 9], ""num_clusters"": 1, ""cluster_scores"": [0.13590253827694915]}"
139,rflbat,rflbat_final_distance_filter,"[4, 30, 6, 14, 89, 45, 76, 52, 25, 88]",[],"{""accepted_indices"": [0, 1, 2, 3, 4, 5, 6, 7, 8, 9, 1, 2, 3, 4, 5, 6, 7, 8, 9], ""eps2"": 6, ""distance_median"": 0.3407167286407756}"
140,rflbat,rflbat_first_distance_filter,"[0, 10, 27, 82, 43, 50, 97, 18, 17, 55, 10, 27, 82, 43, 50, 97, 18, 17, 55]",[],"{""accepted_indices"": [0, 1, 2, 3, 4, 5, 6, 7, 8, 9, 1, 2, 3, 4, 5, 6, 7, 8, 9], ""eps1"": 10, ""distance_median"": 0.231417568979209}"
140,rflbat,rflbat_cluster_filter,"[0, 27, 82, 43, 50, 97, 18, 17, 55, 27, 82, 43, 50, 97, 18, 17, 55]",[10],"{""accepted_indices"": [0, 2, 3, 4, 5, 6, 7, 8, 9, 2, 3, 4, 5, 6, 7, 8, 9], ""num_clusters"": 2, ""cluster_scores"": [0.13538252592439592, 1.0000000000025664]}"
140,rflbat,rflbat_final_distance_filter,"[0, 27, 82, 43, 50, 97, 18, 17, 55]",[10],"{""accepted_indices"": [0, 2, 3, 4, 5, 6, 7, 8, 9, 2, 3, 4, 5, 6, 7, 8, 9], ""eps2"": 6, ""distance_median"": 0.24049046525350282}"
141,rflbat,rflbat_first_distance_filter,"[3, 30, 8, 51, 47, 4, 73, 54, 59, 55, 30, 8, 51, 47, 4, 73, 54, 59, 55]",[],"{""accepted_indices"": [0, 1, 2, 3, 4, 5, 6, 7, 8, 9, 1, 2, 3, 4, 5, 6, 7, 8, 9], ""eps1"": 10, ""distance_median"": 0.32834516444512185}"
141,rflbat,rflbat_cluster_filter,"[3, 30, 8, 51, 47, 4, 73, 54, 59, 55, 30, 8, 51, 47, 4, 73, 54, 59, 55]",[],"{""accepted_indices"": [0, 1, 2, 3, 4, 5, 6, 7, 8, 9, 1, 2, 3, 4, 5, 6, 7, 8, 9], ""num_clusters"": 1, ""cluster_scores"": [0.07711543484985121]}"
141,rflbat,rflbat_final_distance_filter,"[3, 30, 8, 51, 47, 4, 73, 54, 59, 55]",[],"{""accepted_indices"": [0, 1, 2, 3, 4, 5, 6, 7, 8, 9, 1, 2, 3, 4, 5, 6, 7, 8, 9], ""eps2"": 6, ""distance_median"": 0.6604719926294278}"
142,rflbat,rflbat_first_distance_filter,"[0, 96, 16, 1, 26, 33, 64, 48, 90, 46, 96, 16, 1, 26, 33, 64, 48, 90, 46]",[],"{""accepted_indices"": [0, 1, 2, 3, 4, 5, 6, 7, 8, 9, 1, 2, 3, 4, 5, 6, 7, 8, 9], ""eps1"": 10, ""distance_median"": 0.18869758668946873}"
142,rflbat,rflbat_cluster_filter,"[0, 96, 16, 1, 26, 33, 64, 48, 90, 46, 96, 16, 1, 26, 33, 64, 48, 90, 46]",[],"{""accepted_indices"": [0, 1, 2, 3, 4, 5, 6, 7, 8, 9, 1, 2, 3, 4, 5, 6, 7, 8, 9], ""num_clusters"": 1, ""cluster_scores"": [0.14830170183086744]}"
142,rflbat,rflbat_final_distance_filter,"[0, 96, 16, 1, 26, 33, 64, 48, 90, 46]",[],"{""accepted_indices"": [0, 1, 2, 3, 4, 5, 6, 7, 8, 9, 1, 2, 3, 4, 5, 6, 7, 8, 9], ""eps2"": 6, ""distance_median"": 0.30947189758430294}"
143,rflbat,rflbat_first_distance_filter,"[2, 70, 47, 32, 69, 58, 63, 79, 80, 49, 70, 47, 32, 69, 58, 63, 79, 80, 49]",[],"{""accepted_indices"": [0, 1, 2, 3, 4, 5, 6, 7, 8, 9, 1, 2, 3, 4, 5, 6, 7, 8, 9], ""eps1"": 10, ""distance_median"": 0.1725676062806809}"
143,rflbat,rflbat_cluster_filter,"[2, 70, 47, 32, 69, 58, 63, 79, 80, 49, 70, 47, 32, 69, 58, 63, 79, 80, 49]",[],"{""accepted_indices"": [0, 1, 2, 3, 4, 5, 6, 7, 8, 9, 1, 2, 3, 4, 5, 6, 7, 8, 9], ""num_clusters"": 1, ""cluster_scores"": [0.11197219032695782]}"
143,rflbat,rflbat_final_distance_filter,"[2, 70, 47, 32, 69, 58, 63, 79, 80, 49]",[],"{""accepted_indices"": [0, 1, 2, 3, 4, 5, 6, 7, 8, 9, 1, 2, 3, 4, 5, 6, 7, 8, 9], ""eps2"": 6, ""distance_median"": 0.3472976609713377}"
144,rflbat,rflbat_first_distance_filter,"[0, 2, 45, 31, 92, 63, 75, 83, 7, 40, 2, 45, 31, 92, 63, 75, 83, 7, 40]",[],"{""accepted_indices"": [0, 1, 2, 3, 4, 5, 6, 7, 8, 9, 1, 2, 3, 4, 5, 6, 7, 8, 9], ""eps1"": 10, ""distance_median"": 0.2051708963147929}"
144,rflbat,rflbat_cluster_filter,"[0, 2, 45, 31, 92, 63, 75, 83, 7, 40, 2, 45, 31, 92, 63, 75, 83, 7, 40]",[],"{""accepted_indices"": [0, 1, 2, 3, 4, 5, 6, 7, 8, 9, 1, 2, 3, 4, 5, 6, 7, 8, 9], ""num_clusters"": 1, ""cluster_scores"": [0.09113887062335609]}"
144,rflbat,rflbat_final_distance_filter,"[0, 2, 45, 31, 92, 63, 75, 83, 7, 40]",[],"{""accepted_indices"": [0, 1, 2, 3, 4, 5, 6, 7, 8, 9, 1, 2, 3, 4, 5, 6, 7, 8, 9], ""eps2"": 6, ""distance_median"": 0.34050309887555574}"
145,rflbat,rflbat_first_distance_filter,"[3, 31, 13, 6, 32, 52, 70, 0, 94, 38, 31, 13, 6, 32, 52, 70, 0, 94, 38]",[],"{""accepted_indices"": [0, 1, 2, 3, 4, 5, 6, 7, 8, 9, 1, 2, 3, 4, 5, 6, 7, 8, 9], ""eps1"": 10, ""distance_median"": 0.19385045395509148}"
145,rflbat,rflbat_cluster_filter,"[3, 31, 13, 6, 32, 52, 70, 0, 94, 38, 31, 13, 6, 32, 52, 70, 0, 94, 38]",[],"{""accepted_indices"": [0, 1, 2, 3, 4, 5, 6, 7, 8, 9, 1, 2, 3, 4, 5, 6, 7, 8, 9], ""num_clusters"": 1, ""cluster_scores"": [0.13029074668909524]}"
145,rflbat,rflbat_final_distance_filter,"[3, 31, 13, 6, 32, 52, 70, 0, 94, 38]",[],"{""accepted_indices"": [0, 1, 2, 3, 4, 5, 6, 7, 8, 9, 1, 2, 3, 4, 5, 6, 7, 8, 9], ""eps2"": 6, ""distance_median"": 0.38250036645039387}"
146,rflbat,rflbat_first_distance_filter,"[2, 84, 81, 3, 78, 97, 88, 7, 6, 52, 84, 81, 3, 78, 97, 88, 7, 6, 52]",[],"{""accepted_indices"": [0, 1, 2, 3, 4, 5, 6, 7, 8, 9, 1, 2, 3, 4, 5, 6, 7, 8, 9], ""eps1"": 10, ""distance_median"": 0.18608325339354495}"
146,rflbat,rflbat_cluster_filter,"[2, 84, 81, 3, 78, 97, 88, 7, 6, 52, 84, 81, 3, 78, 97, 88, 7, 6, 52]",[],"{""accepted_indices"": [0, 1, 2, 3, 4, 5, 6, 7, 8, 9, 1, 2, 3, 4, 5, 6, 7, 8, 9], ""num_clusters"": 1, ""cluster_scores"": [0.1540906953634261]}"
146,rflbat,rflbat_final_distance_filter,"[2, 84, 81, 3, 78, 97, 88, 7, 6, 52]",[],"{""accepted_indices"": [0, 1, 2, 3, 4, 5, 6, 7, 8, 9, 1, 2, 3, 4, 5, 6, 7, 8, 9], ""eps2"": 6, ""distance_median"": 0.3704374126481167}"
147,rflbat,rflbat_first_distance_filter,"[1, 21, 13, 8, 39, 40, 74, 10, 96, 26, 21, 13, 8, 39, 40, 74, 10, 96, 26]",[],"{""accepted_indices"": [0, 1, 2, 3, 4, 5, 6, 7, 8, 9, 1, 2, 3, 4, 5, 6, 7, 8, 9], ""eps1"": 10, ""distance_median"": 0.37154741099192995}"
147,rflbat,rflbat_cluster_filter,"[1, 21, 13, 8, 39, 40, 74, 10, 96, 26, 21, 13, 8, 39, 40, 74, 10, 96, 26]",[],"{""accepted_indices"": [0, 1, 2, 3, 4, 5, 6, 7, 8, 9, 1, 2, 3, 4, 5, 6, 7, 8, 9], ""num_clusters"": 1, ""cluster_scores"": [0.11686892680150472]}"
147,rflbat,rflbat_final_distance_filter,"[1, 21, 13, 8, 39, 40, 74, 10, 96, 26]",[],"{""accepted_indices"": [0, 1, 2, 3, 4, 5, 6, 7, 8, 9, 1, 2, 3, 4, 5, 6, 7, 8, 9], ""eps2"": 6, ""distance_median"": 0.7350474765996454}"
148,rflbat,rflbat_first_distance_filter,"[1, 68, 34, 78, 19, 52, 15, 96, 83, 35, 68, 34, 78, 19, 52, 15, 96, 83, 35]",[],"{""accepted_indices"": [0, 1, 2, 3, 4, 5, 6, 7, 8, 9, 1, 2, 3, 4, 5, 6, 7, 8, 9], ""eps1"": 10, ""distance_median"": 0.1371626724266511}"
148,rflbat,rflbat_cluster_filter,"[1, 68, 34, 78, 19, 52, 15, 96, 83, 35, 68, 34, 78, 19, 52, 15, 96, 83, 35]",[],"{""accepted_indices"": [0, 1, 2, 3, 4, 5, 6, 7, 8, 9, 1, 2, 3, 4, 5, 6, 7, 8, 9], ""num_clusters"": 1, ""cluster_scores"": [0.11366476399603667]}"
148,rflbat,rflbat_final_distance_filter,"[1, 68, 34, 78, 19, 52, 15, 96, 83, 35]",[],"{""accepted_indices"": [0, 1, 2, 3, 4, 5, 6, 7, 8, 9, 1, 2, 3, 4, 5, 6, 7, 8, 9], ""eps2"": 6, ""distance_median"": 0.2863572405978436}"
149,rflbat,rflbat_first_distance_filter,"[4, 74, 72, 97, 80, 27, 7, 56, 19, 79, 74, 72, 97, 80, 27, 7, 56, 19, 79]",[],"{""accepted_indices"": [0, 1, 2, 3, 4, 5, 6, 7, 8, 9, 1, 2, 3, 4, 5, 6, 7, 8, 9], ""eps1"": 10, ""distance_median"": 0.13435360268802293}"
149,rflbat,rflbat_cluster_filter,"[4, 74, 72, 7, 19, 79, 74, 72, 7, 19, 79]","[97, 80, 27, 56]","{""accepted_indices"": [0, 1, 2, 6, 8, 9, 1, 2, 6, 8, 9], ""num_clusters"": 3, ""cluster_scores"": [0.2576871812145417, 1.0000000000014164, 0.31539472772504]}"
149,rflbat,rflbat_final_distance_filter,"[4, 74, 72, 7, 19, 79]","[97, 80, 27, 56]","{""accepted_indices"": [0, 1, 2, 6, 8, 9, 1, 2, 6, 8, 9], ""eps2"": 6, ""distance_median"": 0.06801574326815794}"
150,rflbat,rflbat_first_distance_filter,"[3, 4, 84, 82, 64, 39, 31, 2, 44, 25, 4, 84, 82, 64, 39, 31, 2, 44, 25]",[],"{""accepted_indices"": [0, 1, 2, 3, 4, 5, 6, 7, 8, 9, 1, 2, 3, 4, 5, 6, 7, 8, 9], ""eps1"": 10, ""distance_median"": 0.2001769684045102}"
150,rflbat,rflbat_cluster_filter,"[3, 4, 84, 82, 64, 39, 2, 44, 25, 4, 84, 82, 64, 39, 2, 44, 25]",[31],"{""accepted_indices"": [0, 1, 2, 3, 4, 5, 7, 8, 9, 1, 2, 3, 4, 5, 7, 8, 9], ""num_clusters"": 2, ""cluster_scores"": [0.12169830025337254, 1.0000000000016114]}"
150,rflbat,rflbat_final_distance_filter,"[3, 4, 84, 82, 64, 39, 2, 44, 25]",[31],"{""accepted_indices"": [0, 1, 2, 3, 4, 5, 7, 8, 9, 1, 2, 3, 4, 5, 7, 8, 9], ""eps2"": 6, ""distance_median"": 0.13468793606964613}"
151,rflbat,rflbat_first_distance_filter,"[1, 19, 64, 40, 15, 26, 49, 30, 10, 36, 19, 64, 40, 15, 26, 49, 30, 10, 36]",[],"{""accepted_indices"": [0, 1, 2, 3, 4, 5, 6, 7, 8, 9, 1, 2, 3, 4, 5, 6, 7, 8, 9], ""eps1"": 10, ""distance_median"": 0.30152169481498126}"
151,rflbat,rflbat_cluster_filter,"[1, 19, 64, 40, 15, 26, 49, 30, 10, 36, 19, 64, 40, 15, 26, 49, 30, 10, 36]",[],"{""accepted_indices"": [0, 1, 2, 3, 4, 5, 6, 7, 8, 9, 1, 2, 3, 4, 5, 6, 7, 8, 9], ""num_clusters"": 1, ""cluster_scores"": [0.10120708460575029]}"
151,rflbat,rflbat_final_distance_filter,"[1, 19, 64, 40, 15, 26, 49, 30, 10, 36]",[],"{""accepted_indices"": [0, 1, 2, 3, 4, 5, 6, 7, 8, 9, 1, 2, 3, 4, 5, 6, 7, 8, 9], ""eps2"": 6, ""distance_median"": 0.6008147903139172}"
152,rflbat,rflbat_first_distance_filter,"[2, 11, 52, 5, 60, 56, 37, 47, 48, 86, 11, 52, 5, 60, 56, 37, 47, 48, 86]",[],"{""accepted_indices"": [0, 1, 2, 3, 4, 5, 6, 7, 8, 9, 1, 2, 3, 4, 5, 6, 7, 8, 9], ""eps1"": 10, ""distance_median"": 0.4027061658089053}"
152,rflbat,rflbat_cluster_filter,"[2, 11, 52, 5, 60, 56, 37, 47, 48, 86, 11, 52, 5, 60, 56, 37, 47, 48, 86]",[],"{""accepted_indices"": [0, 1, 2, 3, 4, 5, 6, 7, 8, 9, 1, 2, 3, 4, 5, 6, 7, 8, 9], ""num_clusters"": 1, ""cluster_scores"": [0.10806962232226631]}"
152,rflbat,rflbat_final_distance_filter,"[2, 11, 52, 5, 60, 56, 37, 47, 48, 86]",[],"{""accepted_indices"": [0, 1, 2, 3, 4, 5, 6, 7, 8, 9, 1, 2, 3, 4, 5, 6, 7, 8, 9], ""eps2"": 6, ""distance_median"": 0.8183443167355074}"
153,rflbat,rflbat_first_distance_filter,"[3, 73, 59, 96, 24, 41, 52, 83, 86, 64, 73, 59, 96, 24, 41, 52, 83, 86, 64]",[],"{""accepted_indices"": [0, 1, 2, 3, 4, 5, 6, 7, 8, 9, 1, 2, 3, 4, 5, 6, 7, 8, 9], ""eps1"": 10, ""distance_median"": 0.2661610150865827}"
153,rflbat,rflbat_cluster_filter,"[3, 73, 59, 96, 24, 41, 52, 83, 86, 64, 73, 59, 96, 24, 41, 52, 83, 86, 64]",[],"{""accepted_indices"": [0, 1, 2, 3, 4, 5, 6, 7, 8, 9, 1, 2, 3, 4, 5, 6, 7, 8, 9], ""num_clusters"": 1, ""cluster_scores"": [0.12735689470692985]}"
153,rflbat,rflbat_final_distance_filter,"[3, 73, 59, 96, 24, 41, 52, 83, 86, 64]",[],"{""accepted_indices"": [0, 1, 2, 3, 4, 5, 6, 7, 8, 9, 1, 2, 3, 4, 5, 6, 7, 8, 9], ""eps2"": 6, ""distance_median"": 0.5253082485744897}"
154,rflbat,rflbat_first_distance_filter,"[1, 24, 51, 23, 61, 21, 49, 11, 7, 90, 24, 51, 23, 61, 21, 49, 11, 7, 90]",[],"{""accepted_indices"": [0, 1, 2, 3, 4, 5, 6, 7, 8, 9, 1, 2, 3, 4, 5, 6, 7, 8, 9], ""eps1"": 10, ""distance_median"": 0.15849007629941025}"
154,rflbat,rflbat_cluster_filter,"[1, 24, 51, 23, 61, 21, 49, 11, 7, 90, 24, 51, 23, 61, 21, 49, 11, 7, 90]",[],"{""accepted_indices"": [0, 1, 2, 3, 4, 5, 6, 7, 8, 9, 1, 2, 3, 4, 5, 6, 7, 8, 9], ""num_clusters"": 1, ""cluster_scores"": [0.13905886404765908]}"
154,rflbat,rflbat_final_distance_filter,"[1, 24, 51, 23, 61, 21, 49, 11, 7, 90]",[],"{""accepted_indices"": [0, 1, 2, 3, 4, 5, 6, 7, 8, 9, 1, 2, 3, 4, 5, 6, 7, 8, 9], ""eps2"": 6, ""distance_median"": 0.3157458811684225}"
155,rflbat,rflbat_first_distance_filter,"[3, 95, 98, 6, 52, 96, 27, 90, 34, 9, 95, 98, 6, 52, 96, 27, 90, 34, 9]",[],"{""accepted_indices"": [0, 1, 2, 3, 4, 5, 6, 7, 8, 9, 1, 2, 3, 4, 5, 6, 7, 8, 9], ""eps1"": 10, ""distance_median"": 0.15914620361331921}"
155,rflbat,rflbat_cluster_filter,"[3, 95, 98, 6, 52, 96, 27, 90, 34, 9, 95, 98, 6, 52, 96, 27, 90, 34, 9]",[],"{""accepted_indices"": [0, 1, 2, 3, 4, 5, 6, 7, 8, 9, 1, 2, 3, 4, 5, 6, 7, 8, 9], ""num_clusters"": 1, ""cluster_scores"": [0.08765976011850898]}"
155,rflbat,rflbat_final_distance_filter,"[3, 95, 98, 6, 52, 96, 27, 90, 34, 9]",[],"{""accepted_indices"": [0, 1, 2, 3, 4, 5, 6, 7, 8, 9, 1, 2, 3, 4, 5, 6, 7, 8, 9], ""eps2"": 6, ""distance_median"": 0.3168110992965518}"
156,rflbat,rflbat_first_distance_filter,"[4, 60, 16, 81, 6, 58, 85, 95, 90, 27, 60, 16, 81, 6, 58, 85, 95, 90, 27]",[],"{""accepted_indices"": [0, 1, 2, 3, 4, 5, 6, 7, 8, 9, 1, 2, 3, 4, 5, 6, 7, 8, 9], ""eps1"": 10, ""distance_median"": 0.1805741330750466}"
156,rflbat,rflbat_cluster_filter,"[4, 60, 16, 81, 6, 58, 85, 95, 90, 27, 60, 16, 81, 6, 58, 85, 95, 90, 27]",[],"{""accepted_indices"": [0, 1, 2, 3, 4, 5, 6, 7, 8, 9, 1, 2, 3, 4, 5, 6, 7, 8, 9], ""num_clusters"": 1, ""cluster_scores"": [0.11483489966127255]}"
156,rflbat,rflbat_final_distance_filter,"[4, 60, 16, 81, 6, 58, 85, 95, 90, 27]",[],"{""accepted_indices"": [0, 1, 2, 3, 4, 5, 6, 7, 8, 9, 1, 2, 3, 4, 5, 6, 7, 8, 9], ""eps2"": 6, ""distance_median"": 0.35164114498867094}"
157,rflbat,rflbat_first_distance_filter,"[0, 33, 57, 81, 1, 24, 30, 72, 14, 79, 33, 57, 81, 1, 24, 30, 72, 14, 79]",[],"{""accepted_indices"": [0, 1, 2, 3, 4, 5, 6, 7, 8, 9, 1, 2, 3, 4, 5, 6, 7, 8, 9], ""eps1"": 10, ""distance_median"": 0.265776415278751}"
157,rflbat,rflbat_cluster_filter,"[0, 33, 57, 81, 1, 24, 30, 72, 14, 79, 33, 57, 81, 1, 24, 30, 72, 14, 79]",[],"{""accepted_indices"": [0, 1, 2, 3, 4, 5, 6, 7, 8, 9, 1, 2, 3, 4, 5, 6, 7, 8, 9], ""num_clusters"": 1, ""cluster_scores"": [0.10329315508568027]}"
157,rflbat,rflbat_final_distance_filter,"[0, 33, 57, 81, 1, 24, 72, 14, 79]",[30],"{""accepted_indices"": [0, 1, 2, 3, 4, 5, 7, 8, 9, 1, 2, 3, 4, 5, 7, 8, 9], ""eps2"": 6, ""distance_median"": 0.44238975152548454}"
158,rflbat,rflbat_first_distance_filter,"[4, 98, 51, 17, 81, 85, 31, 13, 50, 49, 98, 51, 17, 81, 85, 31, 13, 50, 49]",[],"{""accepted_indices"": [0, 1, 2, 3, 4, 5, 6, 7, 8, 9, 1, 2, 3, 4, 5, 6, 7, 8, 9], ""eps1"": 10, ""distance_median"": 0.22266246710540252}"
158,rflbat,rflbat_cluster_filter,"[4, 98, 51, 17, 81, 85, 31, 13, 50, 49, 98, 51, 17, 81, 85, 31, 13, 50, 49]",[],"{""accepted_indices"": [0, 1, 2, 3, 4, 5, 6, 7, 8, 9, 1, 2, 3, 4, 5, 6, 7, 8, 9], ""num_clusters"": 1, ""cluster_scores"": [0.1289604260522218]}"
158,rflbat,rflbat_final_distance_filter,"[4, 98, 51, 17, 81, 85, 31, 13, 50, 49]",[],"{""accepted_indices"": [0, 1, 2, 3, 4, 5, 6, 7, 8, 9, 1, 2, 3, 4, 5, 6, 7, 8, 9], ""eps2"": 6, ""distance_median"": 0.4301346884341378}"
159,rflbat,rflbat_first_distance_filter,"[4, 36, 59, 46, 83, 53, 67, 47, 39, 52, 36, 59, 46, 83, 53, 67, 47, 39, 52]",[],"{""accepted_indices"": [0, 1, 2, 3, 4, 5, 6, 7, 8, 9, 1, 2, 3, 4, 5, 6, 7, 8, 9], ""eps1"": 10, ""distance_median"": 0.2048790060187481}"
159,rflbat,rflbat_cluster_filter,"[4, 36, 59, 46, 83, 53, 67, 47, 39, 52, 36, 59, 46, 83, 53, 67, 47, 39, 52]",[],"{""accepted_indices"": [0, 1, 2, 3, 4, 5, 6, 7, 8, 9, 1, 2, 3, 4, 5, 6, 7, 8, 9], ""num_clusters"": 1, ""cluster_scores"": [0.18083591453416437]}"
159,rflbat,rflbat_final_distance_filter,"[4, 36, 59, 46, 83, 53, 67, 47, 39, 52]",[],"{""accepted_indices"": [0, 1, 2, 3, 4, 5, 6, 7, 8, 9, 1, 2, 3, 4, 5, 6, 7, 8, 9], ""eps2"": 6, ""distance_median"": 0.3268014904381096}"
160,rflbat,rflbat_first_distance_filter,"[2, 86, 51, 25, 74, 63, 23, 13, 87, 91, 86, 51, 25, 74, 63, 23, 13, 87, 91]",[],"{""accepted_indices"": [0, 1, 2, 3, 4, 5, 6, 7, 8, 9, 1, 2, 3, 4, 5, 6, 7, 8, 9], ""eps1"": 10, ""distance_median"": 0.14159359546339312}"
160,rflbat,rflbat_cluster_filter,"[2, 86, 51, 25, 74, 63, 23, 13, 87, 91, 86, 51, 25, 74, 63, 23, 13, 87, 91]",[],"{""accepted_indices"": [0, 1, 2, 3, 4, 5, 6, 7, 8, 9, 1, 2, 3, 4, 5, 6, 7, 8, 9], ""num_clusters"": 1, ""cluster_scores"": [0.1174383654564994]}"
160,rflbat,rflbat_final_distance_filter,"[2, 86, 51, 25, 74, 63, 23, 13, 87, 91]",[],"{""accepted_indices"": [0, 1, 2, 3, 4, 5, 6, 7, 8, 9, 1, 2, 3, 4, 5, 6, 7, 8, 9], ""eps2"": 6, ""distance_median"": 0.2758242034378104}"
161,rflbat,rflbat_first_distance_filter,"[2, 19, 17, 25, 65, 26, 7, 61, 24, 15, 19, 17, 25, 65, 26, 7, 61, 24, 15]",[],"{""accepted_indices"": [0, 1, 2, 3, 4, 5, 6, 7, 8, 9, 1, 2, 3, 4, 5, 6, 7, 8, 9], ""eps1"": 10, ""distance_median"": 0.1810739961091458}"
161,rflbat,rflbat_cluster_filter,"[2, 19, 17, 25, 65, 26, 7, 61, 24, 15, 19, 17, 25, 65, 26, 7, 61, 24, 15]",[],"{""accepted_indices"": [0, 1, 2, 3, 4, 5, 6, 7, 8, 9, 1, 2, 3, 4, 5, 6, 7, 8, 9], ""num_clusters"": 1, ""cluster_scores"": [0.12968815582125204]}"
161,rflbat,rflbat_final_distance_filter,"[2, 19, 17, 25, 65, 26, 7, 61, 24, 15]",[],"{""accepted_indices"": [0, 1, 2, 3, 4, 5, 6, 7, 8, 9, 1, 2, 3, 4, 5, 6, 7, 8, 9], ""eps2"": 6, ""distance_median"": 0.35691054430479024}"
162,rflbat,rflbat_first_distance_filter,"[4, 5, 36, 29, 81, 68, 2, 43, 32, 0, 5, 36, 29, 81, 68, 2, 43, 32, 0]",[],"{""accepted_indices"": [0, 1, 2, 3, 4, 5, 6, 7, 8, 9, 1, 2, 3, 4, 5, 6, 7, 8, 9], ""eps1"": 10, ""distance_median"": 0.2477744845585561}"
162,rflbat,rflbat_cluster_filter,"[4, 5, 36, 29, 81, 68, 2, 43, 32, 0, 5, 36, 29, 81, 68, 2, 43, 32, 0]",[],"{""accepted_indices"": [0, 1, 2, 3, 4, 5, 6, 7, 8, 9, 1, 2, 3, 4, 5, 6, 7, 8, 9], ""num_clusters"": 1, ""cluster_scores"": [0.1167216588042455]}"
162,rflbat,rflbat_final_distance_filter,"[4, 5, 36, 29, 81, 68, 2, 43, 32, 0]",[],"{""accepted_indices"": [0, 1, 2, 3, 4, 5, 6, 7, 8, 9, 1, 2, 3, 4, 5, 6, 7, 8, 9], ""eps2"": 6, ""distance_median"": 0.5091693433806751}"
163,rflbat,rflbat_first_distance_filter,"[4, 27, 7, 10, 63, 90, 8, 46, 71, 78, 27, 7, 10, 63, 90, 8, 46, 71, 78]",[],"{""accepted_indices"": [0, 1, 2, 3, 4, 5, 6, 7, 8, 9, 1, 2, 3, 4, 5, 6, 7, 8, 9], ""eps1"": 10, ""distance_median"": 0.32697249334426404}"
163,rflbat,rflbat_cluster_filter,"[4, 27, 7, 10, 63, 90, 8, 46, 71, 78, 27, 7, 10, 63, 90, 8, 46, 71, 78]",[],"{""accepted_indices"": [0, 1, 2, 3, 4, 5, 6, 7, 8, 9, 1, 2, 3, 4, 5, 6, 7, 8, 9], ""num_clusters"": 1, ""cluster_scores"": [0.1027655645614212]}"
163,rflbat,rflbat_final_distance_filter,"[4, 27, 7, 10, 63, 90, 8, 46, 71, 78]",[],"{""accepted_indices"": [0, 1, 2, 3, 4, 5, 6, 7, 8, 9, 1, 2, 3, 4, 5, 6, 7, 8, 9], ""eps2"": 6, ""distance_median"": 0.7251039557628135}"
164,rflbat,rflbat_first_distance_filter,"[1, 61, 75, 28, 45, 59, 83, 78, 72, 66, 61, 75, 28, 45, 59, 83, 78, 72, 66]",[],"{""accepted_indices"": [0, 1, 2, 3, 4, 5, 6, 7, 8, 9, 1, 2, 3, 4, 5, 6, 7, 8, 9], ""eps1"": 10, ""distance_median"": 0.15297607082289355}"
164,rflbat,rflbat_cluster_filter,"[1, 61, 75, 28, 45, 59, 83, 78, 72, 66, 61, 75, 28, 45, 59, 83, 78, 72, 66]",[],"{""accepted_indices"": [0, 1, 2, 3, 4, 5, 6, 7, 8, 9, 1, 2, 3, 4, 5, 6, 7, 8, 9], ""num_clusters"": 1, ""cluster_scores"": [0.16017674096915105]}"
164,rflbat,rflbat_final_distance_filter,"[1, 61, 75, 28, 45, 59, 83, 78, 72, 66]",[],"{""accepted_indices"": [0, 1, 2, 3, 4, 5, 6, 7, 8, 9, 1, 2, 3, 4, 5, 6, 7, 8, 9], ""eps2"": 6, ""distance_median"": 0.3151941356928598}"
165,rflbat,rflbat_first_distance_filter,"[1, 58, 73, 25, 46, 40, 50, 7, 75, 72, 58, 73, 25, 46, 40, 50, 7, 75, 72]",[],"{""accepted_indices"": [0, 1, 2, 3, 4, 5, 6, 7, 8, 9, 1, 2, 3, 4, 5, 6, 7, 8, 9], ""eps1"": 10, ""distance_median"": 0.2404900315116682}"
165,rflbat,rflbat_cluster_filter,"[1, 58, 73, 25, 46, 40, 50, 7, 75, 72, 58, 73, 25, 46, 40, 50, 7, 75, 72]",[],"{""accepted_indices"": [0, 1, 2, 3, 4, 5, 6, 7, 8, 9, 1, 2, 3, 4, 5, 6, 7, 8, 9], ""num_clusters"": 1, ""cluster_scores"": [0.10930420028203737]}"
165,rflbat,rflbat_final_distance_filter,"[1, 58, 73, 25, 46, 40, 50, 7, 75, 72]",[],"{""accepted_indices"": [0, 1, 2, 3, 4, 5, 6, 7, 8, 9, 1, 2, 3, 4, 5, 6, 7, 8, 9], ""eps2"": 6, ""distance_median"": 0.49076501353822294}"
166,rflbat,rflbat_first_distance_filter,"[0, 67, 49, 18, 28, 37, 69, 46, 40, 29, 67, 49, 18, 28, 37, 69, 46, 40, 29]",[],"{""accepted_indices"": [0, 1, 2, 3, 4, 5, 6, 7, 8, 9, 1, 2, 3, 4, 5, 6, 7, 8, 9], ""eps1"": 10, ""distance_median"": 0.1878995562068117}"
166,rflbat,rflbat_cluster_filter,"[67, 49, 18, 28, 37, 46, 40, 29, 67, 49, 18, 28, 37, 46, 40, 29]","[0, 69]","{""accepted_indices"": [1, 2, 3, 4, 5, 7, 8, 9, 1, 2, 3, 4, 5, 7, 8, 9], ""num_clusters"": 2, ""cluster_scores"": [0.7103402869740264, 0.22917132464115414]}"
166,rflbat,rflbat_final_distance_filter,"[67, 49, 18, 28, 37, 46, 40, 29]","[0, 69]","{""accepted_indices"": [1, 2, 3, 4, 5, 7, 8, 9, 1, 2, 3, 4, 5, 7, 8, 9], ""eps2"": 6, ""distance_median"": 0.20816190162672193}"
167,rflbat,rflbat_first_distance_filter,"[1, 72, 87, 96, 48, 16, 21, 63, 25, 23, 72, 87, 96, 48, 16, 21, 63, 25, 23]",[],"{""accepted_indices"": [0, 1, 2, 3, 4, 5, 6, 7, 8, 9, 1, 2, 3, 4, 5, 6, 7, 8, 9], ""eps1"": 10, ""distance_median"": 0.1502836953678758}"
167,rflbat,rflbat_cluster_filter,"[1, 72, 87, 96, 16, 21, 63, 25, 23, 72, 87, 96, 16, 21, 63, 25, 23]",[48],"{""accepted_indices"": [0, 1, 2, 3, 5, 6, 7, 8, 9, 1, 2, 3, 5, 6, 7, 8, 9], ""num_clusters"": 2, ""cluster_scores"": [0.13208326615102908, 1.000000000002414]}"
167,rflbat,rflbat_final_distance_filter,"[1, 72, 87, 96, 16, 21, 63, 25, 23]",[48],"{""accepted_indices"": [0, 1, 2, 3, 5, 6, 7, 8, 9, 1, 2, 3, 5, 6, 7, 8, 9], ""eps2"": 6, ""distance_median"": 0.1132119470124892}"
168,rflbat,rflbat_first_distance_filter,"[3, 89, 84, 17, 32, 16, 9, 35, 72, 12, 89, 84, 17, 32, 16, 9, 35, 72, 12]",[],"{""accepted_indices"": [0, 1, 2, 3, 4, 5, 6, 7, 8, 9, 1, 2, 3, 4, 5, 6, 7, 8, 9], ""eps1"": 10, ""distance_median"": 0.12817999841928435}"
168,rflbat,rflbat_cluster_filter,"[3, 89, 84, 17, 32, 16, 9, 35, 72, 12, 89, 84, 17, 32, 16, 9, 35, 72, 12]",[],"{""accepted_indices"": [0, 1, 2, 3, 4, 5, 6, 7, 8, 9, 1, 2, 3, 4, 5, 6, 7, 8, 9], ""num_clusters"": 1, ""cluster_scores"": [0.11910776551208324]}"
168,rflbat,rflbat_final_distance_filter,"[3, 89, 84, 17, 32, 16, 9, 35, 72, 12]",[],"{""accepted_indices"": [0, 1, 2, 3, 4, 5, 6, 7, 8, 9, 1, 2, 3, 4, 5, 6, 7, 8, 9], ""eps2"": 6, ""distance_median"": 0.2558051443038589}"
169,rflbat,rflbat_first_distance_filter,"[1, 86, 89, 95, 60, 85, 17, 6, 32, 75, 86, 89, 95, 60, 85, 17, 6, 32, 75]",[],"{""accepted_indices"": [0, 1, 2, 3, 4, 5, 6, 7, 8, 9, 1, 2, 3, 4, 5, 6, 7, 8, 9], ""eps1"": 10, ""distance_median"": 0.19647452844073487}"
169,rflbat,rflbat_cluster_filter,"[1, 86, 89, 95, 60, 85, 17, 6, 32, 75, 86, 89, 95, 60, 85, 17, 6, 32, 75]",[],"{""accepted_indices"": [0, 1, 2, 3, 4, 5, 6, 7, 8, 9, 1, 2, 3, 4, 5, 6, 7, 8, 9], ""num_clusters"": 1, ""cluster_scores"": [0.09183415190893145]}"
169,rflbat,rflbat_final_distance_filter,"[1, 86, 89, 95, 60, 85, 17, 6, 32, 75]",[],"{""accepted_indices"": [0, 1, 2, 3, 4, 5, 6, 7, 8, 9, 1, 2, 3, 4, 5, 6, 7, 8, 9], ""eps2"": 6, ""distance_median"": 0.38882837214404503}"
170,rflbat,rflbat_first_distance_filter,"[3, 63, 15, 62, 51, 47, 31, 20, 33, 25, 63, 15, 62, 51, 47, 31, 20, 33, 25]",[],"{""accepted_indices"": [0, 1, 2, 3, 4, 5, 6, 7, 8, 9, 1, 2, 3, 4, 5, 6, 7, 8, 9], ""eps1"": 10, ""distance_median"": 0.2586486096218194}"
170,rflbat,rflbat_cluster_filter,"[3, 63, 15, 62, 51, 47, 20, 33, 25, 63, 15, 62, 51, 47, 20, 33, 25]",[31],"{""accepted_indices"": [0, 1, 2, 3, 4, 5, 7, 8, 9, 1, 2, 3, 4, 5, 7, 8, 9], ""num_clusters"": 2, ""cluster_scores"": [0.136435367207016, 1.0000000000029807]}"
170,rflbat,rflbat_final_distance_filter,"[3, 63, 15, 62, 51, 47, 20, 33, 25]",[31],"{""accepted_indices"": [0, 1, 2, 3, 4, 5, 7, 8, 9, 1, 2, 3, 4, 5, 7, 8, 9], ""eps2"": 6, ""distance_median"": 0.18529233583743868}"
171,rflbat,rflbat_first_distance_filter,"[0, 59, 22, 14, 93, 11, 38, 31, 71, 85, 59, 22, 14, 93, 11, 38, 31, 71, 85]",[],"{""accepted_indices"": [0, 1, 2, 3, 4, 5, 6, 7, 8, 9, 1, 2, 3, 4, 5, 6, 7, 8, 9], ""eps1"": 10, ""distance_median"": 0.21992890390063946}"
171,rflbat,rflbat_cluster_filter,"[0, 59, 22, 14, 93, 11, 38, 31, 71, 85, 59, 22, 14, 93, 11, 38, 31, 71, 85]",[],"{""accepted_indices"": [0, 1, 2, 3, 4, 5, 6, 7, 8, 9, 1, 2, 3, 4, 5, 6, 7, 8, 9], ""num_clusters"": 1, ""cluster_scores"": [0.18572082275022087]}"
171,rflbat,rflbat_final_distance_filter,"[0, 59, 22, 14, 93, 11, 38, 31, 71, 85]",[],"{""accepted_indices"": [0, 1, 2, 3, 4, 5, 6, 7, 8, 9, 1, 2, 3, 4, 5, 6, 7, 8, 9], ""eps2"": 6, ""distance_median"": 0.3708647468316166}"
172,rflbat,rflbat_first_distance_filter,"[0, 93, 23, 12, 78, 41, 29, 79, 97, 82, 93, 23, 12, 78, 41, 29, 79, 97, 82]",[],"{""accepted_indices"": [0, 1, 2, 3, 4, 5, 6, 7, 8, 9, 1, 2, 3, 4, 5, 6, 7, 8, 9], ""eps1"": 10, ""distance_median"": 0.21409578275259214}"
172,rflbat,rflbat_cluster_filter,"[0, 93, 23, 12, 78, 41, 29, 79, 97, 82, 93, 23, 12, 78, 41, 29, 79, 97, 82]",[],"{""accepted_indices"": [0, 1, 2, 3, 4, 5, 6, 7, 8, 9, 1, 2, 3, 4, 5, 6, 7, 8, 9], ""num_clusters"": 1, ""cluster_scores"": [0.13050385070241252]}"
172,rflbat,rflbat_final_distance_filter,"[0, 93, 23, 12, 78, 41, 29, 79, 97, 82]",[],"{""accepted_indices"": [0, 1, 2, 3, 4, 5, 6, 7, 8, 9, 1, 2, 3, 4, 5, 6, 7, 8, 9], ""eps2"": 6, ""distance_median"": 0.34190439738746586}"
173,rflbat,rflbat_first_distance_filter,"[2, 31, 9, 69, 65, 32, 33, 70, 8, 49, 31, 9, 69, 65, 32, 33, 70, 8, 49]",[],"{""accepted_indices"": [0, 1, 2, 3, 4, 5, 6, 7, 8, 9, 1, 2, 3, 4, 5, 6, 7, 8, 9], ""eps1"": 10, ""distance_median"": 0.2612125559258052}"
173,rflbat,rflbat_cluster_filter,"[2, 31, 9, 69, 65, 32, 33, 70, 8, 49, 31, 9, 69, 65, 32, 33, 70, 8, 49]",[],"{""accepted_indices"": [0, 1, 2, 3, 4, 5, 6, 7, 8, 9, 1, 2, 3, 4, 5, 6, 7, 8, 9], ""num_clusters"": 1, ""cluster_scores"": [0.11376817485886596]}"
173,rflbat,rflbat_final_distance_filter,"[2, 31, 9, 69, 65, 32, 33, 70, 8, 49]",[],"{""accepted_indices"": [0, 1, 2, 3, 4, 5, 6, 7, 8, 9, 1, 2, 3, 4, 5, 6, 7, 8, 9], ""eps2"": 6, ""distance_median"": 0.5224467854897462}"
174,rflbat,rflbat_first_distance_filter,"[0, 89, 97, 70, 37, 10, 91, 82, 98, 77, 89, 97, 70, 37, 10, 91, 82, 98, 77]",[],"{""accepted_indices"": [0, 1, 2, 3, 4, 5, 6, 7, 8, 9, 1, 2, 3, 4, 5, 6, 7, 8, 9], ""eps1"": 10, ""distance_median"": 0.22461091608892486}"
174,rflbat,rflbat_cluster_filter,"[0, 89, 97, 70, 37, 10, 91, 82, 98, 77, 89, 97, 70, 37, 10, 91, 82, 98, 77]",[],"{""accepted_indices"": [0, 1, 2, 3, 4, 5, 6, 7, 8, 9, 1, 2, 3, 4, 5, 6, 7, 8, 9], ""num_clusters"": 1, ""cluster_scores"": [0.12177691434211939]}"
174,rflbat,rflbat_final_distance_filter,"[0, 89, 97, 70, 37, 10, 91, 82, 98, 77]",[],"{""accepted_indices"": [0, 1, 2, 3, 4, 5, 6, 7, 8, 9, 1, 2, 3, 4, 5, 6, 7, 8, 9], ""eps2"": 6, ""distance_median"": 0.35891437245771557}"
175,rflbat,rflbat_first_distance_filter,"[3, 4, 38, 9, 20, 81, 94, 55, 52, 47, 4, 38, 9, 20, 81, 94, 55, 52, 47]",[],"{""accepted_indices"": [0, 1, 2, 3, 4, 5, 6, 7, 8, 9, 1, 2, 3, 4, 5, 6, 7, 8, 9], ""eps1"": 10, ""distance_median"": 0.14819773393898472}"
175,rflbat,rflbat_cluster_filter,"[3, 4, 38, 9, 20, 81, 94, 55, 52, 47, 4, 38, 9, 20, 81, 94, 55, 52, 47]",[],"{""accepted_indices"": [0, 1, 2, 3, 4, 5, 6, 7, 8, 9, 1, 2, 3, 4, 5, 6, 7, 8, 9], ""num_clusters"": 1, ""cluster_scores"": [0.09828823203824949]}"
175,rflbat,rflbat_final_distance_filter,"[3, 4, 38, 9, 20, 81, 94, 55, 52, 47]",[],"{""accepted_indices"": [0, 1, 2, 3, 4, 5, 6, 7, 8, 9, 1, 2, 3, 4, 5, 6, 7, 8, 9], ""eps2"": 6, ""distance_median"": 0.2537056245328915}"
176,rflbat,rflbat_first_distance_filter,"[2, 52, 37, 23, 12, 68, 28, 90, 83, 64, 52, 37, 23, 12, 68, 28, 90, 83, 64]",[],"{""accepted_indices"": [0, 1, 2, 3, 4, 5, 6, 7, 8, 9, 1, 2, 3, 4, 5, 6, 7, 8, 9], ""eps1"": 10, ""distance_median"": 0.0911093636477027}"
176,rflbat,rflbat_cluster_filter,"[2, 52, 37, 23, 12, 68, 28, 90, 83, 64, 52, 37, 23, 12, 68, 28, 90, 83, 64]",[],"{""accepted_indices"": [0, 1, 2, 3, 4, 5, 6, 7, 8, 9, 1, 2, 3, 4, 5, 6, 7, 8, 9], ""num_clusters"": 1, ""cluster_scores"": [0.1379141891387085]}"
176,rflbat,rflbat_final_distance_filter,"[2, 52, 37, 23, 12, 68, 28, 90, 83, 64]",[],"{""accepted_indices"": [0, 1, 2, 3, 4, 5, 6, 7, 8, 9, 1, 2, 3, 4, 5, 6, 7, 8, 9], ""eps2"": 6, ""distance_median"": 0.16942010906493712}"
177,rflbat,rflbat_first_distance_filter,"[1, 8, 9, 91, 62, 45, 16, 15, 40, 28, 8, 9, 91, 62, 45, 16, 15, 40, 28]",[],"{""accepted_indices"": [0, 1, 2, 3, 4, 5, 6, 7, 8, 9, 1, 2, 3, 4, 5, 6, 7, 8, 9], ""eps1"": 10, ""distance_median"": 0.12574355475665405}"
177,rflbat,rflbat_cluster_filter,"[1, 8, 9, 91, 62, 45, 16, 15, 40, 28, 8, 9, 91, 62, 45, 16, 15, 40, 28]",[],"{""accepted_indices"": [0, 1, 2, 3, 4, 5, 6, 7, 8, 9, 1, 2, 3, 4, 5, 6, 7, 8, 9], ""num_clusters"": 1, ""cluster_scores"": [0.12347497159578602]}"
177,rflbat,rflbat_final_distance_filter,"[1, 8, 9, 91, 62, 45, 16, 15, 40, 28]",[],"{""accepted_indices"": [0, 1, 2, 3, 4, 5, 6, 7, 8, 9, 1, 2, 3, 4, 5, 6, 7, 8, 9], ""eps2"": 6, ""distance_median"": 0.25087581191929537}"
178,rflbat,rflbat_first_distance_filter,"[2, 18, 34, 94, 55, 37, 8, 97, 92, 72, 18, 34, 94, 55, 37, 8, 97, 92, 72]",[],"{""accepted_indices"": [0, 1, 2, 3, 4, 5, 6, 7, 8, 9, 1, 2, 3, 4, 5, 6, 7, 8, 9], ""eps1"": 10, ""distance_median"": 0.13731364989760908}"
178,rflbat,rflbat_cluster_filter,"[2, 18, 34, 94, 55, 37, 8, 92, 72, 18, 34, 94, 55, 37, 8, 92, 72]",[97],"{""accepted_indices"": [0, 1, 2, 3, 4, 5, 6, 8, 9, 1, 2, 3, 4, 5, 6, 8, 9], ""num_clusters"": 2, ""cluster_scores"": [1.00000000000139, 0.10516635519899538]}"
178,rflbat,rflbat_final_distance_filter,"[2, 18, 34, 94, 55, 37, 8, 92, 72]",[97],"{""accepted_indices"": [0, 1, 2, 3, 4, 5, 6, 8, 9, 1, 2, 3, 4, 5, 6, 8, 9], ""eps2"": 6, ""distance_median"": 0.15959105272744345}"
179,rflbat,rflbat_first_distance_filter,"[3, 71, 10, 32, 33, 96, 0, 9, 29, 35, 71, 10, 32, 33, 96, 0, 9, 29, 35]",[],"{""accepted_indices"": [0, 1, 2, 3, 4, 5, 6, 7, 8, 9, 1, 2, 3, 4, 5, 6, 7, 8, 9], ""eps1"": 10, ""distance_median"": 0.23949185855844352}"
179,rflbat,rflbat_cluster_filter,"[3, 71, 10, 32, 33, 96, 0, 9, 29, 35, 71, 10, 32, 33, 96, 0, 9, 29, 35]",[],"{""accepted_indices"": [0, 1, 2, 3, 4, 5, 6, 7, 8, 9, 1, 2, 3, 4, 5, 6, 7, 8, 9], ""num_clusters"": 1, ""cluster_scores"": [0.0994219018636096]}"
179,rflbat,rflbat_final_distance_filter,"[3, 71, 10, 32, 33, 96, 0, 9, 29, 35]",[],"{""accepted_indices"": [0, 1, 2, 3, 4, 5, 6, 7, 8, 9, 1, 2, 3, 4, 5, 6, 7, 8, 9], ""eps2"": 6, ""distance_median"": 0.46981189176071647}"
180,rflbat,rflbat_first_distance_filter,"[1, 88, 87, 58, 13, 64, 11, 81, 40, 61, 88, 87, 58, 13, 64, 11, 81, 40, 61]",[],"{""accepted_indices"": [0, 1, 2, 3, 4, 5, 6, 7, 8, 9, 1, 2, 3, 4, 5, 6, 7, 8, 9], ""eps1"": 10, ""distance_median"": 0.2166838540667132}"
180,rflbat,rflbat_cluster_filter,"[1, 88, 87, 58, 13, 64, 11, 81, 40, 61, 88, 87, 58, 13, 64, 11, 81, 40, 61]",[],"{""accepted_indices"": [0, 1, 2, 3, 4, 5, 6, 7, 8, 9, 1, 2, 3, 4, 5, 6, 7, 8, 9], ""num_clusters"": 1, ""cluster_scores"": [0.08186982997387161]}"
180,rflbat,rflbat_final_distance_filter,"[1, 88, 87, 58, 13, 64, 11, 81, 40, 61]",[],"{""accepted_indices"": [0, 1, 2, 3, 4, 5, 6, 7, 8, 9, 1, 2, 3, 4, 5, 6, 7, 8, 9], ""eps2"": 6, ""distance_median"": 0.4270418529959246}"
181,rflbat,rflbat_first_distance_filter,"[4, 68, 83, 64, 15, 34, 92, 18, 26, 90, 68, 83, 64, 15, 34, 92, 18, 26, 90]",[],"{""accepted_indices"": [0, 1, 2, 3, 4, 5, 6, 7, 8, 9, 1, 2, 3, 4, 5, 6, 7, 8, 9], ""eps1"": 10, ""distance_median"": 0.10734112398549214}"
181,rflbat,rflbat_cluster_filter,"[4, 68, 83, 64, 15, 34, 92, 18, 26, 90, 68, 83, 64, 15, 34, 92, 18, 26, 90]",[],"{""accepted_indices"": [0, 1, 2, 3, 4, 5, 6, 7, 8, 9, 1, 2, 3, 4, 5, 6, 7, 8, 9], ""num_clusters"": 1, ""cluster_scores"": [0.13928891201229]}"
181,rflbat,rflbat_final_distance_filter,"[4, 68, 83, 64, 15, 34, 92, 18, 26, 90]",[],"{""accepted_indices"": [0, 1, 2, 3, 4, 5, 6, 7, 8, 9, 1, 2, 3, 4, 5, 6, 7, 8, 9], ""eps2"": 6, ""distance_median"": 0.21181996731084562}"
182,rflbat,rflbat_first_distance_filter,"[4, 94, 85, 76, 24, 73, 39, 8, 32, 35, 94, 85, 76, 24, 73, 39, 8, 32, 35]",[],"{""accepted_indices"": [0, 1, 2, 3, 4, 5, 6, 7, 8, 9, 1, 2, 3, 4, 5, 6, 7, 8, 9], ""eps1"": 10, ""distance_median"": 0.29603845330072265}"
182,rflbat,rflbat_cluster_filter,"[4, 94, 85, 76, 24, 39, 8, 32, 35, 94, 85, 76, 24, 39, 8, 32, 35]",[73],"{""accepted_indices"": [0, 1, 2, 3, 4, 6, 7, 8, 9, 1, 2, 3, 4, 6, 7, 8, 9], ""num_clusters"": 2, ""cluster_scores"": [0.08519279863645532, 1.0000000000015836]}"
182,rflbat,rflbat_final_distance_filter,"[4, 94, 85, 76, 24, 39, 8, 32, 35]",[73],"{""accepted_indices"": [0, 1, 2, 3, 4, 6, 7, 8, 9, 1, 2, 3, 4, 6, 7, 8, 9], ""eps2"": 6, ""distance_median"": 0.24236508755110453}"
183,rflbat,rflbat_first_distance_filter,"[4, 18, 61, 12, 10, 74, 1, 78, 39, 50, 18, 61, 12, 10, 74, 1, 78, 39, 50]",[],"{""accepted_indices"": [0, 1, 2, 3, 4, 5, 6, 7, 8, 9, 1, 2, 3, 4, 5, 6, 7, 8, 9], ""eps1"": 10, ""distance_median"": 0.14496770037583148}"
183,rflbat,rflbat_cluster_filter,"[4, 18, 61, 12, 10, 74, 1, 78, 39, 50, 18, 61, 12, 10, 74, 1, 78, 39, 50]",[],"{""accepted_indices"": [0, 1, 2, 3, 4, 5, 6, 7, 8, 9, 1, 2, 3, 4, 5, 6, 7, 8, 9], ""num_clusters"": 1, ""cluster_scores"": [0.14599418484119903]}"
183,rflbat,rflbat_final_distance_filter,"[4, 18, 61, 12, 10, 74, 1, 78, 39, 50]",[],"{""accepted_indices"": [0, 1, 2, 3, 4, 5, 6, 7, 8, 9, 1, 2, 3, 4, 5, 6, 7, 8, 9], ""eps2"": 6, ""distance_median"": 0.29738147854231733}"
184,rflbat,rflbat_first_distance_filter,"[2, 77, 3, 44, 67, 70, 26, 30, 79, 16, 77, 3, 44, 67, 70, 26, 30, 79, 16]",[],"{""accepted_indices"": [0, 1, 2, 3, 4, 5, 6, 7, 8, 9, 1, 2, 3, 4, 5, 6, 7, 8, 9], ""eps1"": 10, ""distance_median"": 0.3132059146100046}"
184,rflbat,rflbat_cluster_filter,"[2, 77, 3, 44, 67, 70, 26, 30, 79, 16, 77, 3, 44, 67, 70, 26, 30, 79, 16]",[],"{""accepted_indices"": [0, 1, 2, 3, 4, 5, 6, 7, 8, 9, 1, 2, 3, 4, 5, 6, 7, 8, 9], ""num_clusters"": 1, ""cluster_scores"": [0.14370662675087514]}"
184,rflbat,rflbat_final_distance_filter,"[2, 77, 3, 44, 67, 70, 26, 30, 79, 16]",[],"{""accepted_indices"": [0, 1, 2, 3, 4, 5, 6, 7, 8, 9, 1, 2, 3, 4, 5, 6, 7, 8, 9], ""eps2"": 6, ""distance_median"": 0.6389887366343644}"
185,rflbat,rflbat_first_distance_filter,"[3, 72, 36, 34, 16, 70, 19, 46, 67, 57, 72, 36, 34, 16, 70, 19, 46, 67, 57]",[],"{""accepted_indices"": [0, 1, 2, 3, 4, 5, 6, 7, 8, 9, 1, 2, 3, 4, 5, 6, 7, 8, 9], ""eps1"": 10, ""distance_median"": 0.16711460648354615}"
185,rflbat,rflbat_cluster_filter,"[3, 72, 36, 34, 16, 70, 19, 46, 67, 57, 72, 36, 34, 16, 70, 19, 46, 67, 57]",[],"{""accepted_indices"": [0, 1, 2, 3, 4, 5, 6, 7, 8, 9, 1, 2, 3, 4, 5, 6, 7, 8, 9], ""num_clusters"": 1, ""cluster_scores"": [0.11258863212039377]}"
185,rflbat,rflbat_final_distance_filter,"[3, 72, 36, 34, 16, 70, 19, 46, 67, 57]",[],"{""accepted_indices"": [0, 1, 2, 3, 4, 5, 6, 7, 8, 9, 1, 2, 3, 4, 5, 6, 7, 8, 9], ""eps2"": 6, ""distance_median"": 0.36808674633882854}"
186,rflbat,rflbat_first_distance_filter,"[2, 24, 59, 35, 20, 50, 79, 93, 4, 26, 24, 59, 35, 20, 50, 79, 93, 4, 26]",[],"{""accepted_indices"": [0, 1, 2, 3, 4, 5, 6, 7, 8, 9, 1, 2, 3, 4, 5, 6, 7, 8, 9], ""eps1"": 10, ""distance_median"": 0.29458051899954196}"
186,rflbat,rflbat_cluster_filter,"[2, 24, 59, 35, 20, 50, 79, 93, 4, 26, 24, 59, 35, 20, 50, 79, 93, 4, 26]",[],"{""accepted_indices"": [0, 1, 2, 3, 4, 5, 6, 7, 8, 9, 1, 2, 3, 4, 5, 6, 7, 8, 9], ""num_clusters"": 1, ""cluster_scores"": [0.10562438005327414]}"
186,rflbat,rflbat_final_distance_filter,"[2, 24, 59, 35, 20, 50, 79, 93, 4]",[26],"{""accepted_indices"": [0, 1, 2, 3, 4, 5, 6, 7, 8, 1, 2, 3, 4, 5, 6, 7, 8], ""eps2"": 6, ""distance_median"": 0.5916747412989227}"
187,rflbat,rflbat_first_distance_filter,"[1, 34, 63, 70, 37, 33, 98, 90, 11, 45, 34, 63, 70, 37, 33, 98, 90, 11, 45]",[],"{""accepted_indices"": [0, 1, 2, 3, 4, 5, 6, 7, 8, 9, 1, 2, 3, 4, 5, 6, 7, 8, 9], ""eps1"": 10, ""distance_median"": 0.13235562786494282}"
187,rflbat,rflbat_cluster_filter,"[1, 34, 63, 70, 37, 33, 98, 90, 11, 45, 34, 63, 70, 37, 33, 98, 90, 11, 45]",[],"{""accepted_indices"": [0, 1, 2, 3, 4, 5, 6, 7, 8, 9, 1, 2, 3, 4, 5, 6, 7, 8, 9], ""num_clusters"": 1, ""cluster_scores"": [0.10961112597350747]}"
187,rflbat,rflbat_final_distance_filter,"[1, 34, 63, 70, 37, 33, 98, 90, 11, 45]",[],"{""accepted_indices"": [0, 1, 2, 3, 4, 5, 6, 7, 8, 9, 1, 2, 3, 4, 5, 6, 7, 8, 9], ""eps2"": 6, ""distance_median"": 0.27863970159385626}"
188,rflbat,rflbat_first_distance_filter,"[2, 96, 20, 82, 54, 18, 50, 99, 84, 51, 96, 20, 82, 54, 18, 50, 99, 84, 51]",[],"{""accepted_indices"": [0, 1, 2, 3, 4, 5, 6, 7, 8, 9, 1, 2, 3, 4, 5, 6, 7, 8, 9], ""eps1"": 10, ""distance_median"": 0.22738127691442941}"
188,rflbat,rflbat_cluster_filter,"[2, 96, 20, 82, 54, 18, 50, 99, 84, 51, 96, 20, 82, 54, 18, 50, 99, 84, 51]",[],"{""accepted_indices"": [0, 1, 2, 3, 4, 5, 6, 7, 8, 9, 1, 2, 3, 4, 5, 6, 7, 8, 9], ""num_clusters"": 1, ""cluster_scores"": [0.14261554102484164]}"
188,rflbat,rflbat_final_distance_filter,"[2, 96, 20, 82, 54, 18, 50, 99, 84, 51]",[],"{""accepted_indices"": [0, 1, 2, 3, 4, 5, 6, 7, 8, 9, 1, 2, 3, 4, 5, 6, 7, 8, 9], ""eps2"": 6, ""distance_median"": 0.4331424777564985}"
189,rflbat,rflbat_first_distance_filter,"[2, 26, 24, 94, 0, 65, 90, 89, 67, 58, 26, 24, 94, 0, 65, 90, 89, 67, 58]",[],"{""accepted_indices"": [0, 1, 2, 3, 4, 5, 6, 7, 8, 9, 1, 2, 3, 4, 5, 6, 7, 8, 9], ""eps1"": 10, ""distance_median"": 0.24678955825396232}"
189,rflbat,rflbat_cluster_filter,"[2, 26, 24, 94, 0, 65, 90, 89, 67, 58, 26, 24, 94, 0, 65, 90, 89, 67, 58]",[],"{""accepted_indices"": [0, 1, 2, 3, 4, 5, 6, 7, 8, 9, 1, 2, 3, 4, 5, 6, 7, 8, 9], ""num_clusters"": 1, ""cluster_scores"": [0.12935577600314108]}"
189,rflbat,rflbat_final_distance_filter,"[2, 26, 24, 94, 0, 65, 90, 89, 67, 58]",[],"{""accepted_indices"": [0, 1, 2, 3, 4, 5, 6, 7, 8, 9, 1, 2, 3, 4, 5, 6, 7, 8, 9], ""eps2"": 6, ""distance_median"": 0.49153302509154884}"
190,rflbat,rflbat_first_distance_filter,"[4, 9, 35, 10, 76, 63, 41, 97, 5, 96, 9, 35, 10, 76, 63, 41, 97, 5, 96]",[],"{""accepted_indices"": [0, 1, 2, 3, 4, 5, 6, 7, 8, 9, 1, 2, 3, 4, 5, 6, 7, 8, 9], ""eps1"": 10, ""distance_median"": 0.37071599718329384}"
190,rflbat,rflbat_cluster_filter,"[4, 9, 35, 10, 76, 63, 41, 97, 5, 96, 9, 35, 10, 76, 63, 41, 97, 5, 96]",[],"{""accepted_indices"": [0, 1, 2, 3, 4, 5, 6, 7, 8, 9, 1, 2, 3, 4, 5, 6, 7, 8, 9], ""num_clusters"": 1, ""cluster_scores"": [0.1088913773549939]}"
190,rflbat,rflbat_final_distance_filter,"[4, 9, 35, 10, 76, 63, 41, 97, 5, 96]",[],"{""accepted_indices"": [0, 1, 2, 3, 4, 5, 6, 7, 8, 9, 1, 2, 3, 4, 5, 6, 7, 8, 9], ""eps2"": 6, ""distance_median"": 0.704261604229596}"
191,rflbat,rflbat_first_distance_filter,"[1, 97, 94, 6, 11, 47, 84, 51, 76, 71, 97, 94, 6, 11, 47, 84, 51, 76, 71]",[],"{""accepted_indices"": [0, 1, 2, 3, 4, 5, 6, 7, 8, 9, 1, 2, 3, 4, 5, 6, 7, 8, 9], ""eps1"": 10, ""distance_median"": 0.19452626143004725}"
191,rflbat,rflbat_cluster_filter,"[1, 97, 94, 6, 11, 84, 76, 71, 97, 94, 6, 11, 84, 76, 71]","[47, 51]","{""accepted_indices"": [0, 1, 2, 3, 4, 6, 8, 9, 1, 2, 3, 4, 6, 8, 9], ""num_clusters"": 3, ""cluster_scores"": [0.17183773969262747, 1.0000000000024898, 1.000000000001458]}"
191,rflbat,rflbat_final_distance_filter,"[1, 97, 94, 6, 11, 84, 76, 71]","[47, 51]","{""accepted_indices"": [0, 1, 2, 3, 4, 6, 8, 9, 1, 2, 3, 4, 6, 8, 9], ""eps2"": 6, ""distance_median"": 0.09918826391239091}"
192,rflbat,rflbat_first_distance_filter,"[4, 42, 20, 76, 81, 70, 69, 21, 18, 16, 42, 20, 76, 81, 70, 69, 21, 18, 16]",[],"{""accepted_indices"": [0, 1, 2, 3, 4, 5, 6, 7, 8, 9, 1, 2, 3, 4, 5, 6, 7, 8, 9], ""eps1"": 10, ""distance_median"": 0.1691226330413375}"
192,rflbat,rflbat_cluster_filter,"[4, 42, 20, 76, 81, 21, 18, 16, 42, 20, 76, 81, 21, 18, 16]","[70, 69]","{""accepted_indices"": [0, 1, 2, 3, 4, 7, 8, 9, 1, 2, 3, 4, 7, 8, 9], ""num_clusters"": 2, ""cluster_scores"": [0.6382876755514248, 0.12413397567229187]}"
192,rflbat,rflbat_final_distance_filter,"[4, 42, 20, 76, 81, 21, 18, 16]","[70, 69]","{""accepted_indices"": [0, 1, 2, 3, 4, 7, 8, 9, 1, 2, 3, 4, 7, 8, 9], ""eps2"": 6, ""distance_median"": 0.17248820524642838}"
193,rflbat,rflbat_first_distance_filter,"[0, 60, 37, 52, 3, 92, 62, 56, 41, 96, 60, 37, 52, 3, 92, 62, 56, 41, 96]",[],"{""accepted_indices"": [0, 1, 2, 3, 4, 5, 6, 7, 8, 9, 1, 2, 3, 4, 5, 6, 7, 8, 9], ""eps1"": 10, ""distance_median"": 0.2609276420222093}"
193,rflbat,rflbat_cluster_filter,"[0, 60, 37, 52, 3, 92, 62, 56, 41, 96, 60, 37, 52, 3, 92, 62, 56, 41, 96]",[],"{""accepted_indices"": [0, 1, 2, 3, 4, 5, 6, 7, 8, 9, 1, 2, 3, 4, 5, 6, 7, 8, 9], ""num_clusters"": 1, ""cluster_scores"": [0.159956466154262]}"
193,rflbat,rflbat_final_distance_filter,"[0, 60, 37, 52, 3, 92, 62, 56, 41]",[96],"{""accepted_indices"": [0, 1, 2, 3, 4, 5, 6, 7, 8, 1, 2, 3, 4, 5, 6, 7, 8], ""eps2"": 6, ""distance_median"": 0.45080797365082437}"
194,rflbat,rflbat_first_distance_filter,"[3, 80, 85, 29, 94, 75, 18, 77, 66, 21, 80, 85, 29, 94, 75, 18, 77, 66, 21]",[],"{""accepted_indices"": [0, 1, 2, 3, 4, 5, 6, 7, 8, 9, 1, 2, 3, 4, 5, 6, 7, 8, 9], ""eps1"": 10, ""distance_median"": 0.21021952130869098}"
194,rflbat,rflbat_cluster_filter,"[3, 80, 85, 29, 94, 75, 18, 77, 66, 21, 80, 85, 29, 94, 75, 18, 77, 66, 21]",[],"{""accepted_indices"": [0, 1, 2, 3, 4, 5, 6, 7, 8, 9, 1, 2, 3, 4, 5, 6, 7, 8, 9], ""num_clusters"": 1, ""cluster_scores"": [0.0986132733195163]}"
194,rflbat,rflbat_final_distance_filter,"[3, 80, 85, 29, 94, 75, 18, 77, 66, 21]",[],"{""accepted_indices"": [0, 1, 2, 3, 4, 5, 6, 7, 8, 9, 1, 2, 3, 4, 5, 6, 7, 8, 9], ""eps2"": 6, ""distance_median"": 0.43168435063641014}"
195,rflbat,rflbat_first_distance_filter,"[3, 43, 32, 86, 55, 97, 33, 21, 81, 20, 43, 32, 86, 55, 97, 33, 21, 81, 20]",[],"{""accepted_indices"": [0, 1, 2, 3, 4, 5, 6, 7, 8, 9, 1, 2, 3, 4, 5, 6, 7, 8, 9], ""eps1"": 10, ""distance_median"": 0.16212580715020414}"
195,rflbat,rflbat_cluster_filter,"[3, 43, 32, 86, 55, 97, 33, 21, 81, 20, 43, 32, 86, 55, 97, 33, 21, 81, 20]",[],"{""accepted_indices"": [0, 1, 2, 3, 4, 5, 6, 7, 8, 9, 1, 2, 3, 4, 5, 6, 7, 8, 9], ""num_clusters"": 1, ""cluster_scores"": [0.10374869785920793]}"
195,rflbat,rflbat_final_distance_filter,"[3, 43, 32, 86, 55, 97, 33, 21, 81, 20]",[],"{""accepted_indices"": [0, 1, 2, 3, 4, 5, 6, 7, 8, 9, 1, 2, 3, 4, 5, 6, 7, 8, 9], ""eps2"": 6, ""distance_median"": 0.3263000700487497}"
196,rflbat,rflbat_first_distance_filter,"[4, 43, 29, 48, 0, 70, 99, 92, 10, 73, 43, 29, 48, 0, 70, 99, 92, 10, 73]",[],"{""accepted_indices"": [0, 1, 2, 3, 4, 5, 6, 7, 8, 9, 1, 2, 3, 4, 5, 6, 7, 8, 9], ""eps1"": 10, ""distance_median"": 0.39158883773930175}"
196,rflbat,rflbat_cluster_filter,"[4, 43, 29, 48, 0, 70, 99, 92, 10, 73, 43, 29, 48, 0, 70, 99, 92, 10, 73]",[],"{""accepted_indices"": [0, 1, 2, 3, 4, 5, 6, 7, 8, 9, 1, 2, 3, 4, 5, 6, 7, 8, 9], ""num_clusters"": 1, ""cluster_scores"": [0.0900207048580499]}"
196,rflbat,rflbat_final_distance_filter,"[4, 43, 29, 48, 0, 70, 99, 92, 10, 73]",[],"{""accepted_indices"": [0, 1, 2, 3, 4, 5, 6, 7, 8, 9, 1, 2, 3, 4, 5, 6, 7, 8, 9], ""eps2"": 6, ""distance_median"": 0.8108280188977324}"
197,rflbat,rflbat_first_distance_filter,"[4, 3, 41, 98, 14, 2, 48, 95, 89, 61, 3, 41, 98, 14, 2, 48, 95, 89, 61]",[],"{""accepted_indices"": [0, 1, 2, 3, 4, 5, 6, 7, 8, 9, 1, 2, 3, 4, 5, 6, 7, 8, 9], ""eps1"": 10, ""distance_median"": 0.19570851153190277}"
197,rflbat,rflbat_cluster_filter,"[4, 3, 41, 98, 14, 2, 48, 95, 89, 61, 3, 41, 98, 14, 2, 48, 95, 89, 61]",[],"{""accepted_indices"": [0, 1, 2, 3, 4, 5, 6, 7, 8, 9, 1, 2, 3, 4, 5, 6, 7, 8, 9], ""num_clusters"": 1, ""cluster_scores"": [0.16917103702283334]}"
197,rflbat,rflbat_final_distance_filter,"[4, 3, 41, 98, 14, 2, 48, 95, 89, 61]",[],"{""accepted_indices"": [0, 1, 2, 3, 4, 5, 6, 7, 8, 9, 1, 2, 3, 4, 5, 6, 7, 8, 9], ""eps2"": 6, ""distance_median"": 0.3701040162982703}"
198,rflbat,rflbat_first_distance_filter,"[1, 16, 3, 4, 57, 46, 68, 18, 34, 81, 16, 3, 4, 57, 46, 68, 18, 34, 81]",[],"{""accepted_indices"": [0, 1, 2, 3, 4, 5, 6, 7, 8, 9, 1, 2, 3, 4, 5, 6, 7, 8, 9], ""eps1"": 10, ""distance_median"": 0.12837781680046523}"
198,rflbat,rflbat_cluster_filter,"[1, 16, 3, 4, 57, 46, 68, 18, 34, 81, 16, 3, 4, 57, 46, 68, 18, 34, 81]",[],"{""accepted_indices"": [0, 1, 2, 3, 4, 5, 6, 7, 8, 9, 1, 2, 3, 4, 5, 6, 7, 8, 9], ""num_clusters"": 1, ""cluster_scores"": [0.10468017621696395]}"
198,rflbat,rflbat_final_distance_filter,"[1, 16, 3, 4, 57, 46, 68, 18, 34, 81]",[],"{""accepted_indices"": [0, 1, 2, 3, 4, 5, 6, 7, 8, 9, 1, 2, 3, 4, 5, 6, 7, 8, 9], ""eps2"": 6, ""distance_median"": 0.2534424998723049}"
199,rflbat,rflbat_first_distance_filter,"[3, 29, 7, 70, 46, 12, 74, 48, 27, 81, 29, 7, 70, 46, 12, 74, 48, 27, 81]",[],"{""accepted_indices"": [0, 1, 2, 3, 4, 5, 6, 7, 8, 9, 1, 2, 3, 4, 5, 6, 7, 8, 9], ""eps1"": 10, ""distance_median"": 0.1682442108653265}"
199,rflbat,rflbat_cluster_filter,"[3, 29, 7, 70, 46, 12, 74, 48, 27, 81, 29, 7, 70, 46, 12, 74, 48, 27, 81]",[],"{""accepted_indices"": [0, 1, 2, 3, 4, 5, 6, 7, 8, 9, 1, 2, 3, 4, 5, 6, 7, 8, 9], ""num_clusters"": 1, ""cluster_scores"": [0.09406980996459297]}"
199,rflbat,rflbat_final_distance_filter,"[3, 29, 7, 70, 46, 12, 74, 48, 27, 81]",[],"{""accepted_indices"": [0, 1, 2, 3, 4, 5, 6, 7, 8, 9, 1, 2, 3, 4, 5, 6, 7, 8, 9], ""eps2"": 6, ""distance_median"": 0.33314688815348914}"
200,rflbat,rflbat_first_distance_filter,"[0, 25, 51, 65, 83, 95, 53, 78, 11, 8, 25, 51, 65, 83, 95, 53, 78, 11, 8]",[],"{""accepted_indices"": [0, 1, 2, 3, 4, 5, 6, 7, 8, 9, 1, 2, 3, 4, 5, 6, 7, 8, 9], ""eps1"": 10, ""distance_median"": 0.1994629190214327}"
200,rflbat,rflbat_cluster_filter,"[0, 25, 51, 65, 83, 95, 53, 78, 11, 8, 25, 51, 65, 83, 95, 53, 78, 11, 8]",[],"{""accepted_indices"": [0, 1, 2, 3, 4, 5, 6, 7, 8, 9, 1, 2, 3, 4, 5, 6, 7, 8, 9], ""num_clusters"": 1, ""cluster_scores"": [0.12907335363974984]}"
200,rflbat,rflbat_final_distance_filter,"[0, 25, 51, 65, 83, 95, 53, 78, 11, 8]",[],"{""accepted_indices"": [0, 1, 2, 3, 4, 5, 6, 7, 8, 9, 1, 2, 3, 4, 5, 6, 7, 8, 9], ""eps2"": 6, ""distance_median"": 0.3049653554182477}"
201,rflbat,rflbat_first_distance_filter,"[0, 38, 8, 73, 40, 99, 81, 47, 84, 97, 38, 8, 73, 40, 99, 81, 47, 84, 97]",[],"{""accepted_indices"": [0, 1, 2, 3, 4, 5, 6, 7, 8, 9, 1, 2, 3, 4, 5, 6, 7, 8, 9], ""eps1"": 10, ""distance_median"": 0.32298110055546403}"
201,rflbat,rflbat_cluster_filter,"[0, 38, 8, 73, 40, 99, 81, 47, 84, 97, 38, 8, 73, 40, 99, 81, 47, 84, 97]",[],"{""accepted_indices"": [0, 1, 2, 3, 4, 5, 6, 7, 8, 9, 1, 2, 3, 4, 5, 6, 7, 8, 9], ""num_clusters"": 1, ""cluster_scores"": [0.10577414143429457]}"
201,rflbat,rflbat_final_distance_filter,"[0, 38, 8, 73, 40, 99, 81, 47, 84, 97]",[],"{""accepted_indices"": [0, 1, 2, 3, 4, 5, 6, 7, 8, 9, 1, 2, 3, 4, 5, 6, 7, 8, 9], ""eps2"": 6, ""distance_median"": 0.5756050866229301}"
202,rflbat,rflbat_first_distance_filter,"[2, 62, 37, 43, 64, 4, 54, 66, 17, 35, 62, 37, 43, 64, 4, 54, 66, 17, 35]",[],"{""accepted_indices"": [0, 1, 2, 3, 4, 5, 6, 7, 8, 9, 1, 2, 3, 4, 5, 6, 7, 8, 9], ""eps1"": 10, ""distance_median"": 0.17026393295360726}"
202,rflbat,rflbat_cluster_filter,"[2, 62, 37, 43, 64, 4, 54, 66, 17, 35, 62, 37, 43, 64, 4, 54, 66, 17, 35]",[],"{""accepted_indices"": [0, 1, 2, 3, 4, 5, 6, 7, 8, 9, 1, 2, 3, 4, 5, 6, 7, 8, 9], ""num_clusters"": 1, ""cluster_scores"": [0.15825169761577057]}"
202,rflbat,rflbat_final_distance_filter,"[2, 62, 37, 43, 64, 4, 54, 66, 17, 35]",[],"{""accepted_indices"": [0, 1, 2, 3, 4, 5, 6, 7, 8, 9, 1, 2, 3, 4, 5, 6, 7, 8, 9], ""eps2"": 6, ""distance_median"": 0.3214313195684897}"
203,rflbat,rflbat_first_distance_filter,"[0, 78, 33, 96, 55, 42, 91, 58, 15, 11, 78, 33, 96, 55, 42, 91, 58, 15, 11]",[],"{""accepted_indices"": [0, 1, 2, 3, 4, 5, 6, 7, 8, 9, 1, 2, 3, 4, 5, 6, 7, 8, 9], ""eps1"": 10, ""distance_median"": 0.2962792203836734}"
203,rflbat,rflbat_cluster_filter,"[0, 78, 33, 96, 55, 42, 91, 58, 15, 11, 78, 33, 96, 55, 42, 91, 58, 15, 11]",[],"{""accepted_indices"": [0, 1, 2, 3, 4, 5, 6, 7, 8, 9, 1, 2, 3, 4, 5, 6, 7, 8, 9], ""num_clusters"": 1, ""cluster_scores"": [0.10722108597353698]}"
203,rflbat,rflbat_final_distance_filter,"[0, 78, 33, 96, 55, 91, 58, 15, 11]",[42],"{""accepted_indices"": [0, 1, 2, 3, 4, 6, 7, 8, 9, 1, 2, 3, 4, 6, 7, 8, 9], ""eps2"": 6, ""distance_median"": 0.5279966695619458}"
204,rflbat,rflbat_first_distance_filter,"[4, 63, 0, 78, 40, 87, 76, 8, 38, 16, 63, 0, 78, 40, 87, 76, 8, 38, 16]",[],"{""accepted_indices"": [0, 1, 2, 3, 4, 5, 6, 7, 8, 9, 1, 2, 3, 4, 5, 6, 7, 8, 9], ""eps1"": 10, ""distance_median"": 0.11897450246365711}"
204,rflbat,rflbat_cluster_filter,"[4, 63, 0, 78, 40, 87, 76, 8, 38, 16, 63, 0, 78, 40, 87, 76, 8, 38, 16]",[],"{""accepted_indices"": [0, 1, 2, 3, 4, 5, 6, 7, 8, 9, 1, 2, 3, 4, 5, 6, 7, 8, 9], ""num_clusters"": 1, ""cluster_scores"": [0.16035405566483624]}"
204,rflbat,rflbat_final_distance_filter,"[4, 63, 0, 78, 40, 87, 76, 8, 38, 16]",[],"{""accepted_indices"": [0, 1, 2, 3, 4, 5, 6, 7, 8, 9, 1, 2, 3, 4, 5, 6, 7, 8, 9], ""eps2"": 6, ""distance_median"": 0.23743331160002407}"
205,rflbat,rflbat_first_distance_filter,"[0, 80, 60, 96, 66, 78, 1, 5, 30, 56, 80, 60, 96, 66, 78, 1, 5, 30, 56]",[],"{""accepted_indices"": [0, 1, 2, 3, 4, 5, 6, 7, 8, 9, 1, 2, 3, 4, 5, 6, 7, 8, 9], ""eps1"": 10, ""distance_median"": 0.21405657291947905}"
205,rflbat,rflbat_cluster_filter,"[0, 80, 60, 96, 66, 78, 1, 5, 30, 56, 80, 60, 96, 66, 78, 1, 5, 30, 56]",[],"{""accepted_indices"": [0, 1, 2, 3, 4, 5, 6, 7, 8, 9, 1, 2, 3, 4, 5, 6, 7, 8, 9], ""num_clusters"": 1, ""cluster_scores"": [0.11437084249700896]}"
205,rflbat,rflbat_final_distance_filter,"[0, 80, 60, 96, 66, 78, 1, 5, 30, 56]",[],"{""accepted_indices"": [0, 1, 2, 3, 4, 5, 6, 7, 8, 9, 1, 2, 3, 4, 5, 6, 7, 8, 9], ""eps2"": 6, ""distance_median"": 0.3810756103843445}"
206,rflbat,rflbat_first_distance_filter,"[0, 36, 74, 99, 70, 52, 26, 43, 61, 16, 36, 74, 99, 70, 52, 26, 43, 61, 16]",[],"{""accepted_indices"": [0, 1, 2, 3, 4, 5, 6, 7, 8, 9, 1, 2, 3, 4, 5, 6, 7, 8, 9], ""eps1"": 10, ""distance_median"": 0.1856041386505634}"
206,rflbat,rflbat_cluster_filter,"[0, 36, 74, 99, 70, 52, 26, 43, 61, 16, 36, 74, 99, 70, 52, 26, 43, 61, 16]",[],"{""accepted_indices"": [0, 1, 2, 3, 4, 5, 6, 7, 8, 9, 1, 2, 3, 4, 5, 6, 7, 8, 9], ""num_clusters"": 1, ""cluster_scores"": [0.13815154836552007]}"
206,rflbat,rflbat_final_distance_filter,"[0, 36, 74, 99, 70, 52, 26, 43, 61, 16]",[],"{""accepted_indices"": [0, 1, 2, 3, 4, 5, 6, 7, 8, 9, 1, 2, 3, 4, 5, 6, 7, 8, 9], ""eps2"": 6, ""distance_median"": 0.31155190006475003}"
207,rflbat,rflbat_first_distance_filter,"[1, 60, 18, 33, 15, 88, 98, 68, 20, 66, 60, 18, 33, 15, 88, 98, 68, 20, 66]",[],"{""accepted_indices"": [0, 1, 2, 3, 4, 5, 6, 7, 8, 9, 1, 2, 3, 4, 5, 6, 7, 8, 9], ""eps1"": 10, ""distance_median"": 0.21502034520217328}"
207,rflbat,rflbat_cluster_filter,"[1, 60, 18, 33, 15, 88, 98, 68, 20, 66, 60, 18, 33, 15, 88, 98, 68, 20, 66]",[],"{""accepted_indices"": [0, 1, 2, 3, 4, 5, 6, 7, 8, 9, 1, 2, 3, 4, 5, 6, 7, 8, 9], ""num_clusters"": 1, ""cluster_scores"": [0.13510950242081524]}"
207,rflbat,rflbat_final_distance_filter,"[1, 60, 18, 33, 15, 88, 98, 68, 20, 66]",[],"{""accepted_indices"": [0, 1, 2, 3, 4, 5, 6, 7, 8, 9, 1, 2, 3, 4, 5, 6, 7, 8, 9], ""eps2"": 6, ""distance_median"": 0.4277469860039271}"
208,rflbat,rflbat_first_distance_filter,"[1, 96, 24, 26, 0, 10, 84, 66, 97, 89, 96, 24, 26, 0, 10, 84, 66, 97, 89]",[],"{""accepted_indices"": [0, 1, 2, 3, 4, 5, 6, 7, 8, 9, 1, 2, 3, 4, 5, 6, 7, 8, 9], ""eps1"": 10, ""distance_median"": 0.2574959037854442}"
208,rflbat,rflbat_cluster_filter,"[1, 96, 24, 26, 0, 10, 84, 66, 97, 89, 96, 24, 26, 0, 10, 84, 66, 97, 89]",[],"{""accepted_indices"": [0, 1, 2, 3, 4, 5, 6, 7, 8, 9, 1, 2, 3, 4, 5, 6, 7, 8, 9], ""num_clusters"": 1, ""cluster_scores"": [0.13528160254295585]}"
208,rflbat,rflbat_final_distance_filter,"[1, 96, 24, 26, 0, 10, 84, 66, 97, 89]",[],"{""accepted_indices"": [0, 1, 2, 3, 4, 5, 6, 7, 8, 9, 1, 2, 3, 4, 5, 6, 7, 8, 9], ""eps2"": 6, ""distance_median"": 0.5083996009619923}"
209,rflbat,rflbat_first_distance_filter,"[4, 97, 65, 46, 11, 57, 77, 40, 70, 73, 97, 65, 46, 11, 57, 77, 40, 70, 73]",[],"{""accepted_indices"": [0, 1, 2, 3, 4, 5, 6, 7, 8, 9, 1, 2, 3, 4, 5, 6, 7, 8, 9], ""eps1"": 10, ""distance_median"": 0.28158362300583567}"
209,rflbat,rflbat_cluster_filter,"[4, 97, 65, 46, 11, 57, 77, 40, 70, 73, 97, 65, 46, 11, 57, 77, 40, 70, 73]",[],"{""accepted_indices"": [0, 1, 2, 3, 4, 5, 6, 7, 8, 9, 1, 2, 3, 4, 5, 6, 7, 8, 9], ""num_clusters"": 1, ""cluster_scores"": [0.08764471287856539]}"
209,rflbat,rflbat_final_distance_filter,"[4, 97, 65, 46, 11, 57, 77, 40, 70, 73]",[],"{""accepted_indices"": [0, 1, 2, 3, 4, 5, 6, 7, 8, 9, 1, 2, 3, 4, 5, 6, 7, 8, 9], ""eps2"": 6, ""distance_median"": 0.5685549146581936}"
210,rflbat,rflbat_first_distance_filter,"[2, 46, 7, 95, 15, 10, 85, 82, 96, 88, 46, 7, 95, 15, 10, 85, 82, 96, 88]",[],"{""accepted_indices"": [0, 1, 2, 3, 4, 5, 6, 7, 8, 9, 1, 2, 3, 4, 5, 6, 7, 8, 9], ""eps1"": 10, ""distance_median"": 0.26955607257234004}"
210,rflbat,rflbat_cluster_filter,"[2, 46, 7, 95, 15, 10, 85, 82, 96, 88, 46, 7, 95, 15, 10, 85, 82, 96, 88]",[],"{""accepted_indices"": [0, 1, 2, 3, 4, 5, 6, 7, 8, 9, 1, 2, 3, 4, 5, 6, 7, 8, 9], ""num_clusters"": 1, ""cluster_scores"": [0.06293094687171981]}"
210,rflbat,rflbat_final_distance_filter,"[2, 46, 7, 95, 15, 10, 85, 82, 96, 88]",[],"{""accepted_indices"": [0, 1, 2, 3, 4, 5, 6, 7, 8, 9, 1, 2, 3, 4, 5, 6, 7, 8, 9], ""eps2"": 6, ""distance_median"": 0.5503625597524533}"
211,rflbat,rflbat_first_distance_filter,"[2, 65, 20, 60, 31, 50, 97, 26, 99, 52, 65, 20, 60, 31, 50, 97, 26, 99, 52]",[],"{""accepted_indices"": [0, 1, 2, 3, 4, 5, 6, 7, 8, 9, 1, 2, 3, 4, 5, 6, 7, 8, 9], ""eps1"": 10, ""distance_median"": 0.29532604743072605}"
211,rflbat,rflbat_cluster_filter,"[2, 65, 20, 60, 31, 50, 97, 26, 99, 52, 65, 20, 60, 31, 50, 97, 26, 99, 52]",[],"{""accepted_indices"": [0, 1, 2, 3, 4, 5, 6, 7, 8, 9, 1, 2, 3, 4, 5, 6, 7, 8, 9], ""num_clusters"": 1, ""cluster_scores"": [0.18047466549149066]}"
211,rflbat,rflbat_final_distance_filter,"[2, 65, 20, 60, 31, 50, 97, 26, 99, 52]",[],"{""accepted_indices"": [0, 1, 2, 3, 4, 5, 6, 7, 8, 9, 1, 2, 3, 4, 5, 6, 7, 8, 9], ""eps2"": 6, ""distance_median"": 0.6049166370185972}"
212,rflbat,rflbat_first_distance_filter,"[3, 82, 63, 72, 46, 81, 6, 56, 31, 45, 82, 63, 72, 46, 81, 6, 56, 31, 45]",[],"{""accepted_indices"": [0, 1, 2, 3, 4, 5, 6, 7, 8, 9, 1, 2, 3, 4, 5, 6, 7, 8, 9], ""eps1"": 10, ""distance_median"": 0.17500324470010142}"
212,rflbat,rflbat_cluster_filter,"[3, 82, 63, 72, 46, 81, 6, 56, 31, 45, 82, 63, 72, 46, 81, 6, 56, 31, 45]",[],"{""accepted_indices"": [0, 1, 2, 3, 4, 5, 6, 7, 8, 9, 1, 2, 3, 4, 5, 6, 7, 8, 9], ""num_clusters"": 1, ""cluster_scores"": [0.13235039409901214]}"
212,rflbat,rflbat_final_distance_filter,"[3, 82, 63, 72, 46, 81, 6, 56, 31, 45]",[],"{""accepted_indices"": [0, 1, 2, 3, 4, 5, 6, 7, 8, 9, 1, 2, 3, 4, 5, 6, 7, 8, 9], ""eps2"": 6, ""distance_median"": 0.3526286316251401}"
213,rflbat,rflbat_first_distance_filter,"[0, 91, 15, 39, 3, 7, 79, 61, 17, 4, 91, 15, 39, 3, 7, 79, 61, 17, 4]",[],"{""accepted_indices"": [0, 1, 2, 3, 4, 5, 6, 7, 8, 9, 1, 2, 3, 4, 5, 6, 7, 8, 9], ""eps1"": 10, ""distance_median"": 0.14668482318657136}"
213,rflbat,rflbat_cluster_filter,"[91, 3, 79, 61, 4, 91, 3, 79, 61, 4]","[0, 15, 39, 7, 17]","{""accepted_indices"": [1, 4, 6, 7, 9, 1, 4, 6, 7, 9], ""num_clusters"": 3, ""cluster_scores"": [0.3236108555877514, 1, 0.25570477851499224]}"
213,rflbat,rflbat_final_distance_filter,"[91, 3, 79, 61, 4]","[0, 15, 39, 7, 17]","{""accepted_indices"": [1, 4, 6, 7, 9, 1, 4, 6, 7, 9], ""eps2"": 6, ""distance_median"": 0.040824029580716154}"
214,rflbat,rflbat_first_distance_filter,"[3, 64, 55, 59, 20, 53, 48, 24, 90, 49, 64, 55, 59, 20, 53, 48, 24, 90, 49]",[],"{""accepted_indices"": [0, 1, 2, 3, 4, 5, 6, 7, 8, 9, 1, 2, 3, 4, 5, 6, 7, 8, 9], ""eps1"": 10, ""distance_median"": 0.19436964126670747}"
214,rflbat,rflbat_cluster_filter,"[3, 64, 55, 59, 20, 53, 48, 24, 90, 49, 64, 55, 59, 20, 53, 48, 24, 90, 49]",[],"{""accepted_indices"": [0, 1, 2, 3, 4, 5, 6, 7, 8, 9, 1, 2, 3, 4, 5, 6, 7, 8, 9], ""num_clusters"": 1, ""cluster_scores"": [0.11924006177022543]}"
214,rflbat,rflbat_final_distance_filter,"[3, 64, 55, 59, 20, 53, 48, 24, 90, 49]",[],"{""accepted_indices"": [0, 1, 2, 3, 4, 5, 6, 7, 8, 9, 1, 2, 3, 4, 5, 6, 7, 8, 9], ""eps2"": 6, ""distance_median"": 0.38675081938540123}"
215,rflbat,rflbat_first_distance_filter,"[1, 72, 2, 46, 13, 23, 68, 73, 38, 4, 72, 2, 46, 13, 23, 68, 73, 38, 4]",[],"{""accepted_indices"": [0, 1, 2, 3, 4, 5, 6, 7, 8, 9, 1, 2, 3, 4, 5, 6, 7, 8, 9], ""eps1"": 10, ""distance_median"": 0.28644667184547545}"
215,rflbat,rflbat_cluster_filter,"[1, 72, 2, 46, 13, 23, 68, 73, 38, 4, 72, 2, 46, 13, 23, 68, 73, 38, 4]",[],"{""accepted_indices"": [0, 1, 2, 3, 4, 5, 6, 7, 8, 9, 1, 2, 3, 4, 5, 6, 7, 8, 9], ""num_clusters"": 1, ""cluster_scores"": [0.1594029378034066]}"
215,rflbat,rflbat_final_distance_filter,"[1, 72, 2, 46, 13, 23, 68, 73, 38, 4]",[],"{""accepted_indices"": [0, 1, 2, 3, 4, 5, 6, 7, 8, 9, 1, 2, 3, 4, 5, 6, 7, 8, 9], ""eps2"": 6, ""distance_median"": 0.5718732805787722}"
216,rflbat,rflbat_first_distance_filter,"[4, 94, 18, 57, 48, 47, 11, 74, 37, 38, 94, 18, 57, 48, 47, 11, 74, 37, 38]",[],"{""accepted_indices"": [0, 1, 2, 3, 4, 5, 6, 7, 8, 9, 1, 2, 3, 4, 5, 6, 7, 8, 9], ""eps1"": 10, ""distance_median"": 0.17932802075775547}"
216,rflbat,rflbat_cluster_filter,"[4, 94, 18, 57, 48, 47, 11, 74, 37, 38, 94, 18, 57, 48, 47, 11, 74, 37, 38]",[],"{""accepted_indices"": [0, 1, 2, 3, 4, 5, 6, 7, 8, 9, 1, 2, 3, 4, 5, 6, 7, 8, 9], ""num_clusters"": 1, ""cluster_scores"": [0.1432346609834762]}"
216,rflbat,rflbat_final_distance_filter,"[4, 94, 18, 57, 48, 47, 11, 74, 37, 38]",[],"{""accepted_indices"": [0, 1, 2, 3, 4, 5, 6, 7, 8, 9, 1, 2, 3, 4, 5, 6, 7, 8, 9], ""eps2"": 6, ""distance_median"": 0.30120239714733127}"
217,rflbat,rflbat_first_distance_filter,"[4, 12, 57, 54, 19, 84, 81, 5, 40, 21, 12, 57, 54, 19, 84, 81, 5, 40, 21]",[],"{""accepted_indices"": [0, 1, 2, 3, 4, 5, 6, 7, 8, 9, 1, 2, 3, 4, 5, 6, 7, 8, 9], ""eps1"": 10, ""distance_median"": 0.22369207072662614}"
217,rflbat,rflbat_cluster_filter,"[4, 12, 57, 54, 19, 84, 81, 5, 40, 21, 12, 57, 54, 19, 84, 81, 5, 40, 21]",[],"{""accepted_indices"": [0, 1, 2, 3, 4, 5, 6, 7, 8, 9, 1, 2, 3, 4, 5, 6, 7, 8, 9], ""num_clusters"": 1, ""cluster_scores"": [0.08468775103411647]}"
217,rflbat,rflbat_final_distance_filter,"[4, 12, 57, 54, 19, 84, 81, 5, 40, 21]",[],"{""accepted_indices"": [0, 1, 2, 3, 4, 5, 6, 7, 8, 9, 1, 2, 3, 4, 5, 6, 7, 8, 9], ""eps2"": 6, ""distance_median"": 0.44522441262243445}"
218,rflbat,rflbat_first_distance_filter,"[4, 74, 91, 54, 69, 37, 94, 41, 59, 1, 74, 91, 54, 69, 37, 94, 41, 59, 1]",[],"{""accepted_indices"": [0, 1, 2, 3, 4, 5, 6, 7, 8, 9, 1, 2, 3, 4, 5, 6, 7, 8, 9], ""eps1"": 10, ""distance_median"": 0.2295325779848949}"
218,rflbat,rflbat_cluster_filter,"[4, 74, 91, 54, 69, 37, 94, 41, 59, 1, 74, 91, 54, 69, 37, 94, 41, 59, 1]",[],"{""accepted_indices"": [0, 1, 2, 3, 4, 5, 6, 7, 8, 9, 1, 2, 3, 4, 5, 6, 7, 8, 9], ""num_clusters"": 1, ""cluster_scores"": [0.1768666767046932]}"
218,rflbat,rflbat_final_distance_filter,"[4, 74, 91, 54, 69, 37, 94, 41, 59, 1]",[],"{""accepted_indices"": [0, 1, 2, 3, 4, 5, 6, 7, 8, 9, 1, 2, 3, 4, 5, 6, 7, 8, 9], ""eps2"": 6, ""distance_median"": 0.3479730832655076}"
219,rflbat,rflbat_first_distance_filter,"[1, 73, 51, 16, 26, 93, 91, 44, 77, 95, 73, 51, 16, 26, 93, 91, 44, 77, 95]",[],"{""accepted_indices"": [0, 1, 2, 3, 4, 5, 6, 7, 8, 9, 1, 2, 3, 4, 5, 6, 7, 8, 9], ""eps1"": 10, ""distance_median"": 0.19726700308148917}"
219,rflbat,rflbat_cluster_filter,"[1, 73, 51, 16, 26, 93, 91, 44, 77, 95, 73, 51, 16, 26, 93, 91, 44, 77, 95]",[],"{""accepted_indices"": [0, 1, 2, 3, 4, 5, 6, 7, 8, 9, 1, 2, 3, 4, 5, 6, 7, 8, 9], ""num_clusters"": 1, ""cluster_scores"": [0.10632667107282893]}"
219,rflbat,rflbat_final_distance_filter,"[1, 73, 51, 16, 26, 93, 91, 44, 77, 95]",[],"{""accepted_indices"": [0, 1, 2, 3, 4, 5, 6, 7, 8, 9, 1, 2, 3, 4, 5, 6, 7, 8, 9], ""eps2"": 6, ""distance_median"": 0.4034105512736157}"
220,rflbat,rflbat_first_distance_filter,"[0, 47, 96, 84, 18, 29, 76, 72, 57, 8, 47, 96, 84, 18, 29, 76, 72, 57, 8]",[],"{""accepted_indices"": [0, 1, 2, 3, 4, 5, 6, 7, 8, 9, 1, 2, 3, 4, 5, 6, 7, 8, 9], ""eps1"": 10, ""distance_median"": 0.21475376706648683}"
220,rflbat,rflbat_cluster_filter,"[0, 47, 96, 84, 18, 29, 76, 72, 57, 8, 47, 96, 84, 18, 29, 76, 72, 57, 8]",[],"{""accepted_indices"": [0, 1, 2, 3, 4, 5, 6, 7, 8, 9, 1, 2, 3, 4, 5, 6, 7, 8, 9], ""num_clusters"": 1, ""cluster_scores"": [0.1015631530545823]}"
220,rflbat,rflbat_final_distance_filter,"[0, 47, 96, 84, 18, 29, 76, 72, 57, 8]",[],"{""accepted_indices"": [0, 1, 2, 3, 4, 5, 6, 7, 8, 9, 1, 2, 3, 4, 5, 6, 7, 8, 9], ""eps2"": 6, ""distance_median"": 0.34672511564005004}"
221,rflbat,rflbat_first_distance_filter,"[3, 83, 44, 49, 23, 58, 9, 33, 11, 61, 83, 44, 49, 23, 58, 9, 33, 11, 61]",[],"{""accepted_indices"": [0, 1, 2, 3, 4, 5, 6, 7, 8, 9, 1, 2, 3, 4, 5, 6, 7, 8, 9], ""eps1"": 10, ""distance_median"": 0.123639657402364}"
221,rflbat,rflbat_cluster_filter,"[3, 83, 44, 49, 23, 58, 9, 33, 11, 61, 83, 44, 49, 23, 58, 9, 33, 11, 61]",[],"{""accepted_indices"": [0, 1, 2, 3, 4, 5, 6, 7, 8, 9, 1, 2, 3, 4, 5, 6, 7, 8, 9], ""num_clusters"": 1, ""cluster_scores"": [0.09966655109416539]}"
221,rflbat,rflbat_final_distance_filter,"[3, 83, 44, 49, 23, 58, 9, 33, 11, 61]",[],"{""accepted_indices"": [0, 1, 2, 3, 4, 5, 6, 7, 8, 9, 1, 2, 3, 4, 5, 6, 7, 8, 9], ""eps2"": 6, ""distance_median"": 0.2552639709511024}"
222,rflbat,rflbat_first_distance_filter,"[0, 2, 91, 50, 23, 31, 58, 80, 68, 37, 2, 91, 50, 23, 31, 58, 80, 68, 37]",[],"{""accepted_indices"": [0, 1, 2, 3, 4, 5, 6, 7, 8, 9, 1, 2, 3, 4, 5, 6, 7, 8, 9], ""eps1"": 10, ""distance_median"": 0.16923065897540418}"
222,rflbat,rflbat_cluster_filter,"[0, 2, 91, 50, 23, 31, 58, 80, 68, 37, 2, 91, 50, 23, 31, 58, 80, 68, 37]",[],"{""accepted_indices"": [0, 1, 2, 3, 4, 5, 6, 7, 8, 9, 1, 2, 3, 4, 5, 6, 7, 8, 9], ""num_clusters"": 1, ""cluster_scores"": [0.10040865514738509]}"
222,rflbat,rflbat_final_distance_filter,"[0, 2, 91, 50, 23, 31, 58, 80, 68, 37]",[],"{""accepted_indices"": [0, 1, 2, 3, 4, 5, 6, 7, 8, 9, 1, 2, 3, 4, 5, 6, 7, 8, 9], ""eps2"": 6, ""distance_median"": 0.276757841717407}"
223,rflbat,rflbat_first_distance_filter,"[1, 11, 26, 14, 13, 0, 32, 94, 99, 35, 11, 26, 14, 13, 0, 32, 94, 99, 35]",[],"{""accepted_indices"": [0, 1, 2, 3, 4, 5, 6, 7, 8, 9, 1, 2, 3, 4, 5, 6, 7, 8, 9], ""eps1"": 10, ""distance_median"": 0.23861768556160762}"
223,rflbat,rflbat_cluster_filter,"[1, 11, 26, 14, 13, 0, 32, 94, 99, 35, 11, 26, 14, 13, 0, 32, 94, 99, 35]",[],"{""accepted_indices"": [0, 1, 2, 3, 4, 5, 6, 7, 8, 9, 1, 2, 3, 4, 5, 6, 7, 8, 9], ""num_clusters"": 1, ""cluster_scores"": [0.07532120516766128]}"
223,rflbat,rflbat_final_distance_filter,"[1, 11, 26, 14, 13, 0, 32, 94, 99, 35]",[],"{""accepted_indices"": [0, 1, 2, 3, 4, 5, 6, 7, 8, 9, 1, 2, 3, 4, 5, 6, 7, 8, 9], ""eps2"": 6, ""distance_median"": 0.5045483507838388}"
224,rflbat,rflbat_first_distance_filter,"[1, 4, 25, 34, 45, 96, 21, 48, 36, 3, 4, 25, 34, 45, 96, 21, 48, 36, 3]",[],"{""accepted_indices"": [0, 1, 2, 3, 4, 5, 6, 7, 8, 9, 1, 2, 3, 4, 5, 6, 7, 8, 9], ""eps1"": 10, ""distance_median"": 0.2029895662992482}"
224,rflbat,rflbat_cluster_filter,"[1, 4, 25, 34, 45, 96, 21, 48, 36, 3, 4, 25, 34, 45, 96, 21, 48, 36, 3]",[],"{""accepted_indices"": [0, 1, 2, 3, 4, 5, 6, 7, 8, 9, 1, 2, 3, 4, 5, 6, 7, 8, 9], ""num_clusters"": 1, ""cluster_scores"": [0.11440721136860081]}"
224,rflbat,rflbat_final_distance_filter,"[1, 4, 25, 34, 45, 96, 21, 48, 36, 3]",[],"{""accepted_indices"": [0, 1, 2, 3, 4, 5, 6, 7, 8, 9, 1, 2, 3, 4, 5, 6, 7, 8, 9], ""eps2"": 6, ""distance_median"": 0.40957457981394213}"
225,rflbat,rflbat_first_distance_filter,"[2, 81, 72, 68, 36, 32, 11, 54, 75, 83, 81, 72, 68, 36, 32, 11, 54, 75, 83]",[],"{""accepted_indices"": [0, 1, 2, 3, 4, 5, 6, 7, 8, 9, 1, 2, 3, 4, 5, 6, 7, 8, 9], ""eps1"": 10, ""distance_median"": 0.2195457984971558}"
225,rflbat,rflbat_cluster_filter,"[2, 81, 68, 36, 32, 11, 54, 75, 83, 81, 68, 36, 32, 11, 54, 75, 83]",[72],"{""accepted_indices"": [0, 1, 3, 4, 5, 6, 7, 8, 9, 1, 3, 4, 5, 6, 7, 8, 9], ""num_clusters"": 2, ""cluster_scores"": [0.13299391030680385, 1.0000000000018563]}"
225,rflbat,rflbat_final_distance_filter,"[2, 81, 68, 36, 32, 11, 54, 75, 83]",[72],"{""accepted_indices"": [0, 1, 3, 4, 5, 6, 7, 8, 9, 1, 3, 4, 5, 6, 7, 8, 9], ""eps2"": 6, ""distance_median"": 0.1968370638279541}"
226,rflbat,rflbat_first_distance_filter,"[0, 72, 25, 57, 32, 85, 30, 35, 15, 8, 72, 25, 57, 32, 85, 30, 35, 15, 8]",[],"{""accepted_indices"": [0, 1, 2, 3, 4, 5, 6, 7, 8, 9, 1, 2, 3, 4, 5, 6, 7, 8, 9], ""eps1"": 10, ""distance_median"": 0.2067373039215995}"
226,rflbat,rflbat_cluster_filter,"[0, 72, 25, 57, 32, 85, 30, 35, 15, 8, 72, 25, 57, 32, 85, 30, 35, 15, 8]",[],"{""accepted_indices"": [0, 1, 2, 3, 4, 5, 6, 7, 8, 9, 1, 2, 3, 4, 5, 6, 7, 8, 9], ""num_clusters"": 1, ""cluster_scores"": [0.13542502394985134]}"
226,rflbat,rflbat_final_distance_filter,"[0, 72, 25, 57, 32, 85, 30, 35, 15, 8]",[],"{""accepted_indices"": [0, 1, 2, 3, 4, 5, 6, 7, 8, 9, 1, 2, 3, 4, 5, 6, 7, 8, 9], ""eps2"": 6, ""distance_median"": 0.3492394131913197}"
227,rflbat,rflbat_first_distance_filter,"[2, 39, 7, 6, 52, 25, 64, 99, 18, 57, 39, 7, 6, 52, 25, 64, 99, 18, 57]",[],"{""accepted_indices"": [0, 1, 2, 3, 4, 5, 6, 7, 8, 9, 1, 2, 3, 4, 5, 6, 7, 8, 9], ""eps1"": 10, ""distance_median"": 0.11860849367077964}"
227,rflbat,rflbat_cluster_filter,"[2, 39, 7, 6, 52, 25, 64, 99, 18, 57, 39, 7, 6, 52, 25, 64, 99, 18, 57]",[],"{""accepted_indices"": [0, 1, 2, 3, 4, 5, 6, 7, 8, 9, 1, 2, 3, 4, 5, 6, 7, 8, 9], ""num_clusters"": 1, ""cluster_scores"": [0.15625733837658315]}"
227,rflbat,rflbat_final_distance_filter,"[2, 39, 7, 6, 52, 25, 64, 99, 18, 57]",[],"{""accepted_indices"": [0, 1, 2, 3, 4, 5, 6, 7, 8, 9, 1, 2, 3, 4, 5, 6, 7, 8, 9], ""eps2"": 6, ""distance_median"": 0.23316632237686205}"
228,rflbat,rflbat_first_distance_filter,"[4, 59, 32, 43, 49, 60, 45, 63, 80, 35, 59, 32, 43, 49, 60, 45, 63, 80, 35]",[],"{""accepted_indices"": [0, 1, 2, 3, 4, 5, 6, 7, 8, 9, 1, 2, 3, 4, 5, 6, 7, 8, 9], ""eps1"": 10, ""distance_median"": 0.142068067291109}"
228,rflbat,rflbat_cluster_filter,"[4, 59, 32, 43, 49, 60, 45, 63, 80, 35, 59, 32, 43, 49, 60, 45, 63, 80, 35]",[],"{""accepted_indices"": [0, 1, 2, 3, 4, 5, 6, 7, 8, 9, 1, 2, 3, 4, 5, 6, 7, 8, 9], ""num_clusters"": 1, ""cluster_scores"": [0.11104095321214269]}"
228,rflbat,rflbat_final_distance_filter,"[4, 59, 32, 43, 49, 60, 45, 63, 80, 35]",[],"{""accepted_indices"": [0, 1, 2, 3, 4, 5, 6, 7, 8, 9, 1, 2, 3, 4, 5, 6, 7, 8, 9], ""eps2"": 6, ""distance_median"": 0.24192936057307318}"
229,rflbat,rflbat_first_distance_filter,"[4, 66, 85, 57, 39, 25, 47, 77, 92, 31, 66, 85, 57, 39, 25, 47, 77, 92, 31]",[],"{""accepted_indices"": [0, 1, 2, 3, 4, 5, 6, 7, 8, 9, 1, 2, 3, 4, 5, 6, 7, 8, 9], ""eps1"": 10, ""distance_median"": 0.16286393552690376}"
229,rflbat,rflbat_cluster_filter,"[4, 66, 85, 57, 39, 25, 47, 77, 92, 31, 66, 85, 57, 39, 25, 47, 77, 92, 31]",[],"{""accepted_indices"": [0, 1, 2, 3, 4, 5, 6, 7, 8, 9, 1, 2, 3, 4, 5, 6, 7, 8, 9], ""num_clusters"": 1, ""cluster_scores"": [0.16794551847178443]}"
229,rflbat,rflbat_final_distance_filter,"[4, 66, 85, 57, 39, 25, 47, 77, 92, 31]",[],"{""accepted_indices"": [0, 1, 2, 3, 4, 5, 6, 7, 8, 9, 1, 2, 3, 4, 5, 6, 7, 8, 9], ""eps2"": 6, ""distance_median"": 0.32005756449830797}"
230,rflbat,rflbat_first_distance_filter,"[2, 61, 12, 42, 24, 8, 67, 19, 75, 1, 61, 12, 42, 24, 8, 67, 19, 75, 1]",[],"{""accepted_indices"": [0, 1, 2, 3, 4, 5, 6, 7, 8, 9, 1, 2, 3, 4, 5, 6, 7, 8, 9], ""eps1"": 10, ""distance_median"": 0.17153514762001887}"
230,rflbat,rflbat_cluster_filter,"[2, 61, 12, 42, 24, 8, 67, 19, 75, 1, 61, 12, 42, 24, 8, 67, 19, 75, 1]",[],"{""accepted_indices"": [0, 1, 2, 3, 4, 5, 6, 7, 8, 9, 1, 2, 3, 4, 5, 6, 7, 8, 9], ""num_clusters"": 1, ""cluster_scores"": [0.10633858397237139]}"
230,rflbat,rflbat_final_distance_filter,"[2, 61, 12, 42, 24, 8, 67, 19, 75, 1]",[],"{""accepted_indices"": [0, 1, 2, 3, 4, 5, 6, 7, 8, 9, 1, 2, 3, 4, 5, 6, 7, 8, 9], ""eps2"": 6, ""distance_median"": 0.34628932095740794}"
231,rflbat,rflbat_first_distance_filter,"[0, 31, 68, 60, 85, 43, 44, 79, 32, 17, 31, 68, 60, 85, 43, 44, 79, 32, 17]",[],"{""accepted_indices"": [0, 1, 2, 3, 4, 5, 6, 7, 8, 9, 1, 2, 3, 4, 5, 6, 7, 8, 9], ""eps1"": 10, ""distance_median"": 0.1786424953412178}"
231,rflbat,rflbat_cluster_filter,"[0, 31, 68, 60, 85, 43, 44, 79, 32, 17, 31, 68, 60, 85, 43, 44, 79, 32, 17]",[],"{""accepted_indices"": [0, 1, 2, 3, 4, 5, 6, 7, 8, 9, 1, 2, 3, 4, 5, 6, 7, 8, 9], ""num_clusters"": 1, ""cluster_scores"": [0.10725831619861187]}"
231,rflbat,rflbat_final_distance_filter,"[0, 31, 68, 60, 85, 43, 44, 79, 32, 17]",[],"{""accepted_indices"": [0, 1, 2, 3, 4, 5, 6, 7, 8, 9, 1, 2, 3, 4, 5, 6, 7, 8, 9], ""eps2"": 6, ""distance_median"": 0.2865992080394109}"
232,rflbat,rflbat_first_distance_filter,"[2, 25, 69, 39, 84, 92, 20, 15, 57, 62, 25, 69, 39, 84, 92, 20, 15, 57, 62]",[],"{""accepted_indices"": [0, 1, 2, 3, 4, 5, 6, 7, 8, 9, 1, 2, 3, 4, 5, 6, 7, 8, 9], ""eps1"": 10, ""distance_median"": 0.15102066927848343}"
232,rflbat,rflbat_cluster_filter,"[2, 25, 69, 39, 84, 92, 20, 15, 57, 62, 25, 69, 39, 84, 92, 20, 15, 57, 62]",[],"{""accepted_indices"": [0, 1, 2, 3, 4, 5, 6, 7, 8, 9, 1, 2, 3, 4, 5, 6, 7, 8, 9], ""num_clusters"": 1, ""cluster_scores"": [0.09955810933790718]}"
232,rflbat,rflbat_final_distance_filter,"[2, 25, 69, 39, 84, 92, 20, 15, 57, 62]",[],"{""accepted_indices"": [0, 1, 2, 3, 4, 5, 6, 7, 8, 9, 1, 2, 3, 4, 5, 6, 7, 8, 9], ""eps2"": 6, ""distance_median"": 0.3062068843363415}"
233,rflbat,rflbat_first_distance_filter,"[3, 8, 84, 14, 13, 69, 88, 41, 66, 89, 8, 84, 14, 13, 69, 88, 41, 66, 89]",[],"{""accepted_indices"": [0, 1, 2, 3, 4, 5, 6, 7, 8, 9, 1, 2, 3, 4, 5, 6, 7, 8, 9], ""eps1"": 10, ""distance_median"": 0.22094275825037296}"
233,rflbat,rflbat_cluster_filter,"[3, 8, 84, 14, 13, 69, 88, 41, 66, 89, 8, 84, 14, 13, 69, 88, 41, 66, 89]",[],"{""accepted_indices"": [0, 1, 2, 3, 4, 5, 6, 7, 8, 9, 1, 2, 3, 4, 5, 6, 7, 8, 9], ""num_clusters"": 1, ""cluster_scores"": [0.09091841176698554]}"
233,rflbat,rflbat_final_distance_filter,"[3, 8, 84, 14, 13, 69, 88, 41, 66, 89]",[],"{""accepted_indices"": [0, 1, 2, 3, 4, 5, 6, 7, 8, 9, 1, 2, 3, 4, 5, 6, 7, 8, 9], ""eps2"": 6, ""distance_median"": 0.45137766304545845}"
234,rflbat,rflbat_first_distance_filter,"[1, 8, 19, 39, 33, 23, 67, 98, 64, 29, 8, 19, 39, 33, 23, 67, 98, 64, 29]",[],"{""accepted_indices"": [0, 1, 2, 3, 4, 5, 6, 7, 8, 9, 1, 2, 3, 4, 5, 6, 7, 8, 9], ""eps1"": 10, ""distance_median"": 0.10604023594244136}"
234,rflbat,rflbat_cluster_filter,"[1, 8, 19, 39, 33, 23, 67, 98, 64, 29, 8, 19, 39, 33, 23, 67, 98, 64, 29]",[],"{""accepted_indices"": [0, 1, 2, 3, 4, 5, 6, 7, 8, 9, 1, 2, 3, 4, 5, 6, 7, 8, 9], ""num_clusters"": 1, ""cluster_scores"": [0.10916422743519036]}"
234,rflbat,rflbat_final_distance_filter,"[1, 8, 19, 39, 33, 23, 67, 98, 64, 29]",[],"{""accepted_indices"": [0, 1, 2, 3, 4, 5, 6, 7, 8, 9, 1, 2, 3, 4, 5, 6, 7, 8, 9], ""eps2"": 6, ""distance_median"": 0.21055105043719716}"
235,rflbat,rflbat_first_distance_filter,"[2, 33, 45, 79, 74, 76, 21, 70, 96, 62, 33, 45, 79, 74, 76, 21, 70, 96, 62]",[],"{""accepted_indices"": [0, 1, 2, 3, 4, 5, 6, 7, 8, 9, 1, 2, 3, 4, 5, 6, 7, 8, 9], ""eps1"": 10, ""distance_median"": 0.09252534027951421}"
235,rflbat,rflbat_cluster_filter,"[2, 33, 45, 79, 74, 76, 21, 70, 96, 62, 33, 45, 79, 74, 76, 21, 70, 96, 62]",[],"{""accepted_indices"": [0, 1, 2, 3, 4, 5, 6, 7, 8, 9, 1, 2, 3, 4, 5, 6, 7, 8, 9], ""num_clusters"": 1, ""cluster_scores"": [0.11213721257313596]}"
235,rflbat,rflbat_final_distance_filter,"[2, 33, 45, 79, 74, 76, 21, 70, 96, 62]",[],"{""accepted_indices"": [0, 1, 2, 3, 4, 5, 6, 7, 8, 9, 1, 2, 3, 4, 5, 6, 7, 8, 9], ""eps2"": 6, ""distance_median"": 0.1835989922458259}"
236,rflbat,rflbat_first_distance_filter,"[3, 31, 95, 65, 78, 46, 71, 81, 94, 91, 31, 95, 65, 78, 46, 71, 81, 94, 91]",[],"{""accepted_indices"": [0, 1, 2, 3, 4, 5, 6, 7, 8, 9, 1, 2, 3, 4, 5, 6, 7, 8, 9], ""eps1"": 10, ""distance_median"": 0.2915606361429628}"
236,rflbat,rflbat_cluster_filter,"[3, 31, 95, 65, 78, 46, 71, 81, 94, 91, 31, 95, 65, 78, 46, 71, 81, 94, 91]",[],"{""accepted_indices"": [0, 1, 2, 3, 4, 5, 6, 7, 8, 9, 1, 2, 3, 4, 5, 6, 7, 8, 9], ""num_clusters"": 1, ""cluster_scores"": [0.09486074927224665]}"
236,rflbat,rflbat_final_distance_filter,"[3, 31, 95, 65, 78, 46, 71, 81, 94, 91]",[],"{""accepted_indices"": [0, 1, 2, 3, 4, 5, 6, 7, 8, 9, 1, 2, 3, 4, 5, 6, 7, 8, 9], ""eps2"": 6, ""distance_median"": 0.5951876185739432}"
237,rflbat,rflbat_first_distance_filter,"[1, 51, 74, 11, 96, 13, 9, 43, 58, 66, 51, 74, 11, 96, 13, 9, 43, 58, 66]",[],"{""accepted_indices"": [0, 1, 2, 3, 4, 5, 6, 7, 8, 9, 1, 2, 3, 4, 5, 6, 7, 8, 9], ""eps1"": 10, ""distance_median"": 0.2232935712698303}"
237,rflbat,rflbat_cluster_filter,"[1, 74, 11, 96, 13, 43, 58, 66, 74, 11, 96, 13, 43, 58, 66]","[51, 9]","{""accepted_indices"": [0, 2, 3, 4, 5, 7, 8, 9, 2, 3, 4, 5, 7, 8, 9], ""num_clusters"": 3, ""cluster_scores"": [0.18912586501975553, 1.0000000000024964, 1.0000000000026457]}"
237,rflbat,rflbat_final_distance_filter,"[1, 74, 11, 96, 13, 43, 58, 66]","[51, 9]","{""accepted_indices"": [0, 2, 3, 4, 5, 7, 8, 9, 2, 3, 4, 5, 7, 8, 9], ""eps2"": 6, ""distance_median"": 0.058358297418310764}"
238,rflbat,rflbat_first_distance_filter,"[0, 49, 35, 1, 61, 19, 59, 69, 86, 58, 49, 35, 1, 61, 19, 59, 69, 86, 58]",[],"{""accepted_indices"": [0, 1, 2, 3, 4, 5, 6, 7, 8, 9, 1, 2, 3, 4, 5, 6, 7, 8, 9], ""eps1"": 10, ""distance_median"": 0.20112116094791216}"
238,rflbat,rflbat_cluster_filter,"[0, 49, 35, 1, 61, 19, 59, 69, 86, 58, 49, 35, 1, 61, 19, 59, 69, 86, 58]",[],"{""accepted_indices"": [0, 1, 2, 3, 4, 5, 6, 7, 8, 9, 1, 2, 3, 4, 5, 6, 7, 8, 9], ""num_clusters"": 1, ""cluster_scores"": [0.2038529069283464]}"
238,rflbat,rflbat_final_distance_filter,"[0, 49, 35, 1, 61, 19, 59, 69, 86, 58]",[],"{""accepted_indices"": [0, 1, 2, 3, 4, 5, 6, 7, 8, 9, 1, 2, 3, 4, 5, 6, 7, 8, 9], ""eps2"": 6, ""distance_median"": 0.33770798201369656}"
239,rflbat,rflbat_first_distance_filter,"[4, 83, 21, 90, 96, 5, 33, 46, 48, 64, 83, 21, 90, 96, 5, 33, 46, 48, 64]",[],"{""accepted_indices"": [0, 1, 2, 3, 4, 5, 6, 7, 8, 9, 1, 2, 3, 4, 5, 6, 7, 8, 9], ""eps1"": 10, ""distance_median"": 0.23977225873334393}"
239,rflbat,rflbat_cluster_filter,"[4, 83, 21, 90, 96, 5, 33, 46, 48, 64, 83, 21, 90, 96, 5, 33, 46, 48, 64]",[],"{""accepted_indices"": [0, 1, 2, 3, 4, 5, 6, 7, 8, 9, 1, 2, 3, 4, 5, 6, 7, 8, 9], ""num_clusters"": 1, ""cluster_scores"": [0.13057193584653007]}"
239,rflbat,rflbat_final_distance_filter,"[4, 83, 21, 90, 96, 5, 33, 46, 48, 64]",[],"{""accepted_indices"": [0, 1, 2, 3, 4, 5, 6, 7, 8, 9, 1, 2, 3, 4, 5, 6, 7, 8, 9], ""eps2"": 6, ""distance_median"": 0.46699755032849133}"
240,rflbat,rflbat_first_distance_filter,"[1, 18, 98, 38, 42, 96, 43, 91, 23, 97, 18, 98, 38, 42, 96, 43, 91, 23, 97]",[],"{""accepted_indices"": [0, 1, 2, 3, 4, 5, 6, 7, 8, 9, 1, 2, 3, 4, 5, 6, 7, 8, 9], ""eps1"": 10, ""distance_median"": 0.2597526057025904}"
240,rflbat,rflbat_cluster_filter,"[1, 18, 98, 38, 96, 43, 91, 23, 97, 18, 98, 38, 96, 43, 91, 23, 97]",[42],"{""accepted_indices"": [0, 1, 2, 3, 5, 6, 7, 8, 9, 1, 2, 3, 5, 6, 7, 8, 9], ""num_clusters"": 2, ""cluster_scores"": [0.12506429498256447, 1.0000000000027192]}"
240,rflbat,rflbat_final_distance_filter,"[1, 18, 98, 38, 96, 43, 91, 23, 97]",[42],"{""accepted_indices"": [0, 1, 2, 3, 5, 6, 7, 8, 9, 1, 2, 3, 5, 6, 7, 8, 9], ""eps2"": 6, ""distance_median"": 0.16465291685505706}"
241,rflbat,rflbat_first_distance_filter,"[2, 66, 1, 69, 80, 21, 16, 40, 52, 81, 66, 1, 69, 80, 21, 16, 40, 52, 81]",[],"{""accepted_indices"": [0, 1, 2, 3, 4, 5, 6, 7, 8, 9, 1, 2, 3, 4, 5, 6, 7, 8, 9], ""eps1"": 10, ""distance_median"": 0.10403264981376163}"
241,rflbat,rflbat_cluster_filter,"[2, 66, 1, 69, 80, 21, 16, 40, 52, 81, 66, 1, 69, 80, 21, 16, 40, 52, 81]",[],"{""accepted_indices"": [0, 1, 2, 3, 4, 5, 6, 7, 8, 9, 1, 2, 3, 4, 5, 6, 7, 8, 9], ""num_clusters"": 1, ""cluster_scores"": [0.12684307258050503]}"
241,rflbat,rflbat_final_distance_filter,"[2, 66, 1, 69, 80, 21, 16, 40, 52, 81]",[],"{""accepted_indices"": [0, 1, 2, 3, 4, 5, 6, 7, 8, 9, 1, 2, 3, 4, 5, 6, 7, 8, 9], ""eps2"": 6, ""distance_median"": 0.20190281094134022}"
242,rflbat,rflbat_first_distance_filter,"[3, 80, 38, 23, 68, 99, 52, 69, 35, 45, 80, 38, 23, 68, 99, 52, 69, 35, 45]",[],"{""accepted_indices"": [0, 1, 2, 3, 4, 5, 6, 7, 8, 9, 1, 2, 3, 4, 5, 6, 7, 8, 9], ""eps1"": 10, ""distance_median"": 0.16039606145131685}"
242,rflbat,rflbat_cluster_filter,"[3, 80, 38, 23, 68, 99, 52, 69, 35, 45, 80, 38, 23, 68, 99, 52, 69, 35, 45]",[],"{""accepted_indices"": [0, 1, 2, 3, 4, 5, 6, 7, 8, 9, 1, 2, 3, 4, 5, 6, 7, 8, 9], ""num_clusters"": 1, ""cluster_scores"": [0.1017906203021126]}"
242,rflbat,rflbat_final_distance_filter,"[3, 80, 38, 23, 68, 99, 52, 69, 35, 45]",[],"{""accepted_indices"": [0, 1, 2, 3, 4, 5, 6, 7, 8, 9, 1, 2, 3, 4, 5, 6, 7, 8, 9], ""eps2"": 6, ""distance_median"": 0.3095388688330703}"
243,rflbat,rflbat_first_distance_filter,"[4, 1, 13, 11, 84, 15, 42, 12, 27, 89, 1, 13, 11, 84, 15, 42, 12, 27, 89]",[],"{""accepted_indices"": [0, 1, 2, 3, 4, 5, 6, 7, 8, 9, 1, 2, 3, 4, 5, 6, 7, 8, 9], ""eps1"": 10, ""distance_median"": 0.23957583614695646}"
243,rflbat,rflbat_cluster_filter,"[4, 1, 13, 11, 84, 15, 42, 12, 27, 89, 1, 13, 11, 84, 15, 42, 12, 27, 89]",[],"{""accepted_indices"": [0, 1, 2, 3, 4, 5, 6, 7, 8, 9, 1, 2, 3, 4, 5, 6, 7, 8, 9], ""num_clusters"": 1, ""cluster_scores"": [0.14681014615653393]}"
243,rflbat,rflbat_final_distance_filter,"[4, 1, 13, 11, 84, 15, 42, 12, 27, 89]",[],"{""accepted_indices"": [0, 1, 2, 3, 4, 5, 6, 7, 8, 9, 1, 2, 3, 4, 5, 6, 7, 8, 9], ""eps2"": 6, ""distance_median"": 0.45091672517945275}"
244,rflbat,rflbat_first_distance_filter,"[0, 64, 82, 46, 70, 77, 16, 43, 2, 28, 64, 82, 46, 70, 77, 16, 43, 2, 28]",[],"{""accepted_indices"": [0, 1, 2, 3, 4, 5, 6, 7, 8, 9, 1, 2, 3, 4, 5, 6, 7, 8, 9], ""eps1"": 10, ""distance_median"": 0.17365818209718759}"
244,rflbat,rflbat_cluster_filter,"[0, 64, 82, 46, 70, 77, 16, 43, 2, 28, 64, 82, 46, 70, 77, 16, 43, 2, 28]",[],"{""accepted_indices"": [0, 1, 2, 3, 4, 5, 6, 7, 8, 9, 1, 2, 3, 4, 5, 6, 7, 8, 9], ""num_clusters"": 1, ""cluster_scores"": [0.16805052878206608]}"
244,rflbat,rflbat_final_distance_filter,"[0, 64, 82, 46, 70, 77, 16, 43, 2, 28]",[],"{""accepted_indices"": [0, 1, 2, 3, 4, 5, 6, 7, 8, 9, 1, 2, 3, 4, 5, 6, 7, 8, 9], ""eps2"": 6, ""distance_median"": 0.2652937843006401}"
245,rflbat,rflbat_first_distance_filter,"[4, 1, 67, 90, 3, 83, 40, 52, 0, 72, 1, 67, 90, 3, 83, 40, 52, 0, 72]",[],"{""accepted_indices"": [0, 1, 2, 3, 4, 5, 6, 7, 8, 9, 1, 2, 3, 4, 5, 6, 7, 8, 9], ""eps1"": 10, ""distance_median"": 0.10578126903040923}"
245,rflbat,rflbat_cluster_filter,"[4, 1, 67, 90, 3, 83, 40, 52, 72, 1, 67, 90, 3, 83, 40, 52, 72]",[0],"{""accepted_indices"": [0, 1, 2, 3, 4, 5, 6, 7, 9, 1, 2, 3, 4, 5, 6, 7, 9], ""num_clusters"": 2, ""cluster_scores"": [0.16452504722074945, 1.0000000000014269]}"
245,rflbat,rflbat_final_distance_filter,"[4, 1, 67, 90, 3, 83, 40, 52, 72]",[0],"{""accepted_indices"": [0, 1, 2, 3, 4, 5, 6, 7, 9, 1, 2, 3, 4, 5, 6, 7, 9], ""eps2"": 6, ""distance_median"": 0.09510854264195417}"
246,rflbat,rflbat_first_distance_filter,"[1, 29, 22, 84, 58, 57, 94, 4, 99, 20, 29, 22, 84, 58, 57, 94, 4, 99, 20]",[],"{""accepted_indices"": [0, 1, 2, 3, 4, 5, 6, 7, 8, 9, 1, 2, 3, 4, 5, 6, 7, 8, 9], ""eps1"": 10, ""distance_median"": 0.12455034056520975}"
246,rflbat,rflbat_cluster_filter,"[1, 29, 22, 84, 58, 57, 94, 4, 99, 20, 29, 22, 84, 58, 57, 94, 4, 99, 20]",[],"{""accepted_indices"": [0, 1, 2, 3, 4, 5, 6, 7, 8, 9, 1, 2, 3, 4, 5, 6, 7, 8, 9], ""num_clusters"": 1, ""cluster_scores"": [0.09983162611721916]}"
246,rflbat,rflbat_final_distance_filter,"[1, 29, 22, 84, 58, 57, 94, 4, 99, 20]",[],"{""accepted_indices"": [0, 1, 2, 3, 4, 5, 6, 7, 8, 9, 1, 2, 3, 4, 5, 6, 7, 8, 9], ""eps2"": 6, ""distance_median"": 0.24854176915207957}"
247,rflbat,rflbat_first_distance_filter,"[2, 49, 54, 39, 91, 52, 79, 43, 35, 67, 49, 54, 39, 91, 52, 79, 43, 35, 67]",[],"{""accepted_indices"": [0, 1, 2, 3, 4, 5, 6, 7, 8, 9, 1, 2, 3, 4, 5, 6, 7, 8, 9], ""eps1"": 10, ""distance_median"": 0.1507186843276912}"
247,rflbat,rflbat_cluster_filter,"[2, 49, 54, 39, 91, 52, 79, 43, 35, 67, 49, 54, 39, 91, 52, 79, 43, 35, 67]",[],"{""accepted_indices"": [0, 1, 2, 3, 4, 5, 6, 7, 8, 9, 1, 2, 3, 4, 5, 6, 7, 8, 9], ""num_clusters"": 1, ""cluster_scores"": [0.11514223724299961]}"
247,rflbat,rflbat_final_distance_filter,"[2, 49, 54, 39, 91, 52, 79, 43, 35, 67]",[],"{""accepted_indices"": [0, 1, 2, 3, 4, 5, 6, 7, 8, 9, 1, 2, 3, 4, 5, 6, 7, 8, 9], ""eps2"": 6, ""distance_median"": 0.28410220531158453}"
248,rflbat,rflbat_first_distance_filter,"[1, 13, 45, 63, 22, 69, 70, 92, 52, 77, 13, 45, 63, 22, 69, 70, 92, 52, 77]",[],"{""accepted_indices"": [0, 1, 2, 3, 4, 5, 6, 7, 8, 9, 1, 2, 3, 4, 5, 6, 7, 8, 9], ""eps1"": 10, ""distance_median"": 0.11818153372247933}"
248,rflbat,rflbat_cluster_filter,"[1, 13, 45, 63, 22, 69, 70, 92, 52, 77, 13, 45, 63, 22, 69, 70, 92, 52, 77]",[],"{""accepted_indices"": [0, 1, 2, 3, 4, 5, 6, 7, 8, 9, 1, 2, 3, 4, 5, 6, 7, 8, 9], ""num_clusters"": 1, ""cluster_scores"": [0.1124725073343481]}"
248,rflbat,rflbat_final_distance_filter,"[1, 13, 45, 63, 22, 69, 70, 92, 52, 77]",[],"{""accepted_indices"": [0, 1, 2, 3, 4, 5, 6, 7, 8, 9, 1, 2, 3, 4, 5, 6, 7, 8, 9], ""eps2"": 6, ""distance_median"": 0.23487323471011037}"
249,rflbat,rflbat_first_distance_filter,"[4, 81, 74, 25, 78, 70, 95, 77, 62, 27, 81, 74, 25, 78, 70, 95, 77, 62, 27]",[],"{""accepted_indices"": [0, 1, 2, 3, 4, 5, 6, 7, 8, 9, 1, 2, 3, 4, 5, 6, 7, 8, 9], ""eps1"": 10, ""distance_median"": 0.1501641485053552}"
249,rflbat,rflbat_cluster_filter,"[4, 81, 74, 25, 78, 70, 95, 77, 62, 27, 81, 74, 25, 78, 70, 95, 77, 62, 27]",[],"{""accepted_indices"": [0, 1, 2, 3, 4, 5, 6, 7, 8, 9, 1, 2, 3, 4, 5, 6, 7, 8, 9], ""num_clusters"": 1, ""cluster_scores"": [0.10522640917311155]}"
249,rflbat,rflbat_final_distance_filter,"[4, 81, 74, 25, 78, 70, 95, 77, 62, 27]",[],"{""accepted_indices"": [0, 1, 2, 3, 4, 5, 6, 7, 8, 9, 1, 2, 3, 4, 5, 6, 7, 8, 9], ""eps2"": 6, ""distance_median"": 0.29564781055688955}"
250,rflbat,rflbat_first_distance_filter,"[3, 2, 61, 66, 16, 63, 25, 30, 50, 26, 2, 61, 66, 16, 63, 25, 30, 50, 26]",[],"{""accepted_indices"": [0, 1, 2, 3, 4, 5, 6, 7, 8, 9, 1, 2, 3, 4, 5, 6, 7, 8, 9], ""eps1"": 10, ""distance_median"": 0.3230033755797269}"
250,rflbat,rflbat_cluster_filter,"[3, 2, 61, 66, 16, 63, 25, 50, 26, 2, 61, 66, 16, 63, 25, 50, 26]",[30],"{""accepted_indices"": [0, 1, 2, 3, 4, 5, 6, 8, 9, 1, 2, 3, 4, 5, 6, 8, 9], ""num_clusters"": 2, ""cluster_scores"": [0.1210812903238922, 1.0000000000008762]}"
250,rflbat,rflbat_final_distance_filter,"[3, 2, 61, 66, 16, 63, 25, 50, 26]",[30],"{""accepted_indices"": [0, 1, 2, 3, 4, 5, 6, 8, 9, 1, 2, 3, 4, 5, 6, 8, 9], ""eps2"": 6, ""distance_median"": 0.15954784079850975}"
251,rflbat,rflbat_first_distance_filter,"[1, 91, 76, 92, 87, 78, 57, 86, 70, 34, 91, 76, 92, 87, 78, 57, 86, 70, 34]",[],"{""accepted_indices"": [0, 1, 2, 3, 4, 5, 6, 7, 8, 9, 1, 2, 3, 4, 5, 6, 7, 8, 9], ""eps1"": 10, ""distance_median"": 0.06743553618690454}"
251,rflbat,rflbat_cluster_filter,"[1, 91, 76, 92, 87, 78, 57, 86, 34, 91, 76, 92, 87, 78, 57, 86, 34]",[70],"{""accepted_indices"": [0, 1, 2, 3, 4, 5, 6, 7, 9, 1, 2, 3, 4, 5, 6, 7, 9], ""num_clusters"": 2, ""cluster_scores"": [0.11658242586168215, 1.0000000000007727]}"
251,rflbat,rflbat_final_distance_filter,"[1, 91, 76, 92, 87, 78, 57, 86, 34]",[70],"{""accepted_indices"": [0, 1, 2, 3, 4, 5, 6, 7, 9, 1, 2, 3, 4, 5, 6, 7, 9], ""eps2"": 6, ""distance_median"": 0.08448165669355284}"
252,rflbat,rflbat_first_distance_filter,"[4, 27, 90, 91, 55, 65, 52, 68, 51, 43, 27, 90, 91, 55, 65, 52, 68, 51, 43]",[],"{""accepted_indices"": [0, 1, 2, 3, 4, 5, 6, 7, 8, 9, 1, 2, 3, 4, 5, 6, 7, 8, 9], ""eps1"": 10, ""distance_median"": 0.11768230861678997}"
252,rflbat,rflbat_cluster_filter,"[4, 27, 90, 91, 55, 65, 52, 68, 51, 43, 27, 90, 91, 55, 65, 52, 68, 51, 43]",[],"{""accepted_indices"": [0, 1, 2, 3, 4, 5, 6, 7, 8, 9, 1, 2, 3, 4, 5, 6, 7, 8, 9], ""num_clusters"": 1, ""cluster_scores"": [0.10873021411446561]}"
252,rflbat,rflbat_final_distance_filter,"[4, 27, 90, 91, 55, 65, 52, 68, 51, 43]",[],"{""accepted_indices"": [0, 1, 2, 3, 4, 5, 6, 7, 8, 9, 1, 2, 3, 4, 5, 6, 7, 8, 9], ""eps2"": 6, ""distance_median"": 0.2353929601614085}"
253,rflbat,rflbat_first_distance_filter,"[2, 78, 98, 90, 66, 93, 99, 30, 29, 25, 78, 98, 90, 66, 93, 99, 30, 29, 25]",[],"{""accepted_indices"": [0, 1, 2, 3, 4, 5, 6, 7, 8, 9, 1, 2, 3, 4, 5, 6, 7, 8, 9], ""eps1"": 10, ""distance_median"": 0.12958769719856833}"
253,rflbat,rflbat_cluster_filter,"[2, 78, 98, 90, 66, 93, 99, 30, 29, 25, 78, 98, 90, 66, 93, 99, 30, 29, 25]",[],"{""accepted_indices"": [0, 1, 2, 3, 4, 5, 6, 7, 8, 9, 1, 2, 3, 4, 5, 6, 7, 8, 9], ""num_clusters"": 1, ""cluster_scores"": [0.09950387966594151]}"
253,rflbat,rflbat_final_distance_filter,"[2, 78, 98, 90, 66, 93, 99, 30, 29, 25]",[],"{""accepted_indices"": [0, 1, 2, 3, 4, 5, 6, 7, 8, 9, 1, 2, 3, 4, 5, 6, 7, 8, 9], ""eps2"": 6, ""distance_median"": 0.2646324836253423}"
254,rflbat,rflbat_first_distance_filter,"[1, 92, 34, 78, 33, 94, 99, 45, 89, 37, 92, 34, 78, 33, 94, 99, 45, 89, 37]",[],"{""accepted_indices"": [0, 1, 2, 3, 4, 5, 6, 7, 8, 9, 1, 2, 3, 4, 5, 6, 7, 8, 9], ""eps1"": 10, ""distance_median"": 0.07800061965705857}"
254,rflbat,rflbat_cluster_filter,"[1, 92, 34, 78, 33, 94, 99, 45, 89, 37, 92, 34, 78, 33, 94, 99, 45, 89, 37]",[],"{""accepted_indices"": [0, 1, 2, 3, 4, 5, 6, 7, 8, 9, 1, 2, 3, 4, 5, 6, 7, 8, 9], ""num_clusters"": 1, ""cluster_scores"": [0.11252353007650717]}"
254,rflbat,rflbat_final_distance_filter,"[1, 92, 34, 78, 33, 94, 99, 45, 89, 37]",[],"{""accepted_indices"": [0, 1, 2, 3, 4, 5, 6, 7, 8, 9, 1, 2, 3, 4, 5, 6, 7, 8, 9], ""eps2"": 6, ""distance_median"": 0.15743395888475537}"
255,rflbat,rflbat_first_distance_filter,"[4, 32, 92, 55, 57, 7, 64, 93, 76, 31, 32, 92, 55, 57, 7, 64, 93, 76, 31]",[],"{""accepted_indices"": [0, 1, 2, 3, 4, 5, 6, 7, 8, 9, 1, 2, 3, 4, 5, 6, 7, 8, 9], ""eps1"": 10, ""distance_median"": 0.12290308720362396}"
255,rflbat,rflbat_cluster_filter,"[4, 32, 92, 55, 57, 7, 64, 93, 76, 31, 32, 92, 55, 57, 7, 64, 93, 76, 31]",[],"{""accepted_indices"": [0, 1, 2, 3, 4, 5, 6, 7, 8, 9, 1, 2, 3, 4, 5, 6, 7, 8, 9], ""num_clusters"": 1, ""cluster_scores"": [0.07629954231153083]}"
255,rflbat,rflbat_final_distance_filter,"[4, 32, 92, 55, 57, 7, 64, 93, 76, 31]",[],"{""accepted_indices"": [0, 1, 2, 3, 4, 5, 6, 7, 8, 9, 1, 2, 3, 4, 5, 6, 7, 8, 9], ""eps2"": 6, ""distance_median"": 0.24231721557214841}"
256,rflbat,rflbat_first_distance_filter,"[1, 71, 37, 31, 35, 85, 86, 16, 59, 47, 71, 37, 31, 35, 85, 86, 16, 59, 47]",[],"{""accepted_indices"": [0, 1, 2, 3, 4, 5, 6, 7, 8, 9, 1, 2, 3, 4, 5, 6, 7, 8, 9], ""eps1"": 10, ""distance_median"": 0.17787709533447874}"
256,rflbat,rflbat_cluster_filter,"[1, 71, 37, 31, 35, 85, 86, 16, 59, 47, 71, 37, 31, 35, 85, 86, 16, 59, 47]",[],"{""accepted_indices"": [0, 1, 2, 3, 4, 5, 6, 7, 8, 9, 1, 2, 3, 4, 5, 6, 7, 8, 9], ""num_clusters"": 1, ""cluster_scores"": [0.1457145054469303]}"
256,rflbat,rflbat_final_distance_filter,"[1, 71, 37, 31, 35, 85, 86, 16, 59, 47]",[],"{""accepted_indices"": [0, 1, 2, 3, 4, 5, 6, 7, 8, 9, 1, 2, 3, 4, 5, 6, 7, 8, 9], ""eps2"": 6, ""distance_median"": 0.3592895208764247}"
257,rflbat,rflbat_first_distance_filter,"[1, 82, 45, 15, 8, 97, 83, 0, 66, 40, 82, 45, 15, 8, 97, 83, 0, 66, 40]",[],"{""accepted_indices"": [0, 1, 2, 3, 4, 5, 6, 7, 8, 9, 1, 2, 3, 4, 5, 6, 7, 8, 9], ""eps1"": 10, ""distance_median"": 0.18760385864534035}"
257,rflbat,rflbat_cluster_filter,"[1, 82, 45, 15, 8, 97, 83, 0, 66, 40, 82, 45, 15, 8, 97, 83, 0, 66, 40]",[],"{""accepted_indices"": [0, 1, 2, 3, 4, 5, 6, 7, 8, 9, 1, 2, 3, 4, 5, 6, 7, 8, 9], ""num_clusters"": 1, ""cluster_scores"": [0.10383433728071104]}"
257,rflbat,rflbat_final_distance_filter,"[1, 82, 45, 15, 8, 97, 83, 0, 66, 40]",[],"{""accepted_indices"": [0, 1, 2, 3, 4, 5, 6, 7, 8, 9, 1, 2, 3, 4, 5, 6, 7, 8, 9], ""eps2"": 6, ""distance_median"": 0.37016555623038894}"
258,rflbat,rflbat_first_distance_filter,"[2, 72, 77, 46, 67, 80, 51, 59, 81, 28, 72, 77, 46, 67, 80, 51, 59, 81, 28]",[],"{""accepted_indices"": [0, 1, 2, 3, 4, 5, 6, 7, 8, 9, 1, 2, 3, 4, 5, 6, 7, 8, 9], ""eps1"": 10, ""distance_median"": 0.14144486621274174}"
258,rflbat,rflbat_cluster_filter,"[2, 72, 77, 46, 67, 80, 51, 59, 81, 28, 72, 77, 46, 67, 80, 51, 59, 81, 28]",[],"{""accepted_indices"": [0, 1, 2, 3, 4, 5, 6, 7, 8, 9, 1, 2, 3, 4, 5, 6, 7, 8, 9], ""num_clusters"": 1, ""cluster_scores"": [0.10201383342277015]}"
258,rflbat,rflbat_final_distance_filter,"[2, 72, 77, 46, 67, 80, 51, 59, 81, 28]",[],"{""accepted_indices"": [0, 1, 2, 3, 4, 5, 6, 7, 8, 9, 1, 2, 3, 4, 5, 6, 7, 8, 9], ""eps2"": 6, ""distance_median"": 0.27782720726543153}"
259,rflbat,rflbat_first_distance_filter,"[1, 14, 87, 68, 31, 92, 54, 33, 39, 53, 14, 87, 68, 31, 92, 54, 33, 39, 53]",[],"{""accepted_indices"": [0, 1, 2, 3, 4, 5, 6, 7, 8, 9, 1, 2, 3, 4, 5, 6, 7, 8, 9], ""eps1"": 10, ""distance_median"": 0.1654587497965982}"
259,rflbat,rflbat_cluster_filter,"[1, 14, 87, 68, 31, 92, 54, 33, 39, 53, 14, 87, 68, 31, 92, 54, 33, 39, 53]",[],"{""accepted_indices"": [0, 1, 2, 3, 4, 5, 6, 7, 8, 9, 1, 2, 3, 4, 5, 6, 7, 8, 9], ""num_clusters"": 1, ""cluster_scores"": [0.13187388516277795]}"
259,rflbat,rflbat_final_distance_filter,"[1, 14, 87, 68, 31, 92, 54, 33, 39, 53]",[],"{""accepted_indices"": [0, 1, 2, 3, 4, 5, 6, 7, 8, 9, 1, 2, 3, 4, 5, 6, 7, 8, 9], ""eps2"": 6, ""distance_median"": 0.32732707795035093}"
260,rflbat,rflbat_first_distance_filter,"[2, 46, 14, 42, 93, 17, 62, 85, 60, 23, 46, 14, 42, 93, 17, 62, 85, 60, 23]",[],"{""accepted_indices"": [0, 1, 2, 3, 4, 5, 6, 7, 8, 9, 1, 2, 3, 4, 5, 6, 7, 8, 9], ""eps1"": 10, ""distance_median"": 0.1992898437092443}"
260,rflbat,rflbat_cluster_filter,"[2, 46, 14, 42, 93, 17, 62, 85, 60, 23, 46, 14, 42, 93, 17, 62, 85, 60, 23]",[],"{""accepted_indices"": [0, 1, 2, 3, 4, 5, 6, 7, 8, 9, 1, 2, 3, 4, 5, 6, 7, 8, 9], ""num_clusters"": 1, ""cluster_scores"": [0.11531140931337443]}"
260,rflbat,rflbat_final_distance_filter,"[2, 46, 14, 42, 93, 17, 62, 85, 60, 23]",[],"{""accepted_indices"": [0, 1, 2, 3, 4, 5, 6, 7, 8, 9, 1, 2, 3, 4, 5, 6, 7, 8, 9], ""eps2"": 6, ""distance_median"": 0.40419834093073526}"
261,rflbat,rflbat_first_distance_filter,"[3, 68, 46, 31, 22, 16, 98, 26, 9, 67, 68, 46, 31, 22, 16, 98, 26, 9, 67]",[],"{""accepted_indices"": [0, 1, 2, 3, 4, 5, 6, 7, 8, 9, 1, 2, 3, 4, 5, 6, 7, 8, 9], ""eps1"": 10, ""distance_median"": 0.14871287736213493}"
261,rflbat,rflbat_cluster_filter,"[3, 68, 46, 31, 22, 16, 98, 26, 9, 67, 68, 46, 31, 22, 16, 98, 26, 9, 67]",[],"{""accepted_indices"": [0, 1, 2, 3, 4, 5, 6, 7, 8, 9, 1, 2, 3, 4, 5, 6, 7, 8, 9], ""num_clusters"": 1, ""cluster_scores"": [0.10671172722685722]}"
261,rflbat,rflbat_final_distance_filter,"[3, 68, 46, 31, 22, 16, 98, 26, 9, 67]",[],"{""accepted_indices"": [0, 1, 2, 3, 4, 5, 6, 7, 8, 9, 1, 2, 3, 4, 5, 6, 7, 8, 9], ""eps2"": 6, ""distance_median"": 0.30404352498662146}"
262,rflbat,rflbat_first_distance_filter,"[3, 0, 28, 44, 8, 53, 45, 1, 49, 7, 0, 28, 44, 8, 53, 45, 1, 49, 7]",[],"{""accepted_indices"": [0, 1, 2, 3, 4, 5, 6, 7, 8, 9, 1, 2, 3, 4, 5, 6, 7, 8, 9], ""eps1"": 10, ""distance_median"": 0.20139457765945973}"
262,rflbat,rflbat_cluster_filter,"[3, 0, 28, 44, 8, 53, 45, 1, 49, 7, 0, 28, 44, 8, 53, 45, 1, 49, 7]",[],"{""accepted_indices"": [0, 1, 2, 3, 4, 5, 6, 7, 8, 9, 1, 2, 3, 4, 5, 6, 7, 8, 9], ""num_clusters"": 1, ""cluster_scores"": [0.14911114827794258]}"
262,rflbat,rflbat_final_distance_filter,"[3, 0, 28, 44, 8, 53, 45, 1, 49, 7]",[],"{""accepted_indices"": [0, 1, 2, 3, 4, 5, 6, 7, 8, 9, 1, 2, 3, 4, 5, 6, 7, 8, 9], ""eps2"": 6, ""distance_median"": 0.4103820106099141}"
263,rflbat,rflbat_first_distance_filter,"[4, 87, 33, 45, 64, 68, 61, 99, 85, 10, 87, 33, 45, 64, 68, 61, 99, 85, 10]",[],"{""accepted_indices"": [0, 1, 2, 3, 4, 5, 6, 7, 8, 9, 1, 2, 3, 4, 5, 6, 7, 8, 9], ""eps1"": 10, ""distance_median"": 0.2036199026882331}"
263,rflbat,rflbat_cluster_filter,"[4, 87, 33, 45, 64, 68, 61, 99, 85, 10, 87, 33, 45, 64, 68, 61, 99, 85, 10]",[],"{""accepted_indices"": [0, 1, 2, 3, 4, 5, 6, 7, 8, 9, 1, 2, 3, 4, 5, 6, 7, 8, 9], ""num_clusters"": 1, ""cluster_scores"": [0.1289826038249252]}"
263,rflbat,rflbat_final_distance_filter,"[4, 87, 33, 45, 64, 68, 61, 99, 85, 10]",[],"{""accepted_indices"": [0, 1, 2, 3, 4, 5, 6, 7, 8, 9, 1, 2, 3, 4, 5, 6, 7, 8, 9], ""eps2"": 6, ""distance_median"": 0.4045133414966191}"
264,rflbat,rflbat_first_distance_filter,"[0, 84, 57, 59, 91, 28, 75, 24, 22, 51, 84, 57, 59, 91, 28, 75, 24, 22, 51]",[],"{""accepted_indices"": [0, 1, 2, 3, 4, 5, 6, 7, 8, 9, 1, 2, 3, 4, 5, 6, 7, 8, 9], ""eps1"": 10, ""distance_median"": 0.17189771255259456}"
264,rflbat,rflbat_cluster_filter,"[0, 84, 57, 59, 91, 28, 75, 24, 22, 51, 84, 57, 59, 91, 28, 75, 24, 22, 51]",[],"{""accepted_indices"": [0, 1, 2, 3, 4, 5, 6, 7, 8, 9, 1, 2, 3, 4, 5, 6, 7, 8, 9], ""num_clusters"": 1, ""cluster_scores"": [0.10188814996267935]}"
264,rflbat,rflbat_final_distance_filter,"[0, 84, 57, 59, 91, 28, 75, 24, 22, 51]",[],"{""accepted_indices"": [0, 1, 2, 3, 4, 5, 6, 7, 8, 9, 1, 2, 3, 4, 5, 6, 7, 8, 9], ""eps2"": 6, ""distance_median"": 0.2524363087351496}"
265,rflbat,rflbat_first_distance_filter,"[4, 22, 21, 15, 53, 18, 42, 57, 37, 11, 22, 21, 15, 53, 18, 42, 57, 37, 11]",[],"{""accepted_indices"": [0, 1, 2, 3, 4, 5, 6, 7, 8, 9, 1, 2, 3, 4, 5, 6, 7, 8, 9], ""eps1"": 10, ""distance_median"": 0.15589090087069915}"
265,rflbat,rflbat_cluster_filter,"[4, 22, 21, 15, 53, 18, 42, 57, 37, 11, 22, 21, 15, 53, 18, 42, 57, 37, 11]",[],"{""accepted_indices"": [0, 1, 2, 3, 4, 5, 6, 7, 8, 9, 1, 2, 3, 4, 5, 6, 7, 8, 9], ""num_clusters"": 1, ""cluster_scores"": [0.0898446333787359]}"
265,rflbat,rflbat_final_distance_filter,"[4, 22, 21, 15, 53, 18, 42, 57, 37, 11]",[],"{""accepted_indices"": [0, 1, 2, 3, 4, 5, 6, 7, 8, 9, 1, 2, 3, 4, 5, 6, 7, 8, 9], ""eps2"": 6, ""distance_median"": 0.3325618092618566}"
266,rflbat,rflbat_first_distance_filter,"[1, 20, 54, 29, 23, 17, 13, 78, 44, 38, 20, 54, 29, 23, 17, 13, 78, 44, 38]",[],"{""accepted_indices"": [0, 1, 2, 3, 4, 5, 6, 7, 8, 9, 1, 2, 3, 4, 5, 6, 7, 8, 9], ""eps1"": 10, ""distance_median"": 0.18912880358042805}"
266,rflbat,rflbat_cluster_filter,"[1, 20, 54, 29, 23, 17, 13, 78, 44, 38, 20, 54, 29, 23, 17, 13, 78, 44, 38]",[],"{""accepted_indices"": [0, 1, 2, 3, 4, 5, 6, 7, 8, 9, 1, 2, 3, 4, 5, 6, 7, 8, 9], ""num_clusters"": 1, ""cluster_scores"": [0.13194579725138378]}"
266,rflbat,rflbat_final_distance_filter,"[1, 20, 54, 29, 23, 17, 13, 78, 44, 38]",[],"{""accepted_indices"": [0, 1, 2, 3, 4, 5, 6, 7, 8, 9, 1, 2, 3, 4, 5, 6, 7, 8, 9], ""eps2"": 6, ""distance_median"": 0.3773949944218526}"
267,rflbat,rflbat_first_distance_filter,"[4, 81, 53, 66, 52, 91, 86, 27, 87, 74, 81, 53, 66, 52, 91, 86, 27, 87, 74]",[],"{""accepted_indices"": [0, 1, 2, 3, 4, 5, 6, 7, 8, 9, 1, 2, 3, 4, 5, 6, 7, 8, 9], ""eps1"": 10, ""distance_median"": 0.1076536849827883}"
267,rflbat,rflbat_cluster_filter,"[4, 81, 53, 66, 52, 91, 86, 27, 87, 74, 81, 53, 66, 52, 91, 86, 27, 87, 74]",[],"{""accepted_indices"": [0, 1, 2, 3, 4, 5, 6, 7, 8, 9, 1, 2, 3, 4, 5, 6, 7, 8, 9], ""num_clusters"": 1, ""cluster_scores"": [0.12105057546416038]}"
267,rflbat,rflbat_final_distance_filter,"[4, 81, 53, 66, 52, 91, 86, 27, 87, 74]",[],"{""accepted_indices"": [0, 1, 2, 3, 4, 5, 6, 7, 8, 9, 1, 2, 3, 4, 5, 6, 7, 8, 9], ""eps2"": 6, ""distance_median"": 0.2124724380174254}"
268,rflbat,rflbat_first_distance_filter,"[4, 0, 86, 64, 34, 9, 20, 87, 58, 18, 0, 86, 64, 34, 9, 20, 87, 58, 18]",[],"{""accepted_indices"": [0, 1, 2, 3, 4, 5, 6, 7, 8, 9, 1, 2, 3, 4, 5, 6, 7, 8, 9], ""eps1"": 10, ""distance_median"": 0.14234785374773398}"
268,rflbat,rflbat_cluster_filter,"[4, 0, 86, 64, 34, 9, 20, 87, 58, 18, 0, 86, 64, 34, 9, 20, 87, 58, 18]",[],"{""accepted_indices"": [0, 1, 2, 3, 4, 5, 6, 7, 8, 9, 1, 2, 3, 4, 5, 6, 7, 8, 9], ""num_clusters"": 1, ""cluster_scores"": [0.10623007031972753]}"
268,rflbat,rflbat_final_distance_filter,"[4, 0, 86, 64, 34, 9, 20, 87, 58, 18]",[],"{""accepted_indices"": [0, 1, 2, 3, 4, 5, 6, 7, 8, 9, 1, 2, 3, 4, 5, 6, 7, 8, 9], ""eps2"": 6, ""distance_median"": 0.2867225462856487}"
269,rflbat,rflbat_first_distance_filter,"[4, 36, 27, 14, 37, 82, 48, 58, 12, 61, 36, 27, 14, 37, 82, 48, 58, 12, 61]",[],"{""accepted_indices"": [0, 1, 2, 3, 4, 5, 6, 7, 8, 9, 1, 2, 3, 4, 5, 6, 7, 8, 9], ""eps1"": 10, ""distance_median"": 0.19195608337484577}"
269,rflbat,rflbat_cluster_filter,"[4, 36, 27, 14, 37, 82, 48, 58, 12, 61, 36, 27, 14, 37, 82, 48, 58, 12, 61]",[],"{""accepted_indices"": [0, 1, 2, 3, 4, 5, 6, 7, 8, 9, 1, 2, 3, 4, 5, 6, 7, 8, 9], ""num_clusters"": 1, ""cluster_scores"": [0.12695086954844537]}"
269,rflbat,rflbat_final_distance_filter,"[4, 36, 27, 14, 37, 82, 48, 58, 12, 61]",[],"{""accepted_indices"": [0, 1, 2, 3, 4, 5, 6, 7, 8, 9, 1, 2, 3, 4, 5, 6, 7, 8, 9], ""eps2"": 6, ""distance_median"": 0.3275460891630843}"
270,rflbat,rflbat_first_distance_filter,"[2, 32, 92, 28, 59, 53, 23, 47, 99, 82, 32, 92, 28, 59, 53, 23, 47, 99, 82]",[],"{""accepted_indices"": [0, 1, 2, 3, 4, 5, 6, 7, 8, 9, 1, 2, 3, 4, 5, 6, 7, 8, 9], ""eps1"": 10, ""distance_median"": 0.1543694801871473}"
270,rflbat,rflbat_cluster_filter,"[2, 32, 92, 28, 59, 53, 23, 47, 99, 82, 32, 92, 28, 59, 53, 23, 47, 99, 82]",[],"{""accepted_indices"": [0, 1, 2, 3, 4, 5, 6, 7, 8, 9, 1, 2, 3, 4, 5, 6, 7, 8, 9], ""num_clusters"": 1, ""cluster_scores"": [0.1168140164434482]}"
270,rflbat,rflbat_final_distance_filter,"[2, 32, 92, 28, 59, 53, 23, 47, 99, 82]",[],"{""accepted_indices"": [0, 1, 2, 3, 4, 5, 6, 7, 8, 9, 1, 2, 3, 4, 5, 6, 7, 8, 9], ""eps2"": 6, ""distance_median"": 0.31912103775854483}"
271,rflbat,rflbat_first_distance_filter,"[1, 22, 66, 4, 34, 52, 96, 29, 47, 68, 22, 66, 4, 34, 52, 96, 29, 47, 68]",[],"{""accepted_indices"": [0, 1, 2, 3, 4, 5, 6, 7, 8, 9, 1, 2, 3, 4, 5, 6, 7, 8, 9], ""eps1"": 10, ""distance_median"": 0.19244990660286565}"
271,rflbat,rflbat_cluster_filter,"[1, 22, 66, 4, 34, 52, 96, 29, 47, 68, 22, 66, 4, 34, 52, 96, 29, 47, 68]",[],"{""accepted_indices"": [0, 1, 2, 3, 4, 5, 6, 7, 8, 9, 1, 2, 3, 4, 5, 6, 7, 8, 9], ""num_clusters"": 1, ""cluster_scores"": [0.11363110952133718]}"
271,rflbat,rflbat_final_distance_filter,"[1, 22, 66, 4, 34, 52, 96, 29, 47, 68]",[],"{""accepted_indices"": [0, 1, 2, 3, 4, 5, 6, 7, 8, 9, 1, 2, 3, 4, 5, 6, 7, 8, 9], ""eps2"": 6, ""distance_median"": 0.3831287307317396}"
272,rflbat,rflbat_first_distance_filter,"[1, 94, 20, 71, 91, 23, 2, 5, 44, 39, 94, 20, 71, 91, 23, 2, 5, 44, 39]",[],"{""accepted_indices"": [0, 1, 2, 3, 4, 5, 6, 7, 8, 9, 1, 2, 3, 4, 5, 6, 7, 8, 9], ""eps1"": 10, ""distance_median"": 0.12581509454693798}"
272,rflbat,rflbat_cluster_filter,"[1, 94, 20, 71, 91, 23, 2, 5, 44, 39, 94, 20, 71, 91, 23, 2, 5, 44, 39]",[],"{""accepted_indices"": [0, 1, 2, 3, 4, 5, 6, 7, 8, 9, 1, 2, 3, 4, 5, 6, 7, 8, 9], ""num_clusters"": 1, ""cluster_scores"": [0.10855337101059004]}"
272,rflbat,rflbat_final_distance_filter,"[1, 94, 20, 71, 91, 23, 2, 5, 44, 39]",[],"{""accepted_indices"": [0, 1, 2, 3, 4, 5, 6, 7, 8, 9, 1, 2, 3, 4, 5, 6, 7, 8, 9], ""eps2"": 6, ""distance_median"": 0.2539739756490882}"
273,rflbat,rflbat_first_distance_filter,"[2, 60, 5, 4, 69, 15, 19, 23, 98, 0, 60, 5, 4, 69, 15, 19, 23, 98, 0]",[],"{""accepted_indices"": [0, 1, 2, 3, 4, 5, 6, 7, 8, 9, 1, 2, 3, 4, 5, 6, 7, 8, 9], ""eps1"": 10, ""distance_median"": 0.1516623639660961}"
273,rflbat,rflbat_cluster_filter,"[2, 60, 5, 4, 69, 15, 19, 23, 98, 0, 60, 5, 4, 69, 15, 19, 23, 98, 0]",[],"{""accepted_indices"": [0, 1, 2, 3, 4, 5, 6, 7, 8, 9, 1, 2, 3, 4, 5, 6, 7, 8, 9], ""num_clusters"": 1, ""cluster_scores"": [0.08439940297188737]}"
273,rflbat,rflbat_final_distance_filter,"[2, 60, 5, 4, 69, 15, 19, 23, 98, 0]",[],"{""accepted_indices"": [0, 1, 2, 3, 4, 5, 6, 7, 8, 9, 1, 2, 3, 4, 5, 6, 7, 8, 9], ""eps2"": 6, ""distance_median"": 0.3113912602590898}"
274,rflbat,rflbat_first_distance_filter,"[3, 71, 26, 0, 68, 98, 78, 47, 6, 2, 71, 26, 0, 68, 98, 78, 47, 6, 2]",[],"{""accepted_indices"": [0, 1, 2, 3, 4, 5, 6, 7, 8, 9, 1, 2, 3, 4, 5, 6, 7, 8, 9], ""eps1"": 10, ""distance_median"": 0.1454923679151905}"
274,rflbat,rflbat_cluster_filter,"[3, 71, 26, 0, 68, 98, 78, 47, 6, 2, 71, 26, 0, 68, 98, 78, 47, 6, 2]",[],"{""accepted_indices"": [0, 1, 2, 3, 4, 5, 6, 7, 8, 9, 1, 2, 3, 4, 5, 6, 7, 8, 9], ""num_clusters"": 1, ""cluster_scores"": [0.08145649645546786]}"
274,rflbat,rflbat_final_distance_filter,"[3, 71, 26, 0, 68, 98, 78, 47, 6, 2]",[],"{""accepted_indices"": [0, 1, 2, 3, 4, 5, 6, 7, 8, 9, 1, 2, 3, 4, 5, 6, 7, 8, 9], ""eps2"": 6, ""distance_median"": 0.2912364806683981}"
275,rflbat,rflbat_first_distance_filter,"[2, 49, 26, 1, 60, 57, 54, 91, 58, 51, 49, 26, 1, 60, 57, 54, 91, 58, 51]",[],"{""accepted_indices"": [0, 1, 2, 3, 4, 5, 6, 7, 8, 9, 1, 2, 3, 4, 5, 6, 7, 8, 9], ""eps1"": 10, ""distance_median"": 0.2689449939882619}"
275,rflbat,rflbat_cluster_filter,"[2, 49, 1, 60, 57, 54, 91, 58, 51, 49, 1, 60, 57, 54, 91, 58, 51]",[26],"{""accepted_indices"": [0, 1, 3, 4, 5, 6, 7, 8, 9, 1, 3, 4, 5, 6, 7, 8, 9], ""num_clusters"": 2, ""cluster_scores"": [0.09703954839222616, 1.0000000000017992]}"
275,rflbat,rflbat_final_distance_filter,"[2, 49, 1, 60, 57, 91, 58, 51]","[26, 54]","{""accepted_indices"": [0, 1, 3, 4, 5, 7, 8, 9, 1, 3, 4, 5, 7, 8, 9], ""eps2"": 6, ""distance_median"": 0.157888683569806}"
276,rflbat,rflbat_first_distance_filter,"[1, 45, 78, 70, 51, 40, 41, 2, 3, 75, 45, 78, 70, 51, 40, 41, 2, 3, 75]",[],"{""accepted_indices"": [0, 1, 2, 3, 4, 5, 6, 7, 8, 9, 1, 2, 3, 4, 5, 6, 7, 8, 9], ""eps1"": 10, ""distance_median"": 0.1407247466108537}"
276,rflbat,rflbat_cluster_filter,"[1, 45, 78, 70, 51, 40, 41, 2, 3, 75, 45, 78, 70, 51, 40, 41, 2, 3, 75]",[],"{""accepted_indices"": [0, 1, 2, 3, 4, 5, 6, 7, 8, 9, 1, 2, 3, 4, 5, 6, 7, 8, 9], ""num_clusters"": 1, ""cluster_scores"": [0.09843667012522048]}"
276,rflbat,rflbat_final_distance_filter,"[1, 45, 78, 70, 51, 40, 41, 2, 3, 75]",[],"{""accepted_indices"": [0, 1, 2, 3, 4, 5, 6, 7, 8, 9, 1, 2, 3, 4, 5, 6, 7, 8, 9], ""eps2"": 6, ""distance_median"": 0.2789275982030586}"
277,rflbat,rflbat_first_distance_filter,"[1, 62, 25, 42, 4, 63, 18, 36, 54, 12, 62, 25, 42, 4, 63, 18, 36, 54, 12]",[],"{""accepted_indices"": [0, 1, 2, 3, 4, 5, 6, 7, 8, 9, 1, 2, 3, 4, 5, 6, 7, 8, 9], ""eps1"": 10, ""distance_median"": 0.15829841832170444}"
277,rflbat,rflbat_cluster_filter,"[1, 62, 25, 42, 4, 63, 18, 36, 12, 62, 25, 42, 4, 63, 18, 36, 12]",[54],"{""accepted_indices"": [0, 1, 2, 3, 4, 5, 6, 7, 9, 1, 2, 3, 4, 5, 6, 7, 9], ""num_clusters"": 2, ""cluster_scores"": [0.11588350089078692, 1.0000000000027884]}"
277,rflbat,rflbat_final_distance_filter,"[1, 62, 25, 42, 4, 63, 18, 36, 12]",[54],"{""accepted_indices"": [0, 1, 2, 3, 4, 5, 6, 7, 9, 1, 2, 3, 4, 5, 6, 7, 9], ""eps2"": 6, ""distance_median"": 0.15443685800609208}"
278,rflbat,rflbat_first_distance_filter,"[0, 55, 39, 76, 99, 17, 96, 41, 52, 9, 55, 39, 76, 99, 17, 96, 41, 52, 9]",[],"{""accepted_indices"": [0, 1, 2, 3, 4, 5, 6, 7, 8, 9, 1, 2, 3, 4, 5, 6, 7, 8, 9], ""eps1"": 10, ""distance_median"": 0.1612862540053937}"
278,rflbat,rflbat_cluster_filter,"[55, 39, 76, 99, 17, 96, 52, 9, 55, 39, 76, 99, 17, 96, 52, 9]","[0, 41]","{""accepted_indices"": [1, 2, 3, 4, 5, 6, 8, 9, 1, 2, 3, 4, 5, 6, 8, 9], ""num_clusters"": 3, ""cluster_scores"": [0.13483638378320995, 1.0000000000015385, 1]}"
278,rflbat,rflbat_final_distance_filter,"[55, 39, 76, 99, 17, 96, 52, 9]","[0, 41]","{""accepted_indices"": [1, 2, 3, 4, 5, 6, 8, 9, 1, 2, 3, 4, 5, 6, 8, 9], ""eps2"": 6, ""distance_median"": 0.09533685764770553}"
279,rflbat,rflbat_first_distance_filter,"[4, 90, 76, 20, 5, 38, 1, 70, 83, 29, 90, 76, 20, 5, 38, 1, 70, 83, 29]",[],"{""accepted_indices"": [0, 1, 2, 3, 4, 5, 6, 7, 8, 9, 1, 2, 3, 4, 5, 6, 7, 8, 9], ""eps1"": 10, ""distance_median"": 0.16048871816257737}"
279,rflbat,rflbat_cluster_filter,"[4, 90, 76, 20, 5, 38, 1, 70, 83, 29, 90, 76, 20, 5, 38, 1, 70, 83, 29]",[],"{""accepted_indices"": [0, 1, 2, 3, 4, 5, 6, 7, 8, 9, 1, 2, 3, 4, 5, 6, 7, 8, 9], ""num_clusters"": 1, ""cluster_scores"": [0.15547539396547377]}"
279,rflbat,rflbat_final_distance_filter,"[4, 90, 76, 20, 5, 38, 1, 70, 83, 29]",[],"{""accepted_indices"": [0, 1, 2, 3, 4, 5, 6, 7, 8, 9, 1, 2, 3, 4, 5, 6, 7, 8, 9], ""eps2"": 6, ""distance_median"": 0.3224126475335813}"
280,rflbat,rflbat_first_distance_filter,"[1, 81, 4, 31, 0, 97, 33, 73, 84, 34, 81, 4, 31, 0, 97, 33, 73, 84, 34]",[],"{""accepted_indices"": [0, 1, 2, 3, 4, 5, 6, 7, 8, 9, 1, 2, 3, 4, 5, 6, 7, 8, 9], ""eps1"": 10, ""distance_median"": 0.22897664421954256}"
280,rflbat,rflbat_cluster_filter,"[1, 81, 4, 31, 0, 97, 33, 73, 84, 34, 81, 4, 31, 0, 97, 33, 73, 84, 34]",[],"{""accepted_indices"": [0, 1, 2, 3, 4, 5, 6, 7, 8, 9, 1, 2, 3, 4, 5, 6, 7, 8, 9], ""num_clusters"": 1, ""cluster_scores"": [0.14707627815221724]}"
280,rflbat,rflbat_final_distance_filter,"[1, 81, 4, 31, 0, 97, 33, 73, 84, 34]",[],"{""accepted_indices"": [0, 1, 2, 3, 4, 5, 6, 7, 8, 9, 1, 2, 3, 4, 5, 6, 7, 8, 9], ""eps2"": 6, ""distance_median"": 0.46040129555051396}"
281,rflbat,rflbat_first_distance_filter,"[4, 99, 27, 97, 61, 95, 98, 89, 67, 85, 99, 27, 97, 61, 95, 98, 89, 67, 85]",[],"{""accepted_indices"": [0, 1, 2, 3, 4, 5, 6, 7, 8, 9, 1, 2, 3, 4, 5, 6, 7, 8, 9], ""eps1"": 10, ""distance_median"": 0.2292360910465327}"
281,rflbat,rflbat_cluster_filter,"[4, 99, 27, 97, 61, 95, 98, 89, 67, 85, 99, 27, 97, 61, 95, 98, 89, 67, 85]",[],"{""accepted_indices"": [0, 1, 2, 3, 4, 5, 6, 7, 8, 9, 1, 2, 3, 4, 5, 6, 7, 8, 9], ""num_clusters"": 1, ""cluster_scores"": [0.11262311864034419]}"
281,rflbat,rflbat_final_distance_filter,"[4, 99, 27, 97, 61, 95, 98, 89, 67, 85]",[],"{""accepted_indices"": [0, 1, 2, 3, 4, 5, 6, 7, 8, 9, 1, 2, 3, 4, 5, 6, 7, 8, 9], ""eps2"": 6, ""distance_median"": 0.4630586733606782}"
282,rflbat,rflbat_first_distance_filter,"[2, 75, 40, 83, 77, 66, 48, 9, 46, 8, 75, 40, 83, 77, 66, 48, 9, 46, 8]",[],"{""accepted_indices"": [0, 1, 2, 3, 4, 5, 6, 7, 8, 9, 1, 2, 3, 4, 5, 6, 7, 8, 9], ""eps1"": 10, ""distance_median"": 0.2427319469634029}"
282,rflbat,rflbat_cluster_filter,"[2, 75, 40, 83, 77, 66, 48, 9, 46, 8, 75, 40, 83, 77, 66, 48, 9, 46, 8]",[],"{""accepted_indices"": [0, 1, 2, 3, 4, 5, 6, 7, 8, 9, 1, 2, 3, 4, 5, 6, 7, 8, 9], ""num_clusters"": 1, ""cluster_scores"": [0.13214016483719804]}"
282,rflbat,rflbat_final_distance_filter,"[2, 75, 40, 83, 77, 66, 48, 9, 46, 8]",[],"{""accepted_indices"": [0, 1, 2, 3, 4, 5, 6, 7, 8, 9, 1, 2, 3, 4, 5, 6, 7, 8, 9], ""eps2"": 6, ""distance_median"": 0.48099623081488835}"
283,rflbat,rflbat_first_distance_filter,"[3, 84, 76, 90, 89, 81, 69, 79, 12, 77, 84, 76, 90, 89, 81, 69, 79, 12, 77]",[],"{""accepted_indices"": [0, 1, 2, 3, 4, 5, 6, 7, 8, 9, 1, 2, 3, 4, 5, 6, 7, 8, 9], ""eps1"": 10, ""distance_median"": 0.11353046041908332}"
283,rflbat,rflbat_cluster_filter,"[3, 84, 76, 90, 89, 81, 69, 79, 12, 77, 84, 76, 90, 89, 81, 69, 79, 12, 77]",[],"{""accepted_indices"": [0, 1, 2, 3, 4, 5, 6, 7, 8, 9, 1, 2, 3, 4, 5, 6, 7, 8, 9], ""num_clusters"": 1, ""cluster_scores"": [0.10363266022936543]}"
283,rflbat,rflbat_final_distance_filter,"[3, 84, 76, 90, 89, 81, 69, 79, 12, 77]",[],"{""accepted_indices"": [0, 1, 2, 3, 4, 5, 6, 7, 8, 9, 1, 2, 3, 4, 5, 6, 7, 8, 9], ""eps2"": 6, ""distance_median"": 0.191687918415034}"
284,rflbat,rflbat_first_distance_filter,"[4, 98, 94, 8, 62, 73, 78, 33, 80, 20, 98, 94, 8, 62, 73, 78, 33, 80, 20]",[],"{""accepted_indices"": [0, 1, 2, 3, 4, 5, 6, 7, 8, 9, 1, 2, 3, 4, 5, 6, 7, 8, 9], ""eps1"": 10, ""distance_median"": 0.20336687116811436}"
284,rflbat,rflbat_cluster_filter,"[4, 98, 94, 8, 62, 73, 78, 33, 80, 20, 98, 94, 8, 62, 73, 78, 33, 80, 20]",[],"{""accepted_indices"": [0, 1, 2, 3, 4, 5, 6, 7, 8, 9, 1, 2, 3, 4, 5, 6, 7, 8, 9], ""num_clusters"": 1, ""cluster_scores"": [0.09050224870822643]}"
284,rflbat,rflbat_final_distance_filter,"[4, 98, 94, 8, 62, 73, 78, 33, 80, 20]",[],"{""accepted_indices"": [0, 1, 2, 3, 4, 5, 6, 7, 8, 9, 1, 2, 3, 4, 5, 6, 7, 8, 9], ""eps2"": 6, ""distance_median"": 0.41368419466231343}"
285,rflbat,rflbat_first_distance_filter,"[2, 37, 5, 51, 19, 0, 28, 8, 49, 10, 37, 5, 51, 19, 0, 28, 8, 49, 10]",[],"{""accepted_indices"": [0, 1, 2, 3, 4, 5, 6, 7, 8, 9, 1, 2, 3, 4, 5, 6, 7, 8, 9], ""eps1"": 10, ""distance_median"": 0.3367582794835098}"
285,rflbat,rflbat_cluster_filter,"[2, 37, 51, 19, 0, 28, 8, 49, 10, 37, 51, 19, 0, 28, 8, 49, 10]",[5],"{""accepted_indices"": [0, 1, 3, 4, 5, 6, 7, 8, 9, 1, 3, 4, 5, 6, 7, 8, 9], ""num_clusters"": 2, ""cluster_scores"": [0.10032404490952686, 1.0000000000014857]}"
285,rflbat,rflbat_final_distance_filter,"[2, 37, 51, 19, 0, 28, 8, 49, 10]",[5],"{""accepted_indices"": [0, 1, 3, 4, 5, 6, 7, 8, 9, 1, 3, 4, 5, 6, 7, 8, 9], ""eps2"": 6, ""distance_median"": 0.2648249911529404}"
286,rflbat,rflbat_first_distance_filter,"[1, 10, 36, 51, 8, 3, 53, 86, 61, 26, 10, 36, 51, 8, 3, 53, 86, 61, 26]",[],"{""accepted_indices"": [0, 1, 2, 3, 4, 5, 6, 7, 8, 9, 1, 2, 3, 4, 5, 6, 7, 8, 9], ""eps1"": 10, ""distance_median"": 0.1946580179906785}"
286,rflbat,rflbat_cluster_filter,"[1, 10, 36, 8, 3, 53, 86, 61, 26, 10, 36, 8, 3, 53, 86, 61, 26]",[51],"{""accepted_indices"": [0, 1, 2, 4, 5, 6, 7, 8, 9, 1, 2, 4, 5, 6, 7, 8, 9], ""num_clusters"": 2, ""cluster_scores"": [0.12234135082190255, 1.0000000000031004]}"
286,rflbat,rflbat_final_distance_filter,"[1, 10, 36, 8, 3, 53, 86, 61, 26]",[51],"{""accepted_indices"": [0, 1, 2, 4, 5, 6, 7, 8, 9, 1, 2, 4, 5, 6, 7, 8, 9], ""eps2"": 6, ""distance_median"": 0.2171034246442041}"
287,rflbat,rflbat_first_distance_filter,"[2, 82, 14, 98, 35, 96, 58, 55, 84, 56, 82, 14, 98, 35, 96, 58, 55, 84, 56]",[],"{""accepted_indices"": [0, 1, 2, 3, 4, 5, 6, 7, 8, 9, 1, 2, 3, 4, 5, 6, 7, 8, 9], ""eps1"": 10, ""distance_median"": 0.12836050602373478}"
287,rflbat,rflbat_cluster_filter,"[2, 82, 14, 98, 35, 96, 58, 55, 84, 56, 82, 14, 98, 35, 96, 58, 55, 84, 56]",[],"{""accepted_indices"": [0, 1, 2, 3, 4, 5, 6, 7, 8, 9, 1, 2, 3, 4, 5, 6, 7, 8, 9], ""num_clusters"": 1, ""cluster_scores"": [0.10145035728172666]}"
287,rflbat,rflbat_final_distance_filter,"[2, 82, 14, 98, 35, 96, 58, 55, 84, 56]",[],"{""accepted_indices"": [0, 1, 2, 3, 4, 5, 6, 7, 8, 9, 1, 2, 3, 4, 5, 6, 7, 8, 9], ""eps2"": 6, ""distance_median"": 0.2560967647595945}"
288,rflbat,rflbat_first_distance_filter,"[2, 75, 32, 97, 8, 7, 93, 28, 74, 85, 75, 32, 97, 8, 7, 93, 28, 74, 85]",[],"{""accepted_indices"": [0, 1, 2, 3, 4, 5, 6, 7, 8, 9, 1, 2, 3, 4, 5, 6, 7, 8, 9], ""eps1"": 10, ""distance_median"": 0.24559547482265398}"
288,rflbat,rflbat_cluster_filter,"[2, 75, 32, 97, 8, 7, 93, 28, 74, 85, 75, 32, 97, 8, 7, 93, 28, 74, 85]",[],"{""accepted_indices"": [0, 1, 2, 3, 4, 5, 6, 7, 8, 9, 1, 2, 3, 4, 5, 6, 7, 8, 9], ""num_clusters"": 1, ""cluster_scores"": [0.09838614343912544]}"
288,rflbat,rflbat_final_distance_filter,"[2, 75, 32, 97, 8, 7, 93, 28, 74, 85]",[],"{""accepted_indices"": [0, 1, 2, 3, 4, 5, 6, 7, 8, 9, 1, 2, 3, 4, 5, 6, 7, 8, 9], ""eps2"": 6, ""distance_median"": 0.47554398703121564}"
289,rflbat,rflbat_first_distance_filter,"[2, 1, 35, 8, 39, 46, 11, 69, 36, 86, 1, 35, 8, 39, 46, 11, 69, 36, 86]",[],"{""accepted_indices"": [0, 1, 2, 3, 4, 5, 6, 7, 8, 9, 1, 2, 3, 4, 5, 6, 7, 8, 9], ""eps1"": 10, ""distance_median"": 0.13480610450543806}"
289,rflbat,rflbat_cluster_filter,"[2, 1, 35, 8, 39, 46, 11, 69, 36, 86, 1, 35, 8, 39, 46, 11, 69, 36, 86]",[],"{""accepted_indices"": [0, 1, 2, 3, 4, 5, 6, 7, 8, 9, 1, 2, 3, 4, 5, 6, 7, 8, 9], ""num_clusters"": 1, ""cluster_scores"": [0.13341133175912812]}"
289,rflbat,rflbat_final_distance_filter,"[2, 1, 35, 8, 39, 46, 11, 69, 36, 86]",[],"{""accepted_indices"": [0, 1, 2, 3, 4, 5, 6, 7, 8, 9, 1, 2, 3, 4, 5, 6, 7, 8, 9], ""eps2"": 6, ""distance_median"": 0.2671986828161443}"
290,rflbat,rflbat_first_distance_filter,"[1, 46, 35, 81, 53, 84, 29, 88, 21, 99, 46, 35, 81, 53, 84, 29, 88, 21, 99]",[],"{""accepted_indices"": [0, 1, 2, 3, 4, 5, 6, 7, 8, 9, 1, 2, 3, 4, 5, 6, 7, 8, 9], ""eps1"": 10, ""distance_median"": 0.19597548718385951}"
290,rflbat,rflbat_cluster_filter,"[1, 46, 35, 81, 53, 84, 29, 88, 21, 99, 46, 35, 81, 53, 84, 29, 88, 21, 99]",[],"{""accepted_indices"": [0, 1, 2, 3, 4, 5, 6, 7, 8, 9, 1, 2, 3, 4, 5, 6, 7, 8, 9], ""num_clusters"": 1, ""cluster_scores"": [0.14844943830071416]}"
290,rflbat,rflbat_final_distance_filter,"[1, 46, 35, 81, 53, 84, 29, 88, 21, 99]",[],"{""accepted_indices"": [0, 1, 2, 3, 4, 5, 6, 7, 8, 9, 1, 2, 3, 4, 5, 6, 7, 8, 9], ""eps2"": 6, ""distance_median"": 0.3904161873041137}"
291,rflbat,rflbat_first_distance_filter,"[4, 15, 71, 54, 80, 70, 6, 82, 46, 83, 15, 71, 54, 80, 70, 6, 82, 46, 83]",[],"{""accepted_indices"": [0, 1, 2, 3, 4, 5, 6, 7, 8, 9, 1, 2, 3, 4, 5, 6, 7, 8, 9], ""eps1"": 10, ""distance_median"": 0.1695934361647623}"
291,rflbat,rflbat_cluster_filter,"[4, 15, 71, 54, 80, 70, 6, 82, 46, 83, 15, 71, 54, 80, 70, 6, 82, 46, 83]",[],"{""accepted_indices"": [0, 1, 2, 3, 4, 5, 6, 7, 8, 9, 1, 2, 3, 4, 5, 6, 7, 8, 9], ""num_clusters"": 1, ""cluster_scores"": [0.12661166977730678]}"
291,rflbat,rflbat_final_distance_filter,"[4, 15, 71, 54, 80, 70, 6, 82, 46, 83]",[],"{""accepted_indices"": [0, 1, 2, 3, 4, 5, 6, 7, 8, 9, 1, 2, 3, 4, 5, 6, 7, 8, 9], ""eps2"": 6, ""distance_median"": 0.34637743069013777}"
292,rflbat,rflbat_first_distance_filter,"[2, 49, 36, 91, 94, 97, 51, 88, 76, 62, 49, 36, 91, 94, 97, 51, 88, 76, 62]",[],"{""accepted_indices"": [0, 1, 2, 3, 4, 5, 6, 7, 8, 9, 1, 2, 3, 4, 5, 6, 7, 8, 9], ""eps1"": 10, ""distance_median"": 0.2616065885203124}"
292,rflbat,rflbat_cluster_filter,"[2, 49, 36, 91, 94, 97, 76, 49, 36, 91, 94, 97, 76]","[51, 88, 62]","{""accepted_indices"": [0, 1, 2, 3, 4, 5, 8, 1, 2, 3, 4, 5, 8], ""num_clusters"": 4, ""cluster_scores"": [1.0000000000027618, 1.0000000000024811, 1.0000000000025222, 0.11211540336102417]}"
292,rflbat,rflbat_final_distance_filter,"[2, 49, 36, 91, 94, 97, 76]","[51, 88, 62]","{""accepted_indices"": [0, 1, 2, 3, 4, 5, 8, 1, 2, 3, 4, 5, 8], ""eps2"": 6, ""distance_median"": 0.019700910379408406}"
293,rflbat,rflbat_first_distance_filter,"[1, 40, 71, 11, 49, 17, 27, 60, 55, 91, 40, 71, 11, 49, 17, 27, 60, 55, 91]",[],"{""accepted_indices"": [0, 1, 2, 3, 4, 5, 6, 7, 8, 9, 1, 2, 3, 4, 5, 6, 7, 8, 9], ""eps1"": 10, ""distance_median"": 0.13277894010391145}"
293,rflbat,rflbat_cluster_filter,"[1, 40, 71, 11, 49, 17, 27, 60, 55, 91, 40, 71, 11, 49, 17, 27, 60, 55, 91]",[],"{""accepted_indices"": [0, 1, 2, 3, 4, 5, 6, 7, 8, 9, 1, 2, 3, 4, 5, 6, 7, 8, 9], ""num_clusters"": 1, ""cluster_scores"": [0.14979471227691069]}"
293,rflbat,rflbat_final_distance_filter,"[1, 40, 71, 11, 49, 17, 27, 60, 55, 91]",[],"{""accepted_indices"": [0, 1, 2, 3, 4, 5, 6, 7, 8, 9, 1, 2, 3, 4, 5, 6, 7, 8, 9], ""eps2"": 6, ""distance_median"": 0.2688812263526313}"
294,rflbat,rflbat_first_distance_filter,"[0, 57, 56, 24, 81, 78, 25, 98, 21, 12, 57, 56, 24, 81, 78, 25, 98, 21, 12]",[],"{""accepted_indices"": [0, 1, 2, 3, 4, 5, 6, 7, 8, 9, 1, 2, 3, 4, 5, 6, 7, 8, 9], ""eps1"": 10, ""distance_median"": 0.14418120252311906}"
294,rflbat,rflbat_cluster_filter,"[0, 57, 56, 24, 81, 78, 25, 98, 21, 12, 57, 56, 24, 81, 78, 25, 98, 21, 12]",[],"{""accepted_indices"": [0, 1, 2, 3, 4, 5, 6, 7, 8, 9, 1, 2, 3, 4, 5, 6, 7, 8, 9], ""num_clusters"": 1, ""cluster_scores"": [0.1081584076446452]}"
294,rflbat,rflbat_final_distance_filter,"[0, 57, 56, 24, 81, 78, 25, 98, 21, 12]",[],"{""accepted_indices"": [0, 1, 2, 3, 4, 5, 6, 7, 8, 9, 1, 2, 3, 4, 5, 6, 7, 8, 9], ""eps2"": 6, ""distance_median"": 0.21359552612184704}"
295,rflbat,rflbat_first_distance_filter,"[1, 89, 85, 81, 45, 71, 37, 70, 33, 22, 89, 85, 81, 45, 71, 37, 70, 33, 22]",[],"{""accepted_indices"": [0, 1, 2, 3, 4, 5, 6, 7, 8, 9, 1, 2, 3, 4, 5, 6, 7, 8, 9], ""eps1"": 10, ""distance_median"": 0.1367369273718406}"
295,rflbat,rflbat_cluster_filter,"[1, 89, 81, 45, 37, 70, 33, 22, 89, 81, 45, 37, 70, 33, 22]","[85, 71]","{""accepted_indices"": [0, 1, 3, 4, 6, 7, 8, 9, 1, 3, 4, 6, 7, 8, 9], ""num_clusters"": 2, ""cluster_scores"": [0.16597282701553323, 0.7113443595492617]}"
295,rflbat,rflbat_final_distance_filter,"[1, 89, 81, 45, 37, 70, 33, 22]","[85, 71]","{""accepted_indices"": [0, 1, 3, 4, 6, 7, 8, 9, 1, 3, 4, 6, 7, 8, 9], ""eps2"": 6, ""distance_median"": 0.12706482564707497}"
296,rflbat,rflbat_first_distance_filter,"[2, 36, 26, 92, 78, 73, 24, 88, 30, 81, 36, 26, 92, 78, 73, 24, 88, 30, 81]",[],"{""accepted_indices"": [0, 1, 2, 3, 4, 5, 6, 7, 8, 9, 1, 2, 3, 4, 5, 6, 7, 8, 9], ""eps1"": 10, ""distance_median"": 0.3368961860080501}"
296,rflbat,rflbat_cluster_filter,"[2, 36, 26, 92, 78, 73, 24, 88, 30, 81, 36, 26, 92, 78, 73, 24, 88, 30, 81]",[],"{""accepted_indices"": [0, 1, 2, 3, 4, 5, 6, 7, 8, 9, 1, 2, 3, 4, 5, 6, 7, 8, 9], ""num_clusters"": 1, ""cluster_scores"": [0.07719255177237586]}"
296,rflbat,rflbat_final_distance_filter,"[2, 36, 26, 92, 78, 73, 24, 88, 30, 81]",[],"{""accepted_indices"": [0, 1, 2, 3, 4, 5, 6, 7, 8, 9, 1, 2, 3, 4, 5, 6, 7, 8, 9], ""eps2"": 6, ""distance_median"": 0.6701477469468972}"
297,rflbat,rflbat_first_distance_filter,"[1, 23, 95, 28, 10, 14, 60, 77, 27, 3, 23, 95, 28, 10, 14, 60, 77, 27, 3]",[],"{""accepted_indices"": [0, 1, 2, 3, 4, 5, 6, 7, 8, 9, 1, 2, 3, 4, 5, 6, 7, 8, 9], ""eps1"": 10, ""distance_median"": 0.17578430582061771}"
297,rflbat,rflbat_cluster_filter,"[1, 23, 95, 28, 10, 14, 60, 77, 27, 3, 23, 95, 28, 10, 14, 60, 77, 27, 3]",[],"{""accepted_indices"": [0, 1, 2, 3, 4, 5, 6, 7, 8, 9, 1, 2, 3, 4, 5, 6, 7, 8, 9], ""num_clusters"": 1, ""cluster_scores"": [0.12011147121347103]}"
297,rflbat,rflbat_final_distance_filter,"[1, 23, 95, 28, 10, 14, 60, 77, 27, 3]",[],"{""accepted_indices"": [0, 1, 2, 3, 4, 5, 6, 7, 8, 9, 1, 2, 3, 4, 5, 6, 7, 8, 9], ""eps2"": 6, ""distance_median"": 0.34597453488459745}"
298,rflbat,rflbat_first_distance_filter,"[3, 69, 49, 61, 76, 30, 10, 38, 45, 17, 69, 49, 61, 76, 30, 10, 38, 45, 17]",[],"{""accepted_indices"": [0, 1, 2, 3, 4, 5, 6, 7, 8, 9, 1, 2, 3, 4, 5, 6, 7, 8, 9], ""eps1"": 10, ""distance_median"": 0.12605602998020482}"
298,rflbat,rflbat_cluster_filter,"[3, 69, 49, 61, 76, 30, 10, 38, 45, 17, 69, 49, 61, 76, 30, 10, 38, 45, 17]",[],"{""accepted_indices"": [0, 1, 2, 3, 4, 5, 6, 7, 8, 9, 1, 2, 3, 4, 5, 6, 7, 8, 9], ""num_clusters"": 1, ""cluster_scores"": [0.10560624973042308]}"
298,rflbat,rflbat_final_distance_filter,"[3, 69, 49, 61, 76, 30, 10, 38, 45, 17]",[],"{""accepted_indices"": [0, 1, 2, 3, 4, 5, 6, 7, 8, 9, 1, 2, 3, 4, 5, 6, 7, 8, 9], ""eps2"": 6, ""distance_median"": 0.24079302090629917}"
299,rflbat,rflbat_first_distance_filter,"[3, 13, 84, 96, 77, 75, 35, 8, 26, 23, 13, 84, 96, 77, 75, 35, 8, 26, 23]",[],"{""accepted_indices"": [0, 1, 2, 3, 4, 5, 6, 7, 8, 9, 1, 2, 3, 4, 5, 6, 7, 8, 9], ""eps1"": 10, ""distance_median"": 0.3279226924236265}"
299,rflbat,rflbat_cluster_filter,"[3, 13, 84, 96, 77, 75, 35, 8, 26, 23, 13, 84, 96, 77, 75, 35, 8, 26, 23]",[],"{""accepted_indices"": [0, 1, 2, 3, 4, 5, 6, 7, 8, 9, 1, 2, 3, 4, 5, 6, 7, 8, 9], ""num_clusters"": 1, ""cluster_scores"": [0.10133775133096083]}"
299,rflbat,rflbat_final_distance_filter,"[3, 13, 84, 96, 77, 75, 35, 8, 26, 23]",[],"{""accepted_indices"": [0, 1, 2, 3, 4, 5, 6, 7, 8, 9, 1, 2, 3, 4, 5, 6, 7, 8, 9], ""eps2"": 6, ""distance_median"": 0.6417977204365443}"
300,rflbat,rflbat_first_distance_filter,"[3, 40, 96, 63, 82, 5, 97, 45, 24, 41, 40, 96, 63, 82, 5, 97, 45, 24, 41]",[],"{""accepted_indices"": [0, 1, 2, 3, 4, 5, 6, 7, 8, 9, 1, 2, 3, 4, 5, 6, 7, 8, 9], ""eps1"": 10, ""distance_median"": 0.27572309165256204}"
300,rflbat,rflbat_cluster_filter,"[3, 40, 96, 63, 82, 5, 97, 45, 24, 41, 40, 96, 63, 82, 5, 97, 45, 24, 41]",[],"{""accepted_indices"": [0, 1, 2, 3, 4, 5, 6, 7, 8, 9, 1, 2, 3, 4, 5, 6, 7, 8, 9], ""num_clusters"": 1, ""cluster_scores"": [0.13337899741796158]}"
300,rflbat,rflbat_final_distance_filter,"[3, 40, 96, 63, 82, 5, 97, 45, 24, 41]",[],"{""accepted_indices"": [0, 1, 2, 3, 4, 5, 6, 7, 8, 9, 1, 2, 3, 4, 5, 6, 7, 8, 9], ""eps2"": 6, ""distance_median"": 0.5474635272249254}"
301,rflbat,rflbat_first_distance_filter,"[0, 90, 93, 2, 50, 6, 30, 54, 35, 27, 90, 93, 2, 50, 6, 30, 54, 35, 27]",[],"{""accepted_indices"": [0, 1, 2, 3, 4, 5, 6, 7, 8, 9, 1, 2, 3, 4, 5, 6, 7, 8, 9], ""eps1"": 10, ""distance_median"": 0.18520556757923665}"
301,rflbat,rflbat_cluster_filter,"[0, 90, 93, 2, 50, 6, 30, 54, 35, 27, 90, 93, 2, 50, 6, 30, 54, 35, 27]",[],"{""accepted_indices"": [0, 1, 2, 3, 4, 5, 6, 7, 8, 9, 1, 2, 3, 4, 5, 6, 7, 8, 9], ""num_clusters"": 1, ""cluster_scores"": [0.10590761449217902]}"
301,rflbat,rflbat_final_distance_filter,"[0, 90, 93, 2, 50, 6, 30, 54, 35, 27]",[],"{""accepted_indices"": [0, 1, 2, 3, 4, 5, 6, 7, 8, 9, 1, 2, 3, 4, 5, 6, 7, 8, 9], ""eps2"": 6, ""distance_median"": 0.3115681061860249}"
302,rflbat,rflbat_first_distance_filter,"[0, 98, 51, 77, 33, 15, 1, 14, 60, 44, 98, 51, 77, 33, 15, 1, 14, 60, 44]",[],"{""accepted_indices"": [0, 1, 2, 3, 4, 5, 6, 7, 8, 9, 1, 2, 3, 4, 5, 6, 7, 8, 9], ""eps1"": 10, ""distance_median"": 0.11950671571976709}"
302,rflbat,rflbat_cluster_filter,"[0, 98, 51, 77, 33, 15, 1, 14, 60, 44, 98, 51, 77, 33, 15, 1, 14, 60, 44]",[],"{""accepted_indices"": [0, 1, 2, 3, 4, 5, 6, 7, 8, 9, 1, 2, 3, 4, 5, 6, 7, 8, 9], ""num_clusters"": 1, ""cluster_scores"": [0.1311335420359215]}"
302,rflbat,rflbat_final_distance_filter,"[0, 98, 51, 77, 33, 15, 1, 14, 60, 44]",[],"{""accepted_indices"": [0, 1, 2, 3, 4, 5, 6, 7, 8, 9, 1, 2, 3, 4, 5, 6, 7, 8, 9], ""eps2"": 6, ""distance_median"": 0.1926228207242318}"
303,rflbat,rflbat_first_distance_filter,"[1, 49, 15, 72, 39, 19, 54, 21, 55, 4, 49, 15, 72, 39, 19, 54, 21, 55, 4]",[],"{""accepted_indices"": [0, 1, 2, 3, 4, 5, 6, 7, 8, 9, 1, 2, 3, 4, 5, 6, 7, 8, 9], ""eps1"": 10, ""distance_median"": 0.14204560675496497}"
303,rflbat,rflbat_cluster_filter,"[1, 49, 15, 72, 39, 19, 54, 21, 55, 4, 49, 15, 72, 39, 19, 54, 21, 55, 4]",[],"{""accepted_indices"": [0, 1, 2, 3, 4, 5, 6, 7, 8, 9, 1, 2, 3, 4, 5, 6, 7, 8, 9], ""num_clusters"": 1, ""cluster_scores"": [0.104551528997229]}"
303,rflbat,rflbat_final_distance_filter,"[1, 49, 15, 72, 39, 19, 54, 21, 55, 4]",[],"{""accepted_indices"": [0, 1, 2, 3, 4, 5, 6, 7, 8, 9, 1, 2, 3, 4, 5, 6, 7, 8, 9], ""eps2"": 6, ""distance_median"": 0.2823323377267386}"
304,rflbat,rflbat_first_distance_filter,"[0, 12, 99, 56, 58, 77, 37, 64, 78, 42, 12, 99, 56, 58, 77, 37, 64, 78, 42]",[],"{""accepted_indices"": [0, 1, 2, 3, 4, 5, 6, 7, 8, 9, 1, 2, 3, 4, 5, 6, 7, 8, 9], ""eps1"": 10, ""distance_median"": 0.2152546095759458}"
304,rflbat,rflbat_cluster_filter,"[0, 12, 99, 56, 58, 77, 37, 64, 78, 42, 12, 99, 56, 58, 77, 37, 64, 78, 42]",[],"{""accepted_indices"": [0, 1, 2, 3, 4, 5, 6, 7, 8, 9, 1, 2, 3, 4, 5, 6, 7, 8, 9], ""num_clusters"": 1, ""cluster_scores"": [0.19127987957321615]}"
304,rflbat,rflbat_final_distance_filter,"[0, 12, 99, 56, 58, 77, 37, 64, 78, 42]",[],"{""accepted_indices"": [0, 1, 2, 3, 4, 5, 6, 7, 8, 9, 1, 2, 3, 4, 5, 6, 7, 8, 9], ""eps2"": 6, ""distance_median"": 0.3564570859549096}"
305,rflbat,rflbat_first_distance_filter,"[0, 49, 65, 55, 18, 87, 63, 61, 92, 94, 49, 65, 55, 18, 87, 63, 61, 92, 94]",[],"{""accepted_indices"": [0, 1, 2, 3, 4, 5, 6, 7, 8, 9, 1, 2, 3, 4, 5, 6, 7, 8, 9], ""eps1"": 10, ""distance_median"": 0.14890713226938812}"
305,rflbat,rflbat_cluster_filter,"[0, 49, 65, 55, 18, 87, 63, 61, 92, 94, 49, 65, 55, 18, 87, 63, 61, 92, 94]",[],"{""accepted_indices"": [0, 1, 2, 3, 4, 5, 6, 7, 8, 9, 1, 2, 3, 4, 5, 6, 7, 8, 9], ""num_clusters"": 1, ""cluster_scores"": [0.15090600647768793]}"
305,rflbat,rflbat_final_distance_filter,"[0, 49, 65, 55, 18, 87, 63, 61, 92, 94]",[],"{""accepted_indices"": [0, 1, 2, 3, 4, 5, 6, 7, 8, 9, 1, 2, 3, 4, 5, 6, 7, 8, 9], ""eps2"": 6, ""distance_median"": 0.24340775228891265}"
306,rflbat,rflbat_first_distance_filter,"[4, 27, 81, 93, 68, 54, 98, 76, 40, 21, 27, 81, 93, 68, 54, 98, 76, 40, 21]",[],"{""accepted_indices"": [0, 1, 2, 3, 4, 5, 6, 7, 8, 9, 1, 2, 3, 4, 5, 6, 7, 8, 9], ""eps1"": 10, ""distance_median"": 0.12869738070546544}"
306,rflbat,rflbat_cluster_filter,"[4, 27, 81, 93, 68, 98, 76, 40, 21, 27, 81, 93, 68, 98, 76, 40, 21]",[54],"{""accepted_indices"": [0, 1, 2, 3, 4, 6, 7, 8, 9, 1, 2, 3, 4, 6, 7, 8, 9], ""num_clusters"": 2, ""cluster_scores"": [0.169709269655215, 1.000000000001031]}"
306,rflbat,rflbat_final_distance_filter,"[4, 27, 81, 93, 68, 98, 76, 40, 21]",[54],"{""accepted_indices"": [0, 1, 2, 3, 4, 6, 7, 8, 9, 1, 2, 3, 4, 6, 7, 8, 9], ""eps2"": 6, ""distance_median"": 0.13337647761720478}"
307,rflbat,rflbat_first_distance_filter,"[2, 98, 91, 39, 62, 97, 53, 30, 28, 5, 98, 91, 39, 62, 97, 53, 30, 28, 5]",[],"{""accepted_indices"": [0, 1, 2, 3, 4, 5, 6, 7, 8, 9, 1, 2, 3, 4, 5, 6, 7, 8, 9], ""eps1"": 10, ""distance_median"": 0.2804365855340583}"
307,rflbat,rflbat_cluster_filter,"[2, 98, 91, 39, 62, 97, 53, 30, 28, 5, 98, 91, 39, 62, 97, 53, 30, 28, 5]",[],"{""accepted_indices"": [0, 1, 2, 3, 4, 5, 6, 7, 8, 9, 1, 2, 3, 4, 5, 6, 7, 8, 9], ""num_clusters"": 1, ""cluster_scores"": [0.09715564806714086]}"
307,rflbat,rflbat_final_distance_filter,"[2, 98, 91, 39, 62, 97, 53, 30, 28, 5]",[],"{""accepted_indices"": [0, 1, 2, 3, 4, 5, 6, 7, 8, 9, 1, 2, 3, 4, 5, 6, 7, 8, 9], ""eps2"": 6, ""distance_median"": 0.5626050912536125}"
308,rflbat,rflbat_first_distance_filter,"[4, 0, 74, 89, 9, 76, 16, 6, 25, 85, 0, 74, 89, 9, 76, 16, 6, 25, 85]",[],"{""accepted_indices"": [0, 1, 2, 3, 4, 5, 6, 7, 8, 9, 1, 2, 3, 4, 5, 6, 7, 8, 9], ""eps1"": 10, ""distance_median"": 0.14264457073160758}"
308,rflbat,rflbat_cluster_filter,"[4, 0, 74, 89, 9, 76, 16, 6, 25, 0, 74, 89, 9, 76, 16, 6, 25]",[85],"{""accepted_indices"": [0, 1, 2, 3, 4, 5, 6, 7, 8, 1, 2, 3, 4, 5, 6, 7, 8], ""num_clusters"": 2, ""cluster_scores"": [1.0000000000016322, 0.11862099188307366]}"
308,rflbat,rflbat_final_distance_filter,"[4, 0, 74, 89, 9, 76, 16, 6, 25]",[85],"{""accepted_indices"": [0, 1, 2, 3, 4, 5, 6, 7, 8, 1, 2, 3, 4, 5, 6, 7, 8], ""eps2"": 6, ""distance_median"": 0.19197265002717914}"
309,rflbat,rflbat_first_distance_filter,"[1, 66, 37, 20, 59, 18, 86, 71, 74, 69, 66, 37, 20, 59, 18, 86, 71, 74, 69]",[],"{""accepted_indices"": [0, 1, 2, 3, 4, 5, 6, 7, 8, 9, 1, 2, 3, 4, 5, 6, 7, 8, 9], ""eps1"": 10, ""distance_median"": 0.1796233067846814}"
309,rflbat,rflbat_cluster_filter,"[1, 66, 37, 20, 59, 18, 86, 71, 74, 69, 66, 37, 20, 59, 18, 86, 71, 74, 69]",[],"{""accepted_indices"": [0, 1, 2, 3, 4, 5, 6, 7, 8, 9, 1, 2, 3, 4, 5, 6, 7, 8, 9], ""num_clusters"": 1, ""cluster_scores"": [0.11199408317237651]}"
309,rflbat,rflbat_final_distance_filter,"[1, 66, 37, 20, 59, 18, 86, 71, 74, 69]",[],"{""accepted_indices"": [0, 1, 2, 3, 4, 5, 6, 7, 8, 9, 1, 2, 3, 4, 5, 6, 7, 8, 9], ""eps2"": 6, ""distance_median"": 0.3610401450646132}"
310,rflbat,rflbat_first_distance_filter,"[0, 88, 73, 81, 24, 79, 26, 16, 89, 92, 88, 73, 81, 24, 79, 26, 16, 89, 92]",[],"{""accepted_indices"": [0, 1, 2, 3, 4, 5, 6, 7, 8, 9, 1, 2, 3, 4, 5, 6, 7, 8, 9], ""eps1"": 10, ""distance_median"": 0.41297166274529756}"
310,rflbat,rflbat_cluster_filter,"[0, 88, 73, 81, 24, 79, 26, 16, 89, 92, 88, 73, 81, 24, 79, 26, 16, 89, 92]",[],"{""accepted_indices"": [0, 1, 2, 3, 4, 5, 6, 7, 8, 9, 1, 2, 3, 4, 5, 6, 7, 8, 9], ""num_clusters"": 1, ""cluster_scores"": [0.11319812779664626]}"
310,rflbat,rflbat_final_distance_filter,"[0, 88, 73, 81, 24, 79, 26, 16, 89, 92]",[],"{""accepted_indices"": [0, 1, 2, 3, 4, 5, 6, 7, 8, 9, 1, 2, 3, 4, 5, 6, 7, 8, 9], ""eps2"": 6, ""distance_median"": 0.8315946717484923}"
311,rflbat,rflbat_first_distance_filter,"[3, 19, 23, 74, 95, 34, 39, 46, 82, 91, 19, 23, 74, 95, 34, 39, 46, 82, 91]",[],"{""accepted_indices"": [0, 1, 2, 3, 4, 5, 6, 7, 8, 9, 1, 2, 3, 4, 5, 6, 7, 8, 9], ""eps1"": 10, ""distance_median"": 0.15197820895809222}"
311,rflbat,rflbat_cluster_filter,"[3, 19, 23, 74, 95, 34, 39, 46, 82, 91, 19, 23, 74, 95, 34, 39, 46, 82, 91]",[],"{""accepted_indices"": [0, 1, 2, 3, 4, 5, 6, 7, 8, 9, 1, 2, 3, 4, 5, 6, 7, 8, 9], ""num_clusters"": 1, ""cluster_scores"": [0.18437930857112794]}"
311,rflbat,rflbat_final_distance_filter,"[3, 19, 23, 74, 95, 34, 39, 46, 82, 91]",[],"{""accepted_indices"": [0, 1, 2, 3, 4, 5, 6, 7, 8, 9, 1, 2, 3, 4, 5, 6, 7, 8, 9], ""eps2"": 6, ""distance_median"": 0.30145771425372725}"
312,rflbat,rflbat_first_distance_filter,"[2, 62, 65, 52, 12, 67, 61, 72, 58, 93, 62, 65, 52, 12, 67, 61, 72, 58, 93]",[],"{""accepted_indices"": [0, 1, 2, 3, 4, 5, 6, 7, 8, 9, 1, 2, 3, 4, 5, 6, 7, 8, 9], ""eps1"": 10, ""distance_median"": 0.1350936415973794}"
312,rflbat,rflbat_cluster_filter,"[2, 62, 65, 52, 12, 67, 61, 72, 58, 93, 62, 65, 52, 12, 67, 61, 72, 58, 93]",[],"{""accepted_indices"": [0, 1, 2, 3, 4, 5, 6, 7, 8, 9, 1, 2, 3, 4, 5, 6, 7, 8, 9], ""num_clusters"": 1, ""cluster_scores"": [0.1473214033137157]}"
312,rflbat,rflbat_final_distance_filter,"[2, 62, 65, 52, 12, 67, 61, 72, 58, 93]",[],"{""accepted_indices"": [0, 1, 2, 3, 4, 5, 6, 7, 8, 9, 1, 2, 3, 4, 5, 6, 7, 8, 9], ""eps2"": 6, ""distance_median"": 0.2733384633243464}"
313,rflbat,rflbat_first_distance_filter,"[3, 49, 43, 89, 0, 96, 52, 60, 83, 97, 49, 43, 89, 0, 96, 52, 60, 83, 97]",[],"{""accepted_indices"": [0, 1, 2, 3, 4, 5, 6, 7, 8, 9, 1, 2, 3, 4, 5, 6, 7, 8, 9], ""eps1"": 10, ""distance_median"": 0.12476883544239584}"
313,rflbat,rflbat_cluster_filter,"[3, 49, 43, 89, 96, 52, 60, 83, 97, 49, 43, 89, 96, 52, 60, 83, 97]",[0],"{""accepted_indices"": [0, 1, 2, 3, 5, 6, 7, 8, 9, 1, 2, 3, 5, 6, 7, 8, 9], ""num_clusters"": 2, ""cluster_scores"": [0.14967164173114508, 1.000000000001264]}"
313,rflbat,rflbat_final_distance_filter,"[3, 49, 43, 89, 96, 52, 60, 83, 97]",[0],"{""accepted_indices"": [0, 1, 2, 3, 5, 6, 7, 8, 9, 1, 2, 3, 5, 6, 7, 8, 9], ""eps2"": 6, ""distance_median"": 0.1365357936068292}"
314,rflbat,rflbat_first_distance_filter,"[2, 91, 85, 75, 81, 16, 31, 88, 15, 68, 91, 85, 75, 81, 16, 31, 88, 15, 68]",[],"{""accepted_indices"": [0, 1, 2, 3, 4, 5, 6, 7, 8, 9, 1, 2, 3, 4, 5, 6, 7, 8, 9], ""eps1"": 10, ""distance_median"": 0.23230866722386362}"
314,rflbat,rflbat_cluster_filter,"[2, 91, 85, 75, 81, 16, 31, 88, 15, 68, 91, 85, 75, 81, 16, 31, 88, 15, 68]",[],"{""accepted_indices"": [0, 1, 2, 3, 4, 5, 6, 7, 8, 9, 1, 2, 3, 4, 5, 6, 7, 8, 9], ""num_clusters"": 1, ""cluster_scores"": [0.13234197470203976]}"
314,rflbat,rflbat_final_distance_filter,"[2, 91, 85, 75, 81, 16, 31, 88, 15, 68]",[],"{""accepted_indices"": [0, 1, 2, 3, 4, 5, 6, 7, 8, 9, 1, 2, 3, 4, 5, 6, 7, 8, 9], ""eps2"": 6, ""distance_median"": 0.46601268873676727}"
315,rflbat,rflbat_first_distance_filter,"[0, 43, 34, 56, 99, 79, 72, 96, 98, 36, 43, 34, 56, 99, 79, 72, 96, 98, 36]",[],"{""accepted_indices"": [0, 1, 2, 3, 4, 5, 6, 7, 8, 9, 1, 2, 3, 4, 5, 6, 7, 8, 9], ""eps1"": 10, ""distance_median"": 0.16900663796664112}"
315,rflbat,rflbat_cluster_filter,"[0, 43, 34, 56, 99, 79, 72, 96, 98, 36, 43, 34, 56, 99, 79, 72, 96, 98, 36]",[],"{""accepted_indices"": [0, 1, 2, 3, 4, 5, 6, 7, 8, 9, 1, 2, 3, 4, 5, 6, 7, 8, 9], ""num_clusters"": 1, ""cluster_scores"": [0.12062554468456109]}"
315,rflbat,rflbat_final_distance_filter,"[0, 43, 34, 56, 99, 79, 72, 96, 98, 36]",[],"{""accepted_indices"": [0, 1, 2, 3, 4, 5, 6, 7, 8, 9, 1, 2, 3, 4, 5, 6, 7, 8, 9], ""eps2"": 6, ""distance_median"": 0.2834853293686395}"
316,rflbat,rflbat_first_distance_filter,"[2, 57, 35, 96, 6, 64, 8, 84, 7, 1, 57, 35, 96, 6, 64, 8, 84, 7, 1]",[],"{""accepted_indices"": [0, 1, 2, 3, 4, 5, 6, 7, 8, 9, 1, 2, 3, 4, 5, 6, 7, 8, 9], ""eps1"": 10, ""distance_median"": 0.2960131018617581}"
316,rflbat,rflbat_cluster_filter,"[2, 57, 35, 6, 64, 8, 84, 7, 1, 57, 35, 6, 64, 8, 84, 7, 1]",[96],"{""accepted_indices"": [0, 1, 2, 4, 5, 6, 7, 8, 9, 1, 2, 4, 5, 6, 7, 8, 9], ""num_clusters"": 2, ""cluster_scores"": [0.14600774825974536, 1.0000000000014215]}"
316,rflbat,rflbat_final_distance_filter,"[2, 57, 35, 6, 64, 8, 84, 7, 1]",[96],"{""accepted_indices"": [0, 1, 2, 4, 5, 6, 7, 8, 9, 1, 2, 4, 5, 6, 7, 8, 9], ""eps2"": 6, ""distance_median"": 0.18140729547777246}"
317,rflbat,rflbat_first_distance_filter,"[1, 59, 64, 54, 92, 83, 25, 52, 60, 28, 59, 64, 54, 92, 83, 25, 52, 60, 28]",[],"{""accepted_indices"": [0, 1, 2, 3, 4, 5, 6, 7, 8, 9, 1, 2, 3, 4, 5, 6, 7, 8, 9], ""eps1"": 10, ""distance_median"": 0.1270197376256635}"
317,rflbat,rflbat_cluster_filter,"[1, 59, 64, 54, 92, 83, 25, 52, 60, 28, 59, 64, 54, 92, 83, 25, 52, 60, 28]",[],"{""accepted_indices"": [0, 1, 2, 3, 4, 5, 6, 7, 8, 9, 1, 2, 3, 4, 5, 6, 7, 8, 9], ""num_clusters"": 1, ""cluster_scores"": [0.09899843472967229]}"
317,rflbat,rflbat_final_distance_filter,"[1, 59, 64, 54, 92, 83, 25, 52, 60, 28]",[],"{""accepted_indices"": [0, 1, 2, 3, 4, 5, 6, 7, 8, 9, 1, 2, 3, 4, 5, 6, 7, 8, 9], ""eps2"": 6, ""distance_median"": 0.24395935520714396}"
318,rflbat,rflbat_first_distance_filter,"[3, 21, 19, 40, 37, 25, 89, 29, 42, 58, 21, 19, 40, 37, 25, 89, 29, 42, 58]",[],"{""accepted_indices"": [0, 1, 2, 3, 4, 5, 6, 7, 8, 9, 1, 2, 3, 4, 5, 6, 7, 8, 9], ""eps1"": 10, ""distance_median"": 0.1149650952406322}"
318,rflbat,rflbat_cluster_filter,"[3, 21, 19, 40, 37, 25, 89, 29, 42, 58, 21, 19, 40, 37, 25, 89, 29, 42, 58]",[],"{""accepted_indices"": [0, 1, 2, 3, 4, 5, 6, 7, 8, 9, 1, 2, 3, 4, 5, 6, 7, 8, 9], ""num_clusters"": 1, ""cluster_scores"": [0.10023751663878698]}"
318,rflbat,rflbat_final_distance_filter,"[3, 21, 19, 40, 37, 25, 89, 29, 42, 58]",[],"{""accepted_indices"": [0, 1, 2, 3, 4, 5, 6, 7, 8, 9, 1, 2, 3, 4, 5, 6, 7, 8, 9], ""eps2"": 6, ""distance_median"": 0.2250157068656872}"
319,rflbat,rflbat_first_distance_filter,"[0, 40, 56, 88, 19, 45, 14, 72, 8, 32, 40, 56, 88, 19, 45, 14, 72, 8, 32]",[],"{""accepted_indices"": [0, 1, 2, 3, 4, 5, 6, 7, 8, 9, 1, 2, 3, 4, 5, 6, 7, 8, 9], ""eps1"": 10, ""distance_median"": 0.15723384980560534}"
319,rflbat,rflbat_cluster_filter,"[0, 40, 56, 88, 19, 45, 14, 72, 8, 32, 40, 56, 88, 19, 45, 14, 72, 8, 32]",[],"{""accepted_indices"": [0, 1, 2, 3, 4, 5, 6, 7, 8, 9, 1, 2, 3, 4, 5, 6, 7, 8, 9], ""num_clusters"": 1, ""cluster_scores"": [0.13189166523048917]}"
319,rflbat,rflbat_final_distance_filter,"[0, 40, 56, 88, 19, 45, 14, 72, 8, 32]",[],"{""accepted_indices"": [0, 1, 2, 3, 4, 5, 6, 7, 8, 9, 1, 2, 3, 4, 5, 6, 7, 8, 9], ""eps2"": 6, ""distance_median"": 0.26706324965853256}"
320,rflbat,rflbat_first_distance_filter,"[2, 53, 65, 68, 87, 31, 20, 27, 67, 84, 53, 65, 68, 87, 31, 20, 27, 67, 84]",[],"{""accepted_indices"": [0, 1, 2, 3, 4, 5, 6, 7, 8, 9, 1, 2, 3, 4, 5, 6, 7, 8, 9], ""eps1"": 10, ""distance_median"": 0.14950653581857476}"
320,rflbat,rflbat_cluster_filter,"[2, 53, 65, 68, 87, 31, 20, 27, 67, 84, 53, 65, 68, 87, 31, 20, 27, 67, 84]",[],"{""accepted_indices"": [0, 1, 2, 3, 4, 5, 6, 7, 8, 9, 1, 2, 3, 4, 5, 6, 7, 8, 9], ""num_clusters"": 1, ""cluster_scores"": [0.11391211749282174]}"
320,rflbat,rflbat_final_distance_filter,"[2, 53, 65, 68, 87, 31, 20, 27, 67, 84]",[],"{""accepted_indices"": [0, 1, 2, 3, 4, 5, 6, 7, 8, 9, 1, 2, 3, 4, 5, 6, 7, 8, 9], ""eps2"": 6, ""distance_median"": 0.30663089621428447}"
321,rflbat,rflbat_first_distance_filter,"[2, 9, 36, 80, 48, 6, 81, 16, 89, 73, 9, 36, 80, 48, 6, 81, 16, 89, 73]",[],"{""accepted_indices"": [0, 1, 2, 3, 4, 5, 6, 7, 8, 9, 1, 2, 3, 4, 5, 6, 7, 8, 9], ""eps1"": 10, ""distance_median"": 0.232738097575027}"
321,rflbat,rflbat_cluster_filter,"[2, 9, 36, 80, 48, 6, 81, 16, 89, 73, 9, 36, 80, 48, 6, 81, 16, 89, 73]",[],"{""accepted_indices"": [0, 1, 2, 3, 4, 5, 6, 7, 8, 9, 1, 2, 3, 4, 5, 6, 7, 8, 9], ""num_clusters"": 1, ""cluster_scores"": [0.09580099936370105]}"
321,rflbat,rflbat_final_distance_filter,"[2, 9, 36, 80, 48, 6, 81, 16, 89, 73]",[],"{""accepted_indices"": [0, 1, 2, 3, 4, 5, 6, 7, 8, 9, 1, 2, 3, 4, 5, 6, 7, 8, 9], ""eps2"": 6, ""distance_median"": 0.4590022541475721}"
322,rflbat,rflbat_first_distance_filter,"[3, 20, 74, 91, 6, 18, 16, 38, 42, 54, 20, 74, 91, 6, 18, 16, 38, 42, 54]",[],"{""accepted_indices"": [0, 1, 2, 3, 4, 5, 6, 7, 8, 9, 1, 2, 3, 4, 5, 6, 7, 8, 9], ""eps1"": 10, ""distance_median"": 0.24278360791968728}"
322,rflbat,rflbat_cluster_filter,"[3, 20, 74, 91, 6, 18, 16, 38, 42, 54, 20, 74, 91, 6, 18, 16, 38, 42, 54]",[],"{""accepted_indices"": [0, 1, 2, 3, 4, 5, 6, 7, 8, 9, 1, 2, 3, 4, 5, 6, 7, 8, 9], ""num_clusters"": 1, ""cluster_scores"": [0.1397667020577622]}"
322,rflbat,rflbat_final_distance_filter,"[3, 20, 74, 91, 6, 18, 16, 38, 42, 54]",[],"{""accepted_indices"": [0, 1, 2, 3, 4, 5, 6, 7, 8, 9, 1, 2, 3, 4, 5, 6, 7, 8, 9], ""eps2"": 6, ""distance_median"": 0.4836821174213125}"
323,rflbat,rflbat_first_distance_filter,"[4, 82, 35, 52, 1, 7, 89, 46, 73, 61, 82, 35, 52, 1, 7, 89, 46, 73, 61]",[],"{""accepted_indices"": [0, 1, 2, 3, 4, 5, 6, 7, 8, 9, 1, 2, 3, 4, 5, 6, 7, 8, 9], ""eps1"": 10, ""distance_median"": 0.1933654912748911}"
323,rflbat,rflbat_cluster_filter,"[4, 82, 35, 52, 1, 7, 89, 46, 73, 61, 82, 35, 52, 1, 7, 89, 46, 73, 61]",[],"{""accepted_indices"": [0, 1, 2, 3, 4, 5, 6, 7, 8, 9, 1, 2, 3, 4, 5, 6, 7, 8, 9], ""num_clusters"": 1, ""cluster_scores"": [0.1618339830600162]}"
323,rflbat,rflbat_final_distance_filter,"[4, 82, 35, 52, 1, 7, 89, 46, 73, 61]",[],"{""accepted_indices"": [0, 1, 2, 3, 4, 5, 6, 7, 8, 9, 1, 2, 3, 4, 5, 6, 7, 8, 9], ""eps2"": 6, ""distance_median"": 0.3796601222991198}"
324,rflbat,rflbat_first_distance_filter,"[1, 99, 12, 90, 68, 89, 18, 48, 83, 47, 99, 12, 90, 68, 89, 18, 48, 83, 47]",[],"{""accepted_indices"": [0, 1, 2, 3, 4, 5, 6, 7, 8, 9, 1, 2, 3, 4, 5, 6, 7, 8, 9], ""eps1"": 10, ""distance_median"": 0.16223485483018468}"
324,rflbat,rflbat_cluster_filter,"[1, 99, 12, 90, 68, 89, 18, 83, 47, 99, 12, 90, 68, 89, 18, 83, 47]",[48],"{""accepted_indices"": [0, 1, 2, 3, 4, 5, 6, 8, 9, 1, 2, 3, 4, 5, 6, 8, 9], ""num_clusters"": 2, ""cluster_scores"": [0.21632211731121362, 1.000000000002997]}"
324,rflbat,rflbat_final_distance_filter,"[1, 99, 12, 90, 68, 89, 18, 83, 47]",[48],"{""accepted_indices"": [0, 1, 2, 3, 4, 5, 6, 8, 9, 1, 2, 3, 4, 5, 6, 8, 9], ""eps2"": 6, ""distance_median"": 0.1718893981972078}"
325,rflbat,rflbat_first_distance_filter,"[2, 55, 9, 47, 3, 99, 74, 54, 80, 64, 55, 9, 47, 3, 99, 74, 54, 80, 64]",[],"{""accepted_indices"": [0, 1, 2, 3, 4, 5, 6, 7, 8, 9, 1, 2, 3, 4, 5, 6, 7, 8, 9], ""eps1"": 10, ""distance_median"": 0.1628662682941965}"
325,rflbat,rflbat_cluster_filter,"[2, 55, 9, 47, 3, 99, 74, 54, 80, 64, 55, 9, 47, 3, 99, 74, 54, 80, 64]",[],"{""accepted_indices"": [0, 1, 2, 3, 4, 5, 6, 7, 8, 9, 1, 2, 3, 4, 5, 6, 7, 8, 9], ""num_clusters"": 1, ""cluster_scores"": [0.08804030179102394]}"
325,rflbat,rflbat_final_distance_filter,"[2, 55, 9, 47, 3, 99, 74, 54, 80, 64]",[],"{""accepted_indices"": [0, 1, 2, 3, 4, 5, 6, 7, 8, 9, 1, 2, 3, 4, 5, 6, 7, 8, 9], ""eps2"": 6, ""distance_median"": 0.31436250603336907}"
326,rflbat,rflbat_first_distance_filter,"[2, 59, 92, 66, 35, 20, 10, 49, 26, 54, 59, 92, 66, 35, 20, 10, 49, 26, 54]",[],"{""accepted_indices"": [0, 1, 2, 3, 4, 5, 6, 7, 8, 9, 1, 2, 3, 4, 5, 6, 7, 8, 9], ""eps1"": 10, ""distance_median"": 0.1964849270855039}"
326,rflbat,rflbat_cluster_filter,"[2, 59, 92, 66, 35, 20, 10, 49, 26, 54, 59, 92, 66, 35, 20, 10, 49, 26, 54]",[],"{""accepted_indices"": [0, 1, 2, 3, 4, 5, 6, 7, 8, 9, 1, 2, 3, 4, 5, 6, 7, 8, 9], ""num_clusters"": 1, ""cluster_scores"": [0.0663923964780752]}"
326,rflbat,rflbat_final_distance_filter,"[2, 59, 92, 66, 35, 20, 10, 49, 26, 54]",[],"{""accepted_indices"": [0, 1, 2, 3, 4, 5, 6, 7, 8, 9, 1, 2, 3, 4, 5, 6, 7, 8, 9], ""eps2"": 6, ""distance_median"": 0.38556750347689606}"
327,rflbat,rflbat_first_distance_filter,"[3, 99, 97, 84, 43, 67, 7, 92, 58, 19, 99, 97, 84, 43, 67, 7, 92, 58, 19]",[],"{""accepted_indices"": [0, 1, 2, 3, 4, 5, 6, 7, 8, 9, 1, 2, 3, 4, 5, 6, 7, 8, 9], ""eps1"": 10, ""distance_median"": 0.15246472934573752}"
327,rflbat,rflbat_cluster_filter,"[3, 99, 97, 84, 43, 67, 7, 92, 58, 19, 99, 97, 84, 43, 67, 7, 92, 58, 19]",[],"{""accepted_indices"": [0, 1, 2, 3, 4, 5, 6, 7, 8, 9, 1, 2, 3, 4, 5, 6, 7, 8, 9], ""num_clusters"": 1, ""cluster_scores"": [0.14497501330290954]}"
327,rflbat,rflbat_final_distance_filter,"[3, 99, 97, 84, 43, 67, 7, 92, 58, 19]",[],"{""accepted_indices"": [0, 1, 2, 3, 4, 5, 6, 7, 8, 9, 1, 2, 3, 4, 5, 6, 7, 8, 9], ""eps2"": 6, ""distance_median"": 0.3223877559403635}"
328,rflbat,rflbat_first_distance_filter,"[1, 37, 91, 11, 65, 56, 63, 7, 87, 58, 37, 91, 11, 65, 56, 63, 7, 87, 58]",[],"{""accepted_indices"": [0, 1, 2, 3, 4, 5, 6, 7, 8, 9, 1, 2, 3, 4, 5, 6, 7, 8, 9], ""eps1"": 10, ""distance_median"": 0.10691680492254985}"
328,rflbat,rflbat_cluster_filter,"[1, 37, 91, 11, 65, 56, 63, 7, 87, 58, 37, 91, 11, 65, 56, 63, 7, 87, 58]",[],"{""accepted_indices"": [0, 1, 2, 3, 4, 5, 6, 7, 8, 9, 1, 2, 3, 4, 5, 6, 7, 8, 9], ""num_clusters"": 1, ""cluster_scores"": [0.13352799584477212]}"
328,rflbat,rflbat_final_distance_filter,"[1, 37, 91, 11, 65, 56, 63, 7, 87, 58]",[],"{""accepted_indices"": [0, 1, 2, 3, 4, 5, 6, 7, 8, 9, 1, 2, 3, 4, 5, 6, 7, 8, 9], ""eps2"": 6, ""distance_median"": 0.21498020471440743}"
329,rflbat,rflbat_first_distance_filter,"[0, 50, 6, 45, 86, 7, 48, 95, 31, 77, 50, 6, 45, 86, 7, 48, 95, 31, 77]",[],"{""accepted_indices"": [0, 1, 2, 3, 4, 5, 6, 7, 8, 9, 1, 2, 3, 4, 5, 6, 7, 8, 9], ""eps1"": 10, ""distance_median"": 0.21531372398237325}"
329,rflbat,rflbat_cluster_filter,"[0, 50, 6, 45, 86, 7, 48, 95, 31, 77, 50, 6, 45, 86, 7, 48, 95, 31, 77]",[],"{""accepted_indices"": [0, 1, 2, 3, 4, 5, 6, 7, 8, 9, 1, 2, 3, 4, 5, 6, 7, 8, 9], ""num_clusters"": 1, ""cluster_scores"": [0.11952527871353565]}"
329,rflbat,rflbat_final_distance_filter,"[0, 50, 6, 45, 86, 7, 48, 95, 31, 77]",[],"{""accepted_indices"": [0, 1, 2, 3, 4, 5, 6, 7, 8, 9, 1, 2, 3, 4, 5, 6, 7, 8, 9], ""eps2"": 6, ""distance_median"": 0.4014955971256367}"
330,rflbat,rflbat_first_distance_filter,"[3, 75, 33, 29, 43, 49, 32, 38, 34, 15, 75, 33, 29, 43, 49, 32, 38, 34, 15]",[],"{""accepted_indices"": [0, 1, 2, 3, 4, 5, 6, 7, 8, 9, 1, 2, 3, 4, 5, 6, 7, 8, 9], ""eps1"": 10, ""distance_median"": 0.15113064081060956}"
330,rflbat,rflbat_cluster_filter,"[3, 75, 33, 29, 43, 49, 32, 38, 34, 15, 75, 33, 29, 43, 49, 32, 38, 34, 15]",[],"{""accepted_indices"": [0, 1, 2, 3, 4, 5, 6, 7, 8, 9, 1, 2, 3, 4, 5, 6, 7, 8, 9], ""num_clusters"": 1, ""cluster_scores"": [0.13773290315269573]}"
330,rflbat,rflbat_final_distance_filter,"[3, 75, 33, 29, 43, 49, 32, 38, 34, 15]",[],"{""accepted_indices"": [0, 1, 2, 3, 4, 5, 6, 7, 8, 9, 1, 2, 3, 4, 5, 6, 7, 8, 9], ""eps2"": 6, ""distance_median"": 0.2875778355045938}"
331,rflbat,rflbat_first_distance_filter,"[3, 98, 48, 82, 2, 18, 66, 53, 94, 35, 98, 48, 82, 2, 18, 66, 53, 94, 35]",[],"{""accepted_indices"": [0, 1, 2, 3, 4, 5, 6, 7, 8, 9, 1, 2, 3, 4, 5, 6, 7, 8, 9], ""eps1"": 10, ""distance_median"": 0.15232931471290462}"
331,rflbat,rflbat_cluster_filter,"[3, 98, 48, 82, 2, 18, 66, 53, 94, 35, 98, 48, 82, 2, 18, 66, 53, 94, 35]",[],"{""accepted_indices"": [0, 1, 2, 3, 4, 5, 6, 7, 8, 9, 1, 2, 3, 4, 5, 6, 7, 8, 9], ""num_clusters"": 1, ""cluster_scores"": [0.07982234820191]}"
331,rflbat,rflbat_final_distance_filter,"[3, 98, 48, 82, 2, 18, 66, 53, 94, 35]",[],"{""accepted_indices"": [0, 1, 2, 3, 4, 5, 6, 7, 8, 9, 1, 2, 3, 4, 5, 6, 7, 8, 9], ""eps2"": 6, ""distance_median"": 0.2987016882385378}"
332,rflbat,rflbat_first_distance_filter,"[0, 44, 36, 2, 51, 46, 66, 5, 84, 65, 44, 36, 2, 51, 46, 66, 5, 84, 65]",[],"{""accepted_indices"": [0, 1, 2, 3, 4, 5, 6, 7, 8, 9, 1, 2, 3, 4, 5, 6, 7, 8, 9], ""eps1"": 10, ""distance_median"": 0.18527897131676974}"
332,rflbat,rflbat_cluster_filter,"[0, 44, 36, 2, 51, 46, 66, 5, 84, 65, 44, 36, 2, 51, 46, 66, 5, 84, 65]",[],"{""accepted_indices"": [0, 1, 2, 3, 4, 5, 6, 7, 8, 9, 1, 2, 3, 4, 5, 6, 7, 8, 9], ""num_clusters"": 1, ""cluster_scores"": [0.17979755481122087]}"
332,rflbat,rflbat_final_distance_filter,"[0, 44, 36, 2, 51, 46, 66, 5, 84, 65]",[],"{""accepted_indices"": [0, 1, 2, 3, 4, 5, 6, 7, 8, 9, 1, 2, 3, 4, 5, 6, 7, 8, 9], ""eps2"": 6, ""distance_median"": 0.314048155133811}"
333,rflbat,rflbat_first_distance_filter,"[1, 63, 73, 47, 64, 9, 92, 31, 93, 20, 63, 73, 47, 64, 9, 92, 31, 93, 20]",[],"{""accepted_indices"": [0, 1, 2, 3, 4, 5, 6, 7, 8, 9, 1, 2, 3, 4, 5, 6, 7, 8, 9], ""eps1"": 10, ""distance_median"": 0.302376800724514}"
333,rflbat,rflbat_cluster_filter,"[1, 63, 73, 47, 64, 9, 92, 31, 93, 20, 63, 73, 47, 64, 9, 92, 31, 93, 20]",[],"{""accepted_indices"": [0, 1, 2, 3, 4, 5, 6, 7, 8, 9, 1, 2, 3, 4, 5, 6, 7, 8, 9], ""num_clusters"": 1, ""cluster_scores"": [0.1089962022688491]}"
333,rflbat,rflbat_final_distance_filter,"[1, 63, 73, 47, 64, 9, 92, 31, 93, 20]",[],"{""accepted_indices"": [0, 1, 2, 3, 4, 5, 6, 7, 8, 9, 1, 2, 3, 4, 5, 6, 7, 8, 9], ""eps2"": 6, ""distance_median"": 0.6084338814602774}"
334,rflbat,rflbat_first_distance_filter,"[1, 79, 46, 96, 7, 30, 98, 66, 34, 69, 79, 46, 96, 7, 30, 98, 66, 34, 69]",[],"{""accepted_indices"": [0, 1, 2, 3, 4, 5, 6, 7, 8, 9, 1, 2, 3, 4, 5, 6, 7, 8, 9], ""eps1"": 10, ""distance_median"": 0.15894785751966506}"
334,rflbat,rflbat_cluster_filter,"[1, 79, 46, 7, 30, 98, 66, 34, 69, 79, 46, 7, 30, 98, 66, 34, 69]",[96],"{""accepted_indices"": [0, 1, 2, 4, 5, 6, 7, 8, 9, 1, 2, 4, 5, 6, 7, 8, 9], ""num_clusters"": 2, ""cluster_scores"": [0.10671390336117914, 1.0000000000032752]}"
334,rflbat,rflbat_final_distance_filter,"[1, 79, 46, 7, 30, 98, 66, 34, 69]",[96],"{""accepted_indices"": [0, 1, 2, 4, 5, 6, 7, 8, 9, 1, 2, 4, 5, 6, 7, 8, 9], ""eps2"": 6, ""distance_median"": 0.15912972069236858}"
335,rflbat,rflbat_first_distance_filter,"[2, 72, 73, 32, 69, 34, 89, 37, 59, 90, 72, 73, 32, 69, 34, 89, 37, 59, 90]",[],"{""accepted_indices"": [0, 1, 2, 3, 4, 5, 6, 7, 8, 9, 1, 2, 3, 4, 5, 6, 7, 8, 9], ""eps1"": 10, ""distance_median"": 0.23692995600388594}"
335,rflbat,rflbat_cluster_filter,"[2, 72, 73, 32, 69, 34, 89, 37, 59, 90, 72, 73, 32, 69, 34, 89, 37, 59, 90]",[],"{""accepted_indices"": [0, 1, 2, 3, 4, 5, 6, 7, 8, 9, 1, 2, 3, 4, 5, 6, 7, 8, 9], ""num_clusters"": 1, ""cluster_scores"": [0.09954875581606044]}"
335,rflbat,rflbat_final_distance_filter,"[2, 72, 73, 32, 69, 34, 89, 37, 59, 90]",[],"{""accepted_indices"": [0, 1, 2, 3, 4, 5, 6, 7, 8, 9, 1, 2, 3, 4, 5, 6, 7, 8, 9], ""eps2"": 6, ""distance_median"": 0.4702812208225593}"
336,rflbat,rflbat_first_distance_filter,"[1, 91, 76, 60, 37, 48, 33, 43, 71, 35, 91, 76, 60, 37, 48, 33, 43, 71, 35]",[],"{""accepted_indices"": [0, 1, 2, 3, 4, 5, 6, 7, 8, 9, 1, 2, 3, 4, 5, 6, 7, 8, 9], ""eps1"": 10, ""distance_median"": 0.13947512926999633}"
336,rflbat,rflbat_cluster_filter,"[1, 91, 76, 60, 37, 48, 33, 43, 71, 35, 91, 76, 60, 37, 48, 33, 43, 71, 35]",[],"{""accepted_indices"": [0, 1, 2, 3, 4, 5, 6, 7, 8, 9, 1, 2, 3, 4, 5, 6, 7, 8, 9], ""num_clusters"": 1, ""cluster_scores"": [0.10394196717361735]}"
336,rflbat,rflbat_final_distance_filter,"[1, 91, 76, 60, 37, 48, 33, 43, 71, 35]",[],"{""accepted_indices"": [0, 1, 2, 3, 4, 5, 6, 7, 8, 9, 1, 2, 3, 4, 5, 6, 7, 8, 9], ""eps2"": 6, ""distance_median"": 0.27694466306227905}"
337,rflbat,rflbat_first_distance_filter,"[4, 65, 93, 48, 43, 1, 94, 54, 23, 79, 65, 93, 48, 43, 1, 94, 54, 23, 79]",[],"{""accepted_indices"": [0, 1, 2, 3, 4, 5, 6, 7, 8, 9, 1, 2, 3, 4, 5, 6, 7, 8, 9], ""eps1"": 10, ""distance_median"": 0.1483242156394241}"
337,rflbat,rflbat_cluster_filter,"[4, 65, 93, 48, 43, 1, 94, 54, 23, 79, 65, 93, 48, 43, 1, 94, 54, 23, 79]",[],"{""accepted_indices"": [0, 1, 2, 3, 4, 5, 6, 7, 8, 9, 1, 2, 3, 4, 5, 6, 7, 8, 9], ""num_clusters"": 1, ""cluster_scores"": [0.13631402057956513]}"
337,rflbat,rflbat_final_distance_filter,"[4, 65, 93, 48, 43, 1, 94, 54, 23, 79]",[],"{""accepted_indices"": [0, 1, 2, 3, 4, 5, 6, 7, 8, 9, 1, 2, 3, 4, 5, 6, 7, 8, 9], ""eps2"": 6, ""distance_median"": 0.29547062848584893}"
338,rflbat,rflbat_first_distance_filter,"[4, 12, 81, 68, 46, 20, 66, 15, 18, 49, 12, 81, 68, 46, 20, 66, 15, 18, 49]",[],"{""accepted_indices"": [0, 1, 2, 3, 4, 5, 6, 7, 8, 9, 1, 2, 3, 4, 5, 6, 7, 8, 9], ""eps1"": 10, ""distance_median"": 0.18044085565710782}"
338,rflbat,rflbat_cluster_filter,"[4, 12, 81, 46, 20, 66, 15, 18, 49, 12, 81, 46, 20, 66, 15, 18, 49]",[68],"{""accepted_indices"": [0, 1, 2, 4, 5, 6, 7, 8, 9, 1, 2, 4, 5, 6, 7, 8, 9], ""num_clusters"": 2, ""cluster_scores"": [0.10075484905549692, 1.0000000000035807]}"
338,rflbat,rflbat_final_distance_filter,"[4, 12, 81, 46, 20, 66, 15, 18, 49]",[68],"{""accepted_indices"": [0, 1, 2, 4, 5, 6, 7, 8, 9, 1, 2, 4, 5, 6, 7, 8, 9], ""eps2"": 6, ""distance_median"": 0.1828921078711366}"
339,rflbat,rflbat_first_distance_filter,"[0, 77, 93, 43, 55, 98, 62, 49, 7, 66, 77, 93, 43, 55, 98, 62, 49, 7, 66]",[],"{""accepted_indices"": [0, 1, 2, 3, 4, 5, 6, 7, 8, 9, 1, 2, 3, 4, 5, 6, 7, 8, 9], ""eps1"": 10, ""distance_median"": 0.14043197023012793}"
339,rflbat,rflbat_cluster_filter,"[0, 77, 93, 43, 55, 98, 62, 49, 7, 66, 77, 93, 43, 55, 98, 62, 49, 7, 66]",[],"{""accepted_indices"": [0, 1, 2, 3, 4, 5, 6, 7, 8, 9, 1, 2, 3, 4, 5, 6, 7, 8, 9], ""num_clusters"": 1, ""cluster_scores"": [0.13787669492559587]}"
339,rflbat,rflbat_final_distance_filter,"[0, 77, 93, 43, 55, 98, 62, 49, 7, 66]",[],"{""accepted_indices"": [0, 1, 2, 3, 4, 5, 6, 7, 8, 9, 1, 2, 3, 4, 5, 6, 7, 8, 9], ""eps2"": 6, ""distance_median"": 0.2220366060819561}"
340,rflbat,rflbat_first_distance_filter,"[2, 50, 30, 12, 38, 58, 54, 56, 22, 20, 50, 30, 12, 38, 58, 54, 56, 22, 20]",[],"{""accepted_indices"": [0, 1, 2, 3, 4, 5, 6, 7, 8, 9, 1, 2, 3, 4, 5, 6, 7, 8, 9], ""eps1"": 10, ""distance_median"": 0.15637456935594793}"
340,rflbat,rflbat_cluster_filter,"[2, 50, 30, 12, 38, 58, 54, 56, 22, 20, 50, 30, 12, 38, 58, 54, 56, 22, 20]",[],"{""accepted_indices"": [0, 1, 2, 3, 4, 5, 6, 7, 8, 9, 1, 2, 3, 4, 5, 6, 7, 8, 9], ""num_clusters"": 1, ""cluster_scores"": [0.1454937216141038]}"
340,rflbat,rflbat_final_distance_filter,"[2, 50, 30, 12, 38, 58, 54, 56, 22, 20]",[],"{""accepted_indices"": [0, 1, 2, 3, 4, 5, 6, 7, 8, 9, 1, 2, 3, 4, 5, 6, 7, 8, 9], ""eps2"": 6, ""distance_median"": 0.2869617314776407}"
341,rflbat,rflbat_first_distance_filter,"[3, 62, 17, 31, 96, 26, 91, 98, 39, 25, 62, 17, 31, 96, 26, 91, 98, 39, 25]",[],"{""accepted_indices"": [0, 1, 2, 3, 4, 5, 6, 7, 8, 9, 1, 2, 3, 4, 5, 6, 7, 8, 9], ""eps1"": 10, ""distance_median"": 0.27541363180755735}"
341,rflbat,rflbat_cluster_filter,"[3, 62, 17, 31, 96, 91, 98, 39, 25, 62, 17, 31, 96, 91, 98, 39, 25]",[26],"{""accepted_indices"": [0, 1, 2, 3, 4, 6, 7, 8, 9, 1, 2, 3, 4, 6, 7, 8, 9], ""num_clusters"": 2, ""cluster_scores"": [0.1154877503009447, 1.0000000000013012]}"
341,rflbat,rflbat_final_distance_filter,"[3, 62, 17, 31, 96, 91, 98, 39, 25]",[26],"{""accepted_indices"": [0, 1, 2, 3, 4, 6, 7, 8, 9, 1, 2, 3, 4, 6, 7, 8, 9], ""eps2"": 6, ""distance_median"": 0.12748178398914983}"
342,rflbat,rflbat_first_distance_filter,"[0, 99, 76, 79, 62, 27, 72, 49, 46, 43, 99, 76, 79, 62, 27, 72, 49, 46, 43]",[],"{""accepted_indices"": [0, 1, 2, 3, 4, 5, 6, 7, 8, 9, 1, 2, 3, 4, 5, 6, 7, 8, 9], ""eps1"": 10, ""distance_median"": 0.26281847241735135}"
342,rflbat,rflbat_cluster_filter,"[0, 99, 76, 79, 62, 27, 72, 49, 46, 43, 99, 76, 79, 62, 27, 72, 49, 46, 43]",[],"{""accepted_indices"": [0, 1, 2, 3, 4, 5, 6, 7, 8, 9, 1, 2, 3, 4, 5, 6, 7, 8, 9], ""num_clusters"": 1, ""cluster_scores"": [0.11812423505669063]}"
342,rflbat,rflbat_final_distance_filter,"[0, 99, 76, 79, 27, 72, 49, 46, 43]",[62],"{""accepted_indices"": [0, 1, 2, 3, 5, 6, 7, 8, 9, 1, 2, 3, 5, 6, 7, 8, 9], ""eps2"": 6, ""distance_median"": 0.45726906331315276}"
343,rflbat,rflbat_first_distance_filter,"[3, 36, 26, 39, 7, 20, 76, 48, 49, 45, 36, 26, 39, 7, 20, 76, 48, 49, 45]",[],"{""accepted_indices"": [0, 1, 2, 3, 4, 5, 6, 7, 8, 9, 1, 2, 3, 4, 5, 6, 7, 8, 9], ""eps1"": 10, ""distance_median"": 0.1339745777890213}"
343,rflbat,rflbat_cluster_filter,"[3, 36, 26, 39, 7, 20, 76, 48, 49, 45, 36, 26, 39, 7, 20, 76, 48, 49, 45]",[],"{""accepted_indices"": [0, 1, 2, 3, 4, 5, 6, 7, 8, 9, 1, 2, 3, 4, 5, 6, 7, 8, 9], ""num_clusters"": 1, ""cluster_scores"": [0.08205151502993628]}"
343,rflbat,rflbat_final_distance_filter,"[3, 36, 26, 39, 7, 20, 76, 48, 49, 45]",[],"{""accepted_indices"": [0, 1, 2, 3, 4, 5, 6, 7, 8, 9, 1, 2, 3, 4, 5, 6, 7, 8, 9], ""eps2"": 6, ""distance_median"": 0.2569830467704661}"
344,rflbat,rflbat_first_distance_filter,"[1, 65, 53, 3, 10, 66, 8, 75, 49, 99, 65, 53, 3, 10, 66, 8, 75, 49, 99]",[],"{""accepted_indices"": [0, 1, 2, 3, 4, 5, 6, 7, 8, 9, 1, 2, 3, 4, 5, 6, 7, 8, 9], ""eps1"": 10, ""distance_median"": 0.19880218502285793}"
344,rflbat,rflbat_cluster_filter,"[1, 65, 53, 3, 10, 66, 8, 75, 49, 99, 65, 53, 3, 10, 66, 8, 75, 49, 99]",[],"{""accepted_indices"": [0, 1, 2, 3, 4, 5, 6, 7, 8, 9, 1, 2, 3, 4, 5, 6, 7, 8, 9], ""num_clusters"": 1, ""cluster_scores"": [0.08879821470888911]}"
344,rflbat,rflbat_final_distance_filter,"[1, 65, 53, 3, 10, 66, 8, 75, 49, 99]",[],"{""accepted_indices"": [0, 1, 2, 3, 4, 5, 6, 7, 8, 9, 1, 2, 3, 4, 5, 6, 7, 8, 9], ""eps2"": 6, ""distance_median"": 0.38961821128833846}"
345,rflbat,rflbat_first_distance_filter,"[1, 68, 12, 53, 23, 82, 97, 9, 64, 38, 68, 12, 53, 23, 82, 97, 9, 64, 38]",[],"{""accepted_indices"": [0, 1, 2, 3, 4, 5, 6, 7, 8, 9, 1, 2, 3, 4, 5, 6, 7, 8, 9], ""eps1"": 10, ""distance_median"": 0.14158985669961627}"
345,rflbat,rflbat_cluster_filter,"[1, 68, 12, 53, 23, 82, 97, 9, 64, 38, 68, 12, 53, 23, 82, 97, 9, 64, 38]",[],"{""accepted_indices"": [0, 1, 2, 3, 4, 5, 6, 7, 8, 9, 1, 2, 3, 4, 5, 6, 7, 8, 9], ""num_clusters"": 1, ""cluster_scores"": [0.1478923744979853]}"
345,rflbat,rflbat_final_distance_filter,"[1, 68, 12, 53, 23, 82, 97, 9, 64, 38]",[],"{""accepted_indices"": [0, 1, 2, 3, 4, 5, 6, 7, 8, 9, 1, 2, 3, 4, 5, 6, 7, 8, 9], ""eps2"": 6, ""distance_median"": 0.27845309532937135}"
346,rflbat,rflbat_first_distance_filter,"[1, 83, 60, 55, 58, 18, 98, 59, 30, 67, 83, 60, 55, 58, 18, 98, 59, 30, 67]",[],"{""accepted_indices"": [0, 1, 2, 3, 4, 5, 6, 7, 8, 9, 1, 2, 3, 4, 5, 6, 7, 8, 9], ""eps1"": 10, ""distance_median"": 0.22899702585657952}"
346,rflbat,rflbat_cluster_filter,"[1, 83, 60, 55, 58, 18, 98, 59, 30, 67, 83, 60, 55, 58, 18, 98, 59, 30, 67]",[],"{""accepted_indices"": [0, 1, 2, 3, 4, 5, 6, 7, 8, 9, 1, 2, 3, 4, 5, 6, 7, 8, 9], ""num_clusters"": 1, ""cluster_scores"": [0.10564367226171059]}"
346,rflbat,rflbat_final_distance_filter,"[1, 83, 60, 55, 58, 18, 98, 59, 67]",[30],"{""accepted_indices"": [0, 1, 2, 3, 4, 5, 6, 7, 9, 1, 2, 3, 4, 5, 6, 7, 9], ""eps2"": 6, ""distance_median"": 0.45733602020460024}"
347,rflbat,rflbat_first_distance_filter,"[4, 14, 77, 95, 15, 9, 46, 91, 58, 92, 14, 77, 95, 15, 9, 46, 91, 58, 92]",[],"{""accepted_indices"": [0, 1, 2, 3, 4, 5, 6, 7, 8, 9, 1, 2, 3, 4, 5, 6, 7, 8, 9], ""eps1"": 10, ""distance_median"": 0.13452322312573203}"
347,rflbat,rflbat_cluster_filter,"[4, 14, 77, 95, 15, 9, 46, 91, 58, 92, 14, 77, 95, 15, 9, 46, 91, 58, 92]",[],"{""accepted_indices"": [0, 1, 2, 3, 4, 5, 6, 7, 8, 9, 1, 2, 3, 4, 5, 6, 7, 8, 9], ""num_clusters"": 1, ""cluster_scores"": [0.10406230598031703]}"
347,rflbat,rflbat_final_distance_filter,"[4, 14, 77, 95, 15, 9, 46, 91, 58, 92]",[],"{""accepted_indices"": [0, 1, 2, 3, 4, 5, 6, 7, 8, 9, 1, 2, 3, 4, 5, 6, 7, 8, 9], ""eps2"": 6, ""distance_median"": 0.2756262478506851}"
348,rflbat,rflbat_first_distance_filter,"[4, 45, 89, 27, 20, 44, 5, 81, 46, 66, 45, 89, 27, 20, 44, 5, 81, 46, 66]",[],"{""accepted_indices"": [0, 1, 2, 3, 4, 5, 6, 7, 8, 9, 1, 2, 3, 4, 5, 6, 7, 8, 9], ""eps1"": 10, ""distance_median"": 0.1381389145726049}"
348,rflbat,rflbat_cluster_filter,"[4, 45, 89, 27, 20, 44, 5, 81, 46, 66, 45, 89, 27, 20, 44, 5, 81, 46, 66]",[],"{""accepted_indices"": [0, 1, 2, 3, 4, 5, 6, 7, 8, 9, 1, 2, 3, 4, 5, 6, 7, 8, 9], ""num_clusters"": 1, ""cluster_scores"": [0.08854721368110877]}"
348,rflbat,rflbat_final_distance_filter,"[4, 45, 89, 27, 20, 44, 5, 81, 46, 66]",[],"{""accepted_indices"": [0, 1, 2, 3, 4, 5, 6, 7, 8, 9, 1, 2, 3, 4, 5, 6, 7, 8, 9], ""eps2"": 6, ""distance_median"": 0.2728156887501126}"
349,rflbat,rflbat_first_distance_filter,"[2, 97, 60, 50, 96, 48, 49, 67, 62, 47, 97, 60, 50, 96, 48, 49, 67, 62, 47]",[],"{""accepted_indices"": [0, 1, 2, 3, 4, 5, 6, 7, 8, 9, 1, 2, 3, 4, 5, 6, 7, 8, 9], ""eps1"": 10, ""distance_median"": 0.15804255780798354}"
349,rflbat,rflbat_cluster_filter,"[2, 97, 60, 50, 96, 49, 67, 62, 47, 97, 60, 50, 96, 49, 67, 62, 47]",[48],"{""accepted_indices"": [0, 1, 2, 3, 4, 6, 7, 8, 9, 1, 2, 3, 4, 6, 7, 8, 9], ""num_clusters"": 2, ""cluster_scores"": [1.0000000000010654, 0.09718700265877447]}"
349,rflbat,rflbat_final_distance_filter,"[2, 97, 60, 50, 96, 49, 67, 62, 47]",[48],"{""accepted_indices"": [0, 1, 2, 3, 4, 6, 7, 8, 9, 1, 2, 3, 4, 6, 7, 8, 9], ""eps2"": 6, ""distance_median"": 0.18673119414407607}"
350,rflbat,rflbat_first_distance_filter,"[1, 65, 99, 28, 30, 80, 12, 92, 62, 39, 65, 99, 28, 30, 80, 12, 92, 62, 39]",[],"{""accepted_indices"": [0, 1, 2, 3, 4, 5, 6, 7, 8, 9, 1, 2, 3, 4, 5, 6, 7, 8, 9], ""eps1"": 10, ""distance_median"": 0.12458562846113778}"
350,rflbat,rflbat_cluster_filter,"[1, 65, 99, 28, 30, 80, 12, 92, 62, 39, 65, 99, 28, 30, 80, 12, 92, 62, 39]",[],"{""accepted_indices"": [0, 1, 2, 3, 4, 5, 6, 7, 8, 9, 1, 2, 3, 4, 5, 6, 7, 8, 9], ""num_clusters"": 1, ""cluster_scores"": [0.12771665323737036]}"
350,rflbat,rflbat_final_distance_filter,"[1, 65, 99, 28, 30, 80, 12, 92, 62, 39]",[],"{""accepted_indices"": [0, 1, 2, 3, 4, 5, 6, 7, 8, 9, 1, 2, 3, 4, 5, 6, 7, 8, 9], ""eps2"": 6, ""distance_median"": 0.24661894199899564}"
351,rflbat,rflbat_first_distance_filter,"[2, 68, 1, 22, 50, 35, 92, 19, 74, 98, 68, 1, 22, 50, 35, 92, 19, 74, 98]",[],"{""accepted_indices"": [0, 1, 2, 3, 4, 5, 6, 7, 8, 9, 1, 2, 3, 4, 5, 6, 7, 8, 9], ""eps1"": 10, ""distance_median"": 0.06593536210907684}"
351,rflbat,rflbat_cluster_filter,"[2, 68, 1, 22, 50, 35, 92, 19, 74, 98, 68, 1, 22, 50, 35, 92, 19, 74, 98]",[],"{""accepted_indices"": [0, 1, 2, 3, 4, 5, 6, 7, 8, 9, 1, 2, 3, 4, 5, 6, 7, 8, 9], ""num_clusters"": 1, ""cluster_scores"": [0.1521612699993022]}"
351,rflbat,rflbat_final_distance_filter,"[2, 68, 1, 22, 50, 35, 92, 19, 74, 98]",[],"{""accepted_indices"": [0, 1, 2, 3, 4, 5, 6, 7, 8, 9, 1, 2, 3, 4, 5, 6, 7, 8, 9], ""eps2"": 6, ""distance_median"": 0.1293975840126567}"
352,rflbat,rflbat_first_distance_filter,"[1, 23, 61, 29, 84, 71, 0, 79, 65, 38, 23, 61, 29, 84, 71, 0, 79, 65, 38]",[],"{""accepted_indices"": [0, 1, 2, 3, 4, 5, 6, 7, 8, 9, 1, 2, 3, 4, 5, 6, 7, 8, 9], ""eps1"": 10, ""distance_median"": 0.13175305398279624}"
352,rflbat,rflbat_cluster_filter,"[1, 23, 61, 29, 84, 71, 0, 79, 65, 38, 23, 61, 29, 84, 71, 0, 79, 65, 38]",[],"{""accepted_indices"": [0, 1, 2, 3, 4, 5, 6, 7, 8, 9, 1, 2, 3, 4, 5, 6, 7, 8, 9], ""num_clusters"": 1, ""cluster_scores"": [0.12450989843684103]}"
352,rflbat,rflbat_final_distance_filter,"[1, 23, 61, 29, 84, 71, 0, 79, 65, 38]",[],"{""accepted_indices"": [0, 1, 2, 3, 4, 5, 6, 7, 8, 9, 1, 2, 3, 4, 5, 6, 7, 8, 9], ""eps2"": 6, ""distance_median"": 0.26414360242174467}"
353,rflbat,rflbat_first_distance_filter,"[4, 52, 78, 56, 87, 82, 41, 94, 29, 80, 52, 78, 56, 87, 82, 41, 94, 29, 80]",[],"{""accepted_indices"": [0, 1, 2, 3, 4, 5, 6, 7, 8, 9, 1, 2, 3, 4, 5, 6, 7, 8, 9], ""eps1"": 10, ""distance_median"": 0.09926830359639308}"
353,rflbat,rflbat_cluster_filter,"[4, 52, 78, 56, 87, 82, 41, 94, 29, 80, 52, 78, 56, 87, 82, 41, 94, 29, 80]",[],"{""accepted_indices"": [0, 1, 2, 3, 4, 5, 6, 7, 8, 9, 1, 2, 3, 4, 5, 6, 7, 8, 9], ""num_clusters"": 1, ""cluster_scores"": [0.11628363406411585]}"
353,rflbat,rflbat_final_distance_filter,"[4, 52, 78, 56, 87, 82, 41, 94, 29, 80]",[],"{""accepted_indices"": [0, 1, 2, 3, 4, 5, 6, 7, 8, 9, 1, 2, 3, 4, 5, 6, 7, 8, 9], ""eps2"": 6, ""distance_median"": 0.19532727517863258}"
354,rflbat,rflbat_first_distance_filter,"[2, 3, 63, 52, 76, 47, 38, 19, 50, 77, 3, 63, 52, 76, 47, 38, 19, 50, 77]",[],"{""accepted_indices"": [0, 1, 2, 3, 4, 5, 6, 7, 8, 9, 1, 2, 3, 4, 5, 6, 7, 8, 9], ""eps1"": 10, ""distance_median"": 0.1107350145053082}"
354,rflbat,rflbat_cluster_filter,"[2, 3, 63, 52, 76, 47, 38, 19, 50, 77, 3, 63, 52, 76, 47, 38, 19, 50, 77]",[],"{""accepted_indices"": [0, 1, 2, 3, 4, 5, 6, 7, 8, 9, 1, 2, 3, 4, 5, 6, 7, 8, 9], ""num_clusters"": 1, ""cluster_scores"": [0.08643207147412689]}"
354,rflbat,rflbat_final_distance_filter,"[2, 3, 63, 52, 76, 47, 38, 19, 50, 77]",[],"{""accepted_indices"": [0, 1, 2, 3, 4, 5, 6, 7, 8, 9, 1, 2, 3, 4, 5, 6, 7, 8, 9], ""eps2"": 6, ""distance_median"": 0.21835303882191578}"
355,rflbat,rflbat_first_distance_filter,"[0, 34, 62, 24, 75, 6, 22, 88, 43, 87, 34, 62, 24, 75, 6, 22, 88, 43, 87]",[],"{""accepted_indices"": [0, 1, 2, 3, 4, 5, 6, 7, 8, 9, 1, 2, 3, 4, 5, 6, 7, 8, 9], ""eps1"": 10, ""distance_median"": 0.2785428864976559}"
355,rflbat,rflbat_cluster_filter,"[0, 34, 62, 24, 75, 6, 22, 88, 43, 87, 34, 62, 24, 75, 6, 22, 88, 43, 87]",[],"{""accepted_indices"": [0, 1, 2, 3, 4, 5, 6, 7, 8, 9, 1, 2, 3, 4, 5, 6, 7, 8, 9], ""num_clusters"": 1, ""cluster_scores"": [0.09830762121097186]}"
355,rflbat,rflbat_final_distance_filter,"[0, 34, 62, 24, 75, 6, 22, 88, 43, 87]",[],"{""accepted_indices"": [0, 1, 2, 3, 4, 5, 6, 7, 8, 9, 1, 2, 3, 4, 5, 6, 7, 8, 9], ""eps2"": 6, ""distance_median"": 0.5367763502727978}"
356,rflbat,rflbat_first_distance_filter,"[3, 95, 28, 36, 13, 30, 23, 63, 44, 45, 95, 28, 36, 13, 30, 23, 63, 44, 45]",[],"{""accepted_indices"": [0, 1, 2, 3, 4, 5, 6, 7, 8, 9, 1, 2, 3, 4, 5, 6, 7, 8, 9], ""eps1"": 10, ""distance_median"": 0.21400833044402912}"
356,rflbat,rflbat_cluster_filter,"[3, 95, 28, 36, 13, 30, 23, 63, 44, 45, 95, 28, 36, 13, 30, 23, 63, 44, 45]",[],"{""accepted_indices"": [0, 1, 2, 3, 4, 5, 6, 7, 8, 9, 1, 2, 3, 4, 5, 6, 7, 8, 9], ""num_clusters"": 1, ""cluster_scores"": [0.12205495379332465]}"
356,rflbat,rflbat_final_distance_filter,"[3, 95, 28, 36, 13, 30, 23, 63, 44, 45]",[],"{""accepted_indices"": [0, 1, 2, 3, 4, 5, 6, 7, 8, 9, 1, 2, 3, 4, 5, 6, 7, 8, 9], ""eps2"": 6, ""distance_median"": 0.4239874321785281}"
357,rflbat,rflbat_first_distance_filter,"[0, 89, 60, 25, 1, 36, 71, 12, 57, 44, 89, 60, 25, 1, 36, 71, 12, 57, 44]",[],"{""accepted_indices"": [0, 1, 2, 3, 4, 5, 6, 7, 8, 9, 1, 2, 3, 4, 5, 6, 7, 8, 9], ""eps1"": 10, ""distance_median"": 0.15087959188316075}"
357,rflbat,rflbat_cluster_filter,"[0, 89, 60, 25, 1, 36, 12, 57, 44, 89, 60, 25, 1, 36, 12, 57, 44]",[71],"{""accepted_indices"": [0, 1, 2, 3, 4, 5, 7, 8, 9, 1, 2, 3, 4, 5, 7, 8, 9], ""num_clusters"": 2, ""cluster_scores"": [0.12747791048468138, 1.0000000000016416]}"
357,rflbat,rflbat_final_distance_filter,"[0, 89, 60, 25, 1, 36, 12, 57, 44]",[71],"{""accepted_indices"": [0, 1, 2, 3, 4, 5, 7, 8, 9, 1, 2, 3, 4, 5, 7, 8, 9], ""eps2"": 6, ""distance_median"": 0.17833297478389068}"
358,rflbat,rflbat_first_distance_filter,"[4, 64, 39, 97, 41, 52, 15, 89, 75, 80, 64, 39, 97, 41, 52, 15, 89, 75, 80]",[],"{""accepted_indices"": [0, 1, 2, 3, 4, 5, 6, 7, 8, 9, 1, 2, 3, 4, 5, 6, 7, 8, 9], ""eps1"": 10, ""distance_median"": 0.14782364266620318}"
358,rflbat,rflbat_cluster_filter,"[4, 64, 39, 97, 41, 52, 15, 89, 75, 80, 64, 39, 97, 41, 52, 15, 89, 75, 80]",[],"{""accepted_indices"": [0, 1, 2, 3, 4, 5, 6, 7, 8, 9, 1, 2, 3, 4, 5, 6, 7, 8, 9], ""num_clusters"": 1, ""cluster_scores"": [0.10097326972479985]}"
358,rflbat,rflbat_final_distance_filter,"[4, 64, 39, 97, 41, 52, 15, 89, 75, 80]",[],"{""accepted_indices"": [0, 1, 2, 3, 4, 5, 6, 7, 8, 9, 1, 2, 3, 4, 5, 6, 7, 8, 9], ""eps2"": 6, ""distance_median"": 0.2997302732112634}"
359,rflbat,rflbat_first_distance_filter,"[3, 79, 69, 76, 5, 31, 55, 99, 53, 85, 79, 69, 76, 5, 31, 55, 99, 53, 85]",[],"{""accepted_indices"": [0, 1, 2, 3, 4, 5, 6, 7, 8, 9, 1, 2, 3, 4, 5, 6, 7, 8, 9], ""eps1"": 10, ""distance_median"": 0.2421012117655077}"
359,rflbat,rflbat_cluster_filter,"[3, 79, 69, 76, 5, 31, 55, 99, 53, 85, 79, 69, 76, 5, 31, 55, 99, 53, 85]",[],"{""accepted_indices"": [0, 1, 2, 3, 4, 5, 6, 7, 8, 9, 1, 2, 3, 4, 5, 6, 7, 8, 9], ""num_clusters"": 1, ""cluster_scores"": [0.13125638091451086]}"
359,rflbat,rflbat_final_distance_filter,"[3, 79, 69, 76, 5, 31, 55, 99, 53, 85]",[],"{""accepted_indices"": [0, 1, 2, 3, 4, 5, 6, 7, 8, 9, 1, 2, 3, 4, 5, 6, 7, 8, 9], ""eps2"": 6, ""distance_median"": 0.48878302293687215}"
360,rflbat,rflbat_first_distance_filter,"[3, 62, 51, 28, 92, 82, 37, 2, 8, 75, 62, 51, 28, 92, 82, 37, 2, 8, 75]",[],"{""accepted_indices"": [0, 1, 2, 3, 4, 5, 6, 7, 8, 9, 1, 2, 3, 4, 5, 6, 7, 8, 9], ""eps1"": 10, ""distance_median"": 0.14672751699068243}"
360,rflbat,rflbat_cluster_filter,"[3, 62, 51, 28, 92, 82, 37, 2, 8, 75, 62, 51, 28, 92, 82, 37, 2, 8, 75]",[],"{""accepted_indices"": [0, 1, 2, 3, 4, 5, 6, 7, 8, 9, 1, 2, 3, 4, 5, 6, 7, 8, 9], ""num_clusters"": 1, ""cluster_scores"": [0.07343419170709048]}"
360,rflbat,rflbat_final_distance_filter,"[3, 62, 51, 28, 92, 82, 37, 2, 8, 75]",[],"{""accepted_indices"": [0, 1, 2, 3, 4, 5, 6, 7, 8, 9, 1, 2, 3, 4, 5, 6, 7, 8, 9], ""eps2"": 6, ""distance_median"": 0.2962263569796778}"
361,rflbat,rflbat_first_distance_filter,"[1, 70, 17, 86, 16, 12, 39, 48, 5, 18, 70, 17, 86, 16, 12, 39, 48, 5, 18]",[],"{""accepted_indices"": [0, 1, 2, 3, 4, 5, 6, 7, 8, 9, 1, 2, 3, 4, 5, 6, 7, 8, 9], ""eps1"": 10, ""distance_median"": 0.20104979546743196}"
361,rflbat,rflbat_cluster_filter,"[1, 70, 17, 86, 16, 12, 39, 48, 5, 18, 70, 17, 86, 16, 12, 39, 48, 5, 18]",[],"{""accepted_indices"": [0, 1, 2, 3, 4, 5, 6, 7, 8, 9, 1, 2, 3, 4, 5, 6, 7, 8, 9], ""num_clusters"": 1, ""cluster_scores"": [0.15514681396003271]}"
361,rflbat,rflbat_final_distance_filter,"[1, 70, 17, 86, 16, 12, 39, 48, 5, 18]",[],"{""accepted_indices"": [0, 1, 2, 3, 4, 5, 6, 7, 8, 9, 1, 2, 3, 4, 5, 6, 7, 8, 9], ""eps2"": 6, ""distance_median"": 0.40822239416350103}"
362,rflbat,rflbat_first_distance_filter,"[0, 6, 66, 17, 92, 43, 32, 82, 40, 14, 6, 66, 17, 92, 43, 32, 82, 40, 14]",[],"{""accepted_indices"": [0, 1, 2, 3, 4, 5, 6, 7, 8, 9, 1, 2, 3, 4, 5, 6, 7, 8, 9], ""eps1"": 10, ""distance_median"": 0.2138144244062855}"
362,rflbat,rflbat_cluster_filter,"[0, 6, 66, 17, 92, 43, 32, 82, 40, 14, 6, 66, 17, 92, 43, 32, 82, 40, 14]",[],"{""accepted_indices"": [0, 1, 2, 3, 4, 5, 6, 7, 8, 9, 1, 2, 3, 4, 5, 6, 7, 8, 9], ""num_clusters"": 1, ""cluster_scores"": [0.08529652251297119]}"
362,rflbat,rflbat_final_distance_filter,"[0, 6, 66, 17, 92, 43, 82, 40, 14]",[32],"{""accepted_indices"": [0, 1, 2, 3, 4, 5, 7, 8, 9, 1, 2, 3, 4, 5, 7, 8, 9], ""eps2"": 6, ""distance_median"": 0.3671218932237426}"
363,rflbat,rflbat_first_distance_filter,"[3, 45, 36, 34, 50, 57, 60, 85, 0, 68, 45, 36, 34, 50, 57, 60, 85, 0, 68]",[],"{""accepted_indices"": [0, 1, 2, 3, 4, 5, 6, 7, 8, 9, 1, 2, 3, 4, 5, 6, 7, 8, 9], ""eps1"": 10, ""distance_median"": 0.1811479116692667}"
363,rflbat,rflbat_cluster_filter,"[3, 45, 36, 34, 50, 57, 60, 85, 0, 68, 45, 36, 34, 50, 57, 60, 85, 0, 68]",[],"{""accepted_indices"": [0, 1, 2, 3, 4, 5, 6, 7, 8, 9, 1, 2, 3, 4, 5, 6, 7, 8, 9], ""num_clusters"": 1, ""cluster_scores"": [0.08871300785702556]}"
363,rflbat,rflbat_final_distance_filter,"[3, 45, 36, 34, 50, 57, 60, 85, 0, 68]",[],"{""accepted_indices"": [0, 1, 2, 3, 4, 5, 6, 7, 8, 9, 1, 2, 3, 4, 5, 6, 7, 8, 9], ""eps2"": 6, ""distance_median"": 0.3948980490788774}"
364,rflbat,rflbat_first_distance_filter,"[3, 74, 60, 30, 75, 39, 61, 26, 53, 96, 74, 60, 30, 75, 39, 61, 26, 53, 96]",[],"{""accepted_indices"": [0, 1, 2, 3, 4, 5, 6, 7, 8, 9, 1, 2, 3, 4, 5, 6, 7, 8, 9], ""eps1"": 10, ""distance_median"": 0.1412724915956574}"
364,rflbat,rflbat_cluster_filter,"[3, 74, 60, 30, 75, 39, 61, 26, 53, 96, 74, 60, 30, 75, 39, 61, 26, 53, 96]",[],"{""accepted_indices"": [0, 1, 2, 3, 4, 5, 6, 7, 8, 9, 1, 2, 3, 4, 5, 6, 7, 8, 9], ""num_clusters"": 1, ""cluster_scores"": [0.10031362759330124]}"
364,rflbat,rflbat_final_distance_filter,"[3, 74, 60, 30, 75, 39, 61, 26, 53, 96]",[],"{""accepted_indices"": [0, 1, 2, 3, 4, 5, 6, 7, 8, 9, 1, 2, 3, 4, 5, 6, 7, 8, 9], ""eps2"": 6, ""distance_median"": 0.2631942282784953}"
365,rflbat,rflbat_first_distance_filter,"[1, 39, 36, 72, 68, 9, 51, 33, 91, 47, 39, 36, 72, 68, 9, 51, 33, 91, 47]",[],"{""accepted_indices"": [0, 1, 2, 3, 4, 5, 6, 7, 8, 9, 1, 2, 3, 4, 5, 6, 7, 8, 9], ""eps1"": 10, ""distance_median"": 0.1731181172907724}"
365,rflbat,rflbat_cluster_filter,"[1, 39, 36, 72, 68, 9, 51, 33, 91, 47, 39, 36, 72, 68, 9, 51, 33, 91, 47]",[],"{""accepted_indices"": [0, 1, 2, 3, 4, 5, 6, 7, 8, 9, 1, 2, 3, 4, 5, 6, 7, 8, 9], ""num_clusters"": 1, ""cluster_scores"": [0.11523828810574266]}"
365,rflbat,rflbat_final_distance_filter,"[1, 39, 36, 72, 68, 9, 51, 33, 91, 47]",[],"{""accepted_indices"": [0, 1, 2, 3, 4, 5, 6, 7, 8, 9, 1, 2, 3, 4, 5, 6, 7, 8, 9], ""eps2"": 6, ""distance_median"": 0.34417985584798627}"
366,rflbat,rflbat_first_distance_filter,"[2, 19, 28, 74, 47, 36, 30, 55, 82, 40, 19, 28, 74, 47, 36, 30, 55, 82, 40]",[],"{""accepted_indices"": [0, 1, 2, 3, 4, 5, 6, 7, 8, 9, 1, 2, 3, 4, 5, 6, 7, 8, 9], ""eps1"": 10, ""distance_median"": 0.12253698466134179}"
366,rflbat,rflbat_cluster_filter,"[2, 19, 28, 74, 47, 36, 30, 55, 82, 40, 19, 28, 74, 47, 36, 30, 55, 82, 40]",[],"{""accepted_indices"": [0, 1, 2, 3, 4, 5, 6, 7, 8, 9, 1, 2, 3, 4, 5, 6, 7, 8, 9], ""num_clusters"": 1, ""cluster_scores"": [0.12050712802769507]}"
366,rflbat,rflbat_final_distance_filter,"[2, 19, 28, 74, 47, 36, 30, 55, 82, 40]",[],"{""accepted_indices"": [0, 1, 2, 3, 4, 5, 6, 7, 8, 9, 1, 2, 3, 4, 5, 6, 7, 8, 9], ""eps2"": 6, ""distance_median"": 0.23989662087663371}"
367,rflbat,rflbat_first_distance_filter,"[1, 27, 9, 55, 80, 52, 37, 13, 85, 59, 27, 9, 55, 80, 52, 37, 13, 85, 59]",[],"{""accepted_indices"": [0, 1, 2, 3, 4, 5, 6, 7, 8, 9, 1, 2, 3, 4, 5, 6, 7, 8, 9], ""eps1"": 10, ""distance_median"": 0.18304048754836877}"
367,rflbat,rflbat_cluster_filter,"[1, 27, 9, 55, 80, 52, 37, 13, 85, 59, 27, 9, 55, 80, 52, 37, 13, 85, 59]",[],"{""accepted_indices"": [0, 1, 2, 3, 4, 5, 6, 7, 8, 9, 1, 2, 3, 4, 5, 6, 7, 8, 9], ""num_clusters"": 1, ""cluster_scores"": [0.17887264630483338]}"
367,rflbat,rflbat_final_distance_filter,"[1, 27, 9, 55, 80, 52, 37, 13, 85, 59]",[],"{""accepted_indices"": [0, 1, 2, 3, 4, 5, 6, 7, 8, 9, 1, 2, 3, 4, 5, 6, 7, 8, 9], ""eps2"": 6, ""distance_median"": 0.35817752912212075}"
368,rflbat,rflbat_first_distance_filter,"[2, 85, 61, 46, 79, 83, 68, 40, 96, 13, 85, 61, 46, 79, 83, 68, 40, 96, 13]",[],"{""accepted_indices"": [0, 1, 2, 3, 4, 5, 6, 7, 8, 9, 1, 2, 3, 4, 5, 6, 7, 8, 9], ""eps1"": 10, ""distance_median"": 0.1511108290197099}"
368,rflbat,rflbat_cluster_filter,"[2, 85, 61, 46, 79, 83, 68, 40, 96, 13, 85, 61, 46, 79, 83, 68, 40, 96, 13]",[],"{""accepted_indices"": [0, 1, 2, 3, 4, 5, 6, 7, 8, 9, 1, 2, 3, 4, 5, 6, 7, 8, 9], ""num_clusters"": 1, ""cluster_scores"": [0.12987055780303922]}"
368,rflbat,rflbat_final_distance_filter,"[2, 85, 61, 46, 79, 83, 68, 40, 96, 13]",[],"{""accepted_indices"": [0, 1, 2, 3, 4, 5, 6, 7, 8, 9, 1, 2, 3, 4, 5, 6, 7, 8, 9], ""eps2"": 6, ""distance_median"": 0.3042907884760696}"
369,rflbat,rflbat_first_distance_filter,"[4, 80, 74, 38, 97, 65, 41, 14, 11, 83, 80, 74, 38, 97, 65, 41, 14, 11, 83]",[],"{""accepted_indices"": [0, 1, 2, 3, 4, 5, 6, 7, 8, 9, 1, 2, 3, 4, 5, 6, 7, 8, 9], ""eps1"": 10, ""distance_median"": 0.14264819520877625}"
369,rflbat,rflbat_cluster_filter,"[4, 80, 74, 38, 97, 65, 41, 14, 11, 83, 80, 74, 38, 97, 65, 41, 14, 11, 83]",[],"{""accepted_indices"": [0, 1, 2, 3, 4, 5, 6, 7, 8, 9, 1, 2, 3, 4, 5, 6, 7, 8, 9], ""num_clusters"": 1, ""cluster_scores"": [0.11629341717773758]}"
369,rflbat,rflbat_final_distance_filter,"[4, 80, 74, 38, 97, 65, 41, 14, 11, 83]",[],"{""accepted_indices"": [0, 1, 2, 3, 4, 5, 6, 7, 8, 9, 1, 2, 3, 4, 5, 6, 7, 8, 9], ""eps2"": 6, ""distance_median"": 0.24080818799726525}"
370,rflbat,rflbat_first_distance_filter,"[3, 37, 78, 46, 89, 1, 28, 68, 80, 48, 37, 78, 46, 89, 1, 28, 68, 80, 48]",[],"{""accepted_indices"": [0, 1, 2, 3, 4, 5, 6, 7, 8, 9, 1, 2, 3, 4, 5, 6, 7, 8, 9], ""eps1"": 10, ""distance_median"": 0.14476265605236263}"
370,rflbat,rflbat_cluster_filter,"[3, 37, 78, 46, 89, 1, 28, 68, 80, 48, 37, 78, 46, 89, 1, 28, 68, 80, 48]",[],"{""accepted_indices"": [0, 1, 2, 3, 4, 5, 6, 7, 8, 9, 1, 2, 3, 4, 5, 6, 7, 8, 9], ""num_clusters"": 1, ""cluster_scores"": [0.16037464395630482]}"
370,rflbat,rflbat_final_distance_filter,"[3, 37, 78, 46, 89, 1, 28, 68, 80, 48]",[],"{""accepted_indices"": [0, 1, 2, 3, 4, 5, 6, 7, 8, 9, 1, 2, 3, 4, 5, 6, 7, 8, 9], ""eps2"": 6, ""distance_median"": 0.28324593299944756}"
371,rflbat,rflbat_first_distance_filter,"[1, 7, 80, 25, 19, 22, 36, 45, 16, 61, 7, 80, 25, 19, 22, 36, 45, 16, 61]",[],"{""accepted_indices"": [0, 1, 2, 3, 4, 5, 6, 7, 8, 9, 1, 2, 3, 4, 5, 6, 7, 8, 9], ""eps1"": 10, ""distance_median"": 0.12819380151895565}"
371,rflbat,rflbat_cluster_filter,"[1, 7, 80, 19, 22, 36, 45, 16, 61, 7, 80, 19, 22, 36, 45, 16, 61]",[25],"{""accepted_indices"": [0, 1, 2, 4, 5, 6, 7, 8, 9, 1, 2, 4, 5, 6, 7, 8, 9], ""num_clusters"": 2, ""cluster_scores"": [0.12716266571942036, 1.00000000000056]}"
371,rflbat,rflbat_final_distance_filter,"[1, 7, 80, 19, 22, 36, 45, 16, 61]",[25],"{""accepted_indices"": [0, 1, 2, 4, 5, 6, 7, 8, 9, 1, 2, 4, 5, 6, 7, 8, 9], ""eps2"": 6, ""distance_median"": 0.191383830207796}"
372,rflbat,rflbat_first_distance_filter,"[1, 32, 58, 59, 19, 75, 53, 86, 36, 16, 32, 58, 59, 19, 75, 53, 86, 36, 16]",[],"{""accepted_indices"": [0, 1, 2, 3, 4, 5, 6, 7, 8, 9, 1, 2, 3, 4, 5, 6, 7, 8, 9], ""eps1"": 10, ""distance_median"": 0.16593564946014935}"
372,rflbat,rflbat_cluster_filter,"[1, 32, 58, 59, 19, 75, 53, 86, 36, 16, 32, 58, 59, 19, 75, 53, 86, 36, 16]",[],"{""accepted_indices"": [0, 1, 2, 3, 4, 5, 6, 7, 8, 9, 1, 2, 3, 4, 5, 6, 7, 8, 9], ""num_clusters"": 1, ""cluster_scores"": [0.09030428096866575]}"
372,rflbat,rflbat_final_distance_filter,"[1, 32, 58, 59, 19, 75, 53, 86, 36, 16]",[],"{""accepted_indices"": [0, 1, 2, 3, 4, 5, 6, 7, 8, 9, 1, 2, 3, 4, 5, 6, 7, 8, 9], ""eps2"": 6, ""distance_median"": 0.3353121838365051}"
373,rflbat,rflbat_first_distance_filter,"[2, 78, 24, 16, 64, 20, 86, 14, 80, 68, 78, 24, 16, 64, 20, 86, 14, 80, 68]",[],"{""accepted_indices"": [0, 1, 2, 3, 4, 5, 6, 7, 8, 9, 1, 2, 3, 4, 5, 6, 7, 8, 9], ""eps1"": 10, ""distance_median"": 0.11419032095076767}"
373,rflbat,rflbat_cluster_filter,"[2, 78, 24, 16, 64, 20, 86, 14, 80, 68, 78, 24, 16, 64, 20, 86, 14, 80, 68]",[],"{""accepted_indices"": [0, 1, 2, 3, 4, 5, 6, 7, 8, 9, 1, 2, 3, 4, 5, 6, 7, 8, 9], ""num_clusters"": 1, ""cluster_scores"": [0.10838818172632221]}"
373,rflbat,rflbat_final_distance_filter,"[2, 78, 24, 16, 64, 20, 86, 14, 80, 68]",[],"{""accepted_indices"": [0, 1, 2, 3, 4, 5, 6, 7, 8, 9, 1, 2, 3, 4, 5, 6, 7, 8, 9], ""eps2"": 6, ""distance_median"": 0.22566268159406694}"
374,rflbat,rflbat_first_distance_filter,"[0, 16, 95, 11, 30, 9, 80, 10, 19, 55, 16, 95, 11, 30, 9, 80, 10, 19, 55]",[],"{""accepted_indices"": [0, 1, 2, 3, 4, 5, 6, 7, 8, 9, 1, 2, 3, 4, 5, 6, 7, 8, 9], ""eps1"": 10, ""distance_median"": 0.23561240697664831}"
374,rflbat,rflbat_cluster_filter,"[0, 16, 95, 11, 30, 9, 80, 10, 19, 55, 16, 95, 11, 30, 9, 80, 10, 19, 55]",[],"{""accepted_indices"": [0, 1, 2, 3, 4, 5, 6, 7, 8, 9, 1, 2, 3, 4, 5, 6, 7, 8, 9], ""num_clusters"": 1, ""cluster_scores"": [0.10137966155437328]}"
374,rflbat,rflbat_final_distance_filter,"[0, 16, 95, 11, 30, 9, 80, 10, 19, 55]",[],"{""accepted_indices"": [0, 1, 2, 3, 4, 5, 6, 7, 8, 9, 1, 2, 3, 4, 5, 6, 7, 8, 9], ""eps2"": 6, ""distance_median"": 0.4465246288369558}"
375,rflbat,rflbat_first_distance_filter,"[3, 25, 50, 51, 52, 24, 36, 82, 91, 92, 25, 50, 51, 52, 24, 36, 82, 91, 92]",[],"{""accepted_indices"": [0, 1, 2, 3, 4, 5, 6, 7, 8, 9, 1, 2, 3, 4, 5, 6, 7, 8, 9], ""eps1"": 10, ""distance_median"": 0.12682710545783282}"
375,rflbat,rflbat_cluster_filter,"[3, 25, 50, 51, 52, 24, 36, 82, 91, 92, 25, 50, 51, 52, 24, 36, 82, 91, 92]",[],"{""accepted_indices"": [0, 1, 2, 3, 4, 5, 6, 7, 8, 9, 1, 2, 3, 4, 5, 6, 7, 8, 9], ""num_clusters"": 1, ""cluster_scores"": [0.11832279662096824]}"
375,rflbat,rflbat_final_distance_filter,"[3, 25, 50, 51, 52, 24, 36, 82, 91, 92]",[],"{""accepted_indices"": [0, 1, 2, 3, 4, 5, 6, 7, 8, 9, 1, 2, 3, 4, 5, 6, 7, 8, 9], ""eps2"": 6, ""distance_median"": 0.2791340933776472}"
376,rflbat,rflbat_first_distance_filter,"[1, 74, 52, 82, 32, 18, 72, 7, 36, 96, 74, 52, 82, 32, 18, 72, 7, 36, 96]",[],"{""accepted_indices"": [0, 1, 2, 3, 4, 5, 6, 7, 8, 9, 1, 2, 3, 4, 5, 6, 7, 8, 9], ""eps1"": 10, ""distance_median"": 0.11897795504270431}"
376,rflbat,rflbat_cluster_filter,"[1, 74, 52, 82, 32, 18, 72, 7, 36, 96, 74, 52, 82, 32, 18, 72, 7, 36, 96]",[],"{""accepted_indices"": [0, 1, 2, 3, 4, 5, 6, 7, 8, 9, 1, 2, 3, 4, 5, 6, 7, 8, 9], ""num_clusters"": 1, ""cluster_scores"": [0.12339620554226334]}"
376,rflbat,rflbat_final_distance_filter,"[1, 74, 52, 82, 32, 18, 72, 7, 36, 96]",[],"{""accepted_indices"": [0, 1, 2, 3, 4, 5, 6, 7, 8, 9, 1, 2, 3, 4, 5, 6, 7, 8, 9], ""eps2"": 6, ""distance_median"": 0.2179536773487267}"
377,rflbat,rflbat_first_distance_filter,"[1, 4, 95, 81, 43, 11, 78, 98, 26, 52, 4, 95, 81, 43, 11, 78, 98, 26, 52]",[],"{""accepted_indices"": [0, 1, 2, 3, 4, 5, 6, 7, 8, 9, 1, 2, 3, 4, 5, 6, 7, 8, 9], ""eps1"": 10, ""distance_median"": 0.12442484672137888}"
377,rflbat,rflbat_cluster_filter,"[1, 4, 95, 81, 43, 11, 78, 98, 26, 52, 4, 95, 81, 43, 11, 78, 98, 26, 52]",[],"{""accepted_indices"": [0, 1, 2, 3, 4, 5, 6, 7, 8, 9, 1, 2, 3, 4, 5, 6, 7, 8, 9], ""num_clusters"": 1, ""cluster_scores"": [0.11980662689781045]}"
377,rflbat,rflbat_final_distance_filter,"[1, 4, 95, 81, 43, 11, 78, 98, 26, 52]",[],"{""accepted_indices"": [0, 1, 2, 3, 4, 5, 6, 7, 8, 9, 1, 2, 3, 4, 5, 6, 7, 8, 9], ""eps2"": 6, ""distance_median"": 0.2687061190674251}"
378,rflbat,rflbat_first_distance_filter,"[0, 94, 8, 35, 50, 43, 64, 44, 56, 23, 94, 8, 35, 50, 43, 64, 44, 56, 23]",[],"{""accepted_indices"": [0, 1, 2, 3, 4, 5, 6, 7, 8, 9, 1, 2, 3, 4, 5, 6, 7, 8, 9], ""eps1"": 10, ""distance_median"": 0.14214144532658174}"
378,rflbat,rflbat_cluster_filter,"[94, 35, 50, 43, 64, 44, 56, 23, 94, 35, 50, 43, 64, 44, 56, 23]","[0, 8]","{""accepted_indices"": [1, 3, 4, 5, 6, 7, 8, 9, 1, 3, 4, 5, 6, 7, 8, 9], ""num_clusters"": 3, ""cluster_scores"": [0.1662386177604856, 1, 1.0000000000017106]}"
378,rflbat,rflbat_final_distance_filter,"[94, 35, 50, 43, 64, 44, 56, 23]","[0, 8]","{""accepted_indices"": [1, 3, 4, 5, 6, 7, 8, 9, 1, 3, 4, 5, 6, 7, 8, 9], ""eps2"": 6, ""distance_median"": 0.06884628203991833}"
379,rflbat,rflbat_first_distance_filter,"[4, 91, 42, 50, 93, 74, 8, 28, 19, 31, 91, 42, 50, 93, 74, 8, 28, 19, 31]",[],"{""accepted_indices"": [0, 1, 2, 3, 4, 5, 6, 7, 8, 9, 1, 2, 3, 4, 5, 6, 7, 8, 9], ""eps1"": 10, ""distance_median"": 0.17204738614170714}"
379,rflbat,rflbat_cluster_filter,"[4, 91, 42, 50, 93, 74, 8, 28, 19, 31, 91, 42, 50, 93, 74, 8, 28, 19, 31]",[],"{""accepted_indices"": [0, 1, 2, 3, 4, 5, 6, 7, 8, 9, 1, 2, 3, 4, 5, 6, 7, 8, 9], ""num_clusters"": 1, ""cluster_scores"": [0.1294377627202651]}"
379,rflbat,rflbat_final_distance_filter,"[4, 91, 42, 50, 93, 74, 8, 28, 19, 31]",[],"{""accepted_indices"": [0, 1, 2, 3, 4, 5, 6, 7, 8, 9, 1, 2, 3, 4, 5, 6, 7, 8, 9], ""eps2"": 6, ""distance_median"": 0.3404047421384062}"
380,rflbat,rflbat_first_distance_filter,"[3, 17, 87, 46, 75, 51, 76, 86, 7, 2, 17, 87, 46, 75, 51, 76, 86, 7, 2]",[],"{""accepted_indices"": [0, 1, 2, 3, 4, 5, 6, 7, 8, 9, 1, 2, 3, 4, 5, 6, 7, 8, 9], ""eps1"": 10, ""distance_median"": 0.13374100675265096}"
380,rflbat,rflbat_cluster_filter,"[3, 17, 87, 46, 75, 51, 76, 86, 7, 2, 17, 87, 46, 75, 51, 76, 86, 7, 2]",[],"{""accepted_indices"": [0, 1, 2, 3, 4, 5, 6, 7, 8, 9, 1, 2, 3, 4, 5, 6, 7, 8, 9], ""num_clusters"": 1, ""cluster_scores"": [0.13673765557843837]}"
380,rflbat,rflbat_final_distance_filter,"[3, 17, 87, 46, 75, 51, 76, 86, 7, 2]",[],"{""accepted_indices"": [0, 1, 2, 3, 4, 5, 6, 7, 8, 9, 1, 2, 3, 4, 5, 6, 7, 8, 9], ""eps2"": 6, ""distance_median"": 0.2541714421516868}"
381,rflbat,rflbat_first_distance_filter,"[2, 48, 52, 63, 45, 4, 11, 85, 28, 61, 48, 52, 63, 45, 4, 11, 85, 28, 61]",[],"{""accepted_indices"": [0, 1, 2, 3, 4, 5, 6, 7, 8, 9, 1, 2, 3, 4, 5, 6, 7, 8, 9], ""eps1"": 10, ""distance_median"": 0.17538742521510817}"
381,rflbat,rflbat_cluster_filter,"[2, 52, 63, 45, 4, 11, 85, 28, 61, 52, 63, 45, 4, 11, 85, 28, 61]",[48],"{""accepted_indices"": [0, 2, 3, 4, 5, 6, 7, 8, 9, 2, 3, 4, 5, 6, 7, 8, 9], ""num_clusters"": 2, ""cluster_scores"": [0.10001976378271489, 1.0000000000024127]}"
381,rflbat,rflbat_final_distance_filter,"[2, 52, 63, 45, 4, 11, 85, 28, 61]",[48],"{""accepted_indices"": [0, 2, 3, 4, 5, 6, 7, 8, 9, 2, 3, 4, 5, 6, 7, 8, 9], ""eps2"": 6, ""distance_median"": 0.15066770917899497}"
382,rflbat,rflbat_first_distance_filter,"[3, 73, 18, 31, 30, 25, 63, 33, 95, 5, 73, 18, 31, 30, 25, 63, 33, 95, 5]",[],"{""accepted_indices"": [0, 1, 2, 3, 4, 5, 6, 7, 8, 9, 1, 2, 3, 4, 5, 6, 7, 8, 9], ""eps1"": 10, ""distance_median"": 0.3468799633742131}"
382,rflbat,rflbat_cluster_filter,"[3, 18, 30, 25, 63, 33, 95, 5, 18, 30, 25, 63, 33, 95, 5]","[73, 31]","{""accepted_indices"": [0, 2, 4, 5, 6, 7, 8, 9, 2, 4, 5, 6, 7, 8, 9], ""num_clusters"": 3, ""cluster_scores"": [1.0000000000011908, 0.1607644007447945, 1.0000000000021705]}"
382,rflbat,rflbat_final_distance_filter,"[3, 18, 30, 25, 63, 33, 95, 5]","[73, 31]","{""accepted_indices"": [0, 2, 4, 5, 6, 7, 8, 9, 2, 4, 5, 6, 7, 8, 9], ""eps2"": 6, ""distance_median"": 0.060947630792077434}"
383,rflbat,rflbat_first_distance_filter,"[2, 10, 45, 27, 3, 75, 29, 61, 39, 18, 10, 45, 27, 3, 75, 29, 61, 39, 18]",[],"{""accepted_indices"": [0, 1, 2, 3, 4, 5, 6, 7, 8, 9, 1, 2, 3, 4, 5, 6, 7, 8, 9], ""eps1"": 10, ""distance_median"": 0.2356419344991105}"
383,rflbat,rflbat_cluster_filter,"[2, 10, 45, 27, 3, 75, 29, 61, 39, 18, 10, 45, 27, 3, 75, 29, 61, 39, 18]",[],"{""accepted_indices"": [0, 1, 2, 3, 4, 5, 6, 7, 8, 9, 1, 2, 3, 4, 5, 6, 7, 8, 9], ""num_clusters"": 1, ""cluster_scores"": [0.09427379952273396]}"
383,rflbat,rflbat_final_distance_filter,"[2, 10, 45, 27, 3, 75, 29, 61, 39, 18]",[],"{""accepted_indices"": [0, 1, 2, 3, 4, 5, 6, 7, 8, 9, 1, 2, 3, 4, 5, 6, 7, 8, 9], ""eps2"": 6, ""distance_median"": 0.471352541837592}"
384,rflbat,rflbat_first_distance_filter,"[0, 69, 85, 65, 33, 13, 14, 18, 43, 89, 69, 85, 65, 33, 13, 14, 18, 43, 89]",[],"{""accepted_indices"": [0, 1, 2, 3, 4, 5, 6, 7, 8, 9, 1, 2, 3, 4, 5, 6, 7, 8, 9], ""eps1"": 10, ""distance_median"": 0.18945870512353052}"
384,rflbat,rflbat_cluster_filter,"[0, 69, 85, 65, 33, 13, 14, 18, 43, 89, 69, 85, 65, 33, 13, 14, 18, 43, 89]",[],"{""accepted_indices"": [0, 1, 2, 3, 4, 5, 6, 7, 8, 9, 1, 2, 3, 4, 5, 6, 7, 8, 9], ""num_clusters"": 1, ""cluster_scores"": [0.08355523245631169]}"
384,rflbat,rflbat_final_distance_filter,"[0, 69, 85, 65, 33, 13, 14, 18, 43, 89]",[],"{""accepted_indices"": [0, 1, 2, 3, 4, 5, 6, 7, 8, 9, 1, 2, 3, 4, 5, 6, 7, 8, 9], ""eps2"": 6, ""distance_median"": 0.32969098324484036}"
385,rflbat,rflbat_first_distance_filter,"[1, 55, 94, 46, 48, 71, 92, 51, 85, 95, 55, 94, 46, 48, 71, 92, 51, 85, 95]",[],"{""accepted_indices"": [0, 1, 2, 3, 4, 5, 6, 7, 8, 9, 1, 2, 3, 4, 5, 6, 7, 8, 9], ""eps1"": 10, ""distance_median"": 0.24616712574787208}"
385,rflbat,rflbat_cluster_filter,"[1, 55, 94, 46, 71, 92, 51, 85, 95, 55, 94, 46, 71, 92, 51, 85, 95]",[48],"{""accepted_indices"": [0, 1, 2, 3, 5, 6, 7, 8, 9, 1, 2, 3, 5, 6, 7, 8, 9], ""num_clusters"": 2, ""cluster_scores"": [0.11119428922961634, 1.0000000000029177]}"
385,rflbat,rflbat_final_distance_filter,"[1, 55, 94, 46, 71, 92, 51, 85, 95]",[48],"{""accepted_indices"": [0, 1, 2, 3, 5, 6, 7, 8, 9, 1, 2, 3, 5, 6, 7, 8, 9], ""eps2"": 6, ""distance_median"": 0.2489679357601282}"
386,rflbat,rflbat_first_distance_filter,"[2, 20, 22, 45, 28, 63, 30, 89, 33, 81, 20, 22, 45, 28, 63, 30, 89, 33, 81]",[],"{""accepted_indices"": [0, 1, 2, 3, 4, 5, 6, 7, 8, 9, 1, 2, 3, 4, 5, 6, 7, 8, 9], ""eps1"": 10, ""distance_median"": 0.10549799082624318}"
386,rflbat,rflbat_cluster_filter,"[2, 20, 22, 45, 28, 63, 30, 89, 33, 81, 20, 22, 45, 28, 63, 30, 89, 33, 81]",[],"{""accepted_indices"": [0, 1, 2, 3, 4, 5, 6, 7, 8, 9, 1, 2, 3, 4, 5, 6, 7, 8, 9], ""num_clusters"": 1, ""cluster_scores"": [0.1270376837544488]}"
386,rflbat,rflbat_final_distance_filter,"[2, 20, 22, 45, 28, 63, 30, 89, 33, 81]",[],"{""accepted_indices"": [0, 1, 2, 3, 4, 5, 6, 7, 8, 9, 1, 2, 3, 4, 5, 6, 7, 8, 9], ""eps2"": 6, ""distance_median"": 0.21042617787931925}"
387,rflbat,rflbat_first_distance_filter,"[2, 89, 65, 85, 30, 73, 11, 64, 12, 23, 89, 65, 85, 30, 73, 11, 64, 12, 23]",[],"{""accepted_indices"": [0, 1, 2, 3, 4, 5, 6, 7, 8, 9, 1, 2, 3, 4, 5, 6, 7, 8, 9], ""eps1"": 10, ""distance_median"": 0.32870770375299585}"
387,rflbat,rflbat_cluster_filter,"[2, 89, 65, 85, 11, 64, 12, 23, 89, 65, 85, 11, 64, 12, 23]","[30, 73]","{""accepted_indices"": [0, 1, 2, 3, 6, 7, 8, 9, 1, 2, 3, 6, 7, 8, 9], ""num_clusters"": 3, ""cluster_scores"": [0.17583212381952462, 1.0000000000025782, 1.0000000000021374]}"
387,rflbat,rflbat_final_distance_filter,"[2, 89, 65, 85, 11, 64, 12, 23]","[30, 73]","{""accepted_indices"": [0, 1, 2, 3, 6, 7, 8, 9, 1, 2, 3, 6, 7, 8, 9], ""eps2"": 6, ""distance_median"": 0.07817409404752912}"
388,rflbat,rflbat_first_distance_filter,"[1, 51, 94, 98, 47, 76, 68, 40, 39, 87, 51, 94, 98, 47, 76, 68, 40, 39, 87]",[],"{""accepted_indices"": [0, 1, 2, 3, 4, 5, 6, 7, 8, 9, 1, 2, 3, 4, 5, 6, 7, 8, 9], ""eps1"": 10, ""distance_median"": 0.13006337733122258}"
388,rflbat,rflbat_cluster_filter,"[1, 51, 94, 98, 47, 76, 68, 40, 39, 87, 51, 94, 98, 47, 76, 68, 40, 39, 87]",[],"{""accepted_indices"": [0, 1, 2, 3, 4, 5, 6, 7, 8, 9, 1, 2, 3, 4, 5, 6, 7, 8, 9], ""num_clusters"": 1, ""cluster_scores"": [0.11703139738103371]}"
388,rflbat,rflbat_final_distance_filter,"[1, 51, 94, 98, 47, 76, 68, 40, 39, 87]",[],"{""accepted_indices"": [0, 1, 2, 3, 4, 5, 6, 7, 8, 9, 1, 2, 3, 4, 5, 6, 7, 8, 9], ""eps2"": 6, ""distance_median"": 0.268784231284971}"
389,rflbat,rflbat_first_distance_filter,"[4, 52, 3, 59, 48, 78, 49, 54, 61, 76, 52, 3, 59, 48, 78, 49, 54, 61, 76]",[],"{""accepted_indices"": [0, 1, 2, 3, 4, 5, 6, 7, 8, 9, 1, 2, 3, 4, 5, 6, 7, 8, 9], ""eps1"": 10, ""distance_median"": 0.168034697371578}"
389,rflbat,rflbat_cluster_filter,"[4, 52, 3, 59, 48, 78, 49, 54, 61, 76, 52, 3, 59, 48, 78, 49, 54, 61, 76]",[],"{""accepted_indices"": [0, 1, 2, 3, 4, 5, 6, 7, 8, 9, 1, 2, 3, 4, 5, 6, 7, 8, 9], ""num_clusters"": 1, ""cluster_scores"": [0.10311005258560696]}"
389,rflbat,rflbat_final_distance_filter,"[4, 52, 3, 59, 48, 78, 49, 54, 61, 76]",[],"{""accepted_indices"": [0, 1, 2, 3, 4, 5, 6, 7, 8, 9, 1, 2, 3, 4, 5, 6, 7, 8, 9], ""eps2"": 6, ""distance_median"": 0.3226754574717595}"
390,rflbat,rflbat_first_distance_filter,"[2, 66, 13, 14, 34, 96, 61, 85, 33, 40, 66, 13, 14, 34, 96, 61, 85, 33, 40]",[],"{""accepted_indices"": [0, 1, 2, 3, 4, 5, 6, 7, 8, 9, 1, 2, 3, 4, 5, 6, 7, 8, 9], ""eps1"": 10, ""distance_median"": 0.1693141977787804}"
390,rflbat,rflbat_cluster_filter,"[2, 66, 13, 14, 34, 96, 61, 85, 33, 40, 66, 13, 14, 34, 96, 61, 85, 33, 40]",[],"{""accepted_indices"": [0, 1, 2, 3, 4, 5, 6, 7, 8, 9, 1, 2, 3, 4, 5, 6, 7, 8, 9], ""num_clusters"": 1, ""cluster_scores"": [0.20679033017522447]}"
390,rflbat,rflbat_final_distance_filter,"[2, 66, 13, 14, 34, 96, 61, 85, 33, 40]",[],"{""accepted_indices"": [0, 1, 2, 3, 4, 5, 6, 7, 8, 9, 1, 2, 3, 4, 5, 6, 7, 8, 9], ""eps2"": 6, ""distance_median"": 0.3441247205322853}"
391,rflbat,rflbat_first_distance_filter,"[3, 88, 79, 23, 82, 66, 27, 7, 13, 92, 88, 79, 23, 82, 66, 27, 7, 13, 92]",[],"{""accepted_indices"": [0, 1, 2, 3, 4, 5, 6, 7, 8, 9, 1, 2, 3, 4, 5, 6, 7, 8, 9], ""eps1"": 10, ""distance_median"": 0.17304330793525957}"
391,rflbat,rflbat_cluster_filter,"[3, 88, 79, 23, 82, 66, 27, 7, 13, 92, 88, 79, 23, 82, 66, 27, 7, 13, 92]",[],"{""accepted_indices"": [0, 1, 2, 3, 4, 5, 6, 7, 8, 9, 1, 2, 3, 4, 5, 6, 7, 8, 9], ""num_clusters"": 1, ""cluster_scores"": [0.10666428581822329]}"
391,rflbat,rflbat_final_distance_filter,"[3, 88, 79, 23, 82, 66, 27, 7, 13, 92]",[],"{""accepted_indices"": [0, 1, 2, 3, 4, 5, 6, 7, 8, 9, 1, 2, 3, 4, 5, 6, 7, 8, 9], ""eps2"": 6, ""distance_median"": 0.3332831337648855}"
392,rflbat,rflbat_first_distance_filter,"[1, 30, 78, 35, 5, 92, 96, 74, 12, 95, 30, 78, 35, 5, 92, 96, 74, 12, 95]",[],"{""accepted_indices"": [0, 1, 2, 3, 4, 5, 6, 7, 8, 9, 1, 2, 3, 4, 5, 6, 7, 8, 9], ""eps1"": 10, ""distance_median"": 0.22021401717595104}"
392,rflbat,rflbat_cluster_filter,"[1, 30, 78, 35, 92, 96, 74, 12, 95, 30, 78, 35, 92, 96, 74, 12, 95]",[5],"{""accepted_indices"": [0, 1, 2, 3, 5, 6, 7, 8, 9, 1, 2, 3, 5, 6, 7, 8, 9], ""num_clusters"": 2, ""cluster_scores"": [0.1507098984513854, 1.0000000000029265]}"
392,rflbat,rflbat_final_distance_filter,"[1, 30, 78, 35, 92, 96, 74, 12, 95]",[5],"{""accepted_indices"": [0, 1, 2, 3, 5, 6, 7, 8, 9, 1, 2, 3, 5, 6, 7, 8, 9], ""eps2"": 6, ""distance_median"": 0.11799565291105271}"
393,rflbat,rflbat_first_distance_filter,"[2, 41, 27, 97, 16, 24, 57, 34, 91, 80, 41, 27, 97, 16, 24, 57, 34, 91, 80]",[],"{""accepted_indices"": [0, 1, 2, 3, 4, 5, 6, 7, 8, 9, 1, 2, 3, 4, 5, 6, 7, 8, 9], ""eps1"": 10, ""distance_median"": 0.13101938719884992}"
393,rflbat,rflbat_cluster_filter,"[2, 41, 27, 97, 16, 24, 57, 34, 91, 80, 41, 27, 97, 16, 24, 57, 34, 91, 80]",[],"{""accepted_indices"": [0, 1, 2, 3, 4, 5, 6, 7, 8, 9, 1, 2, 3, 4, 5, 6, 7, 8, 9], ""num_clusters"": 1, ""cluster_scores"": [0.1376287726505192]}"
393,rflbat,rflbat_final_distance_filter,"[2, 41, 27, 97, 16, 24, 57, 34, 91, 80]",[],"{""accepted_indices"": [0, 1, 2, 3, 4, 5, 6, 7, 8, 9, 1, 2, 3, 4, 5, 6, 7, 8, 9], ""eps2"": 6, ""distance_median"": 0.25768550408826263}"
394,rflbat,rflbat_first_distance_filter,"[2, 84, 37, 16, 11, 82, 45, 75, 20, 3, 84, 37, 16, 11, 82, 45, 75, 20, 3]",[],"{""accepted_indices"": [0, 1, 2, 3, 4, 5, 6, 7, 8, 9, 1, 2, 3, 4, 5, 6, 7, 8, 9], ""eps1"": 10, ""distance_median"": 0.1629438282181732}"
394,rflbat,rflbat_cluster_filter,"[2, 84, 37, 16, 11, 82, 45, 75, 20, 3, 84, 37, 16, 11, 82, 45, 75, 20, 3]",[],"{""accepted_indices"": [0, 1, 2, 3, 4, 5, 6, 7, 8, 9, 1, 2, 3, 4, 5, 6, 7, 8, 9], ""num_clusters"": 1, ""cluster_scores"": [0.08819335468729547]}"
394,rflbat,rflbat_final_distance_filter,"[2, 84, 37, 16, 11, 82, 45, 75, 20, 3]",[],"{""accepted_indices"": [0, 1, 2, 3, 4, 5, 6, 7, 8, 9, 1, 2, 3, 4, 5, 6, 7, 8, 9], ""eps2"": 6, ""distance_median"": 0.353062210134255}"
395,rflbat,rflbat_first_distance_filter,"[2, 12, 22, 17, 52, 59, 31, 43, 49, 30, 12, 22, 17, 52, 59, 31, 43, 49, 30]",[],"{""accepted_indices"": [0, 1, 2, 3, 4, 5, 6, 7, 8, 9, 1, 2, 3, 4, 5, 6, 7, 8, 9], ""eps1"": 10, ""distance_median"": 0.31984541193322436}"
395,rflbat,rflbat_cluster_filter,"[2, 12, 22, 17, 52, 59, 31, 43, 49, 12, 22, 17, 52, 59, 31, 43, 49]",[30],"{""accepted_indices"": [0, 1, 2, 3, 4, 5, 6, 7, 8, 1, 2, 3, 4, 5, 6, 7, 8], ""num_clusters"": 2, ""cluster_scores"": [0.15270215233053683, 1.0000000000008606]}"
395,rflbat,rflbat_final_distance_filter,"[2, 12, 22, 17, 52, 59, 31, 43, 49]",[30],"{""accepted_indices"": [0, 1, 2, 3, 4, 5, 6, 7, 8, 1, 2, 3, 4, 5, 6, 7, 8], ""eps2"": 6, ""distance_median"": 0.1440788396978207}"
396,rflbat,rflbat_first_distance_filter,"[0, 35, 24, 17, 98, 76, 64, 32, 30, 74, 35, 24, 17, 98, 76, 64, 32, 30, 74]",[],"{""accepted_indices"": [0, 1, 2, 3, 4, 5, 6, 7, 8, 9, 1, 2, 3, 4, 5, 6, 7, 8, 9], ""eps1"": 10, ""distance_median"": 0.20943032766327413}"
396,rflbat,rflbat_cluster_filter,"[0, 35, 24, 17, 98, 76, 64, 32, 30, 74, 35, 24, 17, 98, 76, 64, 32, 30, 74]",[],"{""accepted_indices"": [0, 1, 2, 3, 4, 5, 6, 7, 8, 9, 1, 2, 3, 4, 5, 6, 7, 8, 9], ""num_clusters"": 1, ""cluster_scores"": [0.12150850889563591]}"
396,rflbat,rflbat_final_distance_filter,"[0, 35, 24, 17, 98, 76, 64, 32, 30, 74]",[],"{""accepted_indices"": [0, 1, 2, 3, 4, 5, 6, 7, 8, 9, 1, 2, 3, 4, 5, 6, 7, 8, 9], ""eps2"": 6, ""distance_median"": 0.34424542978826084}"
397,rflbat,rflbat_first_distance_filter,"[0, 9, 1, 69, 22, 31, 72, 14, 84, 44, 9, 1, 69, 22, 31, 72, 14, 84, 44]",[],"{""accepted_indices"": [0, 1, 2, 3, 4, 5, 6, 7, 8, 9, 1, 2, 3, 4, 5, 6, 7, 8, 9], ""eps1"": 10, ""distance_median"": 0.2768671856879056}"
397,rflbat,rflbat_cluster_filter,"[0, 9, 1, 69, 22, 31, 72, 14, 84, 44, 9, 1, 69, 22, 31, 72, 14, 84, 44]",[],"{""accepted_indices"": [0, 1, 2, 3, 4, 5, 6, 7, 8, 9, 1, 2, 3, 4, 5, 6, 7, 8, 9], ""num_clusters"": 1, ""cluster_scores"": [0.1279575220032936]}"
397,rflbat,rflbat_final_distance_filter,"[0, 9, 1, 69, 22, 72, 14, 84, 44]",[31],"{""accepted_indices"": [0, 1, 2, 3, 4, 6, 7, 8, 9, 1, 2, 3, 4, 6, 7, 8, 9], ""eps2"": 6, ""distance_median"": 0.4899371443652073}"
398,rflbat,rflbat_first_distance_filter,"[0, 97, 63, 91, 30, 12, 94, 28, 83, 80, 97, 63, 91, 30, 12, 94, 28, 83, 80]",[],"{""accepted_indices"": [0, 1, 2, 3, 4, 5, 6, 7, 8, 9, 1, 2, 3, 4, 5, 6, 7, 8, 9], ""eps1"": 10, ""distance_median"": 0.1190814669768531}"
398,rflbat,rflbat_cluster_filter,"[0, 97, 63, 91, 30, 12, 94, 28, 83, 80, 97, 63, 91, 30, 12, 94, 28, 83, 80]",[],"{""accepted_indices"": [0, 1, 2, 3, 4, 5, 6, 7, 8, 9, 1, 2, 3, 4, 5, 6, 7, 8, 9], ""num_clusters"": 1, ""cluster_scores"": [0.14764657157320285]}"
398,rflbat,rflbat_final_distance_filter,"[0, 97, 63, 91, 30, 12, 94, 28, 83, 80]",[],"{""accepted_indices"": [0, 1, 2, 3, 4, 5, 6, 7, 8, 9, 1, 2, 3, 4, 5, 6, 7, 8, 9], ""eps2"": 6, ""distance_median"": 0.20413124397967525}"
399,rflbat,rflbat_first_distance_filter,"[3, 62, 89, 45, 34, 10, 61, 23, 83, 38, 62, 89, 45, 34, 10, 61, 23, 83, 38]",[],"{""accepted_indices"": [0, 1, 2, 3, 4, 5, 6, 7, 8, 9, 1, 2, 3, 4, 5, 6, 7, 8, 9], ""eps1"": 10, ""distance_median"": 0.13474858889461758}"
399,rflbat,rflbat_cluster_filter,"[3, 62, 89, 45, 34, 10, 61, 23, 83, 38, 62, 89, 45, 34, 10, 61, 23, 83, 38]",[],"{""accepted_indices"": [0, 1, 2, 3, 4, 5, 6, 7, 8, 9, 1, 2, 3, 4, 5, 6, 7, 8, 9], ""num_clusters"": 1, ""cluster_scores"": [0.1466362964402478]}"
399,rflbat,rflbat_final_distance_filter,"[3, 62, 89, 45, 34, 10, 61, 23, 83, 38]",[],"{""accepted_indices"": [0, 1, 2, 3, 4, 5, 6, 7, 8, 9, 1, 2, 3, 4, 5, 6, 7, 8, 9], ""eps2"": 6, ""distance_median"": 0.25984210880515235}"
400,rflbat,rflbat_first_distance_filter,"[4, 16, 50, 28, 82, 20, 2, 95, 21, 81, 16, 50, 28, 82, 20, 2, 95, 21, 81]",[],"{""accepted_indices"": [0, 1, 2, 3, 4, 5, 6, 7, 8, 9, 1, 2, 3, 4, 5, 6, 7, 8, 9], ""eps1"": 10, ""distance_median"": 0.1489040901416287}"
400,rflbat,rflbat_cluster_filter,"[4, 16, 50, 28, 82, 20, 2, 95, 21, 81, 16, 50, 28, 82, 20, 2, 95, 21, 81]",[],"{""accepted_indices"": [0, 1, 2, 3, 4, 5, 6, 7, 8, 9, 1, 2, 3, 4, 5, 6, 7, 8, 9], ""num_clusters"": 1, ""cluster_scores"": [0.12632227245526825]}"
400,rflbat,rflbat_final_distance_filter,"[4, 16, 50, 28, 82, 20, 2, 95, 21, 81]",[],"{""accepted_indices"": [0, 1, 2, 3, 4, 5, 6, 7, 8, 9, 1, 2, 3, 4, 5, 6, 7, 8, 9], ""eps2"": 6, ""distance_median"": 0.24876106099810552}"
401,rflbat,rflbat_first_distance_filter,"[0, 68, 12, 87, 76, 10, 48, 30, 33, 63, 68, 12, 87, 76, 10, 48, 30, 33, 63]",[],"{""accepted_indices"": [0, 1, 2, 3, 4, 5, 6, 7, 8, 9, 1, 2, 3, 4, 5, 6, 7, 8, 9], ""eps1"": 10, ""distance_median"": 0.3724642578640961}"
401,rflbat,rflbat_cluster_filter,"[0, 68, 12, 87, 76, 10, 48, 30, 33, 63, 68, 12, 87, 76, 10, 48, 30, 33, 63]",[],"{""accepted_indices"": [0, 1, 2, 3, 4, 5, 6, 7, 8, 9, 1, 2, 3, 4, 5, 6, 7, 8, 9], ""num_clusters"": 1, ""cluster_scores"": [0.11031923109037017]}"
401,rflbat,rflbat_final_distance_filter,"[0, 68, 12, 87, 76, 10, 48, 30, 33, 63]",[],"{""accepted_indices"": [0, 1, 2, 3, 4, 5, 6, 7, 8, 9, 1, 2, 3, 4, 5, 6, 7, 8, 9], ""eps2"": 6, ""distance_median"": 0.7342011831876383}"
402,rflbat,rflbat_first_distance_filter,"[4, 19, 97, 54, 33, 72, 91, 39, 87, 96, 19, 97, 54, 33, 72, 91, 39, 87, 96]",[],"{""accepted_indices"": [0, 1, 2, 3, 4, 5, 6, 7, 8, 9, 1, 2, 3, 4, 5, 6, 7, 8, 9], ""eps1"": 10, ""distance_median"": 0.2148570698078921}"
402,rflbat,rflbat_cluster_filter,"[4, 19, 97, 54, 33, 72, 91, 39, 87, 96, 19, 97, 54, 33, 72, 91, 39, 87, 96]",[],"{""accepted_indices"": [0, 1, 2, 3, 4, 5, 6, 7, 8, 9, 1, 2, 3, 4, 5, 6, 7, 8, 9], ""num_clusters"": 1, ""cluster_scores"": [0.12966333870055582]}"
402,rflbat,rflbat_final_distance_filter,"[4, 19, 97, 54, 33, 72, 91, 39, 87, 96]",[],"{""accepted_indices"": [0, 1, 2, 3, 4, 5, 6, 7, 8, 9, 1, 2, 3, 4, 5, 6, 7, 8, 9], ""eps2"": 6, ""distance_median"": 0.43239323489483733}"
403,rflbat,rflbat_first_distance_filter,"[2, 96, 28, 35, 10, 64, 25, 72, 36, 40, 96, 28, 35, 10, 64, 25, 72, 36, 40]",[],"{""accepted_indices"": [0, 1, 2, 3, 4, 5, 6, 7, 8, 9, 1, 2, 3, 4, 5, 6, 7, 8, 9], ""eps1"": 10, ""distance_median"": 0.2616051731077846}"
403,rflbat,rflbat_cluster_filter,"[2, 96, 28, 35, 10, 64, 25, 72, 36, 40, 96, 28, 35, 10, 64, 25, 72, 36, 40]",[],"{""accepted_indices"": [0, 1, 2, 3, 4, 5, 6, 7, 8, 9, 1, 2, 3, 4, 5, 6, 7, 8, 9], ""num_clusters"": 1, ""cluster_scores"": [0.1189806811104693]}"
403,rflbat,rflbat_final_distance_filter,"[2, 96, 28, 35, 10, 64, 25, 72, 36, 40]",[],"{""accepted_indices"": [0, 1, 2, 3, 4, 5, 6, 7, 8, 9, 1, 2, 3, 4, 5, 6, 7, 8, 9], ""eps2"": 6, ""distance_median"": 0.5209344773280002}"
404,rflbat,rflbat_first_distance_filter,"[3, 44, 36, 92, 6, 88, 27, 68, 93, 11, 44, 36, 92, 6, 88, 27, 68, 93, 11]",[],"{""accepted_indices"": [0, 1, 2, 3, 4, 5, 6, 7, 8, 9, 1, 2, 3, 4, 5, 6, 7, 8, 9], ""eps1"": 10, ""distance_median"": 0.1406095714862518}"
404,rflbat,rflbat_cluster_filter,"[3, 44, 36, 92, 6, 88, 27, 68, 93, 11, 44, 36, 92, 6, 88, 27, 68, 93, 11]",[],"{""accepted_indices"": [0, 1, 2, 3, 4, 5, 6, 7, 8, 9, 1, 2, 3, 4, 5, 6, 7, 8, 9], ""num_clusters"": 1, ""cluster_scores"": [0.11996164030186571]}"
404,rflbat,rflbat_final_distance_filter,"[3, 44, 36, 92, 6, 88, 27, 68, 93, 11]",[],"{""accepted_indices"": [0, 1, 2, 3, 4, 5, 6, 7, 8, 9, 1, 2, 3, 4, 5, 6, 7, 8, 9], ""eps2"": 6, ""distance_median"": 0.28022808016324274}"
405,rflbat,rflbat_first_distance_filter,"[3, 76, 86, 56, 64, 71, 32, 90, 7, 2, 76, 86, 56, 64, 71, 32, 90, 7, 2]",[],"{""accepted_indices"": [0, 1, 2, 3, 4, 5, 6, 7, 8, 9, 1, 2, 3, 4, 5, 6, 7, 8, 9], ""eps1"": 10, ""distance_median"": 0.13895580310389574}"
405,rflbat,rflbat_cluster_filter,"[3, 76, 86, 56, 64, 32, 90, 7, 2, 76, 86, 56, 64, 32, 90, 7, 2]",[71],"{""accepted_indices"": [0, 1, 2, 3, 4, 6, 7, 8, 9, 1, 2, 3, 4, 6, 7, 8, 9], ""num_clusters"": 2, ""cluster_scores"": [0.11990934837100044, 1.0000000000012226]}"
405,rflbat,rflbat_final_distance_filter,"[3, 76, 86, 56, 64, 32, 90, 7, 2]",[71],"{""accepted_indices"": [0, 1, 2, 3, 4, 6, 7, 8, 9, 1, 2, 3, 4, 6, 7, 8, 9], ""eps2"": 6, ""distance_median"": 0.19465032103257823}"
406,rflbat,rflbat_first_distance_filter,"[2, 6, 36, 99, 41, 13, 60, 51, 37, 61, 6, 36, 99, 41, 13, 60, 51, 37, 61]",[],"{""accepted_indices"": [0, 1, 2, 3, 4, 5, 6, 7, 8, 9, 1, 2, 3, 4, 5, 6, 7, 8, 9], ""eps1"": 10, ""distance_median"": 0.14587998993399195}"
406,rflbat,rflbat_cluster_filter,"[2, 6, 36, 99, 41, 13, 60, 51, 37, 61, 6, 36, 99, 41, 13, 60, 51, 37, 61]",[],"{""accepted_indices"": [0, 1, 2, 3, 4, 5, 6, 7, 8, 9, 1, 2, 3, 4, 5, 6, 7, 8, 9], ""num_clusters"": 1, ""cluster_scores"": [0.07431271883794145]}"
406,rflbat,rflbat_final_distance_filter,"[2, 6, 36, 99, 41, 13, 60, 51, 37, 61]",[],"{""accepted_indices"": [0, 1, 2, 3, 4, 5, 6, 7, 8, 9, 1, 2, 3, 4, 5, 6, 7, 8, 9], ""eps2"": 6, ""distance_median"": 0.29992495710409434}"
407,rflbat,rflbat_first_distance_filter,"[0, 14, 43, 80, 50, 97, 99, 23, 37, 12, 14, 43, 80, 50, 97, 99, 23, 37, 12]",[],"{""accepted_indices"": [0, 1, 2, 3, 4, 5, 6, 7, 8, 9, 1, 2, 3, 4, 5, 6, 7, 8, 9], ""eps1"": 10, ""distance_median"": 0.13470378278673137}"
407,rflbat,rflbat_cluster_filter,"[0, 14, 43, 80, 50, 99, 23, 37, 12, 14, 43, 80, 50, 99, 23, 37, 12]",[97],"{""accepted_indices"": [0, 1, 2, 3, 4, 6, 7, 8, 9, 1, 2, 3, 4, 6, 7, 8, 9], ""num_clusters"": 2, ""cluster_scores"": [0.15461736047050742, 1.000000000001528]}"
407,rflbat,rflbat_final_distance_filter,"[0, 14, 43, 80, 50, 99, 23, 37, 12]",[97],"{""accepted_indices"": [0, 1, 2, 3, 4, 6, 7, 8, 9, 1, 2, 3, 4, 6, 7, 8, 9], ""eps2"": 6, ""distance_median"": 0.16521774712448797}"
408,rflbat,rflbat_first_distance_filter,"[2, 20, 83, 24, 89, 70, 93, 42, 41, 53, 20, 83, 24, 89, 70, 93, 42, 41, 53]",[],"{""accepted_indices"": [0, 1, 2, 3, 4, 5, 6, 7, 8, 9, 1, 2, 3, 4, 5, 6, 7, 8, 9], ""eps1"": 10, ""distance_median"": 0.1855750397542032}"
408,rflbat,rflbat_cluster_filter,"[2, 83, 24, 89, 70, 93, 42, 41, 53, 83, 24, 89, 70, 93, 42, 41, 53]",[20],"{""accepted_indices"": [0, 2, 3, 4, 5, 6, 7, 8, 9, 2, 3, 4, 5, 6, 7, 8, 9], ""num_clusters"": 2, ""cluster_scores"": [0.12155975048869584, 1.0000000000033906]}"
408,rflbat,rflbat_final_distance_filter,"[2, 83, 24, 89, 70, 93, 42, 41, 53]",[20],"{""accepted_indices"": [0, 2, 3, 4, 5, 6, 7, 8, 9, 2, 3, 4, 5, 6, 7, 8, 9], ""eps2"": 6, ""distance_median"": 0.2016573593190618}"
409,rflbat,rflbat_first_distance_filter,"[0, 47, 3, 28, 16, 56, 24, 87, 9, 8, 47, 3, 28, 16, 56, 24, 87, 9, 8]",[],"{""accepted_indices"": [0, 1, 2, 3, 4, 5, 6, 7, 8, 9, 1, 2, 3, 4, 5, 6, 7, 8, 9], ""eps1"": 10, ""distance_median"": 0.16833317772947026}"
409,rflbat,rflbat_cluster_filter,"[0, 47, 3, 28, 16, 56, 24, 87, 9, 8, 47, 3, 28, 16, 56, 24, 87, 9, 8]",[],"{""accepted_indices"": [0, 1, 2, 3, 4, 5, 6, 7, 8, 9, 1, 2, 3, 4, 5, 6, 7, 8, 9], ""num_clusters"": 1, ""cluster_scores"": [0.101415156540119]}"
409,rflbat,rflbat_final_distance_filter,"[0, 47, 3, 28, 16, 56, 24, 87, 9, 8]",[],"{""accepted_indices"": [0, 1, 2, 3, 4, 5, 6, 7, 8, 9, 1, 2, 3, 4, 5, 6, 7, 8, 9], ""eps2"": 6, ""distance_median"": 0.2516117518428626}"
410,rflbat,rflbat_first_distance_filter,"[3, 89, 70, 27, 17, 31, 14, 32, 83, 82, 89, 70, 27, 17, 31, 14, 32, 83, 82]",[],"{""accepted_indices"": [0, 1, 2, 3, 4, 5, 6, 7, 8, 9, 1, 2, 3, 4, 5, 6, 7, 8, 9], ""eps1"": 10, ""distance_median"": 0.19243121675856706}"
410,rflbat,rflbat_cluster_filter,"[3, 89, 70, 27, 17, 31, 14, 32, 83, 82, 89, 70, 27, 17, 31, 14, 32, 83, 82]",[],"{""accepted_indices"": [0, 1, 2, 3, 4, 5, 6, 7, 8, 9, 1, 2, 3, 4, 5, 6, 7, 8, 9], ""num_clusters"": 1, ""cluster_scores"": [0.11402417858176218]}"
410,rflbat,rflbat_final_distance_filter,"[3, 89, 70, 27, 17, 31, 14, 32, 83, 82]",[],"{""accepted_indices"": [0, 1, 2, 3, 4, 5, 6, 7, 8, 9, 1, 2, 3, 4, 5, 6, 7, 8, 9], ""eps2"": 6, ""distance_median"": 0.3924773322720527}"
411,rflbat,rflbat_first_distance_filter,"[0, 25, 58, 63, 45, 1, 86, 85, 17, 10, 25, 58, 63, 45, 1, 86, 85, 17, 10]",[],"{""accepted_indices"": [0, 1, 2, 3, 4, 5, 6, 7, 8, 9, 1, 2, 3, 4, 5, 6, 7, 8, 9], ""eps1"": 10, ""distance_median"": 0.1822386386711072}"
411,rflbat,rflbat_cluster_filter,"[25, 58, 63, 45, 1, 86, 85, 17, 10, 25, 58, 63, 45, 1, 86, 85, 17, 10]",[0],"{""accepted_indices"": [1, 2, 3, 4, 5, 6, 7, 8, 9, 1, 2, 3, 4, 5, 6, 7, 8, 9], ""num_clusters"": 2, ""cluster_scores"": [0.16424788277992505, 1]}"
411,rflbat,rflbat_final_distance_filter,"[25, 58, 63, 45, 1, 86, 85, 17, 10]",[0],"{""accepted_indices"": [1, 2, 3, 4, 5, 6, 7, 8, 9, 1, 2, 3, 4, 5, 6, 7, 8, 9], ""eps2"": 6, ""distance_median"": 0.24360894642623343}"
412,rflbat,rflbat_first_distance_filter,"[1, 4, 54, 70, 64, 73, 41, 5, 28, 18, 4, 54, 70, 64, 73, 41, 5, 28, 18]",[],"{""accepted_indices"": [0, 1, 2, 3, 4, 5, 6, 7, 8, 9, 1, 2, 3, 4, 5, 6, 7, 8, 9], ""eps1"": 10, ""distance_median"": 0.2414828081609998}"
412,rflbat,rflbat_cluster_filter,"[1, 4, 54, 70, 64, 73, 41, 5, 28, 18, 4, 54, 70, 64, 73, 41, 5, 28, 18]",[],"{""accepted_indices"": [0, 1, 2, 3, 4, 5, 6, 7, 8, 9, 1, 2, 3, 4, 5, 6, 7, 8, 9], ""num_clusters"": 1, ""cluster_scores"": [0.15758075994863502]}"
412,rflbat,rflbat_final_distance_filter,"[1, 4, 54, 70, 64, 73, 41, 5, 28, 18]",[],"{""accepted_indices"": [0, 1, 2, 3, 4, 5, 6, 7, 8, 9, 1, 2, 3, 4, 5, 6, 7, 8, 9], ""eps2"": 6, ""distance_median"": 0.4864111029729132}"
413,rflbat,rflbat_first_distance_filter,"[4, 71, 68, 57, 52, 33, 0, 55, 84, 19, 71, 68, 57, 52, 33, 0, 55, 84, 19]",[],"{""accepted_indices"": [0, 1, 2, 3, 4, 5, 6, 7, 8, 9, 1, 2, 3, 4, 5, 6, 7, 8, 9], ""eps1"": 10, ""distance_median"": 0.15743279054932585}"
413,rflbat,rflbat_cluster_filter,"[4, 71, 68, 57, 52, 33, 55, 84, 19, 71, 68, 57, 52, 33, 55, 84, 19]",[0],"{""accepted_indices"": [0, 1, 2, 3, 4, 5, 7, 8, 9, 1, 2, 3, 4, 5, 7, 8, 9], ""num_clusters"": 2, ""cluster_scores"": [1.0000000000017246, 0.11482259430466993]}"
413,rflbat,rflbat_final_distance_filter,"[4, 71, 68, 57, 52, 33, 55, 84, 19]",[0],"{""accepted_indices"": [0, 1, 2, 3, 4, 5, 7, 8, 9, 1, 2, 3, 4, 5, 7, 8, 9], ""eps2"": 6, ""distance_median"": 0.22732871533113294}"
414,rflbat,rflbat_first_distance_filter,"[0, 78, 68, 98, 49, 67, 96, 23, 21, 41, 78, 68, 98, 49, 67, 96, 23, 21, 41]",[],"{""accepted_indices"": [0, 1, 2, 3, 4, 5, 6, 7, 8, 9, 1, 2, 3, 4, 5, 6, 7, 8, 9], ""eps1"": 10, ""distance_median"": 0.2155213873330224}"
414,rflbat,rflbat_cluster_filter,"[0, 78, 68, 98, 49, 67, 96, 23, 21, 41, 78, 68, 98, 49, 67, 96, 23, 21, 41]",[],"{""accepted_indices"": [0, 1, 2, 3, 4, 5, 6, 7, 8, 9, 1, 2, 3, 4, 5, 6, 7, 8, 9], ""num_clusters"": 1, ""cluster_scores"": [0.11084492571891703]}"
414,rflbat,rflbat_final_distance_filter,"[0, 78, 68, 98, 49, 67, 96, 23, 21, 41]",[],"{""accepted_indices"": [0, 1, 2, 3, 4, 5, 6, 7, 8, 9, 1, 2, 3, 4, 5, 6, 7, 8, 9], ""eps2"": 6, ""distance_median"": 0.391962445859078}"
415,rflbat,rflbat_first_distance_filter,"[4, 13, 43, 24, 28, 91, 1, 51, 50, 42, 13, 43, 24, 28, 91, 1, 51, 50, 42]",[],"{""accepted_indices"": [0, 1, 2, 3, 4, 5, 6, 7, 8, 9, 1, 2, 3, 4, 5, 6, 7, 8, 9], ""eps1"": 10, ""distance_median"": 0.11829006849023595}"
415,rflbat,rflbat_cluster_filter,"[4, 13, 43, 24, 28, 91, 1, 51, 50, 42, 13, 43, 24, 28, 91, 1, 51, 50, 42]",[],"{""accepted_indices"": [0, 1, 2, 3, 4, 5, 6, 7, 8, 9, 1, 2, 3, 4, 5, 6, 7, 8, 9], ""num_clusters"": 1, ""cluster_scores"": [0.0953685163991365]}"
415,rflbat,rflbat_final_distance_filter,"[4, 13, 43, 24, 28, 91, 1, 51, 50, 42]",[],"{""accepted_indices"": [0, 1, 2, 3, 4, 5, 6, 7, 8, 9, 1, 2, 3, 4, 5, 6, 7, 8, 9], ""eps2"": 6, ""distance_median"": 0.2363797100887469}"
416,rflbat,rflbat_first_distance_filter,"[1, 59, 72, 14, 49, 45, 80, 34, 10, 12, 59, 72, 14, 49, 45, 80, 34, 10, 12]",[],"{""accepted_indices"": [0, 1, 2, 3, 4, 5, 6, 7, 8, 9, 1, 2, 3, 4, 5, 6, 7, 8, 9], ""eps1"": 10, ""distance_median"": 0.12902950671016009}"
416,rflbat,rflbat_cluster_filter,"[1, 59, 72, 14, 49, 45, 80, 34, 12, 59, 72, 14, 49, 45, 80, 34, 12]",[10],"{""accepted_indices"": [0, 1, 2, 3, 4, 5, 6, 7, 9, 1, 2, 3, 4, 5, 6, 7, 9], ""num_clusters"": 2, ""cluster_scores"": [1.0000000000013802, 0.16281119383841972]}"
416,rflbat,rflbat_final_distance_filter,"[1, 59, 72, 14, 49, 45, 80, 34, 12]",[10],"{""accepted_indices"": [0, 1, 2, 3, 4, 5, 6, 7, 9, 1, 2, 3, 4, 5, 6, 7, 9], ""eps2"": 6, ""distance_median"": 0.13952413239273312}"
417,rflbat,rflbat_first_distance_filter,"[1, 32, 66, 85, 50, 62, 34, 57, 54, 68, 32, 66, 85, 50, 62, 34, 57, 54, 68]",[],"{""accepted_indices"": [0, 1, 2, 3, 4, 5, 6, 7, 8, 9, 1, 2, 3, 4, 5, 6, 7, 8, 9], ""eps1"": 10, ""distance_median"": 0.21550570707089484}"
417,rflbat,rflbat_cluster_filter,"[1, 32, 50, 34, 57, 68, 32, 50, 34, 57, 68]","[66, 85, 62, 54]","{""accepted_indices"": [0, 1, 4, 6, 7, 9, 1, 4, 6, 7, 9], ""num_clusters"": 4, ""cluster_scores"": [0.6331497049796913, 1.0000000000035052, 1.0000000000012033, 0.18176809289379334]}"
417,rflbat,rflbat_final_distance_filter,"[1, 32, 50, 34, 57, 68]","[66, 85, 62, 54]","{""accepted_indices"": [0, 1, 4, 6, 7, 9, 1, 4, 6, 7, 9], ""eps2"": 6, ""distance_median"": 0.0165306230132183}"
418,rflbat,rflbat_first_distance_filter,"[4, 85, 38, 17, 52, 65, 45, 8, 42, 19, 85, 38, 17, 52, 65, 45, 8, 42, 19]",[],"{""accepted_indices"": [0, 1, 2, 3, 4, 5, 6, 7, 8, 9, 1, 2, 3, 4, 5, 6, 7, 8, 9], ""eps1"": 10, ""distance_median"": 0.18743771212763433}"
418,rflbat,rflbat_cluster_filter,"[4, 85, 38, 17, 52, 65, 45, 8, 19, 85, 38, 17, 52, 65, 45, 8, 19]",[42],"{""accepted_indices"": [0, 1, 2, 3, 4, 5, 6, 7, 9, 1, 2, 3, 4, 5, 6, 7, 9], ""num_clusters"": 2, ""cluster_scores"": [0.1140732907713413, 1.000000000001789]}"
418,rflbat,rflbat_final_distance_filter,"[4, 85, 38, 17, 52, 65, 45, 8, 19]",[42],"{""accepted_indices"": [0, 1, 2, 3, 4, 5, 6, 7, 9, 1, 2, 3, 4, 5, 6, 7, 9], ""eps2"": 6, ""distance_median"": 0.1342843856169893}"
419,rflbat,rflbat_first_distance_filter,"[1, 71, 78, 75, 98, 45, 66, 72, 95, 76, 71, 78, 75, 98, 45, 66, 72, 95, 76]",[],"{""accepted_indices"": [0, 1, 2, 3, 4, 5, 6, 7, 8, 9, 1, 2, 3, 4, 5, 6, 7, 8, 9], ""eps1"": 10, ""distance_median"": 0.19617706867425422}"
419,rflbat,rflbat_cluster_filter,"[1, 71, 78, 75, 98, 45, 66, 72, 76, 71, 78, 75, 98, 45, 66, 72, 76]",[95],"{""accepted_indices"": [0, 1, 2, 3, 4, 5, 6, 7, 9, 1, 2, 3, 4, 5, 6, 7, 9], ""num_clusters"": 2, ""cluster_scores"": [1.0000000000015312, 0.18244222547856542]}"
419,rflbat,rflbat_final_distance_filter,"[1, 71, 78, 75, 98, 45, 66, 72, 76]",[95],"{""accepted_indices"": [0, 1, 2, 3, 4, 5, 6, 7, 9, 1, 2, 3, 4, 5, 6, 7, 9], ""eps2"": 6, ""distance_median"": 0.283699404847375}"
420,rflbat,rflbat_first_distance_filter,"[2, 36, 24, 83, 52, 43, 93, 1, 73, 95, 36, 24, 83, 52, 43, 93, 1, 73, 95]",[],"{""accepted_indices"": [0, 1, 2, 3, 4, 5, 6, 7, 8, 9, 1, 2, 3, 4, 5, 6, 7, 8, 9], ""eps1"": 10, ""distance_median"": 0.17891230508406397}"
420,rflbat,rflbat_cluster_filter,"[2, 36, 24, 83, 52, 43, 93, 1, 73, 95, 36, 24, 83, 52, 43, 93, 1, 73, 95]",[],"{""accepted_indices"": [0, 1, 2, 3, 4, 5, 6, 7, 8, 9, 1, 2, 3, 4, 5, 6, 7, 8, 9], ""num_clusters"": 1, ""cluster_scores"": [0.12216433614357174]}"
420,rflbat,rflbat_final_distance_filter,"[2, 36, 24, 83, 52, 43, 93, 1, 73, 95]",[],"{""accepted_indices"": [0, 1, 2, 3, 4, 5, 6, 7, 8, 9, 1, 2, 3, 4, 5, 6, 7, 8, 9], ""eps2"": 6, ""distance_median"": 0.35580450889288046}"
421,rflbat,rflbat_first_distance_filter,"[4, 80, 47, 31, 45, 61, 43, 23, 87, 2, 80, 47, 31, 45, 61, 43, 23, 87, 2]",[],"{""accepted_indices"": [0, 1, 2, 3, 4, 5, 6, 7, 8, 9, 1, 2, 3, 4, 5, 6, 7, 8, 9], ""eps1"": 10, ""distance_median"": 0.17199307071291303}"
421,rflbat,rflbat_cluster_filter,"[4, 80, 47, 31, 45, 61, 43, 23, 87, 2, 80, 47, 31, 45, 61, 43, 23, 87, 2]",[],"{""accepted_indices"": [0, 1, 2, 3, 4, 5, 6, 7, 8, 9, 1, 2, 3, 4, 5, 6, 7, 8, 9], ""num_clusters"": 1, ""cluster_scores"": [0.15102908311409563]}"
421,rflbat,rflbat_final_distance_filter,"[4, 80, 47, 31, 45, 61, 43, 23, 87, 2]",[],"{""accepted_indices"": [0, 1, 2, 3, 4, 5, 6, 7, 8, 9, 1, 2, 3, 4, 5, 6, 7, 8, 9], ""eps2"": 6, ""distance_median"": 0.3411447913443444}"
422,rflbat,rflbat_first_distance_filter,"[1, 58, 46, 65, 89, 62, 29, 53, 18, 11, 58, 46, 65, 89, 62, 29, 53, 18, 11]",[],"{""accepted_indices"": [0, 1, 2, 3, 4, 5, 6, 7, 8, 9, 1, 2, 3, 4, 5, 6, 7, 8, 9], ""eps1"": 10, ""distance_median"": 0.11388749680880675}"
422,rflbat,rflbat_cluster_filter,"[1, 58, 46, 65, 89, 62, 29, 53, 18, 11, 58, 46, 65, 89, 62, 29, 53, 18, 11]",[],"{""accepted_indices"": [0, 1, 2, 3, 4, 5, 6, 7, 8, 9, 1, 2, 3, 4, 5, 6, 7, 8, 9], ""num_clusters"": 1, ""cluster_scores"": [0.2394523872825738]}"
422,rflbat,rflbat_final_distance_filter,"[1, 58, 46, 65, 89, 62, 29, 53, 18, 11]",[],"{""accepted_indices"": [0, 1, 2, 3, 4, 5, 6, 7, 8, 9, 1, 2, 3, 4, 5, 6, 7, 8, 9], ""eps2"": 6, ""distance_median"": 0.2185082332658191}"
423,rflbat,rflbat_first_distance_filter,"[0, 26, 90, 74, 49, 17, 84, 69, 54, 30, 26, 90, 74, 49, 17, 84, 69, 54, 30]",[],"{""accepted_indices"": [0, 1, 2, 3, 4, 5, 6, 7, 8, 9, 1, 2, 3, 4, 5, 6, 7, 8, 9], ""eps1"": 10, ""distance_median"": 0.28904189113536716}"
423,rflbat,rflbat_cluster_filter,"[0, 26, 90, 74, 49, 17, 84, 69, 54, 30, 26, 90, 74, 49, 17, 84, 69, 54, 30]",[],"{""accepted_indices"": [0, 1, 2, 3, 4, 5, 6, 7, 8, 9, 1, 2, 3, 4, 5, 6, 7, 8, 9], ""num_clusters"": 1, ""cluster_scores"": [0.12625516520826854]}"
423,rflbat,rflbat_final_distance_filter,"[0, 26, 90, 74, 49, 17, 84, 69, 54, 30]",[],"{""accepted_indices"": [0, 1, 2, 3, 4, 5, 6, 7, 8, 9, 1, 2, 3, 4, 5, 6, 7, 8, 9], ""eps2"": 6, ""distance_median"": 0.536390804610076}"
424,rflbat,rflbat_first_distance_filter,"[1, 83, 70, 69, 4, 39, 23, 53, 97, 85, 83, 70, 69, 4, 39, 23, 53, 97, 85]",[],"{""accepted_indices"": [0, 1, 2, 3, 4, 5, 6, 7, 8, 9, 1, 2, 3, 4, 5, 6, 7, 8, 9], ""eps1"": 10, ""distance_median"": 0.1628284243031144}"
424,rflbat,rflbat_cluster_filter,"[1, 83, 70, 69, 4, 39, 23, 53, 97, 85, 83, 70, 69, 4, 39, 23, 53, 97, 85]",[],"{""accepted_indices"": [0, 1, 2, 3, 4, 5, 6, 7, 8, 9, 1, 2, 3, 4, 5, 6, 7, 8, 9], ""num_clusters"": 1, ""cluster_scores"": [0.1067941027108413]}"
424,rflbat,rflbat_final_distance_filter,"[1, 83, 70, 69, 4, 39, 23, 53, 97, 85]",[],"{""accepted_indices"": [0, 1, 2, 3, 4, 5, 6, 7, 8, 9, 1, 2, 3, 4, 5, 6, 7, 8, 9], ""eps2"": 6, ""distance_median"": 0.31646313641190255}"
425,rflbat,rflbat_first_distance_filter,"[0, 12, 19, 89, 93, 95, 35, 14, 4, 25, 12, 19, 89, 93, 95, 35, 14, 4, 25]",[],"{""accepted_indices"": [0, 1, 2, 3, 4, 5, 6, 7, 8, 9, 1, 2, 3, 4, 5, 6, 7, 8, 9], ""eps1"": 10, ""distance_median"": 0.11800676570432561}"
425,rflbat,rflbat_cluster_filter,"[0, 12, 19, 89, 93, 95, 35, 14, 4, 25, 12, 19, 89, 93, 95, 35, 14, 4, 25]",[],"{""accepted_indices"": [0, 1, 2, 3, 4, 5, 6, 7, 8, 9, 1, 2, 3, 4, 5, 6, 7, 8, 9], ""num_clusters"": 1, ""cluster_scores"": [0.11435036030181407]}"
425,rflbat,rflbat_final_distance_filter,"[12, 19, 89, 93, 95, 35, 14, 4, 25]",[0],"{""accepted_indices"": [1, 2, 3, 4, 5, 6, 7, 8, 9, 1, 2, 3, 4, 5, 6, 7, 8, 9], ""eps2"": 6, ""distance_median"": 0.1726348782838775}"
426,rflbat,rflbat_first_distance_filter,"[2, 86, 29, 78, 26, 79, 80, 95, 30, 40, 86, 29, 78, 26, 79, 80, 95, 30, 40]",[],"{""accepted_indices"": [0, 1, 2, 3, 4, 5, 6, 7, 8, 9, 1, 2, 3, 4, 5, 6, 7, 8, 9], ""eps1"": 10, ""distance_median"": 0.12678348288946134}"
426,rflbat,rflbat_cluster_filter,"[2, 86, 29, 78, 79, 80, 95, 30, 40, 86, 29, 78, 79, 80, 95, 30, 40]",[26],"{""accepted_indices"": [0, 1, 2, 3, 5, 6, 7, 8, 9, 1, 2, 3, 5, 6, 7, 8, 9], ""num_clusters"": 2, ""cluster_scores"": [0.09547622759160478, 1.0000000000010618]}"
426,rflbat,rflbat_final_distance_filter,"[2, 86, 29, 78, 79, 80, 95, 30, 40]",[26],"{""accepted_indices"": [0, 1, 2, 3, 5, 6, 7, 8, 9, 1, 2, 3, 5, 6, 7, 8, 9], ""eps2"": 6, ""distance_median"": 0.1244170741671719}"
427,rflbat,rflbat_first_distance_filter,"[2, 76, 96, 19, 29, 89, 49, 37, 14, 79, 76, 96, 19, 29, 89, 49, 37, 14, 79]",[],"{""accepted_indices"": [0, 1, 2, 3, 4, 5, 6, 7, 8, 9, 1, 2, 3, 4, 5, 6, 7, 8, 9], ""eps1"": 10, ""distance_median"": 0.06914426815961361}"
427,rflbat,rflbat_cluster_filter,"[2, 76, 96, 19, 29, 89, 49, 37, 14, 79, 76, 96, 19, 29, 89, 49, 37, 14, 79]",[],"{""accepted_indices"": [0, 1, 2, 3, 4, 5, 6, 7, 8, 9, 1, 2, 3, 4, 5, 6, 7, 8, 9], ""num_clusters"": 1, ""cluster_scores"": [0.10827302356911402]}"
427,rflbat,rflbat_final_distance_filter,"[2, 76, 96, 19, 29, 89, 49, 37, 14, 79]",[],"{""accepted_indices"": [0, 1, 2, 3, 4, 5, 6, 7, 8, 9, 1, 2, 3, 4, 5, 6, 7, 8, 9], ""eps2"": 6, ""distance_median"": 0.14087311981238818}"
428,rflbat,rflbat_first_distance_filter,"[3, 28, 29, 37, 50, 97, 98, 63, 71, 23, 28, 29, 37, 50, 97, 98, 63, 71, 23]",[],"{""accepted_indices"": [0, 1, 2, 3, 4, 5, 6, 7, 8, 9, 1, 2, 3, 4, 5, 6, 7, 8, 9], ""eps1"": 10, ""distance_median"": 0.11244691271123106}"
428,rflbat,rflbat_cluster_filter,"[3, 28, 29, 37, 50, 97, 98, 63, 71, 23, 28, 29, 37, 50, 97, 98, 63, 71, 23]",[],"{""accepted_indices"": [0, 1, 2, 3, 4, 5, 6, 7, 8, 9, 1, 2, 3, 4, 5, 6, 7, 8, 9], ""num_clusters"": 1, ""cluster_scores"": [0.1093983264332235]}"
428,rflbat,rflbat_final_distance_filter,"[3, 28, 29, 37, 50, 97, 98, 63, 71, 23]",[],"{""accepted_indices"": [0, 1, 2, 3, 4, 5, 6, 7, 8, 9, 1, 2, 3, 4, 5, 6, 7, 8, 9], ""eps2"": 6, ""distance_median"": 0.2323769439235217}"
429,rflbat,rflbat_first_distance_filter,"[1, 4, 86, 88, 25, 5, 61, 64, 20, 48, 4, 86, 88, 25, 5, 61, 64, 20, 48]",[],"{""accepted_indices"": [0, 1, 2, 3, 4, 5, 6, 7, 8, 9, 1, 2, 3, 4, 5, 6, 7, 8, 9], ""eps1"": 10, ""distance_median"": 0.25786176460380095}"
429,rflbat,rflbat_cluster_filter,"[1, 4, 86, 88, 25, 61, 64, 20, 48, 4, 86, 88, 25, 61, 64, 20, 48]",[5],"{""accepted_indices"": [0, 1, 2, 3, 4, 6, 7, 8, 9, 1, 2, 3, 4, 6, 7, 8, 9], ""num_clusters"": 2, ""cluster_scores"": [0.12958083647325955, 1.000000000001932]}"
429,rflbat,rflbat_final_distance_filter,"[1, 4, 86, 88, 25, 61, 64, 20, 48]",[5],"{""accepted_indices"": [0, 1, 2, 3, 4, 6, 7, 8, 9, 1, 2, 3, 4, 6, 7, 8, 9], ""eps2"": 6, ""distance_median"": 0.28700789625788026}"
430,rflbat,rflbat_first_distance_filter,"[3, 35, 68, 49, 21, 82, 23, 67, 45, 57, 35, 68, 49, 21, 82, 23, 67, 45, 57]",[],"{""accepted_indices"": [0, 1, 2, 3, 4, 5, 6, 7, 8, 9, 1, 2, 3, 4, 5, 6, 7, 8, 9], ""eps1"": 10, ""distance_median"": 0.11836324650869165}"
430,rflbat,rflbat_cluster_filter,"[3, 35, 68, 49, 21, 82, 23, 67, 45, 57, 35, 68, 49, 21, 82, 23, 67, 45, 57]",[],"{""accepted_indices"": [0, 1, 2, 3, 4, 5, 6, 7, 8, 9, 1, 2, 3, 4, 5, 6, 7, 8, 9], ""num_clusters"": 1, ""cluster_scores"": [0.10270856542343904]}"
430,rflbat,rflbat_final_distance_filter,"[3, 35, 68, 49, 21, 82, 23, 67, 45, 57]",[],"{""accepted_indices"": [0, 1, 2, 3, 4, 5, 6, 7, 8, 9, 1, 2, 3, 4, 5, 6, 7, 8, 9], ""eps2"": 6, ""distance_median"": 0.2407663497107206}"
431,rflbat,rflbat_first_distance_filter,"[2, 0, 9, 37, 38, 69, 7, 11, 28, 6, 0, 9, 37, 38, 69, 7, 11, 28, 6]",[],"{""accepted_indices"": [0, 1, 2, 3, 4, 5, 6, 7, 8, 9, 1, 2, 3, 4, 5, 6, 7, 8, 9], ""eps1"": 10, ""distance_median"": 0.13139087703618202}"
431,rflbat,rflbat_cluster_filter,"[2, 0, 9, 37, 38, 69, 7, 11, 28, 6, 0, 9, 37, 38, 69, 7, 11, 28, 6]",[],"{""accepted_indices"": [0, 1, 2, 3, 4, 5, 6, 7, 8, 9, 1, 2, 3, 4, 5, 6, 7, 8, 9], ""num_clusters"": 1, ""cluster_scores"": [0.12096231984079663]}"
431,rflbat,rflbat_final_distance_filter,"[2, 0, 9, 37, 38, 69, 7, 11, 28, 6]",[],"{""accepted_indices"": [0, 1, 2, 3, 4, 5, 6, 7, 8, 9, 1, 2, 3, 4, 5, 6, 7, 8, 9], ""eps2"": 6, ""distance_median"": 0.26863720372919636}"
432,rflbat,rflbat_first_distance_filter,"[0, 9, 30, 36, 58, 1, 99, 86, 78, 48, 9, 30, 36, 58, 1, 99, 86, 78, 48]",[],"{""accepted_indices"": [0, 1, 2, 3, 4, 5, 6, 7, 8, 9, 1, 2, 3, 4, 5, 6, 7, 8, 9], ""eps1"": 10, ""distance_median"": 0.30958558947907117}"
432,rflbat,rflbat_cluster_filter,"[0, 9, 30, 36, 58, 1, 99, 86, 78, 48, 9, 30, 36, 58, 1, 99, 86, 78, 48]",[],"{""accepted_indices"": [0, 1, 2, 3, 4, 5, 6, 7, 8, 9, 1, 2, 3, 4, 5, 6, 7, 8, 9], ""num_clusters"": 1, ""cluster_scores"": [0.13229922408229752]}"
432,rflbat,rflbat_final_distance_filter,"[0, 9, 30, 36, 58, 1, 99, 86, 78, 48]",[],"{""accepted_indices"": [0, 1, 2, 3, 4, 5, 6, 7, 8, 9, 1, 2, 3, 4, 5, 6, 7, 8, 9], ""eps2"": 6, ""distance_median"": 0.5958171589663951}"
433,rflbat,rflbat_first_distance_filter,"[1, 71, 97, 0, 27, 40, 24, 77, 23, 8, 71, 97, 0, 27, 40, 24, 77, 23, 8]",[],"{""accepted_indices"": [0, 1, 2, 3, 4, 5, 6, 7, 8, 9, 1, 2, 3, 4, 5, 6, 7, 8, 9], ""eps1"": 10, ""distance_median"": 0.17069619249080936}"
433,rflbat,rflbat_cluster_filter,"[1, 97, 0, 27, 40, 24, 77, 23, 8, 97, 0, 27, 40, 24, 77, 23, 8]",[71],"{""accepted_indices"": [0, 2, 3, 4, 5, 6, 7, 8, 9, 2, 3, 4, 5, 6, 7, 8, 9], ""num_clusters"": 2, ""cluster_scores"": [0.09874209316562092, 1.0000000000013844]}"
433,rflbat,rflbat_final_distance_filter,"[1, 97, 0, 27, 40, 24, 77, 23, 8]",[71],"{""accepted_indices"": [0, 2, 3, 4, 5, 6, 7, 8, 9, 2, 3, 4, 5, 6, 7, 8, 9], ""eps2"": 6, ""distance_median"": 0.2374860743661359}"
434,rflbat,rflbat_first_distance_filter,"[4, 80, 6, 87, 24, 1, 7, 76, 79, 70, 80, 6, 87, 24, 1, 7, 76, 79, 70]",[],"{""accepted_indices"": [0, 1, 2, 3, 4, 5, 6, 7, 8, 9, 1, 2, 3, 4, 5, 6, 7, 8, 9], ""eps1"": 10, ""distance_median"": 0.09422327373525087}"
434,rflbat,rflbat_cluster_filter,"[4, 80, 6, 87, 24, 1, 7, 76, 79, 70, 80, 6, 87, 24, 1, 7, 76, 79, 70]",[],"{""accepted_indices"": [0, 1, 2, 3, 4, 5, 6, 7, 8, 9, 1, 2, 3, 4, 5, 6, 7, 8, 9], ""num_clusters"": 1, ""cluster_scores"": [0.13159894162559854]}"
434,rflbat,rflbat_final_distance_filter,"[4, 80, 6, 87, 24, 1, 7, 76, 79, 70]",[],"{""accepted_indices"": [0, 1, 2, 3, 4, 5, 6, 7, 8, 9, 1, 2, 3, 4, 5, 6, 7, 8, 9], ""eps2"": 6, ""distance_median"": 0.1856464651231621}"
435,rflbat,rflbat_first_distance_filter,"[2, 0, 98, 99, 58, 89, 34, 92, 91, 20, 0, 98, 99, 58, 89, 34, 92, 91, 20]",[],"{""accepted_indices"": [0, 1, 2, 3, 4, 5, 6, 7, 8, 9, 1, 2, 3, 4, 5, 6, 7, 8, 9], ""eps1"": 10, ""distance_median"": 0.1689424873682967}"
435,rflbat,rflbat_cluster_filter,"[2, 0, 98, 99, 58, 89, 34, 92, 91, 0, 98, 99, 58, 89, 34, 92, 91]",[20],"{""accepted_indices"": [0, 1, 2, 3, 4, 5, 6, 7, 8, 1, 2, 3, 4, 5, 6, 7, 8], ""num_clusters"": 2, ""cluster_scores"": [0.11179986360907956, 1.000000000002252]}"
435,rflbat,rflbat_final_distance_filter,"[2, 0, 98, 99, 58, 89, 34, 92, 91]",[20],"{""accepted_indices"": [0, 1, 2, 3, 4, 5, 6, 7, 8, 1, 2, 3, 4, 5, 6, 7, 8], ""eps2"": 6, ""distance_median"": 0.1297698161981428}"
436,rflbat,rflbat_first_distance_filter,"[3, 23, 62, 41, 60, 18, 97, 58, 31, 57, 23, 62, 41, 60, 18, 97, 58, 31, 57]",[],"{""accepted_indices"": [0, 1, 2, 3, 4, 5, 6, 7, 8, 9, 1, 2, 3, 4, 5, 6, 7, 8, 9], ""eps1"": 10, ""distance_median"": 0.2665082256383784}"
436,rflbat,rflbat_cluster_filter,"[3, 23, 62, 41, 60, 18, 97, 58, 31, 57, 23, 62, 41, 60, 18, 97, 58, 31, 57]",[],"{""accepted_indices"": [0, 1, 2, 3, 4, 5, 6, 7, 8, 9, 1, 2, 3, 4, 5, 6, 7, 8, 9], ""num_clusters"": 1, ""cluster_scores"": [0.12238260258553704]}"
436,rflbat,rflbat_final_distance_filter,"[3, 23, 62, 41, 60, 18, 97, 58, 31, 57]",[],"{""accepted_indices"": [0, 1, 2, 3, 4, 5, 6, 7, 8, 9, 1, 2, 3, 4, 5, 6, 7, 8, 9], ""eps2"": 6, ""distance_median"": 0.5359051161754077}"
437,rflbat,rflbat_first_distance_filter,"[2, 51, 23, 28, 72, 15, 83, 55, 30, 31, 51, 23, 28, 72, 15, 83, 55, 30, 31]",[],"{""accepted_indices"": [0, 1, 2, 3, 4, 5, 6, 7, 8, 9, 1, 2, 3, 4, 5, 6, 7, 8, 9], ""eps1"": 10, ""distance_median"": 0.24502527059069962}"
437,rflbat,rflbat_cluster_filter,"[2, 51, 23, 28, 72, 15, 83, 55, 30, 31, 51, 23, 28, 72, 15, 83, 55, 30, 31]",[],"{""accepted_indices"": [0, 1, 2, 3, 4, 5, 6, 7, 8, 9, 1, 2, 3, 4, 5, 6, 7, 8, 9], ""num_clusters"": 1, ""cluster_scores"": [0.11163043476558948]}"
437,rflbat,rflbat_final_distance_filter,"[2, 51, 23, 28, 72, 15, 83, 55, 30, 31]",[],"{""accepted_indices"": [0, 1, 2, 3, 4, 5, 6, 7, 8, 9, 1, 2, 3, 4, 5, 6, 7, 8, 9], ""eps2"": 6, ""distance_median"": 0.492121107299484}"
438,rflbat,rflbat_first_distance_filter,"[3, 81, 51, 31, 20, 2, 94, 34, 39, 89, 81, 51, 31, 20, 2, 94, 34, 39, 89]",[],"{""accepted_indices"": [0, 1, 2, 3, 4, 5, 6, 7, 8, 9, 1, 2, 3, 4, 5, 6, 7, 8, 9], ""eps1"": 10, ""distance_median"": 0.16772152253274691}"
438,rflbat,rflbat_cluster_filter,"[3, 81, 51, 31, 20, 2, 94, 34, 39, 89, 81, 51, 31, 20, 2, 94, 34, 39, 89]",[],"{""accepted_indices"": [0, 1, 2, 3, 4, 5, 6, 7, 8, 9, 1, 2, 3, 4, 5, 6, 7, 8, 9], ""num_clusters"": 1, ""cluster_scores"": [0.1310549536647871]}"
438,rflbat,rflbat_final_distance_filter,"[3, 81, 51, 31, 20, 2, 94, 34, 39, 89]",[],"{""accepted_indices"": [0, 1, 2, 3, 4, 5, 6, 7, 8, 9, 1, 2, 3, 4, 5, 6, 7, 8, 9], ""eps2"": 6, ""distance_median"": 0.3321774592172392}"
439,rflbat,rflbat_first_distance_filter,"[1, 47, 11, 81, 71, 84, 86, 27, 63, 26, 47, 11, 81, 71, 84, 86, 27, 63, 26]",[],"{""accepted_indices"": [0, 1, 2, 3, 4, 5, 6, 7, 8, 9, 1, 2, 3, 4, 5, 6, 7, 8, 9], ""eps1"": 10, ""distance_median"": 0.2905048445494406}"
439,rflbat,rflbat_cluster_filter,"[1, 47, 11, 81, 71, 84, 86, 27, 63, 26, 47, 11, 81, 71, 84, 86, 27, 63, 26]",[],"{""accepted_indices"": [0, 1, 2, 3, 4, 5, 6, 7, 8, 9, 1, 2, 3, 4, 5, 6, 7, 8, 9], ""num_clusters"": 1, ""cluster_scores"": [0.18413025235095223]}"
439,rflbat,rflbat_final_distance_filter,"[1, 47, 11, 81, 71, 84, 86, 27, 63, 26]",[],"{""accepted_indices"": [0, 1, 2, 3, 4, 5, 6, 7, 8, 9, 1, 2, 3, 4, 5, 6, 7, 8, 9], ""eps2"": 6, ""distance_median"": 0.5922225695465786}"
440,rflbat,rflbat_first_distance_filter,"[4, 60, 14, 81, 22, 93, 82, 67, 89, 16, 60, 14, 81, 22, 93, 82, 67, 89, 16]",[],"{""accepted_indices"": [0, 1, 2, 3, 4, 5, 6, 7, 8, 9, 1, 2, 3, 4, 5, 6, 7, 8, 9], ""eps1"": 10, ""distance_median"": 0.0971819168194834}"
440,rflbat,rflbat_cluster_filter,"[4, 60, 14, 81, 22, 93, 82, 67, 89, 16, 60, 14, 81, 22, 93, 82, 67, 89, 16]",[],"{""accepted_indices"": [0, 1, 2, 3, 4, 5, 6, 7, 8, 9, 1, 2, 3, 4, 5, 6, 7, 8, 9], ""num_clusters"": 1, ""cluster_scores"": [0.11624682665659783]}"
440,rflbat,rflbat_final_distance_filter,"[4, 60, 14, 81, 22, 93, 82, 67, 89, 16]",[],"{""accepted_indices"": [0, 1, 2, 3, 4, 5, 6, 7, 8, 9, 1, 2, 3, 4, 5, 6, 7, 8, 9], ""eps2"": 6, ""distance_median"": 0.20407662243839103}"
441,rflbat,rflbat_first_distance_filter,"[3, 11, 75, 69, 57, 8, 33, 27, 26, 97, 11, 75, 69, 57, 8, 33, 27, 26, 97]",[],"{""accepted_indices"": [0, 1, 2, 3, 4, 5, 6, 7, 8, 9, 1, 2, 3, 4, 5, 6, 7, 8, 9], ""eps1"": 10, ""distance_median"": 0.1549976510587373}"
441,rflbat,rflbat_cluster_filter,"[3, 11, 75, 69, 57, 8, 33, 27, 26, 97, 11, 75, 69, 57, 8, 33, 27, 26, 97]",[],"{""accepted_indices"": [0, 1, 2, 3, 4, 5, 6, 7, 8, 9, 1, 2, 3, 4, 5, 6, 7, 8, 9], ""num_clusters"": 1, ""cluster_scores"": [0.1357448262838409]}"
441,rflbat,rflbat_final_distance_filter,"[3, 11, 75, 69, 57, 8, 33, 27, 26, 97]",[],"{""accepted_indices"": [0, 1, 2, 3, 4, 5, 6, 7, 8, 9, 1, 2, 3, 4, 5, 6, 7, 8, 9], ""eps2"": 6, ""distance_median"": 0.30194529649963653}"
442,rflbat,rflbat_first_distance_filter,"[2, 76, 54, 82, 31, 17, 35, 1, 27, 7, 76, 54, 82, 31, 17, 35, 1, 27, 7]",[],"{""accepted_indices"": [0, 1, 2, 3, 4, 5, 6, 7, 8, 9, 1, 2, 3, 4, 5, 6, 7, 8, 9], ""eps1"": 10, ""distance_median"": 0.29754941476020447}"
442,rflbat,rflbat_cluster_filter,"[2, 76, 54, 82, 31, 17, 35, 1, 27, 7, 76, 54, 82, 31, 17, 35, 1, 27, 7]",[],"{""accepted_indices"": [0, 1, 2, 3, 4, 5, 6, 7, 8, 9, 1, 2, 3, 4, 5, 6, 7, 8, 9], ""num_clusters"": 1, ""cluster_scores"": [0.10265892703036328]}"
442,rflbat,rflbat_final_distance_filter,"[2, 76, 54, 82, 31, 17, 35, 1, 27, 7]",[],"{""accepted_indices"": [0, 1, 2, 3, 4, 5, 6, 7, 8, 9, 1, 2, 3, 4, 5, 6, 7, 8, 9], ""eps2"": 6, ""distance_median"": 0.5728753787340959}"
443,rflbat,rflbat_first_distance_filter,"[3, 98, 66, 5, 58, 87, 29, 75, 41, 18, 98, 66, 5, 58, 87, 29, 75, 41, 18]",[],"{""accepted_indices"": [0, 1, 2, 3, 4, 5, 6, 7, 8, 9, 1, 2, 3, 4, 5, 6, 7, 8, 9], ""eps1"": 10, ""distance_median"": 0.22201442046048936}"
443,rflbat,rflbat_cluster_filter,"[3, 98, 66, 5, 58, 87, 29, 75, 41, 18, 98, 66, 5, 58, 87, 29, 75, 41, 18]",[],"{""accepted_indices"": [0, 1, 2, 3, 4, 5, 6, 7, 8, 9, 1, 2, 3, 4, 5, 6, 7, 8, 9], ""num_clusters"": 1, ""cluster_scores"": [0.11994992925956764]}"
443,rflbat,rflbat_final_distance_filter,"[3, 98, 66, 5, 58, 87, 29, 75, 41, 18]",[],"{""accepted_indices"": [0, 1, 2, 3, 4, 5, 6, 7, 8, 9, 1, 2, 3, 4, 5, 6, 7, 8, 9], ""eps2"": 6, ""distance_median"": 0.4410484968913488}"
444,rflbat,rflbat_first_distance_filter,"[4, 60, 3, 61, 6, 22, 52, 90, 70, 82, 60, 3, 61, 6, 22, 52, 90, 70, 82]",[],"{""accepted_indices"": [0, 1, 2, 3, 4, 5, 6, 7, 8, 9, 1, 2, 3, 4, 5, 6, 7, 8, 9], ""eps1"": 10, ""distance_median"": 0.1103474533601331}"
444,rflbat,rflbat_cluster_filter,"[4, 60, 3, 61, 6, 22, 52, 90, 70, 82, 60, 3, 61, 6, 22, 52, 90, 70, 82]",[],"{""accepted_indices"": [0, 1, 2, 3, 4, 5, 6, 7, 8, 9, 1, 2, 3, 4, 5, 6, 7, 8, 9], ""num_clusters"": 1, ""cluster_scores"": [0.13839887693421424]}"
444,rflbat,rflbat_final_distance_filter,"[60, 3, 61, 6, 22, 52, 90, 70, 82]",[4],"{""accepted_indices"": [1, 2, 3, 4, 5, 6, 7, 8, 9, 1, 2, 3, 4, 5, 6, 7, 8, 9], ""eps2"": 6, ""distance_median"": 0.15436061942273022}"
445,rflbat,rflbat_first_distance_filter,"[4, 23, 92, 64, 44, 8, 71, 98, 27, 99, 23, 92, 64, 44, 8, 71, 98, 27, 99]",[],"{""accepted_indices"": [0, 1, 2, 3, 4, 5, 6, 7, 8, 9, 1, 2, 3, 4, 5, 6, 7, 8, 9], ""eps1"": 10, ""distance_median"": 0.16604526826310592}"
445,rflbat,rflbat_cluster_filter,"[4, 23, 92, 64, 44, 8, 71, 98, 27, 99, 23, 92, 64, 44, 8, 71, 98, 27, 99]",[],"{""accepted_indices"": [0, 1, 2, 3, 4, 5, 6, 7, 8, 9, 1, 2, 3, 4, 5, 6, 7, 8, 9], ""num_clusters"": 1, ""cluster_scores"": [0.0956448515401906]}"
445,rflbat,rflbat_final_distance_filter,"[4, 23, 92, 64, 44, 8, 71, 98, 27, 99]",[],"{""accepted_indices"": [0, 1, 2, 3, 4, 5, 6, 7, 8, 9, 1, 2, 3, 4, 5, 6, 7, 8, 9], ""eps2"": 6, ""distance_median"": 0.3635922599978291}"
446,rflbat,rflbat_first_distance_filter,"[4, 97, 87, 6, 76, 36, 11, 56, 12, 55, 97, 87, 6, 76, 36, 11, 56, 12, 55]",[],"{""accepted_indices"": [0, 1, 2, 3, 4, 5, 6, 7, 8, 9, 1, 2, 3, 4, 5, 6, 7, 8, 9], ""eps1"": 10, ""distance_median"": 0.1190352121941934}"
446,rflbat,rflbat_cluster_filter,"[4, 97, 87, 6, 76, 36, 11, 56, 12, 55, 97, 87, 6, 76, 36, 11, 56, 12, 55]",[],"{""accepted_indices"": [0, 1, 2, 3, 4, 5, 6, 7, 8, 9, 1, 2, 3, 4, 5, 6, 7, 8, 9], ""num_clusters"": 1, ""cluster_scores"": [0.093139170671655]}"
446,rflbat,rflbat_final_distance_filter,"[4, 97, 87, 6, 76, 36, 11, 56, 12, 55]",[],"{""accepted_indices"": [0, 1, 2, 3, 4, 5, 6, 7, 8, 9, 1, 2, 3, 4, 5, 6, 7, 8, 9], ""eps2"": 6, ""distance_median"": 0.2210291111789705}"
447,rflbat,rflbat_first_distance_filter,"[1, 24, 12, 57, 18, 35, 8, 10, 2, 68, 24, 12, 57, 18, 35, 8, 10, 2, 68]",[],"{""accepted_indices"": [0, 1, 2, 3, 4, 5, 6, 7, 8, 9, 1, 2, 3, 4, 5, 6, 7, 8, 9], ""eps1"": 10, ""distance_median"": 0.1566383854688428}"
447,rflbat,rflbat_cluster_filter,"[1, 24, 12, 57, 18, 35, 8, 10, 2, 68, 24, 12, 57, 18, 35, 8, 10, 2, 68]",[],"{""accepted_indices"": [0, 1, 2, 3, 4, 5, 6, 7, 8, 9, 1, 2, 3, 4, 5, 6, 7, 8, 9], ""num_clusters"": 1, ""cluster_scores"": [0.12226718902409965]}"
447,rflbat,rflbat_final_distance_filter,"[1, 24, 12, 57, 18, 35, 8, 10, 2, 68]",[],"{""accepted_indices"": [0, 1, 2, 3, 4, 5, 6, 7, 8, 9, 1, 2, 3, 4, 5, 6, 7, 8, 9], ""eps2"": 6, ""distance_median"": 0.31553141054262285}"
448,rflbat,rflbat_first_distance_filter,"[4, 68, 57, 96, 46, 7, 12, 94, 8, 88, 68, 57, 96, 46, 7, 12, 94, 8, 88]",[],"{""accepted_indices"": [0, 1, 2, 3, 4, 5, 6, 7, 8, 9, 1, 2, 3, 4, 5, 6, 7, 8, 9], ""eps1"": 10, ""distance_median"": 0.16617801397316617}"
448,rflbat,rflbat_cluster_filter,"[4, 68, 57, 96, 46, 7, 12, 94, 8, 88, 68, 57, 96, 46, 7, 12, 94, 8, 88]",[],"{""accepted_indices"": [0, 1, 2, 3, 4, 5, 6, 7, 8, 9, 1, 2, 3, 4, 5, 6, 7, 8, 9], ""num_clusters"": 1, ""cluster_scores"": [0.09373350604254717]}"
448,rflbat,rflbat_final_distance_filter,"[4, 68, 57, 96, 46, 7, 12, 94, 8, 88]",[],"{""accepted_indices"": [0, 1, 2, 3, 4, 5, 6, 7, 8, 9, 1, 2, 3, 4, 5, 6, 7, 8, 9], ""eps2"": 6, ""distance_median"": 0.3090602800752753}"
449,rflbat,rflbat_first_distance_filter,"[0, 66, 67, 24, 69, 81, 47, 58, 95, 82, 66, 67, 24, 69, 81, 47, 58, 95, 82]",[],"{""accepted_indices"": [0, 1, 2, 3, 4, 5, 6, 7, 8, 9, 1, 2, 3, 4, 5, 6, 7, 8, 9], ""eps1"": 10, ""distance_median"": 0.17322491064656664}"
449,rflbat,rflbat_cluster_filter,"[0, 66, 67, 24, 69, 81, 47, 58, 95, 82, 66, 67, 24, 69, 81, 47, 58, 95, 82]",[],"{""accepted_indices"": [0, 1, 2, 3, 4, 5, 6, 7, 8, 9, 1, 2, 3, 4, 5, 6, 7, 8, 9], ""num_clusters"": 1, ""cluster_scores"": [0.1363778976576744]}"
449,rflbat,rflbat_final_distance_filter,"[0, 66, 67, 24, 69, 81, 47, 58, 95, 82]",[],"{""accepted_indices"": [0, 1, 2, 3, 4, 5, 6, 7, 8, 9, 1, 2, 3, 4, 5, 6, 7, 8, 9], ""eps2"": 6, ""distance_median"": 0.28757500562481186}"
450,rflbat,rflbat_first_distance_filter,"[4, 48, 57, 38, 75, 56, 92, 6, 46, 74, 48, 57, 38, 75, 56, 92, 6, 46, 74]",[],"{""accepted_indices"": [0, 1, 2, 3, 4, 5, 6, 7, 8, 9, 1, 2, 3, 4, 5, 6, 7, 8, 9], ""eps1"": 10, ""distance_median"": 0.16074601196495025}"
450,rflbat,rflbat_cluster_filter,"[4, 48, 57, 38, 75, 56, 92, 6, 46, 74, 48, 57, 38, 75, 56, 92, 6, 46, 74]",[],"{""accepted_indices"": [0, 1, 2, 3, 4, 5, 6, 7, 8, 9, 1, 2, 3, 4, 5, 6, 7, 8, 9], ""num_clusters"": 1, ""cluster_scores"": [0.08967023390137198]}"
450,rflbat,rflbat_final_distance_filter,"[4, 48, 57, 38, 75, 56, 92, 6, 46, 74]",[],"{""accepted_indices"": [0, 1, 2, 3, 4, 5, 6, 7, 8, 9, 1, 2, 3, 4, 5, 6, 7, 8, 9], ""eps2"": 6, ""distance_median"": 0.32000297488617924}"
451,rflbat,rflbat_first_distance_filter,"[2, 12, 62, 11, 54, 39, 97, 27, 58, 86, 12, 62, 11, 54, 39, 97, 27, 58, 86]",[],"{""accepted_indices"": [0, 1, 2, 3, 4, 5, 6, 7, 8, 9, 1, 2, 3, 4, 5, 6, 7, 8, 9], ""eps1"": 10, ""distance_median"": 0.16000692410008016}"
451,rflbat,rflbat_cluster_filter,"[2, 12, 62, 11, 54, 39, 97, 27, 58, 86, 12, 62, 11, 54, 39, 97, 27, 58, 86]",[],"{""accepted_indices"": [0, 1, 2, 3, 4, 5, 6, 7, 8, 9, 1, 2, 3, 4, 5, 6, 7, 8, 9], ""num_clusters"": 1, ""cluster_scores"": [0.12167238510263678]}"
451,rflbat,rflbat_final_distance_filter,"[2, 12, 62, 11, 54, 39, 97, 27, 58, 86]",[],"{""accepted_indices"": [0, 1, 2, 3, 4, 5, 6, 7, 8, 9, 1, 2, 3, 4, 5, 6, 7, 8, 9], ""eps2"": 6, ""distance_median"": 0.31144695325972704}"
452,rflbat,rflbat_first_distance_filter,"[3, 21, 86, 81, 55, 98, 33, 73, 36, 6, 21, 86, 81, 55, 98, 33, 73, 36, 6]",[],"{""accepted_indices"": [0, 1, 2, 3, 4, 5, 6, 7, 8, 9, 1, 2, 3, 4, 5, 6, 7, 8, 9], ""eps1"": 10, ""distance_median"": 0.17947187897721115}"
452,rflbat,rflbat_cluster_filter,"[3, 21, 86, 81, 98, 33, 36, 6, 21, 86, 81, 98, 33, 36, 6]","[55, 73]","{""accepted_indices"": [0, 1, 2, 3, 5, 6, 8, 9, 1, 2, 3, 5, 6, 8, 9], ""num_clusters"": 3, ""cluster_scores"": [0.10777052781738877, 1.000000000002238, 1.0000000000020555]}"
452,rflbat,rflbat_final_distance_filter,"[3, 21, 86, 81, 98, 33, 36, 6]","[55, 73]","{""accepted_indices"": [0, 1, 2, 3, 5, 6, 8, 9, 1, 2, 3, 5, 6, 8, 9], ""eps2"": 6, ""distance_median"": 0.0656995431863321}"
453,rflbat,rflbat_first_distance_filter,"[4, 45, 31, 91, 9, 76, 59, 38, 13, 67, 45, 31, 91, 9, 76, 59, 38, 13, 67]",[],"{""accepted_indices"": [0, 1, 2, 3, 4, 5, 6, 7, 8, 9, 1, 2, 3, 4, 5, 6, 7, 8, 9], ""eps1"": 10, ""distance_median"": 0.13400204978341373}"
453,rflbat,rflbat_cluster_filter,"[45, 31, 91, 9, 76, 59, 38, 13, 67, 45, 31, 91, 9, 76, 59, 38, 13, 67]",[4],"{""accepted_indices"": [1, 2, 3, 4, 5, 6, 7, 8, 9, 1, 2, 3, 4, 5, 6, 7, 8, 9], ""num_clusters"": 2, ""cluster_scores"": [0.10905426334167126, 1]}"
453,rflbat,rflbat_final_distance_filter,"[45, 31, 91, 9, 76, 59, 38, 13, 67]",[4],"{""accepted_indices"": [1, 2, 3, 4, 5, 6, 7, 8, 9, 1, 2, 3, 4, 5, 6, 7, 8, 9], ""eps2"": 6, ""distance_median"": 0.15183799391522412}"
454,rflbat,rflbat_first_distance_filter,"[3, 24, 13, 38, 36, 74, 12, 9, 66, 46, 24, 13, 38, 36, 74, 12, 9, 66, 46]",[],"{""accepted_indices"": [0, 1, 2, 3, 4, 5, 6, 7, 8, 9, 1, 2, 3, 4, 5, 6, 7, 8, 9], ""eps1"": 10, ""distance_median"": 0.13259637603129848}"
454,rflbat,rflbat_cluster_filter,"[3, 24, 13, 38, 36, 74, 12, 9, 66, 46, 24, 13, 38, 36, 74, 12, 9, 66, 46]",[],"{""accepted_indices"": [0, 1, 2, 3, 4, 5, 6, 7, 8, 9, 1, 2, 3, 4, 5, 6, 7, 8, 9], ""num_clusters"": 1, ""cluster_scores"": [0.07761855005121544]}"
454,rflbat,rflbat_final_distance_filter,"[3, 24, 13, 38, 36, 74, 12, 9, 66, 46]",[],"{""accepted_indices"": [0, 1, 2, 3, 4, 5, 6, 7, 8, 9, 1, 2, 3, 4, 5, 6, 7, 8, 9], ""eps2"": 6, ""distance_median"": 0.2670074434547708}"
455,rflbat,rflbat_first_distance_filter,"[3, 26, 69, 89, 0, 35, 92, 83, 12, 78, 26, 69, 89, 0, 35, 92, 83, 12, 78]",[],"{""accepted_indices"": [0, 1, 2, 3, 4, 5, 6, 7, 8, 9, 1, 2, 3, 4, 5, 6, 7, 8, 9], ""eps1"": 10, ""distance_median"": 0.11653163152578203}"
455,rflbat,rflbat_cluster_filter,"[3, 69, 89, 35, 92, 83, 12, 78, 69, 89, 35, 92, 83, 12, 78]","[26, 0]","{""accepted_indices"": [0, 2, 3, 5, 6, 7, 8, 9, 2, 3, 5, 6, 7, 8, 9], ""num_clusters"": 3, ""cluster_scores"": [0.19909334140985452, 1.000000000001133, 1.000000000001722]}"
455,rflbat,rflbat_final_distance_filter,"[3, 69, 89, 35, 92, 83, 12, 78]","[26, 0]","{""accepted_indices"": [0, 2, 3, 5, 6, 7, 8, 9, 2, 3, 5, 6, 7, 8, 9], ""eps2"": 6, ""distance_median"": 0.02841098510042923}"
456,rflbat,rflbat_first_distance_filter,"[0, 49, 33, 53, 64, 54, 96, 9, 45, 52, 49, 33, 53, 64, 54, 96, 9, 45, 52]",[],"{""accepted_indices"": [0, 1, 2, 3, 4, 5, 6, 7, 8, 9, 1, 2, 3, 4, 5, 6, 7, 8, 9], ""eps1"": 10, ""distance_median"": 0.21169666101804369}"
456,rflbat,rflbat_cluster_filter,"[0, 49, 33, 53, 64, 96, 9, 45, 52, 49, 33, 53, 64, 96, 9, 45, 52]",[54],"{""accepted_indices"": [0, 1, 2, 3, 4, 6, 7, 8, 9, 1, 2, 3, 4, 6, 7, 8, 9], ""num_clusters"": 2, ""cluster_scores"": [0.13336009822955966, 1.0000000000010039]}"
456,rflbat,rflbat_final_distance_filter,"[0, 49, 33, 53, 64, 96, 9, 45, 52]",[54],"{""accepted_indices"": [0, 1, 2, 3, 4, 6, 7, 8, 9, 1, 2, 3, 4, 6, 7, 8, 9], ""eps2"": 6, ""distance_median"": 0.27293968713985367}"
457,rflbat,rflbat_first_distance_filter,"[1, 49, 18, 19, 98, 48, 39, 25, 40, 71, 49, 18, 19, 98, 48, 39, 25, 40, 71]",[],"{""accepted_indices"": [0, 1, 2, 3, 4, 5, 6, 7, 8, 9, 1, 2, 3, 4, 5, 6, 7, 8, 9], ""eps1"": 10, ""distance_median"": 0.1747532620564618}"
457,rflbat,rflbat_cluster_filter,"[1, 49, 18, 19, 98, 48, 39, 25, 40, 71, 49, 18, 19, 98, 48, 39, 25, 40, 71]",[],"{""accepted_indices"": [0, 1, 2, 3, 4, 5, 6, 7, 8, 9, 1, 2, 3, 4, 5, 6, 7, 8, 9], ""num_clusters"": 1, ""cluster_scores"": [0.09592834645701358]}"
457,rflbat,rflbat_final_distance_filter,"[1, 49, 18, 19, 98, 48, 39, 25, 40, 71]",[],"{""accepted_indices"": [0, 1, 2, 3, 4, 5, 6, 7, 8, 9, 1, 2, 3, 4, 5, 6, 7, 8, 9], ""eps2"": 6, ""distance_median"": 0.35003498863297766}"
458,rflbat,rflbat_first_distance_filter,"[3, 53, 31, 67, 5, 30, 78, 18, 83, 1, 53, 31, 67, 5, 30, 78, 18, 83, 1]",[],"{""accepted_indices"": [0, 1, 2, 3, 4, 5, 6, 7, 8, 9, 1, 2, 3, 4, 5, 6, 7, 8, 9], ""eps1"": 10, ""distance_median"": 0.23977201102022438}"
458,rflbat,rflbat_cluster_filter,"[3, 53, 31, 67, 5, 30, 78, 18, 83, 1, 53, 31, 67, 5, 30, 78, 18, 83, 1]",[],"{""accepted_indices"": [0, 1, 2, 3, 4, 5, 6, 7, 8, 9, 1, 2, 3, 4, 5, 6, 7, 8, 9], ""num_clusters"": 1, ""cluster_scores"": [0.12443552133412203]}"
458,rflbat,rflbat_final_distance_filter,"[3, 53, 67, 5, 30, 78, 18, 83, 1]",[31],"{""accepted_indices"": [0, 1, 3, 4, 5, 6, 7, 8, 9, 1, 3, 4, 5, 6, 7, 8, 9], ""eps2"": 6, ""distance_median"": 0.4781900245119297}"
459,rflbat,rflbat_first_distance_filter,"[2, 37, 65, 94, 15, 81, 71, 33, 23, 59, 37, 65, 94, 15, 81, 71, 33, 23, 59]",[],"{""accepted_indices"": [0, 1, 2, 3, 4, 5, 6, 7, 8, 9, 1, 2, 3, 4, 5, 6, 7, 8, 9], ""eps1"": 10, ""distance_median"": 0.10528490900926639}"
459,rflbat,rflbat_cluster_filter,"[2, 37, 65, 94, 15, 81, 71, 33, 23, 59, 37, 65, 94, 15, 81, 71, 33, 23, 59]",[],"{""accepted_indices"": [0, 1, 2, 3, 4, 5, 6, 7, 8, 9, 1, 2, 3, 4, 5, 6, 7, 8, 9], ""num_clusters"": 1, ""cluster_scores"": [0.10594293387462324]}"
459,rflbat,rflbat_final_distance_filter,"[2, 37, 65, 94, 15, 81, 71, 33, 23, 59]",[],"{""accepted_indices"": [0, 1, 2, 3, 4, 5, 6, 7, 8, 9, 1, 2, 3, 4, 5, 6, 7, 8, 9], ""eps2"": 6, ""distance_median"": 0.1980572143785239}"
460,rflbat,rflbat_first_distance_filter,"[0, 20, 45, 92, 80, 18, 94, 59, 36, 78, 20, 45, 92, 80, 18, 94, 59, 36, 78]",[],"{""accepted_indices"": [0, 1, 2, 3, 4, 5, 6, 7, 8, 9, 1, 2, 3, 4, 5, 6, 7, 8, 9], ""eps1"": 10, ""distance_median"": 0.13881635537163103}"
460,rflbat,rflbat_cluster_filter,"[0, 20, 45, 92, 80, 18, 94, 59, 36, 78, 20, 45, 92, 80, 18, 94, 59, 36, 78]",[],"{""accepted_indices"": [0, 1, 2, 3, 4, 5, 6, 7, 8, 9, 1, 2, 3, 4, 5, 6, 7, 8, 9], ""num_clusters"": 1, ""cluster_scores"": [0.12776072800456814]}"
460,rflbat,rflbat_final_distance_filter,"[0, 20, 45, 92, 80, 18, 94, 59, 36, 78]",[],"{""accepted_indices"": [0, 1, 2, 3, 4, 5, 6, 7, 8, 9, 1, 2, 3, 4, 5, 6, 7, 8, 9], ""eps2"": 6, ""distance_median"": 0.2322717917696598}"
461,rflbat,rflbat_first_distance_filter,"[3, 14, 85, 84, 1, 86, 97, 58, 15, 38, 14, 85, 84, 1, 86, 97, 58, 15, 38]",[],"{""accepted_indices"": [0, 1, 2, 3, 4, 5, 6, 7, 8, 9, 1, 2, 3, 4, 5, 6, 7, 8, 9], ""eps1"": 10, ""distance_median"": 0.12470911197683701}"
461,rflbat,rflbat_cluster_filter,"[3, 14, 85, 84, 1, 86, 97, 58, 15, 38, 14, 85, 84, 1, 86, 97, 58, 15, 38]",[],"{""accepted_indices"": [0, 1, 2, 3, 4, 5, 6, 7, 8, 9, 1, 2, 3, 4, 5, 6, 7, 8, 9], ""num_clusters"": 1, ""cluster_scores"": [0.15256241117065486]}"
461,rflbat,rflbat_final_distance_filter,"[3, 14, 85, 84, 1, 86, 97, 58, 15, 38]",[],"{""accepted_indices"": [0, 1, 2, 3, 4, 5, 6, 7, 8, 9, 1, 2, 3, 4, 5, 6, 7, 8, 9], ""eps2"": 6, ""distance_median"": 0.2497731139183005}"
462,rflbat,rflbat_first_distance_filter,"[3, 64, 76, 43, 9, 69, 80, 74, 77, 16, 64, 76, 43, 9, 69, 80, 74, 77, 16]",[],"{""accepted_indices"": [0, 1, 2, 3, 4, 5, 6, 7, 8, 9, 1, 2, 3, 4, 5, 6, 7, 8, 9], ""eps1"": 10, ""distance_median"": 0.08889369634544778}"
462,rflbat,rflbat_cluster_filter,"[3, 64, 76, 43, 9, 69, 80, 74, 77, 16, 64, 76, 43, 9, 69, 80, 74, 77, 16]",[],"{""accepted_indices"": [0, 1, 2, 3, 4, 5, 6, 7, 8, 9, 1, 2, 3, 4, 5, 6, 7, 8, 9], ""num_clusters"": 1, ""cluster_scores"": [0.10314570088518281]}"
462,rflbat,rflbat_final_distance_filter,"[3, 64, 76, 43, 9, 69, 80, 74, 77, 16]",[],"{""accepted_indices"": [0, 1, 2, 3, 4, 5, 6, 7, 8, 9, 1, 2, 3, 4, 5, 6, 7, 8, 9], ""eps2"": 6, ""distance_median"": 0.1731967647354813}"
463,rflbat,rflbat_first_distance_filter,"[4, 77, 0, 92, 82, 47, 98, 2, 23, 74, 77, 0, 92, 82, 47, 98, 2, 23, 74]",[],"{""accepted_indices"": [0, 1, 2, 3, 4, 5, 6, 7, 8, 9, 1, 2, 3, 4, 5, 6, 7, 8, 9], ""eps1"": 10, ""distance_median"": 0.09970228862378608}"
463,rflbat,rflbat_cluster_filter,"[4, 77, 0, 92, 82, 47, 98, 2, 23, 74, 77, 0, 92, 82, 47, 98, 2, 23, 74]",[],"{""accepted_indices"": [0, 1, 2, 3, 4, 5, 6, 7, 8, 9, 1, 2, 3, 4, 5, 6, 7, 8, 9], ""num_clusters"": 1, ""cluster_scores"": [0.09180132173622295]}"
463,rflbat,rflbat_final_distance_filter,"[4, 77, 0, 92, 82, 47, 98, 2, 23, 74]",[],"{""accepted_indices"": [0, 1, 2, 3, 4, 5, 6, 7, 8, 9, 1, 2, 3, 4, 5, 6, 7, 8, 9], ""eps2"": 6, ""distance_median"": 0.20215333569747818}"
464,rflbat,rflbat_first_distance_filter,"[0, 84, 4, 12, 13, 33, 89, 11, 99, 67, 84, 4, 12, 13, 33, 89, 11, 99, 67]",[],"{""accepted_indices"": [0, 1, 2, 3, 4, 5, 6, 7, 8, 9, 1, 2, 3, 4, 5, 6, 7, 8, 9], ""eps1"": 10, ""distance_median"": 0.13005285139739964}"
464,rflbat,rflbat_cluster_filter,"[0, 84, 4, 12, 13, 33, 89, 11, 99, 67, 84, 4, 12, 13, 33, 89, 11, 99, 67]",[],"{""accepted_indices"": [0, 1, 2, 3, 4, 5, 6, 7, 8, 9, 1, 2, 3, 4, 5, 6, 7, 8, 9], ""num_clusters"": 1, ""cluster_scores"": [0.1385349842198603]}"
464,rflbat,rflbat_final_distance_filter,"[0, 84, 4, 12, 13, 33, 89, 11, 99, 67]",[],"{""accepted_indices"": [0, 1, 2, 3, 4, 5, 6, 7, 8, 9, 1, 2, 3, 4, 5, 6, 7, 8, 9], ""eps2"": 6, ""distance_median"": 0.21923816881305197}"
465,rflbat,rflbat_first_distance_filter,"[1, 91, 25, 24, 72, 82, 12, 35, 30, 81, 91, 25, 24, 72, 82, 12, 35, 30, 81]",[],"{""accepted_indices"": [0, 1, 2, 3, 4, 5, 6, 7, 8, 9, 1, 2, 3, 4, 5, 6, 7, 8, 9], ""eps1"": 10, ""distance_median"": 0.2726733882702653}"
465,rflbat,rflbat_cluster_filter,"[1, 91, 25, 24, 72, 82, 12, 35, 30, 81, 91, 25, 24, 72, 82, 12, 35, 30, 81]",[],"{""accepted_indices"": [0, 1, 2, 3, 4, 5, 6, 7, 8, 9, 1, 2, 3, 4, 5, 6, 7, 8, 9], ""num_clusters"": 1, ""cluster_scores"": [0.09902149294670756]}"
465,rflbat,rflbat_final_distance_filter,"[1, 91, 25, 24, 72, 82, 12, 35, 81]",[30],"{""accepted_indices"": [0, 1, 2, 3, 4, 5, 6, 7, 9, 1, 2, 3, 4, 5, 6, 7, 9], ""eps2"": 6, ""distance_median"": 0.5440849475503408}"
466,rflbat,rflbat_first_distance_filter,"[1, 63, 92, 38, 77, 14, 32, 84, 87, 15, 63, 92, 38, 77, 14, 32, 84, 87, 15]",[],"{""accepted_indices"": [0, 1, 2, 3, 4, 5, 6, 7, 8, 9, 1, 2, 3, 4, 5, 6, 7, 8, 9], ""eps1"": 10, ""distance_median"": 0.09422692172371955}"
466,rflbat,rflbat_cluster_filter,"[1, 63, 92, 38, 77, 14, 32, 84, 87, 15, 63, 92, 38, 77, 14, 32, 84, 87, 15]",[],"{""accepted_indices"": [0, 1, 2, 3, 4, 5, 6, 7, 8, 9, 1, 2, 3, 4, 5, 6, 7, 8, 9], ""num_clusters"": 1, ""cluster_scores"": [0.10226698436119797]}"
466,rflbat,rflbat_final_distance_filter,"[1, 63, 92, 38, 77, 14, 32, 84, 87, 15]",[],"{""accepted_indices"": [0, 1, 2, 3, 4, 5, 6, 7, 8, 9, 1, 2, 3, 4, 5, 6, 7, 8, 9], ""eps2"": 6, ""distance_median"": 0.1960205963867472}"
467,rflbat,rflbat_first_distance_filter,"[3, 6, 77, 94, 83, 63, 88, 26, 68, 84, 6, 77, 94, 83, 63, 88, 26, 68, 84]",[],"{""accepted_indices"": [0, 1, 2, 3, 4, 5, 6, 7, 8, 9, 1, 2, 3, 4, 5, 6, 7, 8, 9], ""eps1"": 10, ""distance_median"": 0.1407673480097001}"
467,rflbat,rflbat_cluster_filter,"[3, 6, 77, 94, 83, 63, 88, 26, 68, 84, 6, 77, 94, 83, 63, 88, 26, 68, 84]",[],"{""accepted_indices"": [0, 1, 2, 3, 4, 5, 6, 7, 8, 9, 1, 2, 3, 4, 5, 6, 7, 8, 9], ""num_clusters"": 1, ""cluster_scores"": [0.15038697326007924]}"
467,rflbat,rflbat_final_distance_filter,"[3, 6, 77, 94, 83, 63, 88, 26, 68, 84]",[],"{""accepted_indices"": [0, 1, 2, 3, 4, 5, 6, 7, 8, 9, 1, 2, 3, 4, 5, 6, 7, 8, 9], ""eps2"": 6, ""distance_median"": 0.28365597280121546}"
468,rflbat,rflbat_first_distance_filter,"[3, 92, 82, 26, 42, 23, 48, 14, 22, 73, 92, 82, 26, 42, 23, 48, 14, 22, 73]",[],"{""accepted_indices"": [0, 1, 2, 3, 4, 5, 6, 7, 8, 9, 1, 2, 3, 4, 5, 6, 7, 8, 9], ""eps1"": 10, ""distance_median"": 0.5175444826202171}"
468,rflbat,rflbat_cluster_filter,"[3, 92, 82, 26, 42, 23, 48, 14, 22, 73, 92, 82, 26, 42, 23, 48, 14, 22, 73]",[],"{""accepted_indices"": [0, 1, 2, 3, 4, 5, 6, 7, 8, 9, 1, 2, 3, 4, 5, 6, 7, 8, 9], ""num_clusters"": 1, ""cluster_scores"": [0.10194929081402494]}"
468,rflbat,rflbat_final_distance_filter,"[3, 92, 82, 26, 42, 23, 48, 14, 22, 73]",[],"{""accepted_indices"": [0, 1, 2, 3, 4, 5, 6, 7, 8, 9, 1, 2, 3, 4, 5, 6, 7, 8, 9], ""eps2"": 6, ""distance_median"": 1.0292603712581323}"
469,rflbat,rflbat_first_distance_filter,"[4, 25, 68, 42, 40, 15, 28, 50, 26, 48, 25, 68, 42, 40, 15, 28, 50, 26, 48]",[],"{""accepted_indices"": [0, 1, 2, 3, 4, 5, 6, 7, 8, 9, 1, 2, 3, 4, 5, 6, 7, 8, 9], ""eps1"": 10, ""distance_median"": 0.17446825788543804}"
469,rflbat,rflbat_cluster_filter,"[4, 25, 68, 42, 40, 15, 28, 50, 26, 48, 25, 68, 42, 40, 15, 28, 50, 26, 48]",[],"{""accepted_indices"": [0, 1, 2, 3, 4, 5, 6, 7, 8, 9, 1, 2, 3, 4, 5, 6, 7, 8, 9], ""num_clusters"": 1, ""cluster_scores"": [0.23763942283244324]}"
469,rflbat,rflbat_final_distance_filter,"[4, 25, 68, 42, 40, 15, 28, 50, 26, 48]",[],"{""accepted_indices"": [0, 1, 2, 3, 4, 5, 6, 7, 8, 9, 1, 2, 3, 4, 5, 6, 7, 8, 9], ""eps2"": 6, ""distance_median"": 0.347597186480438}"
470,rflbat,rflbat_first_distance_filter,"[2, 84, 91, 83, 68, 16, 93, 15, 82, 6, 84, 91, 83, 68, 16, 93, 15, 82, 6]",[],"{""accepted_indices"": [0, 1, 2, 3, 4, 5, 6, 7, 8, 9, 1, 2, 3, 4, 5, 6, 7, 8, 9], ""eps1"": 10, ""distance_median"": 0.09914777776819103}"
470,rflbat,rflbat_cluster_filter,"[2, 84, 91, 83, 68, 16, 93, 15, 82, 6, 84, 91, 83, 68, 16, 93, 15, 82, 6]",[],"{""accepted_indices"": [0, 1, 2, 3, 4, 5, 6, 7, 8, 9, 1, 2, 3, 4, 5, 6, 7, 8, 9], ""num_clusters"": 1, ""cluster_scores"": [0.1285248992225989]}"
470,rflbat,rflbat_final_distance_filter,"[2, 84, 91, 83, 68, 16, 93, 15, 82, 6]",[],"{""accepted_indices"": [0, 1, 2, 3, 4, 5, 6, 7, 8, 9, 1, 2, 3, 4, 5, 6, 7, 8, 9], ""eps2"": 6, ""distance_median"": 0.1936465015477245}"
471,rflbat,rflbat_first_distance_filter,"[2, 96, 40, 29, 75, 62, 46, 33, 98, 57, 96, 40, 29, 75, 62, 46, 33, 98, 57]",[],"{""accepted_indices"": [0, 1, 2, 3, 4, 5, 6, 7, 8, 9, 1, 2, 3, 4, 5, 6, 7, 8, 9], ""eps1"": 10, ""distance_median"": 0.11485060528528165}"
471,rflbat,rflbat_cluster_filter,"[2, 96, 40, 29, 75, 62, 46, 33, 98, 57, 96, 40, 29, 75, 62, 46, 33, 98, 57]",[],"{""accepted_indices"": [0, 1, 2, 3, 4, 5, 6, 7, 8, 9, 1, 2, 3, 4, 5, 6, 7, 8, 9], ""num_clusters"": 1, ""cluster_scores"": [0.11018199749876068]}"
471,rflbat,rflbat_final_distance_filter,"[2, 96, 40, 29, 75, 62, 46, 33, 98, 57]",[],"{""accepted_indices"": [0, 1, 2, 3, 4, 5, 6, 7, 8, 9, 1, 2, 3, 4, 5, 6, 7, 8, 9], ""eps2"": 6, ""distance_median"": 0.23085093268676438}"
472,rflbat,rflbat_first_distance_filter,"[3, 12, 1, 93, 76, 87, 42, 34, 20, 51, 12, 1, 93, 76, 87, 42, 34, 20, 51]",[],"{""accepted_indices"": [0, 1, 2, 3, 4, 5, 6, 7, 8, 9, 1, 2, 3, 4, 5, 6, 7, 8, 9], ""eps1"": 10, ""distance_median"": 0.27775080672074726}"
472,rflbat,rflbat_cluster_filter,"[3, 12, 1, 93, 76, 87, 42, 34, 20, 51, 12, 1, 93, 76, 87, 42, 34, 20, 51]",[],"{""accepted_indices"": [0, 1, 2, 3, 4, 5, 6, 7, 8, 9, 1, 2, 3, 4, 5, 6, 7, 8, 9], ""num_clusters"": 1, ""cluster_scores"": [0.09718232999101657]}"
472,rflbat,rflbat_final_distance_filter,"[3, 12, 1, 93, 76, 87, 42, 34, 20, 51]",[],"{""accepted_indices"": [0, 1, 2, 3, 4, 5, 6, 7, 8, 9, 1, 2, 3, 4, 5, 6, 7, 8, 9], ""eps2"": 6, ""distance_median"": 0.5541192871901695}"
473,rflbat,rflbat_first_distance_filter,"[4, 83, 3, 73, 24, 65, 61, 86, 92, 26, 83, 3, 73, 24, 65, 61, 86, 92, 26]",[],"{""accepted_indices"": [0, 1, 2, 3, 4, 5, 6, 7, 8, 9, 1, 2, 3, 4, 5, 6, 7, 8, 9], ""eps1"": 10, ""distance_median"": 0.1926586197912552}"
473,rflbat,rflbat_cluster_filter,"[4, 83, 3, 73, 24, 65, 61, 86, 92, 26, 83, 3, 73, 24, 65, 61, 86, 92, 26]",[],"{""accepted_indices"": [0, 1, 2, 3, 4, 5, 6, 7, 8, 9, 1, 2, 3, 4, 5, 6, 7, 8, 9], ""num_clusters"": 1, ""cluster_scores"": [0.13890359597898547]}"
473,rflbat,rflbat_final_distance_filter,"[4, 83, 3, 73, 24, 65, 61, 86, 92, 26]",[],"{""accepted_indices"": [0, 1, 2, 3, 4, 5, 6, 7, 8, 9, 1, 2, 3, 4, 5, 6, 7, 8, 9], ""eps2"": 6, ""distance_median"": 0.3862489091294727}"
474,rflbat,rflbat_first_distance_filter,"[1, 16, 94, 31, 13, 71, 30, 60, 68, 55, 16, 94, 31, 13, 71, 30, 60, 68, 55]",[],"{""accepted_indices"": [0, 1, 2, 3, 4, 5, 6, 7, 8, 9, 1, 2, 3, 4, 5, 6, 7, 8, 9], ""eps1"": 10, ""distance_median"": 0.22199586570823243}"
474,rflbat,rflbat_cluster_filter,"[1, 16, 94, 31, 13, 71, 30, 60, 68, 55, 16, 94, 31, 13, 71, 30, 60, 68, 55]",[],"{""accepted_indices"": [0, 1, 2, 3, 4, 5, 6, 7, 8, 9, 1, 2, 3, 4, 5, 6, 7, 8, 9], ""num_clusters"": 1, ""cluster_scores"": [0.12161797327802114]}"
474,rflbat,rflbat_final_distance_filter,"[1, 16, 94, 31, 13, 71, 30, 60, 68, 55]",[],"{""accepted_indices"": [0, 1, 2, 3, 4, 5, 6, 7, 8, 9, 1, 2, 3, 4, 5, 6, 7, 8, 9], ""eps2"": 6, ""distance_median"": 0.45059633003553196}"
475,rflbat,rflbat_first_distance_filter,"[1, 29, 64, 19, 15, 24, 48, 21, 86, 3, 29, 64, 19, 15, 24, 48, 21, 86, 3]",[],"{""accepted_indices"": [0, 1, 2, 3, 4, 5, 6, 7, 8, 9, 1, 2, 3, 4, 5, 6, 7, 8, 9], ""eps1"": 10, ""distance_median"": 0.13382134172755514}"
475,rflbat,rflbat_cluster_filter,"[1, 29, 64, 19, 15, 24, 48, 21, 86, 3, 29, 64, 19, 15, 24, 48, 21, 86, 3]",[],"{""accepted_indices"": [0, 1, 2, 3, 4, 5, 6, 7, 8, 9, 1, 2, 3, 4, 5, 6, 7, 8, 9], ""num_clusters"": 1, ""cluster_scores"": [0.14245746301077425]}"
475,rflbat,rflbat_final_distance_filter,"[1, 29, 64, 19, 15, 24, 48, 21, 86, 3]",[],"{""accepted_indices"": [0, 1, 2, 3, 4, 5, 6, 7, 8, 9, 1, 2, 3, 4, 5, 6, 7, 8, 9], ""eps2"": 6, ""distance_median"": 0.2730621438764859}"
476,rflbat,rflbat_first_distance_filter,"[2, 50, 20, 13, 53, 40, 24, 74, 96, 58, 50, 20, 13, 53, 40, 24, 74, 96, 58]",[],"{""accepted_indices"": [0, 1, 2, 3, 4, 5, 6, 7, 8, 9, 1, 2, 3, 4, 5, 6, 7, 8, 9], ""eps1"": 10, ""distance_median"": 0.1118891277242747}"
476,rflbat,rflbat_cluster_filter,"[2, 50, 20, 13, 53, 40, 24, 74, 96, 58, 50, 20, 13, 53, 40, 24, 74, 96, 58]",[],"{""accepted_indices"": [0, 1, 2, 3, 4, 5, 6, 7, 8, 9, 1, 2, 3, 4, 5, 6, 7, 8, 9], ""num_clusters"": 1, ""cluster_scores"": [0.11557083865896223]}"
476,rflbat,rflbat_final_distance_filter,"[2, 50, 20, 13, 53, 40, 24, 74, 96, 58]",[],"{""accepted_indices"": [0, 1, 2, 3, 4, 5, 6, 7, 8, 9, 1, 2, 3, 4, 5, 6, 7, 8, 9], ""eps2"": 6, ""distance_median"": 0.2244012511832835}"
477,rflbat,rflbat_first_distance_filter,"[0, 98, 34, 44, 29, 18, 6, 23, 86, 26, 98, 34, 44, 29, 18, 6, 23, 86, 26]",[],"{""accepted_indices"": [0, 1, 2, 3, 4, 5, 6, 7, 8, 9, 1, 2, 3, 4, 5, 6, 7, 8, 9], ""eps1"": 10, ""distance_median"": 0.24033079926486448}"
477,rflbat,rflbat_cluster_filter,"[0, 98, 34, 44, 29, 18, 6, 23, 86, 26, 98, 34, 44, 29, 18, 6, 23, 86, 26]",[],"{""accepted_indices"": [0, 1, 2, 3, 4, 5, 6, 7, 8, 9, 1, 2, 3, 4, 5, 6, 7, 8, 9], ""num_clusters"": 1, ""cluster_scores"": [0.11336180201625319]}"
477,rflbat,rflbat_final_distance_filter,"[0, 98, 34, 44, 29, 18, 6, 23, 86]",[26],"{""accepted_indices"": [0, 1, 2, 3, 4, 5, 6, 7, 8, 1, 2, 3, 4, 5, 6, 7, 8], ""eps2"": 6, ""distance_median"": 0.4355204624125628}"
478,rflbat,rflbat_first_distance_filter,"[2, 3, 92, 33, 63, 10, 90, 17, 95, 13, 3, 92, 33, 63, 10, 90, 17, 95, 13]",[],"{""accepted_indices"": [0, 1, 2, 3, 4, 5, 6, 7, 8, 9, 1, 2, 3, 4, 5, 6, 7, 8, 9], ""eps1"": 10, ""distance_median"": 0.16824283528028028}"
478,rflbat,rflbat_cluster_filter,"[2, 3, 92, 33, 63, 10, 90, 17, 95, 13, 3, 92, 33, 63, 10, 90, 17, 95, 13]",[],"{""accepted_indices"": [0, 1, 2, 3, 4, 5, 6, 7, 8, 9, 1, 2, 3, 4, 5, 6, 7, 8, 9], ""num_clusters"": 1, ""cluster_scores"": [0.09884553563103343]}"
478,rflbat,rflbat_final_distance_filter,"[2, 3, 92, 33, 63, 10, 90, 17, 95, 13]",[],"{""accepted_indices"": [0, 1, 2, 3, 4, 5, 6, 7, 8, 9, 1, 2, 3, 4, 5, 6, 7, 8, 9], ""eps2"": 6, ""distance_median"": 0.34021018501257017}"
479,rflbat,rflbat_first_distance_filter,"[0, 76, 78, 9, 69, 10, 42, 85, 65, 94, 76, 78, 9, 69, 10, 42, 85, 65, 94]",[],"{""accepted_indices"": [0, 1, 2, 3, 4, 5, 6, 7, 8, 9, 1, 2, 3, 4, 5, 6, 7, 8, 9], ""eps1"": 10, ""distance_median"": 0.25813242579622075}"
479,rflbat,rflbat_cluster_filter,"[0, 76, 78, 9, 69, 10, 42, 85, 65, 94, 76, 78, 9, 69, 10, 42, 85, 65, 94]",[],"{""accepted_indices"": [0, 1, 2, 3, 4, 5, 6, 7, 8, 9, 1, 2, 3, 4, 5, 6, 7, 8, 9], ""num_clusters"": 1, ""cluster_scores"": [0.10090365150841919]}"
479,rflbat,rflbat_final_distance_filter,"[0, 76, 78, 9, 69, 10, 42, 85, 65, 94]",[],"{""accepted_indices"": [0, 1, 2, 3, 4, 5, 6, 7, 8, 9, 1, 2, 3, 4, 5, 6, 7, 8, 9], ""eps2"": 6, ""distance_median"": 0.49648303213271233}"
480,rflbat,rflbat_first_distance_filter,"[4, 56, 71, 57, 34, 51, 86, 60, 39, 94, 56, 71, 57, 34, 51, 86, 60, 39, 94]",[],"{""accepted_indices"": [0, 1, 2, 3, 4, 5, 6, 7, 8, 9, 1, 2, 3, 4, 5, 6, 7, 8, 9], ""eps1"": 10, ""distance_median"": 0.09935502506218022}"
480,rflbat,rflbat_cluster_filter,"[4, 56, 71, 57, 34, 51, 86, 60, 39, 94, 56, 71, 57, 34, 51, 86, 60, 39, 94]",[],"{""accepted_indices"": [0, 1, 2, 3, 4, 5, 6, 7, 8, 9, 1, 2, 3, 4, 5, 6, 7, 8, 9], ""num_clusters"": 1, ""cluster_scores"": [0.1012494276557467]}"
480,rflbat,rflbat_final_distance_filter,"[4, 56, 71, 57, 34, 51, 86, 60, 39, 94]",[],"{""accepted_indices"": [0, 1, 2, 3, 4, 5, 6, 7, 8, 9, 1, 2, 3, 4, 5, 6, 7, 8, 9], ""eps2"": 6, ""distance_median"": 0.1724094317603842}"
481,rflbat,rflbat_first_distance_filter,"[2, 14, 71, 84, 66, 13, 37, 23, 93, 75, 14, 71, 84, 66, 13, 37, 23, 93, 75]",[],"{""accepted_indices"": [0, 1, 2, 3, 4, 5, 6, 7, 8, 9, 1, 2, 3, 4, 5, 6, 7, 8, 9], ""eps1"": 10, ""distance_median"": 0.14713711933052942}"
481,rflbat,rflbat_cluster_filter,"[2, 14, 71, 84, 66, 13, 37, 23, 93, 75, 14, 71, 84, 66, 13, 37, 23, 93, 75]",[],"{""accepted_indices"": [0, 1, 2, 3, 4, 5, 6, 7, 8, 9, 1, 2, 3, 4, 5, 6, 7, 8, 9], ""num_clusters"": 1, ""cluster_scores"": [0.18389058545797146]}"
481,rflbat,rflbat_final_distance_filter,"[2, 14, 71, 84, 66, 13, 37, 23, 93, 75]",[],"{""accepted_indices"": [0, 1, 2, 3, 4, 5, 6, 7, 8, 9, 1, 2, 3, 4, 5, 6, 7, 8, 9], ""eps2"": 6, ""distance_median"": 0.29139576384797505}"
482,rflbat,rflbat_first_distance_filter,"[3, 0, 98, 83, 39, 44, 16, 18, 48, 86, 0, 98, 83, 39, 44, 16, 18, 48, 86]",[],"{""accepted_indices"": [0, 1, 2, 3, 4, 5, 6, 7, 8, 9, 1, 2, 3, 4, 5, 6, 7, 8, 9], ""eps1"": 10, ""distance_median"": 0.1536854702018235}"
482,rflbat,rflbat_cluster_filter,"[3, 0, 98, 83, 39, 44, 16, 18, 48, 86, 0, 98, 83, 39, 44, 16, 18, 48, 86]",[],"{""accepted_indices"": [0, 1, 2, 3, 4, 5, 6, 7, 8, 9, 1, 2, 3, 4, 5, 6, 7, 8, 9], ""num_clusters"": 1, ""cluster_scores"": [0.16827565406508616]}"
482,rflbat,rflbat_final_distance_filter,"[3, 0, 98, 83, 39, 44, 16, 18, 48, 86]",[],"{""accepted_indices"": [0, 1, 2, 3, 4, 5, 6, 7, 8, 9, 1, 2, 3, 4, 5, 6, 7, 8, 9], ""eps2"": 6, ""distance_median"": 0.28921107064626606}"
483,rflbat,rflbat_first_distance_filter,"[4, 64, 35, 40, 82, 98, 14, 25, 10, 70, 64, 35, 40, 82, 98, 14, 25, 10, 70]",[],"{""accepted_indices"": [0, 1, 2, 3, 4, 5, 6, 7, 8, 9, 1, 2, 3, 4, 5, 6, 7, 8, 9], ""eps1"": 10, ""distance_median"": 0.16588684854876992}"
483,rflbat,rflbat_cluster_filter,"[4, 64, 35, 40, 82, 98, 14, 25, 10, 70, 64, 35, 40, 82, 98, 14, 25, 10, 70]",[],"{""accepted_indices"": [0, 1, 2, 3, 4, 5, 6, 7, 8, 9, 1, 2, 3, 4, 5, 6, 7, 8, 9], ""num_clusters"": 1, ""cluster_scores"": [0.0950367338181499]}"
483,rflbat,rflbat_final_distance_filter,"[4, 64, 35, 40, 82, 98, 14, 25, 10, 70]",[],"{""accepted_indices"": [0, 1, 2, 3, 4, 5, 6, 7, 8, 9, 1, 2, 3, 4, 5, 6, 7, 8, 9], ""eps2"": 6, ""distance_median"": 0.27018167468723464}"
484,rflbat,rflbat_first_distance_filter,"[1, 34, 37, 81, 57, 55, 27, 7, 16, 9, 34, 37, 81, 57, 55, 27, 7, 16, 9]",[],"{""accepted_indices"": [0, 1, 2, 3, 4, 5, 6, 7, 8, 9, 1, 2, 3, 4, 5, 6, 7, 8, 9], ""eps1"": 10, ""distance_median"": 0.12614931698214749}"
484,rflbat,rflbat_cluster_filter,"[1, 34, 37, 81, 57, 55, 27, 7, 16, 9, 34, 37, 81, 57, 55, 27, 7, 16, 9]",[],"{""accepted_indices"": [0, 1, 2, 3, 4, 5, 6, 7, 8, 9, 1, 2, 3, 4, 5, 6, 7, 8, 9], ""num_clusters"": 1, ""cluster_scores"": [0.1341454322150935]}"
484,rflbat,rflbat_final_distance_filter,"[1, 34, 37, 81, 57, 55, 27, 7, 16, 9]",[],"{""accepted_indices"": [0, 1, 2, 3, 4, 5, 6, 7, 8, 9, 1, 2, 3, 4, 5, 6, 7, 8, 9], ""eps2"": 6, ""distance_median"": 0.2532053897411861}"
485,rflbat,rflbat_first_distance_filter,"[1, 28, 44, 82, 55, 10, 87, 3, 20, 69, 28, 44, 82, 55, 10, 87, 3, 20, 69]",[],"{""accepted_indices"": [0, 1, 2, 3, 4, 5, 6, 7, 8, 9, 1, 2, 3, 4, 5, 6, 7, 8, 9], ""eps1"": 10, ""distance_median"": 0.1421819604218038}"
485,rflbat,rflbat_cluster_filter,"[1, 28, 44, 82, 55, 10, 87, 3, 20, 69, 28, 44, 82, 55, 10, 87, 3, 20, 69]",[],"{""accepted_indices"": [0, 1, 2, 3, 4, 5, 6, 7, 8, 9, 1, 2, 3, 4, 5, 6, 7, 8, 9], ""num_clusters"": 1, ""cluster_scores"": [0.10138348411354998]}"
485,rflbat,rflbat_final_distance_filter,"[1, 28, 44, 82, 55, 10, 87, 3, 20, 69]",[],"{""accepted_indices"": [0, 1, 2, 3, 4, 5, 6, 7, 8, 9, 1, 2, 3, 4, 5, 6, 7, 8, 9], ""eps2"": 6, ""distance_median"": 0.2863649877085782}"
486,rflbat,rflbat_first_distance_filter,"[3, 70, 49, 67, 56, 54, 73, 12, 31, 59, 70, 49, 67, 56, 54, 73, 12, 31, 59]",[],"{""accepted_indices"": [0, 1, 2, 3, 4, 5, 6, 7, 8, 9, 1, 2, 3, 4, 5, 6, 7, 8, 9], ""eps1"": 10, ""distance_median"": 0.18215368971267967}"
486,rflbat,rflbat_cluster_filter,"[3, 70, 49, 67, 56, 54, 73, 12, 31, 59, 70, 49, 67, 56, 54, 73, 12, 31, 59]",[],"{""accepted_indices"": [0, 1, 2, 3, 4, 5, 6, 7, 8, 9, 1, 2, 3, 4, 5, 6, 7, 8, 9], ""num_clusters"": 1, ""cluster_scores"": [0.09379698310745456]}"
486,rflbat,rflbat_final_distance_filter,"[3, 70, 49, 67, 56, 54, 73, 12, 31, 59]",[],"{""accepted_indices"": [0, 1, 2, 3, 4, 5, 6, 7, 8, 9, 1, 2, 3, 4, 5, 6, 7, 8, 9], ""eps2"": 6, ""distance_median"": 0.36102178441854205}"
487,rflbat,rflbat_first_distance_filter,"[4, 69, 11, 7, 76, 40, 96, 29, 92, 55, 69, 11, 7, 76, 40, 96, 29, 92, 55]",[],"{""accepted_indices"": [0, 1, 2, 3, 4, 5, 6, 7, 8, 9, 1, 2, 3, 4, 5, 6, 7, 8, 9], ""eps1"": 10, ""distance_median"": 0.09794526264920955}"
487,rflbat,rflbat_cluster_filter,"[4, 69, 11, 7, 76, 40, 29, 92, 55, 69, 11, 7, 76, 40, 29, 92, 55]",[96],"{""accepted_indices"": [0, 1, 2, 3, 4, 5, 7, 8, 9, 1, 2, 3, 4, 5, 7, 8, 9], ""num_clusters"": 2, ""cluster_scores"": [0.07903201238752534, 1.000000000002179]}"
487,rflbat,rflbat_final_distance_filter,"[4, 69, 11, 7, 76, 40, 29, 92, 55]",[96],"{""accepted_indices"": [0, 1, 2, 3, 4, 5, 7, 8, 9, 1, 2, 3, 4, 5, 7, 8, 9], ""eps2"": 6, ""distance_median"": 0.12071140914932812}"
488,rflbat,rflbat_first_distance_filter,"[3, 59, 64, 41, 90, 18, 28, 73, 32, 44, 59, 64, 41, 90, 18, 28, 73, 32, 44]",[],"{""accepted_indices"": [0, 1, 2, 3, 4, 5, 6, 7, 8, 9, 1, 2, 3, 4, 5, 6, 7, 8, 9], ""eps1"": 10, ""distance_median"": 0.18413882443725751}"
488,rflbat,rflbat_cluster_filter,"[3, 59, 64, 41, 90, 18, 28, 32, 44, 59, 64, 41, 90, 18, 28, 32, 44]",[73],"{""accepted_indices"": [0, 1, 2, 3, 4, 5, 6, 8, 9, 1, 2, 3, 4, 5, 6, 8, 9], ""num_clusters"": 2, ""cluster_scores"": [0.19541222058537405, 1.0000000000028977]}"
488,rflbat,rflbat_final_distance_filter,"[3, 59, 64, 41, 90, 18, 28, 32, 44]",[73],"{""accepted_indices"": [0, 1, 2, 3, 4, 5, 6, 8, 9, 1, 2, 3, 4, 5, 6, 8, 9], ""eps2"": 6, ""distance_median"": 0.18710905148935592}"
489,rflbat,rflbat_first_distance_filter,"[1, 41, 72, 28, 30, 25, 40, 14, 76, 86, 41, 72, 28, 30, 25, 40, 14, 76, 86]",[],"{""accepted_indices"": [0, 1, 2, 3, 4, 5, 6, 7, 8, 9, 1, 2, 3, 4, 5, 6, 7, 8, 9], ""eps1"": 10, ""distance_median"": 0.0954896940036196}"
489,rflbat,rflbat_cluster_filter,"[1, 72, 28, 30, 25, 40, 14, 76, 86, 72, 28, 30, 25, 40, 14, 76, 86]",[41],"{""accepted_indices"": [0, 2, 3, 4, 5, 6, 7, 8, 9, 2, 3, 4, 5, 6, 7, 8, 9], ""num_clusters"": 2, ""cluster_scores"": [0.1119870128592851, 1.0000000000020448]}"
489,rflbat,rflbat_final_distance_filter,"[1, 72, 28, 30, 25, 40, 14, 76, 86]",[41],"{""accepted_indices"": [0, 2, 3, 4, 5, 6, 7, 8, 9, 2, 3, 4, 5, 6, 7, 8, 9], ""eps2"": 6, ""distance_median"": 0.10842606201185018}"
490,rflbat,rflbat_first_distance_filter,"[1, 78, 30, 14, 81, 9, 36, 94, 25, 60, 78, 30, 14, 81, 9, 36, 94, 25, 60]",[],"{""accepted_indices"": [0, 1, 2, 3, 4, 5, 6, 7, 8, 9, 1, 2, 3, 4, 5, 6, 7, 8, 9], ""eps1"": 10, ""distance_median"": 0.08820989416478567}"
490,rflbat,rflbat_cluster_filter,"[1, 78, 14, 81, 9, 94, 60, 78, 14, 81, 9, 94, 60]","[30, 36, 25]","{""accepted_indices"": [0, 1, 3, 4, 5, 7, 9, 1, 3, 4, 5, 7, 9], ""num_clusters"": 2, ""cluster_scores"": [0.4534919446530876, 0.16723632863707005]}"
490,rflbat,rflbat_final_distance_filter,"[1, 78, 14, 81, 9, 94, 60]","[30, 36, 25]","{""accepted_indices"": [0, 1, 3, 4, 5, 7, 9, 1, 3, 4, 5, 7, 9], ""eps2"": 6, ""distance_median"": 0.04239306855011424}"
491,rflbat,rflbat_first_distance_filter,"[0, 38, 48, 69, 52, 2, 83, 46, 61, 26, 38, 48, 69, 52, 2, 83, 46, 61, 26]",[],"{""accepted_indices"": [0, 1, 2, 3, 4, 5, 6, 7, 8, 9, 1, 2, 3, 4, 5, 6, 7, 8, 9], ""eps1"": 10, ""distance_median"": 0.27513924501224646}"
491,rflbat,rflbat_cluster_filter,"[0, 38, 48, 69, 52, 2, 83, 46, 61, 26, 38, 48, 69, 52, 2, 83, 46, 61, 26]",[],"{""accepted_indices"": [0, 1, 2, 3, 4, 5, 6, 7, 8, 9, 1, 2, 3, 4, 5, 6, 7, 8, 9], ""num_clusters"": 1, ""cluster_scores"": [0.10263045784102533]}"
491,rflbat,rflbat_final_distance_filter,"[0, 38, 48, 69, 52, 2, 83, 46, 61, 26]",[],"{""accepted_indices"": [0, 1, 2, 3, 4, 5, 6, 7, 8, 9, 1, 2, 3, 4, 5, 6, 7, 8, 9], ""eps2"": 6, ""distance_median"": 0.5324099843928516}"
492,rflbat,rflbat_first_distance_filter,"[3, 89, 87, 78, 93, 92, 32, 12, 66, 63, 89, 87, 78, 93, 92, 32, 12, 66, 63]",[],"{""accepted_indices"": [0, 1, 2, 3, 4, 5, 6, 7, 8, 9, 1, 2, 3, 4, 5, 6, 7, 8, 9], ""eps1"": 10, ""distance_median"": 0.08836004074048892}"
492,rflbat,rflbat_cluster_filter,"[3, 89, 87, 78, 93, 92, 12, 66, 63, 89, 87, 78, 93, 92, 12, 66, 63]",[32],"{""accepted_indices"": [0, 1, 2, 3, 4, 5, 7, 8, 9, 1, 2, 3, 4, 5, 7, 8, 9], ""num_clusters"": 2, ""cluster_scores"": [0.14464009939260863, 1.0000000000007192]}"
492,rflbat,rflbat_final_distance_filter,"[3, 89, 87, 78, 93, 92, 12, 66, 63]",[32],"{""accepted_indices"": [0, 1, 2, 3, 4, 5, 7, 8, 9, 1, 2, 3, 4, 5, 7, 8, 9], ""eps2"": 6, ""distance_median"": 0.12177105060602003}"
493,rflbat,rflbat_first_distance_filter,"[4, 86, 25, 23, 52, 41, 38, 26, 31, 51, 86, 25, 23, 52, 41, 38, 26, 31, 51]",[],"{""accepted_indices"": [0, 1, 2, 3, 4, 5, 6, 7, 8, 9, 1, 2, 3, 4, 5, 6, 7, 8, 9], ""eps1"": 10, ""distance_median"": 0.33774163668151636}"
493,rflbat,rflbat_cluster_filter,"[4, 86, 25, 23, 52, 41, 38, 26, 31, 51, 86, 25, 23, 52, 41, 38, 26, 31, 51]",[],"{""accepted_indices"": [0, 1, 2, 3, 4, 5, 6, 7, 8, 9, 1, 2, 3, 4, 5, 6, 7, 8, 9], ""num_clusters"": 1, ""cluster_scores"": [0.13109327152997763]}"
493,rflbat,rflbat_final_distance_filter,"[4, 86, 25, 23, 52, 41, 38, 31, 51]",[26],"{""accepted_indices"": [0, 1, 2, 3, 4, 5, 6, 8, 9, 1, 2, 3, 4, 5, 6, 8, 9], ""eps2"": 6, ""distance_median"": 0.6153068751475516}"
494,rflbat,rflbat_first_distance_filter,"[4, 96, 37, 85, 89, 77, 1, 98, 40, 32, 96, 37, 85, 89, 77, 1, 98, 40, 32]",[],"{""accepted_indices"": [0, 1, 2, 3, 4, 5, 6, 7, 8, 9, 1, 2, 3, 4, 5, 6, 7, 8, 9], ""eps1"": 10, ""distance_median"": 0.14641661688220525}"
494,rflbat,rflbat_cluster_filter,"[4, 96, 37, 85, 89, 77, 1, 98, 40, 32, 96, 37, 85, 89, 77, 1, 98, 40, 32]",[],"{""accepted_indices"": [0, 1, 2, 3, 4, 5, 6, 7, 8, 9, 1, 2, 3, 4, 5, 6, 7, 8, 9], ""num_clusters"": 1, ""cluster_scores"": [0.08750655275111806]}"
494,rflbat,rflbat_final_distance_filter,"[4, 96, 37, 85, 89, 77, 1, 98, 40, 32]",[],"{""accepted_indices"": [0, 1, 2, 3, 4, 5, 6, 7, 8, 9, 1, 2, 3, 4, 5, 6, 7, 8, 9], ""eps2"": 6, ""distance_median"": 0.29741699960042617}"
495,rflbat,rflbat_first_distance_filter,"[1, 15, 59, 79, 19, 0, 61, 14, 60, 36, 15, 59, 79, 19, 0, 61, 14, 60, 36]",[],"{""accepted_indices"": [0, 1, 2, 3, 4, 5, 6, 7, 8, 9, 1, 2, 3, 4, 5, 6, 7, 8, 9], ""eps1"": 10, ""distance_median"": 0.1263239510406515}"
495,rflbat,rflbat_cluster_filter,"[1, 15, 59, 79, 19, 0, 61, 14, 60, 36, 15, 59, 79, 19, 0, 61, 14, 60, 36]",[],"{""accepted_indices"": [0, 1, 2, 3, 4, 5, 6, 7, 8, 9, 1, 2, 3, 4, 5, 6, 7, 8, 9], ""num_clusters"": 1, ""cluster_scores"": [0.14000569708433352]}"
495,rflbat,rflbat_final_distance_filter,"[1, 15, 59, 79, 19, 0, 61, 14, 60, 36]",[],"{""accepted_indices"": [0, 1, 2, 3, 4, 5, 6, 7, 8, 9, 1, 2, 3, 4, 5, 6, 7, 8, 9], ""eps2"": 6, ""distance_median"": 0.25664844476014487}"
496,rflbat,rflbat_first_distance_filter,"[2, 85, 88, 39, 47, 40, 68, 16, 22, 24, 85, 88, 39, 47, 40, 68, 16, 22, 24]",[],"{""accepted_indices"": [0, 1, 2, 3, 4, 5, 6, 7, 8, 9, 1, 2, 3, 4, 5, 6, 7, 8, 9], ""eps1"": 10, ""distance_median"": 0.15803112876078435}"
496,rflbat,rflbat_cluster_filter,"[2, 85, 88, 39, 47, 40, 68, 16, 22, 24, 85, 88, 39, 47, 40, 68, 16, 22, 24]",[],"{""accepted_indices"": [0, 1, 2, 3, 4, 5, 6, 7, 8, 9, 1, 2, 3, 4, 5, 6, 7, 8, 9], ""num_clusters"": 1, ""cluster_scores"": [0.12115994003737353]}"
496,rflbat,rflbat_final_distance_filter,"[2, 85, 88, 39, 47, 40, 68, 16, 22, 24]",[],"{""accepted_indices"": [0, 1, 2, 3, 4, 5, 6, 7, 8, 9, 1, 2, 3, 4, 5, 6, 7, 8, 9], ""eps2"": 6, ""distance_median"": 0.315807525860776}"
497,rflbat,rflbat_first_distance_filter,"[3, 70, 60, 68, 32, 95, 9, 98, 77, 80, 70, 60, 68, 32, 95, 9, 98, 77, 80]",[],"{""accepted_indices"": [0, 1, 2, 3, 4, 5, 6, 7, 8, 9, 1, 2, 3, 4, 5, 6, 7, 8, 9], ""eps1"": 10, ""distance_median"": 0.19648961753545469}"
497,rflbat,rflbat_cluster_filter,"[3, 70, 60, 68, 32, 95, 9, 98, 77, 80, 70, 60, 68, 32, 95, 9, 98, 77, 80]",[],"{""accepted_indices"": [0, 1, 2, 3, 4, 5, 6, 7, 8, 9, 1, 2, 3, 4, 5, 6, 7, 8, 9], ""num_clusters"": 1, ""cluster_scores"": [0.13946796611800086]}"
497,rflbat,rflbat_final_distance_filter,"[3, 70, 60, 68, 32, 95, 9, 98, 77, 80]",[],"{""accepted_indices"": [0, 1, 2, 3, 4, 5, 6, 7, 8, 9, 1, 2, 3, 4, 5, 6, 7, 8, 9], ""eps2"": 6, ""distance_median"": 0.39249728381479587}"
498,rflbat,rflbat_first_distance_filter,"[3, 77, 11, 55, 94, 63, 66, 34, 74, 97, 77, 11, 55, 94, 63, 66, 34, 74, 97]",[],"{""accepted_indices"": [0, 1, 2, 3, 4, 5, 6, 7, 8, 9, 1, 2, 3, 4, 5, 6, 7, 8, 9], ""eps1"": 10, ""distance_median"": 0.1410605247218747}"
498,rflbat,rflbat_cluster_filter,"[3, 77, 11, 55, 94, 63, 66, 34, 74, 97, 77, 11, 55, 94, 63, 66, 34, 74, 97]",[],"{""accepted_indices"": [0, 1, 2, 3, 4, 5, 6, 7, 8, 9, 1, 2, 3, 4, 5, 6, 7, 8, 9], ""num_clusters"": 1, ""cluster_scores"": [0.1115856533664007]}"
498,rflbat,rflbat_final_distance_filter,"[3, 77, 11, 55, 94, 63, 66, 34, 74, 97]",[],"{""accepted_indices"": [0, 1, 2, 3, 4, 5, 6, 7, 8, 9, 1, 2, 3, 4, 5, 6, 7, 8, 9], ""eps2"": 6, ""distance_median"": 0.2765604111079455}"
499,rflbat,rflbat_first_distance_filter,"[4, 99, 70, 64, 2, 57, 80, 27, 9, 18, 99, 70, 64, 2, 57, 80, 27, 9, 18]",[],"{""accepted_indices"": [0, 1, 2, 3, 4, 5, 6, 7, 8, 9, 1, 2, 3, 4, 5, 6, 7, 8, 9], ""eps1"": 10, ""distance_median"": 0.14011770325450085}"
499,rflbat,rflbat_cluster_filter,"[4, 99, 70, 64, 2, 57, 80, 27, 9, 18, 99, 70, 64, 2, 57, 80, 27, 9, 18]",[],"{""accepted_indices"": [0, 1, 2, 3, 4, 5, 6, 7, 8, 9, 1, 2, 3, 4, 5, 6, 7, 8, 9], ""num_clusters"": 1, ""cluster_scores"": [0.08779530245792501]}"
499,rflbat,rflbat_final_distance_filter,"[99, 70, 64, 2, 57, 80, 27, 9, 18]",[4],"{""accepted_indices"": [1, 2, 3, 4, 5, 6, 7, 8, 9, 1, 2, 3, 4, 5, 6, 7, 8, 9], ""eps2"": 6, ""distance_median"": 0.21079281095668567}"
500,rflbat,rflbat_first_distance_filter,"[0, 85, 63, 12, 71, 80, 70, 26, 14, 75, 85, 63, 12, 71, 80, 70, 26, 14, 75]",[],"{""accepted_indices"": [0, 1, 2, 3, 4, 5, 6, 7, 8, 9, 1, 2, 3, 4, 5, 6, 7, 8, 9], ""eps1"": 10, ""distance_median"": 0.1860246019589778}"
500,rflbat,rflbat_cluster_filter,"[0, 85, 63, 12, 71, 80, 70, 26, 14, 75, 85, 63, 12, 71, 80, 70, 26, 14, 75]",[],"{""accepted_indices"": [0, 1, 2, 3, 4, 5, 6, 7, 8, 9, 1, 2, 3, 4, 5, 6, 7, 8, 9], ""num_clusters"": 1, ""cluster_scores"": [0.11382676040080784]}"
500,rflbat,rflbat_final_distance_filter,"[0, 85, 63, 12, 71, 80, 70, 26, 14, 75]",[],"{""accepted_indices"": [0, 1, 2, 3, 4, 5, 6, 7, 8, 9, 1, 2, 3, 4, 5, 6, 7, 8, 9], ""eps2"": 6, ""distance_median"": 0.33176734865516766}"
