epoch,method,status,initial_participants,final_selected,rejected,num_initial,num_final,stage_names,pkl_path
1,rflbat,success,"[3, 71, 32, 58, 4, 24, 62, 67, 43, 29]","[71, 32, 58, 24, 62, 67, 43, 29]","[3, 4]",10,8,"[""rflbat_first_distance_filter"", ""rflbat_cluster_filter"", ""rflbat_final_distance_filter""]",../main/re_result_6-29_APRA/cifar10_500_Jul.01_09.59.00_rflbat_fix_True_no-mia_no-mia-class_no-noise_sin-adv_DOBA/agg_records/pkl/round_0001_rflbat.pkl
2,rflbat,success,"[0, 30, 57, 86, 66, 85, 54, 99, 23, 53]","[30, 57, 86, 66, 85, 54, 99, 23, 53]",[0],10,9,"[""rflbat_first_distance_filter"", ""rflbat_cluster_filter"", ""rflbat_final_distance_filter""]",../main/re_result_6-29_APRA/cifar10_500_Jul.01_09.59.00_rflbat_fix_True_no-mia_no-mia-class_no-noise_sin-adv_DOBA/agg_records/pkl/round_0002_rflbat.pkl
3,rflbat,success,"[2, 39, 9, 63, 48, 35, 87, 5, 13, 50]","[39, 9, 63, 48, 35, 87, 5, 13, 50]",[2],10,9,"[""rflbat_first_distance_filter"", ""rflbat_cluster_filter"", ""rflbat_final_distance_filter""]",../main/re_result_6-29_APRA/cifar10_500_Jul.01_09.59.00_rflbat_fix_True_no-mia_no-mia-class_no-noise_sin-adv_DOBA/agg_records/pkl/round_0003_rflbat.pkl
4,rflbat,success,"[1, 98, 26, 62, 6, 55, 78, 43, 84, 14]","[98, 26, 62, 6, 55, 78, 43, 84, 14]",[1],10,9,"[""rflbat_first_distance_filter"", ""rflbat_cluster_filter"", ""rflbat_final_distance_filter""]",../main/re_result_6-29_APRA/cifar10_500_Jul.01_09.59.00_rflbat_fix_True_no-mia_no-mia-class_no-noise_sin-adv_DOBA/agg_records/pkl/round_0004_rflbat.pkl
5,rflbat,success,"[1, 93, 34, 19, 5, 40, 81, 43, 63, 67]","[93, 34, 19, 5, 40, 81, 43, 63, 67]",[1],10,9,"[""rflbat_first_distance_filter"", ""rflbat_cluster_filter"", ""rflbat_final_distance_filter""]",../main/re_result_6-29_APRA/cifar10_500_Jul.01_09.59.00_rflbat_fix_True_no-mia_no-mia-class_no-noise_sin-adv_DOBA/agg_records/pkl/round_0005_rflbat.pkl
6,rflbat,success,"[2, 38, 3, 97, 19, 60, 57, 50, 8, 15]","[38, 97, 19, 60, 57, 50, 15]","[2, 3, 8]",10,7,"[""rflbat_first_distance_filter"", ""rflbat_cluster_filter"", ""rflbat_final_distance_filter""]",../main/re_result_6-29_APRA/cifar10_500_Jul.01_09.59.00_rflbat_fix_True_no-mia_no-mia-class_no-noise_sin-adv_DOBA/agg_records/pkl/round_0006_rflbat.pkl
7,rflbat,success,"[3, 80, 92, 36, 93, 14, 37, 68, 67, 15]","[80, 92, 36, 93, 14, 37, 68, 67, 15]",[3],10,9,"[""rflbat_first_distance_filter"", ""rflbat_cluster_filter"", ""rflbat_final_distance_filter""]",../main/re_result_6-29_APRA/cifar10_500_Jul.01_09.59.00_rflbat_fix_True_no-mia_no-mia-class_no-noise_sin-adv_DOBA/agg_records/pkl/round_0007_rflbat.pkl
8,rflbat,success,"[1, 39, 33, 92, 44, 95, 61, 42, 84, 78]","[39, 33, 92, 44, 95, 61, 42, 84, 78]",[1],10,9,"[""rflbat_first_distance_filter"", ""rflbat_cluster_filter"", ""rflbat_final_distance_filter""]",../main/re_result_6-29_APRA/cifar10_500_Jul.01_09.59.00_rflbat_fix_True_no-mia_no-mia-class_no-noise_sin-adv_DOBA/agg_records/pkl/round_0008_rflbat.pkl
9,rflbat,success,"[2, 91, 18, 4, 6, 85, 82, 45, 7, 24]","[91, 18, 6, 85, 82, 45, 7, 24]","[2, 4]",10,8,"[""rflbat_first_distance_filter"", ""rflbat_cluster_filter"", ""rflbat_final_distance_filter""]",../main/re_result_6-29_APRA/cifar10_500_Jul.01_09.59.00_rflbat_fix_True_no-mia_no-mia-class_no-noise_sin-adv_DOBA/agg_records/pkl/round_0009_rflbat.pkl
10,rflbat,success,"[0, 50, 35, 20, 96, 84, 68, 21, 29, 47]","[50, 35, 20, 96, 84, 68, 21, 29, 47]",[0],10,9,"[""rflbat_first_distance_filter"", ""rflbat_cluster_filter"", ""rflbat_final_distance_filter""]",../main/re_result_6-29_APRA/cifar10_500_Jul.01_09.59.00_rflbat_fix_True_no-mia_no-mia-class_no-noise_sin-adv_DOBA/agg_records/pkl/round_0010_rflbat.pkl
11,rflbat,success,"[4, 79, 55, 80, 75, 40, 51, 48, 20, 14]","[79, 55, 80, 75, 40, 51, 48, 20, 14]",[4],10,9,"[""rflbat_first_distance_filter"", ""rflbat_cluster_filter"", ""rflbat_final_distance_filter""]",../main/re_result_6-29_APRA/cifar10_500_Jul.01_09.59.00_rflbat_fix_True_no-mia_no-mia-class_no-noise_sin-adv_DOBA/agg_records/pkl/round_0011_rflbat.pkl
12,rflbat,success,"[4, 97, 5, 42, 59, 69, 28, 98, 33, 12]","[97, 5, 42, 59, 69, 28, 98, 33, 12]",[4],10,9,"[""rflbat_first_distance_filter"", ""rflbat_cluster_filter"", ""rflbat_final_distance_filter""]",../main/re_result_6-29_APRA/cifar10_500_Jul.01_09.59.00_rflbat_fix_True_no-mia_no-mia-class_no-noise_sin-adv_DOBA/agg_records/pkl/round_0012_rflbat.pkl
13,rflbat,success,"[4, 68, 1, 25, 34, 33, 7, 44, 69, 46]","[25, 69, 46]","[4, 68, 1, 34, 33, 7, 44]",10,3,"[""rflbat_first_distance_filter"", ""rflbat_cluster_filter"", ""rflbat_final_distance_filter""]",../main/re_result_6-29_APRA/cifar10_500_Jul.01_09.59.00_rflbat_fix_True_no-mia_no-mia-class_no-noise_sin-adv_DOBA/agg_records/pkl/round_0013_rflbat.pkl
14,rflbat,success,"[3, 72, 24, 35, 19, 32, 80, 82, 77, 61]","[72, 24, 35, 19, 32, 80, 82, 77, 61]",[3],10,9,"[""rflbat_first_distance_filter"", ""rflbat_cluster_filter"", ""rflbat_final_distance_filter""]",../main/re_result_6-29_APRA/cifar10_500_Jul.01_09.59.00_rflbat_fix_True_no-mia_no-mia-class_no-noise_sin-adv_DOBA/agg_records/pkl/round_0014_rflbat.pkl
15,rflbat,success,"[4, 9, 95, 37, 44, 59, 66, 48, 80, 90]","[9, 95, 37, 44, 59, 66, 48, 80, 90]",[4],10,9,"[""rflbat_first_distance_filter"", ""rflbat_cluster_filter"", ""rflbat_final_distance_filter""]",../main/re_result_6-29_APRA/cifar10_500_Jul.01_09.59.00_rflbat_fix_True_no-mia_no-mia-class_no-noise_sin-adv_DOBA/agg_records/pkl/round_0015_rflbat.pkl
16,rflbat,success,"[1, 8, 79, 78, 88, 26, 43, 21, 47, 10]","[8, 79, 78, 88, 26, 43, 21, 47, 10]",[1],10,9,"[""rflbat_first_distance_filter"", ""rflbat_cluster_filter"", ""rflbat_final_distance_filter""]",../main/re_result_6-29_APRA/cifar10_500_Jul.01_09.59.00_rflbat_fix_True_no-mia_no-mia-class_no-noise_sin-adv_DOBA/agg_records/pkl/round_0016_rflbat.pkl
17,rflbat,success,"[4, 17, 5, 45, 9, 8, 25, 33, 89, 10]","[17, 5, 45, 9, 8, 25, 33, 89, 10]",[4],10,9,"[""rflbat_first_distance_filter"", ""rflbat_cluster_filter"", ""rflbat_final_distance_filter""]",../main/re_result_6-29_APRA/cifar10_500_Jul.01_09.59.00_rflbat_fix_True_no-mia_no-mia-class_no-noise_sin-adv_DOBA/agg_records/pkl/round_0017_rflbat.pkl
18,rflbat,success,"[4, 16, 3, 5, 10, 96, 48, 40, 59, 47]","[4, 16, 3, 5, 10, 96, 48, 40, 59, 47]",[],10,10,"[""rflbat_first_distance_filter"", ""rflbat_cluster_filter"", ""rflbat_final_distance_filter""]",../main/re_result_6-29_APRA/cifar10_500_Jul.01_09.59.00_rflbat_fix_True_no-mia_no-mia-class_no-noise_sin-adv_DOBA/agg_records/pkl/round_0018_rflbat.pkl
19,rflbat,success,"[2, 83, 76, 70, 10, 14, 82, 34, 48, 63]","[83, 76, 70, 10, 14, 82, 34, 48, 63]",[2],10,9,"[""rflbat_first_distance_filter"", ""rflbat_cluster_filter"", ""rflbat_final_distance_filter""]",../main/re_result_6-29_APRA/cifar10_500_Jul.01_09.59.00_rflbat_fix_True_no-mia_no-mia-class_no-noise_sin-adv_DOBA/agg_records/pkl/round_0019_rflbat.pkl
20,rflbat,success,"[1, 81, 28, 39, 88, 92, 16, 79, 5, 12]","[1, 81, 28, 39, 88, 92, 16, 79, 5, 12]",[],10,10,"[""rflbat_first_distance_filter"", ""rflbat_cluster_filter"", ""rflbat_final_distance_filter""]",../main/re_result_6-29_APRA/cifar10_500_Jul.01_09.59.00_rflbat_fix_True_no-mia_no-mia-class_no-noise_sin-adv_DOBA/agg_records/pkl/round_0020_rflbat.pkl
21,rflbat,success,"[4, 19, 39, 24, 49, 17, 66, 11, 9, 42]","[19, 39, 24, 49, 17, 66, 11, 9, 42]",[4],10,9,"[""rflbat_first_distance_filter"", ""rflbat_cluster_filter"", ""rflbat_final_distance_filter""]",../main/re_result_6-29_APRA/cifar10_500_Jul.01_09.59.00_rflbat_fix_True_no-mia_no-mia-class_no-noise_sin-adv_DOBA/agg_records/pkl/round_0021_rflbat.pkl
22,rflbat,success,"[0, 41, 83, 69, 8, 72, 19, 26, 4, 52]","[41, 83, 69, 8, 72, 19, 26, 4, 52]",[0],10,9,"[""rflbat_first_distance_filter"", ""rflbat_cluster_filter"", ""rflbat_final_distance_filter""]",../main/re_result_6-29_APRA/cifar10_500_Jul.01_09.59.00_rflbat_fix_True_no-mia_no-mia-class_no-noise_sin-adv_DOBA/agg_records/pkl/round_0022_rflbat.pkl
23,rflbat,success,"[4, 78, 92, 25, 12, 76, 24, 52, 89, 40]","[78, 92, 25, 12, 76, 24, 52, 89, 40]",[4],10,9,"[""rflbat_first_distance_filter"", ""rflbat_cluster_filter"", ""rflbat_final_distance_filter""]",../main/re_result_6-29_APRA/cifar10_500_Jul.01_09.59.00_rflbat_fix_True_no-mia_no-mia-class_no-noise_sin-adv_DOBA/agg_records/pkl/round_0023_rflbat.pkl
24,rflbat,success,"[3, 6, 98, 54, 77, 5, 71, 59, 84, 15]","[6, 98, 77, 5, 59, 84, 15]","[3, 54, 71]",10,7,"[""rflbat_first_distance_filter"", ""rflbat_cluster_filter"", ""rflbat_final_distance_filter""]",../main/re_result_6-29_APRA/cifar10_500_Jul.01_09.59.00_rflbat_fix_True_no-mia_no-mia-class_no-noise_sin-adv_DOBA/agg_records/pkl/round_0024_rflbat.pkl
25,rflbat,success,"[0, 33, 3, 97, 25, 99, 42, 35, 84, 34]","[33, 97, 99, 42, 35, 84, 34]","[0, 3, 25]",10,7,"[""rflbat_first_distance_filter"", ""rflbat_cluster_filter"", ""rflbat_final_distance_filter""]",../main/re_result_6-29_APRA/cifar10_500_Jul.01_09.59.00_rflbat_fix_True_no-mia_no-mia-class_no-noise_sin-adv_DOBA/agg_records/pkl/round_0025_rflbat.pkl
26,rflbat,success,"[4, 38, 66, 10, 58, 59, 33, 43, 41, 68]","[38, 66, 10, 58, 59, 33, 43, 41, 68]",[4],10,9,"[""rflbat_first_distance_filter"", ""rflbat_cluster_filter"", ""rflbat_final_distance_filter""]",../main/re_result_6-29_APRA/cifar10_500_Jul.01_09.59.00_rflbat_fix_True_no-mia_no-mia-class_no-noise_sin-adv_DOBA/agg_records/pkl/round_0026_rflbat.pkl
27,rflbat,success,"[0, 89, 21, 47, 20, 72, 35, 29, 15, 73]","[89, 21, 47, 20, 72, 35, 29, 15, 73]",[0],10,9,"[""rflbat_first_distance_filter"", ""rflbat_cluster_filter"", ""rflbat_final_distance_filter""]",../main/re_result_6-29_APRA/cifar10_500_Jul.01_09.59.00_rflbat_fix_True_no-mia_no-mia-class_no-noise_sin-adv_DOBA/agg_records/pkl/round_0027_rflbat.pkl
28,rflbat,success,"[0, 41, 83, 55, 18, 44, 6, 49, 71, 25]","[41, 83, 55, 18, 44, 6, 49, 71, 25]",[0],10,9,"[""rflbat_first_distance_filter"", ""rflbat_cluster_filter"", ""rflbat_final_distance_filter""]",../main/re_result_6-29_APRA/cifar10_500_Jul.01_09.59.00_rflbat_fix_True_no-mia_no-mia-class_no-noise_sin-adv_DOBA/agg_records/pkl/round_0028_rflbat.pkl
29,rflbat,success,"[3, 62, 44, 68, 66, 58, 16, 37, 30, 89]","[62, 44, 68, 66, 58, 16, 37, 30, 89]",[3],10,9,"[""rflbat_first_distance_filter"", ""rflbat_cluster_filter"", ""rflbat_final_distance_filter""]",../main/re_result_6-29_APRA/cifar10_500_Jul.01_09.59.00_rflbat_fix_True_no-mia_no-mia-class_no-noise_sin-adv_DOBA/agg_records/pkl/round_0029_rflbat.pkl
30,rflbat,success,"[3, 99, 4, 12, 64, 79, 40, 32, 34, 29]","[64, 79, 34, 29]","[3, 99, 4, 12, 40, 32]",10,4,"[""rflbat_first_distance_filter"", ""rflbat_cluster_filter"", ""rflbat_final_distance_filter""]",../main/re_result_6-29_APRA/cifar10_500_Jul.01_09.59.00_rflbat_fix_True_no-mia_no-mia-class_no-noise_sin-adv_DOBA/agg_records/pkl/round_0030_rflbat.pkl
31,rflbat,success,"[2, 26, 79, 14, 28, 24, 52, 10, 37, 47]","[26, 79, 14, 28, 24, 52, 10, 37, 47]",[2],10,9,"[""rflbat_first_distance_filter"", ""rflbat_cluster_filter"", ""rflbat_final_distance_filter""]",../main/re_result_6-29_APRA/cifar10_500_Jul.01_09.59.00_rflbat_fix_True_no-mia_no-mia-class_no-noise_sin-adv_DOBA/agg_records/pkl/round_0031_rflbat.pkl
32,rflbat,success,"[3, 81, 83, 18, 79, 10, 32, 15, 94, 6]","[81, 83, 18, 79, 10, 32, 15, 94, 6]",[3],10,9,"[""rflbat_first_distance_filter"", ""rflbat_cluster_filter"", ""rflbat_final_distance_filter""]",../main/re_result_6-29_APRA/cifar10_500_Jul.01_09.59.00_rflbat_fix_True_no-mia_no-mia-class_no-noise_sin-adv_DOBA/agg_records/pkl/round_0032_rflbat.pkl
33,rflbat,success,"[2, 68, 69, 85, 40, 96, 88, 53, 55, 3]","[2, 68, 69, 85, 40, 96, 88, 53, 55, 3]",[],10,10,"[""rflbat_first_distance_filter"", ""rflbat_cluster_filter"", ""rflbat_final_distance_filter""]",../main/re_result_6-29_APRA/cifar10_500_Jul.01_09.59.00_rflbat_fix_True_no-mia_no-mia-class_no-noise_sin-adv_DOBA/agg_records/pkl/round_0033_rflbat.pkl
34,rflbat,success,"[1, 16, 82, 92, 8, 24, 27, 9, 5, 31]","[1, 16, 82, 92, 8, 24, 27, 9, 5, 31]",[],10,10,"[""rflbat_first_distance_filter"", ""rflbat_cluster_filter"", ""rflbat_final_distance_filter""]",../main/re_result_6-29_APRA/cifar10_500_Jul.01_09.59.00_rflbat_fix_True_no-mia_no-mia-class_no-noise_sin-adv_DOBA/agg_records/pkl/round_0034_rflbat.pkl
35,rflbat,success,"[3, 5, 95, 25, 51, 90, 16, 62, 73, 17]","[3, 5, 95, 25, 51, 90, 16, 62, 73, 17]",[],10,10,"[""rflbat_first_distance_filter"", ""rflbat_cluster_filter"", ""rflbat_final_distance_filter""]",../main/re_result_6-29_APRA/cifar10_500_Jul.01_09.59.00_rflbat_fix_True_no-mia_no-mia-class_no-noise_sin-adv_DOBA/agg_records/pkl/round_0035_rflbat.pkl
36,rflbat,success,"[2, 87, 66, 21, 58, 24, 1, 3, 56, 88]","[2, 87, 66, 21, 58, 24, 1, 3, 56, 88]",[],10,10,"[""rflbat_first_distance_filter"", ""rflbat_cluster_filter"", ""rflbat_final_distance_filter""]",../main/re_result_6-29_APRA/cifar10_500_Jul.01_09.59.00_rflbat_fix_True_no-mia_no-mia-class_no-noise_sin-adv_DOBA/agg_records/pkl/round_0036_rflbat.pkl
37,rflbat,success,"[2, 5, 8, 92, 3, 48, 53, 13, 52, 14]","[2, 5, 8, 92, 3, 48, 53, 13, 52, 14]",[],10,10,"[""rflbat_first_distance_filter"", ""rflbat_cluster_filter"", ""rflbat_final_distance_filter""]",../main/re_result_6-29_APRA/cifar10_500_Jul.01_09.59.00_rflbat_fix_True_no-mia_no-mia-class_no-noise_sin-adv_DOBA/agg_records/pkl/round_0037_rflbat.pkl
38,rflbat,success,"[0, 42, 39, 55, 90, 25, 77, 73, 78, 70]","[42, 39, 55, 90, 25, 77, 73, 78, 70]",[0],10,9,"[""rflbat_first_distance_filter"", ""rflbat_cluster_filter"", ""rflbat_final_distance_filter""]",../main/re_result_6-29_APRA/cifar10_500_Jul.01_09.59.00_rflbat_fix_True_no-mia_no-mia-class_no-noise_sin-adv_DOBA/agg_records/pkl/round_0038_rflbat.pkl
39,rflbat,success,"[3, 46, 64, 88, 1, 68, 33, 14, 89, 25]","[3, 46, 64, 1, 68, 33, 14, 89, 25]",[88],10,9,"[""rflbat_first_distance_filter"", ""rflbat_cluster_filter"", ""rflbat_final_distance_filter""]",../main/re_result_6-29_APRA/cifar10_500_Jul.01_09.59.00_rflbat_fix_True_no-mia_no-mia-class_no-noise_sin-adv_DOBA/agg_records/pkl/round_0039_rflbat.pkl
40,rflbat,success,"[1, 8, 55, 21, 82, 41, 99, 45, 23, 65]","[1, 8, 55, 21, 82, 41, 99, 45, 23, 65]",[],10,10,"[""rflbat_first_distance_filter"", ""rflbat_cluster_filter"", ""rflbat_final_distance_filter""]",../main/re_result_6-29_APRA/cifar10_500_Jul.01_09.59.00_rflbat_fix_True_no-mia_no-mia-class_no-noise_sin-adv_DOBA/agg_records/pkl/round_0040_rflbat.pkl
41,rflbat,success,"[1, 39, 50, 54, 28, 32, 67, 94, 75, 26]","[1, 39, 50, 54, 28, 32, 67, 94, 75, 26]",[],10,10,"[""rflbat_first_distance_filter"", ""rflbat_cluster_filter"", ""rflbat_final_distance_filter""]",../main/re_result_6-29_APRA/cifar10_500_Jul.01_09.59.00_rflbat_fix_True_no-mia_no-mia-class_no-noise_sin-adv_DOBA/agg_records/pkl/round_0041_rflbat.pkl
42,rflbat,success,"[1, 59, 29, 14, 47, 98, 70, 71, 92, 53]","[1, 59, 29, 14, 47, 98, 70, 71, 92, 53]",[],10,10,"[""rflbat_first_distance_filter"", ""rflbat_cluster_filter"", ""rflbat_final_distance_filter""]",../main/re_result_6-29_APRA/cifar10_500_Jul.01_09.59.00_rflbat_fix_True_no-mia_no-mia-class_no-noise_sin-adv_DOBA/agg_records/pkl/round_0042_rflbat.pkl
43,rflbat,success,"[2, 28, 44, 85, 19, 90, 11, 26, 47, 51]","[28, 44, 85, 19, 90, 11, 47, 51]","[2, 26]",10,8,"[""rflbat_first_distance_filter"", ""rflbat_cluster_filter"", ""rflbat_final_distance_filter""]",../main/re_result_6-29_APRA/cifar10_500_Jul.01_09.59.00_rflbat_fix_True_no-mia_no-mia-class_no-noise_sin-adv_DOBA/agg_records/pkl/round_0043_rflbat.pkl
44,rflbat,success,"[2, 44, 68, 91, 7, 33, 39, 22, 69, 25]","[2, 44, 68, 91, 7, 33, 39, 22, 69, 25]",[],10,10,"[""rflbat_first_distance_filter"", ""rflbat_cluster_filter"", ""rflbat_final_distance_filter""]",../main/re_result_6-29_APRA/cifar10_500_Jul.01_09.59.00_rflbat_fix_True_no-mia_no-mia-class_no-noise_sin-adv_DOBA/agg_records/pkl/round_0044_rflbat.pkl
45,rflbat,success,"[2, 6, 97, 58, 99, 13, 17, 78, 82, 27]","[2, 6, 97, 58, 99, 13, 17, 78, 82, 27]",[],10,10,"[""rflbat_first_distance_filter"", ""rflbat_cluster_filter"", ""rflbat_final_distance_filter""]",../main/re_result_6-29_APRA/cifar10_500_Jul.01_09.59.00_rflbat_fix_True_no-mia_no-mia-class_no-noise_sin-adv_DOBA/agg_records/pkl/round_0045_rflbat.pkl
46,rflbat,success,"[3, 38, 85, 89, 29, 42, 54, 18, 40, 12]","[3, 38, 85, 89, 29, 42, 54, 18, 40, 12]",[],10,10,"[""rflbat_first_distance_filter"", ""rflbat_cluster_filter"", ""rflbat_final_distance_filter""]",../main/re_result_6-29_APRA/cifar10_500_Jul.01_09.59.00_rflbat_fix_True_no-mia_no-mia-class_no-noise_sin-adv_DOBA/agg_records/pkl/round_0046_rflbat.pkl
47,rflbat,success,"[0, 48, 76, 70, 57, 27, 13, 46, 83, 6]","[48, 76, 70, 57, 27, 13, 46, 83, 6]",[0],10,9,"[""rflbat_first_distance_filter"", ""rflbat_cluster_filter"", ""rflbat_final_distance_filter""]",../main/re_result_6-29_APRA/cifar10_500_Jul.01_09.59.00_rflbat_fix_True_no-mia_no-mia-class_no-noise_sin-adv_DOBA/agg_records/pkl/round_0047_rflbat.pkl
48,rflbat,success,"[1, 27, 72, 38, 7, 54, 21, 12, 88, 77]","[1, 27, 72, 38, 7, 54, 21, 12, 88, 77]",[],10,10,"[""rflbat_first_distance_filter"", ""rflbat_cluster_filter"", ""rflbat_final_distance_filter""]",../main/re_result_6-29_APRA/cifar10_500_Jul.01_09.59.00_rflbat_fix_True_no-mia_no-mia-class_no-noise_sin-adv_DOBA/agg_records/pkl/round_0048_rflbat.pkl
49,rflbat,success,"[3, 57, 34, 7, 60, 58, 65, 10, 12, 16]","[3, 57, 34, 7, 60, 58, 65, 10, 12, 16]",[],10,10,"[""rflbat_first_distance_filter"", ""rflbat_cluster_filter"", ""rflbat_final_distance_filter""]",../main/re_result_6-29_APRA/cifar10_500_Jul.01_09.59.00_rflbat_fix_True_no-mia_no-mia-class_no-noise_sin-adv_DOBA/agg_records/pkl/round_0049_rflbat.pkl
50,rflbat,success,"[3, 56, 36, 31, 48, 94, 83, 81, 97, 42]","[3, 56, 36, 31, 48, 94, 83, 81, 97, 42]",[],10,10,"[""rflbat_first_distance_filter"", ""rflbat_cluster_filter"", ""rflbat_final_distance_filter""]",../main/re_result_6-29_APRA/cifar10_500_Jul.01_09.59.00_rflbat_fix_True_no-mia_no-mia-class_no-noise_sin-adv_DOBA/agg_records/pkl/round_0050_rflbat.pkl
51,rflbat,success,"[4, 23, 69, 8, 84, 3, 64, 32, 70, 95]","[4, 23, 69, 8, 84, 3, 64, 32, 70, 95]",[],10,10,"[""rflbat_first_distance_filter"", ""rflbat_cluster_filter"", ""rflbat_final_distance_filter""]",../main/re_result_6-29_APRA/cifar10_500_Jul.01_09.59.00_rflbat_fix_True_no-mia_no-mia-class_no-noise_sin-adv_DOBA/agg_records/pkl/round_0051_rflbat.pkl
52,rflbat,success,"[2, 99, 46, 88, 98, 23, 16, 47, 59, 56]","[2, 99, 46, 88, 98, 23, 16, 47, 59, 56]",[],10,10,"[""rflbat_first_distance_filter"", ""rflbat_cluster_filter"", ""rflbat_final_distance_filter""]",../main/re_result_6-29_APRA/cifar10_500_Jul.01_09.59.00_rflbat_fix_True_no-mia_no-mia-class_no-noise_sin-adv_DOBA/agg_records/pkl/round_0052_rflbat.pkl
53,rflbat,success,"[1, 67, 70, 92, 53, 68, 64, 31, 93, 87]","[1, 67, 70, 92, 53, 64, 31, 93, 87]",[68],10,9,"[""rflbat_first_distance_filter"", ""rflbat_cluster_filter"", ""rflbat_final_distance_filter""]",../main/re_result_6-29_APRA/cifar10_500_Jul.01_09.59.00_rflbat_fix_True_no-mia_no-mia-class_no-noise_sin-adv_DOBA/agg_records/pkl/round_0053_rflbat.pkl
54,rflbat,success,"[4, 8, 13, 41, 47, 91, 34, 33, 18, 20]","[4, 8, 13, 41, 47, 91, 34, 33, 18, 20]",[],10,10,"[""rflbat_first_distance_filter"", ""rflbat_cluster_filter"", ""rflbat_final_distance_filter""]",../main/re_result_6-29_APRA/cifar10_500_Jul.01_09.59.00_rflbat_fix_True_no-mia_no-mia-class_no-noise_sin-adv_DOBA/agg_records/pkl/round_0054_rflbat.pkl
55,rflbat,success,"[0, 43, 3, 92, 52, 85, 12, 99, 74, 77]","[43, 3, 92, 52, 85, 12, 99, 74, 77]",[0],10,9,"[""rflbat_first_distance_filter"", ""rflbat_cluster_filter"", ""rflbat_final_distance_filter""]",../main/re_result_6-29_APRA/cifar10_500_Jul.01_09.59.00_rflbat_fix_True_no-mia_no-mia-class_no-noise_sin-adv_DOBA/agg_records/pkl/round_0055_rflbat.pkl
56,rflbat,success,"[4, 6, 37, 50, 40, 26, 17, 2, 87, 89]","[4, 6, 37, 50, 40, 26, 17, 2, 87, 89]",[],10,10,"[""rflbat_first_distance_filter"", ""rflbat_cluster_filter"", ""rflbat_final_distance_filter""]",../main/re_result_6-29_APRA/cifar10_500_Jul.01_09.59.00_rflbat_fix_True_no-mia_no-mia-class_no-noise_sin-adv_DOBA/agg_records/pkl/round_0056_rflbat.pkl
57,rflbat,success,"[1, 19, 9, 25, 59, 3, 55, 0, 31, 56]","[1, 19, 9, 25, 59, 3, 55, 31, 56]",[0],10,9,"[""rflbat_first_distance_filter"", ""rflbat_cluster_filter"", ""rflbat_final_distance_filter""]",../main/re_result_6-29_APRA/cifar10_500_Jul.01_09.59.00_rflbat_fix_True_no-mia_no-mia-class_no-noise_sin-adv_DOBA/agg_records/pkl/round_0057_rflbat.pkl
58,rflbat,success,"[0, 85, 57, 20, 76, 40, 35, 84, 29, 72]","[85, 57, 20, 76, 40, 35, 84, 29, 72]",[0],10,9,"[""rflbat_first_distance_filter"", ""rflbat_cluster_filter"", ""rflbat_final_distance_filter""]",../main/re_result_6-29_APRA/cifar10_500_Jul.01_09.59.00_rflbat_fix_True_no-mia_no-mia-class_no-noise_sin-adv_DOBA/agg_records/pkl/round_0058_rflbat.pkl
59,rflbat,success,"[2, 57, 65, 72, 32, 69, 85, 19, 0, 31]","[2, 57, 65, 72, 32, 69, 85, 19, 31]",[0],10,9,"[""rflbat_first_distance_filter"", ""rflbat_cluster_filter"", ""rflbat_final_distance_filter""]",../main/re_result_6-29_APRA/cifar10_500_Jul.01_09.59.00_rflbat_fix_True_no-mia_no-mia-class_no-noise_sin-adv_DOBA/agg_records/pkl/round_0059_rflbat.pkl
60,rflbat,success,"[0, 50, 7, 63, 68, 58, 78, 15, 55, 76]","[50, 7, 63, 68, 58, 78, 15, 55, 76]",[0],10,9,"[""rflbat_first_distance_filter"", ""rflbat_cluster_filter"", ""rflbat_final_distance_filter""]",../main/re_result_6-29_APRA/cifar10_500_Jul.01_09.59.00_rflbat_fix_True_no-mia_no-mia-class_no-noise_sin-adv_DOBA/agg_records/pkl/round_0060_rflbat.pkl
61,rflbat,success,"[1, 53, 35, 11, 69, 70, 42, 87, 51, 24]","[1, 53, 35, 11, 69, 70, 42, 87, 51, 24]",[],10,10,"[""rflbat_first_distance_filter"", ""rflbat_cluster_filter"", ""rflbat_final_distance_filter""]",../main/re_result_6-29_APRA/cifar10_500_Jul.01_09.59.00_rflbat_fix_True_no-mia_no-mia-class_no-noise_sin-adv_DOBA/agg_records/pkl/round_0061_rflbat.pkl
62,rflbat,success,"[2, 36, 47, 16, 76, 62, 23, 40, 48, 78]","[2, 36, 47, 16, 76, 62, 23, 40, 48, 78]",[],10,10,"[""rflbat_first_distance_filter"", ""rflbat_cluster_filter"", ""rflbat_final_distance_filter""]",../main/re_result_6-29_APRA/cifar10_500_Jul.01_09.59.00_rflbat_fix_True_no-mia_no-mia-class_no-noise_sin-adv_DOBA/agg_records/pkl/round_0062_rflbat.pkl
63,rflbat,success,"[2, 26, 69, 67, 54, 83, 33, 45, 60, 96]","[2, 69, 67, 54, 83, 33, 45, 60, 96]",[26],10,9,"[""rflbat_first_distance_filter"", ""rflbat_cluster_filter"", ""rflbat_final_distance_filter""]",../main/re_result_6-29_APRA/cifar10_500_Jul.01_09.59.00_rflbat_fix_True_no-mia_no-mia-class_no-noise_sin-adv_DOBA/agg_records/pkl/round_0063_rflbat.pkl
64,rflbat,success,"[4, 92, 24, 26, 34, 59, 9, 58, 39, 23]","[4, 92, 24, 26, 34, 59, 9, 58, 39, 23]",[],10,10,"[""rflbat_first_distance_filter"", ""rflbat_cluster_filter"", ""rflbat_final_distance_filter""]",../main/re_result_6-29_APRA/cifar10_500_Jul.01_09.59.00_rflbat_fix_True_no-mia_no-mia-class_no-noise_sin-adv_DOBA/agg_records/pkl/round_0064_rflbat.pkl
65,rflbat,success,"[2, 72, 69, 79, 28, 64, 86, 52, 19, 84]","[2, 72, 79, 64, 86, 52, 84]","[69, 28, 19]",10,7,"[""rflbat_first_distance_filter"", ""rflbat_cluster_filter"", ""rflbat_final_distance_filter""]",../main/re_result_6-29_APRA/cifar10_500_Jul.01_09.59.00_rflbat_fix_True_no-mia_no-mia-class_no-noise_sin-adv_DOBA/agg_records/pkl/round_0065_rflbat.pkl
66,rflbat,success,"[4, 32, 88, 85, 57, 15, 76, 6, 65, 22]","[4, 32, 85, 57, 15, 76, 6, 65, 22]",[88],10,9,"[""rflbat_first_distance_filter"", ""rflbat_cluster_filter"", ""rflbat_final_distance_filter""]",../main/re_result_6-29_APRA/cifar10_500_Jul.01_09.59.00_rflbat_fix_True_no-mia_no-mia-class_no-noise_sin-adv_DOBA/agg_records/pkl/round_0066_rflbat.pkl
67,rflbat,success,"[1, 46, 53, 49, 70, 72, 92, 66, 99, 91]","[1, 46, 53, 49, 70, 72, 92, 66, 99, 91]",[],10,10,"[""rflbat_first_distance_filter"", ""rflbat_cluster_filter"", ""rflbat_final_distance_filter""]",../main/re_result_6-29_APRA/cifar10_500_Jul.01_09.59.00_rflbat_fix_True_no-mia_no-mia-class_no-noise_sin-adv_DOBA/agg_records/pkl/round_0067_rflbat.pkl
68,rflbat,success,"[0, 94, 39, 35, 87, 56, 88, 27, 30, 81]","[94, 39, 35, 87, 56, 27, 30, 81]","[0, 88]",10,8,"[""rflbat_first_distance_filter"", ""rflbat_cluster_filter"", ""rflbat_final_distance_filter""]",../main/re_result_6-29_APRA/cifar10_500_Jul.01_09.59.00_rflbat_fix_True_no-mia_no-mia-class_no-noise_sin-adv_DOBA/agg_records/pkl/round_0068_rflbat.pkl
69,rflbat,success,"[1, 96, 7, 22, 54, 95, 32, 82, 88, 41]","[1, 96, 7, 22, 54, 95, 32, 82, 88, 41]",[],10,10,"[""rflbat_first_distance_filter"", ""rflbat_cluster_filter"", ""rflbat_final_distance_filter""]",../main/re_result_6-29_APRA/cifar10_500_Jul.01_09.59.00_rflbat_fix_True_no-mia_no-mia-class_no-noise_sin-adv_DOBA/agg_records/pkl/round_0069_rflbat.pkl
70,rflbat,success,"[3, 48, 96, 27, 54, 98, 61, 42, 0, 49]","[3, 48, 96, 27, 54, 98, 61, 42, 49]",[0],10,9,"[""rflbat_first_distance_filter"", ""rflbat_cluster_filter"", ""rflbat_final_distance_filter""]",../main/re_result_6-29_APRA/cifar10_500_Jul.01_09.59.00_rflbat_fix_True_no-mia_no-mia-class_no-noise_sin-adv_DOBA/agg_records/pkl/round_0070_rflbat.pkl
71,rflbat,success,"[3, 17, 99, 89, 46, 64, 52, 39, 37, 55]","[3, 17, 99, 89, 52, 39, 37, 55]","[46, 64]",10,8,"[""rflbat_first_distance_filter"", ""rflbat_cluster_filter"", ""rflbat_final_distance_filter""]",../main/re_result_6-29_APRA/cifar10_500_Jul.01_09.59.00_rflbat_fix_True_no-mia_no-mia-class_no-noise_sin-adv_DOBA/agg_records/pkl/round_0071_rflbat.pkl
72,rflbat,success,"[2, 45, 95, 46, 75, 17, 66, 43, 68, 99]","[2, 45, 95, 46, 75, 17, 66, 43, 68, 99]",[],10,10,"[""rflbat_first_distance_filter"", ""rflbat_cluster_filter"", ""rflbat_final_distance_filter""]",../main/re_result_6-29_APRA/cifar10_500_Jul.01_09.59.00_rflbat_fix_True_no-mia_no-mia-class_no-noise_sin-adv_DOBA/agg_records/pkl/round_0072_rflbat.pkl
73,rflbat,success,"[1, 41, 10, 4, 9, 80, 44, 72, 88, 13]","[1, 41, 10, 4, 9, 80, 44, 72, 88, 13]",[],10,10,"[""rflbat_first_distance_filter"", ""rflbat_cluster_filter"", ""rflbat_final_distance_filter""]",../main/re_result_6-29_APRA/cifar10_500_Jul.01_09.59.00_rflbat_fix_True_no-mia_no-mia-class_no-noise_sin-adv_DOBA/agg_records/pkl/round_0073_rflbat.pkl
74,rflbat,success,"[2, 36, 33, 30, 9, 23, 78, 91, 5, 58]","[2, 36, 33, 30, 9, 23, 78, 91, 5, 58]",[],10,10,"[""rflbat_first_distance_filter"", ""rflbat_cluster_filter"", ""rflbat_final_distance_filter""]",../main/re_result_6-29_APRA/cifar10_500_Jul.01_09.59.00_rflbat_fix_True_no-mia_no-mia-class_no-noise_sin-adv_DOBA/agg_records/pkl/round_0074_rflbat.pkl
75,rflbat,success,"[2, 59, 38, 97, 20, 91, 86, 14, 54, 16]","[2, 59, 38, 97, 20, 91, 86, 14, 16]",[54],10,9,"[""rflbat_first_distance_filter"", ""rflbat_cluster_filter"", ""rflbat_final_distance_filter""]",../main/re_result_6-29_APRA/cifar10_500_Jul.01_09.59.00_rflbat_fix_True_no-mia_no-mia-class_no-noise_sin-adv_DOBA/agg_records/pkl/round_0075_rflbat.pkl
76,rflbat,success,"[4, 43, 36, 57, 98, 38, 95, 16, 66, 62]","[43, 36, 57, 98, 38, 95, 16, 66, 62]",[4],10,9,"[""rflbat_first_distance_filter"", ""rflbat_cluster_filter"", ""rflbat_final_distance_filter""]",../main/re_result_6-29_APRA/cifar10_500_Jul.01_09.59.00_rflbat_fix_True_no-mia_no-mia-class_no-noise_sin-adv_DOBA/agg_records/pkl/round_0076_rflbat.pkl
77,rflbat,success,"[0, 33, 25, 93, 88, 56, 84, 24, 46, 64]","[33, 25, 93, 88, 56, 84, 24, 46, 64]",[0],10,9,"[""rflbat_first_distance_filter"", ""rflbat_cluster_filter"", ""rflbat_final_distance_filter""]",../main/re_result_6-29_APRA/cifar10_500_Jul.01_09.59.00_rflbat_fix_True_no-mia_no-mia-class_no-noise_sin-adv_DOBA/agg_records/pkl/round_0077_rflbat.pkl
78,rflbat,success,"[3, 72, 90, 33, 46, 95, 71, 5, 62, 55]","[3, 72, 90, 33, 46, 95, 71, 5, 62, 55]",[],10,10,"[""rflbat_first_distance_filter"", ""rflbat_cluster_filter"", ""rflbat_final_distance_filter""]",../main/re_result_6-29_APRA/cifar10_500_Jul.01_09.59.00_rflbat_fix_True_no-mia_no-mia-class_no-noise_sin-adv_DOBA/agg_records/pkl/round_0078_rflbat.pkl
79,rflbat,success,"[3, 15, 38, 45, 61, 9, 73, 51, 90, 79]","[3, 15, 38, 45, 61, 9, 73, 51, 90, 79]",[],10,10,"[""rflbat_first_distance_filter"", ""rflbat_cluster_filter"", ""rflbat_final_distance_filter""]",../main/re_result_6-29_APRA/cifar10_500_Jul.01_09.59.00_rflbat_fix_True_no-mia_no-mia-class_no-noise_sin-adv_DOBA/agg_records/pkl/round_0079_rflbat.pkl
80,rflbat,success,"[2, 14, 79, 71, 26, 27, 97, 13, 78, 17]","[2, 14, 79, 71, 26, 27, 97, 13, 78, 17]",[],10,10,"[""rflbat_first_distance_filter"", ""rflbat_cluster_filter"", ""rflbat_final_distance_filter""]",../main/re_result_6-29_APRA/cifar10_500_Jul.01_09.59.00_rflbat_fix_True_no-mia_no-mia-class_no-noise_sin-adv_DOBA/agg_records/pkl/round_0080_rflbat.pkl
81,rflbat,success,"[3, 30, 62, 93, 34, 46, 23, 2, 97, 63]","[3, 30, 62, 93, 34, 46, 23, 2, 97, 63]",[],10,10,"[""rflbat_first_distance_filter"", ""rflbat_cluster_filter"", ""rflbat_final_distance_filter""]",../main/re_result_6-29_APRA/cifar10_500_Jul.01_09.59.00_rflbat_fix_True_no-mia_no-mia-class_no-noise_sin-adv_DOBA/agg_records/pkl/round_0081_rflbat.pkl
82,rflbat,success,"[1, 62, 69, 63, 39, 93, 98, 99, 46, 43]","[1, 62, 69, 63, 39, 93, 98, 99, 46, 43]",[],10,10,"[""rflbat_first_distance_filter"", ""rflbat_cluster_filter"", ""rflbat_final_distance_filter""]",../main/re_result_6-29_APRA/cifar10_500_Jul.01_09.59.00_rflbat_fix_True_no-mia_no-mia-class_no-noise_sin-adv_DOBA/agg_records/pkl/round_0082_rflbat.pkl
83,rflbat,success,"[2, 65, 13, 68, 82, 66, 44, 29, 49, 91]","[2, 65, 13, 68, 82, 66, 44, 29, 49, 91]",[],10,10,"[""rflbat_first_distance_filter"", ""rflbat_cluster_filter"", ""rflbat_final_distance_filter""]",../main/re_result_6-29_APRA/cifar10_500_Jul.01_09.59.00_rflbat_fix_True_no-mia_no-mia-class_no-noise_sin-adv_DOBA/agg_records/pkl/round_0083_rflbat.pkl
84,rflbat,success,"[1, 63, 6, 15, 20, 61, 88, 22, 53, 39]","[1, 63, 6, 15, 20, 61, 88, 22, 53, 39]",[],10,10,"[""rflbat_first_distance_filter"", ""rflbat_cluster_filter"", ""rflbat_final_distance_filter""]",../main/re_result_6-29_APRA/cifar10_500_Jul.01_09.59.00_rflbat_fix_True_no-mia_no-mia-class_no-noise_sin-adv_DOBA/agg_records/pkl/round_0084_rflbat.pkl
85,rflbat,success,"[0, 31, 23, 81, 51, 90, 83, 21, 3, 5]","[31, 23, 81, 51, 90, 83, 21, 3, 5]",[0],10,9,"[""rflbat_first_distance_filter"", ""rflbat_cluster_filter"", ""rflbat_final_distance_filter""]",../main/re_result_6-29_APRA/cifar10_500_Jul.01_09.59.00_rflbat_fix_True_no-mia_no-mia-class_no-noise_sin-adv_DOBA/agg_records/pkl/round_0085_rflbat.pkl
86,rflbat,success,"[4, 66, 52, 9, 41, 59, 17, 78, 34, 58]","[4, 66, 52, 9, 41, 59, 17, 78, 34, 58]",[],10,10,"[""rflbat_first_distance_filter"", ""rflbat_cluster_filter"", ""rflbat_final_distance_filter""]",../main/re_result_6-29_APRA/cifar10_500_Jul.01_09.59.00_rflbat_fix_True_no-mia_no-mia-class_no-noise_sin-adv_DOBA/agg_records/pkl/round_0086_rflbat.pkl
87,rflbat,success,"[0, 44, 68, 57, 83, 17, 35, 66, 71, 63]","[44, 68, 57, 83, 17, 35, 66, 71, 63]",[0],10,9,"[""rflbat_first_distance_filter"", ""rflbat_cluster_filter"", ""rflbat_final_distance_filter""]",../main/re_result_6-29_APRA/cifar10_500_Jul.01_09.59.00_rflbat_fix_True_no-mia_no-mia-class_no-noise_sin-adv_DOBA/agg_records/pkl/round_0087_rflbat.pkl
88,rflbat,success,"[1, 13, 91, 2, 81, 20, 24, 88, 41, 18]","[1, 13, 91, 2, 81, 20, 24, 88, 41, 18]",[],10,10,"[""rflbat_first_distance_filter"", ""rflbat_cluster_filter"", ""rflbat_final_distance_filter""]",../main/re_result_6-29_APRA/cifar10_500_Jul.01_09.59.00_rflbat_fix_True_no-mia_no-mia-class_no-noise_sin-adv_DOBA/agg_records/pkl/round_0088_rflbat.pkl
89,rflbat,success,"[3, 27, 78, 39, 84, 17, 40, 68, 48, 9]","[3, 27, 78, 39, 84, 17, 40, 68, 48, 9]",[],10,10,"[""rflbat_first_distance_filter"", ""rflbat_cluster_filter"", ""rflbat_final_distance_filter""]",../main/re_result_6-29_APRA/cifar10_500_Jul.01_09.59.00_rflbat_fix_True_no-mia_no-mia-class_no-noise_sin-adv_DOBA/agg_records/pkl/round_0089_rflbat.pkl
90,rflbat,success,"[0, 89, 48, 47, 6, 55, 45, 27, 69, 37]","[89, 48, 47, 6, 55, 45, 27, 69, 37]",[0],10,9,"[""rflbat_first_distance_filter"", ""rflbat_cluster_filter"", ""rflbat_final_distance_filter""]",../main/re_result_6-29_APRA/cifar10_500_Jul.01_09.59.00_rflbat_fix_True_no-mia_no-mia-class_no-noise_sin-adv_DOBA/agg_records/pkl/round_0090_rflbat.pkl
91,rflbat,success,"[1, 2, 13, 88, 6, 74, 8, 52, 89, 99]","[1, 2, 13, 88, 6, 74, 8, 52, 89, 99]",[],10,10,"[""rflbat_first_distance_filter"", ""rflbat_cluster_filter"", ""rflbat_final_distance_filter""]",../main/re_result_6-29_APRA/cifar10_500_Jul.01_09.59.00_rflbat_fix_True_no-mia_no-mia-class_no-noise_sin-adv_DOBA/agg_records/pkl/round_0091_rflbat.pkl
92,rflbat,success,"[3, 9, 73, 39, 38, 87, 14, 27, 49, 24]","[3, 9, 73, 39, 38, 87, 14, 27, 49, 24]",[],10,10,"[""rflbat_first_distance_filter"", ""rflbat_cluster_filter"", ""rflbat_final_distance_filter""]",../main/re_result_6-29_APRA/cifar10_500_Jul.01_09.59.00_rflbat_fix_True_no-mia_no-mia-class_no-noise_sin-adv_DOBA/agg_records/pkl/round_0092_rflbat.pkl
93,rflbat,success,"[0, 85, 6, 20, 49, 9, 71, 43, 2, 29]","[85, 6, 20, 49, 9, 71, 43, 2, 29]",[0],10,9,"[""rflbat_first_distance_filter"", ""rflbat_cluster_filter"", ""rflbat_final_distance_filter""]",../main/re_result_6-29_APRA/cifar10_500_Jul.01_09.59.00_rflbat_fix_True_no-mia_no-mia-class_no-noise_sin-adv_DOBA/agg_records/pkl/round_0093_rflbat.pkl
94,rflbat,success,"[2, 14, 97, 20, 12, 35, 41, 74, 80, 92]","[2, 14, 97, 20, 12, 35, 41, 74, 80, 92]",[],10,10,"[""rflbat_first_distance_filter"", ""rflbat_cluster_filter"", ""rflbat_final_distance_filter""]",../main/re_result_6-29_APRA/cifar10_500_Jul.01_09.59.00_rflbat_fix_True_no-mia_no-mia-class_no-noise_sin-adv_DOBA/agg_records/pkl/round_0094_rflbat.pkl
95,rflbat,success,"[4, 31, 46, 29, 77, 97, 21, 67, 18, 7]","[4, 31, 46, 29, 77, 97, 21, 67, 18, 7]",[],10,10,"[""rflbat_first_distance_filter"", ""rflbat_cluster_filter"", ""rflbat_final_distance_filter""]",../main/re_result_6-29_APRA/cifar10_500_Jul.01_09.59.00_rflbat_fix_True_no-mia_no-mia-class_no-noise_sin-adv_DOBA/agg_records/pkl/round_0095_rflbat.pkl
96,rflbat,success,"[1, 95, 83, 47, 60, 52, 76, 93, 34, 62]","[1, 95, 83, 47, 60, 52, 76, 93, 34, 62]",[],10,10,"[""rflbat_first_distance_filter"", ""rflbat_cluster_filter"", ""rflbat_final_distance_filter""]",../main/re_result_6-29_APRA/cifar10_500_Jul.01_09.59.00_rflbat_fix_True_no-mia_no-mia-class_no-noise_sin-adv_DOBA/agg_records/pkl/round_0096_rflbat.pkl
97,rflbat,success,"[2, 69, 82, 0, 96, 78, 46, 54, 49, 87]","[2, 69, 82, 0, 96, 78, 46, 54, 49, 87]",[],10,10,"[""rflbat_first_distance_filter"", ""rflbat_cluster_filter"", ""rflbat_final_distance_filter""]",../main/re_result_6-29_APRA/cifar10_500_Jul.01_09.59.00_rflbat_fix_True_no-mia_no-mia-class_no-noise_sin-adv_DOBA/agg_records/pkl/round_0097_rflbat.pkl
98,rflbat,success,"[0, 39, 92, 47, 55, 38, 83, 64, 56, 27]","[39, 92, 47, 55, 38, 83, 64, 56, 27]",[0],10,9,"[""rflbat_first_distance_filter"", ""rflbat_cluster_filter"", ""rflbat_final_distance_filter""]",../main/re_result_6-29_APRA/cifar10_500_Jul.01_09.59.00_rflbat_fix_True_no-mia_no-mia-class_no-noise_sin-adv_DOBA/agg_records/pkl/round_0098_rflbat.pkl
99,rflbat,success,"[3, 61, 58, 89, 32, 71, 17, 31, 80, 37]","[3, 61, 58, 89, 32, 71, 17, 31, 80, 37]",[],10,10,"[""rflbat_first_distance_filter"", ""rflbat_cluster_filter"", ""rflbat_final_distance_filter""]",../main/re_result_6-29_APRA/cifar10_500_Jul.01_09.59.00_rflbat_fix_True_no-mia_no-mia-class_no-noise_sin-adv_DOBA/agg_records/pkl/round_0099_rflbat.pkl
100,rflbat,success,"[3, 30, 36, 18, 7, 46, 55, 70, 68, 85]","[3, 30, 36, 18, 7, 46, 55, 70, 68, 85]",[],10,10,"[""rflbat_first_distance_filter"", ""rflbat_cluster_filter"", ""rflbat_final_distance_filter""]",../main/re_result_6-29_APRA/cifar10_500_Jul.01_09.59.00_rflbat_fix_True_no-mia_no-mia-class_no-noise_sin-adv_DOBA/agg_records/pkl/round_0100_rflbat.pkl
101,rflbat,success,"[1, 79, 80, 98, 67, 84, 69, 24, 16, 81]","[1, 79, 80, 98, 67, 84, 69, 24, 16, 81]",[],10,10,"[""rflbat_first_distance_filter"", ""rflbat_cluster_filter"", ""rflbat_final_distance_filter""]",../main/re_result_6-29_APRA/cifar10_500_Jul.01_09.59.00_rflbat_fix_True_no-mia_no-mia-class_no-noise_sin-adv_DOBA/agg_records/pkl/round_0101_rflbat.pkl
102,rflbat,success,"[4, 35, 22, 89, 21, 3, 5, 82, 94, 91]","[4, 35, 22, 89, 21, 3, 82, 94, 91]",[5],10,9,"[""rflbat_first_distance_filter"", ""rflbat_cluster_filter"", ""rflbat_final_distance_filter""]",../main/re_result_6-29_APRA/cifar10_500_Jul.01_09.59.00_rflbat_fix_True_no-mia_no-mia-class_no-noise_sin-adv_DOBA/agg_records/pkl/round_0102_rflbat.pkl
103,rflbat,success,"[3, 30, 72, 93, 5, 54, 64, 58, 81, 34]","[3, 30, 72, 93, 54, 64, 58, 81, 34]",[5],10,9,"[""rflbat_first_distance_filter"", ""rflbat_cluster_filter"", ""rflbat_final_distance_filter""]",../main/re_result_6-29_APRA/cifar10_500_Jul.01_09.59.00_rflbat_fix_True_no-mia_no-mia-class_no-noise_sin-adv_DOBA/agg_records/pkl/round_0103_rflbat.pkl
104,rflbat,success,"[1, 73, 27, 80, 99, 44, 43, 60, 29, 14]","[1, 73, 27, 80, 99, 44, 43, 60, 29, 14]",[],10,10,"[""rflbat_first_distance_filter"", ""rflbat_cluster_filter"", ""rflbat_final_distance_filter""]",../main/re_result_6-29_APRA/cifar10_500_Jul.01_09.59.00_rflbat_fix_True_no-mia_no-mia-class_no-noise_sin-adv_DOBA/agg_records/pkl/round_0104_rflbat.pkl
105,rflbat,success,"[1, 64, 31, 84, 60, 10, 40, 83, 26, 89]","[1, 64, 31, 84, 60, 10, 40, 83, 26, 89]",[],10,10,"[""rflbat_first_distance_filter"", ""rflbat_cluster_filter"", ""rflbat_final_distance_filter""]",../main/re_result_6-29_APRA/cifar10_500_Jul.01_09.59.00_rflbat_fix_True_no-mia_no-mia-class_no-noise_sin-adv_DOBA/agg_records/pkl/round_0105_rflbat.pkl
106,rflbat,success,"[0, 66, 40, 3, 91, 32, 44, 8, 39, 42]","[0, 66, 40, 3, 91, 32, 44, 8, 39, 42]",[],10,10,"[""rflbat_first_distance_filter"", ""rflbat_cluster_filter"", ""rflbat_final_distance_filter""]",../main/re_result_6-29_APRA/cifar10_500_Jul.01_09.59.00_rflbat_fix_True_no-mia_no-mia-class_no-noise_sin-adv_DOBA/agg_records/pkl/round_0106_rflbat.pkl
107,rflbat,success,"[0, 54, 25, 36, 8, 59, 62, 77, 78, 4]","[0, 54, 25, 36, 8, 59, 62, 77, 78, 4]",[],10,10,"[""rflbat_first_distance_filter"", ""rflbat_cluster_filter"", ""rflbat_final_distance_filter""]",../main/re_result_6-29_APRA/cifar10_500_Jul.01_09.59.00_rflbat_fix_True_no-mia_no-mia-class_no-noise_sin-adv_DOBA/agg_records/pkl/round_0107_rflbat.pkl
108,rflbat,success,"[0, 45, 56, 38, 18, 23, 67, 78, 2, 1]","[45, 56, 38, 18, 23, 67, 78, 2, 1]",[0],10,9,"[""rflbat_first_distance_filter"", ""rflbat_cluster_filter"", ""rflbat_final_distance_filter""]",../main/re_result_6-29_APRA/cifar10_500_Jul.01_09.59.00_rflbat_fix_True_no-mia_no-mia-class_no-noise_sin-adv_DOBA/agg_records/pkl/round_0108_rflbat.pkl
109,rflbat,success,"[3, 6, 45, 53, 71, 95, 97, 67, 43, 26]","[3, 6, 45, 53, 71, 95, 97, 67, 43, 26]",[],10,10,"[""rflbat_first_distance_filter"", ""rflbat_cluster_filter"", ""rflbat_final_distance_filter""]",../main/re_result_6-29_APRA/cifar10_500_Jul.01_09.59.00_rflbat_fix_True_no-mia_no-mia-class_no-noise_sin-adv_DOBA/agg_records/pkl/round_0109_rflbat.pkl
110,rflbat,success,"[0, 67, 43, 68, 4, 19, 9, 80, 17, 25]","[0, 67, 43, 68, 4, 19, 9, 80, 17, 25]",[],10,10,"[""rflbat_first_distance_filter"", ""rflbat_cluster_filter"", ""rflbat_final_distance_filter""]",../main/re_result_6-29_APRA/cifar10_500_Jul.01_09.59.00_rflbat_fix_True_no-mia_no-mia-class_no-noise_sin-adv_DOBA/agg_records/pkl/round_0110_rflbat.pkl
111,rflbat,success,"[1, 74, 80, 55, 44, 21, 0, 66, 79, 52]","[1, 74, 80, 44, 21, 66, 79, 52]","[55, 0]",10,8,"[""rflbat_first_distance_filter"", ""rflbat_cluster_filter"", ""rflbat_final_distance_filter""]",../main/re_result_6-29_APRA/cifar10_500_Jul.01_09.59.00_rflbat_fix_True_no-mia_no-mia-class_no-noise_sin-adv_DOBA/agg_records/pkl/round_0111_rflbat.pkl
112,rflbat,success,"[4, 95, 60, 61, 52, 36, 67, 48, 44, 56]","[4, 95, 60, 61, 52, 36, 67, 48, 44, 56]",[],10,10,"[""rflbat_first_distance_filter"", ""rflbat_cluster_filter"", ""rflbat_final_distance_filter""]",../main/re_result_6-29_APRA/cifar10_500_Jul.01_09.59.00_rflbat_fix_True_no-mia_no-mia-class_no-noise_sin-adv_DOBA/agg_records/pkl/round_0112_rflbat.pkl
113,rflbat,success,"[2, 48, 8, 9, 27, 45, 31, 92, 67, 75]","[2, 48, 8, 9, 27, 45, 31, 92, 67, 75]",[],10,10,"[""rflbat_first_distance_filter"", ""rflbat_cluster_filter"", ""rflbat_final_distance_filter""]",../main/re_result_6-29_APRA/cifar10_500_Jul.01_09.59.00_rflbat_fix_True_no-mia_no-mia-class_no-noise_sin-adv_DOBA/agg_records/pkl/round_0113_rflbat.pkl
114,rflbat,success,"[0, 12, 75, 66, 88, 19, 27, 68, 28, 82]","[0, 12, 75, 66, 88, 19, 27, 68, 28, 82]",[],10,10,"[""rflbat_first_distance_filter"", ""rflbat_cluster_filter"", ""rflbat_final_distance_filter""]",../main/re_result_6-29_APRA/cifar10_500_Jul.01_09.59.00_rflbat_fix_True_no-mia_no-mia-class_no-noise_sin-adv_DOBA/agg_records/pkl/round_0114_rflbat.pkl
115,rflbat,success,"[4, 21, 48, 7, 32, 8, 56, 31, 99, 84]","[4, 21, 48, 7, 32, 8, 56, 31, 99, 84]",[],10,10,"[""rflbat_first_distance_filter"", ""rflbat_cluster_filter"", ""rflbat_final_distance_filter""]",../main/re_result_6-29_APRA/cifar10_500_Jul.01_09.59.00_rflbat_fix_True_no-mia_no-mia-class_no-noise_sin-adv_DOBA/agg_records/pkl/round_0115_rflbat.pkl
116,rflbat,success,"[4, 16, 83, 50, 89, 63, 93, 65, 14, 24]","[4, 16, 83, 50, 89, 63, 93, 65, 14, 24]",[],10,10,"[""rflbat_first_distance_filter"", ""rflbat_cluster_filter"", ""rflbat_final_distance_filter""]",../main/re_result_6-29_APRA/cifar10_500_Jul.01_09.59.00_rflbat_fix_True_no-mia_no-mia-class_no-noise_sin-adv_DOBA/agg_records/pkl/round_0116_rflbat.pkl
117,rflbat,success,"[1, 87, 54, 75, 84, 74, 99, 30, 69, 91]","[1, 87, 54, 75, 84, 74, 99, 30, 69, 91]",[],10,10,"[""rflbat_first_distance_filter"", ""rflbat_cluster_filter"", ""rflbat_final_distance_filter""]",../main/re_result_6-29_APRA/cifar10_500_Jul.01_09.59.00_rflbat_fix_True_no-mia_no-mia-class_no-noise_sin-adv_DOBA/agg_records/pkl/round_0117_rflbat.pkl
118,rflbat,success,"[3, 0, 45, 80, 99, 96, 26, 33, 67, 11]","[3, 0, 45, 80, 99, 96, 26, 33, 67, 11]",[],10,10,"[""rflbat_first_distance_filter"", ""rflbat_cluster_filter"", ""rflbat_final_distance_filter""]",../main/re_result_6-29_APRA/cifar10_500_Jul.01_09.59.00_rflbat_fix_True_no-mia_no-mia-class_no-noise_sin-adv_DOBA/agg_records/pkl/round_0118_rflbat.pkl
119,rflbat,success,"[2, 62, 11, 58, 0, 70, 61, 74, 76, 32]","[2, 62, 11, 58, 0, 70, 61, 74, 76, 32]",[],10,10,"[""rflbat_first_distance_filter"", ""rflbat_cluster_filter"", ""rflbat_final_distance_filter""]",../main/re_result_6-29_APRA/cifar10_500_Jul.01_09.59.00_rflbat_fix_True_no-mia_no-mia-class_no-noise_sin-adv_DOBA/agg_records/pkl/round_0119_rflbat.pkl
120,rflbat,success,"[2, 69, 5, 74, 38, 76, 61, 33, 19, 77]","[2, 69, 5, 74, 38, 76, 61, 33, 19, 77]",[],10,10,"[""rflbat_first_distance_filter"", ""rflbat_cluster_filter"", ""rflbat_final_distance_filter""]",../main/re_result_6-29_APRA/cifar10_500_Jul.01_09.59.00_rflbat_fix_True_no-mia_no-mia-class_no-noise_sin-adv_DOBA/agg_records/pkl/round_0120_rflbat.pkl
121,rflbat,success,"[2, 93, 89, 83, 87, 77, 74, 84, 60, 6]","[2, 93, 89, 83, 87, 77, 74, 84, 60, 6]",[],10,10,"[""rflbat_first_distance_filter"", ""rflbat_cluster_filter"", ""rflbat_final_distance_filter""]",../main/re_result_6-29_APRA/cifar10_500_Jul.01_09.59.00_rflbat_fix_True_no-mia_no-mia-class_no-noise_sin-adv_DOBA/agg_records/pkl/round_0121_rflbat.pkl
122,rflbat,success,"[0, 87, 15, 83, 40, 92, 71, 30, 44, 4]","[0, 87, 15, 83, 40, 92, 71, 30, 44, 4]",[],10,10,"[""rflbat_first_distance_filter"", ""rflbat_cluster_filter"", ""rflbat_final_distance_filter""]",../main/re_result_6-29_APRA/cifar10_500_Jul.01_09.59.00_rflbat_fix_True_no-mia_no-mia-class_no-noise_sin-adv_DOBA/agg_records/pkl/round_0122_rflbat.pkl
123,rflbat,success,"[0, 49, 64, 61, 93, 9, 66, 35, 6, 67]","[0, 49, 64, 61, 93, 9, 66, 35, 6, 67]",[],10,10,"[""rflbat_first_distance_filter"", ""rflbat_cluster_filter"", ""rflbat_final_distance_filter""]",../main/re_result_6-29_APRA/cifar10_500_Jul.01_09.59.00_rflbat_fix_True_no-mia_no-mia-class_no-noise_sin-adv_DOBA/agg_records/pkl/round_0123_rflbat.pkl
124,rflbat,success,"[0, 37, 25, 89, 77, 52, 29, 93, 98, 26]","[0, 37, 25, 89, 77, 52, 29, 93, 98]",[26],10,9,"[""rflbat_first_distance_filter"", ""rflbat_cluster_filter"", ""rflbat_final_distance_filter""]",../main/re_result_6-29_APRA/cifar10_500_Jul.01_09.59.00_rflbat_fix_True_no-mia_no-mia-class_no-noise_sin-adv_DOBA/agg_records/pkl/round_0124_rflbat.pkl
125,rflbat,success,"[3, 31, 59, 81, 36, 29, 10, 44, 7, 83]","[3, 59, 36, 29, 44, 7, 83]","[31, 81, 10]",10,7,"[""rflbat_first_distance_filter"", ""rflbat_cluster_filter"", ""rflbat_final_distance_filter""]",../main/re_result_6-29_APRA/cifar10_500_Jul.01_09.59.00_rflbat_fix_True_no-mia_no-mia-class_no-noise_sin-adv_DOBA/agg_records/pkl/round_0125_rflbat.pkl
126,rflbat,success,"[2, 64, 33, 19, 18, 76, 90, 0, 50, 11]","[2, 64, 33, 19, 18, 76, 90, 0, 50, 11]",[],10,10,"[""rflbat_first_distance_filter"", ""rflbat_cluster_filter"", ""rflbat_final_distance_filter""]",../main/re_result_6-29_APRA/cifar10_500_Jul.01_09.59.00_rflbat_fix_True_no-mia_no-mia-class_no-noise_sin-adv_DOBA/agg_records/pkl/round_0126_rflbat.pkl
127,rflbat,success,"[1, 38, 75, 66, 11, 17, 83, 56, 29, 79]","[1, 38, 83, 56, 29, 79]","[75, 66, 11, 17]",10,6,"[""rflbat_first_distance_filter"", ""rflbat_cluster_filter"", ""rflbat_final_distance_filter""]",../main/re_result_6-29_APRA/cifar10_500_Jul.01_09.59.00_rflbat_fix_True_no-mia_no-mia-class_no-noise_sin-adv_DOBA/agg_records/pkl/round_0127_rflbat.pkl
128,rflbat,success,"[1, 20, 35, 59, 21, 12, 95, 61, 71, 7]","[1, 20, 35, 59, 21, 12, 95, 61, 71, 7]",[],10,10,"[""rflbat_first_distance_filter"", ""rflbat_cluster_filter"", ""rflbat_final_distance_filter""]",../main/re_result_6-29_APRA/cifar10_500_Jul.01_09.59.00_rflbat_fix_True_no-mia_no-mia-class_no-noise_sin-adv_DOBA/agg_records/pkl/round_0128_rflbat.pkl
129,rflbat,success,"[1, 88, 18, 39, 55, 65, 96, 84, 52, 42]","[1, 88, 18, 39, 55, 65, 96, 84, 52, 42]",[],10,10,"[""rflbat_first_distance_filter"", ""rflbat_cluster_filter"", ""rflbat_final_distance_filter""]",../main/re_result_6-29_APRA/cifar10_500_Jul.01_09.59.00_rflbat_fix_True_no-mia_no-mia-class_no-noise_sin-adv_DOBA/agg_records/pkl/round_0129_rflbat.pkl
130,rflbat,success,"[3, 8, 46, 92, 22, 14, 86, 62, 21, 39]","[3, 8, 46, 92, 22, 14, 86, 62, 21, 39]",[],10,10,"[""rflbat_first_distance_filter"", ""rflbat_cluster_filter"", ""rflbat_final_distance_filter""]",../main/re_result_6-29_APRA/cifar10_500_Jul.01_09.59.00_rflbat_fix_True_no-mia_no-mia-class_no-noise_sin-adv_DOBA/agg_records/pkl/round_0130_rflbat.pkl
131,rflbat,success,"[2, 69, 24, 75, 17, 77, 47, 1, 21, 94]","[2, 24, 75, 17, 77, 1, 21, 94]","[69, 47]",10,8,"[""rflbat_first_distance_filter"", ""rflbat_cluster_filter"", ""rflbat_final_distance_filter""]",../main/re_result_6-29_APRA/cifar10_500_Jul.01_09.59.00_rflbat_fix_True_no-mia_no-mia-class_no-noise_sin-adv_DOBA/agg_records/pkl/round_0131_rflbat.pkl
132,rflbat,success,"[0, 33, 30, 54, 57, 64, 53, 26, 24, 35]","[0, 33, 30, 57, 64, 53, 26, 24, 35]",[54],10,9,"[""rflbat_first_distance_filter"", ""rflbat_cluster_filter"", ""rflbat_final_distance_filter""]",../main/re_result_6-29_APRA/cifar10_500_Jul.01_09.59.00_rflbat_fix_True_no-mia_no-mia-class_no-noise_sin-adv_DOBA/agg_records/pkl/round_0132_rflbat.pkl
133,rflbat,success,"[1, 66, 14, 46, 8, 37, 40, 63, 31, 30]","[1, 66, 14, 46, 8, 37, 40, 63, 31, 30]",[],10,10,"[""rflbat_first_distance_filter"", ""rflbat_cluster_filter"", ""rflbat_final_distance_filter""]",../main/re_result_6-29_APRA/cifar10_500_Jul.01_09.59.00_rflbat_fix_True_no-mia_no-mia-class_no-noise_sin-adv_DOBA/agg_records/pkl/round_0133_rflbat.pkl
134,rflbat,success,"[0, 78, 39, 74, 40, 21, 14, 83, 2, 16]","[78, 39, 74, 40, 21, 14, 83, 2, 16]",[0],10,9,"[""rflbat_first_distance_filter"", ""rflbat_cluster_filter"", ""rflbat_final_distance_filter""]",../main/re_result_6-29_APRA/cifar10_500_Jul.01_09.59.00_rflbat_fix_True_no-mia_no-mia-class_no-noise_sin-adv_DOBA/agg_records/pkl/round_0134_rflbat.pkl
135,rflbat,success,"[4, 44, 96, 33, 18, 19, 95, 49, 55, 37]","[4, 44, 33, 18, 19, 49, 55, 37]","[96, 95]",10,8,"[""rflbat_first_distance_filter"", ""rflbat_cluster_filter"", ""rflbat_final_distance_filter""]",../main/re_result_6-29_APRA/cifar10_500_Jul.01_09.59.00_rflbat_fix_True_no-mia_no-mia-class_no-noise_sin-adv_DOBA/agg_records/pkl/round_0135_rflbat.pkl
136,rflbat,success,"[3, 88, 43, 72, 45, 37, 50, 44, 27, 62]","[3, 88, 43, 72, 45, 37, 50, 44, 27, 62]",[],10,10,"[""rflbat_first_distance_filter"", ""rflbat_cluster_filter"", ""rflbat_final_distance_filter""]",../main/re_result_6-29_APRA/cifar10_500_Jul.01_09.59.00_rflbat_fix_True_no-mia_no-mia-class_no-noise_sin-adv_DOBA/agg_records/pkl/round_0136_rflbat.pkl
137,rflbat,success,"[0, 50, 48, 55, 89, 68, 45, 73, 17, 75]","[0, 50, 48, 55, 89, 68, 45, 73, 17, 75]",[],10,10,"[""rflbat_first_distance_filter"", ""rflbat_cluster_filter"", ""rflbat_final_distance_filter""]",../main/re_result_6-29_APRA/cifar10_500_Jul.01_09.59.00_rflbat_fix_True_no-mia_no-mia-class_no-noise_sin-adv_DOBA/agg_records/pkl/round_0137_rflbat.pkl
138,rflbat,success,"[4, 78, 56, 12, 61, 10, 19, 14, 15, 82]","[4, 78, 56, 12, 61, 10, 19, 14, 15, 82]",[],10,10,"[""rflbat_first_distance_filter"", ""rflbat_cluster_filter"", ""rflbat_final_distance_filter""]",../main/re_result_6-29_APRA/cifar10_500_Jul.01_09.59.00_rflbat_fix_True_no-mia_no-mia-class_no-noise_sin-adv_DOBA/agg_records/pkl/round_0138_rflbat.pkl
139,rflbat,success,"[4, 30, 6, 14, 89, 45, 76, 52, 25, 88]","[4, 30, 6, 14, 89, 45, 76, 52, 25, 88]",[],10,10,"[""rflbat_first_distance_filter"", ""rflbat_cluster_filter"", ""rflbat_final_distance_filter""]",../main/re_result_6-29_APRA/cifar10_500_Jul.01_09.59.00_rflbat_fix_True_no-mia_no-mia-class_no-noise_sin-adv_DOBA/agg_records/pkl/round_0139_rflbat.pkl
140,rflbat,success,"[0, 10, 27, 82, 43, 50, 97, 18, 17, 55]","[0, 27, 82, 43, 50, 97, 18, 17, 55]",[10],10,9,"[""rflbat_first_distance_filter"", ""rflbat_cluster_filter"", ""rflbat_final_distance_filter""]",../main/re_result_6-29_APRA/cifar10_500_Jul.01_09.59.00_rflbat_fix_True_no-mia_no-mia-class_no-noise_sin-adv_DOBA/agg_records/pkl/round_0140_rflbat.pkl
141,rflbat,success,"[3, 30, 8, 51, 47, 4, 73, 54, 59, 55]","[3, 30, 8, 51, 47, 4, 73, 54, 59, 55]",[],10,10,"[""rflbat_first_distance_filter"", ""rflbat_cluster_filter"", ""rflbat_final_distance_filter""]",../main/re_result_6-29_APRA/cifar10_500_Jul.01_09.59.00_rflbat_fix_True_no-mia_no-mia-class_no-noise_sin-adv_DOBA/agg_records/pkl/round_0141_rflbat.pkl
142,rflbat,success,"[0, 96, 16, 1, 26, 33, 64, 48, 90, 46]","[0, 96, 16, 1, 26, 33, 64, 48, 90, 46]",[],10,10,"[""rflbat_first_distance_filter"", ""rflbat_cluster_filter"", ""rflbat_final_distance_filter""]",../main/re_result_6-29_APRA/cifar10_500_Jul.01_09.59.00_rflbat_fix_True_no-mia_no-mia-class_no-noise_sin-adv_DOBA/agg_records/pkl/round_0142_rflbat.pkl
143,rflbat,success,"[2, 70, 47, 32, 69, 58, 63, 79, 80, 49]","[2, 70, 47, 32, 69, 58, 63, 79, 80, 49]",[],10,10,"[""rflbat_first_distance_filter"", ""rflbat_cluster_filter"", ""rflbat_final_distance_filter""]",../main/re_result_6-29_APRA/cifar10_500_Jul.01_09.59.00_rflbat_fix_True_no-mia_no-mia-class_no-noise_sin-adv_DOBA/agg_records/pkl/round_0143_rflbat.pkl
144,rflbat,success,"[0, 2, 45, 31, 92, 63, 75, 83, 7, 40]","[0, 2, 45, 31, 92, 63, 75, 83, 7, 40]",[],10,10,"[""rflbat_first_distance_filter"", ""rflbat_cluster_filter"", ""rflbat_final_distance_filter""]",../main/re_result_6-29_APRA/cifar10_500_Jul.01_09.59.00_rflbat_fix_True_no-mia_no-mia-class_no-noise_sin-adv_DOBA/agg_records/pkl/round_0144_rflbat.pkl
145,rflbat,success,"[3, 31, 13, 6, 32, 52, 70, 0, 94, 38]","[3, 31, 13, 6, 32, 52, 70, 0, 94, 38]",[],10,10,"[""rflbat_first_distance_filter"", ""rflbat_cluster_filter"", ""rflbat_final_distance_filter""]",../main/re_result_6-29_APRA/cifar10_500_Jul.01_09.59.00_rflbat_fix_True_no-mia_no-mia-class_no-noise_sin-adv_DOBA/agg_records/pkl/round_0145_rflbat.pkl
146,rflbat,success,"[2, 84, 81, 3, 78, 97, 88, 7, 6, 52]","[2, 84, 81, 3, 78, 97, 88, 7, 6, 52]",[],10,10,"[""rflbat_first_distance_filter"", ""rflbat_cluster_filter"", ""rflbat_final_distance_filter""]",../main/re_result_6-29_APRA/cifar10_500_Jul.01_09.59.00_rflbat_fix_True_no-mia_no-mia-class_no-noise_sin-adv_DOBA/agg_records/pkl/round_0146_rflbat.pkl
147,rflbat,success,"[1, 21, 13, 8, 39, 40, 74, 10, 96, 26]","[1, 21, 13, 8, 39, 40, 74, 10, 96, 26]",[],10,10,"[""rflbat_first_distance_filter"", ""rflbat_cluster_filter"", ""rflbat_final_distance_filter""]",../main/re_result_6-29_APRA/cifar10_500_Jul.01_09.59.00_rflbat_fix_True_no-mia_no-mia-class_no-noise_sin-adv_DOBA/agg_records/pkl/round_0147_rflbat.pkl
148,rflbat,success,"[1, 68, 34, 78, 19, 52, 15, 96, 83, 35]","[1, 68, 34, 78, 19, 52, 15, 96, 83, 35]",[],10,10,"[""rflbat_first_distance_filter"", ""rflbat_cluster_filter"", ""rflbat_final_distance_filter""]",../main/re_result_6-29_APRA/cifar10_500_Jul.01_09.59.00_rflbat_fix_True_no-mia_no-mia-class_no-noise_sin-adv_DOBA/agg_records/pkl/round_0148_rflbat.pkl
149,rflbat,success,"[4, 74, 72, 97, 80, 27, 7, 56, 19, 79]","[4, 74, 72, 7, 19, 79]","[97, 80, 27, 56]",10,6,"[""rflbat_first_distance_filter"", ""rflbat_cluster_filter"", ""rflbat_final_distance_filter""]",../main/re_result_6-29_APRA/cifar10_500_Jul.01_09.59.00_rflbat_fix_True_no-mia_no-mia-class_no-noise_sin-adv_DOBA/agg_records/pkl/round_0149_rflbat.pkl
150,rflbat,success,"[3, 4, 84, 82, 64, 39, 31, 2, 44, 25]","[3, 4, 84, 82, 64, 39, 2, 44, 25]",[31],10,9,"[""rflbat_first_distance_filter"", ""rflbat_cluster_filter"", ""rflbat_final_distance_filter""]",../main/re_result_6-29_APRA/cifar10_500_Jul.01_09.59.00_rflbat_fix_True_no-mia_no-mia-class_no-noise_sin-adv_DOBA/agg_records/pkl/round_0150_rflbat.pkl
151,rflbat,success,"[1, 19, 64, 40, 15, 26, 49, 30, 10, 36]","[1, 19, 64, 40, 15, 26, 49, 30, 10, 36]",[],10,10,"[""rflbat_first_distance_filter"", ""rflbat_cluster_filter"", ""rflbat_final_distance_filter""]",../main/re_result_6-29_APRA/cifar10_500_Jul.01_09.59.00_rflbat_fix_True_no-mia_no-mia-class_no-noise_sin-adv_DOBA/agg_records/pkl/round_0151_rflbat.pkl
152,rflbat,success,"[2, 11, 52, 5, 60, 56, 37, 47, 48, 86]","[2, 11, 52, 5, 60, 56, 37, 47, 48, 86]",[],10,10,"[""rflbat_first_distance_filter"", ""rflbat_cluster_filter"", ""rflbat_final_distance_filter""]",../main/re_result_6-29_APRA/cifar10_500_Jul.01_09.59.00_rflbat_fix_True_no-mia_no-mia-class_no-noise_sin-adv_DOBA/agg_records/pkl/round_0152_rflbat.pkl
153,rflbat,success,"[3, 73, 59, 96, 24, 41, 52, 83, 86, 64]","[3, 73, 59, 96, 24, 41, 52, 83, 86, 64]",[],10,10,"[""rflbat_first_distance_filter"", ""rflbat_cluster_filter"", ""rflbat_final_distance_filter""]",../main/re_result_6-29_APRA/cifar10_500_Jul.01_09.59.00_rflbat_fix_True_no-mia_no-mia-class_no-noise_sin-adv_DOBA/agg_records/pkl/round_0153_rflbat.pkl
154,rflbat,success,"[1, 24, 51, 23, 61, 21, 49, 11, 7, 90]","[1, 24, 51, 23, 61, 21, 49, 11, 7, 90]",[],10,10,"[""rflbat_first_distance_filter"", ""rflbat_cluster_filter"", ""rflbat_final_distance_filter""]",../main/re_result_6-29_APRA/cifar10_500_Jul.01_09.59.00_rflbat_fix_True_no-mia_no-mia-class_no-noise_sin-adv_DOBA/agg_records/pkl/round_0154_rflbat.pkl
155,rflbat,success,"[3, 95, 98, 6, 52, 96, 27, 90, 34, 9]","[3, 95, 98, 6, 52, 96, 27, 90, 34, 9]",[],10,10,"[""rflbat_first_distance_filter"", ""rflbat_cluster_filter"", ""rflbat_final_distance_filter""]",../main/re_result_6-29_APRA/cifar10_500_Jul.01_09.59.00_rflbat_fix_True_no-mia_no-mia-class_no-noise_sin-adv_DOBA/agg_records/pkl/round_0155_rflbat.pkl
156,rflbat,success,"[4, 60, 16, 81, 6, 58, 85, 95, 90, 27]","[4, 60, 16, 81, 6, 58, 85, 95, 90, 27]",[],10,10,"[""rflbat_first_distance_filter"", ""rflbat_cluster_filter"", ""rflbat_final_distance_filter""]",../main/re_result_6-29_APRA/cifar10_500_Jul.01_09.59.00_rflbat_fix_True_no-mia_no-mia-class_no-noise_sin-adv_DOBA/agg_records/pkl/round_0156_rflbat.pkl
157,rflbat,success,"[0, 33, 57, 81, 1, 24, 30, 72, 14, 79]","[0, 33, 57, 81, 1, 24, 72, 14, 79]",[30],10,9,"[""rflbat_first_distance_filter"", ""rflbat_cluster_filter"", ""rflbat_final_distance_filter""]",../main/re_result_6-29_APRA/cifar10_500_Jul.01_09.59.00_rflbat_fix_True_no-mia_no-mia-class_no-noise_sin-adv_DOBA/agg_records/pkl/round_0157_rflbat.pkl
158,rflbat,success,"[4, 98, 51, 17, 81, 85, 31, 13, 50, 49]","[4, 98, 51, 17, 81, 85, 31, 13, 50, 49]",[],10,10,"[""rflbat_first_distance_filter"", ""rflbat_cluster_filter"", ""rflbat_final_distance_filter""]",../main/re_result_6-29_APRA/cifar10_500_Jul.01_09.59.00_rflbat_fix_True_no-mia_no-mia-class_no-noise_sin-adv_DOBA/agg_records/pkl/round_0158_rflbat.pkl
159,rflbat,success,"[4, 36, 59, 46, 83, 53, 67, 47, 39, 52]","[4, 36, 59, 46, 83, 53, 67, 47, 39, 52]",[],10,10,"[""rflbat_first_distance_filter"", ""rflbat_cluster_filter"", ""rflbat_final_distance_filter""]",../main/re_result_6-29_APRA/cifar10_500_Jul.01_09.59.00_rflbat_fix_True_no-mia_no-mia-class_no-noise_sin-adv_DOBA/agg_records/pkl/round_0159_rflbat.pkl
160,rflbat,success,"[2, 86, 51, 25, 74, 63, 23, 13, 87, 91]","[2, 86, 51, 25, 74, 63, 23, 13, 87, 91]",[],10,10,"[""rflbat_first_distance_filter"", ""rflbat_cluster_filter"", ""rflbat_final_distance_filter""]",../main/re_result_6-29_APRA/cifar10_500_Jul.01_09.59.00_rflbat_fix_True_no-mia_no-mia-class_no-noise_sin-adv_DOBA/agg_records/pkl/round_0160_rflbat.pkl
161,rflbat,success,"[2, 19, 17, 25, 65, 26, 7, 61, 24, 15]","[2, 19, 17, 25, 65, 26, 7, 61, 24, 15]",[],10,10,"[""rflbat_first_distance_filter"", ""rflbat_cluster_filter"", ""rflbat_final_distance_filter""]",../main/re_result_6-29_APRA/cifar10_500_Jul.01_09.59.00_rflbat_fix_True_no-mia_no-mia-class_no-noise_sin-adv_DOBA/agg_records/pkl/round_0161_rflbat.pkl
162,rflbat,success,"[4, 5, 36, 29, 81, 68, 2, 43, 32, 0]","[4, 5, 36, 29, 81, 68, 2, 43, 32, 0]",[],10,10,"[""rflbat_first_distance_filter"", ""rflbat_cluster_filter"", ""rflbat_final_distance_filter""]",../main/re_result_6-29_APRA/cifar10_500_Jul.01_09.59.00_rflbat_fix_True_no-mia_no-mia-class_no-noise_sin-adv_DOBA/agg_records/pkl/round_0162_rflbat.pkl
163,rflbat,success,"[4, 27, 7, 10, 63, 90, 8, 46, 71, 78]","[4, 27, 7, 10, 63, 90, 8, 46, 71, 78]",[],10,10,"[""rflbat_first_distance_filter"", ""rflbat_cluster_filter"", ""rflbat_final_distance_filter""]",../main/re_result_6-29_APRA/cifar10_500_Jul.01_09.59.00_rflbat_fix_True_no-mia_no-mia-class_no-noise_sin-adv_DOBA/agg_records/pkl/round_0163_rflbat.pkl
164,rflbat,success,"[1, 61, 75, 28, 45, 59, 83, 78, 72, 66]","[1, 61, 75, 28, 45, 59, 83, 78, 72, 66]",[],10,10,"[""rflbat_first_distance_filter"", ""rflbat_cluster_filter"", ""rflbat_final_distance_filter""]",../main/re_result_6-29_APRA/cifar10_500_Jul.01_09.59.00_rflbat_fix_True_no-mia_no-mia-class_no-noise_sin-adv_DOBA/agg_records/pkl/round_0164_rflbat.pkl
165,rflbat,success,"[1, 58, 73, 25, 46, 40, 50, 7, 75, 72]","[1, 58, 73, 25, 46, 40, 50, 7, 75, 72]",[],10,10,"[""rflbat_first_distance_filter"", ""rflbat_cluster_filter"", ""rflbat_final_distance_filter""]",../main/re_result_6-29_APRA/cifar10_500_Jul.01_09.59.00_rflbat_fix_True_no-mia_no-mia-class_no-noise_sin-adv_DOBA/agg_records/pkl/round_0165_rflbat.pkl
166,rflbat,success,"[0, 67, 49, 18, 28, 37, 69, 46, 40, 29]","[67, 49, 18, 28, 37, 46, 40, 29]","[0, 69]",10,8,"[""rflbat_first_distance_filter"", ""rflbat_cluster_filter"", ""rflbat_final_distance_filter""]",../main/re_result_6-29_APRA/cifar10_500_Jul.01_09.59.00_rflbat_fix_True_no-mia_no-mia-class_no-noise_sin-adv_DOBA/agg_records/pkl/round_0166_rflbat.pkl
167,rflbat,success,"[1, 72, 87, 96, 48, 16, 21, 63, 25, 23]","[1, 72, 87, 96, 16, 21, 63, 25, 23]",[48],10,9,"[""rflbat_first_distance_filter"", ""rflbat_cluster_filter"", ""rflbat_final_distance_filter""]",../main/re_result_6-29_APRA/cifar10_500_Jul.01_09.59.00_rflbat_fix_True_no-mia_no-mia-class_no-noise_sin-adv_DOBA/agg_records/pkl/round_0167_rflbat.pkl
168,rflbat,success,"[3, 89, 84, 17, 32, 16, 9, 35, 72, 12]","[3, 89, 84, 17, 32, 16, 9, 35, 72, 12]",[],10,10,"[""rflbat_first_distance_filter"", ""rflbat_cluster_filter"", ""rflbat_final_distance_filter""]",../main/re_result_6-29_APRA/cifar10_500_Jul.01_09.59.00_rflbat_fix_True_no-mia_no-mia-class_no-noise_sin-adv_DOBA/agg_records/pkl/round_0168_rflbat.pkl
169,rflbat,success,"[1, 86, 89, 95, 60, 85, 17, 6, 32, 75]","[1, 86, 89, 95, 60, 85, 17, 6, 32, 75]",[],10,10,"[""rflbat_first_distance_filter"", ""rflbat_cluster_filter"", ""rflbat_final_distance_filter""]",../main/re_result_6-29_APRA/cifar10_500_Jul.01_09.59.00_rflbat_fix_True_no-mia_no-mia-class_no-noise_sin-adv_DOBA/agg_records/pkl/round_0169_rflbat.pkl
170,rflbat,success,"[3, 63, 15, 62, 51, 47, 31, 20, 33, 25]","[3, 63, 15, 62, 51, 47, 20, 33, 25]",[31],10,9,"[""rflbat_first_distance_filter"", ""rflbat_cluster_filter"", ""rflbat_final_distance_filter""]",../main/re_result_6-29_APRA/cifar10_500_Jul.01_09.59.00_rflbat_fix_True_no-mia_no-mia-class_no-noise_sin-adv_DOBA/agg_records/pkl/round_0170_rflbat.pkl
171,rflbat,success,"[0, 59, 22, 14, 93, 11, 38, 31, 71, 85]","[0, 59, 22, 14, 93, 11, 38, 31, 71, 85]",[],10,10,"[""rflbat_first_distance_filter"", ""rflbat_cluster_filter"", ""rflbat_final_distance_filter""]",../main/re_result_6-29_APRA/cifar10_500_Jul.01_09.59.00_rflbat_fix_True_no-mia_no-mia-class_no-noise_sin-adv_DOBA/agg_records/pkl/round_0171_rflbat.pkl
172,rflbat,success,"[0, 93, 23, 12, 78, 41, 29, 79, 97, 82]","[0, 93, 23, 12, 78, 41, 29, 79, 97, 82]",[],10,10,"[""rflbat_first_distance_filter"", ""rflbat_cluster_filter"", ""rflbat_final_distance_filter""]",../main/re_result_6-29_APRA/cifar10_500_Jul.01_09.59.00_rflbat_fix_True_no-mia_no-mia-class_no-noise_sin-adv_DOBA/agg_records/pkl/round_0172_rflbat.pkl
173,rflbat,success,"[2, 31, 9, 69, 65, 32, 33, 70, 8, 49]","[2, 31, 9, 69, 65, 32, 33, 70, 8, 49]",[],10,10,"[""rflbat_first_distance_filter"", ""rflbat_cluster_filter"", ""rflbat_final_distance_filter""]",../main/re_result_6-29_APRA/cifar10_500_Jul.01_09.59.00_rflbat_fix_True_no-mia_no-mia-class_no-noise_sin-adv_DOBA/agg_records/pkl/round_0173_rflbat.pkl
174,rflbat,success,"[0, 89, 97, 70, 37, 10, 91, 82, 98, 77]","[0, 89, 97, 70, 37, 10, 91, 82, 98, 77]",[],10,10,"[""rflbat_first_distance_filter"", ""rflbat_cluster_filter"", ""rflbat_final_distance_filter""]",../main/re_result_6-29_APRA/cifar10_500_Jul.01_09.59.00_rflbat_fix_True_no-mia_no-mia-class_no-noise_sin-adv_DOBA/agg_records/pkl/round_0174_rflbat.pkl
175,rflbat,success,"[3, 4, 38, 9, 20, 81, 94, 55, 52, 47]","[3, 4, 38, 9, 20, 81, 94, 55, 52, 47]",[],10,10,"[""rflbat_first_distance_filter"", ""rflbat_cluster_filter"", ""rflbat_final_distance_filter""]",../main/re_result_6-29_APRA/cifar10_500_Jul.01_09.59.00_rflbat_fix_True_no-mia_no-mia-class_no-noise_sin-adv_DOBA/agg_records/pkl/round_0175_rflbat.pkl
176,rflbat,success,"[2, 52, 37, 23, 12, 68, 28, 90, 83, 64]","[2, 52, 37, 23, 12, 68, 28, 90, 83, 64]",[],10,10,"[""rflbat_first_distance_filter"", ""rflbat_cluster_filter"", ""rflbat_final_distance_filter""]",../main/re_result_6-29_APRA/cifar10_500_Jul.01_09.59.00_rflbat_fix_True_no-mia_no-mia-class_no-noise_sin-adv_DOBA/agg_records/pkl/round_0176_rflbat.pkl
177,rflbat,success,"[1, 8, 9, 91, 62, 45, 16, 15, 40, 28]","[1, 8, 9, 91, 62, 45, 16, 15, 40, 28]",[],10,10,"[""rflbat_first_distance_filter"", ""rflbat_cluster_filter"", ""rflbat_final_distance_filter""]",../main/re_result_6-29_APRA/cifar10_500_Jul.01_09.59.00_rflbat_fix_True_no-mia_no-mia-class_no-noise_sin-adv_DOBA/agg_records/pkl/round_0177_rflbat.pkl
178,rflbat,success,"[2, 18, 34, 94, 55, 37, 8, 97, 92, 72]","[2, 18, 34, 94, 55, 37, 8, 92, 72]",[97],10,9,"[""rflbat_first_distance_filter"", ""rflbat_cluster_filter"", ""rflbat_final_distance_filter""]",../main/re_result_6-29_APRA/cifar10_500_Jul.01_09.59.00_rflbat_fix_True_no-mia_no-mia-class_no-noise_sin-adv_DOBA/agg_records/pkl/round_0178_rflbat.pkl
179,rflbat,success,"[3, 71, 10, 32, 33, 96, 0, 9, 29, 35]","[3, 71, 10, 32, 33, 96, 0, 9, 29, 35]",[],10,10,"[""rflbat_first_distance_filter"", ""rflbat_cluster_filter"", ""rflbat_final_distance_filter""]",../main/re_result_6-29_APRA/cifar10_500_Jul.01_09.59.00_rflbat_fix_True_no-mia_no-mia-class_no-noise_sin-adv_DOBA/agg_records/pkl/round_0179_rflbat.pkl
180,rflbat,success,"[1, 88, 87, 58, 13, 64, 11, 81, 40, 61]","[1, 88, 87, 58, 13, 64, 11, 81, 40, 61]",[],10,10,"[""rflbat_first_distance_filter"", ""rflbat_cluster_filter"", ""rflbat_final_distance_filter""]",../main/re_result_6-29_APRA/cifar10_500_Jul.01_09.59.00_rflbat_fix_True_no-mia_no-mia-class_no-noise_sin-adv_DOBA/agg_records/pkl/round_0180_rflbat.pkl
181,rflbat,success,"[4, 68, 83, 64, 15, 34, 92, 18, 26, 90]","[4, 68, 83, 64, 15, 34, 92, 18, 26, 90]",[],10,10,"[""rflbat_first_distance_filter"", ""rflbat_cluster_filter"", ""rflbat_final_distance_filter""]",../main/re_result_6-29_APRA/cifar10_500_Jul.01_09.59.00_rflbat_fix_True_no-mia_no-mia-class_no-noise_sin-adv_DOBA/agg_records/pkl/round_0181_rflbat.pkl
182,rflbat,success,"[4, 94, 85, 76, 24, 73, 39, 8, 32, 35]","[4, 94, 85, 76, 24, 39, 8, 32, 35]",[73],10,9,"[""rflbat_first_distance_filter"", ""rflbat_cluster_filter"", ""rflbat_final_distance_filter""]",../main/re_result_6-29_APRA/cifar10_500_Jul.01_09.59.00_rflbat_fix_True_no-mia_no-mia-class_no-noise_sin-adv_DOBA/agg_records/pkl/round_0182_rflbat.pkl
183,rflbat,success,"[4, 18, 61, 12, 10, 74, 1, 78, 39, 50]","[4, 18, 61, 12, 10, 74, 1, 78, 39, 50]",[],10,10,"[""rflbat_first_distance_filter"", ""rflbat_cluster_filter"", ""rflbat_final_distance_filter""]",../main/re_result_6-29_APRA/cifar10_500_Jul.01_09.59.00_rflbat_fix_True_no-mia_no-mia-class_no-noise_sin-adv_DOBA/agg_records/pkl/round_0183_rflbat.pkl
184,rflbat,success,"[2, 77, 3, 44, 67, 70, 26, 30, 79, 16]","[2, 77, 3, 44, 67, 70, 26, 30, 79, 16]",[],10,10,"[""rflbat_first_distance_filter"", ""rflbat_cluster_filter"", ""rflbat_final_distance_filter""]",../main/re_result_6-29_APRA/cifar10_500_Jul.01_09.59.00_rflbat_fix_True_no-mia_no-mia-class_no-noise_sin-adv_DOBA/agg_records/pkl/round_0184_rflbat.pkl
185,rflbat,success,"[3, 72, 36, 34, 16, 70, 19, 46, 67, 57]","[3, 72, 36, 34, 16, 70, 19, 46, 67, 57]",[],10,10,"[""rflbat_first_distance_filter"", ""rflbat_cluster_filter"", ""rflbat_final_distance_filter""]",../main/re_result_6-29_APRA/cifar10_500_Jul.01_09.59.00_rflbat_fix_True_no-mia_no-mia-class_no-noise_sin-adv_DOBA/agg_records/pkl/round_0185_rflbat.pkl
186,rflbat,success,"[2, 24, 59, 35, 20, 50, 79, 93, 4, 26]","[2, 24, 59, 35, 20, 50, 79, 93, 4]",[26],10,9,"[""rflbat_first_distance_filter"", ""rflbat_cluster_filter"", ""rflbat_final_distance_filter""]",../main/re_result_6-29_APRA/cifar10_500_Jul.01_09.59.00_rflbat_fix_True_no-mia_no-mia-class_no-noise_sin-adv_DOBA/agg_records/pkl/round_0186_rflbat.pkl
187,rflbat,success,"[1, 34, 63, 70, 37, 33, 98, 90, 11, 45]","[1, 34, 63, 70, 37, 33, 98, 90, 11, 45]",[],10,10,"[""rflbat_first_distance_filter"", ""rflbat_cluster_filter"", ""rflbat_final_distance_filter""]",../main/re_result_6-29_APRA/cifar10_500_Jul.01_09.59.00_rflbat_fix_True_no-mia_no-mia-class_no-noise_sin-adv_DOBA/agg_records/pkl/round_0187_rflbat.pkl
188,rflbat,success,"[2, 96, 20, 82, 54, 18, 50, 99, 84, 51]","[2, 96, 20, 82, 54, 18, 50, 99, 84, 51]",[],10,10,"[""rflbat_first_distance_filter"", ""rflbat_cluster_filter"", ""rflbat_final_distance_filter""]",../main/re_result_6-29_APRA/cifar10_500_Jul.01_09.59.00_rflbat_fix_True_no-mia_no-mia-class_no-noise_sin-adv_DOBA/agg_records/pkl/round_0188_rflbat.pkl
189,rflbat,success,"[2, 26, 24, 94, 0, 65, 90, 89, 67, 58]","[2, 26, 24, 94, 0, 65, 90, 89, 67, 58]",[],10,10,"[""rflbat_first_distance_filter"", ""rflbat_cluster_filter"", ""rflbat_final_distance_filter""]",../main/re_result_6-29_APRA/cifar10_500_Jul.01_09.59.00_rflbat_fix_True_no-mia_no-mia-class_no-noise_sin-adv_DOBA/agg_records/pkl/round_0189_rflbat.pkl
190,rflbat,success,"[4, 9, 35, 10, 76, 63, 41, 97, 5, 96]","[4, 9, 35, 10, 76, 63, 41, 97, 5, 96]",[],10,10,"[""rflbat_first_distance_filter"", ""rflbat_cluster_filter"", ""rflbat_final_distance_filter""]",../main/re_result_6-29_APRA/cifar10_500_Jul.01_09.59.00_rflbat_fix_True_no-mia_no-mia-class_no-noise_sin-adv_DOBA/agg_records/pkl/round_0190_rflbat.pkl
191,rflbat,success,"[1, 97, 94, 6, 11, 47, 84, 51, 76, 71]","[1, 97, 94, 6, 11, 84, 76, 71]","[47, 51]",10,8,"[""rflbat_first_distance_filter"", ""rflbat_cluster_filter"", ""rflbat_final_distance_filter""]",../main/re_result_6-29_APRA/cifar10_500_Jul.01_09.59.00_rflbat_fix_True_no-mia_no-mia-class_no-noise_sin-adv_DOBA/agg_records/pkl/round_0191_rflbat.pkl
192,rflbat,success,"[4, 42, 20, 76, 81, 70, 69, 21, 18, 16]","[4, 42, 20, 76, 81, 21, 18, 16]","[70, 69]",10,8,"[""rflbat_first_distance_filter"", ""rflbat_cluster_filter"", ""rflbat_final_distance_filter""]",../main/re_result_6-29_APRA/cifar10_500_Jul.01_09.59.00_rflbat_fix_True_no-mia_no-mia-class_no-noise_sin-adv_DOBA/agg_records/pkl/round_0192_rflbat.pkl
193,rflbat,success,"[0, 60, 37, 52, 3, 92, 62, 56, 41, 96]","[0, 60, 37, 52, 3, 92, 62, 56, 41]",[96],10,9,"[""rflbat_first_distance_filter"", ""rflbat_cluster_filter"", ""rflbat_final_distance_filter""]",../main/re_result_6-29_APRA/cifar10_500_Jul.01_09.59.00_rflbat_fix_True_no-mia_no-mia-class_no-noise_sin-adv_DOBA/agg_records/pkl/round_0193_rflbat.pkl
194,rflbat,success,"[3, 80, 85, 29, 94, 75, 18, 77, 66, 21]","[3, 80, 85, 29, 94, 75, 18, 77, 66, 21]",[],10,10,"[""rflbat_first_distance_filter"", ""rflbat_cluster_filter"", ""rflbat_final_distance_filter""]",../main/re_result_6-29_APRA/cifar10_500_Jul.01_09.59.00_rflbat_fix_True_no-mia_no-mia-class_no-noise_sin-adv_DOBA/agg_records/pkl/round_0194_rflbat.pkl
195,rflbat,success,"[3, 43, 32, 86, 55, 97, 33, 21, 81, 20]","[3, 43, 32, 86, 55, 97, 33, 21, 81, 20]",[],10,10,"[""rflbat_first_distance_filter"", ""rflbat_cluster_filter"", ""rflbat_final_distance_filter""]",../main/re_result_6-29_APRA/cifar10_500_Jul.01_09.59.00_rflbat_fix_True_no-mia_no-mia-class_no-noise_sin-adv_DOBA/agg_records/pkl/round_0195_rflbat.pkl
196,rflbat,success,"[4, 43, 29, 48, 0, 70, 99, 92, 10, 73]","[4, 43, 29, 48, 0, 70, 99, 92, 10, 73]",[],10,10,"[""rflbat_first_distance_filter"", ""rflbat_cluster_filter"", ""rflbat_final_distance_filter""]",../main/re_result_6-29_APRA/cifar10_500_Jul.01_09.59.00_rflbat_fix_True_no-mia_no-mia-class_no-noise_sin-adv_DOBA/agg_records/pkl/round_0196_rflbat.pkl
197,rflbat,success,"[4, 3, 41, 98, 14, 2, 48, 95, 89, 61]","[4, 3, 41, 98, 14, 2, 48, 95, 89, 61]",[],10,10,"[""rflbat_first_distance_filter"", ""rflbat_cluster_filter"", ""rflbat_final_distance_filter""]",../main/re_result_6-29_APRA/cifar10_500_Jul.01_09.59.00_rflbat_fix_True_no-mia_no-mia-class_no-noise_sin-adv_DOBA/agg_records/pkl/round_0197_rflbat.pkl
198,rflbat,success,"[1, 16, 3, 4, 57, 46, 68, 18, 34, 81]","[1, 16, 3, 4, 57, 46, 68, 18, 34, 81]",[],10,10,"[""rflbat_first_distance_filter"", ""rflbat_cluster_filter"", ""rflbat_final_distance_filter""]",../main/re_result_6-29_APRA/cifar10_500_Jul.01_09.59.00_rflbat_fix_True_no-mia_no-mia-class_no-noise_sin-adv_DOBA/agg_records/pkl/round_0198_rflbat.pkl
199,rflbat,success,"[3, 29, 7, 70, 46, 12, 74, 48, 27, 81]","[3, 29, 7, 70, 46, 12, 74, 48, 27, 81]",[],10,10,"[""rflbat_first_distance_filter"", ""rflbat_cluster_filter"", ""rflbat_final_distance_filter""]",../main/re_result_6-29_APRA/cifar10_500_Jul.01_09.59.00_rflbat_fix_True_no-mia_no-mia-class_no-noise_sin-adv_DOBA/agg_records/pkl/round_0199_rflbat.pkl
200,rflbat,success,"[0, 25, 51, 65, 83, 95, 53, 78, 11, 8]","[0, 25, 51, 65, 83, 95, 53, 78, 11, 8]",[],10,10,"[""rflbat_first_distance_filter"", ""rflbat_cluster_filter"", ""rflbat_final_distance_filter""]",../main/re_result_6-29_APRA/cifar10_500_Jul.01_09.59.00_rflbat_fix_True_no-mia_no-mia-class_no-noise_sin-adv_DOBA/agg_records/pkl/round_0200_rflbat.pkl
201,rflbat,success,"[0, 38, 8, 73, 40, 99, 81, 47, 84, 97]","[0, 38, 8, 73, 40, 99, 81, 47, 84, 97]",[],10,10,"[""rflbat_first_distance_filter"", ""rflbat_cluster_filter"", ""rflbat_final_distance_filter""]",../main/re_result_6-29_APRA/cifar10_500_Jul.01_09.59.00_rflbat_fix_True_no-mia_no-mia-class_no-noise_sin-adv_DOBA/agg_records/pkl/round_0201_rflbat.pkl
202,rflbat,success,"[2, 62, 37, 43, 64, 4, 54, 66, 17, 35]","[2, 62, 37, 43, 64, 4, 54, 66, 17, 35]",[],10,10,"[""rflbat_first_distance_filter"", ""rflbat_cluster_filter"", ""rflbat_final_distance_filter""]",../main/re_result_6-29_APRA/cifar10_500_Jul.01_09.59.00_rflbat_fix_True_no-mia_no-mia-class_no-noise_sin-adv_DOBA/agg_records/pkl/round_0202_rflbat.pkl
203,rflbat,success,"[0, 78, 33, 96, 55, 42, 91, 58, 15, 11]","[0, 78, 33, 96, 55, 91, 58, 15, 11]",[42],10,9,"[""rflbat_first_distance_filter"", ""rflbat_cluster_filter"", ""rflbat_final_distance_filter""]",../main/re_result_6-29_APRA/cifar10_500_Jul.01_09.59.00_rflbat_fix_True_no-mia_no-mia-class_no-noise_sin-adv_DOBA/agg_records/pkl/round_0203_rflbat.pkl
204,rflbat,success,"[4, 63, 0, 78, 40, 87, 76, 8, 38, 16]","[4, 63, 0, 78, 40, 87, 76, 8, 38, 16]",[],10,10,"[""rflbat_first_distance_filter"", ""rflbat_cluster_filter"", ""rflbat_final_distance_filter""]",../main/re_result_6-29_APRA/cifar10_500_Jul.01_09.59.00_rflbat_fix_True_no-mia_no-mia-class_no-noise_sin-adv_DOBA/agg_records/pkl/round_0204_rflbat.pkl
205,rflbat,success,"[0, 80, 60, 96, 66, 78, 1, 5, 30, 56]","[0, 80, 60, 96, 66, 78, 1, 5, 30, 56]",[],10,10,"[""rflbat_first_distance_filter"", ""rflbat_cluster_filter"", ""rflbat_final_distance_filter""]",../main/re_result_6-29_APRA/cifar10_500_Jul.01_09.59.00_rflbat_fix_True_no-mia_no-mia-class_no-noise_sin-adv_DOBA/agg_records/pkl/round_0205_rflbat.pkl
206,rflbat,success,"[0, 36, 74, 99, 70, 52, 26, 43, 61, 16]","[0, 36, 74, 99, 70, 52, 26, 43, 61, 16]",[],10,10,"[""rflbat_first_distance_filter"", ""rflbat_cluster_filter"", ""rflbat_final_distance_filter""]",../main/re_result_6-29_APRA/cifar10_500_Jul.01_09.59.00_rflbat_fix_True_no-mia_no-mia-class_no-noise_sin-adv_DOBA/agg_records/pkl/round_0206_rflbat.pkl
207,rflbat,success,"[1, 60, 18, 33, 15, 88, 98, 68, 20, 66]","[1, 60, 18, 33, 15, 88, 98, 68, 20, 66]",[],10,10,"[""rflbat_first_distance_filter"", ""rflbat_cluster_filter"", ""rflbat_final_distance_filter""]",../main/re_result_6-29_APRA/cifar10_500_Jul.01_09.59.00_rflbat_fix_True_no-mia_no-mia-class_no-noise_sin-adv_DOBA/agg_records/pkl/round_0207_rflbat.pkl
208,rflbat,success,"[1, 96, 24, 26, 0, 10, 84, 66, 97, 89]","[1, 96, 24, 26, 0, 10, 84, 66, 97, 89]",[],10,10,"[""rflbat_first_distance_filter"", ""rflbat_cluster_filter"", ""rflbat_final_distance_filter""]",../main/re_result_6-29_APRA/cifar10_500_Jul.01_09.59.00_rflbat_fix_True_no-mia_no-mia-class_no-noise_sin-adv_DOBA/agg_records/pkl/round_0208_rflbat.pkl
209,rflbat,success,"[4, 97, 65, 46, 11, 57, 77, 40, 70, 73]","[4, 97, 65, 46, 11, 57, 77, 40, 70, 73]",[],10,10,"[""rflbat_first_distance_filter"", ""rflbat_cluster_filter"", ""rflbat_final_distance_filter""]",../main/re_result_6-29_APRA/cifar10_500_Jul.01_09.59.00_rflbat_fix_True_no-mia_no-mia-class_no-noise_sin-adv_DOBA/agg_records/pkl/round_0209_rflbat.pkl
210,rflbat,success,"[2, 46, 7, 95, 15, 10, 85, 82, 96, 88]","[2, 46, 7, 95, 15, 10, 85, 82, 96, 88]",[],10,10,"[""rflbat_first_distance_filter"", ""rflbat_cluster_filter"", ""rflbat_final_distance_filter""]",../main/re_result_6-29_APRA/cifar10_500_Jul.01_09.59.00_rflbat_fix_True_no-mia_no-mia-class_no-noise_sin-adv_DOBA/agg_records/pkl/round_0210_rflbat.pkl
211,rflbat,success,"[2, 65, 20, 60, 31, 50, 97, 26, 99, 52]","[2, 65, 20, 60, 31, 50, 97, 26, 99, 52]",[],10,10,"[""rflbat_first_distance_filter"", ""rflbat_cluster_filter"", ""rflbat_final_distance_filter""]",../main/re_result_6-29_APRA/cifar10_500_Jul.01_09.59.00_rflbat_fix_True_no-mia_no-mia-class_no-noise_sin-adv_DOBA/agg_records/pkl/round_0211_rflbat.pkl
212,rflbat,success,"[3, 82, 63, 72, 46, 81, 6, 56, 31, 45]","[3, 82, 63, 72, 46, 81, 6, 56, 31, 45]",[],10,10,"[""rflbat_first_distance_filter"", ""rflbat_cluster_filter"", ""rflbat_final_distance_filter""]",../main/re_result_6-29_APRA/cifar10_500_Jul.01_09.59.00_rflbat_fix_True_no-mia_no-mia-class_no-noise_sin-adv_DOBA/agg_records/pkl/round_0212_rflbat.pkl
213,rflbat,success,"[0, 91, 15, 39, 3, 7, 79, 61, 17, 4]","[91, 3, 79, 61, 4]","[0, 15, 39, 7, 17]",10,5,"[""rflbat_first_distance_filter"", ""rflbat_cluster_filter"", ""rflbat_final_distance_filter""]",../main/re_result_6-29_APRA/cifar10_500_Jul.01_09.59.00_rflbat_fix_True_no-mia_no-mia-class_no-noise_sin-adv_DOBA/agg_records/pkl/round_0213_rflbat.pkl
214,rflbat,success,"[3, 64, 55, 59, 20, 53, 48, 24, 90, 49]","[3, 64, 55, 59, 20, 53, 48, 24, 90, 49]",[],10,10,"[""rflbat_first_distance_filter"", ""rflbat_cluster_filter"", ""rflbat_final_distance_filter""]",../main/re_result_6-29_APRA/cifar10_500_Jul.01_09.59.00_rflbat_fix_True_no-mia_no-mia-class_no-noise_sin-adv_DOBA/agg_records/pkl/round_0214_rflbat.pkl
215,rflbat,success,"[1, 72, 2, 46, 13, 23, 68, 73, 38, 4]","[1, 72, 2, 46, 13, 23, 68, 73, 38, 4]",[],10,10,"[""rflbat_first_distance_filter"", ""rflbat_cluster_filter"", ""rflbat_final_distance_filter""]",../main/re_result_6-29_APRA/cifar10_500_Jul.01_09.59.00_rflbat_fix_True_no-mia_no-mia-class_no-noise_sin-adv_DOBA/agg_records/pkl/round_0215_rflbat.pkl
216,rflbat,success,"[4, 94, 18, 57, 48, 47, 11, 74, 37, 38]","[4, 94, 18, 57, 48, 47, 11, 74, 37, 38]",[],10,10,"[""rflbat_first_distance_filter"", ""rflbat_cluster_filter"", ""rflbat_final_distance_filter""]",../main/re_result_6-29_APRA/cifar10_500_Jul.01_09.59.00_rflbat_fix_True_no-mia_no-mia-class_no-noise_sin-adv_DOBA/agg_records/pkl/round_0216_rflbat.pkl
217,rflbat,success,"[4, 12, 57, 54, 19, 84, 81, 5, 40, 21]","[4, 12, 57, 54, 19, 84, 81, 5, 40, 21]",[],10,10,"[""rflbat_first_distance_filter"", ""rflbat_cluster_filter"", ""rflbat_final_distance_filter""]",../main/re_result_6-29_APRA/cifar10_500_Jul.01_09.59.00_rflbat_fix_True_no-mia_no-mia-class_no-noise_sin-adv_DOBA/agg_records/pkl/round_0217_rflbat.pkl
218,rflbat,success,"[4, 74, 91, 54, 69, 37, 94, 41, 59, 1]","[4, 74, 91, 54, 69, 37, 94, 41, 59, 1]",[],10,10,"[""rflbat_first_distance_filter"", ""rflbat_cluster_filter"", ""rflbat_final_distance_filter""]",../main/re_result_6-29_APRA/cifar10_500_Jul.01_09.59.00_rflbat_fix_True_no-mia_no-mia-class_no-noise_sin-adv_DOBA/agg_records/pkl/round_0218_rflbat.pkl
219,rflbat,success,"[1, 73, 51, 16, 26, 93, 91, 44, 77, 95]","[1, 73, 51, 16, 26, 93, 91, 44, 77, 95]",[],10,10,"[""rflbat_first_distance_filter"", ""rflbat_cluster_filter"", ""rflbat_final_distance_filter""]",../main/re_result_6-29_APRA/cifar10_500_Jul.01_09.59.00_rflbat_fix_True_no-mia_no-mia-class_no-noise_sin-adv_DOBA/agg_records/pkl/round_0219_rflbat.pkl
220,rflbat,success,"[0, 47, 96, 84, 18, 29, 76, 72, 57, 8]","[0, 47, 96, 84, 18, 29, 76, 72, 57, 8]",[],10,10,"[""rflbat_first_distance_filter"", ""rflbat_cluster_filter"", ""rflbat_final_distance_filter""]",../main/re_result_6-29_APRA/cifar10_500_Jul.01_09.59.00_rflbat_fix_True_no-mia_no-mia-class_no-noise_sin-adv_DOBA/agg_records/pkl/round_0220_rflbat.pkl
221,rflbat,success,"[3, 83, 44, 49, 23, 58, 9, 33, 11, 61]","[3, 83, 44, 49, 23, 58, 9, 33, 11, 61]",[],10,10,"[""rflbat_first_distance_filter"", ""rflbat_cluster_filter"", ""rflbat_final_distance_filter""]",../main/re_result_6-29_APRA/cifar10_500_Jul.01_09.59.00_rflbat_fix_True_no-mia_no-mia-class_no-noise_sin-adv_DOBA/agg_records/pkl/round_0221_rflbat.pkl
222,rflbat,success,"[0, 2, 91, 50, 23, 31, 58, 80, 68, 37]","[0, 2, 91, 50, 23, 31, 58, 80, 68, 37]",[],10,10,"[""rflbat_first_distance_filter"", ""rflbat_cluster_filter"", ""rflbat_final_distance_filter""]",../main/re_result_6-29_APRA/cifar10_500_Jul.01_09.59.00_rflbat_fix_True_no-mia_no-mia-class_no-noise_sin-adv_DOBA/agg_records/pkl/round_0222_rflbat.pkl
223,rflbat,success,"[1, 11, 26, 14, 13, 0, 32, 94, 99, 35]","[1, 11, 26, 14, 13, 0, 32, 94, 99, 35]",[],10,10,"[""rflbat_first_distance_filter"", ""rflbat_cluster_filter"", ""rflbat_final_distance_filter""]",../main/re_result_6-29_APRA/cifar10_500_Jul.01_09.59.00_rflbat_fix_True_no-mia_no-mia-class_no-noise_sin-adv_DOBA/agg_records/pkl/round_0223_rflbat.pkl
224,rflbat,success,"[1, 4, 25, 34, 45, 96, 21, 48, 36, 3]","[1, 4, 25, 34, 45, 96, 21, 48, 36, 3]",[],10,10,"[""rflbat_first_distance_filter"", ""rflbat_cluster_filter"", ""rflbat_final_distance_filter""]",../main/re_result_6-29_APRA/cifar10_500_Jul.01_09.59.00_rflbat_fix_True_no-mia_no-mia-class_no-noise_sin-adv_DOBA/agg_records/pkl/round_0224_rflbat.pkl
225,rflbat,success,"[2, 81, 72, 68, 36, 32, 11, 54, 75, 83]","[2, 81, 68, 36, 32, 11, 54, 75, 83]",[72],10,9,"[""rflbat_first_distance_filter"", ""rflbat_cluster_filter"", ""rflbat_final_distance_filter""]",../main/re_result_6-29_APRA/cifar10_500_Jul.01_09.59.00_rflbat_fix_True_no-mia_no-mia-class_no-noise_sin-adv_DOBA/agg_records/pkl/round_0225_rflbat.pkl
226,rflbat,success,"[0, 72, 25, 57, 32, 85, 30, 35, 15, 8]","[0, 72, 25, 57, 32, 85, 30, 35, 15, 8]",[],10,10,"[""rflbat_first_distance_filter"", ""rflbat_cluster_filter"", ""rflbat_final_distance_filter""]",../main/re_result_6-29_APRA/cifar10_500_Jul.01_09.59.00_rflbat_fix_True_no-mia_no-mia-class_no-noise_sin-adv_DOBA/agg_records/pkl/round_0226_rflbat.pkl
227,rflbat,success,"[2, 39, 7, 6, 52, 25, 64, 99, 18, 57]","[2, 39, 7, 6, 52, 25, 64, 99, 18, 57]",[],10,10,"[""rflbat_first_distance_filter"", ""rflbat_cluster_filter"", ""rflbat_final_distance_filter""]",../main/re_result_6-29_APRA/cifar10_500_Jul.01_09.59.00_rflbat_fix_True_no-mia_no-mia-class_no-noise_sin-adv_DOBA/agg_records/pkl/round_0227_rflbat.pkl
228,rflbat,success,"[4, 59, 32, 43, 49, 60, 45, 63, 80, 35]","[4, 59, 32, 43, 49, 60, 45, 63, 80, 35]",[],10,10,"[""rflbat_first_distance_filter"", ""rflbat_cluster_filter"", ""rflbat_final_distance_filter""]",../main/re_result_6-29_APRA/cifar10_500_Jul.01_09.59.00_rflbat_fix_True_no-mia_no-mia-class_no-noise_sin-adv_DOBA/agg_records/pkl/round_0228_rflbat.pkl
229,rflbat,success,"[4, 66, 85, 57, 39, 25, 47, 77, 92, 31]","[4, 66, 85, 57, 39, 25, 47, 77, 92, 31]",[],10,10,"[""rflbat_first_distance_filter"", ""rflbat_cluster_filter"", ""rflbat_final_distance_filter""]",../main/re_result_6-29_APRA/cifar10_500_Jul.01_09.59.00_rflbat_fix_True_no-mia_no-mia-class_no-noise_sin-adv_DOBA/agg_records/pkl/round_0229_rflbat.pkl
230,rflbat,success,"[2, 61, 12, 42, 24, 8, 67, 19, 75, 1]","[2, 61, 12, 42, 24, 8, 67, 19, 75, 1]",[],10,10,"[""rflbat_first_distance_filter"", ""rflbat_cluster_filter"", ""rflbat_final_distance_filter""]",../main/re_result_6-29_APRA/cifar10_500_Jul.01_09.59.00_rflbat_fix_True_no-mia_no-mia-class_no-noise_sin-adv_DOBA/agg_records/pkl/round_0230_rflbat.pkl
231,rflbat,success,"[0, 31, 68, 60, 85, 43, 44, 79, 32, 17]","[0, 31, 68, 60, 85, 43, 44, 79, 32, 17]",[],10,10,"[""rflbat_first_distance_filter"", ""rflbat_cluster_filter"", ""rflbat_final_distance_filter""]",../main/re_result_6-29_APRA/cifar10_500_Jul.01_09.59.00_rflbat_fix_True_no-mia_no-mia-class_no-noise_sin-adv_DOBA/agg_records/pkl/round_0231_rflbat.pkl
232,rflbat,success,"[2, 25, 69, 39, 84, 92, 20, 15, 57, 62]","[2, 25, 69, 39, 84, 92, 20, 15, 57, 62]",[],10,10,"[""rflbat_first_distance_filter"", ""rflbat_cluster_filter"", ""rflbat_final_distance_filter""]",../main/re_result_6-29_APRA/cifar10_500_Jul.01_09.59.00_rflbat_fix_True_no-mia_no-mia-class_no-noise_sin-adv_DOBA/agg_records/pkl/round_0232_rflbat.pkl
233,rflbat,success,"[3, 8, 84, 14, 13, 69, 88, 41, 66, 89]","[3, 8, 84, 14, 13, 69, 88, 41, 66, 89]",[],10,10,"[""rflbat_first_distance_filter"", ""rflbat_cluster_filter"", ""rflbat_final_distance_filter""]",../main/re_result_6-29_APRA/cifar10_500_Jul.01_09.59.00_rflbat_fix_True_no-mia_no-mia-class_no-noise_sin-adv_DOBA/agg_records/pkl/round_0233_rflbat.pkl
234,rflbat,success,"[1, 8, 19, 39, 33, 23, 67, 98, 64, 29]","[1, 8, 19, 39, 33, 23, 67, 98, 64, 29]",[],10,10,"[""rflbat_first_distance_filter"", ""rflbat_cluster_filter"", ""rflbat_final_distance_filter""]",../main/re_result_6-29_APRA/cifar10_500_Jul.01_09.59.00_rflbat_fix_True_no-mia_no-mia-class_no-noise_sin-adv_DOBA/agg_records/pkl/round_0234_rflbat.pkl
235,rflbat,success,"[2, 33, 45, 79, 74, 76, 21, 70, 96, 62]","[2, 33, 45, 79, 74, 76, 21, 70, 96, 62]",[],10,10,"[""rflbat_first_distance_filter"", ""rflbat_cluster_filter"", ""rflbat_final_distance_filter""]",../main/re_result_6-29_APRA/cifar10_500_Jul.01_09.59.00_rflbat_fix_True_no-mia_no-mia-class_no-noise_sin-adv_DOBA/agg_records/pkl/round_0235_rflbat.pkl
236,rflbat,success,"[3, 31, 95, 65, 78, 46, 71, 81, 94, 91]","[3, 31, 95, 65, 78, 46, 71, 81, 94, 91]",[],10,10,"[""rflbat_first_distance_filter"", ""rflbat_cluster_filter"", ""rflbat_final_distance_filter""]",../main/re_result_6-29_APRA/cifar10_500_Jul.01_09.59.00_rflbat_fix_True_no-mia_no-mia-class_no-noise_sin-adv_DOBA/agg_records/pkl/round_0236_rflbat.pkl
237,rflbat,success,"[1, 51, 74, 11, 96, 13, 9, 43, 58, 66]","[1, 74, 11, 96, 13, 43, 58, 66]","[51, 9]",10,8,"[""rflbat_first_distance_filter"", ""rflbat_cluster_filter"", ""rflbat_final_distance_filter""]",../main/re_result_6-29_APRA/cifar10_500_Jul.01_09.59.00_rflbat_fix_True_no-mia_no-mia-class_no-noise_sin-adv_DOBA/agg_records/pkl/round_0237_rflbat.pkl
238,rflbat,success,"[0, 49, 35, 1, 61, 19, 59, 69, 86, 58]","[0, 49, 35, 1, 61, 19, 59, 69, 86, 58]",[],10,10,"[""rflbat_first_distance_filter"", ""rflbat_cluster_filter"", ""rflbat_final_distance_filter""]",../main/re_result_6-29_APRA/cifar10_500_Jul.01_09.59.00_rflbat_fix_True_no-mia_no-mia-class_no-noise_sin-adv_DOBA/agg_records/pkl/round_0238_rflbat.pkl
239,rflbat,success,"[4, 83, 21, 90, 96, 5, 33, 46, 48, 64]","[4, 83, 21, 90, 96, 5, 33, 46, 48, 64]",[],10,10,"[""rflbat_first_distance_filter"", ""rflbat_cluster_filter"", ""rflbat_final_distance_filter""]",../main/re_result_6-29_APRA/cifar10_500_Jul.01_09.59.00_rflbat_fix_True_no-mia_no-mia-class_no-noise_sin-adv_DOBA/agg_records/pkl/round_0239_rflbat.pkl
240,rflbat,success,"[1, 18, 98, 38, 42, 96, 43, 91, 23, 97]","[1, 18, 98, 38, 96, 43, 91, 23, 97]",[42],10,9,"[""rflbat_first_distance_filter"", ""rflbat_cluster_filter"", ""rflbat_final_distance_filter""]",../main/re_result_6-29_APRA/cifar10_500_Jul.01_09.59.00_rflbat_fix_True_no-mia_no-mia-class_no-noise_sin-adv_DOBA/agg_records/pkl/round_0240_rflbat.pkl
241,rflbat,success,"[2, 66, 1, 69, 80, 21, 16, 40, 52, 81]","[2, 66, 1, 69, 80, 21, 16, 40, 52, 81]",[],10,10,"[""rflbat_first_distance_filter"", ""rflbat_cluster_filter"", ""rflbat_final_distance_filter""]",../main/re_result_6-29_APRA/cifar10_500_Jul.01_09.59.00_rflbat_fix_True_no-mia_no-mia-class_no-noise_sin-adv_DOBA/agg_records/pkl/round_0241_rflbat.pkl
242,rflbat,success,"[3, 80, 38, 23, 68, 99, 52, 69, 35, 45]","[3, 80, 38, 23, 68, 99, 52, 69, 35, 45]",[],10,10,"[""rflbat_first_distance_filter"", ""rflbat_cluster_filter"", ""rflbat_final_distance_filter""]",../main/re_result_6-29_APRA/cifar10_500_Jul.01_09.59.00_rflbat_fix_True_no-mia_no-mia-class_no-noise_sin-adv_DOBA/agg_records/pkl/round_0242_rflbat.pkl
243,rflbat,success,"[4, 1, 13, 11, 84, 15, 42, 12, 27, 89]","[4, 1, 13, 11, 84, 15, 42, 12, 27, 89]",[],10,10,"[""rflbat_first_distance_filter"", ""rflbat_cluster_filter"", ""rflbat_final_distance_filter""]",../main/re_result_6-29_APRA/cifar10_500_Jul.01_09.59.00_rflbat_fix_True_no-mia_no-mia-class_no-noise_sin-adv_DOBA/agg_records/pkl/round_0243_rflbat.pkl
244,rflbat,success,"[0, 64, 82, 46, 70, 77, 16, 43, 2, 28]","[0, 64, 82, 46, 70, 77, 16, 43, 2, 28]",[],10,10,"[""rflbat_first_distance_filter"", ""rflbat_cluster_filter"", ""rflbat_final_distance_filter""]",../main/re_result_6-29_APRA/cifar10_500_Jul.01_09.59.00_rflbat_fix_True_no-mia_no-mia-class_no-noise_sin-adv_DOBA/agg_records/pkl/round_0244_rflbat.pkl
245,rflbat,success,"[4, 1, 67, 90, 3, 83, 40, 52, 0, 72]","[4, 1, 67, 90, 3, 83, 40, 52, 72]",[0],10,9,"[""rflbat_first_distance_filter"", ""rflbat_cluster_filter"", ""rflbat_final_distance_filter""]",../main/re_result_6-29_APRA/cifar10_500_Jul.01_09.59.00_rflbat_fix_True_no-mia_no-mia-class_no-noise_sin-adv_DOBA/agg_records/pkl/round_0245_rflbat.pkl
246,rflbat,success,"[1, 29, 22, 84, 58, 57, 94, 4, 99, 20]","[1, 29, 22, 84, 58, 57, 94, 4, 99, 20]",[],10,10,"[""rflbat_first_distance_filter"", ""rflbat_cluster_filter"", ""rflbat_final_distance_filter""]",../main/re_result_6-29_APRA/cifar10_500_Jul.01_09.59.00_rflbat_fix_True_no-mia_no-mia-class_no-noise_sin-adv_DOBA/agg_records/pkl/round_0246_rflbat.pkl
247,rflbat,success,"[2, 49, 54, 39, 91, 52, 79, 43, 35, 67]","[2, 49, 54, 39, 91, 52, 79, 43, 35, 67]",[],10,10,"[""rflbat_first_distance_filter"", ""rflbat_cluster_filter"", ""rflbat_final_distance_filter""]",../main/re_result_6-29_APRA/cifar10_500_Jul.01_09.59.00_rflbat_fix_True_no-mia_no-mia-class_no-noise_sin-adv_DOBA/agg_records/pkl/round_0247_rflbat.pkl
248,rflbat,success,"[1, 13, 45, 63, 22, 69, 70, 92, 52, 77]","[1, 13, 45, 63, 22, 69, 70, 92, 52, 77]",[],10,10,"[""rflbat_first_distance_filter"", ""rflbat_cluster_filter"", ""rflbat_final_distance_filter""]",../main/re_result_6-29_APRA/cifar10_500_Jul.01_09.59.00_rflbat_fix_True_no-mia_no-mia-class_no-noise_sin-adv_DOBA/agg_records/pkl/round_0248_rflbat.pkl
249,rflbat,success,"[4, 81, 74, 25, 78, 70, 95, 77, 62, 27]","[4, 81, 74, 25, 78, 70, 95, 77, 62, 27]",[],10,10,"[""rflbat_first_distance_filter"", ""rflbat_cluster_filter"", ""rflbat_final_distance_filter""]",../main/re_result_6-29_APRA/cifar10_500_Jul.01_09.59.00_rflbat_fix_True_no-mia_no-mia-class_no-noise_sin-adv_DOBA/agg_records/pkl/round_0249_rflbat.pkl
250,rflbat,success,"[3, 2, 61, 66, 16, 63, 25, 30, 50, 26]","[3, 2, 61, 66, 16, 63, 25, 50, 26]",[30],10,9,"[""rflbat_first_distance_filter"", ""rflbat_cluster_filter"", ""rflbat_final_distance_filter""]",../main/re_result_6-29_APRA/cifar10_500_Jul.01_09.59.00_rflbat_fix_True_no-mia_no-mia-class_no-noise_sin-adv_DOBA/agg_records/pkl/round_0250_rflbat.pkl
251,rflbat,success,"[1, 91, 76, 92, 87, 78, 57, 86, 70, 34]","[1, 91, 76, 92, 87, 78, 57, 86, 34]",[70],10,9,"[""rflbat_first_distance_filter"", ""rflbat_cluster_filter"", ""rflbat_final_distance_filter""]",../main/re_result_6-29_APRA/cifar10_500_Jul.01_09.59.00_rflbat_fix_True_no-mia_no-mia-class_no-noise_sin-adv_DOBA/agg_records/pkl/round_0251_rflbat.pkl
252,rflbat,success,"[4, 27, 90, 91, 55, 65, 52, 68, 51, 43]","[4, 27, 90, 91, 55, 65, 52, 68, 51, 43]",[],10,10,"[""rflbat_first_distance_filter"", ""rflbat_cluster_filter"", ""rflbat_final_distance_filter""]",../main/re_result_6-29_APRA/cifar10_500_Jul.01_09.59.00_rflbat_fix_True_no-mia_no-mia-class_no-noise_sin-adv_DOBA/agg_records/pkl/round_0252_rflbat.pkl
253,rflbat,success,"[2, 78, 98, 90, 66, 93, 99, 30, 29, 25]","[2, 78, 98, 90, 66, 93, 99, 30, 29, 25]",[],10,10,"[""rflbat_first_distance_filter"", ""rflbat_cluster_filter"", ""rflbat_final_distance_filter""]",../main/re_result_6-29_APRA/cifar10_500_Jul.01_09.59.00_rflbat_fix_True_no-mia_no-mia-class_no-noise_sin-adv_DOBA/agg_records/pkl/round_0253_rflbat.pkl
254,rflbat,success,"[1, 92, 34, 78, 33, 94, 99, 45, 89, 37]","[1, 92, 34, 78, 33, 94, 99, 45, 89, 37]",[],10,10,"[""rflbat_first_distance_filter"", ""rflbat_cluster_filter"", ""rflbat_final_distance_filter""]",../main/re_result_6-29_APRA/cifar10_500_Jul.01_09.59.00_rflbat_fix_True_no-mia_no-mia-class_no-noise_sin-adv_DOBA/agg_records/pkl/round_0254_rflbat.pkl
255,rflbat,success,"[4, 32, 92, 55, 57, 7, 64, 93, 76, 31]","[4, 32, 92, 55, 57, 7, 64, 93, 76, 31]",[],10,10,"[""rflbat_first_distance_filter"", ""rflbat_cluster_filter"", ""rflbat_final_distance_filter""]",../main/re_result_6-29_APRA/cifar10_500_Jul.01_09.59.00_rflbat_fix_True_no-mia_no-mia-class_no-noise_sin-adv_DOBA/agg_records/pkl/round_0255_rflbat.pkl
256,rflbat,success,"[1, 71, 37, 31, 35, 85, 86, 16, 59, 47]","[1, 71, 37, 31, 35, 85, 86, 16, 59, 47]",[],10,10,"[""rflbat_first_distance_filter"", ""rflbat_cluster_filter"", ""rflbat_final_distance_filter""]",../main/re_result_6-29_APRA/cifar10_500_Jul.01_09.59.00_rflbat_fix_True_no-mia_no-mia-class_no-noise_sin-adv_DOBA/agg_records/pkl/round_0256_rflbat.pkl
257,rflbat,success,"[1, 82, 45, 15, 8, 97, 83, 0, 66, 40]","[1, 82, 45, 15, 8, 97, 83, 0, 66, 40]",[],10,10,"[""rflbat_first_distance_filter"", ""rflbat_cluster_filter"", ""rflbat_final_distance_filter""]",../main/re_result_6-29_APRA/cifar10_500_Jul.01_09.59.00_rflbat_fix_True_no-mia_no-mia-class_no-noise_sin-adv_DOBA/agg_records/pkl/round_0257_rflbat.pkl
258,rflbat,success,"[2, 72, 77, 46, 67, 80, 51, 59, 81, 28]","[2, 72, 77, 46, 67, 80, 51, 59, 81, 28]",[],10,10,"[""rflbat_first_distance_filter"", ""rflbat_cluster_filter"", ""rflbat_final_distance_filter""]",../main/re_result_6-29_APRA/cifar10_500_Jul.01_09.59.00_rflbat_fix_True_no-mia_no-mia-class_no-noise_sin-adv_DOBA/agg_records/pkl/round_0258_rflbat.pkl
259,rflbat,success,"[1, 14, 87, 68, 31, 92, 54, 33, 39, 53]","[1, 14, 87, 68, 31, 92, 54, 33, 39, 53]",[],10,10,"[""rflbat_first_distance_filter"", ""rflbat_cluster_filter"", ""rflbat_final_distance_filter""]",../main/re_result_6-29_APRA/cifar10_500_Jul.01_09.59.00_rflbat_fix_True_no-mia_no-mia-class_no-noise_sin-adv_DOBA/agg_records/pkl/round_0259_rflbat.pkl
260,rflbat,success,"[2, 46, 14, 42, 93, 17, 62, 85, 60, 23]","[2, 46, 14, 42, 93, 17, 62, 85, 60, 23]",[],10,10,"[""rflbat_first_distance_filter"", ""rflbat_cluster_filter"", ""rflbat_final_distance_filter""]",../main/re_result_6-29_APRA/cifar10_500_Jul.01_09.59.00_rflbat_fix_True_no-mia_no-mia-class_no-noise_sin-adv_DOBA/agg_records/pkl/round_0260_rflbat.pkl
261,rflbat,success,"[3, 68, 46, 31, 22, 16, 98, 26, 9, 67]","[3, 68, 46, 31, 22, 16, 98, 26, 9, 67]",[],10,10,"[""rflbat_first_distance_filter"", ""rflbat_cluster_filter"", ""rflbat_final_distance_filter""]",../main/re_result_6-29_APRA/cifar10_500_Jul.01_09.59.00_rflbat_fix_True_no-mia_no-mia-class_no-noise_sin-adv_DOBA/agg_records/pkl/round_0261_rflbat.pkl
262,rflbat,success,"[3, 0, 28, 44, 8, 53, 45, 1, 49, 7]","[3, 0, 28, 44, 8, 53, 45, 1, 49, 7]",[],10,10,"[""rflbat_first_distance_filter"", ""rflbat_cluster_filter"", ""rflbat_final_distance_filter""]",../main/re_result_6-29_APRA/cifar10_500_Jul.01_09.59.00_rflbat_fix_True_no-mia_no-mia-class_no-noise_sin-adv_DOBA/agg_records/pkl/round_0262_rflbat.pkl
263,rflbat,success,"[4, 87, 33, 45, 64, 68, 61, 99, 85, 10]","[4, 87, 33, 45, 64, 68, 61, 99, 85, 10]",[],10,10,"[""rflbat_first_distance_filter"", ""rflbat_cluster_filter"", ""rflbat_final_distance_filter""]",../main/re_result_6-29_APRA/cifar10_500_Jul.01_09.59.00_rflbat_fix_True_no-mia_no-mia-class_no-noise_sin-adv_DOBA/agg_records/pkl/round_0263_rflbat.pkl
264,rflbat,success,"[0, 84, 57, 59, 91, 28, 75, 24, 22, 51]","[0, 84, 57, 59, 91, 28, 75, 24, 22, 51]",[],10,10,"[""rflbat_first_distance_filter"", ""rflbat_cluster_filter"", ""rflbat_final_distance_filter""]",../main/re_result_6-29_APRA/cifar10_500_Jul.01_09.59.00_rflbat_fix_True_no-mia_no-mia-class_no-noise_sin-adv_DOBA/agg_records/pkl/round_0264_rflbat.pkl
265,rflbat,success,"[4, 22, 21, 15, 53, 18, 42, 57, 37, 11]","[4, 22, 21, 15, 53, 18, 42, 57, 37, 11]",[],10,10,"[""rflbat_first_distance_filter"", ""rflbat_cluster_filter"", ""rflbat_final_distance_filter""]",../main/re_result_6-29_APRA/cifar10_500_Jul.01_09.59.00_rflbat_fix_True_no-mia_no-mia-class_no-noise_sin-adv_DOBA/agg_records/pkl/round_0265_rflbat.pkl
266,rflbat,success,"[1, 20, 54, 29, 23, 17, 13, 78, 44, 38]","[1, 20, 54, 29, 23, 17, 13, 78, 44, 38]",[],10,10,"[""rflbat_first_distance_filter"", ""rflbat_cluster_filter"", ""rflbat_final_distance_filter""]",../main/re_result_6-29_APRA/cifar10_500_Jul.01_09.59.00_rflbat_fix_True_no-mia_no-mia-class_no-noise_sin-adv_DOBA/agg_records/pkl/round_0266_rflbat.pkl
267,rflbat,success,"[4, 81, 53, 66, 52, 91, 86, 27, 87, 74]","[4, 81, 53, 66, 52, 91, 86, 27, 87, 74]",[],10,10,"[""rflbat_first_distance_filter"", ""rflbat_cluster_filter"", ""rflbat_final_distance_filter""]",../main/re_result_6-29_APRA/cifar10_500_Jul.01_09.59.00_rflbat_fix_True_no-mia_no-mia-class_no-noise_sin-adv_DOBA/agg_records/pkl/round_0267_rflbat.pkl
268,rflbat,success,"[4, 0, 86, 64, 34, 9, 20, 87, 58, 18]","[4, 0, 86, 64, 34, 9, 20, 87, 58, 18]",[],10,10,"[""rflbat_first_distance_filter"", ""rflbat_cluster_filter"", ""rflbat_final_distance_filter""]",../main/re_result_6-29_APRA/cifar10_500_Jul.01_09.59.00_rflbat_fix_True_no-mia_no-mia-class_no-noise_sin-adv_DOBA/agg_records/pkl/round_0268_rflbat.pkl
269,rflbat,success,"[4, 36, 27, 14, 37, 82, 48, 58, 12, 61]","[4, 36, 27, 14, 37, 82, 48, 58, 12, 61]",[],10,10,"[""rflbat_first_distance_filter"", ""rflbat_cluster_filter"", ""rflbat_final_distance_filter""]",../main/re_result_6-29_APRA/cifar10_500_Jul.01_09.59.00_rflbat_fix_True_no-mia_no-mia-class_no-noise_sin-adv_DOBA/agg_records/pkl/round_0269_rflbat.pkl
270,rflbat,success,"[2, 32, 92, 28, 59, 53, 23, 47, 99, 82]","[2, 32, 92, 28, 59, 53, 23, 47, 99, 82]",[],10,10,"[""rflbat_first_distance_filter"", ""rflbat_cluster_filter"", ""rflbat_final_distance_filter""]",../main/re_result_6-29_APRA/cifar10_500_Jul.01_09.59.00_rflbat_fix_True_no-mia_no-mia-class_no-noise_sin-adv_DOBA/agg_records/pkl/round_0270_rflbat.pkl
271,rflbat,success,"[1, 22, 66, 4, 34, 52, 96, 29, 47, 68]","[1, 22, 66, 4, 34, 52, 96, 29, 47, 68]",[],10,10,"[""rflbat_first_distance_filter"", ""rflbat_cluster_filter"", ""rflbat_final_distance_filter""]",../main/re_result_6-29_APRA/cifar10_500_Jul.01_09.59.00_rflbat_fix_True_no-mia_no-mia-class_no-noise_sin-adv_DOBA/agg_records/pkl/round_0271_rflbat.pkl
272,rflbat,success,"[1, 94, 20, 71, 91, 23, 2, 5, 44, 39]","[1, 94, 20, 71, 91, 23, 2, 5, 44, 39]",[],10,10,"[""rflbat_first_distance_filter"", ""rflbat_cluster_filter"", ""rflbat_final_distance_filter""]",../main/re_result_6-29_APRA/cifar10_500_Jul.01_09.59.00_rflbat_fix_True_no-mia_no-mia-class_no-noise_sin-adv_DOBA/agg_records/pkl/round_0272_rflbat.pkl
273,rflbat,success,"[2, 60, 5, 4, 69, 15, 19, 23, 98, 0]","[2, 60, 5, 4, 69, 15, 19, 23, 98, 0]",[],10,10,"[""rflbat_first_distance_filter"", ""rflbat_cluster_filter"", ""rflbat_final_distance_filter""]",../main/re_result_6-29_APRA/cifar10_500_Jul.01_09.59.00_rflbat_fix_True_no-mia_no-mia-class_no-noise_sin-adv_DOBA/agg_records/pkl/round_0273_rflbat.pkl
274,rflbat,success,"[3, 71, 26, 0, 68, 98, 78, 47, 6, 2]","[3, 71, 26, 0, 68, 98, 78, 47, 6, 2]",[],10,10,"[""rflbat_first_distance_filter"", ""rflbat_cluster_filter"", ""rflbat_final_distance_filter""]",../main/re_result_6-29_APRA/cifar10_500_Jul.01_09.59.00_rflbat_fix_True_no-mia_no-mia-class_no-noise_sin-adv_DOBA/agg_records/pkl/round_0274_rflbat.pkl
275,rflbat,success,"[2, 49, 26, 1, 60, 57, 54, 91, 58, 51]","[2, 49, 1, 60, 57, 91, 58, 51]","[26, 54]",10,8,"[""rflbat_first_distance_filter"", ""rflbat_cluster_filter"", ""rflbat_final_distance_filter""]",../main/re_result_6-29_APRA/cifar10_500_Jul.01_09.59.00_rflbat_fix_True_no-mia_no-mia-class_no-noise_sin-adv_DOBA/agg_records/pkl/round_0275_rflbat.pkl
276,rflbat,success,"[1, 45, 78, 70, 51, 40, 41, 2, 3, 75]","[1, 45, 78, 70, 51, 40, 41, 2, 3, 75]",[],10,10,"[""rflbat_first_distance_filter"", ""rflbat_cluster_filter"", ""rflbat_final_distance_filter""]",../main/re_result_6-29_APRA/cifar10_500_Jul.01_09.59.00_rflbat_fix_True_no-mia_no-mia-class_no-noise_sin-adv_DOBA/agg_records/pkl/round_0276_rflbat.pkl
277,rflbat,success,"[1, 62, 25, 42, 4, 63, 18, 36, 54, 12]","[1, 62, 25, 42, 4, 63, 18, 36, 12]",[54],10,9,"[""rflbat_first_distance_filter"", ""rflbat_cluster_filter"", ""rflbat_final_distance_filter""]",../main/re_result_6-29_APRA/cifar10_500_Jul.01_09.59.00_rflbat_fix_True_no-mia_no-mia-class_no-noise_sin-adv_DOBA/agg_records/pkl/round_0277_rflbat.pkl
278,rflbat,success,"[0, 55, 39, 76, 99, 17, 96, 41, 52, 9]","[55, 39, 76, 99, 17, 96, 52, 9]","[0, 41]",10,8,"[""rflbat_first_distance_filter"", ""rflbat_cluster_filter"", ""rflbat_final_distance_filter""]",../main/re_result_6-29_APRA/cifar10_500_Jul.01_09.59.00_rflbat_fix_True_no-mia_no-mia-class_no-noise_sin-adv_DOBA/agg_records/pkl/round_0278_rflbat.pkl
279,rflbat,success,"[4, 90, 76, 20, 5, 38, 1, 70, 83, 29]","[4, 90, 76, 20, 5, 38, 1, 70, 83, 29]",[],10,10,"[""rflbat_first_distance_filter"", ""rflbat_cluster_filter"", ""rflbat_final_distance_filter""]",../main/re_result_6-29_APRA/cifar10_500_Jul.01_09.59.00_rflbat_fix_True_no-mia_no-mia-class_no-noise_sin-adv_DOBA/agg_records/pkl/round_0279_rflbat.pkl
280,rflbat,success,"[1, 81, 4, 31, 0, 97, 33, 73, 84, 34]","[1, 81, 4, 31, 0, 97, 33, 73, 84, 34]",[],10,10,"[""rflbat_first_distance_filter"", ""rflbat_cluster_filter"", ""rflbat_final_distance_filter""]",../main/re_result_6-29_APRA/cifar10_500_Jul.01_09.59.00_rflbat_fix_True_no-mia_no-mia-class_no-noise_sin-adv_DOBA/agg_records/pkl/round_0280_rflbat.pkl
281,rflbat,success,"[4, 99, 27, 97, 61, 95, 98, 89, 67, 85]","[4, 99, 27, 97, 61, 95, 98, 89, 67, 85]",[],10,10,"[""rflbat_first_distance_filter"", ""rflbat_cluster_filter"", ""rflbat_final_distance_filter""]",../main/re_result_6-29_APRA/cifar10_500_Jul.01_09.59.00_rflbat_fix_True_no-mia_no-mia-class_no-noise_sin-adv_DOBA/agg_records/pkl/round_0281_rflbat.pkl
282,rflbat,success,"[2, 75, 40, 83, 77, 66, 48, 9, 46, 8]","[2, 75, 40, 83, 77, 66, 48, 9, 46, 8]",[],10,10,"[""rflbat_first_distance_filter"", ""rflbat_cluster_filter"", ""rflbat_final_distance_filter""]",../main/re_result_6-29_APRA/cifar10_500_Jul.01_09.59.00_rflbat_fix_True_no-mia_no-mia-class_no-noise_sin-adv_DOBA/agg_records/pkl/round_0282_rflbat.pkl
283,rflbat,success,"[3, 84, 76, 90, 89, 81, 69, 79, 12, 77]","[3, 84, 76, 90, 89, 81, 69, 79, 12, 77]",[],10,10,"[""rflbat_first_distance_filter"", ""rflbat_cluster_filter"", ""rflbat_final_distance_filter""]",../main/re_result_6-29_APRA/cifar10_500_Jul.01_09.59.00_rflbat_fix_True_no-mia_no-mia-class_no-noise_sin-adv_DOBA/agg_records/pkl/round_0283_rflbat.pkl
284,rflbat,success,"[4, 98, 94, 8, 62, 73, 78, 33, 80, 20]","[4, 98, 94, 8, 62, 73, 78, 33, 80, 20]",[],10,10,"[""rflbat_first_distance_filter"", ""rflbat_cluster_filter"", ""rflbat_final_distance_filter""]",../main/re_result_6-29_APRA/cifar10_500_Jul.01_09.59.00_rflbat_fix_True_no-mia_no-mia-class_no-noise_sin-adv_DOBA/agg_records/pkl/round_0284_rflbat.pkl
285,rflbat,success,"[2, 37, 5, 51, 19, 0, 28, 8, 49, 10]","[2, 37, 51, 19, 0, 28, 8, 49, 10]",[5],10,9,"[""rflbat_first_distance_filter"", ""rflbat_cluster_filter"", ""rflbat_final_distance_filter""]",../main/re_result_6-29_APRA/cifar10_500_Jul.01_09.59.00_rflbat_fix_True_no-mia_no-mia-class_no-noise_sin-adv_DOBA/agg_records/pkl/round_0285_rflbat.pkl
286,rflbat,success,"[1, 10, 36, 51, 8, 3, 53, 86, 61, 26]","[1, 10, 36, 8, 3, 53, 86, 61, 26]",[51],10,9,"[""rflbat_first_distance_filter"", ""rflbat_cluster_filter"", ""rflbat_final_distance_filter""]",../main/re_result_6-29_APRA/cifar10_500_Jul.01_09.59.00_rflbat_fix_True_no-mia_no-mia-class_no-noise_sin-adv_DOBA/agg_records/pkl/round_0286_rflbat.pkl
287,rflbat,success,"[2, 82, 14, 98, 35, 96, 58, 55, 84, 56]","[2, 82, 14, 98, 35, 96, 58, 55, 84, 56]",[],10,10,"[""rflbat_first_distance_filter"", ""rflbat_cluster_filter"", ""rflbat_final_distance_filter""]",../main/re_result_6-29_APRA/cifar10_500_Jul.01_09.59.00_rflbat_fix_True_no-mia_no-mia-class_no-noise_sin-adv_DOBA/agg_records/pkl/round_0287_rflbat.pkl
288,rflbat,success,"[2, 75, 32, 97, 8, 7, 93, 28, 74, 85]","[2, 75, 32, 97, 8, 7, 93, 28, 74, 85]",[],10,10,"[""rflbat_first_distance_filter"", ""rflbat_cluster_filter"", ""rflbat_final_distance_filter""]",../main/re_result_6-29_APRA/cifar10_500_Jul.01_09.59.00_rflbat_fix_True_no-mia_no-mia-class_no-noise_sin-adv_DOBA/agg_records/pkl/round_0288_rflbat.pkl
289,rflbat,success,"[2, 1, 35, 8, 39, 46, 11, 69, 36, 86]","[2, 1, 35, 8, 39, 46, 11, 69, 36, 86]",[],10,10,"[""rflbat_first_distance_filter"", ""rflbat_cluster_filter"", ""rflbat_final_distance_filter""]",../main/re_result_6-29_APRA/cifar10_500_Jul.01_09.59.00_rflbat_fix_True_no-mia_no-mia-class_no-noise_sin-adv_DOBA/agg_records/pkl/round_0289_rflbat.pkl
290,rflbat,success,"[1, 46, 35, 81, 53, 84, 29, 88, 21, 99]","[1, 46, 35, 81, 53, 84, 29, 88, 21, 99]",[],10,10,"[""rflbat_first_distance_filter"", ""rflbat_cluster_filter"", ""rflbat_final_distance_filter""]",../main/re_result_6-29_APRA/cifar10_500_Jul.01_09.59.00_rflbat_fix_True_no-mia_no-mia-class_no-noise_sin-adv_DOBA/agg_records/pkl/round_0290_rflbat.pkl
291,rflbat,success,"[4, 15, 71, 54, 80, 70, 6, 82, 46, 83]","[4, 15, 71, 54, 80, 70, 6, 82, 46, 83]",[],10,10,"[""rflbat_first_distance_filter"", ""rflbat_cluster_filter"", ""rflbat_final_distance_filter""]",../main/re_result_6-29_APRA/cifar10_500_Jul.01_09.59.00_rflbat_fix_True_no-mia_no-mia-class_no-noise_sin-adv_DOBA/agg_records/pkl/round_0291_rflbat.pkl
292,rflbat,success,"[2, 49, 36, 91, 94, 97, 51, 88, 76, 62]","[2, 49, 36, 91, 94, 97, 76]","[51, 88, 62]",10,7,"[""rflbat_first_distance_filter"", ""rflbat_cluster_filter"", ""rflbat_final_distance_filter""]",../main/re_result_6-29_APRA/cifar10_500_Jul.01_09.59.00_rflbat_fix_True_no-mia_no-mia-class_no-noise_sin-adv_DOBA/agg_records/pkl/round_0292_rflbat.pkl
293,rflbat,success,"[1, 40, 71, 11, 49, 17, 27, 60, 55, 91]","[1, 40, 71, 11, 49, 17, 27, 60, 55, 91]",[],10,10,"[""rflbat_first_distance_filter"", ""rflbat_cluster_filter"", ""rflbat_final_distance_filter""]",../main/re_result_6-29_APRA/cifar10_500_Jul.01_09.59.00_rflbat_fix_True_no-mia_no-mia-class_no-noise_sin-adv_DOBA/agg_records/pkl/round_0293_rflbat.pkl
294,rflbat,success,"[0, 57, 56, 24, 81, 78, 25, 98, 21, 12]","[0, 57, 56, 24, 81, 78, 25, 98, 21, 12]",[],10,10,"[""rflbat_first_distance_filter"", ""rflbat_cluster_filter"", ""rflbat_final_distance_filter""]",../main/re_result_6-29_APRA/cifar10_500_Jul.01_09.59.00_rflbat_fix_True_no-mia_no-mia-class_no-noise_sin-adv_DOBA/agg_records/pkl/round_0294_rflbat.pkl
295,rflbat,success,"[1, 89, 85, 81, 45, 71, 37, 70, 33, 22]","[1, 89, 81, 45, 37, 70, 33, 22]","[85, 71]",10,8,"[""rflbat_first_distance_filter"", ""rflbat_cluster_filter"", ""rflbat_final_distance_filter""]",../main/re_result_6-29_APRA/cifar10_500_Jul.01_09.59.00_rflbat_fix_True_no-mia_no-mia-class_no-noise_sin-adv_DOBA/agg_records/pkl/round_0295_rflbat.pkl
296,rflbat,success,"[2, 36, 26, 92, 78, 73, 24, 88, 30, 81]","[2, 36, 26, 92, 78, 73, 24, 88, 30, 81]",[],10,10,"[""rflbat_first_distance_filter"", ""rflbat_cluster_filter"", ""rflbat_final_distance_filter""]",../main/re_result_6-29_APRA/cifar10_500_Jul.01_09.59.00_rflbat_fix_True_no-mia_no-mia-class_no-noise_sin-adv_DOBA/agg_records/pkl/round_0296_rflbat.pkl
297,rflbat,success,"[1, 23, 95, 28, 10, 14, 60, 77, 27, 3]","[1, 23, 95, 28, 10, 14, 60, 77, 27, 3]",[],10,10,"[""rflbat_first_distance_filter"", ""rflbat_cluster_filter"", ""rflbat_final_distance_filter""]",../main/re_result_6-29_APRA/cifar10_500_Jul.01_09.59.00_rflbat_fix_True_no-mia_no-mia-class_no-noise_sin-adv_DOBA/agg_records/pkl/round_0297_rflbat.pkl
298,rflbat,success,"[3, 69, 49, 61, 76, 30, 10, 38, 45, 17]","[3, 69, 49, 61, 76, 30, 10, 38, 45, 17]",[],10,10,"[""rflbat_first_distance_filter"", ""rflbat_cluster_filter"", ""rflbat_final_distance_filter""]",../main/re_result_6-29_APRA/cifar10_500_Jul.01_09.59.00_rflbat_fix_True_no-mia_no-mia-class_no-noise_sin-adv_DOBA/agg_records/pkl/round_0298_rflbat.pkl
299,rflbat,success,"[3, 13, 84, 96, 77, 75, 35, 8, 26, 23]","[3, 13, 84, 96, 77, 75, 35, 8, 26, 23]",[],10,10,"[""rflbat_first_distance_filter"", ""rflbat_cluster_filter"", ""rflbat_final_distance_filter""]",../main/re_result_6-29_APRA/cifar10_500_Jul.01_09.59.00_rflbat_fix_True_no-mia_no-mia-class_no-noise_sin-adv_DOBA/agg_records/pkl/round_0299_rflbat.pkl
300,rflbat,success,"[3, 40, 96, 63, 82, 5, 97, 45, 24, 41]","[3, 40, 96, 63, 82, 5, 97, 45, 24, 41]",[],10,10,"[""rflbat_first_distance_filter"", ""rflbat_cluster_filter"", ""rflbat_final_distance_filter""]",../main/re_result_6-29_APRA/cifar10_500_Jul.01_09.59.00_rflbat_fix_True_no-mia_no-mia-class_no-noise_sin-adv_DOBA/agg_records/pkl/round_0300_rflbat.pkl
301,rflbat,success,"[0, 90, 93, 2, 50, 6, 30, 54, 35, 27]","[0, 90, 93, 2, 50, 6, 30, 54, 35, 27]",[],10,10,"[""rflbat_first_distance_filter"", ""rflbat_cluster_filter"", ""rflbat_final_distance_filter""]",../main/re_result_6-29_APRA/cifar10_500_Jul.01_09.59.00_rflbat_fix_True_no-mia_no-mia-class_no-noise_sin-adv_DOBA/agg_records/pkl/round_0301_rflbat.pkl
302,rflbat,success,"[0, 98, 51, 77, 33, 15, 1, 14, 60, 44]","[0, 98, 51, 77, 33, 15, 1, 14, 60, 44]",[],10,10,"[""rflbat_first_distance_filter"", ""rflbat_cluster_filter"", ""rflbat_final_distance_filter""]",../main/re_result_6-29_APRA/cifar10_500_Jul.01_09.59.00_rflbat_fix_True_no-mia_no-mia-class_no-noise_sin-adv_DOBA/agg_records/pkl/round_0302_rflbat.pkl
303,rflbat,success,"[1, 49, 15, 72, 39, 19, 54, 21, 55, 4]","[1, 49, 15, 72, 39, 19, 54, 21, 55, 4]",[],10,10,"[""rflbat_first_distance_filter"", ""rflbat_cluster_filter"", ""rflbat_final_distance_filter""]",../main/re_result_6-29_APRA/cifar10_500_Jul.01_09.59.00_rflbat_fix_True_no-mia_no-mia-class_no-noise_sin-adv_DOBA/agg_records/pkl/round_0303_rflbat.pkl
304,rflbat,success,"[0, 12, 99, 56, 58, 77, 37, 64, 78, 42]","[0, 12, 99, 56, 58, 77, 37, 64, 78, 42]",[],10,10,"[""rflbat_first_distance_filter"", ""rflbat_cluster_filter"", ""rflbat_final_distance_filter""]",../main/re_result_6-29_APRA/cifar10_500_Jul.01_09.59.00_rflbat_fix_True_no-mia_no-mia-class_no-noise_sin-adv_DOBA/agg_records/pkl/round_0304_rflbat.pkl
305,rflbat,success,"[0, 49, 65, 55, 18, 87, 63, 61, 92, 94]","[0, 49, 65, 55, 18, 87, 63, 61, 92, 94]",[],10,10,"[""rflbat_first_distance_filter"", ""rflbat_cluster_filter"", ""rflbat_final_distance_filter""]",../main/re_result_6-29_APRA/cifar10_500_Jul.01_09.59.00_rflbat_fix_True_no-mia_no-mia-class_no-noise_sin-adv_DOBA/agg_records/pkl/round_0305_rflbat.pkl
306,rflbat,success,"[4, 27, 81, 93, 68, 54, 98, 76, 40, 21]","[4, 27, 81, 93, 68, 98, 76, 40, 21]",[54],10,9,"[""rflbat_first_distance_filter"", ""rflbat_cluster_filter"", ""rflbat_final_distance_filter""]",../main/re_result_6-29_APRA/cifar10_500_Jul.01_09.59.00_rflbat_fix_True_no-mia_no-mia-class_no-noise_sin-adv_DOBA/agg_records/pkl/round_0306_rflbat.pkl
307,rflbat,success,"[2, 98, 91, 39, 62, 97, 53, 30, 28, 5]","[2, 98, 91, 39, 62, 97, 53, 30, 28, 5]",[],10,10,"[""rflbat_first_distance_filter"", ""rflbat_cluster_filter"", ""rflbat_final_distance_filter""]",../main/re_result_6-29_APRA/cifar10_500_Jul.01_09.59.00_rflbat_fix_True_no-mia_no-mia-class_no-noise_sin-adv_DOBA/agg_records/pkl/round_0307_rflbat.pkl
308,rflbat,success,"[4, 0, 74, 89, 9, 76, 16, 6, 25, 85]","[4, 0, 74, 89, 9, 76, 16, 6, 25]",[85],10,9,"[""rflbat_first_distance_filter"", ""rflbat_cluster_filter"", ""rflbat_final_distance_filter""]",../main/re_result_6-29_APRA/cifar10_500_Jul.01_09.59.00_rflbat_fix_True_no-mia_no-mia-class_no-noise_sin-adv_DOBA/agg_records/pkl/round_0308_rflbat.pkl
309,rflbat,success,"[1, 66, 37, 20, 59, 18, 86, 71, 74, 69]","[1, 66, 37, 20, 59, 18, 86, 71, 74, 69]",[],10,10,"[""rflbat_first_distance_filter"", ""rflbat_cluster_filter"", ""rflbat_final_distance_filter""]",../main/re_result_6-29_APRA/cifar10_500_Jul.01_09.59.00_rflbat_fix_True_no-mia_no-mia-class_no-noise_sin-adv_DOBA/agg_records/pkl/round_0309_rflbat.pkl
310,rflbat,success,"[0, 88, 73, 81, 24, 79, 26, 16, 89, 92]","[0, 88, 73, 81, 24, 79, 26, 16, 89, 92]",[],10,10,"[""rflbat_first_distance_filter"", ""rflbat_cluster_filter"", ""rflbat_final_distance_filter""]",../main/re_result_6-29_APRA/cifar10_500_Jul.01_09.59.00_rflbat_fix_True_no-mia_no-mia-class_no-noise_sin-adv_DOBA/agg_records/pkl/round_0310_rflbat.pkl
311,rflbat,success,"[3, 19, 23, 74, 95, 34, 39, 46, 82, 91]","[3, 19, 23, 74, 95, 34, 39, 46, 82, 91]",[],10,10,"[""rflbat_first_distance_filter"", ""rflbat_cluster_filter"", ""rflbat_final_distance_filter""]",../main/re_result_6-29_APRA/cifar10_500_Jul.01_09.59.00_rflbat_fix_True_no-mia_no-mia-class_no-noise_sin-adv_DOBA/agg_records/pkl/round_0311_rflbat.pkl
312,rflbat,success,"[2, 62, 65, 52, 12, 67, 61, 72, 58, 93]","[2, 62, 65, 52, 12, 67, 61, 72, 58, 93]",[],10,10,"[""rflbat_first_distance_filter"", ""rflbat_cluster_filter"", ""rflbat_final_distance_filter""]",../main/re_result_6-29_APRA/cifar10_500_Jul.01_09.59.00_rflbat_fix_True_no-mia_no-mia-class_no-noise_sin-adv_DOBA/agg_records/pkl/round_0312_rflbat.pkl
313,rflbat,success,"[3, 49, 43, 89, 0, 96, 52, 60, 83, 97]","[3, 49, 43, 89, 96, 52, 60, 83, 97]",[0],10,9,"[""rflbat_first_distance_filter"", ""rflbat_cluster_filter"", ""rflbat_final_distance_filter""]",../main/re_result_6-29_APRA/cifar10_500_Jul.01_09.59.00_rflbat_fix_True_no-mia_no-mia-class_no-noise_sin-adv_DOBA/agg_records/pkl/round_0313_rflbat.pkl
314,rflbat,success,"[2, 91, 85, 75, 81, 16, 31, 88, 15, 68]","[2, 91, 85, 75, 81, 16, 31, 88, 15, 68]",[],10,10,"[""rflbat_first_distance_filter"", ""rflbat_cluster_filter"", ""rflbat_final_distance_filter""]",../main/re_result_6-29_APRA/cifar10_500_Jul.01_09.59.00_rflbat_fix_True_no-mia_no-mia-class_no-noise_sin-adv_DOBA/agg_records/pkl/round_0314_rflbat.pkl
315,rflbat,success,"[0, 43, 34, 56, 99, 79, 72, 96, 98, 36]","[0, 43, 34, 56, 99, 79, 72, 96, 98, 36]",[],10,10,"[""rflbat_first_distance_filter"", ""rflbat_cluster_filter"", ""rflbat_final_distance_filter""]",../main/re_result_6-29_APRA/cifar10_500_Jul.01_09.59.00_rflbat_fix_True_no-mia_no-mia-class_no-noise_sin-adv_DOBA/agg_records/pkl/round_0315_rflbat.pkl
316,rflbat,success,"[2, 57, 35, 96, 6, 64, 8, 84, 7, 1]","[2, 57, 35, 6, 64, 8, 84, 7, 1]",[96],10,9,"[""rflbat_first_distance_filter"", ""rflbat_cluster_filter"", ""rflbat_final_distance_filter""]",../main/re_result_6-29_APRA/cifar10_500_Jul.01_09.59.00_rflbat_fix_True_no-mia_no-mia-class_no-noise_sin-adv_DOBA/agg_records/pkl/round_0316_rflbat.pkl
317,rflbat,success,"[1, 59, 64, 54, 92, 83, 25, 52, 60, 28]","[1, 59, 64, 54, 92, 83, 25, 52, 60, 28]",[],10,10,"[""rflbat_first_distance_filter"", ""rflbat_cluster_filter"", ""rflbat_final_distance_filter""]",../main/re_result_6-29_APRA/cifar10_500_Jul.01_09.59.00_rflbat_fix_True_no-mia_no-mia-class_no-noise_sin-adv_DOBA/agg_records/pkl/round_0317_rflbat.pkl
318,rflbat,success,"[3, 21, 19, 40, 37, 25, 89, 29, 42, 58]","[3, 21, 19, 40, 37, 25, 89, 29, 42, 58]",[],10,10,"[""rflbat_first_distance_filter"", ""rflbat_cluster_filter"", ""rflbat_final_distance_filter""]",../main/re_result_6-29_APRA/cifar10_500_Jul.01_09.59.00_rflbat_fix_True_no-mia_no-mia-class_no-noise_sin-adv_DOBA/agg_records/pkl/round_0318_rflbat.pkl
319,rflbat,success,"[0, 40, 56, 88, 19, 45, 14, 72, 8, 32]","[0, 40, 56, 88, 19, 45, 14, 72, 8, 32]",[],10,10,"[""rflbat_first_distance_filter"", ""rflbat_cluster_filter"", ""rflbat_final_distance_filter""]",../main/re_result_6-29_APRA/cifar10_500_Jul.01_09.59.00_rflbat_fix_True_no-mia_no-mia-class_no-noise_sin-adv_DOBA/agg_records/pkl/round_0319_rflbat.pkl
320,rflbat,success,"[2, 53, 65, 68, 87, 31, 20, 27, 67, 84]","[2, 53, 65, 68, 87, 31, 20, 27, 67, 84]",[],10,10,"[""rflbat_first_distance_filter"", ""rflbat_cluster_filter"", ""rflbat_final_distance_filter""]",../main/re_result_6-29_APRA/cifar10_500_Jul.01_09.59.00_rflbat_fix_True_no-mia_no-mia-class_no-noise_sin-adv_DOBA/agg_records/pkl/round_0320_rflbat.pkl
321,rflbat,success,"[2, 9, 36, 80, 48, 6, 81, 16, 89, 73]","[2, 9, 36, 80, 48, 6, 81, 16, 89, 73]",[],10,10,"[""rflbat_first_distance_filter"", ""rflbat_cluster_filter"", ""rflbat_final_distance_filter""]",../main/re_result_6-29_APRA/cifar10_500_Jul.01_09.59.00_rflbat_fix_True_no-mia_no-mia-class_no-noise_sin-adv_DOBA/agg_records/pkl/round_0321_rflbat.pkl
322,rflbat,success,"[3, 20, 74, 91, 6, 18, 16, 38, 42, 54]","[3, 20, 74, 91, 6, 18, 16, 38, 42, 54]",[],10,10,"[""rflbat_first_distance_filter"", ""rflbat_cluster_filter"", ""rflbat_final_distance_filter""]",../main/re_result_6-29_APRA/cifar10_500_Jul.01_09.59.00_rflbat_fix_True_no-mia_no-mia-class_no-noise_sin-adv_DOBA/agg_records/pkl/round_0322_rflbat.pkl
323,rflbat,success,"[4, 82, 35, 52, 1, 7, 89, 46, 73, 61]","[4, 82, 35, 52, 1, 7, 89, 46, 73, 61]",[],10,10,"[""rflbat_first_distance_filter"", ""rflbat_cluster_filter"", ""rflbat_final_distance_filter""]",../main/re_result_6-29_APRA/cifar10_500_Jul.01_09.59.00_rflbat_fix_True_no-mia_no-mia-class_no-noise_sin-adv_DOBA/agg_records/pkl/round_0323_rflbat.pkl
324,rflbat,success,"[1, 99, 12, 90, 68, 89, 18, 48, 83, 47]","[1, 99, 12, 90, 68, 89, 18, 83, 47]",[48],10,9,"[""rflbat_first_distance_filter"", ""rflbat_cluster_filter"", ""rflbat_final_distance_filter""]",../main/re_result_6-29_APRA/cifar10_500_Jul.01_09.59.00_rflbat_fix_True_no-mia_no-mia-class_no-noise_sin-adv_DOBA/agg_records/pkl/round_0324_rflbat.pkl
325,rflbat,success,"[2, 55, 9, 47, 3, 99, 74, 54, 80, 64]","[2, 55, 9, 47, 3, 99, 74, 54, 80, 64]",[],10,10,"[""rflbat_first_distance_filter"", ""rflbat_cluster_filter"", ""rflbat_final_distance_filter""]",../main/re_result_6-29_APRA/cifar10_500_Jul.01_09.59.00_rflbat_fix_True_no-mia_no-mia-class_no-noise_sin-adv_DOBA/agg_records/pkl/round_0325_rflbat.pkl
326,rflbat,success,"[2, 59, 92, 66, 35, 20, 10, 49, 26, 54]","[2, 59, 92, 66, 35, 20, 10, 49, 26, 54]",[],10,10,"[""rflbat_first_distance_filter"", ""rflbat_cluster_filter"", ""rflbat_final_distance_filter""]",../main/re_result_6-29_APRA/cifar10_500_Jul.01_09.59.00_rflbat_fix_True_no-mia_no-mia-class_no-noise_sin-adv_DOBA/agg_records/pkl/round_0326_rflbat.pkl
327,rflbat,success,"[3, 99, 97, 84, 43, 67, 7, 92, 58, 19]","[3, 99, 97, 84, 43, 67, 7, 92, 58, 19]",[],10,10,"[""rflbat_first_distance_filter"", ""rflbat_cluster_filter"", ""rflbat_final_distance_filter""]",../main/re_result_6-29_APRA/cifar10_500_Jul.01_09.59.00_rflbat_fix_True_no-mia_no-mia-class_no-noise_sin-adv_DOBA/agg_records/pkl/round_0327_rflbat.pkl
328,rflbat,success,"[1, 37, 91, 11, 65, 56, 63, 7, 87, 58]","[1, 37, 91, 11, 65, 56, 63, 7, 87, 58]",[],10,10,"[""rflbat_first_distance_filter"", ""rflbat_cluster_filter"", ""rflbat_final_distance_filter""]",../main/re_result_6-29_APRA/cifar10_500_Jul.01_09.59.00_rflbat_fix_True_no-mia_no-mia-class_no-noise_sin-adv_DOBA/agg_records/pkl/round_0328_rflbat.pkl
329,rflbat,success,"[0, 50, 6, 45, 86, 7, 48, 95, 31, 77]","[0, 50, 6, 45, 86, 7, 48, 95, 31, 77]",[],10,10,"[""rflbat_first_distance_filter"", ""rflbat_cluster_filter"", ""rflbat_final_distance_filter""]",../main/re_result_6-29_APRA/cifar10_500_Jul.01_09.59.00_rflbat_fix_True_no-mia_no-mia-class_no-noise_sin-adv_DOBA/agg_records/pkl/round_0329_rflbat.pkl
330,rflbat,success,"[3, 75, 33, 29, 43, 49, 32, 38, 34, 15]","[3, 75, 33, 29, 43, 49, 32, 38, 34, 15]",[],10,10,"[""rflbat_first_distance_filter"", ""rflbat_cluster_filter"", ""rflbat_final_distance_filter""]",../main/re_result_6-29_APRA/cifar10_500_Jul.01_09.59.00_rflbat_fix_True_no-mia_no-mia-class_no-noise_sin-adv_DOBA/agg_records/pkl/round_0330_rflbat.pkl
331,rflbat,success,"[3, 98, 48, 82, 2, 18, 66, 53, 94, 35]","[3, 98, 48, 82, 2, 18, 66, 53, 94, 35]",[],10,10,"[""rflbat_first_distance_filter"", ""rflbat_cluster_filter"", ""rflbat_final_distance_filter""]",../main/re_result_6-29_APRA/cifar10_500_Jul.01_09.59.00_rflbat_fix_True_no-mia_no-mia-class_no-noise_sin-adv_DOBA/agg_records/pkl/round_0331_rflbat.pkl
332,rflbat,success,"[0, 44, 36, 2, 51, 46, 66, 5, 84, 65]","[0, 44, 36, 2, 51, 46, 66, 5, 84, 65]",[],10,10,"[""rflbat_first_distance_filter"", ""rflbat_cluster_filter"", ""rflbat_final_distance_filter""]",../main/re_result_6-29_APRA/cifar10_500_Jul.01_09.59.00_rflbat_fix_True_no-mia_no-mia-class_no-noise_sin-adv_DOBA/agg_records/pkl/round_0332_rflbat.pkl
333,rflbat,success,"[1, 63, 73, 47, 64, 9, 92, 31, 93, 20]","[1, 63, 73, 47, 64, 9, 92, 31, 93, 20]",[],10,10,"[""rflbat_first_distance_filter"", ""rflbat_cluster_filter"", ""rflbat_final_distance_filter""]",../main/re_result_6-29_APRA/cifar10_500_Jul.01_09.59.00_rflbat_fix_True_no-mia_no-mia-class_no-noise_sin-adv_DOBA/agg_records/pkl/round_0333_rflbat.pkl
334,rflbat,success,"[1, 79, 46, 96, 7, 30, 98, 66, 34, 69]","[1, 79, 46, 7, 30, 98, 66, 34, 69]",[96],10,9,"[""rflbat_first_distance_filter"", ""rflbat_cluster_filter"", ""rflbat_final_distance_filter""]",../main/re_result_6-29_APRA/cifar10_500_Jul.01_09.59.00_rflbat_fix_True_no-mia_no-mia-class_no-noise_sin-adv_DOBA/agg_records/pkl/round_0334_rflbat.pkl
335,rflbat,success,"[2, 72, 73, 32, 69, 34, 89, 37, 59, 90]","[2, 72, 73, 32, 69, 34, 89, 37, 59, 90]",[],10,10,"[""rflbat_first_distance_filter"", ""rflbat_cluster_filter"", ""rflbat_final_distance_filter""]",../main/re_result_6-29_APRA/cifar10_500_Jul.01_09.59.00_rflbat_fix_True_no-mia_no-mia-class_no-noise_sin-adv_DOBA/agg_records/pkl/round_0335_rflbat.pkl
336,rflbat,success,"[1, 91, 76, 60, 37, 48, 33, 43, 71, 35]","[1, 91, 76, 60, 37, 48, 33, 43, 71, 35]",[],10,10,"[""rflbat_first_distance_filter"", ""rflbat_cluster_filter"", ""rflbat_final_distance_filter""]",../main/re_result_6-29_APRA/cifar10_500_Jul.01_09.59.00_rflbat_fix_True_no-mia_no-mia-class_no-noise_sin-adv_DOBA/agg_records/pkl/round_0336_rflbat.pkl
337,rflbat,success,"[4, 65, 93, 48, 43, 1, 94, 54, 23, 79]","[4, 65, 93, 48, 43, 1, 94, 54, 23, 79]",[],10,10,"[""rflbat_first_distance_filter"", ""rflbat_cluster_filter"", ""rflbat_final_distance_filter""]",../main/re_result_6-29_APRA/cifar10_500_Jul.01_09.59.00_rflbat_fix_True_no-mia_no-mia-class_no-noise_sin-adv_DOBA/agg_records/pkl/round_0337_rflbat.pkl
338,rflbat,success,"[4, 12, 81, 68, 46, 20, 66, 15, 18, 49]","[4, 12, 81, 46, 20, 66, 15, 18, 49]",[68],10,9,"[""rflbat_first_distance_filter"", ""rflbat_cluster_filter"", ""rflbat_final_distance_filter""]",../main/re_result_6-29_APRA/cifar10_500_Jul.01_09.59.00_rflbat_fix_True_no-mia_no-mia-class_no-noise_sin-adv_DOBA/agg_records/pkl/round_0338_rflbat.pkl
339,rflbat,success,"[0, 77, 93, 43, 55, 98, 62, 49, 7, 66]","[0, 77, 93, 43, 55, 98, 62, 49, 7, 66]",[],10,10,"[""rflbat_first_distance_filter"", ""rflbat_cluster_filter"", ""rflbat_final_distance_filter""]",../main/re_result_6-29_APRA/cifar10_500_Jul.01_09.59.00_rflbat_fix_True_no-mia_no-mia-class_no-noise_sin-adv_DOBA/agg_records/pkl/round_0339_rflbat.pkl
340,rflbat,success,"[2, 50, 30, 12, 38, 58, 54, 56, 22, 20]","[2, 50, 30, 12, 38, 58, 54, 56, 22, 20]",[],10,10,"[""rflbat_first_distance_filter"", ""rflbat_cluster_filter"", ""rflbat_final_distance_filter""]",../main/re_result_6-29_APRA/cifar10_500_Jul.01_09.59.00_rflbat_fix_True_no-mia_no-mia-class_no-noise_sin-adv_DOBA/agg_records/pkl/round_0340_rflbat.pkl
341,rflbat,success,"[3, 62, 17, 31, 96, 26, 91, 98, 39, 25]","[3, 62, 17, 31, 96, 91, 98, 39, 25]",[26],10,9,"[""rflbat_first_distance_filter"", ""rflbat_cluster_filter"", ""rflbat_final_distance_filter""]",../main/re_result_6-29_APRA/cifar10_500_Jul.01_09.59.00_rflbat_fix_True_no-mia_no-mia-class_no-noise_sin-adv_DOBA/agg_records/pkl/round_0341_rflbat.pkl
342,rflbat,success,"[0, 99, 76, 79, 62, 27, 72, 49, 46, 43]","[0, 99, 76, 79, 27, 72, 49, 46, 43]",[62],10,9,"[""rflbat_first_distance_filter"", ""rflbat_cluster_filter"", ""rflbat_final_distance_filter""]",../main/re_result_6-29_APRA/cifar10_500_Jul.01_09.59.00_rflbat_fix_True_no-mia_no-mia-class_no-noise_sin-adv_DOBA/agg_records/pkl/round_0342_rflbat.pkl
343,rflbat,success,"[3, 36, 26, 39, 7, 20, 76, 48, 49, 45]","[3, 36, 26, 39, 7, 20, 76, 48, 49, 45]",[],10,10,"[""rflbat_first_distance_filter"", ""rflbat_cluster_filter"", ""rflbat_final_distance_filter""]",../main/re_result_6-29_APRA/cifar10_500_Jul.01_09.59.00_rflbat_fix_True_no-mia_no-mia-class_no-noise_sin-adv_DOBA/agg_records/pkl/round_0343_rflbat.pkl
344,rflbat,success,"[1, 65, 53, 3, 10, 66, 8, 75, 49, 99]","[1, 65, 53, 3, 10, 66, 8, 75, 49, 99]",[],10,10,"[""rflbat_first_distance_filter"", ""rflbat_cluster_filter"", ""rflbat_final_distance_filter""]",../main/re_result_6-29_APRA/cifar10_500_Jul.01_09.59.00_rflbat_fix_True_no-mia_no-mia-class_no-noise_sin-adv_DOBA/agg_records/pkl/round_0344_rflbat.pkl
345,rflbat,success,"[1, 68, 12, 53, 23, 82, 97, 9, 64, 38]","[1, 68, 12, 53, 23, 82, 97, 9, 64, 38]",[],10,10,"[""rflbat_first_distance_filter"", ""rflbat_cluster_filter"", ""rflbat_final_distance_filter""]",../main/re_result_6-29_APRA/cifar10_500_Jul.01_09.59.00_rflbat_fix_True_no-mia_no-mia-class_no-noise_sin-adv_DOBA/agg_records/pkl/round_0345_rflbat.pkl
346,rflbat,success,"[1, 83, 60, 55, 58, 18, 98, 59, 30, 67]","[1, 83, 60, 55, 58, 18, 98, 59, 67]",[30],10,9,"[""rflbat_first_distance_filter"", ""rflbat_cluster_filter"", ""rflbat_final_distance_filter""]",../main/re_result_6-29_APRA/cifar10_500_Jul.01_09.59.00_rflbat_fix_True_no-mia_no-mia-class_no-noise_sin-adv_DOBA/agg_records/pkl/round_0346_rflbat.pkl
347,rflbat,success,"[4, 14, 77, 95, 15, 9, 46, 91, 58, 92]","[4, 14, 77, 95, 15, 9, 46, 91, 58, 92]",[],10,10,"[""rflbat_first_distance_filter"", ""rflbat_cluster_filter"", ""rflbat_final_distance_filter""]",../main/re_result_6-29_APRA/cifar10_500_Jul.01_09.59.00_rflbat_fix_True_no-mia_no-mia-class_no-noise_sin-adv_DOBA/agg_records/pkl/round_0347_rflbat.pkl
348,rflbat,success,"[4, 45, 89, 27, 20, 44, 5, 81, 46, 66]","[4, 45, 89, 27, 20, 44, 5, 81, 46, 66]",[],10,10,"[""rflbat_first_distance_filter"", ""rflbat_cluster_filter"", ""rflbat_final_distance_filter""]",../main/re_result_6-29_APRA/cifar10_500_Jul.01_09.59.00_rflbat_fix_True_no-mia_no-mia-class_no-noise_sin-adv_DOBA/agg_records/pkl/round_0348_rflbat.pkl
349,rflbat,success,"[2, 97, 60, 50, 96, 48, 49, 67, 62, 47]","[2, 97, 60, 50, 96, 49, 67, 62, 47]",[48],10,9,"[""rflbat_first_distance_filter"", ""rflbat_cluster_filter"", ""rflbat_final_distance_filter""]",../main/re_result_6-29_APRA/cifar10_500_Jul.01_09.59.00_rflbat_fix_True_no-mia_no-mia-class_no-noise_sin-adv_DOBA/agg_records/pkl/round_0349_rflbat.pkl
350,rflbat,success,"[1, 65, 99, 28, 30, 80, 12, 92, 62, 39]","[1, 65, 99, 28, 30, 80, 12, 92, 62, 39]",[],10,10,"[""rflbat_first_distance_filter"", ""rflbat_cluster_filter"", ""rflbat_final_distance_filter""]",../main/re_result_6-29_APRA/cifar10_500_Jul.01_09.59.00_rflbat_fix_True_no-mia_no-mia-class_no-noise_sin-adv_DOBA/agg_records/pkl/round_0350_rflbat.pkl
351,rflbat,success,"[2, 68, 1, 22, 50, 35, 92, 19, 74, 98]","[2, 68, 1, 22, 50, 35, 92, 19, 74, 98]",[],10,10,"[""rflbat_first_distance_filter"", ""rflbat_cluster_filter"", ""rflbat_final_distance_filter""]",../main/re_result_6-29_APRA/cifar10_500_Jul.01_09.59.00_rflbat_fix_True_no-mia_no-mia-class_no-noise_sin-adv_DOBA/agg_records/pkl/round_0351_rflbat.pkl
352,rflbat,success,"[1, 23, 61, 29, 84, 71, 0, 79, 65, 38]","[1, 23, 61, 29, 84, 71, 0, 79, 65, 38]",[],10,10,"[""rflbat_first_distance_filter"", ""rflbat_cluster_filter"", ""rflbat_final_distance_filter""]",../main/re_result_6-29_APRA/cifar10_500_Jul.01_09.59.00_rflbat_fix_True_no-mia_no-mia-class_no-noise_sin-adv_DOBA/agg_records/pkl/round_0352_rflbat.pkl
353,rflbat,success,"[4, 52, 78, 56, 87, 82, 41, 94, 29, 80]","[4, 52, 78, 56, 87, 82, 41, 94, 29, 80]",[],10,10,"[""rflbat_first_distance_filter"", ""rflbat_cluster_filter"", ""rflbat_final_distance_filter""]",../main/re_result_6-29_APRA/cifar10_500_Jul.01_09.59.00_rflbat_fix_True_no-mia_no-mia-class_no-noise_sin-adv_DOBA/agg_records/pkl/round_0353_rflbat.pkl
354,rflbat,success,"[2, 3, 63, 52, 76, 47, 38, 19, 50, 77]","[2, 3, 63, 52, 76, 47, 38, 19, 50, 77]",[],10,10,"[""rflbat_first_distance_filter"", ""rflbat_cluster_filter"", ""rflbat_final_distance_filter""]",../main/re_result_6-29_APRA/cifar10_500_Jul.01_09.59.00_rflbat_fix_True_no-mia_no-mia-class_no-noise_sin-adv_DOBA/agg_records/pkl/round_0354_rflbat.pkl
355,rflbat,success,"[0, 34, 62, 24, 75, 6, 22, 88, 43, 87]","[0, 34, 62, 24, 75, 6, 22, 88, 43, 87]",[],10,10,"[""rflbat_first_distance_filter"", ""rflbat_cluster_filter"", ""rflbat_final_distance_filter""]",../main/re_result_6-29_APRA/cifar10_500_Jul.01_09.59.00_rflbat_fix_True_no-mia_no-mia-class_no-noise_sin-adv_DOBA/agg_records/pkl/round_0355_rflbat.pkl
356,rflbat,success,"[3, 95, 28, 36, 13, 30, 23, 63, 44, 45]","[3, 95, 28, 36, 13, 30, 23, 63, 44, 45]",[],10,10,"[""rflbat_first_distance_filter"", ""rflbat_cluster_filter"", ""rflbat_final_distance_filter""]",../main/re_result_6-29_APRA/cifar10_500_Jul.01_09.59.00_rflbat_fix_True_no-mia_no-mia-class_no-noise_sin-adv_DOBA/agg_records/pkl/round_0356_rflbat.pkl
357,rflbat,success,"[0, 89, 60, 25, 1, 36, 71, 12, 57, 44]","[0, 89, 60, 25, 1, 36, 12, 57, 44]",[71],10,9,"[""rflbat_first_distance_filter"", ""rflbat_cluster_filter"", ""rflbat_final_distance_filter""]",../main/re_result_6-29_APRA/cifar10_500_Jul.01_09.59.00_rflbat_fix_True_no-mia_no-mia-class_no-noise_sin-adv_DOBA/agg_records/pkl/round_0357_rflbat.pkl
358,rflbat,success,"[4, 64, 39, 97, 41, 52, 15, 89, 75, 80]","[4, 64, 39, 97, 41, 52, 15, 89, 75, 80]",[],10,10,"[""rflbat_first_distance_filter"", ""rflbat_cluster_filter"", ""rflbat_final_distance_filter""]",../main/re_result_6-29_APRA/cifar10_500_Jul.01_09.59.00_rflbat_fix_True_no-mia_no-mia-class_no-noise_sin-adv_DOBA/agg_records/pkl/round_0358_rflbat.pkl
359,rflbat,success,"[3, 79, 69, 76, 5, 31, 55, 99, 53, 85]","[3, 79, 69, 76, 5, 31, 55, 99, 53, 85]",[],10,10,"[""rflbat_first_distance_filter"", ""rflbat_cluster_filter"", ""rflbat_final_distance_filter""]",../main/re_result_6-29_APRA/cifar10_500_Jul.01_09.59.00_rflbat_fix_True_no-mia_no-mia-class_no-noise_sin-adv_DOBA/agg_records/pkl/round_0359_rflbat.pkl
360,rflbat,success,"[3, 62, 51, 28, 92, 82, 37, 2, 8, 75]","[3, 62, 51, 28, 92, 82, 37, 2, 8, 75]",[],10,10,"[""rflbat_first_distance_filter"", ""rflbat_cluster_filter"", ""rflbat_final_distance_filter""]",../main/re_result_6-29_APRA/cifar10_500_Jul.01_09.59.00_rflbat_fix_True_no-mia_no-mia-class_no-noise_sin-adv_DOBA/agg_records/pkl/round_0360_rflbat.pkl
361,rflbat,success,"[1, 70, 17, 86, 16, 12, 39, 48, 5, 18]","[1, 70, 17, 86, 16, 12, 39, 48, 5, 18]",[],10,10,"[""rflbat_first_distance_filter"", ""rflbat_cluster_filter"", ""rflbat_final_distance_filter""]",../main/re_result_6-29_APRA/cifar10_500_Jul.01_09.59.00_rflbat_fix_True_no-mia_no-mia-class_no-noise_sin-adv_DOBA/agg_records/pkl/round_0361_rflbat.pkl
362,rflbat,success,"[0, 6, 66, 17, 92, 43, 32, 82, 40, 14]","[0, 6, 66, 17, 92, 43, 82, 40, 14]",[32],10,9,"[""rflbat_first_distance_filter"", ""rflbat_cluster_filter"", ""rflbat_final_distance_filter""]",../main/re_result_6-29_APRA/cifar10_500_Jul.01_09.59.00_rflbat_fix_True_no-mia_no-mia-class_no-noise_sin-adv_DOBA/agg_records/pkl/round_0362_rflbat.pkl
363,rflbat,success,"[3, 45, 36, 34, 50, 57, 60, 85, 0, 68]","[3, 45, 36, 34, 50, 57, 60, 85, 0, 68]",[],10,10,"[""rflbat_first_distance_filter"", ""rflbat_cluster_filter"", ""rflbat_final_distance_filter""]",../main/re_result_6-29_APRA/cifar10_500_Jul.01_09.59.00_rflbat_fix_True_no-mia_no-mia-class_no-noise_sin-adv_DOBA/agg_records/pkl/round_0363_rflbat.pkl
364,rflbat,success,"[3, 74, 60, 30, 75, 39, 61, 26, 53, 96]","[3, 74, 60, 30, 75, 39, 61, 26, 53, 96]",[],10,10,"[""rflbat_first_distance_filter"", ""rflbat_cluster_filter"", ""rflbat_final_distance_filter""]",../main/re_result_6-29_APRA/cifar10_500_Jul.01_09.59.00_rflbat_fix_True_no-mia_no-mia-class_no-noise_sin-adv_DOBA/agg_records/pkl/round_0364_rflbat.pkl
365,rflbat,success,"[1, 39, 36, 72, 68, 9, 51, 33, 91, 47]","[1, 39, 36, 72, 68, 9, 51, 33, 91, 47]",[],10,10,"[""rflbat_first_distance_filter"", ""rflbat_cluster_filter"", ""rflbat_final_distance_filter""]",../main/re_result_6-29_APRA/cifar10_500_Jul.01_09.59.00_rflbat_fix_True_no-mia_no-mia-class_no-noise_sin-adv_DOBA/agg_records/pkl/round_0365_rflbat.pkl
366,rflbat,success,"[2, 19, 28, 74, 47, 36, 30, 55, 82, 40]","[2, 19, 28, 74, 47, 36, 30, 55, 82, 40]",[],10,10,"[""rflbat_first_distance_filter"", ""rflbat_cluster_filter"", ""rflbat_final_distance_filter""]",../main/re_result_6-29_APRA/cifar10_500_Jul.01_09.59.00_rflbat_fix_True_no-mia_no-mia-class_no-noise_sin-adv_DOBA/agg_records/pkl/round_0366_rflbat.pkl
367,rflbat,success,"[1, 27, 9, 55, 80, 52, 37, 13, 85, 59]","[1, 27, 9, 55, 80, 52, 37, 13, 85, 59]",[],10,10,"[""rflbat_first_distance_filter"", ""rflbat_cluster_filter"", ""rflbat_final_distance_filter""]",../main/re_result_6-29_APRA/cifar10_500_Jul.01_09.59.00_rflbat_fix_True_no-mia_no-mia-class_no-noise_sin-adv_DOBA/agg_records/pkl/round_0367_rflbat.pkl
368,rflbat,success,"[2, 85, 61, 46, 79, 83, 68, 40, 96, 13]","[2, 85, 61, 46, 79, 83, 68, 40, 96, 13]",[],10,10,"[""rflbat_first_distance_filter"", ""rflbat_cluster_filter"", ""rflbat_final_distance_filter""]",../main/re_result_6-29_APRA/cifar10_500_Jul.01_09.59.00_rflbat_fix_True_no-mia_no-mia-class_no-noise_sin-adv_DOBA/agg_records/pkl/round_0368_rflbat.pkl
369,rflbat,success,"[4, 80, 74, 38, 97, 65, 41, 14, 11, 83]","[4, 80, 74, 38, 97, 65, 41, 14, 11, 83]",[],10,10,"[""rflbat_first_distance_filter"", ""rflbat_cluster_filter"", ""rflbat_final_distance_filter""]",../main/re_result_6-29_APRA/cifar10_500_Jul.01_09.59.00_rflbat_fix_True_no-mia_no-mia-class_no-noise_sin-adv_DOBA/agg_records/pkl/round_0369_rflbat.pkl
370,rflbat,success,"[3, 37, 78, 46, 89, 1, 28, 68, 80, 48]","[3, 37, 78, 46, 89, 1, 28, 68, 80, 48]",[],10,10,"[""rflbat_first_distance_filter"", ""rflbat_cluster_filter"", ""rflbat_final_distance_filter""]",../main/re_result_6-29_APRA/cifar10_500_Jul.01_09.59.00_rflbat_fix_True_no-mia_no-mia-class_no-noise_sin-adv_DOBA/agg_records/pkl/round_0370_rflbat.pkl
371,rflbat,success,"[1, 7, 80, 25, 19, 22, 36, 45, 16, 61]","[1, 7, 80, 19, 22, 36, 45, 16, 61]",[25],10,9,"[""rflbat_first_distance_filter"", ""rflbat_cluster_filter"", ""rflbat_final_distance_filter""]",../main/re_result_6-29_APRA/cifar10_500_Jul.01_09.59.00_rflbat_fix_True_no-mia_no-mia-class_no-noise_sin-adv_DOBA/agg_records/pkl/round_0371_rflbat.pkl
372,rflbat,success,"[1, 32, 58, 59, 19, 75, 53, 86, 36, 16]","[1, 32, 58, 59, 19, 75, 53, 86, 36, 16]",[],10,10,"[""rflbat_first_distance_filter"", ""rflbat_cluster_filter"", ""rflbat_final_distance_filter""]",../main/re_result_6-29_APRA/cifar10_500_Jul.01_09.59.00_rflbat_fix_True_no-mia_no-mia-class_no-noise_sin-adv_DOBA/agg_records/pkl/round_0372_rflbat.pkl
373,rflbat,success,"[2, 78, 24, 16, 64, 20, 86, 14, 80, 68]","[2, 78, 24, 16, 64, 20, 86, 14, 80, 68]",[],10,10,"[""rflbat_first_distance_filter"", ""rflbat_cluster_filter"", ""rflbat_final_distance_filter""]",../main/re_result_6-29_APRA/cifar10_500_Jul.01_09.59.00_rflbat_fix_True_no-mia_no-mia-class_no-noise_sin-adv_DOBA/agg_records/pkl/round_0373_rflbat.pkl
374,rflbat,success,"[0, 16, 95, 11, 30, 9, 80, 10, 19, 55]","[0, 16, 95, 11, 30, 9, 80, 10, 19, 55]",[],10,10,"[""rflbat_first_distance_filter"", ""rflbat_cluster_filter"", ""rflbat_final_distance_filter""]",../main/re_result_6-29_APRA/cifar10_500_Jul.01_09.59.00_rflbat_fix_True_no-mia_no-mia-class_no-noise_sin-adv_DOBA/agg_records/pkl/round_0374_rflbat.pkl
375,rflbat,success,"[3, 25, 50, 51, 52, 24, 36, 82, 91, 92]","[3, 25, 50, 51, 52, 24, 36, 82, 91, 92]",[],10,10,"[""rflbat_first_distance_filter"", ""rflbat_cluster_filter"", ""rflbat_final_distance_filter""]",../main/re_result_6-29_APRA/cifar10_500_Jul.01_09.59.00_rflbat_fix_True_no-mia_no-mia-class_no-noise_sin-adv_DOBA/agg_records/pkl/round_0375_rflbat.pkl
376,rflbat,success,"[1, 74, 52, 82, 32, 18, 72, 7, 36, 96]","[1, 74, 52, 82, 32, 18, 72, 7, 36, 96]",[],10,10,"[""rflbat_first_distance_filter"", ""rflbat_cluster_filter"", ""rflbat_final_distance_filter""]",../main/re_result_6-29_APRA/cifar10_500_Jul.01_09.59.00_rflbat_fix_True_no-mia_no-mia-class_no-noise_sin-adv_DOBA/agg_records/pkl/round_0376_rflbat.pkl
377,rflbat,success,"[1, 4, 95, 81, 43, 11, 78, 98, 26, 52]","[1, 4, 95, 81, 43, 11, 78, 98, 26, 52]",[],10,10,"[""rflbat_first_distance_filter"", ""rflbat_cluster_filter"", ""rflbat_final_distance_filter""]",../main/re_result_6-29_APRA/cifar10_500_Jul.01_09.59.00_rflbat_fix_True_no-mia_no-mia-class_no-noise_sin-adv_DOBA/agg_records/pkl/round_0377_rflbat.pkl
378,rflbat,success,"[0, 94, 8, 35, 50, 43, 64, 44, 56, 23]","[94, 35, 50, 43, 64, 44, 56, 23]","[0, 8]",10,8,"[""rflbat_first_distance_filter"", ""rflbat_cluster_filter"", ""rflbat_final_distance_filter""]",../main/re_result_6-29_APRA/cifar10_500_Jul.01_09.59.00_rflbat_fix_True_no-mia_no-mia-class_no-noise_sin-adv_DOBA/agg_records/pkl/round_0378_rflbat.pkl
379,rflbat,success,"[4, 91, 42, 50, 93, 74, 8, 28, 19, 31]","[4, 91, 42, 50, 93, 74, 8, 28, 19, 31]",[],10,10,"[""rflbat_first_distance_filter"", ""rflbat_cluster_filter"", ""rflbat_final_distance_filter""]",../main/re_result_6-29_APRA/cifar10_500_Jul.01_09.59.00_rflbat_fix_True_no-mia_no-mia-class_no-noise_sin-adv_DOBA/agg_records/pkl/round_0379_rflbat.pkl
380,rflbat,success,"[3, 17, 87, 46, 75, 51, 76, 86, 7, 2]","[3, 17, 87, 46, 75, 51, 76, 86, 7, 2]",[],10,10,"[""rflbat_first_distance_filter"", ""rflbat_cluster_filter"", ""rflbat_final_distance_filter""]",../main/re_result_6-29_APRA/cifar10_500_Jul.01_09.59.00_rflbat_fix_True_no-mia_no-mia-class_no-noise_sin-adv_DOBA/agg_records/pkl/round_0380_rflbat.pkl
381,rflbat,success,"[2, 48, 52, 63, 45, 4, 11, 85, 28, 61]","[2, 52, 63, 45, 4, 11, 85, 28, 61]",[48],10,9,"[""rflbat_first_distance_filter"", ""rflbat_cluster_filter"", ""rflbat_final_distance_filter""]",../main/re_result_6-29_APRA/cifar10_500_Jul.01_09.59.00_rflbat_fix_True_no-mia_no-mia-class_no-noise_sin-adv_DOBA/agg_records/pkl/round_0381_rflbat.pkl
382,rflbat,success,"[3, 73, 18, 31, 30, 25, 63, 33, 95, 5]","[3, 18, 30, 25, 63, 33, 95, 5]","[73, 31]",10,8,"[""rflbat_first_distance_filter"", ""rflbat_cluster_filter"", ""rflbat_final_distance_filter""]",../main/re_result_6-29_APRA/cifar10_500_Jul.01_09.59.00_rflbat_fix_True_no-mia_no-mia-class_no-noise_sin-adv_DOBA/agg_records/pkl/round_0382_rflbat.pkl
383,rflbat,success,"[2, 10, 45, 27, 3, 75, 29, 61, 39, 18]","[2, 10, 45, 27, 3, 75, 29, 61, 39, 18]",[],10,10,"[""rflbat_first_distance_filter"", ""rflbat_cluster_filter"", ""rflbat_final_distance_filter""]",../main/re_result_6-29_APRA/cifar10_500_Jul.01_09.59.00_rflbat_fix_True_no-mia_no-mia-class_no-noise_sin-adv_DOBA/agg_records/pkl/round_0383_rflbat.pkl
384,rflbat,success,"[0, 69, 85, 65, 33, 13, 14, 18, 43, 89]","[0, 69, 85, 65, 33, 13, 14, 18, 43, 89]",[],10,10,"[""rflbat_first_distance_filter"", ""rflbat_cluster_filter"", ""rflbat_final_distance_filter""]",../main/re_result_6-29_APRA/cifar10_500_Jul.01_09.59.00_rflbat_fix_True_no-mia_no-mia-class_no-noise_sin-adv_DOBA/agg_records/pkl/round_0384_rflbat.pkl
385,rflbat,success,"[1, 55, 94, 46, 48, 71, 92, 51, 85, 95]","[1, 55, 94, 46, 71, 92, 51, 85, 95]",[48],10,9,"[""rflbat_first_distance_filter"", ""rflbat_cluster_filter"", ""rflbat_final_distance_filter""]",../main/re_result_6-29_APRA/cifar10_500_Jul.01_09.59.00_rflbat_fix_True_no-mia_no-mia-class_no-noise_sin-adv_DOBA/agg_records/pkl/round_0385_rflbat.pkl
386,rflbat,success,"[2, 20, 22, 45, 28, 63, 30, 89, 33, 81]","[2, 20, 22, 45, 28, 63, 30, 89, 33, 81]",[],10,10,"[""rflbat_first_distance_filter"", ""rflbat_cluster_filter"", ""rflbat_final_distance_filter""]",../main/re_result_6-29_APRA/cifar10_500_Jul.01_09.59.00_rflbat_fix_True_no-mia_no-mia-class_no-noise_sin-adv_DOBA/agg_records/pkl/round_0386_rflbat.pkl
387,rflbat,success,"[2, 89, 65, 85, 30, 73, 11, 64, 12, 23]","[2, 89, 65, 85, 11, 64, 12, 23]","[30, 73]",10,8,"[""rflbat_first_distance_filter"", ""rflbat_cluster_filter"", ""rflbat_final_distance_filter""]",../main/re_result_6-29_APRA/cifar10_500_Jul.01_09.59.00_rflbat_fix_True_no-mia_no-mia-class_no-noise_sin-adv_DOBA/agg_records/pkl/round_0387_rflbat.pkl
388,rflbat,success,"[1, 51, 94, 98, 47, 76, 68, 40, 39, 87]","[1, 51, 94, 98, 47, 76, 68, 40, 39, 87]",[],10,10,"[""rflbat_first_distance_filter"", ""rflbat_cluster_filter"", ""rflbat_final_distance_filter""]",../main/re_result_6-29_APRA/cifar10_500_Jul.01_09.59.00_rflbat_fix_True_no-mia_no-mia-class_no-noise_sin-adv_DOBA/agg_records/pkl/round_0388_rflbat.pkl
389,rflbat,success,"[4, 52, 3, 59, 48, 78, 49, 54, 61, 76]","[4, 52, 3, 59, 48, 78, 49, 54, 61, 76]",[],10,10,"[""rflbat_first_distance_filter"", ""rflbat_cluster_filter"", ""rflbat_final_distance_filter""]",../main/re_result_6-29_APRA/cifar10_500_Jul.01_09.59.00_rflbat_fix_True_no-mia_no-mia-class_no-noise_sin-adv_DOBA/agg_records/pkl/round_0389_rflbat.pkl
390,rflbat,success,"[2, 66, 13, 14, 34, 96, 61, 85, 33, 40]","[2, 66, 13, 14, 34, 96, 61, 85, 33, 40]",[],10,10,"[""rflbat_first_distance_filter"", ""rflbat_cluster_filter"", ""rflbat_final_distance_filter""]",../main/re_result_6-29_APRA/cifar10_500_Jul.01_09.59.00_rflbat_fix_True_no-mia_no-mia-class_no-noise_sin-adv_DOBA/agg_records/pkl/round_0390_rflbat.pkl
391,rflbat,success,"[3, 88, 79, 23, 82, 66, 27, 7, 13, 92]","[3, 88, 79, 23, 82, 66, 27, 7, 13, 92]",[],10,10,"[""rflbat_first_distance_filter"", ""rflbat_cluster_filter"", ""rflbat_final_distance_filter""]",../main/re_result_6-29_APRA/cifar10_500_Jul.01_09.59.00_rflbat_fix_True_no-mia_no-mia-class_no-noise_sin-adv_DOBA/agg_records/pkl/round_0391_rflbat.pkl
392,rflbat,success,"[1, 30, 78, 35, 5, 92, 96, 74, 12, 95]","[1, 30, 78, 35, 92, 96, 74, 12, 95]",[5],10,9,"[""rflbat_first_distance_filter"", ""rflbat_cluster_filter"", ""rflbat_final_distance_filter""]",../main/re_result_6-29_APRA/cifar10_500_Jul.01_09.59.00_rflbat_fix_True_no-mia_no-mia-class_no-noise_sin-adv_DOBA/agg_records/pkl/round_0392_rflbat.pkl
393,rflbat,success,"[2, 41, 27, 97, 16, 24, 57, 34, 91, 80]","[2, 41, 27, 97, 16, 24, 57, 34, 91, 80]",[],10,10,"[""rflbat_first_distance_filter"", ""rflbat_cluster_filter"", ""rflbat_final_distance_filter""]",../main/re_result_6-29_APRA/cifar10_500_Jul.01_09.59.00_rflbat_fix_True_no-mia_no-mia-class_no-noise_sin-adv_DOBA/agg_records/pkl/round_0393_rflbat.pkl
394,rflbat,success,"[2, 84, 37, 16, 11, 82, 45, 75, 20, 3]","[2, 84, 37, 16, 11, 82, 45, 75, 20, 3]",[],10,10,"[""rflbat_first_distance_filter"", ""rflbat_cluster_filter"", ""rflbat_final_distance_filter""]",../main/re_result_6-29_APRA/cifar10_500_Jul.01_09.59.00_rflbat_fix_True_no-mia_no-mia-class_no-noise_sin-adv_DOBA/agg_records/pkl/round_0394_rflbat.pkl
395,rflbat,success,"[2, 12, 22, 17, 52, 59, 31, 43, 49, 30]","[2, 12, 22, 17, 52, 59, 31, 43, 49]",[30],10,9,"[""rflbat_first_distance_filter"", ""rflbat_cluster_filter"", ""rflbat_final_distance_filter""]",../main/re_result_6-29_APRA/cifar10_500_Jul.01_09.59.00_rflbat_fix_True_no-mia_no-mia-class_no-noise_sin-adv_DOBA/agg_records/pkl/round_0395_rflbat.pkl
396,rflbat,success,"[0, 35, 24, 17, 98, 76, 64, 32, 30, 74]","[0, 35, 24, 17, 98, 76, 64, 32, 30, 74]",[],10,10,"[""rflbat_first_distance_filter"", ""rflbat_cluster_filter"", ""rflbat_final_distance_filter""]",../main/re_result_6-29_APRA/cifar10_500_Jul.01_09.59.00_rflbat_fix_True_no-mia_no-mia-class_no-noise_sin-adv_DOBA/agg_records/pkl/round_0396_rflbat.pkl
397,rflbat,success,"[0, 9, 1, 69, 22, 31, 72, 14, 84, 44]","[0, 9, 1, 69, 22, 72, 14, 84, 44]",[31],10,9,"[""rflbat_first_distance_filter"", ""rflbat_cluster_filter"", ""rflbat_final_distance_filter""]",../main/re_result_6-29_APRA/cifar10_500_Jul.01_09.59.00_rflbat_fix_True_no-mia_no-mia-class_no-noise_sin-adv_DOBA/agg_records/pkl/round_0397_rflbat.pkl
398,rflbat,success,"[0, 97, 63, 91, 30, 12, 94, 28, 83, 80]","[0, 97, 63, 91, 30, 12, 94, 28, 83, 80]",[],10,10,"[""rflbat_first_distance_filter"", ""rflbat_cluster_filter"", ""rflbat_final_distance_filter""]",../main/re_result_6-29_APRA/cifar10_500_Jul.01_09.59.00_rflbat_fix_True_no-mia_no-mia-class_no-noise_sin-adv_DOBA/agg_records/pkl/round_0398_rflbat.pkl
399,rflbat,success,"[3, 62, 89, 45, 34, 10, 61, 23, 83, 38]","[3, 62, 89, 45, 34, 10, 61, 23, 83, 38]",[],10,10,"[""rflbat_first_distance_filter"", ""rflbat_cluster_filter"", ""rflbat_final_distance_filter""]",../main/re_result_6-29_APRA/cifar10_500_Jul.01_09.59.00_rflbat_fix_True_no-mia_no-mia-class_no-noise_sin-adv_DOBA/agg_records/pkl/round_0399_rflbat.pkl
400,rflbat,success,"[4, 16, 50, 28, 82, 20, 2, 95, 21, 81]","[4, 16, 50, 28, 82, 20, 2, 95, 21, 81]",[],10,10,"[""rflbat_first_distance_filter"", ""rflbat_cluster_filter"", ""rflbat_final_distance_filter""]",../main/re_result_6-29_APRA/cifar10_500_Jul.01_09.59.00_rflbat_fix_True_no-mia_no-mia-class_no-noise_sin-adv_DOBA/agg_records/pkl/round_0400_rflbat.pkl
401,rflbat,success,"[0, 68, 12, 87, 76, 10, 48, 30, 33, 63]","[0, 68, 12, 87, 76, 10, 48, 30, 33, 63]",[],10,10,"[""rflbat_first_distance_filter"", ""rflbat_cluster_filter"", ""rflbat_final_distance_filter""]",../main/re_result_6-29_APRA/cifar10_500_Jul.01_09.59.00_rflbat_fix_True_no-mia_no-mia-class_no-noise_sin-adv_DOBA/agg_records/pkl/round_0401_rflbat.pkl
402,rflbat,success,"[4, 19, 97, 54, 33, 72, 91, 39, 87, 96]","[4, 19, 97, 54, 33, 72, 91, 39, 87, 96]",[],10,10,"[""rflbat_first_distance_filter"", ""rflbat_cluster_filter"", ""rflbat_final_distance_filter""]",../main/re_result_6-29_APRA/cifar10_500_Jul.01_09.59.00_rflbat_fix_True_no-mia_no-mia-class_no-noise_sin-adv_DOBA/agg_records/pkl/round_0402_rflbat.pkl
403,rflbat,success,"[2, 96, 28, 35, 10, 64, 25, 72, 36, 40]","[2, 96, 28, 35, 10, 64, 25, 72, 36, 40]",[],10,10,"[""rflbat_first_distance_filter"", ""rflbat_cluster_filter"", ""rflbat_final_distance_filter""]",../main/re_result_6-29_APRA/cifar10_500_Jul.01_09.59.00_rflbat_fix_True_no-mia_no-mia-class_no-noise_sin-adv_DOBA/agg_records/pkl/round_0403_rflbat.pkl
404,rflbat,success,"[3, 44, 36, 92, 6, 88, 27, 68, 93, 11]","[3, 44, 36, 92, 6, 88, 27, 68, 93, 11]",[],10,10,"[""rflbat_first_distance_filter"", ""rflbat_cluster_filter"", ""rflbat_final_distance_filter""]",../main/re_result_6-29_APRA/cifar10_500_Jul.01_09.59.00_rflbat_fix_True_no-mia_no-mia-class_no-noise_sin-adv_DOBA/agg_records/pkl/round_0404_rflbat.pkl
405,rflbat,success,"[3, 76, 86, 56, 64, 71, 32, 90, 7, 2]","[3, 76, 86, 56, 64, 32, 90, 7, 2]",[71],10,9,"[""rflbat_first_distance_filter"", ""rflbat_cluster_filter"", ""rflbat_final_distance_filter""]",../main/re_result_6-29_APRA/cifar10_500_Jul.01_09.59.00_rflbat_fix_True_no-mia_no-mia-class_no-noise_sin-adv_DOBA/agg_records/pkl/round_0405_rflbat.pkl
406,rflbat,success,"[2, 6, 36, 99, 41, 13, 60, 51, 37, 61]","[2, 6, 36, 99, 41, 13, 60, 51, 37, 61]",[],10,10,"[""rflbat_first_distance_filter"", ""rflbat_cluster_filter"", ""rflbat_final_distance_filter""]",../main/re_result_6-29_APRA/cifar10_500_Jul.01_09.59.00_rflbat_fix_True_no-mia_no-mia-class_no-noise_sin-adv_DOBA/agg_records/pkl/round_0406_rflbat.pkl
407,rflbat,success,"[0, 14, 43, 80, 50, 97, 99, 23, 37, 12]","[0, 14, 43, 80, 50, 99, 23, 37, 12]",[97],10,9,"[""rflbat_first_distance_filter"", ""rflbat_cluster_filter"", ""rflbat_final_distance_filter""]",../main/re_result_6-29_APRA/cifar10_500_Jul.01_09.59.00_rflbat_fix_True_no-mia_no-mia-class_no-noise_sin-adv_DOBA/agg_records/pkl/round_0407_rflbat.pkl
408,rflbat,success,"[2, 20, 83, 24, 89, 70, 93, 42, 41, 53]","[2, 83, 24, 89, 70, 93, 42, 41, 53]",[20],10,9,"[""rflbat_first_distance_filter"", ""rflbat_cluster_filter"", ""rflbat_final_distance_filter""]",../main/re_result_6-29_APRA/cifar10_500_Jul.01_09.59.00_rflbat_fix_True_no-mia_no-mia-class_no-noise_sin-adv_DOBA/agg_records/pkl/round_0408_rflbat.pkl
409,rflbat,success,"[0, 47, 3, 28, 16, 56, 24, 87, 9, 8]","[0, 47, 3, 28, 16, 56, 24, 87, 9, 8]",[],10,10,"[""rflbat_first_distance_filter"", ""rflbat_cluster_filter"", ""rflbat_final_distance_filter""]",../main/re_result_6-29_APRA/cifar10_500_Jul.01_09.59.00_rflbat_fix_True_no-mia_no-mia-class_no-noise_sin-adv_DOBA/agg_records/pkl/round_0409_rflbat.pkl
410,rflbat,success,"[3, 89, 70, 27, 17, 31, 14, 32, 83, 82]","[3, 89, 70, 27, 17, 31, 14, 32, 83, 82]",[],10,10,"[""rflbat_first_distance_filter"", ""rflbat_cluster_filter"", ""rflbat_final_distance_filter""]",../main/re_result_6-29_APRA/cifar10_500_Jul.01_09.59.00_rflbat_fix_True_no-mia_no-mia-class_no-noise_sin-adv_DOBA/agg_records/pkl/round_0410_rflbat.pkl
411,rflbat,success,"[0, 25, 58, 63, 45, 1, 86, 85, 17, 10]","[25, 58, 63, 45, 1, 86, 85, 17, 10]",[0],10,9,"[""rflbat_first_distance_filter"", ""rflbat_cluster_filter"", ""rflbat_final_distance_filter""]",../main/re_result_6-29_APRA/cifar10_500_Jul.01_09.59.00_rflbat_fix_True_no-mia_no-mia-class_no-noise_sin-adv_DOBA/agg_records/pkl/round_0411_rflbat.pkl
412,rflbat,success,"[1, 4, 54, 70, 64, 73, 41, 5, 28, 18]","[1, 4, 54, 70, 64, 73, 41, 5, 28, 18]",[],10,10,"[""rflbat_first_distance_filter"", ""rflbat_cluster_filter"", ""rflbat_final_distance_filter""]",../main/re_result_6-29_APRA/cifar10_500_Jul.01_09.59.00_rflbat_fix_True_no-mia_no-mia-class_no-noise_sin-adv_DOBA/agg_records/pkl/round_0412_rflbat.pkl
413,rflbat,success,"[4, 71, 68, 57, 52, 33, 0, 55, 84, 19]","[4, 71, 68, 57, 52, 33, 55, 84, 19]",[0],10,9,"[""rflbat_first_distance_filter"", ""rflbat_cluster_filter"", ""rflbat_final_distance_filter""]",../main/re_result_6-29_APRA/cifar10_500_Jul.01_09.59.00_rflbat_fix_True_no-mia_no-mia-class_no-noise_sin-adv_DOBA/agg_records/pkl/round_0413_rflbat.pkl
414,rflbat,success,"[0, 78, 68, 98, 49, 67, 96, 23, 21, 41]","[0, 78, 68, 98, 49, 67, 96, 23, 21, 41]",[],10,10,"[""rflbat_first_distance_filter"", ""rflbat_cluster_filter"", ""rflbat_final_distance_filter""]",../main/re_result_6-29_APRA/cifar10_500_Jul.01_09.59.00_rflbat_fix_True_no-mia_no-mia-class_no-noise_sin-adv_DOBA/agg_records/pkl/round_0414_rflbat.pkl
415,rflbat,success,"[4, 13, 43, 24, 28, 91, 1, 51, 50, 42]","[4, 13, 43, 24, 28, 91, 1, 51, 50, 42]",[],10,10,"[""rflbat_first_distance_filter"", ""rflbat_cluster_filter"", ""rflbat_final_distance_filter""]",../main/re_result_6-29_APRA/cifar10_500_Jul.01_09.59.00_rflbat_fix_True_no-mia_no-mia-class_no-noise_sin-adv_DOBA/agg_records/pkl/round_0415_rflbat.pkl
416,rflbat,success,"[1, 59, 72, 14, 49, 45, 80, 34, 10, 12]","[1, 59, 72, 14, 49, 45, 80, 34, 12]",[10],10,9,"[""rflbat_first_distance_filter"", ""rflbat_cluster_filter"", ""rflbat_final_distance_filter""]",../main/re_result_6-29_APRA/cifar10_500_Jul.01_09.59.00_rflbat_fix_True_no-mia_no-mia-class_no-noise_sin-adv_DOBA/agg_records/pkl/round_0416_rflbat.pkl
417,rflbat,success,"[1, 32, 66, 85, 50, 62, 34, 57, 54, 68]","[1, 32, 50, 34, 57, 68]","[66, 85, 62, 54]",10,6,"[""rflbat_first_distance_filter"", ""rflbat_cluster_filter"", ""rflbat_final_distance_filter""]",../main/re_result_6-29_APRA/cifar10_500_Jul.01_09.59.00_rflbat_fix_True_no-mia_no-mia-class_no-noise_sin-adv_DOBA/agg_records/pkl/round_0417_rflbat.pkl
418,rflbat,success,"[4, 85, 38, 17, 52, 65, 45, 8, 42, 19]","[4, 85, 38, 17, 52, 65, 45, 8, 19]",[42],10,9,"[""rflbat_first_distance_filter"", ""rflbat_cluster_filter"", ""rflbat_final_distance_filter""]",../main/re_result_6-29_APRA/cifar10_500_Jul.01_09.59.00_rflbat_fix_True_no-mia_no-mia-class_no-noise_sin-adv_DOBA/agg_records/pkl/round_0418_rflbat.pkl
419,rflbat,success,"[1, 71, 78, 75, 98, 45, 66, 72, 95, 76]","[1, 71, 78, 75, 98, 45, 66, 72, 76]",[95],10,9,"[""rflbat_first_distance_filter"", ""rflbat_cluster_filter"", ""rflbat_final_distance_filter""]",../main/re_result_6-29_APRA/cifar10_500_Jul.01_09.59.00_rflbat_fix_True_no-mia_no-mia-class_no-noise_sin-adv_DOBA/agg_records/pkl/round_0419_rflbat.pkl
420,rflbat,success,"[2, 36, 24, 83, 52, 43, 93, 1, 73, 95]","[2, 36, 24, 83, 52, 43, 93, 1, 73, 95]",[],10,10,"[""rflbat_first_distance_filter"", ""rflbat_cluster_filter"", ""rflbat_final_distance_filter""]",../main/re_result_6-29_APRA/cifar10_500_Jul.01_09.59.00_rflbat_fix_True_no-mia_no-mia-class_no-noise_sin-adv_DOBA/agg_records/pkl/round_0420_rflbat.pkl
421,rflbat,success,"[4, 80, 47, 31, 45, 61, 43, 23, 87, 2]","[4, 80, 47, 31, 45, 61, 43, 23, 87, 2]",[],10,10,"[""rflbat_first_distance_filter"", ""rflbat_cluster_filter"", ""rflbat_final_distance_filter""]",../main/re_result_6-29_APRA/cifar10_500_Jul.01_09.59.00_rflbat_fix_True_no-mia_no-mia-class_no-noise_sin-adv_DOBA/agg_records/pkl/round_0421_rflbat.pkl
422,rflbat,success,"[1, 58, 46, 65, 89, 62, 29, 53, 18, 11]","[1, 58, 46, 65, 89, 62, 29, 53, 18, 11]",[],10,10,"[""rflbat_first_distance_filter"", ""rflbat_cluster_filter"", ""rflbat_final_distance_filter""]",../main/re_result_6-29_APRA/cifar10_500_Jul.01_09.59.00_rflbat_fix_True_no-mia_no-mia-class_no-noise_sin-adv_DOBA/agg_records/pkl/round_0422_rflbat.pkl
423,rflbat,success,"[0, 26, 90, 74, 49, 17, 84, 69, 54, 30]","[0, 26, 90, 74, 49, 17, 84, 69, 54, 30]",[],10,10,"[""rflbat_first_distance_filter"", ""rflbat_cluster_filter"", ""rflbat_final_distance_filter""]",../main/re_result_6-29_APRA/cifar10_500_Jul.01_09.59.00_rflbat_fix_True_no-mia_no-mia-class_no-noise_sin-adv_DOBA/agg_records/pkl/round_0423_rflbat.pkl
424,rflbat,success,"[1, 83, 70, 69, 4, 39, 23, 53, 97, 85]","[1, 83, 70, 69, 4, 39, 23, 53, 97, 85]",[],10,10,"[""rflbat_first_distance_filter"", ""rflbat_cluster_filter"", ""rflbat_final_distance_filter""]",../main/re_result_6-29_APRA/cifar10_500_Jul.01_09.59.00_rflbat_fix_True_no-mia_no-mia-class_no-noise_sin-adv_DOBA/agg_records/pkl/round_0424_rflbat.pkl
425,rflbat,success,"[0, 12, 19, 89, 93, 95, 35, 14, 4, 25]","[12, 19, 89, 93, 95, 35, 14, 4, 25]",[0],10,9,"[""rflbat_first_distance_filter"", ""rflbat_cluster_filter"", ""rflbat_final_distance_filter""]",../main/re_result_6-29_APRA/cifar10_500_Jul.01_09.59.00_rflbat_fix_True_no-mia_no-mia-class_no-noise_sin-adv_DOBA/agg_records/pkl/round_0425_rflbat.pkl
426,rflbat,success,"[2, 86, 29, 78, 26, 79, 80, 95, 30, 40]","[2, 86, 29, 78, 79, 80, 95, 30, 40]",[26],10,9,"[""rflbat_first_distance_filter"", ""rflbat_cluster_filter"", ""rflbat_final_distance_filter""]",../main/re_result_6-29_APRA/cifar10_500_Jul.01_09.59.00_rflbat_fix_True_no-mia_no-mia-class_no-noise_sin-adv_DOBA/agg_records/pkl/round_0426_rflbat.pkl
427,rflbat,success,"[2, 76, 96, 19, 29, 89, 49, 37, 14, 79]","[2, 76, 96, 19, 29, 89, 49, 37, 14, 79]",[],10,10,"[""rflbat_first_distance_filter"", ""rflbat_cluster_filter"", ""rflbat_final_distance_filter""]",../main/re_result_6-29_APRA/cifar10_500_Jul.01_09.59.00_rflbat_fix_True_no-mia_no-mia-class_no-noise_sin-adv_DOBA/agg_records/pkl/round_0427_rflbat.pkl
428,rflbat,success,"[3, 28, 29, 37, 50, 97, 98, 63, 71, 23]","[3, 28, 29, 37, 50, 97, 98, 63, 71, 23]",[],10,10,"[""rflbat_first_distance_filter"", ""rflbat_cluster_filter"", ""rflbat_final_distance_filter""]",../main/re_result_6-29_APRA/cifar10_500_Jul.01_09.59.00_rflbat_fix_True_no-mia_no-mia-class_no-noise_sin-adv_DOBA/agg_records/pkl/round_0428_rflbat.pkl
429,rflbat,success,"[1, 4, 86, 88, 25, 5, 61, 64, 20, 48]","[1, 4, 86, 88, 25, 61, 64, 20, 48]",[5],10,9,"[""rflbat_first_distance_filter"", ""rflbat_cluster_filter"", ""rflbat_final_distance_filter""]",../main/re_result_6-29_APRA/cifar10_500_Jul.01_09.59.00_rflbat_fix_True_no-mia_no-mia-class_no-noise_sin-adv_DOBA/agg_records/pkl/round_0429_rflbat.pkl
430,rflbat,success,"[3, 35, 68, 49, 21, 82, 23, 67, 45, 57]","[3, 35, 68, 49, 21, 82, 23, 67, 45, 57]",[],10,10,"[""rflbat_first_distance_filter"", ""rflbat_cluster_filter"", ""rflbat_final_distance_filter""]",../main/re_result_6-29_APRA/cifar10_500_Jul.01_09.59.00_rflbat_fix_True_no-mia_no-mia-class_no-noise_sin-adv_DOBA/agg_records/pkl/round_0430_rflbat.pkl
431,rflbat,success,"[2, 0, 9, 37, 38, 69, 7, 11, 28, 6]","[2, 0, 9, 37, 38, 69, 7, 11, 28, 6]",[],10,10,"[""rflbat_first_distance_filter"", ""rflbat_cluster_filter"", ""rflbat_final_distance_filter""]",../main/re_result_6-29_APRA/cifar10_500_Jul.01_09.59.00_rflbat_fix_True_no-mia_no-mia-class_no-noise_sin-adv_DOBA/agg_records/pkl/round_0431_rflbat.pkl
432,rflbat,success,"[0, 9, 30, 36, 58, 1, 99, 86, 78, 48]","[0, 9, 30, 36, 58, 1, 99, 86, 78, 48]",[],10,10,"[""rflbat_first_distance_filter"", ""rflbat_cluster_filter"", ""rflbat_final_distance_filter""]",../main/re_result_6-29_APRA/cifar10_500_Jul.01_09.59.00_rflbat_fix_True_no-mia_no-mia-class_no-noise_sin-adv_DOBA/agg_records/pkl/round_0432_rflbat.pkl
433,rflbat,success,"[1, 71, 97, 0, 27, 40, 24, 77, 23, 8]","[1, 97, 0, 27, 40, 24, 77, 23, 8]",[71],10,9,"[""rflbat_first_distance_filter"", ""rflbat_cluster_filter"", ""rflbat_final_distance_filter""]",../main/re_result_6-29_APRA/cifar10_500_Jul.01_09.59.00_rflbat_fix_True_no-mia_no-mia-class_no-noise_sin-adv_DOBA/agg_records/pkl/round_0433_rflbat.pkl
434,rflbat,success,"[4, 80, 6, 87, 24, 1, 7, 76, 79, 70]","[4, 80, 6, 87, 24, 1, 7, 76, 79, 70]",[],10,10,"[""rflbat_first_distance_filter"", ""rflbat_cluster_filter"", ""rflbat_final_distance_filter""]",../main/re_result_6-29_APRA/cifar10_500_Jul.01_09.59.00_rflbat_fix_True_no-mia_no-mia-class_no-noise_sin-adv_DOBA/agg_records/pkl/round_0434_rflbat.pkl
435,rflbat,success,"[2, 0, 98, 99, 58, 89, 34, 92, 91, 20]","[2, 0, 98, 99, 58, 89, 34, 92, 91]",[20],10,9,"[""rflbat_first_distance_filter"", ""rflbat_cluster_filter"", ""rflbat_final_distance_filter""]",../main/re_result_6-29_APRA/cifar10_500_Jul.01_09.59.00_rflbat_fix_True_no-mia_no-mia-class_no-noise_sin-adv_DOBA/agg_records/pkl/round_0435_rflbat.pkl
436,rflbat,success,"[3, 23, 62, 41, 60, 18, 97, 58, 31, 57]","[3, 23, 62, 41, 60, 18, 97, 58, 31, 57]",[],10,10,"[""rflbat_first_distance_filter"", ""rflbat_cluster_filter"", ""rflbat_final_distance_filter""]",../main/re_result_6-29_APRA/cifar10_500_Jul.01_09.59.00_rflbat_fix_True_no-mia_no-mia-class_no-noise_sin-adv_DOBA/agg_records/pkl/round_0436_rflbat.pkl
437,rflbat,success,"[2, 51, 23, 28, 72, 15, 83, 55, 30, 31]","[2, 51, 23, 28, 72, 15, 83, 55, 30, 31]",[],10,10,"[""rflbat_first_distance_filter"", ""rflbat_cluster_filter"", ""rflbat_final_distance_filter""]",../main/re_result_6-29_APRA/cifar10_500_Jul.01_09.59.00_rflbat_fix_True_no-mia_no-mia-class_no-noise_sin-adv_DOBA/agg_records/pkl/round_0437_rflbat.pkl
438,rflbat,success,"[3, 81, 51, 31, 20, 2, 94, 34, 39, 89]","[3, 81, 51, 31, 20, 2, 94, 34, 39, 89]",[],10,10,"[""rflbat_first_distance_filter"", ""rflbat_cluster_filter"", ""rflbat_final_distance_filter""]",../main/re_result_6-29_APRA/cifar10_500_Jul.01_09.59.00_rflbat_fix_True_no-mia_no-mia-class_no-noise_sin-adv_DOBA/agg_records/pkl/round_0438_rflbat.pkl
439,rflbat,success,"[1, 47, 11, 81, 71, 84, 86, 27, 63, 26]","[1, 47, 11, 81, 71, 84, 86, 27, 63, 26]",[],10,10,"[""rflbat_first_distance_filter"", ""rflbat_cluster_filter"", ""rflbat_final_distance_filter""]",../main/re_result_6-29_APRA/cifar10_500_Jul.01_09.59.00_rflbat_fix_True_no-mia_no-mia-class_no-noise_sin-adv_DOBA/agg_records/pkl/round_0439_rflbat.pkl
440,rflbat,success,"[4, 60, 14, 81, 22, 93, 82, 67, 89, 16]","[4, 60, 14, 81, 22, 93, 82, 67, 89, 16]",[],10,10,"[""rflbat_first_distance_filter"", ""rflbat_cluster_filter"", ""rflbat_final_distance_filter""]",../main/re_result_6-29_APRA/cifar10_500_Jul.01_09.59.00_rflbat_fix_True_no-mia_no-mia-class_no-noise_sin-adv_DOBA/agg_records/pkl/round_0440_rflbat.pkl
441,rflbat,success,"[3, 11, 75, 69, 57, 8, 33, 27, 26, 97]","[3, 11, 75, 69, 57, 8, 33, 27, 26, 97]",[],10,10,"[""rflbat_first_distance_filter"", ""rflbat_cluster_filter"", ""rflbat_final_distance_filter""]",../main/re_result_6-29_APRA/cifar10_500_Jul.01_09.59.00_rflbat_fix_True_no-mia_no-mia-class_no-noise_sin-adv_DOBA/agg_records/pkl/round_0441_rflbat.pkl
442,rflbat,success,"[2, 76, 54, 82, 31, 17, 35, 1, 27, 7]","[2, 76, 54, 82, 31, 17, 35, 1, 27, 7]",[],10,10,"[""rflbat_first_distance_filter"", ""rflbat_cluster_filter"", ""rflbat_final_distance_filter""]",../main/re_result_6-29_APRA/cifar10_500_Jul.01_09.59.00_rflbat_fix_True_no-mia_no-mia-class_no-noise_sin-adv_DOBA/agg_records/pkl/round_0442_rflbat.pkl
443,rflbat,success,"[3, 98, 66, 5, 58, 87, 29, 75, 41, 18]","[3, 98, 66, 5, 58, 87, 29, 75, 41, 18]",[],10,10,"[""rflbat_first_distance_filter"", ""rflbat_cluster_filter"", ""rflbat_final_distance_filter""]",../main/re_result_6-29_APRA/cifar10_500_Jul.01_09.59.00_rflbat_fix_True_no-mia_no-mia-class_no-noise_sin-adv_DOBA/agg_records/pkl/round_0443_rflbat.pkl
444,rflbat,success,"[4, 60, 3, 61, 6, 22, 52, 90, 70, 82]","[60, 3, 61, 6, 22, 52, 90, 70, 82]",[4],10,9,"[""rflbat_first_distance_filter"", ""rflbat_cluster_filter"", ""rflbat_final_distance_filter""]",../main/re_result_6-29_APRA/cifar10_500_Jul.01_09.59.00_rflbat_fix_True_no-mia_no-mia-class_no-noise_sin-adv_DOBA/agg_records/pkl/round_0444_rflbat.pkl
445,rflbat,success,"[4, 23, 92, 64, 44, 8, 71, 98, 27, 99]","[4, 23, 92, 64, 44, 8, 71, 98, 27, 99]",[],10,10,"[""rflbat_first_distance_filter"", ""rflbat_cluster_filter"", ""rflbat_final_distance_filter""]",../main/re_result_6-29_APRA/cifar10_500_Jul.01_09.59.00_rflbat_fix_True_no-mia_no-mia-class_no-noise_sin-adv_DOBA/agg_records/pkl/round_0445_rflbat.pkl
446,rflbat,success,"[4, 97, 87, 6, 76, 36, 11, 56, 12, 55]","[4, 97, 87, 6, 76, 36, 11, 56, 12, 55]",[],10,10,"[""rflbat_first_distance_filter"", ""rflbat_cluster_filter"", ""rflbat_final_distance_filter""]",../main/re_result_6-29_APRA/cifar10_500_Jul.01_09.59.00_rflbat_fix_True_no-mia_no-mia-class_no-noise_sin-adv_DOBA/agg_records/pkl/round_0446_rflbat.pkl
447,rflbat,success,"[1, 24, 12, 57, 18, 35, 8, 10, 2, 68]","[1, 24, 12, 57, 18, 35, 8, 10, 2, 68]",[],10,10,"[""rflbat_first_distance_filter"", ""rflbat_cluster_filter"", ""rflbat_final_distance_filter""]",../main/re_result_6-29_APRA/cifar10_500_Jul.01_09.59.00_rflbat_fix_True_no-mia_no-mia-class_no-noise_sin-adv_DOBA/agg_records/pkl/round_0447_rflbat.pkl
448,rflbat,success,"[4, 68, 57, 96, 46, 7, 12, 94, 8, 88]","[4, 68, 57, 96, 46, 7, 12, 94, 8, 88]",[],10,10,"[""rflbat_first_distance_filter"", ""rflbat_cluster_filter"", ""rflbat_final_distance_filter""]",../main/re_result_6-29_APRA/cifar10_500_Jul.01_09.59.00_rflbat_fix_True_no-mia_no-mia-class_no-noise_sin-adv_DOBA/agg_records/pkl/round_0448_rflbat.pkl
449,rflbat,success,"[0, 66, 67, 24, 69, 81, 47, 58, 95, 82]","[0, 66, 67, 24, 69, 81, 47, 58, 95, 82]",[],10,10,"[""rflbat_first_distance_filter"", ""rflbat_cluster_filter"", ""rflbat_final_distance_filter""]",../main/re_result_6-29_APRA/cifar10_500_Jul.01_09.59.00_rflbat_fix_True_no-mia_no-mia-class_no-noise_sin-adv_DOBA/agg_records/pkl/round_0449_rflbat.pkl
450,rflbat,success,"[4, 48, 57, 38, 75, 56, 92, 6, 46, 74]","[4, 48, 57, 38, 75, 56, 92, 6, 46, 74]",[],10,10,"[""rflbat_first_distance_filter"", ""rflbat_cluster_filter"", ""rflbat_final_distance_filter""]",../main/re_result_6-29_APRA/cifar10_500_Jul.01_09.59.00_rflbat_fix_True_no-mia_no-mia-class_no-noise_sin-adv_DOBA/agg_records/pkl/round_0450_rflbat.pkl
451,rflbat,success,"[2, 12, 62, 11, 54, 39, 97, 27, 58, 86]","[2, 12, 62, 11, 54, 39, 97, 27, 58, 86]",[],10,10,"[""rflbat_first_distance_filter"", ""rflbat_cluster_filter"", ""rflbat_final_distance_filter""]",../main/re_result_6-29_APRA/cifar10_500_Jul.01_09.59.00_rflbat_fix_True_no-mia_no-mia-class_no-noise_sin-adv_DOBA/agg_records/pkl/round_0451_rflbat.pkl
452,rflbat,success,"[3, 21, 86, 81, 55, 98, 33, 73, 36, 6]","[3, 21, 86, 81, 98, 33, 36, 6]","[55, 73]",10,8,"[""rflbat_first_distance_filter"", ""rflbat_cluster_filter"", ""rflbat_final_distance_filter""]",../main/re_result_6-29_APRA/cifar10_500_Jul.01_09.59.00_rflbat_fix_True_no-mia_no-mia-class_no-noise_sin-adv_DOBA/agg_records/pkl/round_0452_rflbat.pkl
453,rflbat,success,"[4, 45, 31, 91, 9, 76, 59, 38, 13, 67]","[45, 31, 91, 9, 76, 59, 38, 13, 67]",[4],10,9,"[""rflbat_first_distance_filter"", ""rflbat_cluster_filter"", ""rflbat_final_distance_filter""]",../main/re_result_6-29_APRA/cifar10_500_Jul.01_09.59.00_rflbat_fix_True_no-mia_no-mia-class_no-noise_sin-adv_DOBA/agg_records/pkl/round_0453_rflbat.pkl
454,rflbat,success,"[3, 24, 13, 38, 36, 74, 12, 9, 66, 46]","[3, 24, 13, 38, 36, 74, 12, 9, 66, 46]",[],10,10,"[""rflbat_first_distance_filter"", ""rflbat_cluster_filter"", ""rflbat_final_distance_filter""]",../main/re_result_6-29_APRA/cifar10_500_Jul.01_09.59.00_rflbat_fix_True_no-mia_no-mia-class_no-noise_sin-adv_DOBA/agg_records/pkl/round_0454_rflbat.pkl
455,rflbat,success,"[3, 26, 69, 89, 0, 35, 92, 83, 12, 78]","[3, 69, 89, 35, 92, 83, 12, 78]","[26, 0]",10,8,"[""rflbat_first_distance_filter"", ""rflbat_cluster_filter"", ""rflbat_final_distance_filter""]",../main/re_result_6-29_APRA/cifar10_500_Jul.01_09.59.00_rflbat_fix_True_no-mia_no-mia-class_no-noise_sin-adv_DOBA/agg_records/pkl/round_0455_rflbat.pkl
456,rflbat,success,"[0, 49, 33, 53, 64, 54, 96, 9, 45, 52]","[0, 49, 33, 53, 64, 96, 9, 45, 52]",[54],10,9,"[""rflbat_first_distance_filter"", ""rflbat_cluster_filter"", ""rflbat_final_distance_filter""]",../main/re_result_6-29_APRA/cifar10_500_Jul.01_09.59.00_rflbat_fix_True_no-mia_no-mia-class_no-noise_sin-adv_DOBA/agg_records/pkl/round_0456_rflbat.pkl
457,rflbat,success,"[1, 49, 18, 19, 98, 48, 39, 25, 40, 71]","[1, 49, 18, 19, 98, 48, 39, 25, 40, 71]",[],10,10,"[""rflbat_first_distance_filter"", ""rflbat_cluster_filter"", ""rflbat_final_distance_filter""]",../main/re_result_6-29_APRA/cifar10_500_Jul.01_09.59.00_rflbat_fix_True_no-mia_no-mia-class_no-noise_sin-adv_DOBA/agg_records/pkl/round_0457_rflbat.pkl
458,rflbat,success,"[3, 53, 31, 67, 5, 30, 78, 18, 83, 1]","[3, 53, 67, 5, 30, 78, 18, 83, 1]",[31],10,9,"[""rflbat_first_distance_filter"", ""rflbat_cluster_filter"", ""rflbat_final_distance_filter""]",../main/re_result_6-29_APRA/cifar10_500_Jul.01_09.59.00_rflbat_fix_True_no-mia_no-mia-class_no-noise_sin-adv_DOBA/agg_records/pkl/round_0458_rflbat.pkl
459,rflbat,success,"[2, 37, 65, 94, 15, 81, 71, 33, 23, 59]","[2, 37, 65, 94, 15, 81, 71, 33, 23, 59]",[],10,10,"[""rflbat_first_distance_filter"", ""rflbat_cluster_filter"", ""rflbat_final_distance_filter""]",../main/re_result_6-29_APRA/cifar10_500_Jul.01_09.59.00_rflbat_fix_True_no-mia_no-mia-class_no-noise_sin-adv_DOBA/agg_records/pkl/round_0459_rflbat.pkl
460,rflbat,success,"[0, 20, 45, 92, 80, 18, 94, 59, 36, 78]","[0, 20, 45, 92, 80, 18, 94, 59, 36, 78]",[],10,10,"[""rflbat_first_distance_filter"", ""rflbat_cluster_filter"", ""rflbat_final_distance_filter""]",../main/re_result_6-29_APRA/cifar10_500_Jul.01_09.59.00_rflbat_fix_True_no-mia_no-mia-class_no-noise_sin-adv_DOBA/agg_records/pkl/round_0460_rflbat.pkl
461,rflbat,success,"[3, 14, 85, 84, 1, 86, 97, 58, 15, 38]","[3, 14, 85, 84, 1, 86, 97, 58, 15, 38]",[],10,10,"[""rflbat_first_distance_filter"", ""rflbat_cluster_filter"", ""rflbat_final_distance_filter""]",../main/re_result_6-29_APRA/cifar10_500_Jul.01_09.59.00_rflbat_fix_True_no-mia_no-mia-class_no-noise_sin-adv_DOBA/agg_records/pkl/round_0461_rflbat.pkl
462,rflbat,success,"[3, 64, 76, 43, 9, 69, 80, 74, 77, 16]","[3, 64, 76, 43, 9, 69, 80, 74, 77, 16]",[],10,10,"[""rflbat_first_distance_filter"", ""rflbat_cluster_filter"", ""rflbat_final_distance_filter""]",../main/re_result_6-29_APRA/cifar10_500_Jul.01_09.59.00_rflbat_fix_True_no-mia_no-mia-class_no-noise_sin-adv_DOBA/agg_records/pkl/round_0462_rflbat.pkl
463,rflbat,success,"[4, 77, 0, 92, 82, 47, 98, 2, 23, 74]","[4, 77, 0, 92, 82, 47, 98, 2, 23, 74]",[],10,10,"[""rflbat_first_distance_filter"", ""rflbat_cluster_filter"", ""rflbat_final_distance_filter""]",../main/re_result_6-29_APRA/cifar10_500_Jul.01_09.59.00_rflbat_fix_True_no-mia_no-mia-class_no-noise_sin-adv_DOBA/agg_records/pkl/round_0463_rflbat.pkl
464,rflbat,success,"[0, 84, 4, 12, 13, 33, 89, 11, 99, 67]","[0, 84, 4, 12, 13, 33, 89, 11, 99, 67]",[],10,10,"[""rflbat_first_distance_filter"", ""rflbat_cluster_filter"", ""rflbat_final_distance_filter""]",../main/re_result_6-29_APRA/cifar10_500_Jul.01_09.59.00_rflbat_fix_True_no-mia_no-mia-class_no-noise_sin-adv_DOBA/agg_records/pkl/round_0464_rflbat.pkl
465,rflbat,success,"[1, 91, 25, 24, 72, 82, 12, 35, 30, 81]","[1, 91, 25, 24, 72, 82, 12, 35, 81]",[30],10,9,"[""rflbat_first_distance_filter"", ""rflbat_cluster_filter"", ""rflbat_final_distance_filter""]",../main/re_result_6-29_APRA/cifar10_500_Jul.01_09.59.00_rflbat_fix_True_no-mia_no-mia-class_no-noise_sin-adv_DOBA/agg_records/pkl/round_0465_rflbat.pkl
466,rflbat,success,"[1, 63, 92, 38, 77, 14, 32, 84, 87, 15]","[1, 63, 92, 38, 77, 14, 32, 84, 87, 15]",[],10,10,"[""rflbat_first_distance_filter"", ""rflbat_cluster_filter"", ""rflbat_final_distance_filter""]",../main/re_result_6-29_APRA/cifar10_500_Jul.01_09.59.00_rflbat_fix_True_no-mia_no-mia-class_no-noise_sin-adv_DOBA/agg_records/pkl/round_0466_rflbat.pkl
467,rflbat,success,"[3, 6, 77, 94, 83, 63, 88, 26, 68, 84]","[3, 6, 77, 94, 83, 63, 88, 26, 68, 84]",[],10,10,"[""rflbat_first_distance_filter"", ""rflbat_cluster_filter"", ""rflbat_final_distance_filter""]",../main/re_result_6-29_APRA/cifar10_500_Jul.01_09.59.00_rflbat_fix_True_no-mia_no-mia-class_no-noise_sin-adv_DOBA/agg_records/pkl/round_0467_rflbat.pkl
468,rflbat,success,"[3, 92, 82, 26, 42, 23, 48, 14, 22, 73]","[3, 92, 82, 26, 42, 23, 48, 14, 22, 73]",[],10,10,"[""rflbat_first_distance_filter"", ""rflbat_cluster_filter"", ""rflbat_final_distance_filter""]",../main/re_result_6-29_APRA/cifar10_500_Jul.01_09.59.00_rflbat_fix_True_no-mia_no-mia-class_no-noise_sin-adv_DOBA/agg_records/pkl/round_0468_rflbat.pkl
469,rflbat,success,"[4, 25, 68, 42, 40, 15, 28, 50, 26, 48]","[4, 25, 68, 42, 40, 15, 28, 50, 26, 48]",[],10,10,"[""rflbat_first_distance_filter"", ""rflbat_cluster_filter"", ""rflbat_final_distance_filter""]",../main/re_result_6-29_APRA/cifar10_500_Jul.01_09.59.00_rflbat_fix_True_no-mia_no-mia-class_no-noise_sin-adv_DOBA/agg_records/pkl/round_0469_rflbat.pkl
470,rflbat,success,"[2, 84, 91, 83, 68, 16, 93, 15, 82, 6]","[2, 84, 91, 83, 68, 16, 93, 15, 82, 6]",[],10,10,"[""rflbat_first_distance_filter"", ""rflbat_cluster_filter"", ""rflbat_final_distance_filter""]",../main/re_result_6-29_APRA/cifar10_500_Jul.01_09.59.00_rflbat_fix_True_no-mia_no-mia-class_no-noise_sin-adv_DOBA/agg_records/pkl/round_0470_rflbat.pkl
471,rflbat,success,"[2, 96, 40, 29, 75, 62, 46, 33, 98, 57]","[2, 96, 40, 29, 75, 62, 46, 33, 98, 57]",[],10,10,"[""rflbat_first_distance_filter"", ""rflbat_cluster_filter"", ""rflbat_final_distance_filter""]",../main/re_result_6-29_APRA/cifar10_500_Jul.01_09.59.00_rflbat_fix_True_no-mia_no-mia-class_no-noise_sin-adv_DOBA/agg_records/pkl/round_0471_rflbat.pkl
472,rflbat,success,"[3, 12, 1, 93, 76, 87, 42, 34, 20, 51]","[3, 12, 1, 93, 76, 87, 42, 34, 20, 51]",[],10,10,"[""rflbat_first_distance_filter"", ""rflbat_cluster_filter"", ""rflbat_final_distance_filter""]",../main/re_result_6-29_APRA/cifar10_500_Jul.01_09.59.00_rflbat_fix_True_no-mia_no-mia-class_no-noise_sin-adv_DOBA/agg_records/pkl/round_0472_rflbat.pkl
473,rflbat,success,"[4, 83, 3, 73, 24, 65, 61, 86, 92, 26]","[4, 83, 3, 73, 24, 65, 61, 86, 92, 26]",[],10,10,"[""rflbat_first_distance_filter"", ""rflbat_cluster_filter"", ""rflbat_final_distance_filter""]",../main/re_result_6-29_APRA/cifar10_500_Jul.01_09.59.00_rflbat_fix_True_no-mia_no-mia-class_no-noise_sin-adv_DOBA/agg_records/pkl/round_0473_rflbat.pkl
474,rflbat,success,"[1, 16, 94, 31, 13, 71, 30, 60, 68, 55]","[1, 16, 94, 31, 13, 71, 30, 60, 68, 55]",[],10,10,"[""rflbat_first_distance_filter"", ""rflbat_cluster_filter"", ""rflbat_final_distance_filter""]",../main/re_result_6-29_APRA/cifar10_500_Jul.01_09.59.00_rflbat_fix_True_no-mia_no-mia-class_no-noise_sin-adv_DOBA/agg_records/pkl/round_0474_rflbat.pkl
475,rflbat,success,"[1, 29, 64, 19, 15, 24, 48, 21, 86, 3]","[1, 29, 64, 19, 15, 24, 48, 21, 86, 3]",[],10,10,"[""rflbat_first_distance_filter"", ""rflbat_cluster_filter"", ""rflbat_final_distance_filter""]",../main/re_result_6-29_APRA/cifar10_500_Jul.01_09.59.00_rflbat_fix_True_no-mia_no-mia-class_no-noise_sin-adv_DOBA/agg_records/pkl/round_0475_rflbat.pkl
476,rflbat,success,"[2, 50, 20, 13, 53, 40, 24, 74, 96, 58]","[2, 50, 20, 13, 53, 40, 24, 74, 96, 58]",[],10,10,"[""rflbat_first_distance_filter"", ""rflbat_cluster_filter"", ""rflbat_final_distance_filter""]",../main/re_result_6-29_APRA/cifar10_500_Jul.01_09.59.00_rflbat_fix_True_no-mia_no-mia-class_no-noise_sin-adv_DOBA/agg_records/pkl/round_0476_rflbat.pkl
477,rflbat,success,"[0, 98, 34, 44, 29, 18, 6, 23, 86, 26]","[0, 98, 34, 44, 29, 18, 6, 23, 86]",[26],10,9,"[""rflbat_first_distance_filter"", ""rflbat_cluster_filter"", ""rflbat_final_distance_filter""]",../main/re_result_6-29_APRA/cifar10_500_Jul.01_09.59.00_rflbat_fix_True_no-mia_no-mia-class_no-noise_sin-adv_DOBA/agg_records/pkl/round_0477_rflbat.pkl
478,rflbat,success,"[2, 3, 92, 33, 63, 10, 90, 17, 95, 13]","[2, 3, 92, 33, 63, 10, 90, 17, 95, 13]",[],10,10,"[""rflbat_first_distance_filter"", ""rflbat_cluster_filter"", ""rflbat_final_distance_filter""]",../main/re_result_6-29_APRA/cifar10_500_Jul.01_09.59.00_rflbat_fix_True_no-mia_no-mia-class_no-noise_sin-adv_DOBA/agg_records/pkl/round_0478_rflbat.pkl
479,rflbat,success,"[0, 76, 78, 9, 69, 10, 42, 85, 65, 94]","[0, 76, 78, 9, 69, 10, 42, 85, 65, 94]",[],10,10,"[""rflbat_first_distance_filter"", ""rflbat_cluster_filter"", ""rflbat_final_distance_filter""]",../main/re_result_6-29_APRA/cifar10_500_Jul.01_09.59.00_rflbat_fix_True_no-mia_no-mia-class_no-noise_sin-adv_DOBA/agg_records/pkl/round_0479_rflbat.pkl
480,rflbat,success,"[4, 56, 71, 57, 34, 51, 86, 60, 39, 94]","[4, 56, 71, 57, 34, 51, 86, 60, 39, 94]",[],10,10,"[""rflbat_first_distance_filter"", ""rflbat_cluster_filter"", ""rflbat_final_distance_filter""]",../main/re_result_6-29_APRA/cifar10_500_Jul.01_09.59.00_rflbat_fix_True_no-mia_no-mia-class_no-noise_sin-adv_DOBA/agg_records/pkl/round_0480_rflbat.pkl
481,rflbat,success,"[2, 14, 71, 84, 66, 13, 37, 23, 93, 75]","[2, 14, 71, 84, 66, 13, 37, 23, 93, 75]",[],10,10,"[""rflbat_first_distance_filter"", ""rflbat_cluster_filter"", ""rflbat_final_distance_filter""]",../main/re_result_6-29_APRA/cifar10_500_Jul.01_09.59.00_rflbat_fix_True_no-mia_no-mia-class_no-noise_sin-adv_DOBA/agg_records/pkl/round_0481_rflbat.pkl
482,rflbat,success,"[3, 0, 98, 83, 39, 44, 16, 18, 48, 86]","[3, 0, 98, 83, 39, 44, 16, 18, 48, 86]",[],10,10,"[""rflbat_first_distance_filter"", ""rflbat_cluster_filter"", ""rflbat_final_distance_filter""]",../main/re_result_6-29_APRA/cifar10_500_Jul.01_09.59.00_rflbat_fix_True_no-mia_no-mia-class_no-noise_sin-adv_DOBA/agg_records/pkl/round_0482_rflbat.pkl
483,rflbat,success,"[4, 64, 35, 40, 82, 98, 14, 25, 10, 70]","[4, 64, 35, 40, 82, 98, 14, 25, 10, 70]",[],10,10,"[""rflbat_first_distance_filter"", ""rflbat_cluster_filter"", ""rflbat_final_distance_filter""]",../main/re_result_6-29_APRA/cifar10_500_Jul.01_09.59.00_rflbat_fix_True_no-mia_no-mia-class_no-noise_sin-adv_DOBA/agg_records/pkl/round_0483_rflbat.pkl
484,rflbat,success,"[1, 34, 37, 81, 57, 55, 27, 7, 16, 9]","[1, 34, 37, 81, 57, 55, 27, 7, 16, 9]",[],10,10,"[""rflbat_first_distance_filter"", ""rflbat_cluster_filter"", ""rflbat_final_distance_filter""]",../main/re_result_6-29_APRA/cifar10_500_Jul.01_09.59.00_rflbat_fix_True_no-mia_no-mia-class_no-noise_sin-adv_DOBA/agg_records/pkl/round_0484_rflbat.pkl
485,rflbat,success,"[1, 28, 44, 82, 55, 10, 87, 3, 20, 69]","[1, 28, 44, 82, 55, 10, 87, 3, 20, 69]",[],10,10,"[""rflbat_first_distance_filter"", ""rflbat_cluster_filter"", ""rflbat_final_distance_filter""]",../main/re_result_6-29_APRA/cifar10_500_Jul.01_09.59.00_rflbat_fix_True_no-mia_no-mia-class_no-noise_sin-adv_DOBA/agg_records/pkl/round_0485_rflbat.pkl
486,rflbat,success,"[3, 70, 49, 67, 56, 54, 73, 12, 31, 59]","[3, 70, 49, 67, 56, 54, 73, 12, 31, 59]",[],10,10,"[""rflbat_first_distance_filter"", ""rflbat_cluster_filter"", ""rflbat_final_distance_filter""]",../main/re_result_6-29_APRA/cifar10_500_Jul.01_09.59.00_rflbat_fix_True_no-mia_no-mia-class_no-noise_sin-adv_DOBA/agg_records/pkl/round_0486_rflbat.pkl
487,rflbat,success,"[4, 69, 11, 7, 76, 40, 96, 29, 92, 55]","[4, 69, 11, 7, 76, 40, 29, 92, 55]",[96],10,9,"[""rflbat_first_distance_filter"", ""rflbat_cluster_filter"", ""rflbat_final_distance_filter""]",../main/re_result_6-29_APRA/cifar10_500_Jul.01_09.59.00_rflbat_fix_True_no-mia_no-mia-class_no-noise_sin-adv_DOBA/agg_records/pkl/round_0487_rflbat.pkl
488,rflbat,success,"[3, 59, 64, 41, 90, 18, 28, 73, 32, 44]","[3, 59, 64, 41, 90, 18, 28, 32, 44]",[73],10,9,"[""rflbat_first_distance_filter"", ""rflbat_cluster_filter"", ""rflbat_final_distance_filter""]",../main/re_result_6-29_APRA/cifar10_500_Jul.01_09.59.00_rflbat_fix_True_no-mia_no-mia-class_no-noise_sin-adv_DOBA/agg_records/pkl/round_0488_rflbat.pkl
489,rflbat,success,"[1, 41, 72, 28, 30, 25, 40, 14, 76, 86]","[1, 72, 28, 30, 25, 40, 14, 76, 86]",[41],10,9,"[""rflbat_first_distance_filter"", ""rflbat_cluster_filter"", ""rflbat_final_distance_filter""]",../main/re_result_6-29_APRA/cifar10_500_Jul.01_09.59.00_rflbat_fix_True_no-mia_no-mia-class_no-noise_sin-adv_DOBA/agg_records/pkl/round_0489_rflbat.pkl
490,rflbat,success,"[1, 78, 30, 14, 81, 9, 36, 94, 25, 60]","[1, 78, 14, 81, 9, 94, 60]","[30, 36, 25]",10,7,"[""rflbat_first_distance_filter"", ""rflbat_cluster_filter"", ""rflbat_final_distance_filter""]",../main/re_result_6-29_APRA/cifar10_500_Jul.01_09.59.00_rflbat_fix_True_no-mia_no-mia-class_no-noise_sin-adv_DOBA/agg_records/pkl/round_0490_rflbat.pkl
491,rflbat,success,"[0, 38, 48, 69, 52, 2, 83, 46, 61, 26]","[0, 38, 48, 69, 52, 2, 83, 46, 61, 26]",[],10,10,"[""rflbat_first_distance_filter"", ""rflbat_cluster_filter"", ""rflbat_final_distance_filter""]",../main/re_result_6-29_APRA/cifar10_500_Jul.01_09.59.00_rflbat_fix_True_no-mia_no-mia-class_no-noise_sin-adv_DOBA/agg_records/pkl/round_0491_rflbat.pkl
492,rflbat,success,"[3, 89, 87, 78, 93, 92, 32, 12, 66, 63]","[3, 89, 87, 78, 93, 92, 12, 66, 63]",[32],10,9,"[""rflbat_first_distance_filter"", ""rflbat_cluster_filter"", ""rflbat_final_distance_filter""]",../main/re_result_6-29_APRA/cifar10_500_Jul.01_09.59.00_rflbat_fix_True_no-mia_no-mia-class_no-noise_sin-adv_DOBA/agg_records/pkl/round_0492_rflbat.pkl
493,rflbat,success,"[4, 86, 25, 23, 52, 41, 38, 26, 31, 51]","[4, 86, 25, 23, 52, 41, 38, 31, 51]",[26],10,9,"[""rflbat_first_distance_filter"", ""rflbat_cluster_filter"", ""rflbat_final_distance_filter""]",../main/re_result_6-29_APRA/cifar10_500_Jul.01_09.59.00_rflbat_fix_True_no-mia_no-mia-class_no-noise_sin-adv_DOBA/agg_records/pkl/round_0493_rflbat.pkl
494,rflbat,success,"[4, 96, 37, 85, 89, 77, 1, 98, 40, 32]","[4, 96, 37, 85, 89, 77, 1, 98, 40, 32]",[],10,10,"[""rflbat_first_distance_filter"", ""rflbat_cluster_filter"", ""rflbat_final_distance_filter""]",../main/re_result_6-29_APRA/cifar10_500_Jul.01_09.59.00_rflbat_fix_True_no-mia_no-mia-class_no-noise_sin-adv_DOBA/agg_records/pkl/round_0494_rflbat.pkl
495,rflbat,success,"[1, 15, 59, 79, 19, 0, 61, 14, 60, 36]","[1, 15, 59, 79, 19, 0, 61, 14, 60, 36]",[],10,10,"[""rflbat_first_distance_filter"", ""rflbat_cluster_filter"", ""rflbat_final_distance_filter""]",../main/re_result_6-29_APRA/cifar10_500_Jul.01_09.59.00_rflbat_fix_True_no-mia_no-mia-class_no-noise_sin-adv_DOBA/agg_records/pkl/round_0495_rflbat.pkl
496,rflbat,success,"[2, 85, 88, 39, 47, 40, 68, 16, 22, 24]","[2, 85, 88, 39, 47, 40, 68, 16, 22, 24]",[],10,10,"[""rflbat_first_distance_filter"", ""rflbat_cluster_filter"", ""rflbat_final_distance_filter""]",../main/re_result_6-29_APRA/cifar10_500_Jul.01_09.59.00_rflbat_fix_True_no-mia_no-mia-class_no-noise_sin-adv_DOBA/agg_records/pkl/round_0496_rflbat.pkl
497,rflbat,success,"[3, 70, 60, 68, 32, 95, 9, 98, 77, 80]","[3, 70, 60, 68, 32, 95, 9, 98, 77, 80]",[],10,10,"[""rflbat_first_distance_filter"", ""rflbat_cluster_filter"", ""rflbat_final_distance_filter""]",../main/re_result_6-29_APRA/cifar10_500_Jul.01_09.59.00_rflbat_fix_True_no-mia_no-mia-class_no-noise_sin-adv_DOBA/agg_records/pkl/round_0497_rflbat.pkl
498,rflbat,success,"[3, 77, 11, 55, 94, 63, 66, 34, 74, 97]","[3, 77, 11, 55, 94, 63, 66, 34, 74, 97]",[],10,10,"[""rflbat_first_distance_filter"", ""rflbat_cluster_filter"", ""rflbat_final_distance_filter""]",../main/re_result_6-29_APRA/cifar10_500_Jul.01_09.59.00_rflbat_fix_True_no-mia_no-mia-class_no-noise_sin-adv_DOBA/agg_records/pkl/round_0498_rflbat.pkl
499,rflbat,success,"[4, 99, 70, 64, 2, 57, 80, 27, 9, 18]","[99, 70, 64, 2, 57, 80, 27, 9, 18]",[4],10,9,"[""rflbat_first_distance_filter"", ""rflbat_cluster_filter"", ""rflbat_final_distance_filter""]",../main/re_result_6-29_APRA/cifar10_500_Jul.01_09.59.00_rflbat_fix_True_no-mia_no-mia-class_no-noise_sin-adv_DOBA/agg_records/pkl/round_0499_rflbat.pkl
500,rflbat,success,"[0, 85, 63, 12, 71, 80, 70, 26, 14, 75]","[0, 85, 63, 12, 71, 80, 70, 26, 14, 75]",[],10,10,"[""rflbat_first_distance_filter"", ""rflbat_cluster_filter"", ""rflbat_final_distance_filter""]",../main/re_result_6-29_APRA/cifar10_500_Jul.01_09.59.00_rflbat_fix_True_no-mia_no-mia-class_no-noise_sin-adv_DOBA/agg_records/pkl/round_0500_rflbat.pkl
