epoch,method,status,initial_participants,final_selected,rejected,num_initial,num_final,stage_names,pkl_path
-2,foolsgold,success,"[4, 31, 50, 89, 20, 52, 21, 76, 28, 26]","[4, 31, 50, 89, 52, 76, 28, 26]","[20, 21]",10,8,[],re_result_6-29_APRA/cifar10_700_Jul.02_19.21.07_foolsgold_True_no-noise_reba/agg_records/pkl/round_-002_foolsgold.pkl
-1,foolsgold,success,"[73, 40, 72, 33, 47, 3, 1, 12, 53, 0]","[73, 40, 33, 1, 53, 0]","[72, 47, 3, 12]",10,6,[],re_result_6-29_APRA/cifar10_700_Jul.02_19.21.07_foolsgold_True_no-noise_reba/agg_records/pkl/round_-001_foolsgold.pkl
0,foolsgold,success,"[26, 11, 82, 1, 98, 54, 57, 60, 19, 65]","[11, 82, 1, 98, 60, 65]","[26, 54, 57, 19]",10,6,[],re_result_6-29_APRA/cifar10_700_Jul.02_19.21.07_foolsgold_True_no-noise_reba/agg_records/pkl/round_0000_foolsgold.pkl
1,foolsgold,success,"[62, 96, 21, 70, 45, 79, 27, 17, 10, 2]","[62, 96, 21, 79, 10]","[70, 45, 27, 17, 2]",10,5,[],re_result_6-29_APRA/cifar10_700_Jul.02_19.21.07_foolsgold_True_no-noise_reba/agg_records/pkl/round_0001_foolsgold.pkl
2,foolsgold,success,"[14, 50, 22, 58, 55, 70, 42, 23, 0, 40]","[14, 50, 22, 58, 70, 23, 0, 40]","[55, 42]",10,8,[],re_result_6-29_APRA/cifar10_700_Jul.02_19.21.07_foolsgold_True_no-noise_reba/agg_records/pkl/round_0002_foolsgold.pkl
3,foolsgold,success,"[11, 18, 31, 45, 59, 24, 26, 16, 56, 64]","[11, 31, 45, 59, 26]","[18, 24, 16, 56, 64]",10,5,[],re_result_6-29_APRA/cifar10_700_Jul.02_19.21.07_foolsgold_True_no-noise_reba/agg_records/pkl/round_0003_foolsgold.pkl
4,foolsgold,success,"[3, 93, 57, 90, 21, 85, 19, 7, 35, 58]","[35, 58]","[3, 93, 57, 90, 21, 85, 19, 7]",10,2,[],re_result_6-29_APRA/cifar10_700_Jul.02_19.21.07_foolsgold_True_no-noise_reba/agg_records/pkl/round_0004_foolsgold.pkl
5,foolsgold,success,"[24, 54, 36, 73, 52, 22, 43, 19, 23, 47]","[54, 36, 73, 22, 43, 23]","[24, 52, 19, 47]",10,6,[],re_result_6-29_APRA/cifar10_700_Jul.02_19.21.07_foolsgold_True_no-noise_reba/agg_records/pkl/round_0005_foolsgold.pkl
6,foolsgold,success,"[91, 72, 47, 64, 65, 90, 82, 48, 49, 32]","[91, 47, 64, 65, 82, 48, 49, 32]","[72, 90]",10,8,[],re_result_6-29_APRA/cifar10_700_Jul.02_19.21.07_foolsgold_True_no-noise_reba/agg_records/pkl/round_0006_foolsgold.pkl
7,foolsgold,success,"[25, 88, 80, 50, 76, 14, 85, 71, 1, 29]","[25, 88, 80, 50, 76, 85, 71, 29]","[14, 1]",10,8,[],re_result_6-29_APRA/cifar10_700_Jul.02_19.21.07_foolsgold_True_no-noise_reba/agg_records/pkl/round_0007_foolsgold.pkl
8,foolsgold,success,"[87, 63, 42, 46, 69, 28, 65, 47, 43, 1]","[63, 46, 28, 65, 43, 1]","[87, 42, 69, 47]",10,6,[],re_result_6-29_APRA/cifar10_700_Jul.02_19.21.07_foolsgold_True_no-noise_reba/agg_records/pkl/round_0008_foolsgold.pkl
9,foolsgold,success,"[26, 36, 9, 37, 79, 66, 91, 95, 6, 15]","[36, 9, 79, 66, 91, 95, 6, 15]","[26, 37]",10,8,[],re_result_6-29_APRA/cifar10_700_Jul.02_19.21.07_foolsgold_True_no-noise_reba/agg_records/pkl/round_0009_foolsgold.pkl
10,foolsgold,success,"[64, 19, 99, 29, 61, 88, 46, 2, 12, 90]","[64, 99, 88]","[19, 29, 61, 46, 2, 12, 90]",10,3,[],re_result_6-29_APRA/cifar10_700_Jul.02_19.21.07_foolsgold_True_no-noise_reba/agg_records/pkl/round_0010_foolsgold.pkl
11,foolsgold,success,"[33, 60, 83, 51, 71, 59, 96, 32, 8, 72]","[33, 60, 83, 51, 59, 96, 32, 8]","[71, 72]",10,8,[],re_result_6-29_APRA/cifar10_700_Jul.02_19.21.07_foolsgold_True_no-noise_reba/agg_records/pkl/round_0011_foolsgold.pkl
12,foolsgold,success,"[85, 89, 5, 69, 22, 4, 90, 7, 83, 37]","[85, 89, 5, 69, 4, 7, 83, 37]","[22, 90]",10,8,[],re_result_6-29_APRA/cifar10_700_Jul.02_19.21.07_foolsgold_True_no-noise_reba/agg_records/pkl/round_0012_foolsgold.pkl
13,foolsgold,success,"[48, 66, 90, 85, 13, 64, 99, 40, 81, 32]","[48, 66, 85, 13, 64, 99, 40, 81]","[90, 32]",10,8,[],re_result_6-29_APRA/cifar10_700_Jul.02_19.21.07_foolsgold_True_no-noise_reba/agg_records/pkl/round_0013_foolsgold.pkl
14,foolsgold,success,"[92, 45, 50, 59, 29, 9, 88, 0, 77, 2]","[50, 59, 29, 88, 0, 2]","[92, 45, 9, 77]",10,6,[],re_result_6-29_APRA/cifar10_700_Jul.02_19.21.07_foolsgold_True_no-noise_reba/agg_records/pkl/round_0014_foolsgold.pkl
15,foolsgold,success,"[44, 32, 35, 88, 41, 79, 22, 16, 98, 96]","[35, 88, 41, 16, 96]","[44, 32, 79, 22, 98]",10,5,[],re_result_6-29_APRA/cifar10_700_Jul.02_19.21.07_foolsgold_True_no-noise_reba/agg_records/pkl/round_0015_foolsgold.pkl
16,foolsgold,success,"[43, 39, 76, 93, 51, 25, 4, 37, 58, 21]","[43, 76, 51, 4, 58, 21]","[39, 93, 25, 37]",10,6,[],re_result_6-29_APRA/cifar10_700_Jul.02_19.21.07_foolsgold_True_no-noise_reba/agg_records/pkl/round_0016_foolsgold.pkl
17,foolsgold,success,"[21, 28, 88, 76, 84, 43, 63, 11, 36, 72]","[21, 28, 88, 76, 84, 43, 11, 36]","[63, 72]",10,8,[],re_result_6-29_APRA/cifar10_700_Jul.02_19.21.07_foolsgold_True_no-noise_reba/agg_records/pkl/round_0017_foolsgold.pkl
18,foolsgold,success,"[81, 30, 98, 84, 10, 53, 2, 6, 88, 15]","[81, 30, 98, 10, 53, 6, 88, 15]","[84, 2]",10,8,[],re_result_6-29_APRA/cifar10_700_Jul.02_19.21.07_foolsgold_True_no-noise_reba/agg_records/pkl/round_0018_foolsgold.pkl
19,foolsgold,success,"[98, 67, 83, 12, 73, 44, 11, 74, 62, 75]","[67, 83, 12, 44, 11, 75]","[98, 73, 74, 62]",10,6,[],re_result_6-29_APRA/cifar10_700_Jul.02_19.21.07_foolsgold_True_no-noise_reba/agg_records/pkl/round_0019_foolsgold.pkl
20,foolsgold,success,"[17, 7, 47, 43, 6, 32, 72, 44, 97, 14]","[47, 43, 44, 97, 14]","[17, 7, 6, 32, 72]",10,5,[],re_result_6-29_APRA/cifar10_700_Jul.02_19.21.07_foolsgold_True_no-noise_reba/agg_records/pkl/round_0020_foolsgold.pkl
21,foolsgold,success,"[21, 42, 88, 26, 86, 90, 3, 33, 61, 79]","[21, 88, 26, 86, 90, 3, 61, 79]","[42, 33]",10,8,[],re_result_6-29_APRA/cifar10_700_Jul.02_19.21.07_foolsgold_True_no-noise_reba/agg_records/pkl/round_0021_foolsgold.pkl
22,foolsgold,success,"[95, 12, 61, 37, 18, 28, 87, 99, 4, 6]","[95, 12, 61, 37, 28, 99, 4, 6]","[18, 87]",10,8,[],re_result_6-29_APRA/cifar10_700_Jul.02_19.21.07_foolsgold_True_no-noise_reba/agg_records/pkl/round_0022_foolsgold.pkl
23,foolsgold,success,"[97, 17, 72, 71, 31, 24, 64, 73, 19, 38]","[97, 31, 64, 73, 38]","[17, 72, 71, 24, 19]",10,5,[],re_result_6-29_APRA/cifar10_700_Jul.02_19.21.07_foolsgold_True_no-noise_reba/agg_records/pkl/round_0023_foolsgold.pkl
24,foolsgold,success,"[93, 62, 84, 9, 52, 29, 25, 38, 94, 2]","[93, 9, 29, 25, 38, 94]","[62, 84, 52, 2]",10,6,[],re_result_6-29_APRA/cifar10_700_Jul.02_19.21.07_foolsgold_True_no-noise_reba/agg_records/pkl/round_0024_foolsgold.pkl
25,foolsgold,success,"[15, 53, 99, 32, 14, 47, 31, 23, 8, 27]","[53, 99, 14, 47, 31, 23, 8]","[15, 32, 27]",10,7,[],re_result_6-29_APRA/cifar10_700_Jul.02_19.21.07_foolsgold_True_no-noise_reba/agg_records/pkl/round_0025_foolsgold.pkl
26,foolsgold,success,"[13, 48, 45, 61, 33, 12, 20, 73, 72, 32]","[61, 73, 72]","[13, 48, 45, 33, 12, 20, 32]",10,3,[],re_result_6-29_APRA/cifar10_700_Jul.02_19.21.07_foolsgold_True_no-noise_reba/agg_records/pkl/round_0026_foolsgold.pkl
27,foolsgold,success,"[88, 68, 82, 43, 20, 66, 70, 14, 63, 24]","[88, 82, 43, 20, 66, 70, 14, 63]","[68, 24]",10,8,[],re_result_6-29_APRA/cifar10_700_Jul.02_19.21.07_foolsgold_True_no-noise_reba/agg_records/pkl/round_0027_foolsgold.pkl
28,foolsgold,success,"[67, 95, 6, 12, 68, 30, 81, 83, 26, 47]","[67, 95, 6, 12, 30, 81, 83, 26]","[68, 47]",10,8,[],re_result_6-29_APRA/cifar10_700_Jul.02_19.21.07_foolsgold_True_no-noise_reba/agg_records/pkl/round_0028_foolsgold.pkl
29,foolsgold,success,"[34, 65, 29, 45, 76, 71, 13, 92, 73, 39]","[34, 65, 45, 76, 71, 13, 92, 39]","[29, 73]",10,8,[],re_result_6-29_APRA/cifar10_700_Jul.02_19.21.07_foolsgold_True_no-noise_reba/agg_records/pkl/round_0029_foolsgold.pkl
30,foolsgold,success,"[18, 30, 11, 83, 40, 52, 85, 8, 25, 46]","[18, 30, 11, 83, 40, 8, 25, 46]","[52, 85]",10,8,[],re_result_6-29_APRA/cifar10_700_Jul.02_19.21.07_foolsgold_True_no-noise_reba/agg_records/pkl/round_0030_foolsgold.pkl
31,foolsgold,success,"[81, 84, 50, 7, 42, 85, 58, 66, 35, 27]","[81, 50, 7, 42, 85, 58]","[84, 66, 35, 27]",10,6,[],re_result_6-29_APRA/cifar10_700_Jul.02_19.21.07_foolsgold_True_no-noise_reba/agg_records/pkl/round_0031_foolsgold.pkl
32,foolsgold,success,"[6, 74, 83, 40, 18, 69, 87, 91, 57, 99]","[6, 83, 40, 69, 91, 99]","[74, 18, 87, 57]",10,6,[],re_result_6-29_APRA/cifar10_700_Jul.02_19.21.07_foolsgold_True_no-noise_reba/agg_records/pkl/round_0032_foolsgold.pkl
33,foolsgold,success,"[46, 98, 35, 5, 79, 1, 34, 83, 88, 10]","[46, 35, 5, 1, 34, 88]","[98, 79, 83, 10]",10,6,[],re_result_6-29_APRA/cifar10_700_Jul.02_19.21.07_foolsgold_True_no-noise_reba/agg_records/pkl/round_0033_foolsgold.pkl
34,foolsgold,success,"[44, 46, 43, 33, 35, 50, 58, 66, 89, 17]","[44, 46, 43, 33, 35, 50, 58, 66, 89, 17]",[],10,10,[],re_result_6-29_APRA/cifar10_700_Jul.02_19.21.07_foolsgold_True_no-noise_reba/agg_records/pkl/round_0034_foolsgold.pkl
35,foolsgold,success,"[41, 47, 2, 81, 8, 57, 91, 56, 15, 60]","[41, 8, 91, 56, 15]","[47, 2, 81, 57, 60]",10,5,[],re_result_6-29_APRA/cifar10_700_Jul.02_19.21.07_foolsgold_True_no-noise_reba/agg_records/pkl/round_0035_foolsgold.pkl
36,foolsgold,success,"[45, 22, 93, 54, 60, 73, 1, 64, 18, 44]","[93, 73, 1, 64, 18]","[45, 22, 54, 60, 44]",10,5,[],re_result_6-29_APRA/cifar10_700_Jul.02_19.21.07_foolsgold_True_no-noise_reba/agg_records/pkl/round_0036_foolsgold.pkl
37,foolsgold,success,"[89, 67, 75, 63, 5, 18, 60, 15, 53, 41]","[89, 67, 75, 18, 15, 53, 41]","[63, 5, 60]",10,7,[],re_result_6-29_APRA/cifar10_700_Jul.02_19.21.07_foolsgold_True_no-noise_reba/agg_records/pkl/round_0037_foolsgold.pkl
38,foolsgold,success,"[73, 4, 31, 14, 17, 84, 65, 27, 75, 8]","[73, 4, 31, 14, 65, 75, 8]","[17, 84, 27]",10,7,[],re_result_6-29_APRA/cifar10_700_Jul.02_19.21.07_foolsgold_True_no-noise_reba/agg_records/pkl/round_0038_foolsgold.pkl
39,foolsgold,success,"[59, 53, 67, 94, 72, 38, 2, 13, 81, 24]","[59, 67, 94, 38, 81, 24]","[53, 72, 2, 13]",10,6,[],re_result_6-29_APRA/cifar10_700_Jul.02_19.21.07_foolsgold_True_no-noise_reba/agg_records/pkl/round_0039_foolsgold.pkl
40,foolsgold,success,"[92, 3, 0, 58, 11, 79, 27, 19, 14, 7]","[58, 79, 27, 14]","[92, 3, 0, 11, 19, 7]",10,4,[],re_result_6-29_APRA/cifar10_700_Jul.02_19.21.07_foolsgold_True_no-noise_reba/agg_records/pkl/round_0040_foolsgold.pkl
41,foolsgold,success,"[50, 84, 46, 2, 4, 67, 69, 16, 88, 91]","[50, 46, 4, 67, 69, 16, 88, 91]","[84, 2]",10,8,[],re_result_6-29_APRA/cifar10_700_Jul.02_19.21.07_foolsgold_True_no-noise_reba/agg_records/pkl/round_0041_foolsgold.pkl
42,foolsgold,success,"[4, 82, 74, 27, 61, 8, 49, 29, 26, 69]","[4, 74, 27, 61, 8, 49, 29, 26]","[82, 69]",10,8,[],re_result_6-29_APRA/cifar10_700_Jul.02_19.21.07_foolsgold_True_no-noise_reba/agg_records/pkl/round_0042_foolsgold.pkl
43,foolsgold,success,"[52, 61, 44, 83, 54, 92, 36, 84, 59, 16]","[44, 83, 54, 36, 84, 59]","[52, 61, 92, 16]",10,6,[],re_result_6-29_APRA/cifar10_700_Jul.02_19.21.07_foolsgold_True_no-noise_reba/agg_records/pkl/round_0043_foolsgold.pkl
44,foolsgold,success,"[34, 96, 59, 31, 9, 32, 63, 29, 95, 54]","[34, 96, 59, 31, 9, 29, 95, 54]","[32, 63]",10,8,[],re_result_6-29_APRA/cifar10_700_Jul.02_19.21.07_foolsgold_True_no-noise_reba/agg_records/pkl/round_0044_foolsgold.pkl
45,foolsgold,success,"[3, 92, 15, 71, 65, 97, 5, 40, 94, 37]","[15, 71, 97, 5, 94, 37]","[3, 92, 65, 40]",10,6,[],re_result_6-29_APRA/cifar10_700_Jul.02_19.21.07_foolsgold_True_no-noise_reba/agg_records/pkl/round_0045_foolsgold.pkl
46,foolsgold,success,"[42, 51, 46, 35, 60, 93, 83, 56, 27, 10]","[42, 51, 46, 35, 60, 93, 83, 56, 27, 10]",[],10,10,[],re_result_6-29_APRA/cifar10_700_Jul.02_19.21.07_foolsgold_True_no-noise_reba/agg_records/pkl/round_0046_foolsgold.pkl
47,foolsgold,success,"[78, 89, 62, 77, 87, 44, 64, 71, 80, 18]","[78, 89, 44, 64, 71, 80]","[62, 77, 87, 18]",10,6,[],re_result_6-29_APRA/cifar10_700_Jul.02_19.21.07_foolsgold_True_no-noise_reba/agg_records/pkl/round_0047_foolsgold.pkl
48,foolsgold,success,"[59, 33, 82, 38, 55, 72, 80, 58, 0, 63]","[59, 82, 38, 80, 58, 0]","[33, 55, 72, 63]",10,6,[],re_result_6-29_APRA/cifar10_700_Jul.02_19.21.07_foolsgold_True_no-noise_reba/agg_records/pkl/round_0048_foolsgold.pkl
49,foolsgold,success,"[92, 54, 16, 38, 45, 58, 81, 82, 3, 19]","[38, 58, 82]","[92, 54, 16, 45, 81, 3, 19]",10,3,[],re_result_6-29_APRA/cifar10_700_Jul.02_19.21.07_foolsgold_True_no-noise_reba/agg_records/pkl/round_0049_foolsgold.pkl
50,foolsgold,success,"[70, 96, 62, 39, 90, 0, 12, 84, 54, 14]","[70, 96, 62, 0, 54, 14]","[39, 90, 12, 84]",10,6,[],re_result_6-29_APRA/cifar10_700_Jul.02_19.21.07_foolsgold_True_no-noise_reba/agg_records/pkl/round_0050_foolsgold.pkl
51,foolsgold,success,"[0, 84, 66, 36, 73, 32, 90, 43, 34, 80]","[0, 66, 36, 43, 34]","[84, 73, 32, 90, 80]",10,5,[],re_result_6-29_APRA/cifar10_700_Jul.02_19.21.07_foolsgold_True_no-noise_reba/agg_records/pkl/round_0051_foolsgold.pkl
52,foolsgold,success,"[10, 65, 69, 89, 94, 93, 47, 26, 33, 71]","[10, 65, 89, 94, 93, 47, 26, 71]","[69, 33]",10,8,[],re_result_6-29_APRA/cifar10_700_Jul.02_19.21.07_foolsgold_True_no-noise_reba/agg_records/pkl/round_0052_foolsgold.pkl
53,foolsgold,success,"[75, 74, 83, 12, 58, 87, 57, 44, 90, 82]","[75, 44, 82]","[74, 83, 12, 58, 87, 57, 90]",10,3,[],re_result_6-29_APRA/cifar10_700_Jul.02_19.21.07_foolsgold_True_no-noise_reba/agg_records/pkl/round_0053_foolsgold.pkl
54,foolsgold,success,"[95, 46, 64, 36, 1, 29, 96, 91, 94, 79]","[64, 36, 1, 29, 96, 91, 94, 79]","[95, 46]",10,8,[],re_result_6-29_APRA/cifar10_700_Jul.02_19.21.07_foolsgold_True_no-noise_reba/agg_records/pkl/round_0054_foolsgold.pkl
55,foolsgold,success,"[32, 41, 68, 49, 36, 15, 99, 27, 79, 25]","[32, 41, 68, 49, 36, 15, 99, 27, 79, 25]",[],10,10,[],re_result_6-29_APRA/cifar10_700_Jul.02_19.21.07_foolsgold_True_no-noise_reba/agg_records/pkl/round_0055_foolsgold.pkl
56,foolsgold,success,"[30, 48, 27, 84, 85, 89, 32, 31, 39, 57]","[30, 48, 31, 57]","[27, 84, 85, 89, 32, 39]",10,4,[],re_result_6-29_APRA/cifar10_700_Jul.02_19.21.07_foolsgold_True_no-noise_reba/agg_records/pkl/round_0056_foolsgold.pkl
57,foolsgold,success,"[16, 62, 90, 65, 84, 46, 43, 38, 61, 83]","[65, 46, 43, 38, 83]","[16, 62, 90, 84, 61]",10,5,[],re_result_6-29_APRA/cifar10_700_Jul.02_19.21.07_foolsgold_True_no-noise_reba/agg_records/pkl/round_0057_foolsgold.pkl
58,foolsgold,success,"[29, 10, 94, 73, 20, 55, 12, 18, 11, 8]","[10, 94, 73, 20, 55, 8]","[29, 12, 18, 11]",10,6,[],re_result_6-29_APRA/cifar10_700_Jul.02_19.21.07_foolsgold_True_no-noise_reba/agg_records/pkl/round_0058_foolsgold.pkl
59,foolsgold,success,"[37, 79, 52, 7, 31, 19, 84, 30, 4, 28]","[37, 79, 7, 31, 84, 30, 4, 28]","[52, 19]",10,8,[],re_result_6-29_APRA/cifar10_700_Jul.02_19.21.07_foolsgold_True_no-noise_reba/agg_records/pkl/round_0059_foolsgold.pkl
60,foolsgold,success,"[72, 11, 84, 0, 21, 63, 78, 18, 31, 14]","[84, 0, 21, 78, 31, 14]","[72, 11, 63, 18]",10,6,[],re_result_6-29_APRA/cifar10_700_Jul.02_19.21.07_foolsgold_True_no-noise_reba/agg_records/pkl/round_0060_foolsgold.pkl
61,foolsgold,success,"[76, 32, 40, 72, 70, 56, 64, 98, 28, 33]","[76, 32, 40, 72, 70, 98, 28, 33]","[56, 64]",10,8,[],re_result_6-29_APRA/cifar10_700_Jul.02_19.21.07_foolsgold_True_no-noise_reba/agg_records/pkl/round_0061_foolsgold.pkl
62,foolsgold,success,"[68, 99, 88, 66, 50, 90, 34, 28, 82, 25]","[68, 99, 88, 66, 90, 82, 25]","[50, 34, 28]",10,7,[],re_result_6-29_APRA/cifar10_700_Jul.02_19.21.07_foolsgold_True_no-noise_reba/agg_records/pkl/round_0062_foolsgold.pkl
63,foolsgold,success,"[60, 68, 8, 39, 21, 29, 28, 92, 50, 6]","[68, 8, 29, 28, 92, 50]","[60, 39, 21, 6]",10,6,[],re_result_6-29_APRA/cifar10_700_Jul.02_19.21.07_foolsgold_True_no-noise_reba/agg_records/pkl/round_0063_foolsgold.pkl
64,foolsgold,success,"[69, 84, 18, 24, 38, 45, 47, 93, 46, 57]","[84, 38, 93, 46]","[69, 18, 24, 45, 47, 57]",10,4,[],re_result_6-29_APRA/cifar10_700_Jul.02_19.21.07_foolsgold_True_no-noise_reba/agg_records/pkl/round_0064_foolsgold.pkl
65,foolsgold,success,"[89, 0, 8, 78, 24, 40, 84, 17, 18, 15]","[89, 0, 8, 78, 40, 84, 17, 15]","[24, 18]",10,8,[],re_result_6-29_APRA/cifar10_700_Jul.02_19.21.07_foolsgold_True_no-noise_reba/agg_records/pkl/round_0065_foolsgold.pkl
66,foolsgold,success,"[90, 50, 31, 42, 75, 80, 64, 88, 93, 76]","[90, 50, 31, 42, 75, 80, 64, 88, 93, 76]",[],10,10,[],re_result_6-29_APRA/cifar10_700_Jul.02_19.21.07_foolsgold_True_no-noise_reba/agg_records/pkl/round_0066_foolsgold.pkl
67,foolsgold,success,"[96, 76, 36, 84, 45, 29, 44, 6, 30, 28]","[36, 84, 29, 44, 6, 28]","[96, 76, 45, 30]",10,6,[],re_result_6-29_APRA/cifar10_700_Jul.02_19.21.07_foolsgold_True_no-noise_reba/agg_records/pkl/round_0067_foolsgold.pkl
68,foolsgold,success,"[60, 77, 25, 14, 27, 52, 12, 45, 79, 99]","[25, 14, 45, 79, 99]","[60, 77, 27, 52, 12]",10,5,[],re_result_6-29_APRA/cifar10_700_Jul.02_19.21.07_foolsgold_True_no-noise_reba/agg_records/pkl/round_0068_foolsgold.pkl
69,foolsgold,success,"[44, 63, 16, 30, 28, 57, 21, 37, 33, 59]","[44, 63, 28, 21, 37, 59]","[16, 30, 57, 33]",10,6,[],re_result_6-29_APRA/cifar10_700_Jul.02_19.21.07_foolsgold_True_no-noise_reba/agg_records/pkl/round_0069_foolsgold.pkl
70,foolsgold,success,"[70, 47, 72, 59, 96, 53, 8, 58, 5, 92]","[70, 47, 72, 59, 96, 53, 8, 58, 5, 92]",[],10,10,[],re_result_6-29_APRA/cifar10_700_Jul.02_19.21.07_foolsgold_True_no-noise_reba/agg_records/pkl/round_0070_foolsgold.pkl
71,foolsgold,success,"[9, 6, 79, 88, 23, 34, 64, 21, 55, 90]","[79, 88, 23, 34, 64, 90]","[9, 6, 21, 55]",10,6,[],re_result_6-29_APRA/cifar10_700_Jul.02_19.21.07_foolsgold_True_no-noise_reba/agg_records/pkl/round_0071_foolsgold.pkl
72,foolsgold,success,"[80, 54, 70, 24, 20, 23, 44, 0, 42, 95]","[80, 24, 44, 95]","[54, 70, 20, 23, 0, 42]",10,4,[],re_result_6-29_APRA/cifar10_700_Jul.02_19.21.07_foolsgold_True_no-noise_reba/agg_records/pkl/round_0072_foolsgold.pkl
73,foolsgold,success,"[35, 37, 24, 92, 60, 1, 73, 59, 16, 98]","[35, 37, 60, 1, 59]","[24, 92, 73, 16, 98]",10,5,[],re_result_6-29_APRA/cifar10_700_Jul.02_19.21.07_foolsgold_True_no-noise_reba/agg_records/pkl/round_0073_foolsgold.pkl
74,foolsgold,success,"[2, 73, 39, 74, 87, 79, 50, 66, 97, 80]","[50, 66, 97]","[2, 73, 39, 74, 87, 79, 80]",10,3,[],re_result_6-29_APRA/cifar10_700_Jul.02_19.21.07_foolsgold_True_no-noise_reba/agg_records/pkl/round_0074_foolsgold.pkl
75,foolsgold,success,"[3, 76, 97, 33, 20, 43, 29, 74, 80, 48]","[76, 33, 29, 80]","[3, 97, 20, 43, 74, 48]",10,4,[],re_result_6-29_APRA/cifar10_700_Jul.02_19.21.07_foolsgold_True_no-noise_reba/agg_records/pkl/round_0075_foolsgold.pkl
76,foolsgold,success,"[77, 38, 83, 95, 24, 35, 12, 54, 86, 55]","[38, 83, 95, 35, 12, 86]","[77, 24, 54, 55]",10,6,[],re_result_6-29_APRA/cifar10_700_Jul.02_19.21.07_foolsgold_True_no-noise_reba/agg_records/pkl/round_0076_foolsgold.pkl
77,foolsgold,success,"[86, 97, 36, 83, 7, 56, 31, 78, 29, 17]","[86, 97, 36, 83, 7, 56, 31, 78, 29, 17]",[],10,10,[],re_result_6-29_APRA/cifar10_700_Jul.02_19.21.07_foolsgold_True_no-noise_reba/agg_records/pkl/round_0077_foolsgold.pkl
78,foolsgold,success,"[35, 69, 26, 87, 22, 85, 70, 58, 30, 73]","[35, 69, 26, 22, 70, 58, 30, 73]","[87, 85]",10,8,[],re_result_6-29_APRA/cifar10_700_Jul.02_19.21.07_foolsgold_True_no-noise_reba/agg_records/pkl/round_0078_foolsgold.pkl
79,foolsgold,success,"[82, 96, 21, 62, 30, 83, 33, 88, 6, 40]","[82, 62, 88, 40]","[96, 21, 30, 83, 33, 6]",10,4,[],re_result_6-29_APRA/cifar10_700_Jul.02_19.21.07_foolsgold_True_no-noise_reba/agg_records/pkl/round_0079_foolsgold.pkl
80,foolsgold,success,"[61, 2, 80, 26, 0, 92, 73, 27, 81, 55]",[0],"[61, 2, 80, 26, 92, 73, 27, 81, 55]",10,1,[],re_result_6-29_APRA/cifar10_700_Jul.02_19.21.07_foolsgold_True_no-noise_reba/agg_records/pkl/round_0080_foolsgold.pkl
81,foolsgold,success,"[30, 52, 7, 43, 1, 45, 75, 33, 37, 18]","[30, 7, 43, 1, 75, 37]","[52, 45, 33, 18]",10,6,[],re_result_6-29_APRA/cifar10_700_Jul.02_19.21.07_foolsgold_True_no-noise_reba/agg_records/pkl/round_0081_foolsgold.pkl
82,foolsgold,success,"[65, 8, 82, 26, 6, 72, 15, 0, 78, 44]","[65, 8, 82, 26, 72, 15, 78, 44]","[6, 0]",10,8,[],re_result_6-29_APRA/cifar10_700_Jul.02_19.21.07_foolsgold_True_no-noise_reba/agg_records/pkl/round_0082_foolsgold.pkl
83,foolsgold,success,"[18, 74, 58, 24, 78, 8, 26, 60, 51, 2]","[74, 58, 78, 26, 51]","[18, 24, 8, 60, 2]",10,5,[],re_result_6-29_APRA/cifar10_700_Jul.02_19.21.07_foolsgold_True_no-noise_reba/agg_records/pkl/round_0083_foolsgold.pkl
84,foolsgold,success,"[63, 67, 50, 2, 24, 22, 84, 8, 18, 92]","[67, 50, 84, 8, 92]","[63, 2, 24, 22, 18]",10,5,[],re_result_6-29_APRA/cifar10_700_Jul.02_19.21.07_foolsgold_True_no-noise_reba/agg_records/pkl/round_0084_foolsgold.pkl
85,foolsgold,success,"[79, 96, 32, 47, 6, 82, 12, 34, 2, 69]","[79, 96, 47, 6, 82, 34, 69]","[32, 12, 2]",10,7,[],re_result_6-29_APRA/cifar10_700_Jul.02_19.21.07_foolsgold_True_no-noise_reba/agg_records/pkl/round_0085_foolsgold.pkl
86,foolsgold,success,"[44, 47, 20, 45, 73, 55, 30, 39, 92, 93]","[44, 20, 73, 39, 93]","[47, 45, 55, 30, 92]",10,5,[],re_result_6-29_APRA/cifar10_700_Jul.02_19.21.07_foolsgold_True_no-noise_reba/agg_records/pkl/round_0086_foolsgold.pkl
87,foolsgold,success,"[97, 34, 32, 12, 10, 76, 17, 39, 16, 24]","[97, 34, 10, 76]","[32, 12, 17, 39, 16, 24]",10,4,[],re_result_6-29_APRA/cifar10_700_Jul.02_19.21.07_foolsgold_True_no-noise_reba/agg_records/pkl/round_0087_foolsgold.pkl
88,foolsgold,success,"[61, 6, 75, 34, 88, 33, 17, 77, 36, 15]","[6, 75, 34, 88, 33, 17, 15]","[61, 77, 36]",10,7,[],re_result_6-29_APRA/cifar10_700_Jul.02_19.21.07_foolsgold_True_no-noise_reba/agg_records/pkl/round_0088_foolsgold.pkl
89,foolsgold,success,"[32, 6, 26, 84, 76, 38, 73, 74, 13, 5]","[32, 26, 84, 76, 38, 73, 74, 5]","[6, 13]",10,8,[],re_result_6-29_APRA/cifar10_700_Jul.02_19.21.07_foolsgold_True_no-noise_reba/agg_records/pkl/round_0089_foolsgold.pkl
90,foolsgold,success,"[49, 81, 52, 84, 70, 89, 87, 61, 72, 9]","[49, 84, 70, 89, 72, 9]","[81, 52, 87, 61]",10,6,[],re_result_6-29_APRA/cifar10_700_Jul.02_19.21.07_foolsgold_True_no-noise_reba/agg_records/pkl/round_0090_foolsgold.pkl
91,foolsgold,success,"[68, 73, 50, 53, 23, 77, 99, 65, 88, 55]","[73, 50, 53, 23, 99, 65, 88, 55]","[68, 77]",10,8,[],re_result_6-29_APRA/cifar10_700_Jul.02_19.21.07_foolsgold_True_no-noise_reba/agg_records/pkl/round_0091_foolsgold.pkl
92,foolsgold,success,"[0, 29, 81, 84, 44, 37, 67, 8, 34, 22]","[0, 29, 81, 37, 67, 34]","[84, 44, 8, 22]",10,6,[],re_result_6-29_APRA/cifar10_700_Jul.02_19.21.07_foolsgold_True_no-noise_reba/agg_records/pkl/round_0092_foolsgold.pkl
93,foolsgold,success,"[58, 85, 12, 29, 70, 48, 50, 62, 20, 31]","[58, 70, 48, 50, 20, 31]","[85, 12, 29, 62]",10,6,[],re_result_6-29_APRA/cifar10_700_Jul.02_19.21.07_foolsgold_True_no-noise_reba/agg_records/pkl/round_0093_foolsgold.pkl
94,foolsgold,success,"[31, 62, 65, 38, 51, 96, 28, 9, 36, 89]","[31, 65, 38, 51, 96, 28, 9, 89]","[62, 36]",10,8,[],re_result_6-29_APRA/cifar10_700_Jul.02_19.21.07_foolsgold_True_no-noise_reba/agg_records/pkl/round_0094_foolsgold.pkl
95,foolsgold,success,"[76, 70, 30, 57, 79, 96, 93, 5, 72, 78]","[57, 79, 72]","[76, 70, 30, 96, 93, 5, 78]",10,3,[],re_result_6-29_APRA/cifar10_700_Jul.02_19.21.07_foolsgold_True_no-noise_reba/agg_records/pkl/round_0095_foolsgold.pkl
96,foolsgold,success,"[98, 93, 74, 60, 73, 4, 44, 90, 30, 84]","[93, 74, 4, 30]","[98, 60, 73, 44, 90, 84]",10,4,[],re_result_6-29_APRA/cifar10_700_Jul.02_19.21.07_foolsgold_True_no-noise_reba/agg_records/pkl/round_0096_foolsgold.pkl
97,foolsgold,success,"[66, 33, 52, 68, 8, 32, 3, 18, 85, 78]","[66, 8, 32]","[33, 52, 68, 3, 18, 85, 78]",10,3,[],re_result_6-29_APRA/cifar10_700_Jul.02_19.21.07_foolsgold_True_no-noise_reba/agg_records/pkl/round_0097_foolsgold.pkl
98,foolsgold,success,"[48, 28, 6, 43, 75, 73, 30, 97, 47, 54]","[48, 28, 6, 43, 75, 73, 97, 47]","[30, 54]",10,8,[],re_result_6-29_APRA/cifar10_700_Jul.02_19.21.07_foolsgold_True_no-noise_reba/agg_records/pkl/round_0098_foolsgold.pkl
99,foolsgold,success,"[31, 29, 97, 33, 17, 46, 98, 70, 76, 87]","[31, 97, 33, 17, 46, 70, 76, 87]","[29, 98]",10,8,[],re_result_6-29_APRA/cifar10_700_Jul.02_19.21.07_foolsgold_True_no-noise_reba/agg_records/pkl/round_0099_foolsgold.pkl
100,foolsgold,success,"[85, 99, 52, 27, 0, 33, 87, 70, 51, 40]","[99, 27, 0, 33, 70]","[85, 52, 87, 51, 40]",10,5,[],re_result_6-29_APRA/cifar10_700_Jul.02_19.21.07_foolsgold_True_no-noise_reba/agg_records/pkl/round_0100_foolsgold.pkl
101,foolsgold,success,"[11, 39, 72, 94, 60, 16, 58, 86, 0, 70]","[72, 94, 58, 86, 0, 70]","[11, 39, 60, 16]",10,6,[],re_result_6-29_APRA/cifar10_700_Jul.02_19.21.07_foolsgold_True_no-noise_reba/agg_records/pkl/round_0101_foolsgold.pkl
102,foolsgold,success,"[66, 46, 0, 18, 88, 74, 89, 70, 32, 93]","[66, 46, 0, 88, 89, 70]","[18, 74, 32, 93]",10,6,[],re_result_6-29_APRA/cifar10_700_Jul.02_19.21.07_foolsgold_True_no-noise_reba/agg_records/pkl/round_0102_foolsgold.pkl
103,foolsgold,success,"[49, 52, 28, 46, 39, 8, 35, 89, 38, 20]","[49, 28, 35, 38, 20]","[52, 46, 39, 8, 89]",10,5,[],re_result_6-29_APRA/cifar10_700_Jul.02_19.21.07_foolsgold_True_no-noise_reba/agg_records/pkl/round_0103_foolsgold.pkl
104,foolsgold,success,"[89, 93, 80, 22, 98, 15, 83, 35, 44, 34]","[89, 93, 80, 22, 98, 15, 83, 35, 44, 34]",[],10,10,[],re_result_6-29_APRA/cifar10_700_Jul.02_19.21.07_foolsgold_True_no-noise_reba/agg_records/pkl/round_0104_foolsgold.pkl
105,foolsgold,success,"[0, 50, 14, 36, 5, 57, 33, 66, 16, 96]","[0, 50, 5, 33, 66, 96]","[14, 36, 57, 16]",10,6,[],re_result_6-29_APRA/cifar10_700_Jul.02_19.21.07_foolsgold_True_no-noise_reba/agg_records/pkl/round_0105_foolsgold.pkl
106,foolsgold,success,"[82, 15, 94, 84, 43, 59, 52, 18, 0, 60]","[82, 15, 94, 84, 43, 59, 0, 60]","[52, 18]",10,8,[],re_result_6-29_APRA/cifar10_700_Jul.02_19.21.07_foolsgold_True_no-noise_reba/agg_records/pkl/round_0106_foolsgold.pkl
107,foolsgold,success,"[18, 86, 59, 96, 28, 37, 27, 39, 43, 62]","[86, 59, 96, 28, 37, 43]","[18, 27, 39, 62]",10,6,[],re_result_6-29_APRA/cifar10_700_Jul.02_19.21.07_foolsgold_True_no-noise_reba/agg_records/pkl/round_0107_foolsgold.pkl
108,foolsgold,success,"[11, 58, 0, 45, 70, 39, 60, 83, 76, 77]","[0, 76]","[11, 58, 45, 70, 39, 60, 83, 77]",10,2,[],re_result_6-29_APRA/cifar10_700_Jul.02_19.21.07_foolsgold_True_no-noise_reba/agg_records/pkl/round_0108_foolsgold.pkl
109,foolsgold,success,"[10, 21, 45, 16, 2, 31, 54, 61, 66, 77]","[10, 21, 2, 31, 61, 66]","[45, 16, 54, 77]",10,6,[],re_result_6-29_APRA/cifar10_700_Jul.02_19.21.07_foolsgold_True_no-noise_reba/agg_records/pkl/round_0109_foolsgold.pkl
110,foolsgold,success,"[64, 46, 51, 15, 35, 34, 39, 87, 59, 50]","[64, 39, 87, 59]","[46, 51, 15, 35, 34, 50]",10,4,[],re_result_6-29_APRA/cifar10_700_Jul.02_19.21.07_foolsgold_True_no-noise_reba/agg_records/pkl/round_0110_foolsgold.pkl
111,foolsgold,success,"[65, 43, 39, 55, 37, 42, 38, 94, 32, 11]","[65, 43, 37, 38, 94, 11]","[39, 55, 42, 32]",10,6,[],re_result_6-29_APRA/cifar10_700_Jul.02_19.21.07_foolsgold_True_no-noise_reba/agg_records/pkl/round_0111_foolsgold.pkl
112,foolsgold,success,"[26, 60, 32, 80, 41, 59, 18, 44, 57, 77]","[26, 80, 41, 59]","[60, 32, 18, 44, 57, 77]",10,4,[],re_result_6-29_APRA/cifar10_700_Jul.02_19.21.07_foolsgold_True_no-noise_reba/agg_records/pkl/round_0112_foolsgold.pkl
113,foolsgold,success,"[25, 78, 40, 6, 16, 28, 32, 15, 17, 33]","[25, 40, 6, 16, 28, 15]","[78, 32, 17, 33]",10,6,[],re_result_6-29_APRA/cifar10_700_Jul.02_19.21.07_foolsgold_True_no-noise_reba/agg_records/pkl/round_0113_foolsgold.pkl
114,foolsgold,success,"[22, 91, 59, 42, 92, 54, 11, 41, 82, 81]","[22, 91, 59, 11, 41, 82]","[42, 92, 54, 81]",10,6,[],re_result_6-29_APRA/cifar10_700_Jul.02_19.21.07_foolsgold_True_no-noise_reba/agg_records/pkl/round_0114_foolsgold.pkl
115,foolsgold,success,"[47, 92, 45, 14, 16, 55, 43, 84, 9, 38]","[14, 43, 84, 38]","[47, 92, 45, 16, 55, 9]",10,4,[],re_result_6-29_APRA/cifar10_700_Jul.02_19.21.07_foolsgold_True_no-noise_reba/agg_records/pkl/round_0115_foolsgold.pkl
116,foolsgold,success,"[1, 43, 57, 38, 78, 70, 96, 89, 24, 6]","[1, 43, 38, 96, 89, 6]","[57, 78, 70, 24]",10,6,[],re_result_6-29_APRA/cifar10_700_Jul.02_19.21.07_foolsgold_True_no-noise_reba/agg_records/pkl/round_0116_foolsgold.pkl
117,foolsgold,success,"[53, 39, 92, 40, 33, 24, 83, 86, 3, 74]","[53, 39, 40, 33, 83, 86]","[92, 24, 3, 74]",10,6,[],re_result_6-29_APRA/cifar10_700_Jul.02_19.21.07_foolsgold_True_no-noise_reba/agg_records/pkl/round_0117_foolsgold.pkl
118,foolsgold,success,"[43, 34, 65, 12, 39, 23, 75, 97, 53, 66]","[43, 34, 23, 97, 53]","[65, 12, 39, 75, 66]",10,5,[],re_result_6-29_APRA/cifar10_700_Jul.02_19.21.07_foolsgold_True_no-noise_reba/agg_records/pkl/round_0118_foolsgold.pkl
119,foolsgold,success,"[40, 61, 73, 21, 13, 70, 38, 30, 79, 41]","[40, 61, 70, 38, 30, 41]","[73, 21, 13, 79]",10,6,[],re_result_6-29_APRA/cifar10_700_Jul.02_19.21.07_foolsgold_True_no-noise_reba/agg_records/pkl/round_0119_foolsgold.pkl
120,foolsgold,success,"[90, 54, 28, 59, 94, 68, 37, 42, 25, 97]","[90, 68]","[54, 28, 59, 94, 37, 42, 25, 97]",10,2,[],re_result_6-29_APRA/cifar10_700_Jul.02_19.21.07_foolsgold_True_no-noise_reba/agg_records/pkl/round_0120_foolsgold.pkl
121,foolsgold,success,"[13, 75, 22, 43, 20, 95, 70, 85, 58, 1]","[75, 43, 70, 85, 58, 1]","[13, 22, 20, 95]",10,6,[],re_result_6-29_APRA/cifar10_700_Jul.02_19.21.07_foolsgold_True_no-noise_reba/agg_records/pkl/round_0121_foolsgold.pkl
122,foolsgold,success,"[88, 3, 60, 16, 2, 73, 90, 32, 50, 39]","[88, 73, 50]","[3, 60, 16, 2, 90, 32, 39]",10,3,[],re_result_6-29_APRA/cifar10_700_Jul.02_19.21.07_foolsgold_True_no-noise_reba/agg_records/pkl/round_0122_foolsgold.pkl
123,foolsgold,success,"[82, 14, 24, 43, 1, 97, 51, 35, 71, 44]","[82, 24, 43, 97, 71, 44]","[14, 1, 51, 35]",10,6,[],re_result_6-29_APRA/cifar10_700_Jul.02_19.21.07_foolsgold_True_no-noise_reba/agg_records/pkl/round_0123_foolsgold.pkl
124,foolsgold,success,"[43, 15, 33, 89, 11, 39, 52, 22, 1, 82]","[43, 15, 33, 1, 82]","[89, 11, 39, 52, 22]",10,5,[],re_result_6-29_APRA/cifar10_700_Jul.02_19.21.07_foolsgold_True_no-noise_reba/agg_records/pkl/round_0124_foolsgold.pkl
125,foolsgold,success,"[81, 19, 98, 78, 73, 91, 23, 68, 86, 0]","[81, 78, 91, 23, 86, 0]","[19, 98, 73, 68]",10,6,[],re_result_6-29_APRA/cifar10_700_Jul.02_19.21.07_foolsgold_True_no-noise_reba/agg_records/pkl/round_0125_foolsgold.pkl
126,foolsgold,success,"[3, 10, 32, 65, 29, 80, 49, 62, 82, 71]","[32, 65, 80, 49, 82, 71]","[3, 10, 29, 62]",10,6,[],re_result_6-29_APRA/cifar10_700_Jul.02_19.21.07_foolsgold_True_no-noise_reba/agg_records/pkl/round_0126_foolsgold.pkl
127,foolsgold,success,"[55, 37, 74, 82, 53, 60, 42, 23, 81, 87]","[37, 82, 53, 60, 23, 81]","[55, 74, 42, 87]",10,6,[],re_result_6-29_APRA/cifar10_700_Jul.02_19.21.07_foolsgold_True_no-noise_reba/agg_records/pkl/round_0127_foolsgold.pkl
128,foolsgold,success,"[83, 55, 71, 29, 19, 67, 93, 30, 12, 24]","[83, 71, 67, 93]","[55, 29, 19, 30, 12, 24]",10,4,[],re_result_6-29_APRA/cifar10_700_Jul.02_19.21.07_foolsgold_True_no-noise_reba/agg_records/pkl/round_0128_foolsgold.pkl
129,foolsgold,success,"[57, 53, 81, 29, 85, 59, 3, 94, 66, 79]","[53, 29, 59, 94, 66, 79]","[57, 81, 85, 3]",10,6,[],re_result_6-29_APRA/cifar10_700_Jul.02_19.21.07_foolsgold_True_no-noise_reba/agg_records/pkl/round_0129_foolsgold.pkl
130,foolsgold,success,"[53, 32, 72, 35, 51, 98, 83, 13, 90, 79]","[53, 72, 98, 83, 13, 79]","[32, 35, 51, 90]",10,6,[],re_result_6-29_APRA/cifar10_700_Jul.02_19.21.07_foolsgold_True_no-noise_reba/agg_records/pkl/round_0130_foolsgold.pkl
131,foolsgold,success,"[95, 24, 77, 27, 88, 65, 46, 6, 86, 43]","[27, 88, 65, 6, 86, 43]","[95, 24, 77, 46]",10,6,[],re_result_6-29_APRA/cifar10_700_Jul.02_19.21.07_foolsgold_True_no-noise_reba/agg_records/pkl/round_0131_foolsgold.pkl
132,foolsgold,success,"[70, 30, 42, 19, 89, 18, 94, 3, 72, 21]","[70, 89, 72, 21]","[30, 42, 19, 18, 94, 3]",10,4,[],re_result_6-29_APRA/cifar10_700_Jul.02_19.21.07_foolsgold_True_no-noise_reba/agg_records/pkl/round_0132_foolsgold.pkl
133,foolsgold,success,"[5, 23, 24, 3, 78, 81, 85, 42, 29, 14]","[5, 23, 78, 81, 85, 42, 29, 14]","[24, 3]",10,8,[],re_result_6-29_APRA/cifar10_700_Jul.02_19.21.07_foolsgold_True_no-noise_reba/agg_records/pkl/round_0133_foolsgold.pkl
134,foolsgold,success,"[62, 46, 94, 20, 5, 88, 54, 75, 49, 45]","[62, 46, 94, 20, 5, 88, 75, 49]","[54, 45]",10,8,[],re_result_6-29_APRA/cifar10_700_Jul.02_19.21.07_foolsgold_True_no-noise_reba/agg_records/pkl/round_0134_foolsgold.pkl
135,foolsgold,success,"[25, 73, 37, 16, 90, 39, 77, 12, 22, 29]","[25, 73, 37, 12, 29]","[16, 90, 39, 77, 22]",10,5,[],re_result_6-29_APRA/cifar10_700_Jul.02_19.21.07_foolsgold_True_no-noise_reba/agg_records/pkl/round_0135_foolsgold.pkl
136,foolsgold,success,"[95, 85, 9, 92, 60, 61, 21, 10, 24, 70]","[9, 21, 10, 70]","[95, 85, 92, 60, 61, 24]",10,4,[],re_result_6-29_APRA/cifar10_700_Jul.02_19.21.07_foolsgold_True_no-noise_reba/agg_records/pkl/round_0136_foolsgold.pkl
137,foolsgold,success,"[3, 84, 85, 21, 81, 45, 59, 38, 18, 25]","[84, 85, 21, 81, 45, 59, 38, 25]","[3, 18]",10,8,[],re_result_6-29_APRA/cifar10_700_Jul.02_19.21.07_foolsgold_True_no-noise_reba/agg_records/pkl/round_0137_foolsgold.pkl
138,foolsgold,success,"[36, 8, 91, 7, 82, 58, 69, 22, 42, 86]","[36, 8, 91, 7, 82, 58, 69, 22, 42, 86]",[],10,10,[],re_result_6-29_APRA/cifar10_700_Jul.02_19.21.07_foolsgold_True_no-noise_reba/agg_records/pkl/round_0138_foolsgold.pkl
139,foolsgold,success,"[88, 37, 59, 48, 16, 50, 66, 69, 80, 62]","[88, 37, 59, 48, 50, 66, 69, 80]","[16, 62]",10,8,[],re_result_6-29_APRA/cifar10_700_Jul.02_19.21.07_foolsgold_True_no-noise_reba/agg_records/pkl/round_0139_foolsgold.pkl
140,foolsgold,success,"[91, 29, 7, 11, 83, 35, 77, 79, 96, 51]","[91, 29, 7, 79]","[11, 83, 35, 77, 96, 51]",10,4,[],re_result_6-29_APRA/cifar10_700_Jul.02_19.21.07_foolsgold_True_no-noise_reba/agg_records/pkl/round_0140_foolsgold.pkl
141,foolsgold,success,"[51, 24, 84, 71, 45, 69, 7, 72, 75, 74]","[84, 7]","[51, 24, 71, 45, 69, 72, 75, 74]",10,2,[],re_result_6-29_APRA/cifar10_700_Jul.02_19.21.07_foolsgold_True_no-noise_reba/agg_records/pkl/round_0141_foolsgold.pkl
142,foolsgold,success,"[53, 74, 20, 10, 88, 18, 90, 46, 98, 91]","[53, 20, 88, 46, 98, 91]","[74, 10, 18, 90]",10,6,[],re_result_6-29_APRA/cifar10_700_Jul.02_19.21.07_foolsgold_True_no-noise_reba/agg_records/pkl/round_0142_foolsgold.pkl
143,foolsgold,success,"[28, 21, 44, 31, 45, 32, 47, 93, 36, 27]","[28, 21, 44, 31, 45, 27]","[32, 47, 93, 36]",10,6,[],re_result_6-29_APRA/cifar10_700_Jul.02_19.21.07_foolsgold_True_no-noise_reba/agg_records/pkl/round_0143_foolsgold.pkl
144,foolsgold,success,"[79, 5, 14, 56, 2, 72, 92, 44, 25, 64]","[79, 5, 14, 92, 44]","[56, 2, 72, 25, 64]",10,5,[],re_result_6-29_APRA/cifar10_700_Jul.02_19.21.07_foolsgold_True_no-noise_reba/agg_records/pkl/round_0144_foolsgold.pkl
145,foolsgold,success,"[80, 16, 83, 88, 94, 66, 60, 82, 24, 49]","[80, 83, 88, 94, 66, 60, 82, 49]","[16, 24]",10,8,[],re_result_6-29_APRA/cifar10_700_Jul.02_19.21.07_foolsgold_True_no-noise_reba/agg_records/pkl/round_0145_foolsgold.pkl
146,foolsgold,success,"[35, 23, 89, 55, 40, 24, 78, 36, 30, 73]","[23, 78, 36, 73]","[35, 89, 55, 40, 24, 30]",10,4,[],re_result_6-29_APRA/cifar10_700_Jul.02_19.21.07_foolsgold_True_no-noise_reba/agg_records/pkl/round_0146_foolsgold.pkl
147,foolsgold,success,"[26, 97, 92, 55, 80, 87, 60, 89, 38, 19]","[26, 97, 55, 80, 60, 89, 38]","[92, 87, 19]",10,7,[],re_result_6-29_APRA/cifar10_700_Jul.02_19.21.07_foolsgold_True_no-noise_reba/agg_records/pkl/round_0147_foolsgold.pkl
148,foolsgold,success,"[9, 44, 13, 74, 36, 33, 34, 95, 67, 75]","[44, 13, 74, 36, 34, 95, 67, 75]","[9, 33]",10,8,[],re_result_6-29_APRA/cifar10_700_Jul.02_19.21.07_foolsgold_True_no-noise_reba/agg_records/pkl/round_0148_foolsgold.pkl
149,foolsgold,success,"[58, 47, 84, 27, 79, 18, 78, 26, 0, 68]","[58, 79, 78, 26, 0]","[47, 84, 27, 18, 68]",10,5,[],re_result_6-29_APRA/cifar10_700_Jul.02_19.21.07_foolsgold_True_no-noise_reba/agg_records/pkl/round_0149_foolsgold.pkl
150,foolsgold,success,"[88, 90, 46, 58, 15, 37, 93, 60, 29, 16]","[88, 46, 58, 37, 93, 16]","[90, 15, 60, 29]",10,6,[],re_result_6-29_APRA/cifar10_700_Jul.02_19.21.07_foolsgold_True_no-noise_reba/agg_records/pkl/round_0150_foolsgold.pkl
151,foolsgold,success,"[59, 23, 98, 35, 76, 4, 95, 94, 39, 22]","[59, 23, 98, 35, 76, 4, 95, 94]","[39, 22]",10,8,[],re_result_6-29_APRA/cifar10_700_Jul.02_19.21.07_foolsgold_True_no-noise_reba/agg_records/pkl/round_0151_foolsgold.pkl
152,foolsgold,success,"[5, 25, 98, 31, 34, 73, 0, 47, 91, 43]","[5, 25, 31, 34, 0, 47, 91, 43]","[98, 73]",10,8,[],re_result_6-29_APRA/cifar10_700_Jul.02_19.21.07_foolsgold_True_no-noise_reba/agg_records/pkl/round_0152_foolsgold.pkl
153,foolsgold,success,"[69, 94, 73, 9, 90, 58, 67, 5, 98, 91]","[94, 90, 58, 67, 5, 91]","[69, 73, 9, 98]",10,6,[],re_result_6-29_APRA/cifar10_700_Jul.02_19.21.07_foolsgold_True_no-noise_reba/agg_records/pkl/round_0153_foolsgold.pkl
154,foolsgold,success,"[70, 35, 27, 68, 67, 42, 41, 93, 77, 63]","[70, 35, 67, 42, 41]","[27, 68, 93, 77, 63]",10,5,[],re_result_6-29_APRA/cifar10_700_Jul.02_19.21.07_foolsgold_True_no-noise_reba/agg_records/pkl/round_0154_foolsgold.pkl
155,foolsgold,success,"[59, 97, 96, 51, 70, 8, 21, 19, 98, 53]","[96, 51, 70, 8, 21, 19, 98, 53]","[59, 97]",10,8,[],re_result_6-29_APRA/cifar10_700_Jul.02_19.21.07_foolsgold_True_no-noise_reba/agg_records/pkl/round_0155_foolsgold.pkl
156,foolsgold,success,"[22, 53, 51, 10, 55, 76, 69, 78, 64, 77]","[22, 53, 51, 10, 76, 78, 64, 77]","[55, 69]",10,8,[],re_result_6-29_APRA/cifar10_700_Jul.02_19.21.07_foolsgold_True_no-noise_reba/agg_records/pkl/round_0156_foolsgold.pkl
157,foolsgold,success,"[50, 22, 18, 20, 56, 16, 39, 9, 2, 70]","[50, 20, 56, 9, 70]","[22, 18, 16, 39, 2]",10,5,[],re_result_6-29_APRA/cifar10_700_Jul.02_19.21.07_foolsgold_True_no-noise_reba/agg_records/pkl/round_0157_foolsgold.pkl
158,foolsgold,success,"[10, 24, 36, 19, 75, 74, 82, 70, 3, 30]","[10, 36, 75, 82, 70, 30]","[24, 19, 74, 3]",10,6,[],re_result_6-29_APRA/cifar10_700_Jul.02_19.21.07_foolsgold_True_no-noise_reba/agg_records/pkl/round_0158_foolsgold.pkl
159,foolsgold,success,"[93, 57, 67, 88, 5, 42, 44, 26, 79, 18]","[67, 88, 42, 44, 26, 79]","[93, 57, 5, 18]",10,6,[],re_result_6-29_APRA/cifar10_700_Jul.02_19.21.07_foolsgold_True_no-noise_reba/agg_records/pkl/round_0159_foolsgold.pkl
160,foolsgold,success,"[45, 10, 47, 79, 86, 25, 77, 9, 94, 53]","[10, 79, 86, 25, 94, 53]","[45, 47, 77, 9]",10,6,[],re_result_6-29_APRA/cifar10_700_Jul.02_19.21.07_foolsgold_True_no-noise_reba/agg_records/pkl/round_0160_foolsgold.pkl
161,foolsgold,success,"[56, 20, 22, 8, 21, 78, 91, 64, 14, 54]","[20, 22, 8, 21, 78, 91, 14, 54]","[56, 64]",10,8,[],re_result_6-29_APRA/cifar10_700_Jul.02_19.21.07_foolsgold_True_no-noise_reba/agg_records/pkl/round_0161_foolsgold.pkl
162,foolsgold,success,"[74, 2, 26, 39, 14, 54, 80, 97, 0, 83]","[74, 14, 80, 97, 0, 83]","[2, 26, 39, 54]",10,6,[],re_result_6-29_APRA/cifar10_700_Jul.02_19.21.07_foolsgold_True_no-noise_reba/agg_records/pkl/round_0162_foolsgold.pkl
163,foolsgold,success,"[53, 22, 69, 28, 27, 47, 29, 7, 61, 84]","[53, 69, 28, 29, 7]","[22, 27, 47, 61, 84]",10,5,[],re_result_6-29_APRA/cifar10_700_Jul.02_19.21.07_foolsgold_True_no-noise_reba/agg_records/pkl/round_0163_foolsgold.pkl
164,foolsgold,success,"[80, 62, 8, 50, 79, 68, 42, 88, 72, 30]","[8, 50, 88, 72]","[80, 62, 79, 68, 42, 30]",10,4,[],re_result_6-29_APRA/cifar10_700_Jul.02_19.21.07_foolsgold_True_no-noise_reba/agg_records/pkl/round_0164_foolsgold.pkl
165,foolsgold,success,"[56, 86, 96, 17, 35, 53, 80, 30, 73, 32]","[56, 86, 96, 35, 53, 30]","[17, 80, 73, 32]",10,6,[],re_result_6-29_APRA/cifar10_700_Jul.02_19.21.07_foolsgold_True_no-noise_reba/agg_records/pkl/round_0165_foolsgold.pkl
166,foolsgold,success,"[25, 47, 34, 8, 32, 67, 98, 24, 57, 54]","[25, 34, 8, 32, 67, 98, 54]","[47, 24, 57]",10,7,[],re_result_6-29_APRA/cifar10_700_Jul.02_19.21.07_foolsgold_True_no-noise_reba/agg_records/pkl/round_0166_foolsgold.pkl
167,foolsgold,success,"[22, 30, 5, 21, 35, 28, 50, 6, 19, 75]","[30, 19]","[22, 5, 21, 35, 28, 50, 6, 75]",10,2,[],re_result_6-29_APRA/cifar10_700_Jul.02_19.21.07_foolsgold_True_no-noise_reba/agg_records/pkl/round_0167_foolsgold.pkl
168,foolsgold,success,"[29, 15, 2, 65, 53, 41, 5, 91, 86, 85]","[65, 53, 41, 91, 86, 85]","[29, 15, 2, 5]",10,6,[],re_result_6-29_APRA/cifar10_700_Jul.02_19.21.07_foolsgold_True_no-noise_reba/agg_records/pkl/round_0168_foolsgold.pkl
169,foolsgold,success,"[56, 65, 57, 21, 5, 26, 4, 59, 80, 40]","[57, 21, 5, 4, 59, 80]","[56, 65, 26, 40]",10,6,[],re_result_6-29_APRA/cifar10_700_Jul.02_19.21.07_foolsgold_True_no-noise_reba/agg_records/pkl/round_0169_foolsgold.pkl
170,foolsgold,success,"[27, 92, 51, 58, 36, 95, 23, 85, 42, 7]","[51, 58, 36, 23, 42, 7]","[27, 92, 95, 85]",10,6,[],re_result_6-29_APRA/cifar10_700_Jul.02_19.21.07_foolsgold_True_no-noise_reba/agg_records/pkl/round_0170_foolsgold.pkl
171,foolsgold,success,"[51, 95, 16, 47, 59, 24, 74, 96, 41, 81]","[51, 95, 59, 41]","[16, 47, 24, 74, 96, 81]",10,4,[],re_result_6-29_APRA/cifar10_700_Jul.02_19.21.07_foolsgold_True_no-noise_reba/agg_records/pkl/round_0171_foolsgold.pkl
172,foolsgold,success,"[62, 17, 55, 89, 37, 96, 73, 35, 22, 91]","[62, 55, 89, 37, 96, 73, 35, 91]","[17, 22]",10,8,[],re_result_6-29_APRA/cifar10_700_Jul.02_19.21.07_foolsgold_True_no-noise_reba/agg_records/pkl/round_0172_foolsgold.pkl
173,foolsgold,success,"[51, 89, 62, 52, 50, 77, 0, 20, 34, 18]",[51],"[89, 62, 52, 50, 77, 0, 20, 34, 18]",10,1,[],re_result_6-29_APRA/cifar10_700_Jul.02_19.21.07_foolsgold_True_no-noise_reba/agg_records/pkl/round_0173_foolsgold.pkl
174,foolsgold,success,"[99, 7, 87, 3, 48, 12, 9, 49, 26, 42]","[99, 12, 49, 26]","[7, 87, 3, 48, 9, 42]",10,4,[],re_result_6-29_APRA/cifar10_700_Jul.02_19.21.07_foolsgold_True_no-noise_reba/agg_records/pkl/round_0174_foolsgold.pkl
175,foolsgold,success,"[7, 52, 53, 93, 76, 12, 71, 50, 5, 23]","[7, 52, 76, 12, 50, 23]","[53, 93, 71, 5]",10,6,[],re_result_6-29_APRA/cifar10_700_Jul.02_19.21.07_foolsgold_True_no-noise_reba/agg_records/pkl/round_0175_foolsgold.pkl
176,foolsgold,success,"[37, 29, 63, 68, 42, 55, 65, 12, 15, 57]","[37, 63, 65]","[29, 68, 42, 55, 12, 15, 57]",10,3,[],re_result_6-29_APRA/cifar10_700_Jul.02_19.21.07_foolsgold_True_no-noise_reba/agg_records/pkl/round_0176_foolsgold.pkl
177,foolsgold,success,"[20, 92, 31, 32, 12, 66, 60, 76, 36, 50]","[20, 31, 66, 76, 50]","[92, 32, 12, 60, 36]",10,5,[],re_result_6-29_APRA/cifar10_700_Jul.02_19.21.07_foolsgold_True_no-noise_reba/agg_records/pkl/round_0177_foolsgold.pkl
178,foolsgold,success,"[79, 89, 11, 57, 45, 4, 90, 49, 7, 54]","[79, 89, 4, 90, 49, 7]","[11, 57, 45, 54]",10,6,[],re_result_6-29_APRA/cifar10_700_Jul.02_19.21.07_foolsgold_True_no-noise_reba/agg_records/pkl/round_0178_foolsgold.pkl
179,foolsgold,success,"[62, 64, 24, 74, 73, 48, 30, 79, 19, 38]","[64, 48, 30, 38]","[62, 24, 74, 73, 79, 19]",10,4,[],re_result_6-29_APRA/cifar10_700_Jul.02_19.21.07_foolsgold_True_no-noise_reba/agg_records/pkl/round_0179_foolsgold.pkl
180,foolsgold,success,"[66, 96, 14, 95, 6, 75, 41, 9, 27, 0]","[96, 14, 41, 9]","[66, 95, 6, 75, 27, 0]",10,4,[],re_result_6-29_APRA/cifar10_700_Jul.02_19.21.07_foolsgold_True_no-noise_reba/agg_records/pkl/round_0180_foolsgold.pkl
181,foolsgold,success,"[12, 73, 92, 79, 10, 53, 61, 8, 83, 50]","[53, 8, 83, 50]","[12, 73, 92, 79, 10, 61]",10,4,[],re_result_6-29_APRA/cifar10_700_Jul.02_19.21.07_foolsgold_True_no-noise_reba/agg_records/pkl/round_0181_foolsgold.pkl
182,foolsgold,success,"[2, 25, 79, 17, 41, 40, 70, 12, 42, 81]","[25, 79, 41, 40, 70, 12, 42, 81]","[2, 17]",10,8,[],re_result_6-29_APRA/cifar10_700_Jul.02_19.21.07_foolsgold_True_no-noise_reba/agg_records/pkl/round_0182_foolsgold.pkl
183,foolsgold,success,"[79, 18, 36, 61, 99, 97, 14, 0, 27, 6]","[79, 99, 97, 27]","[18, 36, 61, 14, 0, 6]",10,4,[],re_result_6-29_APRA/cifar10_700_Jul.02_19.21.07_foolsgold_True_no-noise_reba/agg_records/pkl/round_0183_foolsgold.pkl
184,foolsgold,success,"[59, 99, 26, 35, 37, 67, 80, 0, 29, 18]","[59, 99, 35, 67, 80, 0, 29, 18]","[26, 37]",10,8,[],re_result_6-29_APRA/cifar10_700_Jul.02_19.21.07_foolsgold_True_no-noise_reba/agg_records/pkl/round_0184_foolsgold.pkl
185,foolsgold,success,"[96, 79, 11, 80, 28, 64, 4, 72, 14, 52]","[96, 28, 64, 4, 72, 14]","[79, 11, 80, 52]",10,6,[],re_result_6-29_APRA/cifar10_700_Jul.02_19.21.07_foolsgold_True_no-noise_reba/agg_records/pkl/round_0185_foolsgold.pkl
186,foolsgold,success,"[87, 71, 32, 1, 84, 96, 30, 72, 17, 91]","[87, 1, 84, 96, 30, 91]","[71, 32, 72, 17]",10,6,[],re_result_6-29_APRA/cifar10_700_Jul.02_19.21.07_foolsgold_True_no-noise_reba/agg_records/pkl/round_0186_foolsgold.pkl
187,foolsgold,success,"[5, 12, 79, 11, 40, 66, 57, 36, 70, 13]","[79, 40, 66, 70, 13]","[5, 12, 11, 57, 36]",10,5,[],re_result_6-29_APRA/cifar10_700_Jul.02_19.21.07_foolsgold_True_no-noise_reba/agg_records/pkl/round_0187_foolsgold.pkl
188,foolsgold,success,"[66, 51, 26, 58, 29, 43, 70, 69, 87, 63]","[26, 58, 29, 43, 70, 69, 87, 63]","[66, 51]",10,8,[],re_result_6-29_APRA/cifar10_700_Jul.02_19.21.07_foolsgold_True_no-noise_reba/agg_records/pkl/round_0188_foolsgold.pkl
189,foolsgold,success,"[78, 92, 70, 12, 26, 83, 81, 30, 59, 80]","[12, 26, 83, 59, 80]","[78, 92, 70, 81, 30]",10,5,[],re_result_6-29_APRA/cifar10_700_Jul.02_19.21.07_foolsgold_True_no-noise_reba/agg_records/pkl/round_0189_foolsgold.pkl
190,foolsgold,success,"[4, 44, 71, 96, 49, 19, 79, 63, 42, 28]","[4, 44, 71, 96, 49, 19, 79, 63, 42, 28]",[],10,10,[],re_result_6-29_APRA/cifar10_700_Jul.02_19.21.07_foolsgold_True_no-noise_reba/agg_records/pkl/round_0190_foolsgold.pkl
191,foolsgold,success,"[73, 23, 55, 65, 52, 66, 8, 24, 43, 61]","[73, 23, 55, 65, 66, 8, 43]","[52, 24, 61]",10,7,[],re_result_6-29_APRA/cifar10_700_Jul.02_19.21.07_foolsgold_True_no-noise_reba/agg_records/pkl/round_0191_foolsgold.pkl
192,foolsgold,success,"[6, 78, 97, 99, 42, 49, 38, 60, 26, 39]","[6, 78, 97, 99, 42, 49, 38, 26]","[60, 39]",10,8,[],re_result_6-29_APRA/cifar10_700_Jul.02_19.21.07_foolsgold_True_no-noise_reba/agg_records/pkl/round_0192_foolsgold.pkl
193,foolsgold,success,"[6, 92, 63, 33, 55, 84, 91, 28, 98, 99]","[6, 92, 63, 84, 91, 28, 98, 99]","[33, 55]",10,8,[],re_result_6-29_APRA/cifar10_700_Jul.02_19.21.07_foolsgold_True_no-noise_reba/agg_records/pkl/round_0193_foolsgold.pkl
194,foolsgold,success,"[36, 85, 24, 15, 81, 28, 56, 61, 30, 45]","[36, 15, 28, 56]","[85, 24, 81, 61, 30, 45]",10,4,[],re_result_6-29_APRA/cifar10_700_Jul.02_19.21.07_foolsgold_True_no-noise_reba/agg_records/pkl/round_0194_foolsgold.pkl
195,foolsgold,success,"[16, 45, 22, 80, 65, 99, 57, 29, 1, 75]","[45, 22, 80, 99, 29, 1]","[16, 65, 57, 75]",10,6,[],re_result_6-29_APRA/cifar10_700_Jul.02_19.21.07_foolsgold_True_no-noise_reba/agg_records/pkl/round_0195_foolsgold.pkl
196,foolsgold,success,"[8, 31, 47, 67, 75, 85, 46, 59, 21, 70]","[31, 67, 75, 59, 21, 70]","[8, 47, 85, 46]",10,6,[],re_result_6-29_APRA/cifar10_700_Jul.02_19.21.07_foolsgold_True_no-noise_reba/agg_records/pkl/round_0196_foolsgold.pkl
197,foolsgold,success,"[46, 62, 6, 65, 83, 91, 40, 31, 47, 2]","[46, 6, 83, 91, 31, 2]","[62, 65, 40, 47]",10,6,[],re_result_6-29_APRA/cifar10_700_Jul.02_19.21.07_foolsgold_True_no-noise_reba/agg_records/pkl/round_0197_foolsgold.pkl
198,foolsgold,success,"[66, 4, 86, 65, 81, 7, 91, 55, 15, 1]","[66, 4, 86, 65, 81, 7, 91, 55, 15, 1]",[],10,10,[],re_result_6-29_APRA/cifar10_700_Jul.02_19.21.07_foolsgold_True_no-noise_reba/agg_records/pkl/round_0198_foolsgold.pkl
199,foolsgold,success,"[46, 98, 73, 53, 83, 86, 92, 69, 12, 43]","[46, 53, 83, 86, 92, 69, 12, 43]","[98, 73]",10,8,[],re_result_6-29_APRA/cifar10_700_Jul.02_19.21.07_foolsgold_True_no-noise_reba/agg_records/pkl/round_0199_foolsgold.pkl
200,foolsgold,success,"[37, 70, 58, 86, 57, 23, 7, 22, 19, 43]","[58, 86, 23, 7, 22, 43]","[37, 70, 57, 19]",10,6,[],re_result_6-29_APRA/cifar10_700_Jul.02_19.21.07_foolsgold_True_no-noise_reba/agg_records/pkl/round_0200_foolsgold.pkl
201,foolsgold,success,"[15, 83, 60, 14, 68, 4, 50, 69, 13, 72]","[15, 83, 60, 14, 68, 50, 69, 72]","[4, 13]",10,8,[],re_result_6-29_APRA/cifar10_700_Jul.02_19.21.07_foolsgold_True_no-noise_reba/agg_records/pkl/round_0201_foolsgold.pkl
202,foolsgold,success,"[30, 78, 10, 58, 27, 76, 24, 6, 87, 26]","[30, 78, 10, 58, 27, 76, 6, 26]","[24, 87]",10,8,[],re_result_6-29_APRA/cifar10_700_Jul.02_19.21.07_foolsgold_True_no-noise_reba/agg_records/pkl/round_0202_foolsgold.pkl
203,foolsgold,success,"[76, 55, 19, 79, 90, 2, 72, 98, 24, 10]","[76, 55, 10]","[19, 79, 90, 2, 72, 98, 24]",10,3,[],re_result_6-29_APRA/cifar10_700_Jul.02_19.21.07_foolsgold_True_no-noise_reba/agg_records/pkl/round_0203_foolsgold.pkl
204,foolsgold,success,"[20, 80, 27, 11, 23, 41, 84, 93, 19, 34]","[20, 80, 23, 41, 93, 34]","[27, 11, 84, 19]",10,6,[],re_result_6-29_APRA/cifar10_700_Jul.02_19.21.07_foolsgold_True_no-noise_reba/agg_records/pkl/round_0204_foolsgold.pkl
205,foolsgold,success,"[56, 35, 37, 58, 15, 36, 87, 1, 79, 64]","[35, 37, 58, 15, 1, 79]","[56, 36, 87, 64]",10,6,[],re_result_6-29_APRA/cifar10_700_Jul.02_19.21.07_foolsgold_True_no-noise_reba/agg_records/pkl/round_0205_foolsgold.pkl
206,foolsgold,success,"[69, 34, 1, 60, 93, 84, 9, 25, 19, 2]","[34, 1, 25, 19]","[69, 60, 93, 84, 9, 2]",10,4,[],re_result_6-29_APRA/cifar10_700_Jul.02_19.21.07_foolsgold_True_no-noise_reba/agg_records/pkl/round_0206_foolsgold.pkl
207,foolsgold,success,"[45, 16, 83, 82, 61, 68, 49, 80, 23, 72]","[45, 83, 82, 49, 80, 23, 72]","[16, 61, 68]",10,7,[],re_result_6-29_APRA/cifar10_700_Jul.02_19.21.07_foolsgold_True_no-noise_reba/agg_records/pkl/round_0207_foolsgold.pkl
208,foolsgold,success,"[2, 89, 19, 54, 49, 1, 3, 4, 66, 17]","[89, 54, 49, 1, 4, 66]","[2, 19, 3, 17]",10,6,[],re_result_6-29_APRA/cifar10_700_Jul.02_19.21.07_foolsgold_True_no-noise_reba/agg_records/pkl/round_0208_foolsgold.pkl
209,foolsgold,success,"[30, 11, 55, 47, 82, 89, 24, 16, 73, 69]","[82, 89, 73]","[30, 11, 55, 47, 24, 16, 69]",10,3,[],re_result_6-29_APRA/cifar10_700_Jul.02_19.21.07_foolsgold_True_no-noise_reba/agg_records/pkl/round_0209_foolsgold.pkl
210,foolsgold,success,"[67, 25, 53, 56, 12, 39, 75, 31, 5, 0]","[67, 53, 75, 31, 5, 0]","[25, 56, 12, 39]",10,6,[],re_result_6-29_APRA/cifar10_700_Jul.02_19.21.07_foolsgold_True_no-noise_reba/agg_records/pkl/round_0210_foolsgold.pkl
211,foolsgold,success,"[35, 34, 36, 89, 19, 46, 30, 68, 22, 29]","[35, 34, 36, 89, 46, 30, 22, 29]","[19, 68]",10,8,[],re_result_6-29_APRA/cifar10_700_Jul.02_19.21.07_foolsgold_True_no-noise_reba/agg_records/pkl/round_0211_foolsgold.pkl
212,foolsgold,success,"[67, 8, 47, 46, 77, 11, 23, 92, 27, 38]","[67, 8, 46, 23, 27, 38]","[47, 77, 11, 92]",10,6,[],re_result_6-29_APRA/cifar10_700_Jul.02_19.21.07_foolsgold_True_no-noise_reba/agg_records/pkl/round_0212_foolsgold.pkl
213,foolsgold,success,"[11, 37, 22, 47, 56, 63, 32, 74, 93, 53]","[11, 37, 56, 53]","[22, 47, 63, 32, 74, 93]",10,4,[],re_result_6-29_APRA/cifar10_700_Jul.02_19.21.07_foolsgold_True_no-noise_reba/agg_records/pkl/round_0213_foolsgold.pkl
214,foolsgold,success,"[18, 94, 39, 76, 88, 66, 37, 46, 41, 80]","[18, 94, 39, 76, 88, 66, 37, 46, 41, 80]",[],10,10,[],re_result_6-29_APRA/cifar10_700_Jul.02_19.21.07_foolsgold_True_no-noise_reba/agg_records/pkl/round_0214_foolsgold.pkl
215,foolsgold,success,"[55, 94, 90, 77, 6, 12, 93, 40, 61, 81]","[55, 94, 6, 93, 40]","[90, 77, 12, 61, 81]",10,5,[],re_result_6-29_APRA/cifar10_700_Jul.02_19.21.07_foolsgold_True_no-noise_reba/agg_records/pkl/round_0215_foolsgold.pkl
216,foolsgold,success,"[58, 39, 34, 12, 47, 70, 21, 84, 90, 25]","[58, 34, 47, 70, 21, 25]","[39, 12, 84, 90]",10,6,[],re_result_6-29_APRA/cifar10_700_Jul.02_19.21.07_foolsgold_True_no-noise_reba/agg_records/pkl/round_0216_foolsgold.pkl
217,foolsgold,success,"[85, 64, 90, 72, 44, 35, 19, 9, 47, 34]","[64, 44, 35, 9, 34]","[85, 90, 72, 19, 47]",10,5,[],re_result_6-29_APRA/cifar10_700_Jul.02_19.21.07_foolsgold_True_no-noise_reba/agg_records/pkl/round_0217_foolsgold.pkl
218,foolsgold,success,"[57, 95, 65, 94, 76, 60, 80, 6, 93, 55]","[57, 65, 94, 76, 80, 6, 93, 55]","[95, 60]",10,8,[],re_result_6-29_APRA/cifar10_700_Jul.02_19.21.07_foolsgold_True_no-noise_reba/agg_records/pkl/round_0218_foolsgold.pkl
219,foolsgold,success,"[1, 35, 94, 70, 7, 5, 36, 83, 6, 72]","[1, 35, 94, 70, 5, 36, 83, 72]","[7, 6]",10,8,[],re_result_6-29_APRA/cifar10_700_Jul.02_19.21.07_foolsgold_True_no-noise_reba/agg_records/pkl/round_0219_foolsgold.pkl
220,foolsgold,success,"[62, 32, 93, 8, 96, 81, 44, 83, 10, 22]","[62, 8, 96, 81, 44, 83, 10, 22]","[32, 93]",10,8,[],re_result_6-29_APRA/cifar10_700_Jul.02_19.21.07_foolsgold_True_no-noise_reba/agg_records/pkl/round_0220_foolsgold.pkl
221,foolsgold,success,"[22, 97, 31, 62, 84, 58, 4, 23, 17, 68]","[31, 84, 4, 23]","[22, 97, 62, 58, 17, 68]",10,4,[],re_result_6-29_APRA/cifar10_700_Jul.02_19.21.07_foolsgold_True_no-noise_reba/agg_records/pkl/round_0221_foolsgold.pkl
222,foolsgold,success,"[65, 66, 19, 3, 2, 51, 69, 31, 82, 68]","[65, 2, 69, 31, 82]","[66, 19, 3, 51, 68]",10,5,[],re_result_6-29_APRA/cifar10_700_Jul.02_19.21.07_foolsgold_True_no-noise_reba/agg_records/pkl/round_0222_foolsgold.pkl
223,foolsgold,success,"[80, 76, 61, 67, 77, 69, 4, 7, 83, 16]","[80, 69, 4, 7, 83]","[76, 61, 67, 77, 16]",10,5,[],re_result_6-29_APRA/cifar10_700_Jul.02_19.21.07_foolsgold_True_no-noise_reba/agg_records/pkl/round_0223_foolsgold.pkl
224,foolsgold,success,"[88, 72, 48, 91, 93, 5, 95, 53, 4, 46]","[88, 48, 53, 4]","[72, 91, 93, 5, 95, 46]",10,4,[],re_result_6-29_APRA/cifar10_700_Jul.02_19.21.07_foolsgold_True_no-noise_reba/agg_records/pkl/round_0224_foolsgold.pkl
225,foolsgold,success,"[81, 0, 47, 29, 84, 12, 16, 40, 25, 93]","[81, 0, 84, 40, 25, 93]","[47, 29, 12, 16]",10,6,[],re_result_6-29_APRA/cifar10_700_Jul.02_19.21.07_foolsgold_True_no-noise_reba/agg_records/pkl/round_0225_foolsgold.pkl
226,foolsgold,success,"[19, 56, 89, 92, 36, 97, 26, 10, 41, 94]","[89, 97, 10, 41, 94]","[19, 56, 92, 36, 26]",10,5,[],re_result_6-29_APRA/cifar10_700_Jul.02_19.21.07_foolsgold_True_no-noise_reba/agg_records/pkl/round_0226_foolsgold.pkl
227,foolsgold,success,"[51, 5, 14, 55, 67, 44, 21, 68, 37, 86]","[51, 5, 14, 55, 44, 68, 37, 86]","[67, 21]",10,8,[],re_result_6-29_APRA/cifar10_700_Jul.02_19.21.07_foolsgold_True_no-noise_reba/agg_records/pkl/round_0227_foolsgold.pkl
228,foolsgold,success,"[5, 68, 49, 8, 91, 75, 79, 10, 87, 24]","[5, 49, 8, 91, 75, 79, 10]","[68, 87, 24]",10,7,[],re_result_6-29_APRA/cifar10_700_Jul.02_19.21.07_foolsgold_True_no-noise_reba/agg_records/pkl/round_0228_foolsgold.pkl
229,foolsgold,success,"[71, 93, 72, 84, 59, 78, 80, 26, 28, 0]","[93, 84, 59, 78, 80, 26, 28, 0]","[71, 72]",10,8,[],re_result_6-29_APRA/cifar10_700_Jul.02_19.21.07_foolsgold_True_no-noise_reba/agg_records/pkl/round_0229_foolsgold.pkl
230,foolsgold,success,"[97, 63, 38, 47, 28, 73, 20, 3, 5, 29]","[97, 38, 28, 20]","[63, 47, 73, 3, 5, 29]",10,4,[],re_result_6-29_APRA/cifar10_700_Jul.02_19.21.07_foolsgold_True_no-noise_reba/agg_records/pkl/round_0230_foolsgold.pkl
231,foolsgold,success,"[23, 7, 55, 40, 19, 32, 84, 89, 92, 39]","[23, 7, 55, 40, 84, 89]","[19, 32, 92, 39]",10,6,[],re_result_6-29_APRA/cifar10_700_Jul.02_19.21.07_foolsgold_True_no-noise_reba/agg_records/pkl/round_0231_foolsgold.pkl
232,foolsgold,success,"[43, 75, 72, 3, 45, 80, 37, 9, 59, 47]","[43, 75, 72, 80, 37, 59]","[3, 45, 9, 47]",10,6,[],re_result_6-29_APRA/cifar10_700_Jul.02_19.21.07_foolsgold_True_no-noise_reba/agg_records/pkl/round_0232_foolsgold.pkl
233,foolsgold,success,"[94, 3, 2, 27, 76, 11, 4, 79, 1, 14]","[94, 76, 4, 79]","[3, 2, 27, 11, 1, 14]",10,4,[],re_result_6-29_APRA/cifar10_700_Jul.02_19.21.07_foolsgold_True_no-noise_reba/agg_records/pkl/round_0233_foolsgold.pkl
234,foolsgold,success,"[54, 52, 99, 67, 1, 25, 2, 43, 55, 31]","[52, 99, 67, 1, 25, 2, 43, 31]","[54, 55]",10,8,[],re_result_6-29_APRA/cifar10_700_Jul.02_19.21.07_foolsgold_True_no-noise_reba/agg_records/pkl/round_0234_foolsgold.pkl
235,foolsgold,success,"[36, 13, 82, 50, 54, 27, 23, 32, 46, 14]","[36, 13, 82, 50, 54, 27, 23, 32, 46, 14]",[],10,10,[],re_result_6-29_APRA/cifar10_700_Jul.02_19.21.07_foolsgold_True_no-noise_reba/agg_records/pkl/round_0235_foolsgold.pkl
236,foolsgold,success,"[59, 37, 22, 54, 60, 87, 16, 62, 61, 58]","[59, 37, 54, 61, 58]","[22, 60, 87, 16, 62]",10,5,[],re_result_6-29_APRA/cifar10_700_Jul.02_19.21.07_foolsgold_True_no-noise_reba/agg_records/pkl/round_0236_foolsgold.pkl
237,foolsgold,success,"[73, 17, 46, 89, 62, 95, 7, 77, 15, 6]","[73, 17, 46, 89, 95, 15]","[62, 7, 77, 6]",10,6,[],re_result_6-29_APRA/cifar10_700_Jul.02_19.21.07_foolsgold_True_no-noise_reba/agg_records/pkl/round_0237_foolsgold.pkl
238,foolsgold,success,"[66, 27, 83, 23, 7, 8, 63, 11, 65, 88]","[66, 83, 23, 7, 8, 11, 65, 88]","[27, 63]",10,8,[],re_result_6-29_APRA/cifar10_700_Jul.02_19.21.07_foolsgold_True_no-noise_reba/agg_records/pkl/round_0238_foolsgold.pkl
239,foolsgold,success,"[10, 84, 17, 35, 64, 42, 14, 44, 69, 75]","[10, 84, 17, 64, 14, 44]","[35, 42, 69, 75]",10,6,[],re_result_6-29_APRA/cifar10_700_Jul.02_19.21.07_foolsgold_True_no-noise_reba/agg_records/pkl/round_0239_foolsgold.pkl
240,foolsgold,success,"[84, 11, 98, 38, 93, 18, 85, 78, 34, 19]","[84, 98, 38, 93, 78, 34]","[11, 18, 85, 19]",10,6,[],re_result_6-29_APRA/cifar10_700_Jul.02_19.21.07_foolsgold_True_no-noise_reba/agg_records/pkl/round_0240_foolsgold.pkl
241,foolsgold,success,"[39, 9, 37, 52, 38, 94, 48, 47, 3, 90]","[9, 37, 38, 94, 48]","[39, 52, 47, 3, 90]",10,5,[],re_result_6-29_APRA/cifar10_700_Jul.02_19.21.07_foolsgold_True_no-noise_reba/agg_records/pkl/round_0241_foolsgold.pkl
242,foolsgold,success,"[43, 26, 86, 56, 72, 59, 55, 91, 18, 80]","[43, 86, 59, 55, 18, 80]","[26, 56, 72, 91]",10,6,[],re_result_6-29_APRA/cifar10_700_Jul.02_19.21.07_foolsgold_True_no-noise_reba/agg_records/pkl/round_0242_foolsgold.pkl
243,foolsgold,success,"[40, 35, 63, 10, 81, 86, 93, 54, 85, 77]","[10, 81, 86, 54]","[40, 35, 63, 93, 85, 77]",10,4,[],re_result_6-29_APRA/cifar10_700_Jul.02_19.21.07_foolsgold_True_no-noise_reba/agg_records/pkl/round_0243_foolsgold.pkl
244,foolsgold,success,"[80, 99, 29, 20, 27, 57, 93, 64, 91, 37]","[80, 99, 29, 20, 27, 57, 93, 64, 91, 37]",[],10,10,[],re_result_6-29_APRA/cifar10_700_Jul.02_19.21.07_foolsgold_True_no-noise_reba/agg_records/pkl/round_0244_foolsgold.pkl
245,foolsgold,success,"[47, 95, 19, 65, 40, 89, 35, 99, 78, 52]","[95, 99, 78]","[47, 19, 65, 40, 89, 35, 52]",10,3,[],re_result_6-29_APRA/cifar10_700_Jul.02_19.21.07_foolsgold_True_no-noise_reba/agg_records/pkl/round_0245_foolsgold.pkl
246,foolsgold,success,"[97, 15, 51, 64, 95, 83, 69, 73, 34, 45]","[97, 51, 64, 95, 83, 34]","[15, 69, 73, 45]",10,6,[],re_result_6-29_APRA/cifar10_700_Jul.02_19.21.07_foolsgold_True_no-noise_reba/agg_records/pkl/round_0246_foolsgold.pkl
247,foolsgold,success,"[92, 21, 20, 41, 12, 0, 79, 65, 44, 75]","[92, 21, 41, 12, 79, 44]","[20, 0, 65, 75]",10,6,[],re_result_6-29_APRA/cifar10_700_Jul.02_19.21.07_foolsgold_True_no-noise_reba/agg_records/pkl/round_0247_foolsgold.pkl
248,foolsgold,success,"[66, 26, 69, 42, 38, 85, 88, 15, 91, 39]","[66, 26, 85, 88, 15, 39]","[69, 42, 38, 91]",10,6,[],re_result_6-29_APRA/cifar10_700_Jul.02_19.21.07_foolsgold_True_no-noise_reba/agg_records/pkl/round_0248_foolsgold.pkl
249,foolsgold,success,"[90, 21, 34, 53, 12, 85, 96, 48, 5, 4]","[34, 85, 96, 5]","[90, 21, 53, 12, 48, 4]",10,4,[],re_result_6-29_APRA/cifar10_700_Jul.02_19.21.07_foolsgold_True_no-noise_reba/agg_records/pkl/round_0249_foolsgold.pkl
250,foolsgold,success,"[86, 44, 90, 52, 29, 62, 70, 21, 25, 13]","[86, 44, 90, 29, 70, 25]","[52, 62, 21, 13]",10,6,[],re_result_6-29_APRA/cifar10_700_Jul.02_19.21.07_foolsgold_True_no-noise_reba/agg_records/pkl/round_0250_foolsgold.pkl
251,foolsgold,success,"[31, 59, 13, 57, 55, 37, 36, 93, 73, 75]","[31, 59, 13, 55, 37, 93, 73, 75]","[57, 36]",10,8,[],re_result_6-29_APRA/cifar10_700_Jul.02_19.21.07_foolsgold_True_no-noise_reba/agg_records/pkl/round_0251_foolsgold.pkl
252,foolsgold,success,"[2, 3, 64, 40, 63, 66, 14, 58, 8, 83]","[3, 64, 40, 66, 14, 58, 8, 83]","[2, 63]",10,8,[],re_result_6-29_APRA/cifar10_700_Jul.02_19.21.07_foolsgold_True_no-noise_reba/agg_records/pkl/round_0252_foolsgold.pkl
253,foolsgold,success,"[62, 11, 98, 30, 49, 28, 88, 24, 58, 70]","[98, 30, 49, 28, 88, 58, 70]","[62, 11, 24]",10,7,[],re_result_6-29_APRA/cifar10_700_Jul.02_19.21.07_foolsgold_True_no-noise_reba/agg_records/pkl/round_0253_foolsgold.pkl
254,foolsgold,success,"[79, 20, 26, 33, 92, 17, 74, 53, 67, 37]","[79, 20, 33, 17, 53, 67]","[26, 92, 74, 37]",10,6,[],re_result_6-29_APRA/cifar10_700_Jul.02_19.21.07_foolsgold_True_no-noise_reba/agg_records/pkl/round_0254_foolsgold.pkl
255,foolsgold,success,"[59, 60, 15, 98, 92, 78, 48, 45, 30, 35]","[59, 60, 92, 48, 35]","[15, 98, 78, 45, 30]",10,5,[],re_result_6-29_APRA/cifar10_700_Jul.02_19.21.07_foolsgold_True_no-noise_reba/agg_records/pkl/round_0255_foolsgold.pkl
256,foolsgold,success,"[61, 76, 36, 55, 24, 71, 43, 30, 50, 74]","[76, 71, 43, 50]","[61, 36, 55, 24, 30, 74]",10,4,[],re_result_6-29_APRA/cifar10_700_Jul.02_19.21.07_foolsgold_True_no-noise_reba/agg_records/pkl/round_0256_foolsgold.pkl
257,foolsgold,success,"[68, 33, 38, 62, 76, 88, 54, 19, 29, 53]","[38, 76, 88, 29, 53]","[68, 33, 62, 54, 19]",10,5,[],re_result_6-29_APRA/cifar10_700_Jul.02_19.21.07_foolsgold_True_no-noise_reba/agg_records/pkl/round_0257_foolsgold.pkl
258,foolsgold,success,"[20, 47, 97, 72, 23, 79, 60, 68, 10, 95]","[20, 97, 72, 23, 79, 60, 10, 95]","[47, 68]",10,8,[],re_result_6-29_APRA/cifar10_700_Jul.02_19.21.07_foolsgold_True_no-noise_reba/agg_records/pkl/round_0258_foolsgold.pkl
259,foolsgold,success,"[43, 20, 17, 83, 37, 13, 35, 26, 49, 61]","[43, 17, 83, 35, 49, 61]","[20, 37, 13, 26]",10,6,[],re_result_6-29_APRA/cifar10_700_Jul.02_19.21.07_foolsgold_True_no-noise_reba/agg_records/pkl/round_0259_foolsgold.pkl
260,foolsgold,success,"[34, 67, 88, 27, 97, 44, 86, 11, 26, 73]","[34, 67, 88, 27, 97, 44, 86, 11, 26, 73]",[],10,10,[],re_result_6-29_APRA/cifar10_700_Jul.02_19.21.07_foolsgold_True_no-noise_reba/agg_records/pkl/round_0260_foolsgold.pkl
261,foolsgold,success,"[13, 3, 14, 11, 24, 80, 55, 33, 44, 64]","[13, 14, 80, 44, 64]","[3, 11, 24, 55, 33]",10,5,[],re_result_6-29_APRA/cifar10_700_Jul.02_19.21.07_foolsgold_True_no-noise_reba/agg_records/pkl/round_0261_foolsgold.pkl
262,foolsgold,success,"[59, 87, 43, 21, 12, 90, 84, 73, 37, 50]","[59, 87, 43, 21, 73, 37, 50]","[12, 90, 84]",10,7,[],re_result_6-29_APRA/cifar10_700_Jul.02_19.21.07_foolsgold_True_no-noise_reba/agg_records/pkl/round_0262_foolsgold.pkl
263,foolsgold,success,"[90, 7, 72, 8, 42, 50, 48, 59, 24, 45]","[8, 50, 59, 24]","[90, 7, 72, 42, 48, 45]",10,4,[],re_result_6-29_APRA/cifar10_700_Jul.02_19.21.07_foolsgold_True_no-noise_reba/agg_records/pkl/round_0263_foolsgold.pkl
264,foolsgold,success,"[8, 82, 3, 98, 31, 28, 91, 68, 27, 22]","[8, 82, 98, 31, 28, 91]","[3, 68, 27, 22]",10,6,[],re_result_6-29_APRA/cifar10_700_Jul.02_19.21.07_foolsgold_True_no-noise_reba/agg_records/pkl/round_0264_foolsgold.pkl
265,foolsgold,success,"[17, 8, 64, 29, 61, 1, 27, 86, 38, 84]","[8, 64, 29, 61, 1, 86, 38, 84]","[17, 27]",10,8,[],re_result_6-29_APRA/cifar10_700_Jul.02_19.21.07_foolsgold_True_no-noise_reba/agg_records/pkl/round_0265_foolsgold.pkl
266,foolsgold,success,"[8, 28, 40, 82, 52, 95, 15, 71, 33, 47]","[28, 40, 82, 15, 71, 33]","[8, 52, 95, 47]",10,6,[],re_result_6-29_APRA/cifar10_700_Jul.02_19.21.07_foolsgold_True_no-noise_reba/agg_records/pkl/round_0266_foolsgold.pkl
267,foolsgold,success,"[45, 76, 96, 47, 38, 59, 36, 68, 84, 19]","[45, 38, 59, 84]","[76, 96, 47, 36, 68, 19]",10,4,[],re_result_6-29_APRA/cifar10_700_Jul.02_19.21.07_foolsgold_True_no-noise_reba/agg_records/pkl/round_0267_foolsgold.pkl
268,foolsgold,success,"[66, 61, 59, 53, 63, 44, 35, 72, 21, 52]","[66, 59, 53, 63, 44, 35, 72, 21]","[61, 52]",10,8,[],re_result_6-29_APRA/cifar10_700_Jul.02_19.21.07_foolsgold_True_no-noise_reba/agg_records/pkl/round_0268_foolsgold.pkl
269,foolsgold,success,"[73, 64, 98, 23, 48, 97, 81, 67, 49, 87]","[64, 23, 48, 97, 81, 67, 49, 87]","[73, 98]",10,8,[],re_result_6-29_APRA/cifar10_700_Jul.02_19.21.07_foolsgold_True_no-noise_reba/agg_records/pkl/round_0269_foolsgold.pkl
270,foolsgold,success,"[27, 72, 11, 80, 40, 87, 78, 84, 97, 79]","[40, 78, 84, 97]","[27, 72, 11, 80, 87, 79]",10,4,[],re_result_6-29_APRA/cifar10_700_Jul.02_19.21.07_foolsgold_True_no-noise_reba/agg_records/pkl/round_0270_foolsgold.pkl
271,foolsgold,success,"[98, 31, 60, 39, 13, 63, 59, 83, 27, 14]","[98, 31, 13, 59, 83, 14]","[60, 39, 63, 27]",10,6,[],re_result_6-29_APRA/cifar10_700_Jul.02_19.21.07_foolsgold_True_no-noise_reba/agg_records/pkl/round_0271_foolsgold.pkl
272,foolsgold,success,"[91, 78, 82, 95, 89, 61, 14, 41, 15, 69]","[91, 78, 82, 95, 89, 61, 14, 41, 15, 69]",[],10,10,[],re_result_6-29_APRA/cifar10_700_Jul.02_19.21.07_foolsgold_True_no-noise_reba/agg_records/pkl/round_0272_foolsgold.pkl
273,foolsgold,success,"[70, 33, 37, 73, 26, 15, 8, 90, 93, 57]","[33, 26, 8, 93, 57]","[70, 37, 73, 15, 90]",10,5,[],re_result_6-29_APRA/cifar10_700_Jul.02_19.21.07_foolsgold_True_no-noise_reba/agg_records/pkl/round_0273_foolsgold.pkl
274,foolsgold,success,"[69, 47, 82, 87, 49, 85, 26, 21, 96, 53]","[69, 82, 49, 26, 21, 96, 53]","[47, 87, 85]",10,7,[],re_result_6-29_APRA/cifar10_700_Jul.02_19.21.07_foolsgold_True_no-noise_reba/agg_records/pkl/round_0274_foolsgold.pkl
275,foolsgold,success,"[60, 61, 92, 50, 66, 16, 88, 19, 27, 20]","[60, 50, 66, 88, 27, 20]","[61, 92, 16, 19]",10,6,[],re_result_6-29_APRA/cifar10_700_Jul.02_19.21.07_foolsgold_True_no-noise_reba/agg_records/pkl/round_0275_foolsgold.pkl
276,foolsgold,success,"[68, 92, 6, 44, 13, 49, 88, 38, 26, 86]","[44, 49, 88, 38, 26, 86]","[68, 92, 6, 13]",10,6,[],re_result_6-29_APRA/cifar10_700_Jul.02_19.21.07_foolsgold_True_no-noise_reba/agg_records/pkl/round_0276_foolsgold.pkl
277,foolsgold,success,"[74, 20, 52, 89, 2, 29, 3, 57, 70, 13]","[89, 2, 29, 70]","[74, 20, 52, 3, 57, 13]",10,4,[],re_result_6-29_APRA/cifar10_700_Jul.02_19.21.07_foolsgold_True_no-noise_reba/agg_records/pkl/round_0277_foolsgold.pkl
278,foolsgold,success,"[60, 68, 12, 28, 79, 54, 86, 31, 9, 10]","[68, 28, 79, 86, 31]","[60, 12, 54, 9, 10]",10,5,[],re_result_6-29_APRA/cifar10_700_Jul.02_19.21.07_foolsgold_True_no-noise_reba/agg_records/pkl/round_0278_foolsgold.pkl
279,foolsgold,success,"[41, 10, 16, 51, 71, 75, 7, 31, 42, 25]","[41, 10, 16, 71, 7, 31, 42, 25]","[51, 75]",10,8,[],re_result_6-29_APRA/cifar10_700_Jul.02_19.21.07_foolsgold_True_no-noise_reba/agg_records/pkl/round_0279_foolsgold.pkl
280,foolsgold,success,"[77, 25, 68, 80, 10, 24, 99, 34, 95, 11]","[25, 80, 10, 99, 34, 95]","[77, 68, 24, 11]",10,6,[],re_result_6-29_APRA/cifar10_700_Jul.02_19.21.07_foolsgold_True_no-noise_reba/agg_records/pkl/round_0280_foolsgold.pkl
281,foolsgold,success,"[98, 5, 53, 99, 62, 72, 65, 0, 51, 76]","[98, 5, 53, 99, 62, 72, 0, 76]","[65, 51]",10,8,[],re_result_6-29_APRA/cifar10_700_Jul.02_19.21.07_foolsgold_True_no-noise_reba/agg_records/pkl/round_0281_foolsgold.pkl
282,foolsgold,success,"[81, 33, 29, 88, 10, 99, 48, 40, 75, 57]","[33, 88, 99, 48]","[81, 29, 10, 40, 75, 57]",10,4,[],re_result_6-29_APRA/cifar10_700_Jul.02_19.21.07_foolsgold_True_no-noise_reba/agg_records/pkl/round_0282_foolsgold.pkl
283,foolsgold,success,"[88, 53, 56, 59, 19, 36, 9, 48, 49, 16]","[88, 53, 56, 9, 48]","[59, 19, 36, 49, 16]",10,5,[],re_result_6-29_APRA/cifar10_700_Jul.02_19.21.07_foolsgold_True_no-noise_reba/agg_records/pkl/round_0283_foolsgold.pkl
284,foolsgold,success,"[7, 61, 83, 49, 29, 75, 51, 10, 9, 94]","[7, 61, 49, 9, 94]","[83, 29, 75, 51, 10]",10,5,[],re_result_6-29_APRA/cifar10_700_Jul.02_19.21.07_foolsgold_True_no-noise_reba/agg_records/pkl/round_0284_foolsgold.pkl
285,foolsgold,success,"[83, 17, 19, 54, 35, 40, 4, 62, 50, 85]","[83, 17, 54, 4, 50]","[19, 35, 40, 62, 85]",10,5,[],re_result_6-29_APRA/cifar10_700_Jul.02_19.21.07_foolsgold_True_no-noise_reba/agg_records/pkl/round_0285_foolsgold.pkl
286,foolsgold,success,"[59, 53, 24, 61, 75, 63, 6, 44, 67, 49]","[53, 75, 63, 6, 44, 67]","[59, 24, 61, 49]",10,6,[],re_result_6-29_APRA/cifar10_700_Jul.02_19.21.07_foolsgold_True_no-noise_reba/agg_records/pkl/round_0286_foolsgold.pkl
287,foolsgold,success,"[51, 43, 3, 35, 45, 83, 20, 92, 11, 40]","[43, 45, 83, 20, 92]","[51, 3, 35, 11, 40]",10,5,[],re_result_6-29_APRA/cifar10_700_Jul.02_19.21.07_foolsgold_True_no-noise_reba/agg_records/pkl/round_0287_foolsgold.pkl
288,foolsgold,success,"[93, 45, 30, 78, 85, 13, 23, 51, 12, 10]","[93, 85, 13, 23, 51]","[45, 30, 78, 12, 10]",10,5,[],re_result_6-29_APRA/cifar10_700_Jul.02_19.21.07_foolsgold_True_no-noise_reba/agg_records/pkl/round_0288_foolsgold.pkl
289,foolsgold,success,"[85, 5, 9, 1, 91, 26, 64, 0, 34, 8]","[85, 5, 9, 1, 91, 26, 64, 0, 34, 8]",[],10,10,[],re_result_6-29_APRA/cifar10_700_Jul.02_19.21.07_foolsgold_True_no-noise_reba/agg_records/pkl/round_0289_foolsgold.pkl
290,foolsgold,success,"[0, 12, 11, 54, 28, 60, 24, 59, 67, 26]","[0, 28, 59, 67]","[12, 11, 54, 60, 24, 26]",10,4,[],re_result_6-29_APRA/cifar10_700_Jul.02_19.21.07_foolsgold_True_no-noise_reba/agg_records/pkl/round_0290_foolsgold.pkl
291,foolsgold,success,"[13, 69, 16, 68, 24, 51, 14, 73, 74, 87]","[13, 69, 51, 14, 73]","[16, 68, 24, 74, 87]",10,5,[],re_result_6-29_APRA/cifar10_700_Jul.02_19.21.07_foolsgold_True_no-noise_reba/agg_records/pkl/round_0291_foolsgold.pkl
292,foolsgold,success,"[79, 83, 3, 98, 38, 22, 30, 44, 35, 56]","[83, 3, 38, 22, 30, 44, 35, 56]","[79, 98]",10,8,[],re_result_6-29_APRA/cifar10_700_Jul.02_19.21.07_foolsgold_True_no-noise_reba/agg_records/pkl/round_0292_foolsgold.pkl
293,foolsgold,success,"[3, 26, 51, 92, 57, 1, 35, 67, 85, 99]","[26, 1, 67, 99]","[3, 51, 92, 57, 35, 85]",10,4,[],re_result_6-29_APRA/cifar10_700_Jul.02_19.21.07_foolsgold_True_no-noise_reba/agg_records/pkl/round_0293_foolsgold.pkl
294,foolsgold,success,"[31, 97, 71, 39, 22, 57, 82, 81, 86, 54]","[31, 97, 71, 82, 86, 54]","[39, 22, 57, 81]",10,6,[],re_result_6-29_APRA/cifar10_700_Jul.02_19.21.07_foolsgold_True_no-noise_reba/agg_records/pkl/round_0294_foolsgold.pkl
295,foolsgold,success,"[2, 19, 25, 27, 16, 69, 83, 30, 64, 44]","[25, 69, 83, 30, 64, 44]","[2, 19, 27, 16]",10,6,[],re_result_6-29_APRA/cifar10_700_Jul.02_19.21.07_foolsgold_True_no-noise_reba/agg_records/pkl/round_0295_foolsgold.pkl
296,foolsgold,success,"[31, 62, 55, 27, 82, 8, 97, 80, 79, 20]","[31, 62, 55, 27, 82, 8, 97, 20]","[80, 79]",10,8,[],re_result_6-29_APRA/cifar10_700_Jul.02_19.21.07_foolsgold_True_no-noise_reba/agg_records/pkl/round_0296_foolsgold.pkl
297,foolsgold,success,"[0, 77, 3, 2, 35, 58, 44, 4, 81, 28]","[0, 2, 35, 58, 44, 4, 81, 28]","[77, 3]",10,8,[],re_result_6-29_APRA/cifar10_700_Jul.02_19.21.07_foolsgold_True_no-noise_reba/agg_records/pkl/round_0297_foolsgold.pkl
298,foolsgold,success,"[87, 31, 85, 94, 48, 2, 25, 56, 79, 88]","[31, 94, 48, 2, 79, 88]","[87, 85, 25, 56]",10,6,[],re_result_6-29_APRA/cifar10_700_Jul.02_19.21.07_foolsgold_True_no-noise_reba/agg_records/pkl/round_0298_foolsgold.pkl
299,foolsgold,success,"[93, 81, 37, 29, 19, 72, 40, 97, 10, 8]","[93, 81, 37, 19, 72, 40, 97, 8]","[29, 10]",10,8,[],re_result_6-29_APRA/cifar10_700_Jul.02_19.21.07_foolsgold_True_no-noise_reba/agg_records/pkl/round_0299_foolsgold.pkl
300,foolsgold,success,"[8, 4, 61, 47, 6, 97, 77, 91, 46, 48]","[8, 4, 61, 6, 97, 91, 46, 48]","[47, 77]",10,8,[],re_result_6-29_APRA/cifar10_700_Jul.02_19.21.07_foolsgold_True_no-noise_reba/agg_records/pkl/round_0300_foolsgold.pkl
301,foolsgold,success,"[16, 21, 27, 57, 12, 55, 8, 85, 56, 70]","[21, 27, 55, 56, 70]","[16, 57, 12, 8, 85]",10,5,[],re_result_6-29_APRA/cifar10_700_Jul.02_19.21.07_foolsgold_True_no-noise_reba/agg_records/pkl/round_0301_foolsgold.pkl
302,foolsgold,success,"[49, 25, 88, 84, 11, 91, 76, 50, 82, 78]","[49, 25, 88, 84, 11, 91, 76, 50, 82, 78]",[],10,10,[],re_result_6-29_APRA/cifar10_700_Jul.02_19.21.07_foolsgold_True_no-noise_reba/agg_records/pkl/round_0302_foolsgold.pkl
303,foolsgold,success,"[9, 72, 73, 18, 4, 88, 20, 7, 58, 17]","[9, 73, 18, 4, 88, 58]","[72, 20, 7, 17]",10,6,[],re_result_6-29_APRA/cifar10_700_Jul.02_19.21.07_foolsgold_True_no-noise_reba/agg_records/pkl/round_0303_foolsgold.pkl
304,foolsgold,success,"[30, 59, 92, 86, 61, 85, 41, 98, 16, 11]","[30, 59, 86, 41, 98]","[92, 61, 85, 16, 11]",10,5,[],re_result_6-29_APRA/cifar10_700_Jul.02_19.21.07_foolsgold_True_no-noise_reba/agg_records/pkl/round_0304_foolsgold.pkl
305,foolsgold,success,"[12, 4, 61, 29, 8, 69, 10, 90, 18, 2]","[4, 8, 69]","[12, 61, 29, 10, 90, 18, 2]",10,3,[],re_result_6-29_APRA/cifar10_700_Jul.02_19.21.07_foolsgold_True_no-noise_reba/agg_records/pkl/round_0305_foolsgold.pkl
306,foolsgold,success,"[40, 56, 36, 26, 84, 10, 14, 73, 91, 8]","[40, 84, 10, 73, 91, 8]","[56, 36, 26, 14]",10,6,[],re_result_6-29_APRA/cifar10_700_Jul.02_19.21.07_foolsgold_True_no-noise_reba/agg_records/pkl/round_0306_foolsgold.pkl
307,foolsgold,success,"[46, 93, 55, 38, 17, 56, 69, 34, 71, 97]","[46, 93, 38, 56, 34, 97]","[55, 17, 69, 71]",10,6,[],re_result_6-29_APRA/cifar10_700_Jul.02_19.21.07_foolsgold_True_no-noise_reba/agg_records/pkl/round_0307_foolsgold.pkl
308,foolsgold,success,"[60, 12, 93, 76, 46, 32, 87, 73, 40, 58]","[76, 46, 87, 73, 40, 58]","[60, 12, 93, 32]",10,6,[],re_result_6-29_APRA/cifar10_700_Jul.02_19.21.07_foolsgold_True_no-noise_reba/agg_records/pkl/round_0308_foolsgold.pkl
309,foolsgold,success,"[38, 76, 75, 6, 3, 11, 54, 47, 59, 22]","[38, 76, 75, 6, 54, 59, 22]","[3, 11, 47]",10,7,[],re_result_6-29_APRA/cifar10_700_Jul.02_19.21.07_foolsgold_True_no-noise_reba/agg_records/pkl/round_0309_foolsgold.pkl
310,foolsgold,success,"[20, 96, 28, 38, 93, 74, 61, 21, 59, 36]","[28, 38, 93, 61]","[20, 96, 74, 21, 59, 36]",10,4,[],re_result_6-29_APRA/cifar10_700_Jul.02_19.21.07_foolsgold_True_no-noise_reba/agg_records/pkl/round_0310_foolsgold.pkl
311,foolsgold,success,"[9, 20, 50, 98, 68, 84, 28, 13, 64, 43]","[9, 50, 98, 68, 84, 28, 64, 43]","[20, 13]",10,8,[],re_result_6-29_APRA/cifar10_700_Jul.02_19.21.07_foolsgold_True_no-noise_reba/agg_records/pkl/round_0311_foolsgold.pkl
312,foolsgold,success,"[94, 61, 1, 2, 66, 30, 65, 4, 21, 8]","[94, 61, 1, 2, 66, 30, 65, 4, 21, 8]",[],10,10,[],re_result_6-29_APRA/cifar10_700_Jul.02_19.21.07_foolsgold_True_no-noise_reba/agg_records/pkl/round_0312_foolsgold.pkl
313,foolsgold,success,"[68, 91, 80, 61, 19, 99, 7, 67, 59, 29]","[91, 80, 61, 99, 7, 67, 59, 29]","[68, 19]",10,8,[],re_result_6-29_APRA/cifar10_700_Jul.02_19.21.07_foolsgold_True_no-noise_reba/agg_records/pkl/round_0313_foolsgold.pkl
314,foolsgold,success,"[11, 6, 70, 35, 61, 3, 34, 12, 76, 21]","[70, 35, 61, 34, 12, 76]","[11, 6, 3, 21]",10,6,[],re_result_6-29_APRA/cifar10_700_Jul.02_19.21.07_foolsgold_True_no-noise_reba/agg_records/pkl/round_0314_foolsgold.pkl
315,foolsgold,success,"[32, 19, 18, 91, 74, 16, 17, 52, 11, 10]","[91, 10]","[32, 19, 18, 74, 16, 17, 52, 11]",10,2,[],re_result_6-29_APRA/cifar10_700_Jul.02_19.21.07_foolsgold_True_no-noise_reba/agg_records/pkl/round_0315_foolsgold.pkl
316,foolsgold,success,"[96, 24, 82, 8, 53, 83, 28, 55, 69, 9]","[24, 82, 8, 53, 28]","[96, 83, 55, 69, 9]",10,5,[],re_result_6-29_APRA/cifar10_700_Jul.02_19.21.07_foolsgold_True_no-noise_reba/agg_records/pkl/round_0316_foolsgold.pkl
317,foolsgold,success,"[96, 26, 71, 81, 85, 83, 55, 17, 32, 99]","[26, 71, 81, 85, 55, 99]","[96, 83, 17, 32]",10,6,[],re_result_6-29_APRA/cifar10_700_Jul.02_19.21.07_foolsgold_True_no-noise_reba/agg_records/pkl/round_0317_foolsgold.pkl
318,foolsgold,success,"[29, 42, 64, 78, 37, 39, 7, 27, 22, 10]","[42, 64, 78, 37, 7]","[29, 39, 27, 22, 10]",10,5,[],re_result_6-29_APRA/cifar10_700_Jul.02_19.21.07_foolsgold_True_no-noise_reba/agg_records/pkl/round_0318_foolsgold.pkl
319,foolsgold,success,"[92, 65, 27, 19, 9, 62, 85, 98, 13, 33]","[65, 27, 98, 13]","[92, 19, 9, 62, 85, 33]",10,4,[],re_result_6-29_APRA/cifar10_700_Jul.02_19.21.07_foolsgold_True_no-noise_reba/agg_records/pkl/round_0319_foolsgold.pkl
320,foolsgold,success,"[96, 13, 41, 30, 59, 22, 6, 60, 14, 85]","[41, 30, 14, 85]","[96, 13, 59, 22, 6, 60]",10,4,[],re_result_6-29_APRA/cifar10_700_Jul.02_19.21.07_foolsgold_True_no-noise_reba/agg_records/pkl/round_0320_foolsgold.pkl
321,foolsgold,success,"[37, 19, 93, 64, 8, 31, 63, 1, 13, 96]","[37, 19, 64, 8, 31, 1, 13, 96]","[93, 63]",10,8,[],re_result_6-29_APRA/cifar10_700_Jul.02_19.21.07_foolsgold_True_no-noise_reba/agg_records/pkl/round_0321_foolsgold.pkl
322,foolsgold,success,"[41, 23, 18, 27, 62, 9, 11, 49, 15, 44]","[41, 23, 27, 9, 49, 15, 44]","[18, 62, 11]",10,7,[],re_result_6-29_APRA/cifar10_700_Jul.02_19.21.07_foolsgold_True_no-noise_reba/agg_records/pkl/round_0322_foolsgold.pkl
323,foolsgold,success,"[7, 20, 98, 30, 29, 72, 15, 62, 1, 94]","[98, 30, 72, 62, 1, 94]","[7, 20, 29, 15]",10,6,[],re_result_6-29_APRA/cifar10_700_Jul.02_19.21.07_foolsgold_True_no-noise_reba/agg_records/pkl/round_0323_foolsgold.pkl
324,foolsgold,success,"[91, 41, 13, 43, 10, 50, 57, 97, 58, 28]","[91, 43, 10, 57]","[41, 13, 50, 97, 58, 28]",10,4,[],re_result_6-29_APRA/cifar10_700_Jul.02_19.21.07_foolsgold_True_no-noise_reba/agg_records/pkl/round_0324_foolsgold.pkl
325,foolsgold,success,"[52, 58, 46, 10, 67, 74, 5, 27, 23, 60]","[58, 46, 10, 67, 5, 27, 23, 60]","[52, 74]",10,8,[],re_result_6-29_APRA/cifar10_700_Jul.02_19.21.07_foolsgold_True_no-noise_reba/agg_records/pkl/round_0325_foolsgold.pkl
326,foolsgold,success,"[3, 30, 26, 83, 81, 2, 77, 85, 68, 41]","[30, 26, 83, 81, 2, 41]","[3, 77, 85, 68]",10,6,[],re_result_6-29_APRA/cifar10_700_Jul.02_19.21.07_foolsgold_True_no-noise_reba/agg_records/pkl/round_0326_foolsgold.pkl
327,foolsgold,success,"[73, 61, 77, 50, 22, 58, 86, 39, 27, 31]","[73, 50, 58, 86, 27, 31]","[61, 77, 22, 39]",10,6,[],re_result_6-29_APRA/cifar10_700_Jul.02_19.21.07_foolsgold_True_no-noise_reba/agg_records/pkl/round_0327_foolsgold.pkl
328,foolsgold,success,"[60, 73, 3, 41, 86, 96, 14, 92, 55, 18]","[60, 73, 41, 86, 96, 14, 92, 55]","[3, 18]",10,8,[],re_result_6-29_APRA/cifar10_700_Jul.02_19.21.07_foolsgold_True_no-noise_reba/agg_records/pkl/round_0328_foolsgold.pkl
329,foolsgold,success,"[19, 34, 36, 23, 28, 96, 55, 53, 95, 66]","[23, 96, 55, 53, 95, 66]","[19, 34, 36, 28]",10,6,[],re_result_6-29_APRA/cifar10_700_Jul.02_19.21.07_foolsgold_True_no-noise_reba/agg_records/pkl/round_0329_foolsgold.pkl
330,foolsgold,success,"[48, 55, 13, 52, 98, 75, 2, 74, 35, 15]","[48, 55, 13, 2]","[52, 98, 75, 74, 35, 15]",10,4,[],re_result_6-29_APRA/cifar10_700_Jul.02_19.21.07_foolsgold_True_no-noise_reba/agg_records/pkl/round_0330_foolsgold.pkl
331,foolsgold,success,"[82, 16, 37, 73, 78, 28, 46, 12, 29, 75]","[82, 16, 37, 73, 78, 28, 46, 75]","[12, 29]",10,8,[],re_result_6-29_APRA/cifar10_700_Jul.02_19.21.07_foolsgold_True_no-noise_reba/agg_records/pkl/round_0331_foolsgold.pkl
332,foolsgold,success,"[46, 59, 13, 72, 42, 34, 96, 36, 88, 12]","[46, 13, 72, 42, 34, 36, 88, 12]","[59, 96]",10,8,[],re_result_6-29_APRA/cifar10_700_Jul.02_19.21.07_foolsgold_True_no-noise_reba/agg_records/pkl/round_0332_foolsgold.pkl
333,foolsgold,success,"[80, 12, 47, 30, 72, 90, 38, 86, 62, 70]","[80, 30, 72, 38, 86, 70]","[12, 47, 90, 62]",10,6,[],re_result_6-29_APRA/cifar10_700_Jul.02_19.21.07_foolsgold_True_no-noise_reba/agg_records/pkl/round_0333_foolsgold.pkl
334,foolsgold,success,"[49, 32, 37, 40, 24, 62, 92, 47, 88, 31]","[49, 32, 37, 40, 88, 31]","[24, 62, 92, 47]",10,6,[],re_result_6-29_APRA/cifar10_700_Jul.02_19.21.07_foolsgold_True_no-noise_reba/agg_records/pkl/round_0334_foolsgold.pkl
335,foolsgold,success,"[79, 53, 18, 46, 14, 75, 33, 34, 28, 30]","[79, 53, 18, 46, 14, 75]","[33, 34, 28, 30]",10,6,[],re_result_6-29_APRA/cifar10_700_Jul.02_19.21.07_foolsgold_True_no-noise_reba/agg_records/pkl/round_0335_foolsgold.pkl
336,foolsgold,success,"[33, 3, 14, 48, 21, 46, 81, 23, 98, 20]","[33, 3, 14, 46, 81, 23, 98]","[48, 21, 20]",10,7,[],re_result_6-29_APRA/cifar10_700_Jul.02_19.21.07_foolsgold_True_no-noise_reba/agg_records/pkl/round_0336_foolsgold.pkl
337,foolsgold,success,"[72, 70, 40, 45, 59, 97, 54, 98, 47, 56]","[72, 70, 40, 98, 47, 56]","[45, 59, 97, 54]",10,6,[],re_result_6-29_APRA/cifar10_700_Jul.02_19.21.07_foolsgold_True_no-noise_reba/agg_records/pkl/round_0337_foolsgold.pkl
338,foolsgold,success,"[28, 7, 90, 37, 16, 57, 86, 49, 93, 22]","[28, 7, 37, 86, 49, 93]","[90, 16, 57, 22]",10,6,[],re_result_6-29_APRA/cifar10_700_Jul.02_19.21.07_foolsgold_True_no-noise_reba/agg_records/pkl/round_0338_foolsgold.pkl
339,foolsgold,success,"[93, 2, 59, 41, 87, 64, 0, 12, 18, 45]","[59, 41, 64, 0, 45]","[93, 2, 87, 12, 18]",10,5,[],re_result_6-29_APRA/cifar10_700_Jul.02_19.21.07_foolsgold_True_no-noise_reba/agg_records/pkl/round_0339_foolsgold.pkl
340,foolsgold,success,"[73, 66, 35, 49, 69, 7, 57, 14, 71, 68]","[73, 66, 35, 49, 69, 7, 14, 71]","[57, 68]",10,8,[],re_result_6-29_APRA/cifar10_700_Jul.02_19.21.07_foolsgold_True_no-noise_reba/agg_records/pkl/round_0340_foolsgold.pkl
341,foolsgold,success,"[25, 46, 18, 3, 90, 30, 36, 91, 60, 52]","[25, 46, 30, 36, 91]","[18, 3, 90, 60, 52]",10,5,[],re_result_6-29_APRA/cifar10_700_Jul.02_19.21.07_foolsgold_True_no-noise_reba/agg_records/pkl/round_0341_foolsgold.pkl
342,foolsgold,success,"[40, 84, 51, 4, 0, 77, 80, 79, 5, 95]","[84, 4, 0, 77]","[40, 51, 80, 79, 5, 95]",10,4,[],re_result_6-29_APRA/cifar10_700_Jul.02_19.21.07_foolsgold_True_no-noise_reba/agg_records/pkl/round_0342_foolsgold.pkl
343,foolsgold,success,"[27, 18, 88, 55, 71, 82, 21, 34, 38, 44]","[18, 88, 55, 82, 21, 34, 38, 44]","[27, 71]",10,8,[],re_result_6-29_APRA/cifar10_700_Jul.02_19.21.07_foolsgold_True_no-noise_reba/agg_records/pkl/round_0343_foolsgold.pkl
344,foolsgold,success,"[29, 16, 63, 28, 26, 40, 53, 11, 69, 68]","[29, 63, 28, 26, 40, 53, 69]","[16, 11, 68]",10,7,[],re_result_6-29_APRA/cifar10_700_Jul.02_19.21.07_foolsgold_True_no-noise_reba/agg_records/pkl/round_0344_foolsgold.pkl
345,foolsgold,success,"[19, 6, 28, 55, 83, 10, 88, 30, 96, 22]","[19, 6, 28, 88, 22]","[55, 83, 10, 30, 96]",10,5,[],re_result_6-29_APRA/cifar10_700_Jul.02_19.21.07_foolsgold_True_no-noise_reba/agg_records/pkl/round_0345_foolsgold.pkl
346,foolsgold,success,"[8, 43, 37, 20, 42, 27, 51, 39, 9, 36]","[8, 43, 37, 20, 27, 51, 39, 36]","[42, 9]",10,8,[],re_result_6-29_APRA/cifar10_700_Jul.02_19.21.07_foolsgold_True_no-noise_reba/agg_records/pkl/round_0346_foolsgold.pkl
347,foolsgold,success,"[15, 19, 8, 29, 11, 70, 34, 87, 73, 25]","[8, 70, 34, 73, 25]","[15, 19, 29, 11, 87]",10,5,[],re_result_6-29_APRA/cifar10_700_Jul.02_19.21.07_foolsgold_True_no-noise_reba/agg_records/pkl/round_0347_foolsgold.pkl
348,foolsgold,success,"[73, 66, 4, 17, 89, 61, 84, 34, 1, 31]","[73, 66, 4, 17, 89, 61, 84, 34, 1, 31]",[],10,10,[],re_result_6-29_APRA/cifar10_700_Jul.02_19.21.07_foolsgold_True_no-noise_reba/agg_records/pkl/round_0348_foolsgold.pkl
349,foolsgold,success,"[11, 70, 83, 72, 88, 73, 78, 17, 41, 23]","[11, 83, 88, 73, 41, 23]","[70, 72, 78, 17]",10,6,[],re_result_6-29_APRA/cifar10_700_Jul.02_19.21.07_foolsgold_True_no-noise_reba/agg_records/pkl/round_0349_foolsgold.pkl
350,foolsgold,success,"[21, 80, 60, 48, 18, 69, 2, 61, 77, 88]","[80, 69, 88]","[21, 60, 48, 18, 2, 61, 77]",10,3,[],re_result_6-29_APRA/cifar10_700_Jul.02_19.21.07_foolsgold_True_no-noise_reba/agg_records/pkl/round_0350_foolsgold.pkl
351,foolsgold,success,"[79, 99, 38, 17, 89, 16, 62, 13, 77, 78]","[79, 99, 38, 17, 89, 13, 78]","[16, 62, 77]",10,7,[],re_result_6-29_APRA/cifar10_700_Jul.02_19.21.07_foolsgold_True_no-noise_reba/agg_records/pkl/round_0351_foolsgold.pkl
352,foolsgold,success,"[94, 29, 8, 37, 10, 5, 64, 2, 93, 66]","[94, 8, 37, 64, 2, 66]","[29, 10, 5, 93]",10,6,[],re_result_6-29_APRA/cifar10_700_Jul.02_19.21.07_foolsgold_True_no-noise_reba/agg_records/pkl/round_0352_foolsgold.pkl
353,foolsgold,success,"[1, 44, 56, 55, 87, 65, 33, 62, 73, 85]","[1, 44, 56, 65, 73]","[55, 87, 33, 62, 85]",10,5,[],re_result_6-29_APRA/cifar10_700_Jul.02_19.21.07_foolsgold_True_no-noise_reba/agg_records/pkl/round_0353_foolsgold.pkl
354,foolsgold,success,"[54, 69, 33, 43, 13, 53, 29, 18, 51, 37]","[43, 29, 18, 51, 37]","[54, 69, 33, 13, 53]",10,5,[],re_result_6-29_APRA/cifar10_700_Jul.02_19.21.07_foolsgold_True_no-noise_reba/agg_records/pkl/round_0354_foolsgold.pkl
355,foolsgold,success,"[52, 60, 66, 20, 87, 15, 10, 5, 91, 51]","[60, 20, 15, 10, 5, 91]","[52, 66, 87, 51]",10,6,[],re_result_6-29_APRA/cifar10_700_Jul.02_19.21.07_foolsgold_True_no-noise_reba/agg_records/pkl/round_0355_foolsgold.pkl
356,foolsgold,success,"[62, 24, 22, 1, 74, 17, 11, 37, 79, 38]","[1, 37, 79, 38]","[62, 24, 22, 74, 17, 11]",10,4,[],re_result_6-29_APRA/cifar10_700_Jul.02_19.21.07_foolsgold_True_no-noise_reba/agg_records/pkl/round_0356_foolsgold.pkl
357,foolsgold,success,"[24, 25, 67, 50, 74, 53, 22, 2, 27, 92]","[24, 25, 67, 50, 53]","[74, 22, 2, 27, 92]",10,5,[],re_result_6-29_APRA/cifar10_700_Jul.02_19.21.07_foolsgold_True_no-noise_reba/agg_records/pkl/round_0357_foolsgold.pkl
358,foolsgold,success,"[36, 65, 53, 56, 51, 8, 98, 24, 67, 1]","[53, 56, 8, 98, 67, 1]","[36, 65, 51, 24]",10,6,[],re_result_6-29_APRA/cifar10_700_Jul.02_19.21.07_foolsgold_True_no-noise_reba/agg_records/pkl/round_0358_foolsgold.pkl
359,foolsgold,success,"[7, 26, 0, 58, 28, 24, 67, 45, 59, 71]","[26, 28, 24, 67, 45, 71]","[7, 0, 58, 59]",10,6,[],re_result_6-29_APRA/cifar10_700_Jul.02_19.21.07_foolsgold_True_no-noise_reba/agg_records/pkl/round_0359_foolsgold.pkl
360,foolsgold,success,"[91, 42, 92, 80, 83, 50, 67, 59, 30, 38]","[92, 80, 83, 50, 67, 59]","[91, 42, 30, 38]",10,6,[],re_result_6-29_APRA/cifar10_700_Jul.02_19.21.07_foolsgold_True_no-noise_reba/agg_records/pkl/round_0360_foolsgold.pkl
361,foolsgold,success,"[13, 32, 29, 34, 4, 8, 21, 55, 20, 46]","[32, 29, 34, 4, 55]","[13, 8, 21, 20, 46]",10,5,[],re_result_6-29_APRA/cifar10_700_Jul.02_19.21.07_foolsgold_True_no-noise_reba/agg_records/pkl/round_0361_foolsgold.pkl
362,foolsgold,success,"[46, 5, 39, 42, 45, 72, 0, 41, 66, 57]","[46, 5, 39, 42, 45, 72, 0, 41, 66, 57]",[],10,10,[],re_result_6-29_APRA/cifar10_700_Jul.02_19.21.07_foolsgold_True_no-noise_reba/agg_records/pkl/round_0362_foolsgold.pkl
363,foolsgold,success,"[43, 44, 61, 16, 82, 93, 50, 85, 83, 5]","[43, 44, 82, 50, 83]","[61, 16, 93, 85, 5]",10,5,[],re_result_6-29_APRA/cifar10_700_Jul.02_19.21.07_foolsgold_True_no-noise_reba/agg_records/pkl/round_0363_foolsgold.pkl
364,foolsgold,success,"[11, 74, 98, 0, 70, 4, 8, 36, 22, 32]","[11, 98, 0, 70, 4, 8]","[74, 36, 22, 32]",10,6,[],re_result_6-29_APRA/cifar10_700_Jul.02_19.21.07_foolsgold_True_no-noise_reba/agg_records/pkl/round_0364_foolsgold.pkl
365,foolsgold,success,"[76, 88, 38, 56, 10, 64, 63, 6, 87, 73]","[76, 88, 38, 10, 63, 6, 87, 73]","[56, 64]",10,8,[],re_result_6-29_APRA/cifar10_700_Jul.02_19.21.07_foolsgold_True_no-noise_reba/agg_records/pkl/round_0365_foolsgold.pkl
366,foolsgold,success,"[65, 86, 18, 31, 96, 83, 82, 58, 6, 50]","[65, 86, 18, 31, 82, 6, 50]","[96, 83, 58]",10,7,[],re_result_6-29_APRA/cifar10_700_Jul.02_19.21.07_foolsgold_True_no-noise_reba/agg_records/pkl/round_0366_foolsgold.pkl
367,foolsgold,success,"[74, 65, 55, 68, 3, 66, 39, 73, 22, 77]","[65, 55, 66, 73]","[74, 68, 3, 39, 22, 77]",10,4,[],re_result_6-29_APRA/cifar10_700_Jul.02_19.21.07_foolsgold_True_no-noise_reba/agg_records/pkl/round_0367_foolsgold.pkl
368,foolsgold,success,"[64, 63, 11, 60, 6, 10, 41, 78, 29, 54]","[64, 63, 11, 60, 6, 10, 41, 78, 29, 54]",[],10,10,[],re_result_6-29_APRA/cifar10_700_Jul.02_19.21.07_foolsgold_True_no-noise_reba/agg_records/pkl/round_0368_foolsgold.pkl
369,foolsgold,success,"[0, 73, 82, 45, 59, 36, 42, 4, 14, 56]","[0, 73, 82, 59, 4, 56]","[45, 36, 42, 14]",10,6,[],re_result_6-29_APRA/cifar10_700_Jul.02_19.21.07_foolsgold_True_no-noise_reba/agg_records/pkl/round_0369_foolsgold.pkl
370,foolsgold,success,"[56, 21, 37, 99, 5, 22, 54, 1, 44, 19]","[56, 21, 37, 99, 5, 22, 54, 1, 44, 19]",[],10,10,[],re_result_6-29_APRA/cifar10_700_Jul.02_19.21.07_foolsgold_True_no-noise_reba/agg_records/pkl/round_0370_foolsgold.pkl
371,foolsgold,success,"[39, 73, 85, 17, 96, 45, 78, 74, 86, 3]","[73, 96, 86]","[39, 85, 17, 45, 78, 74, 3]",10,3,[],re_result_6-29_APRA/cifar10_700_Jul.02_19.21.07_foolsgold_True_no-noise_reba/agg_records/pkl/round_0371_foolsgold.pkl
372,foolsgold,success,"[77, 71, 73, 34, 13, 63, 57, 61, 10, 41]","[73, 34, 10]","[77, 71, 13, 63, 57, 61, 41]",10,3,[],re_result_6-29_APRA/cifar10_700_Jul.02_19.21.07_foolsgold_True_no-noise_reba/agg_records/pkl/round_0372_foolsgold.pkl
373,foolsgold,success,"[33, 38, 27, 80, 86, 5, 31, 20, 85, 34]","[33, 38, 27, 80, 86, 5, 31, 20, 85, 34]",[],10,10,[],re_result_6-29_APRA/cifar10_700_Jul.02_19.21.07_foolsgold_True_no-noise_reba/agg_records/pkl/round_0373_foolsgold.pkl
374,foolsgold,success,"[77, 38, 73, 33, 8, 90, 71, 25, 24, 17]","[38, 73, 33, 8, 71, 25]","[77, 90, 24, 17]",10,6,[],re_result_6-29_APRA/cifar10_700_Jul.02_19.21.07_foolsgold_True_no-noise_reba/agg_records/pkl/round_0374_foolsgold.pkl
375,foolsgold,success,"[24, 86, 27, 10, 25, 70, 43, 1, 99, 15]","[24, 86, 27, 10, 25, 70, 43, 1, 99, 15]",[],10,10,[],re_result_6-29_APRA/cifar10_700_Jul.02_19.21.07_foolsgold_True_no-noise_reba/agg_records/pkl/round_0375_foolsgold.pkl
376,foolsgold,success,"[6, 4, 42, 33, 14, 76, 70, 13, 62, 91]","[4, 42, 33, 14, 76, 70, 62, 91]","[6, 13]",10,8,[],re_result_6-29_APRA/cifar10_700_Jul.02_19.21.07_foolsgold_True_no-noise_reba/agg_records/pkl/round_0376_foolsgold.pkl
377,foolsgold,success,"[17, 83, 67, 63, 13, 87, 91, 47, 5, 93]","[83, 67, 13, 91]","[17, 63, 87, 47, 5, 93]",10,4,[],re_result_6-29_APRA/cifar10_700_Jul.02_19.21.07_foolsgold_True_no-noise_reba/agg_records/pkl/round_0377_foolsgold.pkl
378,foolsgold,success,"[56, 34, 21, 30, 60, 19, 8, 4, 91, 94]","[56, 21, 30, 19, 4, 91]","[34, 60, 8, 94]",10,6,[],re_result_6-29_APRA/cifar10_700_Jul.02_19.21.07_foolsgold_True_no-noise_reba/agg_records/pkl/round_0378_foolsgold.pkl
379,foolsgold,success,"[34, 38, 18, 42, 68, 17, 37, 2, 74, 86]","[34, 38, 42, 37, 74, 86]","[18, 68, 17, 2]",10,6,[],re_result_6-29_APRA/cifar10_700_Jul.02_19.21.07_foolsgold_True_no-noise_reba/agg_records/pkl/round_0379_foolsgold.pkl
380,foolsgold,success,"[9, 94, 82, 8, 23, 24, 85, 60, 35, 67]","[9, 94, 82, 23, 35, 67]","[8, 24, 85, 60]",10,6,[],re_result_6-29_APRA/cifar10_700_Jul.02_19.21.07_foolsgold_True_no-noise_reba/agg_records/pkl/round_0380_foolsgold.pkl
381,foolsgold,success,"[17, 98, 78, 65, 13, 27, 61, 39, 60, 62]","[98, 78, 65, 13]","[17, 27, 61, 39, 60, 62]",10,4,[],re_result_6-29_APRA/cifar10_700_Jul.02_19.21.07_foolsgold_True_no-noise_reba/agg_records/pkl/round_0381_foolsgold.pkl
382,foolsgold,success,"[13, 94, 87, 98, 81, 18, 82, 93, 51, 60]","[13, 94, 98, 81, 82, 93, 51, 60]","[87, 18]",10,8,[],re_result_6-29_APRA/cifar10_700_Jul.02_19.21.07_foolsgold_True_no-noise_reba/agg_records/pkl/round_0382_foolsgold.pkl
383,foolsgold,success,"[10, 21, 4, 96, 19, 47, 30, 16, 62, 92]","[10, 21, 4, 96, 30]","[19, 47, 16, 62, 92]",10,5,[],re_result_6-29_APRA/cifar10_700_Jul.02_19.21.07_foolsgold_True_no-noise_reba/agg_records/pkl/round_0383_foolsgold.pkl
384,foolsgold,success,"[18, 76, 5, 59, 47, 1, 17, 77, 74, 14]","[76, 5, 59, 17, 74]","[18, 47, 1, 77, 14]",10,5,[],re_result_6-29_APRA/cifar10_700_Jul.02_19.21.07_foolsgold_True_no-noise_reba/agg_records/pkl/round_0384_foolsgold.pkl
385,foolsgold,success,"[3, 29, 13, 38, 59, 81, 64, 76, 0, 53]","[3, 29, 38, 59, 81, 64, 76, 53]","[13, 0]",10,8,[],re_result_6-29_APRA/cifar10_700_Jul.02_19.21.07_foolsgold_True_no-noise_reba/agg_records/pkl/round_0385_foolsgold.pkl
386,foolsgold,success,"[80, 31, 40, 59, 26, 27, 49, 24, 77, 66]","[80, 31, 40, 26, 27, 66]","[59, 49, 24, 77]",10,6,[],re_result_6-29_APRA/cifar10_700_Jul.02_19.21.07_foolsgold_True_no-noise_reba/agg_records/pkl/round_0386_foolsgold.pkl
387,foolsgold,success,"[83, 73, 96, 77, 61, 63, 38, 43, 86, 90]","[73, 38, 43, 86]","[83, 96, 77, 61, 63, 90]",10,4,[],re_result_6-29_APRA/cifar10_700_Jul.02_19.21.07_foolsgold_True_no-noise_reba/agg_records/pkl/round_0387_foolsgold.pkl
388,foolsgold,success,"[80, 94, 25, 28, 36, 24, 89, 31, 81, 14]","[80, 25, 31, 81]","[94, 28, 36, 24, 89, 14]",10,4,[],re_result_6-29_APRA/cifar10_700_Jul.02_19.21.07_foolsgold_True_no-noise_reba/agg_records/pkl/round_0388_foolsgold.pkl
389,foolsgold,success,"[65, 45, 52, 43, 64, 14, 30, 69, 10, 94]","[65, 52, 43, 64, 14, 10, 94]","[45, 30, 69]",10,7,[],re_result_6-29_APRA/cifar10_700_Jul.02_19.21.07_foolsgold_True_no-noise_reba/agg_records/pkl/round_0389_foolsgold.pkl
390,foolsgold,success,"[56, 86, 2, 75, 12, 10, 67, 57, 31, 73]","[56, 86, 75, 67, 57, 31, 73]","[2, 12, 10]",10,7,[],re_result_6-29_APRA/cifar10_700_Jul.02_19.21.07_foolsgold_True_no-noise_reba/agg_records/pkl/round_0390_foolsgold.pkl
391,foolsgold,success,"[9, 80, 47, 94, 34, 90, 72, 18, 63, 42]","[80, 72]","[9, 47, 94, 34, 90, 18, 63, 42]",10,2,[],re_result_6-29_APRA/cifar10_700_Jul.02_19.21.07_foolsgold_True_no-noise_reba/agg_records/pkl/round_0391_foolsgold.pkl
392,foolsgold,success,"[58, 89, 77, 14, 92, 18, 69, 25, 28, 50]","[58, 89, 14, 69, 25]","[77, 92, 18, 28, 50]",10,5,[],re_result_6-29_APRA/cifar10_700_Jul.02_19.21.07_foolsgold_True_no-noise_reba/agg_records/pkl/round_0392_foolsgold.pkl
393,foolsgold,success,"[63, 53, 3, 61, 80, 51, 16, 40, 55, 19]","[63, 53, 80, 55]","[3, 61, 51, 16, 40, 19]",10,4,[],re_result_6-29_APRA/cifar10_700_Jul.02_19.21.07_foolsgold_True_no-noise_reba/agg_records/pkl/round_0393_foolsgold.pkl
394,foolsgold,success,"[45, 59, 10, 29, 87, 43, 40, 66, 22, 79]","[45, 59, 87, 43, 40, 66, 22, 79]","[10, 29]",10,8,[],re_result_6-29_APRA/cifar10_700_Jul.02_19.21.07_foolsgold_True_no-noise_reba/agg_records/pkl/round_0394_foolsgold.pkl
395,foolsgold,success,"[60, 28, 6, 48, 75, 31, 39, 83, 80, 49]","[28, 75, 31, 83, 80, 49]","[60, 6, 48, 39]",10,6,[],re_result_6-29_APRA/cifar10_700_Jul.02_19.21.07_foolsgold_True_no-noise_reba/agg_records/pkl/round_0395_foolsgold.pkl
396,foolsgold,success,"[91, 25, 31, 10, 73, 35, 71, 12, 44, 33]","[91, 25, 31, 73, 35, 71, 44, 33]","[10, 12]",10,8,[],re_result_6-29_APRA/cifar10_700_Jul.02_19.21.07_foolsgold_True_no-noise_reba/agg_records/pkl/round_0396_foolsgold.pkl
397,foolsgold,success,"[45, 65, 71, 34, 16, 27, 7, 54, 94, 93]","[65, 16, 7, 93]","[45, 71, 34, 27, 54, 94]",10,4,[],re_result_6-29_APRA/cifar10_700_Jul.02_19.21.07_foolsgold_True_no-noise_reba/agg_records/pkl/round_0397_foolsgold.pkl
398,foolsgold,success,"[62, 32, 80, 5, 50, 97, 71, 63, 79, 15]","[62, 50, 97, 71, 15]","[32, 80, 5, 63, 79]",10,5,[],re_result_6-29_APRA/cifar10_700_Jul.02_19.21.07_foolsgold_True_no-noise_reba/agg_records/pkl/round_0398_foolsgold.pkl
399,foolsgold,success,"[22, 83, 91, 39, 97, 68, 20, 98, 64, 14]","[83, 91, 97, 68, 20, 98, 64, 14]","[22, 39]",10,8,[],re_result_6-29_APRA/cifar10_700_Jul.02_19.21.07_foolsgold_True_no-noise_reba/agg_records/pkl/round_0399_foolsgold.pkl
400,foolsgold,success,"[37, 23, 50, 81, 80, 58, 31, 49, 48, 53]","[37, 23, 50, 81, 80, 58, 31, 49, 48, 53]",[],10,10,[],re_result_6-29_APRA/cifar10_700_Jul.02_19.21.07_foolsgold_True_no-noise_reba/agg_records/pkl/round_0400_foolsgold.pkl
401,foolsgold,success,"[84, 11, 59, 48, 16, 38, 30, 83, 34, 62]","[84, 59, 48, 38, 30, 83, 34]","[11, 16, 62]",10,7,[],re_result_6-29_APRA/cifar10_700_Jul.02_19.21.07_foolsgold_True_no-noise_reba/agg_records/pkl/round_0401_foolsgold.pkl
402,foolsgold,success,"[8, 24, 19, 99, 22, 20, 4, 64, 66, 53]","[8, 99, 22, 20, 4, 64, 66, 53]","[24, 19]",10,8,[],re_result_6-29_APRA/cifar10_700_Jul.02_19.21.07_foolsgold_True_no-noise_reba/agg_records/pkl/round_0402_foolsgold.pkl
403,foolsgold,success,"[68, 81, 75, 53, 87, 89, 26, 70, 90, 32]","[81, 75, 53, 89, 26, 70]","[68, 87, 90, 32]",10,6,[],re_result_6-29_APRA/cifar10_700_Jul.02_19.21.07_foolsgold_True_no-noise_reba/agg_records/pkl/round_0403_foolsgold.pkl
404,foolsgold,success,"[53, 68, 81, 95, 58, 37, 17, 92, 38, 41]","[53, 95, 58, 37, 17, 38, 41]","[68, 81, 92]",10,7,[],re_result_6-29_APRA/cifar10_700_Jul.02_19.21.07_foolsgold_True_no-noise_reba/agg_records/pkl/round_0404_foolsgold.pkl
405,foolsgold,success,"[91, 29, 49, 93, 90, 12, 80, 2, 28, 56]","[91, 49, 93, 80, 28, 56]","[29, 90, 12, 2]",10,6,[],re_result_6-29_APRA/cifar10_700_Jul.02_19.21.07_foolsgold_True_no-noise_reba/agg_records/pkl/round_0405_foolsgold.pkl
406,foolsgold,success,"[87, 34, 13, 75, 16, 41, 15, 1, 58, 50]","[75, 15, 1, 58]","[87, 34, 13, 16, 41, 50]",10,4,[],re_result_6-29_APRA/cifar10_700_Jul.02_19.21.07_foolsgold_True_no-noise_reba/agg_records/pkl/round_0406_foolsgold.pkl
407,foolsgold,success,"[59, 22, 15, 43, 20, 49, 77, 54, 1, 37]","[59, 22, 15, 43, 20, 49, 77, 54, 1, 37]",[],10,10,[],re_result_6-29_APRA/cifar10_700_Jul.02_19.21.07_foolsgold_True_no-noise_reba/agg_records/pkl/round_0407_foolsgold.pkl
408,foolsgold,success,"[31, 42, 40, 67, 76, 69, 18, 27, 87, 50]","[31, 40, 27, 50]","[42, 67, 76, 69, 18, 87]",10,4,[],re_result_6-29_APRA/cifar10_700_Jul.02_19.21.07_foolsgold_True_no-noise_reba/agg_records/pkl/round_0408_foolsgold.pkl
409,foolsgold,success,"[93, 70, 15, 77, 37, 0, 71, 98, 24, 21]","[93, 70, 15, 37, 0, 71, 98, 21]","[77, 24]",10,8,[],re_result_6-29_APRA/cifar10_700_Jul.02_19.21.07_foolsgold_True_no-noise_reba/agg_records/pkl/round_0409_foolsgold.pkl
410,foolsgold,success,"[77, 91, 21, 95, 44, 74, 84, 89, 53, 33]","[91, 21, 95, 44, 84, 89, 53, 33]","[77, 74]",10,8,[],re_result_6-29_APRA/cifar10_700_Jul.02_19.21.07_foolsgold_True_no-noise_reba/agg_records/pkl/round_0410_foolsgold.pkl
411,foolsgold,success,"[43, 68, 28, 41, 2, 60, 19, 87, 52, 78]","[43, 28, 41, 78]","[68, 2, 60, 19, 87, 52]",10,4,[],re_result_6-29_APRA/cifar10_700_Jul.02_19.21.07_foolsgold_True_no-noise_reba/agg_records/pkl/round_0411_foolsgold.pkl
412,foolsgold,success,"[30, 49, 0, 71, 22, 73, 54, 53, 15, 61]","[49, 0, 22, 61]","[30, 71, 73, 54, 53, 15]",10,4,[],re_result_6-29_APRA/cifar10_700_Jul.02_19.21.07_foolsgold_True_no-noise_reba/agg_records/pkl/round_0412_foolsgold.pkl
413,foolsgold,success,"[56, 85, 22, 48, 75, 34, 26, 92, 42, 79]","[22, 48, 75, 34, 42, 79]","[56, 85, 26, 92]",10,6,[],re_result_6-29_APRA/cifar10_700_Jul.02_19.21.07_foolsgold_True_no-noise_reba/agg_records/pkl/round_0413_foolsgold.pkl
414,foolsgold,success,"[60, 68, 1, 33, 84, 66, 7, 21, 97, 74]","[60, 1, 33, 84, 66, 97]","[68, 7, 21, 74]",10,6,[],re_result_6-29_APRA/cifar10_700_Jul.02_19.21.07_foolsgold_True_no-noise_reba/agg_records/pkl/round_0414_foolsgold.pkl
415,foolsgold,success,"[15, 48, 50, 22, 82, 59, 67, 98, 2, 96]","[15, 48, 50, 82, 59, 67, 98, 96]","[22, 2]",10,8,[],re_result_6-29_APRA/cifar10_700_Jul.02_19.21.07_foolsgold_True_no-noise_reba/agg_records/pkl/round_0415_foolsgold.pkl
416,foolsgold,success,"[0, 96, 53, 99, 89, 16, 67, 56, 97, 58]","[0, 53, 99, 89, 16, 67, 56, 97]","[96, 58]",10,8,[],re_result_6-29_APRA/cifar10_700_Jul.02_19.21.07_foolsgold_True_no-noise_reba/agg_records/pkl/round_0416_foolsgold.pkl
417,foolsgold,success,"[8, 94, 9, 54, 87, 93, 59, 85, 82, 16]","[8, 94, 93, 59, 82]","[9, 54, 87, 85, 16]",10,5,[],re_result_6-29_APRA/cifar10_700_Jul.02_19.21.07_foolsgold_True_no-noise_reba/agg_records/pkl/round_0417_foolsgold.pkl
418,foolsgold,success,"[47, 63, 38, 57, 40, 90, 8, 78, 23, 84]","[38, 40, 8, 78, 23, 84]","[47, 63, 57, 90]",10,6,[],re_result_6-29_APRA/cifar10_700_Jul.02_19.21.07_foolsgold_True_no-noise_reba/agg_records/pkl/round_0418_foolsgold.pkl
419,foolsgold,success,"[38, 97, 87, 96, 76, 11, 61, 63, 43, 62]","[38, 97, 63, 43]","[87, 96, 76, 11, 61, 62]",10,4,[],re_result_6-29_APRA/cifar10_700_Jul.02_19.21.07_foolsgold_True_no-noise_reba/agg_records/pkl/round_0419_foolsgold.pkl
420,foolsgold,success,"[27, 33, 96, 15, 48, 3, 84, 86, 39, 26]","[33, 96, 15, 48, 3, 84, 86, 26]","[27, 39]",10,8,[],re_result_6-29_APRA/cifar10_700_Jul.02_19.21.07_foolsgold_True_no-noise_reba/agg_records/pkl/round_0420_foolsgold.pkl
421,foolsgold,success,"[16, 50, 77, 70, 84, 57, 88, 26, 71, 68]","[50, 70, 84, 88, 26, 71]","[16, 77, 57, 68]",10,6,[],re_result_6-29_APRA/cifar10_700_Jul.02_19.21.07_foolsgold_True_no-noise_reba/agg_records/pkl/round_0421_foolsgold.pkl
422,foolsgold,success,"[22, 62, 45, 23, 97, 40, 16, 85, 61, 49]","[22, 45, 23, 97, 40, 49]","[62, 16, 85, 61]",10,6,[],re_result_6-29_APRA/cifar10_700_Jul.02_19.21.07_foolsgold_True_no-noise_reba/agg_records/pkl/round_0422_foolsgold.pkl
423,foolsgold,success,"[42, 95, 45, 63, 25, 77, 91, 21, 37, 43]","[77, 91, 21, 43]","[42, 95, 45, 63, 25, 37]",10,4,[],re_result_6-29_APRA/cifar10_700_Jul.02_19.21.07_foolsgold_True_no-noise_reba/agg_records/pkl/round_0423_foolsgold.pkl
424,foolsgold,success,"[60, 15, 31, 92, 44, 69, 76, 96, 90, 54]","[15, 31, 92]","[60, 44, 69, 76, 96, 90, 54]",10,3,[],re_result_6-29_APRA/cifar10_700_Jul.02_19.21.07_foolsgold_True_no-noise_reba/agg_records/pkl/round_0424_foolsgold.pkl
425,foolsgold,success,"[41, 50, 72, 53, 4, 31, 51, 60, 95, 87]","[41, 50, 72, 53, 4, 31, 51, 87]","[60, 95]",10,8,[],re_result_6-29_APRA/cifar10_700_Jul.02_19.21.07_foolsgold_True_no-noise_reba/agg_records/pkl/round_0425_foolsgold.pkl
426,foolsgold,success,"[40, 99, 18, 8, 7, 55, 43, 4, 77, 22]","[40, 99, 7, 55, 43, 4]","[18, 8, 77, 22]",10,6,[],re_result_6-29_APRA/cifar10_700_Jul.02_19.21.07_foolsgold_True_no-noise_reba/agg_records/pkl/round_0426_foolsgold.pkl
427,foolsgold,success,"[10, 85, 70, 84, 81, 18, 4, 41, 45, 6]","[10, 70, 84, 81, 4, 41, 45, 6]","[85, 18]",10,8,[],re_result_6-29_APRA/cifar10_700_Jul.02_19.21.07_foolsgold_True_no-noise_reba/agg_records/pkl/round_0427_foolsgold.pkl
428,foolsgold,success,"[61, 54, 29, 32, 2, 82, 45, 78, 79, 76]","[61, 29, 82, 79, 76]","[54, 32, 2, 45, 78]",10,5,[],re_result_6-29_APRA/cifar10_700_Jul.02_19.21.07_foolsgold_True_no-noise_reba/agg_records/pkl/round_0428_foolsgold.pkl
429,foolsgold,success,"[19, 73, 65, 16, 13, 37, 35, 33, 39, 86]","[73, 13, 37, 33, 39, 86]","[19, 65, 16, 35]",10,6,[],re_result_6-29_APRA/cifar10_700_Jul.02_19.21.07_foolsgold_True_no-noise_reba/agg_records/pkl/round_0429_foolsgold.pkl
430,foolsgold,success,"[19, 88, 11, 83, 45, 92, 17, 39, 2, 31]","[88, 83, 45, 31]","[19, 11, 92, 17, 39, 2]",10,4,[],re_result_6-29_APRA/cifar10_700_Jul.02_19.21.07_foolsgold_True_no-noise_reba/agg_records/pkl/round_0430_foolsgold.pkl
431,foolsgold,success,"[93, 55, 47, 3, 1, 85, 18, 67, 52, 41]","[93, 55, 1, 67, 41]","[47, 3, 85, 18, 52]",10,5,[],re_result_6-29_APRA/cifar10_700_Jul.02_19.21.07_foolsgold_True_no-noise_reba/agg_records/pkl/round_0431_foolsgold.pkl
432,foolsgold,success,"[19, 34, 3, 86, 38, 11, 47, 21, 67, 83]","[34, 86, 38, 83]","[19, 3, 11, 47, 21, 67]",10,4,[],re_result_6-29_APRA/cifar10_700_Jul.02_19.21.07_foolsgold_True_no-noise_reba/agg_records/pkl/round_0432_foolsgold.pkl
433,foolsgold,success,"[9, 64, 61, 40, 59, 56, 13, 6, 78, 28]","[61, 40, 59, 28]","[9, 64, 56, 13, 6, 78]",10,4,[],re_result_6-29_APRA/cifar10_700_Jul.02_19.21.07_foolsgold_True_no-noise_reba/agg_records/pkl/round_0433_foolsgold.pkl
434,foolsgold,success,"[96, 56, 57, 22, 48, 39, 45, 12, 49, 66]","[96, 56, 57, 48, 45, 49, 66]","[22, 39, 12]",10,7,[],re_result_6-29_APRA/cifar10_700_Jul.02_19.21.07_foolsgold_True_no-noise_reba/agg_records/pkl/round_0434_foolsgold.pkl
435,foolsgold,success,"[68, 54, 29, 45, 27, 31, 20, 94, 5, 37]","[68, 29, 27, 31, 20, 94, 5, 37]","[54, 45]",10,8,[],re_result_6-29_APRA/cifar10_700_Jul.02_19.21.07_foolsgold_True_no-noise_reba/agg_records/pkl/round_0435_foolsgold.pkl
436,foolsgold,success,"[90, 53, 9, 19, 69, 25, 43, 47, 3, 71]","[90, 53, 25, 43, 71]","[9, 19, 69, 47, 3]",10,5,[],re_result_6-29_APRA/cifar10_700_Jul.02_19.21.07_foolsgold_True_no-noise_reba/agg_records/pkl/round_0436_foolsgold.pkl
437,foolsgold,success,"[73, 39, 60, 49, 6, 65, 41, 91, 71, 78]","[73, 49, 6, 65, 41, 91, 71, 78]","[39, 60]",10,8,[],re_result_6-29_APRA/cifar10_700_Jul.02_19.21.07_foolsgold_True_no-noise_reba/agg_records/pkl/round_0437_foolsgold.pkl
438,foolsgold,success,"[82, 4, 89, 30, 91, 63, 60, 29, 69, 51]","[82, 4, 89, 91, 29, 51]","[30, 63, 60, 69]",10,6,[],re_result_6-29_APRA/cifar10_700_Jul.02_19.21.07_foolsgold_True_no-noise_reba/agg_records/pkl/round_0438_foolsgold.pkl
439,foolsgold,success,"[58, 26, 82, 92, 35, 69, 56, 47, 89, 62]","[58, 82, 35, 69, 89]","[26, 92, 56, 47, 62]",10,5,[],re_result_6-29_APRA/cifar10_700_Jul.02_19.21.07_foolsgold_True_no-noise_reba/agg_records/pkl/round_0439_foolsgold.pkl
440,foolsgold,success,"[13, 84, 51, 5, 24, 66, 30, 64, 53, 82]","[13, 84, 5, 24, 30, 64, 53, 82]","[51, 66]",10,8,[],re_result_6-29_APRA/cifar10_700_Jul.02_19.21.07_foolsgold_True_no-noise_reba/agg_records/pkl/round_0440_foolsgold.pkl
441,foolsgold,success,"[63, 32, 43, 51, 54, 65, 33, 45, 18, 59]","[43, 18, 59]","[63, 32, 51, 54, 65, 33, 45]",10,3,[],re_result_6-29_APRA/cifar10_700_Jul.02_19.21.07_foolsgold_True_no-noise_reba/agg_records/pkl/round_0441_foolsgold.pkl
442,foolsgold,success,"[1, 10, 55, 21, 50, 90, 23, 98, 37, 16]","[1, 55, 21, 50, 23, 98, 37, 16]","[10, 90]",10,8,[],re_result_6-29_APRA/cifar10_700_Jul.02_19.21.07_foolsgold_True_no-noise_reba/agg_records/pkl/round_0442_foolsgold.pkl
443,foolsgold,success,"[9, 43, 73, 68, 93, 11, 37, 91, 82, 97]","[9, 43, 73, 93, 37, 91, 82, 97]","[68, 11]",10,8,[],re_result_6-29_APRA/cifar10_700_Jul.02_19.21.07_foolsgold_True_no-noise_reba/agg_records/pkl/round_0443_foolsgold.pkl
444,foolsgold,success,"[58, 9, 46, 24, 82, 78, 81, 0, 67, 95]","[58, 9, 46, 24, 82, 78, 81, 0, 67, 95]",[],10,10,[],re_result_6-29_APRA/cifar10_700_Jul.02_19.21.07_foolsgold_True_no-noise_reba/agg_records/pkl/round_0444_foolsgold.pkl
445,foolsgold,success,"[77, 73, 33, 34, 8, 79, 70, 68, 22, 31]","[33, 34, 8, 70, 22, 31]","[77, 73, 79, 68]",10,6,[],re_result_6-29_APRA/cifar10_700_Jul.02_19.21.07_foolsgold_True_no-noise_reba/agg_records/pkl/round_0445_foolsgold.pkl
446,foolsgold,success,"[20, 94, 31, 57, 11, 10, 0, 49, 48, 86]","[94, 31, 10, 49, 86]","[20, 57, 11, 0, 48]",10,5,[],re_result_6-29_APRA/cifar10_700_Jul.02_19.21.07_foolsgold_True_no-noise_reba/agg_records/pkl/round_0446_foolsgold.pkl
447,foolsgold,success,"[29, 13, 0, 31, 34, 78, 20, 27, 56, 39]","[29, 31, 34, 78, 56]","[13, 0, 20, 27, 39]",10,5,[],re_result_6-29_APRA/cifar10_700_Jul.02_19.21.07_foolsgold_True_no-noise_reba/agg_records/pkl/round_0447_foolsgold.pkl
448,foolsgold,success,"[98, 40, 16, 15, 28, 30, 1, 48, 70, 58]","[40, 16, 28, 30, 1, 48, 70, 58]","[98, 15]",10,8,[],re_result_6-29_APRA/cifar10_700_Jul.02_19.21.07_foolsgold_True_no-noise_reba/agg_records/pkl/round_0448_foolsgold.pkl
449,foolsgold,success,"[81, 22, 16, 59, 45, 91, 31, 37, 41, 89]","[81, 22, 16, 59, 45, 91, 31, 37, 41, 89]",[],10,10,[],re_result_6-29_APRA/cifar10_700_Jul.02_19.21.07_foolsgold_True_no-noise_reba/agg_records/pkl/round_0449_foolsgold.pkl
450,foolsgold,success,"[87, 58, 51, 29, 25, 44, 98, 39, 33, 9]","[87, 58, 51, 25, 44, 39]","[29, 98, 33, 9]",10,6,[],re_result_6-29_APRA/cifar10_700_Jul.02_19.21.07_foolsgold_True_no-noise_reba/agg_records/pkl/round_0450_foolsgold.pkl
451,foolsgold,success,"[82, 34, 96, 69, 28, 76, 18, 68, 64, 62]","[82, 69, 64]","[34, 96, 28, 76, 18, 68, 62]",10,3,[],re_result_6-29_APRA/cifar10_700_Jul.02_19.21.07_foolsgold_True_no-noise_reba/agg_records/pkl/round_0451_foolsgold.pkl
452,foolsgold,success,"[98, 4, 6, 58, 30, 43, 99, 18, 33, 49]","[98, 4, 6, 43, 18]","[58, 30, 99, 33, 49]",10,5,[],re_result_6-29_APRA/cifar10_700_Jul.02_19.21.07_foolsgold_True_no-noise_reba/agg_records/pkl/round_0452_foolsgold.pkl
453,foolsgold,success,"[14, 13, 23, 70, 79, 73, 2, 94, 16, 96]","[14, 13, 23, 70, 2, 94, 16, 96]","[79, 73]",10,8,[],re_result_6-29_APRA/cifar10_700_Jul.02_19.21.07_foolsgold_True_no-noise_reba/agg_records/pkl/round_0453_foolsgold.pkl
454,foolsgold,success,"[53, 27, 73, 83, 94, 90, 4, 6, 13, 33]","[53, 73, 83, 94, 4, 33]","[27, 90, 6, 13]",10,6,[],re_result_6-29_APRA/cifar10_700_Jul.02_19.21.07_foolsgold_True_no-noise_reba/agg_records/pkl/round_0454_foolsgold.pkl
455,foolsgold,success,"[85, 21, 71, 62, 58, 17, 12, 49, 69, 38]","[21, 58, 12, 49, 69, 38]","[85, 71, 62, 17]",10,6,[],re_result_6-29_APRA/cifar10_700_Jul.02_19.21.07_foolsgold_True_no-noise_reba/agg_records/pkl/round_0455_foolsgold.pkl
456,foolsgold,success,"[78, 28, 38, 87, 97, 41, 93, 1, 60, 81]","[78, 28, 38, 87, 97, 41, 93, 1, 60, 81]",[],10,10,[],re_result_6-29_APRA/cifar10_700_Jul.02_19.21.07_foolsgold_True_no-noise_reba/agg_records/pkl/round_0456_foolsgold.pkl
457,foolsgold,success,"[72, 70, 33, 48, 13, 55, 12, 61, 99, 53]","[72, 48, 12, 61, 99]","[70, 33, 13, 55, 53]",10,5,[],re_result_6-29_APRA/cifar10_700_Jul.02_19.21.07_foolsgold_True_no-noise_reba/agg_records/pkl/round_0457_foolsgold.pkl
458,foolsgold,success,"[69, 53, 14, 87, 67, 95, 55, 21, 25, 94]","[53, 14, 87, 67, 95, 21, 25, 94]","[69, 55]",10,8,[],re_result_6-29_APRA/cifar10_700_Jul.02_19.21.07_foolsgold_True_no-noise_reba/agg_records/pkl/round_0458_foolsgold.pkl
459,foolsgold,success,"[6, 95, 10, 85, 1, 29, 34, 75, 77, 60]","[6, 1, 34, 75]","[95, 10, 85, 29, 77, 60]",10,4,[],re_result_6-29_APRA/cifar10_700_Jul.02_19.21.07_foolsgold_True_no-noise_reba/agg_records/pkl/round_0459_foolsgold.pkl
460,foolsgold,success,"[79, 37, 71, 14, 28, 17, 43, 6, 78, 49]","[79, 37, 14, 28, 43, 6, 78, 49]","[71, 17]",10,8,[],re_result_6-29_APRA/cifar10_700_Jul.02_19.21.07_foolsgold_True_no-noise_reba/agg_records/pkl/round_0460_foolsgold.pkl
461,foolsgold,success,"[54, 15, 56, 5, 30, 72, 2, 57, 97, 12]","[56, 5, 57, 97]","[54, 15, 30, 72, 2, 12]",10,4,[],re_result_6-29_APRA/cifar10_700_Jul.02_19.21.07_foolsgold_True_no-noise_reba/agg_records/pkl/round_0461_foolsgold.pkl
462,foolsgold,success,"[60, 95, 82, 78, 5, 54, 37, 38, 10, 68]","[82, 78, 5, 54, 37, 38, 10, 68]","[60, 95]",10,8,[],re_result_6-29_APRA/cifar10_700_Jul.02_19.21.07_foolsgold_True_no-noise_reba/agg_records/pkl/round_0462_foolsgold.pkl
463,foolsgold,success,"[99, 52, 28, 21, 5, 89, 49, 60, 90, 42]","[99, 52, 28, 21, 5, 89, 49, 42]","[60, 90]",10,8,[],re_result_6-29_APRA/cifar10_700_Jul.02_19.21.07_foolsgold_True_no-noise_reba/agg_records/pkl/round_0463_foolsgold.pkl
464,foolsgold,success,"[72, 95, 46, 87, 55, 0, 62, 15, 58, 61]","[72, 55, 0, 15, 58]","[95, 46, 87, 62, 61]",10,5,[],re_result_6-29_APRA/cifar10_700_Jul.02_19.21.07_foolsgold_True_no-noise_reba/agg_records/pkl/round_0464_foolsgold.pkl
465,foolsgold,success,"[1, 49, 19, 87, 81, 7, 28, 40, 97, 90]","[1, 49, 81, 7, 28, 40, 97, 90]","[19, 87]",10,8,[],re_result_6-29_APRA/cifar10_700_Jul.02_19.21.07_foolsgold_True_no-noise_reba/agg_records/pkl/round_0465_foolsgold.pkl
466,foolsgold,success,"[75, 72, 61, 55, 56, 60, 15, 80, 87, 5]","[75, 72, 55, 56, 60, 15, 80, 5]","[61, 87]",10,8,[],re_result_6-29_APRA/cifar10_700_Jul.02_19.21.07_foolsgold_True_no-noise_reba/agg_records/pkl/round_0466_foolsgold.pkl
467,foolsgold,success,"[58, 21, 17, 79, 6, 31, 89, 16, 3, 10]","[58, 17, 79, 31, 89, 10]","[21, 6, 16, 3]",10,6,[],re_result_6-29_APRA/cifar10_700_Jul.02_19.21.07_foolsgold_True_no-noise_reba/agg_records/pkl/round_0467_foolsgold.pkl
468,foolsgold,success,"[68, 62, 18, 67, 5, 12, 30, 93, 11, 66]","[67, 12, 30, 66]","[68, 62, 18, 5, 93, 11]",10,4,[],re_result_6-29_APRA/cifar10_700_Jul.02_19.21.07_foolsgold_True_no-noise_reba/agg_records/pkl/round_0468_foolsgold.pkl
469,foolsgold,success,"[10, 91, 55, 95, 98, 85, 16, 60, 36, 29]","[91, 55]","[10, 95, 98, 85, 16, 60, 36, 29]",10,2,[],re_result_6-29_APRA/cifar10_700_Jul.02_19.21.07_foolsgold_True_no-noise_reba/agg_records/pkl/round_0469_foolsgold.pkl
470,foolsgold,success,"[40, 22, 30, 20, 76, 66, 79, 74, 55, 72]","[40, 22, 20, 76, 79, 72]","[30, 66, 74, 55]",10,6,[],re_result_6-29_APRA/cifar10_700_Jul.02_19.21.07_foolsgold_True_no-noise_reba/agg_records/pkl/round_0470_foolsgold.pkl
471,foolsgold,success,"[63, 41, 53, 8, 66, 93, 49, 56, 51, 11]","[41, 53, 8, 49, 56, 11]","[63, 66, 93, 51]",10,6,[],re_result_6-29_APRA/cifar10_700_Jul.02_19.21.07_foolsgold_True_no-noise_reba/agg_records/pkl/round_0471_foolsgold.pkl
472,foolsgold,success,"[22, 35, 66, 45, 0, 6, 91, 86, 44, 67]","[22, 45, 91, 86, 44, 67]","[35, 66, 0, 6]",10,6,[],re_result_6-29_APRA/cifar10_700_Jul.02_19.21.07_foolsgold_True_no-noise_reba/agg_records/pkl/round_0472_foolsgold.pkl
473,foolsgold,success,"[4, 31, 42, 93, 36, 40, 95, 81, 41, 1]","[4, 31, 42, 93, 40, 95, 81, 41]","[36, 1]",10,8,[],re_result_6-29_APRA/cifar10_700_Jul.02_19.21.07_foolsgold_True_no-noise_reba/agg_records/pkl/round_0473_foolsgold.pkl
474,foolsgold,success,"[92, 88, 53, 49, 67, 60, 71, 39, 62, 17]","[88, 53, 49, 67, 71, 17]","[92, 60, 39, 62]",10,6,[],re_result_6-29_APRA/cifar10_700_Jul.02_19.21.07_foolsgold_True_no-noise_reba/agg_records/pkl/round_0474_foolsgold.pkl
475,foolsgold,success,"[41, 96, 23, 76, 3, 40, 38, 69, 12, 19]","[41, 23, 40, 38, 69, 12]","[96, 76, 3, 19]",10,6,[],re_result_6-29_APRA/cifar10_700_Jul.02_19.21.07_foolsgold_True_no-noise_reba/agg_records/pkl/round_0475_foolsgold.pkl
476,foolsgold,success,"[92, 4, 80, 12, 82, 15, 24, 97, 39, 11]","[92, 4, 80, 82, 97]","[12, 15, 24, 39, 11]",10,5,[],re_result_6-29_APRA/cifar10_700_Jul.02_19.21.07_foolsgold_True_no-noise_reba/agg_records/pkl/round_0476_foolsgold.pkl
477,foolsgold,success,"[81, 19, 82, 48, 87, 85, 52, 63, 84, 55]","[81, 82, 48, 63, 84, 55]","[19, 87, 85, 52]",10,6,[],re_result_6-29_APRA/cifar10_700_Jul.02_19.21.07_foolsgold_True_no-noise_reba/agg_records/pkl/round_0477_foolsgold.pkl
478,foolsgold,success,"[5, 73, 23, 81, 49, 96, 72, 21, 33, 93]","[73, 23, 72, 33]","[5, 81, 49, 96, 21, 93]",10,4,[],re_result_6-29_APRA/cifar10_700_Jul.02_19.21.07_foolsgold_True_no-noise_reba/agg_records/pkl/round_0478_foolsgold.pkl
479,foolsgold,success,"[41, 56, 85, 79, 4, 75, 9, 34, 87, 84]","[41, 56, 79, 4, 75, 9, 34, 84]","[85, 87]",10,8,[],re_result_6-29_APRA/cifar10_700_Jul.02_19.21.07_foolsgold_True_no-noise_reba/agg_records/pkl/round_0479_foolsgold.pkl
480,foolsgold,success,"[68, 36, 10, 67, 54, 84, 71, 99, 29, 91]","[67, 54, 84, 71, 99, 91]","[68, 36, 10, 29]",10,6,[],re_result_6-29_APRA/cifar10_700_Jul.02_19.21.07_foolsgold_True_no-noise_reba/agg_records/pkl/round_0480_foolsgold.pkl
481,foolsgold,success,"[24, 35, 53, 1, 46, 94, 41, 51, 95, 97]","[24, 53, 1, 94, 41, 97]","[35, 46, 51, 95]",10,6,[],re_result_6-29_APRA/cifar10_700_Jul.02_19.21.07_foolsgold_True_no-noise_reba/agg_records/pkl/round_0481_foolsgold.pkl
482,foolsgold,success,"[54, 16, 88, 21, 93, 36, 24, 2, 77, 59]","[54, 88, 21, 36, 59]","[16, 93, 24, 2, 77]",10,5,[],re_result_6-29_APRA/cifar10_700_Jul.02_19.21.07_foolsgold_True_no-noise_reba/agg_records/pkl/round_0482_foolsgold.pkl
483,foolsgold,success,"[85, 91, 23, 74, 32, 78, 14, 12, 29, 62]","[91, 23, 78, 14]","[85, 74, 32, 12, 29, 62]",10,4,[],re_result_6-29_APRA/cifar10_700_Jul.02_19.21.07_foolsgold_True_no-noise_reba/agg_records/pkl/round_0483_foolsgold.pkl
484,foolsgold,success,"[67, 86, 84, 74, 30, 54, 6, 16, 93, 95]","[67, 86, 84, 6, 93, 95]","[74, 30, 54, 16]",10,6,[],re_result_6-29_APRA/cifar10_700_Jul.02_19.21.07_foolsgold_True_no-noise_reba/agg_records/pkl/round_0484_foolsgold.pkl
485,foolsgold,success,"[99, 17, 22, 14, 53, 97, 39, 59, 70, 42]","[99, 14, 53, 70, 42]","[17, 22, 97, 39, 59]",10,5,[],re_result_6-29_APRA/cifar10_700_Jul.02_19.21.07_foolsgold_True_no-noise_reba/agg_records/pkl/round_0485_foolsgold.pkl
486,foolsgold,success,"[42, 91, 48, 46, 26, 80, 58, 81, 73, 87]","[42, 91, 48, 46, 26, 58, 81, 87]","[80, 73]",10,8,[],re_result_6-29_APRA/cifar10_700_Jul.02_19.21.07_foolsgold_True_no-noise_reba/agg_records/pkl/round_0486_foolsgold.pkl
487,foolsgold,success,"[32, 13, 6, 85, 75, 89, 60, 3, 27, 29]","[75, 27, 29]","[32, 13, 6, 85, 89, 60, 3]",10,3,[],re_result_6-29_APRA/cifar10_700_Jul.02_19.21.07_foolsgold_True_no-noise_reba/agg_records/pkl/round_0487_foolsgold.pkl
488,foolsgold,success,"[65, 84, 46, 92, 42, 93, 66, 43, 31, 63]","[65, 84, 46, 92, 42, 66, 43, 31]","[93, 63]",10,8,[],re_result_6-29_APRA/cifar10_700_Jul.02_19.21.07_foolsgold_True_no-noise_reba/agg_records/pkl/round_0488_foolsgold.pkl
489,foolsgold,success,"[76, 11, 70, 15, 72, 4, 99, 51, 17, 16]","[76, 70, 15, 4, 99, 51]","[11, 72, 17, 16]",10,6,[],re_result_6-29_APRA/cifar10_700_Jul.02_19.21.07_foolsgold_True_no-noise_reba/agg_records/pkl/round_0489_foolsgold.pkl
490,foolsgold,success,"[6, 89, 81, 27, 87, 93, 30, 16, 29, 47]","[6, 89, 81, 27, 93, 30, 29]","[87, 16, 47]",10,7,[],re_result_6-29_APRA/cifar10_700_Jul.02_19.21.07_foolsgold_True_no-noise_reba/agg_records/pkl/round_0490_foolsgold.pkl
491,foolsgold,success,"[87, 48, 47, 7, 28, 24, 52, 19, 4, 5]","[28, 4, 5]","[87, 48, 47, 7, 24, 52, 19]",10,3,[],re_result_6-29_APRA/cifar10_700_Jul.02_19.21.07_foolsgold_True_no-noise_reba/agg_records/pkl/round_0491_foolsgold.pkl
492,foolsgold,success,"[77, 9, 33, 46, 0, 63, 10, 12, 89, 49]","[77, 46, 0, 63, 89, 49]","[9, 33, 10, 12]",10,6,[],re_result_6-29_APRA/cifar10_700_Jul.02_19.21.07_foolsgold_True_no-noise_reba/agg_records/pkl/round_0492_foolsgold.pkl
493,foolsgold,success,"[36, 93, 85, 57, 53, 14, 92, 52, 42, 77]","[93, 53, 42]","[36, 85, 57, 14, 92, 52, 77]",10,3,[],re_result_6-29_APRA/cifar10_700_Jul.02_19.21.07_foolsgold_True_no-noise_reba/agg_records/pkl/round_0493_foolsgold.pkl
494,foolsgold,success,"[70, 57, 78, 30, 72, 89, 58, 27, 84, 55]","[70, 57, 89, 58, 84]","[78, 30, 72, 27, 55]",10,5,[],re_result_6-29_APRA/cifar10_700_Jul.02_19.21.07_foolsgold_True_no-noise_reba/agg_records/pkl/round_0494_foolsgold.pkl
495,foolsgold,success,"[3, 20, 34, 85, 19, 13, 50, 15, 44, 90]","[34, 85, 50, 15, 44, 90]","[3, 20, 19, 13]",10,6,[],re_result_6-29_APRA/cifar10_700_Jul.02_19.21.07_foolsgold_True_no-noise_reba/agg_records/pkl/round_0495_foolsgold.pkl
496,foolsgold,success,"[80, 44, 34, 4, 45, 37, 31, 49, 46, 20]","[80, 44, 34, 4, 45, 37, 31, 49, 46, 20]",[],10,10,[],re_result_6-29_APRA/cifar10_700_Jul.02_19.21.07_foolsgold_True_no-noise_reba/agg_records/pkl/round_0496_foolsgold.pkl
497,foolsgold,success,"[28, 95, 12, 19, 43, 85, 27, 8, 17, 32]","[28, 43]","[95, 12, 19, 85, 27, 8, 17, 32]",10,2,[],re_result_6-29_APRA/cifar10_700_Jul.02_19.21.07_foolsgold_True_no-noise_reba/agg_records/pkl/round_0497_foolsgold.pkl
498,foolsgold,success,"[60, 48, 38, 54, 85, 21, 31, 10, 40, 14]","[60, 38, 54, 85, 31, 10, 40, 14]","[48, 21]",10,8,[],re_result_6-29_APRA/cifar10_700_Jul.02_19.21.07_foolsgold_True_no-noise_reba/agg_records/pkl/round_0498_foolsgold.pkl
499,foolsgold,success,"[68, 3, 90, 30, 29, 36, 41, 73, 2, 87]","[30, 41]","[68, 3, 90, 29, 36, 73, 2, 87]",10,2,[],re_result_6-29_APRA/cifar10_700_Jul.02_19.21.07_foolsgold_True_no-noise_reba/agg_records/pkl/round_0499_foolsgold.pkl
500,foolsgold,success,"[47, 49, 96, 28, 27, 18, 89, 57, 42, 53]","[49, 96, 28, 27, 89, 42, 53]","[47, 18, 57]",10,7,[],re_result_6-29_APRA/cifar10_700_Jul.02_19.21.07_foolsgold_True_no-noise_reba/agg_records/pkl/round_0500_foolsgold.pkl
501,foolsgold,success,"[68, 54, 48, 53, 74, 95, 99, 55, 75, 69]","[48, 53, 95, 99, 75]","[68, 54, 74, 55, 69]",10,5,[],re_result_6-29_APRA/cifar10_700_Jul.02_19.21.07_foolsgold_True_no-noise_reba/agg_records/pkl/round_0501_foolsgold.pkl
502,foolsgold,success,"[50, 87, 34, 32, 71, 68, 90, 76, 15, 92]","[50, 34, 71, 76, 15]","[87, 32, 68, 90, 92]",10,5,[],re_result_6-29_APRA/cifar10_700_Jul.02_19.21.07_foolsgold_True_no-noise_reba/agg_records/pkl/round_0502_foolsgold.pkl
503,foolsgold,success,"[67, 80, 37, 38, 15, 63, 42, 25, 48, 94]","[67, 80, 38, 15, 63, 48]","[37, 42, 25, 94]",10,6,[],re_result_6-29_APRA/cifar10_700_Jul.02_19.21.07_foolsgold_True_no-noise_reba/agg_records/pkl/round_0503_foolsgold.pkl
504,foolsgold,success,"[23, 12, 15, 34, 13, 25, 83, 14, 86, 50]","[23, 13, 25, 83, 14, 86]","[12, 15, 34, 50]",10,6,[],re_result_6-29_APRA/cifar10_700_Jul.02_19.21.07_foolsgold_True_no-noise_reba/agg_records/pkl/round_0504_foolsgold.pkl
505,foolsgold,success,"[20, 4, 82, 86, 5, 80, 25, 2, 61, 38]","[20, 4, 82, 86, 5, 80, 25, 2, 61, 38]",[],10,10,[],re_result_6-29_APRA/cifar10_700_Jul.02_19.21.07_foolsgold_True_no-noise_reba/agg_records/pkl/round_0505_foolsgold.pkl
506,foolsgold,success,"[92, 38, 77, 93, 30, 67, 65, 5, 26, 71]","[38, 30, 67, 65, 26, 71]","[92, 77, 93, 5]",10,6,[],re_result_6-29_APRA/cifar10_700_Jul.02_19.21.07_foolsgold_True_no-noise_reba/agg_records/pkl/round_0506_foolsgold.pkl
507,foolsgold,success,"[56, 85, 13, 39, 28, 62, 2, 0, 67, 97]","[56, 28, 67, 97]","[85, 13, 39, 62, 2, 0]",10,4,[],re_result_6-29_APRA/cifar10_700_Jul.02_19.21.07_foolsgold_True_no-noise_reba/agg_records/pkl/round_0507_foolsgold.pkl
508,foolsgold,success,"[11, 31, 72, 8, 45, 44, 85, 20, 26, 81]","[31, 72, 8, 45, 44, 20, 26, 81]","[11, 85]",10,8,[],re_result_6-29_APRA/cifar10_700_Jul.02_19.21.07_foolsgold_True_no-noise_reba/agg_records/pkl/round_0508_foolsgold.pkl
509,foolsgold,success,"[64, 9, 29, 33, 1, 42, 97, 62, 52, 0]","[64, 29, 1, 42, 97, 0]","[9, 33, 62, 52]",10,6,[],re_result_6-29_APRA/cifar10_700_Jul.02_19.21.07_foolsgold_True_no-noise_reba/agg_records/pkl/round_0509_foolsgold.pkl
510,foolsgold,success,"[64, 39, 41, 40, 37, 1, 62, 76, 63, 93]","[64, 41, 40, 37, 1, 62, 76]","[39, 63, 93]",10,7,[],re_result_6-29_APRA/cifar10_700_Jul.02_19.21.07_foolsgold_True_no-noise_reba/agg_records/pkl/round_0510_foolsgold.pkl
511,foolsgold,success,"[81, 78, 72, 61, 76, 17, 52, 60, 15, 41]","[78, 76, 15, 41]","[81, 72, 61, 17, 52, 60]",10,4,[],re_result_6-29_APRA/cifar10_700_Jul.02_19.21.07_foolsgold_True_no-noise_reba/agg_records/pkl/round_0511_foolsgold.pkl
512,foolsgold,success,"[56, 59, 85, 66, 30, 11, 31, 34, 90, 0]","[56, 59, 66, 30, 31, 34, 90, 0]","[85, 11]",10,8,[],re_result_6-29_APRA/cifar10_700_Jul.02_19.21.07_foolsgold_True_no-noise_reba/agg_records/pkl/round_0512_foolsgold.pkl
513,foolsgold,success,"[57, 9, 19, 48, 13, 40, 5, 45, 18, 23]","[48, 13, 40, 5, 23]","[57, 9, 19, 45, 18]",10,5,[],re_result_6-29_APRA/cifar10_700_Jul.02_19.21.07_foolsgold_True_no-noise_reba/agg_records/pkl/round_0513_foolsgold.pkl
514,foolsgold,success,"[54, 34, 13, 70, 51, 84, 19, 4, 27, 15]","[54, 34, 70, 51, 19, 15]","[13, 84, 4, 27]",10,6,[],re_result_6-29_APRA/cifar10_700_Jul.02_19.21.07_foolsgold_True_no-noise_reba/agg_records/pkl/round_0514_foolsgold.pkl
515,foolsgold,success,"[55, 0, 11, 57, 81, 4, 90, 74, 59, 17]","[55, 0, 11, 4, 59]","[57, 81, 90, 74, 17]",10,5,[],re_result_6-29_APRA/cifar10_700_Jul.02_19.21.07_foolsgold_True_no-noise_reba/agg_records/pkl/round_0515_foolsgold.pkl
516,foolsgold,success,"[73, 71, 78, 63, 6, 9, 32, 59, 17, 43]","[73, 71, 6, 59, 43]","[78, 63, 9, 32, 17]",10,5,[],re_result_6-29_APRA/cifar10_700_Jul.02_19.21.07_foolsgold_True_no-noise_reba/agg_records/pkl/round_0516_foolsgold.pkl
517,foolsgold,success,"[5, 2, 90, 66, 47, 74, 14, 7, 4, 55]","[5, 66, 14, 7, 4, 55]","[2, 90, 47, 74]",10,6,[],re_result_6-29_APRA/cifar10_700_Jul.02_19.21.07_foolsgold_True_no-noise_reba/agg_records/pkl/round_0517_foolsgold.pkl
518,foolsgold,success,"[82, 92, 80, 18, 28, 6, 9, 12, 69, 97]","[82, 80, 28, 6, 12, 97]","[92, 18, 9, 69]",10,6,[],re_result_6-29_APRA/cifar10_700_Jul.02_19.21.07_foolsgold_True_no-noise_reba/agg_records/pkl/round_0518_foolsgold.pkl
519,foolsgold,success,"[80, 54, 78, 47, 4, 43, 9, 13, 40, 67]","[80, 47, 43, 40, 67]","[54, 78, 4, 9, 13]",10,5,[],re_result_6-29_APRA/cifar10_700_Jul.02_19.21.07_foolsgold_True_no-noise_reba/agg_records/pkl/round_0519_foolsgold.pkl
520,foolsgold,success,"[17, 96, 37, 6, 71, 21, 70, 77, 52, 98]","[17, 96, 71, 98]","[37, 6, 21, 70, 77, 52]",10,4,[],re_result_6-29_APRA/cifar10_700_Jul.02_19.21.07_foolsgold_True_no-noise_reba/agg_records/pkl/round_0520_foolsgold.pkl
521,foolsgold,success,"[33, 2, 35, 8, 95, 77, 17, 89, 67, 14]","[33, 35, 67, 14]","[2, 8, 95, 77, 17, 89]",10,4,[],re_result_6-29_APRA/cifar10_700_Jul.02_19.21.07_foolsgold_True_no-noise_reba/agg_records/pkl/round_0521_foolsgold.pkl
522,foolsgold,success,"[80, 62, 97, 44, 48, 4, 24, 53, 95, 40]","[80, 97, 44, 48, 4, 53, 95, 40]","[62, 24]",10,8,[],re_result_6-29_APRA/cifar10_700_Jul.02_19.21.07_foolsgold_True_no-noise_reba/agg_records/pkl/round_0522_foolsgold.pkl
523,foolsgold,success,"[41, 38, 42, 37, 49, 97, 33, 19, 22, 72]","[41, 38, 37, 49, 97, 19, 22, 72]","[42, 33]",10,8,[],re_result_6-29_APRA/cifar10_700_Jul.02_19.21.07_foolsgold_True_no-noise_reba/agg_records/pkl/round_0523_foolsgold.pkl
524,foolsgold,success,"[14, 92, 86, 33, 7, 75, 4, 29, 2, 13]","[14, 92, 86, 33, 75, 4, 29, 2]","[7, 13]",10,8,[],re_result_6-29_APRA/cifar10_700_Jul.02_19.21.07_foolsgold_True_no-noise_reba/agg_records/pkl/round_0524_foolsgold.pkl
525,foolsgold,success,"[5, 59, 21, 95, 44, 79, 63, 50, 92, 53]","[5, 59, 21, 44, 79, 50, 92, 53]","[95, 63]",10,8,[],re_result_6-29_APRA/cifar10_700_Jul.02_19.21.07_foolsgold_True_no-noise_reba/agg_records/pkl/round_0525_foolsgold.pkl
526,foolsgold,success,"[95, 11, 0, 72, 32, 40, 57, 90, 77, 64]","[0, 72, 40, 64]","[95, 11, 32, 57, 90, 77]",10,4,[],re_result_6-29_APRA/cifar10_700_Jul.02_19.21.07_foolsgold_True_no-noise_reba/agg_records/pkl/round_0526_foolsgold.pkl
527,foolsgold,success,"[59, 72, 92, 73, 12, 31, 26, 78, 80, 97]","[72, 92, 12, 31, 26, 78]","[59, 73, 80, 97]",10,6,[],re_result_6-29_APRA/cifar10_700_Jul.02_19.21.07_foolsgold_True_no-noise_reba/agg_records/pkl/round_0527_foolsgold.pkl
528,foolsgold,success,"[60, 6, 42, 7, 77, 57, 86, 28, 75, 76]","[60, 42, 86, 28, 75, 76]","[6, 7, 77, 57]",10,6,[],re_result_6-29_APRA/cifar10_700_Jul.02_19.21.07_foolsgold_True_no-noise_reba/agg_records/pkl/round_0528_foolsgold.pkl
529,foolsgold,success,"[64, 13, 98, 86, 2, 59, 42, 91, 79, 72]","[64, 13, 86, 59, 42]","[98, 2, 91, 79, 72]",10,5,[],re_result_6-29_APRA/cifar10_700_Jul.02_19.21.07_foolsgold_True_no-noise_reba/agg_records/pkl/round_0529_foolsgold.pkl
530,foolsgold,success,"[69, 50, 84, 55, 3, 99, 34, 27, 57, 9]","[84, 99, 27]","[69, 50, 55, 3, 34, 57, 9]",10,3,[],re_result_6-29_APRA/cifar10_700_Jul.02_19.21.07_foolsgold_True_no-noise_reba/agg_records/pkl/round_0530_foolsgold.pkl
531,foolsgold,success,"[39, 63, 51, 26, 98, 50, 90, 36, 9, 79]","[51, 26, 50, 36, 9]","[39, 63, 98, 90, 79]",10,5,[],re_result_6-29_APRA/cifar10_700_Jul.02_19.21.07_foolsgold_True_no-noise_reba/agg_records/pkl/round_0531_foolsgold.pkl
532,foolsgold,success,"[27, 95, 76, 23, 17, 45, 41, 78, 90, 34]","[76, 23, 41, 34]","[27, 95, 17, 45, 78, 90]",10,4,[],re_result_6-29_APRA/cifar10_700_Jul.02_19.21.07_foolsgold_True_no-noise_reba/agg_records/pkl/round_0532_foolsgold.pkl
533,foolsgold,success,"[23, 8, 64, 57, 16, 94, 73, 63, 95, 2]","[23, 64, 94, 73]","[8, 57, 16, 63, 95, 2]",10,4,[],re_result_6-29_APRA/cifar10_700_Jul.02_19.21.07_foolsgold_True_no-noise_reba/agg_records/pkl/round_0533_foolsgold.pkl
534,foolsgold,success,"[15, 68, 22, 43, 56, 41, 48, 65, 77, 14]","[15, 22, 43, 56, 41, 48, 65, 14]","[68, 77]",10,8,[],re_result_6-29_APRA/cifar10_700_Jul.02_19.21.07_foolsgold_True_no-noise_reba/agg_records/pkl/round_0534_foolsgold.pkl
535,foolsgold,success,"[64, 25, 91, 62, 2, 28, 72, 3, 59, 23]","[64, 25, 28, 59, 23]","[91, 62, 2, 72, 3]",10,5,[],re_result_6-29_APRA/cifar10_700_Jul.02_19.21.07_foolsgold_True_no-noise_reba/agg_records/pkl/round_0535_foolsgold.pkl
536,foolsgold,success,"[22, 99, 82, 69, 44, 0, 84, 6, 38, 27]","[99, 82, 69, 44, 84, 38]","[22, 0, 6, 27]",10,6,[],re_result_6-29_APRA/cifar10_700_Jul.02_19.21.07_foolsgold_True_no-noise_reba/agg_records/pkl/round_0536_foolsgold.pkl
537,foolsgold,success,"[22, 44, 45, 78, 81, 68, 57, 21, 75, 49]","[22, 44, 21, 75, 49]","[45, 78, 81, 68, 57]",10,5,[],re_result_6-29_APRA/cifar10_700_Jul.02_19.21.07_foolsgold_True_no-noise_reba/agg_records/pkl/round_0537_foolsgold.pkl
538,foolsgold,success,"[98, 42, 89, 17, 81, 79, 48, 62, 99, 43]","[98, 42, 89, 17, 81, 79, 48, 62, 99, 43]",[],10,10,[],re_result_6-29_APRA/cifar10_700_Jul.02_19.21.07_foolsgold_True_no-noise_reba/agg_records/pkl/round_0538_foolsgold.pkl
539,foolsgold,success,"[76, 30, 20, 85, 54, 94, 22, 90, 26, 10]","[76, 20, 85, 94, 10]","[30, 54, 22, 90, 26]",10,5,[],re_result_6-29_APRA/cifar10_700_Jul.02_19.21.07_foolsgold_True_no-noise_reba/agg_records/pkl/round_0539_foolsgold.pkl
540,foolsgold,success,"[67, 31, 65, 77, 17, 36, 37, 0, 15, 93]","[67, 31, 65, 17, 37, 0, 15, 93]","[77, 36]",10,8,[],re_result_6-29_APRA/cifar10_700_Jul.02_19.21.07_foolsgold_True_no-noise_reba/agg_records/pkl/round_0540_foolsgold.pkl
541,foolsgold,success,"[32, 59, 34, 72, 50, 30, 66, 82, 2, 67]","[59, 72, 30, 66, 82, 67]","[32, 34, 50, 2]",10,6,[],re_result_6-29_APRA/cifar10_700_Jul.02_19.21.07_foolsgold_True_no-noise_reba/agg_records/pkl/round_0541_foolsgold.pkl
542,foolsgold,success,"[88, 31, 66, 6, 26, 13, 34, 98, 54, 81]","[88, 31, 66, 34, 98, 81]","[6, 26, 13, 54]",10,6,[],re_result_6-29_APRA/cifar10_700_Jul.02_19.21.07_foolsgold_True_no-noise_reba/agg_records/pkl/round_0542_foolsgold.pkl
543,foolsgold,success,"[65, 49, 32, 3, 72, 39, 60, 89, 22, 94]","[65, 49, 3, 72, 89, 94]","[32, 39, 60, 22]",10,6,[],re_result_6-29_APRA/cifar10_700_Jul.02_19.21.07_foolsgold_True_no-noise_reba/agg_records/pkl/round_0543_foolsgold.pkl
544,foolsgold,success,"[17, 29, 43, 48, 56, 88, 93, 52, 83, 13]","[17, 29, 43, 48, 56, 88, 93, 52, 83, 13]",[],10,10,[],re_result_6-29_APRA/cifar10_700_Jul.02_19.21.07_foolsgold_True_no-noise_reba/agg_records/pkl/round_0544_foolsgold.pkl
545,foolsgold,success,"[70, 41, 85, 61, 10, 48, 76, 90, 96, 49]","[70, 41, 10, 48, 90, 49]","[85, 61, 76, 96]",10,6,[],re_result_6-29_APRA/cifar10_700_Jul.02_19.21.07_foolsgold_True_no-noise_reba/agg_records/pkl/round_0545_foolsgold.pkl
546,foolsgold,success,"[35, 86, 59, 10, 18, 57, 73, 40, 68, 46]","[86, 59, 10, 73, 46]","[35, 18, 57, 40, 68]",10,5,[],re_result_6-29_APRA/cifar10_700_Jul.02_19.21.07_foolsgold_True_no-noise_reba/agg_records/pkl/round_0546_foolsgold.pkl
547,foolsgold,success,"[14, 63, 97, 94, 61, 27, 83, 64, 72, 4]","[14, 97, 94, 61, 83, 64, 4]","[63, 27, 72]",10,7,[],re_result_6-29_APRA/cifar10_700_Jul.02_19.21.07_foolsgold_True_no-noise_reba/agg_records/pkl/round_0547_foolsgold.pkl
548,foolsgold,success,"[58, 90, 7, 20, 0, 26, 93, 99, 49, 8]","[26, 93]","[58, 90, 7, 20, 0, 99, 49, 8]",10,2,[],re_result_6-29_APRA/cifar10_700_Jul.02_19.21.07_foolsgold_True_no-noise_reba/agg_records/pkl/round_0548_foolsgold.pkl
549,foolsgold,success,"[97, 47, 86, 78, 9, 71, 56, 54, 55, 6]","[97, 47, 86, 78, 71, 56, 6]","[9, 54, 55]",10,7,[],re_result_6-29_APRA/cifar10_700_Jul.02_19.21.07_foolsgold_True_no-noise_reba/agg_records/pkl/round_0549_foolsgold.pkl
550,foolsgold,success,"[10, 0, 95, 33, 11, 17, 81, 67, 69, 93]","[10, 0, 95, 11, 17, 81, 67, 93]","[33, 69]",10,8,[],re_result_6-29_APRA/cifar10_700_Jul.02_19.21.07_foolsgold_True_no-noise_reba/agg_records/pkl/round_0550_foolsgold.pkl
551,foolsgold,success,"[52, 77, 87, 3, 18, 79, 45, 57, 71, 28]","[79, 45, 71, 28]","[52, 77, 87, 3, 18, 57]",10,4,[],re_result_6-29_APRA/cifar10_700_Jul.02_19.21.07_foolsgold_True_no-noise_reba/agg_records/pkl/round_0551_foolsgold.pkl
552,foolsgold,success,"[31, 97, 5, 75, 8, 83, 27, 62, 93, 10]","[31, 97, 75, 8, 27, 62]","[5, 83, 93, 10]",10,6,[],re_result_6-29_APRA/cifar10_700_Jul.02_19.21.07_foolsgold_True_no-noise_reba/agg_records/pkl/round_0552_foolsgold.pkl
553,foolsgold,success,"[59, 14, 95, 31, 21, 99, 48, 61, 20, 42]","[14, 95, 31, 61, 42]","[59, 21, 99, 48, 20]",10,5,[],re_result_6-29_APRA/cifar10_700_Jul.02_19.21.07_foolsgold_True_no-noise_reba/agg_records/pkl/round_0553_foolsgold.pkl
554,foolsgold,success,"[16, 15, 47, 22, 66, 69, 79, 13, 70, 39]","[15, 66, 69, 79, 13, 70]","[16, 47, 22, 39]",10,6,[],re_result_6-29_APRA/cifar10_700_Jul.02_19.21.07_foolsgold_True_no-noise_reba/agg_records/pkl/round_0554_foolsgold.pkl
555,foolsgold,success,"[50, 73, 58, 76, 61, 47, 85, 98, 97, 26]","[50, 58, 76, 97, 26]","[73, 61, 47, 85, 98]",10,5,[],re_result_6-29_APRA/cifar10_700_Jul.02_19.21.07_foolsgold_True_no-noise_reba/agg_records/pkl/round_0555_foolsgold.pkl
556,foolsgold,success,"[54, 27, 85, 75, 79, 99, 43, 5, 81, 20]","[54, 27, 85, 75, 79, 99, 43, 5, 81, 20]",[],10,10,[],re_result_6-29_APRA/cifar10_700_Jul.02_19.21.07_foolsgold_True_no-noise_reba/agg_records/pkl/round_0556_foolsgold.pkl
557,foolsgold,success,"[10, 17, 4, 55, 97, 64, 25, 45, 18, 52]","[10, 17, 4, 97, 64, 25]","[55, 45, 18, 52]",10,6,[],re_result_6-29_APRA/cifar10_700_Jul.02_19.21.07_foolsgold_True_no-noise_reba/agg_records/pkl/round_0557_foolsgold.pkl
558,foolsgold,success,"[2, 23, 37, 38, 88, 74, 51, 92, 84, 47]","[2, 23, 37, 38, 88, 51, 84]","[74, 92, 47]",10,7,[],re_result_6-29_APRA/cifar10_700_Jul.02_19.21.07_foolsgold_True_no-noise_reba/agg_records/pkl/round_0558_foolsgold.pkl
559,foolsgold,success,"[62, 73, 53, 19, 37, 83, 81, 15, 22, 0]","[73, 53, 37, 83, 81, 15, 22, 0]","[62, 19]",10,8,[],re_result_6-29_APRA/cifar10_700_Jul.02_19.21.07_foolsgold_True_no-noise_reba/agg_records/pkl/round_0559_foolsgold.pkl
560,foolsgold,success,"[99, 93, 43, 39, 61, 74, 9, 49, 4, 90]","[93, 43, 61, 74, 9, 4]","[99, 39, 49, 90]",10,6,[],re_result_6-29_APRA/cifar10_700_Jul.02_19.21.07_foolsgold_True_no-noise_reba/agg_records/pkl/round_0560_foolsgold.pkl
561,foolsgold,success,"[51, 68, 57, 5, 63, 58, 19, 43, 9, 78]","[51, 58, 43]","[68, 57, 5, 63, 19, 9, 78]",10,3,[],re_result_6-29_APRA/cifar10_700_Jul.02_19.21.07_foolsgold_True_no-noise_reba/agg_records/pkl/round_0561_foolsgold.pkl
562,foolsgold,success,"[78, 15, 85, 1, 96, 20, 9, 27, 49, 23]","[15, 85, 1, 96, 20, 27, 49, 23]","[78, 9]",10,8,[],re_result_6-29_APRA/cifar10_700_Jul.02_19.21.07_foolsgold_True_no-noise_reba/agg_records/pkl/round_0562_foolsgold.pkl
563,foolsgold,success,"[42, 90, 97, 40, 30, 87, 24, 95, 69, 86]","[97, 40, 86]","[42, 90, 30, 87, 24, 95, 69]",10,3,[],re_result_6-29_APRA/cifar10_700_Jul.02_19.21.07_foolsgold_True_no-noise_reba/agg_records/pkl/round_0563_foolsgold.pkl
564,foolsgold,success,"[5, 28, 4, 9, 47, 38, 7, 54, 98, 1]","[5, 28, 4, 47, 38, 7, 98, 1]","[9, 54]",10,8,[],re_result_6-29_APRA/cifar10_700_Jul.02_19.21.07_foolsgold_True_no-noise_reba/agg_records/pkl/round_0564_foolsgold.pkl
565,foolsgold,success,"[67, 42, 92, 57, 26, 55, 53, 96, 20, 48]","[67, 26, 53, 96]","[42, 92, 57, 55, 20, 48]",10,4,[],re_result_6-29_APRA/cifar10_700_Jul.02_19.21.07_foolsgold_True_no-noise_reba/agg_records/pkl/round_0565_foolsgold.pkl
566,foolsgold,success,"[39, 82, 95, 68, 4, 9, 64, 38, 51, 60]","[82, 68, 4, 9, 64, 38, 51]","[39, 95, 60]",10,7,[],re_result_6-29_APRA/cifar10_700_Jul.02_19.21.07_foolsgold_True_no-noise_reba/agg_records/pkl/round_0566_foolsgold.pkl
567,foolsgold,success,"[96, 80, 84, 68, 57, 83, 26, 37, 72, 59]","[80, 84, 72, 59]","[96, 68, 57, 83, 26, 37]",10,4,[],re_result_6-29_APRA/cifar10_700_Jul.02_19.21.07_foolsgold_True_no-noise_reba/agg_records/pkl/round_0567_foolsgold.pkl
568,foolsgold,success,"[48, 8, 98, 4, 17, 7, 88, 44, 28, 19]","[98, 4, 17, 88, 28, 19]","[48, 8, 7, 44]",10,6,[],re_result_6-29_APRA/cifar10_700_Jul.02_19.21.07_foolsgold_True_no-noise_reba/agg_records/pkl/round_0568_foolsgold.pkl
569,foolsgold,success,"[2, 92, 78, 11, 39, 49, 17, 20, 60, 97]","[92, 78, 11, 49, 20, 97]","[2, 39, 17, 60]",10,6,[],re_result_6-29_APRA/cifar10_700_Jul.02_19.21.07_foolsgold_True_no-noise_reba/agg_records/pkl/round_0569_foolsgold.pkl
570,foolsgold,success,"[56, 33, 60, 14, 92, 69, 59, 26, 84, 25]","[56, 60, 14, 92, 59, 84]","[33, 69, 26, 25]",10,6,[],re_result_6-29_APRA/cifar10_700_Jul.02_19.21.07_foolsgold_True_no-noise_reba/agg_records/pkl/round_0570_foolsgold.pkl
571,foolsgold,success,"[41, 77, 6, 59, 49, 39, 7, 31, 27, 11]","[41, 39, 31, 27]","[77, 6, 59, 49, 7, 11]",10,4,[],re_result_6-29_APRA/cifar10_700_Jul.02_19.21.07_foolsgold_True_no-noise_reba/agg_records/pkl/round_0571_foolsgold.pkl
572,foolsgold,success,"[40, 39, 71, 53, 24, 48, 9, 11, 14, 60]","[40, 48, 9, 14]","[39, 71, 53, 24, 11, 60]",10,4,[],re_result_6-29_APRA/cifar10_700_Jul.02_19.21.07_foolsgold_True_no-noise_reba/agg_records/pkl/round_0572_foolsgold.pkl
573,foolsgold,success,"[38, 6, 46, 97, 7, 54, 83, 48, 14, 35]","[38, 46, 97, 54, 83, 14, 35]","[6, 7, 48]",10,7,[],re_result_6-29_APRA/cifar10_700_Jul.02_19.21.07_foolsgold_True_no-noise_reba/agg_records/pkl/round_0573_foolsgold.pkl
574,foolsgold,success,"[47, 56, 61, 24, 89, 33, 44, 55, 85, 34]","[56, 44, 34]","[47, 61, 24, 89, 33, 55, 85]",10,3,[],re_result_6-29_APRA/cifar10_700_Jul.02_19.21.07_foolsgold_True_no-noise_reba/agg_records/pkl/round_0574_foolsgold.pkl
575,foolsgold,success,"[19, 3, 37, 89, 39, 52, 33, 2, 65, 21]","[37, 33, 65, 21]","[19, 3, 89, 39, 52, 2]",10,4,[],re_result_6-29_APRA/cifar10_700_Jul.02_19.21.07_foolsgold_True_no-noise_reba/agg_records/pkl/round_0575_foolsgold.pkl
576,foolsgold,success,"[23, 67, 31, 22, 77, 25, 37, 52, 2, 38]","[23, 67, 31, 38]","[22, 77, 25, 37, 52, 2]",10,4,[],re_result_6-29_APRA/cifar10_700_Jul.02_19.21.07_foolsgold_True_no-noise_reba/agg_records/pkl/round_0576_foolsgold.pkl
577,foolsgold,success,"[60, 40, 4, 6, 55, 41, 92, 71, 52, 26]","[60, 40, 4, 6, 55, 41, 71, 26]","[92, 52]",10,8,[],re_result_6-29_APRA/cifar10_700_Jul.02_19.21.07_foolsgold_True_no-noise_reba/agg_records/pkl/round_0577_foolsgold.pkl
578,foolsgold,success,"[99, 28, 96, 19, 97, 60, 27, 43, 56, 33]","[99, 28, 96, 19, 97, 60, 27, 43, 56, 33]",[],10,10,[],re_result_6-29_APRA/cifar10_700_Jul.02_19.21.07_foolsgold_True_no-noise_reba/agg_records/pkl/round_0578_foolsgold.pkl
579,foolsgold,success,"[25, 64, 75, 98, 32, 41, 61, 68, 44, 53]","[25, 64, 75, 98, 32, 41, 44, 53]","[61, 68]",10,8,[],re_result_6-29_APRA/cifar10_700_Jul.02_19.21.07_foolsgold_True_no-noise_reba/agg_records/pkl/round_0579_foolsgold.pkl
580,foolsgold,success,"[58, 69, 61, 57, 85, 94, 93, 14, 80, 70]","[58, 69, 94, 93, 14, 80, 70]","[61, 57, 85]",10,7,[],re_result_6-29_APRA/cifar10_700_Jul.02_19.21.07_foolsgold_True_no-noise_reba/agg_records/pkl/round_0580_foolsgold.pkl
581,foolsgold,success,"[77, 19, 81, 82, 85, 1, 37, 69, 78, 20]","[81, 82, 1, 37, 20]","[77, 19, 85, 69, 78]",10,5,[],re_result_6-29_APRA/cifar10_700_Jul.02_19.21.07_foolsgold_True_no-noise_reba/agg_records/pkl/round_0581_foolsgold.pkl
582,foolsgold,success,"[21, 7, 19, 78, 9, 25, 72, 41, 8, 65]","[19, 25, 72, 41, 8, 65]","[21, 7, 78, 9]",10,6,[],re_result_6-29_APRA/cifar10_700_Jul.02_19.21.07_foolsgold_True_no-noise_reba/agg_records/pkl/round_0582_foolsgold.pkl
583,foolsgold,success,"[85, 54, 66, 34, 2, 1, 57, 41, 59, 13]","[54, 66, 34, 2, 1, 59]","[85, 57, 41, 13]",10,6,[],re_result_6-29_APRA/cifar10_700_Jul.02_19.21.07_foolsgold_True_no-noise_reba/agg_records/pkl/round_0583_foolsgold.pkl
584,foolsgold,success,"[1, 34, 68, 90, 95, 7, 76, 25, 10, 24]","[1, 34, 7, 76, 25, 10]","[68, 90, 95, 24]",10,6,[],re_result_6-29_APRA/cifar10_700_Jul.02_19.21.07_foolsgold_True_no-noise_reba/agg_records/pkl/round_0584_foolsgold.pkl
585,foolsgold,success,"[4, 62, 47, 11, 67, 84, 59, 42, 60, 63]","[4, 67, 84, 59, 42]","[62, 47, 11, 60, 63]",10,5,[],re_result_6-29_APRA/cifar10_700_Jul.02_19.21.07_foolsgold_True_no-noise_reba/agg_records/pkl/round_0585_foolsgold.pkl
586,foolsgold,success,"[26, 31, 71, 16, 64, 66, 90, 54, 43, 8]","[31, 71, 16, 64, 66, 90, 43, 8]","[26, 54]",10,8,[],re_result_6-29_APRA/cifar10_700_Jul.02_19.21.07_foolsgold_True_no-noise_reba/agg_records/pkl/round_0586_foolsgold.pkl
587,foolsgold,success,"[62, 87, 95, 68, 30, 83, 26, 41, 35, 29]","[95, 30, 83, 26, 41, 35, 29]","[62, 87, 68]",10,7,[],re_result_6-29_APRA/cifar10_700_Jul.02_19.21.07_foolsgold_True_no-noise_reba/agg_records/pkl/round_0587_foolsgold.pkl
588,foolsgold,success,"[77, 20, 40, 70, 80, 46, 50, 67, 16, 60]","[20, 40, 70, 80, 46, 50, 67, 60]","[77, 16]",10,8,[],re_result_6-29_APRA/cifar10_700_Jul.02_19.21.07_foolsgold_True_no-noise_reba/agg_records/pkl/round_0588_foolsgold.pkl
589,foolsgold,success,"[78, 41, 79, 68, 40, 16, 42, 20, 18, 23]","[78, 79, 40, 42, 23]","[41, 68, 16, 20, 18]",10,5,[],re_result_6-29_APRA/cifar10_700_Jul.02_19.21.07_foolsgold_True_no-noise_reba/agg_records/pkl/round_0589_foolsgold.pkl
590,foolsgold,success,"[93, 73, 88, 37, 82, 35, 72, 30, 71, 15]","[93, 88, 37, 82, 35, 30]","[73, 72, 71, 15]",10,6,[],re_result_6-29_APRA/cifar10_700_Jul.02_19.21.07_foolsgold_True_no-noise_reba/agg_records/pkl/round_0590_foolsgold.pkl
591,foolsgold,success,"[27, 21, 64, 47, 32, 39, 76, 41, 98, 40]","[27, 21, 64, 47, 76, 41, 98, 40]","[32, 39]",10,8,[],re_result_6-29_APRA/cifar10_700_Jul.02_19.21.07_foolsgold_True_no-noise_reba/agg_records/pkl/round_0591_foolsgold.pkl
592,foolsgold,success,"[24, 54, 67, 73, 84, 0, 12, 43, 44, 74]","[54, 67, 73, 84, 0, 12, 43, 44]","[24, 74]",10,8,[],re_result_6-29_APRA/cifar10_700_Jul.02_19.21.07_foolsgold_True_no-noise_reba/agg_records/pkl/round_0592_foolsgold.pkl
593,foolsgold,success,"[97, 62, 55, 41, 15, 30, 50, 10, 70, 16]","[97, 41, 50, 70]","[62, 55, 15, 30, 10, 16]",10,4,[],re_result_6-29_APRA/cifar10_700_Jul.02_19.21.07_foolsgold_True_no-noise_reba/agg_records/pkl/round_0593_foolsgold.pkl
594,foolsgold,success,"[46, 73, 57, 50, 20, 70, 88, 77, 65, 90]","[46, 73, 50, 20, 70, 88, 65, 90]","[57, 77]",10,8,[],re_result_6-29_APRA/cifar10_700_Jul.02_19.21.07_foolsgold_True_no-noise_reba/agg_records/pkl/round_0594_foolsgold.pkl
595,foolsgold,success,"[84, 83, 34, 31, 28, 16, 32, 71, 30, 9]","[84, 83, 31, 16, 32, 71]","[34, 28, 30, 9]",10,6,[],re_result_6-29_APRA/cifar10_700_Jul.02_19.21.07_foolsgold_True_no-noise_reba/agg_records/pkl/round_0595_foolsgold.pkl
596,foolsgold,success,"[43, 66, 1, 22, 0, 34, 11, 83, 98, 8]","[43, 66, 1, 0, 34, 11, 83, 98]","[22, 8]",10,8,[],re_result_6-29_APRA/cifar10_700_Jul.02_19.21.07_foolsgold_True_no-noise_reba/agg_records/pkl/round_0596_foolsgold.pkl
597,foolsgold,success,"[25, 92, 61, 93, 87, 98, 63, 43, 64, 28]","[25, 98, 43, 64, 28]","[92, 61, 93, 87, 63]",10,5,[],re_result_6-29_APRA/cifar10_700_Jul.02_19.21.07_foolsgold_True_no-noise_reba/agg_records/pkl/round_0597_foolsgold.pkl
598,foolsgold,success,"[73, 47, 83, 28, 12, 89, 66, 95, 39, 55]","[73, 47, 83, 28, 89, 66, 55]","[12, 95, 39]",10,7,[],re_result_6-29_APRA/cifar10_700_Jul.02_19.21.07_foolsgold_True_no-noise_reba/agg_records/pkl/round_0598_foolsgold.pkl
599,foolsgold,success,"[11, 81, 31, 28, 49, 88, 27, 57, 64, 77]","[31, 28, 49, 88, 27, 64]","[11, 81, 57, 77]",10,6,[],re_result_6-29_APRA/cifar10_700_Jul.02_19.21.07_foolsgold_True_no-noise_reba/agg_records/pkl/round_0599_foolsgold.pkl
600,foolsgold,success,"[2, 19, 97, 21, 27, 91, 48, 4, 8, 58]","[19, 91, 4, 8]","[2, 97, 21, 27, 48, 58]",10,4,[],re_result_6-29_APRA/cifar10_700_Jul.02_19.21.07_foolsgold_True_no-noise_reba/agg_records/pkl/round_0600_foolsgold.pkl
601,foolsgold,success,"[83, 46, 36, 72, 53, 89, 64, 95, 66, 57]","[83, 72, 53, 89, 64, 66]","[46, 36, 95, 57]",10,6,[],re_result_6-29_APRA/cifar10_700_Jul.02_19.21.07_foolsgold_True_no-noise_reba/agg_records/pkl/round_0601_foolsgold.pkl
602,foolsgold,success,"[49, 98, 76, 25, 99, 85, 3, 88, 95, 90]","[98, 76, 25, 88]","[49, 99, 85, 3, 95, 90]",10,4,[],re_result_6-29_APRA/cifar10_700_Jul.02_19.21.07_foolsgold_True_no-noise_reba/agg_records/pkl/round_0602_foolsgold.pkl
603,foolsgold,success,"[20, 3, 40, 68, 39, 38, 98, 11, 77, 7]","[40, 39, 38, 98]","[20, 3, 68, 11, 77, 7]",10,4,[],re_result_6-29_APRA/cifar10_700_Jul.02_19.21.07_foolsgold_True_no-noise_reba/agg_records/pkl/round_0603_foolsgold.pkl
604,foolsgold,success,"[24, 98, 83, 48, 12, 67, 55, 85, 15, 87]","[98, 83, 55]","[24, 48, 12, 67, 85, 15, 87]",10,3,[],re_result_6-29_APRA/cifar10_700_Jul.02_19.21.07_foolsgold_True_no-noise_reba/agg_records/pkl/round_0604_foolsgold.pkl
605,foolsgold,success,"[17, 32, 35, 40, 22, 3, 44, 81, 15, 12]","[3, 44, 81]","[17, 32, 35, 40, 22, 15, 12]",10,3,[],re_result_6-29_APRA/cifar10_700_Jul.02_19.21.07_foolsgold_True_no-noise_reba/agg_records/pkl/round_0605_foolsgold.pkl
606,foolsgold,success,"[33, 54, 79, 24, 23, 8, 76, 43, 83, 38]","[79, 24, 23, 8, 76, 43, 83, 38]","[33, 54]",10,8,[],re_result_6-29_APRA/cifar10_700_Jul.02_19.21.07_foolsgold_True_no-noise_reba/agg_records/pkl/round_0606_foolsgold.pkl
607,foolsgold,success,"[47, 92, 76, 84, 90, 43, 70, 36, 15, 72]","[76, 43, 70, 15, 72]","[47, 92, 84, 90, 36]",10,5,[],re_result_6-29_APRA/cifar10_700_Jul.02_19.21.07_foolsgold_True_no-noise_reba/agg_records/pkl/round_0607_foolsgold.pkl
608,foolsgold,success,"[83, 26, 23, 93, 86, 55, 50, 64, 63, 13]","[83, 26, 23, 86, 55, 50, 64, 13]","[93, 63]",10,8,[],re_result_6-29_APRA/cifar10_700_Jul.02_19.21.07_foolsgold_True_no-noise_reba/agg_records/pkl/round_0608_foolsgold.pkl
609,foolsgold,success,"[18, 45, 19, 59, 48, 17, 64, 23, 29, 70]","[45, 59, 48, 17, 64, 23, 29, 70]","[18, 19]",10,8,[],re_result_6-29_APRA/cifar10_700_Jul.02_19.21.07_foolsgold_True_no-noise_reba/agg_records/pkl/round_0609_foolsgold.pkl
610,foolsgold,success,"[6, 90, 64, 83, 77, 21, 71, 58, 87, 88]","[64, 88]","[6, 90, 83, 77, 21, 71, 58, 87]",10,2,[],re_result_6-29_APRA/cifar10_700_Jul.02_19.21.07_foolsgold_True_no-noise_reba/agg_records/pkl/round_0610_foolsgold.pkl
611,foolsgold,success,"[30, 75, 91, 96, 13, 32, 31, 57, 86, 73]","[30, 75, 91, 96, 13, 32, 31, 57, 86, 73]",[],10,10,[],re_result_6-29_APRA/cifar10_700_Jul.02_19.21.07_foolsgold_True_no-noise_reba/agg_records/pkl/round_0611_foolsgold.pkl
612,foolsgold,success,"[27, 78, 50, 73, 23, 75, 11, 13, 38, 58]","[27, 78, 50, 73, 23, 75, 11, 13, 38, 58]",[],10,10,[],re_result_6-29_APRA/cifar10_700_Jul.02_19.21.07_foolsgold_True_no-noise_reba/agg_records/pkl/round_0612_foolsgold.pkl
613,foolsgold,success,"[46, 95, 83, 76, 53, 47, 42, 31, 56, 79]","[83, 76, 53, 47, 42, 31, 56, 79]","[46, 95]",10,8,[],re_result_6-29_APRA/cifar10_700_Jul.02_19.21.07_foolsgold_True_no-noise_reba/agg_records/pkl/round_0613_foolsgold.pkl
614,foolsgold,success,"[25, 64, 78, 56, 87, 8, 6, 62, 15, 71]","[78, 8, 6, 15, 71]","[25, 64, 56, 87, 62]",10,5,[],re_result_6-29_APRA/cifar10_700_Jul.02_19.21.07_foolsgold_True_no-noise_reba/agg_records/pkl/round_0614_foolsgold.pkl
615,foolsgold,success,"[70, 7, 26, 66, 12, 36, 20, 46, 88, 97]","[70, 26, 66, 12, 36, 46, 88, 97]","[7, 20]",10,8,[],re_result_6-29_APRA/cifar10_700_Jul.02_19.21.07_foolsgold_True_no-noise_reba/agg_records/pkl/round_0615_foolsgold.pkl
616,foolsgold,success,"[53, 61, 47, 75, 39, 59, 62, 38, 26, 77]","[53, 61, 75, 39, 59, 38, 26]","[47, 62, 77]",10,7,[],re_result_6-29_APRA/cifar10_700_Jul.02_19.21.07_foolsgold_True_no-noise_reba/agg_records/pkl/round_0616_foolsgold.pkl
617,foolsgold,success,"[9, 34, 72, 5, 31, 15, 26, 4, 81, 21]","[9, 34, 72, 5, 31, 15, 26, 4, 81, 21]",[],10,10,[],re_result_6-29_APRA/cifar10_700_Jul.02_19.21.07_foolsgold_True_no-noise_reba/agg_records/pkl/round_0617_foolsgold.pkl
618,foolsgold,success,"[76, 9, 64, 2, 65, 37, 69, 55, 83, 31]","[76, 64, 2, 65, 37, 83, 31]","[9, 69, 55]",10,7,[],re_result_6-29_APRA/cifar10_700_Jul.02_19.21.07_foolsgold_True_no-noise_reba/agg_records/pkl/round_0618_foolsgold.pkl
619,foolsgold,success,"[23, 31, 68, 27, 45, 83, 37, 78, 49, 59]","[23, 31, 68, 27, 83, 37]","[45, 78, 49, 59]",10,6,[],re_result_6-29_APRA/cifar10_700_Jul.02_19.21.07_foolsgold_True_no-noise_reba/agg_records/pkl/round_0619_foolsgold.pkl
620,foolsgold,success,"[20, 99, 47, 67, 13, 11, 72, 65, 41, 85]","[99, 67, 72, 65, 41]","[20, 47, 13, 11, 85]",10,5,[],re_result_6-29_APRA/cifar10_700_Jul.02_19.21.07_foolsgold_True_no-noise_reba/agg_records/pkl/round_0620_foolsgold.pkl
621,foolsgold,success,"[6, 36, 60, 93, 50, 13, 20, 73, 3, 31]","[60, 93, 50, 73, 31]","[6, 36, 13, 20, 3]",10,5,[],re_result_6-29_APRA/cifar10_700_Jul.02_19.21.07_foolsgold_True_no-noise_reba/agg_records/pkl/round_0621_foolsgold.pkl
622,foolsgold,success,"[61, 72, 57, 81, 86, 21, 32, 33, 8, 19]","[72, 86, 21, 32, 33, 8]","[61, 57, 81, 19]",10,6,[],re_result_6-29_APRA/cifar10_700_Jul.02_19.21.07_foolsgold_True_no-noise_reba/agg_records/pkl/round_0622_foolsgold.pkl
623,foolsgold,success,"[3, 72, 66, 28, 97, 62, 4, 75, 71, 33]","[28, 97, 4, 33]","[3, 72, 66, 62, 75, 71]",10,4,[],re_result_6-29_APRA/cifar10_700_Jul.02_19.21.07_foolsgold_True_no-noise_reba/agg_records/pkl/round_0623_foolsgold.pkl
624,foolsgold,success,"[26, 32, 64, 70, 87, 78, 1, 66, 74, 37]","[26, 32, 64, 78, 1, 66]","[70, 87, 74, 37]",10,6,[],re_result_6-29_APRA/cifar10_700_Jul.02_19.21.07_foolsgold_True_no-noise_reba/agg_records/pkl/round_0624_foolsgold.pkl
625,foolsgold,success,"[50, 37, 74, 5, 78, 27, 60, 26, 19, 34]","[37, 5, 78, 27, 60, 26]","[50, 74, 19, 34]",10,6,[],re_result_6-29_APRA/cifar10_700_Jul.02_19.21.07_foolsgold_True_no-noise_reba/agg_records/pkl/round_0625_foolsgold.pkl
626,foolsgold,success,"[93, 65, 49, 2, 31, 26, 53, 95, 9, 77]","[93, 65, 49, 2, 31, 26, 53, 95, 9, 77]",[],10,10,[],re_result_6-29_APRA/cifar10_700_Jul.02_19.21.07_foolsgold_True_no-noise_reba/agg_records/pkl/round_0626_foolsgold.pkl
627,foolsgold,success,"[68, 64, 99, 12, 36, 20, 9, 29, 25, 52]","[99, 20, 9]","[68, 64, 12, 36, 29, 25, 52]",10,3,[],re_result_6-29_APRA/cifar10_700_Jul.02_19.21.07_foolsgold_True_no-noise_reba/agg_records/pkl/round_0627_foolsgold.pkl
628,foolsgold,success,"[11, 94, 25, 73, 38, 29, 47, 64, 30, 48]","[38, 48]","[11, 94, 25, 73, 29, 47, 64, 30]",10,2,[],re_result_6-29_APRA/cifar10_700_Jul.02_19.21.07_foolsgold_True_no-noise_reba/agg_records/pkl/round_0628_foolsgold.pkl
629,foolsgold,success,"[63, 44, 77, 81, 43, 76, 95, 91, 80, 65]","[44, 77, 43, 91, 80, 65]","[63, 81, 76, 95]",10,6,[],re_result_6-29_APRA/cifar10_700_Jul.02_19.21.07_foolsgold_True_no-noise_reba/agg_records/pkl/round_0629_foolsgold.pkl
630,foolsgold,success,"[20, 73, 12, 9, 50, 28, 74, 46, 70, 26]","[20, 73, 12, 9, 74, 46, 70, 26]","[50, 28]",10,8,[],re_result_6-29_APRA/cifar10_700_Jul.02_19.21.07_foolsgold_True_no-noise_reba/agg_records/pkl/round_0630_foolsgold.pkl
631,foolsgold,success,"[69, 55, 41, 29, 82, 11, 58, 99, 67, 34]","[41, 29, 82, 11, 67, 34]","[69, 55, 58, 99]",10,6,[],re_result_6-29_APRA/cifar10_700_Jul.02_19.21.07_foolsgold_True_no-noise_reba/agg_records/pkl/round_0631_foolsgold.pkl
632,foolsgold,success,"[68, 32, 90, 45, 41, 26, 25, 89, 17, 62]","[45, 41, 89]","[68, 32, 90, 26, 25, 17, 62]",10,3,[],re_result_6-29_APRA/cifar10_700_Jul.02_19.21.07_foolsgold_True_no-noise_reba/agg_records/pkl/round_0632_foolsgold.pkl
633,foolsgold,success,"[88, 35, 65, 33, 29, 6, 47, 59, 62, 24]","[88, 33, 29, 6, 59]","[35, 65, 47, 62, 24]",10,5,[],re_result_6-29_APRA/cifar10_700_Jul.02_19.21.07_foolsgold_True_no-noise_reba/agg_records/pkl/round_0633_foolsgold.pkl
634,foolsgold,success,"[26, 81, 7, 49, 71, 6, 10, 28, 52, 90]","[26, 81, 49, 71, 28, 52]","[7, 6, 10, 90]",10,6,[],re_result_6-29_APRA/cifar10_700_Jul.02_19.21.07_foolsgold_True_no-noise_reba/agg_records/pkl/round_0634_foolsgold.pkl
635,foolsgold,success,"[26, 63, 25, 50, 22, 75, 57, 90, 14, 19]","[50, 75, 14]","[26, 63, 25, 22, 57, 90, 19]",10,3,[],re_result_6-29_APRA/cifar10_700_Jul.02_19.21.07_foolsgold_True_no-noise_reba/agg_records/pkl/round_0635_foolsgold.pkl
636,foolsgold,success,"[74, 66, 73, 40, 25, 86, 11, 64, 59, 48]","[74, 66, 73, 40, 25, 86, 11, 64, 59, 48]",[],10,10,[],re_result_6-29_APRA/cifar10_700_Jul.02_19.21.07_foolsgold_True_no-noise_reba/agg_records/pkl/round_0636_foolsgold.pkl
637,foolsgold,success,"[39, 36, 51, 64, 18, 29, 19, 79, 50, 28]","[39, 51, 64, 29, 79]","[36, 18, 19, 50, 28]",10,5,[],re_result_6-29_APRA/cifar10_700_Jul.02_19.21.07_foolsgold_True_no-noise_reba/agg_records/pkl/round_0637_foolsgold.pkl
638,foolsgold,success,"[38, 66, 55, 73, 39, 78, 6, 90, 41, 60]","[38, 66, 73, 6, 41]","[55, 39, 78, 90, 60]",10,5,[],re_result_6-29_APRA/cifar10_700_Jul.02_19.21.07_foolsgold_True_no-noise_reba/agg_records/pkl/round_0638_foolsgold.pkl
639,foolsgold,success,"[86, 95, 70, 19, 5, 41, 26, 91, 82, 47]","[86, 95, 70, 5, 41, 26, 91, 82]","[19, 47]",10,8,[],re_result_6-29_APRA/cifar10_700_Jul.02_19.21.07_foolsgold_True_no-noise_reba/agg_records/pkl/round_0639_foolsgold.pkl
640,foolsgold,success,"[27, 15, 53, 85, 90, 58, 82, 49, 50, 93]","[53, 85, 82, 50]","[27, 15, 90, 58, 49, 93]",10,4,[],re_result_6-29_APRA/cifar10_700_Jul.02_19.21.07_foolsgold_True_no-noise_reba/agg_records/pkl/round_0640_foolsgold.pkl
641,foolsgold,success,"[77, 6, 45, 70, 53, 40, 81, 34, 22, 97]","[77, 6, 45, 40, 81, 34, 22, 97]","[70, 53]",10,8,[],re_result_6-29_APRA/cifar10_700_Jul.02_19.21.07_foolsgold_True_no-noise_reba/agg_records/pkl/round_0641_foolsgold.pkl
642,foolsgold,success,"[70, 49, 85, 38, 59, 41, 51, 54, 92, 16]","[70, 85, 38, 41, 51, 54]","[49, 59, 92, 16]",10,6,[],re_result_6-29_APRA/cifar10_700_Jul.02_19.21.07_foolsgold_True_no-noise_reba/agg_records/pkl/round_0642_foolsgold.pkl
643,foolsgold,success,"[25, 83, 71, 80, 48, 95, 90, 37, 28, 4]","[83, 71, 80, 48, 28, 4]","[25, 95, 90, 37]",10,6,[],re_result_6-29_APRA/cifar10_700_Jul.02_19.21.07_foolsgold_True_no-noise_reba/agg_records/pkl/round_0643_foolsgold.pkl
644,foolsgold,success,"[65, 97, 26, 17, 72, 16, 22, 48, 32, 13]","[65, 97, 26, 72, 16, 48, 13]","[17, 22, 32]",10,7,[],re_result_6-29_APRA/cifar10_700_Jul.02_19.21.07_foolsgold_True_no-noise_reba/agg_records/pkl/round_0644_foolsgold.pkl
645,foolsgold,success,"[23, 47, 77, 52, 2, 65, 26, 76, 68, 44]","[23, 2, 65, 26, 76, 44]","[47, 77, 52, 68]",10,6,[],re_result_6-29_APRA/cifar10_700_Jul.02_19.21.07_foolsgold_True_no-noise_reba/agg_records/pkl/round_0645_foolsgold.pkl
646,foolsgold,success,"[24, 6, 70, 96, 97, 0, 72, 91, 58, 85]","[70, 97]","[24, 6, 96, 0, 72, 91, 58, 85]",10,2,[],re_result_6-29_APRA/cifar10_700_Jul.02_19.21.07_foolsgold_True_no-noise_reba/agg_records/pkl/round_0646_foolsgold.pkl
647,foolsgold,success,"[53, 19, 2, 51, 13, 32, 84, 73, 74, 92]","[53, 51, 13, 84, 73]","[19, 2, 32, 74, 92]",10,5,[],re_result_6-29_APRA/cifar10_700_Jul.02_19.21.07_foolsgold_True_no-noise_reba/agg_records/pkl/round_0647_foolsgold.pkl
648,foolsgold,success,"[8, 45, 93, 15, 79, 78, 29, 11, 80, 99]","[8, 93, 11, 99]","[45, 15, 79, 78, 29, 80]",10,4,[],re_result_6-29_APRA/cifar10_700_Jul.02_19.21.07_foolsgold_True_no-noise_reba/agg_records/pkl/round_0648_foolsgold.pkl
649,foolsgold,success,"[86, 42, 69, 44, 56, 41, 8, 74, 35, 5]","[86, 42, 69, 44, 56, 41, 8, 74, 35, 5]",[],10,10,[],re_result_6-29_APRA/cifar10_700_Jul.02_19.21.07_foolsgold_True_no-noise_reba/agg_records/pkl/round_0649_foolsgold.pkl
650,foolsgold,success,"[65, 61, 0, 94, 93, 60, 51, 70, 19, 11]","[0, 94, 93, 60, 70]","[65, 61, 51, 19, 11]",10,5,[],re_result_6-29_APRA/cifar10_700_Jul.02_19.21.07_foolsgold_True_no-noise_reba/agg_records/pkl/round_0650_foolsgold.pkl
651,foolsgold,success,"[91, 48, 10, 95, 59, 4, 85, 66, 18, 92]","[91, 48, 10, 95, 59, 4, 66, 92]","[85, 18]",10,8,[],re_result_6-29_APRA/cifar10_700_Jul.02_19.21.07_foolsgold_True_no-noise_reba/agg_records/pkl/round_0651_foolsgold.pkl
652,foolsgold,success,"[56, 35, 23, 65, 37, 81, 24, 21, 91, 88]","[56, 37, 81, 24, 21, 88]","[35, 23, 65, 91]",10,6,[],re_result_6-29_APRA/cifar10_700_Jul.02_19.21.07_foolsgold_True_no-noise_reba/agg_records/pkl/round_0652_foolsgold.pkl
653,foolsgold,success,"[27, 99, 54, 86, 43, 76, 82, 71, 22, 59]","[54, 86, 43, 76, 82]","[27, 99, 71, 22, 59]",10,5,[],re_result_6-29_APRA/cifar10_700_Jul.02_19.21.07_foolsgold_True_no-noise_reba/agg_records/pkl/round_0653_foolsgold.pkl
654,foolsgold,success,"[42, 73, 66, 20, 29, 6, 58, 79, 65, 8]","[42, 66, 58, 65, 8]","[73, 20, 29, 6, 79]",10,5,[],re_result_6-29_APRA/cifar10_700_Jul.02_19.21.07_foolsgold_True_no-noise_reba/agg_records/pkl/round_0654_foolsgold.pkl
655,foolsgold,success,"[86, 39, 99, 27, 56, 91, 50, 21, 48, 47]","[86, 99, 56, 91, 50, 47]","[39, 27, 21, 48]",10,6,[],re_result_6-29_APRA/cifar10_700_Jul.02_19.21.07_foolsgold_True_no-noise_reba/agg_records/pkl/round_0655_foolsgold.pkl
656,foolsgold,success,"[47, 80, 53, 78, 30, 72, 49, 99, 33, 50]","[47, 80, 53, 72, 50]","[78, 30, 49, 99, 33]",10,5,[],re_result_6-29_APRA/cifar10_700_Jul.02_19.21.07_foolsgold_True_no-noise_reba/agg_records/pkl/round_0656_foolsgold.pkl
657,foolsgold,success,"[7, 68, 24, 78, 17, 52, 22, 99, 14, 55]","[7, 78, 99, 14, 55]","[68, 24, 17, 52, 22]",10,5,[],re_result_6-29_APRA/cifar10_700_Jul.02_19.21.07_foolsgold_True_no-noise_reba/agg_records/pkl/round_0657_foolsgold.pkl
658,foolsgold,success,"[26, 54, 99, 74, 1, 73, 68, 52, 29, 13]","[99, 74, 1, 73, 29, 13]","[26, 54, 68, 52]",10,6,[],re_result_6-29_APRA/cifar10_700_Jul.02_19.21.07_foolsgold_True_no-noise_reba/agg_records/pkl/round_0658_foolsgold.pkl
659,foolsgold,success,"[52, 19, 43, 37, 47, 1, 28, 75, 88, 63]","[43, 37, 1, 28, 75, 88, 63]","[52, 19, 47]",10,7,[],re_result_6-29_APRA/cifar10_700_Jul.02_19.21.07_foolsgold_True_no-noise_reba/agg_records/pkl/round_0659_foolsgold.pkl
660,foolsgold,success,"[28, 10, 75, 87, 86, 97, 40, 54, 64, 29]","[28, 87, 86, 97, 54, 64]","[10, 75, 40, 29]",10,6,[],re_result_6-29_APRA/cifar10_700_Jul.02_19.21.07_foolsgold_True_no-noise_reba/agg_records/pkl/round_0660_foolsgold.pkl
661,foolsgold,success,"[55, 21, 33, 47, 91, 48, 41, 5, 19, 32]","[91, 41]","[55, 21, 33, 47, 48, 5, 19, 32]",10,2,[],re_result_6-29_APRA/cifar10_700_Jul.02_19.21.07_foolsgold_True_no-noise_reba/agg_records/pkl/round_0661_foolsgold.pkl
662,foolsgold,success,"[47, 6, 1, 7, 55, 65, 31, 48, 69, 21]","[47, 1, 65, 31]","[6, 7, 55, 48, 69, 21]",10,4,[],re_result_6-29_APRA/cifar10_700_Jul.02_19.21.07_foolsgold_True_no-noise_reba/agg_records/pkl/round_0662_foolsgold.pkl
663,foolsgold,success,"[9, 55, 21, 58, 33, 97, 88, 34, 65, 84]","[21, 88, 34, 65, 84]","[9, 55, 58, 33, 97]",10,5,[],re_result_6-29_APRA/cifar10_700_Jul.02_19.21.07_foolsgold_True_no-noise_reba/agg_records/pkl/round_0663_foolsgold.pkl
664,foolsgold,success,"[5, 33, 14, 50, 91, 89, 21, 28, 27, 85]","[5, 33, 14, 91, 21, 27]","[50, 89, 28, 85]",10,6,[],re_result_6-29_APRA/cifar10_700_Jul.02_19.21.07_foolsgold_True_no-noise_reba/agg_records/pkl/round_0664_foolsgold.pkl
665,foolsgold,success,"[51, 93, 86, 38, 72, 71, 81, 73, 14, 26]","[51, 93, 86, 38, 81, 73, 14, 26]","[72, 71]",10,8,[],re_result_6-29_APRA/cifar10_700_Jul.02_19.21.07_foolsgold_True_no-noise_reba/agg_records/pkl/round_0665_foolsgold.pkl
666,foolsgold,success,"[51, 45, 76, 79, 31, 67, 48, 69, 78, 21]","[51, 76, 79, 31, 67]","[45, 48, 69, 78, 21]",10,5,[],re_result_6-29_APRA/cifar10_700_Jul.02_19.21.07_foolsgold_True_no-noise_reba/agg_records/pkl/round_0666_foolsgold.pkl
667,foolsgold,success,"[61, 17, 21, 84, 5, 67, 97, 27, 35, 34]","[61, 5, 97, 34]","[17, 21, 84, 67, 27, 35]",10,4,[],re_result_6-29_APRA/cifar10_700_Jul.02_19.21.07_foolsgold_True_no-noise_reba/agg_records/pkl/round_0667_foolsgold.pkl
668,foolsgold,success,"[83, 68, 16, 82, 78, 73, 96, 66, 24, 7]","[82, 78, 73, 66, 7]","[83, 68, 16, 96, 24]",10,5,[],re_result_6-29_APRA/cifar10_700_Jul.02_19.21.07_foolsgold_True_no-noise_reba/agg_records/pkl/round_0668_foolsgold.pkl
669,foolsgold,success,"[81, 49, 77, 37, 2, 95, 28, 20, 1, 80]","[81, 49, 77, 37, 28, 80]","[2, 95, 20, 1]",10,6,[],re_result_6-29_APRA/cifar10_700_Jul.02_19.21.07_foolsgold_True_no-noise_reba/agg_records/pkl/round_0669_foolsgold.pkl
670,foolsgold,success,"[6, 51, 49, 19, 38, 10, 67, 39, 97, 96]","[51, 49, 19, 38, 10, 39, 97, 96]","[6, 67]",10,8,[],re_result_6-29_APRA/cifar10_700_Jul.02_19.21.07_foolsgold_True_no-noise_reba/agg_records/pkl/round_0670_foolsgold.pkl
671,foolsgold,success,"[43, 12, 18, 91, 59, 64, 9, 44, 7, 72]","[43, 12, 18, 59, 64, 9, 44, 7]","[91, 72]",10,8,[],re_result_6-29_APRA/cifar10_700_Jul.02_19.21.07_foolsgold_True_no-noise_reba/agg_records/pkl/round_0671_foolsgold.pkl
672,foolsgold,success,"[4, 15, 24, 39, 89, 78, 56, 21, 67, 42]","[4, 15, 24, 39, 89, 78, 56, 21, 67, 42]",[],10,10,[],re_result_6-29_APRA/cifar10_700_Jul.02_19.21.07_foolsgold_True_no-noise_reba/agg_records/pkl/round_0672_foolsgold.pkl
673,foolsgold,success,"[18, 66, 8, 20, 33, 97, 21, 68, 78, 19]","[66, 8, 97]","[18, 20, 33, 21, 68, 78, 19]",10,3,[],re_result_6-29_APRA/cifar10_700_Jul.02_19.21.07_foolsgold_True_no-noise_reba/agg_records/pkl/round_0673_foolsgold.pkl
674,foolsgold,success,"[7, 72, 53, 40, 46, 51, 97, 63, 56, 2]","[7, 72, 53, 46, 97, 56]","[40, 51, 63, 2]",10,6,[],re_result_6-29_APRA/cifar10_700_Jul.02_19.21.07_foolsgold_True_no-noise_reba/agg_records/pkl/round_0674_foolsgold.pkl
675,foolsgold,success,"[41, 83, 54, 59, 81, 30, 65, 17, 37, 51]","[41, 83, 59, 81, 17, 37]","[54, 30, 65, 51]",10,6,[],re_result_6-29_APRA/cifar10_700_Jul.02_19.21.07_foolsgold_True_no-noise_reba/agg_records/pkl/round_0675_foolsgold.pkl
676,foolsgold,success,"[95, 84, 13, 88, 45, 94, 18, 64, 48, 28]","[95, 84, 13, 88, 45, 18, 64, 48]","[94, 28]",10,8,[],re_result_6-29_APRA/cifar10_700_Jul.02_19.21.07_foolsgold_True_no-noise_reba/agg_records/pkl/round_0676_foolsgold.pkl
677,foolsgold,success,"[65, 12, 83, 47, 61, 69, 78, 71, 62, 70]","[65, 12, 83, 61, 69, 78, 71, 70]","[47, 62]",10,8,[],re_result_6-29_APRA/cifar10_700_Jul.02_19.21.07_foolsgold_True_no-noise_reba/agg_records/pkl/round_0677_foolsgold.pkl
678,foolsgold,success,"[4, 89, 40, 50, 84, 11, 49, 88, 53, 27]","[4, 89, 40, 50, 84, 11, 49, 88, 53, 27]",[],10,10,[],re_result_6-29_APRA/cifar10_700_Jul.02_19.21.07_foolsgold_True_no-noise_reba/agg_records/pkl/round_0678_foolsgold.pkl
679,foolsgold,success,"[51, 89, 57, 64, 52, 66, 13, 17, 16, 80]","[64, 13, 17, 80]","[51, 89, 57, 52, 66, 16]",10,4,[],re_result_6-29_APRA/cifar10_700_Jul.02_19.21.07_foolsgold_True_no-noise_reba/agg_records/pkl/round_0679_foolsgold.pkl
680,foolsgold,success,"[57, 59, 76, 60, 36, 35, 1, 72, 98, 74]","[59, 76, 60, 35, 1, 72, 98]","[57, 36, 74]",10,7,[],re_result_6-29_APRA/cifar10_700_Jul.02_19.21.07_foolsgold_True_no-noise_reba/agg_records/pkl/round_0680_foolsgold.pkl
681,foolsgold,success,"[42, 68, 38, 25, 67, 54, 47, 13, 4, 91]","[42, 25, 67, 54, 13, 4]","[68, 38, 47, 91]",10,6,[],re_result_6-29_APRA/cifar10_700_Jul.02_19.21.07_foolsgold_True_no-noise_reba/agg_records/pkl/round_0681_foolsgold.pkl
682,foolsgold,success,"[80, 18, 63, 67, 72, 6, 24, 98, 76, 13]","[80, 63, 67, 72, 6, 98, 76, 13]","[18, 24]",10,8,[],re_result_6-29_APRA/cifar10_700_Jul.02_19.21.07_foolsgold_True_no-noise_reba/agg_records/pkl/round_0682_foolsgold.pkl
683,foolsgold,success,"[71, 84, 37, 20, 91, 78, 54, 46, 10, 89]","[71, 84, 37, 20, 91, 78, 54, 46, 10, 89]",[],10,10,[],re_result_6-29_APRA/cifar10_700_Jul.02_19.21.07_foolsgold_True_no-noise_reba/agg_records/pkl/round_0683_foolsgold.pkl
684,foolsgold,success,"[75, 80, 74, 7, 96, 81, 89, 66, 85, 87]","[80, 7, 96, 81]","[75, 74, 89, 66, 85, 87]",10,4,[],re_result_6-29_APRA/cifar10_700_Jul.02_19.21.07_foolsgold_True_no-noise_reba/agg_records/pkl/round_0684_foolsgold.pkl
685,foolsgold,success,"[63, 32, 72, 60, 33, 86, 42, 68, 16, 84]","[72, 60, 86, 84]","[63, 32, 33, 42, 68, 16]",10,4,[],re_result_6-29_APRA/cifar10_700_Jul.02_19.21.07_foolsgold_True_no-noise_reba/agg_records/pkl/round_0685_foolsgold.pkl
686,foolsgold,success,"[30, 3, 72, 4, 57, 27, 88, 25, 5, 83]","[30, 4, 88, 25, 5, 83]","[3, 72, 57, 27]",10,6,[],re_result_6-29_APRA/cifar10_700_Jul.02_19.21.07_foolsgold_True_no-noise_reba/agg_records/pkl/round_0686_foolsgold.pkl
687,foolsgold,success,"[72, 51, 68, 89, 74, 94, 52, 33, 54, 9]","[72, 51, 94]","[68, 89, 74, 52, 33, 54, 9]",10,3,[],re_result_6-29_APRA/cifar10_700_Jul.02_19.21.07_foolsgold_True_no-noise_reba/agg_records/pkl/round_0687_foolsgold.pkl
688,foolsgold,success,"[25, 82, 89, 78, 44, 28, 57, 61, 29, 65]","[25, 82, 89, 78, 44, 28, 29, 65]","[57, 61]",10,8,[],re_result_6-29_APRA/cifar10_700_Jul.02_19.21.07_foolsgold_True_no-noise_reba/agg_records/pkl/round_0688_foolsgold.pkl
689,foolsgold,success,"[25, 53, 67, 22, 28, 44, 1, 72, 14, 69]","[25, 53, 67, 22, 28, 44, 72, 69]","[1, 14]",10,8,[],re_result_6-29_APRA/cifar10_700_Jul.02_19.21.07_foolsgold_True_no-noise_reba/agg_records/pkl/round_0689_foolsgold.pkl
690,foolsgold,success,"[2, 71, 6, 60, 63, 89, 46, 87, 62, 18]","[71, 6, 60, 89, 46]","[2, 63, 87, 62, 18]",10,5,[],re_result_6-29_APRA/cifar10_700_Jul.02_19.21.07_foolsgold_True_no-noise_reba/agg_records/pkl/round_0690_foolsgold.pkl
691,foolsgold,success,"[95, 45, 16, 5, 34, 55, 42, 8, 79, 27]","[16, 5, 34, 42, 79, 27]","[95, 45, 55, 8]",10,6,[],re_result_6-29_APRA/cifar10_700_Jul.02_19.21.07_foolsgold_True_no-noise_reba/agg_records/pkl/round_0691_foolsgold.pkl
692,foolsgold,success,"[44, 37, 50, 94, 90, 88, 67, 57, 6, 73]","[44, 37, 50, 94, 90, 88, 57, 73]","[67, 6]",10,8,[],re_result_6-29_APRA/cifar10_700_Jul.02_19.21.07_foolsgold_True_no-noise_reba/agg_records/pkl/round_0692_foolsgold.pkl
693,foolsgold,success,"[98, 52, 38, 21, 93, 67, 84, 28, 3, 80]","[98, 38, 93, 84, 28, 80]","[52, 21, 67, 3]",10,6,[],re_result_6-29_APRA/cifar10_700_Jul.02_19.21.07_foolsgold_True_no-noise_reba/agg_records/pkl/round_0693_foolsgold.pkl
694,foolsgold,success,"[37, 96, 95, 42, 50, 85, 49, 12, 7, 97]","[37, 96, 95, 42, 50, 85, 49, 12, 7, 97]",[],10,10,[],re_result_6-29_APRA/cifar10_700_Jul.02_19.21.07_foolsgold_True_no-noise_reba/agg_records/pkl/round_0694_foolsgold.pkl
695,foolsgold,success,"[94, 82, 11, 54, 19, 48, 39, 5, 29, 90]","[94, 82, 54, 48, 5, 29]","[11, 19, 39, 90]",10,6,[],re_result_6-29_APRA/cifar10_700_Jul.02_19.21.07_foolsgold_True_no-noise_reba/agg_records/pkl/round_0695_foolsgold.pkl
696,foolsgold,success,"[87, 30, 91, 18, 92, 90, 16, 34, 53, 27]","[30, 91, 34, 53]","[87, 18, 92, 90, 16, 27]",10,4,[],re_result_6-29_APRA/cifar10_700_Jul.02_19.21.07_foolsgold_True_no-noise_reba/agg_records/pkl/round_0696_foolsgold.pkl
697,foolsgold,success,"[65, 98, 94, 89, 3, 27, 68, 87, 96, 80]","[65, 94, 89, 27, 96]","[98, 3, 68, 87, 80]",10,5,[],re_result_6-29_APRA/cifar10_700_Jul.02_19.21.07_foolsgold_True_no-noise_reba/agg_records/pkl/round_0697_foolsgold.pkl
698,foolsgold,success,"[90, 50, 4, 87, 45, 58, 79, 55, 99, 30]","[90, 50, 4, 87, 79]","[45, 58, 55, 99, 30]",10,5,[],re_result_6-29_APRA/cifar10_700_Jul.02_19.21.07_foolsgold_True_no-noise_reba/agg_records/pkl/round_0698_foolsgold.pkl
699,foolsgold,success,"[9, 61, 40, 67, 84, 92, 55, 30, 1, 41]","[40, 67, 84, 1, 41]","[9, 61, 92, 55, 30]",10,5,[],re_result_6-29_APRA/cifar10_700_Jul.02_19.21.07_foolsgold_True_no-noise_reba/agg_records/pkl/round_0699_foolsgold.pkl
